2026-09-07 22:41:24,721 | INFO | src.trainer.client.client_0 | Round 1 learning rate set to 0.0001
2026-09-07 22:41:24,721 | INFO | src.trainer.client.client_0 | Starting local training for round 1
2026-09-07 22:41:55,930 | INFO | src.trainer.client.client_0 | Round 1 local epoch 1/1 (global_epoch 0): train_loss=1.602435
2026-09-07 22:42:21,321 | INFO | src.trainer.client.client_0 | Round 1 local fit metrics: {'train_loss': 1.602435223614728, 'lr': 0.0001, 'train_accuracy': 0.5104444444444445, 'train_precision': 0.4956417897353231, 'train_recall': 0.5023727272727273, 'train_f1': 0.4865171429977314, 'train_image_accuracy': 0.5555555555555556, 'train_image_precision': 0.5323232323232323, 'train_image_recall': 0.5443939393939394, 'train_image_f1': 0.5351909184726522, 'val_loss': 1.4144119602839151, 'val_accuracy': 0.4, 'val_precision': 0.3857209847434799, 'val_recall': 0.4109999999999999, 'val_f1': 0.3702405967816903, 'val_image_accuracy': 0.4, 'val_image_precision': 0.4666666666666666, 'val_image_recall': 0.4, 'val_image_f1': 0.3666666666666666}
2026-09-07 22:45:25,593 | INFO | src.trainer.client.client_0 | Round 1 local test metrics: loss=1.553084 metrics={'test_accuracy': 0.13266666666666665, 'test_precision': 0.10000606309530793, 'test_recall': 0.13722222222222222, 'test_f1': 0.11060644422960302, 'test_image_accuracy': 0.1, 'test_image_precision': 0.06666666666666667, 'test_image_recall': 0.1, 'test_image_f1': 0.08}
2026-09-07 22:48:41,669 | INFO | src.trainer.client.client_0 | Round 2 learning rate set to 9.99773e-05
2026-09-07 22:48:41,669 | INFO | src.trainer.client.client_0 | Starting local training for round 2
2026-09-07 22:49:12,764 | INFO | src.trainer.client.client_0 | Round 2 local epoch 1/1 (global_epoch 1): train_loss=1.418192
2026-09-07 22:49:38,602 | INFO | src.trainer.client.client_0 | Round 2 local fit metrics: {'train_loss': 1.418191719231782, 'lr': 9.997734440724333e-05, 'train_accuracy': 0.6011851851851852, 'train_precision': 0.6258392355237378, 'train_recall': 0.6265520202020202, 'train_f1': 0.5957723006146333, 'train_image_accuracy': 0.6444444444444445, 'train_image_precision': 0.6646464646464646, 'train_image_recall': 0.6675757575757576, 'train_image_f1': 0.6426470588235293, 'val_loss': 1.2796709842681884, 'val_accuracy': 0.3933333333333333, 'val_precision': 0.42034640591921646, 'val_recall': 0.42300000000000004, 'val_f1': 0.3670744607575187, 'val_image_accuracy': 0.4, 'val_image_precision': 0.4666666666666666, 'val_image_recall': 0.4, 'val_image_f1': 0.3666666666666666}
2026-09-07 22:51:06,531 | INFO | src.trainer.client.client_0 | Round 2 local test metrics: loss=1.425553 metrics={'test_accuracy': 0.15066666666666667, 'test_precision': 0.15336134029792264, 'test_recall': 0.18411111111111111, 'test_f1': 0.14517230180196572, 'test_image_accuracy': 0.1, 'test_image_precision': 0.1, 'test_image_recall': 0.1, 'test_image_f1': 0.1}
2026-09-07 22:51:07,663 | INFO | src.trainer.client.client_0 | Round 3 learning rate set to 9.99094e-05
2026-09-07 22:51:07,663 | INFO | src.trainer.client.client_0 | Starting local training for round 3
2026-09-07 22:51:38,660 | INFO | src.trainer.client.client_0 | Round 3 local epoch 1/1 (global_epoch 2): train_loss=1.304573
2026-09-07 22:52:07,009 | INFO | src.trainer.client.client_0 | Round 3 local fit metrics: {'train_loss': 1.304573110651087, 'lr': 9.99094004412348e-05, 'train_accuracy': 0.5972592592592593, 'train_precision': 0.6637817919030773, 'train_recall': 0.614650505050505, 'train_f1': 0.5817975052048494, 'train_image_accuracy': 0.6666666666666666, 'train_image_precision': 0.7481203007518797, 'train_image_recall': 0.6843939393939394, 'train_image_f1': 0.6676167873264062, 'val_loss': 1.3985674879550933, 'val_accuracy': 0.36766666666666664, 'val_precision': 0.3219776240035128, 'val_recall': 0.37466666666666665, 'val_f1': 0.31261286534559074, 'val_image_accuracy': 0.3, 'val_image_precision': 0.27999999999999997, 'val_image_recall': 0.3, 'val_image_f1': 0.24761904761904763}
2026-09-07 22:56:28,700 | INFO | src.trainer.client.client_0 | Round 3 local test metrics: loss=1.325468 metrics={'test_accuracy': 0.21166666666666667, 'test_precision': 0.18728759734306913, 'test_recall': 0.2666666666666667, 'test_f1': 0.1976225507235827, 'test_image_accuracy': 0.2, 'test_image_precision': 0.15, 'test_image_recall': 0.3, 'test_image_f1': 0.18}
2026-09-07 22:59:31,312 | INFO | src.trainer.client.client_0 | Round 4 learning rate set to 9.97962e-05
2026-09-07 22:59:31,313 | INFO | src.trainer.client.client_0 | Starting local training for round 4
2026-09-07 23:00:01,105 | INFO | src.trainer.client.client_0 | Round 4 local epoch 1/1 (global_epoch 3): train_loss=1.241130
2026-09-07 23:00:29,146 | INFO | src.trainer.client.client_0 | Round 4 local fit metrics: {'train_loss': 1.241130330297682, 'lr': 9.979623651578881e-05, 'train_accuracy': 0.6802222222222222, 'train_precision': 0.7262592049509782, 'train_recall': 0.6966181818181818, 'train_f1': 0.6706271399356131, 'train_image_accuracy': 0.7111111111111111, 'train_image_precision': 0.7298412698412698, 'train_image_recall': 0.7293939393939394, 'train_image_f1': 0.6990350877192983, 'val_loss': 1.3645394269625346, 'val_accuracy': 0.4093333333333333, 'val_precision': 0.3821503239764634, 'val_recall': 0.4174444444444444, 'val_f1': 0.3768913902388374, 'val_image_accuracy': 0.4, 'val_image_precision': 0.4, 'val_image_recall': 0.4, 'val_image_f1': 0.37333333333333335}
2026-09-07 23:01:40,644 | INFO | src.trainer.client.client_0 | Round 4 local test metrics: loss=1.226288 metrics={'test_accuracy': 0.2996666666666667, 'test_precision': 0.30249932315771944, 'test_recall': 0.3358888888888889, 'test_f1': 0.2796426825101362, 'test_image_accuracy': 0.3, 'test_image_precision': 0.25, 'test_image_recall': 0.36666666666666664, 'test_image_f1': 0.26}
2026-09-07 23:01:57,749 | INFO | src.trainer.client.client_0 | Round 5 learning rate set to 9.9638e-05
2026-09-07 23:01:57,749 | INFO | src.trainer.client.client_0 | Starting local training for round 5
2026-09-07 23:02:28,907 | INFO | src.trainer.client.client_0 | Round 5 local epoch 1/1 (global_epoch 4): train_loss=1.180850
2026-09-07 23:02:55,013 | INFO | src.trainer.client.client_0 | Round 5 local fit metrics: {'train_loss': 1.1808503131513242, 'lr': 9.963796657738579e-05, 'train_accuracy': 0.7544444444444445, 'train_precision': 0.7604395379036883, 'train_recall': 0.7631969696969697, 'train_f1': 0.7470669447949205, 'train_image_accuracy': 0.7777777777777778, 'train_image_precision': 0.7808302808302808, 'train_image_recall': 0.7907575757575758, 'train_image_f1': 0.7703649575772338, 'val_loss': 1.3995033515294393, 'val_accuracy': 0.4116666666666667, 'val_precision': 0.3490770636162856, 'val_recall': 0.40922222222222226, 'val_f1': 0.36016531499112964, 'val_image_accuracy': 0.4, 'val_image_precision': 0.36666666666666664, 'val_image_recall': 0.4, 'val_image_f1': 0.3466666666666667}
2026-09-07 23:07:03,331 | INFO | src.trainer.client.client_0 | Round 5 local test metrics: loss=1.233489 metrics={'test_accuracy': 0.2836666666666667, 'test_precision': 0.32035521981033027, 'test_recall': 0.28744444444444445, 'test_f1': 0.26849678866556653, 'test_image_accuracy': 0.3, 'test_image_precision': 0.2, 'test_image_recall': 0.26666666666666666, 'test_image_f1': 0.21333333333333332}
2026-09-07 23:10:17,378 | INFO | src.trainer.client.client_0 | Round 6 learning rate set to 9.94347e-05
2026-09-07 23:10:17,378 | INFO | src.trainer.client.client_0 | Starting local training for round 6
2026-09-07 23:10:47,072 | INFO | src.trainer.client.client_0 | Round 6 local epoch 1/1 (global_epoch 5): train_loss=1.143258
2026-09-07 23:11:13,665 | INFO | src.trainer.client.client_0 | Round 6 local fit metrics: {'train_loss': 1.1432576663405807, 'lr': 9.943474999043775e-05, 'train_accuracy': 0.756962962962963, 'train_precision': 0.7699759536705372, 'train_recall': 0.769811111111111, 'train_f1': 0.7469004691481789, 'train_image_accuracy': 0.8222222222222222, 'train_image_precision': 0.8272222222222222, 'train_image_recall': 0.8307575757575757, 'train_image_f1': 0.8105576776165011, 'val_loss': 1.2711847620010377, 'val_accuracy': 0.46266666666666667, 'val_precision': 0.3929580930131427, 'val_recall': 0.4642222222222222, 'val_f1': 0.4067881064028779, 'val_image_accuracy': 0.5, 'val_image_precision': 0.48, 'val_image_recall': 0.5, 'val_image_f1': 0.44761904761904764}
2026-09-07 23:12:20,764 | INFO | src.trainer.client.client_0 | Round 6 local test metrics: loss=1.312706 metrics={'test_accuracy': 0.263, 'test_precision': 0.34094126278162146, 'test_recall': 0.244, 'test_f1': 0.24927180341065097, 'test_image_accuracy': 0.2, 'test_image_precision': 0.2, 'test_image_recall': 0.16666666666666666, 'test_image_f1': 0.18}
2026-09-07 23:15:43,012 | INFO | src.trainer.client.client_0 | Round 7 learning rate set to 9.91868e-05
2026-09-07 23:15:43,013 | INFO | src.trainer.client.client_0 | Starting local training for round 7
2026-09-07 23:16:13,467 | INFO | src.trainer.client.client_0 | Round 7 local epoch 1/1 (global_epoch 6): train_loss=1.092642
2026-09-07 23:16:41,519 | INFO | src.trainer.client.client_0 | Round 7 local fit metrics: {'train_loss': 1.092641812077275, 'lr': 9.91867913768218e-05, 'train_accuracy': 0.7088888888888889, 'train_precision': 0.7256683611869513, 'train_recall': 0.7159686868686869, 'train_f1': 0.6937624049994355, 'train_image_accuracy': 0.7555555555555555, 'train_image_precision': 0.7798562548562549, 'train_image_recall': 0.7743939393939395, 'train_image_f1': 0.740523687735964, 'val_loss': 1.3353220221797626, 'val_accuracy': 0.502, 'val_precision': 0.42137718695115745, 'val_recall': 0.4927777777777778, 'val_f1': 0.43134554766380384, 'val_image_accuracy': 0.5, 'val_image_precision': 0.4, 'val_image_recall': 0.5, 'val_image_f1': 0.4333333333333333}
2026-09-07 23:18:08,433 | INFO | src.trainer.client.client_0 | Round 7 local test metrics: loss=1.319693 metrics={'test_accuracy': 0.26366666666666666, 'test_precision': 0.317366249448399, 'test_recall': 0.2661111111111111, 'test_f1': 0.2579255159175444, 'test_image_accuracy': 0.2, 'test_image_precision': 0.16666666666666666, 'test_image_recall': 0.16666666666666666, 'test_image_f1': 0.16}
2026-09-07 23:19:07,542 | INFO | src.trainer.client.client_0 | Round 8 learning rate set to 9.88943e-05
2026-09-07 23:19:07,543 | INFO | src.trainer.client.client_0 | Starting local training for round 8
2026-09-07 23:19:38,382 | INFO | src.trainer.client.client_0 | Round 8 local epoch 1/1 (global_epoch 7): train_loss=1.073668
2026-09-07 23:20:05,039 | INFO | src.trainer.client.client_0 | Round 8 local fit metrics: {'train_loss': 1.0736680341649938, 'lr': 9.889434040984333e-05, 'train_accuracy': 0.7891851851851852, 'train_precision': 0.7927112677894554, 'train_recall': 0.7998757575757576, 'train_f1': 0.7838455374066653, 'train_image_accuracy': 0.8444444444444444, 'train_image_precision': 0.8555555555555555, 'train_image_recall': 0.8622727272727273, 'train_image_f1': 0.8398573975044563, 'val_loss': 1.2823995900154115, 'val_accuracy': 0.536, 'val_precision': 0.502982912071021, 'val_recall': 0.5216666666666667, 'val_f1': 0.4790855804137533, 'val_image_accuracy': 0.5, 'val_image_precision': 0.48, 'val_image_recall': 0.5, 'val_image_f1': 0.44761904761904764}
2026-09-07 23:23:08,222 | INFO | src.trainer.client.client_0 | Round 8 local test metrics: loss=1.368051 metrics={'test_accuracy': 0.271, 'test_precision': 0.3577110385997325, 'test_recall': 0.2535555555555556, 'test_f1': 0.2550764786313119, 'test_image_accuracy': 0.3, 'test_image_precision': 0.26666666666666666, 'test_image_recall': 0.26666666666666666, 'test_image_f1': 0.26}
2026-09-07 23:25:31,505 | INFO | src.trainer.client.client_0 | Round 9 learning rate set to 9.85577e-05
2026-09-07 23:25:31,506 | INFO | src.trainer.client.client_0 | Starting local training for round 9
2026-09-07 23:26:02,358 | INFO | src.trainer.client.client_0 | Round 9 local epoch 1/1 (global_epoch 8): train_loss=1.030536
2026-09-07 23:26:30,307 | INFO | src.trainer.client.client_0 | Round 9 local fit metrics: {'train_loss': 1.0305361366271972, 'lr': 9.855769156283603e-05, 'train_accuracy': 0.7513333333333333, 'train_precision': 0.7732142732154251, 'train_recall': 0.77545, 'train_f1': 0.7437075839440327, 'train_image_accuracy': 0.8, 'train_image_precision': 0.8177350427350427, 'train_image_recall': 0.824090909090909, 'train_image_f1': 0.7953509519749928, 'val_loss': 1.476280215660731, 'val_accuracy': 0.48533333333333334, 'val_precision': 0.45826864120649535, 'val_recall': 0.5434444444444445, 'val_f1': 0.46605852469914966, 'val_image_accuracy': 0.6, 'val_image_precision': 0.5666666666666667, 'val_image_recall': 0.7, 'val_image_f1': 0.5866666666666667}
2026-09-07 23:28:49,786 | INFO | src.trainer.client.client_0 | Round 9 local test metrics: loss=1.417448 metrics={'test_accuracy': 0.27566666666666667, 'test_precision': 0.33815229388592494, 'test_recall': 0.2667777777777778, 'test_f1': 0.2727818296899519, 'test_image_accuracy': 0.3, 'test_image_precision': 0.26666666666666666, 'test_image_recall': 0.26666666666666666, 'test_image_f1': 0.26}
2026-09-07 23:29:55,822 | INFO | src.trainer.client.client_0 | Round 10 learning rate set to 9.81772e-05
2026-09-07 23:29:55,822 | INFO | src.trainer.client.client_0 | Starting local training for round 10
2026-09-07 23:30:26,563 | INFO | src.trainer.client.client_0 | Round 10 local epoch 1/1 (global_epoch 9): train_loss=1.003330
2026-09-07 23:30:54,768 | INFO | src.trainer.client.client_0 | Round 10 local fit metrics: {'train_loss': 1.003330061700609, 'lr': 9.817718381265239e-05, 'train_accuracy': 0.6603703703703704, 'train_precision': 0.7044259221065076, 'train_recall': 0.6506848484848484, 'train_f1': 0.6409514860387308, 'train_image_accuracy': 0.7333333333333333, 'train_image_precision': 0.7949197860962567, 'train_image_recall': 0.7222727272727273, 'train_image_f1': 0.7210721247563353, 'val_loss': 1.5645795594851175, 'val_accuracy': 0.447, 'val_precision': 0.43592683457456316, 'val_recall': 0.5265555555555556, 'val_f1': 0.4354141664368976, 'val_image_accuracy': 0.4, 'val_image_precision': 0.38, 'val_image_recall': 0.5, 'val_image_f1': 0.38095238095238093}
2026-09-07 23:34:10,881 | INFO | src.trainer.client.client_0 | Round 10 local test metrics: loss=1.430793 metrics={'test_accuracy': 0.28, 'test_precision': 0.3338683018350719, 'test_recall': 0.266, 'test_f1': 0.2823696087659999, 'test_image_accuracy': 0.2, 'test_image_precision': 0.16666666666666666, 'test_image_recall': 0.16666666666666666, 'test_image_f1': 0.16}
2026-09-07 23:34:23,706 | INFO | src.trainer.client.client_0 | Round 11 learning rate set to 9.77532e-05
2026-09-07 23:34:23,706 | INFO | src.trainer.client.client_0 | Starting local training for round 11
2026-09-07 23:34:54,709 | INFO | src.trainer.client.client_0 | Round 11 local epoch 1/1 (global_epoch 10): train_loss=0.997909
2026-09-07 23:35:20,914 | INFO | src.trainer.client.client_0 | Round 11 local fit metrics: {'train_loss': 0.9979091563048186, 'lr': 9.775320029834254e-05, 'train_accuracy': 0.7939259259259259, 'train_precision': 0.8094241727667917, 'train_recall': 0.7960813131313131, 'train_f1': 0.792242806113305, 'train_image_accuracy': 0.8444444444444444, 'train_image_precision': 0.875, 'train_image_recall': 0.8453030303030303, 'train_image_f1': 0.8463725490196078, 'val_loss': 1.4358309385577837, 'val_accuracy': 0.5336666666666666, 'val_precision': 0.5424317563321093, 'val_recall': 0.5731111111111111, 'val_f1': 0.5301006298622615, 'val_image_accuracy': 0.6, 'val_image_precision': 0.7, 'val_image_recall': 0.6666666666666666, 'val_image_f1': 0.6466666666666667}
2026-09-07 23:39:23,463 | INFO | src.trainer.client.client_0 | Round 11 local test metrics: loss=1.407322 metrics={'test_accuracy': 0.31933333333333336, 'test_precision': 0.390824284198022, 'test_recall': 0.30277777777777776, 'test_f1': 0.32145334978034823, 'test_image_accuracy': 0.3, 'test_image_precision': 0.26666666666666666, 'test_image_recall': 0.26666666666666666, 'test_image_f1': 0.26}
2026-09-07 23:43:43,513 | INFO | src.trainer.client.client_0 | Round 12 learning rate set to 9.72862e-05
2026-09-07 23:43:43,513 | INFO | src.trainer.client.client_0 | Starting local training for round 12
2026-09-07 23:44:14,164 | INFO | src.trainer.client.client_0 | Round 12 local epoch 1/1 (global_epoch 11): train_loss=0.965582
2026-09-07 23:44:40,785 | INFO | src.trainer.client.client_0 | Round 12 local fit metrics: {'train_loss': 0.9655816072887845, 'lr': 9.728616793536588e-05, 'train_accuracy': 0.8291851851851851, 'train_precision': 0.8327355055411122, 'train_recall': 0.8390454545454545, 'train_f1': 0.8264293334704694, 'train_image_accuracy': 0.8888888888888888, 'train_image_precision': 0.8916666666666668, 'train_image_recall': 0.9004545454545454, 'train_image_f1': 0.8861414900888585, 'val_loss': 1.4879173966646195, 'val_accuracy': 0.46266666666666667, 'val_precision': 0.49032210238359025, 'val_recall': 0.5444444444444445, 'val_f1': 0.4783221799560563, 'val_image_accuracy': 0.4, 'val_image_precision': 0.39999999999999997, 'val_image_recall': 0.5, 'val_image_f1': 0.39333333333333337}
2026-09-07 23:44:47,498 | INFO | src.trainer.client.client_0 | Round 12 local test metrics: loss=1.442810 metrics={'test_accuracy': 0.285, 'test_precision': 0.34856217528414296, 'test_recall': 0.2698888888888889, 'test_f1': 0.28584068585302513, 'test_image_accuracy': 0.3, 'test_image_precision': 0.26666666666666666, 'test_image_recall': 0.26666666666666666, 'test_image_f1': 0.26}
2026-09-07 23:47:08,115 | INFO | src.trainer.client.client_0 | Round 13 learning rate set to 9.67766e-05
2026-09-07 23:47:08,115 | INFO | src.trainer.client.client_0 | Starting local training for round 13
2026-09-07 23:47:39,344 | INFO | src.trainer.client.client_0 | Round 13 local epoch 1/1 (global_epoch 12): train_loss=0.945464
2026-09-07 23:48:06,073 | INFO | src.trainer.client.client_0 | Round 13 local fit metrics: {'train_loss': 0.9454636091656156, 'lr': 9.677655698572327e-05, 'train_accuracy': 0.8258518518518518, 'train_precision': 0.8314142244753716, 'train_recall': 0.8392025252525253, 'train_f1': 0.8252890725910493, 'train_image_accuracy': 0.8666666666666667, 'train_image_precision': 0.8758730158730159, 'train_image_recall': 0.8872727272727273, 'train_image_f1': 0.8681879523984787, 'val_loss': 1.6193457576831183, 'val_accuracy': 0.41933333333333334, 'val_precision': 0.4091063535465339, 'val_recall': 0.44400000000000006, 'val_f1': 0.4166113479708585, 'val_image_accuracy': 0.4, 'val_image_precision': 0.4, 'val_image_recall': 0.4, 'val_image_f1': 0.37333333333333335}
2026-09-07 23:50:33,964 | INFO | src.trainer.client.client_0 | Round 13 local test metrics: loss=1.488175 metrics={'test_accuracy': 0.2966666666666667, 'test_precision': 0.34648728078457414, 'test_recall': 0.27066666666666667, 'test_f1': 0.28413938639729797, 'test_image_accuracy': 0.3, 'test_image_precision': 0.26666666666666666, 'test_image_recall': 0.26666666666666666, 'test_image_f1': 0.26}
2026-09-07 23:51:34,770 | INFO | src.trainer.client.client_0 | Round 14 learning rate set to 9.62249e-05
2026-09-07 23:51:34,770 | INFO | src.trainer.client.client_0 | Starting local training for round 14
2026-09-07 23:52:05,511 | INFO | src.trainer.client.client_0 | Round 14 local epoch 1/1 (global_epoch 13): train_loss=0.935454
2026-09-07 23:52:33,510 | INFO | src.trainer.client.client_0 | Round 14 local fit metrics: {'train_loss': 0.9354538484855934, 'lr': 9.622488058444312e-05, 'train_accuracy': 0.8549629629629629, 'train_precision': 0.8598927208025582, 'train_recall': 0.8646939393939395, 'train_f1': 0.8552521524145777, 'train_image_accuracy': 0.9111111111111111, 'train_image_precision': 0.9180952380952381, 'train_image_recall': 0.9186363636363637, 'train_image_f1': 0.913100233100233, 'val_loss': 1.5355916085243224, 'val_accuracy': 0.44466666666666665, 'val_precision': 0.46804160943721274, 'val_recall': 0.5086666666666667, 'val_f1': 0.4601425433139945, 'val_image_accuracy': 0.4, 'val_image_precision': 0.4666666666666667, 'val_image_recall': 0.5, 'val_image_f1': 0.4333333333333333}
2026-09-07 23:55:49,565 | INFO | src.trainer.client.client_0 | Round 14 local test metrics: loss=1.439551 metrics={'test_accuracy': 0.33066666666666666, 'test_precision': 0.39726972949762007, 'test_recall': 0.2926666666666667, 'test_f1': 0.31210112491428205, 'test_image_accuracy': 0.4, 'test_image_precision': 0.3, 'test_image_recall': 0.3333333333333333, 'test_image_f1': 0.31333333333333335}
2026-09-07 23:58:58,069 | INFO | src.trainer.client.client_0 | Round 15 learning rate set to 9.56317e-05
2026-09-07 23:58:58,070 | INFO | src.trainer.client.client_0 | Starting local training for round 15
2026-09-07 23:59:28,829 | INFO | src.trainer.client.client_0 | Round 15 local epoch 1/1 (global_epoch 14): train_loss=0.917576
2026-09-07 23:59:55,468 | INFO | src.trainer.client.client_0 | Round 15 local fit metrics: {'train_loss': 0.91757618021082, 'lr': 9.563169422289797e-05, 'train_accuracy': 0.8255555555555556, 'train_precision': 0.8309068377457061, 'train_recall': 0.8249343434343434, 'train_f1': 0.8176233465789634, 'train_image_accuracy': 0.8666666666666667, 'train_image_precision': 0.8835497835497834, 'train_image_recall': 0.8872727272727273, 'train_image_f1': 0.8681879523984787, 'val_loss': 1.643916826168696, 'val_accuracy': 0.4493333333333333, 'val_precision': 0.4513416986175206, 'val_recall': 0.45422222222222225, 'val_f1': 0.44354298170542616, 'val_image_accuracy': 0.4, 'val_image_precision': 0.45, 'val_image_recall': 0.4, 'val_image_f1': 0.4}
2026-09-08 00:01:06,361 | INFO | src.trainer.client.client_0 | Round 15 local test metrics: loss=1.430701 metrics={'test_accuracy': 0.36633333333333334, 'test_precision': 0.42337908650994754, 'test_recall': 0.33622222222222226, 'test_f1': 0.35614057723399023, 'test_image_accuracy': 0.3, 'test_image_precision': 0.26666666666666666, 'test_image_recall': 0.26666666666666666, 'test_image_f1': 0.26}
2026-09-08 00:04:21,175 | INFO | src.trainer.client.client_0 | Round 16 learning rate set to 9.49976e-05
2026-09-08 00:04:21,175 | INFO | src.trainer.client.client_0 | Starting local training for round 16
2026-09-08 00:04:51,476 | INFO | src.trainer.client.client_0 | Round 16 local epoch 1/1 (global_epoch 15): train_loss=0.911728
2026-09-08 00:05:18,152 | INFO | src.trainer.client.client_0 | Round 16 local fit metrics: {'train_loss': 0.9117279524273343, 'lr': 9.499759518947156e-05, 'train_accuracy': 0.8521481481481481, 'train_precision': 0.8526854404056126, 'train_recall': 0.8560090909090909, 'train_f1': 0.8505053458374634, 'train_image_accuracy': 0.8888888888888888, 'train_image_precision': 0.8966666666666667, 'train_image_recall': 0.8986363636363637, 'train_image_f1': 0.8891197691197691, 'val_loss': 1.7178658108711242, 'val_accuracy': 0.478, 'val_precision': 0.4748541233633391, 'val_recall': 0.5519999999999999, 'val_f1': 0.4734800702705081, 'val_image_accuracy': 0.5, 'val_image_precision': 0.48, 'val_image_recall': 0.5666666666666667, 'val_image_f1': 0.4609523809523809}
2026-09-08 00:06:24,611 | INFO | src.trainer.client.client_0 | Round 16 local test metrics: loss=1.431525 metrics={'test_accuracy': 0.365, 'test_precision': 0.3916835288599449, 'test_recall': 0.3221111111111111, 'test_f1': 0.32527079769559125, 'test_image_accuracy': 0.4, 'test_image_precision': 0.3, 'test_image_recall': 0.3333333333333333, 'test_image_f1': 0.31333333333333335}
2026-09-08 00:06:48,488 | INFO | src.trainer.client.client_0 | Round 17 learning rate set to 9.43232e-05
2026-09-08 00:06:48,488 | INFO | src.trainer.client.client_0 | Starting local training for round 17
2026-09-08 00:07:19,658 | INFO | src.trainer.client.client_0 | Round 17 local epoch 1/1 (global_epoch 16): train_loss=0.895307
2026-09-08 00:07:45,561 | INFO | src.trainer.client.client_0 | Round 17 local fit metrics: {'train_loss': 0.8953068503627071, 'lr': 9.432322196814033e-05, 'train_accuracy': 0.8692592592592593, 'train_precision': 0.8733373309109045, 'train_recall': 0.8817656565656566, 'train_f1': 0.86672171701154, 'train_image_accuracy': 0.9111111111111111, 'train_image_precision': 0.9095959595959595, 'train_image_recall': 0.9254545454545454, 'train_image_f1': 0.908034792864514, 'val_loss': 1.6735889451901118, 'val_accuracy': 0.43466666666666665, 'val_precision': 0.45592037923776185, 'val_recall': 0.5333333333333334, 'val_f1': 0.43384701965545186, 'val_image_accuracy': 0.4, 'val_image_precision': 0.39999999999999997, 'val_image_recall': 0.5, 'val_image_f1': 0.39333333333333337}
2026-09-08 00:11:49,259 | INFO | src.trainer.client.client_0 | Round 17 local test metrics: loss=1.462122 metrics={'test_accuracy': 0.355, 'test_precision': 0.4036353338714407, 'test_recall': 0.32488888888888884, 'test_f1': 0.34755350381395717, 'test_image_accuracy': 0.4, 'test_image_precision': 0.5666666666666667, 'test_image_recall': 0.36666666666666664, 'test_image_f1': 0.42666666666666664}
2026-09-08 00:15:09,919 | INFO | src.trainer.client.client_0 | Round 18 learning rate set to 9.36093e-05
2026-09-08 00:15:09,919 | INFO | src.trainer.client.client_0 | Starting local training for round 18
2026-09-08 00:15:40,377 | INFO | src.trainer.client.client_0 | Round 18 local epoch 1/1 (global_epoch 17): train_loss=0.892160
2026-09-08 00:16:08,289 | INFO | src.trainer.client.client_0 | Round 18 local fit metrics: {'train_loss': 0.8921599596518057, 'lr': 9.360925359557397e-05, 'train_accuracy': 0.8797037037037037, 'train_precision': 0.87857498971882, 'train_recall': 0.8915434343434343, 'train_f1': 0.8780514472669261, 'train_image_accuracy': 0.9333333333333333, 'train_image_precision': 0.9310245310245311, 'train_image_recall': 0.9418181818181818, 'train_image_f1': 0.9315808374631903, 'val_loss': 1.7852494702339172, 'val_accuracy': 0.4126666666666667, 'val_precision': 0.4734942996973105, 'val_recall': 0.4311111111111111, 'val_f1': 0.4328771429579795, 'val_image_accuracy': 0.4, 'val_image_precision': 0.5, 'val_image_recall': 0.4, 'val_image_f1': 0.4333333333333333}
2026-09-08 00:17:13,577 | INFO | src.trainer.client.client_0 | Round 18 local test metrics: loss=1.424936 metrics={'test_accuracy': 0.36833333333333335, 'test_precision': 0.432505479279362, 'test_recall': 0.3393333333333334, 'test_f1': 0.3623489713434785, 'test_image_accuracy': 0.5, 'test_image_precision': 0.6, 'test_image_recall': 0.4666666666666666, 'test_image_f1': 0.5133333333333333}
2026-09-08 00:17:36,877 | INFO | src.trainer.client.client_0 | Round 19 learning rate set to 9.28564e-05
2026-09-08 00:17:36,877 | INFO | src.trainer.client.client_0 | Starting local training for round 19
2026-09-08 00:18:07,723 | INFO | src.trainer.client.client_0 | Round 19 local epoch 1/1 (global_epoch 18): train_loss=0.868668
2026-09-08 00:18:33,998 | INFO | src.trainer.client.client_0 | Round 19 local fit metrics: {'train_loss': 0.8686679825959382, 'lr': 9.285640897740315e-05, 'train_accuracy': 0.8437777777777777, 'train_precision': 0.8541779418765953, 'train_recall': 0.8572060606060606, 'train_f1': 0.8456628809154451, 'train_image_accuracy': 0.9111111111111111, 'train_image_precision': 0.9252747252747252, 'train_image_recall': 0.9218181818181819, 'train_image_f1': 0.9137105009227773, 'val_loss': 1.6942650843461355, 'val_accuracy': 0.47533333333333333, 'val_precision': 0.47644136512007246, 'val_recall': 0.5318888888888889, 'val_f1': 0.4720642125047423, 'val_image_accuracy': 0.5, 'val_image_precision': 0.4833333333333333, 'val_image_recall': 0.5666666666666667, 'val_image_f1': 0.4838095238095238}
2026-09-08 00:22:49,898 | INFO | src.trainer.client.client_0 | Round 19 local test metrics: loss=1.404578 metrics={'test_accuracy': 0.38366666666666666, 'test_precision': 0.3960449968534987, 'test_recall': 0.33866666666666667, 'test_f1': 0.3530868250054033, 'test_image_accuracy': 0.4, 'test_image_precision': 0.3333333333333333, 'test_image_recall': 0.3333333333333333, 'test_image_f1': 0.3333333333333333}
2026-09-08 00:23:01,637 | INFO | src.trainer.client.client_0 | Round 20 learning rate set to 9.20654e-05
2026-09-08 00:23:01,637 | INFO | src.trainer.client.client_0 | Starting local training for round 20
2026-09-08 00:23:32,211 | INFO | src.trainer.client.client_0 | Round 20 local epoch 1/1 (global_epoch 19): train_loss=0.883295
2026-09-08 00:23:58,843 | INFO | src.trainer.client.client_0 | Round 20 local fit metrics: {'train_loss': 0.883295164461489, 'lr': 9.206544616434248e-05, 'train_accuracy': 0.9090370370370371, 'train_precision': 0.9127388270863065, 'train_recall': 0.9063833333333333, 'train_f1': 0.9082042224405991, 'train_image_accuracy': 0.9555555555555556, 'train_image_precision': 0.9651515151515152, 'train_image_recall': 0.96, 'train_image_f1': 0.9595583160800552, 'val_loss': 1.7942604460716247, 'val_accuracy': 0.4236666666666667, 'val_precision': 0.424571993536672, 'val_recall': 0.4267777777777778, 'val_f1': 0.4132273799368371, 'val_image_accuracy': 0.4, 'val_image_precision': 0.4, 'val_image_recall': 0.36666666666666664, 'val_image_f1': 0.3466666666666667}
2026-09-08 00:28:12,526 | INFO | src.trainer.client.client_0 | Round 20 local test metrics: loss=1.365816 metrics={'test_accuracy': 0.436, 'test_precision': 0.43009971078229936, 'test_recall': 0.37277777777777776, 'test_f1': 0.3768229686949699, 'test_image_accuracy': 0.6, 'test_image_precision': 0.3833333333333333, 'test_image_recall': 0.5, 'test_image_f1': 0.4314285714285715}
2026-09-08 00:30:22,187 | INFO | src.trainer.client.client_0 | Round 21 learning rate set to 9.12372e-05
2026-09-08 00:30:22,187 | INFO | src.trainer.client.client_0 | Starting local training for round 21
2026-09-08 00:30:53,194 | INFO | src.trainer.client.client_0 | Round 21 local epoch 1/1 (global_epoch 20): train_loss=0.875892
2026-09-08 00:31:18,692 | INFO | src.trainer.client.client_0 | Round 21 local fit metrics: {'train_loss': 0.8758918282720778, 'lr': 9.123716158889764e-05, 'train_accuracy': 0.8752592592592593, 'train_precision': 0.8828733041860021, 'train_recall': 0.879170202020202, 'train_f1': 0.8734278274223952, 'train_image_accuracy': 0.9333333333333333, 'train_image_precision': 0.9380952380952381, 'train_image_recall': 0.9400000000000001, 'train_image_f1': 0.9311394487865077, 'val_loss': 1.7321224531928698, 'val_accuracy': 0.4643333333333333, 'val_precision': 0.4677537139243089, 'val_recall': 0.5564444444444445, 'val_f1': 0.4510201854774972, 'val_image_accuracy': 0.4, 'val_image_precision': 0.36666666666666664, 'val_image_recall': 0.5, 'val_image_f1': 0.36666666666666664}
2026-09-08 00:33:46,985 | INFO | src.trainer.client.client_0 | Round 21 local test metrics: loss=1.365872 metrics={'test_accuracy': 0.39666666666666667, 'test_precision': 0.4110412692230119, 'test_recall': 0.34922222222222227, 'test_f1': 0.3613249897580026, 'test_image_accuracy': 0.5, 'test_image_precision': 0.3666666666666666, 'test_image_recall': 0.4333333333333333, 'test_image_f1': 0.3933333333333333}
2026-09-08 00:36:45,017 | INFO | src.trainer.client.client_0 | Round 22 learning rate set to 9.03724e-05
2026-09-08 00:36:45,017 | INFO | src.trainer.client.client_0 | Starting local training for round 22
2026-09-08 00:37:16,290 | INFO | src.trainer.client.client_0 | Round 22 local epoch 1/1 (global_epoch 21): train_loss=0.852801
2026-09-08 00:37:44,148 | INFO | src.trainer.client.client_0 | Round 22 local fit metrics: {'train_loss': 0.8528010739220513, 'lr': 9.037238926342544e-05, 'train_accuracy': 0.9077037037037037, 'train_precision': 0.9112194116686879, 'train_recall': 0.906059595959596, 'train_f1': 0.9080233727098639, 'train_image_accuracy': 1.0, 'train_image_precision': 1.0, 'train_image_recall': 1.0, 'train_image_f1': 1.0, 'val_loss': 1.7016869513193766, 'val_accuracy': 0.36766666666666664, 'val_precision': 0.3956784153017739, 'val_recall': 0.39066666666666666, 'val_f1': 0.3834279480299549, 'val_image_accuracy': 0.3, 'val_image_precision': 0.35, 'val_image_recall': 0.26666666666666666, 'val_image_f1': 0.29047619047619044}
2026-09-08 00:39:12,754 | INFO | src.trainer.client.client_0 | Round 22 local test metrics: loss=1.352466 metrics={'test_accuracy': 0.4226666666666667, 'test_precision': 0.4295749116318818, 'test_recall': 0.3718888888888889, 'test_f1': 0.38020992559265093, 'test_image_accuracy': 0.5, 'test_image_precision': 0.3666666666666666, 'test_image_recall': 0.4333333333333333, 'test_image_f1': 0.3933333333333333}
2026-09-08 00:42:07,347 | INFO | src.trainer.client.client_0 | Round 23 learning rate set to 8.9472e-05
2026-09-08 00:42:07,348 | INFO | src.trainer.client.client_0 | Starting local training for round 23
2026-09-08 00:42:38,148 | INFO | src.trainer.client.client_0 | Round 23 local epoch 1/1 (global_epoch 22): train_loss=0.839502
2026-09-08 00:43:04,930 | INFO | src.trainer.client.client_0 | Round 23 local fit metrics: {'train_loss': 0.8395018729457149, 'lr': 8.947199994035401e-05, 'train_accuracy': 0.8994074074074074, 'train_precision': 0.8972568376108031, 'train_recall': 0.9045383838383838, 'train_f1': 0.8997431283553048, 'train_image_accuracy': 0.9333333333333333, 'train_image_precision': 0.9282467532467532, 'train_image_recall': 0.9368181818181818, 'train_image_f1': 0.9309072506440927, 'val_loss': 1.9804148027499517, 'val_accuracy': 0.37733333333333335, 'val_precision': 0.3798107695331906, 'val_recall': 0.38488888888888884, 'val_f1': 0.3753209475799429, 'val_image_accuracy': 0.4, 'val_image_precision': 0.4666666666666666, 'val_image_recall': 0.36666666666666664, 'val_image_f1': 0.39333333333333337}
2026-09-08 00:44:22,431 | INFO | src.trainer.client.client_0 | Round 23 local test metrics: loss=1.358008 metrics={'test_accuracy': 0.423, 'test_precision': 0.44615447907428163, 'test_recall': 0.38777777777777783, 'test_f1': 0.3919780974548579, 'test_image_accuracy': 0.5, 'test_image_precision': 0.3666666666666666, 'test_image_recall': 0.4333333333333333, 'test_image_f1': 0.3933333333333333}
2026-09-08 00:48:32,298 | INFO | src.trainer.client.client_0 | Round 24 learning rate set to 8.85369e-05
2026-09-08 00:48:32,298 | INFO | src.trainer.client.client_0 | Starting local training for round 24
2026-09-08 00:49:03,296 | INFO | src.trainer.client.client_0 | Round 24 local epoch 1/1 (global_epoch 23): train_loss=0.838902
2026-09-08 00:49:31,051 | INFO | src.trainer.client.client_0 | Round 24 local fit metrics: {'train_loss': 0.838902470977218, 'lr': 8.853690023540897e-05, 'train_accuracy': 0.9021481481481481, 'train_precision': 0.8984774693857828, 'train_recall': 0.9122530303030303, 'train_f1': 0.9018459677005127, 'train_image_accuracy': 0.9333333333333333, 'train_image_precision': 0.9310245310245311, 'train_image_recall': 0.9436363636363637, 'train_image_f1': 0.9328005534197483, 'val_loss': 2.0884435454209647, 'val_accuracy': 0.338, 'val_precision': 0.39173144681467764, 'val_recall': 0.38711111111111113, 'val_f1': 0.3639317926064895, 'val_image_accuracy': 0.4, 'val_image_precision': 0.45, 'val_image_recall': 0.5, 'val_image_f1': 0.4133333333333333}
2026-09-08 00:49:43,165 | INFO | src.trainer.client.client_0 | Round 24 local test metrics: loss=1.332935 metrics={'test_accuracy': 0.4, 'test_precision': 0.4224734538562, 'test_recall': 0.36177777777777775, 'test_f1': 0.3663945646025055, 'test_image_accuracy': 0.5, 'test_image_precision': 0.3666666666666666, 'test_image_recall': 0.4333333333333333, 'test_image_f1': 0.3933333333333333}
2026-09-08 00:51:55,579 | INFO | src.trainer.client.client_0 | Round 25 learning rate set to 8.7568e-05
2026-09-08 00:51:55,579 | INFO | src.trainer.client.client_0 | Starting local training for round 25
2026-09-08 00:52:25,885 | INFO | src.trainer.client.client_0 | Round 25 local epoch 1/1 (global_epoch 24): train_loss=0.827025
2026-09-08 00:52:52,586 | INFO | src.trainer.client.client_0 | Round 25 local fit metrics: {'train_loss': 0.8270245133505927, 'lr': 8.756803171472816e-05, 'train_accuracy': 0.9178518518518518, 'train_precision': 0.9159381449345545, 'train_recall': 0.9237262626262627, 'train_f1': 0.9175829850144206, 'train_image_accuracy': 0.9333333333333333, 'train_image_precision': 0.935064935064935, 'train_image_recall': 0.9418181818181818, 'train_image_f1': 0.9346875346875347, 'val_loss': 1.9232497771581014, 'val_accuracy': 0.37733333333333335, 'val_precision': 0.37828953423600975, 'val_recall': 0.42366666666666664, 'val_f1': 0.3760611471464751, 'val_image_accuracy': 0.5, 'val_image_precision': 0.5166666666666667, 'val_image_recall': 0.5666666666666667, 'val_image_f1': 0.4904761904761904}
2026-09-08 00:55:19,966 | INFO | src.trainer.client.client_0 | Round 25 local test metrics: loss=1.364497 metrics={'test_accuracy': 0.43466666666666665, 'test_precision': 0.46731348477138246, 'test_recall': 0.3816666666666666, 'test_f1': 0.38626565945262153, 'test_image_accuracy': 0.5, 'test_image_precision': 0.3666666666666666, 'test_image_recall': 0.4333333333333333, 'test_image_f1': 0.3933333333333333}
2026-09-08 00:58:19,708 | INFO | src.trainer.client.client_0 | Round 26 learning rate set to 8.65664e-05
2026-09-08 00:58:19,708 | INFO | src.trainer.client.client_0 | Starting local training for round 26
2026-09-08 00:58:50,754 | INFO | src.trainer.client.client_0 | Round 26 local epoch 1/1 (global_epoch 25): train_loss=0.818172
2026-09-08 00:59:16,210 | INFO | src.trainer.client.client_0 | Round 26 local fit metrics: {'train_loss': 0.8181721233438563, 'lr': 8.656636994678447e-05, 'train_accuracy': 0.9148888888888889, 'train_precision': 0.9114257319708295, 'train_recall': 0.9211732323232322, 'train_f1': 0.9142685571355859, 'train_image_accuracy': 0.9777777777777777, 'train_image_precision': 0.9714285714285713, 'train_image_recall': 0.9818181818181818, 'train_image_f1': 0.9750915750915752, 'val_loss': 2.0498430242538452, 'val_accuracy': 0.352, 'val_precision': 0.37379717015946967, 'val_recall': 0.37644444444444447, 'val_f1': 0.3594208152910209, 'val_image_accuracy': 0.3, 'val_image_precision': 0.35, 'val_image_recall': 0.26666666666666666, 'val_image_f1': 0.29047619047619044}
2026-09-08 01:00:36,472 | INFO | src.trainer.client.client_0 | Round 26 local test metrics: loss=1.321099 metrics={'test_accuracy': 0.44066666666666665, 'test_precision': 0.45147166901190505, 'test_recall': 0.38866666666666666, 'test_f1': 0.3959392838949395, 'test_image_accuracy': 0.5, 'test_image_precision': 0.3666666666666666, 'test_image_recall': 0.4333333333333333, 'test_image_f1': 0.3933333333333333}
2026-09-08 01:02:39,705 | INFO | src.trainer.client.client_0 | Round 27 learning rate set to 8.55329e-05
2026-09-08 01:02:39,706 | INFO | src.trainer.client.client_0 | Starting local training for round 27
2026-09-08 01:03:11,034 | INFO | src.trainer.client.client_0 | Round 27 local epoch 1/1 (global_epoch 26): train_loss=0.814657
2026-09-08 01:03:39,497 | INFO | src.trainer.client.client_0 | Round 27 local fit metrics: {'train_loss': 0.8146571977050217, 'lr': 8.553292352007096e-05, 'train_accuracy': 0.918, 'train_precision': 0.9150509661151597, 'train_recall': 0.9247232323232323, 'train_f1': 0.9162694998681848, 'train_image_accuracy': 0.9555555555555556, 'train_image_precision': 0.9532467532467532, 'train_image_recall': 0.96, 'train_image_f1': 0.9528693528693528, 'val_loss': 2.036645447095235, 'val_accuracy': 0.3406666666666667, 'val_precision': 0.3835853079168397, 'val_recall': 0.37711111111111106, 'val_f1': 0.3584377784732208, 'val_image_accuracy': 0.3, 'val_image_precision': 0.4, 'val_image_recall': 0.3, 'val_image_f1': 0.3333333333333333}
2026-09-08 01:05:43,814 | INFO | src.trainer.client.client_0 | Round 27 local test metrics: loss=1.334103 metrics={'test_accuracy': 0.43333333333333335, 'test_precision': 0.4506388511854085, 'test_recall': 0.3838888888888889, 'test_f1': 0.3906734958281539, 'test_image_accuracy': 0.5, 'test_image_precision': 0.3666666666666666, 'test_image_recall': 0.4333333333333333, 'test_image_f1': 0.3933333333333333}
2026-09-08 01:10:07,671 | INFO | src.trainer.client.client_0 | Round 28 learning rate set to 8.44687e-05
2026-09-08 01:10:07,671 | INFO | src.trainer.client.client_0 | Starting local training for round 28
2026-09-08 01:10:38,741 | INFO | src.trainer.client.client_0 | Round 28 local epoch 1/1 (global_epoch 27): train_loss=0.801490
2026-09-08 01:11:05,348 | INFO | src.trainer.client.client_0 | Round 28 local fit metrics: {'train_loss': 0.8014904240325645, 'lr': 8.446873302753784e-05, 'train_accuracy': 0.916074074074074, 'train_precision': 0.9142409579238648, 'train_recall': 0.9189525252525252, 'train_f1': 0.9158757908638144, 'train_image_accuracy': 1.0, 'train_image_precision': 1.0, 'train_image_recall': 1.0, 'train_image_f1': 1.0, 'val_loss': 2.0387452301979065, 'val_accuracy': 0.351, 'val_precision': 0.33953318749395456, 'val_recall': 0.34877777777777774, 'val_f1': 0.3369327323019363, 'val_image_accuracy': 0.3, 'val_image_precision': 0.26666666666666666, 'val_image_recall': 0.26666666666666666, 'val_image_f1': 0.26}
2026-09-08 01:11:17,152 | INFO | src.trainer.client.client_0 | Round 28 local test metrics: loss=1.255385 metrics={'test_accuracy': 0.47, 'test_precision': 0.47065812200775603, 'test_recall': 0.41999999999999993, 'test_f1': 0.419065783165416, 'test_image_accuracy': 0.5, 'test_image_precision': 0.3666666666666666, 'test_image_recall': 0.4333333333333333, 'test_image_f1': 0.3933333333333333}
2026-09-08 01:11:34,686 | INFO | src.trainer.client.client_0 | Round 29 learning rate set to 8.33749e-05
2026-09-08 01:11:34,686 | INFO | src.trainer.client.client_0 | Starting local training for round 29
2026-09-08 01:12:05,404 | INFO | src.trainer.client.client_0 | Round 29 local epoch 1/1 (global_epoch 28): train_loss=0.793396
2026-09-08 01:12:33,551 | INFO | src.trainer.client.client_0 | Round 29 local fit metrics: {'train_loss': 0.7933955252612078, 'lr': 8.337487001880352e-05, 'train_accuracy': 0.9348888888888889, 'train_precision': 0.9388894999413804, 'train_recall': 0.9337813131313132, 'train_f1': 0.9353550125623945, 'train_image_accuracy': 0.9777777777777777, 'train_image_precision': 0.9818181818181818, 'train_image_recall': 0.975, 'train_image_f1': 0.9771428571428572, 'val_loss': 1.9167201170921326, 'val_accuracy': 0.4106666666666667, 'val_precision': 0.39250461087094485, 'val_recall': 0.43400000000000005, 'val_f1': 0.39451755831707475, 'val_image_accuracy': 0.4, 'val_image_precision': 0.38, 'val_image_recall': 0.36666666666666664, 'val_image_f1': 0.3276190476190476}
2026-09-08 01:16:55,394 | INFO | src.trainer.client.client_0 | Round 29 local test metrics: loss=1.273553 metrics={'test_accuracy': 0.4643333333333333, 'test_precision': 0.49240129273127425, 'test_recall': 0.40966666666666673, 'test_f1': 0.4019405007934228, 'test_image_accuracy': 0.5, 'test_image_precision': 0.4333333333333333, 'test_image_recall': 0.4333333333333333, 'test_image_f1': 0.4076190476190476}
2026-09-08 01:17:54,616 | INFO | src.trainer.client.client_0 | Round 30 learning rate set to 8.22524e-05
2026-09-08 01:17:54,616 | INFO | src.trainer.client.client_0 | Starting local training for round 30
2026-09-08 01:18:25,656 | INFO | src.trainer.client.client_0 | Round 30 local epoch 1/1 (global_epoch 29): train_loss=0.772525
2026-09-08 01:18:52,296 | INFO | src.trainer.client.client_0 | Round 30 local fit metrics: {'train_loss': 0.7725245398945279, 'lr': 8.2252435921195e-05, 'train_accuracy': 0.9452592592592592, 'train_precision': 0.9426955210018285, 'train_recall': 0.9488237373737374, 'train_f1': 0.9449138995999778, 'train_image_accuracy': 0.9777777777777777, 'train_image_precision': 0.9818181818181818, 'train_image_recall': 0.9800000000000001, 'train_image_f1': 0.9799498746867169, 'val_loss': 1.8886118653615316, 'val_accuracy': 0.416, 'val_precision': 0.405388152453093, 'val_recall': 0.4995555555555556, 'val_f1': 0.40788674121882257, 'val_image_accuracy': 0.4, 'val_image_precision': 0.4666666666666667, 'val_image_recall': 0.5, 'val_image_f1': 0.4333333333333333}
2026-09-08 01:21:56,302 | INFO | src.trainer.client.client_0 | Round 30 local test metrics: loss=1.361024 metrics={'test_accuracy': 0.43966666666666665, 'test_precision': 0.44478787494947725, 'test_recall': 0.3868888888888889, 'test_f1': 0.3794824709087405, 'test_image_accuracy': 0.5, 'test_image_precision': 0.3666666666666666, 'test_image_recall': 0.4333333333333333, 'test_image_f1': 0.3933333333333333}
2026-09-08 01:26:15,240 | INFO | src.trainer.client.client_0 | Round 31 learning rate set to 8.11026e-05
2026-09-08 01:26:15,241 | INFO | src.trainer.client.client_0 | Starting local training for round 31
2026-09-08 01:26:45,943 | INFO | src.trainer.client.client_0 | Round 31 local epoch 1/1 (global_epoch 30): train_loss=0.791416
2026-09-08 01:27:12,708 | INFO | src.trainer.client.client_0 | Round 31 local fit metrics: {'train_loss': 0.7914155554771424, 'lr': 8.110256093070393e-05, 'train_accuracy': 0.9331111111111111, 'train_precision': 0.9363712097752949, 'train_recall': 0.9317499999999999, 'train_f1': 0.932498323435005, 'train_image_accuracy': 0.9777777777777777, 'train_image_precision': 0.9818181818181818, 'train_image_recall': 0.9800000000000001, 'train_image_f1': 0.9799498746867169, 'val_loss': 1.8566765252749124, 'val_accuracy': 0.43833333333333335, 'val_precision': 0.4091479547548421, 'val_recall': 0.5097777777777778, 'val_f1': 0.41463786639940253, 'val_image_accuracy': 0.4, 'val_image_precision': 0.3833333333333333, 'val_image_recall': 0.5, 'val_image_f1': 0.37333333333333335}
2026-09-08 01:27:25,345 | INFO | src.trainer.client.client_0 | Round 31 local test metrics: loss=1.382291 metrics={'test_accuracy': 0.43366666666666664, 'test_precision': 0.46821360937959833, 'test_recall': 0.391, 'test_f1': 0.3865947557920035, 'test_image_accuracy': 0.5, 'test_image_precision': 0.3666666666666666, 'test_image_recall': 0.4333333333333333, 'test_image_f1': 0.3933333333333333}
2026-09-08 01:31:37,546 | INFO | src.trainer.client.client_0 | Round 32 learning rate set to 7.99264e-05
2026-09-08 01:31:37,546 | INFO | src.trainer.client.client_0 | Starting local training for round 32
2026-09-08 01:32:08,120 | INFO | src.trainer.client.client_0 | Round 32 local epoch 1/1 (global_epoch 31): train_loss=0.767623
2026-09-08 01:32:34,894 | INFO | src.trainer.client.client_0 | Round 32 local fit metrics: {'train_loss': 0.7676231599737097, 'lr': 7.992640287397496e-05, 'train_accuracy': 0.9417037037037037, 'train_precision': 0.9375895343826324, 'train_recall': 0.9465323232323233, 'train_f1': 0.9407244761012361, 'train_image_accuracy': 0.9777777777777777, 'train_image_precision': 0.9714285714285713, 'train_image_recall': 0.9818181818181818, 'train_image_f1': 0.9750915750915752, 'val_loss': 1.9342541351318359, 'val_accuracy': 0.33866666666666667, 'val_precision': 0.33087879954968347, 'val_recall': 0.40988888888888886, 'val_f1': 0.33177029074463116, 'val_image_accuracy': 0.3, 'val_image_precision': 0.24, 'val_image_recall': 0.4, 'val_image_f1': 0.26666666666666666}
2026-09-08 01:32:47,227 | INFO | src.trainer.client.client_0 | Round 32 local test metrics: loss=1.323694 metrics={'test_accuracy': 0.44533333333333336, 'test_precision': 0.4972601477262243, 'test_recall': 0.40155555555555555, 'test_f1': 0.4148623872464359, 'test_image_accuracy': 0.5, 'test_image_precision': 0.3666666666666666, 'test_image_recall': 0.4333333333333333, 'test_image_f1': 0.3933333333333333}
2026-09-08 01:37:03,261 | INFO | src.trainer.client.client_0 | Round 33 learning rate set to 7.87251e-05
2026-09-08 01:37:03,261 | INFO | src.trainer.client.client_0 | Starting local training for round 33
2026-09-08 01:37:33,986 | INFO | src.trainer.client.client_0 | Round 33 local epoch 1/1 (global_epoch 32): train_loss=0.775034
2026-09-08 01:38:00,866 | INFO | src.trainer.client.client_0 | Round 33 local fit metrics: {'train_loss': 0.7750341030403419, 'lr': 7.87251460424726e-05, 'train_accuracy': 0.9008148148148148, 'train_precision': 0.9040759835822124, 'train_recall': 0.9052888888888887, 'train_f1': 0.9006793056899965, 'train_image_accuracy': 0.9111111111111111, 'train_image_precision': 0.9214285714285714, 'train_image_recall': 0.915, 'train_image_f1': 0.9091104632792613, 'val_loss': 2.113893828193347, 'val_accuracy': 0.3456666666666667, 'val_precision': 0.312745952622297, 'val_recall': 0.40344444444444444, 'val_f1': 0.32501964095940766, 'val_image_accuracy': 0.3, 'val_image_precision': 0.21666666666666665, 'val_image_recall': 0.4, 'val_image_f1': 0.26}
2026-09-08 01:38:17,521 | INFO | src.trainer.client.client_0 | Round 33 local test metrics: loss=1.304632 metrics={'test_accuracy': 0.4866666666666667, 'test_precision': 0.5016197936229826, 'test_recall': 0.4318888888888889, 'test_f1': 0.4311116457248386, 'test_image_accuracy': 0.5, 'test_image_precision': 0.3666666666666666, 'test_image_recall': 0.4333333333333333, 'test_image_f1': 0.3933333333333333}
2026-09-08 01:39:29,203 | INFO | src.trainer.client.client_0 | Round 34 learning rate set to 7.75e-05
2026-09-08 01:39:29,203 | INFO | src.trainer.client.client_0 | Starting local training for round 34
2026-09-08 01:40:00,095 | INFO | src.trainer.client.client_0 | Round 34 local epoch 1/1 (global_epoch 33): train_loss=0.767115
2026-09-08 01:40:27,447 | INFO | src.trainer.client.client_0 | Round 34 local fit metrics: {'train_loss': 0.767115355597602, 'lr': 7.75e-05, 'train_accuracy': 0.9411851851851852, 'train_precision': 0.941681871652959, 'train_recall': 0.9444065656565657, 'train_f1': 0.9425579737566376, 'train_image_accuracy': 1.0, 'train_image_precision': 1.0, 'train_image_recall': 1.0, 'train_image_f1': 1.0, 'val_loss': 1.8945750298102697, 'val_accuracy': 0.3586666666666667, 'val_precision': 0.39533173129163773, 'val_recall': 0.3928888888888889, 'val_f1': 0.3705048316459295, 'val_image_accuracy': 0.4, 'val_image_precision': 0.4166666666666667, 'val_image_recall': 0.4666666666666666, 'val_image_f1': 0.3904761904761905}
2026-09-08 01:43:47,836 | INFO | src.trainer.client.client_0 | Round 34 local test metrics: loss=1.310289 metrics={'test_accuracy': 0.475, 'test_precision': 0.48956318253642017, 'test_recall': 0.42233333333333334, 'test_f1': 0.41877069789687826, 'test_image_accuracy': 0.5, 'test_image_precision': 0.3666666666666666, 'test_image_recall': 0.4333333333333333, 'test_image_f1': 0.3933333333333333}
2026-09-08 01:47:51,801 | INFO | src.trainer.client.client_0 | Round 35 learning rate set to 7.62522e-05
2026-09-08 01:47:51,801 | INFO | src.trainer.client.client_0 | Starting local training for round 35
2026-09-08 01:48:22,392 | INFO | src.trainer.client.client_0 | Round 35 local epoch 1/1 (global_epoch 34): train_loss=0.761011
2026-09-08 01:48:50,562 | INFO | src.trainer.client.client_0 | Round 35 local fit metrics: {'train_loss': 0.7610108930093271, 'lr': 7.625219836477074e-05, 'train_accuracy': 0.9527407407407408, 'train_precision': 0.9502361328504201, 'train_recall': 0.9533388888888888, 'train_f1': 0.9516423179387674, 'train_image_accuracy': 1.0, 'train_image_precision': 1.0, 'train_image_recall': 1.0, 'train_image_f1': 1.0, 'val_loss': 1.899239274263382, 'val_accuracy': 0.36, 'val_precision': 0.3694925694207304, 'val_recall': 0.40022222222222226, 'val_f1': 0.36785899440761466, 'val_image_accuracy': 0.3, 'val_image_precision': 0.36666666666666664, 'val_image_recall': 0.4, 'val_image_f1': 0.3333333333333333}
2026-09-08 01:49:20,703 | INFO | src.trainer.client.client_0 | Round 35 local test metrics: loss=1.348118 metrics={'test_accuracy': 0.4746666666666667, 'test_precision': 0.4875495385481477, 'test_recall': 0.42266666666666663, 'test_f1': 0.42311380740666005, 'test_image_accuracy': 0.6, 'test_image_precision': 0.3833333333333333, 'test_image_recall': 0.5, 'test_image_f1': 0.4314285714285715}
2026-09-08 01:53:18,485 | INFO | src.trainer.client.client_0 | Round 36 learning rate set to 7.4983e-05
2026-09-08 01:53:18,485 | INFO | src.trainer.client.client_0 | Starting local training for round 36
2026-09-08 01:53:49,336 | INFO | src.trainer.client.client_0 | Round 36 local epoch 1/1 (global_epoch 35): train_loss=0.757960
2026-09-08 01:54:15,067 | INFO | src.trainer.client.client_0 | Round 36 local fit metrics: {'train_loss': 0.7579595186975268, 'lr': 7.498299756725984e-05, 'train_accuracy': 0.9293333333333333, 'train_precision': 0.9268507409950658, 'train_recall': 0.9341944444444445, 'train_f1': 0.9285432772284038, 'train_image_accuracy': 0.9777777777777777, 'train_image_precision': 0.9714285714285713, 'train_image_recall': 0.9818181818181818, 'train_image_f1': 0.9750915750915752, 'val_loss': 1.7910858755906423, 'val_accuracy': 0.41533333333333333, 'val_precision': 0.4096660930279213, 'val_recall': 0.4728888888888889, 'val_f1': 0.4118623177712225, 'val_image_accuracy': 0.4, 'val_image_precision': 0.45, 'val_image_recall': 0.5, 'val_image_f1': 0.4133333333333333}
2026-09-08 01:54:38,877 | INFO | src.trainer.client.client_0 | Round 36 local test metrics: loss=1.314118 metrics={'test_accuracy': 0.4766666666666667, 'test_precision': 0.49103462641487416, 'test_recall': 0.42733333333333334, 'test_f1': 0.43258379896505444, 'test_image_accuracy': 0.6, 'test_image_precision': 0.6333333333333333, 'test_image_recall': 0.5333333333333333, 'test_image_f1': 0.5666666666666667}
2026-09-08 01:56:44,682 | INFO | src.trainer.client.client_0 | Round 37 learning rate set to 7.36937e-05
2026-09-08 01:56:44,682 | INFO | src.trainer.client.client_0 | Starting local training for round 37
2026-09-08 01:57:15,199 | INFO | src.trainer.client.client_0 | Round 37 local epoch 1/1 (global_epoch 36): train_loss=0.759256
2026-09-08 01:57:43,659 | INFO | src.trainer.client.client_0 | Round 37 local fit metrics: {'train_loss': 0.7592564081262659, 'lr': 7.369367558508489e-05, 'train_accuracy': 0.9336296296296296, 'train_precision': 0.9317760067076198, 'train_recall': 0.9382909090909092, 'train_f1': 0.9345665814179543, 'train_image_accuracy': 1.0, 'train_image_precision': 1.0, 'train_image_recall': 1.0, 'train_image_f1': 1.0, 'val_loss': 1.9679146806399028, 'val_accuracy': 0.347, 'val_precision': 0.34251267822228215, 'val_recall': 0.40755555555555556, 'val_f1': 0.33551104993070907, 'val_image_accuracy': 0.3, 'val_image_precision': 0.21666666666666665, 'val_image_recall': 0.4, 'val_image_f1': 0.26}
2026-09-08 01:59:46,524 | INFO | src.trainer.client.client_0 | Round 37 local test metrics: loss=1.282903 metrics={'test_accuracy': 0.491, 'test_precision': 0.5106303060258022, 'test_recall': 0.44400000000000006, 'test_f1': 0.44869580617402455, 'test_image_accuracy': 0.6, 'test_image_precision': 0.6333333333333333, 'test_image_recall': 0.5333333333333333, 'test_image_f1': 0.5666666666666667}
2026-09-08 02:00:09,195 | INFO | src.trainer.client.client_0 | Round 38 learning rate set to 7.23855e-05
2026-09-08 02:00:09,195 | INFO | src.trainer.client.client_0 | Starting local training for round 38
2026-09-08 02:00:39,779 | INFO | src.trainer.client.client_0 | Round 38 local epoch 1/1 (global_epoch 37): train_loss=0.757321
2026-09-08 02:01:06,532 | INFO | src.trainer.client.client_0 | Round 38 local fit metrics: {'train_loss': 0.7573208713531494, 'lr': 7.238553065619079e-05, 'train_accuracy': 0.9412592592592592, 'train_precision': 0.9426355074102192, 'train_recall': 0.9416661616161616, 'train_f1': 0.942134176874838, 'train_image_accuracy': 1.0, 'train_image_precision': 1.0, 'train_image_recall': 1.0, 'train_image_f1': 1.0, 'val_loss': 1.9527707424958547, 'val_accuracy': 0.373, 'val_precision': 0.35284403834435984, 'val_recall': 0.4377777777777778, 'val_f1': 0.3610303668982924, 'val_image_accuracy': 0.3, 'val_image_precision': 0.33999999999999997, 'val_image_recall': 0.4, 'val_image_f1': 0.29999999999999993}
2026-09-08 02:05:19,951 | INFO | src.trainer.client.client_0 | Round 38 local test metrics: loss=1.288277 metrics={'test_accuracy': 0.47333333333333333, 'test_precision': 0.5056176084863145, 'test_recall': 0.43944444444444447, 'test_f1': 0.43385193729386273, 'test_image_accuracy': 0.5, 'test_image_precision': 0.3666666666666666, 'test_image_recall': 0.4333333333333333, 'test_image_f1': 0.3933333333333333}
2026-09-08 02:08:30,054 | INFO | src.trainer.client.client_0 | Round 39 learning rate set to 7.10599e-05
2026-09-08 02:08:30,055 | INFO | src.trainer.client.client_0 | Starting local training for round 39
2026-09-08 02:09:00,756 | INFO | src.trainer.client.client_0 | Round 39 local epoch 1/1 (global_epoch 38): train_loss=0.750004
2026-09-08 02:09:27,156 | INFO | src.trainer.client.client_0 | Round 39 local fit metrics: {'train_loss': 0.7500036179577863, 'lr': 7.105987997163423e-05, 'train_accuracy': 0.9554814814814815, 'train_precision': 0.9525566644061485, 'train_recall': 0.9599196969696969, 'train_f1': 0.9553940822159859, 'train_image_accuracy': 1.0, 'train_image_precision': 1.0, 'train_image_recall': 1.0, 'train_image_f1': 1.0, 'val_loss': 2.1542153459390003, 'val_accuracy': 0.36666666666666664, 'val_precision': 0.37521582454292157, 'val_recall': 0.41644444444444445, 'val_f1': 0.3702144495094331, 'val_image_accuracy': 0.4, 'val_image_precision': 0.45, 'val_image_recall': 0.5, 'val_image_f1': 0.4133333333333333}
2026-09-08 02:10:48,991 | INFO | src.trainer.client.client_0 | Round 39 local test metrics: loss=1.319262 metrics={'test_accuracy': 0.467, 'test_precision': 0.5035873552564619, 'test_recall': 0.4216666666666667, 'test_f1': 0.4081243198740935, 'test_image_accuracy': 0.4, 'test_image_precision': 0.26666666666666666, 'test_image_recall': 0.3333333333333333, 'test_image_f1': 0.29333333333333333}
2026-09-08 02:11:56,303 | INFO | src.trainer.client.client_0 | Round 40 learning rate set to 6.97181e-05
2026-09-08 02:11:56,303 | INFO | src.trainer.client.client_0 | Starting local training for round 40
2026-09-08 02:12:27,254 | INFO | src.trainer.client.client_0 | Round 40 local epoch 1/1 (global_epoch 39): train_loss=0.741349
2026-09-08 02:12:54,814 | INFO | src.trainer.client.client_0 | Round 40 local fit metrics: {'train_loss': 0.741349416927055, 'lr': 6.9718058349284e-05, 'train_accuracy': 0.9528148148148148, 'train_precision': 0.9492446427627153, 'train_recall': 0.956210606060606, 'train_f1': 0.9520141570990504, 'train_image_accuracy': 1.0, 'train_image_precision': 1.0, 'train_image_recall': 1.0, 'train_image_f1': 1.0, 'val_loss': 1.8268034136692684, 'val_accuracy': 0.3933333333333333, 'val_precision': 0.38957179191131275, 'val_recall': 0.4498888888888889, 'val_f1': 0.39682837653628844, 'val_image_accuracy': 0.4, 'val_image_precision': 0.45, 'val_image_recall': 0.4666666666666666, 'val_image_f1': 0.4238095238095238}
2026-09-08 02:16:07,991 | INFO | src.trainer.client.client_0 | Round 40 local test metrics: loss=1.279451 metrics={'test_accuracy': 0.47733333333333333, 'test_precision': 0.5038811681354638, 'test_recall': 0.43277777777777776, 'test_f1': 0.4414226277221065, 'test_image_accuracy': 0.6, 'test_image_precision': 0.6333333333333333, 'test_image_recall': 0.5333333333333333, 'test_image_f1': 0.5666666666666667}
2026-09-08 02:18:21,969 | INFO | src.trainer.client.client_0 | Round 41 learning rate set to 6.83614e-05
2026-09-08 02:18:21,969 | INFO | src.trainer.client.client_0 | Starting local training for round 41
2026-09-08 02:18:52,907 | INFO | src.trainer.client.client_0 | Round 41 local epoch 1/1 (global_epoch 40): train_loss=0.736659
2026-09-08 02:19:20,996 | INFO | src.trainer.client.client_0 | Round 41 local fit metrics: {'train_loss': 0.7366588859204892, 'lr': 6.836141688977238e-05, 'train_accuracy': 0.9594074074074074, 'train_precision': 0.9583400146357798, 'train_recall': 0.958990909090909, 'train_f1': 0.9585348339558794, 'train_image_accuracy': 1.0, 'train_image_precision': 1.0, 'train_image_recall': 1.0, 'train_image_f1': 1.0, 'val_loss': 2.0303083491325378, 'val_accuracy': 0.39, 'val_precision': 0.3722698187127492, 'val_recall': 0.44766666666666666, 'val_f1': 0.38192368120948783, 'val_image_accuracy': 0.4, 'val_image_precision': 0.36666666666666664, 'val_image_recall': 0.4666666666666666, 'val_image_f1': 0.38}
2026-09-08 02:21:36,001 | INFO | src.trainer.client.client_0 | Round 41 local test metrics: loss=1.277752 metrics={'test_accuracy': 0.47733333333333333, 'test_precision': 0.49853927901614836, 'test_recall': 0.4255555555555556, 'test_f1': 0.42463977954228804, 'test_image_accuracy': 0.5, 'test_image_precision': 0.3666666666666666, 'test_image_recall': 0.4333333333333333, 'test_image_f1': 0.3933333333333333}
2026-09-08 02:25:46,300 | INFO | src.trainer.client.client_0 | Round 42 learning rate set to 6.69913e-05
2026-09-08 02:25:46,300 | INFO | src.trainer.client.client_0 | Starting local training for round 42
2026-09-08 02:26:17,075 | INFO | src.trainer.client.client_0 | Round 42 local epoch 1/1 (global_epoch 41): train_loss=0.743769
2026-09-08 02:26:45,366 | INFO | src.trainer.client.client_0 | Round 42 local fit metrics: {'train_loss': 0.7437693028979832, 'lr': 6.699132161605158e-05, 'train_accuracy': 0.9677777777777777, 'train_precision': 0.9672720627034289, 'train_recall': 0.9683732323232324, 'train_f1': 0.9677758551433853, 'train_image_accuracy': 1.0, 'train_image_precision': 1.0, 'train_image_recall': 1.0, 'train_image_f1': 1.0, 'val_loss': 1.9935032133261363, 'val_accuracy': 0.361, 'val_precision': 0.3552167402946351, 'val_recall': 0.3794444444444444, 'val_f1': 0.3546302567638203, 'val_image_accuracy': 0.3, 'val_image_precision': 0.3, 'val_image_recall': 0.26666666666666666, 'val_image_f1': 0.27999999999999997}
2026-09-08 02:26:57,887 | INFO | src.trainer.client.client_0 | Round 42 local test metrics: loss=1.327278 metrics={'test_accuracy': 0.4513333333333333, 'test_precision': 0.48843283362638923, 'test_recall': 0.4192222222222222, 'test_f1': 0.40356549714338275, 'test_image_accuracy': 0.5, 'test_image_precision': 0.3666666666666666, 'test_image_recall': 0.4333333333333333, 'test_image_f1': 0.3933333333333333}
2026-09-08 02:30:12,943 | INFO | src.trainer.client.client_0 | Round 43 learning rate set to 6.56092e-05
2026-09-08 02:30:12,943 | INFO | src.trainer.client.client_0 | Starting local training for round 43
2026-09-08 02:30:43,728 | INFO | src.trainer.client.client_0 | Round 43 local epoch 1/1 (global_epoch 42): train_loss=0.739099
2026-09-08 02:31:11,594 | INFO | src.trainer.client.client_0 | Round 43 local fit metrics: {'train_loss': 0.7390988524754842, 'lr': 6.560915209792424e-05, 'train_accuracy': 0.9537037037037037, 'train_precision': 0.957954948924568, 'train_recall': 0.9525388888888887, 'train_f1': 0.954848274867043, 'train_image_accuracy': 1.0, 'train_image_precision': 1.0, 'train_image_recall': 1.0, 'train_image_f1': 1.0, 'val_loss': 2.0588630371888477, 'val_accuracy': 0.36333333333333334, 'val_precision': 0.3304335482463281, 'val_recall': 0.42011111111111116, 'val_f1': 0.34798974212182726, 'val_image_accuracy': 0.4, 'val_image_precision': 0.3333333333333333, 'val_image_recall': 0.4666666666666666, 'val_image_f1': 0.38}
2026-09-08 02:32:26,658 | INFO | src.trainer.client.client_0 | Round 43 local test metrics: loss=1.284859 metrics={'test_accuracy': 0.47433333333333333, 'test_precision': 0.5061509664390583, 'test_recall': 0.4271111111111111, 'test_f1': 0.4255403398990974, 'test_image_accuracy': 0.5, 'test_image_precision': 0.3666666666666666, 'test_image_recall': 0.4333333333333333, 'test_image_f1': 0.3933333333333333}
2026-09-08 02:33:39,810 | INFO | src.trainer.client.client_0 | Round 44 learning rate set to 6.42163e-05
2026-09-08 02:33:39,810 | INFO | src.trainer.client.client_0 | Starting local training for round 44
2026-09-08 02:34:10,626 | INFO | src.trainer.client.client_0 | Round 44 local epoch 1/1 (global_epoch 43): train_loss=0.730935
2026-09-08 02:34:37,226 | INFO | src.trainer.client.client_0 | Round 44 local fit metrics: {'train_loss': 0.7309349173086661, 'lr': 6.421630006293359e-05, 'train_accuracy': 0.9458518518518518, 'train_precision': 0.9490219811630742, 'train_recall': 0.9469954545454546, 'train_f1': 0.9469115777536038, 'train_image_accuracy': 0.9777777777777777, 'train_image_precision': 0.9833333333333332, 'train_image_recall': 0.975, 'train_image_f1': 0.9779710144927536, 'val_loss': 2.0074403930107754, 'val_accuracy': 0.42966666666666664, 'val_precision': 0.3964235504430017, 'val_recall': 0.49977777777777777, 'val_f1': 0.4047847832572167, 'val_image_accuracy': 0.5, 'val_image_precision': 0.4666666666666667, 'val_image_recall': 0.5666666666666667, 'val_image_f1': 0.45999999999999996}
2026-09-08 02:37:39,696 | INFO | src.trainer.client.client_0 | Round 44 local test metrics: loss=1.286326 metrics={'test_accuracy': 0.4723333333333333, 'test_precision': 0.47157882089278297, 'test_recall': 0.42700000000000005, 'test_f1': 0.4052984691290141, 'test_image_accuracy': 0.6, 'test_image_precision': 0.35333333333333333, 'test_image_recall': 0.5, 'test_image_f1': 0.41}
2026-09-08 02:38:01,901 | INFO | src.trainer.client.client_0 | Round 45 learning rate set to 6.28142e-05
2026-09-08 02:38:01,901 | INFO | src.trainer.client.client_0 | Starting local training for round 45
2026-09-08 02:38:33,169 | INFO | src.trainer.client.client_0 | Round 45 local epoch 1/1 (global_epoch 44): train_loss=0.740914
2026-09-08 02:39:01,079 | INFO | src.trainer.client.client_0 | Round 45 local fit metrics: {'train_loss': 0.7409142745865716, 'lr': 6.281416799501188e-05, 'train_accuracy': 0.9688148148148148, 'train_precision': 0.9691425675478795, 'train_recall': 0.9666010101010102, 'train_f1': 0.9675888957682368, 'train_image_accuracy': 1.0, 'train_image_precision': 1.0, 'train_image_recall': 1.0, 'train_image_f1': 1.0, 'val_loss': 2.127591959555944, 'val_accuracy': 0.3636666666666667, 'val_precision': 0.3564258648735502, 'val_recall': 0.3568888888888889, 'val_f1': 0.35256468022377574, 'val_image_accuracy': 0.3, 'val_image_precision': 0.3, 'val_image_recall': 0.26666666666666666, 'val_image_f1': 0.27999999999999997}
2026-09-08 02:43:02,614 | INFO | src.trainer.client.client_0 | Round 45 local test metrics: loss=1.303120 metrics={'test_accuracy': 0.4786666666666667, 'test_precision': 0.5066460096666158, 'test_recall': 0.43611111111111106, 'test_f1': 0.42390843160750774, 'test_image_accuracy': 0.5, 'test_image_precision': 0.3666666666666666, 'test_image_recall': 0.4333333333333333, 'test_image_f1': 0.3933333333333333}
2026-09-08 02:46:24,582 | INFO | src.trainer.client.client_0 | Round 46 learning rate set to 6.14042e-05
2026-09-08 02:46:24,583 | INFO | src.trainer.client.client_0 | Starting local training for round 46
2026-09-08 02:46:55,710 | INFO | src.trainer.client.client_0 | Round 46 local epoch 1/1 (global_epoch 45): train_loss=0.735700
2026-09-08 02:47:22,335 | INFO | src.trainer.client.client_0 | Round 46 local fit metrics: {'train_loss': 0.7357002348370022, 'lr': 6.140416772229784e-05, 'train_accuracy': 0.9653333333333334, 'train_precision': 0.9664799943637291, 'train_recall': 0.960349494949495, 'train_f1': 0.9630603179302574, 'train_image_accuracy': 1.0, 'train_image_precision': 1.0, 'train_image_recall': 1.0, 'train_image_f1': 1.0, 'val_loss': 1.9168778099219004, 'val_accuracy': 0.3933333333333333, 'val_precision': 0.38253356552992784, 'val_recall': 0.41655555555555557, 'val_f1': 0.3849537728377759, 'val_image_accuracy': 0.4, 'val_image_precision': 0.36666666666666664, 'val_image_recall': 0.4666666666666666, 'val_image_f1': 0.38}
2026-09-08 02:48:48,753 | INFO | src.trainer.client.client_0 | Round 46 local test metrics: loss=1.242862 metrics={'test_accuracy': 0.4886666666666667, 'test_precision': 0.5162065743987282, 'test_recall': 0.4379999999999999, 'test_f1': 0.4271432166573736, 'test_image_accuracy': 0.6, 'test_image_precision': 0.3833333333333333, 'test_image_recall': 0.5, 'test_image_f1': 0.4314285714285715}
2026-09-08 02:50:48,073 | INFO | src.trainer.client.client_0 | Round 47 learning rate set to 5.99877e-05
2026-09-08 02:50:48,073 | INFO | src.trainer.client.client_0 | Starting local training for round 47
2026-09-08 02:51:18,583 | INFO | src.trainer.client.client_0 | Round 47 local epoch 1/1 (global_epoch 46): train_loss=0.717403
2026-09-08 02:51:46,861 | INFO | src.trainer.client.client_0 | Round 47 local fit metrics: {'train_loss': 0.7174031916371099, 'lr': 5.99877189955455e-05, 'train_accuracy': 0.9647407407407408, 'train_precision': 0.9600509101942745, 'train_recall': 0.9683136363636363, 'train_f1': 0.9633898078015578, 'train_image_accuracy': 1.0, 'train_image_precision': 1.0, 'train_image_recall': 1.0, 'train_image_f1': 1.0, 'val_loss': 2.0197331122557323, 'val_accuracy': 0.347, 'val_precision': 0.3288293457133916, 'val_recall': 0.3903333333333333, 'val_f1': 0.3370740757408056, 'val_image_accuracy': 0.3, 'val_image_precision': 0.25, 'val_image_recall': 0.4, 'val_image_f1': 0.27999999999999997}
2026-09-08 02:54:11,835 | INFO | src.trainer.client.client_0 | Round 47 local test metrics: loss=1.214876 metrics={'test_accuracy': 0.5183333333333333, 'test_precision': 0.5428541089963981, 'test_recall': 0.46977777777777774, 'test_f1': 0.47040449137667595, 'test_image_accuracy': 0.6, 'test_image_precision': 0.6333333333333333, 'test_image_recall': 0.5333333333333333, 'test_image_f1': 0.5666666666666667}
2026-09-08 02:56:08,029 | INFO | src.trainer.client.client_0 | Round 48 learning rate set to 5.85662e-05
2026-09-08 02:56:08,029 | INFO | src.trainer.client.client_0 | Starting local training for round 48
2026-09-08 02:56:38,545 | INFO | src.trainer.client.client_0 | Round 48 local epoch 1/1 (global_epoch 47): train_loss=0.719690
2026-09-08 02:57:04,982 | INFO | src.trainer.client.client_0 | Round 48 local fit metrics: {'train_loss': 0.7196904635429382, 'lr': 5.856624805855548e-05, 'train_accuracy': 0.97, 'train_precision': 0.9678096319288649, 'train_recall': 0.9698651515151516, 'train_f1': 0.9687857437290658, 'train_image_accuracy': 1.0, 'train_image_precision': 1.0, 'train_image_recall': 1.0, 'train_image_f1': 1.0, 'val_loss': 1.9755263684590658, 'val_accuracy': 0.4, 'val_precision': 0.3977472796634392, 'val_recall': 0.44299999999999995, 'val_f1': 0.397109956827201, 'val_image_accuracy': 0.5, 'val_image_precision': 0.4833333333333333, 'val_image_recall': 0.5666666666666667, 'val_image_f1': 0.4533333333333333}
2026-09-08 02:59:18,201 | INFO | src.trainer.client.client_0 | Round 48 local test metrics: loss=1.270788 metrics={'test_accuracy': 0.502, 'test_precision': 0.5157947398496868, 'test_recall': 0.44833333333333336, 'test_f1': 0.4435416698696767, 'test_image_accuracy': 0.6, 'test_image_precision': 0.3833333333333333, 'test_image_recall': 0.5, 'test_image_f1': 0.4314285714285715}
2026-09-08 03:00:34,351 | INFO | src.trainer.client.client_0 | Round 49 learning rate set to 5.71412e-05
2026-09-08 03:00:34,351 | INFO | src.trainer.client.client_0 | Starting local training for round 49
2026-09-08 03:01:05,168 | INFO | src.trainer.client.client_0 | Round 49 local epoch 1/1 (global_epoch 48): train_loss=0.723123
2026-09-08 03:01:33,501 | INFO | src.trainer.client.client_0 | Round 49 local fit metrics: {'train_loss': 0.7231228051362214, 'lr': 5.7141186212068416e-05, 'train_accuracy': 0.9620740740740741, 'train_precision': 0.9610885751980263, 'train_recall': 0.9640404040404041, 'train_f1': 0.9624113464394313, 'train_image_accuracy': 1.0, 'train_image_precision': 1.0, 'train_image_recall': 1.0, 'train_image_f1': 1.0, 'val_loss': 2.1105190549294153, 'val_accuracy': 0.36466666666666664, 'val_precision': 0.35366618365668867, 'val_recall': 0.42433333333333334, 'val_f1': 0.3614240555946201, 'val_image_accuracy': 0.4, 'val_image_precision': 0.35, 'val_image_recall': 0.4666666666666666, 'val_image_f1': 0.3904761904761904}
2026-09-08 03:05:00,884 | INFO | src.trainer.client.client_0 | Round 49 local test metrics: loss=1.311266 metrics={'test_accuracy': 0.4736666666666667, 'test_precision': 0.4788923965076707, 'test_recall': 0.4214444444444444, 'test_f1': 0.39807295288235656, 'test_image_accuracy': 0.6, 'test_image_precision': 0.35333333333333333, 'test_image_recall': 0.5, 'test_image_f1': 0.41}
2026-09-08 03:08:55,703 | INFO | src.trainer.client.client_0 | Round 50 learning rate set to 5.5714e-05
2026-09-08 03:08:55,703 | INFO | src.trainer.client.client_0 | Starting local training for round 50
2026-09-08 03:09:25,305 | INFO | src.trainer.client.client_0 | Round 50 local epoch 1/1 (global_epoch 49): train_loss=0.713912
2026-09-08 03:09:53,426 | INFO | src.trainer.client.client_0 | Round 50 local fit metrics: {'train_loss': 0.7139122927630389, 'lr': 5.571396837256636e-05, 'train_accuracy': 0.9736296296296296, 'train_precision': 0.9729232142914703, 'train_recall': 0.974380808080808, 'train_f1': 0.9736120470460836, 'train_image_accuracy': 1.0, 'train_image_precision': 1.0, 'train_image_recall': 1.0, 'train_image_f1': 1.0, 'val_loss': 1.8563501170873642, 'val_accuracy': 0.4166666666666667, 'val_precision': 0.41191977833583754, 'val_recall': 0.47233333333333327, 'val_f1': 0.4049903579000948, 'val_image_accuracy': 0.4, 'val_image_precision': 0.3333333333333333, 'val_image_recall': 0.4666666666666666, 'val_image_f1': 0.36666666666666664}
2026-09-08 03:10:16,681 | INFO | src.trainer.client.client_0 | Round 50 local test metrics: loss=1.285505 metrics={'test_accuracy': 0.49066666666666664, 'test_precision': 0.5174162571402168, 'test_recall': 0.4474444444444444, 'test_f1': 0.4341829608640741, 'test_image_accuracy': 0.5, 'test_image_precision': 0.3666666666666666, 'test_image_recall': 0.4333333333333333, 'test_image_f1': 0.3933333333333333}
2026-09-08 03:13:21,316 | INFO | src.trainer.client.client_0 | Round 51 learning rate set to 5.4286e-05
2026-09-08 03:13:21,316 | INFO | src.trainer.client.client_0 | Starting local training for round 51
2026-09-08 03:13:52,008 | INFO | src.trainer.client.client_0 | Round 51 local epoch 1/1 (global_epoch 50): train_loss=0.714620
2026-09-08 03:14:20,305 | INFO | src.trainer.client.client_0 | Round 51 local fit metrics: {'train_loss': 0.7146200286900556, 'lr': 5.4286031627433645e-05, 'train_accuracy': 0.9675555555555555, 'train_precision': 0.9655879340362962, 'train_recall': 0.9699919191919193, 'train_f1': 0.9674034205316927, 'train_image_accuracy': 1.0, 'train_image_precision': 1.0, 'train_image_recall': 1.0, 'train_image_f1': 1.0, 'val_loss': 1.9515028349161148, 'val_accuracy': 0.413, 'val_precision': 0.3688783452181704, 'val_recall': 0.4812222222222222, 'val_f1': 0.38900260191539726, 'val_image_accuracy': 0.3, 'val_image_precision': 0.25, 'val_image_recall': 0.4, 'val_image_f1': 0.27999999999999997}
2026-09-08 03:15:47,866 | INFO | src.trainer.client.client_0 | Round 51 local test metrics: loss=1.295760 metrics={'test_accuracy': 0.4826666666666667, 'test_precision': 0.5187652494405687, 'test_recall': 0.4367777777777778, 'test_f1': 0.4316584402647621, 'test_image_accuracy': 0.5, 'test_image_precision': 0.3666666666666666, 'test_image_recall': 0.4333333333333333, 'test_image_f1': 0.3933333333333333}
2026-09-08 03:17:46,676 | INFO | src.trainer.client.client_0 | Round 52 learning rate set to 5.28588e-05
2026-09-08 03:17:46,676 | INFO | src.trainer.client.client_0 | Starting local training for round 52
2026-09-08 03:18:17,905 | INFO | src.trainer.client.client_0 | Round 52 local epoch 1/1 (global_epoch 51): train_loss=0.702461
2026-09-08 03:18:46,446 | INFO | src.trainer.client.client_0 | Round 52 local fit metrics: {'train_loss': 0.7024605721014517, 'lr': 5.28588137879316e-05, 'train_accuracy': 0.9528148148148148, 'train_precision': 0.9495893136781589, 'train_recall': 0.9566782828282829, 'train_f1': 0.9523606037884935, 'train_image_accuracy': 0.9777777777777777, 'train_image_precision': 0.9714285714285713, 'train_image_recall': 0.9818181818181818, 'train_image_f1': 0.9750915750915752, 'val_loss': 2.0535231018861135, 'val_accuracy': 0.39, 'val_precision': 0.39574170556341626, 'val_recall': 0.4123333333333334, 'val_f1': 0.38697396450756594, 'val_image_accuracy': 0.4, 'val_image_precision': 0.4333333333333333, 'val_image_recall': 0.36666666666666664, 'val_image_f1': 0.37333333333333335}
2026-09-08 03:21:12,173 | INFO | src.trainer.client.client_0 | Round 52 local test metrics: loss=1.304495 metrics={'test_accuracy': 0.466, 'test_precision': 0.5139895334991896, 'test_recall': 0.4194444444444444, 'test_f1': 0.42090008159745496, 'test_image_accuracy': 0.5, 'test_image_precision': 0.3666666666666666, 'test_image_recall': 0.4333333333333333, 'test_image_f1': 0.3933333333333333}
2026-09-08 03:25:08,054 | INFO | src.trainer.client.client_0 | Round 53 learning rate set to 5.14338e-05
2026-09-08 03:25:08,054 | INFO | src.trainer.client.client_0 | Starting local training for round 53
2026-09-08 03:25:39,082 | INFO | src.trainer.client.client_0 | Round 53 local epoch 1/1 (global_epoch 52): train_loss=0.709390
2026-09-08 03:26:06,320 | INFO | src.trainer.client.client_0 | Round 53 local fit metrics: {'train_loss': 0.7093895345264011, 'lr': 5.1433751941444515e-05, 'train_accuracy': 0.9616296296296296, 'train_precision': 0.9612558912403515, 'train_recall': 0.964569191919192, 'train_f1': 0.9626476610205534, 'train_image_accuracy': 1.0, 'train_image_precision': 1.0, 'train_image_recall': 1.0, 'train_image_f1': 1.0, 'val_loss': 1.8014850291411082, 'val_accuracy': 0.392, 'val_precision': 0.38540822584763657, 'val_recall': 0.4252222222222223, 'val_f1': 0.391827624468195, 'val_image_accuracy': 0.3, 'val_image_precision': 0.36666666666666664, 'val_image_recall': 0.4, 'val_image_f1': 0.3333333333333333}
2026-09-08 03:26:18,410 | INFO | src.trainer.client.client_0 | Round 53 local test metrics: loss=1.326720 metrics={'test_accuracy': 0.47833333333333333, 'test_precision': 0.525036955709737, 'test_recall': 0.4391111111111111, 'test_f1': 0.4386839701315436, 'test_image_accuracy': 0.5, 'test_image_precision': 0.3666666666666666, 'test_image_recall': 0.4333333333333333, 'test_image_f1': 0.3933333333333333}
2026-09-08 03:29:31,081 | INFO | src.trainer.client.client_0 | Round 54 learning rate set to 5.00123e-05
2026-09-08 03:29:31,081 | INFO | src.trainer.client.client_0 | Starting local training for round 54
2026-09-08 03:30:02,043 | INFO | src.trainer.client.client_0 | Round 54 local epoch 1/1 (global_epoch 53): train_loss=0.701494
2026-09-08 03:30:30,375 | INFO | src.trainer.client.client_0 | Round 54 local fit metrics: {'train_loss': 0.7014939181009928, 'lr': 5.001228100445451e-05, 'train_accuracy': 0.9653333333333334, 'train_precision': 0.9673008369818102, 'train_recall': 0.9659131313131313, 'train_f1': 0.9663163280903466, 'train_image_accuracy': 1.0, 'train_image_precision': 1.0, 'train_image_recall': 1.0, 'train_image_f1': 1.0, 'val_loss': 1.9597989841302237, 'val_accuracy': 0.37733333333333335, 'val_precision': 0.3541543957662038, 'val_recall': 0.4405555555555555, 'val_f1': 0.3613445220576144, 'val_image_accuracy': 0.4, 'val_image_precision': 0.35, 'val_image_recall': 0.4666666666666666, 'val_image_f1': 0.36}
2026-09-08 03:31:37,279 | INFO | src.trainer.client.client_0 | Round 54 local test metrics: loss=1.369091 metrics={'test_accuracy': 0.45066666666666666, 'test_precision': 0.5035578528064377, 'test_recall': 0.41322222222222216, 'test_f1': 0.4060103459462301, 'test_image_accuracy': 0.5, 'test_image_precision': 0.3666666666666666, 'test_image_recall': 0.4333333333333333, 'test_image_f1': 0.3933333333333333}
2026-09-08 03:35:58,430 | INFO | src.trainer.client.client_0 | Round 55 learning rate set to 4.85958e-05
2026-09-08 03:35:58,430 | INFO | src.trainer.client.client_0 | Starting local training for round 55
2026-09-08 03:36:29,005 | INFO | src.trainer.client.client_0 | Round 55 local epoch 1/1 (global_epoch 54): train_loss=0.706235
2026-09-08 03:36:56,870 | INFO | src.trainer.client.client_0 | Round 55 local fit metrics: {'train_loss': 0.70623483799122, 'lr': 4.859583227770217e-05, 'train_accuracy': 0.9625185185185186, 'train_precision': 0.960190362500232, 'train_recall': 0.9648575757575758, 'train_f1': 0.9622183427549892, 'train_image_accuracy': 1.0, 'train_image_precision': 1.0, 'train_image_recall': 1.0, 'train_image_f1': 1.0, 'val_loss': 2.0246224628686904, 'val_accuracy': 0.385, 'val_precision': 0.37413694156073574, 'val_recall': 0.4683333333333334, 'val_f1': 0.3820686154359785, 'val_image_accuracy': 0.3, 'val_image_precision': 0.26666666666666666, 'val_image_recall': 0.4, 'val_image_f1': 0.3}
2026-09-08 03:37:08,619 | INFO | src.trainer.client.client_0 | Round 55 local test metrics: loss=1.403258 metrics={'test_accuracy': 0.43033333333333335, 'test_precision': 0.47898985888667067, 'test_recall': 0.39144444444444443, 'test_f1': 0.3893188413031036, 'test_image_accuracy': 0.5, 'test_image_precision': 0.3666666666666666, 'test_image_recall': 0.4333333333333333, 'test_image_f1': 0.3933333333333333}
2026-09-08 03:37:25,147 | INFO | src.trainer.client.client_0 | Round 56 learning rate set to 4.71858e-05
2026-09-08 03:37:25,147 | INFO | src.trainer.client.client_0 | Starting local training for round 56
2026-09-08 03:37:56,101 | INFO | src.trainer.client.client_0 | Round 56 local epoch 1/1 (global_epoch 55): train_loss=0.700311
2026-09-08 03:38:24,147 | INFO | src.trainer.client.client_0 | Round 56 local fit metrics: {'train_loss': 0.7003114808930291, 'lr': 4.7185832004988135e-05, 'train_accuracy': 0.9682962962962963, 'train_precision': 0.966144100077144, 'train_recall': 0.9713090909090909, 'train_f1': 0.968183889160899, 'train_image_accuracy': 1.0, 'train_image_precision': 1.0, 'train_image_recall': 1.0, 'train_image_f1': 1.0, 'val_loss': 2.049246229569117, 'val_accuracy': 0.3933333333333333, 'val_precision': 0.3778099651318277, 'val_recall': 0.45811111111111114, 'val_f1': 0.38708890024416404, 'val_image_accuracy': 0.4, 'val_image_precision': 0.36666666666666664, 'val_image_recall': 0.4666666666666666, 'val_image_f1': 0.4}
2026-09-08 03:42:36,060 | INFO | src.trainer.client.client_0 | Round 56 local test metrics: loss=1.328829 metrics={'test_accuracy': 0.462, 'test_precision': 0.5248953044528506, 'test_recall': 0.4292222222222223, 'test_f1': 0.4389478628661596, 'test_image_accuracy': 0.6, 'test_image_precision': 0.6333333333333333, 'test_image_recall': 0.5333333333333333, 'test_image_f1': 0.5666666666666667}
2026-09-08 03:43:46,787 | INFO | src.trainer.client.client_0 | Round 57 learning rate set to 4.57837e-05
2026-09-08 03:43:46,787 | INFO | src.trainer.client.client_0 | Starting local training for round 57
2026-09-08 03:44:17,463 | INFO | src.trainer.client.client_0 | Round 57 local epoch 1/1 (global_epoch 56): train_loss=0.698594
2026-09-08 03:44:44,622 | INFO | src.trainer.client.client_0 | Round 57 local fit metrics: {'train_loss': 0.6985942139448943, 'lr': 4.578369993706643e-05, 'train_accuracy': 0.9728148148148148, 'train_precision': 0.9744944384302754, 'train_recall': 0.9709409090909091, 'train_f1': 0.9725848713581264, 'train_image_accuracy': 1.0, 'train_image_precision': 1.0, 'train_image_recall': 1.0, 'train_image_f1': 1.0, 'val_loss': 2.000073728164037, 'val_accuracy': 0.36033333333333334, 'val_precision': 0.36510105673585924, 'val_recall': 0.38122222222222224, 'val_f1': 0.3637773504250968, 'val_image_accuracy': 0.3, 'val_image_precision': 0.35, 'val_image_recall': 0.26666666666666666, 'val_image_f1': 0.29047619047619044}
2026-09-08 03:48:13,048 | INFO | src.trainer.client.client_0 | Round 57 local test metrics: loss=1.290123 metrics={'test_accuracy': 0.471, 'test_precision': 0.5226117608441475, 'test_recall': 0.43144444444444446, 'test_f1': 0.4303091472543413, 'test_image_accuracy': 0.5, 'test_image_precision': 0.3666666666666666, 'test_image_recall': 0.4333333333333333, 'test_image_f1': 0.3933333333333333}
2026-09-08 03:49:13,317 | INFO | src.trainer.client.client_0 | Round 58 learning rate set to 4.43908e-05
2026-09-08 03:49:13,317 | INFO | src.trainer.client.client_0 | Starting local training for round 58
2026-09-08 03:49:44,494 | INFO | src.trainer.client.client_0 | Round 58 local epoch 1/1 (global_epoch 57): train_loss=0.708443
2026-09-08 03:50:10,704 | INFO | src.trainer.client.client_0 | Round 58 local fit metrics: {'train_loss': 0.7084428185003775, 'lr': 4.439084790207577e-05, 'train_accuracy': 0.9778518518518519, 'train_precision': 0.9770258813495267, 'train_recall': 0.9784707070707072, 'train_f1': 0.9777166786014359, 'train_image_accuracy': 1.0, 'train_image_precision': 1.0, 'train_image_recall': 1.0, 'train_image_f1': 1.0, 'val_loss': 1.8705889260371527, 'val_accuracy': 0.403, 'val_precision': 0.4086708314232547, 'val_recall': 0.4608888888888889, 'val_f1': 0.39708731815475895, 'val_image_accuracy': 0.3, 'val_image_precision': 0.24, 'val_image_recall': 0.4, 'val_image_f1': 0.26666666666666666}
2026-09-08 03:53:31,753 | INFO | src.trainer.client.client_0 | Round 58 local test metrics: loss=1.292365 metrics={'test_accuracy': 0.49, 'test_precision': 0.535572345477749, 'test_recall': 0.4431111111111112, 'test_f1': 0.44740132737364646, 'test_image_accuracy': 0.5, 'test_image_precision': 0.4333333333333333, 'test_image_recall': 0.4333333333333333, 'test_image_f1': 0.4076190476190476}
2026-09-08 03:56:35,371 | INFO | src.trainer.client.client_0 | Round 59 learning rate set to 4.30087e-05
2026-09-08 03:56:35,372 | INFO | src.trainer.client.client_0 | Starting local training for round 59
2026-09-08 03:57:05,503 | INFO | src.trainer.client.client_0 | Round 59 local epoch 1/1 (global_epoch 58): train_loss=0.691535
2026-09-08 03:57:33,579 | INFO | src.trainer.client.client_0 | Round 59 local fit metrics: {'train_loss': 0.6915353879222164, 'lr': 4.3008678383948434e-05, 'train_accuracy': 0.9737777777777777, 'train_precision': 0.9727093105707851, 'train_recall': 0.9741601010101011, 'train_f1': 0.973391175651029, 'train_image_accuracy': 1.0, 'train_image_precision': 1.0, 'train_image_recall': 1.0, 'train_image_f1': 1.0, 'val_loss': 2.028309664885203, 'val_accuracy': 0.39666666666666667, 'val_precision': 0.37549088454189444, 'val_recall': 0.47144444444444444, 'val_f1': 0.3895718801548351, 'val_image_accuracy': 0.3, 'val_image_precision': 0.36666666666666664, 'val_image_recall': 0.4, 'val_image_f1': 0.3333333333333333}
2026-09-08 03:58:39,396 | INFO | src.trainer.client.client_0 | Round 59 local test metrics: loss=1.277747 metrics={'test_accuracy': 0.49166666666666664, 'test_precision': 0.5398792890851668, 'test_recall': 0.43899999999999995, 'test_f1': 0.4546928154196562, 'test_image_accuracy': 0.6, 'test_image_precision': 0.6333333333333333, 'test_image_recall': 0.5333333333333333, 'test_image_f1': 0.5666666666666667}
2026-09-08 04:00:01,830 | INFO | src.trainer.client.client_0 | Round 60 learning rate set to 4.16386e-05
2026-09-08 04:00:01,830 | INFO | src.trainer.client.client_0 | Starting local training for round 60
2026-09-08 04:00:32,302 | INFO | src.trainer.client.client_0 | Round 60 local epoch 1/1 (global_epoch 59): train_loss=0.698278
2026-09-08 04:01:00,434 | INFO | src.trainer.client.client_0 | Round 60 local fit metrics: {'train_loss': 0.6982776221522579, 'lr': 4.163858311022765e-05, 'train_accuracy': 0.9709629629629629, 'train_precision': 0.9700622102046694, 'train_recall': 0.9716550505050506, 'train_f1': 0.9707012115286849, 'train_image_accuracy': 1.0, 'train_image_precision': 1.0, 'train_image_recall': 1.0, 'train_image_f1': 1.0, 'val_loss': 2.0032641585667927, 'val_accuracy': 0.36566666666666664, 'val_precision': 0.357130783494293, 'val_recall': 0.42488888888888887, 'val_f1': 0.35904616196137046, 'val_image_accuracy': 0.3, 'val_image_precision': 0.35, 'val_image_recall': 0.4, 'val_image_f1': 0.3133333333333333}
2026-09-08 04:04:05,262 | INFO | src.trainer.client.client_0 | Round 60 local test metrics: loss=1.260484 metrics={'test_accuracy': 0.49166666666666664, 'test_precision': 0.5351219647953813, 'test_recall': 0.4461111111111111, 'test_f1': 0.45204027295536403, 'test_image_accuracy': 0.6, 'test_image_precision': 0.6333333333333333, 'test_image_recall': 0.5333333333333333, 'test_image_f1': 0.5666666666666667}
2026-09-08 04:04:28,392 | INFO | src.trainer.client.client_0 | Round 61 learning rate set to 4.02819e-05
2026-09-08 04:04:28,393 | INFO | src.trainer.client.client_0 | Starting local training for round 61
2026-09-08 04:04:59,066 | INFO | src.trainer.client.client_0 | Round 61 local epoch 1/1 (global_epoch 60): train_loss=0.694387
2026-09-08 04:05:27,394 | INFO | src.trainer.client.client_0 | Round 61 local fit metrics: {'train_loss': 0.6943871007142244, 'lr': 4.028194165071603e-05, 'train_accuracy': 0.961925925925926, 'train_precision': 0.9608619557463364, 'train_recall': 0.9622005050505053, 'train_f1': 0.9614309690850386, 'train_image_accuracy': 1.0, 'train_image_precision': 1.0, 'train_image_recall': 1.0, 'train_image_f1': 1.0, 'val_loss': 2.031602888305982, 'val_accuracy': 0.38233333333333336, 'val_precision': 0.3690490878149894, 'val_recall': 0.4338888888888889, 'val_f1': 0.3760537980317952, 'val_image_accuracy': 0.4, 'val_image_precision': 0.3333333333333333, 'val_image_recall': 0.4666666666666666, 'val_image_f1': 0.36666666666666664}
2026-09-08 04:09:35,806 | INFO | src.trainer.client.client_0 | Round 61 local test metrics: loss=1.246386 metrics={'test_accuracy': 0.508, 'test_precision': 0.5430139275715706, 'test_recall': 0.46677777777777774, 'test_f1': 0.4624121936094456, 'test_image_accuracy': 0.6, 'test_image_precision': 0.6333333333333333, 'test_image_recall': 0.5333333333333333, 'test_image_f1': 0.5666666666666667}
2026-09-08 04:11:43,292 | INFO | src.trainer.client.client_0 | Round 62 learning rate set to 3.89401e-05
2026-09-08 04:11:43,292 | INFO | src.trainer.client.client_0 | Starting local training for round 62
2026-09-08 04:12:13,312 | INFO | src.trainer.client.client_0 | Round 62 local epoch 1/1 (global_epoch 61): train_loss=0.704765
2026-09-08 04:12:40,194 | INFO | src.trainer.client.client_0 | Round 62 local fit metrics: {'train_loss': 0.7047645401071619, 'lr': 3.894012002836577e-05, 'train_accuracy': 0.9673333333333334, 'train_precision': 0.9676370429811421, 'train_recall': 0.9681237373737372, 'train_f1': 0.9678012104585353, 'train_image_accuracy': 1.0, 'train_image_precision': 1.0, 'train_image_recall': 1.0, 'train_image_f1': 1.0, 'val_loss': 2.1399225900967918, 'val_accuracy': 0.36833333333333335, 'val_precision': 0.355868125641306, 'val_recall': 0.42766666666666675, 'val_f1': 0.3558473412995259, 'val_image_accuracy': 0.4, 'val_image_precision': 0.35, 'val_image_recall': 0.4666666666666666, 'val_image_f1': 0.36}
2026-09-08 04:15:07,680 | INFO | src.trainer.client.client_0 | Round 62 local test metrics: loss=1.281559 metrics={'test_accuracy': 0.487, 'test_precision': 0.5329360293969668, 'test_recall': 0.44033333333333335, 'test_f1': 0.4366738942135423, 'test_image_accuracy': 0.5, 'test_image_precision': 0.3666666666666666, 'test_image_recall': 0.4333333333333333, 'test_image_f1': 0.3933333333333333}
2026-09-08 04:17:05,600 | INFO | src.trainer.client.client_0 | Round 63 learning rate set to 3.76145e-05
2026-09-08 04:17:05,600 | INFO | src.trainer.client.client_0 | Starting local training for round 63
2026-09-08 04:17:36,337 | INFO | src.trainer.client.client_0 | Round 63 local epoch 1/1 (global_epoch 62): train_loss=0.684957
2026-09-08 04:18:04,417 | INFO | src.trainer.client.client_0 | Round 63 local fit metrics: {'train_loss': 0.6849568566569576, 'lr': 3.761446934380921e-05, 'train_accuracy': 0.9734814814814815, 'train_precision': 0.9707474158439989, 'train_recall': 0.9752070707070708, 'train_f1': 0.9727954406733886, 'train_image_accuracy': 1.0, 'train_image_precision': 1.0, 'train_image_recall': 1.0, 'train_image_f1': 1.0, 'val_loss': 1.986657941420873, 'val_accuracy': 0.376, 'val_precision': 0.3655722449128013, 'val_recall': 0.4224444444444444, 'val_f1': 0.3697786771312058, 'val_image_accuracy': 0.4, 'val_image_precision': 0.4166666666666667, 'val_image_recall': 0.4666666666666666, 'val_image_f1': 0.3904761904761905}
2026-09-08 04:20:20,559 | INFO | src.trainer.client.client_0 | Round 63 local test metrics: loss=1.275437 metrics={'test_accuracy': 0.4846666666666667, 'test_precision': 0.5337516343758839, 'test_recall': 0.4408888888888889, 'test_f1': 0.4442016901692538, 'test_image_accuracy': 0.5, 'test_image_precision': 0.3666666666666666, 'test_image_recall': 0.4333333333333333, 'test_image_f1': 0.3933333333333333}
2026-09-08 04:20:33,534 | INFO | src.trainer.client.client_0 | Round 64 learning rate set to 3.63063e-05
2026-09-08 04:20:33,534 | INFO | src.trainer.client.client_0 | Starting local training for round 64
2026-09-08 04:21:04,097 | INFO | src.trainer.client.client_0 | Round 64 local epoch 1/1 (global_epoch 63): train_loss=0.693530
2026-09-08 04:21:30,658 | INFO | src.trainer.client.client_0 | Round 64 local fit metrics: {'train_loss': 0.6935296164618598, 'lr': 3.630632441491512e-05, 'train_accuracy': 0.9642962962962963, 'train_precision': 0.9596657479736151, 'train_recall': 0.968520202020202, 'train_f1': 0.9633023417471556, 'train_image_accuracy': 1.0, 'train_image_precision': 1.0, 'train_image_recall': 1.0, 'train_image_f1': 1.0, 'val_loss': 1.8965741813580195, 'val_accuracy': 0.398, 'val_precision': 0.4097104941572637, 'val_recall': 0.4683333333333334, 'val_f1': 0.40177155976721757, 'val_image_accuracy': 0.3, 'val_image_precision': 0.25, 'val_image_recall': 0.4, 'val_image_f1': 0.27999999999999997}
2026-09-08 04:25:40,771 | INFO | src.trainer.client.client_0 | Round 64 local test metrics: loss=1.275352 metrics={'test_accuracy': 0.48333333333333334, 'test_precision': 0.5250128150422514, 'test_recall': 0.43166666666666664, 'test_f1': 0.43592104606637455, 'test_image_accuracy': 0.5, 'test_image_precision': 0.3666666666666666, 'test_image_recall': 0.4333333333333333, 'test_image_f1': 0.3933333333333333}
2026-09-08 04:26:56,644 | INFO | src.trainer.client.client_0 | Round 65 learning rate set to 3.5017e-05
2026-09-08 04:26:56,644 | INFO | src.trainer.client.client_0 | Starting local training for round 65
2026-09-08 04:27:27,510 | INFO | src.trainer.client.client_0 | Round 65 local epoch 1/1 (global_epoch 64): train_loss=0.697529
2026-09-08 04:27:54,149 | INFO | src.trainer.client.client_0 | Round 65 local fit metrics: {'train_loss': 0.6975291552367033, 'lr': 3.501700243274017e-05, 'train_accuracy': 0.9701481481481481, 'train_precision': 0.9714041803869785, 'train_recall': 0.9695126262626262, 'train_f1': 0.9701647394796316, 'train_image_accuracy': 1.0, 'train_image_precision': 1.0, 'train_image_recall': 1.0, 'train_image_f1': 1.0, 'val_loss': 2.1460836980342863, 'val_accuracy': 0.358, 'val_precision': 0.3498562880284727, 'val_recall': 0.41577777777777775, 'val_f1': 0.35557256187035163, 'val_image_accuracy': 0.3, 'val_image_precision': 0.35, 'val_image_recall': 0.4, 'val_image_f1': 0.3133333333333333}
2026-09-08 04:31:12,045 | INFO | src.trainer.client.client_0 | Round 65 local test metrics: loss=1.251817 metrics={'test_accuracy': 0.498, 'test_precision': 0.5483203172272615, 'test_recall': 0.44511111111111107, 'test_f1': 0.45417426491882595, 'test_image_accuracy': 0.5, 'test_image_precision': 0.4333333333333333, 'test_image_recall': 0.4333333333333333, 'test_image_f1': 0.4076190476190476}
2026-09-08 04:32:20,922 | INFO | src.trainer.client.client_0 | Round 66 learning rate set to 3.37478e-05
2026-09-08 04:32:20,922 | INFO | src.trainer.client.client_0 | Starting local training for round 66
2026-09-08 04:32:51,386 | INFO | src.trainer.client.client_0 | Round 66 local epoch 1/1 (global_epoch 65): train_loss=0.683073
2026-09-08 04:33:18,058 | INFO | src.trainer.client.client_0 | Round 66 local fit metrics: {'train_loss': 0.6830734427769979, 'lr': 3.374780163522929e-05, 'train_accuracy': 0.9721481481481481, 'train_precision': 0.9686485192553345, 'train_recall': 0.9747530303030303, 'train_f1': 0.9713868899925153, 'train_image_accuracy': 1.0, 'train_image_precision': 1.0, 'train_image_recall': 1.0, 'train_image_f1': 1.0, 'val_loss': 1.8399241341749828, 'val_accuracy': 0.3933333333333333, 'val_precision': 0.40294647858286814, 'val_recall': 0.4487777777777778, 'val_f1': 0.3951007462612315, 'val_image_accuracy': 0.3, 'val_image_precision': 0.35, 'val_image_recall': 0.4, 'val_image_f1': 0.3133333333333333}
2026-09-08 04:36:37,885 | INFO | src.trainer.client.client_0 | Round 66 local test metrics: loss=1.307062 metrics={'test_accuracy': 0.47733333333333333, 'test_precision': 0.5339602919385645, 'test_recall': 0.42799999999999994, 'test_f1': 0.43480093671505615, 'test_image_accuracy': 0.5, 'test_image_precision': 0.3666666666666666, 'test_image_recall': 0.4333333333333333, 'test_image_f1': 0.3933333333333333}
2026-09-08 04:39:39,649 | INFO | src.trainer.client.client_0 | Round 67 learning rate set to 3.25e-05
2026-09-08 04:39:39,650 | INFO | src.trainer.client.client_0 | Starting local training for round 67
2026-09-08 04:40:10,870 | INFO | src.trainer.client.client_0 | Round 67 local epoch 1/1 (global_epoch 66): train_loss=0.688015
2026-09-08 04:40:38,326 | INFO | src.trainer.client.client_0 | Round 67 local fit metrics: {'train_loss': 0.6880145072937012, 'lr': 3.250000000000001e-05, 'train_accuracy': 0.9657777777777777, 'train_precision': 0.9637901368644733, 'train_recall': 0.9676464646464646, 'train_f1': 0.9653627132903647, 'train_image_accuracy': 1.0, 'train_image_precision': 1.0, 'train_image_recall': 1.0, 'train_image_f1': 1.0, 'val_loss': 2.0869357554117838, 'val_accuracy': 0.3596666666666667, 'val_precision': 0.36862750123579213, 'val_recall': 0.4245555555555556, 'val_f1': 0.3546680414802806, 'val_image_accuracy': 0.3, 'val_image_precision': 0.24, 'val_image_recall': 0.4, 'val_image_f1': 0.26666666666666666}
2026-09-08 04:41:48,249 | INFO | src.trainer.client.client_0 | Round 67 local test metrics: loss=1.285996 metrics={'test_accuracy': 0.4826666666666667, 'test_precision': 0.5390825962166593, 'test_recall': 0.4347777777777778, 'test_f1': 0.44262740211604595, 'test_image_accuracy': 0.5, 'test_image_precision': 0.3666666666666666, 'test_image_recall': 0.4333333333333333, 'test_image_f1': 0.3933333333333333}
2026-09-08 04:45:59,986 | INFO | src.trainer.client.client_0 | Round 68 learning rate set to 3.12749e-05
2026-09-08 04:45:59,986 | INFO | src.trainer.client.client_0 | Starting local training for round 68
2026-09-08 04:46:30,649 | INFO | src.trainer.client.client_0 | Round 68 local epoch 1/1 (global_epoch 67): train_loss=0.697564
2026-09-08 04:46:57,318 | INFO | src.trainer.client.client_0 | Round 68 local fit metrics: {'train_loss': 0.6975637832394352, 'lr': 3.127485395752739e-05, 'train_accuracy': 0.977925925925926, 'train_precision': 0.9764393549544529, 'train_recall': 0.9794358585858586, 'train_f1': 0.9778431534532638, 'train_image_accuracy': 1.0, 'train_image_precision': 1.0, 'train_image_recall': 1.0, 'train_image_f1': 1.0, 'val_loss': 2.0570034344593684, 'val_accuracy': 0.35133333333333333, 'val_precision': 0.3624930959555018, 'val_recall': 0.4067777777777778, 'val_f1': 0.3511015548682481, 'val_image_accuracy': 0.3, 'val_image_precision': 0.33999999999999997, 'val_image_recall': 0.4, 'val_image_f1': 0.29999999999999993}
2026-09-08 04:47:26,496 | INFO | src.trainer.client.client_0 | Round 68 local test metrics: loss=1.241410 metrics={'test_accuracy': 0.5076666666666667, 'test_precision': 0.5578678231181387, 'test_recall': 0.4601111111111111, 'test_f1': 0.471868894705073, 'test_image_accuracy': 0.6, 'test_image_precision': 0.6333333333333333, 'test_image_recall': 0.5333333333333333, 'test_image_f1': 0.5666666666666667}
2026-09-08 04:48:25,019 | INFO | src.trainer.client.client_0 | Round 69 learning rate set to 3.00736e-05
2026-09-08 04:48:25,019 | INFO | src.trainer.client.client_0 | Starting local training for round 69
2026-09-08 04:48:55,401 | INFO | src.trainer.client.client_0 | Round 69 local epoch 1/1 (global_epoch 68): train_loss=0.689889
2026-09-08 04:49:22,181 | INFO | src.trainer.client.client_0 | Round 69 local fit metrics: {'train_loss': 0.6898893531163534, 'lr': 3.007359712602504e-05, 'train_accuracy': 0.9713333333333334, 'train_precision': 0.9718594211798935, 'train_recall': 0.971890909090909, 'train_f1': 0.9716508521180499, 'train_image_accuracy': 1.0, 'train_image_precision': 1.0, 'train_image_recall': 1.0, 'train_image_f1': 1.0, 'val_loss': 2.09425563844045, 'val_accuracy': 0.37766666666666665, 'val_precision': 0.38223590910442273, 'val_recall': 0.4254444444444444, 'val_f1': 0.3763479089875979, 'val_image_accuracy': 0.4, 'val_image_precision': 0.44000000000000006, 'val_image_recall': 0.5, 'val_image_f1': 0.39999999999999997}
2026-09-08 04:52:33,105 | INFO | src.trainer.client.client_0 | Round 69 local test metrics: loss=1.239126 metrics={'test_accuracy': 0.5053333333333333, 'test_precision': 0.5537071495443873, 'test_recall': 0.46366666666666667, 'test_f1': 0.46503399412124446, 'test_image_accuracy': 0.6, 'test_image_precision': 0.6333333333333333, 'test_image_recall': 0.5333333333333333, 'test_image_f1': 0.5666666666666667}
2026-09-08 04:53:47,976 | INFO | src.trainer.client.client_0 | Round 70 learning rate set to 2.88974e-05
2026-09-08 04:53:47,976 | INFO | src.trainer.client.client_0 | Starting local training for round 70
2026-09-08 04:54:18,181 | INFO | src.trainer.client.client_0 | Round 70 local epoch 1/1 (global_epoch 69): train_loss=0.686356
2026-09-08 04:54:44,789 | INFO | src.trainer.client.client_0 | Round 70 local fit metrics: {'train_loss': 0.6863563631199024, 'lr': 2.889743906929609e-05, 'train_accuracy': 0.9677777777777777, 'train_precision': 0.9635023468234547, 'train_recall': 0.9709434343434344, 'train_f1': 0.9666329974990644, 'train_image_accuracy': 1.0, 'train_image_precision': 1.0, 'train_image_recall': 1.0, 'train_image_f1': 1.0, 'val_loss': 2.121909037907918, 'val_accuracy': 0.34933333333333333, 'val_precision': 0.35471750903938437, 'val_recall': 0.4222222222222222, 'val_f1': 0.3487958339244165, 'val_image_accuracy': 0.3, 'val_image_precision': 0.35, 'val_image_recall': 0.4, 'val_image_f1': 0.3133333333333333}
2026-09-08 04:58:04,269 | INFO | src.trainer.client.client_0 | Round 70 local test metrics: loss=1.277045 metrics={'test_accuracy': 0.503, 'test_precision': 0.5509846562196257, 'test_recall': 0.46466666666666673, 'test_f1': 0.47203628870726144, 'test_image_accuracy': 0.6, 'test_image_precision': 0.6333333333333333, 'test_image_recall': 0.5333333333333333, 'test_image_f1': 0.5666666666666667}
2026-09-08 05:01:09,555 | INFO | src.trainer.client.client_0 | Round 71 learning rate set to 2.77476e-05
2026-09-08 05:01:09,555 | INFO | src.trainer.client.client_0 | Starting local training for round 71
2026-09-08 05:01:40,163 | INFO | src.trainer.client.client_0 | Round 71 local epoch 1/1 (global_epoch 70): train_loss=0.685238
2026-09-08 05:02:06,890 | INFO | src.trainer.client.client_0 | Round 71 local fit metrics: {'train_loss': 0.6852379918981482, 'lr': 2.774756407880501e-05, 'train_accuracy': 0.973925925925926, 'train_precision': 0.972410785882025, 'train_recall': 0.9754414141414142, 'train_f1': 0.9737131763584557, 'train_image_accuracy': 1.0, 'train_image_precision': 1.0, 'train_image_recall': 1.0, 'train_image_f1': 1.0, 'val_loss': 1.920102639913559, 'val_accuracy': 0.405, 'val_precision': 0.42068336320356164, 'val_recall': 0.47477777777777774, 'val_f1': 0.4142407188478915, 'val_image_accuracy': 0.4, 'val_image_precision': 0.4666666666666667, 'val_image_recall': 0.5, 'val_image_f1': 0.4333333333333333}
2026-09-08 05:03:33,446 | INFO | src.trainer.client.client_0 | Round 71 local test metrics: loss=1.279195 metrics={'test_accuracy': 0.486, 'test_precision': 0.538534418712117, 'test_recall': 0.4421111111111111, 'test_f1': 0.4493164978103469, 'test_image_accuracy': 0.5, 'test_image_precision': 0.3666666666666666, 'test_image_recall': 0.4333333333333333, 'test_image_f1': 0.3933333333333333}
2026-09-08 05:06:33,606 | INFO | src.trainer.client.client_0 | Round 72 learning rate set to 2.66251e-05
2026-09-08 05:06:33,607 | INFO | src.trainer.client.client_0 | Starting local training for round 72
2026-09-08 05:07:04,633 | INFO | src.trainer.client.client_0 | Round 72 local epoch 1/1 (global_epoch 71): train_loss=0.692359
2026-09-08 05:07:32,787 | INFO | src.trainer.client.client_0 | Round 72 local fit metrics: {'train_loss': 0.6923589873313903, 'lr': 2.6625129981196505e-05, 'train_accuracy': 0.9778518518518519, 'train_precision': 0.9747471912755742, 'train_recall': 0.9800171717171718, 'train_f1': 0.9770895740368761, 'train_image_accuracy': 1.0, 'train_image_precision': 1.0, 'train_image_recall': 1.0, 'train_image_f1': 1.0, 'val_loss': 1.9196191806793212, 'val_accuracy': 0.391, 'val_precision': 0.3968976243356331, 'val_recall': 0.44722222222222224, 'val_f1': 0.3884094127867434, 'val_image_accuracy': 0.4, 'val_image_precision': 0.3833333333333333, 'val_image_recall': 0.5, 'val_image_f1': 0.37333333333333335}
2026-09-08 05:08:50,097 | INFO | src.trainer.client.client_0 | Round 72 local test metrics: loss=1.250027 metrics={'test_accuracy': 0.508, 'test_precision': 0.5603548950560262, 'test_recall': 0.4615555555555556, 'test_f1': 0.47194076592655454, 'test_image_accuracy': 0.6, 'test_image_precision': 0.6333333333333333, 'test_image_recall': 0.5333333333333333, 'test_image_f1': 0.5666666666666667}
2026-09-08 05:12:56,946 | INFO | src.trainer.client.client_0 | Round 73 learning rate set to 2.55313e-05
2026-09-08 05:12:56,946 | INFO | src.trainer.client.client_0 | Starting local training for round 73
2026-09-08 05:13:27,398 | INFO | src.trainer.client.client_0 | Round 73 local epoch 1/1 (global_epoch 72): train_loss=0.693340
2026-09-08 05:13:55,712 | INFO | src.trainer.client.client_0 | Round 73 local fit metrics: {'train_loss': 0.6933397133262069, 'lr': 2.553126697246218e-05, 'train_accuracy': 0.9691111111111111, 'train_precision': 0.9661804975263667, 'train_recall': 0.9714318181818182, 'train_f1': 0.9682836517049539, 'train_image_accuracy': 1.0, 'train_image_precision': 1.0, 'train_image_recall': 1.0, 'train_image_f1': 1.0, 'val_loss': 2.033367608308792, 'val_accuracy': 0.3636666666666667, 'val_precision': 0.3515460911053568, 'val_recall': 0.43166666666666664, 'val_f1': 0.35879274415524126, 'val_image_accuracy': 0.3, 'val_image_precision': 0.35, 'val_image_recall': 0.4, 'val_image_f1': 0.3133333333333333}
2026-09-08 05:14:12,676 | INFO | src.trainer.client.client_0 | Round 73 local test metrics: loss=1.261326 metrics={'test_accuracy': 0.49633333333333335, 'test_precision': 0.5599819217168613, 'test_recall': 0.4564444444444445, 'test_f1': 0.46772604385750205, 'test_image_accuracy': 0.6, 'test_image_precision': 0.6333333333333333, 'test_image_recall': 0.5333333333333333, 'test_image_f1': 0.5666666666666667}
2026-09-08 05:14:25,536 | INFO | src.trainer.client.client_0 | Round 74 learning rate set to 2.44671e-05
2026-09-08 05:14:25,537 | INFO | src.trainer.client.client_0 | Starting local training for round 74
2026-09-08 05:14:56,284 | INFO | src.trainer.client.client_0 | Round 74 local epoch 1/1 (global_epoch 73): train_loss=0.679713
2026-09-08 05:15:22,761 | INFO | src.trainer.client.client_0 | Round 74 local fit metrics: {'train_loss': 0.6797126794744421, 'lr': 2.446707647992906e-05, 'train_accuracy': 0.9764444444444444, 'train_precision': 0.9750143004197618, 'train_recall': 0.9782237373737374, 'train_f1': 0.9765114360372632, 'train_image_accuracy': 1.0, 'train_image_precision': 1.0, 'train_image_recall': 1.0, 'train_image_f1': 1.0, 'val_loss': 1.9912844925324122, 'val_accuracy': 0.369, 'val_precision': 0.36950423504037333, 'val_recall': 0.4315555555555555, 'val_f1': 0.3663983266955492, 'val_image_accuracy': 0.3, 'val_image_precision': 0.25, 'val_image_recall': 0.4, 'val_image_f1': 0.27999999999999997}
2026-09-08 05:19:33,077 | INFO | src.trainer.client.client_0 | Round 74 local test metrics: loss=1.311729 metrics={'test_accuracy': 0.4786666666666667, 'test_precision': 0.5304184235744189, 'test_recall': 0.42811111111111105, 'test_f1': 0.4399397784431745, 'test_image_accuracy': 0.6, 'test_image_precision': 0.6333333333333333, 'test_image_recall': 0.5333333333333333, 'test_image_f1': 0.5666666666666667}
2026-09-08 05:19:51,567 | INFO | src.trainer.client.client_0 | Round 75 learning rate set to 2.34336e-05
2026-09-08 05:19:51,568 | INFO | src.trainer.client.client_0 | Starting local training for round 75
2026-09-08 05:20:22,568 | INFO | src.trainer.client.client_0 | Round 75 local epoch 1/1 (global_epoch 74): train_loss=0.692287
2026-09-08 05:20:49,305 | INFO | src.trainer.client.client_0 | Round 75 local fit metrics: {'train_loss': 0.6922870973304466, 'lr': 2.343363005321554e-05, 'train_accuracy': 0.9751111111111112, 'train_precision': 0.9747256427186244, 'train_recall': 0.9754626262626263, 'train_f1': 0.9750214286834634, 'train_image_accuracy': 1.0, 'train_image_precision': 1.0, 'train_image_recall': 1.0, 'train_image_f1': 1.0, 'val_loss': 1.9848112462759018, 'val_accuracy': 0.401, 'val_precision': 0.38556902677709287, 'val_recall': 0.4688888888888889, 'val_f1': 0.38690206031870894, 'val_image_accuracy': 0.3, 'val_image_precision': 0.24, 'val_image_recall': 0.4, 'val_image_f1': 0.26666666666666666}
2026-09-08 05:25:03,719 | INFO | src.trainer.client.client_0 | Round 75 local test metrics: loss=1.284867 metrics={'test_accuracy': 0.48833333333333334, 'test_precision': 0.5366405709465644, 'test_recall': 0.44011111111111106, 'test_f1': 0.4463725147734948, 'test_image_accuracy': 0.5, 'test_image_precision': 0.3666666666666666, 'test_image_recall': 0.4333333333333333, 'test_image_f1': 0.3933333333333333}
2026-09-08 05:26:18,133 | INFO | src.trainer.client.client_0 | Round 76 learning rate set to 2.2432e-05
2026-09-08 05:26:18,133 | INFO | src.trainer.client.client_0 | Starting local training for round 76
2026-09-08 05:26:48,824 | INFO | src.trainer.client.client_0 | Round 76 local epoch 1/1 (global_epoch 75): train_loss=0.688180
2026-09-08 05:27:16,698 | INFO | src.trainer.client.client_0 | Round 76 local fit metrics: {'train_loss': 0.6881800021948637, 'lr': 2.2431968285271844e-05, 'train_accuracy': 0.9764444444444444, 'train_precision': 0.9749531981421636, 'train_recall': 0.977691414141414, 'train_f1': 0.9762434357167098, 'train_image_accuracy': 1.0, 'train_image_precision': 1.0, 'train_image_recall': 1.0, 'train_image_f1': 1.0, 'val_loss': 1.9054716453552245, 'val_accuracy': 0.383, 'val_precision': 0.38376675591431125, 'val_recall': 0.4451111111111111, 'val_f1': 0.37855900381926044, 'val_image_accuracy': 0.3, 'val_image_precision': 0.25, 'val_image_recall': 0.4, 'val_image_f1': 0.27999999999999997}
2026-09-08 05:30:43,833 | INFO | src.trainer.client.client_0 | Round 76 local test metrics: loss=1.260249 metrics={'test_accuracy': 0.5043333333333333, 'test_precision': 0.5552889977342681, 'test_recall': 0.46833333333333327, 'test_f1': 0.4722080625869437, 'test_image_accuracy': 0.6, 'test_image_precision': 0.6333333333333333, 'test_image_recall': 0.5333333333333333, 'test_image_f1': 0.5666666666666667}
2026-09-08 05:33:43,829 | INFO | src.trainer.client.client_0 | Round 77 learning rate set to 2.14631e-05
2026-09-08 05:33:43,829 | INFO | src.trainer.client.client_0 | Starting local training for round 77
2026-09-08 05:34:14,696 | INFO | src.trainer.client.client_0 | Round 77 local epoch 1/1 (global_epoch 76): train_loss=0.679296
2026-09-08 05:34:40,490 | INFO | src.trainer.client.client_0 | Round 77 local fit metrics: {'train_loss': 0.6792962363914207, 'lr': 2.146309976459104e-05, 'train_accuracy': 0.9685925925925926, 'train_precision': 0.9667148498158177, 'train_recall': 0.9712449494949495, 'train_f1': 0.9685854447576607, 'train_image_accuracy': 1.0, 'train_image_precision': 1.0, 'train_image_recall': 1.0, 'train_image_f1': 1.0, 'val_loss': 2.0290329944690066, 'val_accuracy': 0.37866666666666665, 'val_precision': 0.38062297844449733, 'val_recall': 0.44266666666666665, 'val_f1': 0.3732357932206377, 'val_image_accuracy': 0.3, 'val_image_precision': 0.25, 'val_image_recall': 0.4, 'val_image_f1': 0.27999999999999997}
2026-09-08 05:35:44,887 | INFO | src.trainer.client.client_0 | Round 77 local test metrics: loss=1.330014 metrics={'test_accuracy': 0.468, 'test_precision': 0.5305164217059744, 'test_recall': 0.4304444444444445, 'test_f1': 0.4353788562286233, 'test_image_accuracy': 0.5, 'test_image_precision': 0.3666666666666666, 'test_image_recall': 0.4333333333333333, 'test_image_f1': 0.3933333333333333}
2026-09-08 05:38:07,143 | INFO | src.trainer.client.client_0 | Round 78 learning rate set to 2.0528e-05
2026-09-08 05:38:07,143 | INFO | src.trainer.client.client_0 | Starting local training for round 78
2026-09-08 05:38:38,158 | INFO | src.trainer.client.client_0 | Round 78 local epoch 1/1 (global_epoch 77): train_loss=0.679628
2026-09-08 05:39:05,543 | INFO | src.trainer.client.client_0 | Round 78 local fit metrics: {'train_loss': 0.6796278267436557, 'lr': 2.0528000059645997e-05, 'train_accuracy': 0.9742962962962963, 'train_precision': 0.9723085833228975, 'train_recall': 0.9762338383838383, 'train_f1': 0.9741026636044217, 'train_image_accuracy': 1.0, 'train_image_precision': 1.0, 'train_image_recall': 1.0, 'train_image_f1': 1.0, 'val_loss': 2.007661874850591, 'val_accuracy': 0.38566666666666666, 'val_precision': 0.3841423278764696, 'val_recall': 0.4482222222222222, 'val_f1': 0.3776014661345216, 'val_image_accuracy': 0.3, 'val_image_precision': 0.24, 'val_image_recall': 0.4, 'val_image_f1': 0.26666666666666666}
2026-09-08 05:41:29,724 | INFO | src.trainer.client.client_0 | Round 78 local test metrics: loss=1.271136 metrics={'test_accuracy': 0.495, 'test_precision': 0.5486414198027408, 'test_recall': 0.4525555555555555, 'test_f1': 0.4575556019715596, 'test_image_accuracy': 0.6, 'test_image_precision': 0.6333333333333333, 'test_image_recall': 0.5333333333333333, 'test_image_f1': 0.5666666666666667}
2026-09-08 05:45:28,598 | INFO | src.trainer.client.client_0 | Round 79 learning rate set to 1.96276e-05
2026-09-08 05:45:28,598 | INFO | src.trainer.client.client_0 | Starting local training for round 79
2026-09-08 05:45:59,578 | INFO | src.trainer.client.client_0 | Round 79 local epoch 1/1 (global_epoch 78): train_loss=0.685381
2026-09-08 05:46:27,720 | INFO | src.trainer.client.client_0 | Round 79 local fit metrics: {'train_loss': 0.6853811919247662, 'lr': 1.9627610736574575e-05, 'train_accuracy': 0.9722222222222222, 'train_precision': 0.9714819932564852, 'train_recall': 0.9732585858585858, 'train_f1': 0.9721633592516584, 'train_image_accuracy': 1.0, 'train_image_precision': 1.0, 'train_image_recall': 1.0, 'train_image_f1': 1.0, 'val_loss': 1.9722930859327317, 'val_accuracy': 0.40066666666666667, 'val_precision': 0.40711585800798533, 'val_recall': 0.4604444444444444, 'val_f1': 0.39586295086574214, 'val_image_accuracy': 0.4, 'val_image_precision': 0.36666666666666664, 'val_image_recall': 0.4666666666666666, 'val_image_f1': 0.38}
2026-09-08 05:46:51,018 | INFO | src.trainer.client.client_0 | Round 79 local test metrics: loss=1.266439 metrics={'test_accuracy': 0.509, 'test_precision': 0.5587135290591798, 'test_recall': 0.4632222222222223, 'test_f1': 0.4720875535638284, 'test_image_accuracy': 0.6, 'test_image_precision': 0.6333333333333333, 'test_image_recall': 0.5333333333333333, 'test_image_f1': 0.5666666666666667}
2026-09-08 05:48:56,981 | INFO | src.trainer.client.client_0 | Round 80 learning rate set to 1.87628e-05
2026-09-08 05:48:56,981 | INFO | src.trainer.client.client_0 | Starting local training for round 80
2026-09-08 05:49:28,806 | INFO | src.trainer.client.client_0 | Round 80 local epoch 1/1 (global_epoch 79): train_loss=0.689435
2026-09-08 05:49:55,598 | INFO | src.trainer.client.client_0 | Round 80 local fit metrics: {'train_loss': 0.689435445467631, 'lr': 1.8762838411102365e-05, 'train_accuracy': 0.9742222222222222, 'train_precision': 0.9738840878536834, 'train_recall': 0.9750171717171716, 'train_f1': 0.9744361787558926, 'train_image_accuracy': 1.0, 'train_image_precision': 1.0, 'train_image_recall': 1.0, 'train_image_f1': 1.0, 'val_loss': 2.040242128133774, 'val_accuracy': 0.36233333333333334, 'val_precision': 0.355129276812693, 'val_recall': 0.4206666666666667, 'val_f1': 0.353268418659137, 'val_image_accuracy': 0.3, 'val_image_precision': 0.25, 'val_image_recall': 0.4, 'val_image_f1': 0.27999999999999997}
2026-09-08 05:52:24,755 | INFO | src.trainer.client.client_0 | Round 80 local test metrics: loss=1.302922 metrics={'test_accuracy': 0.49266666666666664, 'test_precision': 0.5511263223596276, 'test_recall': 0.4485555555555555, 'test_f1': 0.4595247591440116, 'test_image_accuracy': 0.6, 'test_image_precision': 0.6333333333333333, 'test_image_recall': 0.5333333333333333, 'test_image_f1': 0.5666666666666667}
2026-09-08 05:53:23,906 | INFO | src.trainer.client.client_0 | Round 81 learning rate set to 1.79346e-05
2026-09-08 05:53:23,906 | INFO | src.trainer.client.client_0 | Starting local training for round 81
2026-09-08 05:53:54,786 | INFO | src.trainer.client.client_0 | Round 81 local epoch 1/1 (global_epoch 80): train_loss=0.681553
2026-09-08 05:54:21,599 | INFO | src.trainer.client.client_0 | Round 81 local fit metrics: {'train_loss': 0.6815526359169571, 'lr': 1.7934553835657533e-05, 'train_accuracy': 0.974, 'train_precision': 0.9712529436150295, 'train_recall': 0.9759282828282828, 'train_f1': 0.9733399754060009, 'train_image_accuracy': 1.0, 'train_image_precision': 1.0, 'train_image_recall': 1.0, 'train_image_f1': 1.0, 'val_loss': 1.8554325712124506, 'val_accuracy': 0.4156666666666667, 'val_precision': 0.4359584144675597, 'val_recall': 0.4802222222222222, 'val_f1': 0.4188305149120648, 'val_image_accuracy': 0.4, 'val_image_precision': 0.45, 'val_image_recall': 0.5, 'val_image_f1': 0.4133333333333333}
2026-09-08 05:57:32,271 | INFO | src.trainer.client.client_0 | Round 81 local test metrics: loss=1.313909 metrics={'test_accuracy': 0.48333333333333334, 'test_precision': 0.5417747748516019, 'test_recall': 0.44333333333333336, 'test_f1': 0.4557982330287812, 'test_image_accuracy': 0.5, 'test_image_precision': 0.6, 'test_image_recall': 0.4666666666666666, 'test_image_f1': 0.5133333333333333}
2026-09-08 05:59:48,153 | INFO | src.trainer.client.client_0 | Round 82 learning rate set to 1.71436e-05
2026-09-08 05:59:48,153 | INFO | src.trainer.client.client_0 | Starting local training for round 82
2026-09-08 06:00:18,950 | INFO | src.trainer.client.client_0 | Round 82 local epoch 1/1 (global_epoch 81): train_loss=0.686401
2026-09-08 06:00:46,464 | INFO | src.trainer.client.client_0 | Round 82 local fit metrics: {'train_loss': 0.6864009977270056, 'lr': 1.7143591022596842e-05, 'train_accuracy': 0.975037037037037, 'train_precision': 0.9727764954749837, 'train_recall': 0.9777484848484848, 'train_f1': 0.9749616111493893, 'train_image_accuracy': 1.0, 'train_image_precision': 1.0, 'train_image_recall': 1.0, 'train_image_f1': 1.0, 'val_loss': 1.93800552769502, 'val_accuracy': 0.4063333333333333, 'val_precision': 0.41932507251859585, 'val_recall': 0.4762222222222222, 'val_f1': 0.40179210785769637, 'val_image_accuracy': 0.4, 'val_image_precision': 0.3833333333333333, 'val_image_recall': 0.5, 'val_image_f1': 0.37333333333333335}
2026-09-08 06:02:54,187 | INFO | src.trainer.client.client_0 | Round 82 local test metrics: loss=1.283046 metrics={'test_accuracy': 0.497, 'test_precision': 0.5461031878805137, 'test_recall': 0.45122222222222225, 'test_f1': 0.4619213472652435, 'test_image_accuracy': 0.6, 'test_image_precision': 0.6333333333333333, 'test_image_recall': 0.5333333333333333, 'test_image_f1': 0.5666666666666667}
2026-09-08 06:04:11,202 | INFO | src.trainer.client.client_0 | Round 83 learning rate set to 1.63907e-05
2026-09-08 06:04:11,202 | INFO | src.trainer.client.client_0 | Starting local training for round 83
2026-09-08 06:04:42,156 | INFO | src.trainer.client.client_0 | Round 83 local epoch 1/1 (global_epoch 82): train_loss=0.678110
2026-09-08 06:05:10,333 | INFO | src.trainer.client.client_0 | Round 83 local fit metrics: {'train_loss': 0.6781096763964053, 'lr': 1.6390746404426033e-05, 'train_accuracy': 0.9706666666666667, 'train_precision': 0.9684479205922303, 'train_recall': 0.9722969696969695, 'train_f1': 0.9699417821000622, 'train_image_accuracy': 1.0, 'train_image_precision': 1.0, 'train_image_recall': 1.0, 'train_image_f1': 1.0, 'val_loss': 1.9112805171807608, 'val_accuracy': 0.413, 'val_precision': 0.42114788982170415, 'val_recall': 0.4841111111111111, 'val_f1': 0.4090062660681454, 'val_image_accuracy': 0.4, 'val_image_precision': 0.3833333333333333, 'val_image_recall': 0.5, 'val_image_f1': 0.37333333333333335}
2026-09-08 06:08:20,604 | INFO | src.trainer.client.client_0 | Round 83 local test metrics: loss=1.293618 metrics={'test_accuracy': 0.49233333333333335, 'test_precision': 0.5549677623098794, 'test_recall': 0.4457777777777777, 'test_f1': 0.46640991552235234, 'test_image_accuracy': 0.5, 'test_image_precision': 0.6666666666666666, 'test_image_recall': 0.4666666666666666, 'test_image_f1': 0.5333333333333333}
2026-09-08 06:09:37,352 | INFO | src.trainer.client.client_0 | Round 84 learning rate set to 1.56768e-05
2026-09-08 06:09:37,352 | INFO | src.trainer.client.client_0 | Starting local training for round 84
2026-09-08 06:10:08,153 | INFO | src.trainer.client.client_0 | Round 84 local epoch 1/1 (global_epoch 83): train_loss=0.688202
2026-09-08 06:10:35,937 | INFO | src.trainer.client.client_0 | Round 84 local fit metrics: {'train_loss': 0.6882016292324773, 'lr': 1.567677803185968e-05, 'train_accuracy': 0.9774074074074074, 'train_precision': 0.9752699966702532, 'train_recall': 0.9788257575757576, 'train_f1': 0.9769332147273226, 'train_image_accuracy': 1.0, 'train_image_precision': 1.0, 'train_image_recall': 1.0, 'train_image_f1': 1.0, 'val_loss': 1.893790857632955, 'val_accuracy': 0.39766666666666667, 'val_precision': 0.39849422961800474, 'val_recall': 0.45111111111111113, 'val_f1': 0.39396326663402614, 'val_image_accuracy': 0.3, 'val_image_precision': 0.25, 'val_image_recall': 0.4, 'val_image_f1': 0.27999999999999997}
2026-09-08 06:13:55,853 | INFO | src.trainer.client.client_0 | Round 84 local test metrics: loss=1.309732 metrics={'test_accuracy': 0.4826666666666667, 'test_precision': 0.5508785114223922, 'test_recall': 0.43855555555555553, 'test_f1': 0.4606933376730612, 'test_image_accuracy': 0.5, 'test_image_precision': 0.6, 'test_image_recall': 0.4666666666666666, 'test_image_f1': 0.5133333333333333}
2026-09-08 06:17:01,011 | INFO | src.trainer.client.client_0 | Round 85 learning rate set to 1.50024e-05
2026-09-08 06:17:01,011 | INFO | src.trainer.client.client_0 | Starting local training for round 85
2026-09-08 06:17:31,925 | INFO | src.trainer.client.client_0 | Round 85 local epoch 1/1 (global_epoch 84): train_loss=0.680054
2026-09-08 06:17:58,442 | INFO | src.trainer.client.client_0 | Round 85 local fit metrics: {'train_loss': 0.680053816901313, 'lr': 1.500240481052845e-05, 'train_accuracy': 0.9724444444444444, 'train_precision': 0.9712982152967523, 'train_recall': 0.974060101010101, 'train_f1': 0.972484613290504, 'train_image_accuracy': 1.0, 'train_image_precision': 1.0, 'train_image_recall': 1.0, 'train_image_f1': 1.0, 'val_loss': 2.09285789557298, 'val_accuracy': 0.374, 'val_precision': 0.3665909379033883, 'val_recall': 0.44299999999999995, 'val_f1': 0.36290903969430743, 'val_image_accuracy': 0.3, 'val_image_precision': 0.24, 'val_image_recall': 0.4, 'val_image_f1': 0.26666666666666666}
2026-09-08 06:19:10,501 | INFO | src.trainer.client.client_0 | Round 85 local test metrics: loss=1.278953 metrics={'test_accuracy': 0.496, 'test_precision': 0.5563661134038422, 'test_recall': 0.45133333333333336, 'test_f1': 0.46560508727576827, 'test_image_accuracy': 0.6, 'test_image_precision': 0.6333333333333333, 'test_image_recall': 0.5333333333333333, 'test_image_f1': 0.5666666666666667}
2026-09-08 06:21:25,552 | INFO | src.trainer.client.client_0 | Round 86 learning rate set to 1.43683e-05
2026-09-08 06:21:25,552 | INFO | src.trainer.client.client_0 | Starting local training for round 86
2026-09-08 06:21:56,379 | INFO | src.trainer.client.client_0 | Round 86 local epoch 1/1 (global_epoch 85): train_loss=0.689404
2026-09-08 06:22:24,526 | INFO | src.trainer.client.client_0 | Round 86 local fit metrics: {'train_loss': 0.6894044552025972, 'lr': 1.4368305777102052e-05, 'train_accuracy': 0.9742962962962963, 'train_precision': 0.971310276846215, 'train_recall': 0.9764343434343434, 'train_f1': 0.9734952728915213, 'train_image_accuracy': 1.0, 'train_image_precision': 1.0, 'train_image_recall': 1.0, 'train_image_f1': 1.0, 'val_loss': 1.9937591236432393, 'val_accuracy': 0.3993333333333333, 'val_precision': 0.41727990072758614, 'val_recall': 0.4822222222222223, 'val_f1': 0.4029354116218431, 'val_image_accuracy': 0.4, 'val_image_precision': 0.45, 'val_image_recall': 0.5, 'val_image_f1': 0.4133333333333333}
2026-09-08 06:24:49,792 | INFO | src.trainer.client.client_0 | Round 86 local test metrics: loss=1.323860 metrics={'test_accuracy': 0.47933333333333333, 'test_precision': 0.5339093900833107, 'test_recall': 0.4347777777777778, 'test_f1': 0.44917730999673555, 'test_image_accuracy': 0.5, 'test_image_precision': 0.6, 'test_image_recall': 0.4666666666666666, 'test_image_f1': 0.5133333333333333}
2026-09-08 06:26:49,125 | INFO | src.trainer.client.client_0 | Round 87 learning rate set to 1.37751e-05
2026-09-08 06:26:49,126 | INFO | src.trainer.client.client_0 | Starting local training for round 87
2026-09-08 06:27:20,300 | INFO | src.trainer.client.client_0 | Round 87 local epoch 1/1 (global_epoch 86): train_loss=0.691875
2026-09-08 06:27:48,517 | INFO | src.trainer.client.client_0 | Round 87 local fit metrics: {'train_loss': 0.6918753754651105, 'lr': 1.377511941555687e-05, 'train_accuracy': 0.9748148148148148, 'train_precision': 0.9725674516583401, 'train_recall': 0.977118181818182, 'train_f1': 0.9746163263975014, 'train_image_accuracy': 1.0, 'train_image_precision': 1.0, 'train_image_recall': 1.0, 'train_image_f1': 1.0, 'val_loss': 1.9456728866497675, 'val_accuracy': 0.37633333333333335, 'val_precision': 0.37908502114003373, 'val_recall': 0.4463333333333333, 'val_f1': 0.3707209480412038, 'val_image_accuracy': 0.3, 'val_image_precision': 0.25, 'val_image_recall': 0.4, 'val_image_f1': 0.27999999999999997}
2026-09-08 06:30:14,803 | INFO | src.trainer.client.client_0 | Round 87 local test metrics: loss=1.284454 metrics={'test_accuracy': 0.49333333333333335, 'test_precision': 0.5453512065287668, 'test_recall': 0.4438888888888889, 'test_f1': 0.4623367499971735, 'test_image_accuracy': 0.5, 'test_image_precision': 0.6, 'test_image_recall': 0.4666666666666666, 'test_image_f1': 0.5133333333333333}
2026-09-08 06:31:14,439 | INFO | src.trainer.client.client_0 | Round 88 learning rate set to 1.32234e-05
2026-09-08 06:31:14,439 | INFO | src.trainer.client.client_0 | Starting local training for round 88
2026-09-08 06:31:45,822 | INFO | src.trainer.client.client_0 | Round 88 local epoch 1/1 (global_epoch 87): train_loss=0.692483
2026-09-08 06:32:11,376 | INFO | src.trainer.client.client_0 | Round 88 local fit metrics: {'train_loss': 0.6924827194213867, 'lr': 1.3223443014276736e-05, 'train_accuracy': 0.9748148148148148, 'train_precision': 0.9721145698234539, 'train_recall': 0.9767954545454545, 'train_f1': 0.9742500239355257, 'train_image_accuracy': 1.0, 'train_image_precision': 1.0, 'train_image_recall': 1.0, 'train_image_f1': 1.0, 'val_loss': 1.9354123895168305, 'val_accuracy': 0.397, 'val_precision': 0.41049320679904283, 'val_recall': 0.46622222222222226, 'val_f1': 0.39439940419452074, 'val_image_accuracy': 0.3, 'val_image_precision': 0.25, 'val_image_recall': 0.4, 'val_image_f1': 0.27999999999999997}
2026-09-08 06:35:18,922 | INFO | src.trainer.client.client_0 | Round 88 local test metrics: loss=1.297694 metrics={'test_accuracy': 0.4846666666666667, 'test_precision': 0.539360171851124, 'test_recall': 0.4374444444444444, 'test_f1': 0.45238300542661414, 'test_image_accuracy': 0.6, 'test_image_precision': 0.6333333333333333, 'test_image_recall': 0.5333333333333333, 'test_image_f1': 0.5666666666666667}
2026-09-08 06:37:38,960 | INFO | src.trainer.client.client_0 | Round 89 learning rate set to 1.27138e-05
2026-09-08 06:37:38,960 | INFO | src.trainer.client.client_0 | Starting local training for round 89
2026-09-08 06:38:10,449 | INFO | src.trainer.client.client_0 | Round 89 local epoch 1/1 (global_epoch 88): train_loss=0.710041
2026-09-08 06:38:37,261 | INFO | src.trainer.client.client_0 | Round 89 local fit metrics: {'train_loss': 0.7100413502587213, 'lr': 1.2713832064634127e-05, 'train_accuracy': 0.9764444444444444, 'train_precision': 0.9743827825080956, 'train_recall': 0.9780737373737374, 'train_f1': 0.9760764353889154, 'train_image_accuracy': 1.0, 'train_image_precision': 1.0, 'train_image_recall': 1.0, 'train_image_f1': 1.0, 'val_loss': 1.9469126045703888, 'val_accuracy': 0.381, 'val_precision': 0.3892833885550431, 'val_recall': 0.4411111111111111, 'val_f1': 0.3778231205236822, 'val_image_accuracy': 0.3, 'val_image_precision': 0.25, 'val_image_recall': 0.4, 'val_image_f1': 0.27999999999999997}
2026-09-08 06:41:05,004 | INFO | src.trainer.client.client_0 | Round 89 local test metrics: loss=1.298753 metrics={'test_accuracy': 0.48133333333333334, 'test_precision': 0.5502010957559615, 'test_recall': 0.4377777777777777, 'test_f1': 0.45769425035769074, 'test_image_accuracy': 0.5, 'test_image_precision': 0.6, 'test_image_recall': 0.4666666666666666, 'test_image_f1': 0.5133333333333333}
2026-09-08 06:42:04,905 | INFO | src.trainer.client.client_0 | Round 90 learning rate set to 1.22468e-05
2026-09-08 06:42:04,906 | INFO | src.trainer.client.client_0 | Starting local training for round 90
2026-09-08 06:42:35,752 | INFO | src.trainer.client.client_0 | Round 90 local epoch 1/1 (global_epoch 89): train_loss=0.691914
2026-09-08 06:43:02,501 | INFO | src.trainer.client.client_0 | Round 90 local fit metrics: {'train_loss': 0.6919141841817785, 'lr': 1.2246799701657462e-05, 'train_accuracy': 0.9777777777777777, 'train_precision': 0.9758555010480044, 'train_recall': 0.9786267676767677, 'train_f1': 0.9771669177070773, 'train_image_accuracy': 1.0, 'train_image_precision': 1.0, 'train_image_recall': 1.0, 'train_image_f1': 1.0, 'val_loss': 1.842523995955785, 'val_accuracy': 0.426, 'val_precision': 0.45692980448604664, 'val_recall': 0.48233333333333334, 'val_f1': 0.4318034925359382, 'val_image_accuracy': 0.5, 'val_image_precision': 0.5666666666666667, 'val_image_recall': 0.5666666666666667, 'val_image_f1': 0.5133333333333333}
2026-09-08 06:46:14,485 | INFO | src.trainer.client.client_0 | Round 90 local test metrics: loss=1.293985 metrics={'test_accuracy': 0.48533333333333334, 'test_precision': 0.5501527173425687, 'test_recall': 0.4415555555555556, 'test_f1': 0.46200140000370543, 'test_image_accuracy': 0.5, 'test_image_precision': 0.6, 'test_image_recall': 0.4666666666666666, 'test_image_f1': 0.5133333333333333}
2026-09-08 06:47:25,477 | INFO | src.trainer.client.client_0 | Round 91 learning rate set to 1.18228e-05
2026-09-08 06:47:25,477 | INFO | src.trainer.client.client_0 | Starting local training for round 91
2026-09-08 06:47:57,338 | INFO | src.trainer.client.client_0 | Round 91 local epoch 1/1 (global_epoch 90): train_loss=0.683410
2026-09-08 06:48:23,213 | INFO | src.trainer.client.client_0 | Round 91 local fit metrics: {'train_loss': 0.6834096045847292, 'lr': 1.1822816187347625e-05, 'train_accuracy': 0.9725185185185186, 'train_precision': 0.9693256409761313, 'train_recall': 0.9747095959595959, 'train_f1': 0.9717101626338682, 'train_image_accuracy': 1.0, 'train_image_precision': 1.0, 'train_image_recall': 1.0, 'train_image_f1': 1.0, 'val_loss': 1.92870323463281, 'val_accuracy': 0.3933333333333333, 'val_precision': 0.4164276675087237, 'val_recall': 0.45888888888888885, 'val_f1': 0.4005967587061655, 'val_image_accuracy': 0.4, 'val_image_precision': 0.45, 'val_image_recall': 0.5, 'val_image_f1': 0.4133333333333333}
2026-09-08 06:51:44,960 | INFO | src.trainer.client.client_0 | Round 91 local test metrics: loss=1.305116 metrics={'test_accuracy': 0.484, 'test_precision': 0.5484271324769961, 'test_recall': 0.43922222222222224, 'test_f1': 0.4579843306041208, 'test_image_accuracy': 0.5, 'test_image_precision': 0.6, 'test_image_recall': 0.4666666666666666, 'test_image_f1': 0.5133333333333333}
2026-09-08 06:52:50,988 | INFO | src.trainer.client.client_0 | Round 92 learning rate set to 1.14423e-05
2026-09-08 06:52:50,988 | INFO | src.trainer.client.client_0 | Starting local training for round 92
2026-09-08 06:53:21,557 | INFO | src.trainer.client.client_0 | Round 92 local epoch 1/1 (global_epoch 91): train_loss=0.702071
2026-09-08 06:53:49,777 | INFO | src.trainer.client.client_0 | Round 92 local fit metrics: {'train_loss': 0.7020707022702253, 'lr': 1.144230843716397e-05, 'train_accuracy': 0.9680740740740741, 'train_precision': 0.9645810235057801, 'train_recall': 0.9702904040404041, 'train_f1': 0.9668702012870212, 'train_image_accuracy': 1.0, 'train_image_precision': 1.0, 'train_image_recall': 1.0, 'train_image_f1': 1.0, 'val_loss': 2.0117811226844786, 'val_accuracy': 0.39366666666666666, 'val_precision': 0.40230928876900657, 'val_recall': 0.45855555555555555, 'val_f1': 0.38906015766899155, 'val_image_accuracy': 0.3, 'val_image_precision': 0.25, 'val_image_recall': 0.4, 'val_image_f1': 0.27999999999999997}
2026-09-08 06:57:14,495 | INFO | src.trainer.client.client_0 | Round 92 local test metrics: loss=1.297653 metrics={'test_accuracy': 0.49, 'test_precision': 0.5441012082855361, 'test_recall': 0.4394444444444444, 'test_f1': 0.45711194690089707, 'test_image_accuracy': 0.6, 'test_image_precision': 0.6333333333333333, 'test_image_recall': 0.5333333333333333, 'test_image_f1': 0.5666666666666667}
2026-09-08 07:01:14,777 | INFO | src.trainer.client.client_0 | Round 93 learning rate set to 1.11057e-05
2026-09-08 07:01:14,777 | INFO | src.trainer.client.client_0 | Starting local training for round 93
2026-09-08 07:01:44,894 | INFO | src.trainer.client.client_0 | Round 93 local epoch 1/1 (global_epoch 92): train_loss=0.699143
2026-09-08 07:02:11,573 | INFO | src.trainer.client.client_0 | Round 93 local fit metrics: {'train_loss': 0.699143299350032, 'lr': 1.1105659590156683e-05, 'train_accuracy': 0.9762962962962963, 'train_precision': 0.9737379614872106, 'train_recall': 0.9777833333333333, 'train_f1': 0.9755515397221899, 'train_image_accuracy': 1.0, 'train_image_precision': 1.0, 'train_image_recall': 1.0, 'train_image_f1': 1.0, 'val_loss': 1.9508466328779857, 'val_accuracy': 0.38333333333333336, 'val_precision': 0.39837695890793084, 'val_recall': 0.4328888888888889, 'val_f1': 0.38732619150992054, 'val_image_accuracy': 0.4, 'val_image_precision': 0.45, 'val_image_recall': 0.5, 'val_image_f1': 0.4133333333333333}
2026-09-08 07:02:24,711 | INFO | src.trainer.client.client_0 | Round 93 local test metrics: loss=1.301462 metrics={'test_accuracy': 0.48933333333333334, 'test_precision': 0.5510151894106695, 'test_recall': 0.4416666666666667, 'test_f1': 0.46285630036556286, 'test_image_accuracy': 0.5, 'test_image_precision': 0.6, 'test_image_recall': 0.4666666666666666, 'test_image_f1': 0.5133333333333333}
2026-09-08 07:04:39,122 | INFO | src.trainer.client.client_0 | Round 94 learning rate set to 1.08132e-05
2026-09-08 07:04:39,122 | INFO | src.trainer.client.client_0 | Starting local training for round 94
2026-09-08 07:05:09,538 | INFO | src.trainer.client.client_0 | Round 94 local epoch 1/1 (global_epoch 93): train_loss=0.695308
2026-09-08 07:05:37,688 | INFO | src.trainer.client.client_0 | Round 94 local fit metrics: {'train_loss': 0.6953075034530074, 'lr': 1.08132086231782e-05, 'train_accuracy': 0.9743703703703703, 'train_precision': 0.9730174855523683, 'train_recall': 0.9759580808080808, 'train_f1': 0.9742995341355973, 'train_image_accuracy': 1.0, 'train_image_precision': 1.0, 'train_image_recall': 1.0, 'train_image_f1': 1.0, 'val_loss': 1.8676053883632024, 'val_accuracy': 0.4056666666666667, 'val_precision': 0.4260471804702841, 'val_recall': 0.4718888888888889, 'val_f1': 0.4064280240882116, 'val_image_accuracy': 0.4, 'val_image_precision': 0.45, 'val_image_recall': 0.5, 'val_image_f1': 0.4133333333333333}
2026-09-08 07:07:57,884 | INFO | src.trainer.client.client_0 | Round 94 local test metrics: loss=1.300970 metrics={'test_accuracy': 0.492, 'test_precision': 0.5475149842380591, 'test_recall': 0.4434444444444445, 'test_f1': 0.4650432835973485, 'test_image_accuracy': 0.6, 'test_image_precision': 0.6333333333333333, 'test_image_recall': 0.5333333333333333, 'test_image_f1': 0.5666666666666667}
2026-09-08 07:08:04,690 | INFO | src.trainer.client.client_0 | Round 95 learning rate set to 1.05653e-05
2026-09-08 07:08:04,690 | INFO | src.trainer.client.client_0 | Starting local training for round 95
2026-09-08 07:08:35,468 | INFO | src.trainer.client.client_0 | Round 95 local epoch 1/1 (global_epoch 94): train_loss=0.687429
2026-09-08 07:09:02,298 | INFO | src.trainer.client.client_0 | Round 95 local fit metrics: {'train_loss': 0.6874287018952546, 'lr': 1.0565250009562258e-05, 'train_accuracy': 0.9708148148148148, 'train_precision': 0.9702307495082044, 'train_recall': 0.9710606060606061, 'train_f1': 0.9703603146481568, 'train_image_accuracy': 1.0, 'train_image_precision': 1.0, 'train_image_recall': 1.0, 'train_image_f1': 1.0, 'val_loss': 1.9227100610733032, 'val_accuracy': 0.4033333333333333, 'val_precision': 0.4055413199871646, 'val_recall': 0.46611111111111114, 'val_f1': 0.392570285757713, 'val_image_accuracy': 0.4, 'val_image_precision': 0.35, 'val_image_recall': 0.5, 'val_image_f1': 0.3466666666666667}
2026-09-08 07:13:21,975 | INFO | src.trainer.client.client_0 | Round 95 local test metrics: loss=1.274186 metrics={'test_accuracy': 0.5056666666666667, 'test_precision': 0.5535192924026509, 'test_recall': 0.44988888888888895, 'test_f1': 0.4679615429715051, 'test_image_accuracy': 0.7, 'test_image_precision': 0.65, 'test_image_recall': 0.6, 'test_image_f1': 0.6047619047619047}
2026-09-08 07:14:22,175 | INFO | src.trainer.client.client_0 | Round 96 learning rate set to 1.0362e-05
2026-09-08 07:14:22,175 | INFO | src.trainer.client.client_0 | Starting local training for round 96
2026-09-08 07:14:52,596 | INFO | src.trainer.client.client_0 | Round 96 local epoch 1/1 (global_epoch 95): train_loss=0.702189
2026-09-08 07:15:19,213 | INFO | src.trainer.client.client_0 | Round 96 local fit metrics: {'train_loss': 0.7021890265853317, 'lr': 1.0362033422614211e-05, 'train_accuracy': 0.9746666666666667, 'train_precision': 0.9725881247798001, 'train_recall': 0.9764747474747475, 'train_f1': 0.9743242013879347, 'train_image_accuracy': 1.0, 'train_image_precision': 1.0, 'train_image_recall': 1.0, 'train_image_f1': 1.0, 'val_loss': 1.9047605738242468, 'val_accuracy': 0.389, 'val_precision': 0.40569468361987165, 'val_recall': 0.43899999999999995, 'val_f1': 0.3896370368880363, 'val_image_accuracy': 0.4, 'val_image_precision': 0.45, 'val_image_recall': 0.5, 'val_image_f1': 0.4133333333333333}
2026-09-08 07:18:42,852 | INFO | src.trainer.client.client_0 | Round 96 local test metrics: loss=1.301645 metrics={'test_accuracy': 0.49533333333333335, 'test_precision': 0.552276842754484, 'test_recall': 0.4481111111111112, 'test_f1': 0.468970875601791, 'test_image_accuracy': 0.5, 'test_image_precision': 0.6, 'test_image_recall': 0.4666666666666666, 'test_image_f1': 0.5133333333333333}
2026-09-08 07:20:41,754 | INFO | src.trainer.client.client_0 | Round 97 learning rate set to 1.02038e-05
2026-09-08 07:20:41,754 | INFO | src.trainer.client.client_0 | Starting local training for round 97
2026-09-08 07:21:12,764 | INFO | src.trainer.client.client_0 | Round 97 local epoch 1/1 (global_epoch 96): train_loss=0.696481
2026-09-08 07:21:38,956 | INFO | src.trainer.client.client_0 | Round 97 local fit metrics: {'train_loss': 0.6964813122925935, 'lr': 1.0203763484211195e-05, 'train_accuracy': 0.9781481481481481, 'train_precision': 0.9771693231233405, 'train_recall': 0.9791474747474748, 'train_f1': 0.9780885147513644, 'train_image_accuracy': 1.0, 'train_image_precision': 1.0, 'train_image_recall': 1.0, 'train_image_f1': 1.0, 'val_loss': 1.8410292318662007, 'val_accuracy': 0.43133333333333335, 'val_precision': 0.45966310484481054, 'val_recall': 0.4905555555555555, 'val_f1': 0.4381148017017308, 'val_image_accuracy': 0.5, 'val_image_precision': 0.55, 'val_image_recall': 0.6, 'val_image_f1': 0.5133333333333333}
2026-09-08 07:23:48,887 | INFO | src.trainer.client.client_0 | Round 97 local test metrics: loss=1.303763 metrics={'test_accuracy': 0.5086666666666667, 'test_precision': 0.5633711180570025, 'test_recall': 0.45811111111111114, 'test_f1': 0.474900087014428, 'test_image_accuracy': 0.6, 'test_image_precision': 0.6333333333333333, 'test_image_recall': 0.5333333333333333, 'test_image_f1': 0.5666666666666667}
2026-09-08 07:28:02,890 | INFO | src.trainer.client.client_0 | Round 98 learning rate set to 1.00906e-05
2026-09-08 07:28:02,890 | INFO | src.trainer.client.client_0 | Starting local training for round 98
2026-09-08 07:28:33,546 | INFO | src.trainer.client.client_0 | Round 98 local epoch 1/1 (global_epoch 97): train_loss=0.710031
2026-09-08 07:29:00,307 | INFO | src.trainer.client.client_0 | Round 98 local fit metrics: {'train_loss': 0.7100307638556869, 'lr': 1.0090599558765206e-05, 'train_accuracy': 0.9751851851851852, 'train_precision': 0.9734631174646775, 'train_recall': 0.9768505050505052, 'train_f1': 0.974922743785722, 'train_image_accuracy': 1.0, 'train_image_precision': 1.0, 'train_image_recall': 1.0, 'train_image_f1': 1.0, 'val_loss': 1.9454708233277003, 'val_accuracy': 0.398, 'val_precision': 0.41565822436273514, 'val_recall': 0.46755555555555556, 'val_f1': 0.39706821454681185, 'val_image_accuracy': 0.4, 'val_image_precision': 0.45, 'val_image_recall': 0.5, 'val_image_f1': 0.4133333333333333}
2026-09-08 07:29:06,664 | INFO | src.trainer.client.client_0 | Round 98 local test metrics: loss=1.268038 metrics={'test_accuracy': 0.5156666666666667, 'test_precision': 0.5685644839604825, 'test_recall': 0.46833333333333327, 'test_f1': 0.48628653714749986, 'test_image_accuracy': 0.6, 'test_image_precision': 0.6333333333333333, 'test_image_recall': 0.5333333333333333, 'test_image_f1': 0.5666666666666667}
2026-09-08 07:29:30,069 | INFO | src.trainer.client.client_0 | Round 99 learning rate set to 1.00227e-05
2026-09-08 07:29:30,069 | INFO | src.trainer.client.client_0 | Starting local training for round 99
2026-09-08 07:30:00,769 | INFO | src.trainer.client.client_0 | Round 99 local epoch 1/1 (global_epoch 98): train_loss=0.703224
2026-09-08 07:30:27,674 | INFO | src.trainer.client.client_0 | Round 99 local fit metrics: {'train_loss': 0.7032239479488797, 'lr': 1.0022655592756672e-05, 'train_accuracy': 0.9781481481481481, 'train_precision': 0.9767235364449954, 'train_recall': 0.9788414141414142, 'train_f1': 0.9776945360040642, 'train_image_accuracy': 1.0, 'train_image_precision': 1.0, 'train_image_recall': 1.0, 'train_image_f1': 1.0, 'val_loss': 1.879944232940674, 'val_accuracy': 0.3993333333333333, 'val_precision': 0.40605862241792606, 'val_recall': 0.4611111111111111, 'val_f1': 0.3916424120078911, 'val_image_accuracy': 0.3, 'val_image_precision': 0.25, 'val_image_recall': 0.4, 'val_image_f1': 0.27999999999999997}
2026-09-08 07:34:47,219 | INFO | src.trainer.client.client_0 | Round 99 local test metrics: loss=1.325273 metrics={'test_accuracy': 0.49033333333333334, 'test_precision': 0.5424098089730168, 'test_recall': 0.44255555555555554, 'test_f1': 0.45491633428345235, 'test_image_accuracy': 0.6, 'test_image_precision': 0.6333333333333333, 'test_image_recall': 0.5333333333333333, 'test_image_f1': 0.5666666666666667}
2026-09-08 07:37:50,128 | INFO | src.trainer.client.client_0 | Round 100 learning rate set to 1e-05
2026-09-08 07:37:50,128 | INFO | src.trainer.client.client_0 | Starting local training for round 100
2026-09-08 07:38:20,553 | INFO | src.trainer.client.client_0 | Round 100 local epoch 1/1 (global_epoch 99): train_loss=0.695871
2026-09-08 07:38:47,370 | INFO | src.trainer.client.client_0 | Round 100 local fit metrics: {'train_loss': 0.6958707577210885, 'lr': 1e-05, 'train_accuracy': 0.9723703703703703, 'train_precision': 0.9713962903611227, 'train_recall': 0.9731737373737375, 'train_f1': 0.9720458818539776, 'train_image_accuracy': 1.0, 'train_image_precision': 1.0, 'train_image_recall': 1.0, 'train_image_f1': 1.0, 'val_loss': 1.9444873782396317, 'val_accuracy': 0.413, 'val_precision': 0.43259231708105117, 'val_recall': 0.4765555555555555, 'val_f1': 0.4122562514769588, 'val_image_accuracy': 0.5, 'val_image_precision': 0.55, 'val_image_recall': 0.6, 'val_image_f1': 0.5133333333333333}
2026-09-08 07:39:59,168 | INFO | src.trainer.client.client_0 | Round 100 local test metrics: loss=1.299884 metrics={'test_accuracy': 0.5013333333333333, 'test_precision': 0.5531659158939082, 'test_recall': 0.45633333333333337, 'test_f1': 0.4699057522200758, 'test_image_accuracy': 0.6, 'test_image_precision': 0.6333333333333333, 'test_image_recall': 0.5333333333333333, 'test_image_f1': 0.5666666666666667}
