2026-08-24 21:13:56,326 | INFO | src.trainer.history | File logging initialized: /app/logs/experiment.log
2026-08-24 21:13:56,326 | INFO | __main__ | Experiment started at 2026-08-24 21:13:56
2026-08-24 21:13:56,352 | INFO | __main__ | Starting mode=simulation client_id=0 with config=configs/texture.yaml device=cuda
simulation-0 | WARNING flwr 2026-08-24 21:13:56,511 | logger.py:226 | DEPRECATED FEATURE: flwr.simulation.start_simulation() is deprecated.
	Instead, use the `flwr run` CLI command to start a local simulation in your Flower app, as shown for example below:

		$ flwr new  # Create a new Flower app from a template

		$ flwr run  # Run the Flower app in Simulation Mode

	Using `start_simulation()` is deprecated.

            This is a deprecated feature. It will be removed
            entirely in future versions of Flower.
        
2026-08-24 21:13:56,511 | WARNING | flwr | DEPRECATED FEATURE: flwr.simulation.start_simulation() is deprecated.
	Instead, use the `flwr run` CLI command to start a local simulation in your Flower app, as shown for example below:

		$ flwr new  # Create a new Flower app from a template

		$ flwr run  # Run the Flower app in Simulation Mode

	Using `start_simulation()` is deprecated.

            This is a deprecated feature. It will be removed
            entirely in future versions of Flower.
        
simulation-0 | INFO flwr 2026-08-24 21:13:56,512 | legacy_app.py:241 | Starting Flower simulation, config: num_rounds=100, no round_timeout
2026-08-24 21:13:56,512 | INFO | flwr | Starting Flower simulation, config: num_rounds=100, no round_timeout
simulation-0 | INFO flwr 2026-08-24 21:13:59,877 | legacy_app.py:264 | Flower VCE: Ray initialized with resources: {'memory': 123314195456.0, 'accelerator_type:RTX': 1.0, 'GPU': 1.0, 'node:__internal_head__': 1.0, 'object_store_memory': 10000000000.0, 'CPU': 20.0, 'node:172.17.0.2': 1.0}
2026-08-24 21:13:59,877 | INFO | flwr | Flower VCE: Ray initialized with resources: {'memory': 123314195456.0, 'accelerator_type:RTX': 1.0, 'GPU': 1.0, 'node:__internal_head__': 1.0, 'object_store_memory': 10000000000.0, 'CPU': 20.0, 'node:172.17.0.2': 1.0}
simulation-0 | INFO flwr 2026-08-24 21:13:59,877 | legacy_app.py:270 | Optimize your simulation with Flower VCE: https://flower.ai/docs/framework/how-to-run-simulations.html
2026-08-24 21:13:59,877 | INFO | flwr | Optimize your simulation with Flower VCE: https://flower.ai/docs/framework/how-to-run-simulations.html
simulation-0 | INFO flwr 2026-08-24 21:13:59,877 | legacy_app.py:293 | Flower VCE: Resources for each Virtual Client: {'num_cpus': 2, 'num_gpus': 0.5}
2026-08-24 21:13:59,877 | INFO | flwr | Flower VCE: Resources for each Virtual Client: {'num_cpus': 2, 'num_gpus': 0.5}
simulation-0 | INFO flwr 2026-08-24 21:13:59,903 | legacy_app.py:339 | Flower VCE: Creating VirtualClientEngineActorPool with 2 actors
2026-08-24 21:13:59,903 | INFO | flwr | Flower VCE: Creating VirtualClientEngineActorPool with 2 actors
simulation-0 | INFO flwr 2026-08-24 21:13:59,904 | server.py:91 | [INIT]
2026-08-24 21:13:59,904 | INFO | flwr | [INIT]
simulation-0 | INFO flwr 2026-08-24 21:13:59,904 | server.py:276 | Requesting initial parameters from one random client
2026-08-24 21:13:59,904 | INFO | flwr | Requesting initial parameters from one random client
simulation-0 | INFO flwr 2026-08-24 21:14:05,624 | server.py:283 | Received initial parameters from one random client
2026-08-24 21:14:05,624 | INFO | flwr | Received initial parameters from one random client
simulation-0 | INFO flwr 2026-08-24 21:14:05,624 | server.py:93 | Starting evaluation of initial global parameters
2026-08-24 21:14:05,624 | INFO | flwr | Starting evaluation of initial global parameters
simulation-0 | INFO flwr 2026-08-24 21:14:05,624 | server.py:105 | Evaluation returned no results (`None`)
2026-08-24 21:14:05,624 | INFO | flwr | Evaluation returned no results (`None`)
simulation-0 | INFO flwr 2026-08-24 21:14:05,624 | server.py:111 | 
2026-08-24 21:14:05,624 | INFO | flwr | 
simulation-0 | INFO flwr 2026-08-24 21:14:05,625 | server.py:112 | [ROUND 1]
2026-08-24 21:14:05,625 | INFO | flwr | [ROUND 1]
simulation-0 | INFO flwr 2026-08-24 21:14:05,625 | server.py:221 | configure_fit: strategy sampled 10 clients (out of 10)
2026-08-24 21:14:05,625 | INFO | flwr | configure_fit: strategy sampled 10 clients (out of 10)
simulation-0 | INFO flwr 2026-08-24 21:57:45,324 | server.py:235 | aggregate_fit: received 10 results and 0 failures
2026-08-24 21:57:45,324 | INFO | flwr | aggregate_fit: received 10 results and 0 failures
2026-08-24 21:57:45,712 | INFO | src.trainer.history | Round 1 fit metrics saved at 2026-08-24 21:57:45: {'val_image_accuracy': 0.5247374847374847, 'train_image_f1': 0.9748163782750248, 'train_image_accuracy': 0.9736263736263736, 'val_recall': 0.4999416361416361, 'val_precision': 0.5095353445318046, 'val_f1': 0.4664330852123984, 'train_recall': 0.9073472514152514, 'val_image_recall': 0.5191208791208791, 'train_image_precision': 0.9787548861395017, 'train_image_recall': 0.9751297591297591, 'train_precision': 0.9150146643998731, 'train_loss': 0.30647291443010244, 'val_image_f1': 0.4626164311878598, 'val_image_precision': 0.45867399267399267, 'val_loss': 2.107633380105777, 'train_f1': 0.9076331606215804, 'train_accuracy': 0.9090520146520146, 'val_accuracy': 0.5065616605616605}
simulation-0 | INFO flwr 2026-08-24 21:57:45,712 | server.py:175 | configure_evaluate: strategy sampled 10 clients (out of 10)
2026-08-24 21:57:45,712 | INFO | flwr | configure_evaluate: strategy sampled 10 clients (out of 10)
simulation-0 | INFO flwr 2026-08-24 22:00:57,742 | server.py:189 | aggregate_evaluate: received 10 results and 0 failures
2026-08-24 22:00:57,742 | INFO | flwr | aggregate_evaluate: received 10 results and 0 failures
2026-08-24 22:00:57,745 | INFO | src.trainer.history | Round 1 evaluation metrics saved at 2026-08-24 22:00:57: loss=1.314052003883621 metrics={'test_image_recall': 0.4284789644012945, 'test_recall': 0.40469902912621364, 'test_image_precision': 0.36084142394822005, 'test_image_accuracy': 0.47572815533980584, 'test_accuracy': 0.43625242718446605, 'test_precision': 0.4191372356113964, 'test_image_f1': 0.36674988441978723, 'test_f1': 0.36463648947869814}
simulation-0 | INFO flwr 2026-08-24 22:00:57,745 | server.py:111 | 
2026-08-24 22:00:57,745 | INFO | flwr | 
simulation-0 | INFO flwr 2026-08-24 22:00:57,746 | server.py:112 | [ROUND 2]
2026-08-24 22:00:57,746 | INFO | flwr | [ROUND 2]
simulation-0 | INFO flwr 2026-08-24 22:00:57,746 | server.py:221 | configure_fit: strategy sampled 10 clients (out of 10)
2026-08-24 22:00:57,746 | INFO | flwr | configure_fit: strategy sampled 10 clients (out of 10)
simulation-0 | INFO flwr 2026-08-24 22:44:33,750 | server.py:235 | aggregate_fit: received 10 results and 0 failures
2026-08-24 22:44:33,750 | INFO | flwr | aggregate_fit: received 10 results and 0 failures
2026-08-24 22:44:34,123 | INFO | src.trainer.history | Round 2 fit metrics saved at 2026-08-24 22:44:34: {'val_image_accuracy': 0.5445177045177044, 'train_image_f1': 0.9904335289413368, 'train_image_accuracy': 0.9912087912087912, 'val_recall': 0.5108231013431014, 'val_precision': 0.507647260643297, 'val_f1': 0.47225703274270747, 'train_recall': 0.93872357005957, 'val_image_recall': 0.5356043956043957, 'train_image_precision': 0.9916062984634413, 'train_image_recall': 0.9906080586080586, 'train_precision': 0.9416152389292383, 'train_loss': 0.18259407346094342, 'val_image_f1': 0.4642846677132391, 'val_image_precision': 0.4455677655677656, 'val_loss': 2.333186232004538, 'train_f1': 0.9383674861952511, 'train_accuracy': 0.9389538461538462, 'val_accuracy': 0.5225907041107042}
simulation-0 | INFO flwr 2026-08-24 22:44:34,124 | server.py:175 | configure_evaluate: strategy sampled 10 clients (out of 10)
2026-08-24 22:44:34,124 | INFO | flwr | configure_evaluate: strategy sampled 10 clients (out of 10)
simulation-0 | INFO flwr 2026-08-24 22:47:43,727 | server.py:189 | aggregate_evaluate: received 10 results and 0 failures
2026-08-24 22:47:43,727 | INFO | flwr | aggregate_evaluate: received 10 results and 0 failures
2026-08-24 22:47:43,731 | INFO | src.trainer.history | Round 2 evaluation metrics saved at 2026-08-24 22:47:43: loss=1.254692557237548 metrics={'test_image_recall': 0.5511326860841423, 'test_recall': 0.540764185544768, 'test_image_precision': 0.5457928802588996, 'test_image_accuracy': 0.5728155339805825, 'test_accuracy': 0.5616504854368932, 'test_precision': 0.5529343391553159, 'test_image_f1': 0.5239852057327785, 'test_f1': 0.5231807587646422}
simulation-0 | INFO flwr 2026-08-24 22:47:43,731 | server.py:111 | 
2026-08-24 22:47:43,731 | INFO | flwr | 
simulation-0 | INFO flwr 2026-08-24 22:47:43,731 | server.py:112 | [ROUND 3]
2026-08-24 22:47:43,731 | INFO | flwr | [ROUND 3]
simulation-0 | INFO flwr 2026-08-24 22:47:43,731 | server.py:221 | configure_fit: strategy sampled 10 clients (out of 10)
2026-08-24 22:47:43,731 | INFO | flwr | configure_fit: strategy sampled 10 clients (out of 10)
simulation-0 | INFO flwr 2026-08-24 23:31:18,811 | server.py:235 | aggregate_fit: received 10 results and 0 failures
2026-08-24 23:31:18,811 | INFO | flwr | aggregate_fit: received 10 results and 0 failures
2026-08-24 23:31:19,182 | INFO | src.trainer.history | Round 3 fit metrics saved at 2026-08-24 23:31:19: {'val_image_accuracy': 0.5445177045177045, 'train_image_f1': 0.9875279342506234, 'train_image_accuracy': 0.9868131868131869, 'val_recall': 0.4972, 'val_precision': 0.4935521917318246, 'val_f1': 0.46361504134970716, 'train_recall': 0.94484414985015, 'val_image_recall': 0.5389010989010989, 'train_image_precision': 0.9884515484515485, 'train_image_recall': 0.9883116883116884, 'train_precision': 0.9479507173760066, 'train_loss': 0.13459454510227228, 'val_image_f1': 0.47436734693877547, 'val_image_precision': 0.45696703296703295, 'val_loss': 2.552542163441287, 'train_f1': 0.943590568051273, 'train_accuracy': 0.9435311355311355, 'val_accuracy': 0.5107138787138787}
simulation-0 | INFO flwr 2026-08-24 23:31:19,183 | server.py:175 | configure_evaluate: strategy sampled 10 clients (out of 10)
2026-08-24 23:31:19,183 | INFO | flwr | configure_evaluate: strategy sampled 10 clients (out of 10)
simulation-0 | INFO flwr 2026-08-24 23:34:31,088 | server.py:189 | aggregate_evaluate: received 10 results and 0 failures
2026-08-24 23:34:31,088 | INFO | flwr | aggregate_evaluate: received 10 results and 0 failures
2026-08-24 23:34:31,089 | INFO | src.trainer.history | Round 3 evaluation metrics saved at 2026-08-24 23:34:31: loss=1.1362083083427237 metrics={'test_image_recall': 0.6530744336569579, 'test_recall': 0.5979829557713053, 'test_image_precision': 0.6156957928802589, 'test_image_accuracy': 0.6796116504854369, 'test_accuracy': 0.6180388349514563, 'test_precision': 0.6063695540855861, 'test_image_f1': 0.6134720295885345, 'test_f1': 0.5805701652776536}
simulation-0 | INFO flwr 2026-08-24 23:34:31,089 | server.py:111 | 
2026-08-24 23:34:31,089 | INFO | flwr | 
simulation-0 | INFO flwr 2026-08-24 23:34:31,089 | server.py:112 | [ROUND 4]
2026-08-24 23:34:31,089 | INFO | flwr | [ROUND 4]
simulation-0 | INFO flwr 2026-08-24 23:34:31,090 | server.py:221 | configure_fit: strategy sampled 10 clients (out of 10)
2026-08-24 23:34:31,090 | INFO | flwr | configure_fit: strategy sampled 10 clients (out of 10)
simulation-0 | INFO flwr 2026-08-25 00:18:08,512 | server.py:235 | aggregate_fit: received 10 results and 0 failures
2026-08-25 00:18:08,512 | INFO | flwr | aggregate_fit: received 10 results and 0 failures
2026-08-25 00:18:08,883 | INFO | src.trainer.history | Round 4 fit metrics saved at 2026-08-25 00:18:08: {'val_image_accuracy': 0.5836141636141635, 'train_image_f1': 0.9971989914847057, 'train_image_accuracy': 0.9978021978021978, 'val_recall': 0.5157022222222222, 'val_precision': 0.5165345985679528, 'val_f1': 0.4835503415717787, 'train_recall': 0.9704850595330596, 'val_image_recall': 0.5824175824175825, 'train_image_precision': 0.9981618381618382, 'train_image_recall': 0.9966300366300366, 'train_precision': 0.9724767357207568, 'train_loss': 0.10893759247584221, 'val_image_f1': 0.5132537938252224, 'val_image_precision': 0.489084249084249, 'val_loss': 2.5927485451938113, 'train_f1': 0.9711482582463473, 'train_accuracy': 0.9719941391941391, 'val_accuracy': 0.5226877655677655}
simulation-0 | INFO flwr 2026-08-25 00:18:08,884 | server.py:175 | configure_evaluate: strategy sampled 10 clients (out of 10)
2026-08-25 00:18:08,884 | INFO | flwr | configure_evaluate: strategy sampled 10 clients (out of 10)
simulation-0 | INFO flwr 2026-08-25 00:21:20,036 | server.py:189 | aggregate_evaluate: received 10 results and 0 failures
2026-08-25 00:21:20,036 | INFO | flwr | aggregate_evaluate: received 10 results and 0 failures
2026-08-25 00:21:20,040 | INFO | src.trainer.history | Round 4 evaluation metrics saved at 2026-08-25 00:21:20: loss=1.1962384210617845 metrics={'test_image_recall': 0.6035598705501618, 'test_recall': 0.5919262135922331, 'test_image_precision': 0.5859223300970874, 'test_image_accuracy': 0.6213592233009708, 'test_accuracy': 0.6094239482200648, 'test_precision': 0.6015053166023436, 'test_image_f1': 0.5771243643088303, 'test_f1': 0.5768951361646636}
simulation-0 | INFO flwr 2026-08-25 00:21:20,040 | server.py:111 | 
2026-08-25 00:21:20,040 | INFO | flwr | 
simulation-0 | INFO flwr 2026-08-25 00:21:20,041 | server.py:112 | [ROUND 5]
2026-08-25 00:21:20,041 | INFO | flwr | [ROUND 5]
simulation-0 | INFO flwr 2026-08-25 00:21:20,041 | server.py:221 | configure_fit: strategy sampled 10 clients (out of 10)
2026-08-25 00:21:20,041 | INFO | flwr | configure_fit: strategy sampled 10 clients (out of 10)
simulation-0 | INFO flwr 2026-08-25 01:04:56,364 | server.py:235 | aggregate_fit: received 10 results and 0 failures
2026-08-25 01:04:56,364 | INFO | flwr | aggregate_fit: received 10 results and 0 failures
2026-08-25 01:04:56,733 | INFO | src.trainer.history | Round 5 fit metrics saved at 2026-08-25 01:04:56: {'val_image_accuracy': 0.5768498168498168, 'train_image_f1': 1.0, 'train_image_accuracy': 1.0, 'val_recall': 0.491810354090354, 'val_precision': 0.4789233091437779, 'val_f1': 0.45475886968916635, 'train_recall': 0.96259932001332, 'val_image_recall': 0.559047619047619, 'train_image_precision': 1.0, 'train_image_recall': 1.0, 'train_precision': 0.9669148705255384, 'train_loss': 0.09369381442398597, 'val_image_f1': 0.5052684458398744, 'val_image_precision': 0.5056703296703297, 'val_loss': 2.7540244955981357, 'train_f1': 0.9635477883633315, 'train_accuracy': 0.9637934065934066, 'val_accuracy': 0.5079264306064305}
simulation-0 | INFO flwr 2026-08-25 01:04:56,734 | server.py:175 | configure_evaluate: strategy sampled 10 clients (out of 10)
2026-08-25 01:04:56,734 | INFO | flwr | configure_evaluate: strategy sampled 10 clients (out of 10)
simulation-0 | INFO flwr 2026-08-25 01:08:05,967 | server.py:189 | aggregate_evaluate: received 10 results and 0 failures
2026-08-25 01:08:05,967 | INFO | flwr | aggregate_evaluate: received 10 results and 0 failures
2026-08-25 01:08:05,973 | INFO | src.trainer.history | Round 5 evaluation metrics saved at 2026-08-25 01:08:05: loss=1.0794417287438345 metrics={'test_image_recall': 0.6572815533980582, 'test_recall': 0.6232787486515641, 'test_image_precision': 0.671359223300971, 'test_image_accuracy': 0.6893203883495146, 'test_accuracy': 0.6444271844660193, 'test_precision': 0.6412855987635144, 'test_image_f1': 0.6389089227924178, 'test_f1': 0.6105539923090543}
simulation-0 | INFO flwr 2026-08-25 01:08:05,973 | server.py:111 | 
2026-08-25 01:08:05,973 | INFO | flwr | 
simulation-0 | INFO flwr 2026-08-25 01:08:05,973 | server.py:112 | [ROUND 6]
2026-08-25 01:08:05,973 | INFO | flwr | [ROUND 6]
simulation-0 | INFO flwr 2026-08-25 01:08:05,973 | server.py:221 | configure_fit: strategy sampled 10 clients (out of 10)
2026-08-25 01:08:05,973 | INFO | flwr | configure_fit: strategy sampled 10 clients (out of 10)
simulation-0 | INFO flwr 2026-08-25 01:51:34,343 | server.py:235 | aggregate_fit: received 10 results and 0 failures
2026-08-25 01:51:34,343 | INFO | flwr | aggregate_fit: received 10 results and 0 failures
2026-08-25 01:51:34,717 | INFO | src.trainer.history | Round 6 fit metrics saved at 2026-08-25 01:51:34: {'val_image_accuracy': 0.5209768009768009, 'train_image_f1': 0.9977953934610281, 'train_image_accuracy': 0.9978021978021978, 'val_recall': 0.5081876434676433, 'val_precision': 0.49372040888183005, 'val_f1': 0.4706069662201396, 'train_recall': 0.9752362406482407, 'val_image_recall': 0.5186813186813187, 'train_image_precision': 0.9978021978021978, 'train_image_recall': 0.9980219780219781, 'train_precision': 0.9762083103514053, 'train_loss': 0.08259854460668652, 'val_image_f1': 0.4553197278911565, 'val_image_precision': 0.4431062271062272, 'val_loss': 2.6254345718956293, 'train_f1': 0.9752661235047706, 'train_accuracy': 0.9756131868131868, 'val_accuracy': 0.5186693854293855}
simulation-0 | INFO flwr 2026-08-25 01:51:34,718 | server.py:175 | configure_evaluate: strategy sampled 10 clients (out of 10)
2026-08-25 01:51:34,718 | INFO | flwr | configure_evaluate: strategy sampled 10 clients (out of 10)
simulation-0 | INFO flwr 2026-08-25 01:54:47,082 | server.py:189 | aggregate_evaluate: received 10 results and 0 failures
2026-08-25 01:54:47,082 | INFO | flwr | aggregate_evaluate: received 10 results and 0 failures
2026-08-25 01:54:47,087 | INFO | src.trainer.history | Round 6 evaluation metrics saved at 2026-08-25 01:54:47: loss=1.0482216020922075 metrics={'test_image_recall': 0.6925566343042071, 'test_recall': 0.6389337648327938, 'test_image_precision': 0.707346278317152, 'test_image_accuracy': 0.7184466019417476, 'test_accuracy': 0.6615210355987055, 'test_precision': 0.6535343713198254, 'test_image_f1': 0.6707720758206194, 'test_f1': 0.6247832482328766}
simulation-0 | INFO flwr 2026-08-25 01:54:47,087 | server.py:111 | 
2026-08-25 01:54:47,087 | INFO | flwr | 
simulation-0 | INFO flwr 2026-08-25 01:54:47,088 | server.py:112 | [ROUND 7]
2026-08-25 01:54:47,088 | INFO | flwr | [ROUND 7]
simulation-0 | INFO flwr 2026-08-25 01:54:47,088 | server.py:221 | configure_fit: strategy sampled 10 clients (out of 10)
2026-08-25 01:54:47,088 | INFO | flwr | configure_fit: strategy sampled 10 clients (out of 10)
simulation-0 | INFO flwr 2026-08-25 02:38:07,188 | server.py:235 | aggregate_fit: received 10 results and 0 failures
2026-08-25 02:38:07,188 | INFO | flwr | aggregate_fit: received 10 results and 0 failures
2026-08-25 02:38:07,561 | INFO | src.trainer.history | Round 7 fit metrics saved at 2026-08-25 02:38:07: {'val_image_accuracy': 0.564078144078144, 'train_image_f1': 0.9961750530171583, 'train_image_accuracy': 0.9956043956043956, 'val_recall': 0.5282882051282051, 'val_precision': 0.5277822476871349, 'val_f1': 0.49286046489132307, 'train_recall': 0.967547694823695, 'val_image_recall': 0.5596336996336996, 'train_image_precision': 0.9965168165168166, 'train_image_recall': 0.9961838161838162, 'train_precision': 0.9678685566997377, 'train_loss': 0.07382495347520973, 'val_image_f1': 0.4902501308215594, 'val_image_precision': 0.47882051282051286, 'val_loss': 2.527015468035762, 'train_f1': 0.9669542479220824, 'train_accuracy': 0.9670168498168498, 'val_accuracy': 0.5361553113553114}
simulation-0 | INFO flwr 2026-08-25 02:38:07,562 | server.py:175 | configure_evaluate: strategy sampled 10 clients (out of 10)
2026-08-25 02:38:07,562 | INFO | flwr | configure_evaluate: strategy sampled 10 clients (out of 10)
simulation-0 | INFO flwr 2026-08-25 02:41:19,109 | server.py:189 | aggregate_evaluate: received 10 results and 0 failures
2026-08-25 02:41:19,109 | INFO | flwr | aggregate_evaluate: received 10 results and 0 failures
2026-08-25 02:41:19,115 | INFO | src.trainer.history | Round 7 evaluation metrics saved at 2026-08-25 02:41:19: loss=1.1626559129100646 metrics={'test_image_recall': 0.6822006472491909, 'test_recall': 0.6152418554476806, 'test_image_precision': 0.6923948220064725, 'test_image_accuracy': 0.6990291262135923, 'test_accuracy': 0.6330032362459548, 'test_precision': 0.6325356257046205, 'test_image_f1': 0.663726306056403, 'test_f1': 0.6034675273335545}
simulation-0 | INFO flwr 2026-08-25 02:41:19,116 | server.py:111 | 
2026-08-25 02:41:19,116 | INFO | flwr | 
simulation-0 | INFO flwr 2026-08-25 02:41:19,116 | server.py:112 | [ROUND 8]
2026-08-25 02:41:19,116 | INFO | flwr | [ROUND 8]
simulation-0 | INFO flwr 2026-08-25 02:41:19,117 | server.py:221 | configure_fit: strategy sampled 10 clients (out of 10)
2026-08-25 02:41:19,117 | INFO | flwr | configure_fit: strategy sampled 10 clients (out of 10)
simulation-0 | INFO flwr 2026-08-25 03:24:45,921 | server.py:235 | aggregate_fit: received 10 results and 0 failures
2026-08-25 03:24:45,921 | INFO | flwr | aggregate_fit: received 10 results and 0 failures
2026-08-25 03:24:46,283 | INFO | src.trainer.history | Round 8 fit metrics saved at 2026-08-25 03:24:46: {'val_image_accuracy': 0.5724297924297923, 'train_image_f1': 0.9690843176790171, 'train_image_accuracy': 0.9692307692307692, 'val_recall': 0.5226081562881564, 'val_precision': 0.5188116568147545, 'val_f1': 0.48074979584271643, 'train_recall': 0.9416143120583119, 'val_image_recall': 0.559047619047619, 'train_image_precision': 0.9757655677655678, 'train_image_recall': 0.9709561549561551, 'train_precision': 0.9476305610165168, 'train_loss': 0.06729932848014783, 'val_image_f1': 0.4788759811616954, 'val_image_precision': 0.45995604395604395, 'val_loss': 2.6097959194241023, 'train_f1': 0.9396864865889679, 'train_accuracy': 0.9402725274725275, 'val_accuracy': 0.5396453724053724}
simulation-0 | INFO flwr 2026-08-25 03:24:46,284 | server.py:175 | configure_evaluate: strategy sampled 10 clients (out of 10)
2026-08-25 03:24:46,284 | INFO | flwr | configure_evaluate: strategy sampled 10 clients (out of 10)
simulation-0 | INFO flwr 2026-08-25 03:27:54,622 | server.py:189 | aggregate_evaluate: received 10 results and 0 failures
2026-08-25 03:27:54,622 | INFO | flwr | aggregate_evaluate: received 10 results and 0 failures
2026-08-25 03:27:54,629 | INFO | src.trainer.history | Round 8 evaluation metrics saved at 2026-08-25 03:27:54: loss=1.1928028518840514 metrics={'test_image_recall': 0.6546925566343043, 'test_recall': 0.6057527508090613, 'test_image_precision': 0.6674757281553398, 'test_image_accuracy': 0.6699029126213593, 'test_accuracy': 0.6238511326860843, 'test_precision': 0.6222182551766905, 'test_image_f1': 0.6370596393897364, 'test_f1': 0.5918447237415746}
simulation-0 | INFO flwr 2026-08-25 03:27:54,629 | server.py:111 | 
2026-08-25 03:27:54,629 | INFO | flwr | 
simulation-0 | INFO flwr 2026-08-25 03:27:54,630 | server.py:112 | [ROUND 9]
2026-08-25 03:27:54,630 | INFO | flwr | [ROUND 9]
simulation-0 | INFO flwr 2026-08-25 03:27:54,630 | server.py:221 | configure_fit: strategy sampled 10 clients (out of 10)
2026-08-25 03:27:54,630 | INFO | flwr | configure_fit: strategy sampled 10 clients (out of 10)
simulation-0 | INFO flwr 2026-08-25 04:11:39,724 | server.py:235 | aggregate_fit: received 10 results and 0 failures
2026-08-25 04:11:39,724 | INFO | flwr | aggregate_fit: received 10 results and 0 failures
2026-08-25 04:11:40,100 | INFO | src.trainer.history | Round 9 fit metrics saved at 2026-08-25 04:11:40: {'val_image_accuracy': 0.49018315018315023, 'train_image_f1': 0.9950705935668341, 'train_image_accuracy': 0.9956043956043956, 'val_recall': 0.48521074481074483, 'val_precision': 0.47160991988264894, 'val_f1': 0.44875187480461803, 'train_recall': 0.9771777125837127, 'val_image_recall': 0.48234432234432234, 'train_image_precision': 0.995956043956044, 'train_image_recall': 0.9947918747918748, 'train_precision': 0.9766161016207758, 'train_loss': 0.06180235782373009, 'val_image_f1': 0.42094191522762947, 'val_image_precision': 0.41658608058608054, 'val_loss': 3.2542043002895538, 'train_f1': 0.9763936450802505, 'train_accuracy': 0.9763970695970696, 'val_accuracy': 0.4944184615384616}
simulation-0 | INFO flwr 2026-08-25 04:11:40,101 | server.py:175 | configure_evaluate: strategy sampled 10 clients (out of 10)
2026-08-25 04:11:40,101 | INFO | flwr | configure_evaluate: strategy sampled 10 clients (out of 10)
simulation-0 | INFO flwr 2026-08-25 04:14:51,248 | server.py:189 | aggregate_evaluate: received 10 results and 0 failures
2026-08-25 04:14:51,248 | INFO | flwr | aggregate_evaluate: received 10 results and 0 failures
2026-08-25 04:14:51,255 | INFO | src.trainer.history | Round 9 evaluation metrics saved at 2026-08-25 04:14:51: loss=1.185480853019779 metrics={'test_image_recall': 0.7194174757281553, 'test_recall': 0.6323618122977347, 'test_image_precision': 0.7296116504854369, 'test_image_accuracy': 0.7378640776699029, 'test_accuracy': 0.6522847896440129, 'test_precision': 0.6429841748257189, 'test_image_f1': 0.7018215441516411, 'test_f1': 0.618145048952753}
simulation-0 | INFO flwr 2026-08-25 04:14:51,256 | server.py:111 | 
2026-08-25 04:14:51,256 | INFO | flwr | 
simulation-0 | INFO flwr 2026-08-25 04:14:51,256 | server.py:112 | [ROUND 10]
2026-08-25 04:14:51,256 | INFO | flwr | [ROUND 10]
simulation-0 | INFO flwr 2026-08-25 04:14:51,256 | server.py:221 | configure_fit: strategy sampled 10 clients (out of 10)
2026-08-25 04:14:51,256 | INFO | flwr | configure_fit: strategy sampled 10 clients (out of 10)
simulation-0 | INFO flwr 2026-08-25 04:58:32,459 | server.py:235 | aggregate_fit: received 10 results and 0 failures
2026-08-25 04:58:32,459 | INFO | flwr | aggregate_fit: received 10 results and 0 failures
2026-08-25 04:58:32,837 | INFO | src.trainer.history | Round 10 fit metrics saved at 2026-08-25 04:58:32: {'val_image_accuracy': 0.5847374847374847, 'train_image_f1': 0.9979314802844215, 'train_image_accuracy': 0.9978021978021978, 'val_recall': 0.5189437851037851, 'val_precision': 0.4988951482445798, 'val_f1': 0.4830769040029523, 'train_recall': 0.9794574316054315, 'val_image_recall': 0.5756776556776557, 'train_image_precision': 0.9983150183150183, 'train_image_recall': 0.9977533577533577, 'train_precision': 0.9793809289259565, 'train_loss': 0.05723776659224823, 'val_image_f1': 0.5131135531135532, 'val_image_precision': 0.4991208791208791, 'val_loss': 2.8542932758283293, 'train_f1': 0.9790790656330897, 'train_accuracy': 0.9784761904761904, 'val_accuracy': 0.5292842979242979}
simulation-0 | INFO flwr 2026-08-25 04:58:32,838 | server.py:175 | configure_evaluate: strategy sampled 10 clients (out of 10)
2026-08-25 04:58:32,838 | INFO | flwr | configure_evaluate: strategy sampled 10 clients (out of 10)
simulation-0 | INFO flwr 2026-08-25 05:01:45,282 | server.py:189 | aggregate_evaluate: received 10 results and 0 failures
2026-08-25 05:01:45,282 | INFO | flwr | aggregate_evaluate: received 10 results and 0 failures
2026-08-25 05:01:45,290 | INFO | src.trainer.history | Round 10 evaluation metrics saved at 2026-08-25 05:01:45: loss=1.1917322527127905 metrics={'test_image_recall': 0.6770226537216829, 'test_recall': 0.6214957928802589, 'test_image_precision': 0.693042071197411, 'test_image_accuracy': 0.6990291262135923, 'test_accuracy': 0.6401100323624594, 'test_precision': 0.6340132198036929, 'test_image_f1': 0.6607212205270457, 'test_f1': 0.6088294721765276}
simulation-0 | INFO flwr 2026-08-25 05:01:45,291 | server.py:111 | 
2026-08-25 05:01:45,291 | INFO | flwr | 
simulation-0 | INFO flwr 2026-08-25 05:01:45,291 | server.py:112 | [ROUND 11]
2026-08-25 05:01:45,291 | INFO | flwr | [ROUND 11]
simulation-0 | INFO flwr 2026-08-25 05:01:45,291 | server.py:221 | configure_fit: strategy sampled 10 clients (out of 10)
2026-08-25 05:01:45,291 | INFO | flwr | configure_fit: strategy sampled 10 clients (out of 10)
simulation-0 | INFO flwr 2026-08-25 05:45:07,536 | server.py:235 | aggregate_fit: received 10 results and 0 failures
2026-08-25 05:45:07,536 | INFO | flwr | aggregate_fit: received 10 results and 0 failures
2026-08-25 05:45:07,912 | INFO | src.trainer.history | Round 11 fit metrics saved at 2026-08-25 05:45:07: {'val_image_accuracy': 0.5757264957264958, 'train_image_f1': 0.9928100974271388, 'train_image_accuracy': 0.9934065934065934, 'val_recall': 0.5293076434676435, 'val_precision': 0.525526510315313, 'val_f1': 0.49741615042059123, 'train_recall': 0.9775109919709921, 'val_image_recall': 0.5790476190476191, 'train_image_precision': 0.993956043956044, 'train_image_recall': 0.9922527472527473, 'train_precision': 0.9773464904023004, 'train_loss': 0.05489350631178308, 'val_image_f1': 0.5105494505494507, 'val_image_precision': 0.48823443223443225, 'val_loss': 2.7745359826003395, 'train_f1': 0.9772252628459527, 'train_accuracy': 0.9774183150183151, 'val_accuracy': 0.5404306389906389}
simulation-0 | INFO flwr 2026-08-25 05:45:07,913 | server.py:175 | configure_evaluate: strategy sampled 10 clients (out of 10)
2026-08-25 05:45:07,913 | INFO | flwr | configure_evaluate: strategy sampled 10 clients (out of 10)
simulation-0 | INFO flwr 2026-08-25 05:48:17,599 | server.py:189 | aggregate_evaluate: received 10 results and 0 failures
2026-08-25 05:48:17,599 | INFO | flwr | aggregate_evaluate: received 10 results and 0 failures
2026-08-25 05:48:17,608 | INFO | src.trainer.history | Round 11 evaluation metrics saved at 2026-08-25 05:48:17: loss=1.1193272110969308 metrics={'test_image_recall': 0.7032362459546926, 'test_recall': 0.6398228694714131, 'test_image_precision': 0.7309708737864077, 'test_image_accuracy': 0.7281553398058253, 'test_accuracy': 0.6609061488673138, 'test_precision': 0.6516365290685472, 'test_image_f1': 0.686629680998613, 'test_f1': 0.6271671805253247}
simulation-0 | INFO flwr 2026-08-25 05:48:17,608 | server.py:111 | 
2026-08-25 05:48:17,608 | INFO | flwr | 
simulation-0 | INFO flwr 2026-08-25 05:48:17,608 | server.py:112 | [ROUND 12]
2026-08-25 05:48:17,608 | INFO | flwr | [ROUND 12]
simulation-0 | INFO flwr 2026-08-25 05:48:17,609 | server.py:221 | configure_fit: strategy sampled 10 clients (out of 10)
2026-08-25 05:48:17,609 | INFO | flwr | configure_fit: strategy sampled 10 clients (out of 10)
simulation-0 | INFO flwr 2026-08-25 06:31:49,966 | server.py:235 | aggregate_fit: received 10 results and 0 failures
2026-08-25 06:31:49,966 | INFO | flwr | aggregate_fit: received 10 results and 0 failures
2026-08-25 06:31:50,336 | INFO | src.trainer.history | Round 12 fit metrics saved at 2026-08-25 06:31:50: {'val_image_accuracy': 0.5658363858363857, 'train_image_f1': 0.990581508716847, 'train_image_accuracy': 0.9912087912087912, 'val_recall': 0.5184825885225886, 'val_precision': 0.5081578714307535, 'val_f1': 0.47863677872827165, 'train_recall': 0.9752996214896215, 'val_image_recall': 0.559047619047619, 'train_image_precision': 0.9926873126873127, 'train_image_recall': 0.9903456543456544, 'train_precision': 0.9757614747466523, 'train_loss': 0.05204937653944478, 'val_image_f1': 0.47888435374149657, 'val_image_precision': 0.4554871794871794, 'val_loss': 3.0945977361514547, 'train_f1': 0.9746121924526172, 'train_accuracy': 0.9747736263736265, 'val_accuracy': 0.5306361741961741}
simulation-0 | INFO flwr 2026-08-25 06:31:50,337 | server.py:175 | configure_evaluate: strategy sampled 10 clients (out of 10)
2026-08-25 06:31:50,337 | INFO | flwr | configure_evaluate: strategy sampled 10 clients (out of 10)
simulation-0 | INFO flwr 2026-08-25 06:35:00,253 | server.py:189 | aggregate_evaluate: received 10 results and 0 failures
2026-08-25 06:35:00,253 | INFO | flwr | aggregate_evaluate: received 10 results and 0 failures
2026-08-25 06:35:00,262 | INFO | src.trainer.history | Round 12 evaluation metrics saved at 2026-08-25 06:35:00: loss=1.2089500189267635 metrics={'test_image_recall': 0.7226537216828478, 'test_recall': 0.6367950377562027, 'test_image_precision': 0.7432686084142396, 'test_image_accuracy': 0.7475728155339806, 'test_accuracy': 0.6571585760517799, 'test_precision': 0.6522404103713569, 'test_image_f1': 0.7060471567267683, 'test_f1': 0.6246687789513798}
simulation-0 | INFO flwr 2026-08-25 06:35:00,263 | server.py:111 | 
2026-08-25 06:35:00,263 | INFO | flwr | 
simulation-0 | INFO flwr 2026-08-25 06:35:00,263 | server.py:112 | [ROUND 13]
2026-08-25 06:35:00,263 | INFO | flwr | [ROUND 13]
simulation-0 | INFO flwr 2026-08-25 06:35:00,263 | server.py:221 | configure_fit: strategy sampled 10 clients (out of 10)
2026-08-25 06:35:00,263 | INFO | flwr | configure_fit: strategy sampled 10 clients (out of 10)
simulation-0 | INFO flwr 2026-08-25 07:18:30,326 | server.py:235 | aggregate_fit: received 10 results and 0 failures
2026-08-25 07:18:30,326 | INFO | flwr | aggregate_fit: received 10 results and 0 failures
2026-08-25 07:18:30,703 | INFO | src.trainer.history | Round 13 fit metrics saved at 2026-08-25 07:18:30: {'val_image_accuracy': 0.5847374847374847, 'train_image_f1': 0.9959348921754937, 'train_image_accuracy': 0.9956043956043956, 'val_recall': 0.5359976556776557, 'val_precision': 0.5364546710944176, 'val_f1': 0.5045670384248322, 'train_recall': 0.9740690831390831, 'val_image_recall': 0.5756776556776557, 'train_image_precision': 0.9962237762237763, 'train_image_recall': 0.9960439560439561, 'train_precision': 0.9739191139972898, 'train_loss': 0.047902038572481195, 'val_image_f1': 0.5144259549973836, 'val_image_precision': 0.5067692307692307, 'val_loss': 2.5952918136544683, 'train_f1': 0.9734549979111522, 'train_accuracy': 0.9731501831501832, 'val_accuracy': 0.5501136182336183}
simulation-0 | INFO flwr 2026-08-25 07:18:30,704 | server.py:175 | configure_evaluate: strategy sampled 10 clients (out of 10)
2026-08-25 07:18:30,704 | INFO | flwr | configure_evaluate: strategy sampled 10 clients (out of 10)
simulation-0 | INFO flwr 2026-08-25 07:21:40,295 | server.py:189 | aggregate_evaluate: received 10 results and 0 failures
2026-08-25 07:21:40,295 | INFO | flwr | aggregate_evaluate: received 10 results and 0 failures
2026-08-25 07:21:40,304 | INFO | src.trainer.history | Round 13 evaluation metrics saved at 2026-08-25 07:21:40: loss=1.1502303712523054 metrics={'test_image_recall': 0.696440129449838, 'test_recall': 0.6347536138079828, 'test_image_precision': 0.7140776699029124, 'test_image_accuracy': 0.7184466019417476, 'test_accuracy': 0.6537087378640778, 'test_precision': 0.647978966327629, 'test_image_f1': 0.6830513176144244, 'test_f1': 0.6242528437020278}
simulation-0 | INFO flwr 2026-08-25 07:21:40,304 | server.py:111 | 
2026-08-25 07:21:40,304 | INFO | flwr | 
simulation-0 | INFO flwr 2026-08-25 07:21:40,305 | server.py:112 | [ROUND 14]
2026-08-25 07:21:40,305 | INFO | flwr | [ROUND 14]
simulation-0 | INFO flwr 2026-08-25 07:21:40,305 | server.py:221 | configure_fit: strategy sampled 10 clients (out of 10)
2026-08-25 07:21:40,305 | INFO | flwr | configure_fit: strategy sampled 10 clients (out of 10)
simulation-0 | INFO flwr 2026-08-25 08:05:28,154 | server.py:235 | aggregate_fit: received 10 results and 0 failures
2026-08-25 08:05:28,154 | INFO | flwr | aggregate_fit: received 10 results and 0 failures
2026-08-25 08:05:28,518 | INFO | src.trainer.history | Round 14 fit metrics saved at 2026-08-25 08:05:28: {'val_image_accuracy': 0.6179487179487179, 'train_image_f1': 1.0, 'train_image_accuracy': 1.0, 'val_recall': 0.5359366056166055, 'val_precision': 0.5213621084317708, 'val_f1': 0.49957429074462584, 'train_recall': 0.9864988433048432, 'val_image_recall': 0.5956776556776556, 'train_image_precision': 1.0, 'train_image_recall': 1.0, 'train_precision': 0.986322572966145, 'train_loss': 0.04598903976172045, 'val_image_f1': 0.5336787022501308, 'val_image_precision': 0.5235457875457875, 'val_loss': 2.997740420670424, 'train_f1': 0.9861896573139548, 'train_accuracy': 0.9858432234432234, 'val_accuracy': 0.5455076923076922}
simulation-0 | INFO flwr 2026-08-25 08:05:28,519 | server.py:175 | configure_evaluate: strategy sampled 10 clients (out of 10)
2026-08-25 08:05:28,519 | INFO | flwr | configure_evaluate: strategy sampled 10 clients (out of 10)
simulation-0 | INFO flwr 2026-08-25 08:08:38,607 | server.py:189 | aggregate_evaluate: received 10 results and 0 failures
2026-08-25 08:08:38,607 | INFO | flwr | aggregate_evaluate: received 10 results and 0 failures
2026-08-25 08:08:38,617 | INFO | src.trainer.history | Round 14 evaluation metrics saved at 2026-08-25 08:08:38: loss=1.1178658851124763 metrics={'test_image_recall': 0.698705501618123, 'test_recall': 0.6506280474649406, 'test_image_precision': 0.7332362459546925, 'test_image_accuracy': 0.7184466019417476, 'test_accuracy': 0.6699870550161812, 'test_precision': 0.6526950902833994, 'test_image_f1': 0.6820619509939898, 'test_f1': 0.6370011890965573}
simulation-0 | INFO flwr 2026-08-25 08:08:38,618 | server.py:111 | 
2026-08-25 08:08:38,618 | INFO | flwr | 
simulation-0 | INFO flwr 2026-08-25 08:08:38,618 | server.py:112 | [ROUND 15]
2026-08-25 08:08:38,618 | INFO | flwr | [ROUND 15]
simulation-0 | INFO flwr 2026-08-25 08:08:38,618 | server.py:221 | configure_fit: strategy sampled 10 clients (out of 10)
2026-08-25 08:08:38,618 | INFO | flwr | configure_fit: strategy sampled 10 clients (out of 10)
simulation-0 | INFO flwr 2026-08-25 08:52:29,719 | server.py:235 | aggregate_fit: received 10 results and 0 failures
2026-08-25 08:52:29,719 | INFO | flwr | aggregate_fit: received 10 results and 0 failures
2026-08-25 08:52:30,087 | INFO | src.trainer.history | Round 15 fit metrics saved at 2026-08-25 08:52:30: {'val_image_accuracy': 0.5353113553113553, 'train_image_f1': 0.9978213091256569, 'train_image_accuracy': 0.9978021978021978, 'val_recall': 0.5117228815628816, 'val_precision': 0.49589684233737835, 'val_f1': 0.47387225669398386, 'train_recall': 0.9882907453287454, 'val_image_recall': 0.5097435897435898, 'train_image_precision': 0.9983516483516484, 'train_image_recall': 0.9975274725274725, 'train_precision': 0.9875324024439806, 'train_loss': 0.04374124413466715, 'val_image_f1': 0.43606488749345895, 'val_image_precision': 0.4136556776556777, 'val_loss': 3.0502299017743506, 'train_f1': 0.9877611785232648, 'train_accuracy': 0.9881728937728939, 'val_accuracy': 0.5279449898249898}
simulation-0 | INFO flwr 2026-08-25 08:52:30,088 | server.py:175 | configure_evaluate: strategy sampled 10 clients (out of 10)
2026-08-25 08:52:30,088 | INFO | flwr | configure_evaluate: strategy sampled 10 clients (out of 10)
simulation-0 | INFO flwr 2026-08-25 08:55:35,270 | server.py:189 | aggregate_evaluate: received 10 results and 0 failures
2026-08-25 08:55:35,270 | INFO | flwr | aggregate_evaluate: received 10 results and 0 failures
2026-08-25 08:55:35,281 | INFO | src.trainer.history | Round 15 evaluation metrics saved at 2026-08-25 08:55:35: loss=1.1227772379716903 metrics={'test_image_recall': 0.7077669902912622, 'test_recall': 0.6538256742179072, 'test_image_precision': 0.7257281553398058, 'test_image_accuracy': 0.7281553398058253, 'test_accuracy': 0.6748155339805825, 'test_precision': 0.6692856726373679, 'test_image_f1': 0.6944706426259823, 'test_f1': 0.6430085119470247}
simulation-0 | INFO flwr 2026-08-25 08:55:35,281 | server.py:111 | 
2026-08-25 08:55:35,281 | INFO | flwr | 
simulation-0 | INFO flwr 2026-08-25 08:55:35,281 | server.py:112 | [ROUND 16]
2026-08-25 08:55:35,281 | INFO | flwr | [ROUND 16]
simulation-0 | INFO flwr 2026-08-25 08:55:35,281 | server.py:221 | configure_fit: strategy sampled 10 clients (out of 10)
2026-08-25 08:55:35,281 | INFO | flwr | configure_fit: strategy sampled 10 clients (out of 10)
simulation-0 | INFO flwr 2026-08-25 09:39:06,783 | server.py:235 | aggregate_fit: received 10 results and 0 failures
2026-08-25 09:39:06,783 | INFO | flwr | aggregate_fit: received 10 results and 0 failures
2026-08-25 09:39:07,161 | INFO | src.trainer.history | Round 16 fit metrics saved at 2026-08-25 09:39:07: {'val_image_accuracy': 0.5614407814407815, 'train_image_f1': 1.0, 'train_image_accuracy': 1.0, 'val_recall': 0.5136197313797314, 'val_precision': 0.5020904284454821, 'val_f1': 0.4757796468428039, 'train_recall': 0.9860213774373774, 'val_image_recall': 0.5457875457875458, 'train_image_precision': 1.0, 'train_image_recall': 1.0, 'train_precision': 0.9856887037680084, 'train_loss': 0.03994636094313846, 'val_image_f1': 0.4823819989534275, 'val_image_precision': 0.46991208791208794, 'val_loss': 3.1382077623379665, 'train_f1': 0.9856414458596844, 'train_accuracy': 0.9858168498168497, 'val_accuracy': 0.5267030525030525}
simulation-0 | INFO flwr 2026-08-25 09:39:07,162 | server.py:175 | configure_evaluate: strategy sampled 10 clients (out of 10)
2026-08-25 09:39:07,162 | INFO | flwr | configure_evaluate: strategy sampled 10 clients (out of 10)
simulation-0 | INFO flwr 2026-08-25 09:42:18,781 | server.py:189 | aggregate_evaluate: received 10 results and 0 failures
2026-08-25 09:42:18,781 | INFO | flwr | aggregate_evaluate: received 10 results and 0 failures
2026-08-25 09:42:18,792 | INFO | src.trainer.history | Round 16 evaluation metrics saved at 2026-08-25 09:42:18: loss=1.1591114952137298 metrics={'test_image_recall': 0.7, 'test_recall': 0.6494651564185545, 'test_image_precision': 0.71084142394822, 'test_image_accuracy': 0.7184466019417476, 'test_accuracy': 0.6672880258899677, 'test_precision': 0.6557322488865004, 'test_image_f1': 0.6810078594544614, 'test_f1': 0.637139841650445}
simulation-0 | INFO flwr 2026-08-25 09:42:18,793 | server.py:111 | 
2026-08-25 09:42:18,793 | INFO | flwr | 
simulation-0 | INFO flwr 2026-08-25 09:42:18,793 | server.py:112 | [ROUND 17]
2026-08-25 09:42:18,793 | INFO | flwr | [ROUND 17]
simulation-0 | INFO flwr 2026-08-25 09:42:18,793 | server.py:221 | configure_fit: strategy sampled 10 clients (out of 10)
2026-08-25 09:42:18,793 | INFO | flwr | configure_fit: strategy sampled 10 clients (out of 10)
simulation-0 | INFO flwr 2026-08-25 10:25:49,181 | server.py:235 | aggregate_fit: received 10 results and 0 failures
2026-08-25 10:25:49,181 | INFO | flwr | aggregate_fit: received 10 results and 0 failures
2026-08-25 10:25:49,559 | INFO | src.trainer.history | Round 17 fit metrics saved at 2026-08-25 10:25:49: {'val_image_accuracy': 0.626935286935287, 'train_image_f1': 0.9980989262453793, 'train_image_accuracy': 0.9978021978021978, 'val_recall': 0.547680879120879, 'val_precision': 0.5514016091566201, 'val_f1': 0.5130861710838722, 'train_recall': 0.9860449805749805, 'val_image_recall': 0.6224908424908425, 'train_image_precision': 0.9983516483516484, 'train_image_recall': 0.9980219780219781, 'train_precision': 0.9853745161282058, 'train_loss': 0.03822324603573807, 'val_image_f1': 0.5665494505494506, 'val_image_precision': 0.5624175824175824, 'val_loss': 2.9974814798353635, 'train_f1': 0.9855683965984378, 'train_accuracy': 0.9855076923076923, 'val_accuracy': 0.5588421326821327}
simulation-0 | INFO flwr 2026-08-25 10:25:49,560 | server.py:175 | configure_evaluate: strategy sampled 10 clients (out of 10)
2026-08-25 10:25:49,560 | INFO | flwr | configure_evaluate: strategy sampled 10 clients (out of 10)
simulation-0 | INFO flwr 2026-08-25 10:29:01,489 | server.py:189 | aggregate_evaluate: received 10 results and 0 failures
2026-08-25 10:29:01,489 | INFO | flwr | aggregate_evaluate: received 10 results and 0 failures
2026-08-25 10:29:01,501 | INFO | src.trainer.history | Round 17 evaluation metrics saved at 2026-08-25 10:29:01: loss=1.1975407672811602 metrics={'test_image_recall': 0.7194174757281553, 'test_recall': 0.6473477885652643, 'test_image_precision': 0.7302588996763755, 'test_image_accuracy': 0.7378640776699029, 'test_accuracy': 0.6663948220064726, 'test_precision': 0.6576032554899488, 'test_image_f1': 0.7004253351826167, 'test_f1': 0.6349502767085282}
simulation-0 | INFO flwr 2026-08-25 10:29:01,501 | server.py:111 | 
2026-08-25 10:29:01,501 | INFO | flwr | 
simulation-0 | INFO flwr 2026-08-25 10:29:01,501 | server.py:112 | [ROUND 18]
2026-08-25 10:29:01,501 | INFO | flwr | [ROUND 18]
simulation-0 | INFO flwr 2026-08-25 10:29:01,502 | server.py:221 | configure_fit: strategy sampled 10 clients (out of 10)
2026-08-25 10:29:01,502 | INFO | flwr | configure_fit: strategy sampled 10 clients (out of 10)
simulation-0 | INFO flwr 2026-08-25 11:12:19,531 | server.py:235 | aggregate_fit: received 10 results and 0 failures
2026-08-25 11:12:19,531 | INFO | flwr | aggregate_fit: received 10 results and 0 failures
2026-08-25 11:12:19,908 | INFO | src.trainer.history | Round 18 fit metrics saved at 2026-08-25 11:12:19: {'val_image_accuracy': 0.6056166056166056, 'train_image_f1': 0.9980566801619434, 'train_image_accuracy': 0.9978021978021978, 'val_recall': 0.5368976312576313, 'val_precision': 0.5193194874781697, 'val_f1': 0.501031505285819, 'train_recall': 0.9825192534872536, 'val_image_recall': 0.5955311355311356, 'train_image_precision': 0.9983150183150183, 'train_image_recall': 0.9979780219780221, 'train_precision': 0.981440204344562, 'train_loss': 0.03975841459902162, 'val_image_f1': 0.5330989010989011, 'val_image_precision': 0.520065934065934, 'val_loss': 2.85668981947871, 'train_f1': 0.9817269024140656, 'train_accuracy': 0.9814695970695968, 'val_accuracy': 0.5501152787952788}
simulation-0 | INFO flwr 2026-08-25 11:12:19,909 | server.py:175 | configure_evaluate: strategy sampled 10 clients (out of 10)
2026-08-25 11:12:19,909 | INFO | flwr | configure_evaluate: strategy sampled 10 clients (out of 10)
simulation-0 | INFO flwr 2026-08-25 11:15:33,133 | server.py:189 | aggregate_evaluate: received 10 results and 0 failures
2026-08-25 11:15:33,133 | INFO | flwr | aggregate_evaluate: received 10 results and 0 failures
2026-08-25 11:15:33,146 | INFO | src.trainer.history | Round 18 evaluation metrics saved at 2026-08-25 11:15:33: loss=1.1186561897986675 metrics={'test_image_recall': 0.7016181229773463, 'test_recall': 0.6547984897518878, 'test_image_precision': 0.7195792880258899, 'test_image_accuracy': 0.7184466019417476, 'test_accuracy': 0.6720129449838187, 'test_precision': 0.662731046066642, 'test_image_f1': 0.6868978270920018, 'test_f1': 0.6435316110927948}
simulation-0 | INFO flwr 2026-08-25 11:15:33,146 | server.py:111 | 
2026-08-25 11:15:33,146 | INFO | flwr | 
simulation-0 | INFO flwr 2026-08-25 11:15:33,146 | server.py:112 | [ROUND 19]
2026-08-25 11:15:33,146 | INFO | flwr | [ROUND 19]
simulation-0 | INFO flwr 2026-08-25 11:15:33,147 | server.py:221 | configure_fit: strategy sampled 10 clients (out of 10)
2026-08-25 11:15:33,147 | INFO | flwr | configure_fit: strategy sampled 10 clients (out of 10)
simulation-0 | INFO flwr 2026-08-25 11:59:09,361 | server.py:235 | aggregate_fit: received 10 results and 0 failures
2026-08-25 11:59:09,361 | INFO | flwr | aggregate_fit: received 10 results and 0 failures
2026-08-25 11:59:09,723 | INFO | src.trainer.history | Round 19 fit metrics saved at 2026-08-25 11:59:09: {'val_image_accuracy': 0.5737240537240538, 'train_image_f1': 0.9978716020821284, 'train_image_accuracy': 0.9978021978021978, 'val_recall': 0.5477759218559218, 'val_precision': 0.5473564365889428, 'val_f1': 0.5140781546635803, 'train_recall': 0.9871181186961187, 'val_image_recall': 0.569084249084249, 'train_image_precision': 0.9979780219780221, 'train_image_recall': 0.9979780219780221, 'train_precision': 0.9879385194869211, 'train_loss': 0.036871325649981766, 'val_image_f1': 0.5146373626373626, 'val_image_precision': 0.526007326007326, 'val_loss': 2.854685148133163, 'train_f1': 0.9870667177218708, 'train_accuracy': 0.9873201465201464, 'val_accuracy': 0.557921107041107}
simulation-0 | INFO flwr 2026-08-25 11:59:09,724 | server.py:175 | configure_evaluate: strategy sampled 10 clients (out of 10)
2026-08-25 11:59:09,724 | INFO | flwr | configure_evaluate: strategy sampled 10 clients (out of 10)
simulation-0 | INFO flwr 2026-08-25 12:02:18,769 | server.py:189 | aggregate_evaluate: received 10 results and 0 failures
2026-08-25 12:02:18,769 | INFO | flwr | aggregate_evaluate: received 10 results and 0 failures
2026-08-25 12:02:18,782 | INFO | src.trainer.history | Round 19 evaluation metrics saved at 2026-08-25 12:02:18: loss=1.2376520187951967 metrics={'test_image_recall': 0.6970873786407766, 'test_recall': 0.6399764832793959, 'test_image_precision': 0.7050809061488673, 'test_image_accuracy': 0.7184466019417476, 'test_accuracy': 0.6542394822006473, 'test_precision': 0.6584415161231384, 'test_image_f1': 0.6773370319001388, 'test_f1': 0.6290686591917319}
simulation-0 | INFO flwr 2026-08-25 12:02:18,782 | server.py:111 | 
2026-08-25 12:02:18,782 | INFO | flwr | 
simulation-0 | INFO flwr 2026-08-25 12:02:18,783 | server.py:112 | [ROUND 20]
2026-08-25 12:02:18,783 | INFO | flwr | [ROUND 20]
simulation-0 | INFO flwr 2026-08-25 12:02:18,783 | server.py:221 | configure_fit: strategy sampled 10 clients (out of 10)
2026-08-25 12:02:18,783 | INFO | flwr | configure_fit: strategy sampled 10 clients (out of 10)
simulation-0 | INFO flwr 2026-08-25 12:45:45,321 | server.py:235 | aggregate_fit: received 10 results and 0 failures
2026-08-25 12:45:45,321 | INFO | flwr | aggregate_fit: received 10 results and 0 failures
2026-08-25 12:45:45,698 | INFO | src.trainer.history | Round 20 fit metrics saved at 2026-08-25 12:45:45: {'val_image_accuracy': 0.6047619047619048, 'train_image_f1': 0.9958520736229715, 'train_image_accuracy': 0.9956043956043956, 'val_recall': 0.5456192918192918, 'val_precision': 0.5377780388170249, 'val_f1': 0.5079638296489879, 'train_recall': 0.9854873275613275, 'val_image_recall': 0.5957509157509158, 'train_image_precision': 0.9961172161172162, 'train_image_recall': 0.996, 'train_precision': 0.9857340912209002, 'train_loss': 0.03596739849833753, 'val_image_f1': 0.5337435897435898, 'val_image_precision': 0.5258608058608059, 'val_loss': 3.1376853988685256, 'train_f1': 0.9853245350713686, 'train_accuracy': 0.9851003663003662, 'val_accuracy': 0.5544755555555555}
simulation-0 | INFO flwr 2026-08-25 12:45:45,699 | server.py:175 | configure_evaluate: strategy sampled 10 clients (out of 10)
2026-08-25 12:45:45,699 | INFO | flwr | configure_evaluate: strategy sampled 10 clients (out of 10)
simulation-0 | INFO flwr 2026-08-25 12:48:56,202 | server.py:189 | aggregate_evaluate: received 10 results and 0 failures
2026-08-25 12:48:56,202 | INFO | flwr | aggregate_evaluate: received 10 results and 0 failures
2026-08-25 12:48:56,215 | INFO | src.trainer.history | Round 20 evaluation metrics saved at 2026-08-25 12:48:56: loss=1.2050773811415851 metrics={'test_image_recall': 0.7466019417475728, 'test_recall': 0.6539844660194175, 'test_image_precision': 0.7597734627831715, 'test_image_accuracy': 0.7669902912621359, 'test_accuracy': 0.6719676375404531, 'test_precision': 0.6625986186156421, 'test_image_f1': 0.7311234396671289, 'test_f1': 0.6406645520304302}
simulation-0 | INFO flwr 2026-08-25 12:48:56,215 | server.py:111 | 
2026-08-25 12:48:56,215 | INFO | flwr | 
simulation-0 | INFO flwr 2026-08-25 12:48:56,215 | server.py:112 | [ROUND 21]
2026-08-25 12:48:56,215 | INFO | flwr | [ROUND 21]
simulation-0 | INFO flwr 2026-08-25 12:48:56,215 | server.py:221 | configure_fit: strategy sampled 10 clients (out of 10)
2026-08-25 12:48:56,215 | INFO | flwr | configure_fit: strategy sampled 10 clients (out of 10)
simulation-0 | INFO flwr 2026-08-25 13:32:28,680 | server.py:235 | aggregate_fit: received 10 results and 0 failures
2026-08-25 13:32:28,680 | INFO | flwr | aggregate_fit: received 10 results and 0 failures
2026-08-25 13:32:29,056 | INFO | src.trainer.history | Round 21 fit metrics saved at 2026-08-25 13:32:29: {'val_image_accuracy': 0.564981684981685, 'train_image_f1': 1.0, 'train_image_accuracy': 1.0, 'val_recall': 0.5566390231990231, 'val_precision': 0.5466046304221311, 'val_f1': 0.5178498931176732, 'train_recall': 0.9854867895067895, 'val_image_recall': 0.576043956043956, 'train_image_precision': 1.0, 'train_image_recall': 1.0, 'train_precision': 0.9844783846610072, 'train_loss': 0.03403331206816331, 'val_image_f1': 0.5137142857142857, 'val_image_precision': 0.5288937728937728, 'val_loss': 3.0837367960951876, 'train_f1': 0.9847430548456274, 'train_accuracy': 0.9847399267399268, 'val_accuracy': 0.5585488319088319}
simulation-0 | INFO flwr 2026-08-25 13:32:29,057 | server.py:175 | configure_evaluate: strategy sampled 10 clients (out of 10)
2026-08-25 13:32:29,057 | INFO | flwr | configure_evaluate: strategy sampled 10 clients (out of 10)
simulation-0 | INFO flwr 2026-08-25 13:35:39,592 | server.py:189 | aggregate_evaluate: received 10 results and 0 failures
2026-08-25 13:35:39,592 | INFO | flwr | aggregate_evaluate: received 10 results and 0 failures
2026-08-25 13:35:39,605 | INFO | src.trainer.history | Round 21 evaluation metrics saved at 2026-08-25 13:35:39: loss=1.2181728905562543 metrics={'test_image_recall': 0.7155339805825243, 'test_recall': 0.6422075512405611, 'test_image_precision': 0.7361488673139157, 'test_image_accuracy': 0.7378640776699029, 'test_accuracy': 0.6596310679611651, 'test_precision': 0.6589978809858604, 'test_image_f1': 0.6975034674063799, 'test_f1': 0.6292422273654676}
simulation-0 | INFO flwr 2026-08-25 13:35:39,605 | server.py:111 | 
2026-08-25 13:35:39,605 | INFO | flwr | 
simulation-0 | INFO flwr 2026-08-25 13:35:39,606 | server.py:112 | [ROUND 22]
2026-08-25 13:35:39,606 | INFO | flwr | [ROUND 22]
simulation-0 | INFO flwr 2026-08-25 13:35:39,606 | server.py:221 | configure_fit: strategy sampled 10 clients (out of 10)
2026-08-25 13:35:39,606 | INFO | flwr | configure_fit: strategy sampled 10 clients (out of 10)
simulation-0 | INFO flwr 2026-08-25 14:19:00,403 | server.py:235 | aggregate_fit: received 10 results and 0 failures
2026-08-25 14:19:00,403 | INFO | flwr | aggregate_fit: received 10 results and 0 failures
2026-08-25 14:19:00,779 | INFO | src.trainer.history | Round 22 fit metrics saved at 2026-08-25 14:19:00: {'val_image_accuracy': 0.5652014652014651, 'train_image_f1': 0.9980743066457353, 'train_image_accuracy': 0.9978021978021978, 'val_recall': 0.5347774358974359, 'val_precision': 0.5334958003148325, 'val_f1': 0.4966493137198244, 'train_recall': 0.9909079544159544, 'val_image_recall': 0.5561172161172161, 'train_image_precision': 0.9981618381618381, 'train_image_recall': 0.9981618381618381, 'train_precision': 0.9906697325142387, 'train_loss': 0.03178966317353122, 'val_image_f1': 0.4902061747776034, 'val_image_precision': 0.4807619047619048, 'val_loss': 2.9051908440236147, 'train_f1': 0.9906545634091982, 'train_accuracy': 0.9904981684981686, 'val_accuracy': 0.5469633374033374}
simulation-0 | INFO flwr 2026-08-25 14:19:00,780 | server.py:175 | configure_evaluate: strategy sampled 10 clients (out of 10)
2026-08-25 14:19:00,780 | INFO | flwr | configure_evaluate: strategy sampled 10 clients (out of 10)
simulation-0 | INFO flwr 2026-08-25 14:22:04,778 | server.py:189 | aggregate_evaluate: received 10 results and 0 failures
2026-08-25 14:22:04,778 | INFO | flwr | aggregate_evaluate: received 10 results and 0 failures
2026-08-25 14:22:04,791 | INFO | src.trainer.history | Round 22 evaluation metrics saved at 2026-08-25 14:22:04: loss=1.1455116268156453 metrics={'test_image_recall': 0.6893203883495146, 'test_recall': 0.6559482200647249, 'test_image_precision': 0.7037216828478963, 'test_image_accuracy': 0.7087378640776699, 'test_accuracy': 0.6754110032362458, 'test_precision': 0.667687824603787, 'test_image_f1': 0.6725658807212204, 'test_f1': 0.644458725054072}
simulation-0 | INFO flwr 2026-08-25 14:22:04,792 | server.py:111 | 
2026-08-25 14:22:04,792 | INFO | flwr | 
simulation-0 | INFO flwr 2026-08-25 14:22:04,792 | server.py:112 | [ROUND 23]
2026-08-25 14:22:04,792 | INFO | flwr | [ROUND 23]
simulation-0 | INFO flwr 2026-08-25 14:22:04,792 | server.py:221 | configure_fit: strategy sampled 10 clients (out of 10)
2026-08-25 14:22:04,792 | INFO | flwr | configure_fit: strategy sampled 10 clients (out of 10)
simulation-0 | INFO flwr 2026-08-25 15:05:39,616 | server.py:235 | aggregate_fit: received 10 results and 0 failures
2026-08-25 15:05:39,616 | INFO | flwr | aggregate_fit: received 10 results and 0 failures
2026-08-25 15:05:39,991 | INFO | src.trainer.history | Round 23 fit metrics saved at 2026-08-25 15:05:39: {'val_image_accuracy': 0.5847374847374847, 'train_image_f1': 1.0, 'train_image_accuracy': 1.0, 'val_recall': 0.5251161904761905, 'val_precision': 0.5251225065673315, 'val_f1': 0.491237581921975, 'train_recall': 0.9888151066711067, 'val_image_recall': 0.5691575091575092, 'train_image_precision': 1.0, 'train_image_recall': 1.0, 'train_precision': 0.9883333978888903, 'train_loss': 0.033840139345306865, 'val_image_f1': 0.5121883830455258, 'val_image_precision': 0.5153406593406594, 'val_loss': 2.9646771498899867, 'train_f1': 0.988461177269957, 'train_accuracy': 0.9886783882783884, 'val_accuracy': 0.5375711192511192}
simulation-0 | INFO flwr 2026-08-25 15:05:39,992 | server.py:175 | configure_evaluate: strategy sampled 10 clients (out of 10)
2026-08-25 15:05:39,992 | INFO | flwr | configure_evaluate: strategy sampled 10 clients (out of 10)
simulation-0 | INFO flwr 2026-08-25 15:08:47,935 | server.py:189 | aggregate_evaluate: received 10 results and 0 failures
2026-08-25 15:08:47,935 | INFO | flwr | aggregate_evaluate: received 10 results and 0 failures
2026-08-25 15:08:47,949 | INFO | src.trainer.history | Round 23 evaluation metrics saved at 2026-08-25 15:08:47: loss=1.1172790600853821 metrics={'test_image_recall': 0.6893203883495146, 'test_recall': 0.656809061488673, 'test_image_precision': 0.7072815533980582, 'test_image_accuracy': 0.7087378640776699, 'test_accuracy': 0.6748220064724918, 'test_precision': 0.6600911955261038, 'test_image_f1': 0.6760240406842348, 'test_f1': 0.6450298158087667}
simulation-0 | INFO flwr 2026-08-25 15:08:47,950 | server.py:111 | 
2026-08-25 15:08:47,950 | INFO | flwr | 
simulation-0 | INFO flwr 2026-08-25 15:08:47,950 | server.py:112 | [ROUND 24]
2026-08-25 15:08:47,950 | INFO | flwr | [ROUND 24]
simulation-0 | INFO flwr 2026-08-25 15:08:47,950 | server.py:221 | configure_fit: strategy sampled 10 clients (out of 10)
2026-08-25 15:08:47,950 | INFO | flwr | configure_fit: strategy sampled 10 clients (out of 10)
simulation-0 | INFO flwr 2026-08-25 15:52:24,069 | server.py:235 | aggregate_fit: received 10 results and 0 failures
2026-08-25 15:52:24,069 | INFO | flwr | aggregate_fit: received 10 results and 0 failures
2026-08-25 15:52:24,447 | INFO | src.trainer.history | Round 24 fit metrics saved at 2026-08-25 15:52:24: {'val_image_accuracy': 0.5948473748473748, 'train_image_f1': 1.0, 'train_image_accuracy': 1.0, 'val_recall': 0.5397587301587302, 'val_precision': 0.521180804459832, 'val_f1': 0.49975668940958806, 'train_recall': 0.9930927039627039, 'val_image_recall': 0.5891575091575092, 'train_image_precision': 1.0, 'train_image_recall': 1.0, 'train_precision': 0.99317405749526, 'train_loss': 0.032012346721170135, 'val_image_f1': 0.5152171637885923, 'val_image_precision': 0.4969523809523809, 'val_loss': 2.9688869115772127, 'train_f1': 0.9930941337022631, 'train_accuracy': 0.9928703296703296, 'val_accuracy': 0.5520992104192104}
simulation-0 | INFO flwr 2026-08-25 15:52:24,448 | server.py:175 | configure_evaluate: strategy sampled 10 clients (out of 10)
2026-08-25 15:52:24,448 | INFO | flwr | configure_evaluate: strategy sampled 10 clients (out of 10)
simulation-0 | INFO flwr 2026-08-25 15:55:32,056 | server.py:189 | aggregate_evaluate: received 10 results and 0 failures
2026-08-25 15:55:32,056 | INFO | flwr | aggregate_evaluate: received 10 results and 0 failures
2026-08-25 15:55:32,070 | INFO | src.trainer.history | Round 24 evaluation metrics saved at 2026-08-25 15:55:32: loss=1.2121415180298165 metrics={'test_image_recall': 0.6990291262135923, 'test_recall': 0.6426940668824164, 'test_image_precision': 0.7134304207119742, 'test_image_accuracy': 0.7184466019417476, 'test_accuracy': 0.6601100323624597, 'test_precision': 0.6482832140932417, 'test_image_f1': 0.6822746185852981, 'test_f1': 0.6315676646259404}
simulation-0 | INFO flwr 2026-08-25 15:55:32,071 | server.py:111 | 
2026-08-25 15:55:32,071 | INFO | flwr | 
simulation-0 | INFO flwr 2026-08-25 15:55:32,071 | server.py:112 | [ROUND 25]
2026-08-25 15:55:32,071 | INFO | flwr | [ROUND 25]
simulation-0 | INFO flwr 2026-08-25 15:55:32,071 | server.py:221 | configure_fit: strategy sampled 10 clients (out of 10)
2026-08-25 15:55:32,071 | INFO | flwr | configure_fit: strategy sampled 10 clients (out of 10)
simulation-0 | INFO flwr 2026-08-25 16:39:02,841 | server.py:235 | aggregate_fit: received 10 results and 0 failures
2026-08-25 16:39:02,841 | INFO | flwr | aggregate_fit: received 10 results and 0 failures
2026-08-25 16:39:03,216 | INFO | src.trainer.history | Round 25 fit metrics saved at 2026-08-25 16:39:03: {'val_image_accuracy': 0.5871794871794871, 'train_image_f1': 0.9916411584876866, 'train_image_accuracy': 0.9912087912087912, 'val_recall': 0.5183685958485958, 'val_precision': 0.5203389298598429, 'val_f1': 0.48424993057713495, 'train_recall': 0.9790075762755762, 'val_image_recall': 0.5725274725274725, 'train_image_precision': 0.9927405927405927, 'train_image_recall': 0.992043956043956, 'train_precision': 0.9807900937099071, 'train_loss': 0.028738149828939914, 'val_image_f1': 0.506742019884877, 'val_image_precision': 0.49050549450549447, 'val_loss': 3.2212634540550287, 'train_f1': 0.9788620715052523, 'train_accuracy': 0.9784468864468863, 'val_accuracy': 0.534457094017094}
simulation-0 | INFO flwr 2026-08-25 16:39:03,217 | server.py:175 | configure_evaluate: strategy sampled 10 clients (out of 10)
2026-08-25 16:39:03,217 | INFO | flwr | configure_evaluate: strategy sampled 10 clients (out of 10)
simulation-0 | INFO flwr 2026-08-25 16:42:14,787 | server.py:189 | aggregate_evaluate: received 10 results and 0 failures
2026-08-25 16:42:14,787 | INFO | flwr | aggregate_evaluate: received 10 results and 0 failures
2026-08-25 16:42:14,801 | INFO | src.trainer.history | Round 25 evaluation metrics saved at 2026-08-25 16:42:14: loss=1.3059942266302802 metrics={'test_image_recall': 0.713915857605178, 'test_recall': 0.6377622437971953, 'test_image_precision': 0.7345307443365694, 'test_image_accuracy': 0.7378640776699029, 'test_accuracy': 0.6556569579288026, 'test_precision': 0.6472524823498291, 'test_image_f1': 0.6973092926490984, 'test_f1': 0.6257027833493959}
simulation-0 | INFO flwr 2026-08-25 16:42:14,801 | server.py:111 | 
2026-08-25 16:42:14,801 | INFO | flwr | 
simulation-0 | INFO flwr 2026-08-25 16:42:14,802 | server.py:112 | [ROUND 26]
2026-08-25 16:42:14,802 | INFO | flwr | [ROUND 26]
simulation-0 | INFO flwr 2026-08-25 16:42:14,802 | server.py:221 | configure_fit: strategy sampled 10 clients (out of 10)
2026-08-25 16:42:14,802 | INFO | flwr | configure_fit: strategy sampled 10 clients (out of 10)
simulation-0 | INFO flwr 2026-08-25 17:25:36,025 | server.py:235 | aggregate_fit: received 10 results and 0 failures
2026-08-25 17:25:36,025 | INFO | flwr | aggregate_fit: received 10 results and 0 failures
2026-08-25 17:25:36,404 | INFO | src.trainer.history | Round 26 fit metrics saved at 2026-08-25 17:25:36: {'val_image_accuracy': 0.5836385836385836, 'train_image_f1': 1.0, 'train_image_accuracy': 1.0, 'val_recall': 0.5513796336996337, 'val_precision': 0.560214570019174, 'val_f1': 0.5198428817388907, 'train_recall': 0.9933116191216191, 'val_image_recall': 0.5726007326007325, 'train_image_precision': 1.0, 'train_image_recall': 1.0, 'train_precision': 0.9931889127104466, 'train_loss': 0.02870831400634987, 'val_image_f1': 0.5065871271585557, 'val_image_precision': 0.49523076923076925, 'val_loss': 3.015317629673662, 'train_f1': 0.9931895352407706, 'train_accuracy': 0.9929978021978021, 'val_accuracy': 0.5629716076516077}
simulation-0 | INFO flwr 2026-08-25 17:25:36,405 | server.py:175 | configure_evaluate: strategy sampled 10 clients (out of 10)
2026-08-25 17:25:36,405 | INFO | flwr | configure_evaluate: strategy sampled 10 clients (out of 10)
simulation-0 | INFO flwr 2026-08-25 17:28:45,874 | server.py:189 | aggregate_evaluate: received 10 results and 0 failures
2026-08-25 17:28:45,874 | INFO | flwr | aggregate_evaluate: received 10 results and 0 failures
2026-08-25 17:28:45,890 | INFO | src.trainer.history | Round 26 evaluation metrics saved at 2026-08-25 17:28:45: loss=1.3462568373952635 metrics={'test_image_recall': 0.6990291262135923, 'test_recall': 0.6329458468176915, 'test_image_precision': 0.7134304207119742, 'test_image_accuracy': 0.7184466019417476, 'test_accuracy': 0.6515987055016181, 'test_precision': 0.6459261282556752, 'test_image_f1': 0.682274618585298, 'test_f1': 0.6216582453053091}
simulation-0 | INFO flwr 2026-08-25 17:28:45,890 | server.py:111 | 
2026-08-25 17:28:45,890 | INFO | flwr | 
simulation-0 | INFO flwr 2026-08-25 17:28:45,890 | server.py:112 | [ROUND 27]
2026-08-25 17:28:45,890 | INFO | flwr | [ROUND 27]
simulation-0 | INFO flwr 2026-08-25 17:28:45,890 | server.py:221 | configure_fit: strategy sampled 10 clients (out of 10)
2026-08-25 17:28:45,890 | INFO | flwr | configure_fit: strategy sampled 10 clients (out of 10)
simulation-0 | INFO flwr 2026-08-25 18:12:09,628 | server.py:235 | aggregate_fit: received 10 results and 0 failures
2026-08-25 18:12:09,628 | INFO | flwr | aggregate_fit: received 10 results and 0 failures
2026-08-25 18:12:10,006 | INFO | src.trainer.history | Round 27 fit metrics saved at 2026-08-25 18:12:10: {'val_image_accuracy': 0.593992673992674, 'train_image_f1': 0.9958124140344397, 'train_image_accuracy': 0.9956043956043956, 'val_recall': 0.5428220757020757, 'val_precision': 0.5328688104336781, 'val_f1': 0.511385369970722, 'train_recall': 0.9890468598068597, 'val_image_recall': 0.596117216117216, 'train_image_precision': 0.996003996003996, 'train_image_recall': 0.9960439560439561, 'train_precision': 0.9884138762257825, 'train_loss': 0.028928069438192865, 'val_image_f1': 0.5356860282574568, 'val_image_precision': 0.5144615384615384, 'val_loss': 2.760409703215583, 'train_f1': 0.9885630897618801, 'train_accuracy': 0.9883326007326009, 'val_accuracy': 0.5509564183964184}
simulation-0 | INFO flwr 2026-08-25 18:12:10,007 | server.py:175 | configure_evaluate: strategy sampled 10 clients (out of 10)
2026-08-25 18:12:10,007 | INFO | flwr | configure_evaluate: strategy sampled 10 clients (out of 10)
simulation-0 | INFO flwr 2026-08-25 18:15:17,514 | server.py:189 | aggregate_evaluate: received 10 results and 0 failures
2026-08-25 18:15:17,514 | INFO | flwr | aggregate_evaluate: received 10 results and 0 failures
2026-08-25 18:15:17,531 | INFO | src.trainer.history | Round 27 evaluation metrics saved at 2026-08-25 18:15:17: loss=1.1920465045621933 metrics={'test_image_recall': 0.7016181229773463, 'test_recall': 0.6527734627831716, 'test_image_precision': 0.7189320388349514, 'test_image_accuracy': 0.7184466019417476, 'test_accuracy': 0.6679676375404531, 'test_precision': 0.6598188992613109, 'test_image_f1': 0.682884882108183, 'test_f1': 0.6418923864224705}
simulation-0 | INFO flwr 2026-08-25 18:15:17,531 | server.py:111 | 
2026-08-25 18:15:17,531 | INFO | flwr | 
simulation-0 | INFO flwr 2026-08-25 18:15:17,531 | server.py:112 | [ROUND 28]
2026-08-25 18:15:17,531 | INFO | flwr | [ROUND 28]
simulation-0 | INFO flwr 2026-08-25 18:15:17,531 | server.py:221 | configure_fit: strategy sampled 10 clients (out of 10)
2026-08-25 18:15:17,531 | INFO | flwr | configure_fit: strategy sampled 10 clients (out of 10)
simulation-0 | INFO flwr 2026-08-25 18:58:38,008 | server.py:235 | aggregate_fit: received 10 results and 0 failures
2026-08-25 18:58:38,008 | INFO | flwr | aggregate_fit: received 10 results and 0 failures
2026-08-25 18:58:38,390 | INFO | src.trainer.history | Round 28 fit metrics saved at 2026-08-25 18:58:38: {'val_image_accuracy': 0.5847374847374847, 'train_image_f1': 1.0, 'train_image_accuracy': 1.0, 'val_recall': 0.5226431746031746, 'val_precision': 0.49932074620803574, 'val_f1': 0.4894875749774938, 'train_recall': 0.9888219452399454, 'val_image_recall': 0.5757509157509156, 'train_image_precision': 1.0, 'train_image_recall': 1.0, 'train_precision': 0.9887335458449267, 'train_loss': 0.028962798539696372, 'val_image_f1': 0.5256996336996337, 'val_image_precision': 0.5372893772893773, 'val_loss': 3.3324470570903113, 'train_f1': 0.9886482176084913, 'train_accuracy': 0.9888131868131869, 'val_accuracy': 0.536198485958486}
simulation-0 | INFO flwr 2026-08-25 18:58:38,391 | server.py:175 | configure_evaluate: strategy sampled 10 clients (out of 10)
2026-08-25 18:58:38,391 | INFO | flwr | configure_evaluate: strategy sampled 10 clients (out of 10)
simulation-0 | INFO flwr 2026-08-25 19:01:48,467 | server.py:189 | aggregate_evaluate: received 10 results and 0 failures
2026-08-25 19:01:48,467 | INFO | flwr | aggregate_evaluate: received 10 results and 0 failures
2026-08-25 19:01:48,484 | INFO | src.trainer.history | Round 28 evaluation metrics saved at 2026-08-25 19:01:48: loss=1.3297593075330174 metrics={'test_image_recall': 0.7061488673139159, 'test_recall': 0.6381292340884575, 'test_image_precision': 0.7205501618122978, 'test_image_accuracy': 0.7281553398058253, 'test_accuracy': 0.6564142394822007, 'test_precision': 0.652233733333898, 'test_image_f1': 0.6908183079056864, 'test_f1': 0.6281429279244835}
simulation-0 | INFO flwr 2026-08-25 19:01:48,484 | server.py:111 | 
2026-08-25 19:01:48,484 | INFO | flwr | 
simulation-0 | INFO flwr 2026-08-25 19:01:48,484 | server.py:112 | [ROUND 29]
2026-08-25 19:01:48,484 | INFO | flwr | [ROUND 29]
simulation-0 | INFO flwr 2026-08-25 19:01:48,484 | server.py:221 | configure_fit: strategy sampled 10 clients (out of 10)
2026-08-25 19:01:48,484 | INFO | flwr | configure_fit: strategy sampled 10 clients (out of 10)
simulation-0 | INFO flwr 2026-08-25 19:45:31,294 | server.py:235 | aggregate_fit: received 10 results and 0 failures
2026-08-25 19:45:31,294 | INFO | flwr | aggregate_fit: received 10 results and 0 failures
2026-08-25 19:45:31,675 | INFO | src.trainer.history | Round 29 fit metrics saved at 2026-08-25 19:45:31: {'val_image_accuracy': 0.5742124542124541, 'train_image_f1': 0.994120165548737, 'train_image_accuracy': 0.9934065934065934, 'val_recall': 0.5345907692307693, 'val_precision': 0.5415359489765589, 'val_f1': 0.4992165043170029, 'train_recall': 0.9808262343582344, 'val_image_recall': 0.5698168498168498, 'train_image_precision': 0.9949050949050949, 'train_image_recall': 0.9942457542457542, 'train_precision': 0.9811038593181548, 'train_loss': 0.027541659546170553, 'val_image_f1': 0.5135928833071689, 'val_image_precision': 0.5093772893772894, 'val_loss': 3.1155929477844166, 'train_f1': 0.9803725442178226, 'train_accuracy': 0.9792908424908425, 'val_accuracy': 0.5477276516076516}
simulation-0 | INFO flwr 2026-08-25 19:45:31,676 | server.py:175 | configure_evaluate: strategy sampled 10 clients (out of 10)
2026-08-25 19:45:31,676 | INFO | flwr | configure_evaluate: strategy sampled 10 clients (out of 10)
simulation-0 | INFO flwr 2026-08-25 19:48:38,948 | server.py:189 | aggregate_evaluate: received 10 results and 0 failures
2026-08-25 19:48:38,948 | INFO | flwr | aggregate_evaluate: received 10 results and 0 failures
2026-08-25 19:48:38,965 | INFO | src.trainer.history | Round 29 evaluation metrics saved at 2026-08-25 19:48:38: loss=1.3283673286062971 metrics={'test_image_recall': 0.7087378640776699, 'test_recall': 0.6346040992448759, 'test_image_precision': 0.7216828478964402, 'test_image_accuracy': 0.7281553398058253, 'test_accuracy': 0.653883495145631, 'test_precision': 0.6507826901016834, 'test_image_f1': 0.6949699491447063, 'test_f1': 0.6242487665063329}
simulation-0 | INFO flwr 2026-08-25 19:48:38,966 | server.py:111 | 
2026-08-25 19:48:38,966 | INFO | flwr | 
simulation-0 | INFO flwr 2026-08-25 19:48:38,966 | server.py:112 | [ROUND 30]
2026-08-25 19:48:38,966 | INFO | flwr | [ROUND 30]
simulation-0 | INFO flwr 2026-08-25 19:48:38,966 | server.py:221 | configure_fit: strategy sampled 10 clients (out of 10)
2026-08-25 19:48:38,966 | INFO | flwr | configure_fit: strategy sampled 10 clients (out of 10)
simulation-0 | INFO flwr 2026-08-25 20:32:03,465 | server.py:235 | aggregate_fit: received 10 results and 0 failures
2026-08-25 20:32:03,465 | INFO | flwr | aggregate_fit: received 10 results and 0 failures
2026-08-25 20:32:03,843 | INFO | src.trainer.history | Round 30 fit metrics saved at 2026-08-25 20:32:03: {'val_image_accuracy': 0.575970695970696, 'train_image_f1': 0.982783905105002, 'train_image_accuracy': 0.9824175824175824, 'val_recall': 0.5425504273504274, 'val_precision': 0.5397581542778122, 'val_f1': 0.5063826584485227, 'train_recall': 0.960325938061938, 'val_image_recall': 0.569084249084249, 'train_image_precision': 0.9898760063465946, 'train_image_recall': 0.9820912420912421, 'train_precision': 0.9663954772444008, 'train_loss': 0.02574861917804906, 'val_image_f1': 0.5013542647828363, 'val_image_precision': 0.49714285714285716, 'val_loss': 3.4370863149687767, 'train_f1': 0.9599574203928397, 'train_accuracy': 0.9595765567765568, 'val_accuracy': 0.5522541147741148}
simulation-0 | INFO flwr 2026-08-25 20:32:03,844 | server.py:175 | configure_evaluate: strategy sampled 10 clients (out of 10)
2026-08-25 20:32:03,844 | INFO | flwr | configure_evaluate: strategy sampled 10 clients (out of 10)
simulation-0 | INFO flwr 2026-08-25 20:35:15,659 | server.py:189 | aggregate_evaluate: received 10 results and 0 failures
2026-08-25 20:35:15,659 | INFO | flwr | aggregate_evaluate: received 10 results and 0 failures
2026-08-25 20:35:15,666 | INFO | src.trainer.history | Round 30 evaluation metrics saved at 2026-08-25 20:35:15: loss=1.3022577006440554 metrics={'test_image_recall': 0.7148867313915859, 'test_recall': 0.6370787486515642, 'test_image_precision': 0.7313915857605178, 'test_image_accuracy': 0.7378640776699029, 'test_accuracy': 0.652304207119741, 'test_precision': 0.6504806141974099, 'test_image_f1': 0.7007119741100324, 'test_f1': 0.6246810827586164}
simulation-0 | INFO flwr 2026-08-25 20:35:15,666 | server.py:111 | 
2026-08-25 20:35:15,666 | INFO | flwr | 
simulation-0 | INFO flwr 2026-08-25 20:35:15,666 | server.py:112 | [ROUND 31]
2026-08-25 20:35:15,666 | INFO | flwr | [ROUND 31]
simulation-0 | INFO flwr 2026-08-25 20:35:15,666 | server.py:221 | configure_fit: strategy sampled 10 clients (out of 10)
2026-08-25 20:35:15,666 | INFO | flwr | configure_fit: strategy sampled 10 clients (out of 10)
simulation-0 | INFO flwr 2026-08-25 21:18:59,619 | server.py:235 | aggregate_fit: received 10 results and 0 failures
2026-08-25 21:18:59,619 | INFO | flwr | aggregate_fit: received 10 results and 0 failures
2026-08-25 21:18:59,995 | INFO | src.trainer.history | Round 31 fit metrics saved at 2026-08-25 21:18:59: {'val_image_accuracy': 0.6157264957264957, 'train_image_f1': 1.0, 'train_image_accuracy': 1.0, 'val_recall': 0.5623152625152625, 'val_precision': 0.5552416571796757, 'val_f1': 0.5273659572673209, 'train_recall': 0.9934620507640507, 'val_image_recall': 0.6055677655677655, 'train_image_precision': 1.0, 'train_image_recall': 1.0, 'train_precision': 0.9936006819702605, 'train_loss': 0.02661376677518904, 'val_image_f1': 0.5329167974882261, 'val_image_precision': 0.5066959706959706, 'val_loss': 3.0200496206288943, 'train_f1': 0.9934703702651617, 'train_accuracy': 0.993425641025641, 'val_accuracy': 0.5767852014652015}
simulation-0 | INFO flwr 2026-08-25 21:18:59,997 | server.py:175 | configure_evaluate: strategy sampled 10 clients (out of 10)
2026-08-25 21:18:59,997 | INFO | flwr | configure_evaluate: strategy sampled 10 clients (out of 10)
simulation-0 | INFO flwr 2026-08-25 21:22:12,092 | server.py:189 | aggregate_evaluate: received 10 results and 0 failures
2026-08-25 21:22:12,092 | INFO | flwr | aggregate_evaluate: received 10 results and 0 failures
2026-08-25 21:22:12,109 | INFO | src.trainer.history | Round 31 evaluation metrics saved at 2026-08-25 21:22:12: loss=1.365856875035008 metrics={'test_image_recall': 0.6786407766990292, 'test_recall': 0.6313216828478965, 'test_image_precision': 0.6894822006472492, 'test_image_accuracy': 0.6990291262135923, 'test_accuracy': 0.6490097087378641, 'test_precision': 0.6430473222138193, 'test_image_f1': 0.6600832177531207, 'test_f1': 0.6189423246807411}
simulation-0 | INFO flwr 2026-08-25 21:22:12,109 | server.py:111 | 
2026-08-25 21:22:12,109 | INFO | flwr | 
simulation-0 | INFO flwr 2026-08-25 21:22:12,109 | server.py:112 | [ROUND 32]
2026-08-25 21:22:12,109 | INFO | flwr | [ROUND 32]
simulation-0 | INFO flwr 2026-08-25 21:22:12,109 | server.py:221 | configure_fit: strategy sampled 10 clients (out of 10)
2026-08-25 21:22:12,109 | INFO | flwr | configure_fit: strategy sampled 10 clients (out of 10)
simulation-0 | INFO flwr 2026-08-25 22:05:47,247 | server.py:235 | aggregate_fit: received 10 results and 0 failures
2026-08-25 22:05:47,247 | INFO | flwr | aggregate_fit: received 10 results and 0 failures
2026-08-25 22:05:47,625 | INFO | src.trainer.history | Round 32 fit metrics saved at 2026-08-25 22:05:47: {'val_image_accuracy': 0.5449572649572649, 'train_image_f1': 1.0, 'train_image_accuracy': 1.0, 'val_recall': 0.5307484737484737, 'val_precision': 0.526807025727798, 'val_f1': 0.49401610773145554, 'train_recall': 0.9935619159359161, 'val_image_recall': 0.5326739926739927, 'train_image_precision': 1.0, 'train_image_recall': 1.0, 'train_precision': 0.9936744841149019, 'train_loss': 0.02800257425280703, 'val_image_f1': 0.4724793301936159, 'val_image_precision': 0.4755311355311356, 'val_loss': 3.400985392280103, 'train_f1': 0.9935766615964111, 'train_accuracy': 0.9933831501831502, 'val_accuracy': 0.5377985347985348}
simulation-0 | INFO flwr 2026-08-25 22:05:47,626 | server.py:175 | configure_evaluate: strategy sampled 10 clients (out of 10)
2026-08-25 22:05:47,626 | INFO | flwr | configure_evaluate: strategy sampled 10 clients (out of 10)
simulation-0 | INFO flwr 2026-08-25 22:09:00,640 | server.py:189 | aggregate_evaluate: received 10 results and 0 failures
2026-08-25 22:09:00,640 | INFO | flwr | aggregate_evaluate: received 10 results and 0 failures
2026-08-25 22:09:00,656 | INFO | src.trainer.history | Round 32 evaluation metrics saved at 2026-08-25 22:09:00: loss=1.2540740760555853 metrics={'test_image_recall': 0.7252427184466018, 'test_recall': 0.6438487594390506, 'test_image_precision': 0.7455339805825243, 'test_image_accuracy': 0.7475728155339806, 'test_accuracy': 0.6592491909385113, 'test_precision': 0.6533837571792508, 'test_image_f1': 0.7066944059177069, 'test_f1': 0.6304451732952224}
simulation-0 | INFO flwr 2026-08-25 22:09:00,656 | server.py:111 | 
2026-08-25 22:09:00,656 | INFO | flwr | 
simulation-0 | INFO flwr 2026-08-25 22:09:00,656 | server.py:112 | [ROUND 33]
2026-08-25 22:09:00,656 | INFO | flwr | [ROUND 33]
simulation-0 | INFO flwr 2026-08-25 22:09:00,656 | server.py:221 | configure_fit: strategy sampled 10 clients (out of 10)
2026-08-25 22:09:00,656 | INFO | flwr | configure_fit: strategy sampled 10 clients (out of 10)
simulation-0 | INFO flwr 2026-08-25 22:52:36,980 | server.py:235 | aggregate_fit: received 10 results and 0 failures
2026-08-25 22:52:36,980 | INFO | flwr | aggregate_fit: received 10 results and 0 failures
2026-08-25 22:52:37,352 | INFO | src.trainer.history | Round 33 fit metrics saved at 2026-08-25 22:52:37: {'val_image_accuracy': 0.6480341880341879, 'train_image_f1': 0.9978477544864099, 'train_image_accuracy': 0.9978021978021978, 'val_recall': 0.5596652014652015, 'val_precision': 0.5487155820178626, 'val_f1': 0.522017886359918, 'train_recall': 0.9915133205313206, 'val_image_recall': 0.6458608058608059, 'train_image_precision': 0.9977533577533577, 'train_image_recall': 0.9981618381618382, 'train_precision': 0.9911446662333059, 'train_loss': 0.024295013496911228, 'val_image_f1': 0.5891282051282052, 'val_image_precision': 0.599047619047619, 'val_loss': 2.990299907613625, 'train_f1': 0.99118269348466, 'train_accuracy': 0.9911868131868132, 'val_accuracy': 0.5711887342287343}
simulation-0 | INFO flwr 2026-08-25 22:52:37,352 | server.py:175 | configure_evaluate: strategy sampled 10 clients (out of 10)
2026-08-25 22:52:37,352 | INFO | flwr | configure_evaluate: strategy sampled 10 clients (out of 10)
simulation-0 | INFO flwr 2026-08-25 22:55:45,520 | server.py:189 | aggregate_evaluate: received 10 results and 0 failures
2026-08-25 22:55:45,520 | INFO | flwr | aggregate_evaluate: received 10 results and 0 failures
2026-08-25 22:55:45,539 | INFO | src.trainer.history | Round 33 evaluation metrics saved at 2026-08-25 22:55:45: loss=1.321174446958443 metrics={'test_image_recall': 0.7061488673139159, 'test_recall': 0.634228910463862, 'test_image_precision': 0.7278317152103561, 'test_image_accuracy': 0.7281553398058253, 'test_accuracy': 0.6512686084142395, 'test_precision': 0.6515032076176072, 'test_image_f1': 0.6896162736939436, 'test_f1': 0.6215592967818352}
simulation-0 | INFO flwr 2026-08-25 22:55:45,539 | server.py:111 | 
2026-08-25 22:55:45,539 | INFO | flwr | 
simulation-0 | INFO flwr 2026-08-25 22:55:45,539 | server.py:112 | [ROUND 34]
2026-08-25 22:55:45,539 | INFO | flwr | [ROUND 34]
simulation-0 | INFO flwr 2026-08-25 22:55:45,539 | server.py:221 | configure_fit: strategy sampled 10 clients (out of 10)
2026-08-25 22:55:45,539 | INFO | flwr | configure_fit: strategy sampled 10 clients (out of 10)
simulation-0 | INFO flwr 2026-08-25 23:39:16,867 | server.py:235 | aggregate_fit: received 10 results and 0 failures
2026-08-25 23:39:16,867 | INFO | flwr | aggregate_fit: received 10 results and 0 failures
2026-08-25 23:39:17,251 | INFO | src.trainer.history | Round 34 fit metrics saved at 2026-08-25 23:39:17: {'val_image_accuracy': 0.6251770451770451, 'train_image_f1': 1.0, 'train_image_accuracy': 1.0, 'val_recall': 0.5686503052503052, 'val_precision': 0.5581161324208824, 'val_f1': 0.5303902463235419, 'train_recall': 0.9925927212787213, 'val_image_recall': 0.6262271062271062, 'train_image_precision': 1.0, 'train_image_recall': 1.0, 'train_precision': 0.9922463409977244, 'train_loss': 0.025161407731037918, 'val_image_f1': 0.5683516483516483, 'val_image_precision': 0.5646886446886447, 'val_loss': 3.240274867880146, 'train_f1': 0.9923528477718747, 'train_accuracy': 0.9923369963369963, 'val_accuracy': 0.5734977289377289}
simulation-0 | INFO flwr 2026-08-25 23:39:17,252 | server.py:175 | configure_evaluate: strategy sampled 10 clients (out of 10)
2026-08-25 23:39:17,252 | INFO | flwr | configure_evaluate: strategy sampled 10 clients (out of 10)
simulation-0 | INFO flwr 2026-08-25 23:42:26,591 | server.py:189 | aggregate_evaluate: received 10 results and 0 failures
2026-08-25 23:42:26,591 | INFO | flwr | aggregate_evaluate: received 10 results and 0 failures
2026-08-25 23:42:26,610 | INFO | src.trainer.history | Round 34 evaluation metrics saved at 2026-08-25 23:42:26: loss=1.2987711338520866 metrics={'test_image_recall': 0.7255663430420712, 'test_recall': 0.6392235167206042, 'test_image_precision': 0.7364077669902912, 'test_image_accuracy': 0.7475728155339806, 'test_accuracy': 0.6552427184466019, 'test_precision': 0.6514089457311023, 'test_image_f1': 0.7079981507165973, 'test_f1': 0.6256300109141366}
simulation-0 | INFO flwr 2026-08-25 23:42:26,610 | server.py:111 | 
2026-08-25 23:42:26,610 | INFO | flwr | 
simulation-0 | INFO flwr 2026-08-25 23:42:26,610 | server.py:112 | [ROUND 35]
2026-08-25 23:42:26,610 | INFO | flwr | [ROUND 35]
simulation-0 | INFO flwr 2026-08-25 23:42:26,611 | server.py:221 | configure_fit: strategy sampled 10 clients (out of 10)
2026-08-25 23:42:26,611 | INFO | flwr | configure_fit: strategy sampled 10 clients (out of 10)
simulation-0 | INFO flwr 2026-08-26 00:26:08,767 | server.py:235 | aggregate_fit: received 10 results and 0 failures
2026-08-26 00:26:08,767 | INFO | flwr | aggregate_fit: received 10 results and 0 failures
2026-08-26 00:26:09,144 | INFO | src.trainer.history | Round 35 fit metrics saved at 2026-08-26 00:26:09: {'val_image_accuracy': 0.6267399267399266, 'train_image_f1': 0.9971989914847057, 'train_image_accuracy': 0.9978021978021978, 'val_recall': 0.5483010012210012, 'val_precision': 0.542450562260567, 'val_f1': 0.5177932099629318, 'train_recall': 0.9856215195915196, 'val_image_recall': 0.6155311355311355, 'train_image_precision': 0.9981618381618382, 'train_image_recall': 0.9966300366300366, 'train_precision': 0.9868697142663845, 'train_loss': 0.02460112282331571, 'val_image_f1': 0.5527472527472528, 'val_image_precision': 0.541904761904762, 'val_loss': 3.178019831526506, 'train_f1': 0.9857257903305663, 'train_accuracy': 0.9861069597069597, 'val_accuracy': 0.5591288563288563}
simulation-0 | INFO flwr 2026-08-26 00:26:09,145 | server.py:175 | configure_evaluate: strategy sampled 10 clients (out of 10)
2026-08-26 00:26:09,145 | INFO | flwr | configure_evaluate: strategy sampled 10 clients (out of 10)
simulation-0 | INFO flwr 2026-08-26 00:29:19,088 | server.py:189 | aggregate_evaluate: received 10 results and 0 failures
2026-08-26 00:29:19,088 | INFO | flwr | aggregate_evaluate: received 10 results and 0 failures
2026-08-26 00:29:19,107 | INFO | src.trainer.history | Round 35 evaluation metrics saved at 2026-08-26 00:29:19: loss=1.2868316986659591 metrics={'test_image_recall': 0.7084142394822006, 'test_recall': 0.6429905070118662, 'test_image_precision': 0.7372815533980582, 'test_image_accuracy': 0.7281553398058253, 'test_accuracy': 0.6573203883495147, 'test_precision': 0.6550838778255091, 'test_image_f1': 0.6922699953767916, 'test_f1': 0.6304444592319971}
simulation-0 | INFO flwr 2026-08-26 00:29:19,107 | server.py:111 | 
2026-08-26 00:29:19,107 | INFO | flwr | 
simulation-0 | INFO flwr 2026-08-26 00:29:19,107 | server.py:112 | [ROUND 36]
2026-08-26 00:29:19,107 | INFO | flwr | [ROUND 36]
simulation-0 | INFO flwr 2026-08-26 00:29:19,108 | server.py:221 | configure_fit: strategy sampled 10 clients (out of 10)
2026-08-26 00:29:19,108 | INFO | flwr | configure_fit: strategy sampled 10 clients (out of 10)
simulation-0 | INFO flwr 2026-08-26 01:12:54,553 | server.py:235 | aggregate_fit: received 10 results and 0 failures
2026-08-26 01:12:54,553 | INFO | flwr | aggregate_fit: received 10 results and 0 failures
2026-08-26 01:12:54,929 | INFO | src.trainer.history | Round 36 fit metrics saved at 2026-08-26 01:12:54: {'val_image_accuracy': 0.6146275946275946, 'train_image_f1': 1.0, 'train_image_accuracy': 1.0, 'val_recall': 0.5507918925518925, 'val_precision': 0.5496935180513368, 'val_f1': 0.5214186385591633, 'train_recall': 0.9931101963961966, 'val_image_recall': 0.6068131868131869, 'train_image_precision': 1.0, 'train_image_recall': 1.0, 'train_precision': 0.9931289189658966, 'train_loss': 0.023897814232003742, 'val_image_f1': 0.55098273155416, 'val_image_precision': 0.5502564102564103, 'val_loss': 3.256570865394743, 'train_f1': 0.9930838677414083, 'train_accuracy': 0.9929318681318683, 'val_accuracy': 0.5596467562067562}
simulation-0 | INFO flwr 2026-08-26 01:12:54,930 | server.py:175 | configure_evaluate: strategy sampled 10 clients (out of 10)
2026-08-26 01:12:54,930 | INFO | flwr | configure_evaluate: strategy sampled 10 clients (out of 10)
simulation-0 | INFO flwr 2026-08-26 01:16:06,178 | server.py:189 | aggregate_evaluate: received 10 results and 0 failures
2026-08-26 01:16:06,178 | INFO | flwr | aggregate_evaluate: received 10 results and 0 failures
2026-08-26 01:16:06,197 | INFO | src.trainer.history | Round 36 evaluation metrics saved at 2026-08-26 01:16:06: loss=1.225943631692701 metrics={'test_image_recall': 0.7174757281553398, 'test_recall': 0.6540271844660193, 'test_image_precision': 0.7380906148867314, 'test_image_accuracy': 0.7378640776699029, 'test_accuracy': 0.668537216828479, 'test_precision': 0.6574730195207377, 'test_image_f1': 0.7000554785020804, 'test_f1': 0.6419330388237382}
simulation-0 | INFO flwr 2026-08-26 01:16:06,198 | server.py:111 | 
2026-08-26 01:16:06,198 | INFO | flwr | 
simulation-0 | INFO flwr 2026-08-26 01:16:06,198 | server.py:112 | [ROUND 37]
2026-08-26 01:16:06,198 | INFO | flwr | [ROUND 37]
simulation-0 | INFO flwr 2026-08-26 01:16:06,198 | server.py:221 | configure_fit: strategy sampled 10 clients (out of 10)
2026-08-26 01:16:06,198 | INFO | flwr | configure_fit: strategy sampled 10 clients (out of 10)
simulation-0 | INFO flwr 2026-08-26 01:59:40,630 | server.py:235 | aggregate_fit: received 10 results and 0 failures
2026-08-26 01:59:40,630 | INFO | flwr | aggregate_fit: received 10 results and 0 failures
2026-08-26 01:59:41,011 | INFO | src.trainer.history | Round 37 fit metrics saved at 2026-08-26 01:59:41: {'val_image_accuracy': 0.5941880341880343, 'train_image_f1': 1.0, 'train_image_accuracy': 1.0, 'val_recall': 0.5467680586080587, 'val_precision': 0.5351704436809359, 'val_f1': 0.5087483322746781, 'train_recall': 0.9863843717023717, 'val_image_recall': 0.5863736263736264, 'train_image_precision': 1.0, 'train_image_recall': 1.0, 'train_precision': 0.985888991903287, 'train_loss': 0.02164527390579218, 'val_image_f1': 0.531738356881214, 'val_image_precision': 0.5321538461538461, 'val_loss': 3.4247483139112282, 'train_f1': 0.9858071506451128, 'train_accuracy': 0.9859399267399267, 'val_accuracy': 0.5500378998778999}
simulation-0 | INFO flwr 2026-08-26 01:59:41,012 | server.py:175 | configure_evaluate: strategy sampled 10 clients (out of 10)
2026-08-26 01:59:41,012 | INFO | flwr | configure_evaluate: strategy sampled 10 clients (out of 10)
simulation-0 | INFO flwr 2026-08-26 02:02:49,822 | server.py:189 | aggregate_evaluate: received 10 results and 0 failures
2026-08-26 02:02:49,822 | INFO | flwr | aggregate_evaluate: received 10 results and 0 failures
2026-08-26 02:02:49,830 | INFO | src.trainer.history | Round 37 evaluation metrics saved at 2026-08-26 02:02:49: loss=1.3852726000451754 metrics={'test_image_recall': 0.7064724919093851, 'test_recall': 0.623846170442287, 'test_image_precision': 0.7304207119741098, 'test_image_accuracy': 0.7281553398058253, 'test_accuracy': 0.6360453074433656, 'test_precision': 0.6432220892940936, 'test_image_f1': 0.6946925566343042, 'test_f1': 0.6131151082466736}
simulation-0 | INFO flwr 2026-08-26 02:02:49,830 | server.py:111 | 
2026-08-26 02:02:49,830 | INFO | flwr | 
simulation-0 | INFO flwr 2026-08-26 02:02:49,830 | server.py:112 | [ROUND 38]
2026-08-26 02:02:49,830 | INFO | flwr | [ROUND 38]
simulation-0 | INFO flwr 2026-08-26 02:02:49,830 | server.py:221 | configure_fit: strategy sampled 10 clients (out of 10)
2026-08-26 02:02:49,830 | INFO | flwr | configure_fit: strategy sampled 10 clients (out of 10)
simulation-0 | INFO flwr 2026-08-26 02:46:09,380 | server.py:235 | aggregate_fit: received 10 results and 0 failures
2026-08-26 02:46:09,380 | INFO | flwr | aggregate_fit: received 10 results and 0 failures
2026-08-26 02:46:09,759 | INFO | src.trainer.history | Round 38 fit metrics saved at 2026-08-26 02:46:09: {'val_image_accuracy': 0.6168253968253967, 'train_image_f1': 1.0, 'train_image_accuracy': 1.0, 'val_recall': 0.5457615628815629, 'val_precision': 0.5315713552008693, 'val_f1': 0.5099290772523557, 'train_recall': 0.9942120981240982, 'val_image_recall': 0.6021978021978022, 'train_image_precision': 1.0, 'train_image_recall': 1.0, 'train_precision': 0.9942921944318219, 'train_loss': 0.02301413685543592, 'val_image_f1': 0.5424552590266876, 'val_image_precision': 0.5346080586080586, 'val_loss': 3.3330371411587048, 'train_f1': 0.9942310597885019, 'train_accuracy': 0.9942227106227106, 'val_accuracy': 0.558743199023199}
simulation-0 | INFO flwr 2026-08-26 02:46:09,760 | server.py:175 | configure_evaluate: strategy sampled 10 clients (out of 10)
2026-08-26 02:46:09,760 | INFO | flwr | configure_evaluate: strategy sampled 10 clients (out of 10)
simulation-0 | INFO flwr 2026-08-26 02:49:21,615 | server.py:189 | aggregate_evaluate: received 10 results and 0 failures
2026-08-26 02:49:21,615 | INFO | flwr | aggregate_evaluate: received 10 results and 0 failures
2026-08-26 02:49:21,635 | INFO | src.trainer.history | Round 38 evaluation metrics saved at 2026-08-26 02:49:21: loss=1.303730821749651 metrics={'test_image_recall': 0.713915857605178, 'test_recall': 0.6463825242718446, 'test_image_precision': 0.7345307443365697, 'test_image_accuracy': 0.7378640776699029, 'test_accuracy': 0.6642459546925567, 'test_precision': 0.6603933112688977, 'test_image_f1': 0.6973092926490985, 'test_f1': 0.636491884300404}
simulation-0 | INFO flwr 2026-08-26 02:49:21,636 | server.py:111 | 
2026-08-26 02:49:21,636 | INFO | flwr | 
simulation-0 | INFO flwr 2026-08-26 02:49:21,636 | server.py:112 | [ROUND 39]
2026-08-26 02:49:21,636 | INFO | flwr | [ROUND 39]
simulation-0 | INFO flwr 2026-08-26 02:49:21,636 | server.py:221 | configure_fit: strategy sampled 10 clients (out of 10)
2026-08-26 02:49:21,636 | INFO | flwr | configure_fit: strategy sampled 10 clients (out of 10)
simulation-0 | INFO flwr 2026-08-26 03:32:54,040 | server.py:235 | aggregate_fit: received 10 results and 0 failures
2026-08-26 03:32:54,040 | INFO | flwr | aggregate_fit: received 10 results and 0 failures
2026-08-26 03:32:54,420 | INFO | src.trainer.history | Round 39 fit metrics saved at 2026-08-26 03:32:54: {'val_image_accuracy': 0.5930891330891329, 'train_image_f1': 1.0, 'train_image_accuracy': 1.0, 'val_recall': 0.5479100366300367, 'val_precision': 0.5368963740619532, 'val_f1': 0.5132767539693837, 'train_recall': 0.9909252355052355, 'val_image_recall': 0.5828571428571429, 'train_image_precision': 1.0, 'train_image_recall': 1.0, 'train_precision': 0.9913173146783416, 'train_loss': 0.023189199644080068, 'val_image_f1': 0.527432757718472, 'val_image_precision': 0.5375457875457875, 'val_loss': 3.364552040108627, 'train_f1': 0.9909732506561655, 'train_accuracy': 0.9904410256410257, 'val_accuracy': 0.5583786080586081}
simulation-0 | INFO flwr 2026-08-26 03:32:54,421 | server.py:175 | configure_evaluate: strategy sampled 10 clients (out of 10)
2026-08-26 03:32:54,421 | INFO | flwr | configure_evaluate: strategy sampled 10 clients (out of 10)
simulation-0 | INFO flwr 2026-08-26 03:36:04,701 | server.py:189 | aggregate_evaluate: received 10 results and 0 failures
2026-08-26 03:36:04,701 | INFO | flwr | aggregate_evaluate: received 10 results and 0 failures
2026-08-26 03:36:04,721 | INFO | src.trainer.history | Round 39 evaluation metrics saved at 2026-08-26 03:36:04: loss=1.2764345457305812 metrics={'test_image_recall': 0.7275080906148867, 'test_recall': 0.6483948220064725, 'test_image_precision': 0.7326860841423949, 'test_image_accuracy': 0.7475728155339806, 'test_accuracy': 0.6636181229773462, 'test_precision': 0.6585833543384025, 'test_image_f1': 0.7095423023578363, 'test_f1': 0.6375298538554931}
simulation-0 | INFO flwr 2026-08-26 03:36:04,721 | server.py:111 | 
2026-08-26 03:36:04,721 | INFO | flwr | 
simulation-0 | INFO flwr 2026-08-26 03:36:04,721 | server.py:112 | [ROUND 40]
2026-08-26 03:36:04,721 | INFO | flwr | [ROUND 40]
simulation-0 | INFO flwr 2026-08-26 03:36:04,722 | server.py:221 | configure_fit: strategy sampled 10 clients (out of 10)
2026-08-26 03:36:04,722 | INFO | flwr | configure_fit: strategy sampled 10 clients (out of 10)
simulation-0 | INFO flwr 2026-08-26 04:19:45,050 | server.py:235 | aggregate_fit: received 10 results and 0 failures
2026-08-26 04:19:45,050 | INFO | flwr | aggregate_fit: received 10 results and 0 failures
2026-08-26 04:19:45,429 | INFO | src.trainer.history | Round 40 fit metrics saved at 2026-08-26 04:19:45: {'val_image_accuracy': 0.5838583638583639, 'train_image_f1': 1.0, 'train_image_accuracy': 1.0, 'val_recall': 0.5495861782661784, 'val_precision': 0.5457992838669673, 'val_f1': 0.5125750185645541, 'train_recall': 0.9964538077478079, 'val_image_recall': 0.5758974358974358, 'train_image_precision': 1.0, 'train_image_recall': 1.0, 'train_precision': 0.9963308107712301, 'train_loss': 0.022072241312699675, 'val_image_f1': 0.5137435897435897, 'val_image_precision': 0.5155311355311355, 'val_loss': 3.3614549502202853, 'train_f1': 0.9963781192322109, 'train_accuracy': 0.9963311355311355, 'val_accuracy': 0.5625740822140821}
simulation-0 | INFO flwr 2026-08-26 04:19:45,430 | server.py:175 | configure_evaluate: strategy sampled 10 clients (out of 10)
2026-08-26 04:19:45,430 | INFO | flwr | configure_evaluate: strategy sampled 10 clients (out of 10)
simulation-0 | INFO flwr 2026-08-26 04:22:57,554 | server.py:189 | aggregate_evaluate: received 10 results and 0 failures
2026-08-26 04:22:57,554 | INFO | flwr | aggregate_evaluate: received 10 results and 0 failures
2026-08-26 04:22:57,563 | INFO | src.trainer.history | Round 40 evaluation metrics saved at 2026-08-26 04:22:57: loss=1.3020194103544758 metrics={'test_image_recall': 0.7362459546925565, 'test_recall': 0.6466107874865156, 'test_image_precision': 0.7455339805825242, 'test_image_accuracy': 0.7572815533980582, 'test_accuracy': 0.6631262135922329, 'test_precision': 0.6557868232824814, 'test_image_f1': 0.71584835876098, 'test_f1': 0.6353585263586665}
simulation-0 | INFO flwr 2026-08-26 04:22:57,563 | server.py:111 | 
2026-08-26 04:22:57,563 | INFO | flwr | 
simulation-0 | INFO flwr 2026-08-26 04:22:57,563 | server.py:112 | [ROUND 41]
2026-08-26 04:22:57,563 | INFO | flwr | [ROUND 41]
simulation-0 | INFO flwr 2026-08-26 04:22:57,563 | server.py:221 | configure_fit: strategy sampled 10 clients (out of 10)
2026-08-26 04:22:57,563 | INFO | flwr | configure_fit: strategy sampled 10 clients (out of 10)
simulation-0 | INFO flwr 2026-08-26 05:06:16,589 | server.py:235 | aggregate_fit: received 10 results and 0 failures
2026-08-26 05:06:16,589 | INFO | flwr | aggregate_fit: received 10 results and 0 failures
2026-08-26 05:06:16,960 | INFO | src.trainer.history | Round 41 fit metrics saved at 2026-08-26 05:06:16: {'val_image_accuracy': 0.6049572649572649, 'train_image_f1': 1.0, 'train_image_accuracy': 1.0, 'val_recall': 0.5662329181929182, 'val_precision': 0.5688597655580083, 'val_f1': 0.5369947347790551, 'train_recall': 0.9921400784400785, 'val_image_recall': 0.5958974358974359, 'train_image_precision': 1.0, 'train_image_recall': 1.0, 'train_precision': 0.9920573193515815, 'train_loss': 0.020970006168401282, 'val_image_f1': 0.5319120879120879, 'val_image_precision': 0.5324542124542124, 'val_loss': 2.833352919191437, 'train_f1': 0.9920153564129307, 'train_accuracy': 0.9920234432234433, 'val_accuracy': 0.5772250549450548}
simulation-0 | INFO flwr 2026-08-26 05:06:16,961 | server.py:175 | configure_evaluate: strategy sampled 10 clients (out of 10)
2026-08-26 05:06:16,961 | INFO | flwr | configure_evaluate: strategy sampled 10 clients (out of 10)
simulation-0 | INFO flwr 2026-08-26 05:09:30,240 | server.py:189 | aggregate_evaluate: received 10 results and 0 failures
2026-08-26 05:09:30,240 | INFO | flwr | aggregate_evaluate: received 10 results and 0 failures
2026-08-26 05:09:30,260 | INFO | src.trainer.history | Round 41 evaluation metrics saved at 2026-08-26 05:09:30: loss=1.2729930362359638 metrics={'test_image_recall': 0.716504854368932, 'test_recall': 0.6456256742179073, 'test_image_precision': 0.7406796116504855, 'test_image_accuracy': 0.7378640776699029, 'test_accuracy': 0.6616634304207121, 'test_precision': 0.656155124144453, 'test_image_f1': 0.7019325011558021, 'test_f1': 0.6342871865885058}
simulation-0 | INFO flwr 2026-08-26 05:09:30,260 | server.py:111 | 
2026-08-26 05:09:30,260 | INFO | flwr | 
simulation-0 | INFO flwr 2026-08-26 05:09:30,261 | server.py:112 | [ROUND 42]
2026-08-26 05:09:30,261 | INFO | flwr | [ROUND 42]
simulation-0 | INFO flwr 2026-08-26 05:09:30,261 | server.py:221 | configure_fit: strategy sampled 10 clients (out of 10)
2026-08-26 05:09:30,261 | INFO | flwr | configure_fit: strategy sampled 10 clients (out of 10)
simulation-0 | INFO flwr 2026-08-26 05:53:03,991 | server.py:235 | aggregate_fit: received 10 results and 0 failures
2026-08-26 05:53:03,991 | INFO | flwr | aggregate_fit: received 10 results and 0 failures
2026-08-26 05:53:04,373 | INFO | src.trainer.history | Round 42 fit metrics saved at 2026-08-26 05:53:04: {'val_image_accuracy': 0.6153113553113553, 'train_image_f1': 0.996003996003996, 'train_image_accuracy': 0.9956043956043956, 'val_recall': 0.5704026862026862, 'val_precision': 0.5664099661354175, 'val_f1': 0.5393387077750179, 'train_recall': 0.9862013473933475, 'val_image_recall': 0.6130402930402931, 'train_image_precision': 0.9967032967032967, 'train_image_recall': 0.996043956043956, 'train_precision': 0.987087296868807, 'train_loss': 0.020949942927424352, 'val_image_f1': 0.5682930402930403, 'val_image_precision': 0.5728205128205128, 'val_loss': 3.1108225651950963, 'train_f1': 0.9862520418966993, 'train_accuracy': 0.9859223443223442, 'val_accuracy': 0.5787330891330892}
simulation-0 | INFO flwr 2026-08-26 05:53:04,374 | server.py:175 | configure_evaluate: strategy sampled 10 clients (out of 10)
2026-08-26 05:53:04,374 | INFO | flwr | configure_evaluate: strategy sampled 10 clients (out of 10)
simulation-0 | INFO flwr 2026-08-26 05:56:11,047 | server.py:189 | aggregate_evaluate: received 10 results and 0 failures
2026-08-26 05:56:11,047 | INFO | flwr | aggregate_evaluate: received 10 results and 0 failures
2026-08-26 05:56:11,068 | INFO | src.trainer.history | Round 42 evaluation metrics saved at 2026-08-26 05:56:11: loss=1.415752239934462 metrics={'test_image_recall': 0.7119741100323624, 'test_recall': 0.63241380798274, 'test_image_precision': 0.7361488673139159, 'test_image_accuracy': 0.7378640776699029, 'test_accuracy': 0.6489708737864077, 'test_precision': 0.6440656305987813, 'test_image_f1': 0.6946555709662505, 'test_f1': 0.6200134166165635}
simulation-0 | INFO flwr 2026-08-26 05:56:11,068 | server.py:111 | 
2026-08-26 05:56:11,068 | INFO | flwr | 
simulation-0 | INFO flwr 2026-08-26 05:56:11,069 | server.py:112 | [ROUND 43]
2026-08-26 05:56:11,069 | INFO | flwr | [ROUND 43]
simulation-0 | INFO flwr 2026-08-26 05:56:11,069 | server.py:221 | configure_fit: strategy sampled 10 clients (out of 10)
2026-08-26 05:56:11,069 | INFO | flwr | configure_fit: strategy sampled 10 clients (out of 10)
simulation-0 | INFO flwr 2026-08-26 06:39:47,876 | server.py:235 | aggregate_fit: received 10 results and 0 failures
2026-08-26 06:39:47,876 | INFO | flwr | aggregate_fit: received 10 results and 0 failures
2026-08-26 06:39:48,258 | INFO | src.trainer.history | Round 43 fit metrics saved at 2026-08-26 06:39:48: {'val_image_accuracy': 0.6170451770451771, 'train_image_f1': 1.0, 'train_image_accuracy': 1.0, 'val_recall': 0.5583695238095238, 'val_precision': 0.5618153403532083, 'val_f1': 0.5261864014615553, 'train_recall': 0.9940559809819809, 'val_image_recall': 0.6057875457875458, 'train_image_precision': 1.0, 'train_image_recall': 1.0, 'train_precision': 0.9942226370372835, 'train_loss': 0.02010540626855338, 'val_image_f1': 0.5578461538461539, 'val_image_precision': 0.5691575091575091, 'val_loss': 3.4085153074067542, 'train_f1': 0.9940589710851675, 'train_accuracy': 0.9937128205128204, 'val_accuracy': 0.5718408791208791}
simulation-0 | INFO flwr 2026-08-26 06:39:48,259 | server.py:175 | configure_evaluate: strategy sampled 10 clients (out of 10)
2026-08-26 06:39:48,259 | INFO | flwr | configure_evaluate: strategy sampled 10 clients (out of 10)
simulation-0 | INFO flwr 2026-08-26 06:42:59,245 | server.py:189 | aggregate_evaluate: received 10 results and 0 failures
2026-08-26 06:42:59,245 | INFO | flwr | aggregate_evaluate: received 10 results and 0 failures
2026-08-26 06:42:59,265 | INFO | src.trainer.history | Round 43 evaluation metrics saved at 2026-08-26 06:42:59: loss=1.3971658185454099 metrics={'test_image_recall': 0.7032362459546926, 'test_recall': 0.6362724919093852, 'test_image_precision': 0.7291909385113269, 'test_image_accuracy': 0.7281553398058253, 'test_accuracy': 0.6529967637540453, 'test_precision': 0.6500668588936992, 'test_image_f1': 0.6871382339343503, 'test_f1': 0.6232894378735984}
simulation-0 | INFO flwr 2026-08-26 06:42:59,265 | server.py:111 | 
2026-08-26 06:42:59,265 | INFO | flwr | 
simulation-0 | INFO flwr 2026-08-26 06:42:59,266 | server.py:112 | [ROUND 44]
2026-08-26 06:42:59,266 | INFO | flwr | [ROUND 44]
simulation-0 | INFO flwr 2026-08-26 06:42:59,266 | server.py:221 | configure_fit: strategy sampled 10 clients (out of 10)
2026-08-26 06:42:59,266 | INFO | flwr | configure_fit: strategy sampled 10 clients (out of 10)
simulation-0 | INFO flwr 2026-08-26 07:26:29,359 | server.py:235 | aggregate_fit: received 10 results and 0 failures
2026-08-26 07:26:29,359 | INFO | flwr | aggregate_fit: received 10 results and 0 failures
2026-08-26 07:26:29,742 | INFO | src.trainer.history | Round 44 fit metrics saved at 2026-08-26 07:26:29: {'val_image_accuracy': 0.6033943833943833, 'train_image_f1': 0.9959398496240601, 'train_image_accuracy': 0.9956043956043956, 'val_recall': 0.5570832722832723, 'val_precision': 0.5535047445678729, 'val_f1': 0.5184809404529437, 'train_recall': 0.9882897315277316, 'val_image_recall': 0.5956776556776556, 'train_image_precision': 0.996043956043956, 'train_image_recall': 0.996043956043956, 'train_precision': 0.9881572641855471, 'train_loss': 0.01893245320506104, 'val_image_f1': 0.5330340136054422, 'val_image_precision': 0.515084249084249, 'val_loss': 3.316000723180179, 'train_f1': 0.9878858247687261, 'train_accuracy': 0.9875648351648353, 'val_accuracy': 0.5665584696784697}
simulation-0 | INFO flwr 2026-08-26 07:26:29,743 | server.py:175 | configure_evaluate: strategy sampled 10 clients (out of 10)
2026-08-26 07:26:29,743 | INFO | flwr | configure_evaluate: strategy sampled 10 clients (out of 10)
simulation-0 | INFO flwr 2026-08-26 07:29:41,426 | server.py:189 | aggregate_evaluate: received 10 results and 0 failures
2026-08-26 07:29:41,426 | INFO | flwr | aggregate_evaluate: received 10 results and 0 failures
2026-08-26 07:29:41,449 | INFO | src.trainer.history | Round 44 evaluation metrics saved at 2026-08-26 07:29:41: loss=1.2319425237375554 metrics={'test_image_recall': 0.6996763754045308, 'test_recall': 0.6577641855447681, 'test_image_precision': 0.7176375404530744, 'test_image_accuracy': 0.7184466019417476, 'test_accuracy': 0.6742265372168286, 'test_precision': 0.6627043799487359, 'test_image_f1': 0.6826259824318076, 'test_f1': 0.6461546745196629}
simulation-0 | INFO flwr 2026-08-26 07:29:41,449 | server.py:111 | 
2026-08-26 07:29:41,449 | INFO | flwr | 
simulation-0 | INFO flwr 2026-08-26 07:29:41,449 | server.py:112 | [ROUND 45]
2026-08-26 07:29:41,449 | INFO | flwr | [ROUND 45]
simulation-0 | INFO flwr 2026-08-26 07:29:41,449 | server.py:221 | configure_fit: strategy sampled 10 clients (out of 10)
2026-08-26 07:29:41,449 | INFO | flwr | configure_fit: strategy sampled 10 clients (out of 10)
simulation-0 | INFO flwr 2026-08-26 08:13:24,617 | server.py:235 | aggregate_fit: received 10 results and 0 failures
2026-08-26 08:13:24,617 | INFO | flwr | aggregate_fit: received 10 results and 0 failures
2026-08-26 08:13:25,000 | INFO | src.trainer.history | Round 45 fit metrics saved at 2026-08-26 08:13:25: {'val_image_accuracy': 0.5533089133089133, 'train_image_f1': 1.0, 'train_image_accuracy': 1.0, 'val_recall': 0.5446388766788767, 'val_precision': 0.5325264664515392, 'val_f1': 0.5024403519296979, 'train_recall': 0.9950913382913384, 'val_image_recall': 0.5520879120879121, 'train_image_precision': 1.0, 'train_image_recall': 1.0, 'train_precision': 0.9948797454406433, 'train_loss': 0.01946074400525253, 'val_image_f1': 0.4807702773417059, 'val_image_precision': 0.4566593406593407, 'val_loss': 3.4517501424877466, 'train_f1': 0.9949634824502168, 'train_accuracy': 0.9949553113553113, 'val_accuracy': 0.5548327716727717}
simulation-0 | INFO flwr 2026-08-26 08:13:25,001 | server.py:175 | configure_evaluate: strategy sampled 10 clients (out of 10)
2026-08-26 08:13:25,001 | INFO | flwr | configure_evaluate: strategy sampled 10 clients (out of 10)
simulation-0 | INFO flwr 2026-08-26 08:16:33,193 | server.py:189 | aggregate_evaluate: received 10 results and 0 failures
2026-08-26 08:16:33,193 | INFO | flwr | aggregate_evaluate: received 10 results and 0 failures
2026-08-26 08:16:33,215 | INFO | src.trainer.history | Round 45 evaluation metrics saved at 2026-08-26 08:16:33: loss=1.3284489966753643 metrics={'test_image_recall': 0.7087378640776699, 'test_recall': 0.649178640776699, 'test_image_precision': 0.7215857605177994, 'test_image_accuracy': 0.7281553398058253, 'test_accuracy': 0.66515857605178, 'test_precision': 0.6518927994461895, 'test_image_f1': 0.6891539528432731, 'test_f1': 0.6356636331451733}
simulation-0 | INFO flwr 2026-08-26 08:16:33,215 | server.py:111 | 
2026-08-26 08:16:33,215 | INFO | flwr | 
simulation-0 | INFO flwr 2026-08-26 08:16:33,215 | server.py:112 | [ROUND 46]
2026-08-26 08:16:33,215 | INFO | flwr | [ROUND 46]
simulation-0 | INFO flwr 2026-08-26 08:16:33,215 | server.py:221 | configure_fit: strategy sampled 10 clients (out of 10)
2026-08-26 08:16:33,215 | INFO | flwr | configure_fit: strategy sampled 10 clients (out of 10)
simulation-0 | INFO flwr 2026-08-26 09:00:16,719 | server.py:235 | aggregate_fit: received 10 results and 0 failures
2026-08-26 09:00:16,719 | INFO | flwr | aggregate_fit: received 10 results and 0 failures
2026-08-26 09:00:17,096 | INFO | src.trainer.history | Round 46 fit metrics saved at 2026-08-26 09:00:17: {'val_image_accuracy': 0.6063247863247864, 'train_image_f1': 0.9952769035475802, 'train_image_accuracy': 0.9956043956043956, 'val_recall': 0.571694945054945, 'val_precision': 0.5612879302653481, 'val_f1': 0.5362969814725221, 'train_recall': 0.9856666103526105, 'val_image_recall': 0.5961904761904762, 'train_image_precision': 0.9964035964035964, 'train_image_recall': 0.9947252747252747, 'train_precision': 0.9855918595350549, 'train_loss': 0.020008105147034255, 'val_image_f1': 0.5368351648351648, 'val_image_precision': 0.531025641025641, 'val_loss': 3.0677437487250026, 'train_f1': 0.9854871222329118, 'train_accuracy': 0.9856923076923078, 'val_accuracy': 0.5837431013431014}
simulation-0 | INFO flwr 2026-08-26 09:00:17,097 | server.py:175 | configure_evaluate: strategy sampled 10 clients (out of 10)
2026-08-26 09:00:17,097 | INFO | flwr | configure_evaluate: strategy sampled 10 clients (out of 10)
simulation-0 | INFO flwr 2026-08-26 09:03:28,154 | server.py:189 | aggregate_evaluate: received 10 results and 0 failures
2026-08-26 09:03:28,154 | INFO | flwr | aggregate_evaluate: received 10 results and 0 failures
2026-08-26 09:03:28,176 | INFO | src.trainer.history | Round 46 evaluation metrics saved at 2026-08-26 09:03:28: loss=1.3107411659830064 metrics={'test_image_recall': 0.7333333333333332, 'test_recall': 0.6452537216828478, 'test_image_precision': 0.73789644012945, 'test_image_accuracy': 0.7572815533980582, 'test_accuracy': 0.662588996763754, 'test_precision': 0.6558037054610673, 'test_image_f1': 0.7093943596856218, 'test_f1': 0.633506592743249}
simulation-0 | INFO flwr 2026-08-26 09:03:28,176 | server.py:111 | 
2026-08-26 09:03:28,176 | INFO | flwr | 
simulation-0 | INFO flwr 2026-08-26 09:03:28,176 | server.py:112 | [ROUND 47]
2026-08-26 09:03:28,176 | INFO | flwr | [ROUND 47]
simulation-0 | INFO flwr 2026-08-26 09:03:28,176 | server.py:221 | configure_fit: strategy sampled 10 clients (out of 10)
2026-08-26 09:03:28,176 | INFO | flwr | configure_fit: strategy sampled 10 clients (out of 10)
simulation-0 | INFO flwr 2026-08-26 09:47:11,928 | server.py:235 | aggregate_fit: received 10 results and 0 failures
2026-08-26 09:47:11,928 | INFO | flwr | aggregate_fit: received 10 results and 0 failures
2026-08-26 09:47:12,314 | INFO | src.trainer.history | Round 47 fit metrics saved at 2026-08-26 09:47:12: {'val_image_accuracy': 0.5950671550671551, 'train_image_f1': 0.9970976392029023, 'train_image_accuracy': 0.9978021978021978, 'val_recall': 0.550967619047619, 'val_precision': 0.5339456754003731, 'val_f1': 0.509859441606089, 'train_recall': 0.9901324041884041, 'val_image_recall': 0.6027838827838827, 'train_image_precision': 0.997978021978022, 'train_image_recall': 0.9966300366300366, 'train_precision': 0.9908856127825997, 'train_loss': 0.0190643484756997, 'val_image_f1': 0.5253919413919413, 'val_image_precision': 0.49926739926739927, 'val_loss': 3.4270718662355413, 'train_f1': 0.9903428243929172, 'train_accuracy': 0.9907282051282053, 'val_accuracy': 0.5571491412291413}
simulation-0 | INFO flwr 2026-08-26 09:47:12,315 | server.py:175 | configure_evaluate: strategy sampled 10 clients (out of 10)
2026-08-26 09:47:12,315 | INFO | flwr | configure_evaluate: strategy sampled 10 clients (out of 10)
simulation-0 | INFO flwr 2026-08-26 09:50:23,172 | server.py:189 | aggregate_evaluate: received 10 results and 0 failures
2026-08-26 09:50:23,172 | INFO | flwr | aggregate_evaluate: received 10 results and 0 failures
2026-08-26 09:50:23,194 | INFO | src.trainer.history | Round 47 evaluation metrics saved at 2026-08-26 09:50:23: loss=1.249196993300667 metrics={'test_image_recall': 0.7440129449838186, 'test_recall': 0.66162761596548, 'test_image_precision': 0.7597734627831715, 'test_image_accuracy': 0.7669902912621359, 'test_accuracy': 0.6786148867313916, 'test_precision': 0.6690349347449364, 'test_image_f1': 0.7246879334257975, 'test_f1': 0.6495565616931014}
simulation-0 | INFO flwr 2026-08-26 09:50:23,195 | server.py:111 | 
2026-08-26 09:50:23,195 | INFO | flwr | 
simulation-0 | INFO flwr 2026-08-26 09:50:23,195 | server.py:112 | [ROUND 48]
2026-08-26 09:50:23,195 | INFO | flwr | [ROUND 48]
simulation-0 | INFO flwr 2026-08-26 09:50:23,195 | server.py:221 | configure_fit: strategy sampled 10 clients (out of 10)
2026-08-26 09:50:23,195 | INFO | flwr | configure_fit: strategy sampled 10 clients (out of 10)
simulation-0 | INFO flwr 2026-08-26 10:34:03,476 | server.py:235 | aggregate_fit: received 10 results and 0 failures
2026-08-26 10:34:03,476 | INFO | flwr | aggregate_fit: received 10 results and 0 failures
2026-08-26 10:34:03,860 | INFO | src.trainer.history | Round 48 fit metrics saved at 2026-08-26 10:34:03: {'val_image_accuracy': 0.5651770451770451, 'train_image_f1': 1.0, 'train_image_accuracy': 1.0, 'val_recall': 0.5258999267399267, 'val_precision': 0.5246499485162661, 'val_f1': 0.48841733702190093, 'train_recall': 0.9909569622969624, 'val_image_recall': 0.5363369963369964, 'train_image_precision': 1.0, 'train_image_recall': 1.0, 'train_precision': 0.990816504653162, 'train_loss': 0.019867506882410197, 'val_image_f1': 0.4725630559916274, 'val_image_precision': 0.4528571428571429, 'val_loss': 3.5599866252247447, 'train_f1': 0.9906976509982939, 'train_accuracy': 0.9903252747252749, 'val_accuracy': 0.5386210826210827}
simulation-0 | INFO flwr 2026-08-26 10:34:03,861 | server.py:175 | configure_evaluate: strategy sampled 10 clients (out of 10)
2026-08-26 10:34:03,861 | INFO | flwr | configure_evaluate: strategy sampled 10 clients (out of 10)
simulation-0 | INFO flwr 2026-08-26 10:37:16,857 | server.py:189 | aggregate_evaluate: received 10 results and 0 failures
2026-08-26 10:37:16,857 | INFO | flwr | aggregate_evaluate: received 10 results and 0 failures
2026-08-26 10:37:16,880 | INFO | src.trainer.history | Round 48 evaluation metrics saved at 2026-08-26 10:37:16: loss=1.4007407110100694 metrics={'test_image_recall': 0.7048543689320388, 'test_recall': 0.6351091693635383, 'test_image_precision': 0.7126213592233009, 'test_image_accuracy': 0.7281553398058253, 'test_accuracy': 0.6496375404530744, 'test_precision': 0.6519021011045281, 'test_image_f1': 0.6859546925566343, 'test_f1': 0.6238543823191075}
simulation-0 | INFO flwr 2026-08-26 10:37:16,880 | server.py:111 | 
2026-08-26 10:37:16,880 | INFO | flwr | 
simulation-0 | INFO flwr 2026-08-26 10:37:16,880 | server.py:112 | [ROUND 49]
2026-08-26 10:37:16,880 | INFO | flwr | [ROUND 49]
simulation-0 | INFO flwr 2026-08-26 10:37:16,880 | server.py:221 | configure_fit: strategy sampled 10 clients (out of 10)
2026-08-26 10:37:16,880 | INFO | flwr | configure_fit: strategy sampled 10 clients (out of 10)
simulation-0 | INFO flwr 2026-08-26 11:20:50,934 | server.py:235 | aggregate_fit: received 10 results and 0 failures
2026-08-26 11:20:50,934 | INFO | flwr | aggregate_fit: received 10 results and 0 failures
2026-08-26 11:20:51,309 | INFO | src.trainer.history | Round 49 fit metrics saved at 2026-08-26 11:20:51: {'val_image_accuracy': 0.5625396825396826, 'train_image_f1': 0.9960759040458289, 'train_image_accuracy': 0.9956043956043956, 'val_recall': 0.5426884493284494, 'val_precision': 0.525465801175315, 'val_f1': 0.5042111244668388, 'train_recall': 0.9901499049099048, 'val_image_recall': 0.5556776556776557, 'train_image_precision': 0.9963369963369965, 'train_image_recall': 0.9961838161838162, 'train_precision': 0.9906187894666927, 'train_loss': 0.018850029499700716, 'val_image_f1': 0.4750706436420722, 'val_image_precision': 0.4501391941391942, 'val_loss': 3.309514698542223, 'train_f1': 0.9901977049170364, 'train_accuracy': 0.990043956043956, 'val_accuracy': 0.5562187057387058}
simulation-0 | INFO flwr 2026-08-26 11:20:51,310 | server.py:175 | configure_evaluate: strategy sampled 10 clients (out of 10)
2026-08-26 11:20:51,310 | INFO | flwr | configure_evaluate: strategy sampled 10 clients (out of 10)
simulation-0 | INFO flwr 2026-08-26 11:24:01,398 | server.py:189 | aggregate_evaluate: received 10 results and 0 failures
2026-08-26 11:24:01,398 | INFO | flwr | aggregate_evaluate: received 10 results and 0 failures
2026-08-26 11:24:01,423 | INFO | src.trainer.history | Round 49 evaluation metrics saved at 2026-08-26 11:24:01: loss=1.4412820463262939 metrics={'test_image_recall': 0.6889967637540453, 'test_recall': 0.6246012944983819, 'test_image_precision': 0.6898058252427184, 'test_image_accuracy': 0.7087378640776699, 'test_accuracy': 0.6409255663430421, 'test_precision': 0.6440257847255128, 'test_image_f1': 0.671169671752196, 'test_f1': 0.6134789246973894}
simulation-0 | INFO flwr 2026-08-26 11:24:01,423 | server.py:111 | 
2026-08-26 11:24:01,423 | INFO | flwr | 
simulation-0 | INFO flwr 2026-08-26 11:24:01,423 | server.py:112 | [ROUND 50]
2026-08-26 11:24:01,423 | INFO | flwr | [ROUND 50]
simulation-0 | INFO flwr 2026-08-26 11:24:01,423 | server.py:221 | configure_fit: strategy sampled 10 clients (out of 10)
2026-08-26 11:24:01,423 | INFO | flwr | configure_fit: strategy sampled 10 clients (out of 10)
simulation-0 | INFO flwr 2026-08-26 12:07:43,954 | server.py:235 | aggregate_fit: received 10 results and 0 failures
2026-08-26 12:07:43,954 | INFO | flwr | aggregate_fit: received 10 results and 0 failures
2026-08-26 12:07:44,340 | INFO | src.trainer.history | Round 50 fit metrics saved at 2026-08-26 12:07:44: {'val_image_accuracy': 0.5838827838827838, 'train_image_f1': 1.0, 'train_image_accuracy': 1.0, 'val_recall': 0.5654599755799755, 'val_precision': 0.5692461483860584, 'val_f1': 0.5276327594606184, 'train_recall': 0.9946307425167425, 'val_image_recall': 0.5828571428571429, 'train_image_precision': 1.0, 'train_image_recall': 1.0, 'train_precision': 0.9945815046447847, 'train_loss': 0.019305724121128427, 'val_image_f1': 0.522865515436944, 'val_image_precision': 0.5157435897435897, 'val_loss': 3.243699005894191, 'train_f1': 0.9945807969721133, 'train_accuracy': 0.9943179487179488, 'val_accuracy': 0.5697938787138787}
simulation-0 | INFO flwr 2026-08-26 12:07:44,341 | server.py:175 | configure_evaluate: strategy sampled 10 clients (out of 10)
2026-08-26 12:07:44,341 | INFO | flwr | configure_evaluate: strategy sampled 10 clients (out of 10)
simulation-0 | INFO flwr 2026-08-26 12:10:52,391 | server.py:189 | aggregate_evaluate: received 10 results and 0 failures
2026-08-26 12:10:52,391 | INFO | flwr | aggregate_evaluate: received 10 results and 0 failures
2026-08-26 12:10:52,415 | INFO | src.trainer.history | Round 50 evaluation metrics saved at 2026-08-26 12:10:52: loss=1.4292950553828472 metrics={'test_image_recall': 0.6935275080906148, 'test_recall': 0.6225067961165048, 'test_image_precision': 0.6975728155339807, 'test_image_accuracy': 0.7087378640776699, 'test_accuracy': 0.6357864077669902, 'test_precision': 0.638424794429498, 'test_image_f1': 0.6713915857605178, 'test_f1': 0.6100737834212346}
simulation-0 | INFO flwr 2026-08-26 12:10:52,415 | server.py:111 | 
2026-08-26 12:10:52,415 | INFO | flwr | 
simulation-0 | INFO flwr 2026-08-26 12:10:52,415 | server.py:112 | [ROUND 51]
2026-08-26 12:10:52,415 | INFO | flwr | [ROUND 51]
simulation-0 | INFO flwr 2026-08-26 12:10:52,415 | server.py:221 | configure_fit: strategy sampled 10 clients (out of 10)
2026-08-26 12:10:52,415 | INFO | flwr | configure_fit: strategy sampled 10 clients (out of 10)
simulation-0 | INFO flwr 2026-08-26 12:54:19,843 | server.py:235 | aggregate_fit: received 10 results and 0 failures
2026-08-26 12:54:19,843 | INFO | flwr | aggregate_fit: received 10 results and 0 failures
2026-08-26 12:54:20,223 | INFO | src.trainer.history | Round 51 fit metrics saved at 2026-08-26 12:54:20: {'val_image_accuracy': 0.613089133089133, 'train_image_f1': 0.9959115630057691, 'train_image_accuracy': 0.9956043956043956, 'val_recall': 0.5655724053724055, 'val_precision': 0.559472110300308, 'val_f1': 0.5333120357563144, 'train_recall': 0.989336730898731, 'val_image_recall': 0.5896703296703296, 'train_image_precision': 0.996003996003996, 'train_image_recall': 0.9962237762237761, 'train_precision': 0.9888294084778791, 'train_loss': 0.018251293649783833, 'val_image_f1': 0.5404186289900575, 'val_image_precision': 0.5511721611721612, 'val_loss': 3.393840501645911, 'train_f1': 0.9888709429720114, 'train_accuracy': 0.9886813186813187, 'val_accuracy': 0.5773767195767197}
simulation-0 | INFO flwr 2026-08-26 12:54:20,224 | server.py:175 | configure_evaluate: strategy sampled 10 clients (out of 10)
2026-08-26 12:54:20,224 | INFO | flwr | configure_evaluate: strategy sampled 10 clients (out of 10)
simulation-0 | INFO flwr 2026-08-26 12:57:31,574 | server.py:189 | aggregate_evaluate: received 10 results and 0 failures
2026-08-26 12:57:31,574 | INFO | flwr | aggregate_evaluate: received 10 results and 0 failures
2026-08-26 12:57:31,598 | INFO | src.trainer.history | Round 51 evaluation metrics saved at 2026-08-26 12:57:31: loss=1.4937367349719035 metrics={'test_image_recall': 0.7304207119741101, 'test_recall': 0.6264623516720604, 'test_image_precision': 0.7527831715210356, 'test_image_accuracy': 0.7475728155339806, 'test_accuracy': 0.6375404530744335, 'test_precision': 0.6456309563749298, 'test_image_f1': 0.7160332871012481, 'test_f1': 0.6156495387065437}
simulation-0 | INFO flwr 2026-08-26 12:57:31,598 | server.py:111 | 
2026-08-26 12:57:31,598 | INFO | flwr | 
simulation-0 | INFO flwr 2026-08-26 12:57:31,599 | server.py:112 | [ROUND 52]
2026-08-26 12:57:31,599 | INFO | flwr | [ROUND 52]
simulation-0 | INFO flwr 2026-08-26 12:57:31,599 | server.py:221 | configure_fit: strategy sampled 10 clients (out of 10)
2026-08-26 12:57:31,599 | INFO | flwr | configure_fit: strategy sampled 10 clients (out of 10)
simulation-0 | INFO flwr 2026-08-26 13:41:02,221 | server.py:235 | aggregate_fit: received 10 results and 0 failures
2026-08-26 13:41:02,221 | INFO | flwr | aggregate_fit: received 10 results and 0 failures
2026-08-26 13:41:02,599 | INFO | src.trainer.history | Round 52 fit metrics saved at 2026-08-26 13:41:02: {'val_image_accuracy': 0.5946520146520147, 'train_image_f1': 1.0, 'train_image_accuracy': 1.0, 'val_recall': 0.5478052258852258, 'val_precision': 0.5292273955165127, 'val_f1': 0.5125390815272761, 'train_recall': 0.9949404445924449, 'val_image_recall': 0.5723809523809524, 'train_image_precision': 1.0, 'train_image_recall': 1.0, 'train_precision': 0.9942618039461358, 'train_loss': 0.017843675955802316, 'val_image_f1': 0.511905808477237, 'val_image_precision': 0.48563369963369957, 'val_loss': 3.131877718407983, 'train_f1': 0.9945626391027858, 'train_accuracy': 0.9947604395604394, 'val_accuracy': 0.5687236792836792}
simulation-0 | INFO flwr 2026-08-26 13:41:02,600 | server.py:175 | configure_evaluate: strategy sampled 10 clients (out of 10)
2026-08-26 13:41:02,600 | INFO | flwr | configure_evaluate: strategy sampled 10 clients (out of 10)
simulation-0 | INFO flwr 2026-08-26 13:44:14,273 | server.py:189 | aggregate_evaluate: received 10 results and 0 failures
2026-08-26 13:44:14,273 | INFO | flwr | aggregate_evaluate: received 10 results and 0 failures
2026-08-26 13:44:14,298 | INFO | src.trainer.history | Round 52 evaluation metrics saved at 2026-08-26 13:44:14: loss=1.3014530706584018 metrics={'test_image_recall': 0.6776699029126213, 'test_recall': 0.6544983818770227, 'test_image_precision': 0.6775080906148867, 'test_image_accuracy': 0.6990291262135923, 'test_accuracy': 0.6707443365695793, 'test_precision': 0.6565511923285605, 'test_image_f1': 0.6574479889042996, 'test_f1': 0.6431274478515014}
simulation-0 | INFO flwr 2026-08-26 13:44:14,298 | server.py:111 | 
2026-08-26 13:44:14,298 | INFO | flwr | 
simulation-0 | INFO flwr 2026-08-26 13:44:14,299 | server.py:112 | [ROUND 53]
2026-08-26 13:44:14,299 | INFO | flwr | [ROUND 53]
simulation-0 | INFO flwr 2026-08-26 13:44:14,299 | server.py:221 | configure_fit: strategy sampled 10 clients (out of 10)
2026-08-26 13:44:14,299 | INFO | flwr | configure_fit: strategy sampled 10 clients (out of 10)
simulation-0 | INFO flwr 2026-08-26 14:27:36,257 | server.py:235 | aggregate_fit: received 10 results and 0 failures
2026-08-26 14:27:36,257 | INFO | flwr | aggregate_fit: received 10 results and 0 failures
2026-08-26 14:27:36,640 | INFO | src.trainer.history | Round 53 fit metrics saved at 2026-08-26 14:27:36: {'val_image_accuracy': 0.5863003663003663, 'train_image_f1': 0.9972827172827172, 'train_image_accuracy': 0.9978021978021978, 'val_recall': 0.5518658852258852, 'val_precision': 0.5575830499241498, 'val_f1': 0.5240897572557521, 'train_recall': 0.992554387982388, 'val_image_recall': 0.5794139194139194, 'train_image_precision': 0.9983150183150183, 'train_image_recall': 0.9966300366300366, 'train_precision': 0.9931842915590676, 'train_loss': 0.018918461376574276, 'val_image_f1': 0.5073992673992674, 'val_image_precision': 0.49260073260073256, 'val_loss': 3.0066893821292213, 'train_f1': 0.9927687155067513, 'train_accuracy': 0.9927663003663003, 'val_accuracy': 0.5645494993894993}
simulation-0 | INFO flwr 2026-08-26 14:27:36,641 | server.py:175 | configure_evaluate: strategy sampled 10 clients (out of 10)
2026-08-26 14:27:36,641 | INFO | flwr | configure_evaluate: strategy sampled 10 clients (out of 10)
simulation-0 | INFO flwr 2026-08-26 14:30:46,380 | server.py:189 | aggregate_evaluate: received 10 results and 0 failures
2026-08-26 14:30:46,380 | INFO | flwr | aggregate_evaluate: received 10 results and 0 failures
2026-08-26 14:30:46,404 | INFO | src.trainer.history | Round 53 evaluation metrics saved at 2026-08-26 14:30:46: loss=1.2949142940621368 metrics={'test_image_recall': 0.7032362459546925, 'test_recall': 0.6386783171521037, 'test_image_precision': 0.7291909385113269, 'test_image_accuracy': 0.7281553398058253, 'test_accuracy': 0.6560453074433656, 'test_precision': 0.6556492416787589, 'test_image_f1': 0.6871382339343503, 'test_f1': 0.6298102767986485}
simulation-0 | INFO flwr 2026-08-26 14:30:46,404 | server.py:111 | 
2026-08-26 14:30:46,404 | INFO | flwr | 
simulation-0 | INFO flwr 2026-08-26 14:30:46,405 | server.py:112 | [ROUND 54]
2026-08-26 14:30:46,405 | INFO | flwr | [ROUND 54]
simulation-0 | INFO flwr 2026-08-26 14:30:46,405 | server.py:221 | configure_fit: strategy sampled 10 clients (out of 10)
2026-08-26 14:30:46,405 | INFO | flwr | configure_fit: strategy sampled 10 clients (out of 10)
simulation-0 | INFO flwr 2026-08-26 15:14:20,646 | server.py:235 | aggregate_fit: received 10 results and 0 failures
2026-08-26 15:14:20,646 | INFO | flwr | aggregate_fit: received 10 results and 0 failures
2026-08-26 15:14:21,027 | INFO | src.trainer.history | Round 54 fit metrics saved at 2026-08-26 15:14:21: {'val_image_accuracy': 0.6058363858363859, 'train_image_f1': 1.0, 'train_image_accuracy': 1.0, 'val_recall': 0.5460353113553114, 'val_precision': 0.54223636141537, 'val_f1': 0.5160638877917549, 'train_recall': 0.9911417883597884, 'val_image_recall': 0.5956776556776556, 'train_image_precision': 1.0, 'train_image_recall': 1.0, 'train_precision': 0.9907816622695546, 'train_loss': 0.01801850358360707, 'val_image_f1': 0.529766614338043, 'val_image_precision': 0.5069157509157509, 'val_loss': 3.493118342472596, 'train_f1': 0.9908562073260245, 'train_accuracy': 0.9908600732600732, 'val_accuracy': 0.5651054131054131}
simulation-0 | INFO flwr 2026-08-26 15:14:21,028 | server.py:175 | configure_evaluate: strategy sampled 10 clients (out of 10)
2026-08-26 15:14:21,028 | INFO | flwr | configure_evaluate: strategy sampled 10 clients (out of 10)
simulation-0 | INFO flwr 2026-08-26 15:17:30,579 | server.py:189 | aggregate_evaluate: received 10 results and 0 failures
2026-08-26 15:17:30,579 | INFO | flwr | aggregate_evaluate: received 10 results and 0 failures
2026-08-26 15:17:30,591 | INFO | src.trainer.history | Round 54 evaluation metrics saved at 2026-08-26 15:17:30: loss=1.3952403659158232 metrics={'test_image_recall': 0.689967637540453, 'test_recall': 0.6384744336569579, 'test_image_precision': 0.7141423948220065, 'test_image_accuracy': 0.7087378640776699, 'test_accuracy': 0.6543754045307445, 'test_precision': 0.6474639742019537, 'test_image_f1': 0.6739713361072582, 'test_f1': 0.6282442975101689}
simulation-0 | INFO flwr 2026-08-26 15:17:30,591 | server.py:111 | 
2026-08-26 15:17:30,591 | INFO | flwr | 
simulation-0 | INFO flwr 2026-08-26 15:17:30,591 | server.py:112 | [ROUND 55]
2026-08-26 15:17:30,591 | INFO | flwr | [ROUND 55]
simulation-0 | INFO flwr 2026-08-26 15:17:30,591 | server.py:221 | configure_fit: strategy sampled 10 clients (out of 10)
2026-08-26 15:17:30,591 | INFO | flwr | configure_fit: strategy sampled 10 clients (out of 10)
simulation-0 | INFO flwr 2026-08-26 16:01:03,156 | server.py:235 | aggregate_fit: received 10 results and 0 failures
2026-08-26 16:01:03,156 | INFO | flwr | aggregate_fit: received 10 results and 0 failures
2026-08-26 16:01:03,537 | INFO | src.trainer.history | Round 55 fit metrics saved at 2026-08-26 16:01:03: {'val_image_accuracy': 0.6151159951159951, 'train_image_f1': 1.0, 'train_image_accuracy': 1.0, 'val_recall': 0.5595438339438339, 'val_precision': 0.5387348206354459, 'val_f1': 0.5229175121891747, 'train_recall': 0.9934812946312946, 'val_image_recall': 0.5994871794871794, 'train_image_precision': 1.0, 'train_image_recall': 1.0, 'train_precision': 0.992573820682126, 'train_loss': 0.017057985343002933, 'val_image_f1': 0.5289754055468341, 'val_image_precision': 0.5009816849816849, 'val_loss': 3.176360386540713, 'train_f1': 0.9929752187234174, 'train_accuracy': 0.9929230769230769, 'val_accuracy': 0.5745806756206757}
simulation-0 | INFO flwr 2026-08-26 16:01:03,538 | server.py:175 | configure_evaluate: strategy sampled 10 clients (out of 10)
2026-08-26 16:01:03,538 | INFO | flwr | configure_evaluate: strategy sampled 10 clients (out of 10)
simulation-0 | INFO flwr 2026-08-26 16:04:13,774 | server.py:189 | aggregate_evaluate: received 10 results and 0 failures
2026-08-26 16:04:13,774 | INFO | flwr | aggregate_evaluate: received 10 results and 0 failures
2026-08-26 16:04:13,800 | INFO | src.trainer.history | Round 55 evaluation metrics saved at 2026-08-26 16:04:13: loss=1.3032234205205444 metrics={'test_image_recall': 0.7103559870550161, 'test_recall': 0.6556308522114347, 'test_image_precision': 0.723851132686084, 'test_image_accuracy': 0.7281553398058253, 'test_accuracy': 0.6716375404530744, 'test_precision': 0.6581959483897311, 'test_image_f1': 0.691058714748035, 'test_f1': 0.6436318952392266}
simulation-0 | INFO flwr 2026-08-26 16:04:13,801 | server.py:111 | 
2026-08-26 16:04:13,801 | INFO | flwr | 
simulation-0 | INFO flwr 2026-08-26 16:04:13,801 | server.py:112 | [ROUND 56]
2026-08-26 16:04:13,801 | INFO | flwr | [ROUND 56]
simulation-0 | INFO flwr 2026-08-26 16:04:13,801 | server.py:221 | configure_fit: strategy sampled 10 clients (out of 10)
2026-08-26 16:04:13,801 | INFO | flwr | configure_fit: strategy sampled 10 clients (out of 10)
simulation-0 | INFO flwr 2026-08-26 16:47:44,004 | server.py:235 | aggregate_fit: received 10 results and 0 failures
2026-08-26 16:47:44,004 | INFO | flwr | aggregate_fit: received 10 results and 0 failures
2026-08-26 16:47:44,385 | INFO | src.trainer.history | Round 56 fit metrics saved at 2026-08-26 16:47:44: {'val_image_accuracy': 0.6157264957264957, 'train_image_f1': 1.0, 'train_image_accuracy': 1.0, 'val_recall': 0.56216547008547, 'val_precision': 0.544462928256586, 'val_f1': 0.5206242051860535, 'train_recall': 0.993821574795575, 'val_image_recall': 0.5989743589743589, 'train_image_precision': 1.0, 'train_image_recall': 1.0, 'train_precision': 0.9932928434296155, 'train_loss': 0.017640334368659086, 'val_image_f1': 0.5295907901622187, 'val_image_precision': 0.520029304029304, 'val_loss': 3.5394134536529336, 'train_f1': 0.9935092715696493, 'train_accuracy': 0.9935531135531137, 'val_accuracy': 0.5749928530728532}
simulation-0 | INFO flwr 2026-08-26 16:47:44,386 | server.py:175 | configure_evaluate: strategy sampled 10 clients (out of 10)
2026-08-26 16:47:44,386 | INFO | flwr | configure_evaluate: strategy sampled 10 clients (out of 10)
simulation-0 | INFO flwr 2026-08-26 16:50:51,079 | server.py:189 | aggregate_evaluate: received 10 results and 0 failures
2026-08-26 16:50:51,079 | INFO | flwr | aggregate_evaluate: received 10 results and 0 failures
2026-08-26 16:50:51,102 | INFO | src.trainer.history | Round 56 evaluation metrics saved at 2026-08-26 16:50:51: loss=1.3781088714738106 metrics={'test_image_recall': 0.6935275080906148, 'test_recall': 0.6405458468176914, 'test_image_precision': 0.7041100323624596, 'test_image_accuracy': 0.7184466019417476, 'test_accuracy': 0.6596699029126215, 'test_precision': 0.6549470767969705, 'test_image_f1': 0.6705779010633379, 'test_f1': 0.6303187787466267}
simulation-0 | INFO flwr 2026-08-26 16:50:51,102 | server.py:111 | 
2026-08-26 16:50:51,102 | INFO | flwr | 
simulation-0 | INFO flwr 2026-08-26 16:50:51,102 | server.py:112 | [ROUND 57]
2026-08-26 16:50:51,102 | INFO | flwr | [ROUND 57]
simulation-0 | INFO flwr 2026-08-26 16:50:51,102 | server.py:221 | configure_fit: strategy sampled 10 clients (out of 10)
2026-08-26 16:50:51,102 | INFO | flwr | configure_fit: strategy sampled 10 clients (out of 10)
simulation-0 | INFO flwr 2026-08-26 17:34:24,899 | server.py:235 | aggregate_fit: received 10 results and 0 failures
2026-08-26 17:34:24,899 | INFO | flwr | aggregate_fit: received 10 results and 0 failures
2026-08-26 17:34:25,284 | INFO | src.trainer.history | Round 57 fit metrics saved at 2026-08-26 17:34:25: {'val_image_accuracy': 0.5930891330891329, 'train_image_f1': 1.0, 'train_image_accuracy': 1.0, 'val_recall': 0.5698843467643468, 'val_precision': 0.5638935763043729, 'val_f1': 0.5326978130632753, 'train_recall': 0.9948345162245162, 'val_image_recall': 0.5828571428571429, 'train_image_precision': 1.0, 'train_image_recall': 1.0, 'train_precision': 0.9946066327547789, 'train_loss': 0.017130276804268662, 'val_image_f1': 0.5145264259549973, 'val_image_precision': 0.502124542124542, 'val_loss': 3.0952919076542416, 'train_f1': 0.9946953206526035, 'train_accuracy': 0.994675457875458, 'val_accuracy': 0.5788389906389906}
simulation-0 | INFO flwr 2026-08-26 17:34:25,285 | server.py:175 | configure_evaluate: strategy sampled 10 clients (out of 10)
2026-08-26 17:34:25,285 | INFO | flwr | configure_evaluate: strategy sampled 10 clients (out of 10)
simulation-0 | INFO flwr 2026-08-26 17:37:34,870 | server.py:189 | aggregate_evaluate: received 10 results and 0 failures
2026-08-26 17:37:34,870 | INFO | flwr | aggregate_evaluate: received 10 results and 0 failures
2026-08-26 17:37:34,896 | INFO | src.trainer.history | Round 57 evaluation metrics saved at 2026-08-26 17:37:34: loss=1.4190897762702401 metrics={'test_image_recall': 0.6831715210355986, 'test_recall': 0.631177346278317, 'test_image_precision': 0.6739482200647249, 'test_image_accuracy': 0.6990291262135923, 'test_accuracy': 0.645294498381877, 'test_precision': 0.650260657079413, 'test_image_f1': 0.6605270457697642, 'test_f1': 0.62015131045143}
simulation-0 | INFO flwr 2026-08-26 17:37:34,897 | server.py:111 | 
2026-08-26 17:37:34,897 | INFO | flwr | 
simulation-0 | INFO flwr 2026-08-26 17:37:34,897 | server.py:112 | [ROUND 58]
2026-08-26 17:37:34,897 | INFO | flwr | [ROUND 58]
simulation-0 | INFO flwr 2026-08-26 17:37:34,897 | server.py:221 | configure_fit: strategy sampled 10 clients (out of 10)
2026-08-26 17:37:34,897 | INFO | flwr | configure_fit: strategy sampled 10 clients (out of 10)
simulation-0 | INFO flwr 2026-08-26 18:20:59,278 | server.py:235 | aggregate_fit: received 10 results and 0 failures
2026-08-26 18:20:59,278 | INFO | flwr | aggregate_fit: received 10 results and 0 failures
2026-08-26 18:20:59,659 | INFO | src.trainer.history | Round 58 fit metrics saved at 2026-08-26 18:20:59: {'val_image_accuracy': 0.6184126984126983, 'train_image_f1': 0.9971989914847057, 'train_image_accuracy': 0.9978021978021978, 'val_recall': 0.5526812210012211, 'val_precision': 0.5556295825469193, 'val_f1': 0.5169650812106158, 'train_recall': 0.9845511934731935, 'val_image_recall': 0.5994871794871794, 'train_image_precision': 0.9981618381618381, 'train_image_recall': 0.9966300366300367, 'train_precision': 0.9862450654206922, 'train_loss': 0.01660945099153086, 'val_image_f1': 0.5321988487702772, 'val_image_precision': 0.5207619047619048, 'val_loss': 3.3287914558790592, 'train_f1': 0.9848834939673753, 'train_accuracy': 0.985446153846154, 'val_accuracy': 0.5715117297517297}
simulation-0 | INFO flwr 2026-08-26 18:20:59,660 | server.py:175 | configure_evaluate: strategy sampled 10 clients (out of 10)
2026-08-26 18:20:59,660 | INFO | flwr | configure_evaluate: strategy sampled 10 clients (out of 10)
simulation-0 | INFO flwr 2026-08-26 18:24:08,623 | server.py:189 | aggregate_evaluate: received 10 results and 0 failures
2026-08-26 18:24:08,623 | INFO | flwr | aggregate_evaluate: received 10 results and 0 failures
2026-08-26 18:24:08,647 | INFO | src.trainer.history | Round 58 evaluation metrics saved at 2026-08-26 18:24:08: loss=1.4402159292744308 metrics={'test_image_recall': 0.6909385113268608, 'test_recall': 0.6282377562028048, 'test_image_precision': 0.6961165048543688, 'test_image_accuracy': 0.7087378640776699, 'test_accuracy': 0.6438770226537217, 'test_precision': 0.6493488077501617, 'test_image_f1': 0.6721312991215903, 'test_f1': 0.6163171168400777}
simulation-0 | INFO flwr 2026-08-26 18:24:08,647 | server.py:111 | 
2026-08-26 18:24:08,647 | INFO | flwr | 
simulation-0 | INFO flwr 2026-08-26 18:24:08,647 | server.py:112 | [ROUND 59]
2026-08-26 18:24:08,647 | INFO | flwr | [ROUND 59]
simulation-0 | INFO flwr 2026-08-26 18:24:08,647 | server.py:221 | configure_fit: strategy sampled 10 clients (out of 10)
2026-08-26 18:24:08,647 | INFO | flwr | configure_fit: strategy sampled 10 clients (out of 10)
simulation-0 | INFO flwr 2026-08-26 19:07:29,914 | server.py:235 | aggregate_fit: received 10 results and 0 failures
2026-08-26 19:07:29,914 | INFO | flwr | aggregate_fit: received 10 results and 0 failures
2026-08-26 19:07:30,295 | INFO | src.trainer.history | Round 59 fit metrics saved at 2026-08-26 19:07:30: {'val_image_accuracy': 0.5955067155067155, 'train_image_f1': 1.0, 'train_image_accuracy': 1.0, 'val_recall': 0.5512802442002442, 'val_precision': 0.5439838843323286, 'val_f1': 0.5194435777582534, 'train_recall': 0.9925080936100936, 'val_image_recall': 0.5719413919413919, 'train_image_precision': 1.0, 'train_image_recall': 1.0, 'train_precision': 0.992942475917266, 'train_loss': 0.018138810710319635, 'val_image_f1': 0.5050884353741497, 'val_image_precision': 0.4927032967032967, 'val_loss': 3.5336031516888378, 'train_f1': 0.9926598835504525, 'train_accuracy': 0.992757509157509, 'val_accuracy': 0.5704598941798942}
simulation-0 | INFO flwr 2026-08-26 19:07:30,296 | server.py:175 | configure_evaluate: strategy sampled 10 clients (out of 10)
2026-08-26 19:07:30,296 | INFO | flwr | configure_evaluate: strategy sampled 10 clients (out of 10)
simulation-0 | INFO flwr 2026-08-26 19:10:42,722 | server.py:189 | aggregate_evaluate: received 10 results and 0 failures
2026-08-26 19:10:42,722 | INFO | flwr | aggregate_evaluate: received 10 results and 0 failures
2026-08-26 19:10:42,746 | INFO | src.trainer.history | Round 59 evaluation metrics saved at 2026-08-26 19:10:42: loss=1.3370346753664966 metrics={'test_image_recall': 0.7414239482200646, 'test_recall': 0.6408403451995685, 'test_image_precision': 0.7419741100323625, 'test_image_accuracy': 0.7669902912621359, 'test_accuracy': 0.6624077669902912, 'test_precision': 0.6595124946501341, 'test_image_f1': 0.7199630143319463, 'test_f1': 0.6302160263355885}
simulation-0 | INFO flwr 2026-08-26 19:10:42,747 | server.py:111 | 
2026-08-26 19:10:42,747 | INFO | flwr | 
simulation-0 | INFO flwr 2026-08-26 19:10:42,747 | server.py:112 | [ROUND 60]
2026-08-26 19:10:42,747 | INFO | flwr | [ROUND 60]
simulation-0 | INFO flwr 2026-08-26 19:10:42,747 | server.py:221 | configure_fit: strategy sampled 10 clients (out of 10)
2026-08-26 19:10:42,747 | INFO | flwr | configure_fit: strategy sampled 10 clients (out of 10)
simulation-0 | INFO flwr 2026-08-26 19:54:05,205 | server.py:235 | aggregate_fit: received 10 results and 0 failures
2026-08-26 19:54:05,205 | INFO | flwr | aggregate_fit: received 10 results and 0 failures
2026-08-26 19:54:05,592 | INFO | src.trainer.history | Round 60 fit metrics saved at 2026-08-26 19:54:05: {'val_image_accuracy': 0.657045177045177, 'train_image_f1': 0.9968602825745683, 'train_image_accuracy': 0.9978021978021978, 'val_recall': 0.571959706959707, 'val_precision': 0.5721963418928178, 'val_f1': 0.5406805638772685, 'train_recall': 0.9920559126059126, 'val_image_recall': 0.6358974358974357, 'train_image_precision': 0.9982017982017982, 'train_image_recall': 0.996043956043956, 'train_precision': 0.9939345334575749, 'train_loss': 0.017277637144544142, 'val_image_f1': 0.5838388278388278, 'val_image_precision': 0.5758241758241758, 'val_loss': 2.9859960714767997, 'train_f1': 0.9926696498112526, 'train_accuracy': 0.9938197802197803, 'val_accuracy': 0.5921710378510379}
simulation-0 | INFO flwr 2026-08-26 19:54:05,593 | server.py:175 | configure_evaluate: strategy sampled 10 clients (out of 10)
2026-08-26 19:54:05,593 | INFO | flwr | configure_evaluate: strategy sampled 10 clients (out of 10)
simulation-0 | INFO flwr 2026-08-26 19:57:14,187 | server.py:189 | aggregate_evaluate: received 10 results and 0 failures
2026-08-26 19:57:14,187 | INFO | flwr | aggregate_evaluate: received 10 results and 0 failures
2026-08-26 19:57:14,215 | INFO | src.trainer.history | Round 60 evaluation metrics saved at 2026-08-26 19:57:14: loss=1.2939230786502163 metrics={'test_image_recall': 0.734304207119741, 'test_recall': 0.654011650485437, 'test_image_precision': 0.7500647249190939, 'test_image_accuracy': 0.7572815533980582, 'test_accuracy': 0.6723818770226538, 'test_precision': 0.6639049978807889, 'test_image_f1': 0.7149791955617198, 'test_f1': 0.6428029461074908}
simulation-0 | INFO flwr 2026-08-26 19:57:14,215 | server.py:111 | 
2026-08-26 19:57:14,215 | INFO | flwr | 
simulation-0 | INFO flwr 2026-08-26 19:57:14,215 | server.py:112 | [ROUND 61]
2026-08-26 19:57:14,215 | INFO | flwr | [ROUND 61]
simulation-0 | INFO flwr 2026-08-26 19:57:14,215 | server.py:221 | configure_fit: strategy sampled 10 clients (out of 10)
2026-08-26 19:57:14,215 | INFO | flwr | configure_fit: strategy sampled 10 clients (out of 10)
simulation-0 | INFO flwr 2026-08-26 20:40:46,087 | server.py:235 | aggregate_fit: received 10 results and 0 failures
2026-08-26 20:40:46,087 | INFO | flwr | aggregate_fit: received 10 results and 0 failures
2026-08-26 20:40:46,467 | INFO | src.trainer.history | Round 61 fit metrics saved at 2026-08-26 20:40:46: {'val_image_accuracy': 0.6696214896214897, 'train_image_f1': 1.0, 'train_image_accuracy': 1.0, 'val_recall': 0.5835932600732602, 'val_precision': 0.5878628851038318, 'val_f1': 0.5528474662820437, 'train_recall': 0.995624828208828, 'val_image_recall': 0.6595604395604396, 'train_image_precision': 1.0, 'train_image_recall': 1.0, 'train_precision': 0.9952264755205225, 'train_loss': 0.01644300964616878, 'val_image_f1': 0.6182647828362114, 'val_image_precision': 0.6327472527472529, 'val_loss': 3.055658510596559, 'train_f1': 0.9954020485244248, 'train_accuracy': 0.9952000000000003, 'val_accuracy': 0.5952455189255188}
simulation-0 | INFO flwr 2026-08-26 20:40:46,468 | server.py:175 | configure_evaluate: strategy sampled 10 clients (out of 10)
2026-08-26 20:40:46,468 | INFO | flwr | configure_evaluate: strategy sampled 10 clients (out of 10)
simulation-0 | INFO flwr 2026-08-26 20:43:58,430 | server.py:189 | aggregate_evaluate: received 10 results and 0 failures
2026-08-26 20:43:58,430 | INFO | flwr | aggregate_evaluate: received 10 results and 0 failures
2026-08-26 20:43:58,457 | INFO | src.trainer.history | Round 61 evaluation metrics saved at 2026-08-26 20:43:58: loss=1.463424423498676 metrics={'test_image_recall': 0.6961165048543689, 'test_recall': 0.6267346278317153, 'test_image_precision': 0.7329126213592234, 'test_image_accuracy': 0.7184466019417476, 'test_accuracy': 0.6424660194174758, 'test_precision': 0.6466876004175515, 'test_image_f1': 0.682478039759593, 'test_f1': 0.6173655590455821}
simulation-0 | INFO flwr 2026-08-26 20:43:58,458 | server.py:111 | 
2026-08-26 20:43:58,458 | INFO | flwr | 
simulation-0 | INFO flwr 2026-08-26 20:43:58,458 | server.py:112 | [ROUND 62]
2026-08-26 20:43:58,458 | INFO | flwr | [ROUND 62]
simulation-0 | INFO flwr 2026-08-26 20:43:58,458 | server.py:221 | configure_fit: strategy sampled 10 clients (out of 10)
2026-08-26 20:43:58,458 | INFO | flwr | configure_fit: strategy sampled 10 clients (out of 10)
simulation-0 | INFO flwr 2026-08-26 21:27:25,362 | server.py:235 | aggregate_fit: received 10 results and 0 failures
2026-08-26 21:27:25,362 | INFO | flwr | aggregate_fit: received 10 results and 0 failures
2026-08-26 21:27:25,747 | INFO | src.trainer.history | Round 62 fit metrics saved at 2026-08-26 21:27:25: {'val_image_accuracy': 0.6063003663003663, 'train_image_f1': 0.9935432634592299, 'train_image_accuracy': 0.9934065934065934, 'val_recall': 0.5517235164835165, 'val_precision': 0.5322128922121154, 'val_f1': 0.5122311888366594, 'train_recall': 0.9839049554889555, 'val_image_recall': 0.606153846153846, 'train_image_precision': 0.9949450549450549, 'train_image_recall': 0.993934065934066, 'train_precision': 0.9836943945275358, 'train_loss': 0.015367752774033452, 'val_image_f1': 0.5372684458398744, 'val_image_precision': 0.5223003663003662, 'val_loss': 3.4317658059342726, 'train_f1': 0.9829912137381798, 'train_accuracy': 0.9833875457875457, 'val_accuracy': 0.5650120309320309}
simulation-0 | INFO flwr 2026-08-26 21:27:25,748 | server.py:175 | configure_evaluate: strategy sampled 10 clients (out of 10)
2026-08-26 21:27:25,748 | INFO | flwr | configure_evaluate: strategy sampled 10 clients (out of 10)
simulation-0 | INFO flwr 2026-08-26 21:30:35,472 | server.py:189 | aggregate_evaluate: received 10 results and 0 failures
2026-08-26 21:30:35,472 | INFO | flwr | aggregate_evaluate: received 10 results and 0 failures
2026-08-26 21:30:35,499 | INFO | src.trainer.history | Round 62 evaluation metrics saved at 2026-08-26 21:30:35: loss=1.3879275055801155 metrics={'test_image_recall': 0.7404530744336568, 'test_recall': 0.645394390507012, 'test_image_precision': 0.7562135922330098, 'test_image_accuracy': 0.7572815533980582, 'test_accuracy': 0.6609902912621358, 'test_precision': 0.6594761181096912, 'test_image_f1': 0.7174664817383264, 'test_f1': 0.6335561509320156}
simulation-0 | INFO flwr 2026-08-26 21:30:35,499 | server.py:111 | 
2026-08-26 21:30:35,499 | INFO | flwr | 
simulation-0 | INFO flwr 2026-08-26 21:30:35,499 | server.py:112 | [ROUND 63]
2026-08-26 21:30:35,499 | INFO | flwr | [ROUND 63]
simulation-0 | INFO flwr 2026-08-26 21:30:35,499 | server.py:221 | configure_fit: strategy sampled 10 clients (out of 10)
2026-08-26 21:30:35,499 | INFO | flwr | configure_fit: strategy sampled 10 clients (out of 10)
simulation-0 | INFO flwr 2026-08-26 22:13:50,336 | server.py:235 | aggregate_fit: received 10 results and 0 failures
2026-08-26 22:13:50,336 | INFO | flwr | aggregate_fit: received 10 results and 0 failures
2026-08-26 22:13:50,722 | INFO | src.trainer.history | Round 63 fit metrics saved at 2026-08-26 22:13:50: {'val_image_accuracy': 0.6482783882783882, 'train_image_f1': 1.0, 'train_image_accuracy': 1.0, 'val_recall': 0.5667670818070819, 'val_precision': 0.5650239771379557, 'val_f1': 0.5364950673242489, 'train_recall': 0.9938244627224626, 'val_image_recall': 0.6393406593406593, 'train_image_precision': 1.0, 'train_image_recall': 1.0, 'train_precision': 0.9937063308393637, 'train_loss': 0.015102579526314741, 'val_image_f1': 0.5960376766091052, 'val_image_precision': 0.6024908424908425, 'val_loss': 3.0099377801217626, 'train_f1': 0.9937155885723554, 'train_accuracy': 0.9934564102564102, 'val_accuracy': 0.5781322588522589}
simulation-0 | INFO flwr 2026-08-26 22:13:50,723 | server.py:175 | configure_evaluate: strategy sampled 10 clients (out of 10)
2026-08-26 22:13:50,723 | INFO | flwr | configure_evaluate: strategy sampled 10 clients (out of 10)
simulation-0 | INFO flwr 2026-08-26 22:17:01,543 | server.py:189 | aggregate_evaluate: received 10 results and 0 failures
2026-08-26 22:17:01,543 | INFO | flwr | aggregate_evaluate: received 10 results and 0 failures
2026-08-26 22:17:01,568 | INFO | src.trainer.history | Round 63 evaluation metrics saved at 2026-08-26 22:17:01: loss=1.351977840324531 metrics={'test_image_recall': 0.7035598705501618, 'test_recall': 0.6395160733549083, 'test_image_precision': 0.7084142394822005, 'test_image_accuracy': 0.7184466019417476, 'test_accuracy': 0.6563689320388351, 'test_precision': 0.6552015828699043, 'test_image_f1': 0.6853536754507629, 'test_f1': 0.6305023812509455}
simulation-0 | INFO flwr 2026-08-26 22:17:01,568 | server.py:111 | 
2026-08-26 22:17:01,568 | INFO | flwr | 
simulation-0 | INFO flwr 2026-08-26 22:17:01,568 | server.py:112 | [ROUND 64]
2026-08-26 22:17:01,568 | INFO | flwr | [ROUND 64]
simulation-0 | INFO flwr 2026-08-26 22:17:01,568 | server.py:221 | configure_fit: strategy sampled 10 clients (out of 10)
2026-08-26 22:17:01,568 | INFO | flwr | configure_fit: strategy sampled 10 clients (out of 10)
simulation-0 | INFO flwr 2026-08-26 23:00:37,332 | server.py:235 | aggregate_fit: received 10 results and 0 failures
2026-08-26 23:00:37,332 | INFO | flwr | aggregate_fit: received 10 results and 0 failures
2026-08-26 23:00:37,707 | INFO | src.trainer.history | Round 64 fit metrics saved at 2026-08-26 23:00:37: {'val_image_accuracy': 0.6073992673992674, 'train_image_f1': 0.9947831116252168, 'train_image_accuracy': 0.9956043956043956, 'val_recall': 0.555552967032967, 'val_precision': 0.5577884809096502, 'val_f1': 0.5122123426459374, 'train_recall': 0.9865141425981427, 'val_image_recall': 0.5994871794871794, 'train_image_precision': 0.9964035964035964, 'train_image_recall': 0.9940659340659341, 'train_precision': 0.9885129652538858, 'train_loss': 0.015894555461346032, 'val_image_f1': 0.5243858363858364, 'val_image_precision': 0.4994139194139194, 'val_loss': 3.5376352559888002, 'train_f1': 0.9871174529701999, 'train_accuracy': 0.9873113553113554, 'val_accuracy': 0.5717321448921449}
simulation-0 | INFO flwr 2026-08-26 23:00:37,708 | server.py:175 | configure_evaluate: strategy sampled 10 clients (out of 10)
2026-08-26 23:00:37,708 | INFO | flwr | configure_evaluate: strategy sampled 10 clients (out of 10)
simulation-0 | INFO flwr 2026-08-26 23:03:46,446 | server.py:189 | aggregate_evaluate: received 10 results and 0 failures
2026-08-26 23:03:46,446 | INFO | flwr | aggregate_evaluate: received 10 results and 0 failures
2026-08-26 23:03:46,473 | INFO | src.trainer.history | Round 64 evaluation metrics saved at 2026-08-26 23:03:46: loss=1.3837538143378503 metrics={'test_image_recall': 0.7517799352750809, 'test_recall': 0.6502578209277238, 'test_image_precision': 0.7487702265372167, 'test_image_accuracy': 0.7766990291262136, 'test_accuracy': 0.6695210355987056, 'test_precision': 0.6619884124281522, 'test_image_f1': 0.7260471567267682, 'test_f1': 0.6391030263802018}
simulation-0 | INFO flwr 2026-08-26 23:03:46,473 | server.py:111 | 
2026-08-26 23:03:46,473 | INFO | flwr | 
simulation-0 | INFO flwr 2026-08-26 23:03:46,473 | server.py:112 | [ROUND 65]
2026-08-26 23:03:46,473 | INFO | flwr | [ROUND 65]
simulation-0 | INFO flwr 2026-08-26 23:03:46,473 | server.py:221 | configure_fit: strategy sampled 10 clients (out of 10)
2026-08-26 23:03:46,473 | INFO | flwr | configure_fit: strategy sampled 10 clients (out of 10)
simulation-0 | INFO flwr 2026-08-26 23:47:08,078 | server.py:235 | aggregate_fit: received 10 results and 0 failures
2026-08-26 23:47:08,078 | INFO | flwr | aggregate_fit: received 10 results and 0 failures
2026-08-26 23:47:08,461 | INFO | src.trainer.history | Round 65 fit metrics saved at 2026-08-26 23:47:08: {'val_image_accuracy': 0.6460561660561661, 'train_image_f1': 1.0, 'train_image_accuracy': 1.0, 'val_recall': 0.5731445177045177, 'val_precision': 0.5666478924232671, 'val_f1': 0.5411497454396884, 'train_recall': 0.9962569785769786, 'val_image_recall': 0.6427106227106227, 'train_image_precision': 1.0, 'train_image_recall': 1.0, 'train_precision': 0.9960816078093591, 'train_loss': 0.01450300513722201, 'val_image_f1': 0.5893919413919414, 'val_image_precision': 0.5893040293040293, 'val_loss': 3.3173878532623875, 'train_f1': 0.9961605735833955, 'train_accuracy': 0.9961245421245419, 'val_accuracy': 0.5840779812779813}
simulation-0 | INFO flwr 2026-08-26 23:47:08,462 | server.py:175 | configure_evaluate: strategy sampled 10 clients (out of 10)
2026-08-26 23:47:08,462 | INFO | flwr | configure_evaluate: strategy sampled 10 clients (out of 10)
simulation-0 | INFO flwr 2026-08-26 23:50:20,701 | server.py:189 | aggregate_evaluate: received 10 results and 0 failures
2026-08-26 23:50:20,701 | INFO | flwr | aggregate_evaluate: received 10 results and 0 failures
2026-08-26 23:50:20,729 | INFO | src.trainer.history | Round 65 evaluation metrics saved at 2026-08-26 23:50:20: loss=1.3165399166786487 metrics={'test_image_recall': 0.7359223300970873, 'test_recall': 0.6599471413160733, 'test_image_precision': 0.7545954692556633, 'test_image_accuracy': 0.7572815533980582, 'test_accuracy': 0.6770291262135922, 'test_precision': 0.664643340349846, 'test_image_f1': 0.7145908460471566, 'test_f1': 0.6478553279645517}
simulation-0 | INFO flwr 2026-08-26 23:50:20,729 | server.py:111 | 
2026-08-26 23:50:20,729 | INFO | flwr | 
simulation-0 | INFO flwr 2026-08-26 23:50:20,729 | server.py:112 | [ROUND 66]
2026-08-26 23:50:20,729 | INFO | flwr | [ROUND 66]
simulation-0 | INFO flwr 2026-08-26 23:50:20,729 | server.py:221 | configure_fit: strategy sampled 10 clients (out of 10)
2026-08-26 23:50:20,729 | INFO | flwr | configure_fit: strategy sampled 10 clients (out of 10)
simulation-0 | INFO flwr 2026-08-27 00:33:57,045 | server.py:235 | aggregate_fit: received 10 results and 0 failures
2026-08-27 00:33:57,045 | INFO | flwr | aggregate_fit: received 10 results and 0 failures
2026-08-27 00:33:57,430 | INFO | src.trainer.history | Round 66 fit metrics saved at 2026-08-27 00:33:57: {'val_image_accuracy': 0.6350671550671549, 'train_image_f1': 1.0, 'train_image_accuracy': 1.0, 'val_recall': 0.5647212698412699, 'val_precision': 0.5623558392131992, 'val_f1': 0.5353212727106033, 'train_recall': 0.9983001174381173, 'val_image_recall': 0.6294505494505493, 'train_image_precision': 1.0, 'train_image_recall': 1.0, 'train_precision': 0.9984199308844993, 'train_loss': 0.014988315749306645, 'val_image_f1': 0.5821475667189951, 'val_image_precision': 0.5809890109890109, 'val_loss': 3.3841307295439873, 'train_f1': 0.9983575055578877, 'train_accuracy': 0.9984014652014652, 'val_accuracy': 0.5795411640211641}
simulation-0 | INFO flwr 2026-08-27 00:33:57,431 | server.py:175 | configure_evaluate: strategy sampled 10 clients (out of 10)
2026-08-27 00:33:57,431 | INFO | flwr | configure_evaluate: strategy sampled 10 clients (out of 10)
simulation-0 | INFO flwr 2026-08-27 00:37:08,503 | server.py:189 | aggregate_evaluate: received 10 results and 0 failures
2026-08-27 00:37:08,503 | INFO | flwr | aggregate_evaluate: received 10 results and 0 failures
2026-08-27 00:37:08,533 | INFO | src.trainer.history | Round 66 evaluation metrics saved at 2026-08-27 00:37:08: loss=1.2802652945094473 metrics={'test_image_recall': 0.7563106796116504, 'test_recall': 0.6576355987055017, 'test_image_precision': 0.7626860841423947, 'test_image_accuracy': 0.7766990291262136, 'test_accuracy': 0.6748996763754046, 'test_precision': 0.6691385993986843, 'test_image_f1': 0.7327415626444752, 'test_f1': 0.6460090635593799}
simulation-0 | INFO flwr 2026-08-27 00:37:08,533 | server.py:111 | 
2026-08-27 00:37:08,533 | INFO | flwr | 
simulation-0 | INFO flwr 2026-08-27 00:37:08,533 | server.py:112 | [ROUND 67]
2026-08-27 00:37:08,533 | INFO | flwr | [ROUND 67]
simulation-0 | INFO flwr 2026-08-27 00:37:08,533 | server.py:221 | configure_fit: strategy sampled 10 clients (out of 10)
2026-08-27 00:37:08,533 | INFO | flwr | configure_fit: strategy sampled 10 clients (out of 10)
simulation-0 | INFO flwr 2026-08-27 01:20:10,508 | server.py:235 | aggregate_fit: received 10 results and 0 failures
2026-08-27 01:20:10,508 | INFO | flwr | aggregate_fit: received 10 results and 0 failures
2026-08-27 01:20:10,896 | INFO | src.trainer.history | Round 67 fit metrics saved at 2026-08-27 01:20:10: {'val_image_accuracy': 0.6263247863247863, 'train_image_f1': 1.0, 'train_image_accuracy': 1.0, 'val_recall': 0.5665789987789988, 'val_precision': 0.5725731607414819, 'val_f1': 0.5366584136273721, 'train_recall': 0.9933552331372332, 'val_image_recall': 0.6128205128205128, 'train_image_precision': 1.0, 'train_image_recall': 1.0, 'train_precision': 0.9933749084493785, 'train_loss': 0.016307412034773167, 'val_image_f1': 0.5615384615384615, 'val_image_precision': 0.5562637362637363, 'val_loss': 3.0681672139950193, 'train_f1': 0.9932920085091115, 'train_accuracy': 0.992937728937729, 'val_accuracy': 0.5830230687830688}
simulation-0 | INFO flwr 2026-08-27 01:20:10,896 | server.py:175 | configure_evaluate: strategy sampled 10 clients (out of 10)
2026-08-27 01:20:10,896 | INFO | flwr | configure_evaluate: strategy sampled 10 clients (out of 10)
simulation-0 | INFO flwr 2026-08-27 01:23:20,624 | server.py:189 | aggregate_evaluate: received 10 results and 0 failures
2026-08-27 01:23:20,624 | INFO | flwr | aggregate_evaluate: received 10 results and 0 failures
2026-08-27 01:23:20,653 | INFO | src.trainer.history | Round 67 evaluation metrics saved at 2026-08-27 01:23:20: loss=1.4966441338988363 metrics={'test_image_recall': 0.7258899676375404, 'test_recall': 0.6282489751887811, 'test_image_precision': 0.7487055016181229, 'test_image_accuracy': 0.7475728155339806, 'test_accuracy': 0.6439741100323625, 'test_precision': 0.6419662756902541, 'test_image_f1': 0.7104484512251502, 'test_f1': 0.6179808856001039}
simulation-0 | INFO flwr 2026-08-27 01:23:20,653 | server.py:111 | 
2026-08-27 01:23:20,653 | INFO | flwr | 
simulation-0 | INFO flwr 2026-08-27 01:23:20,653 | server.py:112 | [ROUND 68]
2026-08-27 01:23:20,653 | INFO | flwr | [ROUND 68]
simulation-0 | INFO flwr 2026-08-27 01:23:20,653 | server.py:221 | configure_fit: strategy sampled 10 clients (out of 10)
2026-08-27 01:23:20,653 | INFO | flwr | configure_fit: strategy sampled 10 clients (out of 10)
simulation-0 | INFO flwr 2026-08-27 02:06:37,980 | server.py:235 | aggregate_fit: received 10 results and 0 failures
2026-08-27 02:06:37,980 | INFO | flwr | aggregate_fit: received 10 results and 0 failures
2026-08-27 02:06:38,368 | INFO | src.trainer.history | Round 68 fit metrics saved at 2026-08-27 02:06:38: {'val_image_accuracy': 0.6471794871794873, 'train_image_f1': 1.0, 'train_image_accuracy': 1.0, 'val_recall': 0.5933903296703297, 'val_precision': 0.5897210098442017, 'val_f1': 0.5616792252171586, 'train_recall': 0.9965538332038334, 'val_image_recall': 0.6325274725274725, 'train_image_precision': 1.0, 'train_image_recall': 1.0, 'train_precision': 0.9959474491885938, 'train_loss': 0.015540400733648388, 'val_image_f1': 0.5660010465724751, 'val_image_precision': 0.5526007326007326, 'val_loss': 3.185108256873499, 'train_f1': 0.996212685527857, 'train_accuracy': 0.9962886446886448, 'val_accuracy': 0.6083116157916157}
simulation-0 | INFO flwr 2026-08-27 02:06:38,369 | server.py:175 | configure_evaluate: strategy sampled 10 clients (out of 10)
2026-08-27 02:06:38,369 | INFO | flwr | configure_evaluate: strategy sampled 10 clients (out of 10)
simulation-0 | INFO flwr 2026-08-27 02:09:48,366 | server.py:189 | aggregate_evaluate: received 10 results and 0 failures
2026-08-27 02:09:48,366 | INFO | flwr | aggregate_evaluate: received 10 results and 0 failures
2026-08-27 02:09:48,393 | INFO | src.trainer.history | Round 68 evaluation metrics saved at 2026-08-27 02:09:48: loss=1.389969539511705 metrics={'test_image_recall': 0.698705501618123, 'test_recall': 0.6475249190938511, 'test_image_precision': 0.709611650485437, 'test_image_accuracy': 0.7184466019417476, 'test_accuracy': 0.6647119741100324, 'test_precision': 0.6513645967162605, 'test_image_f1': 0.6744244105409153, 'test_f1': 0.6363295796823842}
simulation-0 | INFO flwr 2026-08-27 02:09:48,393 | server.py:111 | 
2026-08-27 02:09:48,393 | INFO | flwr | 
simulation-0 | INFO flwr 2026-08-27 02:09:48,393 | server.py:112 | [ROUND 69]
2026-08-27 02:09:48,393 | INFO | flwr | [ROUND 69]
simulation-0 | INFO flwr 2026-08-27 02:09:48,393 | server.py:221 | configure_fit: strategy sampled 10 clients (out of 10)
2026-08-27 02:09:48,393 | INFO | flwr | configure_fit: strategy sampled 10 clients (out of 10)
simulation-0 | INFO flwr 2026-08-27 02:53:16,187 | server.py:235 | aggregate_fit: received 10 results and 0 failures
2026-08-27 02:53:16,187 | INFO | flwr | aggregate_fit: received 10 results and 0 failures
2026-08-27 02:53:16,574 | INFO | src.trainer.history | Round 69 fit metrics saved at 2026-08-27 02:53:16: {'val_image_accuracy': 0.6263003663003662, 'train_image_f1': 0.9867189952904238, 'train_image_accuracy': 0.9912087912087912, 'val_recall': 0.5546426862026861, 'val_precision': 0.5531258976748482, 'val_f1': 0.5199756412568025, 'train_recall': 0.9840559376919378, 'val_image_recall': 0.6095238095238095, 'train_image_precision': 0.9930769230769231, 'train_image_recall': 0.9861538461538462, 'train_precision': 0.9896960764937407, 'train_loss': 0.01425236405593678, 'val_image_f1': 0.5576996336996336, 'val_image_precision': 0.564908424908425, 'val_loss': 3.4388184771276546, 'train_f1': 0.9848945946886283, 'train_accuracy': 0.9879296703296704, 'val_accuracy': 0.5728388603988604}
simulation-0 | INFO flwr 2026-08-27 02:53:16,575 | server.py:175 | configure_evaluate: strategy sampled 10 clients (out of 10)
2026-08-27 02:53:16,575 | INFO | flwr | configure_evaluate: strategy sampled 10 clients (out of 10)
simulation-0 | INFO flwr 2026-08-27 02:56:20,475 | server.py:189 | aggregate_evaluate: received 10 results and 0 failures
2026-08-27 02:56:20,475 | INFO | flwr | aggregate_evaluate: received 10 results and 0 failures
2026-08-27 02:56:20,502 | INFO | src.trainer.history | Round 69 evaluation metrics saved at 2026-08-27 02:56:20: loss=1.3987549319074228 metrics={'test_image_recall': 0.7233009708737864, 'test_recall': 0.6414608414239483, 'test_image_precision': 0.7425566343042072, 'test_image_accuracy': 0.7475728155339806, 'test_accuracy': 0.6587508090614886, 'test_precision': 0.6477815482029702, 'test_image_f1': 0.7058252427184466, 'test_f1': 0.6297988168026337}
simulation-0 | INFO flwr 2026-08-27 02:56:20,503 | server.py:111 | 
2026-08-27 02:56:20,503 | INFO | flwr | 
simulation-0 | INFO flwr 2026-08-27 02:56:20,503 | server.py:112 | [ROUND 70]
2026-08-27 02:56:20,503 | INFO | flwr | [ROUND 70]
simulation-0 | INFO flwr 2026-08-27 02:56:20,503 | server.py:221 | configure_fit: strategy sampled 10 clients (out of 10)
2026-08-27 02:56:20,503 | INFO | flwr | configure_fit: strategy sampled 10 clients (out of 10)
simulation-0 | INFO flwr 2026-08-27 03:39:44,607 | server.py:235 | aggregate_fit: received 10 results and 0 failures
2026-08-27 03:39:44,607 | INFO | flwr | aggregate_fit: received 10 results and 0 failures
2026-08-27 03:39:44,990 | INFO | src.trainer.history | Round 70 fit metrics saved at 2026-08-27 03:39:44: {'val_image_accuracy': 0.6678632478632478, 'train_image_f1': 1.0, 'train_image_accuracy': 1.0, 'val_recall': 0.5905181440781441, 'val_precision': 0.5810937842868724, 'val_f1': 0.5583308335162029, 'train_recall': 0.9946080560920563, 'val_image_recall': 0.6666666666666666, 'train_image_precision': 1.0, 'train_image_recall': 1.0, 'train_precision': 0.9943793155622728, 'train_loss': 0.015164965459888729, 'val_image_f1': 0.6208937728937729, 'val_image_precision': 0.6271062271062272, 'val_loss': 3.1436598025686826, 'train_f1': 0.9944338988680479, 'train_accuracy': 0.9944747252747251, 'val_accuracy': 0.5979511436711437}
simulation-0 | INFO flwr 2026-08-27 03:39:44,991 | server.py:175 | configure_evaluate: strategy sampled 10 clients (out of 10)
2026-08-27 03:39:44,991 | INFO | flwr | configure_evaluate: strategy sampled 10 clients (out of 10)
simulation-0 | INFO flwr 2026-08-27 03:42:53,165 | server.py:189 | aggregate_evaluate: received 10 results and 0 failures
2026-08-27 03:42:53,165 | INFO | flwr | aggregate_evaluate: received 10 results and 0 failures
2026-08-27 03:42:53,194 | INFO | src.trainer.history | Round 70 evaluation metrics saved at 2026-08-27 03:42:53: loss=1.3456366191531075 metrics={'test_image_recall': 0.7553398058252427, 'test_recall': 0.656397842502697, 'test_image_precision': 0.7620388349514563, 'test_image_accuracy': 0.7766990291262136, 'test_accuracy': 0.6739611650485438, 'test_precision': 0.6584450246041157, 'test_image_f1': 0.7346555709662504, 'test_f1': 0.6439225666302334}
simulation-0 | INFO flwr 2026-08-27 03:42:53,194 | server.py:111 | 
2026-08-27 03:42:53,194 | INFO | flwr | 
simulation-0 | INFO flwr 2026-08-27 03:42:53,195 | server.py:112 | [ROUND 71]
2026-08-27 03:42:53,195 | INFO | flwr | [ROUND 71]
simulation-0 | INFO flwr 2026-08-27 03:42:53,195 | server.py:221 | configure_fit: strategy sampled 10 clients (out of 10)
2026-08-27 03:42:53,195 | INFO | flwr | configure_fit: strategy sampled 10 clients (out of 10)
simulation-0 | INFO flwr 2026-08-27 04:26:17,718 | server.py:235 | aggregate_fit: received 10 results and 0 failures
2026-08-27 04:26:17,718 | INFO | flwr | aggregate_fit: received 10 results and 0 failures
2026-08-27 04:26:18,103 | INFO | src.trainer.history | Round 71 fit metrics saved at 2026-08-27 04:26:18: {'val_image_accuracy': 0.6572893772893773, 'train_image_f1': 1.0, 'train_image_accuracy': 1.0, 'val_recall': 0.5817454945054944, 'val_precision': 0.5925888735359415, 'val_f1': 0.5559805032432912, 'train_recall': 0.9968401153661153, 'val_image_recall': 0.6429304029304028, 'train_image_precision': 1.0, 'train_image_recall': 1.0, 'train_precision': 0.9969503038688619, 'train_loss': 0.01645870622876964, 'val_image_f1': 0.588931449502878, 'val_image_precision': 0.5875018315018316, 'val_loss': 3.3184565131960753, 'train_f1': 0.9968832830846265, 'train_accuracy': 0.9968410256410256, 'val_accuracy': 0.5943820105820107}
simulation-0 | INFO flwr 2026-08-27 04:26:18,104 | server.py:175 | configure_evaluate: strategy sampled 10 clients (out of 10)
2026-08-27 04:26:18,104 | INFO | flwr | configure_evaluate: strategy sampled 10 clients (out of 10)
simulation-0 | INFO flwr 2026-08-27 04:29:23,886 | server.py:189 | aggregate_evaluate: received 10 results and 0 failures
2026-08-27 04:29:23,886 | INFO | flwr | aggregate_evaluate: received 10 results and 0 failures
2026-08-27 04:29:23,916 | INFO | src.trainer.history | Round 71 evaluation metrics saved at 2026-08-27 04:29:23: loss=1.493664712664749 metrics={'test_image_recall': 0.6711974110032362, 'test_recall': 0.63044832793959, 'test_image_precision': 0.632588996763754, 'test_image_accuracy': 0.6893203883495146, 'test_accuracy': 0.6473915857605179, 'test_precision': 0.6467075814095692, 'test_image_f1': 0.6300878409616274, 'test_f1': 0.6185830113936218}
simulation-0 | INFO flwr 2026-08-27 04:29:23,916 | server.py:111 | 
2026-08-27 04:29:23,916 | INFO | flwr | 
simulation-0 | INFO flwr 2026-08-27 04:29:23,916 | server.py:112 | [ROUND 72]
2026-08-27 04:29:23,916 | INFO | flwr | [ROUND 72]
simulation-0 | INFO flwr 2026-08-27 04:29:23,917 | server.py:221 | configure_fit: strategy sampled 10 clients (out of 10)
2026-08-27 04:29:23,917 | INFO | flwr | configure_fit: strategy sampled 10 clients (out of 10)
simulation-0 | INFO flwr 2026-08-27 05:12:44,476 | server.py:235 | aggregate_fit: received 10 results and 0 failures
2026-08-27 05:12:44,476 | INFO | flwr | aggregate_fit: received 10 results and 0 failures
2026-08-27 05:12:44,861 | INFO | src.trainer.history | Round 72 fit metrics saved at 2026-08-27 05:12:44: {'val_image_accuracy': 0.6267643467643468, 'train_image_f1': 1.0, 'train_image_accuracy': 1.0, 'val_recall': 0.5658071794871795, 'val_precision': 0.5680299875212589, 'val_f1': 0.5270935152990814, 'train_recall': 0.9958500753320754, 'val_image_recall': 0.6165567765567765, 'train_image_precision': 1.0, 'train_image_recall': 1.0, 'train_precision': 0.9960595133224752, 'train_loss': 0.01421337862820405, 'val_image_f1': 0.5573186813186812, 'val_image_precision': 0.5484615384615384, 'val_loss': 3.4747148867753483, 'train_f1': 0.9959097126737072, 'train_accuracy': 0.9961465201465202, 'val_accuracy': 0.5810023443223443}
simulation-0 | INFO flwr 2026-08-27 05:12:44,862 | server.py:175 | configure_evaluate: strategy sampled 10 clients (out of 10)
2026-08-27 05:12:44,862 | INFO | flwr | configure_evaluate: strategy sampled 10 clients (out of 10)
simulation-0 | INFO flwr 2026-08-27 05:15:56,099 | server.py:189 | aggregate_evaluate: received 10 results and 0 failures
2026-08-27 05:15:56,099 | INFO | flwr | aggregate_evaluate: received 10 results and 0 failures
2026-08-27 05:15:56,126 | INFO | src.trainer.history | Round 72 evaluation metrics saved at 2026-08-27 05:15:56: loss=1.4152535216025601 metrics={'test_image_recall': 0.7440129449838189, 'test_recall': 0.654203451995685, 'test_image_precision': 0.7597734627831715, 'test_image_accuracy': 0.7669902912621359, 'test_accuracy': 0.671663430420712, 'test_precision': 0.6638055553684087, 'test_image_f1': 0.7246879334257975, 'test_f1': 0.6424640119527125}
simulation-0 | INFO flwr 2026-08-27 05:15:56,126 | server.py:111 | 
2026-08-27 05:15:56,126 | INFO | flwr | 
simulation-0 | INFO flwr 2026-08-27 05:15:56,126 | server.py:112 | [ROUND 73]
2026-08-27 05:15:56,126 | INFO | flwr | [ROUND 73]
simulation-0 | INFO flwr 2026-08-27 05:15:56,126 | server.py:221 | configure_fit: strategy sampled 10 clients (out of 10)
2026-08-27 05:15:56,126 | INFO | flwr | configure_fit: strategy sampled 10 clients (out of 10)
simulation-0 | INFO flwr 2026-08-27 05:59:31,205 | server.py:235 | aggregate_fit: received 10 results and 0 failures
2026-08-27 05:59:31,205 | INFO | flwr | aggregate_fit: received 10 results and 0 failures
2026-08-27 05:59:31,589 | INFO | src.trainer.history | Round 73 fit metrics saved at 2026-08-27 05:59:31: {'val_image_accuracy': 0.649157509157509, 'train_image_f1': 1.0, 'train_image_accuracy': 1.0, 'val_recall': 0.5838909890109889, 'val_precision': 0.5815771079233277, 'val_f1': 0.5494826635166024, 'train_recall': 0.9965702664002665, 'val_image_recall': 0.6357509157509157, 'train_image_precision': 1.0, 'train_image_recall': 1.0, 'train_precision': 0.9964827608241875, 'train_loss': 0.014715595406196061, 'val_image_f1': 0.5844688644688645, 'val_image_precision': 0.5926007326007325, 'val_loss': 3.0279524873016888, 'train_f1': 0.9965106328561207, 'train_accuracy': 0.9965435897435897, 'val_accuracy': 0.5991795848595848}
simulation-0 | INFO flwr 2026-08-27 05:59:31,590 | server.py:175 | configure_evaluate: strategy sampled 10 clients (out of 10)
2026-08-27 05:59:31,590 | INFO | flwr | configure_evaluate: strategy sampled 10 clients (out of 10)
simulation-0 | INFO flwr 2026-08-27 06:02:39,915 | server.py:189 | aggregate_evaluate: received 10 results and 0 failures
2026-08-27 06:02:39,915 | INFO | flwr | aggregate_evaluate: received 10 results and 0 failures
2026-08-27 06:02:39,945 | INFO | src.trainer.history | Round 73 evaluation metrics saved at 2026-08-27 06:02:39: loss=1.3369624392491941 metrics={'test_image_recall': 0.7281553398058251, 'test_recall': 0.6451188781014023, 'test_image_precision': 0.7419093851132686, 'test_image_accuracy': 0.7475728155339806, 'test_accuracy': 0.6609061488673139, 'test_precision': 0.6601838194205834, 'test_image_f1': 0.7079981507165973, 'test_f1': 0.6343708919997832}
simulation-0 | INFO flwr 2026-08-27 06:02:39,945 | server.py:111 | 
2026-08-27 06:02:39,945 | INFO | flwr | 
simulation-0 | INFO flwr 2026-08-27 06:02:39,945 | server.py:112 | [ROUND 74]
2026-08-27 06:02:39,945 | INFO | flwr | [ROUND 74]
simulation-0 | INFO flwr 2026-08-27 06:02:39,945 | server.py:221 | configure_fit: strategy sampled 10 clients (out of 10)
2026-08-27 06:02:39,945 | INFO | flwr | configure_fit: strategy sampled 10 clients (out of 10)
simulation-0 | INFO flwr 2026-08-27 06:46:20,600 | server.py:235 | aggregate_fit: received 10 results and 0 failures
2026-08-27 06:46:20,600 | INFO | flwr | aggregate_fit: received 10 results and 0 failures
2026-08-27 06:46:20,986 | INFO | src.trainer.history | Round 74 fit metrics saved at 2026-08-27 06:46:20: {'val_image_accuracy': 0.6175091575091575, 'train_image_f1': 1.0, 'train_image_accuracy': 1.0, 'val_recall': 0.5631055433455433, 'val_precision': 0.563487050869839, 'val_f1': 0.5310356920931244, 'train_recall': 0.996098485144485, 'val_image_recall': 0.592967032967033, 'train_image_precision': 1.0, 'train_image_recall': 1.0, 'train_precision': 0.9958405588629764, 'train_loss': 0.014513167283073737, 'val_image_f1': 0.5377373103087388, 'val_image_precision': 0.5412820512820513, 'val_loss': 3.485052953510194, 'train_f1': 0.9959514979641932, 'train_accuracy': 0.9958432234432234, 'val_accuracy': 0.57732336996337}
simulation-0 | INFO flwr 2026-08-27 06:46:20,987 | server.py:175 | configure_evaluate: strategy sampled 10 clients (out of 10)
2026-08-27 06:46:20,987 | INFO | flwr | configure_evaluate: strategy sampled 10 clients (out of 10)
simulation-0 | INFO flwr 2026-08-27 06:49:32,302 | server.py:189 | aggregate_evaluate: received 10 results and 0 failures
2026-08-27 06:49:32,302 | INFO | flwr | aggregate_evaluate: received 10 results and 0 failures
2026-08-27 06:49:32,332 | INFO | src.trainer.history | Round 74 evaluation metrics saved at 2026-08-27 06:49:32: loss=1.4497813111645415 metrics={'test_image_recall': 0.7265372168284789, 'test_recall': 0.6455833872707659, 'test_image_precision': 0.736084142394822, 'test_image_accuracy': 0.7475728155339806, 'test_accuracy': 0.6602783171521036, 'test_precision': 0.6537276417955663, 'test_image_f1': 0.7084882108183077, 'test_f1': 0.6332248031267006}
simulation-0 | INFO flwr 2026-08-27 06:49:32,333 | server.py:111 | 
2026-08-27 06:49:32,333 | INFO | flwr | 
simulation-0 | INFO flwr 2026-08-27 06:49:32,333 | server.py:112 | [ROUND 75]
2026-08-27 06:49:32,333 | INFO | flwr | [ROUND 75]
simulation-0 | INFO flwr 2026-08-27 06:49:32,333 | server.py:221 | configure_fit: strategy sampled 10 clients (out of 10)
2026-08-27 06:49:32,333 | INFO | flwr | configure_fit: strategy sampled 10 clients (out of 10)
simulation-0 | INFO flwr 2026-08-27 07:33:14,182 | server.py:235 | aggregate_fit: received 10 results and 0 failures
2026-08-27 07:33:14,182 | INFO | flwr | aggregate_fit: received 10 results and 0 failures
2026-08-27 07:33:14,567 | INFO | src.trainer.history | Round 75 fit metrics saved at 2026-08-27 07:33:14: {'val_image_accuracy': 0.657069597069597, 'train_image_f1': 1.0, 'train_image_accuracy': 1.0, 'val_recall': 0.5763719658119658, 'val_precision': 0.5804927854605731, 'val_f1': 0.5474505368446404, 'train_recall': 0.9907715993635994, 'val_image_recall': 0.6358241758241757, 'train_image_precision': 1.0, 'train_image_recall': 1.0, 'train_precision': 0.9914128472179445, 'train_loss': 0.015477537224940578, 'val_image_f1': 0.58785557299843, 'val_image_precision': 0.5935091575091574, 'val_loss': 3.203994168411291, 'train_f1': 0.9909605585440618, 'train_accuracy': 0.9911384615384617, 'val_accuracy': 0.5935627676027676}
simulation-0 | INFO flwr 2026-08-27 07:33:14,568 | server.py:175 | configure_evaluate: strategy sampled 10 clients (out of 10)
2026-08-27 07:33:14,568 | INFO | flwr | configure_evaluate: strategy sampled 10 clients (out of 10)
simulation-0 | INFO flwr 2026-08-27 07:36:25,894 | server.py:189 | aggregate_evaluate: received 10 results and 0 failures
2026-08-27 07:36:25,894 | INFO | flwr | aggregate_evaluate: received 10 results and 0 failures
2026-08-27 07:36:25,924 | INFO | src.trainer.history | Round 75 evaluation metrics saved at 2026-08-27 07:36:25: loss=1.4354182047371027 metrics={'test_image_recall': 0.7207119741100324, 'test_recall': 0.6421279395900753, 'test_image_precision': 0.7399676375404531, 'test_image_accuracy': 0.7475728155339806, 'test_accuracy': 0.6615016181229773, 'test_precision': 0.6609366768999853, 'test_image_f1': 0.7046601941747571, 'test_f1': 0.6333129858079728}
simulation-0 | INFO flwr 2026-08-27 07:36:25,924 | server.py:111 | 
2026-08-27 07:36:25,924 | INFO | flwr | 
simulation-0 | INFO flwr 2026-08-27 07:36:25,924 | server.py:112 | [ROUND 76]
2026-08-27 07:36:25,924 | INFO | flwr | [ROUND 76]
simulation-0 | INFO flwr 2026-08-27 07:36:25,924 | server.py:221 | configure_fit: strategy sampled 10 clients (out of 10)
2026-08-27 07:36:25,924 | INFO | flwr | configure_fit: strategy sampled 10 clients (out of 10)
simulation-0 | INFO flwr 2026-08-27 08:20:02,738 | server.py:235 | aggregate_fit: received 10 results and 0 failures
2026-08-27 08:20:02,738 | INFO | flwr | aggregate_fit: received 10 results and 0 failures
2026-08-27 08:20:03,128 | INFO | src.trainer.history | Round 76 fit metrics saved at 2026-08-27 08:20:03: {'val_image_accuracy': 0.613992673992674, 'train_image_f1': 1.0, 'train_image_accuracy': 1.0, 'val_recall': 0.5770701343101344, 'val_precision': 0.5832260588181571, 'val_f1': 0.5444412919070302, 'train_recall': 0.9966270075850076, 'val_image_recall': 0.5928205128205128, 'train_image_precision': 1.0, 'train_image_recall': 1.0, 'train_precision': 0.9965245494323054, 'train_loss': 0.013203944881224205, 'val_image_f1': 0.5321172161172162, 'val_image_precision': 0.5146153846153846, 'val_loss': 3.1625418315891967, 'train_f1': 0.9965594533841278, 'train_accuracy': 0.9965567765567767, 'val_accuracy': 0.5930046398046398}
simulation-0 | INFO flwr 2026-08-27 08:20:03,129 | server.py:175 | configure_evaluate: strategy sampled 10 clients (out of 10)
2026-08-27 08:20:03,129 | INFO | flwr | configure_evaluate: strategy sampled 10 clients (out of 10)
simulation-0 | INFO flwr 2026-08-27 08:23:14,936 | server.py:189 | aggregate_evaluate: received 10 results and 0 failures
2026-08-27 08:23:14,936 | INFO | flwr | aggregate_evaluate: received 10 results and 0 failures
2026-08-27 08:23:14,967 | INFO | src.trainer.history | Round 76 evaluation metrics saved at 2026-08-27 08:23:14: loss=1.3822622773957265 metrics={'test_image_recall': 0.7174757281553398, 'test_recall': 0.6444714131607336, 'test_image_precision': 0.7353398058252427, 'test_image_accuracy': 0.7378640776699029, 'test_accuracy': 0.6602718446601942, 'test_precision': 0.6628352615492621, 'test_image_f1': 0.7025612575127138, 'test_f1': 0.635362642312872}
simulation-0 | INFO flwr 2026-08-27 08:23:14,967 | server.py:111 | 
2026-08-27 08:23:14,967 | INFO | flwr | 
simulation-0 | INFO flwr 2026-08-27 08:23:14,967 | server.py:112 | [ROUND 77]
2026-08-27 08:23:14,967 | INFO | flwr | [ROUND 77]
simulation-0 | INFO flwr 2026-08-27 08:23:14,967 | server.py:221 | configure_fit: strategy sampled 10 clients (out of 10)
2026-08-27 08:23:14,967 | INFO | flwr | configure_fit: strategy sampled 10 clients (out of 10)
simulation-0 | INFO flwr 2026-08-27 09:06:56,781 | server.py:235 | aggregate_fit: received 10 results and 0 failures
2026-08-27 09:06:56,781 | INFO | flwr | aggregate_fit: received 10 results and 0 failures
2026-08-27 09:06:57,172 | INFO | src.trainer.history | Round 77 fit metrics saved at 2026-08-27 09:06:57: {'val_image_accuracy': 0.5854212454212454, 'train_image_f1': 1.0, 'train_image_accuracy': 1.0, 'val_recall': 0.5752498168498168, 'val_precision': 0.5619105777353336, 'val_f1': 0.5408327107500794, 'train_recall': 0.9973830872830872, 'val_image_recall': 0.5799267399267399, 'train_image_precision': 1.0, 'train_image_recall': 1.0, 'train_precision': 0.9975073630682243, 'train_loss': 0.013546573558037393, 'val_image_f1': 0.5212956567242281, 'val_image_precision': 0.5178754578754579, 'val_loss': 3.2871065258483996, 'train_f1': 0.9974406856127579, 'train_accuracy': 0.9974021978021977, 'val_accuracy': 0.589244363044363}
simulation-0 | INFO flwr 2026-08-27 09:06:57,173 | server.py:175 | configure_evaluate: strategy sampled 10 clients (out of 10)
2026-08-27 09:06:57,173 | INFO | flwr | configure_evaluate: strategy sampled 10 clients (out of 10)
simulation-0 | INFO flwr 2026-08-27 09:10:10,151 | server.py:189 | aggregate_evaluate: received 10 results and 0 failures
2026-08-27 09:10:10,151 | INFO | flwr | aggregate_evaluate: received 10 results and 0 failures
2026-08-27 09:10:10,182 | INFO | src.trainer.history | Round 77 evaluation metrics saved at 2026-08-27 09:10:10: loss=1.4866766050908482 metrics={'test_image_recall': 0.6906148867313915, 'test_recall': 0.6322768069039915, 'test_image_precision': 0.72126213592233, 'test_image_accuracy': 0.7087378640776699, 'test_accuracy': 0.6469320388349514, 'test_precision': 0.6524426251154596, 'test_image_f1': 0.6755894590846048, 'test_f1': 0.6216574837584461}
simulation-0 | INFO flwr 2026-08-27 09:10:10,182 | server.py:111 | 
2026-08-27 09:10:10,182 | INFO | flwr | 
simulation-0 | INFO flwr 2026-08-27 09:10:10,182 | server.py:112 | [ROUND 78]
2026-08-27 09:10:10,182 | INFO | flwr | [ROUND 78]
simulation-0 | INFO flwr 2026-08-27 09:10:10,182 | server.py:221 | configure_fit: strategy sampled 10 clients (out of 10)
2026-08-27 09:10:10,182 | INFO | flwr | configure_fit: strategy sampled 10 clients (out of 10)
simulation-0 | INFO flwr 2026-08-27 09:53:51,282 | server.py:235 | aggregate_fit: received 10 results and 0 failures
2026-08-27 09:53:51,282 | INFO | flwr | aggregate_fit: received 10 results and 0 failures
2026-08-27 09:53:51,667 | INFO | src.trainer.history | Round 78 fit metrics saved at 2026-08-27 09:53:51: {'val_image_accuracy': 0.624078144078144, 'train_image_f1': 0.9977464022046066, 'train_image_accuracy': 0.9978021978021978, 'val_recall': 0.5738646153846153, 'val_precision': 0.5741251484406665, 'val_f1': 0.5428609167916717, 'train_recall': 0.9956909707329706, 'val_image_recall': 0.6028571428571428, 'train_image_precision': 0.9979780219780221, 'train_image_recall': 0.9977533577533577, 'train_precision': 0.995741353536854, 'train_loss': 0.014622246113604161, 'val_image_f1': 0.5502794348508634, 'val_image_precision': 0.5395604395604395, 'val_loss': 3.198926516654836, 'train_f1': 0.9956588020099454, 'train_accuracy': 0.9957084249084248, 'val_accuracy': 0.5880099796499796}
simulation-0 | INFO flwr 2026-08-27 09:53:51,668 | server.py:175 | configure_evaluate: strategy sampled 10 clients (out of 10)
2026-08-27 09:53:51,668 | INFO | flwr | configure_evaluate: strategy sampled 10 clients (out of 10)
simulation-0 | INFO flwr 2026-08-27 09:56:59,975 | server.py:189 | aggregate_evaluate: received 10 results and 0 failures
2026-08-27 09:56:59,975 | INFO | flwr | aggregate_evaluate: received 10 results and 0 failures
2026-08-27 09:57:00,006 | INFO | src.trainer.history | Round 78 evaluation metrics saved at 2026-08-27 09:57:00: loss=1.4274544733294432 metrics={'test_image_recall': 0.7155339805825242, 'test_recall': 0.6438903991370011, 'test_image_precision': 0.739061488673139, 'test_image_accuracy': 0.7378640776699029, 'test_accuracy': 0.6618964401294499, 'test_precision': 0.6549109686675175, 'test_image_f1': 0.6963384188626907, 'test_f1': 0.6336355338384017}
simulation-0 | INFO flwr 2026-08-27 09:57:00,006 | server.py:111 | 
2026-08-27 09:57:00,006 | INFO | flwr | 
simulation-0 | INFO flwr 2026-08-27 09:57:00,006 | server.py:112 | [ROUND 79]
2026-08-27 09:57:00,006 | INFO | flwr | [ROUND 79]
simulation-0 | INFO flwr 2026-08-27 09:57:00,007 | server.py:221 | configure_fit: strategy sampled 10 clients (out of 10)
2026-08-27 09:57:00,007 | INFO | flwr | configure_fit: strategy sampled 10 clients (out of 10)
simulation-0 | INFO flwr 2026-08-27 10:40:34,348 | server.py:235 | aggregate_fit: received 10 results and 0 failures
2026-08-27 10:40:34,348 | INFO | flwr | aggregate_fit: received 10 results and 0 failures
2026-08-27 10:40:34,733 | INFO | src.trainer.history | Round 79 fit metrics saved at 2026-08-27 10:40:34: {'val_image_accuracy': 0.6263003663003663, 'train_image_f1': 0.9978716020821284, 'train_image_accuracy': 0.9978021978021978, 'val_recall': 0.5803682051282052, 'val_precision': 0.5935854097808079, 'val_f1': 0.5529503744521166, 'train_recall': 0.9857234444074444, 'val_image_recall': 0.6194871794871795, 'train_image_precision': 0.9979780219780221, 'train_image_recall': 0.9979780219780221, 'train_precision': 0.9851347198795228, 'train_loss': 0.014059179224217736, 'val_image_f1': 0.5732789115646258, 'val_image_precision': 0.5913553113553114, 'val_loss': 3.337770641532834, 'train_f1': 0.9848693745689058, 'train_accuracy': 0.9851750915750915, 'val_accuracy': 0.5893007407407409}
simulation-0 | INFO flwr 2026-08-27 10:40:34,734 | server.py:175 | configure_evaluate: strategy sampled 10 clients (out of 10)
2026-08-27 10:40:34,734 | INFO | flwr | configure_evaluate: strategy sampled 10 clients (out of 10)
simulation-0 | INFO flwr 2026-08-27 10:43:43,521 | server.py:189 | aggregate_evaluate: received 10 results and 0 failures
2026-08-27 10:43:43,521 | INFO | flwr | aggregate_evaluate: received 10 results and 0 failures
2026-08-27 10:43:43,552 | INFO | src.trainer.history | Round 79 evaluation metrics saved at 2026-08-27 10:43:43: loss=1.5138198748096316 metrics={'test_image_recall': 0.698705501618123, 'test_recall': 0.6218862998921252, 'test_image_precision': 0.6971844660194175, 'test_image_accuracy': 0.7184466019417476, 'test_accuracy': 0.6365695792880258, 'test_precision': 0.6395033668904062, 'test_image_f1': 0.667877947295423, 'test_f1': 0.6100030572927368}
simulation-0 | INFO flwr 2026-08-27 10:43:43,552 | server.py:111 | 
2026-08-27 10:43:43,552 | INFO | flwr | 
simulation-0 | INFO flwr 2026-08-27 10:43:43,552 | server.py:112 | [ROUND 80]
2026-08-27 10:43:43,552 | INFO | flwr | [ROUND 80]
simulation-0 | INFO flwr 2026-08-27 10:43:43,552 | server.py:221 | configure_fit: strategy sampled 10 clients (out of 10)
2026-08-27 10:43:43,552 | INFO | flwr | configure_fit: strategy sampled 10 clients (out of 10)
simulation-0 | INFO flwr 2026-08-27 11:27:09,165 | server.py:235 | aggregate_fit: received 10 results and 0 failures
2026-08-27 11:27:09,165 | INFO | flwr | aggregate_fit: received 10 results and 0 failures
2026-08-27 11:27:09,552 | INFO | src.trainer.history | Round 80 fit metrics saved at 2026-08-27 11:27:09: {'val_image_accuracy': 0.6243223443223442, 'train_image_f1': 1.0, 'train_image_accuracy': 1.0, 'val_recall': 0.58033894993895, 'val_precision': 0.59030939145893, 'val_f1': 0.5474823297316612, 'train_recall': 0.9976052713212714, 'val_image_recall': 0.6231501831501831, 'train_image_precision': 1.0, 'train_image_recall': 1.0, 'train_precision': 0.9976171521097381, 'train_loss': 0.013136391452476677, 'val_image_f1': 0.5692161172161172, 'val_image_precision': 0.5683882783882784, 'val_loss': 3.307188775456918, 'train_f1': 0.9976037490411448, 'train_accuracy': 0.997660073260073, 'val_accuracy': 0.5935652584452583}
simulation-0 | INFO flwr 2026-08-27 11:27:09,553 | server.py:175 | configure_evaluate: strategy sampled 10 clients (out of 10)
2026-08-27 11:27:09,553 | INFO | flwr | configure_evaluate: strategy sampled 10 clients (out of 10)
simulation-0 | INFO flwr 2026-08-27 11:30:14,828 | server.py:189 | aggregate_evaluate: received 10 results and 0 failures
2026-08-27 11:30:14,828 | INFO | flwr | aggregate_evaluate: received 10 results and 0 failures
2026-08-27 11:30:14,859 | INFO | src.trainer.history | Round 80 evaluation metrics saved at 2026-08-27 11:30:14: loss=1.3801851891818513 metrics={'test_image_recall': 0.7242718446601941, 'test_recall': 0.6531741100323625, 'test_image_precision': 0.728705501618123, 'test_image_accuracy': 0.7475728155339806, 'test_accuracy': 0.6717216828478966, 'test_precision': 0.6610065829257316, 'test_image_f1': 0.6967914932963476, 'test_f1': 0.639960091470633}
simulation-0 | INFO flwr 2026-08-27 11:30:14,860 | server.py:111 | 
2026-08-27 11:30:14,860 | INFO | flwr | 
simulation-0 | INFO flwr 2026-08-27 11:30:14,860 | server.py:112 | [ROUND 81]
2026-08-27 11:30:14,860 | INFO | flwr | [ROUND 81]
simulation-0 | INFO flwr 2026-08-27 11:30:14,860 | server.py:221 | configure_fit: strategy sampled 10 clients (out of 10)
2026-08-27 11:30:14,860 | INFO | flwr | configure_fit: strategy sampled 10 clients (out of 10)
simulation-0 | INFO flwr 2026-08-27 12:13:45,585 | server.py:235 | aggregate_fit: received 10 results and 0 failures
2026-08-27 12:13:45,585 | INFO | flwr | aggregate_fit: received 10 results and 0 failures
2026-08-27 12:13:45,974 | INFO | src.trainer.history | Round 81 fit metrics saved at 2026-08-27 12:13:45: {'val_image_accuracy': 0.6460805860805862, 'train_image_f1': 1.0, 'train_image_accuracy': 1.0, 'val_recall': 0.5753240537240537, 'val_precision': 0.5677545624367021, 'val_f1': 0.5433694153822121, 'train_recall': 0.9980922553742555, 'val_image_recall': 0.6427106227106226, 'train_image_precision': 1.0, 'train_image_recall': 1.0, 'train_precision': 0.9982351045815624, 'train_loss': 0.012848943535661454, 'val_image_f1': 0.5953992673992673, 'val_image_precision': 0.5944688644688644, 'val_loss': 3.352223865742737, 'train_f1': 0.9981591305840187, 'train_accuracy': 0.9982344322344322, 'val_accuracy': 0.5823142857142858}
simulation-0 | INFO flwr 2026-08-27 12:13:45,975 | server.py:175 | configure_evaluate: strategy sampled 10 clients (out of 10)
2026-08-27 12:13:45,975 | INFO | flwr | configure_evaluate: strategy sampled 10 clients (out of 10)
simulation-0 | INFO flwr 2026-08-27 12:16:55,891 | server.py:189 | aggregate_evaluate: received 10 results and 0 failures
2026-08-27 12:16:55,891 | INFO | flwr | aggregate_evaluate: received 10 results and 0 failures
2026-08-27 12:16:55,922 | INFO | src.trainer.history | Round 81 evaluation metrics saved at 2026-08-27 12:16:55: loss=1.342422382556426 metrics={'test_image_recall': 0.7349514563106796, 'test_recall': 0.6582500539374326, 'test_image_precision': 0.728705501618123, 'test_image_accuracy': 0.7572815533980582, 'test_accuracy': 0.6738252427184466, 'test_precision': 0.6655246492763325, 'test_image_f1': 0.7065002311604252, 'test_f1': 0.6458214484450407}
simulation-0 | INFO flwr 2026-08-27 12:16:55,922 | server.py:111 | 
2026-08-27 12:16:55,922 | INFO | flwr | 
simulation-0 | INFO flwr 2026-08-27 12:16:55,922 | server.py:112 | [ROUND 82]
2026-08-27 12:16:55,922 | INFO | flwr | [ROUND 82]
simulation-0 | INFO flwr 2026-08-27 12:16:55,922 | server.py:221 | configure_fit: strategy sampled 10 clients (out of 10)
2026-08-27 12:16:55,922 | INFO | flwr | configure_fit: strategy sampled 10 clients (out of 10)
simulation-0 | INFO flwr 2026-08-27 13:00:14,952 | server.py:235 | aggregate_fit: received 10 results and 0 failures
2026-08-27 13:00:14,952 | INFO | flwr | aggregate_fit: received 10 results and 0 failures
2026-08-27 13:00:15,339 | INFO | src.trainer.history | Round 82 fit metrics saved at 2026-08-27 13:00:15: {'val_image_accuracy': 0.5841025641025641, 'train_image_f1': 1.0, 'train_image_accuracy': 1.0, 'val_recall': 0.5531936507936507, 'val_precision': 0.5477320826840196, 'val_f1': 0.5202345121675191, 'train_recall': 0.9909037468457469, 'val_image_recall': 0.5695238095238095, 'train_image_precision': 1.0, 'train_image_recall': 1.0, 'train_precision': 0.9901756859788909, 'train_loss': 0.012904928385244466, 'val_image_f1': 0.5162783882783882, 'val_image_precision': 0.5393333333333333, 'val_loss': 3.291139215425141, 'train_f1': 0.9903277734683047, 'train_accuracy': 0.9903985347985349, 'val_accuracy': 0.5600497028897029}
simulation-0 | INFO flwr 2026-08-27 13:00:15,340 | server.py:175 | configure_evaluate: strategy sampled 10 clients (out of 10)
2026-08-27 13:00:15,340 | INFO | flwr | configure_evaluate: strategy sampled 10 clients (out of 10)
simulation-0 | INFO flwr 2026-08-27 13:03:26,355 | server.py:189 | aggregate_evaluate: received 10 results and 0 failures
2026-08-27 13:03:26,355 | INFO | flwr | aggregate_evaluate: received 10 results and 0 failures
2026-08-27 13:03:26,385 | INFO | src.trainer.history | Round 82 evaluation metrics saved at 2026-08-27 13:03:26: loss=1.543864665612125 metrics={'test_image_recall': 0.6993527508090615, 'test_recall': 0.6258612729234089, 'test_image_precision': 0.6886731391585761, 'test_image_accuracy': 0.7184466019417476, 'test_accuracy': 0.6406148867313916, 'test_precision': 0.6443674280831581, 'test_image_f1': 0.672371705963939, 'test_f1': 0.6133331208458868}
simulation-0 | INFO flwr 2026-08-27 13:03:26,385 | server.py:111 | 
2026-08-27 13:03:26,385 | INFO | flwr | 
simulation-0 | INFO flwr 2026-08-27 13:03:26,385 | server.py:112 | [ROUND 83]
2026-08-27 13:03:26,385 | INFO | flwr | [ROUND 83]
simulation-0 | INFO flwr 2026-08-27 13:03:26,385 | server.py:221 | configure_fit: strategy sampled 10 clients (out of 10)
2026-08-27 13:03:26,385 | INFO | flwr | configure_fit: strategy sampled 10 clients (out of 10)
simulation-0 | INFO flwr 2026-08-27 13:46:47,270 | server.py:235 | aggregate_fit: received 10 results and 0 failures
2026-08-27 13:46:47,270 | INFO | flwr | aggregate_fit: received 10 results and 0 failures
2026-08-27 13:46:47,647 | INFO | src.trainer.history | Round 83 fit metrics saved at 2026-08-27 13:46:47: {'val_image_accuracy': 0.6173137973137972, 'train_image_f1': 1.0, 'train_image_accuracy': 1.0, 'val_recall': 0.564429597069597, 'val_precision': 0.5551646607997403, 'val_f1': 0.5268816009317963, 'train_recall': 0.9959504684944686, 'val_image_recall': 0.6093772893772893, 'train_image_precision': 1.0, 'train_image_recall': 1.0, 'train_precision': 0.9955163632700724, 'train_loss': 0.013351298784765904, 'val_image_f1': 0.5503485086342229, 'val_image_precision': 0.5609523809523809, 'val_loss': 3.3379181279531616, 'train_f1': 0.9956937489013243, 'train_accuracy': 0.9957450549450549, 'val_accuracy': 0.5758575824175824}
simulation-0 | INFO flwr 2026-08-27 13:46:47,648 | server.py:175 | configure_evaluate: strategy sampled 10 clients (out of 10)
2026-08-27 13:46:47,648 | INFO | flwr | configure_evaluate: strategy sampled 10 clients (out of 10)
simulation-0 | INFO flwr 2026-08-27 13:49:54,674 | server.py:189 | aggregate_evaluate: received 10 results and 0 failures
2026-08-27 13:49:54,674 | INFO | flwr | aggregate_evaluate: received 10 results and 0 failures
2026-08-27 13:49:54,706 | INFO | src.trainer.history | Round 83 evaluation metrics saved at 2026-08-27 13:49:54: loss=1.442272552568464 metrics={'test_image_recall': 0.7242718446601941, 'test_recall': 0.6459011866235166, 'test_image_precision': 0.722556634304207, 'test_image_accuracy': 0.7475728155339806, 'test_accuracy': 0.6621747572815535, 'test_precision': 0.6604817117342474, 'test_image_f1': 0.6980212667591308, 'test_f1': 0.6340183613382006}
simulation-0 | INFO flwr 2026-08-27 13:49:54,706 | server.py:111 | 
2026-08-27 13:49:54,706 | INFO | flwr | 
simulation-0 | INFO flwr 2026-08-27 13:49:54,706 | server.py:112 | [ROUND 84]
2026-08-27 13:49:54,706 | INFO | flwr | [ROUND 84]
simulation-0 | INFO flwr 2026-08-27 13:49:54,706 | server.py:221 | configure_fit: strategy sampled 10 clients (out of 10)
2026-08-27 13:49:54,706 | INFO | flwr | configure_fit: strategy sampled 10 clients (out of 10)
simulation-0 | INFO flwr 2026-08-27 14:33:41,562 | server.py:235 | aggregate_fit: received 10 results and 0 failures
2026-08-27 14:33:41,562 | INFO | flwr | aggregate_fit: received 10 results and 0 failures
2026-08-27 14:33:41,947 | INFO | src.trainer.history | Round 84 fit metrics saved at 2026-08-27 14:33:41: {'val_image_accuracy': 0.6484981684981684, 'train_image_f1': 0.9977953934610281, 'train_image_accuracy': 0.9978021978021978, 'val_recall': 0.5850877655677655, 'val_precision': 0.5843583146191139, 'val_f1': 0.5537819976462786, 'train_recall': 0.9942213046213045, 'val_image_recall': 0.6462271062271061, 'train_image_precision': 0.9978021978021978, 'train_image_recall': 0.9980219780219781, 'train_precision': 0.9937720840723049, 'train_loss': 0.013511330709575123, 'val_image_f1': 0.591062271062271, 'val_image_precision': 0.5831501831501831, 'val_loss': 3.3158400930969054, 'train_f1': 0.9939266864991024, 'train_accuracy': 0.9938666666666667, 'val_accuracy': 0.5916585592185593}
simulation-0 | INFO flwr 2026-08-27 14:33:41,948 | server.py:175 | configure_evaluate: strategy sampled 10 clients (out of 10)
2026-08-27 14:33:41,948 | INFO | flwr | configure_evaluate: strategy sampled 10 clients (out of 10)
simulation-0 | INFO flwr 2026-08-27 14:36:50,529 | server.py:189 | aggregate_evaluate: received 10 results and 0 failures
2026-08-27 14:36:50,529 | INFO | flwr | aggregate_evaluate: received 10 results and 0 failures
2026-08-27 14:36:50,560 | INFO | src.trainer.history | Round 84 evaluation metrics saved at 2026-08-27 14:36:50: loss=1.4356662676751102 metrics={'test_image_recall': 0.7184466019417476, 'test_recall': 0.6455275080906149, 'test_image_precision': 0.7312944983818769, 'test_image_accuracy': 0.7378640776699029, 'test_accuracy': 0.6618511326860842, 'test_precision': 0.6533371801556014, 'test_image_f1': 0.6988626907073509, 'test_f1': 0.6331064014297872}
simulation-0 | INFO flwr 2026-08-27 14:36:50,560 | server.py:111 | 
2026-08-27 14:36:50,560 | INFO | flwr | 
simulation-0 | INFO flwr 2026-08-27 14:36:50,560 | server.py:112 | [ROUND 85]
2026-08-27 14:36:50,560 | INFO | flwr | [ROUND 85]
simulation-0 | INFO flwr 2026-08-27 14:36:50,560 | server.py:221 | configure_fit: strategy sampled 10 clients (out of 10)
2026-08-27 14:36:50,560 | INFO | flwr | configure_fit: strategy sampled 10 clients (out of 10)
simulation-0 | INFO flwr 2026-08-27 15:20:20,098 | server.py:235 | aggregate_fit: received 10 results and 0 failures
2026-08-27 15:20:20,098 | INFO | flwr | aggregate_fit: received 10 results and 0 failures
2026-08-27 15:20:20,494 | INFO | src.trainer.history | Round 85 fit metrics saved at 2026-08-27 15:20:20: {'val_image_accuracy': 0.6577533577533577, 'train_image_f1': 1.0, 'train_image_accuracy': 1.0, 'val_recall': 0.5818776556776556, 'val_precision': 0.5763639817223135, 'val_f1': 0.5514321199383979, 'train_recall': 0.9978496736596737, 'val_image_recall': 0.6430769230769231, 'train_image_precision': 1.0, 'train_image_recall': 1.0, 'train_precision': 0.9976190324108954, 'train_loss': 0.012625446195599252, 'val_image_f1': 0.5957802197802198, 'val_image_precision': 0.6014285714285714, 'val_loss': 3.11422409849036, 'train_f1': 0.9977285484725149, 'train_accuracy': 0.9977860805860804, 'val_accuracy': 0.5967110297110297}
simulation-0 | INFO flwr 2026-08-27 15:20:20,495 | server.py:175 | configure_evaluate: strategy sampled 10 clients (out of 10)
2026-08-27 15:20:20,495 | INFO | flwr | configure_evaluate: strategy sampled 10 clients (out of 10)
simulation-0 | INFO flwr 2026-08-27 15:23:30,895 | server.py:189 | aggregate_evaluate: received 10 results and 0 failures
2026-08-27 15:23:30,895 | INFO | flwr | aggregate_evaluate: received 10 results and 0 failures
2026-08-27 15:23:30,928 | INFO | src.trainer.history | Round 85 evaluation metrics saved at 2026-08-27 15:23:30: loss=1.409478241687398 metrics={'test_image_recall': 0.7378640776699029, 'test_recall': 0.6536064724919095, 'test_image_precision': 0.7500647249190938, 'test_image_accuracy': 0.7572815533980582, 'test_accuracy': 0.6696893203883495, 'test_precision': 0.666472899564132, 'test_image_f1': 0.7148774849745724, 'test_f1': 0.6423438159412921}
simulation-0 | INFO flwr 2026-08-27 15:23:30,928 | server.py:111 | 
2026-08-27 15:23:30,928 | INFO | flwr | 
simulation-0 | INFO flwr 2026-08-27 15:23:30,928 | server.py:112 | [ROUND 86]
2026-08-27 15:23:30,928 | INFO | flwr | [ROUND 86]
simulation-0 | INFO flwr 2026-08-27 15:23:30,928 | server.py:221 | configure_fit: strategy sampled 10 clients (out of 10)
2026-08-27 15:23:30,928 | INFO | flwr | configure_fit: strategy sampled 10 clients (out of 10)
simulation-0 | INFO flwr 2026-08-27 16:06:58,239 | server.py:235 | aggregate_fit: received 10 results and 0 failures
2026-08-27 16:06:58,239 | INFO | flwr | aggregate_fit: received 10 results and 0 failures
2026-08-27 16:06:58,628 | INFO | src.trainer.history | Round 86 fit metrics saved at 2026-08-27 16:06:58: {'val_image_accuracy': 0.5757509157509159, 'train_image_f1': 1.0, 'train_image_accuracy': 1.0, 'val_recall': 0.5444118681318683, 'val_precision': 0.5304806160117057, 'val_f1': 0.5079158872158286, 'train_recall': 0.993319065083065, 'val_image_recall': 0.5624175824175824, 'train_image_precision': 1.0, 'train_image_recall': 1.0, 'train_precision': 0.9931641607466928, 'train_loss': 0.013613810047926963, 'val_image_f1': 0.5014714809000523, 'val_image_precision': 0.49145054945054945, 'val_loss': 3.3552957286342684, 'train_f1': 0.9931743409594327, 'train_accuracy': 0.9932058608058609, 'val_accuracy': 0.5550933984533984}
simulation-0 | INFO flwr 2026-08-27 16:06:58,629 | server.py:175 | configure_evaluate: strategy sampled 10 clients (out of 10)
2026-08-27 16:06:58,629 | INFO | flwr | configure_evaluate: strategy sampled 10 clients (out of 10)
simulation-0 | INFO flwr 2026-08-27 16:10:08,449 | server.py:189 | aggregate_evaluate: received 10 results and 0 failures
2026-08-27 16:10:08,449 | INFO | flwr | aggregate_evaluate: received 10 results and 0 failures
2026-08-27 16:10:08,503 | INFO | src.trainer.history | Round 86 evaluation metrics saved at 2026-08-27 16:10:08: loss=1.4348046081334762 metrics={'test_image_recall': 0.7255663430420712, 'test_recall': 0.6415249190938511, 'test_image_precision': 0.7257928802588998, 'test_image_accuracy': 0.7475728155339806, 'test_accuracy': 0.6604595469255663, 'test_precision': 0.651635967181321, 'test_image_f1': 0.703134535367545, 'test_f1': 0.6303713436176214}
simulation-0 | INFO flwr 2026-08-27 16:10:08,504 | server.py:111 | 
2026-08-27 16:10:08,504 | INFO | flwr | 
simulation-0 | INFO flwr 2026-08-27 16:10:08,504 | server.py:112 | [ROUND 87]
2026-08-27 16:10:08,504 | INFO | flwr | [ROUND 87]
simulation-0 | INFO flwr 2026-08-27 16:10:08,504 | server.py:221 | configure_fit: strategy sampled 10 clients (out of 10)
2026-08-27 16:10:08,504 | INFO | flwr | configure_fit: strategy sampled 10 clients (out of 10)
simulation-0 | INFO flwr 2026-08-27 16:53:36,643 | server.py:235 | aggregate_fit: received 10 results and 0 failures
2026-08-27 16:53:36,643 | INFO | flwr | aggregate_fit: received 10 results and 0 failures
2026-08-27 16:53:37,035 | INFO | src.trainer.history | Round 87 fit metrics saved at 2026-08-27 16:53:37: {'val_image_accuracy': 0.5941880341880342, 'train_image_f1': 0.9980566801619434, 'train_image_accuracy': 0.9978021978021978, 'val_recall': 0.569749010989011, 'val_precision': 0.5724028120624489, 'val_f1': 0.5360294449787147, 'train_recall': 0.992212691012691, 'val_image_recall': 0.5896703296703297, 'train_image_precision': 0.9983150183150183, 'train_image_recall': 0.997978021978022, 'train_precision': 0.9921178716758822, 'train_loss': 0.01344963821192967, 'val_image_f1': 0.5285442176870748, 'val_image_precision': 0.520981684981685, 'val_loss': 3.361163988880702, 'train_f1': 0.9919817045354107, 'train_accuracy': 0.9917391941391941, 'val_accuracy': 0.5797425803825804}
simulation-0 | INFO flwr 2026-08-27 16:53:37,036 | server.py:175 | configure_evaluate: strategy sampled 10 clients (out of 10)
2026-08-27 16:53:37,036 | INFO | flwr | configure_evaluate: strategy sampled 10 clients (out of 10)
simulation-0 | INFO flwr 2026-08-27 16:56:45,572 | server.py:189 | aggregate_evaluate: received 10 results and 0 failures
2026-08-27 16:56:45,572 | INFO | flwr | aggregate_evaluate: received 10 results and 0 failures
2026-08-27 16:56:45,592 | INFO | src.trainer.history | Round 87 evaluation metrics saved at 2026-08-27 16:56:45: loss=1.5830405448732965 metrics={'test_image_recall': 0.6809061488673138, 'test_recall': 0.6191044228694714, 'test_image_precision': 0.6686084142394821, 'test_image_accuracy': 0.7087378640776699, 'test_accuracy': 0.6360906148867314, 'test_precision': 0.6380402429893991, 'test_image_f1': 0.6549976883957468, 'test_f1': 0.6066329784413608}
simulation-0 | INFO flwr 2026-08-27 16:56:45,592 | server.py:111 | 
2026-08-27 16:56:45,592 | INFO | flwr | 
simulation-0 | INFO flwr 2026-08-27 16:56:45,592 | server.py:112 | [ROUND 88]
2026-08-27 16:56:45,592 | INFO | flwr | [ROUND 88]
simulation-0 | INFO flwr 2026-08-27 16:56:45,592 | server.py:221 | configure_fit: strategy sampled 10 clients (out of 10)
2026-08-27 16:56:45,592 | INFO | flwr | configure_fit: strategy sampled 10 clients (out of 10)
simulation-0 | INFO flwr 2026-08-27 17:40:03,766 | server.py:235 | aggregate_fit: received 10 results and 0 failures
2026-08-27 17:40:03,766 | INFO | flwr | aggregate_fit: received 10 results and 0 failures
2026-08-27 17:40:04,157 | INFO | src.trainer.history | Round 88 fit metrics saved at 2026-08-27 17:40:04: {'val_image_accuracy': 0.6359462759462758, 'train_image_f1': 1.0, 'train_image_accuracy': 1.0, 'val_recall': 0.5576810744810746, 'val_precision': 0.5628128287626772, 'val_f1': 0.5314259751265379, 'train_recall': 0.9955214562474564, 'val_image_recall': 0.6224908424908425, 'train_image_precision': 1.0, 'train_image_recall': 1.0, 'train_precision': 0.9959056915176954, 'train_loss': 0.011720632539524448, 'val_image_f1': 0.5784468864468864, 'val_image_precision': 0.5890842490842491, 'val_loss': 3.3649018495609786, 'train_f1': 0.9956825514041499, 'train_accuracy': 0.9958432234432234, 'val_accuracy': 0.5725986650386651}
simulation-0 | INFO flwr 2026-08-27 17:40:04,158 | server.py:175 | configure_evaluate: strategy sampled 10 clients (out of 10)
2026-08-27 17:40:04,158 | INFO | flwr | configure_evaluate: strategy sampled 10 clients (out of 10)
simulation-0 | INFO flwr 2026-08-27 17:43:14,081 | server.py:189 | aggregate_evaluate: received 10 results and 0 failures
2026-08-27 17:43:14,081 | INFO | flwr | aggregate_evaluate: received 10 results and 0 failures
2026-08-27 17:43:14,114 | INFO | src.trainer.history | Round 88 evaluation metrics saved at 2026-08-27 17:43:14: loss=1.4157756611059242 metrics={'test_image_recall': 0.7236245954692556, 'test_recall': 0.6476604099244877, 'test_image_precision': 0.7267637540453076, 'test_image_accuracy': 0.7378640776699029, 'test_accuracy': 0.6646925566343043, 'test_precision': 0.6599496312538151, 'test_image_f1': 0.6920943134535368, 'test_f1': 0.6354631741322619}
simulation-0 | INFO flwr 2026-08-27 17:43:14,114 | server.py:111 | 
2026-08-27 17:43:14,114 | INFO | flwr | 
simulation-0 | INFO flwr 2026-08-27 17:43:14,114 | server.py:112 | [ROUND 89]
2026-08-27 17:43:14,114 | INFO | flwr | [ROUND 89]
simulation-0 | INFO flwr 2026-08-27 17:43:14,114 | server.py:221 | configure_fit: strategy sampled 10 clients (out of 10)
2026-08-27 17:43:14,114 | INFO | flwr | configure_fit: strategy sampled 10 clients (out of 10)
simulation-0 | INFO flwr 2026-08-27 18:26:32,862 | server.py:235 | aggregate_fit: received 10 results and 0 failures
2026-08-27 18:26:32,862 | INFO | flwr | aggregate_fit: received 10 results and 0 failures
2026-08-27 18:26:33,248 | INFO | src.trainer.history | Round 89 fit metrics saved at 2026-08-27 18:26:33: {'val_image_accuracy': 0.6265201465201465, 'train_image_f1': 1.0, 'train_image_accuracy': 1.0, 'val_recall': 0.5729600488400489, 'val_precision': 0.5792508591485773, 'val_f1': 0.541105703122461, 'train_recall': 0.997230023014023, 'val_image_recall': 0.6129670329670329, 'train_image_precision': 1.0, 'train_image_recall': 1.0, 'train_precision': 0.9970771744233361, 'train_loss': 0.013152495852566223, 'val_image_f1': 0.553883830455259, 'val_image_precision': 0.5566300366300366, 'val_loss': 3.58507607544131, 'train_f1': 0.9971403406168473, 'train_accuracy': 0.9970520146520148, 'val_accuracy': 0.5811820431420431}
simulation-0 | INFO flwr 2026-08-27 18:26:33,249 | server.py:175 | configure_evaluate: strategy sampled 10 clients (out of 10)
2026-08-27 18:26:33,249 | INFO | flwr | configure_evaluate: strategy sampled 10 clients (out of 10)
simulation-0 | INFO flwr 2026-08-27 18:29:43,285 | server.py:189 | aggregate_evaluate: received 10 results and 0 failures
2026-08-27 18:29:43,285 | INFO | flwr | aggregate_evaluate: received 10 results and 0 failures
2026-08-27 18:29:43,305 | INFO | src.trainer.history | Round 89 evaluation metrics saved at 2026-08-27 18:29:43: loss=1.4101480089357328 metrics={'test_image_recall': 0.6951456310679611, 'test_recall': 0.641831715210356, 'test_image_precision': 0.709611650485437, 'test_image_accuracy': 0.7184466019417476, 'test_accuracy': 0.659799352750809, 'test_precision': 0.6606062581953647, 'test_image_f1': 0.6774387424872861, 'test_f1': 0.6314496964594313}
simulation-0 | INFO flwr 2026-08-27 18:29:43,305 | server.py:111 | 
2026-08-27 18:29:43,305 | INFO | flwr | 
simulation-0 | INFO flwr 2026-08-27 18:29:43,306 | server.py:112 | [ROUND 90]
2026-08-27 18:29:43,306 | INFO | flwr | [ROUND 90]
simulation-0 | INFO flwr 2026-08-27 18:29:43,306 | server.py:221 | configure_fit: strategy sampled 10 clients (out of 10)
2026-08-27 18:29:43,306 | INFO | flwr | configure_fit: strategy sampled 10 clients (out of 10)
simulation-0 | INFO flwr 2026-08-27 19:13:02,544 | server.py:235 | aggregate_fit: received 10 results and 0 failures
2026-08-27 19:13:02,544 | INFO | flwr | aggregate_fit: received 10 results and 0 failures
2026-08-27 19:13:02,933 | INFO | src.trainer.history | Round 90 fit metrics saved at 2026-08-27 19:13:02: {'val_image_accuracy': 0.5717704517704518, 'train_image_f1': 0.9970976392029023, 'train_image_accuracy': 0.9978021978021978, 'val_recall': 0.5327481318681319, 'val_precision': 0.5345989681660751, 'val_f1': 0.5003635089487701, 'train_recall': 0.9916783003663002, 'val_image_recall': 0.566007326007326, 'train_image_precision': 0.9979780219780221, 'train_image_recall': 0.9966300366300367, 'train_precision': 0.9935122776445455, 'train_loss': 0.012579876478568229, 'val_image_f1': 0.5073846153846153, 'val_image_precision': 0.4944688644688645, 'val_loss': 3.5925745611397235, 'train_f1': 0.9922131644157309, 'train_accuracy': 0.9931648351648351, 'val_accuracy': 0.5441770614570615}
simulation-0 | INFO flwr 2026-08-27 19:13:02,934 | server.py:175 | configure_evaluate: strategy sampled 10 clients (out of 10)
2026-08-27 19:13:02,934 | INFO | flwr | configure_evaluate: strategy sampled 10 clients (out of 10)
simulation-0 | INFO flwr 2026-08-27 19:16:13,918 | server.py:189 | aggregate_evaluate: received 10 results and 0 failures
2026-08-27 19:16:13,918 | INFO | flwr | aggregate_evaluate: received 10 results and 0 failures
2026-08-27 19:16:13,936 | INFO | src.trainer.history | Round 90 evaluation metrics saved at 2026-08-27 19:16:13: loss=1.4098933419738604 metrics={'test_image_recall': 0.6935275080906149, 'test_recall': 0.646652427184466, 'test_image_precision': 0.7005501618122977, 'test_image_accuracy': 0.7087378640776699, 'test_accuracy': 0.6618576051779934, 'test_precision': 0.660741393876216, 'test_image_f1': 0.671964863615349, 'test_f1': 0.6353402249934577}
simulation-0 | INFO flwr 2026-08-27 19:16:13,936 | server.py:111 | 
2026-08-27 19:16:13,936 | INFO | flwr | 
simulation-0 | INFO flwr 2026-08-27 19:16:13,936 | server.py:112 | [ROUND 91]
2026-08-27 19:16:13,936 | INFO | flwr | [ROUND 91]
simulation-0 | INFO flwr 2026-08-27 19:16:13,936 | server.py:221 | configure_fit: strategy sampled 10 clients (out of 10)
2026-08-27 19:16:13,936 | INFO | flwr | configure_fit: strategy sampled 10 clients (out of 10)
simulation-0 | INFO flwr 2026-08-27 19:59:36,058 | server.py:235 | aggregate_fit: received 10 results and 0 failures
2026-08-27 19:59:36,058 | INFO | flwr | aggregate_fit: received 10 results and 0 failures
2026-08-27 19:59:36,445 | INFO | src.trainer.history | Round 91 fit metrics saved at 2026-08-27 19:59:36: {'val_image_accuracy': 0.5827350427350426, 'train_image_f1': 1.0, 'train_image_accuracy': 1.0, 'val_recall': 0.5618357997557998, 'val_precision': 0.5656912236969696, 'val_f1': 0.5286162541335181, 'train_recall': 0.9966129237429239, 'val_image_recall': 0.566007326007326, 'train_image_precision': 1.0, 'train_image_recall': 1.0, 'train_precision': 0.9966165117621112, 'train_loss': 0.013044595165308523, 'val_image_f1': 0.5066896912611198, 'val_image_precision': 0.5021904761904762, 'val_loss': 3.2418433410881553, 'train_f1': 0.9965767862958392, 'train_accuracy': 0.9966358974358974, 'val_accuracy': 0.5729450875050875}
simulation-0 | INFO flwr 2026-08-27 19:59:36,445 | server.py:175 | configure_evaluate: strategy sampled 10 clients (out of 10)
2026-08-27 19:59:36,445 | INFO | flwr | configure_evaluate: strategy sampled 10 clients (out of 10)
simulation-0 | INFO flwr 2026-08-27 20:02:46,224 | server.py:189 | aggregate_evaluate: received 10 results and 0 failures
2026-08-27 20:02:46,224 | INFO | flwr | aggregate_evaluate: received 10 results and 0 failures
2026-08-27 20:02:46,259 | INFO | src.trainer.history | Round 91 evaluation metrics saved at 2026-08-27 20:02:46: loss=1.429820799956583 metrics={'test_image_recall': 0.6977346278317151, 'test_recall': 0.6460729234088457, 'test_image_precision': 0.6963430420711973, 'test_image_accuracy': 0.7184466019417476, 'test_accuracy': 0.6644530744336569, 'test_precision': 0.6520299138125916, 'test_image_f1': 0.6676930189551548, 'test_f1': 0.6336591661621414}
simulation-0 | INFO flwr 2026-08-27 20:02:46,259 | server.py:111 | 
2026-08-27 20:02:46,259 | INFO | flwr | 
simulation-0 | INFO flwr 2026-08-27 20:02:46,259 | server.py:112 | [ROUND 92]
2026-08-27 20:02:46,259 | INFO | flwr | [ROUND 92]
simulation-0 | INFO flwr 2026-08-27 20:02:46,259 | server.py:221 | configure_fit: strategy sampled 10 clients (out of 10)
2026-08-27 20:02:46,259 | INFO | flwr | configure_fit: strategy sampled 10 clients (out of 10)
simulation-0 | INFO flwr 2026-08-27 20:46:13,931 | server.py:235 | aggregate_fit: received 10 results and 0 failures
2026-08-27 20:46:13,931 | INFO | flwr | aggregate_fit: received 10 results and 0 failures
2026-08-27 20:46:14,317 | INFO | src.trainer.history | Round 92 fit metrics saved at 2026-08-27 20:46:14: {'val_image_accuracy': 0.5841025641025641, 'train_image_f1': 1.0, 'train_image_accuracy': 1.0, 'val_recall': 0.588192673992674, 'val_precision': 0.5839426636594095, 'val_f1': 0.5554718700747399, 'train_recall': 0.9964081716061715, 'val_image_recall': 0.5761172161172161, 'train_image_precision': 1.0, 'train_image_recall': 1.0, 'train_precision': 0.9962258531561431, 'train_loss': 0.013328062448537143, 'val_image_f1': 0.5181538461538462, 'val_image_precision': 0.5177655677655678, 'val_loss': 2.9805135483358494, 'train_f1': 0.9963051808771977, 'train_accuracy': 0.9962461538461538, 'val_accuracy': 0.5984719576719577}
simulation-0 | INFO flwr 2026-08-27 20:46:14,318 | server.py:175 | configure_evaluate: strategy sampled 10 clients (out of 10)
2026-08-27 20:46:14,318 | INFO | flwr | configure_evaluate: strategy sampled 10 clients (out of 10)
simulation-0 | INFO flwr 2026-08-27 20:49:23,517 | server.py:189 | aggregate_evaluate: received 10 results and 0 failures
2026-08-27 20:49:23,517 | INFO | flwr | aggregate_evaluate: received 10 results and 0 failures
2026-08-27 20:49:23,551 | INFO | src.trainer.history | Round 92 evaluation metrics saved at 2026-08-27 20:49:23: loss=1.4199623386194127 metrics={'test_image_recall': 0.7181229773462784, 'test_recall': 0.644011650485437, 'test_image_precision': 0.7154368932038835, 'test_image_accuracy': 0.7378640776699029, 'test_accuracy': 0.6606213592233009, 'test_precision': 0.6556519576050872, 'test_image_f1': 0.6882478039759592, 'test_f1': 0.6311833290189598}
simulation-0 | INFO flwr 2026-08-27 20:49:23,551 | server.py:111 | 
2026-08-27 20:49:23,551 | INFO | flwr | 
simulation-0 | INFO flwr 2026-08-27 20:49:23,551 | server.py:112 | [ROUND 93]
2026-08-27 20:49:23,551 | INFO | flwr | [ROUND 93]
simulation-0 | INFO flwr 2026-08-27 20:49:23,551 | server.py:221 | configure_fit: strategy sampled 10 clients (out of 10)
2026-08-27 20:49:23,551 | INFO | flwr | configure_fit: strategy sampled 10 clients (out of 10)
simulation-0 | INFO flwr 2026-08-27 21:33:03,117 | server.py:235 | aggregate_fit: received 10 results and 0 failures
2026-08-27 21:33:03,117 | INFO | flwr | aggregate_fit: received 10 results and 0 failures
2026-08-27 21:33:03,504 | INFO | src.trainer.history | Round 93 fit metrics saved at 2026-08-27 21:33:03: {'val_image_accuracy': 0.6052014652014652, 'train_image_f1': 1.0, 'train_image_accuracy': 1.0, 'val_recall': 0.5570023443223443, 'val_precision': 0.5626910834207505, 'val_f1': 0.5258257570948742, 'train_recall': 0.9967302111962111, 'val_image_recall': 0.5828571428571429, 'train_image_precision': 1.0, 'train_image_recall': 1.0, 'train_precision': 0.9967202762802322, 'train_loss': 0.013432974313494382, 'val_image_f1': 0.532937728937729, 'val_image_precision': 0.5505494505494506, 'val_loss': 3.4052847880800123, 'train_f1': 0.9967103412810556, 'train_accuracy': 0.9968439560439559, 'val_accuracy': 0.5704317948717947}
simulation-0 | INFO flwr 2026-08-27 21:33:03,505 | server.py:175 | configure_evaluate: strategy sampled 10 clients (out of 10)
2026-08-27 21:33:03,505 | INFO | flwr | configure_evaluate: strategy sampled 10 clients (out of 10)
simulation-0 | INFO flwr 2026-08-27 21:36:14,383 | server.py:189 | aggregate_evaluate: received 10 results and 0 failures
2026-08-27 21:36:14,383 | INFO | flwr | aggregate_evaluate: received 10 results and 0 failures
2026-08-27 21:36:14,414 | INFO | src.trainer.history | Round 93 evaluation metrics saved at 2026-08-27 21:36:14: loss=1.4815949035422489 metrics={'test_image_recall': 0.707766990291262, 'test_recall': 0.634664077669903, 'test_image_precision': 0.7047572815533981, 'test_image_accuracy': 0.7281553398058253, 'test_accuracy': 0.6517928802588998, 'test_precision': 0.6491341923282783, 'test_image_f1': 0.6838465094775773, 'test_f1': 0.6233268327395016}
simulation-0 | INFO flwr 2026-08-27 21:36:14,414 | server.py:111 | 
2026-08-27 21:36:14,414 | INFO | flwr | 
simulation-0 | INFO flwr 2026-08-27 21:36:14,414 | server.py:112 | [ROUND 94]
2026-08-27 21:36:14,414 | INFO | flwr | [ROUND 94]
simulation-0 | INFO flwr 2026-08-27 21:36:14,414 | server.py:221 | configure_fit: strategy sampled 10 clients (out of 10)
2026-08-27 21:36:14,414 | INFO | flwr | configure_fit: strategy sampled 10 clients (out of 10)
simulation-0 | INFO flwr 2026-08-27 22:19:38,632 | server.py:235 | aggregate_fit: received 10 results and 0 failures
2026-08-27 22:19:38,632 | INFO | flwr | aggregate_fit: received 10 results and 0 failures
2026-08-27 22:19:39,020 | INFO | src.trainer.history | Round 94 fit metrics saved at 2026-08-27 22:19:39: {'val_image_accuracy': 0.6489377289377289, 'train_image_f1': 1.0, 'train_image_accuracy': 1.0, 'val_recall': 0.5893415384615386, 'val_precision': 0.5940006765508777, 'val_f1': 0.5567925493084542, 'train_recall': 0.997184900950901, 'val_image_recall': 0.6321611721611722, 'train_image_precision': 1.0, 'train_image_recall': 1.0, 'train_precision': 0.9971658231299717, 'train_loss': 0.012647829441792617, 'val_image_f1': 0.5828069073783358, 'val_image_precision': 0.5965860805860806, 'val_loss': 3.39764104312456, 'train_f1': 0.99716625398515, 'train_accuracy': 0.9973216117216116, 'val_accuracy': 0.6069933251933252}
simulation-0 | INFO flwr 2026-08-27 22:19:39,021 | server.py:175 | configure_evaluate: strategy sampled 10 clients (out of 10)
2026-08-27 22:19:39,021 | INFO | flwr | configure_evaluate: strategy sampled 10 clients (out of 10)
simulation-0 | INFO flwr 2026-08-27 22:22:47,734 | server.py:189 | aggregate_evaluate: received 10 results and 0 failures
2026-08-27 22:22:47,734 | INFO | flwr | aggregate_evaluate: received 10 results and 0 failures
2026-08-27 22:22:47,765 | INFO | src.trainer.history | Round 94 evaluation metrics saved at 2026-08-27 22:22:47: loss=1.4582705696364016 metrics={'test_image_recall': 0.6935275080906148, 'test_recall': 0.6425096008629989, 'test_image_precision': 0.7102588996763755, 'test_image_accuracy': 0.7087378640776699, 'test_accuracy': 0.6596699029126213, 'test_precision': 0.6555409597515334, 'test_image_f1': 0.6737771613499769, 'test_f1': 0.6313124377752019}
simulation-0 | INFO flwr 2026-08-27 22:22:47,765 | server.py:111 | 
2026-08-27 22:22:47,765 | INFO | flwr | 
simulation-0 | INFO flwr 2026-08-27 22:22:47,765 | server.py:112 | [ROUND 95]
2026-08-27 22:22:47,765 | INFO | flwr | [ROUND 95]
simulation-0 | INFO flwr 2026-08-27 22:22:47,765 | server.py:221 | configure_fit: strategy sampled 10 clients (out of 10)
2026-08-27 22:22:47,765 | INFO | flwr | configure_fit: strategy sampled 10 clients (out of 10)
simulation-0 | INFO flwr 2026-08-27 23:06:14,032 | server.py:235 | aggregate_fit: received 10 results and 0 failures
2026-08-27 23:06:14,032 | INFO | flwr | aggregate_fit: received 10 results and 0 failures
2026-08-27 23:06:14,430 | INFO | src.trainer.history | Round 95 fit metrics saved at 2026-08-27 23:06:14: {'val_image_accuracy': 0.6346275946275947, 'train_image_f1': 1.0, 'train_image_accuracy': 1.0, 'val_recall': 0.5870080097680098, 'val_precision': 0.5897943729127951, 'val_f1': 0.561164253103615, 'train_recall': 0.9978233845413844, 'val_image_recall': 0.6136263736263737, 'train_image_precision': 1.0, 'train_image_recall': 1.0, 'train_precision': 0.9977163913441277, 'train_loss': 0.011475892964916374, 'val_image_f1': 0.5710413396127682, 'val_image_precision': 0.5736263736263736, 'val_loss': 3.0067556765478547, 'train_f1': 0.99776578535477, 'train_accuracy': 0.9978388278388278, 'val_accuracy': 0.6014580545380546}
simulation-0 | INFO flwr 2026-08-27 23:06:14,431 | server.py:175 | configure_evaluate: strategy sampled 10 clients (out of 10)
2026-08-27 23:06:14,431 | INFO | flwr | configure_evaluate: strategy sampled 10 clients (out of 10)
simulation-0 | INFO flwr 2026-08-27 23:09:24,938 | server.py:189 | aggregate_evaluate: received 10 results and 0 failures
2026-08-27 23:09:24,938 | INFO | flwr | aggregate_evaluate: received 10 results and 0 failures
2026-08-27 23:09:24,973 | INFO | src.trainer.history | Round 95 evaluation metrics saved at 2026-08-27 23:09:24: loss=1.5110676148859623 metrics={'test_image_recall': 0.7022653721682848, 'test_recall': 0.6318828478964402, 'test_image_precision': 0.714336569579288, 'test_image_accuracy': 0.7184466019417476, 'test_accuracy': 0.64673786407767, 'test_precision': 0.6462965623958744, 'test_image_f1': 0.6791030975496994, 'test_f1': 0.6216901282988766}
simulation-0 | INFO flwr 2026-08-27 23:09:24,973 | server.py:111 | 
2026-08-27 23:09:24,973 | INFO | flwr | 
simulation-0 | INFO flwr 2026-08-27 23:09:24,973 | server.py:112 | [ROUND 96]
2026-08-27 23:09:24,973 | INFO | flwr | [ROUND 96]
simulation-0 | INFO flwr 2026-08-27 23:09:24,974 | server.py:221 | configure_fit: strategy sampled 10 clients (out of 10)
2026-08-27 23:09:24,974 | INFO | flwr | configure_fit: strategy sampled 10 clients (out of 10)
simulation-0 | INFO flwr 2026-08-27 23:52:51,987 | server.py:235 | aggregate_fit: received 10 results and 0 failures
2026-08-27 23:52:51,987 | INFO | flwr | aggregate_fit: received 10 results and 0 failures
2026-08-27 23:52:52,383 | INFO | src.trainer.history | Round 96 fit metrics saved at 2026-08-27 23:52:52: {'val_image_accuracy': 0.6269597069597069, 'train_image_f1': 1.0, 'train_image_accuracy': 1.0, 'val_recall': 0.5769493528693529, 'val_precision': 0.5798729573163258, 'val_f1': 0.5503030802614377, 'train_recall': 0.9934527787027787, 'val_image_recall': 0.6156776556776556, 'train_image_precision': 1.0, 'train_image_recall': 1.0, 'train_precision': 0.9926638379163443, 'train_loss': 0.012372310516789995, 'val_image_f1': 0.5511355311355312, 'val_image_precision': 0.5459340659340659, 'val_loss': 3.3211916931687733, 'train_f1': 0.9928821898466882, 'train_accuracy': 0.9927443223443223, 'val_accuracy': 0.5902371998371998}
simulation-0 | INFO flwr 2026-08-27 23:52:52,384 | server.py:175 | configure_evaluate: strategy sampled 10 clients (out of 10)
2026-08-27 23:52:52,384 | INFO | flwr | configure_evaluate: strategy sampled 10 clients (out of 10)
simulation-0 | INFO flwr 2026-08-27 23:56:03,944 | server.py:189 | aggregate_evaluate: received 10 results and 0 failures
2026-08-27 23:56:03,944 | INFO | flwr | aggregate_evaluate: received 10 results and 0 failures
2026-08-27 23:56:03,978 | INFO | src.trainer.history | Round 96 evaluation metrics saved at 2026-08-27 23:56:03: loss=1.444051712620333 metrics={'test_image_recall': 0.7271844660194176, 'test_recall': 0.6479132686084143, 'test_image_precision': 0.7264401294498383, 'test_image_accuracy': 0.7475728155339806, 'test_accuracy': 0.6654563106796116, 'test_precision': 0.6584349743129756, 'test_image_f1': 0.6983726306056401, 'test_f1': 0.6354654068900875}
simulation-0 | INFO flwr 2026-08-27 23:56:03,978 | server.py:111 | 
2026-08-27 23:56:03,978 | INFO | flwr | 
simulation-0 | INFO flwr 2026-08-27 23:56:03,978 | server.py:112 | [ROUND 97]
2026-08-27 23:56:03,978 | INFO | flwr | [ROUND 97]
simulation-0 | INFO flwr 2026-08-27 23:56:03,978 | server.py:221 | configure_fit: strategy sampled 10 clients (out of 10)
2026-08-27 23:56:03,978 | INFO | flwr | configure_fit: strategy sampled 10 clients (out of 10)
simulation-0 | INFO flwr 2026-08-28 00:39:23,363 | server.py:235 | aggregate_fit: received 10 results and 0 failures
2026-08-28 00:39:23,363 | INFO | flwr | aggregate_fit: received 10 results and 0 failures
2026-08-28 00:39:23,754 | INFO | src.trainer.history | Round 97 fit metrics saved at 2026-08-28 00:39:23: {'val_image_accuracy': 0.6494017094017094, 'train_image_f1': 1.0, 'train_image_accuracy': 1.0, 'val_recall': 0.5827405616605615, 'val_precision': 0.5649009702610736, 'val_f1': 0.548496937478237, 'train_recall': 0.9966362869722869, 'val_image_recall': 0.6358974358974359, 'train_image_precision': 1.0, 'train_image_recall': 1.0, 'train_precision': 0.9961818824625274, 'train_loss': 0.012828111919915106, 'val_image_f1': 0.5787043432757719, 'val_image_precision': 0.5805421245421245, 'val_loss': 3.5365301497707136, 'train_f1': 0.996385987704053, 'train_accuracy': 0.9963985347985348, 'val_accuracy': 0.5963433129833129}
simulation-0 | INFO flwr 2026-08-28 00:39:23,755 | server.py:175 | configure_evaluate: strategy sampled 10 clients (out of 10)
2026-08-28 00:39:23,755 | INFO | flwr | configure_evaluate: strategy sampled 10 clients (out of 10)
simulation-0 | INFO flwr 2026-08-28 00:42:35,060 | server.py:189 | aggregate_evaluate: received 10 results and 0 failures
2026-08-28 00:42:35,060 | INFO | flwr | aggregate_evaluate: received 10 results and 0 failures
2026-08-28 00:42:35,095 | INFO | src.trainer.history | Round 97 evaluation metrics saved at 2026-08-28 00:42:35: loss=1.4082550562863831 metrics={'test_image_recall': 0.7200647249190939, 'test_recall': 0.6519085221143472, 'test_image_precision': 0.7076699029126213, 'test_image_accuracy': 0.7475728155339806, 'test_accuracy': 0.67210355987055, 'test_precision': 0.6573340671655321, 'test_image_f1': 0.6934257975034673, 'test_f1': 0.6389965808982758}
simulation-0 | INFO flwr 2026-08-28 00:42:35,095 | server.py:111 | 
2026-08-28 00:42:35,095 | INFO | flwr | 
simulation-0 | INFO flwr 2026-08-28 00:42:35,095 | server.py:112 | [ROUND 98]
2026-08-28 00:42:35,095 | INFO | flwr | [ROUND 98]
simulation-0 | INFO flwr 2026-08-28 00:42:35,095 | server.py:221 | configure_fit: strategy sampled 10 clients (out of 10)
2026-08-28 00:42:35,095 | INFO | flwr | configure_fit: strategy sampled 10 clients (out of 10)
simulation-0 | INFO flwr 2026-08-28 01:26:02,553 | server.py:235 | aggregate_fit: received 10 results and 0 failures
2026-08-28 01:26:02,553 | INFO | flwr | aggregate_fit: received 10 results and 0 failures
2026-08-28 01:26:02,936 | INFO | src.trainer.history | Round 98 fit metrics saved at 2026-08-28 01:26:02: {'val_image_accuracy': 0.6058608058608058, 'train_image_f1': 1.0, 'train_image_accuracy': 1.0, 'val_recall': 0.5599087179487181, 'val_precision': 0.5462646784196208, 'val_f1': 0.5251502240703294, 'train_recall': 0.996679085063085, 'val_image_recall': 0.5858608058608058, 'train_image_precision': 1.0, 'train_image_recall': 1.0, 'train_precision': 0.9963058453027989, 'train_loss': 0.011832230768082796, 'val_image_f1': 0.5264175824175824, 'val_image_precision': 0.5207692307692308, 'val_loss': 3.422168366618516, 'train_f1': 0.996470458287445, 'train_accuracy': 0.9965172161172161, 'val_accuracy': 0.5765013105413106}
simulation-0 | INFO flwr 2026-08-28 01:26:02,937 | server.py:175 | configure_evaluate: strategy sampled 10 clients (out of 10)
2026-08-28 01:26:02,937 | INFO | flwr | configure_evaluate: strategy sampled 10 clients (out of 10)
simulation-0 | INFO flwr 2026-08-28 01:29:13,970 | server.py:189 | aggregate_evaluate: received 10 results and 0 failures
2026-08-28 01:29:13,970 | INFO | flwr | aggregate_evaluate: received 10 results and 0 failures
2026-08-28 01:29:14,004 | INFO | src.trainer.history | Round 98 evaluation metrics saved at 2026-08-28 01:29:14: loss=1.5184845348896592 metrics={'test_image_recall': 0.6967637540453074, 'test_recall': 0.6367423948220066, 'test_image_precision': 0.6833333333333332, 'test_image_accuracy': 0.7184466019417476, 'test_accuracy': 0.6535533980582524, 'test_precision': 0.6477513190426407, 'test_image_f1': 0.6721960240406842, 'test_f1': 0.6242680121241507}
simulation-0 | INFO flwr 2026-08-28 01:29:14,004 | server.py:111 | 
2026-08-28 01:29:14,004 | INFO | flwr | 
simulation-0 | INFO flwr 2026-08-28 01:29:14,004 | server.py:112 | [ROUND 99]
2026-08-28 01:29:14,004 | INFO | flwr | [ROUND 99]
simulation-0 | INFO flwr 2026-08-28 01:29:14,004 | server.py:221 | configure_fit: strategy sampled 10 clients (out of 10)
2026-08-28 01:29:14,004 | INFO | flwr | configure_fit: strategy sampled 10 clients (out of 10)
simulation-0 | INFO flwr 2026-08-28 02:12:56,445 | server.py:235 | aggregate_fit: received 10 results and 0 failures
2026-08-28 02:12:56,445 | INFO | flwr | aggregate_fit: received 10 results and 0 failures
2026-08-28 02:12:56,836 | INFO | src.trainer.history | Round 99 fit metrics saved at 2026-08-28 02:12:56: {'val_image_accuracy': 0.6170695970695971, 'train_image_f1': 1.0, 'train_image_accuracy': 1.0, 'val_recall': 0.5625684981684981, 'val_precision': 0.5625337847183398, 'val_f1': 0.5306374560881872, 'train_recall': 0.9980973460613459, 'val_image_recall': 0.6057875457875458, 'train_image_precision': 1.0, 'train_image_recall': 1.0, 'train_precision': 0.9979082862115012, 'train_loss': 0.012159965716101229, 'val_image_f1': 0.547861852433281, 'val_image_precision': 0.5403223443223443, 'val_loss': 3.3560048086211207, 'train_f1': 0.997996907935915, 'train_accuracy': 0.9980512820512819, 'val_accuracy': 0.5785462596662596}
simulation-0 | INFO flwr 2026-08-28 02:12:56,837 | server.py:175 | configure_evaluate: strategy sampled 10 clients (out of 10)
2026-08-28 02:12:56,837 | INFO | flwr | configure_evaluate: strategy sampled 10 clients (out of 10)
simulation-0 | INFO flwr 2026-08-28 02:16:05,587 | server.py:189 | aggregate_evaluate: received 10 results and 0 failures
2026-08-28 02:16:05,587 | INFO | flwr | aggregate_evaluate: received 10 results and 0 failures
2026-08-28 02:16:05,621 | INFO | src.trainer.history | Round 99 evaluation metrics saved at 2026-08-28 02:16:05: loss=1.4391036447153258 metrics={'test_image_recall': 0.687378640776699, 'test_recall': 0.6431585760517798, 'test_image_precision': 0.6843689320388351, 'test_image_accuracy': 0.7087378640776699, 'test_accuracy': 0.6604466019417475, 'test_precision': 0.6503467430306679, 'test_image_f1': 0.664882108183079, 'test_f1': 0.6306777907887794}
simulation-0 | INFO flwr 2026-08-28 02:16:05,621 | server.py:111 | 
2026-08-28 02:16:05,621 | INFO | flwr | 
simulation-0 | INFO flwr 2026-08-28 02:16:05,621 | server.py:112 | [ROUND 100]
2026-08-28 02:16:05,621 | INFO | flwr | [ROUND 100]
simulation-0 | INFO flwr 2026-08-28 02:16:05,621 | server.py:221 | configure_fit: strategy sampled 10 clients (out of 10)
2026-08-28 02:16:05,621 | INFO | flwr | configure_fit: strategy sampled 10 clients (out of 10)
simulation-0 | INFO flwr 2026-08-28 02:59:40,723 | server.py:235 | aggregate_fit: received 10 results and 0 failures
2026-08-28 02:59:40,723 | INFO | flwr | aggregate_fit: received 10 results and 0 failures
2026-08-28 02:59:41,112 | INFO | src.trainer.history | Round 100 fit metrics saved at 2026-08-28 02:59:41: {'val_image_accuracy': 0.6581684981684982, 'train_image_f1': 1.0, 'train_image_accuracy': 1.0, 'val_recall': 0.5647337728937729, 'val_precision': 0.5532064815132629, 'val_f1': 0.5338777871136807, 'train_recall': 0.9954189648129649, 'val_image_recall': 0.646007326007326, 'train_image_precision': 1.0, 'train_image_recall': 1.0, 'train_precision': 0.9949516380227533, 'train_loss': 0.011955586388963588, 'val_image_f1': 0.5959267399267398, 'val_image_precision': 0.5993406593406593, 'val_loss': 3.3896841509094533, 'train_f1': 0.9951362613877465, 'train_accuracy': 0.9950417582417582, 'val_accuracy': 0.5812911843711843}
simulation-0 | INFO flwr 2026-08-28 02:59:41,113 | server.py:175 | configure_evaluate: strategy sampled 10 clients (out of 10)
2026-08-28 02:59:41,113 | INFO | flwr | configure_evaluate: strategy sampled 10 clients (out of 10)
simulation-0 | INFO flwr 2026-08-28 03:02:57,243 | server.py:189 | aggregate_evaluate: received 10 results and 0 failures
2026-08-28 03:02:57,243 | INFO | flwr | aggregate_evaluate: received 10 results and 0 failures
2026-08-28 03:02:57,277 | INFO | src.trainer.history | Round 100 evaluation metrics saved at 2026-08-28 03:02:57: loss=1.3737732863124255 metrics={'test_image_recall': 0.734304207119741, 'test_recall': 0.6574394822006472, 'test_image_precision': 0.7277346278317152, 'test_image_accuracy': 0.7572815533980582, 'test_accuracy': 0.674673139158576, 'test_precision': 0.6607176372730258, 'test_image_f1': 0.706333795654184, 'test_f1': 0.6447016364292073}
simulation-0 | INFO flwr 2026-08-28 03:02:57,281 | server.py:491 | 
2026-08-28 03:02:57,281 | INFO | flwr | 
simulation-0 | INFO flwr 2026-08-28 03:02:57,281 | server.py:492 | [SUMMARY]
2026-08-28 03:02:57,281 | INFO | flwr | [SUMMARY]
simulation-0 | INFO flwr 2026-08-28 03:02:57,281 | server.py:493 | Run finished 100 round(s) in 280131.65s
2026-08-28 03:02:57,281 | INFO | flwr | Run finished 100 round(s) in 280131.65s
simulation-0 | INFO flwr 2026-08-28 03:02:57,313 | server.py:495 | 	History (loss, distributed):
2026-08-28 03:02:57,313 | INFO | flwr | 	History (loss, distributed):
simulation-0 | INFO flwr 2026-08-28 03:02:57,314 | server.py:495 | 		round 1: 1.314052003883621
2026-08-28 03:02:57,314 | INFO | flwr | 		round 1: 1.314052003883621
simulation-0 | INFO flwr 2026-08-28 03:02:57,314 | server.py:495 | 		round 2: 1.254692557237548
2026-08-28 03:02:57,314 | INFO | flwr | 		round 2: 1.254692557237548
simulation-0 | INFO flwr 2026-08-28 03:02:57,314 | server.py:495 | 		round 3: 1.1362083083427237
2026-08-28 03:02:57,314 | INFO | flwr | 		round 3: 1.1362083083427237
simulation-0 | INFO flwr 2026-08-28 03:02:57,314 | server.py:495 | 		round 4: 1.1962384210617845
2026-08-28 03:02:57,314 | INFO | flwr | 		round 4: 1.1962384210617845
simulation-0 | INFO flwr 2026-08-28 03:02:57,314 | server.py:495 | 		round 5: 1.0794417287438345
2026-08-28 03:02:57,314 | INFO | flwr | 		round 5: 1.0794417287438345
simulation-0 | INFO flwr 2026-08-28 03:02:57,314 | server.py:495 | 		round 6: 1.0482216020922075
2026-08-28 03:02:57,314 | INFO | flwr | 		round 6: 1.0482216020922075
simulation-0 | INFO flwr 2026-08-28 03:02:57,314 | server.py:495 | 		round 7: 1.1626559129100646
2026-08-28 03:02:57,314 | INFO | flwr | 		round 7: 1.1626559129100646
simulation-0 | INFO flwr 2026-08-28 03:02:57,314 | server.py:495 | 		round 8: 1.1928028518840514
2026-08-28 03:02:57,314 | INFO | flwr | 		round 8: 1.1928028518840514
simulation-0 | INFO flwr 2026-08-28 03:02:57,314 | server.py:495 | 		round 9: 1.185480853019779
2026-08-28 03:02:57,314 | INFO | flwr | 		round 9: 1.185480853019779
simulation-0 | INFO flwr 2026-08-28 03:02:57,314 | server.py:495 | 		round 10: 1.1917322527127905
2026-08-28 03:02:57,314 | INFO | flwr | 		round 10: 1.1917322527127905
simulation-0 | INFO flwr 2026-08-28 03:02:57,314 | server.py:495 | 		round 11: 1.1193272110969308
2026-08-28 03:02:57,314 | INFO | flwr | 		round 11: 1.1193272110969308
simulation-0 | INFO flwr 2026-08-28 03:02:57,314 | server.py:495 | 		round 12: 1.2089500189267635
2026-08-28 03:02:57,314 | INFO | flwr | 		round 12: 1.2089500189267635
simulation-0 | INFO flwr 2026-08-28 03:02:57,314 | server.py:495 | 		round 13: 1.1502303712523054
2026-08-28 03:02:57,314 | INFO | flwr | 		round 13: 1.1502303712523054
simulation-0 | INFO flwr 2026-08-28 03:02:57,314 | server.py:495 | 		round 14: 1.1178658851124763
2026-08-28 03:02:57,314 | INFO | flwr | 		round 14: 1.1178658851124763
simulation-0 | INFO flwr 2026-08-28 03:02:57,314 | server.py:495 | 		round 15: 1.1227772379716903
2026-08-28 03:02:57,314 | INFO | flwr | 		round 15: 1.1227772379716903
simulation-0 | INFO flwr 2026-08-28 03:02:57,314 | server.py:495 | 		round 16: 1.1591114952137298
2026-08-28 03:02:57,314 | INFO | flwr | 		round 16: 1.1591114952137298
simulation-0 | INFO flwr 2026-08-28 03:02:57,314 | server.py:495 | 		round 17: 1.1975407672811602
2026-08-28 03:02:57,314 | INFO | flwr | 		round 17: 1.1975407672811602
simulation-0 | INFO flwr 2026-08-28 03:02:57,315 | server.py:495 | 		round 18: 1.1186561897986675
2026-08-28 03:02:57,315 | INFO | flwr | 		round 18: 1.1186561897986675
simulation-0 | INFO flwr 2026-08-28 03:02:57,315 | server.py:495 | 		round 19: 1.2376520187951967
2026-08-28 03:02:57,315 | INFO | flwr | 		round 19: 1.2376520187951967
simulation-0 | INFO flwr 2026-08-28 03:02:57,315 | server.py:495 | 		round 20: 1.2050773811415851
2026-08-28 03:02:57,315 | INFO | flwr | 		round 20: 1.2050773811415851
simulation-0 | INFO flwr 2026-08-28 03:02:57,315 | server.py:495 | 		round 21: 1.2181728905562543
2026-08-28 03:02:57,315 | INFO | flwr | 		round 21: 1.2181728905562543
simulation-0 | INFO flwr 2026-08-28 03:02:57,315 | server.py:495 | 		round 22: 1.1455116268156453
2026-08-28 03:02:57,315 | INFO | flwr | 		round 22: 1.1455116268156453
simulation-0 | INFO flwr 2026-08-28 03:02:57,315 | server.py:495 | 		round 23: 1.1172790600853821
2026-08-28 03:02:57,315 | INFO | flwr | 		round 23: 1.1172790600853821
simulation-0 | INFO flwr 2026-08-28 03:02:57,315 | server.py:495 | 		round 24: 1.2121415180298165
2026-08-28 03:02:57,315 | INFO | flwr | 		round 24: 1.2121415180298165
simulation-0 | INFO flwr 2026-08-28 03:02:57,315 | server.py:495 | 		round 25: 1.3059942266302802
2026-08-28 03:02:57,315 | INFO | flwr | 		round 25: 1.3059942266302802
simulation-0 | INFO flwr 2026-08-28 03:02:57,315 | server.py:495 | 		round 26: 1.3462568373952635
2026-08-28 03:02:57,315 | INFO | flwr | 		round 26: 1.3462568373952635
simulation-0 | INFO flwr 2026-08-28 03:02:57,315 | server.py:495 | 		round 27: 1.1920465045621933
2026-08-28 03:02:57,315 | INFO | flwr | 		round 27: 1.1920465045621933
simulation-0 | INFO flwr 2026-08-28 03:02:57,315 | server.py:495 | 		round 28: 1.3297593075330174
2026-08-28 03:02:57,315 | INFO | flwr | 		round 28: 1.3297593075330174
simulation-0 | INFO flwr 2026-08-28 03:02:57,315 | server.py:495 | 		round 29: 1.3283673286062971
2026-08-28 03:02:57,315 | INFO | flwr | 		round 29: 1.3283673286062971
simulation-0 | INFO flwr 2026-08-28 03:02:57,315 | server.py:495 | 		round 30: 1.3022577006440554
2026-08-28 03:02:57,315 | INFO | flwr | 		round 30: 1.3022577006440554
simulation-0 | INFO flwr 2026-08-28 03:02:57,315 | server.py:495 | 		round 31: 1.365856875035008
2026-08-28 03:02:57,315 | INFO | flwr | 		round 31: 1.365856875035008
simulation-0 | INFO flwr 2026-08-28 03:02:57,315 | server.py:495 | 		round 32: 1.2540740760555853
2026-08-28 03:02:57,315 | INFO | flwr | 		round 32: 1.2540740760555853
simulation-0 | INFO flwr 2026-08-28 03:02:57,315 | server.py:495 | 		round 33: 1.321174446958443
2026-08-28 03:02:57,315 | INFO | flwr | 		round 33: 1.321174446958443
simulation-0 | INFO flwr 2026-08-28 03:02:57,315 | server.py:495 | 		round 34: 1.2987711338520866
2026-08-28 03:02:57,315 | INFO | flwr | 		round 34: 1.2987711338520866
simulation-0 | INFO flwr 2026-08-28 03:02:57,315 | server.py:495 | 		round 35: 1.2868316986659591
2026-08-28 03:02:57,315 | INFO | flwr | 		round 35: 1.2868316986659591
simulation-0 | INFO flwr 2026-08-28 03:02:57,315 | server.py:495 | 		round 36: 1.225943631692701
2026-08-28 03:02:57,315 | INFO | flwr | 		round 36: 1.225943631692701
simulation-0 | INFO flwr 2026-08-28 03:02:57,315 | server.py:495 | 		round 37: 1.3852726000451754
2026-08-28 03:02:57,315 | INFO | flwr | 		round 37: 1.3852726000451754
simulation-0 | INFO flwr 2026-08-28 03:02:57,316 | server.py:495 | 		round 38: 1.303730821749651
2026-08-28 03:02:57,316 | INFO | flwr | 		round 38: 1.303730821749651
simulation-0 | INFO flwr 2026-08-28 03:02:57,316 | server.py:495 | 		round 39: 1.2764345457305812
2026-08-28 03:02:57,316 | INFO | flwr | 		round 39: 1.2764345457305812
simulation-0 | INFO flwr 2026-08-28 03:02:57,316 | server.py:495 | 		round 40: 1.3020194103544758
2026-08-28 03:02:57,316 | INFO | flwr | 		round 40: 1.3020194103544758
simulation-0 | INFO flwr 2026-08-28 03:02:57,316 | server.py:495 | 		round 41: 1.2729930362359638
2026-08-28 03:02:57,316 | INFO | flwr | 		round 41: 1.2729930362359638
simulation-0 | INFO flwr 2026-08-28 03:02:57,316 | server.py:495 | 		round 42: 1.415752239934462
2026-08-28 03:02:57,316 | INFO | flwr | 		round 42: 1.415752239934462
simulation-0 | INFO flwr 2026-08-28 03:02:57,316 | server.py:495 | 		round 43: 1.3971658185454099
2026-08-28 03:02:57,316 | INFO | flwr | 		round 43: 1.3971658185454099
simulation-0 | INFO flwr 2026-08-28 03:02:57,316 | server.py:495 | 		round 44: 1.2319425237375554
2026-08-28 03:02:57,316 | INFO | flwr | 		round 44: 1.2319425237375554
simulation-0 | INFO flwr 2026-08-28 03:02:57,316 | server.py:495 | 		round 45: 1.3284489966753643
2026-08-28 03:02:57,316 | INFO | flwr | 		round 45: 1.3284489966753643
simulation-0 | INFO flwr 2026-08-28 03:02:57,316 | server.py:495 | 		round 46: 1.3107411659830064
2026-08-28 03:02:57,316 | INFO | flwr | 		round 46: 1.3107411659830064
simulation-0 | INFO flwr 2026-08-28 03:02:57,316 | server.py:495 | 		round 47: 1.249196993300667
2026-08-28 03:02:57,316 | INFO | flwr | 		round 47: 1.249196993300667
simulation-0 | INFO flwr 2026-08-28 03:02:57,316 | server.py:495 | 		round 48: 1.4007407110100694
2026-08-28 03:02:57,316 | INFO | flwr | 		round 48: 1.4007407110100694
simulation-0 | INFO flwr 2026-08-28 03:02:57,316 | server.py:495 | 		round 49: 1.4412820463262939
2026-08-28 03:02:57,316 | INFO | flwr | 		round 49: 1.4412820463262939
simulation-0 | INFO flwr 2026-08-28 03:02:57,316 | server.py:495 | 		round 50: 1.4292950553828472
2026-08-28 03:02:57,316 | INFO | flwr | 		round 50: 1.4292950553828472
simulation-0 | INFO flwr 2026-08-28 03:02:57,316 | server.py:495 | 		round 51: 1.4937367349719035
2026-08-28 03:02:57,316 | INFO | flwr | 		round 51: 1.4937367349719035
simulation-0 | INFO flwr 2026-08-28 03:02:57,316 | server.py:495 | 		round 52: 1.3014530706584018
2026-08-28 03:02:57,316 | INFO | flwr | 		round 52: 1.3014530706584018
simulation-0 | INFO flwr 2026-08-28 03:02:57,316 | server.py:495 | 		round 53: 1.2949142940621368
2026-08-28 03:02:57,316 | INFO | flwr | 		round 53: 1.2949142940621368
simulation-0 | INFO flwr 2026-08-28 03:02:57,316 | server.py:495 | 		round 54: 1.3952403659158232
2026-08-28 03:02:57,316 | INFO | flwr | 		round 54: 1.3952403659158232
simulation-0 | INFO flwr 2026-08-28 03:02:57,316 | server.py:495 | 		round 55: 1.3032234205205444
2026-08-28 03:02:57,316 | INFO | flwr | 		round 55: 1.3032234205205444
simulation-0 | INFO flwr 2026-08-28 03:02:57,316 | server.py:495 | 		round 56: 1.3781088714738106
2026-08-28 03:02:57,316 | INFO | flwr | 		round 56: 1.3781088714738106
simulation-0 | INFO flwr 2026-08-28 03:02:57,316 | server.py:495 | 		round 57: 1.4190897762702401
2026-08-28 03:02:57,316 | INFO | flwr | 		round 57: 1.4190897762702401
simulation-0 | INFO flwr 2026-08-28 03:02:57,317 | server.py:495 | 		round 58: 1.4402159292744308
2026-08-28 03:02:57,317 | INFO | flwr | 		round 58: 1.4402159292744308
simulation-0 | INFO flwr 2026-08-28 03:02:57,317 | server.py:495 | 		round 59: 1.3370346753664966
2026-08-28 03:02:57,317 | INFO | flwr | 		round 59: 1.3370346753664966
simulation-0 | INFO flwr 2026-08-28 03:02:57,317 | server.py:495 | 		round 60: 1.2939230786502163
2026-08-28 03:02:57,317 | INFO | flwr | 		round 60: 1.2939230786502163
simulation-0 | INFO flwr 2026-08-28 03:02:57,317 | server.py:495 | 		round 61: 1.463424423498676
2026-08-28 03:02:57,317 | INFO | flwr | 		round 61: 1.463424423498676
simulation-0 | INFO flwr 2026-08-28 03:02:57,317 | server.py:495 | 		round 62: 1.3879275055801155
2026-08-28 03:02:57,317 | INFO | flwr | 		round 62: 1.3879275055801155
simulation-0 | INFO flwr 2026-08-28 03:02:57,317 | server.py:495 | 		round 63: 1.351977840324531
2026-08-28 03:02:57,317 | INFO | flwr | 		round 63: 1.351977840324531
simulation-0 | INFO flwr 2026-08-28 03:02:57,317 | server.py:495 | 		round 64: 1.3837538143378503
2026-08-28 03:02:57,317 | INFO | flwr | 		round 64: 1.3837538143378503
simulation-0 | INFO flwr 2026-08-28 03:02:57,317 | server.py:495 | 		round 65: 1.3165399166786487
2026-08-28 03:02:57,317 | INFO | flwr | 		round 65: 1.3165399166786487
simulation-0 | INFO flwr 2026-08-28 03:02:57,317 | server.py:495 | 		round 66: 1.2802652945094473
2026-08-28 03:02:57,317 | INFO | flwr | 		round 66: 1.2802652945094473
simulation-0 | INFO flwr 2026-08-28 03:02:57,317 | server.py:495 | 		round 67: 1.4966441338988363
2026-08-28 03:02:57,317 | INFO | flwr | 		round 67: 1.4966441338988363
simulation-0 | INFO flwr 2026-08-28 03:02:57,317 | server.py:495 | 		round 68: 1.389969539511705
2026-08-28 03:02:57,317 | INFO | flwr | 		round 68: 1.389969539511705
simulation-0 | INFO flwr 2026-08-28 03:02:57,317 | server.py:495 | 		round 69: 1.3987549319074228
2026-08-28 03:02:57,317 | INFO | flwr | 		round 69: 1.3987549319074228
simulation-0 | INFO flwr 2026-08-28 03:02:57,317 | server.py:495 | 		round 70: 1.3456366191531075
2026-08-28 03:02:57,317 | INFO | flwr | 		round 70: 1.3456366191531075
simulation-0 | INFO flwr 2026-08-28 03:02:57,317 | server.py:495 | 		round 71: 1.493664712664749
2026-08-28 03:02:57,317 | INFO | flwr | 		round 71: 1.493664712664749
simulation-0 | INFO flwr 2026-08-28 03:02:57,317 | server.py:495 | 		round 72: 1.4152535216025601
2026-08-28 03:02:57,317 | INFO | flwr | 		round 72: 1.4152535216025601
simulation-0 | INFO flwr 2026-08-28 03:02:57,317 | server.py:495 | 		round 73: 1.3369624392491941
2026-08-28 03:02:57,317 | INFO | flwr | 		round 73: 1.3369624392491941
simulation-0 | INFO flwr 2026-08-28 03:02:57,317 | server.py:495 | 		round 74: 1.4497813111645415
2026-08-28 03:02:57,317 | INFO | flwr | 		round 74: 1.4497813111645415
simulation-0 | INFO flwr 2026-08-28 03:02:57,317 | server.py:495 | 		round 75: 1.4354182047371027
2026-08-28 03:02:57,317 | INFO | flwr | 		round 75: 1.4354182047371027
simulation-0 | INFO flwr 2026-08-28 03:02:57,317 | server.py:495 | 		round 76: 1.3822622773957265
2026-08-28 03:02:57,317 | INFO | flwr | 		round 76: 1.3822622773957265
simulation-0 | INFO flwr 2026-08-28 03:02:57,317 | server.py:495 | 		round 77: 1.4866766050908482
2026-08-28 03:02:57,317 | INFO | flwr | 		round 77: 1.4866766050908482
simulation-0 | INFO flwr 2026-08-28 03:02:57,318 | server.py:495 | 		round 78: 1.4274544733294432
2026-08-28 03:02:57,318 | INFO | flwr | 		round 78: 1.4274544733294432
simulation-0 | INFO flwr 2026-08-28 03:02:57,318 | server.py:495 | 		round 79: 1.5138198748096316
2026-08-28 03:02:57,318 | INFO | flwr | 		round 79: 1.5138198748096316
simulation-0 | INFO flwr 2026-08-28 03:02:57,318 | server.py:495 | 		round 80: 1.3801851891818513
2026-08-28 03:02:57,318 | INFO | flwr | 		round 80: 1.3801851891818513
simulation-0 | INFO flwr 2026-08-28 03:02:57,318 | server.py:495 | 		round 81: 1.342422382556426
2026-08-28 03:02:57,318 | INFO | flwr | 		round 81: 1.342422382556426
simulation-0 | INFO flwr 2026-08-28 03:02:57,318 | server.py:495 | 		round 82: 1.543864665612125
2026-08-28 03:02:57,318 | INFO | flwr | 		round 82: 1.543864665612125
simulation-0 | INFO flwr 2026-08-28 03:02:57,318 | server.py:495 | 		round 83: 1.442272552568464
2026-08-28 03:02:57,318 | INFO | flwr | 		round 83: 1.442272552568464
simulation-0 | INFO flwr 2026-08-28 03:02:57,318 | server.py:495 | 		round 84: 1.4356662676751102
2026-08-28 03:02:57,318 | INFO | flwr | 		round 84: 1.4356662676751102
simulation-0 | INFO flwr 2026-08-28 03:02:57,318 | server.py:495 | 		round 85: 1.409478241687398
2026-08-28 03:02:57,318 | INFO | flwr | 		round 85: 1.409478241687398
simulation-0 | INFO flwr 2026-08-28 03:02:57,318 | server.py:495 | 		round 86: 1.4348046081334762
2026-08-28 03:02:57,318 | INFO | flwr | 		round 86: 1.4348046081334762
simulation-0 | INFO flwr 2026-08-28 03:02:57,318 | server.py:495 | 		round 87: 1.5830405448732965
2026-08-28 03:02:57,318 | INFO | flwr | 		round 87: 1.5830405448732965
simulation-0 | INFO flwr 2026-08-28 03:02:57,318 | server.py:495 | 		round 88: 1.4157756611059242
2026-08-28 03:02:57,318 | INFO | flwr | 		round 88: 1.4157756611059242
simulation-0 | INFO flwr 2026-08-28 03:02:57,318 | server.py:495 | 		round 89: 1.4101480089357328
2026-08-28 03:02:57,318 | INFO | flwr | 		round 89: 1.4101480089357328
simulation-0 | INFO flwr 2026-08-28 03:02:57,318 | server.py:495 | 		round 90: 1.4098933419738604
2026-08-28 03:02:57,318 | INFO | flwr | 		round 90: 1.4098933419738604
simulation-0 | INFO flwr 2026-08-28 03:02:57,318 | server.py:495 | 		round 91: 1.429820799956583
2026-08-28 03:02:57,318 | INFO | flwr | 		round 91: 1.429820799956583
simulation-0 | INFO flwr 2026-08-28 03:02:57,318 | server.py:495 | 		round 92: 1.4199623386194127
2026-08-28 03:02:57,318 | INFO | flwr | 		round 92: 1.4199623386194127
simulation-0 | INFO flwr 2026-08-28 03:02:57,318 | server.py:495 | 		round 93: 1.4815949035422489
2026-08-28 03:02:57,318 | INFO | flwr | 		round 93: 1.4815949035422489
simulation-0 | INFO flwr 2026-08-28 03:02:57,318 | server.py:495 | 		round 94: 1.4582705696364016
2026-08-28 03:02:57,318 | INFO | flwr | 		round 94: 1.4582705696364016
simulation-0 | INFO flwr 2026-08-28 03:02:57,318 | server.py:495 | 		round 95: 1.5110676148859623
2026-08-28 03:02:57,318 | INFO | flwr | 		round 95: 1.5110676148859623
simulation-0 | INFO flwr 2026-08-28 03:02:57,318 | server.py:495 | 		round 96: 1.444051712620333
2026-08-28 03:02:57,318 | INFO | flwr | 		round 96: 1.444051712620333
simulation-0 | INFO flwr 2026-08-28 03:02:57,319 | server.py:495 | 		round 97: 1.4082550562863831
2026-08-28 03:02:57,319 | INFO | flwr | 		round 97: 1.4082550562863831
simulation-0 | INFO flwr 2026-08-28 03:02:57,319 | server.py:495 | 		round 98: 1.5184845348896592
2026-08-28 03:02:57,319 | INFO | flwr | 		round 98: 1.5184845348896592
simulation-0 | INFO flwr 2026-08-28 03:02:57,319 | server.py:495 | 		round 99: 1.4391036447153258
2026-08-28 03:02:57,319 | INFO | flwr | 		round 99: 1.4391036447153258
simulation-0 | INFO flwr 2026-08-28 03:02:57,319 | server.py:495 | 		round 100: 1.3737732863124255
2026-08-28 03:02:57,319 | INFO | flwr | 		round 100: 1.3737732863124255
simulation-0 | INFO flwr 2026-08-28 03:02:57,319 | server.py:495 | 	History (metrics, distributed, fit):
2026-08-28 03:02:57,319 | INFO | flwr | 	History (metrics, distributed, fit):
simulation-0 | INFO flwr 2026-08-28 03:02:57,319 | server.py:495 | 	{'train_accuracy': [(1, 0.9090520146520146),
2026-08-28 03:02:57,319 | INFO | flwr | 	{'train_accuracy': [(1, 0.9090520146520146),
simulation-0 | INFO flwr 2026-08-28 03:02:57,319 | server.py:495 | 	                    (2, 0.9389538461538462),
2026-08-28 03:02:57,319 | INFO | flwr | 	                    (2, 0.9389538461538462),
simulation-0 | INFO flwr 2026-08-28 03:02:57,319 | server.py:495 | 	                    (3, 0.9435311355311355),
2026-08-28 03:02:57,319 | INFO | flwr | 	                    (3, 0.9435311355311355),
simulation-0 | INFO flwr 2026-08-28 03:02:57,319 | server.py:495 | 	                    (4, 0.9719941391941391),
2026-08-28 03:02:57,319 | INFO | flwr | 	                    (4, 0.9719941391941391),
simulation-0 | INFO flwr 2026-08-28 03:02:57,319 | server.py:495 | 	                    (5, 0.9637934065934066),
2026-08-28 03:02:57,319 | INFO | flwr | 	                    (5, 0.9637934065934066),
simulation-0 | INFO flwr 2026-08-28 03:02:57,319 | server.py:495 | 	                    (6, 0.9756131868131868),
2026-08-28 03:02:57,319 | INFO | flwr | 	                    (6, 0.9756131868131868),
simulation-0 | INFO flwr 2026-08-28 03:02:57,319 | server.py:495 | 	                    (7, 0.9670168498168498),
2026-08-28 03:02:57,319 | INFO | flwr | 	                    (7, 0.9670168498168498),
simulation-0 | INFO flwr 2026-08-28 03:02:57,319 | server.py:495 | 	                    (8, 0.9402725274725275),
2026-08-28 03:02:57,319 | INFO | flwr | 	                    (8, 0.9402725274725275),
simulation-0 | INFO flwr 2026-08-28 03:02:57,319 | server.py:495 | 	                    (9, 0.9763970695970696),
2026-08-28 03:02:57,319 | INFO | flwr | 	                    (9, 0.9763970695970696),
simulation-0 | INFO flwr 2026-08-28 03:02:57,319 | server.py:495 | 	                    (10, 0.9784761904761904),
2026-08-28 03:02:57,319 | INFO | flwr | 	                    (10, 0.9784761904761904),
simulation-0 | INFO flwr 2026-08-28 03:02:57,319 | server.py:495 | 	                    (11, 0.9774183150183151),
2026-08-28 03:02:57,319 | INFO | flwr | 	                    (11, 0.9774183150183151),
simulation-0 | INFO flwr 2026-08-28 03:02:57,319 | server.py:495 | 	                    (12, 0.9747736263736265),
2026-08-28 03:02:57,319 | INFO | flwr | 	                    (12, 0.9747736263736265),
simulation-0 | INFO flwr 2026-08-28 03:02:57,319 | server.py:495 | 	                    (13, 0.9731501831501832),
2026-08-28 03:02:57,319 | INFO | flwr | 	                    (13, 0.9731501831501832),
simulation-0 | INFO flwr 2026-08-28 03:02:57,319 | server.py:495 | 	                    (14, 0.9858432234432234),
2026-08-28 03:02:57,319 | INFO | flwr | 	                    (14, 0.9858432234432234),
simulation-0 | INFO flwr 2026-08-28 03:02:57,319 | server.py:495 | 	                    (15, 0.9881728937728939),
2026-08-28 03:02:57,319 | INFO | flwr | 	                    (15, 0.9881728937728939),
simulation-0 | INFO flwr 2026-08-28 03:02:57,320 | server.py:495 | 	                    (16, 0.9858168498168497),
2026-08-28 03:02:57,320 | INFO | flwr | 	                    (16, 0.9858168498168497),
simulation-0 | INFO flwr 2026-08-28 03:02:57,320 | server.py:495 | 	                    (17, 0.9855076923076923),
2026-08-28 03:02:57,320 | INFO | flwr | 	                    (17, 0.9855076923076923),
simulation-0 | INFO flwr 2026-08-28 03:02:57,320 | server.py:495 | 	                    (18, 0.9814695970695968),
2026-08-28 03:02:57,320 | INFO | flwr | 	                    (18, 0.9814695970695968),
simulation-0 | INFO flwr 2026-08-28 03:02:57,320 | server.py:495 | 	                    (19, 0.9873201465201464),
2026-08-28 03:02:57,320 | INFO | flwr | 	                    (19, 0.9873201465201464),
simulation-0 | INFO flwr 2026-08-28 03:02:57,320 | server.py:495 | 	                    (20, 0.9851003663003662),
2026-08-28 03:02:57,320 | INFO | flwr | 	                    (20, 0.9851003663003662),
simulation-0 | INFO flwr 2026-08-28 03:02:57,320 | server.py:495 | 	                    (21, 0.9847399267399268),
2026-08-28 03:02:57,320 | INFO | flwr | 	                    (21, 0.9847399267399268),
simulation-0 | INFO flwr 2026-08-28 03:02:57,320 | server.py:495 | 	                    (22, 0.9904981684981686),
2026-08-28 03:02:57,320 | INFO | flwr | 	                    (22, 0.9904981684981686),
simulation-0 | INFO flwr 2026-08-28 03:02:57,320 | server.py:495 | 	                    (23, 0.9886783882783884),
2026-08-28 03:02:57,320 | INFO | flwr | 	                    (23, 0.9886783882783884),
simulation-0 | INFO flwr 2026-08-28 03:02:57,320 | server.py:495 | 	                    (24, 0.9928703296703296),
2026-08-28 03:02:57,320 | INFO | flwr | 	                    (24, 0.9928703296703296),
simulation-0 | INFO flwr 2026-08-28 03:02:57,320 | server.py:495 | 	                    (25, 0.9784468864468863),
2026-08-28 03:02:57,320 | INFO | flwr | 	                    (25, 0.9784468864468863),
simulation-0 | INFO flwr 2026-08-28 03:02:57,320 | server.py:495 | 	                    (26, 0.9929978021978021),
2026-08-28 03:02:57,320 | INFO | flwr | 	                    (26, 0.9929978021978021),
simulation-0 | INFO flwr 2026-08-28 03:02:57,320 | server.py:495 | 	                    (27, 0.9883326007326009),
2026-08-28 03:02:57,320 | INFO | flwr | 	                    (27, 0.9883326007326009),
simulation-0 | INFO flwr 2026-08-28 03:02:57,320 | server.py:495 | 	                    (28, 0.9888131868131869),
2026-08-28 03:02:57,320 | INFO | flwr | 	                    (28, 0.9888131868131869),
simulation-0 | INFO flwr 2026-08-28 03:02:57,320 | server.py:495 | 	                    (29, 0.9792908424908425),
2026-08-28 03:02:57,320 | INFO | flwr | 	                    (29, 0.9792908424908425),
simulation-0 | INFO flwr 2026-08-28 03:02:57,320 | server.py:495 | 	                    (30, 0.9595765567765568),
2026-08-28 03:02:57,320 | INFO | flwr | 	                    (30, 0.9595765567765568),
simulation-0 | INFO flwr 2026-08-28 03:02:57,320 | server.py:495 | 	                    (31, 0.993425641025641),
2026-08-28 03:02:57,320 | INFO | flwr | 	                    (31, 0.993425641025641),
simulation-0 | INFO flwr 2026-08-28 03:02:57,320 | server.py:495 | 	                    (32, 0.9933831501831502),
2026-08-28 03:02:57,320 | INFO | flwr | 	                    (32, 0.9933831501831502),
simulation-0 | INFO flwr 2026-08-28 03:02:57,320 | server.py:495 | 	                    (33, 0.9911868131868132),
2026-08-28 03:02:57,320 | INFO | flwr | 	                    (33, 0.9911868131868132),
simulation-0 | INFO flwr 2026-08-28 03:02:57,320 | server.py:495 | 	                    (34, 0.9923369963369963),
2026-08-28 03:02:57,320 | INFO | flwr | 	                    (34, 0.9923369963369963),
simulation-0 | INFO flwr 2026-08-28 03:02:57,321 | server.py:495 | 	                    (35, 0.9861069597069597),
2026-08-28 03:02:57,321 | INFO | flwr | 	                    (35, 0.9861069597069597),
simulation-0 | INFO flwr 2026-08-28 03:02:57,321 | server.py:495 | 	                    (36, 0.9929318681318683),
2026-08-28 03:02:57,321 | INFO | flwr | 	                    (36, 0.9929318681318683),
simulation-0 | INFO flwr 2026-08-28 03:02:57,321 | server.py:495 | 	                    (37, 0.9859399267399267),
2026-08-28 03:02:57,321 | INFO | flwr | 	                    (37, 0.9859399267399267),
simulation-0 | INFO flwr 2026-08-28 03:02:57,321 | server.py:495 | 	                    (38, 0.9942227106227106),
2026-08-28 03:02:57,321 | INFO | flwr | 	                    (38, 0.9942227106227106),
simulation-0 | INFO flwr 2026-08-28 03:02:57,321 | server.py:495 | 	                    (39, 0.9904410256410257),
2026-08-28 03:02:57,321 | INFO | flwr | 	                    (39, 0.9904410256410257),
simulation-0 | INFO flwr 2026-08-28 03:02:57,321 | server.py:495 | 	                    (40, 0.9963311355311355),
2026-08-28 03:02:57,321 | INFO | flwr | 	                    (40, 0.9963311355311355),
simulation-0 | INFO flwr 2026-08-28 03:02:57,321 | server.py:495 | 	                    (41, 0.9920234432234433),
2026-08-28 03:02:57,321 | INFO | flwr | 	                    (41, 0.9920234432234433),
simulation-0 | INFO flwr 2026-08-28 03:02:57,321 | server.py:495 | 	                    (42, 0.9859223443223442),
2026-08-28 03:02:57,321 | INFO | flwr | 	                    (42, 0.9859223443223442),
simulation-0 | INFO flwr 2026-08-28 03:02:57,321 | server.py:495 | 	                    (43, 0.9937128205128204),
2026-08-28 03:02:57,321 | INFO | flwr | 	                    (43, 0.9937128205128204),
simulation-0 | INFO flwr 2026-08-28 03:02:57,321 | server.py:495 | 	                    (44, 0.9875648351648353),
2026-08-28 03:02:57,321 | INFO | flwr | 	                    (44, 0.9875648351648353),
simulation-0 | INFO flwr 2026-08-28 03:02:57,321 | server.py:495 | 	                    (45, 0.9949553113553113),
2026-08-28 03:02:57,321 | INFO | flwr | 	                    (45, 0.9949553113553113),
simulation-0 | INFO flwr 2026-08-28 03:02:57,321 | server.py:495 | 	                    (46, 0.9856923076923078),
2026-08-28 03:02:57,321 | INFO | flwr | 	                    (46, 0.9856923076923078),
simulation-0 | INFO flwr 2026-08-28 03:02:57,321 | server.py:495 | 	                    (47, 0.9907282051282053),
2026-08-28 03:02:57,321 | INFO | flwr | 	                    (47, 0.9907282051282053),
simulation-0 | INFO flwr 2026-08-28 03:02:57,321 | server.py:495 | 	                    (48, 0.9903252747252749),
2026-08-28 03:02:57,321 | INFO | flwr | 	                    (48, 0.9903252747252749),
simulation-0 | INFO flwr 2026-08-28 03:02:57,321 | server.py:495 | 	                    (49, 0.990043956043956),
2026-08-28 03:02:57,321 | INFO | flwr | 	                    (49, 0.990043956043956),
simulation-0 | INFO flwr 2026-08-28 03:02:57,321 | server.py:495 | 	                    (50, 0.9943179487179488),
2026-08-28 03:02:57,321 | INFO | flwr | 	                    (50, 0.9943179487179488),
simulation-0 | INFO flwr 2026-08-28 03:02:57,321 | server.py:495 | 	                    (51, 0.9886813186813187),
2026-08-28 03:02:57,321 | INFO | flwr | 	                    (51, 0.9886813186813187),
simulation-0 | INFO flwr 2026-08-28 03:02:57,321 | server.py:495 | 	                    (52, 0.9947604395604394),
2026-08-28 03:02:57,321 | INFO | flwr | 	                    (52, 0.9947604395604394),
simulation-0 | INFO flwr 2026-08-28 03:02:57,321 | server.py:495 | 	                    (53, 0.9927663003663003),
2026-08-28 03:02:57,321 | INFO | flwr | 	                    (53, 0.9927663003663003),
simulation-0 | INFO flwr 2026-08-28 03:02:57,321 | server.py:495 | 	                    (54, 0.9908600732600732),
2026-08-28 03:02:57,321 | INFO | flwr | 	                    (54, 0.9908600732600732),
simulation-0 | INFO flwr 2026-08-28 03:02:57,322 | server.py:495 | 	                    (55, 0.9929230769230769),
2026-08-28 03:02:57,322 | INFO | flwr | 	                    (55, 0.9929230769230769),
simulation-0 | INFO flwr 2026-08-28 03:02:57,322 | server.py:495 | 	                    (56, 0.9935531135531137),
2026-08-28 03:02:57,322 | INFO | flwr | 	                    (56, 0.9935531135531137),
simulation-0 | INFO flwr 2026-08-28 03:02:57,322 | server.py:495 | 	                    (57, 0.994675457875458),
2026-08-28 03:02:57,322 | INFO | flwr | 	                    (57, 0.994675457875458),
simulation-0 | INFO flwr 2026-08-28 03:02:57,322 | server.py:495 | 	                    (58, 0.985446153846154),
2026-08-28 03:02:57,322 | INFO | flwr | 	                    (58, 0.985446153846154),
simulation-0 | INFO flwr 2026-08-28 03:02:57,322 | server.py:495 | 	                    (59, 0.992757509157509),
2026-08-28 03:02:57,322 | INFO | flwr | 	                    (59, 0.992757509157509),
simulation-0 | INFO flwr 2026-08-28 03:02:57,322 | server.py:495 | 	                    (60, 0.9938197802197803),
2026-08-28 03:02:57,322 | INFO | flwr | 	                    (60, 0.9938197802197803),
simulation-0 | INFO flwr 2026-08-28 03:02:57,322 | server.py:495 | 	                    (61, 0.9952000000000003),
2026-08-28 03:02:57,322 | INFO | flwr | 	                    (61, 0.9952000000000003),
simulation-0 | INFO flwr 2026-08-28 03:02:57,322 | server.py:495 | 	                    (62, 0.9833875457875457),
2026-08-28 03:02:57,322 | INFO | flwr | 	                    (62, 0.9833875457875457),
simulation-0 | INFO flwr 2026-08-28 03:02:57,322 | server.py:495 | 	                    (63, 0.9934564102564102),
2026-08-28 03:02:57,322 | INFO | flwr | 	                    (63, 0.9934564102564102),
simulation-0 | INFO flwr 2026-08-28 03:02:57,322 | server.py:495 | 	                    (64, 0.9873113553113554),
2026-08-28 03:02:57,322 | INFO | flwr | 	                    (64, 0.9873113553113554),
simulation-0 | INFO flwr 2026-08-28 03:02:57,322 | server.py:495 | 	                    (65, 0.9961245421245419),
2026-08-28 03:02:57,322 | INFO | flwr | 	                    (65, 0.9961245421245419),
simulation-0 | INFO flwr 2026-08-28 03:02:57,322 | server.py:495 | 	                    (66, 0.9984014652014652),
2026-08-28 03:02:57,322 | INFO | flwr | 	                    (66, 0.9984014652014652),
simulation-0 | INFO flwr 2026-08-28 03:02:57,322 | server.py:495 | 	                    (67, 0.992937728937729),
2026-08-28 03:02:57,322 | INFO | flwr | 	                    (67, 0.992937728937729),
simulation-0 | INFO flwr 2026-08-28 03:02:57,322 | server.py:495 | 	                    (68, 0.9962886446886448),
2026-08-28 03:02:57,322 | INFO | flwr | 	                    (68, 0.9962886446886448),
simulation-0 | INFO flwr 2026-08-28 03:02:57,322 | server.py:495 | 	                    (69, 0.9879296703296704),
2026-08-28 03:02:57,322 | INFO | flwr | 	                    (69, 0.9879296703296704),
simulation-0 | INFO flwr 2026-08-28 03:02:57,322 | server.py:495 | 	                    (70, 0.9944747252747251),
2026-08-28 03:02:57,322 | INFO | flwr | 	                    (70, 0.9944747252747251),
simulation-0 | INFO flwr 2026-08-28 03:02:57,322 | server.py:495 | 	                    (71, 0.9968410256410256),
2026-08-28 03:02:57,322 | INFO | flwr | 	                    (71, 0.9968410256410256),
simulation-0 | INFO flwr 2026-08-28 03:02:57,322 | server.py:495 | 	                    (72, 0.9961465201465202),
2026-08-28 03:02:57,322 | INFO | flwr | 	                    (72, 0.9961465201465202),
simulation-0 | INFO flwr 2026-08-28 03:02:57,322 | server.py:495 | 	                    (73, 0.9965435897435897),
2026-08-28 03:02:57,322 | INFO | flwr | 	                    (73, 0.9965435897435897),
simulation-0 | INFO flwr 2026-08-28 03:02:57,322 | server.py:495 | 	                    (74, 0.9958432234432234),
2026-08-28 03:02:57,322 | INFO | flwr | 	                    (74, 0.9958432234432234),
simulation-0 | INFO flwr 2026-08-28 03:02:57,323 | server.py:495 | 	                    (75, 0.9911384615384617),
2026-08-28 03:02:57,323 | INFO | flwr | 	                    (75, 0.9911384615384617),
simulation-0 | INFO flwr 2026-08-28 03:02:57,323 | server.py:495 | 	                    (76, 0.9965567765567767),
2026-08-28 03:02:57,323 | INFO | flwr | 	                    (76, 0.9965567765567767),
simulation-0 | INFO flwr 2026-08-28 03:02:57,323 | server.py:495 | 	                    (77, 0.9974021978021977),
2026-08-28 03:02:57,323 | INFO | flwr | 	                    (77, 0.9974021978021977),
simulation-0 | INFO flwr 2026-08-28 03:02:57,323 | server.py:495 | 	                    (78, 0.9957084249084248),
2026-08-28 03:02:57,323 | INFO | flwr | 	                    (78, 0.9957084249084248),
simulation-0 | INFO flwr 2026-08-28 03:02:57,323 | server.py:495 | 	                    (79, 0.9851750915750915),
2026-08-28 03:02:57,323 | INFO | flwr | 	                    (79, 0.9851750915750915),
simulation-0 | INFO flwr 2026-08-28 03:02:57,323 | server.py:495 | 	                    (80, 0.997660073260073),
2026-08-28 03:02:57,323 | INFO | flwr | 	                    (80, 0.997660073260073),
simulation-0 | INFO flwr 2026-08-28 03:02:57,323 | server.py:495 | 	                    (81, 0.9982344322344322),
2026-08-28 03:02:57,323 | INFO | flwr | 	                    (81, 0.9982344322344322),
simulation-0 | INFO flwr 2026-08-28 03:02:57,323 | server.py:495 | 	                    (82, 0.9903985347985349),
2026-08-28 03:02:57,323 | INFO | flwr | 	                    (82, 0.9903985347985349),
simulation-0 | INFO flwr 2026-08-28 03:02:57,323 | server.py:495 | 	                    (83, 0.9957450549450549),
2026-08-28 03:02:57,323 | INFO | flwr | 	                    (83, 0.9957450549450549),
simulation-0 | INFO flwr 2026-08-28 03:02:57,323 | server.py:495 | 	                    (84, 0.9938666666666667),
2026-08-28 03:02:57,323 | INFO | flwr | 	                    (84, 0.9938666666666667),
simulation-0 | INFO flwr 2026-08-28 03:02:57,323 | server.py:495 | 	                    (85, 0.9977860805860804),
2026-08-28 03:02:57,323 | INFO | flwr | 	                    (85, 0.9977860805860804),
simulation-0 | INFO flwr 2026-08-28 03:02:57,323 | server.py:495 | 	                    (86, 0.9932058608058609),
2026-08-28 03:02:57,323 | INFO | flwr | 	                    (86, 0.9932058608058609),
simulation-0 | INFO flwr 2026-08-28 03:02:57,323 | server.py:495 | 	                    (87, 0.9917391941391941),
2026-08-28 03:02:57,323 | INFO | flwr | 	                    (87, 0.9917391941391941),
simulation-0 | INFO flwr 2026-08-28 03:02:57,323 | server.py:495 | 	                    (88, 0.9958432234432234),
2026-08-28 03:02:57,323 | INFO | flwr | 	                    (88, 0.9958432234432234),
simulation-0 | INFO flwr 2026-08-28 03:02:57,323 | server.py:495 | 	                    (89, 0.9970520146520148),
2026-08-28 03:02:57,323 | INFO | flwr | 	                    (89, 0.9970520146520148),
simulation-0 | INFO flwr 2026-08-28 03:02:57,323 | server.py:495 | 	                    (90, 0.9931648351648351),
2026-08-28 03:02:57,323 | INFO | flwr | 	                    (90, 0.9931648351648351),
simulation-0 | INFO flwr 2026-08-28 03:02:57,323 | server.py:495 | 	                    (91, 0.9966358974358974),
2026-08-28 03:02:57,323 | INFO | flwr | 	                    (91, 0.9966358974358974),
simulation-0 | INFO flwr 2026-08-28 03:02:57,323 | server.py:495 | 	                    (92, 0.9962461538461538),
2026-08-28 03:02:57,323 | INFO | flwr | 	                    (92, 0.9962461538461538),
simulation-0 | INFO flwr 2026-08-28 03:02:57,323 | server.py:495 | 	                    (93, 0.9968439560439559),
2026-08-28 03:02:57,323 | INFO | flwr | 	                    (93, 0.9968439560439559),
simulation-0 | INFO flwr 2026-08-28 03:02:57,324 | server.py:495 | 	                    (94, 0.9973216117216116),
2026-08-28 03:02:57,324 | INFO | flwr | 	                    (94, 0.9973216117216116),
simulation-0 | INFO flwr 2026-08-28 03:02:57,324 | server.py:495 | 	                    (95, 0.9978388278388278),
2026-08-28 03:02:57,324 | INFO | flwr | 	                    (95, 0.9978388278388278),
simulation-0 | INFO flwr 2026-08-28 03:02:57,324 | server.py:495 | 	                    (96, 0.9927443223443223),
2026-08-28 03:02:57,324 | INFO | flwr | 	                    (96, 0.9927443223443223),
simulation-0 | INFO flwr 2026-08-28 03:02:57,324 | server.py:495 | 	                    (97, 0.9963985347985348),
2026-08-28 03:02:57,324 | INFO | flwr | 	                    (97, 0.9963985347985348),
simulation-0 | INFO flwr 2026-08-28 03:02:57,324 | server.py:495 | 	                    (98, 0.9965172161172161),
2026-08-28 03:02:57,324 | INFO | flwr | 	                    (98, 0.9965172161172161),
simulation-0 | INFO flwr 2026-08-28 03:02:57,324 | server.py:495 | 	                    (99, 0.9980512820512819),
2026-08-28 03:02:57,324 | INFO | flwr | 	                    (99, 0.9980512820512819),
simulation-0 | INFO flwr 2026-08-28 03:02:57,324 | server.py:495 | 	                    (100, 0.9950417582417582)],
2026-08-28 03:02:57,324 | INFO | flwr | 	                    (100, 0.9950417582417582)],
simulation-0 | INFO flwr 2026-08-28 03:02:57,324 | server.py:495 | 	 'train_f1': [(1, 0.9076331606215804),
2026-08-28 03:02:57,324 | INFO | flwr | 	 'train_f1': [(1, 0.9076331606215804),
simulation-0 | INFO flwr 2026-08-28 03:02:57,324 | server.py:495 | 	              (2, 0.9383674861952511),
2026-08-28 03:02:57,324 | INFO | flwr | 	              (2, 0.9383674861952511),
simulation-0 | INFO flwr 2026-08-28 03:02:57,324 | server.py:495 | 	              (3, 0.943590568051273),
2026-08-28 03:02:57,324 | INFO | flwr | 	              (3, 0.943590568051273),
simulation-0 | INFO flwr 2026-08-28 03:02:57,324 | server.py:495 | 	              (4, 0.9711482582463473),
2026-08-28 03:02:57,324 | INFO | flwr | 	              (4, 0.9711482582463473),
simulation-0 | INFO flwr 2026-08-28 03:02:57,324 | server.py:495 | 	              (5, 0.9635477883633315),
2026-08-28 03:02:57,324 | INFO | flwr | 	              (5, 0.9635477883633315),
simulation-0 | INFO flwr 2026-08-28 03:02:57,324 | server.py:495 | 	              (6, 0.9752661235047706),
2026-08-28 03:02:57,324 | INFO | flwr | 	              (6, 0.9752661235047706),
simulation-0 | INFO flwr 2026-08-28 03:02:57,324 | server.py:495 | 	              (7, 0.9669542479220824),
2026-08-28 03:02:57,324 | INFO | flwr | 	              (7, 0.9669542479220824),
simulation-0 | INFO flwr 2026-08-28 03:02:57,324 | server.py:495 | 	              (8, 0.9396864865889679),
2026-08-28 03:02:57,324 | INFO | flwr | 	              (8, 0.9396864865889679),
simulation-0 | INFO flwr 2026-08-28 03:02:57,324 | server.py:495 | 	              (9, 0.9763936450802505),
2026-08-28 03:02:57,324 | INFO | flwr | 	              (9, 0.9763936450802505),
simulation-0 | INFO flwr 2026-08-28 03:02:57,324 | server.py:495 | 	              (10, 0.9790790656330897),
2026-08-28 03:02:57,324 | INFO | flwr | 	              (10, 0.9790790656330897),
simulation-0 | INFO flwr 2026-08-28 03:02:57,325 | server.py:495 | 	              (11, 0.9772252628459527),
2026-08-28 03:02:57,325 | INFO | flwr | 	              (11, 0.9772252628459527),
simulation-0 | INFO flwr 2026-08-28 03:02:57,325 | server.py:495 | 	              (12, 0.9746121924526172),
2026-08-28 03:02:57,325 | INFO | flwr | 	              (12, 0.9746121924526172),
simulation-0 | INFO flwr 2026-08-28 03:02:57,325 | server.py:495 | 	              (13, 0.9734549979111522),
2026-08-28 03:02:57,325 | INFO | flwr | 	              (13, 0.9734549979111522),
simulation-0 | INFO flwr 2026-08-28 03:02:57,325 | server.py:495 | 	              (14, 0.9861896573139548),
2026-08-28 03:02:57,325 | INFO | flwr | 	              (14, 0.9861896573139548),
simulation-0 | INFO flwr 2026-08-28 03:02:57,325 | server.py:495 | 	              (15, 0.9877611785232648),
2026-08-28 03:02:57,325 | INFO | flwr | 	              (15, 0.9877611785232648),
simulation-0 | INFO flwr 2026-08-28 03:02:57,325 | server.py:495 | 	              (16, 0.9856414458596844),
2026-08-28 03:02:57,325 | INFO | flwr | 	              (16, 0.9856414458596844),
simulation-0 | INFO flwr 2026-08-28 03:02:57,325 | server.py:495 | 	              (17, 0.9855683965984378),
2026-08-28 03:02:57,325 | INFO | flwr | 	              (17, 0.9855683965984378),
simulation-0 | INFO flwr 2026-08-28 03:02:57,325 | server.py:495 | 	              (18, 0.9817269024140656),
2026-08-28 03:02:57,325 | INFO | flwr | 	              (18, 0.9817269024140656),
simulation-0 | INFO flwr 2026-08-28 03:02:57,325 | server.py:495 | 	              (19, 0.9870667177218708),
2026-08-28 03:02:57,325 | INFO | flwr | 	              (19, 0.9870667177218708),
simulation-0 | INFO flwr 2026-08-28 03:02:57,325 | server.py:495 | 	              (20, 0.9853245350713686),
2026-08-28 03:02:57,325 | INFO | flwr | 	              (20, 0.9853245350713686),
simulation-0 | INFO flwr 2026-08-28 03:02:57,325 | server.py:495 | 	              (21, 0.9847430548456274),
2026-08-28 03:02:57,325 | INFO | flwr | 	              (21, 0.9847430548456274),
simulation-0 | INFO flwr 2026-08-28 03:02:57,325 | server.py:495 | 	              (22, 0.9906545634091982),
2026-08-28 03:02:57,325 | INFO | flwr | 	              (22, 0.9906545634091982),
simulation-0 | INFO flwr 2026-08-28 03:02:57,325 | server.py:495 | 	              (23, 0.988461177269957),
2026-08-28 03:02:57,325 | INFO | flwr | 	              (23, 0.988461177269957),
simulation-0 | INFO flwr 2026-08-28 03:02:57,325 | server.py:495 | 	              (24, 0.9930941337022631),
2026-08-28 03:02:57,325 | INFO | flwr | 	              (24, 0.9930941337022631),
simulation-0 | INFO flwr 2026-08-28 03:02:57,325 | server.py:495 | 	              (25, 0.9788620715052523),
2026-08-28 03:02:57,325 | INFO | flwr | 	              (25, 0.9788620715052523),
simulation-0 | INFO flwr 2026-08-28 03:02:57,325 | server.py:495 | 	              (26, 0.9931895352407706),
2026-08-28 03:02:57,325 | INFO | flwr | 	              (26, 0.9931895352407706),
simulation-0 | INFO flwr 2026-08-28 03:02:57,325 | server.py:495 | 	              (27, 0.9885630897618801),
2026-08-28 03:02:57,325 | INFO | flwr | 	              (27, 0.9885630897618801),
simulation-0 | INFO flwr 2026-08-28 03:02:57,325 | server.py:495 | 	              (28, 0.9886482176084913),
2026-08-28 03:02:57,325 | INFO | flwr | 	              (28, 0.9886482176084913),
simulation-0 | INFO flwr 2026-08-28 03:02:57,325 | server.py:495 | 	              (29, 0.9803725442178226),
2026-08-28 03:02:57,325 | INFO | flwr | 	              (29, 0.9803725442178226),
simulation-0 | INFO flwr 2026-08-28 03:02:57,325 | server.py:495 | 	              (30, 0.9599574203928397),
2026-08-28 03:02:57,325 | INFO | flwr | 	              (30, 0.9599574203928397),
simulation-0 | INFO flwr 2026-08-28 03:02:57,326 | server.py:495 | 	              (31, 0.9934703702651617),
2026-08-28 03:02:57,326 | INFO | flwr | 	              (31, 0.9934703702651617),
simulation-0 | INFO flwr 2026-08-28 03:02:57,326 | server.py:495 | 	              (32, 0.9935766615964111),
2026-08-28 03:02:57,326 | INFO | flwr | 	              (32, 0.9935766615964111),
simulation-0 | INFO flwr 2026-08-28 03:02:57,326 | server.py:495 | 	              (33, 0.99118269348466),
2026-08-28 03:02:57,326 | INFO | flwr | 	              (33, 0.99118269348466),
simulation-0 | INFO flwr 2026-08-28 03:02:57,326 | server.py:495 | 	              (34, 0.9923528477718747),
2026-08-28 03:02:57,326 | INFO | flwr | 	              (34, 0.9923528477718747),
simulation-0 | INFO flwr 2026-08-28 03:02:57,326 | server.py:495 | 	              (35, 0.9857257903305663),
2026-08-28 03:02:57,326 | INFO | flwr | 	              (35, 0.9857257903305663),
simulation-0 | INFO flwr 2026-08-28 03:02:57,326 | server.py:495 | 	              (36, 0.9930838677414083),
2026-08-28 03:02:57,326 | INFO | flwr | 	              (36, 0.9930838677414083),
simulation-0 | INFO flwr 2026-08-28 03:02:57,326 | server.py:495 | 	              (37, 0.9858071506451128),
2026-08-28 03:02:57,326 | INFO | flwr | 	              (37, 0.9858071506451128),
simulation-0 | INFO flwr 2026-08-28 03:02:57,326 | server.py:495 | 	              (38, 0.9942310597885019),
2026-08-28 03:02:57,326 | INFO | flwr | 	              (38, 0.9942310597885019),
simulation-0 | INFO flwr 2026-08-28 03:02:57,326 | server.py:495 | 	              (39, 0.9909732506561655),
2026-08-28 03:02:57,326 | INFO | flwr | 	              (39, 0.9909732506561655),
simulation-0 | INFO flwr 2026-08-28 03:02:57,326 | server.py:495 | 	              (40, 0.9963781192322109),
2026-08-28 03:02:57,326 | INFO | flwr | 	              (40, 0.9963781192322109),
simulation-0 | INFO flwr 2026-08-28 03:02:57,326 | server.py:495 | 	              (41, 0.9920153564129307),
2026-08-28 03:02:57,326 | INFO | flwr | 	              (41, 0.9920153564129307),
simulation-0 | INFO flwr 2026-08-28 03:02:57,326 | server.py:495 | 	              (42, 0.9862520418966993),
2026-08-28 03:02:57,326 | INFO | flwr | 	              (42, 0.9862520418966993),
simulation-0 | INFO flwr 2026-08-28 03:02:57,326 | server.py:495 | 	              (43, 0.9940589710851675),
2026-08-28 03:02:57,326 | INFO | flwr | 	              (43, 0.9940589710851675),
simulation-0 | INFO flwr 2026-08-28 03:02:57,326 | server.py:495 | 	              (44, 0.9878858247687261),
2026-08-28 03:02:57,326 | INFO | flwr | 	              (44, 0.9878858247687261),
simulation-0 | INFO flwr 2026-08-28 03:02:57,326 | server.py:495 | 	              (45, 0.9949634824502168),
2026-08-28 03:02:57,326 | INFO | flwr | 	              (45, 0.9949634824502168),
simulation-0 | INFO flwr 2026-08-28 03:02:57,326 | server.py:495 | 	              (46, 0.9854871222329118),
2026-08-28 03:02:57,326 | INFO | flwr | 	              (46, 0.9854871222329118),
simulation-0 | INFO flwr 2026-08-28 03:02:57,326 | server.py:495 | 	              (47, 0.9903428243929172),
2026-08-28 03:02:57,326 | INFO | flwr | 	              (47, 0.9903428243929172),
simulation-0 | INFO flwr 2026-08-28 03:02:57,326 | server.py:495 | 	              (48, 0.9906976509982939),
2026-08-28 03:02:57,326 | INFO | flwr | 	              (48, 0.9906976509982939),
simulation-0 | INFO flwr 2026-08-28 03:02:57,326 | server.py:495 | 	              (49, 0.9901977049170364),
2026-08-28 03:02:57,326 | INFO | flwr | 	              (49, 0.9901977049170364),
simulation-0 | INFO flwr 2026-08-28 03:02:57,326 | server.py:495 | 	              (50, 0.9945807969721133),
2026-08-28 03:02:57,326 | INFO | flwr | 	              (50, 0.9945807969721133),
simulation-0 | INFO flwr 2026-08-28 03:02:57,327 | server.py:495 | 	              (51, 0.9888709429720114),
2026-08-28 03:02:57,327 | INFO | flwr | 	              (51, 0.9888709429720114),
simulation-0 | INFO flwr 2026-08-28 03:02:57,327 | server.py:495 | 	              (52, 0.9945626391027858),
2026-08-28 03:02:57,327 | INFO | flwr | 	              (52, 0.9945626391027858),
simulation-0 | INFO flwr 2026-08-28 03:02:57,327 | server.py:495 | 	              (53, 0.9927687155067513),
2026-08-28 03:02:57,327 | INFO | flwr | 	              (53, 0.9927687155067513),
simulation-0 | INFO flwr 2026-08-28 03:02:57,327 | server.py:495 | 	              (54, 0.9908562073260245),
2026-08-28 03:02:57,327 | INFO | flwr | 	              (54, 0.9908562073260245),
simulation-0 | INFO flwr 2026-08-28 03:02:57,327 | server.py:495 | 	              (55, 0.9929752187234174),
2026-08-28 03:02:57,327 | INFO | flwr | 	              (55, 0.9929752187234174),
simulation-0 | INFO flwr 2026-08-28 03:02:57,327 | server.py:495 | 	              (56, 0.9935092715696493),
2026-08-28 03:02:57,327 | INFO | flwr | 	              (56, 0.9935092715696493),
simulation-0 | INFO flwr 2026-08-28 03:02:57,327 | server.py:495 | 	              (57, 0.9946953206526035),
2026-08-28 03:02:57,327 | INFO | flwr | 	              (57, 0.9946953206526035),
simulation-0 | INFO flwr 2026-08-28 03:02:57,327 | server.py:495 | 	              (58, 0.9848834939673753),
2026-08-28 03:02:57,327 | INFO | flwr | 	              (58, 0.9848834939673753),
simulation-0 | INFO flwr 2026-08-28 03:02:57,327 | server.py:495 | 	              (59, 0.9926598835504525),
2026-08-28 03:02:57,327 | INFO | flwr | 	              (59, 0.9926598835504525),
simulation-0 | INFO flwr 2026-08-28 03:02:57,327 | server.py:495 | 	              (60, 0.9926696498112526),
2026-08-28 03:02:57,327 | INFO | flwr | 	              (60, 0.9926696498112526),
simulation-0 | INFO flwr 2026-08-28 03:02:57,327 | server.py:495 | 	              (61, 0.9954020485244248),
2026-08-28 03:02:57,327 | INFO | flwr | 	              (61, 0.9954020485244248),
simulation-0 | INFO flwr 2026-08-28 03:02:57,327 | server.py:495 | 	              (62, 0.9829912137381798),
2026-08-28 03:02:57,327 | INFO | flwr | 	              (62, 0.9829912137381798),
simulation-0 | INFO flwr 2026-08-28 03:02:57,327 | server.py:495 | 	              (63, 0.9937155885723554),
2026-08-28 03:02:57,327 | INFO | flwr | 	              (63, 0.9937155885723554),
simulation-0 | INFO flwr 2026-08-28 03:02:57,327 | server.py:495 | 	              (64, 0.9871174529701999),
2026-08-28 03:02:57,327 | INFO | flwr | 	              (64, 0.9871174529701999),
simulation-0 | INFO flwr 2026-08-28 03:02:57,327 | server.py:495 | 	              (65, 0.9961605735833955),
2026-08-28 03:02:57,327 | INFO | flwr | 	              (65, 0.9961605735833955),
simulation-0 | INFO flwr 2026-08-28 03:02:57,327 | server.py:495 | 	              (66, 0.9983575055578877),
2026-08-28 03:02:57,327 | INFO | flwr | 	              (66, 0.9983575055578877),
simulation-0 | INFO flwr 2026-08-28 03:02:57,327 | server.py:495 | 	              (67, 0.9932920085091115),
2026-08-28 03:02:57,327 | INFO | flwr | 	              (67, 0.9932920085091115),
simulation-0 | INFO flwr 2026-08-28 03:02:57,327 | server.py:495 | 	              (68, 0.996212685527857),
2026-08-28 03:02:57,327 | INFO | flwr | 	              (68, 0.996212685527857),
simulation-0 | INFO flwr 2026-08-28 03:02:57,327 | server.py:495 | 	              (69, 0.9848945946886283),
2026-08-28 03:02:57,327 | INFO | flwr | 	              (69, 0.9848945946886283),
simulation-0 | INFO flwr 2026-08-28 03:02:57,327 | server.py:495 | 	              (70, 0.9944338988680479),
2026-08-28 03:02:57,327 | INFO | flwr | 	              (70, 0.9944338988680479),
simulation-0 | INFO flwr 2026-08-28 03:02:57,328 | server.py:495 | 	              (71, 0.9968832830846265),
2026-08-28 03:02:57,328 | INFO | flwr | 	              (71, 0.9968832830846265),
simulation-0 | INFO flwr 2026-08-28 03:02:57,328 | server.py:495 | 	              (72, 0.9959097126737072),
2026-08-28 03:02:57,328 | INFO | flwr | 	              (72, 0.9959097126737072),
simulation-0 | INFO flwr 2026-08-28 03:02:57,328 | server.py:495 | 	              (73, 0.9965106328561207),
2026-08-28 03:02:57,328 | INFO | flwr | 	              (73, 0.9965106328561207),
simulation-0 | INFO flwr 2026-08-28 03:02:57,328 | server.py:495 | 	              (74, 0.9959514979641932),
2026-08-28 03:02:57,328 | INFO | flwr | 	              (74, 0.9959514979641932),
simulation-0 | INFO flwr 2026-08-28 03:02:57,328 | server.py:495 | 	              (75, 0.9909605585440618),
2026-08-28 03:02:57,328 | INFO | flwr | 	              (75, 0.9909605585440618),
simulation-0 | INFO flwr 2026-08-28 03:02:57,328 | server.py:495 | 	              (76, 0.9965594533841278),
2026-08-28 03:02:57,328 | INFO | flwr | 	              (76, 0.9965594533841278),
simulation-0 | INFO flwr 2026-08-28 03:02:57,328 | server.py:495 | 	              (77, 0.9974406856127579),
2026-08-28 03:02:57,328 | INFO | flwr | 	              (77, 0.9974406856127579),
simulation-0 | INFO flwr 2026-08-28 03:02:57,328 | server.py:495 | 	              (78, 0.9956588020099454),
2026-08-28 03:02:57,328 | INFO | flwr | 	              (78, 0.9956588020099454),
simulation-0 | INFO flwr 2026-08-28 03:02:57,328 | server.py:495 | 	              (79, 0.9848693745689058),
2026-08-28 03:02:57,328 | INFO | flwr | 	              (79, 0.9848693745689058),
simulation-0 | INFO flwr 2026-08-28 03:02:57,328 | server.py:495 | 	              (80, 0.9976037490411448),
2026-08-28 03:02:57,328 | INFO | flwr | 	              (80, 0.9976037490411448),
simulation-0 | INFO flwr 2026-08-28 03:02:57,328 | server.py:495 | 	              (81, 0.9981591305840187),
2026-08-28 03:02:57,328 | INFO | flwr | 	              (81, 0.9981591305840187),
simulation-0 | INFO flwr 2026-08-28 03:02:57,328 | server.py:495 | 	              (82, 0.9903277734683047),
2026-08-28 03:02:57,328 | INFO | flwr | 	              (82, 0.9903277734683047),
simulation-0 | INFO flwr 2026-08-28 03:02:57,328 | server.py:495 | 	              (83, 0.9956937489013243),
2026-08-28 03:02:57,328 | INFO | flwr | 	              (83, 0.9956937489013243),
simulation-0 | INFO flwr 2026-08-28 03:02:57,328 | server.py:495 | 	              (84, 0.9939266864991024),
2026-08-28 03:02:57,328 | INFO | flwr | 	              (84, 0.9939266864991024),
simulation-0 | INFO flwr 2026-08-28 03:02:57,328 | server.py:495 | 	              (85, 0.9977285484725149),
2026-08-28 03:02:57,328 | INFO | flwr | 	              (85, 0.9977285484725149),
simulation-0 | INFO flwr 2026-08-28 03:02:57,328 | server.py:495 | 	              (86, 0.9931743409594327),
2026-08-28 03:02:57,328 | INFO | flwr | 	              (86, 0.9931743409594327),
simulation-0 | INFO flwr 2026-08-28 03:02:57,328 | server.py:495 | 	              (87, 0.9919817045354107),
2026-08-28 03:02:57,328 | INFO | flwr | 	              (87, 0.9919817045354107),
simulation-0 | INFO flwr 2026-08-28 03:02:57,328 | server.py:495 | 	              (88, 0.9956825514041499),
2026-08-28 03:02:57,328 | INFO | flwr | 	              (88, 0.9956825514041499),
simulation-0 | INFO flwr 2026-08-28 03:02:57,328 | server.py:495 | 	              (89, 0.9971403406168473),
2026-08-28 03:02:57,328 | INFO | flwr | 	              (89, 0.9971403406168473),
simulation-0 | INFO flwr 2026-08-28 03:02:57,329 | server.py:495 | 	              (90, 0.9922131644157309),
2026-08-28 03:02:57,329 | INFO | flwr | 	              (90, 0.9922131644157309),
simulation-0 | INFO flwr 2026-08-28 03:02:57,329 | server.py:495 | 	              (91, 0.9965767862958392),
2026-08-28 03:02:57,329 | INFO | flwr | 	              (91, 0.9965767862958392),
simulation-0 | INFO flwr 2026-08-28 03:02:57,329 | server.py:495 | 	              (92, 0.9963051808771977),
2026-08-28 03:02:57,329 | INFO | flwr | 	              (92, 0.9963051808771977),
simulation-0 | INFO flwr 2026-08-28 03:02:57,329 | server.py:495 | 	              (93, 0.9967103412810556),
2026-08-28 03:02:57,329 | INFO | flwr | 	              (93, 0.9967103412810556),
simulation-0 | INFO flwr 2026-08-28 03:02:57,329 | server.py:495 | 	              (94, 0.99716625398515),
2026-08-28 03:02:57,329 | INFO | flwr | 	              (94, 0.99716625398515),
simulation-0 | INFO flwr 2026-08-28 03:02:57,329 | server.py:495 | 	              (95, 0.99776578535477),
2026-08-28 03:02:57,329 | INFO | flwr | 	              (95, 0.99776578535477),
simulation-0 | INFO flwr 2026-08-28 03:02:57,329 | server.py:495 | 	              (96, 0.9928821898466882),
2026-08-28 03:02:57,329 | INFO | flwr | 	              (96, 0.9928821898466882),
simulation-0 | INFO flwr 2026-08-28 03:02:57,329 | server.py:495 | 	              (97, 0.996385987704053),
2026-08-28 03:02:57,329 | INFO | flwr | 	              (97, 0.996385987704053),
simulation-0 | INFO flwr 2026-08-28 03:02:57,329 | server.py:495 | 	              (98, 0.996470458287445),
2026-08-28 03:02:57,329 | INFO | flwr | 	              (98, 0.996470458287445),
simulation-0 | INFO flwr 2026-08-28 03:02:57,329 | server.py:495 | 	              (99, 0.997996907935915),
2026-08-28 03:02:57,329 | INFO | flwr | 	              (99, 0.997996907935915),
simulation-0 | INFO flwr 2026-08-28 03:02:57,329 | server.py:495 | 	              (100, 0.9951362613877465)],
2026-08-28 03:02:57,329 | INFO | flwr | 	              (100, 0.9951362613877465)],
simulation-0 | INFO flwr 2026-08-28 03:02:57,329 | server.py:495 | 	 'train_image_accuracy': [(1, 0.9736263736263736),
2026-08-28 03:02:57,329 | INFO | flwr | 	 'train_image_accuracy': [(1, 0.9736263736263736),
simulation-0 | INFO flwr 2026-08-28 03:02:57,329 | server.py:495 | 	                          (2, 0.9912087912087912),
2026-08-28 03:02:57,329 | INFO | flwr | 	                          (2, 0.9912087912087912),
simulation-0 | INFO flwr 2026-08-28 03:02:57,329 | server.py:495 | 	                          (3, 0.9868131868131869),
2026-08-28 03:02:57,329 | INFO | flwr | 	                          (3, 0.9868131868131869),
simulation-0 | INFO flwr 2026-08-28 03:02:57,329 | server.py:495 | 	                          (4, 0.9978021978021978),
2026-08-28 03:02:57,329 | INFO | flwr | 	                          (4, 0.9978021978021978),
simulation-0 | INFO flwr 2026-08-28 03:02:57,329 | server.py:495 | 	                          (5, 1.0),
2026-08-28 03:02:57,329 | INFO | flwr | 	                          (5, 1.0),
simulation-0 | INFO flwr 2026-08-28 03:02:57,329 | server.py:495 | 	                          (6, 0.9978021978021978),
2026-08-28 03:02:57,329 | INFO | flwr | 	                          (6, 0.9978021978021978),
simulation-0 | INFO flwr 2026-08-28 03:02:57,329 | server.py:495 | 	                          (7, 0.9956043956043956),
2026-08-28 03:02:57,329 | INFO | flwr | 	                          (7, 0.9956043956043956),
simulation-0 | INFO flwr 2026-08-28 03:02:57,329 | server.py:495 | 	                          (8, 0.9692307692307692),
2026-08-28 03:02:57,329 | INFO | flwr | 	                          (8, 0.9692307692307692),
simulation-0 | INFO flwr 2026-08-28 03:02:57,330 | server.py:495 | 	                          (9, 0.9956043956043956),
2026-08-28 03:02:57,330 | INFO | flwr | 	                          (9, 0.9956043956043956),
simulation-0 | INFO flwr 2026-08-28 03:02:57,330 | server.py:495 | 	                          (10, 0.9978021978021978),
2026-08-28 03:02:57,330 | INFO | flwr | 	                          (10, 0.9978021978021978),
simulation-0 | INFO flwr 2026-08-28 03:02:57,330 | server.py:495 | 	                          (11, 0.9934065934065934),
2026-08-28 03:02:57,330 | INFO | flwr | 	                          (11, 0.9934065934065934),
simulation-0 | INFO flwr 2026-08-28 03:02:57,330 | server.py:495 | 	                          (12, 0.9912087912087912),
2026-08-28 03:02:57,330 | INFO | flwr | 	                          (12, 0.9912087912087912),
simulation-0 | INFO flwr 2026-08-28 03:02:57,330 | server.py:495 | 	                          (13, 0.9956043956043956),
2026-08-28 03:02:57,330 | INFO | flwr | 	                          (13, 0.9956043956043956),
simulation-0 | INFO flwr 2026-08-28 03:02:57,330 | server.py:495 | 	                          (14, 1.0),
2026-08-28 03:02:57,330 | INFO | flwr | 	                          (14, 1.0),
simulation-0 | INFO flwr 2026-08-28 03:02:57,330 | server.py:495 | 	                          (15, 0.9978021978021978),
2026-08-28 03:02:57,330 | INFO | flwr | 	                          (15, 0.9978021978021978),
simulation-0 | INFO flwr 2026-08-28 03:02:57,330 | server.py:495 | 	                          (16, 1.0),
2026-08-28 03:02:57,330 | INFO | flwr | 	                          (16, 1.0),
simulation-0 | INFO flwr 2026-08-28 03:02:57,330 | server.py:495 | 	                          (17, 0.9978021978021978),
2026-08-28 03:02:57,330 | INFO | flwr | 	                          (17, 0.9978021978021978),
simulation-0 | INFO flwr 2026-08-28 03:02:57,330 | server.py:495 | 	                          (18, 0.9978021978021978),
2026-08-28 03:02:57,330 | INFO | flwr | 	                          (18, 0.9978021978021978),
simulation-0 | INFO flwr 2026-08-28 03:02:57,330 | server.py:495 | 	                          (19, 0.9978021978021978),
2026-08-28 03:02:57,330 | INFO | flwr | 	                          (19, 0.9978021978021978),
simulation-0 | INFO flwr 2026-08-28 03:02:57,330 | server.py:495 | 	                          (20, 0.9956043956043956),
2026-08-28 03:02:57,330 | INFO | flwr | 	                          (20, 0.9956043956043956),
simulation-0 | INFO flwr 2026-08-28 03:02:57,330 | server.py:495 | 	                          (21, 1.0),
2026-08-28 03:02:57,330 | INFO | flwr | 	                          (21, 1.0),
simulation-0 | INFO flwr 2026-08-28 03:02:57,330 | server.py:495 | 	                          (22, 0.9978021978021978),
2026-08-28 03:02:57,330 | INFO | flwr | 	                          (22, 0.9978021978021978),
simulation-0 | INFO flwr 2026-08-28 03:02:57,330 | server.py:495 | 	                          (23, 1.0),
2026-08-28 03:02:57,330 | INFO | flwr | 	                          (23, 1.0),
simulation-0 | INFO flwr 2026-08-28 03:02:57,330 | server.py:495 | 	                          (24, 1.0),
2026-08-28 03:02:57,330 | INFO | flwr | 	                          (24, 1.0),
simulation-0 | INFO flwr 2026-08-28 03:02:57,330 | server.py:495 | 	                          (25, 0.9912087912087912),
2026-08-28 03:02:57,330 | INFO | flwr | 	                          (25, 0.9912087912087912),
simulation-0 | INFO flwr 2026-08-28 03:02:57,330 | server.py:495 | 	                          (26, 1.0),
2026-08-28 03:02:57,330 | INFO | flwr | 	                          (26, 1.0),
simulation-0 | INFO flwr 2026-08-28 03:02:57,330 | server.py:495 | 	                          (27, 0.9956043956043956),
2026-08-28 03:02:57,330 | INFO | flwr | 	                          (27, 0.9956043956043956),
simulation-0 | INFO flwr 2026-08-28 03:02:57,330 | server.py:495 | 	                          (28, 1.0),
2026-08-28 03:02:57,330 | INFO | flwr | 	                          (28, 1.0),
simulation-0 | INFO flwr 2026-08-28 03:02:57,331 | server.py:495 | 	                          (29, 0.9934065934065934),
2026-08-28 03:02:57,331 | INFO | flwr | 	                          (29, 0.9934065934065934),
simulation-0 | INFO flwr 2026-08-28 03:02:57,331 | server.py:495 | 	                          (30, 0.9824175824175824),
2026-08-28 03:02:57,331 | INFO | flwr | 	                          (30, 0.9824175824175824),
simulation-0 | INFO flwr 2026-08-28 03:02:57,331 | server.py:495 | 	                          (31, 1.0),
2026-08-28 03:02:57,331 | INFO | flwr | 	                          (31, 1.0),
simulation-0 | INFO flwr 2026-08-28 03:02:57,331 | server.py:495 | 	                          (32, 1.0),
2026-08-28 03:02:57,331 | INFO | flwr | 	                          (32, 1.0),
simulation-0 | INFO flwr 2026-08-28 03:02:57,331 | server.py:495 | 	                          (33, 0.9978021978021978),
2026-08-28 03:02:57,331 | INFO | flwr | 	                          (33, 0.9978021978021978),
simulation-0 | INFO flwr 2026-08-28 03:02:57,331 | server.py:495 | 	                          (34, 1.0),
2026-08-28 03:02:57,331 | INFO | flwr | 	                          (34, 1.0),
simulation-0 | INFO flwr 2026-08-28 03:02:57,331 | server.py:495 | 	                          (35, 0.9978021978021978),
2026-08-28 03:02:57,331 | INFO | flwr | 	                          (35, 0.9978021978021978),
simulation-0 | INFO flwr 2026-08-28 03:02:57,331 | server.py:495 | 	                          (36, 1.0),
2026-08-28 03:02:57,331 | INFO | flwr | 	                          (36, 1.0),
simulation-0 | INFO flwr 2026-08-28 03:02:57,331 | server.py:495 | 	                          (37, 1.0),
2026-08-28 03:02:57,331 | INFO | flwr | 	                          (37, 1.0),
simulation-0 | INFO flwr 2026-08-28 03:02:57,331 | server.py:495 | 	                          (38, 1.0),
2026-08-28 03:02:57,331 | INFO | flwr | 	                          (38, 1.0),
simulation-0 | INFO flwr 2026-08-28 03:02:57,331 | server.py:495 | 	                          (39, 1.0),
2026-08-28 03:02:57,331 | INFO | flwr | 	                          (39, 1.0),
simulation-0 | INFO flwr 2026-08-28 03:02:57,331 | server.py:495 | 	                          (40, 1.0),
2026-08-28 03:02:57,331 | INFO | flwr | 	                          (40, 1.0),
simulation-0 | INFO flwr 2026-08-28 03:02:57,331 | server.py:495 | 	                          (41, 1.0),
2026-08-28 03:02:57,331 | INFO | flwr | 	                          (41, 1.0),
simulation-0 | INFO flwr 2026-08-28 03:02:57,331 | server.py:495 | 	                          (42, 0.9956043956043956),
2026-08-28 03:02:57,331 | INFO | flwr | 	                          (42, 0.9956043956043956),
simulation-0 | INFO flwr 2026-08-28 03:02:57,331 | server.py:495 | 	                          (43, 1.0),
2026-08-28 03:02:57,331 | INFO | flwr | 	                          (43, 1.0),
simulation-0 | INFO flwr 2026-08-28 03:02:57,331 | server.py:495 | 	                          (44, 0.9956043956043956),
2026-08-28 03:02:57,331 | INFO | flwr | 	                          (44, 0.9956043956043956),
simulation-0 | INFO flwr 2026-08-28 03:02:57,331 | server.py:495 | 	                          (45, 1.0),
2026-08-28 03:02:57,331 | INFO | flwr | 	                          (45, 1.0),
simulation-0 | INFO flwr 2026-08-28 03:02:57,331 | server.py:495 | 	                          (46, 0.9956043956043956),
2026-08-28 03:02:57,331 | INFO | flwr | 	                          (46, 0.9956043956043956),
simulation-0 | INFO flwr 2026-08-28 03:02:57,331 | server.py:495 | 	                          (47, 0.9978021978021978),
2026-08-28 03:02:57,331 | INFO | flwr | 	                          (47, 0.9978021978021978),
simulation-0 | INFO flwr 2026-08-28 03:02:57,331 | server.py:495 | 	                          (48, 1.0),
2026-08-28 03:02:57,331 | INFO | flwr | 	                          (48, 1.0),
simulation-0 | INFO flwr 2026-08-28 03:02:57,332 | server.py:495 | 	                          (49, 0.9956043956043956),
2026-08-28 03:02:57,332 | INFO | flwr | 	                          (49, 0.9956043956043956),
simulation-0 | INFO flwr 2026-08-28 03:02:57,332 | server.py:495 | 	                          (50, 1.0),
2026-08-28 03:02:57,332 | INFO | flwr | 	                          (50, 1.0),
simulation-0 | INFO flwr 2026-08-28 03:02:57,332 | server.py:495 | 	                          (51, 0.9956043956043956),
2026-08-28 03:02:57,332 | INFO | flwr | 	                          (51, 0.9956043956043956),
simulation-0 | INFO flwr 2026-08-28 03:02:57,332 | server.py:495 | 	                          (52, 1.0),
2026-08-28 03:02:57,332 | INFO | flwr | 	                          (52, 1.0),
simulation-0 | INFO flwr 2026-08-28 03:02:57,332 | server.py:495 | 	                          (53, 0.9978021978021978),
2026-08-28 03:02:57,332 | INFO | flwr | 	                          (53, 0.9978021978021978),
simulation-0 | INFO flwr 2026-08-28 03:02:57,332 | server.py:495 | 	                          (54, 1.0),
2026-08-28 03:02:57,332 | INFO | flwr | 	                          (54, 1.0),
simulation-0 | INFO flwr 2026-08-28 03:02:57,332 | server.py:495 | 	                          (55, 1.0),
2026-08-28 03:02:57,332 | INFO | flwr | 	                          (55, 1.0),
simulation-0 | INFO flwr 2026-08-28 03:02:57,332 | server.py:495 | 	                          (56, 1.0),
2026-08-28 03:02:57,332 | INFO | flwr | 	                          (56, 1.0),
simulation-0 | INFO flwr 2026-08-28 03:02:57,332 | server.py:495 | 	                          (57, 1.0),
2026-08-28 03:02:57,332 | INFO | flwr | 	                          (57, 1.0),
simulation-0 | INFO flwr 2026-08-28 03:02:57,332 | server.py:495 | 	                          (58, 0.9978021978021978),
2026-08-28 03:02:57,332 | INFO | flwr | 	                          (58, 0.9978021978021978),
simulation-0 | INFO flwr 2026-08-28 03:02:57,332 | server.py:495 | 	                          (59, 1.0),
2026-08-28 03:02:57,332 | INFO | flwr | 	                          (59, 1.0),
simulation-0 | INFO flwr 2026-08-28 03:02:57,332 | server.py:495 | 	                          (60, 0.9978021978021978),
2026-08-28 03:02:57,332 | INFO | flwr | 	                          (60, 0.9978021978021978),
simulation-0 | INFO flwr 2026-08-28 03:02:57,332 | server.py:495 | 	                          (61, 1.0),
2026-08-28 03:02:57,332 | INFO | flwr | 	                          (61, 1.0),
simulation-0 | INFO flwr 2026-08-28 03:02:57,332 | server.py:495 | 	                          (62, 0.9934065934065934),
2026-08-28 03:02:57,332 | INFO | flwr | 	                          (62, 0.9934065934065934),
simulation-0 | INFO flwr 2026-08-28 03:02:57,332 | server.py:495 | 	                          (63, 1.0),
2026-08-28 03:02:57,332 | INFO | flwr | 	                          (63, 1.0),
simulation-0 | INFO flwr 2026-08-28 03:02:57,332 | server.py:495 | 	                          (64, 0.9956043956043956),
2026-08-28 03:02:57,332 | INFO | flwr | 	                          (64, 0.9956043956043956),
simulation-0 | INFO flwr 2026-08-28 03:02:57,332 | server.py:495 | 	                          (65, 1.0),
2026-08-28 03:02:57,332 | INFO | flwr | 	                          (65, 1.0),
simulation-0 | INFO flwr 2026-08-28 03:02:57,332 | server.py:495 | 	                          (66, 1.0),
2026-08-28 03:02:57,332 | INFO | flwr | 	                          (66, 1.0),
simulation-0 | INFO flwr 2026-08-28 03:02:57,332 | server.py:495 | 	                          (67, 1.0),
2026-08-28 03:02:57,332 | INFO | flwr | 	                          (67, 1.0),
simulation-0 | INFO flwr 2026-08-28 03:02:57,332 | server.py:495 | 	                          (68, 1.0),
2026-08-28 03:02:57,332 | INFO | flwr | 	                          (68, 1.0),
simulation-0 | INFO flwr 2026-08-28 03:02:57,333 | server.py:495 | 	                          (69, 0.9912087912087912),
2026-08-28 03:02:57,333 | INFO | flwr | 	                          (69, 0.9912087912087912),
simulation-0 | INFO flwr 2026-08-28 03:02:57,333 | server.py:495 | 	                          (70, 1.0),
2026-08-28 03:02:57,333 | INFO | flwr | 	                          (70, 1.0),
simulation-0 | INFO flwr 2026-08-28 03:02:57,333 | server.py:495 | 	                          (71, 1.0),
2026-08-28 03:02:57,333 | INFO | flwr | 	                          (71, 1.0),
simulation-0 | INFO flwr 2026-08-28 03:02:57,333 | server.py:495 | 	                          (72, 1.0),
2026-08-28 03:02:57,333 | INFO | flwr | 	                          (72, 1.0),
simulation-0 | INFO flwr 2026-08-28 03:02:57,333 | server.py:495 | 	                          (73, 1.0),
2026-08-28 03:02:57,333 | INFO | flwr | 	                          (73, 1.0),
simulation-0 | INFO flwr 2026-08-28 03:02:57,333 | server.py:495 | 	                          (74, 1.0),
2026-08-28 03:02:57,333 | INFO | flwr | 	                          (74, 1.0),
simulation-0 | INFO flwr 2026-08-28 03:02:57,333 | server.py:495 | 	                          (75, 1.0),
2026-08-28 03:02:57,333 | INFO | flwr | 	                          (75, 1.0),
simulation-0 | INFO flwr 2026-08-28 03:02:57,333 | server.py:495 | 	                          (76, 1.0),
2026-08-28 03:02:57,333 | INFO | flwr | 	                          (76, 1.0),
simulation-0 | INFO flwr 2026-08-28 03:02:57,333 | server.py:495 | 	                          (77, 1.0),
2026-08-28 03:02:57,333 | INFO | flwr | 	                          (77, 1.0),
simulation-0 | INFO flwr 2026-08-28 03:02:57,333 | server.py:495 | 	                          (78, 0.9978021978021978),
2026-08-28 03:02:57,333 | INFO | flwr | 	                          (78, 0.9978021978021978),
simulation-0 | INFO flwr 2026-08-28 03:02:57,333 | server.py:495 | 	                          (79, 0.9978021978021978),
2026-08-28 03:02:57,333 | INFO | flwr | 	                          (79, 0.9978021978021978),
simulation-0 | INFO flwr 2026-08-28 03:02:57,333 | server.py:495 | 	                          (80, 1.0),
2026-08-28 03:02:57,333 | INFO | flwr | 	                          (80, 1.0),
simulation-0 | INFO flwr 2026-08-28 03:02:57,333 | server.py:495 | 	                          (81, 1.0),
2026-08-28 03:02:57,333 | INFO | flwr | 	                          (81, 1.0),
simulation-0 | INFO flwr 2026-08-28 03:02:57,333 | server.py:495 | 	                          (82, 1.0),
2026-08-28 03:02:57,333 | INFO | flwr | 	                          (82, 1.0),
simulation-0 | INFO flwr 2026-08-28 03:02:57,333 | server.py:495 | 	                          (83, 1.0),
2026-08-28 03:02:57,333 | INFO | flwr | 	                          (83, 1.0),
simulation-0 | INFO flwr 2026-08-28 03:02:57,333 | server.py:495 | 	                          (84, 0.9978021978021978),
2026-08-28 03:02:57,333 | INFO | flwr | 	                          (84, 0.9978021978021978),
simulation-0 | INFO flwr 2026-08-28 03:02:57,333 | server.py:495 | 	                          (85, 1.0),
2026-08-28 03:02:57,333 | INFO | flwr | 	                          (85, 1.0),
simulation-0 | INFO flwr 2026-08-28 03:02:57,333 | server.py:495 | 	                          (86, 1.0),
2026-08-28 03:02:57,333 | INFO | flwr | 	                          (86, 1.0),
simulation-0 | INFO flwr 2026-08-28 03:02:57,333 | server.py:495 | 	                          (87, 0.9978021978021978),
2026-08-28 03:02:57,333 | INFO | flwr | 	                          (87, 0.9978021978021978),
simulation-0 | INFO flwr 2026-08-28 03:02:57,333 | server.py:495 | 	                          (88, 1.0),
2026-08-28 03:02:57,333 | INFO | flwr | 	                          (88, 1.0),
simulation-0 | INFO flwr 2026-08-28 03:02:57,334 | server.py:495 | 	                          (89, 1.0),
2026-08-28 03:02:57,334 | INFO | flwr | 	                          (89, 1.0),
simulation-0 | INFO flwr 2026-08-28 03:02:57,334 | server.py:495 | 	                          (90, 0.9978021978021978),
2026-08-28 03:02:57,334 | INFO | flwr | 	                          (90, 0.9978021978021978),
simulation-0 | INFO flwr 2026-08-28 03:02:57,334 | server.py:495 | 	                          (91, 1.0),
2026-08-28 03:02:57,334 | INFO | flwr | 	                          (91, 1.0),
simulation-0 | INFO flwr 2026-08-28 03:02:57,334 | server.py:495 | 	                          (92, 1.0),
2026-08-28 03:02:57,334 | INFO | flwr | 	                          (92, 1.0),
simulation-0 | INFO flwr 2026-08-28 03:02:57,334 | server.py:495 | 	                          (93, 1.0),
2026-08-28 03:02:57,334 | INFO | flwr | 	                          (93, 1.0),
simulation-0 | INFO flwr 2026-08-28 03:02:57,334 | server.py:495 | 	                          (94, 1.0),
2026-08-28 03:02:57,334 | INFO | flwr | 	                          (94, 1.0),
simulation-0 | INFO flwr 2026-08-28 03:02:57,334 | server.py:495 | 	                          (95, 1.0),
2026-08-28 03:02:57,334 | INFO | flwr | 	                          (95, 1.0),
simulation-0 | INFO flwr 2026-08-28 03:02:57,334 | server.py:495 | 	                          (96, 1.0),
2026-08-28 03:02:57,334 | INFO | flwr | 	                          (96, 1.0),
simulation-0 | INFO flwr 2026-08-28 03:02:57,334 | server.py:495 | 	                          (97, 1.0),
2026-08-28 03:02:57,334 | INFO | flwr | 	                          (97, 1.0),
simulation-0 | INFO flwr 2026-08-28 03:02:57,334 | server.py:495 | 	                          (98, 1.0),
2026-08-28 03:02:57,334 | INFO | flwr | 	                          (98, 1.0),
simulation-0 | INFO flwr 2026-08-28 03:02:57,334 | server.py:495 | 	                          (99, 1.0),
2026-08-28 03:02:57,334 | INFO | flwr | 	                          (99, 1.0),
simulation-0 | INFO flwr 2026-08-28 03:02:57,334 | server.py:495 | 	                          (100, 1.0)],
2026-08-28 03:02:57,334 | INFO | flwr | 	                          (100, 1.0)],
simulation-0 | INFO flwr 2026-08-28 03:02:57,334 | server.py:495 | 	 'train_image_f1': [(1, 0.9748163782750248),
2026-08-28 03:02:57,334 | INFO | flwr | 	 'train_image_f1': [(1, 0.9748163782750248),
simulation-0 | INFO flwr 2026-08-28 03:02:57,334 | server.py:495 | 	                    (2, 0.9904335289413368),
2026-08-28 03:02:57,334 | INFO | flwr | 	                    (2, 0.9904335289413368),
simulation-0 | INFO flwr 2026-08-28 03:02:57,334 | server.py:495 | 	                    (3, 0.9875279342506234),
2026-08-28 03:02:57,334 | INFO | flwr | 	                    (3, 0.9875279342506234),
simulation-0 | INFO flwr 2026-08-28 03:02:57,334 | server.py:495 | 	                    (4, 0.9971989914847057),
2026-08-28 03:02:57,334 | INFO | flwr | 	                    (4, 0.9971989914847057),
simulation-0 | INFO flwr 2026-08-28 03:02:57,334 | server.py:495 | 	                    (5, 1.0),
2026-08-28 03:02:57,334 | INFO | flwr | 	                    (5, 1.0),
simulation-0 | INFO flwr 2026-08-28 03:02:57,334 | server.py:495 | 	                    (6, 0.9977953934610281),
2026-08-28 03:02:57,334 | INFO | flwr | 	                    (6, 0.9977953934610281),
simulation-0 | INFO flwr 2026-08-28 03:02:57,334 | server.py:495 | 	                    (7, 0.9961750530171583),
2026-08-28 03:02:57,334 | INFO | flwr | 	                    (7, 0.9961750530171583),
simulation-0 | INFO flwr 2026-08-28 03:02:57,334 | server.py:495 | 	                    (8, 0.9690843176790171),
2026-08-28 03:02:57,334 | INFO | flwr | 	                    (8, 0.9690843176790171),
simulation-0 | INFO flwr 2026-08-28 03:02:57,335 | server.py:495 | 	                    (9, 0.9950705935668341),
2026-08-28 03:02:57,335 | INFO | flwr | 	                    (9, 0.9950705935668341),
simulation-0 | INFO flwr 2026-08-28 03:02:57,335 | server.py:495 | 	                    (10, 0.9979314802844215),
2026-08-28 03:02:57,335 | INFO | flwr | 	                    (10, 0.9979314802844215),
simulation-0 | INFO flwr 2026-08-28 03:02:57,335 | server.py:495 | 	                    (11, 0.9928100974271388),
2026-08-28 03:02:57,335 | INFO | flwr | 	                    (11, 0.9928100974271388),
simulation-0 | INFO flwr 2026-08-28 03:02:57,335 | server.py:495 | 	                    (12, 0.990581508716847),
2026-08-28 03:02:57,335 | INFO | flwr | 	                    (12, 0.990581508716847),
simulation-0 | INFO flwr 2026-08-28 03:02:57,335 | server.py:495 | 	                    (13, 0.9959348921754937),
2026-08-28 03:02:57,335 | INFO | flwr | 	                    (13, 0.9959348921754937),
simulation-0 | INFO flwr 2026-08-28 03:02:57,335 | server.py:495 | 	                    (14, 1.0),
2026-08-28 03:02:57,335 | INFO | flwr | 	                    (14, 1.0),
simulation-0 | INFO flwr 2026-08-28 03:02:57,335 | server.py:495 | 	                    (15, 0.9978213091256569),
2026-08-28 03:02:57,335 | INFO | flwr | 	                    (15, 0.9978213091256569),
simulation-0 | INFO flwr 2026-08-28 03:02:57,335 | server.py:495 | 	                    (16, 1.0),
2026-08-28 03:02:57,335 | INFO | flwr | 	                    (16, 1.0),
simulation-0 | INFO flwr 2026-08-28 03:02:57,335 | server.py:495 | 	                    (17, 0.9980989262453793),
2026-08-28 03:02:57,335 | INFO | flwr | 	                    (17, 0.9980989262453793),
simulation-0 | INFO flwr 2026-08-28 03:02:57,335 | server.py:495 | 	                    (18, 0.9980566801619434),
2026-08-28 03:02:57,335 | INFO | flwr | 	                    (18, 0.9980566801619434),
simulation-0 | INFO flwr 2026-08-28 03:02:57,335 | server.py:495 | 	                    (19, 0.9978716020821284),
2026-08-28 03:02:57,335 | INFO | flwr | 	                    (19, 0.9978716020821284),
simulation-0 | INFO flwr 2026-08-28 03:02:57,335 | server.py:495 | 	                    (20, 0.9958520736229715),
2026-08-28 03:02:57,335 | INFO | flwr | 	                    (20, 0.9958520736229715),
simulation-0 | INFO flwr 2026-08-28 03:02:57,335 | server.py:495 | 	                    (21, 1.0),
2026-08-28 03:02:57,335 | INFO | flwr | 	                    (21, 1.0),
simulation-0 | INFO flwr 2026-08-28 03:02:57,335 | server.py:495 | 	                    (22, 0.9980743066457353),
2026-08-28 03:02:57,335 | INFO | flwr | 	                    (22, 0.9980743066457353),
simulation-0 | INFO flwr 2026-08-28 03:02:57,335 | server.py:495 | 	                    (23, 1.0),
2026-08-28 03:02:57,335 | INFO | flwr | 	                    (23, 1.0),
simulation-0 | INFO flwr 2026-08-28 03:02:57,335 | server.py:495 | 	                    (24, 1.0),
2026-08-28 03:02:57,335 | INFO | flwr | 	                    (24, 1.0),
simulation-0 | INFO flwr 2026-08-28 03:02:57,335 | server.py:495 | 	                    (25, 0.9916411584876866),
2026-08-28 03:02:57,335 | INFO | flwr | 	                    (25, 0.9916411584876866),
simulation-0 | INFO flwr 2026-08-28 03:02:57,335 | server.py:495 | 	                    (26, 1.0),
2026-08-28 03:02:57,335 | INFO | flwr | 	                    (26, 1.0),
simulation-0 | INFO flwr 2026-08-28 03:02:57,335 | server.py:495 | 	                    (27, 0.9958124140344397),
2026-08-28 03:02:57,335 | INFO | flwr | 	                    (27, 0.9958124140344397),
simulation-0 | INFO flwr 2026-08-28 03:02:57,335 | server.py:495 | 	                    (28, 1.0),
2026-08-28 03:02:57,335 | INFO | flwr | 	                    (28, 1.0),
simulation-0 | INFO flwr 2026-08-28 03:02:57,336 | server.py:495 | 	                    (29, 0.994120165548737),
2026-08-28 03:02:57,336 | INFO | flwr | 	                    (29, 0.994120165548737),
simulation-0 | INFO flwr 2026-08-28 03:02:57,336 | server.py:495 | 	                    (30, 0.982783905105002),
2026-08-28 03:02:57,336 | INFO | flwr | 	                    (30, 0.982783905105002),
simulation-0 | INFO flwr 2026-08-28 03:02:57,336 | server.py:495 | 	                    (31, 1.0),
2026-08-28 03:02:57,336 | INFO | flwr | 	                    (31, 1.0),
simulation-0 | INFO flwr 2026-08-28 03:02:57,336 | server.py:495 | 	                    (32, 1.0),
2026-08-28 03:02:57,336 | INFO | flwr | 	                    (32, 1.0),
simulation-0 | INFO flwr 2026-08-28 03:02:57,336 | server.py:495 | 	                    (33, 0.9978477544864099),
2026-08-28 03:02:57,336 | INFO | flwr | 	                    (33, 0.9978477544864099),
simulation-0 | INFO flwr 2026-08-28 03:02:57,336 | server.py:495 | 	                    (34, 1.0),
2026-08-28 03:02:57,336 | INFO | flwr | 	                    (34, 1.0),
simulation-0 | INFO flwr 2026-08-28 03:02:57,336 | server.py:495 | 	                    (35, 0.9971989914847057),
2026-08-28 03:02:57,336 | INFO | flwr | 	                    (35, 0.9971989914847057),
simulation-0 | INFO flwr 2026-08-28 03:02:57,336 | server.py:495 | 	                    (36, 1.0),
2026-08-28 03:02:57,336 | INFO | flwr | 	                    (36, 1.0),
simulation-0 | INFO flwr 2026-08-28 03:02:57,336 | server.py:495 | 	                    (37, 1.0),
2026-08-28 03:02:57,336 | INFO | flwr | 	                    (37, 1.0),
simulation-0 | INFO flwr 2026-08-28 03:02:57,336 | server.py:495 | 	                    (38, 1.0),
2026-08-28 03:02:57,336 | INFO | flwr | 	                    (38, 1.0),
simulation-0 | INFO flwr 2026-08-28 03:02:57,336 | server.py:495 | 	                    (39, 1.0),
2026-08-28 03:02:57,336 | INFO | flwr | 	                    (39, 1.0),
simulation-0 | INFO flwr 2026-08-28 03:02:57,336 | server.py:495 | 	                    (40, 1.0),
2026-08-28 03:02:57,336 | INFO | flwr | 	                    (40, 1.0),
simulation-0 | INFO flwr 2026-08-28 03:02:57,336 | server.py:495 | 	                    (41, 1.0),
2026-08-28 03:02:57,336 | INFO | flwr | 	                    (41, 1.0),
simulation-0 | INFO flwr 2026-08-28 03:02:57,336 | server.py:495 | 	                    (42, 0.996003996003996),
2026-08-28 03:02:57,336 | INFO | flwr | 	                    (42, 0.996003996003996),
simulation-0 | INFO flwr 2026-08-28 03:02:57,336 | server.py:495 | 	                    (43, 1.0),
2026-08-28 03:02:57,336 | INFO | flwr | 	                    (43, 1.0),
simulation-0 | INFO flwr 2026-08-28 03:02:57,336 | server.py:495 | 	                    (44, 0.9959398496240601),
2026-08-28 03:02:57,336 | INFO | flwr | 	                    (44, 0.9959398496240601),
simulation-0 | INFO flwr 2026-08-28 03:02:57,336 | server.py:495 | 	                    (45, 1.0),
2026-08-28 03:02:57,336 | INFO | flwr | 	                    (45, 1.0),
simulation-0 | INFO flwr 2026-08-28 03:02:57,336 | server.py:495 | 	                    (46, 0.9952769035475802),
2026-08-28 03:02:57,336 | INFO | flwr | 	                    (46, 0.9952769035475802),
simulation-0 | INFO flwr 2026-08-28 03:02:57,336 | server.py:495 | 	                    (47, 0.9970976392029023),
2026-08-28 03:02:57,336 | INFO | flwr | 	                    (47, 0.9970976392029023),
simulation-0 | INFO flwr 2026-08-28 03:02:57,336 | server.py:495 | 	                    (48, 1.0),
2026-08-28 03:02:57,336 | INFO | flwr | 	                    (48, 1.0),
simulation-0 | INFO flwr 2026-08-28 03:02:57,337 | server.py:495 | 	                    (49, 0.9960759040458289),
2026-08-28 03:02:57,337 | INFO | flwr | 	                    (49, 0.9960759040458289),
simulation-0 | INFO flwr 2026-08-28 03:02:57,337 | server.py:495 | 	                    (50, 1.0),
2026-08-28 03:02:57,337 | INFO | flwr | 	                    (50, 1.0),
simulation-0 | INFO flwr 2026-08-28 03:02:57,337 | server.py:495 | 	                    (51, 0.9959115630057691),
2026-08-28 03:02:57,337 | INFO | flwr | 	                    (51, 0.9959115630057691),
simulation-0 | INFO flwr 2026-08-28 03:02:57,337 | server.py:495 | 	                    (52, 1.0),
2026-08-28 03:02:57,337 | INFO | flwr | 	                    (52, 1.0),
simulation-0 | INFO flwr 2026-08-28 03:02:57,337 | server.py:495 | 	                    (53, 0.9972827172827172),
2026-08-28 03:02:57,337 | INFO | flwr | 	                    (53, 0.9972827172827172),
simulation-0 | INFO flwr 2026-08-28 03:02:57,337 | server.py:495 | 	                    (54, 1.0),
2026-08-28 03:02:57,337 | INFO | flwr | 	                    (54, 1.0),
simulation-0 | INFO flwr 2026-08-28 03:02:57,337 | server.py:495 | 	                    (55, 1.0),
2026-08-28 03:02:57,337 | INFO | flwr | 	                    (55, 1.0),
simulation-0 | INFO flwr 2026-08-28 03:02:57,337 | server.py:495 | 	                    (56, 1.0),
2026-08-28 03:02:57,337 | INFO | flwr | 	                    (56, 1.0),
simulation-0 | INFO flwr 2026-08-28 03:02:57,337 | server.py:495 | 	                    (57, 1.0),
2026-08-28 03:02:57,337 | INFO | flwr | 	                    (57, 1.0),
simulation-0 | INFO flwr 2026-08-28 03:02:57,337 | server.py:495 | 	                    (58, 0.9971989914847057),
2026-08-28 03:02:57,337 | INFO | flwr | 	                    (58, 0.9971989914847057),
simulation-0 | INFO flwr 2026-08-28 03:02:57,337 | server.py:495 | 	                    (59, 1.0),
2026-08-28 03:02:57,337 | INFO | flwr | 	                    (59, 1.0),
simulation-0 | INFO flwr 2026-08-28 03:02:57,337 | server.py:495 | 	                    (60, 0.9968602825745683),
2026-08-28 03:02:57,337 | INFO | flwr | 	                    (60, 0.9968602825745683),
simulation-0 | INFO flwr 2026-08-28 03:02:57,337 | server.py:495 | 	                    (61, 1.0),
2026-08-28 03:02:57,337 | INFO | flwr | 	                    (61, 1.0),
simulation-0 | INFO flwr 2026-08-28 03:02:57,337 | server.py:495 | 	                    (62, 0.9935432634592299),
2026-08-28 03:02:57,337 | INFO | flwr | 	                    (62, 0.9935432634592299),
simulation-0 | INFO flwr 2026-08-28 03:02:57,337 | server.py:495 | 	                    (63, 1.0),
2026-08-28 03:02:57,337 | INFO | flwr | 	                    (63, 1.0),
simulation-0 | INFO flwr 2026-08-28 03:02:57,337 | server.py:495 | 	                    (64, 0.9947831116252168),
2026-08-28 03:02:57,337 | INFO | flwr | 	                    (64, 0.9947831116252168),
simulation-0 | INFO flwr 2026-08-28 03:02:57,337 | server.py:495 | 	                    (65, 1.0),
2026-08-28 03:02:57,337 | INFO | flwr | 	                    (65, 1.0),
simulation-0 | INFO flwr 2026-08-28 03:02:57,337 | server.py:495 | 	                    (66, 1.0),
2026-08-28 03:02:57,337 | INFO | flwr | 	                    (66, 1.0),
simulation-0 | INFO flwr 2026-08-28 03:02:57,337 | server.py:495 | 	                    (67, 1.0),
2026-08-28 03:02:57,337 | INFO | flwr | 	                    (67, 1.0),
simulation-0 | INFO flwr 2026-08-28 03:02:57,338 | server.py:495 | 	                    (68, 1.0),
2026-08-28 03:02:57,338 | INFO | flwr | 	                    (68, 1.0),
simulation-0 | INFO flwr 2026-08-28 03:02:57,338 | server.py:495 | 	                    (69, 0.9867189952904238),
2026-08-28 03:02:57,338 | INFO | flwr | 	                    (69, 0.9867189952904238),
simulation-0 | INFO flwr 2026-08-28 03:02:57,338 | server.py:495 | 	                    (70, 1.0),
2026-08-28 03:02:57,338 | INFO | flwr | 	                    (70, 1.0),
simulation-0 | INFO flwr 2026-08-28 03:02:57,338 | server.py:495 | 	                    (71, 1.0),
2026-08-28 03:02:57,338 | INFO | flwr | 	                    (71, 1.0),
simulation-0 | INFO flwr 2026-08-28 03:02:57,338 | server.py:495 | 	                    (72, 1.0),
2026-08-28 03:02:57,338 | INFO | flwr | 	                    (72, 1.0),
simulation-0 | INFO flwr 2026-08-28 03:02:57,338 | server.py:495 | 	                    (73, 1.0),
2026-08-28 03:02:57,338 | INFO | flwr | 	                    (73, 1.0),
simulation-0 | INFO flwr 2026-08-28 03:02:57,338 | server.py:495 | 	                    (74, 1.0),
2026-08-28 03:02:57,338 | INFO | flwr | 	                    (74, 1.0),
simulation-0 | INFO flwr 2026-08-28 03:02:57,338 | server.py:495 | 	                    (75, 1.0),
2026-08-28 03:02:57,338 | INFO | flwr | 	                    (75, 1.0),
simulation-0 | INFO flwr 2026-08-28 03:02:57,338 | server.py:495 | 	                    (76, 1.0),
2026-08-28 03:02:57,338 | INFO | flwr | 	                    (76, 1.0),
simulation-0 | INFO flwr 2026-08-28 03:02:57,338 | server.py:495 | 	                    (77, 1.0),
2026-08-28 03:02:57,338 | INFO | flwr | 	                    (77, 1.0),
simulation-0 | INFO flwr 2026-08-28 03:02:57,338 | server.py:495 | 	                    (78, 0.9977464022046066),
2026-08-28 03:02:57,338 | INFO | flwr | 	                    (78, 0.9977464022046066),
simulation-0 | INFO flwr 2026-08-28 03:02:57,338 | server.py:495 | 	                    (79, 0.9978716020821284),
2026-08-28 03:02:57,338 | INFO | flwr | 	                    (79, 0.9978716020821284),
simulation-0 | INFO flwr 2026-08-28 03:02:57,338 | server.py:495 | 	                    (80, 1.0),
2026-08-28 03:02:57,338 | INFO | flwr | 	                    (80, 1.0),
simulation-0 | INFO flwr 2026-08-28 03:02:57,338 | server.py:495 | 	                    (81, 1.0),
2026-08-28 03:02:57,338 | INFO | flwr | 	                    (81, 1.0),
simulation-0 | INFO flwr 2026-08-28 03:02:57,338 | server.py:495 | 	                    (82, 1.0),
2026-08-28 03:02:57,338 | INFO | flwr | 	                    (82, 1.0),
simulation-0 | INFO flwr 2026-08-28 03:02:57,338 | server.py:495 | 	                    (83, 1.0),
2026-08-28 03:02:57,338 | INFO | flwr | 	                    (83, 1.0),
simulation-0 | INFO flwr 2026-08-28 03:02:57,338 | server.py:495 | 	                    (84, 0.9977953934610281),
2026-08-28 03:02:57,338 | INFO | flwr | 	                    (84, 0.9977953934610281),
simulation-0 | INFO flwr 2026-08-28 03:02:57,338 | server.py:495 | 	                    (85, 1.0),
2026-08-28 03:02:57,338 | INFO | flwr | 	                    (85, 1.0),
simulation-0 | INFO flwr 2026-08-28 03:02:57,338 | server.py:495 | 	                    (86, 1.0),
2026-08-28 03:02:57,338 | INFO | flwr | 	                    (86, 1.0),
simulation-0 | INFO flwr 2026-08-28 03:02:57,338 | server.py:495 | 	                    (87, 0.9980566801619434),
2026-08-28 03:02:57,338 | INFO | flwr | 	                    (87, 0.9980566801619434),
simulation-0 | INFO flwr 2026-08-28 03:02:57,339 | server.py:495 | 	                    (88, 1.0),
2026-08-28 03:02:57,339 | INFO | flwr | 	                    (88, 1.0),
simulation-0 | INFO flwr 2026-08-28 03:02:57,339 | server.py:495 | 	                    (89, 1.0),
2026-08-28 03:02:57,339 | INFO | flwr | 	                    (89, 1.0),
simulation-0 | INFO flwr 2026-08-28 03:02:57,339 | server.py:495 | 	                    (90, 0.9970976392029023),
2026-08-28 03:02:57,339 | INFO | flwr | 	                    (90, 0.9970976392029023),
simulation-0 | INFO flwr 2026-08-28 03:02:57,339 | server.py:495 | 	                    (91, 1.0),
2026-08-28 03:02:57,339 | INFO | flwr | 	                    (91, 1.0),
simulation-0 | INFO flwr 2026-08-28 03:02:57,339 | server.py:495 | 	                    (92, 1.0),
2026-08-28 03:02:57,339 | INFO | flwr | 	                    (92, 1.0),
simulation-0 | INFO flwr 2026-08-28 03:02:57,339 | server.py:495 | 	                    (93, 1.0),
2026-08-28 03:02:57,339 | INFO | flwr | 	                    (93, 1.0),
simulation-0 | INFO flwr 2026-08-28 03:02:57,339 | server.py:495 | 	                    (94, 1.0),
2026-08-28 03:02:57,339 | INFO | flwr | 	                    (94, 1.0),
simulation-0 | INFO flwr 2026-08-28 03:02:57,339 | server.py:495 | 	                    (95, 1.0),
2026-08-28 03:02:57,339 | INFO | flwr | 	                    (95, 1.0),
simulation-0 | INFO flwr 2026-08-28 03:02:57,339 | server.py:495 | 	                    (96, 1.0),
2026-08-28 03:02:57,339 | INFO | flwr | 	                    (96, 1.0),
simulation-0 | INFO flwr 2026-08-28 03:02:57,339 | server.py:495 | 	                    (97, 1.0),
2026-08-28 03:02:57,339 | INFO | flwr | 	                    (97, 1.0),
simulation-0 | INFO flwr 2026-08-28 03:02:57,339 | server.py:495 | 	                    (98, 1.0),
2026-08-28 03:02:57,339 | INFO | flwr | 	                    (98, 1.0),
simulation-0 | INFO flwr 2026-08-28 03:02:57,339 | server.py:495 | 	                    (99, 1.0),
2026-08-28 03:02:57,339 | INFO | flwr | 	                    (99, 1.0),
simulation-0 | INFO flwr 2026-08-28 03:02:57,339 | server.py:495 | 	                    (100, 1.0)],
2026-08-28 03:02:57,339 | INFO | flwr | 	                    (100, 1.0)],
simulation-0 | INFO flwr 2026-08-28 03:02:57,339 | server.py:495 | 	 'train_image_precision': [(1, 0.9787548861395017),
2026-08-28 03:02:57,339 | INFO | flwr | 	 'train_image_precision': [(1, 0.9787548861395017),
simulation-0 | INFO flwr 2026-08-28 03:02:57,339 | server.py:495 | 	                           (2, 0.9916062984634413),
2026-08-28 03:02:57,339 | INFO | flwr | 	                           (2, 0.9916062984634413),
simulation-0 | INFO flwr 2026-08-28 03:02:57,339 | server.py:495 | 	                           (3, 0.9884515484515485),
2026-08-28 03:02:57,339 | INFO | flwr | 	                           (3, 0.9884515484515485),
simulation-0 | INFO flwr 2026-08-28 03:02:57,339 | server.py:495 | 	                           (4, 0.9981618381618382),
2026-08-28 03:02:57,339 | INFO | flwr | 	                           (4, 0.9981618381618382),
simulation-0 | INFO flwr 2026-08-28 03:02:57,339 | server.py:495 | 	                           (5, 1.0),
2026-08-28 03:02:57,339 | INFO | flwr | 	                           (5, 1.0),
simulation-0 | INFO flwr 2026-08-28 03:02:57,339 | server.py:495 | 	                           (6, 0.9978021978021978),
2026-08-28 03:02:57,339 | INFO | flwr | 	                           (6, 0.9978021978021978),
simulation-0 | INFO flwr 2026-08-28 03:02:57,339 | server.py:495 | 	                           (7, 0.9965168165168166),
2026-08-28 03:02:57,339 | INFO | flwr | 	                           (7, 0.9965168165168166),
simulation-0 | INFO flwr 2026-08-28 03:02:57,340 | server.py:495 | 	                           (8, 0.9757655677655678),
2026-08-28 03:02:57,340 | INFO | flwr | 	                           (8, 0.9757655677655678),
simulation-0 | INFO flwr 2026-08-28 03:02:57,340 | server.py:495 | 	                           (9, 0.995956043956044),
2026-08-28 03:02:57,340 | INFO | flwr | 	                           (9, 0.995956043956044),
simulation-0 | INFO flwr 2026-08-28 03:02:57,340 | server.py:495 | 	                           (10, 0.9983150183150183),
2026-08-28 03:02:57,340 | INFO | flwr | 	                           (10, 0.9983150183150183),
simulation-0 | INFO flwr 2026-08-28 03:02:57,340 | server.py:495 | 	                           (11, 0.993956043956044),
2026-08-28 03:02:57,340 | INFO | flwr | 	                           (11, 0.993956043956044),
simulation-0 | INFO flwr 2026-08-28 03:02:57,340 | server.py:495 | 	                           (12, 0.9926873126873127),
2026-08-28 03:02:57,340 | INFO | flwr | 	                           (12, 0.9926873126873127),
simulation-0 | INFO flwr 2026-08-28 03:02:57,340 | server.py:495 | 	                           (13, 0.9962237762237763),
2026-08-28 03:02:57,340 | INFO | flwr | 	                           (13, 0.9962237762237763),
simulation-0 | INFO flwr 2026-08-28 03:02:57,340 | server.py:495 | 	                           (14, 1.0),
2026-08-28 03:02:57,340 | INFO | flwr | 	                           (14, 1.0),
simulation-0 | INFO flwr 2026-08-28 03:02:57,340 | server.py:495 | 	                           (15, 0.9983516483516484),
2026-08-28 03:02:57,340 | INFO | flwr | 	                           (15, 0.9983516483516484),
simulation-0 | INFO flwr 2026-08-28 03:02:57,340 | server.py:495 | 	                           (16, 1.0),
2026-08-28 03:02:57,340 | INFO | flwr | 	                           (16, 1.0),
simulation-0 | INFO flwr 2026-08-28 03:02:57,340 | server.py:495 | 	                           (17, 0.9983516483516484),
2026-08-28 03:02:57,340 | INFO | flwr | 	                           (17, 0.9983516483516484),
simulation-0 | INFO flwr 2026-08-28 03:02:57,340 | server.py:495 | 	                           (18, 0.9983150183150183),
2026-08-28 03:02:57,340 | INFO | flwr | 	                           (18, 0.9983150183150183),
simulation-0 | INFO flwr 2026-08-28 03:02:57,340 | server.py:495 | 	                           (19, 0.9979780219780221),
2026-08-28 03:02:57,340 | INFO | flwr | 	                           (19, 0.9979780219780221),
simulation-0 | INFO flwr 2026-08-28 03:02:57,340 | server.py:495 | 	                           (20, 0.9961172161172162),
2026-08-28 03:02:57,340 | INFO | flwr | 	                           (20, 0.9961172161172162),
simulation-0 | INFO flwr 2026-08-28 03:02:57,340 | server.py:495 | 	                           (21, 1.0),
2026-08-28 03:02:57,340 | INFO | flwr | 	                           (21, 1.0),
simulation-0 | INFO flwr 2026-08-28 03:02:57,340 | server.py:495 | 	                           (22, 0.9981618381618381),
2026-08-28 03:02:57,340 | INFO | flwr | 	                           (22, 0.9981618381618381),
simulation-0 | INFO flwr 2026-08-28 03:02:57,340 | server.py:495 | 	                           (23, 1.0),
2026-08-28 03:02:57,340 | INFO | flwr | 	                           (23, 1.0),
simulation-0 | INFO flwr 2026-08-28 03:02:57,340 | server.py:495 | 	                           (24, 1.0),
2026-08-28 03:02:57,340 | INFO | flwr | 	                           (24, 1.0),
simulation-0 | INFO flwr 2026-08-28 03:02:57,340 | server.py:495 | 	                           (25, 0.9927405927405927),
2026-08-28 03:02:57,340 | INFO | flwr | 	                           (25, 0.9927405927405927),
simulation-0 | INFO flwr 2026-08-28 03:02:57,340 | server.py:495 | 	                           (26, 1.0),
2026-08-28 03:02:57,340 | INFO | flwr | 	                           (26, 1.0),
simulation-0 | INFO flwr 2026-08-28 03:02:57,340 | server.py:495 | 	                           (27, 0.996003996003996),
2026-08-28 03:02:57,340 | INFO | flwr | 	                           (27, 0.996003996003996),
simulation-0 | INFO flwr 2026-08-28 03:02:57,341 | server.py:495 | 	                           (28, 1.0),
2026-08-28 03:02:57,341 | INFO | flwr | 	                           (28, 1.0),
simulation-0 | INFO flwr 2026-08-28 03:02:57,341 | server.py:495 | 	                           (29, 0.9949050949050949),
2026-08-28 03:02:57,341 | INFO | flwr | 	                           (29, 0.9949050949050949),
simulation-0 | INFO flwr 2026-08-28 03:02:57,341 | server.py:495 | 	                           (30, 0.9898760063465946),
2026-08-28 03:02:57,341 | INFO | flwr | 	                           (30, 0.9898760063465946),
simulation-0 | INFO flwr 2026-08-28 03:02:57,341 | server.py:495 | 	                           (31, 1.0),
2026-08-28 03:02:57,341 | INFO | flwr | 	                           (31, 1.0),
simulation-0 | INFO flwr 2026-08-28 03:02:57,341 | server.py:495 | 	                           (32, 1.0),
2026-08-28 03:02:57,341 | INFO | flwr | 	                           (32, 1.0),
simulation-0 | INFO flwr 2026-08-28 03:02:57,341 | server.py:495 | 	                           (33, 0.9977533577533577),
2026-08-28 03:02:57,341 | INFO | flwr | 	                           (33, 0.9977533577533577),
simulation-0 | INFO flwr 2026-08-28 03:02:57,341 | server.py:495 | 	                           (34, 1.0),
2026-08-28 03:02:57,341 | INFO | flwr | 	                           (34, 1.0),
simulation-0 | INFO flwr 2026-08-28 03:02:57,341 | server.py:495 | 	                           (35, 0.9981618381618382),
2026-08-28 03:02:57,341 | INFO | flwr | 	                           (35, 0.9981618381618382),
simulation-0 | INFO flwr 2026-08-28 03:02:57,341 | server.py:495 | 	                           (36, 1.0),
2026-08-28 03:02:57,341 | INFO | flwr | 	                           (36, 1.0),
simulation-0 | INFO flwr 2026-08-28 03:02:57,341 | server.py:495 | 	                           (37, 1.0),
2026-08-28 03:02:57,341 | INFO | flwr | 	                           (37, 1.0),
simulation-0 | INFO flwr 2026-08-28 03:02:57,341 | server.py:495 | 	                           (38, 1.0),
2026-08-28 03:02:57,341 | INFO | flwr | 	                           (38, 1.0),
simulation-0 | INFO flwr 2026-08-28 03:02:57,341 | server.py:495 | 	                           (39, 1.0),
2026-08-28 03:02:57,341 | INFO | flwr | 	                           (39, 1.0),
simulation-0 | INFO flwr 2026-08-28 03:02:57,341 | server.py:495 | 	                           (40, 1.0),
2026-08-28 03:02:57,341 | INFO | flwr | 	                           (40, 1.0),
simulation-0 | INFO flwr 2026-08-28 03:02:57,341 | server.py:495 | 	                           (41, 1.0),
2026-08-28 03:02:57,341 | INFO | flwr | 	                           (41, 1.0),
simulation-0 | INFO flwr 2026-08-28 03:02:57,341 | server.py:495 | 	                           (42, 0.9967032967032967),
2026-08-28 03:02:57,341 | INFO | flwr | 	                           (42, 0.9967032967032967),
simulation-0 | INFO flwr 2026-08-28 03:02:57,341 | server.py:495 | 	                           (43, 1.0),
2026-08-28 03:02:57,341 | INFO | flwr | 	                           (43, 1.0),
simulation-0 | INFO flwr 2026-08-28 03:02:57,341 | server.py:495 | 	                           (44, 0.996043956043956),
2026-08-28 03:02:57,341 | INFO | flwr | 	                           (44, 0.996043956043956),
simulation-0 | INFO flwr 2026-08-28 03:02:57,341 | server.py:495 | 	                           (45, 1.0),
2026-08-28 03:02:57,341 | INFO | flwr | 	                           (45, 1.0),
simulation-0 | INFO flwr 2026-08-28 03:02:57,342 | server.py:495 | 	                           (46, 0.9964035964035964),
2026-08-28 03:02:57,342 | INFO | flwr | 	                           (46, 0.9964035964035964),
simulation-0 | INFO flwr 2026-08-28 03:02:57,342 | server.py:495 | 	                           (47, 0.997978021978022),
2026-08-28 03:02:57,342 | INFO | flwr | 	                           (47, 0.997978021978022),
simulation-0 | INFO flwr 2026-08-28 03:02:57,342 | server.py:495 | 	                           (48, 1.0),
2026-08-28 03:02:57,342 | INFO | flwr | 	                           (48, 1.0),
simulation-0 | INFO flwr 2026-08-28 03:02:57,342 | server.py:495 | 	                           (49, 0.9963369963369965),
2026-08-28 03:02:57,342 | INFO | flwr | 	                           (49, 0.9963369963369965),
simulation-0 | INFO flwr 2026-08-28 03:02:57,342 | server.py:495 | 	                           (50, 1.0),
2026-08-28 03:02:57,342 | INFO | flwr | 	                           (50, 1.0),
simulation-0 | INFO flwr 2026-08-28 03:02:57,342 | server.py:495 | 	                           (51, 0.996003996003996),
2026-08-28 03:02:57,342 | INFO | flwr | 	                           (51, 0.996003996003996),
simulation-0 | INFO flwr 2026-08-28 03:02:57,342 | server.py:495 | 	                           (52, 1.0),
2026-08-28 03:02:57,342 | INFO | flwr | 	                           (52, 1.0),
simulation-0 | INFO flwr 2026-08-28 03:02:57,342 | server.py:495 | 	                           (53, 0.9983150183150183),
2026-08-28 03:02:57,342 | INFO | flwr | 	                           (53, 0.9983150183150183),
simulation-0 | INFO flwr 2026-08-28 03:02:57,342 | server.py:495 | 	                           (54, 1.0),
2026-08-28 03:02:57,342 | INFO | flwr | 	                           (54, 1.0),
simulation-0 | INFO flwr 2026-08-28 03:02:57,342 | server.py:495 | 	                           (55, 1.0),
2026-08-28 03:02:57,342 | INFO | flwr | 	                           (55, 1.0),
simulation-0 | INFO flwr 2026-08-28 03:02:57,342 | server.py:495 | 	                           (56, 1.0),
2026-08-28 03:02:57,342 | INFO | flwr | 	                           (56, 1.0),
simulation-0 | INFO flwr 2026-08-28 03:02:57,342 | server.py:495 | 	                           (57, 1.0),
2026-08-28 03:02:57,342 | INFO | flwr | 	                           (57, 1.0),
simulation-0 | INFO flwr 2026-08-28 03:02:57,342 | server.py:495 | 	                           (58, 0.9981618381618381),
2026-08-28 03:02:57,342 | INFO | flwr | 	                           (58, 0.9981618381618381),
simulation-0 | INFO flwr 2026-08-28 03:02:57,342 | server.py:495 | 	                           (59, 1.0),
2026-08-28 03:02:57,342 | INFO | flwr | 	                           (59, 1.0),
simulation-0 | INFO flwr 2026-08-28 03:02:57,342 | server.py:495 | 	                           (60, 0.9982017982017982),
2026-08-28 03:02:57,342 | INFO | flwr | 	                           (60, 0.9982017982017982),
simulation-0 | INFO flwr 2026-08-28 03:02:57,343 | server.py:495 | 	                           (61, 1.0),
2026-08-28 03:02:57,343 | INFO | flwr | 	                           (61, 1.0),
simulation-0 | INFO flwr 2026-08-28 03:02:57,343 | server.py:495 | 	                           (62, 0.9949450549450549),
2026-08-28 03:02:57,343 | INFO | flwr | 	                           (62, 0.9949450549450549),
simulation-0 | INFO flwr 2026-08-28 03:02:57,343 | server.py:495 | 	                           (63, 1.0),
2026-08-28 03:02:57,343 | INFO | flwr | 	                           (63, 1.0),
simulation-0 | INFO flwr 2026-08-28 03:02:57,343 | server.py:495 | 	                           (64, 0.9964035964035964),
2026-08-28 03:02:57,343 | INFO | flwr | 	                           (64, 0.9964035964035964),
simulation-0 | INFO flwr 2026-08-28 03:02:57,343 | server.py:495 | 	                           (65, 1.0),
2026-08-28 03:02:57,343 | INFO | flwr | 	                           (65, 1.0),
simulation-0 | INFO flwr 2026-08-28 03:02:57,343 | server.py:495 | 	                           (66, 1.0),
2026-08-28 03:02:57,343 | INFO | flwr | 	                           (66, 1.0),
simulation-0 | INFO flwr 2026-08-28 03:02:57,343 | server.py:495 | 	                           (67, 1.0),
2026-08-28 03:02:57,343 | INFO | flwr | 	                           (67, 1.0),
simulation-0 | INFO flwr 2026-08-28 03:02:57,343 | server.py:495 | 	                           (68, 1.0),
2026-08-28 03:02:57,343 | INFO | flwr | 	                           (68, 1.0),
simulation-0 | INFO flwr 2026-08-28 03:02:57,343 | server.py:495 | 	                           (69, 0.9930769230769231),
2026-08-28 03:02:57,343 | INFO | flwr | 	                           (69, 0.9930769230769231),
simulation-0 | INFO flwr 2026-08-28 03:02:57,343 | server.py:495 | 	                           (70, 1.0),
2026-08-28 03:02:57,343 | INFO | flwr | 	                           (70, 1.0),
simulation-0 | INFO flwr 2026-08-28 03:02:57,343 | server.py:495 | 	                           (71, 1.0),
2026-08-28 03:02:57,343 | INFO | flwr | 	                           (71, 1.0),
simulation-0 | INFO flwr 2026-08-28 03:02:57,343 | server.py:495 | 	                           (72, 1.0),
2026-08-28 03:02:57,343 | INFO | flwr | 	                           (72, 1.0),
simulation-0 | INFO flwr 2026-08-28 03:02:57,343 | server.py:495 | 	                           (73, 1.0),
2026-08-28 03:02:57,343 | INFO | flwr | 	                           (73, 1.0),
simulation-0 | INFO flwr 2026-08-28 03:02:57,343 | server.py:495 | 	                           (74, 1.0),
2026-08-28 03:02:57,343 | INFO | flwr | 	                           (74, 1.0),
simulation-0 | INFO flwr 2026-08-28 03:02:57,344 | server.py:495 | 	                           (75, 1.0),
2026-08-28 03:02:57,344 | INFO | flwr | 	                           (75, 1.0),
simulation-0 | INFO flwr 2026-08-28 03:02:57,344 | server.py:495 | 	                           (76, 1.0),
2026-08-28 03:02:57,344 | INFO | flwr | 	                           (76, 1.0),
simulation-0 | INFO flwr 2026-08-28 03:02:57,344 | server.py:495 | 	                           (77, 1.0),
2026-08-28 03:02:57,344 | INFO | flwr | 	                           (77, 1.0),
simulation-0 | INFO flwr 2026-08-28 03:02:57,344 | server.py:495 | 	                           (78, 0.9979780219780221),
2026-08-28 03:02:57,344 | INFO | flwr | 	                           (78, 0.9979780219780221),
simulation-0 | INFO flwr 2026-08-28 03:02:57,344 | server.py:495 | 	                           (79, 0.9979780219780221),
2026-08-28 03:02:57,344 | INFO | flwr | 	                           (79, 0.9979780219780221),
simulation-0 | INFO flwr 2026-08-28 03:02:57,344 | server.py:495 | 	                           (80, 1.0),
2026-08-28 03:02:57,344 | INFO | flwr | 	                           (80, 1.0),
simulation-0 | INFO flwr 2026-08-28 03:02:57,344 | server.py:495 | 	                           (81, 1.0),
2026-08-28 03:02:57,344 | INFO | flwr | 	                           (81, 1.0),
simulation-0 | INFO flwr 2026-08-28 03:02:57,344 | server.py:495 | 	                           (82, 1.0),
2026-08-28 03:02:57,344 | INFO | flwr | 	                           (82, 1.0),
simulation-0 | INFO flwr 2026-08-28 03:02:57,344 | server.py:495 | 	                           (83, 1.0),
2026-08-28 03:02:57,344 | INFO | flwr | 	                           (83, 1.0),
simulation-0 | INFO flwr 2026-08-28 03:02:57,344 | server.py:495 | 	                           (84, 0.9978021978021978),
2026-08-28 03:02:57,344 | INFO | flwr | 	                           (84, 0.9978021978021978),
simulation-0 | INFO flwr 2026-08-28 03:02:57,344 | server.py:495 | 	                           (85, 1.0),
2026-08-28 03:02:57,344 | INFO | flwr | 	                           (85, 1.0),
simulation-0 | INFO flwr 2026-08-28 03:02:57,344 | server.py:495 | 	                           (86, 1.0),
2026-08-28 03:02:57,344 | INFO | flwr | 	                           (86, 1.0),
simulation-0 | INFO flwr 2026-08-28 03:02:57,344 | server.py:495 | 	                           (87, 0.9983150183150183),
2026-08-28 03:02:57,344 | INFO | flwr | 	                           (87, 0.9983150183150183),
simulation-0 | INFO flwr 2026-08-28 03:02:57,344 | server.py:495 | 	                           (88, 1.0),
2026-08-28 03:02:57,344 | INFO | flwr | 	                           (88, 1.0),
simulation-0 | INFO flwr 2026-08-28 03:02:57,344 | server.py:495 | 	                           (89, 1.0),
2026-08-28 03:02:57,344 | INFO | flwr | 	                           (89, 1.0),
simulation-0 | INFO flwr 2026-08-28 03:02:57,345 | server.py:495 | 	                           (90, 0.9979780219780221),
2026-08-28 03:02:57,345 | INFO | flwr | 	                           (90, 0.9979780219780221),
simulation-0 | INFO flwr 2026-08-28 03:02:57,345 | server.py:495 | 	                           (91, 1.0),
2026-08-28 03:02:57,345 | INFO | flwr | 	                           (91, 1.0),
simulation-0 | INFO flwr 2026-08-28 03:02:57,345 | server.py:495 | 	                           (92, 1.0),
2026-08-28 03:02:57,345 | INFO | flwr | 	                           (92, 1.0),
simulation-0 | INFO flwr 2026-08-28 03:02:57,345 | server.py:495 | 	                           (93, 1.0),
2026-08-28 03:02:57,345 | INFO | flwr | 	                           (93, 1.0),
simulation-0 | INFO flwr 2026-08-28 03:02:57,345 | server.py:495 | 	                           (94, 1.0),
2026-08-28 03:02:57,345 | INFO | flwr | 	                           (94, 1.0),
simulation-0 | INFO flwr 2026-08-28 03:02:57,345 | server.py:495 | 	                           (95, 1.0),
2026-08-28 03:02:57,345 | INFO | flwr | 	                           (95, 1.0),
simulation-0 | INFO flwr 2026-08-28 03:02:57,345 | server.py:495 | 	                           (96, 1.0),
2026-08-28 03:02:57,345 | INFO | flwr | 	                           (96, 1.0),
simulation-0 | INFO flwr 2026-08-28 03:02:57,345 | server.py:495 | 	                           (97, 1.0),
2026-08-28 03:02:57,345 | INFO | flwr | 	                           (97, 1.0),
simulation-0 | INFO flwr 2026-08-28 03:02:57,345 | server.py:495 | 	                           (98, 1.0),
2026-08-28 03:02:57,345 | INFO | flwr | 	                           (98, 1.0),
simulation-0 | INFO flwr 2026-08-28 03:02:57,345 | server.py:495 | 	                           (99, 1.0),
2026-08-28 03:02:57,345 | INFO | flwr | 	                           (99, 1.0),
simulation-0 | INFO flwr 2026-08-28 03:02:57,345 | server.py:495 | 	                           (100, 1.0)],
2026-08-28 03:02:57,345 | INFO | flwr | 	                           (100, 1.0)],
simulation-0 | INFO flwr 2026-08-28 03:02:57,345 | server.py:495 | 	 'train_image_recall': [(1, 0.9751297591297591),
2026-08-28 03:02:57,345 | INFO | flwr | 	 'train_image_recall': [(1, 0.9751297591297591),
simulation-0 | INFO flwr 2026-08-28 03:02:57,345 | server.py:495 | 	                        (2, 0.9906080586080586),
2026-08-28 03:02:57,345 | INFO | flwr | 	                        (2, 0.9906080586080586),
simulation-0 | INFO flwr 2026-08-28 03:02:57,345 | server.py:495 | 	                        (3, 0.9883116883116884),
2026-08-28 03:02:57,345 | INFO | flwr | 	                        (3, 0.9883116883116884),
simulation-0 | INFO flwr 2026-08-28 03:02:57,346 | server.py:495 | 	                        (4, 0.9966300366300366),
2026-08-28 03:02:57,346 | INFO | flwr | 	                        (4, 0.9966300366300366),
simulation-0 | INFO flwr 2026-08-28 03:02:57,346 | server.py:495 | 	                        (5, 1.0),
2026-08-28 03:02:57,346 | INFO | flwr | 	                        (5, 1.0),
simulation-0 | INFO flwr 2026-08-28 03:02:57,346 | server.py:495 | 	                        (6, 0.9980219780219781),
2026-08-28 03:02:57,346 | INFO | flwr | 	                        (6, 0.9980219780219781),
simulation-0 | INFO flwr 2026-08-28 03:02:57,346 | server.py:495 | 	                        (7, 0.9961838161838162),
2026-08-28 03:02:57,346 | INFO | flwr | 	                        (7, 0.9961838161838162),
simulation-0 | INFO flwr 2026-08-28 03:02:57,346 | server.py:495 | 	                        (8, 0.9709561549561551),
2026-08-28 03:02:57,346 | INFO | flwr | 	                        (8, 0.9709561549561551),
simulation-0 | INFO flwr 2026-08-28 03:02:57,346 | server.py:495 | 	                        (9, 0.9947918747918748),
2026-08-28 03:02:57,346 | INFO | flwr | 	                        (9, 0.9947918747918748),
simulation-0 | INFO flwr 2026-08-28 03:02:57,346 | server.py:495 | 	                        (10, 0.9977533577533577),
2026-08-28 03:02:57,346 | INFO | flwr | 	                        (10, 0.9977533577533577),
simulation-0 | INFO flwr 2026-08-28 03:02:57,346 | server.py:495 | 	                        (11, 0.9922527472527473),
2026-08-28 03:02:57,346 | INFO | flwr | 	                        (11, 0.9922527472527473),
simulation-0 | INFO flwr 2026-08-28 03:02:57,346 | server.py:495 | 	                        (12, 0.9903456543456544),
2026-08-28 03:02:57,346 | INFO | flwr | 	                        (12, 0.9903456543456544),
simulation-0 | INFO flwr 2026-08-28 03:02:57,346 | server.py:495 | 	                        (13, 0.9960439560439561),
2026-08-28 03:02:57,346 | INFO | flwr | 	                        (13, 0.9960439560439561),
simulation-0 | INFO flwr 2026-08-28 03:02:57,346 | server.py:495 | 	                        (14, 1.0),
2026-08-28 03:02:57,346 | INFO | flwr | 	                        (14, 1.0),
simulation-0 | INFO flwr 2026-08-28 03:02:57,346 | server.py:495 | 	                        (15, 0.9975274725274725),
2026-08-28 03:02:57,346 | INFO | flwr | 	                        (15, 0.9975274725274725),
simulation-0 | INFO flwr 2026-08-28 03:02:57,346 | server.py:495 | 	                        (16, 1.0),
2026-08-28 03:02:57,346 | INFO | flwr | 	                        (16, 1.0),
simulation-0 | INFO flwr 2026-08-28 03:02:57,346 | server.py:495 | 	                        (17, 0.9980219780219781),
2026-08-28 03:02:57,346 | INFO | flwr | 	                        (17, 0.9980219780219781),
simulation-0 | INFO flwr 2026-08-28 03:02:57,346 | server.py:495 | 	                        (18, 0.9979780219780221),
2026-08-28 03:02:57,346 | INFO | flwr | 	                        (18, 0.9979780219780221),
simulation-0 | INFO flwr 2026-08-28 03:02:57,347 | server.py:495 | 	                        (19, 0.9979780219780221),
2026-08-28 03:02:57,347 | INFO | flwr | 	                        (19, 0.9979780219780221),
simulation-0 | INFO flwr 2026-08-28 03:02:57,347 | server.py:495 | 	                        (20, 0.996),
2026-08-28 03:02:57,347 | INFO | flwr | 	                        (20, 0.996),
simulation-0 | INFO flwr 2026-08-28 03:02:57,347 | server.py:495 | 	                        (21, 1.0),
2026-08-28 03:02:57,347 | INFO | flwr | 	                        (21, 1.0),
simulation-0 | INFO flwr 2026-08-28 03:02:57,347 | server.py:495 | 	                        (22, 0.9981618381618381),
2026-08-28 03:02:57,347 | INFO | flwr | 	                        (22, 0.9981618381618381),
simulation-0 | INFO flwr 2026-08-28 03:02:57,347 | server.py:495 | 	                        (23, 1.0),
2026-08-28 03:02:57,347 | INFO | flwr | 	                        (23, 1.0),
simulation-0 | INFO flwr 2026-08-28 03:02:57,347 | server.py:495 | 	                        (24, 1.0),
2026-08-28 03:02:57,347 | INFO | flwr | 	                        (24, 1.0),
simulation-0 | INFO flwr 2026-08-28 03:02:57,347 | server.py:495 | 	                        (25, 0.992043956043956),
2026-08-28 03:02:57,347 | INFO | flwr | 	                        (25, 0.992043956043956),
simulation-0 | INFO flwr 2026-08-28 03:02:57,347 | server.py:495 | 	                        (26, 1.0),
2026-08-28 03:02:57,347 | INFO | flwr | 	                        (26, 1.0),
simulation-0 | INFO flwr 2026-08-28 03:02:57,347 | server.py:495 | 	                        (27, 0.9960439560439561),
2026-08-28 03:02:57,347 | INFO | flwr | 	                        (27, 0.9960439560439561),
simulation-0 | INFO flwr 2026-08-28 03:02:57,347 | server.py:495 | 	                        (28, 1.0),
2026-08-28 03:02:57,347 | INFO | flwr | 	                        (28, 1.0),
simulation-0 | INFO flwr 2026-08-28 03:02:57,347 | server.py:495 | 	                        (29, 0.9942457542457542),
2026-08-28 03:02:57,347 | INFO | flwr | 	                        (29, 0.9942457542457542),
simulation-0 | INFO flwr 2026-08-28 03:02:57,347 | server.py:495 | 	                        (30, 0.9820912420912421),
2026-08-28 03:02:57,347 | INFO | flwr | 	                        (30, 0.9820912420912421),
simulation-0 | INFO flwr 2026-08-28 03:02:57,347 | server.py:495 | 	                        (31, 1.0),
2026-08-28 03:02:57,347 | INFO | flwr | 	                        (31, 1.0),
simulation-0 | INFO flwr 2026-08-28 03:02:57,347 | server.py:495 | 	                        (32, 1.0),
2026-08-28 03:02:57,347 | INFO | flwr | 	                        (32, 1.0),
simulation-0 | INFO flwr 2026-08-28 03:02:57,347 | server.py:495 | 	                        (33, 0.9981618381618382),
2026-08-28 03:02:57,347 | INFO | flwr | 	                        (33, 0.9981618381618382),
simulation-0 | INFO flwr 2026-08-28 03:02:57,347 | server.py:495 | 	                        (34, 1.0),
2026-08-28 03:02:57,347 | INFO | flwr | 	                        (34, 1.0),
simulation-0 | INFO flwr 2026-08-28 03:02:57,347 | server.py:495 | 	                        (35, 0.9966300366300366),
2026-08-28 03:02:57,347 | INFO | flwr | 	                        (35, 0.9966300366300366),
simulation-0 | INFO flwr 2026-08-28 03:02:57,348 | server.py:495 | 	                        (36, 1.0),
2026-08-28 03:02:57,348 | INFO | flwr | 	                        (36, 1.0),
simulation-0 | INFO flwr 2026-08-28 03:02:57,348 | server.py:495 | 	                        (37, 1.0),
2026-08-28 03:02:57,348 | INFO | flwr | 	                        (37, 1.0),
simulation-0 | INFO flwr 2026-08-28 03:02:57,348 | server.py:495 | 	                        (38, 1.0),
2026-08-28 03:02:57,348 | INFO | flwr | 	                        (38, 1.0),
simulation-0 | INFO flwr 2026-08-28 03:02:57,348 | server.py:495 | 	                        (39, 1.0),
2026-08-28 03:02:57,348 | INFO | flwr | 	                        (39, 1.0),
simulation-0 | INFO flwr 2026-08-28 03:02:57,348 | server.py:495 | 	                        (40, 1.0),
2026-08-28 03:02:57,348 | INFO | flwr | 	                        (40, 1.0),
simulation-0 | INFO flwr 2026-08-28 03:02:57,348 | server.py:495 | 	                        (41, 1.0),
2026-08-28 03:02:57,348 | INFO | flwr | 	                        (41, 1.0),
simulation-0 | INFO flwr 2026-08-28 03:02:57,348 | server.py:495 | 	                        (42, 0.996043956043956),
2026-08-28 03:02:57,348 | INFO | flwr | 	                        (42, 0.996043956043956),
simulation-0 | INFO flwr 2026-08-28 03:02:57,348 | server.py:495 | 	                        (43, 1.0),
2026-08-28 03:02:57,348 | INFO | flwr | 	                        (43, 1.0),
simulation-0 | INFO flwr 2026-08-28 03:02:57,348 | server.py:495 | 	                        (44, 0.996043956043956),
2026-08-28 03:02:57,348 | INFO | flwr | 	                        (44, 0.996043956043956),
simulation-0 | INFO flwr 2026-08-28 03:02:57,348 | server.py:495 | 	                        (45, 1.0),
2026-08-28 03:02:57,348 | INFO | flwr | 	                        (45, 1.0),
simulation-0 | INFO flwr 2026-08-28 03:02:57,348 | server.py:495 | 	                        (46, 0.9947252747252747),
2026-08-28 03:02:57,348 | INFO | flwr | 	                        (46, 0.9947252747252747),
simulation-0 | INFO flwr 2026-08-28 03:02:57,348 | server.py:495 | 	                        (47, 0.9966300366300366),
2026-08-28 03:02:57,348 | INFO | flwr | 	                        (47, 0.9966300366300366),
simulation-0 | INFO flwr 2026-08-28 03:02:57,348 | server.py:495 | 	                        (48, 1.0),
2026-08-28 03:02:57,348 | INFO | flwr | 	                        (48, 1.0),
simulation-0 | INFO flwr 2026-08-28 03:02:57,348 | server.py:495 | 	                        (49, 0.9961838161838162),
2026-08-28 03:02:57,348 | INFO | flwr | 	                        (49, 0.9961838161838162),
simulation-0 | INFO flwr 2026-08-28 03:02:57,348 | server.py:495 | 	                        (50, 1.0),
2026-08-28 03:02:57,348 | INFO | flwr | 	                        (50, 1.0),
simulation-0 | INFO flwr 2026-08-28 03:02:57,348 | server.py:495 | 	                        (51, 0.9962237762237761),
2026-08-28 03:02:57,348 | INFO | flwr | 	                        (51, 0.9962237762237761),
simulation-0 | INFO flwr 2026-08-28 03:02:57,348 | server.py:495 | 	                        (52, 1.0),
2026-08-28 03:02:57,348 | INFO | flwr | 	                        (52, 1.0),
simulation-0 | INFO flwr 2026-08-28 03:02:57,348 | server.py:495 | 	                        (53, 0.9966300366300366),
2026-08-28 03:02:57,348 | INFO | flwr | 	                        (53, 0.9966300366300366),
simulation-0 | INFO flwr 2026-08-28 03:02:57,348 | server.py:495 | 	                        (54, 1.0),
2026-08-28 03:02:57,348 | INFO | flwr | 	                        (54, 1.0),
simulation-0 | INFO flwr 2026-08-28 03:02:57,348 | server.py:495 | 	                        (55, 1.0),
2026-08-28 03:02:57,348 | INFO | flwr | 	                        (55, 1.0),
simulation-0 | INFO flwr 2026-08-28 03:02:57,349 | server.py:495 | 	                        (56, 1.0),
2026-08-28 03:02:57,349 | INFO | flwr | 	                        (56, 1.0),
simulation-0 | INFO flwr 2026-08-28 03:02:57,349 | server.py:495 | 	                        (57, 1.0),
2026-08-28 03:02:57,349 | INFO | flwr | 	                        (57, 1.0),
simulation-0 | INFO flwr 2026-08-28 03:02:57,349 | server.py:495 | 	                        (58, 0.9966300366300367),
2026-08-28 03:02:57,349 | INFO | flwr | 	                        (58, 0.9966300366300367),
simulation-0 | INFO flwr 2026-08-28 03:02:57,349 | server.py:495 | 	                        (59, 1.0),
2026-08-28 03:02:57,349 | INFO | flwr | 	                        (59, 1.0),
simulation-0 | INFO flwr 2026-08-28 03:02:57,349 | server.py:495 | 	                        (60, 0.996043956043956),
2026-08-28 03:02:57,349 | INFO | flwr | 	                        (60, 0.996043956043956),
simulation-0 | INFO flwr 2026-08-28 03:02:57,349 | server.py:495 | 	                        (61, 1.0),
2026-08-28 03:02:57,349 | INFO | flwr | 	                        (61, 1.0),
simulation-0 | INFO flwr 2026-08-28 03:02:57,349 | server.py:495 | 	                        (62, 0.993934065934066),
2026-08-28 03:02:57,349 | INFO | flwr | 	                        (62, 0.993934065934066),
simulation-0 | INFO flwr 2026-08-28 03:02:57,349 | server.py:495 | 	                        (63, 1.0),
2026-08-28 03:02:57,349 | INFO | flwr | 	                        (63, 1.0),
simulation-0 | INFO flwr 2026-08-28 03:02:57,349 | server.py:495 | 	                        (64, 0.9940659340659341),
2026-08-28 03:02:57,349 | INFO | flwr | 	                        (64, 0.9940659340659341),
simulation-0 | INFO flwr 2026-08-28 03:02:57,349 | server.py:495 | 	                        (65, 1.0),
2026-08-28 03:02:57,349 | INFO | flwr | 	                        (65, 1.0),
simulation-0 | INFO flwr 2026-08-28 03:02:57,349 | server.py:495 | 	                        (66, 1.0),
2026-08-28 03:02:57,349 | INFO | flwr | 	                        (66, 1.0),
simulation-0 | INFO flwr 2026-08-28 03:02:57,349 | server.py:495 | 	                        (67, 1.0),
2026-08-28 03:02:57,349 | INFO | flwr | 	                        (67, 1.0),
simulation-0 | INFO flwr 2026-08-28 03:02:57,349 | server.py:495 | 	                        (68, 1.0),
2026-08-28 03:02:57,349 | INFO | flwr | 	                        (68, 1.0),
simulation-0 | INFO flwr 2026-08-28 03:02:57,349 | server.py:495 | 	                        (69, 0.9861538461538462),
2026-08-28 03:02:57,349 | INFO | flwr | 	                        (69, 0.9861538461538462),
simulation-0 | INFO flwr 2026-08-28 03:02:57,349 | server.py:495 | 	                        (70, 1.0),
2026-08-28 03:02:57,349 | INFO | flwr | 	                        (70, 1.0),
simulation-0 | INFO flwr 2026-08-28 03:02:57,349 | server.py:495 | 	                        (71, 1.0),
2026-08-28 03:02:57,349 | INFO | flwr | 	                        (71, 1.0),
simulation-0 | INFO flwr 2026-08-28 03:02:57,349 | server.py:495 | 	                        (72, 1.0),
2026-08-28 03:02:57,349 | INFO | flwr | 	                        (72, 1.0),
simulation-0 | INFO flwr 2026-08-28 03:02:57,349 | server.py:495 | 	                        (73, 1.0),
2026-08-28 03:02:57,349 | INFO | flwr | 	                        (73, 1.0),
simulation-0 | INFO flwr 2026-08-28 03:02:57,349 | server.py:495 | 	                        (74, 1.0),
2026-08-28 03:02:57,349 | INFO | flwr | 	                        (74, 1.0),
simulation-0 | INFO flwr 2026-08-28 03:02:57,349 | server.py:495 | 	                        (75, 1.0),
2026-08-28 03:02:57,349 | INFO | flwr | 	                        (75, 1.0),
simulation-0 | INFO flwr 2026-08-28 03:02:57,350 | server.py:495 | 	                        (76, 1.0),
2026-08-28 03:02:57,350 | INFO | flwr | 	                        (76, 1.0),
simulation-0 | INFO flwr 2026-08-28 03:02:57,350 | server.py:495 | 	                        (77, 1.0),
2026-08-28 03:02:57,350 | INFO | flwr | 	                        (77, 1.0),
simulation-0 | INFO flwr 2026-08-28 03:02:57,350 | server.py:495 | 	                        (78, 0.9977533577533577),
2026-08-28 03:02:57,350 | INFO | flwr | 	                        (78, 0.9977533577533577),
simulation-0 | INFO flwr 2026-08-28 03:02:57,350 | server.py:495 | 	                        (79, 0.9979780219780221),
2026-08-28 03:02:57,350 | INFO | flwr | 	                        (79, 0.9979780219780221),
simulation-0 | INFO flwr 2026-08-28 03:02:57,350 | server.py:495 | 	                        (80, 1.0),
2026-08-28 03:02:57,350 | INFO | flwr | 	                        (80, 1.0),
simulation-0 | INFO flwr 2026-08-28 03:02:57,350 | server.py:495 | 	                        (81, 1.0),
2026-08-28 03:02:57,350 | INFO | flwr | 	                        (81, 1.0),
simulation-0 | INFO flwr 2026-08-28 03:02:57,350 | server.py:495 | 	                        (82, 1.0),
2026-08-28 03:02:57,350 | INFO | flwr | 	                        (82, 1.0),
simulation-0 | INFO flwr 2026-08-28 03:02:57,350 | server.py:495 | 	                        (83, 1.0),
2026-08-28 03:02:57,350 | INFO | flwr | 	                        (83, 1.0),
simulation-0 | INFO flwr 2026-08-28 03:02:57,350 | server.py:495 | 	                        (84, 0.9980219780219781),
2026-08-28 03:02:57,350 | INFO | flwr | 	                        (84, 0.9980219780219781),
simulation-0 | INFO flwr 2026-08-28 03:02:57,350 | server.py:495 | 	                        (85, 1.0),
2026-08-28 03:02:57,350 | INFO | flwr | 	                        (85, 1.0),
simulation-0 | INFO flwr 2026-08-28 03:02:57,350 | server.py:495 | 	                        (86, 1.0),
2026-08-28 03:02:57,350 | INFO | flwr | 	                        (86, 1.0),
simulation-0 | INFO flwr 2026-08-28 03:02:57,350 | server.py:495 | 	                        (87, 0.997978021978022),
2026-08-28 03:02:57,350 | INFO | flwr | 	                        (87, 0.997978021978022),
simulation-0 | INFO flwr 2026-08-28 03:02:57,350 | server.py:495 | 	                        (88, 1.0),
2026-08-28 03:02:57,350 | INFO | flwr | 	                        (88, 1.0),
simulation-0 | INFO flwr 2026-08-28 03:02:57,350 | server.py:495 | 	                        (89, 1.0),
2026-08-28 03:02:57,350 | INFO | flwr | 	                        (89, 1.0),
simulation-0 | INFO flwr 2026-08-28 03:02:57,350 | server.py:495 | 	                        (90, 0.9966300366300367),
2026-08-28 03:02:57,350 | INFO | flwr | 	                        (90, 0.9966300366300367),
simulation-0 | INFO flwr 2026-08-28 03:02:57,350 | server.py:495 | 	                        (91, 1.0),
2026-08-28 03:02:57,350 | INFO | flwr | 	                        (91, 1.0),
simulation-0 | INFO flwr 2026-08-28 03:02:57,350 | server.py:495 | 	                        (92, 1.0),
2026-08-28 03:02:57,350 | INFO | flwr | 	                        (92, 1.0),
simulation-0 | INFO flwr 2026-08-28 03:02:57,350 | server.py:495 | 	                        (93, 1.0),
2026-08-28 03:02:57,350 | INFO | flwr | 	                        (93, 1.0),
simulation-0 | INFO flwr 2026-08-28 03:02:57,350 | server.py:495 | 	                        (94, 1.0),
2026-08-28 03:02:57,350 | INFO | flwr | 	                        (94, 1.0),
simulation-0 | INFO flwr 2026-08-28 03:02:57,351 | server.py:495 | 	                        (95, 1.0),
2026-08-28 03:02:57,351 | INFO | flwr | 	                        (95, 1.0),
simulation-0 | INFO flwr 2026-08-28 03:02:57,351 | server.py:495 | 	                        (96, 1.0),
2026-08-28 03:02:57,351 | INFO | flwr | 	                        (96, 1.0),
simulation-0 | INFO flwr 2026-08-28 03:02:57,351 | server.py:495 | 	                        (97, 1.0),
2026-08-28 03:02:57,351 | INFO | flwr | 	                        (97, 1.0),
simulation-0 | INFO flwr 2026-08-28 03:02:57,351 | server.py:495 | 	                        (98, 1.0),
2026-08-28 03:02:57,351 | INFO | flwr | 	                        (98, 1.0),
simulation-0 | INFO flwr 2026-08-28 03:02:57,351 | server.py:495 | 	                        (99, 1.0),
2026-08-28 03:02:57,351 | INFO | flwr | 	                        (99, 1.0),
simulation-0 | INFO flwr 2026-08-28 03:02:57,351 | server.py:495 | 	                        (100, 1.0)],
2026-08-28 03:02:57,351 | INFO | flwr | 	                        (100, 1.0)],
simulation-0 | INFO flwr 2026-08-28 03:02:57,351 | server.py:495 | 	 'train_loss': [(1, 0.30647291443010244),
2026-08-28 03:02:57,351 | INFO | flwr | 	 'train_loss': [(1, 0.30647291443010244),
simulation-0 | INFO flwr 2026-08-28 03:02:57,351 | server.py:495 | 	                (2, 0.18259407346094342),
2026-08-28 03:02:57,351 | INFO | flwr | 	                (2, 0.18259407346094342),
simulation-0 | INFO flwr 2026-08-28 03:02:57,351 | server.py:495 | 	                (3, 0.13459454510227228),
2026-08-28 03:02:57,351 | INFO | flwr | 	                (3, 0.13459454510227228),
simulation-0 | INFO flwr 2026-08-28 03:02:57,351 | server.py:495 | 	                (4, 0.10893759247584221),
2026-08-28 03:02:57,351 | INFO | flwr | 	                (4, 0.10893759247584221),
simulation-0 | INFO flwr 2026-08-28 03:02:57,351 | server.py:495 | 	                (5, 0.09369381442398597),
2026-08-28 03:02:57,351 | INFO | flwr | 	                (5, 0.09369381442398597),
simulation-0 | INFO flwr 2026-08-28 03:02:57,351 | server.py:495 | 	                (6, 0.08259854460668652),
2026-08-28 03:02:57,351 | INFO | flwr | 	                (6, 0.08259854460668652),
simulation-0 | INFO flwr 2026-08-28 03:02:57,351 | server.py:495 | 	                (7, 0.07382495347520973),
2026-08-28 03:02:57,351 | INFO | flwr | 	                (7, 0.07382495347520973),
simulation-0 | INFO flwr 2026-08-28 03:02:57,351 | server.py:495 | 	                (8, 0.06729932848014783),
2026-08-28 03:02:57,351 | INFO | flwr | 	                (8, 0.06729932848014783),
simulation-0 | INFO flwr 2026-08-28 03:02:57,351 | server.py:495 | 	                (9, 0.06180235782373009),
2026-08-28 03:02:57,351 | INFO | flwr | 	                (9, 0.06180235782373009),
simulation-0 | INFO flwr 2026-08-28 03:02:57,351 | server.py:495 | 	                (10, 0.05723776659224823),
2026-08-28 03:02:57,351 | INFO | flwr | 	                (10, 0.05723776659224823),
simulation-0 | INFO flwr 2026-08-28 03:02:57,351 | server.py:495 | 	                (11, 0.05489350631178308),
2026-08-28 03:02:57,351 | INFO | flwr | 	                (11, 0.05489350631178308),
simulation-0 | INFO flwr 2026-08-28 03:02:57,351 | server.py:495 | 	                (12, 0.05204937653944478),
2026-08-28 03:02:57,351 | INFO | flwr | 	                (12, 0.05204937653944478),
simulation-0 | INFO flwr 2026-08-28 03:02:57,351 | server.py:495 | 	                (13, 0.047902038572481195),
2026-08-28 03:02:57,351 | INFO | flwr | 	                (13, 0.047902038572481195),
simulation-0 | INFO flwr 2026-08-28 03:02:57,351 | server.py:495 | 	                (14, 0.04598903976172045),
2026-08-28 03:02:57,351 | INFO | flwr | 	                (14, 0.04598903976172045),
simulation-0 | INFO flwr 2026-08-28 03:02:57,352 | server.py:495 | 	                (15, 0.04374124413466715),
2026-08-28 03:02:57,352 | INFO | flwr | 	                (15, 0.04374124413466715),
simulation-0 | INFO flwr 2026-08-28 03:02:57,352 | server.py:495 | 	                (16, 0.03994636094313846),
2026-08-28 03:02:57,352 | INFO | flwr | 	                (16, 0.03994636094313846),
simulation-0 | INFO flwr 2026-08-28 03:02:57,352 | server.py:495 | 	                (17, 0.03822324603573807),
2026-08-28 03:02:57,352 | INFO | flwr | 	                (17, 0.03822324603573807),
simulation-0 | INFO flwr 2026-08-28 03:02:57,352 | server.py:495 | 	                (18, 0.03975841459902162),
2026-08-28 03:02:57,352 | INFO | flwr | 	                (18, 0.03975841459902162),
simulation-0 | INFO flwr 2026-08-28 03:02:57,352 | server.py:495 | 	                (19, 0.036871325649981766),
2026-08-28 03:02:57,352 | INFO | flwr | 	                (19, 0.036871325649981766),
simulation-0 | INFO flwr 2026-08-28 03:02:57,352 | server.py:495 | 	                (20, 0.03596739849833753),
2026-08-28 03:02:57,352 | INFO | flwr | 	                (20, 0.03596739849833753),
simulation-0 | INFO flwr 2026-08-28 03:02:57,352 | server.py:495 | 	                (21, 0.03403331206816331),
2026-08-28 03:02:57,352 | INFO | flwr | 	                (21, 0.03403331206816331),
simulation-0 | INFO flwr 2026-08-28 03:02:57,352 | server.py:495 | 	                (22, 0.03178966317353122),
2026-08-28 03:02:57,352 | INFO | flwr | 	                (22, 0.03178966317353122),
simulation-0 | INFO flwr 2026-08-28 03:02:57,352 | server.py:495 | 	                (23, 0.033840139345306865),
2026-08-28 03:02:57,352 | INFO | flwr | 	                (23, 0.033840139345306865),
simulation-0 | INFO flwr 2026-08-28 03:02:57,352 | server.py:495 | 	                (24, 0.032012346721170135),
2026-08-28 03:02:57,352 | INFO | flwr | 	                (24, 0.032012346721170135),
simulation-0 | INFO flwr 2026-08-28 03:02:57,352 | server.py:495 | 	                (25, 0.028738149828939914),
2026-08-28 03:02:57,352 | INFO | flwr | 	                (25, 0.028738149828939914),
simulation-0 | INFO flwr 2026-08-28 03:02:57,352 | server.py:495 | 	                (26, 0.02870831400634987),
2026-08-28 03:02:57,352 | INFO | flwr | 	                (26, 0.02870831400634987),
simulation-0 | INFO flwr 2026-08-28 03:02:57,352 | server.py:495 | 	                (27, 0.028928069438192865),
2026-08-28 03:02:57,352 | INFO | flwr | 	                (27, 0.028928069438192865),
simulation-0 | INFO flwr 2026-08-28 03:02:57,352 | server.py:495 | 	                (28, 0.028962798539696372),
2026-08-28 03:02:57,352 | INFO | flwr | 	                (28, 0.028962798539696372),
simulation-0 | INFO flwr 2026-08-28 03:02:57,352 | server.py:495 | 	                (29, 0.027541659546170553),
2026-08-28 03:02:57,352 | INFO | flwr | 	                (29, 0.027541659546170553),
simulation-0 | INFO flwr 2026-08-28 03:02:57,352 | server.py:495 | 	                (30, 0.02574861917804906),
2026-08-28 03:02:57,352 | INFO | flwr | 	                (30, 0.02574861917804906),
simulation-0 | INFO flwr 2026-08-28 03:02:57,352 | server.py:495 | 	                (31, 0.02661376677518904),
2026-08-28 03:02:57,352 | INFO | flwr | 	                (31, 0.02661376677518904),
simulation-0 | INFO flwr 2026-08-28 03:02:57,352 | server.py:495 | 	                (32, 0.02800257425280703),
2026-08-28 03:02:57,352 | INFO | flwr | 	                (32, 0.02800257425280703),
simulation-0 | INFO flwr 2026-08-28 03:02:57,352 | server.py:495 | 	                (33, 0.024295013496911228),
2026-08-28 03:02:57,352 | INFO | flwr | 	                (33, 0.024295013496911228),
simulation-0 | INFO flwr 2026-08-28 03:02:57,352 | server.py:495 | 	                (34, 0.025161407731037918),
2026-08-28 03:02:57,352 | INFO | flwr | 	                (34, 0.025161407731037918),
simulation-0 | INFO flwr 2026-08-28 03:02:57,353 | server.py:495 | 	                (35, 0.02460112282331571),
2026-08-28 03:02:57,353 | INFO | flwr | 	                (35, 0.02460112282331571),
simulation-0 | INFO flwr 2026-08-28 03:02:57,353 | server.py:495 | 	                (36, 0.023897814232003742),
2026-08-28 03:02:57,353 | INFO | flwr | 	                (36, 0.023897814232003742),
simulation-0 | INFO flwr 2026-08-28 03:02:57,353 | server.py:495 | 	                (37, 0.02164527390579218),
2026-08-28 03:02:57,353 | INFO | flwr | 	                (37, 0.02164527390579218),
simulation-0 | INFO flwr 2026-08-28 03:02:57,353 | server.py:495 | 	                (38, 0.02301413685543592),
2026-08-28 03:02:57,353 | INFO | flwr | 	                (38, 0.02301413685543592),
simulation-0 | INFO flwr 2026-08-28 03:02:57,353 | server.py:495 | 	                (39, 0.023189199644080068),
2026-08-28 03:02:57,353 | INFO | flwr | 	                (39, 0.023189199644080068),
simulation-0 | INFO flwr 2026-08-28 03:02:57,353 | server.py:495 | 	                (40, 0.022072241312699675),
2026-08-28 03:02:57,353 | INFO | flwr | 	                (40, 0.022072241312699675),
simulation-0 | INFO flwr 2026-08-28 03:02:57,353 | server.py:495 | 	                (41, 0.020970006168401282),
2026-08-28 03:02:57,353 | INFO | flwr | 	                (41, 0.020970006168401282),
simulation-0 | INFO flwr 2026-08-28 03:02:57,353 | server.py:495 | 	                (42, 0.020949942927424352),
2026-08-28 03:02:57,353 | INFO | flwr | 	                (42, 0.020949942927424352),
simulation-0 | INFO flwr 2026-08-28 03:02:57,353 | server.py:495 | 	                (43, 0.02010540626855338),
2026-08-28 03:02:57,353 | INFO | flwr | 	                (43, 0.02010540626855338),
simulation-0 | INFO flwr 2026-08-28 03:02:57,353 | server.py:495 | 	                (44, 0.01893245320506104),
2026-08-28 03:02:57,353 | INFO | flwr | 	                (44, 0.01893245320506104),
simulation-0 | INFO flwr 2026-08-28 03:02:57,353 | server.py:495 | 	                (45, 0.01946074400525253),
2026-08-28 03:02:57,353 | INFO | flwr | 	                (45, 0.01946074400525253),
simulation-0 | INFO flwr 2026-08-28 03:02:57,353 | server.py:495 | 	                (46, 0.020008105147034255),
2026-08-28 03:02:57,353 | INFO | flwr | 	                (46, 0.020008105147034255),
simulation-0 | INFO flwr 2026-08-28 03:02:57,353 | server.py:495 | 	                (47, 0.0190643484756997),
2026-08-28 03:02:57,353 | INFO | flwr | 	                (47, 0.0190643484756997),
simulation-0 | INFO flwr 2026-08-28 03:02:57,353 | server.py:495 | 	                (48, 0.019867506882410197),
2026-08-28 03:02:57,353 | INFO | flwr | 	                (48, 0.019867506882410197),
simulation-0 | INFO flwr 2026-08-28 03:02:57,353 | server.py:495 | 	                (49, 0.018850029499700716),
2026-08-28 03:02:57,353 | INFO | flwr | 	                (49, 0.018850029499700716),
simulation-0 | INFO flwr 2026-08-28 03:02:57,353 | server.py:495 | 	                (50, 0.019305724121128427),
2026-08-28 03:02:57,353 | INFO | flwr | 	                (50, 0.019305724121128427),
simulation-0 | INFO flwr 2026-08-28 03:02:57,353 | server.py:495 | 	                (51, 0.018251293649783833),
2026-08-28 03:02:57,353 | INFO | flwr | 	                (51, 0.018251293649783833),
simulation-0 | INFO flwr 2026-08-28 03:02:57,353 | server.py:495 | 	                (52, 0.017843675955802316),
2026-08-28 03:02:57,353 | INFO | flwr | 	                (52, 0.017843675955802316),
simulation-0 | INFO flwr 2026-08-28 03:02:57,353 | server.py:495 | 	                (53, 0.018918461376574276),
2026-08-28 03:02:57,353 | INFO | flwr | 	                (53, 0.018918461376574276),
simulation-0 | INFO flwr 2026-08-28 03:02:57,353 | server.py:495 | 	                (54, 0.01801850358360707),
2026-08-28 03:02:57,353 | INFO | flwr | 	                (54, 0.01801850358360707),
simulation-0 | INFO flwr 2026-08-28 03:02:57,354 | server.py:495 | 	                (55, 0.017057985343002933),
2026-08-28 03:02:57,354 | INFO | flwr | 	                (55, 0.017057985343002933),
simulation-0 | INFO flwr 2026-08-28 03:02:57,354 | server.py:495 | 	                (56, 0.017640334368659086),
2026-08-28 03:02:57,354 | INFO | flwr | 	                (56, 0.017640334368659086),
simulation-0 | INFO flwr 2026-08-28 03:02:57,354 | server.py:495 | 	                (57, 0.017130276804268662),
2026-08-28 03:02:57,354 | INFO | flwr | 	                (57, 0.017130276804268662),
simulation-0 | INFO flwr 2026-08-28 03:02:57,354 | server.py:495 | 	                (58, 0.01660945099153086),
2026-08-28 03:02:57,354 | INFO | flwr | 	                (58, 0.01660945099153086),
simulation-0 | INFO flwr 2026-08-28 03:02:57,354 | server.py:495 | 	                (59, 0.018138810710319635),
2026-08-28 03:02:57,354 | INFO | flwr | 	                (59, 0.018138810710319635),
simulation-0 | INFO flwr 2026-08-28 03:02:57,354 | server.py:495 | 	                (60, 0.017277637144544142),
2026-08-28 03:02:57,354 | INFO | flwr | 	                (60, 0.017277637144544142),
simulation-0 | INFO flwr 2026-08-28 03:02:57,354 | server.py:495 | 	                (61, 0.01644300964616878),
2026-08-28 03:02:57,354 | INFO | flwr | 	                (61, 0.01644300964616878),
simulation-0 | INFO flwr 2026-08-28 03:02:57,354 | server.py:495 | 	                (62, 0.015367752774033452),
2026-08-28 03:02:57,354 | INFO | flwr | 	                (62, 0.015367752774033452),
simulation-0 | INFO flwr 2026-08-28 03:02:57,354 | server.py:495 | 	                (63, 0.015102579526314741),
2026-08-28 03:02:57,354 | INFO | flwr | 	                (63, 0.015102579526314741),
simulation-0 | INFO flwr 2026-08-28 03:02:57,354 | server.py:495 | 	                (64, 0.015894555461346032),
2026-08-28 03:02:57,354 | INFO | flwr | 	                (64, 0.015894555461346032),
simulation-0 | INFO flwr 2026-08-28 03:02:57,354 | server.py:495 | 	                (65, 0.01450300513722201),
2026-08-28 03:02:57,354 | INFO | flwr | 	                (65, 0.01450300513722201),
simulation-0 | INFO flwr 2026-08-28 03:02:57,354 | server.py:495 | 	                (66, 0.014988315749306645),
2026-08-28 03:02:57,354 | INFO | flwr | 	                (66, 0.014988315749306645),
simulation-0 | INFO flwr 2026-08-28 03:02:57,354 | server.py:495 | 	                (67, 0.016307412034773167),
2026-08-28 03:02:57,354 | INFO | flwr | 	                (67, 0.016307412034773167),
simulation-0 | INFO flwr 2026-08-28 03:02:57,354 | server.py:495 | 	                (68, 0.015540400733648388),
2026-08-28 03:02:57,354 | INFO | flwr | 	                (68, 0.015540400733648388),
simulation-0 | INFO flwr 2026-08-28 03:02:57,354 | server.py:495 | 	                (69, 0.01425236405593678),
2026-08-28 03:02:57,354 | INFO | flwr | 	                (69, 0.01425236405593678),
simulation-0 | INFO flwr 2026-08-28 03:02:57,354 | server.py:495 | 	                (70, 0.015164965459888729),
2026-08-28 03:02:57,354 | INFO | flwr | 	                (70, 0.015164965459888729),
simulation-0 | INFO flwr 2026-08-28 03:02:57,354 | server.py:495 | 	                (71, 0.01645870622876964),
2026-08-28 03:02:57,354 | INFO | flwr | 	                (71, 0.01645870622876964),
simulation-0 | INFO flwr 2026-08-28 03:02:57,354 | server.py:495 | 	                (72, 0.01421337862820405),
2026-08-28 03:02:57,354 | INFO | flwr | 	                (72, 0.01421337862820405),
simulation-0 | INFO flwr 2026-08-28 03:02:57,354 | server.py:495 | 	                (73, 0.014715595406196061),
2026-08-28 03:02:57,354 | INFO | flwr | 	                (73, 0.014715595406196061),
simulation-0 | INFO flwr 2026-08-28 03:02:57,355 | server.py:495 | 	                (74, 0.014513167283073737),
2026-08-28 03:02:57,355 | INFO | flwr | 	                (74, 0.014513167283073737),
simulation-0 | INFO flwr 2026-08-28 03:02:57,355 | server.py:495 | 	                (75, 0.015477537224940578),
2026-08-28 03:02:57,355 | INFO | flwr | 	                (75, 0.015477537224940578),
simulation-0 | INFO flwr 2026-08-28 03:02:57,355 | server.py:495 | 	                (76, 0.013203944881224205),
2026-08-28 03:02:57,355 | INFO | flwr | 	                (76, 0.013203944881224205),
simulation-0 | INFO flwr 2026-08-28 03:02:57,355 | server.py:495 | 	                (77, 0.013546573558037393),
2026-08-28 03:02:57,355 | INFO | flwr | 	                (77, 0.013546573558037393),
simulation-0 | INFO flwr 2026-08-28 03:02:57,355 | server.py:495 | 	                (78, 0.014622246113604161),
2026-08-28 03:02:57,355 | INFO | flwr | 	                (78, 0.014622246113604161),
simulation-0 | INFO flwr 2026-08-28 03:02:57,355 | server.py:495 | 	                (79, 0.014059179224217736),
2026-08-28 03:02:57,355 | INFO | flwr | 	                (79, 0.014059179224217736),
simulation-0 | INFO flwr 2026-08-28 03:02:57,355 | server.py:495 | 	                (80, 0.013136391452476677),
2026-08-28 03:02:57,355 | INFO | flwr | 	                (80, 0.013136391452476677),
simulation-0 | INFO flwr 2026-08-28 03:02:57,355 | server.py:495 | 	                (81, 0.012848943535661454),
2026-08-28 03:02:57,355 | INFO | flwr | 	                (81, 0.012848943535661454),
simulation-0 | INFO flwr 2026-08-28 03:02:57,355 | server.py:495 | 	                (82, 0.012904928385244466),
2026-08-28 03:02:57,355 | INFO | flwr | 	                (82, 0.012904928385244466),
simulation-0 | INFO flwr 2026-08-28 03:02:57,355 | server.py:495 | 	                (83, 0.013351298784765904),
2026-08-28 03:02:57,355 | INFO | flwr | 	                (83, 0.013351298784765904),
simulation-0 | INFO flwr 2026-08-28 03:02:57,355 | server.py:495 | 	                (84, 0.013511330709575123),
2026-08-28 03:02:57,355 | INFO | flwr | 	                (84, 0.013511330709575123),
simulation-0 | INFO flwr 2026-08-28 03:02:57,355 | server.py:495 | 	                (85, 0.012625446195599252),
2026-08-28 03:02:57,355 | INFO | flwr | 	                (85, 0.012625446195599252),
simulation-0 | INFO flwr 2026-08-28 03:02:57,355 | server.py:495 | 	                (86, 0.013613810047926963),
2026-08-28 03:02:57,355 | INFO | flwr | 	                (86, 0.013613810047926963),
simulation-0 | INFO flwr 2026-08-28 03:02:57,355 | server.py:495 | 	                (87, 0.01344963821192967),
2026-08-28 03:02:57,355 | INFO | flwr | 	                (87, 0.01344963821192967),
simulation-0 | INFO flwr 2026-08-28 03:02:57,355 | server.py:495 | 	                (88, 0.011720632539524448),
2026-08-28 03:02:57,355 | INFO | flwr | 	                (88, 0.011720632539524448),
simulation-0 | INFO flwr 2026-08-28 03:02:57,355 | server.py:495 | 	                (89, 0.013152495852566223),
2026-08-28 03:02:57,355 | INFO | flwr | 	                (89, 0.013152495852566223),
simulation-0 | INFO flwr 2026-08-28 03:02:57,355 | server.py:495 | 	                (90, 0.012579876478568229),
2026-08-28 03:02:57,355 | INFO | flwr | 	                (90, 0.012579876478568229),
simulation-0 | INFO flwr 2026-08-28 03:02:57,355 | server.py:495 | 	                (91, 0.013044595165308523),
2026-08-28 03:02:57,355 | INFO | flwr | 	                (91, 0.013044595165308523),
simulation-0 | INFO flwr 2026-08-28 03:02:57,355 | server.py:495 | 	                (92, 0.013328062448537143),
2026-08-28 03:02:57,355 | INFO | flwr | 	                (92, 0.013328062448537143),
simulation-0 | INFO flwr 2026-08-28 03:02:57,355 | server.py:495 | 	                (93, 0.013432974313494382),
2026-08-28 03:02:57,355 | INFO | flwr | 	                (93, 0.013432974313494382),
simulation-0 | INFO flwr 2026-08-28 03:02:57,356 | server.py:495 | 	                (94, 0.012647829441792617),
2026-08-28 03:02:57,356 | INFO | flwr | 	                (94, 0.012647829441792617),
simulation-0 | INFO flwr 2026-08-28 03:02:57,356 | server.py:495 | 	                (95, 0.011475892964916374),
2026-08-28 03:02:57,356 | INFO | flwr | 	                (95, 0.011475892964916374),
simulation-0 | INFO flwr 2026-08-28 03:02:57,356 | server.py:495 | 	                (96, 0.012372310516789995),
2026-08-28 03:02:57,356 | INFO | flwr | 	                (96, 0.012372310516789995),
simulation-0 | INFO flwr 2026-08-28 03:02:57,356 | server.py:495 | 	                (97, 0.012828111919915106),
2026-08-28 03:02:57,356 | INFO | flwr | 	                (97, 0.012828111919915106),
simulation-0 | INFO flwr 2026-08-28 03:02:57,356 | server.py:495 | 	                (98, 0.011832230768082796),
2026-08-28 03:02:57,356 | INFO | flwr | 	                (98, 0.011832230768082796),
simulation-0 | INFO flwr 2026-08-28 03:02:57,356 | server.py:495 | 	                (99, 0.012159965716101229),
2026-08-28 03:02:57,356 | INFO | flwr | 	                (99, 0.012159965716101229),
simulation-0 | INFO flwr 2026-08-28 03:02:57,356 | server.py:495 | 	                (100, 0.011955586388963588)],
2026-08-28 03:02:57,356 | INFO | flwr | 	                (100, 0.011955586388963588)],
simulation-0 | INFO flwr 2026-08-28 03:02:57,356 | server.py:495 | 	 'train_precision': [(1, 0.9150146643998731),
2026-08-28 03:02:57,356 | INFO | flwr | 	 'train_precision': [(1, 0.9150146643998731),
simulation-0 | INFO flwr 2026-08-28 03:02:57,356 | server.py:495 | 	                     (2, 0.9416152389292383),
2026-08-28 03:02:57,356 | INFO | flwr | 	                     (2, 0.9416152389292383),
simulation-0 | INFO flwr 2026-08-28 03:02:57,356 | server.py:495 | 	                     (3, 0.9479507173760066),
2026-08-28 03:02:57,356 | INFO | flwr | 	                     (3, 0.9479507173760066),
simulation-0 | INFO flwr 2026-08-28 03:02:57,356 | server.py:495 | 	                     (4, 0.9724767357207568),
2026-08-28 03:02:57,356 | INFO | flwr | 	                     (4, 0.9724767357207568),
simulation-0 | INFO flwr 2026-08-28 03:02:57,356 | server.py:495 | 	                     (5, 0.9669148705255384),
2026-08-28 03:02:57,356 | INFO | flwr | 	                     (5, 0.9669148705255384),
simulation-0 | INFO flwr 2026-08-28 03:02:57,356 | server.py:495 | 	                     (6, 0.9762083103514053),
2026-08-28 03:02:57,356 | INFO | flwr | 	                     (6, 0.9762083103514053),
simulation-0 | INFO flwr 2026-08-28 03:02:57,356 | server.py:495 | 	                     (7, 0.9678685566997377),
2026-08-28 03:02:57,356 | INFO | flwr | 	                     (7, 0.9678685566997377),
simulation-0 | INFO flwr 2026-08-28 03:02:57,356 | server.py:495 | 	                     (8, 0.9476305610165168),
2026-08-28 03:02:57,356 | INFO | flwr | 	                     (8, 0.9476305610165168),
simulation-0 | INFO flwr 2026-08-28 03:02:57,356 | server.py:495 | 	                     (9, 0.9766161016207758),
2026-08-28 03:02:57,356 | INFO | flwr | 	                     (9, 0.9766161016207758),
simulation-0 | INFO flwr 2026-08-28 03:02:57,356 | server.py:495 | 	                     (10, 0.9793809289259565),
2026-08-28 03:02:57,356 | INFO | flwr | 	                     (10, 0.9793809289259565),
simulation-0 | INFO flwr 2026-08-28 03:02:57,356 | server.py:495 | 	                     (11, 0.9773464904023004),
2026-08-28 03:02:57,356 | INFO | flwr | 	                     (11, 0.9773464904023004),
simulation-0 | INFO flwr 2026-08-28 03:02:57,356 | server.py:495 | 	                     (12, 0.9757614747466523),
2026-08-28 03:02:57,356 | INFO | flwr | 	                     (12, 0.9757614747466523),
simulation-0 | INFO flwr 2026-08-28 03:02:57,356 | server.py:495 | 	                     (13, 0.9739191139972898),
2026-08-28 03:02:57,356 | INFO | flwr | 	                     (13, 0.9739191139972898),
simulation-0 | INFO flwr 2026-08-28 03:02:57,357 | server.py:495 | 	                     (14, 0.986322572966145),
2026-08-28 03:02:57,357 | INFO | flwr | 	                     (14, 0.986322572966145),
simulation-0 | INFO flwr 2026-08-28 03:02:57,357 | server.py:495 | 	                     (15, 0.9875324024439806),
2026-08-28 03:02:57,357 | INFO | flwr | 	                     (15, 0.9875324024439806),
simulation-0 | INFO flwr 2026-08-28 03:02:57,357 | server.py:495 | 	                     (16, 0.9856887037680084),
2026-08-28 03:02:57,357 | INFO | flwr | 	                     (16, 0.9856887037680084),
simulation-0 | INFO flwr 2026-08-28 03:02:57,357 | server.py:495 | 	                     (17, 0.9853745161282058),
2026-08-28 03:02:57,357 | INFO | flwr | 	                     (17, 0.9853745161282058),
simulation-0 | INFO flwr 2026-08-28 03:02:57,357 | server.py:495 | 	                     (18, 0.981440204344562),
2026-08-28 03:02:57,357 | INFO | flwr | 	                     (18, 0.981440204344562),
simulation-0 | INFO flwr 2026-08-28 03:02:57,357 | server.py:495 | 	                     (19, 0.9879385194869211),
2026-08-28 03:02:57,357 | INFO | flwr | 	                     (19, 0.9879385194869211),
simulation-0 | INFO flwr 2026-08-28 03:02:57,357 | server.py:495 | 	                     (20, 0.9857340912209002),
2026-08-28 03:02:57,357 | INFO | flwr | 	                     (20, 0.9857340912209002),
simulation-0 | INFO flwr 2026-08-28 03:02:57,357 | server.py:495 | 	                     (21, 0.9844783846610072),
2026-08-28 03:02:57,357 | INFO | flwr | 	                     (21, 0.9844783846610072),
simulation-0 | INFO flwr 2026-08-28 03:02:57,357 | server.py:495 | 	                     (22, 0.9906697325142387),
2026-08-28 03:02:57,357 | INFO | flwr | 	                     (22, 0.9906697325142387),
simulation-0 | INFO flwr 2026-08-28 03:02:57,357 | server.py:495 | 	                     (23, 0.9883333978888903),
2026-08-28 03:02:57,357 | INFO | flwr | 	                     (23, 0.9883333978888903),
simulation-0 | INFO flwr 2026-08-28 03:02:57,357 | server.py:495 | 	                     (24, 0.99317405749526),
2026-08-28 03:02:57,357 | INFO | flwr | 	                     (24, 0.99317405749526),
simulation-0 | INFO flwr 2026-08-28 03:02:57,357 | server.py:495 | 	                     (25, 0.9807900937099071),
2026-08-28 03:02:57,357 | INFO | flwr | 	                     (25, 0.9807900937099071),
simulation-0 | INFO flwr 2026-08-28 03:02:57,357 | server.py:495 | 	                     (26, 0.9931889127104466),
2026-08-28 03:02:57,357 | INFO | flwr | 	                     (26, 0.9931889127104466),
simulation-0 | INFO flwr 2026-08-28 03:02:57,357 | server.py:495 | 	                     (27, 0.9884138762257825),
2026-08-28 03:02:57,357 | INFO | flwr | 	                     (27, 0.9884138762257825),
simulation-0 | INFO flwr 2026-08-28 03:02:57,357 | server.py:495 | 	                     (28, 0.9887335458449267),
2026-08-28 03:02:57,357 | INFO | flwr | 	                     (28, 0.9887335458449267),
simulation-0 | INFO flwr 2026-08-28 03:02:57,357 | server.py:495 | 	                     (29, 0.9811038593181548),
2026-08-28 03:02:57,357 | INFO | flwr | 	                     (29, 0.9811038593181548),
simulation-0 | INFO flwr 2026-08-28 03:02:57,357 | server.py:495 | 	                     (30, 0.9663954772444008),
2026-08-28 03:02:57,357 | INFO | flwr | 	                     (30, 0.9663954772444008),
simulation-0 | INFO flwr 2026-08-28 03:02:57,357 | server.py:495 | 	                     (31, 0.9936006819702605),
2026-08-28 03:02:57,357 | INFO | flwr | 	                     (31, 0.9936006819702605),
simulation-0 | INFO flwr 2026-08-28 03:02:57,357 | server.py:495 | 	                     (32, 0.9936744841149019),
2026-08-28 03:02:57,357 | INFO | flwr | 	                     (32, 0.9936744841149019),
simulation-0 | INFO flwr 2026-08-28 03:02:57,357 | server.py:495 | 	                     (33, 0.9911446662333059),
2026-08-28 03:02:57,357 | INFO | flwr | 	                     (33, 0.9911446662333059),
simulation-0 | INFO flwr 2026-08-28 03:02:57,358 | server.py:495 | 	                     (34, 0.9922463409977244),
2026-08-28 03:02:57,358 | INFO | flwr | 	                     (34, 0.9922463409977244),
simulation-0 | INFO flwr 2026-08-28 03:02:57,358 | server.py:495 | 	                     (35, 0.9868697142663845),
2026-08-28 03:02:57,358 | INFO | flwr | 	                     (35, 0.9868697142663845),
simulation-0 | INFO flwr 2026-08-28 03:02:57,358 | server.py:495 | 	                     (36, 0.9931289189658966),
2026-08-28 03:02:57,358 | INFO | flwr | 	                     (36, 0.9931289189658966),
simulation-0 | INFO flwr 2026-08-28 03:02:57,358 | server.py:495 | 	                     (37, 0.985888991903287),
2026-08-28 03:02:57,358 | INFO | flwr | 	                     (37, 0.985888991903287),
simulation-0 | INFO flwr 2026-08-28 03:02:57,358 | server.py:495 | 	                     (38, 0.9942921944318219),
2026-08-28 03:02:57,358 | INFO | flwr | 	                     (38, 0.9942921944318219),
simulation-0 | INFO flwr 2026-08-28 03:02:57,358 | server.py:495 | 	                     (39, 0.9913173146783416),
2026-08-28 03:02:57,358 | INFO | flwr | 	                     (39, 0.9913173146783416),
simulation-0 | INFO flwr 2026-08-28 03:02:57,358 | server.py:495 | 	                     (40, 0.9963308107712301),
2026-08-28 03:02:57,358 | INFO | flwr | 	                     (40, 0.9963308107712301),
simulation-0 | INFO flwr 2026-08-28 03:02:57,358 | server.py:495 | 	                     (41, 0.9920573193515815),
2026-08-28 03:02:57,358 | INFO | flwr | 	                     (41, 0.9920573193515815),
simulation-0 | INFO flwr 2026-08-28 03:02:57,358 | server.py:495 | 	                     (42, 0.987087296868807),
2026-08-28 03:02:57,358 | INFO | flwr | 	                     (42, 0.987087296868807),
simulation-0 | INFO flwr 2026-08-28 03:02:57,358 | server.py:495 | 	                     (43, 0.9942226370372835),
2026-08-28 03:02:57,358 | INFO | flwr | 	                     (43, 0.9942226370372835),
simulation-0 | INFO flwr 2026-08-28 03:02:57,358 | server.py:495 | 	                     (44, 0.9881572641855471),
2026-08-28 03:02:57,358 | INFO | flwr | 	                     (44, 0.9881572641855471),
simulation-0 | INFO flwr 2026-08-28 03:02:57,358 | server.py:495 | 	                     (45, 0.9948797454406433),
2026-08-28 03:02:57,358 | INFO | flwr | 	                     (45, 0.9948797454406433),
simulation-0 | INFO flwr 2026-08-28 03:02:57,358 | server.py:495 | 	                     (46, 0.9855918595350549),
2026-08-28 03:02:57,358 | INFO | flwr | 	                     (46, 0.9855918595350549),
simulation-0 | INFO flwr 2026-08-28 03:02:57,358 | server.py:495 | 	                     (47, 0.9908856127825997),
2026-08-28 03:02:57,358 | INFO | flwr | 	                     (47, 0.9908856127825997),
simulation-0 | INFO flwr 2026-08-28 03:02:57,358 | server.py:495 | 	                     (48, 0.990816504653162),
2026-08-28 03:02:57,358 | INFO | flwr | 	                     (48, 0.990816504653162),
simulation-0 | INFO flwr 2026-08-28 03:02:57,358 | server.py:495 | 	                     (49, 0.9906187894666927),
2026-08-28 03:02:57,358 | INFO | flwr | 	                     (49, 0.9906187894666927),
simulation-0 | INFO flwr 2026-08-28 03:02:57,358 | server.py:495 | 	                     (50, 0.9945815046447847),
2026-08-28 03:02:57,358 | INFO | flwr | 	                     (50, 0.9945815046447847),
simulation-0 | INFO flwr 2026-08-28 03:02:57,358 | server.py:495 | 	                     (51, 0.9888294084778791),
2026-08-28 03:02:57,358 | INFO | flwr | 	                     (51, 0.9888294084778791),
simulation-0 | INFO flwr 2026-08-28 03:02:57,358 | server.py:495 | 	                     (52, 0.9942618039461358),
2026-08-28 03:02:57,358 | INFO | flwr | 	                     (52, 0.9942618039461358),
simulation-0 | INFO flwr 2026-08-28 03:02:57,359 | server.py:495 | 	                     (53, 0.9931842915590676),
2026-08-28 03:02:57,359 | INFO | flwr | 	                     (53, 0.9931842915590676),
simulation-0 | INFO flwr 2026-08-28 03:02:57,359 | server.py:495 | 	                     (54, 0.9907816622695546),
2026-08-28 03:02:57,359 | INFO | flwr | 	                     (54, 0.9907816622695546),
simulation-0 | INFO flwr 2026-08-28 03:02:57,359 | server.py:495 | 	                     (55, 0.992573820682126),
2026-08-28 03:02:57,359 | INFO | flwr | 	                     (55, 0.992573820682126),
simulation-0 | INFO flwr 2026-08-28 03:02:57,359 | server.py:495 | 	                     (56, 0.9932928434296155),
2026-08-28 03:02:57,359 | INFO | flwr | 	                     (56, 0.9932928434296155),
simulation-0 | INFO flwr 2026-08-28 03:02:57,359 | server.py:495 | 	                     (57, 0.9946066327547789),
2026-08-28 03:02:57,359 | INFO | flwr | 	                     (57, 0.9946066327547789),
simulation-0 | INFO flwr 2026-08-28 03:02:57,359 | server.py:495 | 	                     (58, 0.9862450654206922),
2026-08-28 03:02:57,359 | INFO | flwr | 	                     (58, 0.9862450654206922),
simulation-0 | INFO flwr 2026-08-28 03:02:57,359 | server.py:495 | 	                     (59, 0.992942475917266),
2026-08-28 03:02:57,359 | INFO | flwr | 	                     (59, 0.992942475917266),
simulation-0 | INFO flwr 2026-08-28 03:02:57,359 | server.py:495 | 	                     (60, 0.9939345334575749),
2026-08-28 03:02:57,359 | INFO | flwr | 	                     (60, 0.9939345334575749),
simulation-0 | INFO flwr 2026-08-28 03:02:57,359 | server.py:495 | 	                     (61, 0.9952264755205225),
2026-08-28 03:02:57,359 | INFO | flwr | 	                     (61, 0.9952264755205225),
simulation-0 | INFO flwr 2026-08-28 03:02:57,359 | server.py:495 | 	                     (62, 0.9836943945275358),
2026-08-28 03:02:57,359 | INFO | flwr | 	                     (62, 0.9836943945275358),
simulation-0 | INFO flwr 2026-08-28 03:02:57,359 | server.py:495 | 	                     (63, 0.9937063308393637),
2026-08-28 03:02:57,359 | INFO | flwr | 	                     (63, 0.9937063308393637),
simulation-0 | INFO flwr 2026-08-28 03:02:57,359 | server.py:495 | 	                     (64, 0.9885129652538858),
2026-08-28 03:02:57,359 | INFO | flwr | 	                     (64, 0.9885129652538858),
simulation-0 | INFO flwr 2026-08-28 03:02:57,359 | server.py:495 | 	                     (65, 0.9960816078093591),
2026-08-28 03:02:57,359 | INFO | flwr | 	                     (65, 0.9960816078093591),
simulation-0 | INFO flwr 2026-08-28 03:02:57,359 | server.py:495 | 	                     (66, 0.9984199308844993),
2026-08-28 03:02:57,359 | INFO | flwr | 	                     (66, 0.9984199308844993),
simulation-0 | INFO flwr 2026-08-28 03:02:57,359 | server.py:495 | 	                     (67, 0.9933749084493785),
2026-08-28 03:02:57,359 | INFO | flwr | 	                     (67, 0.9933749084493785),
simulation-0 | INFO flwr 2026-08-28 03:02:57,359 | server.py:495 | 	                     (68, 0.9959474491885938),
2026-08-28 03:02:57,359 | INFO | flwr | 	                     (68, 0.9959474491885938),
simulation-0 | INFO flwr 2026-08-28 03:02:57,359 | server.py:495 | 	                     (69, 0.9896960764937407),
2026-08-28 03:02:57,359 | INFO | flwr | 	                     (69, 0.9896960764937407),
simulation-0 | INFO flwr 2026-08-28 03:02:57,359 | server.py:495 | 	                     (70, 0.9943793155622728),
2026-08-28 03:02:57,359 | INFO | flwr | 	                     (70, 0.9943793155622728),
simulation-0 | INFO flwr 2026-08-28 03:02:57,359 | server.py:495 | 	                     (71, 0.9969503038688619),
2026-08-28 03:02:57,359 | INFO | flwr | 	                     (71, 0.9969503038688619),
simulation-0 | INFO flwr 2026-08-28 03:02:57,359 | server.py:495 | 	                     (72, 0.9960595133224752),
2026-08-28 03:02:57,359 | INFO | flwr | 	                     (72, 0.9960595133224752),
simulation-0 | INFO flwr 2026-08-28 03:02:57,360 | server.py:495 | 	                     (73, 0.9964827608241875),
2026-08-28 03:02:57,360 | INFO | flwr | 	                     (73, 0.9964827608241875),
simulation-0 | INFO flwr 2026-08-28 03:02:57,360 | server.py:495 | 	                     (74, 0.9958405588629764),
2026-08-28 03:02:57,360 | INFO | flwr | 	                     (74, 0.9958405588629764),
simulation-0 | INFO flwr 2026-08-28 03:02:57,360 | server.py:495 | 	                     (75, 0.9914128472179445),
2026-08-28 03:02:57,360 | INFO | flwr | 	                     (75, 0.9914128472179445),
simulation-0 | INFO flwr 2026-08-28 03:02:57,360 | server.py:495 | 	                     (76, 0.9965245494323054),
2026-08-28 03:02:57,360 | INFO | flwr | 	                     (76, 0.9965245494323054),
simulation-0 | INFO flwr 2026-08-28 03:02:57,360 | server.py:495 | 	                     (77, 0.9975073630682243),
2026-08-28 03:02:57,360 | INFO | flwr | 	                     (77, 0.9975073630682243),
simulation-0 | INFO flwr 2026-08-28 03:02:57,360 | server.py:495 | 	                     (78, 0.995741353536854),
2026-08-28 03:02:57,360 | INFO | flwr | 	                     (78, 0.995741353536854),
simulation-0 | INFO flwr 2026-08-28 03:02:57,360 | server.py:495 | 	                     (79, 0.9851347198795228),
2026-08-28 03:02:57,360 | INFO | flwr | 	                     (79, 0.9851347198795228),
simulation-0 | INFO flwr 2026-08-28 03:02:57,360 | server.py:495 | 	                     (80, 0.9976171521097381),
2026-08-28 03:02:57,360 | INFO | flwr | 	                     (80, 0.9976171521097381),
simulation-0 | INFO flwr 2026-08-28 03:02:57,360 | server.py:495 | 	                     (81, 0.9982351045815624),
2026-08-28 03:02:57,360 | INFO | flwr | 	                     (81, 0.9982351045815624),
simulation-0 | INFO flwr 2026-08-28 03:02:57,360 | server.py:495 | 	                     (82, 0.9901756859788909),
2026-08-28 03:02:57,360 | INFO | flwr | 	                     (82, 0.9901756859788909),
simulation-0 | INFO flwr 2026-08-28 03:02:57,360 | server.py:495 | 	                     (83, 0.9955163632700724),
2026-08-28 03:02:57,360 | INFO | flwr | 	                     (83, 0.9955163632700724),
simulation-0 | INFO flwr 2026-08-28 03:02:57,360 | server.py:495 | 	                     (84, 0.9937720840723049),
2026-08-28 03:02:57,360 | INFO | flwr | 	                     (84, 0.9937720840723049),
simulation-0 | INFO flwr 2026-08-28 03:02:57,360 | server.py:495 | 	                     (85, 0.9976190324108954),
2026-08-28 03:02:57,360 | INFO | flwr | 	                     (85, 0.9976190324108954),
simulation-0 | INFO flwr 2026-08-28 03:02:57,360 | server.py:495 | 	                     (86, 0.9931641607466928),
2026-08-28 03:02:57,360 | INFO | flwr | 	                     (86, 0.9931641607466928),
simulation-0 | INFO flwr 2026-08-28 03:02:57,360 | server.py:495 | 	                     (87, 0.9921178716758822),
2026-08-28 03:02:57,360 | INFO | flwr | 	                     (87, 0.9921178716758822),
simulation-0 | INFO flwr 2026-08-28 03:02:57,360 | server.py:495 | 	                     (88, 0.9959056915176954),
2026-08-28 03:02:57,360 | INFO | flwr | 	                     (88, 0.9959056915176954),
simulation-0 | INFO flwr 2026-08-28 03:02:57,360 | server.py:495 | 	                     (89, 0.9970771744233361),
2026-08-28 03:02:57,360 | INFO | flwr | 	                     (89, 0.9970771744233361),
simulation-0 | INFO flwr 2026-08-28 03:02:57,360 | server.py:495 | 	                     (90, 0.9935122776445455),
2026-08-28 03:02:57,360 | INFO | flwr | 	                     (90, 0.9935122776445455),
simulation-0 | INFO flwr 2026-08-28 03:02:57,360 | server.py:495 | 	                     (91, 0.9966165117621112),
2026-08-28 03:02:57,360 | INFO | flwr | 	                     (91, 0.9966165117621112),
simulation-0 | INFO flwr 2026-08-28 03:02:57,360 | server.py:495 | 	                     (92, 0.9962258531561431),
2026-08-28 03:02:57,360 | INFO | flwr | 	                     (92, 0.9962258531561431),
simulation-0 | INFO flwr 2026-08-28 03:02:57,361 | server.py:495 | 	                     (93, 0.9967202762802322),
2026-08-28 03:02:57,361 | INFO | flwr | 	                     (93, 0.9967202762802322),
simulation-0 | INFO flwr 2026-08-28 03:02:57,361 | server.py:495 | 	                     (94, 0.9971658231299717),
2026-08-28 03:02:57,361 | INFO | flwr | 	                     (94, 0.9971658231299717),
simulation-0 | INFO flwr 2026-08-28 03:02:57,361 | server.py:495 | 	                     (95, 0.9977163913441277),
2026-08-28 03:02:57,361 | INFO | flwr | 	                     (95, 0.9977163913441277),
simulation-0 | INFO flwr 2026-08-28 03:02:57,361 | server.py:495 | 	                     (96, 0.9926638379163443),
2026-08-28 03:02:57,361 | INFO | flwr | 	                     (96, 0.9926638379163443),
simulation-0 | INFO flwr 2026-08-28 03:02:57,361 | server.py:495 | 	                     (97, 0.9961818824625274),
2026-08-28 03:02:57,361 | INFO | flwr | 	                     (97, 0.9961818824625274),
simulation-0 | INFO flwr 2026-08-28 03:02:57,361 | server.py:495 | 	                     (98, 0.9963058453027989),
2026-08-28 03:02:57,361 | INFO | flwr | 	                     (98, 0.9963058453027989),
simulation-0 | INFO flwr 2026-08-28 03:02:57,361 | server.py:495 | 	                     (99, 0.9979082862115012),
2026-08-28 03:02:57,361 | INFO | flwr | 	                     (99, 0.9979082862115012),
simulation-0 | INFO flwr 2026-08-28 03:02:57,361 | server.py:495 | 	                     (100, 0.9949516380227533)],
2026-08-28 03:02:57,361 | INFO | flwr | 	                     (100, 0.9949516380227533)],
simulation-0 | INFO flwr 2026-08-28 03:02:57,361 | server.py:495 | 	 'train_recall': [(1, 0.9073472514152514),
2026-08-28 03:02:57,361 | INFO | flwr | 	 'train_recall': [(1, 0.9073472514152514),
simulation-0 | INFO flwr 2026-08-28 03:02:57,361 | server.py:495 | 	                  (2, 0.93872357005957),
2026-08-28 03:02:57,361 | INFO | flwr | 	                  (2, 0.93872357005957),
simulation-0 | INFO flwr 2026-08-28 03:02:57,361 | server.py:495 | 	                  (3, 0.94484414985015),
2026-08-28 03:02:57,361 | INFO | flwr | 	                  (3, 0.94484414985015),
simulation-0 | INFO flwr 2026-08-28 03:02:57,361 | server.py:495 | 	                  (4, 0.9704850595330596),
2026-08-28 03:02:57,361 | INFO | flwr | 	                  (4, 0.9704850595330596),
simulation-0 | INFO flwr 2026-08-28 03:02:57,361 | server.py:495 | 	                  (5, 0.96259932001332),
2026-08-28 03:02:57,361 | INFO | flwr | 	                  (5, 0.96259932001332),
simulation-0 | INFO flwr 2026-08-28 03:02:57,361 | server.py:495 | 	                  (6, 0.9752362406482407),
2026-08-28 03:02:57,361 | INFO | flwr | 	                  (6, 0.9752362406482407),
simulation-0 | INFO flwr 2026-08-28 03:02:57,361 | server.py:495 | 	                  (7, 0.967547694823695),
2026-08-28 03:02:57,361 | INFO | flwr | 	                  (7, 0.967547694823695),
simulation-0 | INFO flwr 2026-08-28 03:02:57,361 | server.py:495 | 	                  (8, 0.9416143120583119),
2026-08-28 03:02:57,361 | INFO | flwr | 	                  (8, 0.9416143120583119),
simulation-0 | INFO flwr 2026-08-28 03:02:57,361 | server.py:495 | 	                  (9, 0.9771777125837127),
2026-08-28 03:02:57,361 | INFO | flwr | 	                  (9, 0.9771777125837127),
simulation-0 | INFO flwr 2026-08-28 03:02:57,361 | server.py:495 | 	                  (10, 0.9794574316054315),
2026-08-28 03:02:57,361 | INFO | flwr | 	                  (10, 0.9794574316054315),
simulation-0 | INFO flwr 2026-08-28 03:02:57,361 | server.py:495 | 	                  (11, 0.9775109919709921),
2026-08-28 03:02:57,361 | INFO | flwr | 	                  (11, 0.9775109919709921),
simulation-0 | INFO flwr 2026-08-28 03:02:57,362 | server.py:495 | 	                  (12, 0.9752996214896215),
2026-08-28 03:02:57,362 | INFO | flwr | 	                  (12, 0.9752996214896215),
simulation-0 | INFO flwr 2026-08-28 03:02:57,362 | server.py:495 | 	                  (13, 0.9740690831390831),
2026-08-28 03:02:57,362 | INFO | flwr | 	                  (13, 0.9740690831390831),
simulation-0 | INFO flwr 2026-08-28 03:02:57,362 | server.py:495 | 	                  (14, 0.9864988433048432),
2026-08-28 03:02:57,362 | INFO | flwr | 	                  (14, 0.9864988433048432),
simulation-0 | INFO flwr 2026-08-28 03:02:57,362 | server.py:495 | 	                  (15, 0.9882907453287454),
2026-08-28 03:02:57,362 | INFO | flwr | 	                  (15, 0.9882907453287454),
simulation-0 | INFO flwr 2026-08-28 03:02:57,362 | server.py:495 | 	                  (16, 0.9860213774373774),
2026-08-28 03:02:57,362 | INFO | flwr | 	                  (16, 0.9860213774373774),
simulation-0 | INFO flwr 2026-08-28 03:02:57,362 | server.py:495 | 	                  (17, 0.9860449805749805),
2026-08-28 03:02:57,362 | INFO | flwr | 	                  (17, 0.9860449805749805),
simulation-0 | INFO flwr 2026-08-28 03:02:57,362 | server.py:495 | 	                  (18, 0.9825192534872536),
2026-08-28 03:02:57,362 | INFO | flwr | 	                  (18, 0.9825192534872536),
simulation-0 | INFO flwr 2026-08-28 03:02:57,362 | server.py:495 | 	                  (19, 0.9871181186961187),
2026-08-28 03:02:57,362 | INFO | flwr | 	                  (19, 0.9871181186961187),
simulation-0 | INFO flwr 2026-08-28 03:02:57,362 | server.py:495 | 	                  (20, 0.9854873275613275),
2026-08-28 03:02:57,362 | INFO | flwr | 	                  (20, 0.9854873275613275),
simulation-0 | INFO flwr 2026-08-28 03:02:57,362 | server.py:495 | 	                  (21, 0.9854867895067895),
2026-08-28 03:02:57,362 | INFO | flwr | 	                  (21, 0.9854867895067895),
simulation-0 | INFO flwr 2026-08-28 03:02:57,362 | server.py:495 | 	                  (22, 0.9909079544159544),
2026-08-28 03:02:57,362 | INFO | flwr | 	                  (22, 0.9909079544159544),
simulation-0 | INFO flwr 2026-08-28 03:02:57,362 | server.py:495 | 	                  (23, 0.9888151066711067),
2026-08-28 03:02:57,362 | INFO | flwr | 	                  (23, 0.9888151066711067),
simulation-0 | INFO flwr 2026-08-28 03:02:57,362 | server.py:495 | 	                  (24, 0.9930927039627039),
2026-08-28 03:02:57,362 | INFO | flwr | 	                  (24, 0.9930927039627039),
simulation-0 | INFO flwr 2026-08-28 03:02:57,362 | server.py:495 | 	                  (25, 0.9790075762755762),
2026-08-28 03:02:57,362 | INFO | flwr | 	                  (25, 0.9790075762755762),
simulation-0 | INFO flwr 2026-08-28 03:02:57,362 | server.py:495 | 	                  (26, 0.9933116191216191),
2026-08-28 03:02:57,362 | INFO | flwr | 	                  (26, 0.9933116191216191),
simulation-0 | INFO flwr 2026-08-28 03:02:57,362 | server.py:495 | 	                  (27, 0.9890468598068597),
2026-08-28 03:02:57,362 | INFO | flwr | 	                  (27, 0.9890468598068597),
simulation-0 | INFO flwr 2026-08-28 03:02:57,362 | server.py:495 | 	                  (28, 0.9888219452399454),
2026-08-28 03:02:57,362 | INFO | flwr | 	                  (28, 0.9888219452399454),
simulation-0 | INFO flwr 2026-08-28 03:02:57,362 | server.py:495 | 	                  (29, 0.9808262343582344),
2026-08-28 03:02:57,362 | INFO | flwr | 	                  (29, 0.9808262343582344),
simulation-0 | INFO flwr 2026-08-28 03:02:57,362 | server.py:495 | 	                  (30, 0.960325938061938),
2026-08-28 03:02:57,362 | INFO | flwr | 	                  (30, 0.960325938061938),
simulation-0 | INFO flwr 2026-08-28 03:02:57,362 | server.py:495 | 	                  (31, 0.9934620507640507),
2026-08-28 03:02:57,362 | INFO | flwr | 	                  (31, 0.9934620507640507),
simulation-0 | INFO flwr 2026-08-28 03:02:57,363 | server.py:495 | 	                  (32, 0.9935619159359161),
2026-08-28 03:02:57,363 | INFO | flwr | 	                  (32, 0.9935619159359161),
simulation-0 | INFO flwr 2026-08-28 03:02:57,363 | server.py:495 | 	                  (33, 0.9915133205313206),
2026-08-28 03:02:57,363 | INFO | flwr | 	                  (33, 0.9915133205313206),
simulation-0 | INFO flwr 2026-08-28 03:02:57,363 | server.py:495 | 	                  (34, 0.9925927212787213),
2026-08-28 03:02:57,363 | INFO | flwr | 	                  (34, 0.9925927212787213),
simulation-0 | INFO flwr 2026-08-28 03:02:57,363 | server.py:495 | 	                  (35, 0.9856215195915196),
2026-08-28 03:02:57,363 | INFO | flwr | 	                  (35, 0.9856215195915196),
simulation-0 | INFO flwr 2026-08-28 03:02:57,363 | server.py:495 | 	                  (36, 0.9931101963961966),
2026-08-28 03:02:57,363 | INFO | flwr | 	                  (36, 0.9931101963961966),
simulation-0 | INFO flwr 2026-08-28 03:02:57,363 | server.py:495 | 	                  (37, 0.9863843717023717),
2026-08-28 03:02:57,363 | INFO | flwr | 	                  (37, 0.9863843717023717),
simulation-0 | INFO flwr 2026-08-28 03:02:57,363 | server.py:495 | 	                  (38, 0.9942120981240982),
2026-08-28 03:02:57,363 | INFO | flwr | 	                  (38, 0.9942120981240982),
simulation-0 | INFO flwr 2026-08-28 03:02:57,363 | server.py:495 | 	                  (39, 0.9909252355052355),
2026-08-28 03:02:57,363 | INFO | flwr | 	                  (39, 0.9909252355052355),
simulation-0 | INFO flwr 2026-08-28 03:02:57,363 | server.py:495 | 	                  (40, 0.9964538077478079),
2026-08-28 03:02:57,363 | INFO | flwr | 	                  (40, 0.9964538077478079),
simulation-0 | INFO flwr 2026-08-28 03:02:57,363 | server.py:495 | 	                  (41, 0.9921400784400785),
2026-08-28 03:02:57,363 | INFO | flwr | 	                  (41, 0.9921400784400785),
simulation-0 | INFO flwr 2026-08-28 03:02:57,363 | server.py:495 | 	                  (42, 0.9862013473933475),
2026-08-28 03:02:57,363 | INFO | flwr | 	                  (42, 0.9862013473933475),
simulation-0 | INFO flwr 2026-08-28 03:02:57,363 | server.py:495 | 	                  (43, 0.9940559809819809),
2026-08-28 03:02:57,363 | INFO | flwr | 	                  (43, 0.9940559809819809),
simulation-0 | INFO flwr 2026-08-28 03:02:57,363 | server.py:495 | 	                  (44, 0.9882897315277316),
2026-08-28 03:02:57,363 | INFO | flwr | 	                  (44, 0.9882897315277316),
simulation-0 | INFO flwr 2026-08-28 03:02:57,363 | server.py:495 | 	                  (45, 0.9950913382913384),
2026-08-28 03:02:57,363 | INFO | flwr | 	                  (45, 0.9950913382913384),
simulation-0 | INFO flwr 2026-08-28 03:02:57,363 | server.py:495 | 	                  (46, 0.9856666103526105),
2026-08-28 03:02:57,363 | INFO | flwr | 	                  (46, 0.9856666103526105),
simulation-0 | INFO flwr 2026-08-28 03:02:57,363 | server.py:495 | 	                  (47, 0.9901324041884041),
2026-08-28 03:02:57,363 | INFO | flwr | 	                  (47, 0.9901324041884041),
simulation-0 | INFO flwr 2026-08-28 03:02:57,363 | server.py:495 | 	                  (48, 0.9909569622969624),
2026-08-28 03:02:57,363 | INFO | flwr | 	                  (48, 0.9909569622969624),
simulation-0 | INFO flwr 2026-08-28 03:02:57,363 | server.py:495 | 	                  (49, 0.9901499049099048),
2026-08-28 03:02:57,363 | INFO | flwr | 	                  (49, 0.9901499049099048),
simulation-0 | INFO flwr 2026-08-28 03:02:57,363 | server.py:495 | 	                  (50, 0.9946307425167425),
2026-08-28 03:02:57,363 | INFO | flwr | 	                  (50, 0.9946307425167425),
simulation-0 | INFO flwr 2026-08-28 03:02:57,363 | server.py:495 | 	                  (51, 0.989336730898731),
2026-08-28 03:02:57,363 | INFO | flwr | 	                  (51, 0.989336730898731),
simulation-0 | INFO flwr 2026-08-28 03:02:57,364 | server.py:495 | 	                  (52, 0.9949404445924449),
2026-08-28 03:02:57,364 | INFO | flwr | 	                  (52, 0.9949404445924449),
simulation-0 | INFO flwr 2026-08-28 03:02:57,364 | server.py:495 | 	                  (53, 0.992554387982388),
2026-08-28 03:02:57,364 | INFO | flwr | 	                  (53, 0.992554387982388),
simulation-0 | INFO flwr 2026-08-28 03:02:57,364 | server.py:495 | 	                  (54, 0.9911417883597884),
2026-08-28 03:02:57,364 | INFO | flwr | 	                  (54, 0.9911417883597884),
simulation-0 | INFO flwr 2026-08-28 03:02:57,364 | server.py:495 | 	                  (55, 0.9934812946312946),
2026-08-28 03:02:57,364 | INFO | flwr | 	                  (55, 0.9934812946312946),
simulation-0 | INFO flwr 2026-08-28 03:02:57,364 | server.py:495 | 	                  (56, 0.993821574795575),
2026-08-28 03:02:57,364 | INFO | flwr | 	                  (56, 0.993821574795575),
simulation-0 | INFO flwr 2026-08-28 03:02:57,364 | server.py:495 | 	                  (57, 0.9948345162245162),
2026-08-28 03:02:57,364 | INFO | flwr | 	                  (57, 0.9948345162245162),
simulation-0 | INFO flwr 2026-08-28 03:02:57,364 | server.py:495 | 	                  (58, 0.9845511934731935),
2026-08-28 03:02:57,364 | INFO | flwr | 	                  (58, 0.9845511934731935),
simulation-0 | INFO flwr 2026-08-28 03:02:57,364 | server.py:495 | 	                  (59, 0.9925080936100936),
2026-08-28 03:02:57,364 | INFO | flwr | 	                  (59, 0.9925080936100936),
simulation-0 | INFO flwr 2026-08-28 03:02:57,364 | server.py:495 | 	                  (60, 0.9920559126059126),
2026-08-28 03:02:57,364 | INFO | flwr | 	                  (60, 0.9920559126059126),
simulation-0 | INFO flwr 2026-08-28 03:02:57,364 | server.py:495 | 	                  (61, 0.995624828208828),
2026-08-28 03:02:57,364 | INFO | flwr | 	                  (61, 0.995624828208828),
simulation-0 | INFO flwr 2026-08-28 03:02:57,364 | server.py:495 | 	                  (62, 0.9839049554889555),
2026-08-28 03:02:57,364 | INFO | flwr | 	                  (62, 0.9839049554889555),
simulation-0 | INFO flwr 2026-08-28 03:02:57,364 | server.py:495 | 	                  (63, 0.9938244627224626),
2026-08-28 03:02:57,364 | INFO | flwr | 	                  (63, 0.9938244627224626),
simulation-0 | INFO flwr 2026-08-28 03:02:57,364 | server.py:495 | 	                  (64, 0.9865141425981427),
2026-08-28 03:02:57,364 | INFO | flwr | 	                  (64, 0.9865141425981427),
simulation-0 | INFO flwr 2026-08-28 03:02:57,364 | server.py:495 | 	                  (65, 0.9962569785769786),
2026-08-28 03:02:57,364 | INFO | flwr | 	                  (65, 0.9962569785769786),
simulation-0 | INFO flwr 2026-08-28 03:02:57,364 | server.py:495 | 	                  (66, 0.9983001174381173),
2026-08-28 03:02:57,364 | INFO | flwr | 	                  (66, 0.9983001174381173),
simulation-0 | INFO flwr 2026-08-28 03:02:57,364 | server.py:495 | 	                  (67, 0.9933552331372332),
2026-08-28 03:02:57,364 | INFO | flwr | 	                  (67, 0.9933552331372332),
simulation-0 | INFO flwr 2026-08-28 03:02:57,364 | server.py:495 | 	                  (68, 0.9965538332038334),
2026-08-28 03:02:57,364 | INFO | flwr | 	                  (68, 0.9965538332038334),
simulation-0 | INFO flwr 2026-08-28 03:02:57,364 | server.py:495 | 	                  (69, 0.9840559376919378),
2026-08-28 03:02:57,364 | INFO | flwr | 	                  (69, 0.9840559376919378),
simulation-0 | INFO flwr 2026-08-28 03:02:57,364 | server.py:495 | 	                  (70, 0.9946080560920563),
2026-08-28 03:02:57,364 | INFO | flwr | 	                  (70, 0.9946080560920563),
simulation-0 | INFO flwr 2026-08-28 03:02:57,364 | server.py:495 | 	                  (71, 0.9968401153661153),
2026-08-28 03:02:57,364 | INFO | flwr | 	                  (71, 0.9968401153661153),
simulation-0 | INFO flwr 2026-08-28 03:02:57,365 | server.py:495 | 	                  (72, 0.9958500753320754),
2026-08-28 03:02:57,365 | INFO | flwr | 	                  (72, 0.9958500753320754),
simulation-0 | INFO flwr 2026-08-28 03:02:57,365 | server.py:495 | 	                  (73, 0.9965702664002665),
2026-08-28 03:02:57,365 | INFO | flwr | 	                  (73, 0.9965702664002665),
simulation-0 | INFO flwr 2026-08-28 03:02:57,365 | server.py:495 | 	                  (74, 0.996098485144485),
2026-08-28 03:02:57,365 | INFO | flwr | 	                  (74, 0.996098485144485),
simulation-0 | INFO flwr 2026-08-28 03:02:57,365 | server.py:495 | 	                  (75, 0.9907715993635994),
2026-08-28 03:02:57,365 | INFO | flwr | 	                  (75, 0.9907715993635994),
simulation-0 | INFO flwr 2026-08-28 03:02:57,365 | server.py:495 | 	                  (76, 0.9966270075850076),
2026-08-28 03:02:57,365 | INFO | flwr | 	                  (76, 0.9966270075850076),
simulation-0 | INFO flwr 2026-08-28 03:02:57,365 | server.py:495 | 	                  (77, 0.9973830872830872),
2026-08-28 03:02:57,365 | INFO | flwr | 	                  (77, 0.9973830872830872),
simulation-0 | INFO flwr 2026-08-28 03:02:57,365 | server.py:495 | 	                  (78, 0.9956909707329706),
2026-08-28 03:02:57,365 | INFO | flwr | 	                  (78, 0.9956909707329706),
simulation-0 | INFO flwr 2026-08-28 03:02:57,365 | server.py:495 | 	                  (79, 0.9857234444074444),
2026-08-28 03:02:57,365 | INFO | flwr | 	                  (79, 0.9857234444074444),
simulation-0 | INFO flwr 2026-08-28 03:02:57,365 | server.py:495 | 	                  (80, 0.9976052713212714),
2026-08-28 03:02:57,365 | INFO | flwr | 	                  (80, 0.9976052713212714),
simulation-0 | INFO flwr 2026-08-28 03:02:57,365 | server.py:495 | 	                  (81, 0.9980922553742555),
2026-08-28 03:02:57,365 | INFO | flwr | 	                  (81, 0.9980922553742555),
simulation-0 | INFO flwr 2026-08-28 03:02:57,365 | server.py:495 | 	                  (82, 0.9909037468457469),
2026-08-28 03:02:57,365 | INFO | flwr | 	                  (82, 0.9909037468457469),
simulation-0 | INFO flwr 2026-08-28 03:02:57,365 | server.py:495 | 	                  (83, 0.9959504684944686),
2026-08-28 03:02:57,365 | INFO | flwr | 	                  (83, 0.9959504684944686),
simulation-0 | INFO flwr 2026-08-28 03:02:57,365 | server.py:495 | 	                  (84, 0.9942213046213045),
2026-08-28 03:02:57,365 | INFO | flwr | 	                  (84, 0.9942213046213045),
simulation-0 | INFO flwr 2026-08-28 03:02:57,365 | server.py:495 | 	                  (85, 0.9978496736596737),
2026-08-28 03:02:57,365 | INFO | flwr | 	                  (85, 0.9978496736596737),
simulation-0 | INFO flwr 2026-08-28 03:02:57,365 | server.py:495 | 	                  (86, 0.993319065083065),
2026-08-28 03:02:57,365 | INFO | flwr | 	                  (86, 0.993319065083065),
simulation-0 | INFO flwr 2026-08-28 03:02:57,365 | server.py:495 | 	                  (87, 0.992212691012691),
2026-08-28 03:02:57,365 | INFO | flwr | 	                  (87, 0.992212691012691),
simulation-0 | INFO flwr 2026-08-28 03:02:57,365 | server.py:495 | 	                  (88, 0.9955214562474564),
2026-08-28 03:02:57,365 | INFO | flwr | 	                  (88, 0.9955214562474564),
simulation-0 | INFO flwr 2026-08-28 03:02:57,365 | server.py:495 | 	                  (89, 0.997230023014023),
2026-08-28 03:02:57,365 | INFO | flwr | 	                  (89, 0.997230023014023),
simulation-0 | INFO flwr 2026-08-28 03:02:57,365 | server.py:495 | 	                  (90, 0.9916783003663002),
2026-08-28 03:02:57,365 | INFO | flwr | 	                  (90, 0.9916783003663002),
simulation-0 | INFO flwr 2026-08-28 03:02:57,365 | server.py:495 | 	                  (91, 0.9966129237429239),
2026-08-28 03:02:57,365 | INFO | flwr | 	                  (91, 0.9966129237429239),
simulation-0 | INFO flwr 2026-08-28 03:02:57,366 | server.py:495 | 	                  (92, 0.9964081716061715),
2026-08-28 03:02:57,366 | INFO | flwr | 	                  (92, 0.9964081716061715),
simulation-0 | INFO flwr 2026-08-28 03:02:57,366 | server.py:495 | 	                  (93, 0.9967302111962111),
2026-08-28 03:02:57,366 | INFO | flwr | 	                  (93, 0.9967302111962111),
simulation-0 | INFO flwr 2026-08-28 03:02:57,366 | server.py:495 | 	                  (94, 0.997184900950901),
2026-08-28 03:02:57,366 | INFO | flwr | 	                  (94, 0.997184900950901),
simulation-0 | INFO flwr 2026-08-28 03:02:57,366 | server.py:495 | 	                  (95, 0.9978233845413844),
2026-08-28 03:02:57,366 | INFO | flwr | 	                  (95, 0.9978233845413844),
simulation-0 | INFO flwr 2026-08-28 03:02:57,366 | server.py:495 | 	                  (96, 0.9934527787027787),
2026-08-28 03:02:57,366 | INFO | flwr | 	                  (96, 0.9934527787027787),
simulation-0 | INFO flwr 2026-08-28 03:02:57,366 | server.py:495 | 	                  (97, 0.9966362869722869),
2026-08-28 03:02:57,366 | INFO | flwr | 	                  (97, 0.9966362869722869),
simulation-0 | INFO flwr 2026-08-28 03:02:57,366 | server.py:495 | 	                  (98, 0.996679085063085),
2026-08-28 03:02:57,366 | INFO | flwr | 	                  (98, 0.996679085063085),
simulation-0 | INFO flwr 2026-08-28 03:02:57,366 | server.py:495 | 	                  (99, 0.9980973460613459),
2026-08-28 03:02:57,366 | INFO | flwr | 	                  (99, 0.9980973460613459),
simulation-0 | INFO flwr 2026-08-28 03:02:57,366 | server.py:495 | 	                  (100, 0.9954189648129649)],
2026-08-28 03:02:57,366 | INFO | flwr | 	                  (100, 0.9954189648129649)],
simulation-0 | INFO flwr 2026-08-28 03:02:57,366 | server.py:495 | 	 'val_accuracy': [(1, 0.5065616605616605),
2026-08-28 03:02:57,366 | INFO | flwr | 	 'val_accuracy': [(1, 0.5065616605616605),
simulation-0 | INFO flwr 2026-08-28 03:02:57,366 | server.py:495 | 	                  (2, 0.5225907041107042),
2026-08-28 03:02:57,366 | INFO | flwr | 	                  (2, 0.5225907041107042),
simulation-0 | INFO flwr 2026-08-28 03:02:57,366 | server.py:495 | 	                  (3, 0.5107138787138787),
2026-08-28 03:02:57,366 | INFO | flwr | 	                  (3, 0.5107138787138787),
simulation-0 | INFO flwr 2026-08-28 03:02:57,366 | server.py:495 | 	                  (4, 0.5226877655677655),
2026-08-28 03:02:57,366 | INFO | flwr | 	                  (4, 0.5226877655677655),
simulation-0 | INFO flwr 2026-08-28 03:02:57,366 | server.py:495 | 	                  (5, 0.5079264306064305),
2026-08-28 03:02:57,366 | INFO | flwr | 	                  (5, 0.5079264306064305),
simulation-0 | INFO flwr 2026-08-28 03:02:57,366 | server.py:495 | 	                  (6, 0.5186693854293855),
2026-08-28 03:02:57,366 | INFO | flwr | 	                  (6, 0.5186693854293855),
simulation-0 | INFO flwr 2026-08-28 03:02:57,366 | server.py:495 | 	                  (7, 0.5361553113553114),
2026-08-28 03:02:57,366 | INFO | flwr | 	                  (7, 0.5361553113553114),
simulation-0 | INFO flwr 2026-08-28 03:02:57,366 | server.py:495 | 	                  (8, 0.5396453724053724),
2026-08-28 03:02:57,366 | INFO | flwr | 	                  (8, 0.5396453724053724),
simulation-0 | INFO flwr 2026-08-28 03:02:57,366 | server.py:495 | 	                  (9, 0.4944184615384616),
2026-08-28 03:02:57,366 | INFO | flwr | 	                  (9, 0.4944184615384616),
simulation-0 | INFO flwr 2026-08-28 03:02:57,366 | server.py:495 | 	                  (10, 0.5292842979242979),
2026-08-28 03:02:57,366 | INFO | flwr | 	                  (10, 0.5292842979242979),
simulation-0 | INFO flwr 2026-08-28 03:02:57,366 | server.py:495 | 	                  (11, 0.5404306389906389),
2026-08-28 03:02:57,366 | INFO | flwr | 	                  (11, 0.5404306389906389),
simulation-0 | INFO flwr 2026-08-28 03:02:57,367 | server.py:495 | 	                  (12, 0.5306361741961741),
2026-08-28 03:02:57,367 | INFO | flwr | 	                  (12, 0.5306361741961741),
simulation-0 | INFO flwr 2026-08-28 03:02:57,367 | server.py:495 | 	                  (13, 0.5501136182336183),
2026-08-28 03:02:57,367 | INFO | flwr | 	                  (13, 0.5501136182336183),
simulation-0 | INFO flwr 2026-08-28 03:02:57,367 | server.py:495 | 	                  (14, 0.5455076923076922),
2026-08-28 03:02:57,367 | INFO | flwr | 	                  (14, 0.5455076923076922),
simulation-0 | INFO flwr 2026-08-28 03:02:57,367 | server.py:495 | 	                  (15, 0.5279449898249898),
2026-08-28 03:02:57,367 | INFO | flwr | 	                  (15, 0.5279449898249898),
simulation-0 | INFO flwr 2026-08-28 03:02:57,367 | server.py:495 | 	                  (16, 0.5267030525030525),
2026-08-28 03:02:57,367 | INFO | flwr | 	                  (16, 0.5267030525030525),
simulation-0 | INFO flwr 2026-08-28 03:02:57,367 | server.py:495 | 	                  (17, 0.5588421326821327),
2026-08-28 03:02:57,367 | INFO | flwr | 	                  (17, 0.5588421326821327),
simulation-0 | INFO flwr 2026-08-28 03:02:57,367 | server.py:495 | 	                  (18, 0.5501152787952788),
2026-08-28 03:02:57,367 | INFO | flwr | 	                  (18, 0.5501152787952788),
simulation-0 | INFO flwr 2026-08-28 03:02:57,367 | server.py:495 | 	                  (19, 0.557921107041107),
2026-08-28 03:02:57,367 | INFO | flwr | 	                  (19, 0.557921107041107),
simulation-0 | INFO flwr 2026-08-28 03:02:57,367 | server.py:495 | 	                  (20, 0.5544755555555555),
2026-08-28 03:02:57,367 | INFO | flwr | 	                  (20, 0.5544755555555555),
simulation-0 | INFO flwr 2026-08-28 03:02:57,367 | server.py:495 | 	                  (21, 0.5585488319088319),
2026-08-28 03:02:57,367 | INFO | flwr | 	                  (21, 0.5585488319088319),
simulation-0 | INFO flwr 2026-08-28 03:02:57,367 | server.py:495 | 	                  (22, 0.5469633374033374),
2026-08-28 03:02:57,367 | INFO | flwr | 	                  (22, 0.5469633374033374),
simulation-0 | INFO flwr 2026-08-28 03:02:57,367 | server.py:495 | 	                  (23, 0.5375711192511192),
2026-08-28 03:02:57,367 | INFO | flwr | 	                  (23, 0.5375711192511192),
simulation-0 | INFO flwr 2026-08-28 03:02:57,367 | server.py:495 | 	                  (24, 0.5520992104192104),
2026-08-28 03:02:57,367 | INFO | flwr | 	                  (24, 0.5520992104192104),
simulation-0 | INFO flwr 2026-08-28 03:02:57,367 | server.py:495 | 	                  (25, 0.534457094017094),
2026-08-28 03:02:57,367 | INFO | flwr | 	                  (25, 0.534457094017094),
simulation-0 | INFO flwr 2026-08-28 03:02:57,367 | server.py:495 | 	                  (26, 0.5629716076516077),
2026-08-28 03:02:57,367 | INFO | flwr | 	                  (26, 0.5629716076516077),
simulation-0 | INFO flwr 2026-08-28 03:02:57,367 | server.py:495 | 	                  (27, 0.5509564183964184),
2026-08-28 03:02:57,367 | INFO | flwr | 	                  (27, 0.5509564183964184),
simulation-0 | INFO flwr 2026-08-28 03:02:57,367 | server.py:495 | 	                  (28, 0.536198485958486),
2026-08-28 03:02:57,367 | INFO | flwr | 	                  (28, 0.536198485958486),
simulation-0 | INFO flwr 2026-08-28 03:02:57,367 | server.py:495 | 	                  (29, 0.5477276516076516),
2026-08-28 03:02:57,367 | INFO | flwr | 	                  (29, 0.5477276516076516),
simulation-0 | INFO flwr 2026-08-28 03:02:57,367 | server.py:495 | 	                  (30, 0.5522541147741148),
2026-08-28 03:02:57,367 | INFO | flwr | 	                  (30, 0.5522541147741148),
simulation-0 | INFO flwr 2026-08-28 03:02:57,368 | server.py:495 | 	                  (31, 0.5767852014652015),
2026-08-28 03:02:57,368 | INFO | flwr | 	                  (31, 0.5767852014652015),
simulation-0 | INFO flwr 2026-08-28 03:02:57,368 | server.py:495 | 	                  (32, 0.5377985347985348),
2026-08-28 03:02:57,368 | INFO | flwr | 	                  (32, 0.5377985347985348),
simulation-0 | INFO flwr 2026-08-28 03:02:57,368 | server.py:495 | 	                  (33, 0.5711887342287343),
2026-08-28 03:02:57,368 | INFO | flwr | 	                  (33, 0.5711887342287343),
simulation-0 | INFO flwr 2026-08-28 03:02:57,368 | server.py:495 | 	                  (34, 0.5734977289377289),
2026-08-28 03:02:57,368 | INFO | flwr | 	                  (34, 0.5734977289377289),
simulation-0 | INFO flwr 2026-08-28 03:02:57,368 | server.py:495 | 	                  (35, 0.5591288563288563),
2026-08-28 03:02:57,368 | INFO | flwr | 	                  (35, 0.5591288563288563),
simulation-0 | INFO flwr 2026-08-28 03:02:57,368 | server.py:495 | 	                  (36, 0.5596467562067562),
2026-08-28 03:02:57,368 | INFO | flwr | 	                  (36, 0.5596467562067562),
simulation-0 | INFO flwr 2026-08-28 03:02:57,368 | server.py:495 | 	                  (37, 0.5500378998778999),
2026-08-28 03:02:57,368 | INFO | flwr | 	                  (37, 0.5500378998778999),
simulation-0 | INFO flwr 2026-08-28 03:02:57,368 | server.py:495 | 	                  (38, 0.558743199023199),
2026-08-28 03:02:57,368 | INFO | flwr | 	                  (38, 0.558743199023199),
simulation-0 | INFO flwr 2026-08-28 03:02:57,368 | server.py:495 | 	                  (39, 0.5583786080586081),
2026-08-28 03:02:57,368 | INFO | flwr | 	                  (39, 0.5583786080586081),
simulation-0 | INFO flwr 2026-08-28 03:02:57,368 | server.py:495 | 	                  (40, 0.5625740822140821),
2026-08-28 03:02:57,368 | INFO | flwr | 	                  (40, 0.5625740822140821),
simulation-0 | INFO flwr 2026-08-28 03:02:57,368 | server.py:495 | 	                  (41, 0.5772250549450548),
2026-08-28 03:02:57,368 | INFO | flwr | 	                  (41, 0.5772250549450548),
simulation-0 | INFO flwr 2026-08-28 03:02:57,368 | server.py:495 | 	                  (42, 0.5787330891330892),
2026-08-28 03:02:57,368 | INFO | flwr | 	                  (42, 0.5787330891330892),
simulation-0 | INFO flwr 2026-08-28 03:02:57,368 | server.py:495 | 	                  (43, 0.5718408791208791),
2026-08-28 03:02:57,368 | INFO | flwr | 	                  (43, 0.5718408791208791),
simulation-0 | INFO flwr 2026-08-28 03:02:57,368 | server.py:495 | 	                  (44, 0.5665584696784697),
2026-08-28 03:02:57,368 | INFO | flwr | 	                  (44, 0.5665584696784697),
simulation-0 | INFO flwr 2026-08-28 03:02:57,368 | server.py:495 | 	                  (45, 0.5548327716727717),
2026-08-28 03:02:57,368 | INFO | flwr | 	                  (45, 0.5548327716727717),
simulation-0 | INFO flwr 2026-08-28 03:02:57,368 | server.py:495 | 	                  (46, 0.5837431013431014),
2026-08-28 03:02:57,368 | INFO | flwr | 	                  (46, 0.5837431013431014),
simulation-0 | INFO flwr 2026-08-28 03:02:57,368 | server.py:495 | 	                  (47, 0.5571491412291413),
2026-08-28 03:02:57,368 | INFO | flwr | 	                  (47, 0.5571491412291413),
simulation-0 | INFO flwr 2026-08-28 03:02:57,368 | server.py:495 | 	                  (48, 0.5386210826210827),
2026-08-28 03:02:57,368 | INFO | flwr | 	                  (48, 0.5386210826210827),
simulation-0 | INFO flwr 2026-08-28 03:02:57,368 | server.py:495 | 	                  (49, 0.5562187057387058),
2026-08-28 03:02:57,368 | INFO | flwr | 	                  (49, 0.5562187057387058),
simulation-0 | INFO flwr 2026-08-28 03:02:57,368 | server.py:495 | 	                  (50, 0.5697938787138787),
2026-08-28 03:02:57,368 | INFO | flwr | 	                  (50, 0.5697938787138787),
simulation-0 | INFO flwr 2026-08-28 03:02:57,369 | server.py:495 | 	                  (51, 0.5773767195767197),
2026-08-28 03:02:57,369 | INFO | flwr | 	                  (51, 0.5773767195767197),
simulation-0 | INFO flwr 2026-08-28 03:02:57,369 | server.py:495 | 	                  (52, 0.5687236792836792),
2026-08-28 03:02:57,369 | INFO | flwr | 	                  (52, 0.5687236792836792),
simulation-0 | INFO flwr 2026-08-28 03:02:57,369 | server.py:495 | 	                  (53, 0.5645494993894993),
2026-08-28 03:02:57,369 | INFO | flwr | 	                  (53, 0.5645494993894993),
simulation-0 | INFO flwr 2026-08-28 03:02:57,369 | server.py:495 | 	                  (54, 0.5651054131054131),
2026-08-28 03:02:57,369 | INFO | flwr | 	                  (54, 0.5651054131054131),
simulation-0 | INFO flwr 2026-08-28 03:02:57,369 | server.py:495 | 	                  (55, 0.5745806756206757),
2026-08-28 03:02:57,369 | INFO | flwr | 	                  (55, 0.5745806756206757),
simulation-0 | INFO flwr 2026-08-28 03:02:57,369 | server.py:495 | 	                  (56, 0.5749928530728532),
2026-08-28 03:02:57,369 | INFO | flwr | 	                  (56, 0.5749928530728532),
simulation-0 | INFO flwr 2026-08-28 03:02:57,369 | server.py:495 | 	                  (57, 0.5788389906389906),
2026-08-28 03:02:57,369 | INFO | flwr | 	                  (57, 0.5788389906389906),
simulation-0 | INFO flwr 2026-08-28 03:02:57,369 | server.py:495 | 	                  (58, 0.5715117297517297),
2026-08-28 03:02:57,369 | INFO | flwr | 	                  (58, 0.5715117297517297),
simulation-0 | INFO flwr 2026-08-28 03:02:57,369 | server.py:495 | 	                  (59, 0.5704598941798942),
2026-08-28 03:02:57,369 | INFO | flwr | 	                  (59, 0.5704598941798942),
simulation-0 | INFO flwr 2026-08-28 03:02:57,369 | server.py:495 | 	                  (60, 0.5921710378510379),
2026-08-28 03:02:57,369 | INFO | flwr | 	                  (60, 0.5921710378510379),
simulation-0 | INFO flwr 2026-08-28 03:02:57,369 | server.py:495 | 	                  (61, 0.5952455189255188),
2026-08-28 03:02:57,369 | INFO | flwr | 	                  (61, 0.5952455189255188),
simulation-0 | INFO flwr 2026-08-28 03:02:57,369 | server.py:495 | 	                  (62, 0.5650120309320309),
2026-08-28 03:02:57,369 | INFO | flwr | 	                  (62, 0.5650120309320309),
simulation-0 | INFO flwr 2026-08-28 03:02:57,369 | server.py:495 | 	                  (63, 0.5781322588522589),
2026-08-28 03:02:57,369 | INFO | flwr | 	                  (63, 0.5781322588522589),
simulation-0 | INFO flwr 2026-08-28 03:02:57,369 | server.py:495 | 	                  (64, 0.5717321448921449),
2026-08-28 03:02:57,369 | INFO | flwr | 	                  (64, 0.5717321448921449),
simulation-0 | INFO flwr 2026-08-28 03:02:57,369 | server.py:495 | 	                  (65, 0.5840779812779813),
2026-08-28 03:02:57,369 | INFO | flwr | 	                  (65, 0.5840779812779813),
simulation-0 | INFO flwr 2026-08-28 03:02:57,369 | server.py:495 | 	                  (66, 0.5795411640211641),
2026-08-28 03:02:57,369 | INFO | flwr | 	                  (66, 0.5795411640211641),
simulation-0 | INFO flwr 2026-08-28 03:02:57,369 | server.py:495 | 	                  (67, 0.5830230687830688),
2026-08-28 03:02:57,369 | INFO | flwr | 	                  (67, 0.5830230687830688),
simulation-0 | INFO flwr 2026-08-28 03:02:57,369 | server.py:495 | 	                  (68, 0.6083116157916157),
2026-08-28 03:02:57,369 | INFO | flwr | 	                  (68, 0.6083116157916157),
simulation-0 | INFO flwr 2026-08-28 03:02:57,369 | server.py:495 | 	                  (69, 0.5728388603988604),
2026-08-28 03:02:57,369 | INFO | flwr | 	                  (69, 0.5728388603988604),
simulation-0 | INFO flwr 2026-08-28 03:02:57,369 | server.py:495 | 	                  (70, 0.5979511436711437),
2026-08-28 03:02:57,369 | INFO | flwr | 	                  (70, 0.5979511436711437),
simulation-0 | INFO flwr 2026-08-28 03:02:57,370 | server.py:495 | 	                  (71, 0.5943820105820107),
2026-08-28 03:02:57,370 | INFO | flwr | 	                  (71, 0.5943820105820107),
simulation-0 | INFO flwr 2026-08-28 03:02:57,370 | server.py:495 | 	                  (72, 0.5810023443223443),
2026-08-28 03:02:57,370 | INFO | flwr | 	                  (72, 0.5810023443223443),
simulation-0 | INFO flwr 2026-08-28 03:02:57,370 | server.py:495 | 	                  (73, 0.5991795848595848),
2026-08-28 03:02:57,370 | INFO | flwr | 	                  (73, 0.5991795848595848),
simulation-0 | INFO flwr 2026-08-28 03:02:57,370 | server.py:495 | 	                  (74, 0.57732336996337),
2026-08-28 03:02:57,370 | INFO | flwr | 	                  (74, 0.57732336996337),
simulation-0 | INFO flwr 2026-08-28 03:02:57,370 | server.py:495 | 	                  (75, 0.5935627676027676),
2026-08-28 03:02:57,370 | INFO | flwr | 	                  (75, 0.5935627676027676),
simulation-0 | INFO flwr 2026-08-28 03:02:57,370 | server.py:495 | 	                  (76, 0.5930046398046398),
2026-08-28 03:02:57,370 | INFO | flwr | 	                  (76, 0.5930046398046398),
simulation-0 | INFO flwr 2026-08-28 03:02:57,370 | server.py:495 | 	                  (77, 0.589244363044363),
2026-08-28 03:02:57,370 | INFO | flwr | 	                  (77, 0.589244363044363),
simulation-0 | INFO flwr 2026-08-28 03:02:57,370 | server.py:495 | 	                  (78, 0.5880099796499796),
2026-08-28 03:02:57,370 | INFO | flwr | 	                  (78, 0.5880099796499796),
simulation-0 | INFO flwr 2026-08-28 03:02:57,370 | server.py:495 | 	                  (79, 0.5893007407407409),
2026-08-28 03:02:57,370 | INFO | flwr | 	                  (79, 0.5893007407407409),
simulation-0 | INFO flwr 2026-08-28 03:02:57,370 | server.py:495 | 	                  (80, 0.5935652584452583),
2026-08-28 03:02:57,370 | INFO | flwr | 	                  (80, 0.5935652584452583),
simulation-0 | INFO flwr 2026-08-28 03:02:57,370 | server.py:495 | 	                  (81, 0.5823142857142858),
2026-08-28 03:02:57,370 | INFO | flwr | 	                  (81, 0.5823142857142858),
simulation-0 | INFO flwr 2026-08-28 03:02:57,370 | server.py:495 | 	                  (82, 0.5600497028897029),
2026-08-28 03:02:57,370 | INFO | flwr | 	                  (82, 0.5600497028897029),
simulation-0 | INFO flwr 2026-08-28 03:02:57,370 | server.py:495 | 	                  (83, 0.5758575824175824),
2026-08-28 03:02:57,370 | INFO | flwr | 	                  (83, 0.5758575824175824),
simulation-0 | INFO flwr 2026-08-28 03:02:57,370 | server.py:495 | 	                  (84, 0.5916585592185593),
2026-08-28 03:02:57,370 | INFO | flwr | 	                  (84, 0.5916585592185593),
simulation-0 | INFO flwr 2026-08-28 03:02:57,370 | server.py:495 | 	                  (85, 0.5967110297110297),
2026-08-28 03:02:57,370 | INFO | flwr | 	                  (85, 0.5967110297110297),
simulation-0 | INFO flwr 2026-08-28 03:02:57,370 | server.py:495 | 	                  (86, 0.5550933984533984),
2026-08-28 03:02:57,370 | INFO | flwr | 	                  (86, 0.5550933984533984),
simulation-0 | INFO flwr 2026-08-28 03:02:57,370 | server.py:495 | 	                  (87, 0.5797425803825804),
2026-08-28 03:02:57,370 | INFO | flwr | 	                  (87, 0.5797425803825804),
simulation-0 | INFO flwr 2026-08-28 03:02:57,370 | server.py:495 | 	                  (88, 0.5725986650386651),
2026-08-28 03:02:57,370 | INFO | flwr | 	                  (88, 0.5725986650386651),
simulation-0 | INFO flwr 2026-08-28 03:02:57,370 | server.py:495 | 	                  (89, 0.5811820431420431),
2026-08-28 03:02:57,370 | INFO | flwr | 	                  (89, 0.5811820431420431),
simulation-0 | INFO flwr 2026-08-28 03:02:57,370 | server.py:495 | 	                  (90, 0.5441770614570615),
2026-08-28 03:02:57,370 | INFO | flwr | 	                  (90, 0.5441770614570615),
simulation-0 | INFO flwr 2026-08-28 03:02:57,371 | server.py:495 | 	                  (91, 0.5729450875050875),
2026-08-28 03:02:57,371 | INFO | flwr | 	                  (91, 0.5729450875050875),
simulation-0 | INFO flwr 2026-08-28 03:02:57,371 | server.py:495 | 	                  (92, 0.5984719576719577),
2026-08-28 03:02:57,371 | INFO | flwr | 	                  (92, 0.5984719576719577),
simulation-0 | INFO flwr 2026-08-28 03:02:57,371 | server.py:495 | 	                  (93, 0.5704317948717947),
2026-08-28 03:02:57,371 | INFO | flwr | 	                  (93, 0.5704317948717947),
simulation-0 | INFO flwr 2026-08-28 03:02:57,371 | server.py:495 | 	                  (94, 0.6069933251933252),
2026-08-28 03:02:57,371 | INFO | flwr | 	                  (94, 0.6069933251933252),
simulation-0 | INFO flwr 2026-08-28 03:02:57,371 | server.py:495 | 	                  (95, 0.6014580545380546),
2026-08-28 03:02:57,371 | INFO | flwr | 	                  (95, 0.6014580545380546),
simulation-0 | INFO flwr 2026-08-28 03:02:57,371 | server.py:495 | 	                  (96, 0.5902371998371998),
2026-08-28 03:02:57,371 | INFO | flwr | 	                  (96, 0.5902371998371998),
simulation-0 | INFO flwr 2026-08-28 03:02:57,371 | server.py:495 | 	                  (97, 0.5963433129833129),
2026-08-28 03:02:57,371 | INFO | flwr | 	                  (97, 0.5963433129833129),
simulation-0 | INFO flwr 2026-08-28 03:02:57,371 | server.py:495 | 	                  (98, 0.5765013105413106),
2026-08-28 03:02:57,371 | INFO | flwr | 	                  (98, 0.5765013105413106),
simulation-0 | INFO flwr 2026-08-28 03:02:57,371 | server.py:495 | 	                  (99, 0.5785462596662596),
2026-08-28 03:02:57,371 | INFO | flwr | 	                  (99, 0.5785462596662596),
simulation-0 | INFO flwr 2026-08-28 03:02:57,371 | server.py:495 | 	                  (100, 0.5812911843711843)],
2026-08-28 03:02:57,371 | INFO | flwr | 	                  (100, 0.5812911843711843)],
simulation-0 | INFO flwr 2026-08-28 03:02:57,371 | server.py:495 | 	 'val_f1': [(1, 0.4664330852123984),
2026-08-28 03:02:57,371 | INFO | flwr | 	 'val_f1': [(1, 0.4664330852123984),
simulation-0 | INFO flwr 2026-08-28 03:02:57,371 | server.py:495 | 	            (2, 0.47225703274270747),
2026-08-28 03:02:57,371 | INFO | flwr | 	            (2, 0.47225703274270747),
simulation-0 | INFO flwr 2026-08-28 03:02:57,371 | server.py:495 | 	            (3, 0.46361504134970716),
2026-08-28 03:02:57,371 | INFO | flwr | 	            (3, 0.46361504134970716),
simulation-0 | INFO flwr 2026-08-28 03:02:57,371 | server.py:495 | 	            (4, 0.4835503415717787),
2026-08-28 03:02:57,371 | INFO | flwr | 	            (4, 0.4835503415717787),
simulation-0 | INFO flwr 2026-08-28 03:02:57,371 | server.py:495 | 	            (5, 0.45475886968916635),
2026-08-28 03:02:57,371 | INFO | flwr | 	            (5, 0.45475886968916635),
simulation-0 | INFO flwr 2026-08-28 03:02:57,371 | server.py:495 | 	            (6, 0.4706069662201396),
2026-08-28 03:02:57,371 | INFO | flwr | 	            (6, 0.4706069662201396),
simulation-0 | INFO flwr 2026-08-28 03:02:57,371 | server.py:495 | 	            (7, 0.49286046489132307),
2026-08-28 03:02:57,371 | INFO | flwr | 	            (7, 0.49286046489132307),
simulation-0 | INFO flwr 2026-08-28 03:02:57,371 | server.py:495 | 	            (8, 0.48074979584271643),
2026-08-28 03:02:57,371 | INFO | flwr | 	            (8, 0.48074979584271643),
simulation-0 | INFO flwr 2026-08-28 03:02:57,371 | server.py:495 | 	            (9, 0.44875187480461803),
2026-08-28 03:02:57,371 | INFO | flwr | 	            (9, 0.44875187480461803),
simulation-0 | INFO flwr 2026-08-28 03:02:57,371 | server.py:495 | 	            (10, 0.4830769040029523),
2026-08-28 03:02:57,371 | INFO | flwr | 	            (10, 0.4830769040029523),
simulation-0 | INFO flwr 2026-08-28 03:02:57,372 | server.py:495 | 	            (11, 0.49741615042059123),
2026-08-28 03:02:57,372 | INFO | flwr | 	            (11, 0.49741615042059123),
simulation-0 | INFO flwr 2026-08-28 03:02:57,372 | server.py:495 | 	            (12, 0.47863677872827165),
2026-08-28 03:02:57,372 | INFO | flwr | 	            (12, 0.47863677872827165),
simulation-0 | INFO flwr 2026-08-28 03:02:57,372 | server.py:495 | 	            (13, 0.5045670384248322),
2026-08-28 03:02:57,372 | INFO | flwr | 	            (13, 0.5045670384248322),
simulation-0 | INFO flwr 2026-08-28 03:02:57,372 | server.py:495 | 	            (14, 0.49957429074462584),
2026-08-28 03:02:57,372 | INFO | flwr | 	            (14, 0.49957429074462584),
simulation-0 | INFO flwr 2026-08-28 03:02:57,372 | server.py:495 | 	            (15, 0.47387225669398386),
2026-08-28 03:02:57,372 | INFO | flwr | 	            (15, 0.47387225669398386),
simulation-0 | INFO flwr 2026-08-28 03:02:57,372 | server.py:495 | 	            (16, 0.4757796468428039),
2026-08-28 03:02:57,372 | INFO | flwr | 	            (16, 0.4757796468428039),
simulation-0 | INFO flwr 2026-08-28 03:02:57,372 | server.py:495 | 	            (17, 0.5130861710838722),
2026-08-28 03:02:57,372 | INFO | flwr | 	            (17, 0.5130861710838722),
simulation-0 | INFO flwr 2026-08-28 03:02:57,372 | server.py:495 | 	            (18, 0.501031505285819),
2026-08-28 03:02:57,372 | INFO | flwr | 	            (18, 0.501031505285819),
simulation-0 | INFO flwr 2026-08-28 03:02:57,372 | server.py:495 | 	            (19, 0.5140781546635803),
2026-08-28 03:02:57,372 | INFO | flwr | 	            (19, 0.5140781546635803),
simulation-0 | INFO flwr 2026-08-28 03:02:57,372 | server.py:495 | 	            (20, 0.5079638296489879),
2026-08-28 03:02:57,372 | INFO | flwr | 	            (20, 0.5079638296489879),
simulation-0 | INFO flwr 2026-08-28 03:02:57,372 | server.py:495 | 	            (21, 0.5178498931176732),
2026-08-28 03:02:57,372 | INFO | flwr | 	            (21, 0.5178498931176732),
simulation-0 | INFO flwr 2026-08-28 03:02:57,372 | server.py:495 | 	            (22, 0.4966493137198244),
2026-08-28 03:02:57,372 | INFO | flwr | 	            (22, 0.4966493137198244),
simulation-0 | INFO flwr 2026-08-28 03:02:57,372 | server.py:495 | 	            (23, 0.491237581921975),
2026-08-28 03:02:57,372 | INFO | flwr | 	            (23, 0.491237581921975),
simulation-0 | INFO flwr 2026-08-28 03:02:57,372 | server.py:495 | 	            (24, 0.49975668940958806),
2026-08-28 03:02:57,372 | INFO | flwr | 	            (24, 0.49975668940958806),
simulation-0 | INFO flwr 2026-08-28 03:02:57,372 | server.py:495 | 	            (25, 0.48424993057713495),
2026-08-28 03:02:57,372 | INFO | flwr | 	            (25, 0.48424993057713495),
simulation-0 | INFO flwr 2026-08-28 03:02:57,372 | server.py:495 | 	            (26, 0.5198428817388907),
2026-08-28 03:02:57,372 | INFO | flwr | 	            (26, 0.5198428817388907),
simulation-0 | INFO flwr 2026-08-28 03:02:57,372 | server.py:495 | 	            (27, 0.511385369970722),
2026-08-28 03:02:57,372 | INFO | flwr | 	            (27, 0.511385369970722),
simulation-0 | INFO flwr 2026-08-28 03:02:57,372 | server.py:495 | 	            (28, 0.4894875749774938),
2026-08-28 03:02:57,372 | INFO | flwr | 	            (28, 0.4894875749774938),
simulation-0 | INFO flwr 2026-08-28 03:02:57,372 | server.py:495 | 	            (29, 0.4992165043170029),
2026-08-28 03:02:57,372 | INFO | flwr | 	            (29, 0.4992165043170029),
simulation-0 | INFO flwr 2026-08-28 03:02:57,372 | server.py:495 | 	            (30, 0.5063826584485227),
2026-08-28 03:02:57,372 | INFO | flwr | 	            (30, 0.5063826584485227),
simulation-0 | INFO flwr 2026-08-28 03:02:57,373 | server.py:495 | 	            (31, 0.5273659572673209),
2026-08-28 03:02:57,373 | INFO | flwr | 	            (31, 0.5273659572673209),
simulation-0 | INFO flwr 2026-08-28 03:02:57,373 | server.py:495 | 	            (32, 0.49401610773145554),
2026-08-28 03:02:57,373 | INFO | flwr | 	            (32, 0.49401610773145554),
simulation-0 | INFO flwr 2026-08-28 03:02:57,373 | server.py:495 | 	            (33, 0.522017886359918),
2026-08-28 03:02:57,373 | INFO | flwr | 	            (33, 0.522017886359918),
simulation-0 | INFO flwr 2026-08-28 03:02:57,373 | server.py:495 | 	            (34, 0.5303902463235419),
2026-08-28 03:02:57,373 | INFO | flwr | 	            (34, 0.5303902463235419),
simulation-0 | INFO flwr 2026-08-28 03:02:57,373 | server.py:495 | 	            (35, 0.5177932099629318),
2026-08-28 03:02:57,373 | INFO | flwr | 	            (35, 0.5177932099629318),
simulation-0 | INFO flwr 2026-08-28 03:02:57,373 | server.py:495 | 	            (36, 0.5214186385591633),
2026-08-28 03:02:57,373 | INFO | flwr | 	            (36, 0.5214186385591633),
simulation-0 | INFO flwr 2026-08-28 03:02:57,373 | server.py:495 | 	            (37, 0.5087483322746781),
2026-08-28 03:02:57,373 | INFO | flwr | 	            (37, 0.5087483322746781),
simulation-0 | INFO flwr 2026-08-28 03:02:57,373 | server.py:495 | 	            (38, 0.5099290772523557),
2026-08-28 03:02:57,373 | INFO | flwr | 	            (38, 0.5099290772523557),
simulation-0 | INFO flwr 2026-08-28 03:02:57,373 | server.py:495 | 	            (39, 0.5132767539693837),
2026-08-28 03:02:57,373 | INFO | flwr | 	            (39, 0.5132767539693837),
simulation-0 | INFO flwr 2026-08-28 03:02:57,373 | server.py:495 | 	            (40, 0.5125750185645541),
2026-08-28 03:02:57,373 | INFO | flwr | 	            (40, 0.5125750185645541),
simulation-0 | INFO flwr 2026-08-28 03:02:57,373 | server.py:495 | 	            (41, 0.5369947347790551),
2026-08-28 03:02:57,373 | INFO | flwr | 	            (41, 0.5369947347790551),
simulation-0 | INFO flwr 2026-08-28 03:02:57,373 | server.py:495 | 	            (42, 0.5393387077750179),
2026-08-28 03:02:57,373 | INFO | flwr | 	            (42, 0.5393387077750179),
simulation-0 | INFO flwr 2026-08-28 03:02:57,373 | server.py:495 | 	            (43, 0.5261864014615553),
2026-08-28 03:02:57,373 | INFO | flwr | 	            (43, 0.5261864014615553),
simulation-0 | INFO flwr 2026-08-28 03:02:57,373 | server.py:495 | 	            (44, 0.5184809404529437),
2026-08-28 03:02:57,373 | INFO | flwr | 	            (44, 0.5184809404529437),
simulation-0 | INFO flwr 2026-08-28 03:02:57,373 | server.py:495 | 	            (45, 0.5024403519296979),
2026-08-28 03:02:57,373 | INFO | flwr | 	            (45, 0.5024403519296979),
simulation-0 | INFO flwr 2026-08-28 03:02:57,373 | server.py:495 | 	            (46, 0.5362969814725221),
2026-08-28 03:02:57,373 | INFO | flwr | 	            (46, 0.5362969814725221),
simulation-0 | INFO flwr 2026-08-28 03:02:57,373 | server.py:495 | 	            (47, 0.509859441606089),
2026-08-28 03:02:57,373 | INFO | flwr | 	            (47, 0.509859441606089),
simulation-0 | INFO flwr 2026-08-28 03:02:57,373 | server.py:495 | 	            (48, 0.48841733702190093),
2026-08-28 03:02:57,373 | INFO | flwr | 	            (48, 0.48841733702190093),
simulation-0 | INFO flwr 2026-08-28 03:02:57,373 | server.py:495 | 	            (49, 0.5042111244668388),
2026-08-28 03:02:57,373 | INFO | flwr | 	            (49, 0.5042111244668388),
simulation-0 | INFO flwr 2026-08-28 03:02:57,373 | server.py:495 | 	            (50, 0.5276327594606184),
2026-08-28 03:02:57,373 | INFO | flwr | 	            (50, 0.5276327594606184),
simulation-0 | INFO flwr 2026-08-28 03:02:57,374 | server.py:495 | 	            (51, 0.5333120357563144),
2026-08-28 03:02:57,374 | INFO | flwr | 	            (51, 0.5333120357563144),
simulation-0 | INFO flwr 2026-08-28 03:02:57,374 | server.py:495 | 	            (52, 0.5125390815272761),
2026-08-28 03:02:57,374 | INFO | flwr | 	            (52, 0.5125390815272761),
simulation-0 | INFO flwr 2026-08-28 03:02:57,374 | server.py:495 | 	            (53, 0.5240897572557521),
2026-08-28 03:02:57,374 | INFO | flwr | 	            (53, 0.5240897572557521),
simulation-0 | INFO flwr 2026-08-28 03:02:57,374 | server.py:495 | 	            (54, 0.5160638877917549),
2026-08-28 03:02:57,374 | INFO | flwr | 	            (54, 0.5160638877917549),
simulation-0 | INFO flwr 2026-08-28 03:02:57,374 | server.py:495 | 	            (55, 0.5229175121891747),
2026-08-28 03:02:57,374 | INFO | flwr | 	            (55, 0.5229175121891747),
simulation-0 | INFO flwr 2026-08-28 03:02:57,374 | server.py:495 | 	            (56, 0.5206242051860535),
2026-08-28 03:02:57,374 | INFO | flwr | 	            (56, 0.5206242051860535),
simulation-0 | INFO flwr 2026-08-28 03:02:57,374 | server.py:495 | 	            (57, 0.5326978130632753),
2026-08-28 03:02:57,374 | INFO | flwr | 	            (57, 0.5326978130632753),
simulation-0 | INFO flwr 2026-08-28 03:02:57,374 | server.py:495 | 	            (58, 0.5169650812106158),
2026-08-28 03:02:57,374 | INFO | flwr | 	            (58, 0.5169650812106158),
simulation-0 | INFO flwr 2026-08-28 03:02:57,374 | server.py:495 | 	            (59, 0.5194435777582534),
2026-08-28 03:02:57,374 | INFO | flwr | 	            (59, 0.5194435777582534),
simulation-0 | INFO flwr 2026-08-28 03:02:57,374 | server.py:495 | 	            (60, 0.5406805638772685),
2026-08-28 03:02:57,374 | INFO | flwr | 	            (60, 0.5406805638772685),
simulation-0 | INFO flwr 2026-08-28 03:02:57,374 | server.py:495 | 	            (61, 0.5528474662820437),
2026-08-28 03:02:57,374 | INFO | flwr | 	            (61, 0.5528474662820437),
simulation-0 | INFO flwr 2026-08-28 03:02:57,374 | server.py:495 | 	            (62, 0.5122311888366594),
2026-08-28 03:02:57,374 | INFO | flwr | 	            (62, 0.5122311888366594),
simulation-0 | INFO flwr 2026-08-28 03:02:57,374 | server.py:495 | 	            (63, 0.5364950673242489),
2026-08-28 03:02:57,374 | INFO | flwr | 	            (63, 0.5364950673242489),
simulation-0 | INFO flwr 2026-08-28 03:02:57,374 | server.py:495 | 	            (64, 0.5122123426459374),
2026-08-28 03:02:57,374 | INFO | flwr | 	            (64, 0.5122123426459374),
simulation-0 | INFO flwr 2026-08-28 03:02:57,374 | server.py:495 | 	            (65, 0.5411497454396884),
2026-08-28 03:02:57,374 | INFO | flwr | 	            (65, 0.5411497454396884),
simulation-0 | INFO flwr 2026-08-28 03:02:57,374 | server.py:495 | 	            (66, 0.5353212727106033),
2026-08-28 03:02:57,374 | INFO | flwr | 	            (66, 0.5353212727106033),
simulation-0 | INFO flwr 2026-08-28 03:02:57,374 | server.py:495 | 	            (67, 0.5366584136273721),
2026-08-28 03:02:57,374 | INFO | flwr | 	            (67, 0.5366584136273721),
simulation-0 | INFO flwr 2026-08-28 03:02:57,374 | server.py:495 | 	            (68, 0.5616792252171586),
2026-08-28 03:02:57,374 | INFO | flwr | 	            (68, 0.5616792252171586),
simulation-0 | INFO flwr 2026-08-28 03:02:57,374 | server.py:495 | 	            (69, 0.5199756412568025),
2026-08-28 03:02:57,374 | INFO | flwr | 	            (69, 0.5199756412568025),
simulation-0 | INFO flwr 2026-08-28 03:02:57,375 | server.py:495 | 	            (70, 0.5583308335162029),
2026-08-28 03:02:57,375 | INFO | flwr | 	            (70, 0.5583308335162029),
simulation-0 | INFO flwr 2026-08-28 03:02:57,375 | server.py:495 | 	            (71, 0.5559805032432912),
2026-08-28 03:02:57,375 | INFO | flwr | 	            (71, 0.5559805032432912),
simulation-0 | INFO flwr 2026-08-28 03:02:57,375 | server.py:495 | 	            (72, 0.5270935152990814),
2026-08-28 03:02:57,375 | INFO | flwr | 	            (72, 0.5270935152990814),
simulation-0 | INFO flwr 2026-08-28 03:02:57,375 | server.py:495 | 	            (73, 0.5494826635166024),
2026-08-28 03:02:57,375 | INFO | flwr | 	            (73, 0.5494826635166024),
simulation-0 | INFO flwr 2026-08-28 03:02:57,375 | server.py:495 | 	            (74, 0.5310356920931244),
2026-08-28 03:02:57,375 | INFO | flwr | 	            (74, 0.5310356920931244),
simulation-0 | INFO flwr 2026-08-28 03:02:57,375 | server.py:495 | 	            (75, 0.5474505368446404),
2026-08-28 03:02:57,375 | INFO | flwr | 	            (75, 0.5474505368446404),
simulation-0 | INFO flwr 2026-08-28 03:02:57,375 | server.py:495 | 	            (76, 0.5444412919070302),
2026-08-28 03:02:57,375 | INFO | flwr | 	            (76, 0.5444412919070302),
simulation-0 | INFO flwr 2026-08-28 03:02:57,375 | server.py:495 | 	            (77, 0.5408327107500794),
2026-08-28 03:02:57,375 | INFO | flwr | 	            (77, 0.5408327107500794),
simulation-0 | INFO flwr 2026-08-28 03:02:57,375 | server.py:495 | 	            (78, 0.5428609167916717),
2026-08-28 03:02:57,375 | INFO | flwr | 	            (78, 0.5428609167916717),
simulation-0 | INFO flwr 2026-08-28 03:02:57,375 | server.py:495 | 	            (79, 0.5529503744521166),
2026-08-28 03:02:57,375 | INFO | flwr | 	            (79, 0.5529503744521166),
simulation-0 | INFO flwr 2026-08-28 03:02:57,375 | server.py:495 | 	            (80, 0.5474823297316612),
2026-08-28 03:02:57,375 | INFO | flwr | 	            (80, 0.5474823297316612),
simulation-0 | INFO flwr 2026-08-28 03:02:57,375 | server.py:495 | 	            (81, 0.5433694153822121),
2026-08-28 03:02:57,375 | INFO | flwr | 	            (81, 0.5433694153822121),
simulation-0 | INFO flwr 2026-08-28 03:02:57,375 | server.py:495 | 	            (82, 0.5202345121675191),
2026-08-28 03:02:57,375 | INFO | flwr | 	            (82, 0.5202345121675191),
simulation-0 | INFO flwr 2026-08-28 03:02:57,375 | server.py:495 | 	            (83, 0.5268816009317963),
2026-08-28 03:02:57,375 | INFO | flwr | 	            (83, 0.5268816009317963),
simulation-0 | INFO flwr 2026-08-28 03:02:57,375 | server.py:495 | 	            (84, 0.5537819976462786),
2026-08-28 03:02:57,375 | INFO | flwr | 	            (84, 0.5537819976462786),
simulation-0 | INFO flwr 2026-08-28 03:02:57,375 | server.py:495 | 	            (85, 0.5514321199383979),
2026-08-28 03:02:57,375 | INFO | flwr | 	            (85, 0.5514321199383979),
simulation-0 | INFO flwr 2026-08-28 03:02:57,375 | server.py:495 | 	            (86, 0.5079158872158286),
2026-08-28 03:02:57,375 | INFO | flwr | 	            (86, 0.5079158872158286),
simulation-0 | INFO flwr 2026-08-28 03:02:57,375 | server.py:495 | 	            (87, 0.5360294449787147),
2026-08-28 03:02:57,375 | INFO | flwr | 	            (87, 0.5360294449787147),
simulation-0 | INFO flwr 2026-08-28 03:02:57,375 | server.py:495 | 	            (88, 0.5314259751265379),
2026-08-28 03:02:57,375 | INFO | flwr | 	            (88, 0.5314259751265379),
simulation-0 | INFO flwr 2026-08-28 03:02:57,375 | server.py:495 | 	            (89, 0.541105703122461),
2026-08-28 03:02:57,375 | INFO | flwr | 	            (89, 0.541105703122461),
simulation-0 | INFO flwr 2026-08-28 03:02:57,376 | server.py:495 | 	            (90, 0.5003635089487701),
2026-08-28 03:02:57,376 | INFO | flwr | 	            (90, 0.5003635089487701),
simulation-0 | INFO flwr 2026-08-28 03:02:57,376 | server.py:495 | 	            (91, 0.5286162541335181),
2026-08-28 03:02:57,376 | INFO | flwr | 	            (91, 0.5286162541335181),
simulation-0 | INFO flwr 2026-08-28 03:02:57,376 | server.py:495 | 	            (92, 0.5554718700747399),
2026-08-28 03:02:57,376 | INFO | flwr | 	            (92, 0.5554718700747399),
simulation-0 | INFO flwr 2026-08-28 03:02:57,376 | server.py:495 | 	            (93, 0.5258257570948742),
2026-08-28 03:02:57,376 | INFO | flwr | 	            (93, 0.5258257570948742),
simulation-0 | INFO flwr 2026-08-28 03:02:57,376 | server.py:495 | 	            (94, 0.5567925493084542),
2026-08-28 03:02:57,376 | INFO | flwr | 	            (94, 0.5567925493084542),
simulation-0 | INFO flwr 2026-08-28 03:02:57,376 | server.py:495 | 	            (95, 0.561164253103615),
2026-08-28 03:02:57,376 | INFO | flwr | 	            (95, 0.561164253103615),
simulation-0 | INFO flwr 2026-08-28 03:02:57,376 | server.py:495 | 	            (96, 0.5503030802614377),
2026-08-28 03:02:57,376 | INFO | flwr | 	            (96, 0.5503030802614377),
simulation-0 | INFO flwr 2026-08-28 03:02:57,376 | server.py:495 | 	            (97, 0.548496937478237),
2026-08-28 03:02:57,376 | INFO | flwr | 	            (97, 0.548496937478237),
simulation-0 | INFO flwr 2026-08-28 03:02:57,376 | server.py:495 | 	            (98, 0.5251502240703294),
2026-08-28 03:02:57,376 | INFO | flwr | 	            (98, 0.5251502240703294),
simulation-0 | INFO flwr 2026-08-28 03:02:57,376 | server.py:495 | 	            (99, 0.5306374560881872),
2026-08-28 03:02:57,376 | INFO | flwr | 	            (99, 0.5306374560881872),
simulation-0 | INFO flwr 2026-08-28 03:02:57,376 | server.py:495 | 	            (100, 0.5338777871136807)],
2026-08-28 03:02:57,376 | INFO | flwr | 	            (100, 0.5338777871136807)],
simulation-0 | INFO flwr 2026-08-28 03:02:57,376 | server.py:495 | 	 'val_image_accuracy': [(1, 0.5247374847374847),
2026-08-28 03:02:57,376 | INFO | flwr | 	 'val_image_accuracy': [(1, 0.5247374847374847),
simulation-0 | INFO flwr 2026-08-28 03:02:57,376 | server.py:495 | 	                        (2, 0.5445177045177044),
2026-08-28 03:02:57,376 | INFO | flwr | 	                        (2, 0.5445177045177044),
simulation-0 | INFO flwr 2026-08-28 03:02:57,376 | server.py:495 | 	                        (3, 0.5445177045177045),
2026-08-28 03:02:57,376 | INFO | flwr | 	                        (3, 0.5445177045177045),
simulation-0 | INFO flwr 2026-08-28 03:02:57,376 | server.py:495 | 	                        (4, 0.5836141636141635),
2026-08-28 03:02:57,376 | INFO | flwr | 	                        (4, 0.5836141636141635),
simulation-0 | INFO flwr 2026-08-28 03:02:57,376 | server.py:495 | 	                        (5, 0.5768498168498168),
2026-08-28 03:02:57,376 | INFO | flwr | 	                        (5, 0.5768498168498168),
simulation-0 | INFO flwr 2026-08-28 03:02:57,376 | server.py:495 | 	                        (6, 0.5209768009768009),
2026-08-28 03:02:57,376 | INFO | flwr | 	                        (6, 0.5209768009768009),
simulation-0 | INFO flwr 2026-08-28 03:02:57,376 | server.py:495 | 	                        (7, 0.564078144078144),
2026-08-28 03:02:57,376 | INFO | flwr | 	                        (7, 0.564078144078144),
simulation-0 | INFO flwr 2026-08-28 03:02:57,376 | server.py:495 | 	                        (8, 0.5724297924297923),
2026-08-28 03:02:57,376 | INFO | flwr | 	                        (8, 0.5724297924297923),
simulation-0 | INFO flwr 2026-08-28 03:02:57,376 | server.py:495 | 	                        (9, 0.49018315018315023),
2026-08-28 03:02:57,376 | INFO | flwr | 	                        (9, 0.49018315018315023),
simulation-0 | INFO flwr 2026-08-28 03:02:57,377 | server.py:495 | 	                        (10, 0.5847374847374847),
2026-08-28 03:02:57,377 | INFO | flwr | 	                        (10, 0.5847374847374847),
simulation-0 | INFO flwr 2026-08-28 03:02:57,377 | server.py:495 | 	                        (11, 0.5757264957264958),
2026-08-28 03:02:57,377 | INFO | flwr | 	                        (11, 0.5757264957264958),
simulation-0 | INFO flwr 2026-08-28 03:02:57,377 | server.py:495 | 	                        (12, 0.5658363858363857),
2026-08-28 03:02:57,377 | INFO | flwr | 	                        (12, 0.5658363858363857),
simulation-0 | INFO flwr 2026-08-28 03:02:57,377 | server.py:495 | 	                        (13, 0.5847374847374847),
2026-08-28 03:02:57,377 | INFO | flwr | 	                        (13, 0.5847374847374847),
simulation-0 | INFO flwr 2026-08-28 03:02:57,377 | server.py:495 | 	                        (14, 0.6179487179487179),
2026-08-28 03:02:57,377 | INFO | flwr | 	                        (14, 0.6179487179487179),
simulation-0 | INFO flwr 2026-08-28 03:02:57,377 | server.py:495 | 	                        (15, 0.5353113553113553),
2026-08-28 03:02:57,377 | INFO | flwr | 	                        (15, 0.5353113553113553),
simulation-0 | INFO flwr 2026-08-28 03:02:57,377 | server.py:495 | 	                        (16, 0.5614407814407815),
2026-08-28 03:02:57,377 | INFO | flwr | 	                        (16, 0.5614407814407815),
simulation-0 | INFO flwr 2026-08-28 03:02:57,377 | server.py:495 | 	                        (17, 0.626935286935287),
2026-08-28 03:02:57,377 | INFO | flwr | 	                        (17, 0.626935286935287),
simulation-0 | INFO flwr 2026-08-28 03:02:57,377 | server.py:495 | 	                        (18, 0.6056166056166056),
2026-08-28 03:02:57,377 | INFO | flwr | 	                        (18, 0.6056166056166056),
simulation-0 | INFO flwr 2026-08-28 03:02:57,377 | server.py:495 | 	                        (19, 0.5737240537240538),
2026-08-28 03:02:57,377 | INFO | flwr | 	                        (19, 0.5737240537240538),
simulation-0 | INFO flwr 2026-08-28 03:02:57,377 | server.py:495 | 	                        (20, 0.6047619047619048),
2026-08-28 03:02:57,377 | INFO | flwr | 	                        (20, 0.6047619047619048),
simulation-0 | INFO flwr 2026-08-28 03:02:57,377 | server.py:495 | 	                        (21, 0.564981684981685),
2026-08-28 03:02:57,377 | INFO | flwr | 	                        (21, 0.564981684981685),
simulation-0 | INFO flwr 2026-08-28 03:02:57,377 | server.py:495 | 	                        (22, 0.5652014652014651),
2026-08-28 03:02:57,377 | INFO | flwr | 	                        (22, 0.5652014652014651),
simulation-0 | INFO flwr 2026-08-28 03:02:57,377 | server.py:495 | 	                        (23, 0.5847374847374847),
2026-08-28 03:02:57,377 | INFO | flwr | 	                        (23, 0.5847374847374847),
simulation-0 | INFO flwr 2026-08-28 03:02:57,377 | server.py:495 | 	                        (24, 0.5948473748473748),
2026-08-28 03:02:57,377 | INFO | flwr | 	                        (24, 0.5948473748473748),
simulation-0 | INFO flwr 2026-08-28 03:02:57,377 | server.py:495 | 	                        (25, 0.5871794871794871),
2026-08-28 03:02:57,377 | INFO | flwr | 	                        (25, 0.5871794871794871),
simulation-0 | INFO flwr 2026-08-28 03:02:57,377 | server.py:495 | 	                        (26, 0.5836385836385836),
2026-08-28 03:02:57,377 | INFO | flwr | 	                        (26, 0.5836385836385836),
simulation-0 | INFO flwr 2026-08-28 03:02:57,377 | server.py:495 | 	                        (27, 0.593992673992674),
2026-08-28 03:02:57,377 | INFO | flwr | 	                        (27, 0.593992673992674),
simulation-0 | INFO flwr 2026-08-28 03:02:57,377 | server.py:495 | 	                        (28, 0.5847374847374847),
2026-08-28 03:02:57,377 | INFO | flwr | 	                        (28, 0.5847374847374847),
simulation-0 | INFO flwr 2026-08-28 03:02:57,377 | server.py:495 | 	                        (29, 0.5742124542124541),
2026-08-28 03:02:57,377 | INFO | flwr | 	                        (29, 0.5742124542124541),
simulation-0 | INFO flwr 2026-08-28 03:02:57,378 | server.py:495 | 	                        (30, 0.575970695970696),
2026-08-28 03:02:57,378 | INFO | flwr | 	                        (30, 0.575970695970696),
simulation-0 | INFO flwr 2026-08-28 03:02:57,378 | server.py:495 | 	                        (31, 0.6157264957264957),
2026-08-28 03:02:57,378 | INFO | flwr | 	                        (31, 0.6157264957264957),
simulation-0 | INFO flwr 2026-08-28 03:02:57,378 | server.py:495 | 	                        (32, 0.5449572649572649),
2026-08-28 03:02:57,378 | INFO | flwr | 	                        (32, 0.5449572649572649),
simulation-0 | INFO flwr 2026-08-28 03:02:57,378 | server.py:495 | 	                        (33, 0.6480341880341879),
2026-08-28 03:02:57,378 | INFO | flwr | 	                        (33, 0.6480341880341879),
simulation-0 | INFO flwr 2026-08-28 03:02:57,378 | server.py:495 | 	                        (34, 0.6251770451770451),
2026-08-28 03:02:57,378 | INFO | flwr | 	                        (34, 0.6251770451770451),
simulation-0 | INFO flwr 2026-08-28 03:02:57,378 | server.py:495 | 	                        (35, 0.6267399267399266),
2026-08-28 03:02:57,378 | INFO | flwr | 	                        (35, 0.6267399267399266),
simulation-0 | INFO flwr 2026-08-28 03:02:57,378 | server.py:495 | 	                        (36, 0.6146275946275946),
2026-08-28 03:02:57,378 | INFO | flwr | 	                        (36, 0.6146275946275946),
simulation-0 | INFO flwr 2026-08-28 03:02:57,378 | server.py:495 | 	                        (37, 0.5941880341880343),
2026-08-28 03:02:57,378 | INFO | flwr | 	                        (37, 0.5941880341880343),
simulation-0 | INFO flwr 2026-08-28 03:02:57,378 | server.py:495 | 	                        (38, 0.6168253968253967),
2026-08-28 03:02:57,378 | INFO | flwr | 	                        (38, 0.6168253968253967),
simulation-0 | INFO flwr 2026-08-28 03:02:57,378 | server.py:495 | 	                        (39, 0.5930891330891329),
2026-08-28 03:02:57,378 | INFO | flwr | 	                        (39, 0.5930891330891329),
simulation-0 | INFO flwr 2026-08-28 03:02:57,378 | server.py:495 | 	                        (40, 0.5838583638583639),
2026-08-28 03:02:57,378 | INFO | flwr | 	                        (40, 0.5838583638583639),
simulation-0 | INFO flwr 2026-08-28 03:02:57,378 | server.py:495 | 	                        (41, 0.6049572649572649),
2026-08-28 03:02:57,378 | INFO | flwr | 	                        (41, 0.6049572649572649),
simulation-0 | INFO flwr 2026-08-28 03:02:57,378 | server.py:495 | 	                        (42, 0.6153113553113553),
2026-08-28 03:02:57,378 | INFO | flwr | 	                        (42, 0.6153113553113553),
simulation-0 | INFO flwr 2026-08-28 03:02:57,378 | server.py:495 | 	                        (43, 0.6170451770451771),
2026-08-28 03:02:57,378 | INFO | flwr | 	                        (43, 0.6170451770451771),
simulation-0 | INFO flwr 2026-08-28 03:02:57,378 | server.py:495 | 	                        (44, 0.6033943833943833),
2026-08-28 03:02:57,378 | INFO | flwr | 	                        (44, 0.6033943833943833),
simulation-0 | INFO flwr 2026-08-28 03:02:57,378 | server.py:495 | 	                        (45, 0.5533089133089133),
2026-08-28 03:02:57,378 | INFO | flwr | 	                        (45, 0.5533089133089133),
simulation-0 | INFO flwr 2026-08-28 03:02:57,378 | server.py:495 | 	                        (46, 0.6063247863247864),
2026-08-28 03:02:57,378 | INFO | flwr | 	                        (46, 0.6063247863247864),
simulation-0 | INFO flwr 2026-08-28 03:02:57,378 | server.py:495 | 	                        (47, 0.5950671550671551),
2026-08-28 03:02:57,378 | INFO | flwr | 	                        (47, 0.5950671550671551),
simulation-0 | INFO flwr 2026-08-28 03:02:57,378 | server.py:495 | 	                        (48, 0.5651770451770451),
2026-08-28 03:02:57,378 | INFO | flwr | 	                        (48, 0.5651770451770451),
simulation-0 | INFO flwr 2026-08-28 03:02:57,378 | server.py:495 | 	                        (49, 0.5625396825396826),
2026-08-28 03:02:57,378 | INFO | flwr | 	                        (49, 0.5625396825396826),
simulation-0 | INFO flwr 2026-08-28 03:02:57,379 | server.py:495 | 	                        (50, 0.5838827838827838),
2026-08-28 03:02:57,379 | INFO | flwr | 	                        (50, 0.5838827838827838),
simulation-0 | INFO flwr 2026-08-28 03:02:57,379 | server.py:495 | 	                        (51, 0.613089133089133),
2026-08-28 03:02:57,379 | INFO | flwr | 	                        (51, 0.613089133089133),
simulation-0 | INFO flwr 2026-08-28 03:02:57,379 | server.py:495 | 	                        (52, 0.5946520146520147),
2026-08-28 03:02:57,379 | INFO | flwr | 	                        (52, 0.5946520146520147),
simulation-0 | INFO flwr 2026-08-28 03:02:57,379 | server.py:495 | 	                        (53, 0.5863003663003663),
2026-08-28 03:02:57,379 | INFO | flwr | 	                        (53, 0.5863003663003663),
simulation-0 | INFO flwr 2026-08-28 03:02:57,379 | server.py:495 | 	                        (54, 0.6058363858363859),
2026-08-28 03:02:57,379 | INFO | flwr | 	                        (54, 0.6058363858363859),
simulation-0 | INFO flwr 2026-08-28 03:02:57,379 | server.py:495 | 	                        (55, 0.6151159951159951),
2026-08-28 03:02:57,379 | INFO | flwr | 	                        (55, 0.6151159951159951),
simulation-0 | INFO flwr 2026-08-28 03:02:57,379 | server.py:495 | 	                        (56, 0.6157264957264957),
2026-08-28 03:02:57,379 | INFO | flwr | 	                        (56, 0.6157264957264957),
simulation-0 | INFO flwr 2026-08-28 03:02:57,379 | server.py:495 | 	                        (57, 0.5930891330891329),
2026-08-28 03:02:57,379 | INFO | flwr | 	                        (57, 0.5930891330891329),
simulation-0 | INFO flwr 2026-08-28 03:02:57,379 | server.py:495 | 	                        (58, 0.6184126984126983),
2026-08-28 03:02:57,379 | INFO | flwr | 	                        (58, 0.6184126984126983),
simulation-0 | INFO flwr 2026-08-28 03:02:57,379 | server.py:495 | 	                        (59, 0.5955067155067155),
2026-08-28 03:02:57,379 | INFO | flwr | 	                        (59, 0.5955067155067155),
simulation-0 | INFO flwr 2026-08-28 03:02:57,379 | server.py:495 | 	                        (60, 0.657045177045177),
2026-08-28 03:02:57,379 | INFO | flwr | 	                        (60, 0.657045177045177),
simulation-0 | INFO flwr 2026-08-28 03:02:57,379 | server.py:495 | 	                        (61, 0.6696214896214897),
2026-08-28 03:02:57,379 | INFO | flwr | 	                        (61, 0.6696214896214897),
simulation-0 | INFO flwr 2026-08-28 03:02:57,379 | server.py:495 | 	                        (62, 0.6063003663003663),
2026-08-28 03:02:57,379 | INFO | flwr | 	                        (62, 0.6063003663003663),
simulation-0 | INFO flwr 2026-08-28 03:02:57,379 | server.py:495 | 	                        (63, 0.6482783882783882),
2026-08-28 03:02:57,379 | INFO | flwr | 	                        (63, 0.6482783882783882),
simulation-0 | INFO flwr 2026-08-28 03:02:57,379 | server.py:495 | 	                        (64, 0.6073992673992674),
2026-08-28 03:02:57,379 | INFO | flwr | 	                        (64, 0.6073992673992674),
simulation-0 | INFO flwr 2026-08-28 03:02:57,379 | server.py:495 | 	                        (65, 0.6460561660561661),
2026-08-28 03:02:57,379 | INFO | flwr | 	                        (65, 0.6460561660561661),
simulation-0 | INFO flwr 2026-08-28 03:02:57,379 | server.py:495 | 	                        (66, 0.6350671550671549),
2026-08-28 03:02:57,379 | INFO | flwr | 	                        (66, 0.6350671550671549),
simulation-0 | INFO flwr 2026-08-28 03:02:57,379 | server.py:495 | 	                        (67, 0.6263247863247863),
2026-08-28 03:02:57,379 | INFO | flwr | 	                        (67, 0.6263247863247863),
simulation-0 | INFO flwr 2026-08-28 03:02:57,379 | server.py:495 | 	                        (68, 0.6471794871794873),
2026-08-28 03:02:57,379 | INFO | flwr | 	                        (68, 0.6471794871794873),
simulation-0 | INFO flwr 2026-08-28 03:02:57,380 | server.py:495 | 	                        (69, 0.6263003663003662),
2026-08-28 03:02:57,380 | INFO | flwr | 	                        (69, 0.6263003663003662),
simulation-0 | INFO flwr 2026-08-28 03:02:57,380 | server.py:495 | 	                        (70, 0.6678632478632478),
2026-08-28 03:02:57,380 | INFO | flwr | 	                        (70, 0.6678632478632478),
simulation-0 | INFO flwr 2026-08-28 03:02:57,380 | server.py:495 | 	                        (71, 0.6572893772893773),
2026-08-28 03:02:57,380 | INFO | flwr | 	                        (71, 0.6572893772893773),
simulation-0 | INFO flwr 2026-08-28 03:02:57,380 | server.py:495 | 	                        (72, 0.6267643467643468),
2026-08-28 03:02:57,380 | INFO | flwr | 	                        (72, 0.6267643467643468),
simulation-0 | INFO flwr 2026-08-28 03:02:57,380 | server.py:495 | 	                        (73, 0.649157509157509),
2026-08-28 03:02:57,380 | INFO | flwr | 	                        (73, 0.649157509157509),
simulation-0 | INFO flwr 2026-08-28 03:02:57,380 | server.py:495 | 	                        (74, 0.6175091575091575),
2026-08-28 03:02:57,380 | INFO | flwr | 	                        (74, 0.6175091575091575),
simulation-0 | INFO flwr 2026-08-28 03:02:57,380 | server.py:495 | 	                        (75, 0.657069597069597),
2026-08-28 03:02:57,380 | INFO | flwr | 	                        (75, 0.657069597069597),
simulation-0 | INFO flwr 2026-08-28 03:02:57,380 | server.py:495 | 	                        (76, 0.613992673992674),
2026-08-28 03:02:57,380 | INFO | flwr | 	                        (76, 0.613992673992674),
simulation-0 | INFO flwr 2026-08-28 03:02:57,380 | server.py:495 | 	                        (77, 0.5854212454212454),
2026-08-28 03:02:57,380 | INFO | flwr | 	                        (77, 0.5854212454212454),
simulation-0 | INFO flwr 2026-08-28 03:02:57,380 | server.py:495 | 	                        (78, 0.624078144078144),
2026-08-28 03:02:57,380 | INFO | flwr | 	                        (78, 0.624078144078144),
simulation-0 | INFO flwr 2026-08-28 03:02:57,380 | server.py:495 | 	                        (79, 0.6263003663003663),
2026-08-28 03:02:57,380 | INFO | flwr | 	                        (79, 0.6263003663003663),
simulation-0 | INFO flwr 2026-08-28 03:02:57,380 | server.py:495 | 	                        (80, 0.6243223443223442),
2026-08-28 03:02:57,380 | INFO | flwr | 	                        (80, 0.6243223443223442),
simulation-0 | INFO flwr 2026-08-28 03:02:57,380 | server.py:495 | 	                        (81, 0.6460805860805862),
2026-08-28 03:02:57,380 | INFO | flwr | 	                        (81, 0.6460805860805862),
simulation-0 | INFO flwr 2026-08-28 03:02:57,380 | server.py:495 | 	                        (82, 0.5841025641025641),
2026-08-28 03:02:57,380 | INFO | flwr | 	                        (82, 0.5841025641025641),
simulation-0 | INFO flwr 2026-08-28 03:02:57,380 | server.py:495 | 	                        (83, 0.6173137973137972),
2026-08-28 03:02:57,380 | INFO | flwr | 	                        (83, 0.6173137973137972),
simulation-0 | INFO flwr 2026-08-28 03:02:57,380 | server.py:495 | 	                        (84, 0.6484981684981684),
2026-08-28 03:02:57,380 | INFO | flwr | 	                        (84, 0.6484981684981684),
simulation-0 | INFO flwr 2026-08-28 03:02:57,380 | server.py:495 | 	                        (85, 0.6577533577533577),
2026-08-28 03:02:57,380 | INFO | flwr | 	                        (85, 0.6577533577533577),
simulation-0 | INFO flwr 2026-08-28 03:02:57,380 | server.py:495 | 	                        (86, 0.5757509157509159),
2026-08-28 03:02:57,380 | INFO | flwr | 	                        (86, 0.5757509157509159),
simulation-0 | INFO flwr 2026-08-28 03:02:57,380 | server.py:495 | 	                        (87, 0.5941880341880342),
2026-08-28 03:02:57,380 | INFO | flwr | 	                        (87, 0.5941880341880342),
simulation-0 | INFO flwr 2026-08-28 03:02:57,380 | server.py:495 | 	                        (88, 0.6359462759462758),
2026-08-28 03:02:57,380 | INFO | flwr | 	                        (88, 0.6359462759462758),
simulation-0 | INFO flwr 2026-08-28 03:02:57,380 | server.py:495 | 	                        (89, 0.6265201465201465),
2026-08-28 03:02:57,380 | INFO | flwr | 	                        (89, 0.6265201465201465),
simulation-0 | INFO flwr 2026-08-28 03:02:57,381 | server.py:495 | 	                        (90, 0.5717704517704518),
2026-08-28 03:02:57,381 | INFO | flwr | 	                        (90, 0.5717704517704518),
simulation-0 | INFO flwr 2026-08-28 03:02:57,381 | server.py:495 | 	                        (91, 0.5827350427350426),
2026-08-28 03:02:57,381 | INFO | flwr | 	                        (91, 0.5827350427350426),
simulation-0 | INFO flwr 2026-08-28 03:02:57,381 | server.py:495 | 	                        (92, 0.5841025641025641),
2026-08-28 03:02:57,381 | INFO | flwr | 	                        (92, 0.5841025641025641),
simulation-0 | INFO flwr 2026-08-28 03:02:57,381 | server.py:495 | 	                        (93, 0.6052014652014652),
2026-08-28 03:02:57,381 | INFO | flwr | 	                        (93, 0.6052014652014652),
simulation-0 | INFO flwr 2026-08-28 03:02:57,381 | server.py:495 | 	                        (94, 0.6489377289377289),
2026-08-28 03:02:57,381 | INFO | flwr | 	                        (94, 0.6489377289377289),
simulation-0 | INFO flwr 2026-08-28 03:02:57,381 | server.py:495 | 	                        (95, 0.6346275946275947),
2026-08-28 03:02:57,381 | INFO | flwr | 	                        (95, 0.6346275946275947),
simulation-0 | INFO flwr 2026-08-28 03:02:57,381 | server.py:495 | 	                        (96, 0.6269597069597069),
2026-08-28 03:02:57,381 | INFO | flwr | 	                        (96, 0.6269597069597069),
simulation-0 | INFO flwr 2026-08-28 03:02:57,381 | server.py:495 | 	                        (97, 0.6494017094017094),
2026-08-28 03:02:57,381 | INFO | flwr | 	                        (97, 0.6494017094017094),
simulation-0 | INFO flwr 2026-08-28 03:02:57,381 | server.py:495 | 	                        (98, 0.6058608058608058),
2026-08-28 03:02:57,381 | INFO | flwr | 	                        (98, 0.6058608058608058),
simulation-0 | INFO flwr 2026-08-28 03:02:57,381 | server.py:495 | 	                        (99, 0.6170695970695971),
2026-08-28 03:02:57,381 | INFO | flwr | 	                        (99, 0.6170695970695971),
simulation-0 | INFO flwr 2026-08-28 03:02:57,381 | server.py:495 | 	                        (100, 0.6581684981684982)],
2026-08-28 03:02:57,381 | INFO | flwr | 	                        (100, 0.6581684981684982)],
simulation-0 | INFO flwr 2026-08-28 03:02:57,381 | server.py:495 | 	 'val_image_f1': [(1, 0.4626164311878598),
2026-08-28 03:02:57,381 | INFO | flwr | 	 'val_image_f1': [(1, 0.4626164311878598),
simulation-0 | INFO flwr 2026-08-28 03:02:57,381 | server.py:495 | 	                  (2, 0.4642846677132391),
2026-08-28 03:02:57,381 | INFO | flwr | 	                  (2, 0.4642846677132391),
simulation-0 | INFO flwr 2026-08-28 03:02:57,381 | server.py:495 | 	                  (3, 0.47436734693877547),
2026-08-28 03:02:57,381 | INFO | flwr | 	                  (3, 0.47436734693877547),
simulation-0 | INFO flwr 2026-08-28 03:02:57,381 | server.py:495 | 	                  (4, 0.5132537938252224),
2026-08-28 03:02:57,381 | INFO | flwr | 	                  (4, 0.5132537938252224),
simulation-0 | INFO flwr 2026-08-28 03:02:57,381 | server.py:495 | 	                  (5, 0.5052684458398744),
2026-08-28 03:02:57,381 | INFO | flwr | 	                  (5, 0.5052684458398744),
simulation-0 | INFO flwr 2026-08-28 03:02:57,381 | server.py:495 | 	                  (6, 0.4553197278911565),
2026-08-28 03:02:57,381 | INFO | flwr | 	                  (6, 0.4553197278911565),
simulation-0 | INFO flwr 2026-08-28 03:02:57,381 | server.py:495 | 	                  (7, 0.4902501308215594),
2026-08-28 03:02:57,381 | INFO | flwr | 	                  (7, 0.4902501308215594),
simulation-0 | INFO flwr 2026-08-28 03:02:57,381 | server.py:495 | 	                  (8, 0.4788759811616954),
2026-08-28 03:02:57,381 | INFO | flwr | 	                  (8, 0.4788759811616954),
simulation-0 | INFO flwr 2026-08-28 03:02:57,382 | server.py:495 | 	                  (9, 0.42094191522762947),
2026-08-28 03:02:57,382 | INFO | flwr | 	                  (9, 0.42094191522762947),
simulation-0 | INFO flwr 2026-08-28 03:02:57,382 | server.py:495 | 	                  (10, 0.5131135531135532),
2026-08-28 03:02:57,382 | INFO | flwr | 	                  (10, 0.5131135531135532),
simulation-0 | INFO flwr 2026-08-28 03:02:57,382 | server.py:495 | 	                  (11, 0.5105494505494507),
2026-08-28 03:02:57,382 | INFO | flwr | 	                  (11, 0.5105494505494507),
simulation-0 | INFO flwr 2026-08-28 03:02:57,382 | server.py:495 | 	                  (12, 0.47888435374149657),
2026-08-28 03:02:57,382 | INFO | flwr | 	                  (12, 0.47888435374149657),
simulation-0 | INFO flwr 2026-08-28 03:02:57,382 | server.py:495 | 	                  (13, 0.5144259549973836),
2026-08-28 03:02:57,382 | INFO | flwr | 	                  (13, 0.5144259549973836),
simulation-0 | INFO flwr 2026-08-28 03:02:57,382 | server.py:495 | 	                  (14, 0.5336787022501308),
2026-08-28 03:02:57,382 | INFO | flwr | 	                  (14, 0.5336787022501308),
simulation-0 | INFO flwr 2026-08-28 03:02:57,382 | server.py:495 | 	                  (15, 0.43606488749345895),
2026-08-28 03:02:57,382 | INFO | flwr | 	                  (15, 0.43606488749345895),
simulation-0 | INFO flwr 2026-08-28 03:02:57,382 | server.py:495 | 	                  (16, 0.4823819989534275),
2026-08-28 03:02:57,382 | INFO | flwr | 	                  (16, 0.4823819989534275),
simulation-0 | INFO flwr 2026-08-28 03:02:57,382 | server.py:495 | 	                  (17, 0.5665494505494506),
2026-08-28 03:02:57,382 | INFO | flwr | 	                  (17, 0.5665494505494506),
simulation-0 | INFO flwr 2026-08-28 03:02:57,382 | server.py:495 | 	                  (18, 0.5330989010989011),
2026-08-28 03:02:57,382 | INFO | flwr | 	                  (18, 0.5330989010989011),
simulation-0 | INFO flwr 2026-08-28 03:02:57,382 | server.py:495 | 	                  (19, 0.5146373626373626),
2026-08-28 03:02:57,382 | INFO | flwr | 	                  (19, 0.5146373626373626),
simulation-0 | INFO flwr 2026-08-28 03:02:57,382 | server.py:495 | 	                  (20, 0.5337435897435898),
2026-08-28 03:02:57,382 | INFO | flwr | 	                  (20, 0.5337435897435898),
simulation-0 | INFO flwr 2026-08-28 03:02:57,382 | server.py:495 | 	                  (21, 0.5137142857142857),
2026-08-28 03:02:57,382 | INFO | flwr | 	                  (21, 0.5137142857142857),
simulation-0 | INFO flwr 2026-08-28 03:02:57,382 | server.py:495 | 	                  (22, 0.4902061747776034),
2026-08-28 03:02:57,382 | INFO | flwr | 	                  (22, 0.4902061747776034),
simulation-0 | INFO flwr 2026-08-28 03:02:57,382 | server.py:495 | 	                  (23, 0.5121883830455258),
2026-08-28 03:02:57,382 | INFO | flwr | 	                  (23, 0.5121883830455258),
simulation-0 | INFO flwr 2026-08-28 03:02:57,382 | server.py:495 | 	                  (24, 0.5152171637885923),
2026-08-28 03:02:57,382 | INFO | flwr | 	                  (24, 0.5152171637885923),
simulation-0 | INFO flwr 2026-08-28 03:02:57,382 | server.py:495 | 	                  (25, 0.506742019884877),
2026-08-28 03:02:57,382 | INFO | flwr | 	                  (25, 0.506742019884877),
simulation-0 | INFO flwr 2026-08-28 03:02:57,382 | server.py:495 | 	                  (26, 0.5065871271585557),
2026-08-28 03:02:57,382 | INFO | flwr | 	                  (26, 0.5065871271585557),
simulation-0 | INFO flwr 2026-08-28 03:02:57,382 | server.py:495 | 	                  (27, 0.5356860282574568),
2026-08-28 03:02:57,382 | INFO | flwr | 	                  (27, 0.5356860282574568),
simulation-0 | INFO flwr 2026-08-28 03:02:57,382 | server.py:495 | 	                  (28, 0.5256996336996337),
2026-08-28 03:02:57,382 | INFO | flwr | 	                  (28, 0.5256996336996337),
simulation-0 | INFO flwr 2026-08-28 03:02:57,383 | server.py:495 | 	                  (29, 0.5135928833071689),
2026-08-28 03:02:57,383 | INFO | flwr | 	                  (29, 0.5135928833071689),
simulation-0 | INFO flwr 2026-08-28 03:02:57,383 | server.py:495 | 	                  (30, 0.5013542647828363),
2026-08-28 03:02:57,383 | INFO | flwr | 	                  (30, 0.5013542647828363),
simulation-0 | INFO flwr 2026-08-28 03:02:57,383 | server.py:495 | 	                  (31, 0.5329167974882261),
2026-08-28 03:02:57,383 | INFO | flwr | 	                  (31, 0.5329167974882261),
simulation-0 | INFO flwr 2026-08-28 03:02:57,383 | server.py:495 | 	                  (32, 0.4724793301936159),
2026-08-28 03:02:57,383 | INFO | flwr | 	                  (32, 0.4724793301936159),
simulation-0 | INFO flwr 2026-08-28 03:02:57,383 | server.py:495 | 	                  (33, 0.5891282051282052),
2026-08-28 03:02:57,383 | INFO | flwr | 	                  (33, 0.5891282051282052),
simulation-0 | INFO flwr 2026-08-28 03:02:57,383 | server.py:495 | 	                  (34, 0.5683516483516483),
2026-08-28 03:02:57,383 | INFO | flwr | 	                  (34, 0.5683516483516483),
simulation-0 | INFO flwr 2026-08-28 03:02:57,383 | server.py:495 | 	                  (35, 0.5527472527472528),
2026-08-28 03:02:57,383 | INFO | flwr | 	                  (35, 0.5527472527472528),
simulation-0 | INFO flwr 2026-08-28 03:02:57,383 | server.py:495 | 	                  (36, 0.55098273155416),
2026-08-28 03:02:57,383 | INFO | flwr | 	                  (36, 0.55098273155416),
simulation-0 | INFO flwr 2026-08-28 03:02:57,383 | server.py:495 | 	                  (37, 0.531738356881214),
2026-08-28 03:02:57,383 | INFO | flwr | 	                  (37, 0.531738356881214),
simulation-0 | INFO flwr 2026-08-28 03:02:57,383 | server.py:495 | 	                  (38, 0.5424552590266876),
2026-08-28 03:02:57,383 | INFO | flwr | 	                  (38, 0.5424552590266876),
simulation-0 | INFO flwr 2026-08-28 03:02:57,383 | server.py:495 | 	                  (39, 0.527432757718472),
2026-08-28 03:02:57,383 | INFO | flwr | 	                  (39, 0.527432757718472),
simulation-0 | INFO flwr 2026-08-28 03:02:57,383 | server.py:495 | 	                  (40, 0.5137435897435897),
2026-08-28 03:02:57,383 | INFO | flwr | 	                  (40, 0.5137435897435897),
simulation-0 | INFO flwr 2026-08-28 03:02:57,383 | server.py:495 | 	                  (41, 0.5319120879120879),
2026-08-28 03:02:57,383 | INFO | flwr | 	                  (41, 0.5319120879120879),
simulation-0 | INFO flwr 2026-08-28 03:02:57,383 | server.py:495 | 	                  (42, 0.5682930402930403),
2026-08-28 03:02:57,383 | INFO | flwr | 	                  (42, 0.5682930402930403),
simulation-0 | INFO flwr 2026-08-28 03:02:57,383 | server.py:495 | 	                  (43, 0.5578461538461539),
2026-08-28 03:02:57,383 | INFO | flwr | 	                  (43, 0.5578461538461539),
simulation-0 | INFO flwr 2026-08-28 03:02:57,383 | server.py:495 | 	                  (44, 0.5330340136054422),
2026-08-28 03:02:57,383 | INFO | flwr | 	                  (44, 0.5330340136054422),
simulation-0 | INFO flwr 2026-08-28 03:02:57,383 | server.py:495 | 	                  (45, 0.4807702773417059),
2026-08-28 03:02:57,383 | INFO | flwr | 	                  (45, 0.4807702773417059),
simulation-0 | INFO flwr 2026-08-28 03:02:57,383 | server.py:495 | 	                  (46, 0.5368351648351648),
2026-08-28 03:02:57,383 | INFO | flwr | 	                  (46, 0.5368351648351648),
simulation-0 | INFO flwr 2026-08-28 03:02:57,383 | server.py:495 | 	                  (47, 0.5253919413919413),
2026-08-28 03:02:57,383 | INFO | flwr | 	                  (47, 0.5253919413919413),
simulation-0 | INFO flwr 2026-08-28 03:02:57,383 | server.py:495 | 	                  (48, 0.4725630559916274),
2026-08-28 03:02:57,383 | INFO | flwr | 	                  (48, 0.4725630559916274),
simulation-0 | INFO flwr 2026-08-28 03:02:57,384 | server.py:495 | 	                  (49, 0.4750706436420722),
2026-08-28 03:02:57,384 | INFO | flwr | 	                  (49, 0.4750706436420722),
simulation-0 | INFO flwr 2026-08-28 03:02:57,384 | server.py:495 | 	                  (50, 0.522865515436944),
2026-08-28 03:02:57,384 | INFO | flwr | 	                  (50, 0.522865515436944),
simulation-0 | INFO flwr 2026-08-28 03:02:57,384 | server.py:495 | 	                  (51, 0.5404186289900575),
2026-08-28 03:02:57,384 | INFO | flwr | 	                  (51, 0.5404186289900575),
simulation-0 | INFO flwr 2026-08-28 03:02:57,384 | server.py:495 | 	                  (52, 0.511905808477237),
2026-08-28 03:02:57,384 | INFO | flwr | 	                  (52, 0.511905808477237),
simulation-0 | INFO flwr 2026-08-28 03:02:57,384 | server.py:495 | 	                  (53, 0.5073992673992674),
2026-08-28 03:02:57,384 | INFO | flwr | 	                  (53, 0.5073992673992674),
simulation-0 | INFO flwr 2026-08-28 03:02:57,384 | server.py:495 | 	                  (54, 0.529766614338043),
2026-08-28 03:02:57,384 | INFO | flwr | 	                  (54, 0.529766614338043),
simulation-0 | INFO flwr 2026-08-28 03:02:57,384 | server.py:495 | 	                  (55, 0.5289754055468341),
2026-08-28 03:02:57,384 | INFO | flwr | 	                  (55, 0.5289754055468341),
simulation-0 | INFO flwr 2026-08-28 03:02:57,384 | server.py:495 | 	                  (56, 0.5295907901622187),
2026-08-28 03:02:57,384 | INFO | flwr | 	                  (56, 0.5295907901622187),
simulation-0 | INFO flwr 2026-08-28 03:02:57,384 | server.py:495 | 	                  (57, 0.5145264259549973),
2026-08-28 03:02:57,384 | INFO | flwr | 	                  (57, 0.5145264259549973),
simulation-0 | INFO flwr 2026-08-28 03:02:57,384 | server.py:495 | 	                  (58, 0.5321988487702772),
2026-08-28 03:02:57,384 | INFO | flwr | 	                  (58, 0.5321988487702772),
simulation-0 | INFO flwr 2026-08-28 03:02:57,384 | server.py:495 | 	                  (59, 0.5050884353741497),
2026-08-28 03:02:57,384 | INFO | flwr | 	                  (59, 0.5050884353741497),
simulation-0 | INFO flwr 2026-08-28 03:02:57,384 | server.py:495 | 	                  (60, 0.5838388278388278),
2026-08-28 03:02:57,384 | INFO | flwr | 	                  (60, 0.5838388278388278),
simulation-0 | INFO flwr 2026-08-28 03:02:57,384 | server.py:495 | 	                  (61, 0.6182647828362114),
2026-08-28 03:02:57,384 | INFO | flwr | 	                  (61, 0.6182647828362114),
simulation-0 | INFO flwr 2026-08-28 03:02:57,384 | server.py:495 | 	                  (62, 0.5372684458398744),
2026-08-28 03:02:57,384 | INFO | flwr | 	                  (62, 0.5372684458398744),
simulation-0 | INFO flwr 2026-08-28 03:02:57,384 | server.py:495 | 	                  (63, 0.5960376766091052),
2026-08-28 03:02:57,384 | INFO | flwr | 	                  (63, 0.5960376766091052),
simulation-0 | INFO flwr 2026-08-28 03:02:57,384 | server.py:495 | 	                  (64, 0.5243858363858364),
2026-08-28 03:02:57,384 | INFO | flwr | 	                  (64, 0.5243858363858364),
simulation-0 | INFO flwr 2026-08-28 03:02:57,384 | server.py:495 | 	                  (65, 0.5893919413919414),
2026-08-28 03:02:57,384 | INFO | flwr | 	                  (65, 0.5893919413919414),
simulation-0 | INFO flwr 2026-08-28 03:02:57,384 | server.py:495 | 	                  (66, 0.5821475667189951),
2026-08-28 03:02:57,384 | INFO | flwr | 	                  (66, 0.5821475667189951),
simulation-0 | INFO flwr 2026-08-28 03:02:57,384 | server.py:495 | 	                  (67, 0.5615384615384615),
2026-08-28 03:02:57,384 | INFO | flwr | 	                  (67, 0.5615384615384615),
simulation-0 | INFO flwr 2026-08-28 03:02:57,384 | server.py:495 | 	                  (68, 0.5660010465724751),
2026-08-28 03:02:57,384 | INFO | flwr | 	                  (68, 0.5660010465724751),
simulation-0 | INFO flwr 2026-08-28 03:02:57,385 | server.py:495 | 	                  (69, 0.5576996336996336),
2026-08-28 03:02:57,385 | INFO | flwr | 	                  (69, 0.5576996336996336),
simulation-0 | INFO flwr 2026-08-28 03:02:57,385 | server.py:495 | 	                  (70, 0.6208937728937729),
2026-08-28 03:02:57,385 | INFO | flwr | 	                  (70, 0.6208937728937729),
simulation-0 | INFO flwr 2026-08-28 03:02:57,385 | server.py:495 | 	                  (71, 0.588931449502878),
2026-08-28 03:02:57,385 | INFO | flwr | 	                  (71, 0.588931449502878),
simulation-0 | INFO flwr 2026-08-28 03:02:57,385 | server.py:495 | 	                  (72, 0.5573186813186812),
2026-08-28 03:02:57,385 | INFO | flwr | 	                  (72, 0.5573186813186812),
simulation-0 | INFO flwr 2026-08-28 03:02:57,385 | server.py:495 | 	                  (73, 0.5844688644688645),
2026-08-28 03:02:57,385 | INFO | flwr | 	                  (73, 0.5844688644688645),
simulation-0 | INFO flwr 2026-08-28 03:02:57,385 | server.py:495 | 	                  (74, 0.5377373103087388),
2026-08-28 03:02:57,385 | INFO | flwr | 	                  (74, 0.5377373103087388),
simulation-0 | INFO flwr 2026-08-28 03:02:57,385 | server.py:495 | 	                  (75, 0.58785557299843),
2026-08-28 03:02:57,385 | INFO | flwr | 	                  (75, 0.58785557299843),
simulation-0 | INFO flwr 2026-08-28 03:02:57,385 | server.py:495 | 	                  (76, 0.5321172161172162),
2026-08-28 03:02:57,385 | INFO | flwr | 	                  (76, 0.5321172161172162),
simulation-0 | INFO flwr 2026-08-28 03:02:57,385 | server.py:495 | 	                  (77, 0.5212956567242281),
2026-08-28 03:02:57,385 | INFO | flwr | 	                  (77, 0.5212956567242281),
simulation-0 | INFO flwr 2026-08-28 03:02:57,385 | server.py:495 | 	                  (78, 0.5502794348508634),
2026-08-28 03:02:57,385 | INFO | flwr | 	                  (78, 0.5502794348508634),
simulation-0 | INFO flwr 2026-08-28 03:02:57,385 | server.py:495 | 	                  (79, 0.5732789115646258),
2026-08-28 03:02:57,385 | INFO | flwr | 	                  (79, 0.5732789115646258),
simulation-0 | INFO flwr 2026-08-28 03:02:57,385 | server.py:495 | 	                  (80, 0.5692161172161172),
2026-08-28 03:02:57,385 | INFO | flwr | 	                  (80, 0.5692161172161172),
simulation-0 | INFO flwr 2026-08-28 03:02:57,385 | server.py:495 | 	                  (81, 0.5953992673992673),
2026-08-28 03:02:57,385 | INFO | flwr | 	                  (81, 0.5953992673992673),
simulation-0 | INFO flwr 2026-08-28 03:02:57,385 | server.py:495 | 	                  (82, 0.5162783882783882),
2026-08-28 03:02:57,385 | INFO | flwr | 	                  (82, 0.5162783882783882),
simulation-0 | INFO flwr 2026-08-28 03:02:57,385 | server.py:495 | 	                  (83, 0.5503485086342229),
2026-08-28 03:02:57,385 | INFO | flwr | 	                  (83, 0.5503485086342229),
simulation-0 | INFO flwr 2026-08-28 03:02:57,385 | server.py:495 | 	                  (84, 0.591062271062271),
2026-08-28 03:02:57,385 | INFO | flwr | 	                  (84, 0.591062271062271),
simulation-0 | INFO flwr 2026-08-28 03:02:57,385 | server.py:495 | 	                  (85, 0.5957802197802198),
2026-08-28 03:02:57,385 | INFO | flwr | 	                  (85, 0.5957802197802198),
simulation-0 | INFO flwr 2026-08-28 03:02:57,385 | server.py:495 | 	                  (86, 0.5014714809000523),
2026-08-28 03:02:57,385 | INFO | flwr | 	                  (86, 0.5014714809000523),
simulation-0 | INFO flwr 2026-08-28 03:02:57,385 | server.py:495 | 	                  (87, 0.5285442176870748),
2026-08-28 03:02:57,385 | INFO | flwr | 	                  (87, 0.5285442176870748),
simulation-0 | INFO flwr 2026-08-28 03:02:57,385 | server.py:495 | 	                  (88, 0.5784468864468864),
2026-08-28 03:02:57,385 | INFO | flwr | 	                  (88, 0.5784468864468864),
simulation-0 | INFO flwr 2026-08-28 03:02:57,386 | server.py:495 | 	                  (89, 0.553883830455259),
2026-08-28 03:02:57,386 | INFO | flwr | 	                  (89, 0.553883830455259),
simulation-0 | INFO flwr 2026-08-28 03:02:57,386 | server.py:495 | 	                  (90, 0.5073846153846153),
2026-08-28 03:02:57,386 | INFO | flwr | 	                  (90, 0.5073846153846153),
simulation-0 | INFO flwr 2026-08-28 03:02:57,386 | server.py:495 | 	                  (91, 0.5066896912611198),
2026-08-28 03:02:57,386 | INFO | flwr | 	                  (91, 0.5066896912611198),
simulation-0 | INFO flwr 2026-08-28 03:02:57,386 | server.py:495 | 	                  (92, 0.5181538461538462),
2026-08-28 03:02:57,386 | INFO | flwr | 	                  (92, 0.5181538461538462),
simulation-0 | INFO flwr 2026-08-28 03:02:57,386 | server.py:495 | 	                  (93, 0.532937728937729),
2026-08-28 03:02:57,386 | INFO | flwr | 	                  (93, 0.532937728937729),
simulation-0 | INFO flwr 2026-08-28 03:02:57,386 | server.py:495 | 	                  (94, 0.5828069073783358),
2026-08-28 03:02:57,386 | INFO | flwr | 	                  (94, 0.5828069073783358),
simulation-0 | INFO flwr 2026-08-28 03:02:57,386 | server.py:495 | 	                  (95, 0.5710413396127682),
2026-08-28 03:02:57,386 | INFO | flwr | 	                  (95, 0.5710413396127682),
simulation-0 | INFO flwr 2026-08-28 03:02:57,386 | server.py:495 | 	                  (96, 0.5511355311355312),
2026-08-28 03:02:57,386 | INFO | flwr | 	                  (96, 0.5511355311355312),
simulation-0 | INFO flwr 2026-08-28 03:02:57,386 | server.py:495 | 	                  (97, 0.5787043432757719),
2026-08-28 03:02:57,386 | INFO | flwr | 	                  (97, 0.5787043432757719),
simulation-0 | INFO flwr 2026-08-28 03:02:57,386 | server.py:495 | 	                  (98, 0.5264175824175824),
2026-08-28 03:02:57,386 | INFO | flwr | 	                  (98, 0.5264175824175824),
simulation-0 | INFO flwr 2026-08-28 03:02:57,386 | server.py:495 | 	                  (99, 0.547861852433281),
2026-08-28 03:02:57,386 | INFO | flwr | 	                  (99, 0.547861852433281),
simulation-0 | INFO flwr 2026-08-28 03:02:57,386 | server.py:495 | 	                  (100, 0.5959267399267398)],
2026-08-28 03:02:57,386 | INFO | flwr | 	                  (100, 0.5959267399267398)],
simulation-0 | INFO flwr 2026-08-28 03:02:57,386 | server.py:495 | 	 'val_image_precision': [(1, 0.45867399267399267),
2026-08-28 03:02:57,386 | INFO | flwr | 	 'val_image_precision': [(1, 0.45867399267399267),
simulation-0 | INFO flwr 2026-08-28 03:02:57,386 | server.py:495 | 	                         (2, 0.4455677655677656),
2026-08-28 03:02:57,386 | INFO | flwr | 	                         (2, 0.4455677655677656),
simulation-0 | INFO flwr 2026-08-28 03:02:57,386 | server.py:495 | 	                         (3, 0.45696703296703295),
2026-08-28 03:02:57,386 | INFO | flwr | 	                         (3, 0.45696703296703295),
simulation-0 | INFO flwr 2026-08-28 03:02:57,386 | server.py:495 | 	                         (4, 0.489084249084249),
2026-08-28 03:02:57,386 | INFO | flwr | 	                         (4, 0.489084249084249),
simulation-0 | INFO flwr 2026-08-28 03:02:57,386 | server.py:495 | 	                         (5, 0.5056703296703297),
2026-08-28 03:02:57,386 | INFO | flwr | 	                         (5, 0.5056703296703297),
simulation-0 | INFO flwr 2026-08-28 03:02:57,386 | server.py:495 | 	                         (6, 0.4431062271062272),
2026-08-28 03:02:57,386 | INFO | flwr | 	                         (6, 0.4431062271062272),
simulation-0 | INFO flwr 2026-08-28 03:02:57,386 | server.py:495 | 	                         (7, 0.47882051282051286),
2026-08-28 03:02:57,386 | INFO | flwr | 	                         (7, 0.47882051282051286),
simulation-0 | INFO flwr 2026-08-28 03:02:57,386 | server.py:495 | 	                         (8, 0.45995604395604395),
2026-08-28 03:02:57,386 | INFO | flwr | 	                         (8, 0.45995604395604395),
simulation-0 | INFO flwr 2026-08-28 03:02:57,387 | server.py:495 | 	                         (9, 0.41658608058608054),
2026-08-28 03:02:57,387 | INFO | flwr | 	                         (9, 0.41658608058608054),
simulation-0 | INFO flwr 2026-08-28 03:02:57,387 | server.py:495 | 	                         (10, 0.4991208791208791),
2026-08-28 03:02:57,387 | INFO | flwr | 	                         (10, 0.4991208791208791),
simulation-0 | INFO flwr 2026-08-28 03:02:57,387 | server.py:495 | 	                         (11, 0.48823443223443225),
2026-08-28 03:02:57,387 | INFO | flwr | 	                         (11, 0.48823443223443225),
simulation-0 | INFO flwr 2026-08-28 03:02:57,387 | server.py:495 | 	                         (12, 0.4554871794871794),
2026-08-28 03:02:57,387 | INFO | flwr | 	                         (12, 0.4554871794871794),
simulation-0 | INFO flwr 2026-08-28 03:02:57,387 | server.py:495 | 	                         (13, 0.5067692307692307),
2026-08-28 03:02:57,387 | INFO | flwr | 	                         (13, 0.5067692307692307),
simulation-0 | INFO flwr 2026-08-28 03:02:57,387 | server.py:495 | 	                         (14, 0.5235457875457875),
2026-08-28 03:02:57,387 | INFO | flwr | 	                         (14, 0.5235457875457875),
simulation-0 | INFO flwr 2026-08-28 03:02:57,387 | server.py:495 | 	                         (15, 0.4136556776556777),
2026-08-28 03:02:57,387 | INFO | flwr | 	                         (15, 0.4136556776556777),
simulation-0 | INFO flwr 2026-08-28 03:02:57,387 | server.py:495 | 	                         (16, 0.46991208791208794),
2026-08-28 03:02:57,387 | INFO | flwr | 	                         (16, 0.46991208791208794),
simulation-0 | INFO flwr 2026-08-28 03:02:57,387 | server.py:495 | 	                         (17, 0.5624175824175824),
2026-08-28 03:02:57,387 | INFO | flwr | 	                         (17, 0.5624175824175824),
simulation-0 | INFO flwr 2026-08-28 03:02:57,387 | server.py:495 | 	                         (18, 0.520065934065934),
2026-08-28 03:02:57,387 | INFO | flwr | 	                         (18, 0.520065934065934),
simulation-0 | INFO flwr 2026-08-28 03:02:57,387 | server.py:495 | 	                         (19, 0.526007326007326),
2026-08-28 03:02:57,387 | INFO | flwr | 	                         (19, 0.526007326007326),
simulation-0 | INFO flwr 2026-08-28 03:02:57,387 | server.py:495 | 	                         (20, 0.5258608058608059),
2026-08-28 03:02:57,387 | INFO | flwr | 	                         (20, 0.5258608058608059),
simulation-0 | INFO flwr 2026-08-28 03:02:57,387 | server.py:495 | 	                         (21, 0.5288937728937728),
2026-08-28 03:02:57,387 | INFO | flwr | 	                         (21, 0.5288937728937728),
simulation-0 | INFO flwr 2026-08-28 03:02:57,387 | server.py:495 | 	                         (22, 0.4807619047619048),
2026-08-28 03:02:57,387 | INFO | flwr | 	                         (22, 0.4807619047619048),
simulation-0 | INFO flwr 2026-08-28 03:02:57,387 | server.py:495 | 	                         (23, 0.5153406593406594),
2026-08-28 03:02:57,387 | INFO | flwr | 	                         (23, 0.5153406593406594),
simulation-0 | INFO flwr 2026-08-28 03:02:57,387 | server.py:495 | 	                         (24, 0.4969523809523809),
2026-08-28 03:02:57,387 | INFO | flwr | 	                         (24, 0.4969523809523809),
simulation-0 | INFO flwr 2026-08-28 03:02:57,387 | server.py:495 | 	                         (25, 0.49050549450549447),
2026-08-28 03:02:57,387 | INFO | flwr | 	                         (25, 0.49050549450549447),
simulation-0 | INFO flwr 2026-08-28 03:02:57,387 | server.py:495 | 	                         (26, 0.49523076923076925),
2026-08-28 03:02:57,387 | INFO | flwr | 	                         (26, 0.49523076923076925),
simulation-0 | INFO flwr 2026-08-28 03:02:57,387 | server.py:495 | 	                         (27, 0.5144615384615384),
2026-08-28 03:02:57,387 | INFO | flwr | 	                         (27, 0.5144615384615384),
simulation-0 | INFO flwr 2026-08-28 03:02:57,387 | server.py:495 | 	                         (28, 0.5372893772893773),
2026-08-28 03:02:57,387 | INFO | flwr | 	                         (28, 0.5372893772893773),
simulation-0 | INFO flwr 2026-08-28 03:02:57,388 | server.py:495 | 	                         (29, 0.5093772893772894),
2026-08-28 03:02:57,388 | INFO | flwr | 	                         (29, 0.5093772893772894),
simulation-0 | INFO flwr 2026-08-28 03:02:57,388 | server.py:495 | 	                         (30, 0.49714285714285716),
2026-08-28 03:02:57,388 | INFO | flwr | 	                         (30, 0.49714285714285716),
simulation-0 | INFO flwr 2026-08-28 03:02:57,388 | server.py:495 | 	                         (31, 0.5066959706959706),
2026-08-28 03:02:57,388 | INFO | flwr | 	                         (31, 0.5066959706959706),
simulation-0 | INFO flwr 2026-08-28 03:02:57,388 | server.py:495 | 	                         (32, 0.4755311355311356),
2026-08-28 03:02:57,388 | INFO | flwr | 	                         (32, 0.4755311355311356),
simulation-0 | INFO flwr 2026-08-28 03:02:57,388 | server.py:495 | 	                         (33, 0.599047619047619),
2026-08-28 03:02:57,388 | INFO | flwr | 	                         (33, 0.599047619047619),
simulation-0 | INFO flwr 2026-08-28 03:02:57,388 | server.py:495 | 	                         (34, 0.5646886446886447),
2026-08-28 03:02:57,388 | INFO | flwr | 	                         (34, 0.5646886446886447),
simulation-0 | INFO flwr 2026-08-28 03:02:57,388 | server.py:495 | 	                         (35, 0.541904761904762),
2026-08-28 03:02:57,388 | INFO | flwr | 	                         (35, 0.541904761904762),
simulation-0 | INFO flwr 2026-08-28 03:02:57,388 | server.py:495 | 	                         (36, 0.5502564102564103),
2026-08-28 03:02:57,388 | INFO | flwr | 	                         (36, 0.5502564102564103),
simulation-0 | INFO flwr 2026-08-28 03:02:57,388 | server.py:495 | 	                         (37, 0.5321538461538461),
2026-08-28 03:02:57,388 | INFO | flwr | 	                         (37, 0.5321538461538461),
simulation-0 | INFO flwr 2026-08-28 03:02:57,388 | server.py:495 | 	                         (38, 0.5346080586080586),
2026-08-28 03:02:57,388 | INFO | flwr | 	                         (38, 0.5346080586080586),
simulation-0 | INFO flwr 2026-08-28 03:02:57,388 | server.py:495 | 	                         (39, 0.5375457875457875),
2026-08-28 03:02:57,388 | INFO | flwr | 	                         (39, 0.5375457875457875),
simulation-0 | INFO flwr 2026-08-28 03:02:57,388 | server.py:495 | 	                         (40, 0.5155311355311355),
2026-08-28 03:02:57,388 | INFO | flwr | 	                         (40, 0.5155311355311355),
simulation-0 | INFO flwr 2026-08-28 03:02:57,388 | server.py:495 | 	                         (41, 0.5324542124542124),
2026-08-28 03:02:57,388 | INFO | flwr | 	                         (41, 0.5324542124542124),
simulation-0 | INFO flwr 2026-08-28 03:02:57,388 | server.py:495 | 	                         (42, 0.5728205128205128),
2026-08-28 03:02:57,388 | INFO | flwr | 	                         (42, 0.5728205128205128),
simulation-0 | INFO flwr 2026-08-28 03:02:57,388 | server.py:495 | 	                         (43, 0.5691575091575091),
2026-08-28 03:02:57,388 | INFO | flwr | 	                         (43, 0.5691575091575091),
simulation-0 | INFO flwr 2026-08-28 03:02:57,388 | server.py:495 | 	                         (44, 0.515084249084249),
2026-08-28 03:02:57,388 | INFO | flwr | 	                         (44, 0.515084249084249),
simulation-0 | INFO flwr 2026-08-28 03:02:57,388 | server.py:495 | 	                         (45, 0.4566593406593407),
2026-08-28 03:02:57,388 | INFO | flwr | 	                         (45, 0.4566593406593407),
simulation-0 | INFO flwr 2026-08-28 03:02:57,388 | server.py:495 | 	                         (46, 0.531025641025641),
2026-08-28 03:02:57,388 | INFO | flwr | 	                         (46, 0.531025641025641),
simulation-0 | INFO flwr 2026-08-28 03:02:57,388 | server.py:495 | 	                         (47, 0.49926739926739927),
2026-08-28 03:02:57,388 | INFO | flwr | 	                         (47, 0.49926739926739927),
simulation-0 | INFO flwr 2026-08-28 03:02:57,389 | server.py:495 | 	                         (48, 0.4528571428571429),
2026-08-28 03:02:57,389 | INFO | flwr | 	                         (48, 0.4528571428571429),
simulation-0 | INFO flwr 2026-08-28 03:02:57,389 | server.py:495 | 	                         (49, 0.4501391941391942),
2026-08-28 03:02:57,389 | INFO | flwr | 	                         (49, 0.4501391941391942),
simulation-0 | INFO flwr 2026-08-28 03:02:57,389 | server.py:495 | 	                         (50, 0.5157435897435897),
2026-08-28 03:02:57,389 | INFO | flwr | 	                         (50, 0.5157435897435897),
simulation-0 | INFO flwr 2026-08-28 03:02:57,389 | server.py:495 | 	                         (51, 0.5511721611721612),
2026-08-28 03:02:57,389 | INFO | flwr | 	                         (51, 0.5511721611721612),
simulation-0 | INFO flwr 2026-08-28 03:02:57,389 | server.py:495 | 	                         (52, 0.48563369963369957),
2026-08-28 03:02:57,389 | INFO | flwr | 	                         (52, 0.48563369963369957),
simulation-0 | INFO flwr 2026-08-28 03:02:57,389 | server.py:495 | 	                         (53, 0.49260073260073256),
2026-08-28 03:02:57,389 | INFO | flwr | 	                         (53, 0.49260073260073256),
simulation-0 | INFO flwr 2026-08-28 03:02:57,389 | server.py:495 | 	                         (54, 0.5069157509157509),
2026-08-28 03:02:57,389 | INFO | flwr | 	                         (54, 0.5069157509157509),
simulation-0 | INFO flwr 2026-08-28 03:02:57,389 | server.py:495 | 	                         (55, 0.5009816849816849),
2026-08-28 03:02:57,389 | INFO | flwr | 	                         (55, 0.5009816849816849),
simulation-0 | INFO flwr 2026-08-28 03:02:57,389 | server.py:495 | 	                         (56, 0.520029304029304),
2026-08-28 03:02:57,389 | INFO | flwr | 	                         (56, 0.520029304029304),
simulation-0 | INFO flwr 2026-08-28 03:02:57,389 | server.py:495 | 	                         (57, 0.502124542124542),
2026-08-28 03:02:57,389 | INFO | flwr | 	                         (57, 0.502124542124542),
simulation-0 | INFO flwr 2026-08-28 03:02:57,389 | server.py:495 | 	                         (58, 0.5207619047619048),
2026-08-28 03:02:57,389 | INFO | flwr | 	                         (58, 0.5207619047619048),
simulation-0 | INFO flwr 2026-08-28 03:02:57,389 | server.py:495 | 	                         (59, 0.4927032967032967),
2026-08-28 03:02:57,389 | INFO | flwr | 	                         (59, 0.4927032967032967),
simulation-0 | INFO flwr 2026-08-28 03:02:57,389 | server.py:495 | 	                         (60, 0.5758241758241758),
2026-08-28 03:02:57,389 | INFO | flwr | 	                         (60, 0.5758241758241758),
simulation-0 | INFO flwr 2026-08-28 03:02:57,389 | server.py:495 | 	                         (61, 0.6327472527472529),
2026-08-28 03:02:57,389 | INFO | flwr | 	                         (61, 0.6327472527472529),
simulation-0 | INFO flwr 2026-08-28 03:02:57,389 | server.py:495 | 	                         (62, 0.5223003663003662),
2026-08-28 03:02:57,389 | INFO | flwr | 	                         (62, 0.5223003663003662),
simulation-0 | INFO flwr 2026-08-28 03:02:57,389 | server.py:495 | 	                         (63, 0.6024908424908425),
2026-08-28 03:02:57,389 | INFO | flwr | 	                         (63, 0.6024908424908425),
simulation-0 | INFO flwr 2026-08-28 03:02:57,389 | server.py:495 | 	                         (64, 0.4994139194139194),
2026-08-28 03:02:57,389 | INFO | flwr | 	                         (64, 0.4994139194139194),
simulation-0 | INFO flwr 2026-08-28 03:02:57,389 | server.py:495 | 	                         (65, 0.5893040293040293),
2026-08-28 03:02:57,389 | INFO | flwr | 	                         (65, 0.5893040293040293),
simulation-0 | INFO flwr 2026-08-28 03:02:57,389 | server.py:495 | 	                         (66, 0.5809890109890109),
2026-08-28 03:02:57,389 | INFO | flwr | 	                         (66, 0.5809890109890109),
simulation-0 | INFO flwr 2026-08-28 03:02:57,389 | server.py:495 | 	                         (67, 0.5562637362637363),
2026-08-28 03:02:57,389 | INFO | flwr | 	                         (67, 0.5562637362637363),
simulation-0 | INFO flwr 2026-08-28 03:02:57,390 | server.py:495 | 	                         (68, 0.5526007326007326),
2026-08-28 03:02:57,390 | INFO | flwr | 	                         (68, 0.5526007326007326),
simulation-0 | INFO flwr 2026-08-28 03:02:57,390 | server.py:495 | 	                         (69, 0.564908424908425),
2026-08-28 03:02:57,390 | INFO | flwr | 	                         (69, 0.564908424908425),
simulation-0 | INFO flwr 2026-08-28 03:02:57,390 | server.py:495 | 	                         (70, 0.6271062271062272),
2026-08-28 03:02:57,390 | INFO | flwr | 	                         (70, 0.6271062271062272),
simulation-0 | INFO flwr 2026-08-28 03:02:57,390 | server.py:495 | 	                         (71, 0.5875018315018316),
2026-08-28 03:02:57,390 | INFO | flwr | 	                         (71, 0.5875018315018316),
simulation-0 | INFO flwr 2026-08-28 03:02:57,390 | server.py:495 | 	                         (72, 0.5484615384615384),
2026-08-28 03:02:57,390 | INFO | flwr | 	                         (72, 0.5484615384615384),
simulation-0 | INFO flwr 2026-08-28 03:02:57,390 | server.py:495 | 	                         (73, 0.5926007326007325),
2026-08-28 03:02:57,390 | INFO | flwr | 	                         (73, 0.5926007326007325),
simulation-0 | INFO flwr 2026-08-28 03:02:57,390 | server.py:495 | 	                         (74, 0.5412820512820513),
2026-08-28 03:02:57,390 | INFO | flwr | 	                         (74, 0.5412820512820513),
simulation-0 | INFO flwr 2026-08-28 03:02:57,390 | server.py:495 | 	                         (75, 0.5935091575091574),
2026-08-28 03:02:57,390 | INFO | flwr | 	                         (75, 0.5935091575091574),
simulation-0 | INFO flwr 2026-08-28 03:02:57,390 | server.py:495 | 	                         (76, 0.5146153846153846),
2026-08-28 03:02:57,390 | INFO | flwr | 	                         (76, 0.5146153846153846),
simulation-0 | INFO flwr 2026-08-28 03:02:57,390 | server.py:495 | 	                         (77, 0.5178754578754579),
2026-08-28 03:02:57,390 | INFO | flwr | 	                         (77, 0.5178754578754579),
simulation-0 | INFO flwr 2026-08-28 03:02:57,390 | server.py:495 | 	                         (78, 0.5395604395604395),
2026-08-28 03:02:57,390 | INFO | flwr | 	                         (78, 0.5395604395604395),
simulation-0 | INFO flwr 2026-08-28 03:02:57,390 | server.py:495 | 	                         (79, 0.5913553113553114),
2026-08-28 03:02:57,390 | INFO | flwr | 	                         (79, 0.5913553113553114),
simulation-0 | INFO flwr 2026-08-28 03:02:57,390 | server.py:495 | 	                         (80, 0.5683882783882784),
2026-08-28 03:02:57,390 | INFO | flwr | 	                         (80, 0.5683882783882784),
simulation-0 | INFO flwr 2026-08-28 03:02:57,390 | server.py:495 | 	                         (81, 0.5944688644688644),
2026-08-28 03:02:57,390 | INFO | flwr | 	                         (81, 0.5944688644688644),
simulation-0 | INFO flwr 2026-08-28 03:02:57,390 | server.py:495 | 	                         (82, 0.5393333333333333),
2026-08-28 03:02:57,390 | INFO | flwr | 	                         (82, 0.5393333333333333),
simulation-0 | INFO flwr 2026-08-28 03:02:57,390 | server.py:495 | 	                         (83, 0.5609523809523809),
2026-08-28 03:02:57,390 | INFO | flwr | 	                         (83, 0.5609523809523809),
simulation-0 | INFO flwr 2026-08-28 03:02:57,390 | server.py:495 | 	                         (84, 0.5831501831501831),
2026-08-28 03:02:57,390 | INFO | flwr | 	                         (84, 0.5831501831501831),
simulation-0 | INFO flwr 2026-08-28 03:02:57,390 | server.py:495 | 	                         (85, 0.6014285714285714),
2026-08-28 03:02:57,390 | INFO | flwr | 	                         (85, 0.6014285714285714),
simulation-0 | INFO flwr 2026-08-28 03:02:57,390 | server.py:495 | 	                         (86, 0.49145054945054945),
2026-08-28 03:02:57,390 | INFO | flwr | 	                         (86, 0.49145054945054945),
simulation-0 | INFO flwr 2026-08-28 03:02:57,391 | server.py:495 | 	                         (87, 0.520981684981685),
2026-08-28 03:02:57,391 | INFO | flwr | 	                         (87, 0.520981684981685),
simulation-0 | INFO flwr 2026-08-28 03:02:57,391 | server.py:495 | 	                         (88, 0.5890842490842491),
2026-08-28 03:02:57,391 | INFO | flwr | 	                         (88, 0.5890842490842491),
simulation-0 | INFO flwr 2026-08-28 03:02:57,391 | server.py:495 | 	                         (89, 0.5566300366300366),
2026-08-28 03:02:57,391 | INFO | flwr | 	                         (89, 0.5566300366300366),
simulation-0 | INFO flwr 2026-08-28 03:02:57,391 | server.py:495 | 	                         (90, 0.4944688644688645),
2026-08-28 03:02:57,391 | INFO | flwr | 	                         (90, 0.4944688644688645),
simulation-0 | INFO flwr 2026-08-28 03:02:57,391 | server.py:495 | 	                         (91, 0.5021904761904762),
2026-08-28 03:02:57,391 | INFO | flwr | 	                         (91, 0.5021904761904762),
simulation-0 | INFO flwr 2026-08-28 03:02:57,391 | server.py:495 | 	                         (92, 0.5177655677655678),
2026-08-28 03:02:57,391 | INFO | flwr | 	                         (92, 0.5177655677655678),
simulation-0 | INFO flwr 2026-08-28 03:02:57,391 | server.py:495 | 	                         (93, 0.5505494505494506),
2026-08-28 03:02:57,391 | INFO | flwr | 	                         (93, 0.5505494505494506),
simulation-0 | INFO flwr 2026-08-28 03:02:57,391 | server.py:495 | 	                         (94, 0.5965860805860806),
2026-08-28 03:02:57,391 | INFO | flwr | 	                         (94, 0.5965860805860806),
simulation-0 | INFO flwr 2026-08-28 03:02:57,391 | server.py:495 | 	                         (95, 0.5736263736263736),
2026-08-28 03:02:57,391 | INFO | flwr | 	                         (95, 0.5736263736263736),
simulation-0 | INFO flwr 2026-08-28 03:02:57,391 | server.py:495 | 	                         (96, 0.5459340659340659),
2026-08-28 03:02:57,391 | INFO | flwr | 	                         (96, 0.5459340659340659),
simulation-0 | INFO flwr 2026-08-28 03:02:57,391 | server.py:495 | 	                         (97, 0.5805421245421245),
2026-08-28 03:02:57,391 | INFO | flwr | 	                         (97, 0.5805421245421245),
simulation-0 | INFO flwr 2026-08-28 03:02:57,391 | server.py:495 | 	                         (98, 0.5207692307692308),
2026-08-28 03:02:57,391 | INFO | flwr | 	                         (98, 0.5207692307692308),
simulation-0 | INFO flwr 2026-08-28 03:02:57,391 | server.py:495 | 	                         (99, 0.5403223443223443),
2026-08-28 03:02:57,391 | INFO | flwr | 	                         (99, 0.5403223443223443),
simulation-0 | INFO flwr 2026-08-28 03:02:57,391 | server.py:495 | 	                         (100, 0.5993406593406593)],
2026-08-28 03:02:57,391 | INFO | flwr | 	                         (100, 0.5993406593406593)],
simulation-0 | INFO flwr 2026-08-28 03:02:57,391 | server.py:495 | 	 'val_image_recall': [(1, 0.5191208791208791),
2026-08-28 03:02:57,391 | INFO | flwr | 	 'val_image_recall': [(1, 0.5191208791208791),
simulation-0 | INFO flwr 2026-08-28 03:02:57,391 | server.py:495 | 	                      (2, 0.5356043956043957),
2026-08-28 03:02:57,391 | INFO | flwr | 	                      (2, 0.5356043956043957),
simulation-0 | INFO flwr 2026-08-28 03:02:57,391 | server.py:495 | 	                      (3, 0.5389010989010989),
2026-08-28 03:02:57,391 | INFO | flwr | 	                      (3, 0.5389010989010989),
simulation-0 | INFO flwr 2026-08-28 03:02:57,391 | server.py:495 | 	                      (4, 0.5824175824175825),
2026-08-28 03:02:57,391 | INFO | flwr | 	                      (4, 0.5824175824175825),
simulation-0 | INFO flwr 2026-08-28 03:02:57,391 | server.py:495 | 	                      (5, 0.559047619047619),
2026-08-28 03:02:57,391 | INFO | flwr | 	                      (5, 0.559047619047619),
simulation-0 | INFO flwr 2026-08-28 03:02:57,391 | server.py:495 | 	                      (6, 0.5186813186813187),
2026-08-28 03:02:57,391 | INFO | flwr | 	                      (6, 0.5186813186813187),
simulation-0 | INFO flwr 2026-08-28 03:02:57,392 | server.py:495 | 	                      (7, 0.5596336996336996),
2026-08-28 03:02:57,392 | INFO | flwr | 	                      (7, 0.5596336996336996),
simulation-0 | INFO flwr 2026-08-28 03:02:57,392 | server.py:495 | 	                      (8, 0.559047619047619),
2026-08-28 03:02:57,392 | INFO | flwr | 	                      (8, 0.559047619047619),
simulation-0 | INFO flwr 2026-08-28 03:02:57,392 | server.py:495 | 	                      (9, 0.48234432234432234),
2026-08-28 03:02:57,392 | INFO | flwr | 	                      (9, 0.48234432234432234),
simulation-0 | INFO flwr 2026-08-28 03:02:57,392 | server.py:495 | 	                      (10, 0.5756776556776557),
2026-08-28 03:02:57,392 | INFO | flwr | 	                      (10, 0.5756776556776557),
simulation-0 | INFO flwr 2026-08-28 03:02:57,392 | server.py:495 | 	                      (11, 0.5790476190476191),
2026-08-28 03:02:57,392 | INFO | flwr | 	                      (11, 0.5790476190476191),
simulation-0 | INFO flwr 2026-08-28 03:02:57,392 | server.py:495 | 	                      (12, 0.559047619047619),
2026-08-28 03:02:57,392 | INFO | flwr | 	                      (12, 0.559047619047619),
simulation-0 | INFO flwr 2026-08-28 03:02:57,392 | server.py:495 | 	                      (13, 0.5756776556776557),
2026-08-28 03:02:57,392 | INFO | flwr | 	                      (13, 0.5756776556776557),
simulation-0 | INFO flwr 2026-08-28 03:02:57,392 | server.py:495 | 	                      (14, 0.5956776556776556),
2026-08-28 03:02:57,392 | INFO | flwr | 	                      (14, 0.5956776556776556),
simulation-0 | INFO flwr 2026-08-28 03:02:57,392 | server.py:495 | 	                      (15, 0.5097435897435898),
2026-08-28 03:02:57,392 | INFO | flwr | 	                      (15, 0.5097435897435898),
simulation-0 | INFO flwr 2026-08-28 03:02:57,392 | server.py:495 | 	                      (16, 0.5457875457875458),
2026-08-28 03:02:57,392 | INFO | flwr | 	                      (16, 0.5457875457875458),
simulation-0 | INFO flwr 2026-08-28 03:02:57,392 | server.py:495 | 	                      (17, 0.6224908424908425),
2026-08-28 03:02:57,392 | INFO | flwr | 	                      (17, 0.6224908424908425),
simulation-0 | INFO flwr 2026-08-28 03:02:57,392 | server.py:495 | 	                      (18, 0.5955311355311356),
2026-08-28 03:02:57,392 | INFO | flwr | 	                      (18, 0.5955311355311356),
simulation-0 | INFO flwr 2026-08-28 03:02:57,392 | server.py:495 | 	                      (19, 0.569084249084249),
2026-08-28 03:02:57,392 | INFO | flwr | 	                      (19, 0.569084249084249),
simulation-0 | INFO flwr 2026-08-28 03:02:57,392 | server.py:495 | 	                      (20, 0.5957509157509158),
2026-08-28 03:02:57,392 | INFO | flwr | 	                      (20, 0.5957509157509158),
simulation-0 | INFO flwr 2026-08-28 03:02:57,392 | server.py:495 | 	                      (21, 0.576043956043956),
2026-08-28 03:02:57,392 | INFO | flwr | 	                      (21, 0.576043956043956),
simulation-0 | INFO flwr 2026-08-28 03:02:57,392 | server.py:495 | 	                      (22, 0.5561172161172161),
2026-08-28 03:02:57,392 | INFO | flwr | 	                      (22, 0.5561172161172161),
simulation-0 | INFO flwr 2026-08-28 03:02:57,392 | server.py:495 | 	                      (23, 0.5691575091575092),
2026-08-28 03:02:57,392 | INFO | flwr | 	                      (23, 0.5691575091575092),
simulation-0 | INFO flwr 2026-08-28 03:02:57,392 | server.py:495 | 	                      (24, 0.5891575091575092),
2026-08-28 03:02:57,392 | INFO | flwr | 	                      (24, 0.5891575091575092),
simulation-0 | INFO flwr 2026-08-28 03:02:57,392 | server.py:495 | 	                      (25, 0.5725274725274725),
2026-08-28 03:02:57,392 | INFO | flwr | 	                      (25, 0.5725274725274725),
simulation-0 | INFO flwr 2026-08-28 03:02:57,392 | server.py:495 | 	                      (26, 0.5726007326007325),
2026-08-28 03:02:57,392 | INFO | flwr | 	                      (26, 0.5726007326007325),
simulation-0 | INFO flwr 2026-08-28 03:02:57,393 | server.py:495 | 	                      (27, 0.596117216117216),
2026-08-28 03:02:57,393 | INFO | flwr | 	                      (27, 0.596117216117216),
simulation-0 | INFO flwr 2026-08-28 03:02:57,393 | server.py:495 | 	                      (28, 0.5757509157509156),
2026-08-28 03:02:57,393 | INFO | flwr | 	                      (28, 0.5757509157509156),
simulation-0 | INFO flwr 2026-08-28 03:02:57,393 | server.py:495 | 	                      (29, 0.5698168498168498),
2026-08-28 03:02:57,393 | INFO | flwr | 	                      (29, 0.5698168498168498),
simulation-0 | INFO flwr 2026-08-28 03:02:57,393 | server.py:495 | 	                      (30, 0.569084249084249),
2026-08-28 03:02:57,393 | INFO | flwr | 	                      (30, 0.569084249084249),
simulation-0 | INFO flwr 2026-08-28 03:02:57,393 | server.py:495 | 	                      (31, 0.6055677655677655),
2026-08-28 03:02:57,393 | INFO | flwr | 	                      (31, 0.6055677655677655),
simulation-0 | INFO flwr 2026-08-28 03:02:57,393 | server.py:495 | 	                      (32, 0.5326739926739927),
2026-08-28 03:02:57,393 | INFO | flwr | 	                      (32, 0.5326739926739927),
simulation-0 | INFO flwr 2026-08-28 03:02:57,393 | server.py:495 | 	                      (33, 0.6458608058608059),
2026-08-28 03:02:57,393 | INFO | flwr | 	                      (33, 0.6458608058608059),
simulation-0 | INFO flwr 2026-08-28 03:02:57,393 | server.py:495 | 	                      (34, 0.6262271062271062),
2026-08-28 03:02:57,393 | INFO | flwr | 	                      (34, 0.6262271062271062),
simulation-0 | INFO flwr 2026-08-28 03:02:57,393 | server.py:495 | 	                      (35, 0.6155311355311355),
2026-08-28 03:02:57,393 | INFO | flwr | 	                      (35, 0.6155311355311355),
simulation-0 | INFO flwr 2026-08-28 03:02:57,393 | server.py:495 | 	                      (36, 0.6068131868131869),
2026-08-28 03:02:57,393 | INFO | flwr | 	                      (36, 0.6068131868131869),
simulation-0 | INFO flwr 2026-08-28 03:02:57,393 | server.py:495 | 	                      (37, 0.5863736263736264),
2026-08-28 03:02:57,393 | INFO | flwr | 	                      (37, 0.5863736263736264),
simulation-0 | INFO flwr 2026-08-28 03:02:57,393 | server.py:495 | 	                      (38, 0.6021978021978022),
2026-08-28 03:02:57,393 | INFO | flwr | 	                      (38, 0.6021978021978022),
simulation-0 | INFO flwr 2026-08-28 03:02:57,393 | server.py:495 | 	                      (39, 0.5828571428571429),
2026-08-28 03:02:57,393 | INFO | flwr | 	                      (39, 0.5828571428571429),
simulation-0 | INFO flwr 2026-08-28 03:02:57,393 | server.py:495 | 	                      (40, 0.5758974358974358),
2026-08-28 03:02:57,393 | INFO | flwr | 	                      (40, 0.5758974358974358),
simulation-0 | INFO flwr 2026-08-28 03:02:57,393 | server.py:495 | 	                      (41, 0.5958974358974359),
2026-08-28 03:02:57,393 | INFO | flwr | 	                      (41, 0.5958974358974359),
simulation-0 | INFO flwr 2026-08-28 03:02:57,393 | server.py:495 | 	                      (42, 0.6130402930402931),
2026-08-28 03:02:57,393 | INFO | flwr | 	                      (42, 0.6130402930402931),
simulation-0 | INFO flwr 2026-08-28 03:02:57,393 | server.py:495 | 	                      (43, 0.6057875457875458),
2026-08-28 03:02:57,393 | INFO | flwr | 	                      (43, 0.6057875457875458),
simulation-0 | INFO flwr 2026-08-28 03:02:57,393 | server.py:495 | 	                      (44, 0.5956776556776556),
2026-08-28 03:02:57,393 | INFO | flwr | 	                      (44, 0.5956776556776556),
simulation-0 | INFO flwr 2026-08-28 03:02:57,393 | server.py:495 | 	                      (45, 0.5520879120879121),
2026-08-28 03:02:57,393 | INFO | flwr | 	                      (45, 0.5520879120879121),
simulation-0 | INFO flwr 2026-08-28 03:02:57,393 | server.py:495 | 	                      (46, 0.5961904761904762),
2026-08-28 03:02:57,393 | INFO | flwr | 	                      (46, 0.5961904761904762),
simulation-0 | INFO flwr 2026-08-28 03:02:57,394 | server.py:495 | 	                      (47, 0.6027838827838827),
2026-08-28 03:02:57,394 | INFO | flwr | 	                      (47, 0.6027838827838827),
simulation-0 | INFO flwr 2026-08-28 03:02:57,394 | server.py:495 | 	                      (48, 0.5363369963369964),
2026-08-28 03:02:57,394 | INFO | flwr | 	                      (48, 0.5363369963369964),
simulation-0 | INFO flwr 2026-08-28 03:02:57,394 | server.py:495 | 	                      (49, 0.5556776556776557),
2026-08-28 03:02:57,394 | INFO | flwr | 	                      (49, 0.5556776556776557),
simulation-0 | INFO flwr 2026-08-28 03:02:57,394 | server.py:495 | 	                      (50, 0.5828571428571429),
2026-08-28 03:02:57,394 | INFO | flwr | 	                      (50, 0.5828571428571429),
simulation-0 | INFO flwr 2026-08-28 03:02:57,394 | server.py:495 | 	                      (51, 0.5896703296703296),
2026-08-28 03:02:57,394 | INFO | flwr | 	                      (51, 0.5896703296703296),
simulation-0 | INFO flwr 2026-08-28 03:02:57,394 | server.py:495 | 	                      (52, 0.5723809523809524),
2026-08-28 03:02:57,394 | INFO | flwr | 	                      (52, 0.5723809523809524),
simulation-0 | INFO flwr 2026-08-28 03:02:57,394 | server.py:495 | 	                      (53, 0.5794139194139194),
2026-08-28 03:02:57,394 | INFO | flwr | 	                      (53, 0.5794139194139194),
simulation-0 | INFO flwr 2026-08-28 03:02:57,394 | server.py:495 | 	                      (54, 0.5956776556776556),
2026-08-28 03:02:57,394 | INFO | flwr | 	                      (54, 0.5956776556776556),
simulation-0 | INFO flwr 2026-08-28 03:02:57,394 | server.py:495 | 	                      (55, 0.5994871794871794),
2026-08-28 03:02:57,394 | INFO | flwr | 	                      (55, 0.5994871794871794),
simulation-0 | INFO flwr 2026-08-28 03:02:57,394 | server.py:495 | 	                      (56, 0.5989743589743589),
2026-08-28 03:02:57,394 | INFO | flwr | 	                      (56, 0.5989743589743589),
simulation-0 | INFO flwr 2026-08-28 03:02:57,394 | server.py:495 | 	                      (57, 0.5828571428571429),
2026-08-28 03:02:57,394 | INFO | flwr | 	                      (57, 0.5828571428571429),
simulation-0 | INFO flwr 2026-08-28 03:02:57,394 | server.py:495 | 	                      (58, 0.5994871794871794),
2026-08-28 03:02:57,394 | INFO | flwr | 	                      (58, 0.5994871794871794),
simulation-0 | INFO flwr 2026-08-28 03:02:57,394 | server.py:495 | 	                      (59, 0.5719413919413919),
2026-08-28 03:02:57,394 | INFO | flwr | 	                      (59, 0.5719413919413919),
simulation-0 | INFO flwr 2026-08-28 03:02:57,394 | server.py:495 | 	                      (60, 0.6358974358974357),
2026-08-28 03:02:57,394 | INFO | flwr | 	                      (60, 0.6358974358974357),
simulation-0 | INFO flwr 2026-08-28 03:02:57,394 | server.py:495 | 	                      (61, 0.6595604395604396),
2026-08-28 03:02:57,394 | INFO | flwr | 	                      (61, 0.6595604395604396),
simulation-0 | INFO flwr 2026-08-28 03:02:57,394 | server.py:495 | 	                      (62, 0.606153846153846),
2026-08-28 03:02:57,394 | INFO | flwr | 	                      (62, 0.606153846153846),
simulation-0 | INFO flwr 2026-08-28 03:02:57,394 | server.py:495 | 	                      (63, 0.6393406593406593),
2026-08-28 03:02:57,394 | INFO | flwr | 	                      (63, 0.6393406593406593),
simulation-0 | INFO flwr 2026-08-28 03:02:57,394 | server.py:495 | 	                      (64, 0.5994871794871794),
2026-08-28 03:02:57,394 | INFO | flwr | 	                      (64, 0.5994871794871794),
simulation-0 | INFO flwr 2026-08-28 03:02:57,394 | server.py:495 | 	                      (65, 0.6427106227106227),
2026-08-28 03:02:57,394 | INFO | flwr | 	                      (65, 0.6427106227106227),
simulation-0 | INFO flwr 2026-08-28 03:02:57,395 | server.py:495 | 	                      (66, 0.6294505494505493),
2026-08-28 03:02:57,395 | INFO | flwr | 	                      (66, 0.6294505494505493),
simulation-0 | INFO flwr 2026-08-28 03:02:57,395 | server.py:495 | 	                      (67, 0.6128205128205128),
2026-08-28 03:02:57,395 | INFO | flwr | 	                      (67, 0.6128205128205128),
simulation-0 | INFO flwr 2026-08-28 03:02:57,395 | server.py:495 | 	                      (68, 0.6325274725274725),
2026-08-28 03:02:57,395 | INFO | flwr | 	                      (68, 0.6325274725274725),
simulation-0 | INFO flwr 2026-08-28 03:02:57,395 | server.py:495 | 	                      (69, 0.6095238095238095),
2026-08-28 03:02:57,395 | INFO | flwr | 	                      (69, 0.6095238095238095),
simulation-0 | INFO flwr 2026-08-28 03:02:57,395 | server.py:495 | 	                      (70, 0.6666666666666666),
2026-08-28 03:02:57,395 | INFO | flwr | 	                      (70, 0.6666666666666666),
simulation-0 | INFO flwr 2026-08-28 03:02:57,395 | server.py:495 | 	                      (71, 0.6429304029304028),
2026-08-28 03:02:57,395 | INFO | flwr | 	                      (71, 0.6429304029304028),
simulation-0 | INFO flwr 2026-08-28 03:02:57,395 | server.py:495 | 	                      (72, 0.6165567765567765),
2026-08-28 03:02:57,395 | INFO | flwr | 	                      (72, 0.6165567765567765),
simulation-0 | INFO flwr 2026-08-28 03:02:57,395 | server.py:495 | 	                      (73, 0.6357509157509157),
2026-08-28 03:02:57,395 | INFO | flwr | 	                      (73, 0.6357509157509157),
simulation-0 | INFO flwr 2026-08-28 03:02:57,395 | server.py:495 | 	                      (74, 0.592967032967033),
2026-08-28 03:02:57,395 | INFO | flwr | 	                      (74, 0.592967032967033),
simulation-0 | INFO flwr 2026-08-28 03:02:57,395 | server.py:495 | 	                      (75, 0.6358241758241757),
2026-08-28 03:02:57,395 | INFO | flwr | 	                      (75, 0.6358241758241757),
simulation-0 | INFO flwr 2026-08-28 03:02:57,395 | server.py:495 | 	                      (76, 0.5928205128205128),
2026-08-28 03:02:57,395 | INFO | flwr | 	                      (76, 0.5928205128205128),
simulation-0 | INFO flwr 2026-08-28 03:02:57,395 | server.py:495 | 	                      (77, 0.5799267399267399),
2026-08-28 03:02:57,395 | INFO | flwr | 	                      (77, 0.5799267399267399),
simulation-0 | INFO flwr 2026-08-28 03:02:57,395 | server.py:495 | 	                      (78, 0.6028571428571428),
2026-08-28 03:02:57,395 | INFO | flwr | 	                      (78, 0.6028571428571428),
simulation-0 | INFO flwr 2026-08-28 03:02:57,395 | server.py:495 | 	                      (79, 0.6194871794871795),
2026-08-28 03:02:57,395 | INFO | flwr | 	                      (79, 0.6194871794871795),
simulation-0 | INFO flwr 2026-08-28 03:02:57,395 | server.py:495 | 	                      (80, 0.6231501831501831),
2026-08-28 03:02:57,395 | INFO | flwr | 	                      (80, 0.6231501831501831),
simulation-0 | INFO flwr 2026-08-28 03:02:57,395 | server.py:495 | 	                      (81, 0.6427106227106226),
2026-08-28 03:02:57,395 | INFO | flwr | 	                      (81, 0.6427106227106226),
simulation-0 | INFO flwr 2026-08-28 03:02:57,395 | server.py:495 | 	                      (82, 0.5695238095238095),
2026-08-28 03:02:57,395 | INFO | flwr | 	                      (82, 0.5695238095238095),
simulation-0 | INFO flwr 2026-08-28 03:02:57,395 | server.py:495 | 	                      (83, 0.6093772893772893),
2026-08-28 03:02:57,395 | INFO | flwr | 	                      (83, 0.6093772893772893),
simulation-0 | INFO flwr 2026-08-28 03:02:57,395 | server.py:495 | 	                      (84, 0.6462271062271061),
2026-08-28 03:02:57,395 | INFO | flwr | 	                      (84, 0.6462271062271061),
simulation-0 | INFO flwr 2026-08-28 03:02:57,395 | server.py:495 | 	                      (85, 0.6430769230769231),
2026-08-28 03:02:57,395 | INFO | flwr | 	                      (85, 0.6430769230769231),
simulation-0 | INFO flwr 2026-08-28 03:02:57,395 | server.py:495 | 	                      (86, 0.5624175824175824),
2026-08-28 03:02:57,395 | INFO | flwr | 	                      (86, 0.5624175824175824),
simulation-0 | INFO flwr 2026-08-28 03:02:57,396 | server.py:495 | 	                      (87, 0.5896703296703297),
2026-08-28 03:02:57,396 | INFO | flwr | 	                      (87, 0.5896703296703297),
simulation-0 | INFO flwr 2026-08-28 03:02:57,396 | server.py:495 | 	                      (88, 0.6224908424908425),
2026-08-28 03:02:57,396 | INFO | flwr | 	                      (88, 0.6224908424908425),
simulation-0 | INFO flwr 2026-08-28 03:02:57,396 | server.py:495 | 	                      (89, 0.6129670329670329),
2026-08-28 03:02:57,396 | INFO | flwr | 	                      (89, 0.6129670329670329),
simulation-0 | INFO flwr 2026-08-28 03:02:57,396 | server.py:495 | 	                      (90, 0.566007326007326),
2026-08-28 03:02:57,396 | INFO | flwr | 	                      (90, 0.566007326007326),
simulation-0 | INFO flwr 2026-08-28 03:02:57,396 | server.py:495 | 	                      (91, 0.566007326007326),
2026-08-28 03:02:57,396 | INFO | flwr | 	                      (91, 0.566007326007326),
simulation-0 | INFO flwr 2026-08-28 03:02:57,396 | server.py:495 | 	                      (92, 0.5761172161172161),
2026-08-28 03:02:57,396 | INFO | flwr | 	                      (92, 0.5761172161172161),
simulation-0 | INFO flwr 2026-08-28 03:02:57,396 | server.py:495 | 	                      (93, 0.5828571428571429),
2026-08-28 03:02:57,396 | INFO | flwr | 	                      (93, 0.5828571428571429),
simulation-0 | INFO flwr 2026-08-28 03:02:57,396 | server.py:495 | 	                      (94, 0.6321611721611722),
2026-08-28 03:02:57,396 | INFO | flwr | 	                      (94, 0.6321611721611722),
simulation-0 | INFO flwr 2026-08-28 03:02:57,396 | server.py:495 | 	                      (95, 0.6136263736263737),
2026-08-28 03:02:57,396 | INFO | flwr | 	                      (95, 0.6136263736263737),
simulation-0 | INFO flwr 2026-08-28 03:02:57,396 | server.py:495 | 	                      (96, 0.6156776556776556),
2026-08-28 03:02:57,396 | INFO | flwr | 	                      (96, 0.6156776556776556),
simulation-0 | INFO flwr 2026-08-28 03:02:57,396 | server.py:495 | 	                      (97, 0.6358974358974359),
2026-08-28 03:02:57,396 | INFO | flwr | 	                      (97, 0.6358974358974359),
simulation-0 | INFO flwr 2026-08-28 03:02:57,396 | server.py:495 | 	                      (98, 0.5858608058608058),
2026-08-28 03:02:57,396 | INFO | flwr | 	                      (98, 0.5858608058608058),
simulation-0 | INFO flwr 2026-08-28 03:02:57,396 | server.py:495 | 	                      (99, 0.6057875457875458),
2026-08-28 03:02:57,396 | INFO | flwr | 	                      (99, 0.6057875457875458),
simulation-0 | INFO flwr 2026-08-28 03:02:57,396 | server.py:495 | 	                      (100, 0.646007326007326)],
2026-08-28 03:02:57,396 | INFO | flwr | 	                      (100, 0.646007326007326)],
simulation-0 | INFO flwr 2026-08-28 03:02:57,396 | server.py:495 | 	 'val_loss': [(1, 2.107633380105777),
2026-08-28 03:02:57,396 | INFO | flwr | 	 'val_loss': [(1, 2.107633380105777),
simulation-0 | INFO flwr 2026-08-28 03:02:57,396 | server.py:495 | 	              (2, 2.333186232004538),
2026-08-28 03:02:57,396 | INFO | flwr | 	              (2, 2.333186232004538),
simulation-0 | INFO flwr 2026-08-28 03:02:57,396 | server.py:495 | 	              (3, 2.552542163441287),
2026-08-28 03:02:57,396 | INFO | flwr | 	              (3, 2.552542163441287),
simulation-0 | INFO flwr 2026-08-28 03:02:57,396 | server.py:495 | 	              (4, 2.5927485451938113),
2026-08-28 03:02:57,396 | INFO | flwr | 	              (4, 2.5927485451938113),
simulation-0 | INFO flwr 2026-08-28 03:02:57,396 | server.py:495 | 	              (5, 2.7540244955981357),
2026-08-28 03:02:57,396 | INFO | flwr | 	              (5, 2.7540244955981357),
simulation-0 | INFO flwr 2026-08-28 03:02:57,396 | server.py:495 | 	              (6, 2.6254345718956293),
2026-08-28 03:02:57,396 | INFO | flwr | 	              (6, 2.6254345718956293),
simulation-0 | INFO flwr 2026-08-28 03:02:57,397 | server.py:495 | 	              (7, 2.527015468035762),
2026-08-28 03:02:57,397 | INFO | flwr | 	              (7, 2.527015468035762),
simulation-0 | INFO flwr 2026-08-28 03:02:57,397 | server.py:495 | 	              (8, 2.6097959194241023),
2026-08-28 03:02:57,397 | INFO | flwr | 	              (8, 2.6097959194241023),
simulation-0 | INFO flwr 2026-08-28 03:02:57,397 | server.py:495 | 	              (9, 3.2542043002895538),
2026-08-28 03:02:57,397 | INFO | flwr | 	              (9, 3.2542043002895538),
simulation-0 | INFO flwr 2026-08-28 03:02:57,397 | server.py:495 | 	              (10, 2.8542932758283293),
2026-08-28 03:02:57,397 | INFO | flwr | 	              (10, 2.8542932758283293),
simulation-0 | INFO flwr 2026-08-28 03:02:57,397 | server.py:495 | 	              (11, 2.7745359826003395),
2026-08-28 03:02:57,397 | INFO | flwr | 	              (11, 2.7745359826003395),
simulation-0 | INFO flwr 2026-08-28 03:02:57,397 | server.py:495 | 	              (12, 3.0945977361514547),
2026-08-28 03:02:57,397 | INFO | flwr | 	              (12, 3.0945977361514547),
simulation-0 | INFO flwr 2026-08-28 03:02:57,397 | server.py:495 | 	              (13, 2.5952918136544683),
2026-08-28 03:02:57,397 | INFO | flwr | 	              (13, 2.5952918136544683),
simulation-0 | INFO flwr 2026-08-28 03:02:57,397 | server.py:495 | 	              (14, 2.997740420670424),
2026-08-28 03:02:57,397 | INFO | flwr | 	              (14, 2.997740420670424),
simulation-0 | INFO flwr 2026-08-28 03:02:57,397 | server.py:495 | 	              (15, 3.0502299017743506),
2026-08-28 03:02:57,397 | INFO | flwr | 	              (15, 3.0502299017743506),
simulation-0 | INFO flwr 2026-08-28 03:02:57,397 | server.py:495 | 	              (16, 3.1382077623379665),
2026-08-28 03:02:57,397 | INFO | flwr | 	              (16, 3.1382077623379665),
simulation-0 | INFO flwr 2026-08-28 03:02:57,397 | server.py:495 | 	              (17, 2.9974814798353635),
2026-08-28 03:02:57,397 | INFO | flwr | 	              (17, 2.9974814798353635),
simulation-0 | INFO flwr 2026-08-28 03:02:57,397 | server.py:495 | 	              (18, 2.85668981947871),
2026-08-28 03:02:57,397 | INFO | flwr | 	              (18, 2.85668981947871),
simulation-0 | INFO flwr 2026-08-28 03:02:57,397 | server.py:495 | 	              (19, 2.854685148133163),
2026-08-28 03:02:57,397 | INFO | flwr | 	              (19, 2.854685148133163),
simulation-0 | INFO flwr 2026-08-28 03:02:57,397 | server.py:495 | 	              (20, 3.1376853988685256),
2026-08-28 03:02:57,397 | INFO | flwr | 	              (20, 3.1376853988685256),
simulation-0 | INFO flwr 2026-08-28 03:02:57,397 | server.py:495 | 	              (21, 3.0837367960951876),
2026-08-28 03:02:57,397 | INFO | flwr | 	              (21, 3.0837367960951876),
simulation-0 | INFO flwr 2026-08-28 03:02:57,397 | server.py:495 | 	              (22, 2.9051908440236147),
2026-08-28 03:02:57,397 | INFO | flwr | 	              (22, 2.9051908440236147),
simulation-0 | INFO flwr 2026-08-28 03:02:57,397 | server.py:495 | 	              (23, 2.9646771498899867),
2026-08-28 03:02:57,397 | INFO | flwr | 	              (23, 2.9646771498899867),
simulation-0 | INFO flwr 2026-08-28 03:02:57,397 | server.py:495 | 	              (24, 2.9688869115772127),
2026-08-28 03:02:57,397 | INFO | flwr | 	              (24, 2.9688869115772127),
simulation-0 | INFO flwr 2026-08-28 03:02:57,397 | server.py:495 | 	              (25, 3.2212634540550287),
2026-08-28 03:02:57,397 | INFO | flwr | 	              (25, 3.2212634540550287),
simulation-0 | INFO flwr 2026-08-28 03:02:57,398 | server.py:495 | 	              (26, 3.015317629673662),
2026-08-28 03:02:57,398 | INFO | flwr | 	              (26, 3.015317629673662),
simulation-0 | INFO flwr 2026-08-28 03:02:57,398 | server.py:495 | 	              (27, 2.760409703215583),
2026-08-28 03:02:57,398 | INFO | flwr | 	              (27, 2.760409703215583),
simulation-0 | INFO flwr 2026-08-28 03:02:57,398 | server.py:495 | 	              (28, 3.3324470570903113),
2026-08-28 03:02:57,398 | INFO | flwr | 	              (28, 3.3324470570903113),
simulation-0 | INFO flwr 2026-08-28 03:02:57,398 | server.py:495 | 	              (29, 3.1155929477844166),
2026-08-28 03:02:57,398 | INFO | flwr | 	              (29, 3.1155929477844166),
simulation-0 | INFO flwr 2026-08-28 03:02:57,398 | server.py:495 | 	              (30, 3.4370863149687767),
2026-08-28 03:02:57,398 | INFO | flwr | 	              (30, 3.4370863149687767),
simulation-0 | INFO flwr 2026-08-28 03:02:57,398 | server.py:495 | 	              (31, 3.0200496206288943),
2026-08-28 03:02:57,398 | INFO | flwr | 	              (31, 3.0200496206288943),
simulation-0 | INFO flwr 2026-08-28 03:02:57,398 | server.py:495 | 	              (32, 3.400985392280103),
2026-08-28 03:02:57,398 | INFO | flwr | 	              (32, 3.400985392280103),
simulation-0 | INFO flwr 2026-08-28 03:02:57,398 | server.py:495 | 	              (33, 2.990299907613625),
2026-08-28 03:02:57,398 | INFO | flwr | 	              (33, 2.990299907613625),
simulation-0 | INFO flwr 2026-08-28 03:02:57,398 | server.py:495 | 	              (34, 3.240274867880146),
2026-08-28 03:02:57,398 | INFO | flwr | 	              (34, 3.240274867880146),
simulation-0 | INFO flwr 2026-08-28 03:02:57,398 | server.py:495 | 	              (35, 3.178019831526506),
2026-08-28 03:02:57,398 | INFO | flwr | 	              (35, 3.178019831526506),
simulation-0 | INFO flwr 2026-08-28 03:02:57,398 | server.py:495 | 	              (36, 3.256570865394743),
2026-08-28 03:02:57,398 | INFO | flwr | 	              (36, 3.256570865394743),
simulation-0 | INFO flwr 2026-08-28 03:02:57,398 | server.py:495 | 	              (37, 3.4247483139112282),
2026-08-28 03:02:57,398 | INFO | flwr | 	              (37, 3.4247483139112282),
simulation-0 | INFO flwr 2026-08-28 03:02:57,398 | server.py:495 | 	              (38, 3.3330371411587048),
2026-08-28 03:02:57,398 | INFO | flwr | 	              (38, 3.3330371411587048),
simulation-0 | INFO flwr 2026-08-28 03:02:57,398 | server.py:495 | 	              (39, 3.364552040108627),
2026-08-28 03:02:57,398 | INFO | flwr | 	              (39, 3.364552040108627),
simulation-0 | INFO flwr 2026-08-28 03:02:57,398 | server.py:495 | 	              (40, 3.3614549502202853),
2026-08-28 03:02:57,398 | INFO | flwr | 	              (40, 3.3614549502202853),
simulation-0 | INFO flwr 2026-08-28 03:02:57,398 | server.py:495 | 	              (41, 2.833352919191437),
2026-08-28 03:02:57,398 | INFO | flwr | 	              (41, 2.833352919191437),
simulation-0 | INFO flwr 2026-08-28 03:02:57,398 | server.py:495 | 	              (42, 3.1108225651950963),
2026-08-28 03:02:57,398 | INFO | flwr | 	              (42, 3.1108225651950963),
simulation-0 | INFO flwr 2026-08-28 03:02:57,398 | server.py:495 | 	              (43, 3.4085153074067542),
2026-08-28 03:02:57,398 | INFO | flwr | 	              (43, 3.4085153074067542),
simulation-0 | INFO flwr 2026-08-28 03:02:57,398 | server.py:495 | 	              (44, 3.316000723180179),
2026-08-28 03:02:57,398 | INFO | flwr | 	              (44, 3.316000723180179),
simulation-0 | INFO flwr 2026-08-28 03:02:57,398 | server.py:495 | 	              (45, 3.4517501424877466),
2026-08-28 03:02:57,398 | INFO | flwr | 	              (45, 3.4517501424877466),
simulation-0 | INFO flwr 2026-08-28 03:02:57,399 | server.py:495 | 	              (46, 3.0677437487250026),
2026-08-28 03:02:57,399 | INFO | flwr | 	              (46, 3.0677437487250026),
simulation-0 | INFO flwr 2026-08-28 03:02:57,399 | server.py:495 | 	              (47, 3.4270718662355413),
2026-08-28 03:02:57,399 | INFO | flwr | 	              (47, 3.4270718662355413),
simulation-0 | INFO flwr 2026-08-28 03:02:57,399 | server.py:495 | 	              (48, 3.5599866252247447),
2026-08-28 03:02:57,399 | INFO | flwr | 	              (48, 3.5599866252247447),
simulation-0 | INFO flwr 2026-08-28 03:02:57,399 | server.py:495 | 	              (49, 3.309514698542223),
2026-08-28 03:02:57,399 | INFO | flwr | 	              (49, 3.309514698542223),
simulation-0 | INFO flwr 2026-08-28 03:02:57,399 | server.py:495 | 	              (50, 3.243699005894191),
2026-08-28 03:02:57,399 | INFO | flwr | 	              (50, 3.243699005894191),
simulation-0 | INFO flwr 2026-08-28 03:02:57,399 | server.py:495 | 	              (51, 3.393840501645911),
2026-08-28 03:02:57,399 | INFO | flwr | 	              (51, 3.393840501645911),
simulation-0 | INFO flwr 2026-08-28 03:02:57,399 | server.py:495 | 	              (52, 3.131877718407983),
2026-08-28 03:02:57,399 | INFO | flwr | 	              (52, 3.131877718407983),
simulation-0 | INFO flwr 2026-08-28 03:02:57,399 | server.py:495 | 	              (53, 3.0066893821292213),
2026-08-28 03:02:57,399 | INFO | flwr | 	              (53, 3.0066893821292213),
simulation-0 | INFO flwr 2026-08-28 03:02:57,399 | server.py:495 | 	              (54, 3.493118342472596),
2026-08-28 03:02:57,399 | INFO | flwr | 	              (54, 3.493118342472596),
simulation-0 | INFO flwr 2026-08-28 03:02:57,399 | server.py:495 | 	              (55, 3.176360386540713),
2026-08-28 03:02:57,399 | INFO | flwr | 	              (55, 3.176360386540713),
simulation-0 | INFO flwr 2026-08-28 03:02:57,399 | server.py:495 | 	              (56, 3.5394134536529336),
2026-08-28 03:02:57,399 | INFO | flwr | 	              (56, 3.5394134536529336),
simulation-0 | INFO flwr 2026-08-28 03:02:57,399 | server.py:495 | 	              (57, 3.0952919076542416),
2026-08-28 03:02:57,399 | INFO | flwr | 	              (57, 3.0952919076542416),
simulation-0 | INFO flwr 2026-08-28 03:02:57,399 | server.py:495 | 	              (58, 3.3287914558790592),
2026-08-28 03:02:57,399 | INFO | flwr | 	              (58, 3.3287914558790592),
simulation-0 | INFO flwr 2026-08-28 03:02:57,399 | server.py:495 | 	              (59, 3.5336031516888378),
2026-08-28 03:02:57,399 | INFO | flwr | 	              (59, 3.5336031516888378),
simulation-0 | INFO flwr 2026-08-28 03:02:57,399 | server.py:495 | 	              (60, 2.9859960714767997),
2026-08-28 03:02:57,399 | INFO | flwr | 	              (60, 2.9859960714767997),
simulation-0 | INFO flwr 2026-08-28 03:02:57,399 | server.py:495 | 	              (61, 3.055658510596559),
2026-08-28 03:02:57,399 | INFO | flwr | 	              (61, 3.055658510596559),
simulation-0 | INFO flwr 2026-08-28 03:02:57,399 | server.py:495 | 	              (62, 3.4317658059342726),
2026-08-28 03:02:57,399 | INFO | flwr | 	              (62, 3.4317658059342726),
simulation-0 | INFO flwr 2026-08-28 03:02:57,399 | server.py:495 | 	              (63, 3.0099377801217626),
2026-08-28 03:02:57,399 | INFO | flwr | 	              (63, 3.0099377801217626),
simulation-0 | INFO flwr 2026-08-28 03:02:57,399 | server.py:495 | 	              (64, 3.5376352559888002),
2026-08-28 03:02:57,399 | INFO | flwr | 	              (64, 3.5376352559888002),
simulation-0 | INFO flwr 2026-08-28 03:02:57,399 | server.py:495 | 	              (65, 3.3173878532623875),
2026-08-28 03:02:57,399 | INFO | flwr | 	              (65, 3.3173878532623875),
simulation-0 | INFO flwr 2026-08-28 03:02:57,400 | server.py:495 | 	              (66, 3.3841307295439873),
2026-08-28 03:02:57,400 | INFO | flwr | 	              (66, 3.3841307295439873),
simulation-0 | INFO flwr 2026-08-28 03:02:57,400 | server.py:495 | 	              (67, 3.0681672139950193),
2026-08-28 03:02:57,400 | INFO | flwr | 	              (67, 3.0681672139950193),
simulation-0 | INFO flwr 2026-08-28 03:02:57,400 | server.py:495 | 	              (68, 3.185108256873499),
2026-08-28 03:02:57,400 | INFO | flwr | 	              (68, 3.185108256873499),
simulation-0 | INFO flwr 2026-08-28 03:02:57,400 | server.py:495 | 	              (69, 3.4388184771276546),
2026-08-28 03:02:57,400 | INFO | flwr | 	              (69, 3.4388184771276546),
simulation-0 | INFO flwr 2026-08-28 03:02:57,400 | server.py:495 | 	              (70, 3.1436598025686826),
2026-08-28 03:02:57,400 | INFO | flwr | 	              (70, 3.1436598025686826),
simulation-0 | INFO flwr 2026-08-28 03:02:57,400 | server.py:495 | 	              (71, 3.3184565131960753),
2026-08-28 03:02:57,400 | INFO | flwr | 	              (71, 3.3184565131960753),
simulation-0 | INFO flwr 2026-08-28 03:02:57,400 | server.py:495 | 	              (72, 3.4747148867753483),
2026-08-28 03:02:57,400 | INFO | flwr | 	              (72, 3.4747148867753483),
simulation-0 | INFO flwr 2026-08-28 03:02:57,400 | server.py:495 | 	              (73, 3.0279524873016888),
2026-08-28 03:02:57,400 | INFO | flwr | 	              (73, 3.0279524873016888),
simulation-0 | INFO flwr 2026-08-28 03:02:57,400 | server.py:495 | 	              (74, 3.485052953510194),
2026-08-28 03:02:57,400 | INFO | flwr | 	              (74, 3.485052953510194),
simulation-0 | INFO flwr 2026-08-28 03:02:57,400 | server.py:495 | 	              (75, 3.203994168411291),
2026-08-28 03:02:57,400 | INFO | flwr | 	              (75, 3.203994168411291),
simulation-0 | INFO flwr 2026-08-28 03:02:57,400 | server.py:495 | 	              (76, 3.1625418315891967),
2026-08-28 03:02:57,400 | INFO | flwr | 	              (76, 3.1625418315891967),
simulation-0 | INFO flwr 2026-08-28 03:02:57,400 | server.py:495 | 	              (77, 3.2871065258483996),
2026-08-28 03:02:57,400 | INFO | flwr | 	              (77, 3.2871065258483996),
simulation-0 | INFO flwr 2026-08-28 03:02:57,400 | server.py:495 | 	              (78, 3.198926516654836),
2026-08-28 03:02:57,400 | INFO | flwr | 	              (78, 3.198926516654836),
simulation-0 | INFO flwr 2026-08-28 03:02:57,400 | server.py:495 | 	              (79, 3.337770641532834),
2026-08-28 03:02:57,400 | INFO | flwr | 	              (79, 3.337770641532834),
simulation-0 | INFO flwr 2026-08-28 03:02:57,400 | server.py:495 | 	              (80, 3.307188775456918),
2026-08-28 03:02:57,400 | INFO | flwr | 	              (80, 3.307188775456918),
simulation-0 | INFO flwr 2026-08-28 03:02:57,400 | server.py:495 | 	              (81, 3.352223865742737),
2026-08-28 03:02:57,400 | INFO | flwr | 	              (81, 3.352223865742737),
simulation-0 | INFO flwr 2026-08-28 03:02:57,400 | server.py:495 | 	              (82, 3.291139215425141),
2026-08-28 03:02:57,400 | INFO | flwr | 	              (82, 3.291139215425141),
simulation-0 | INFO flwr 2026-08-28 03:02:57,400 | server.py:495 | 	              (83, 3.3379181279531616),
2026-08-28 03:02:57,400 | INFO | flwr | 	              (83, 3.3379181279531616),
simulation-0 | INFO flwr 2026-08-28 03:02:57,400 | server.py:495 | 	              (84, 3.3158400930969054),
2026-08-28 03:02:57,400 | INFO | flwr | 	              (84, 3.3158400930969054),
simulation-0 | INFO flwr 2026-08-28 03:02:57,400 | server.py:495 | 	              (85, 3.11422409849036),
2026-08-28 03:02:57,400 | INFO | flwr | 	              (85, 3.11422409849036),
simulation-0 | INFO flwr 2026-08-28 03:02:57,401 | server.py:495 | 	              (86, 3.3552957286342684),
2026-08-28 03:02:57,401 | INFO | flwr | 	              (86, 3.3552957286342684),
simulation-0 | INFO flwr 2026-08-28 03:02:57,401 | server.py:495 | 	              (87, 3.361163988880702),
2026-08-28 03:02:57,401 | INFO | flwr | 	              (87, 3.361163988880702),
simulation-0 | INFO flwr 2026-08-28 03:02:57,401 | server.py:495 | 	              (88, 3.3649018495609786),
2026-08-28 03:02:57,401 | INFO | flwr | 	              (88, 3.3649018495609786),
simulation-0 | INFO flwr 2026-08-28 03:02:57,401 | server.py:495 | 	              (89, 3.58507607544131),
2026-08-28 03:02:57,401 | INFO | flwr | 	              (89, 3.58507607544131),
simulation-0 | INFO flwr 2026-08-28 03:02:57,401 | server.py:495 | 	              (90, 3.5925745611397235),
2026-08-28 03:02:57,401 | INFO | flwr | 	              (90, 3.5925745611397235),
simulation-0 | INFO flwr 2026-08-28 03:02:57,401 | server.py:495 | 	              (91, 3.2418433410881553),
2026-08-28 03:02:57,401 | INFO | flwr | 	              (91, 3.2418433410881553),
simulation-0 | INFO flwr 2026-08-28 03:02:57,401 | server.py:495 | 	              (92, 2.9805135483358494),
2026-08-28 03:02:57,401 | INFO | flwr | 	              (92, 2.9805135483358494),
simulation-0 | INFO flwr 2026-08-28 03:02:57,401 | server.py:495 | 	              (93, 3.4052847880800123),
2026-08-28 03:02:57,401 | INFO | flwr | 	              (93, 3.4052847880800123),
simulation-0 | INFO flwr 2026-08-28 03:02:57,401 | server.py:495 | 	              (94, 3.39764104312456),
2026-08-28 03:02:57,401 | INFO | flwr | 	              (94, 3.39764104312456),
simulation-0 | INFO flwr 2026-08-28 03:02:57,401 | server.py:495 | 	              (95, 3.0067556765478547),
2026-08-28 03:02:57,401 | INFO | flwr | 	              (95, 3.0067556765478547),
simulation-0 | INFO flwr 2026-08-28 03:02:57,401 | server.py:495 | 	              (96, 3.3211916931687733),
2026-08-28 03:02:57,401 | INFO | flwr | 	              (96, 3.3211916931687733),
simulation-0 | INFO flwr 2026-08-28 03:02:57,401 | server.py:495 | 	              (97, 3.5365301497707136),
2026-08-28 03:02:57,401 | INFO | flwr | 	              (97, 3.5365301497707136),
simulation-0 | INFO flwr 2026-08-28 03:02:57,401 | server.py:495 | 	              (98, 3.422168366618516),
2026-08-28 03:02:57,401 | INFO | flwr | 	              (98, 3.422168366618516),
simulation-0 | INFO flwr 2026-08-28 03:02:57,401 | server.py:495 | 	              (99, 3.3560048086211207),
2026-08-28 03:02:57,401 | INFO | flwr | 	              (99, 3.3560048086211207),
simulation-0 | INFO flwr 2026-08-28 03:02:57,401 | server.py:495 | 	              (100, 3.3896841509094533)],
2026-08-28 03:02:57,401 | INFO | flwr | 	              (100, 3.3896841509094533)],
simulation-0 | INFO flwr 2026-08-28 03:02:57,401 | server.py:495 | 	 'val_precision': [(1, 0.5095353445318046),
2026-08-28 03:02:57,401 | INFO | flwr | 	 'val_precision': [(1, 0.5095353445318046),
simulation-0 | INFO flwr 2026-08-28 03:02:57,401 | server.py:495 | 	                   (2, 0.507647260643297),
2026-08-28 03:02:57,401 | INFO | flwr | 	                   (2, 0.507647260643297),
simulation-0 | INFO flwr 2026-08-28 03:02:57,401 | server.py:495 | 	                   (3, 0.4935521917318246),
2026-08-28 03:02:57,401 | INFO | flwr | 	                   (3, 0.4935521917318246),
simulation-0 | INFO flwr 2026-08-28 03:02:57,401 | server.py:495 | 	                   (4, 0.5165345985679528),
2026-08-28 03:02:57,401 | INFO | flwr | 	                   (4, 0.5165345985679528),
simulation-0 | INFO flwr 2026-08-28 03:02:57,401 | server.py:495 | 	                   (5, 0.4789233091437779),
2026-08-28 03:02:57,401 | INFO | flwr | 	                   (5, 0.4789233091437779),
simulation-0 | INFO flwr 2026-08-28 03:02:57,402 | server.py:495 | 	                   (6, 0.49372040888183005),
2026-08-28 03:02:57,402 | INFO | flwr | 	                   (6, 0.49372040888183005),
simulation-0 | INFO flwr 2026-08-28 03:02:57,402 | server.py:495 | 	                   (7, 0.5277822476871349),
2026-08-28 03:02:57,402 | INFO | flwr | 	                   (7, 0.5277822476871349),
simulation-0 | INFO flwr 2026-08-28 03:02:57,402 | server.py:495 | 	                   (8, 0.5188116568147545),
2026-08-28 03:02:57,402 | INFO | flwr | 	                   (8, 0.5188116568147545),
simulation-0 | INFO flwr 2026-08-28 03:02:57,402 | server.py:495 | 	                   (9, 0.47160991988264894),
2026-08-28 03:02:57,402 | INFO | flwr | 	                   (9, 0.47160991988264894),
simulation-0 | INFO flwr 2026-08-28 03:02:57,402 | server.py:495 | 	                   (10, 0.4988951482445798),
2026-08-28 03:02:57,402 | INFO | flwr | 	                   (10, 0.4988951482445798),
simulation-0 | INFO flwr 2026-08-28 03:02:57,402 | server.py:495 | 	                   (11, 0.525526510315313),
2026-08-28 03:02:57,402 | INFO | flwr | 	                   (11, 0.525526510315313),
simulation-0 | INFO flwr 2026-08-28 03:02:57,402 | server.py:495 | 	                   (12, 0.5081578714307535),
2026-08-28 03:02:57,402 | INFO | flwr | 	                   (12, 0.5081578714307535),
simulation-0 | INFO flwr 2026-08-28 03:02:57,402 | server.py:495 | 	                   (13, 0.5364546710944176),
2026-08-28 03:02:57,402 | INFO | flwr | 	                   (13, 0.5364546710944176),
simulation-0 | INFO flwr 2026-08-28 03:02:57,402 | server.py:495 | 	                   (14, 0.5213621084317708),
2026-08-28 03:02:57,402 | INFO | flwr | 	                   (14, 0.5213621084317708),
simulation-0 | INFO flwr 2026-08-28 03:02:57,402 | server.py:495 | 	                   (15, 0.49589684233737835),
2026-08-28 03:02:57,402 | INFO | flwr | 	                   (15, 0.49589684233737835),
simulation-0 | INFO flwr 2026-08-28 03:02:57,402 | server.py:495 | 	                   (16, 0.5020904284454821),
2026-08-28 03:02:57,402 | INFO | flwr | 	                   (16, 0.5020904284454821),
simulation-0 | INFO flwr 2026-08-28 03:02:57,402 | server.py:495 | 	                   (17, 0.5514016091566201),
2026-08-28 03:02:57,402 | INFO | flwr | 	                   (17, 0.5514016091566201),
simulation-0 | INFO flwr 2026-08-28 03:02:57,402 | server.py:495 | 	                   (18, 0.5193194874781697),
2026-08-28 03:02:57,402 | INFO | flwr | 	                   (18, 0.5193194874781697),
simulation-0 | INFO flwr 2026-08-28 03:02:57,402 | server.py:495 | 	                   (19, 0.5473564365889428),
2026-08-28 03:02:57,402 | INFO | flwr | 	                   (19, 0.5473564365889428),
simulation-0 | INFO flwr 2026-08-28 03:02:57,402 | server.py:495 | 	                   (20, 0.5377780388170249),
2026-08-28 03:02:57,402 | INFO | flwr | 	                   (20, 0.5377780388170249),
simulation-0 | INFO flwr 2026-08-28 03:02:57,402 | server.py:495 | 	                   (21, 0.5466046304221311),
2026-08-28 03:02:57,402 | INFO | flwr | 	                   (21, 0.5466046304221311),
simulation-0 | INFO flwr 2026-08-28 03:02:57,402 | server.py:495 | 	                   (22, 0.5334958003148325),
2026-08-28 03:02:57,402 | INFO | flwr | 	                   (22, 0.5334958003148325),
simulation-0 | INFO flwr 2026-08-28 03:02:57,402 | server.py:495 | 	                   (23, 0.5251225065673315),
2026-08-28 03:02:57,402 | INFO | flwr | 	                   (23, 0.5251225065673315),
simulation-0 | INFO flwr 2026-08-28 03:02:57,402 | server.py:495 | 	                   (24, 0.521180804459832),
2026-08-28 03:02:57,402 | INFO | flwr | 	                   (24, 0.521180804459832),
simulation-0 | INFO flwr 2026-08-28 03:02:57,402 | server.py:495 | 	                   (25, 0.5203389298598429),
2026-08-28 03:02:57,402 | INFO | flwr | 	                   (25, 0.5203389298598429),
simulation-0 | INFO flwr 2026-08-28 03:02:57,403 | server.py:495 | 	                   (26, 0.560214570019174),
2026-08-28 03:02:57,403 | INFO | flwr | 	                   (26, 0.560214570019174),
simulation-0 | INFO flwr 2026-08-28 03:02:57,403 | server.py:495 | 	                   (27, 0.5328688104336781),
2026-08-28 03:02:57,403 | INFO | flwr | 	                   (27, 0.5328688104336781),
simulation-0 | INFO flwr 2026-08-28 03:02:57,403 | server.py:495 | 	                   (28, 0.49932074620803574),
2026-08-28 03:02:57,403 | INFO | flwr | 	                   (28, 0.49932074620803574),
simulation-0 | INFO flwr 2026-08-28 03:02:57,403 | server.py:495 | 	                   (29, 0.5415359489765589),
2026-08-28 03:02:57,403 | INFO | flwr | 	                   (29, 0.5415359489765589),
simulation-0 | INFO flwr 2026-08-28 03:02:57,403 | server.py:495 | 	                   (30, 0.5397581542778122),
2026-08-28 03:02:57,403 | INFO | flwr | 	                   (30, 0.5397581542778122),
simulation-0 | INFO flwr 2026-08-28 03:02:57,403 | server.py:495 | 	                   (31, 0.5552416571796757),
2026-08-28 03:02:57,403 | INFO | flwr | 	                   (31, 0.5552416571796757),
simulation-0 | INFO flwr 2026-08-28 03:02:57,403 | server.py:495 | 	                   (32, 0.526807025727798),
2026-08-28 03:02:57,403 | INFO | flwr | 	                   (32, 0.526807025727798),
simulation-0 | INFO flwr 2026-08-28 03:02:57,403 | server.py:495 | 	                   (33, 0.5487155820178626),
2026-08-28 03:02:57,403 | INFO | flwr | 	                   (33, 0.5487155820178626),
simulation-0 | INFO flwr 2026-08-28 03:02:57,403 | server.py:495 | 	                   (34, 0.5581161324208824),
2026-08-28 03:02:57,403 | INFO | flwr | 	                   (34, 0.5581161324208824),
simulation-0 | INFO flwr 2026-08-28 03:02:57,403 | server.py:495 | 	                   (35, 0.542450562260567),
2026-08-28 03:02:57,403 | INFO | flwr | 	                   (35, 0.542450562260567),
simulation-0 | INFO flwr 2026-08-28 03:02:57,403 | server.py:495 | 	                   (36, 0.5496935180513368),
2026-08-28 03:02:57,403 | INFO | flwr | 	                   (36, 0.5496935180513368),
simulation-0 | INFO flwr 2026-08-28 03:02:57,403 | server.py:495 | 	                   (37, 0.5351704436809359),
2026-08-28 03:02:57,403 | INFO | flwr | 	                   (37, 0.5351704436809359),
simulation-0 | INFO flwr 2026-08-28 03:02:57,403 | server.py:495 | 	                   (38, 0.5315713552008693),
2026-08-28 03:02:57,403 | INFO | flwr | 	                   (38, 0.5315713552008693),
simulation-0 | INFO flwr 2026-08-28 03:02:57,403 | server.py:495 | 	                   (39, 0.5368963740619532),
2026-08-28 03:02:57,403 | INFO | flwr | 	                   (39, 0.5368963740619532),
simulation-0 | INFO flwr 2026-08-28 03:02:57,403 | server.py:495 | 	                   (40, 0.5457992838669673),
2026-08-28 03:02:57,403 | INFO | flwr | 	                   (40, 0.5457992838669673),
simulation-0 | INFO flwr 2026-08-28 03:02:57,403 | server.py:495 | 	                   (41, 0.5688597655580083),
2026-08-28 03:02:57,403 | INFO | flwr | 	                   (41, 0.5688597655580083),
simulation-0 | INFO flwr 2026-08-28 03:02:57,403 | server.py:495 | 	                   (42, 0.5664099661354175),
2026-08-28 03:02:57,403 | INFO | flwr | 	                   (42, 0.5664099661354175),
simulation-0 | INFO flwr 2026-08-28 03:02:57,403 | server.py:495 | 	                   (43, 0.5618153403532083),
2026-08-28 03:02:57,403 | INFO | flwr | 	                   (43, 0.5618153403532083),
simulation-0 | INFO flwr 2026-08-28 03:02:57,403 | server.py:495 | 	                   (44, 0.5535047445678729),
2026-08-28 03:02:57,403 | INFO | flwr | 	                   (44, 0.5535047445678729),
simulation-0 | INFO flwr 2026-08-28 03:02:57,403 | server.py:495 | 	                   (45, 0.5325264664515392),
2026-08-28 03:02:57,403 | INFO | flwr | 	                   (45, 0.5325264664515392),
simulation-0 | INFO flwr 2026-08-28 03:02:57,404 | server.py:495 | 	                   (46, 0.5612879302653481),
2026-08-28 03:02:57,404 | INFO | flwr | 	                   (46, 0.5612879302653481),
simulation-0 | INFO flwr 2026-08-28 03:02:57,404 | server.py:495 | 	                   (47, 0.5339456754003731),
2026-08-28 03:02:57,404 | INFO | flwr | 	                   (47, 0.5339456754003731),
simulation-0 | INFO flwr 2026-08-28 03:02:57,404 | server.py:495 | 	                   (48, 0.5246499485162661),
2026-08-28 03:02:57,404 | INFO | flwr | 	                   (48, 0.5246499485162661),
simulation-0 | INFO flwr 2026-08-28 03:02:57,404 | server.py:495 | 	                   (49, 0.525465801175315),
2026-08-28 03:02:57,404 | INFO | flwr | 	                   (49, 0.525465801175315),
simulation-0 | INFO flwr 2026-08-28 03:02:57,404 | server.py:495 | 	                   (50, 0.5692461483860584),
2026-08-28 03:02:57,404 | INFO | flwr | 	                   (50, 0.5692461483860584),
simulation-0 | INFO flwr 2026-08-28 03:02:57,404 | server.py:495 | 	                   (51, 0.559472110300308),
2026-08-28 03:02:57,404 | INFO | flwr | 	                   (51, 0.559472110300308),
simulation-0 | INFO flwr 2026-08-28 03:02:57,404 | server.py:495 | 	                   (52, 0.5292273955165127),
2026-08-28 03:02:57,404 | INFO | flwr | 	                   (52, 0.5292273955165127),
simulation-0 | INFO flwr 2026-08-28 03:02:57,404 | server.py:495 | 	                   (53, 0.5575830499241498),
2026-08-28 03:02:57,404 | INFO | flwr | 	                   (53, 0.5575830499241498),
simulation-0 | INFO flwr 2026-08-28 03:02:57,404 | server.py:495 | 	                   (54, 0.54223636141537),
2026-08-28 03:02:57,404 | INFO | flwr | 	                   (54, 0.54223636141537),
simulation-0 | INFO flwr 2026-08-28 03:02:57,404 | server.py:495 | 	                   (55, 0.5387348206354459),
2026-08-28 03:02:57,404 | INFO | flwr | 	                   (55, 0.5387348206354459),
simulation-0 | INFO flwr 2026-08-28 03:02:57,404 | server.py:495 | 	                   (56, 0.544462928256586),
2026-08-28 03:02:57,404 | INFO | flwr | 	                   (56, 0.544462928256586),
simulation-0 | INFO flwr 2026-08-28 03:02:57,404 | server.py:495 | 	                   (57, 0.5638935763043729),
2026-08-28 03:02:57,404 | INFO | flwr | 	                   (57, 0.5638935763043729),
simulation-0 | INFO flwr 2026-08-28 03:02:57,404 | server.py:495 | 	                   (58, 0.5556295825469193),
2026-08-28 03:02:57,404 | INFO | flwr | 	                   (58, 0.5556295825469193),
simulation-0 | INFO flwr 2026-08-28 03:02:57,404 | server.py:495 | 	                   (59, 0.5439838843323286),
2026-08-28 03:02:57,404 | INFO | flwr | 	                   (59, 0.5439838843323286),
simulation-0 | INFO flwr 2026-08-28 03:02:57,404 | server.py:495 | 	                   (60, 0.5721963418928178),
2026-08-28 03:02:57,404 | INFO | flwr | 	                   (60, 0.5721963418928178),
simulation-0 | INFO flwr 2026-08-28 03:02:57,404 | server.py:495 | 	                   (61, 0.5878628851038318),
2026-08-28 03:02:57,404 | INFO | flwr | 	                   (61, 0.5878628851038318),
simulation-0 | INFO flwr 2026-08-28 03:02:57,404 | server.py:495 | 	                   (62, 0.5322128922121154),
2026-08-28 03:02:57,404 | INFO | flwr | 	                   (62, 0.5322128922121154),
simulation-0 | INFO flwr 2026-08-28 03:02:57,404 | server.py:495 | 	                   (63, 0.5650239771379557),
2026-08-28 03:02:57,404 | INFO | flwr | 	                   (63, 0.5650239771379557),
simulation-0 | INFO flwr 2026-08-28 03:02:57,404 | server.py:495 | 	                   (64, 0.5577884809096502),
2026-08-28 03:02:57,404 | INFO | flwr | 	                   (64, 0.5577884809096502),
simulation-0 | INFO flwr 2026-08-28 03:02:57,404 | server.py:495 | 	                   (65, 0.5666478924232671),
2026-08-28 03:02:57,404 | INFO | flwr | 	                   (65, 0.5666478924232671),
simulation-0 | INFO flwr 2026-08-28 03:02:57,405 | server.py:495 | 	                   (66, 0.5623558392131992),
2026-08-28 03:02:57,405 | INFO | flwr | 	                   (66, 0.5623558392131992),
simulation-0 | INFO flwr 2026-08-28 03:02:57,405 | server.py:495 | 	                   (67, 0.5725731607414819),
2026-08-28 03:02:57,405 | INFO | flwr | 	                   (67, 0.5725731607414819),
simulation-0 | INFO flwr 2026-08-28 03:02:57,405 | server.py:495 | 	                   (68, 0.5897210098442017),
2026-08-28 03:02:57,405 | INFO | flwr | 	                   (68, 0.5897210098442017),
simulation-0 | INFO flwr 2026-08-28 03:02:57,405 | server.py:495 | 	                   (69, 0.5531258976748482),
2026-08-28 03:02:57,405 | INFO | flwr | 	                   (69, 0.5531258976748482),
simulation-0 | INFO flwr 2026-08-28 03:02:57,405 | server.py:495 | 	                   (70, 0.5810937842868724),
2026-08-28 03:02:57,405 | INFO | flwr | 	                   (70, 0.5810937842868724),
simulation-0 | INFO flwr 2026-08-28 03:02:57,405 | server.py:495 | 	                   (71, 0.5925888735359415),
2026-08-28 03:02:57,405 | INFO | flwr | 	                   (71, 0.5925888735359415),
simulation-0 | INFO flwr 2026-08-28 03:02:57,405 | server.py:495 | 	                   (72, 0.5680299875212589),
2026-08-28 03:02:57,405 | INFO | flwr | 	                   (72, 0.5680299875212589),
simulation-0 | INFO flwr 2026-08-28 03:02:57,405 | server.py:495 | 	                   (73, 0.5815771079233277),
2026-08-28 03:02:57,405 | INFO | flwr | 	                   (73, 0.5815771079233277),
simulation-0 | INFO flwr 2026-08-28 03:02:57,405 | server.py:495 | 	                   (74, 0.563487050869839),
2026-08-28 03:02:57,405 | INFO | flwr | 	                   (74, 0.563487050869839),
simulation-0 | INFO flwr 2026-08-28 03:02:57,405 | server.py:495 | 	                   (75, 0.5804927854605731),
2026-08-28 03:02:57,405 | INFO | flwr | 	                   (75, 0.5804927854605731),
simulation-0 | INFO flwr 2026-08-28 03:02:57,405 | server.py:495 | 	                   (76, 0.5832260588181571),
2026-08-28 03:02:57,405 | INFO | flwr | 	                   (76, 0.5832260588181571),
simulation-0 | INFO flwr 2026-08-28 03:02:57,405 | server.py:495 | 	                   (77, 0.5619105777353336),
2026-08-28 03:02:57,405 | INFO | flwr | 	                   (77, 0.5619105777353336),
simulation-0 | INFO flwr 2026-08-28 03:02:57,405 | server.py:495 | 	                   (78, 0.5741251484406665),
2026-08-28 03:02:57,405 | INFO | flwr | 	                   (78, 0.5741251484406665),
simulation-0 | INFO flwr 2026-08-28 03:02:57,405 | server.py:495 | 	                   (79, 0.5935854097808079),
2026-08-28 03:02:57,405 | INFO | flwr | 	                   (79, 0.5935854097808079),
simulation-0 | INFO flwr 2026-08-28 03:02:57,405 | server.py:495 | 	                   (80, 0.59030939145893),
2026-08-28 03:02:57,405 | INFO | flwr | 	                   (80, 0.59030939145893),
simulation-0 | INFO flwr 2026-08-28 03:02:57,405 | server.py:495 | 	                   (81, 0.5677545624367021),
2026-08-28 03:02:57,405 | INFO | flwr | 	                   (81, 0.5677545624367021),
simulation-0 | INFO flwr 2026-08-28 03:02:57,405 | server.py:495 | 	                   (82, 0.5477320826840196),
2026-08-28 03:02:57,405 | INFO | flwr | 	                   (82, 0.5477320826840196),
simulation-0 | INFO flwr 2026-08-28 03:02:57,405 | server.py:495 | 	                   (83, 0.5551646607997403),
2026-08-28 03:02:57,405 | INFO | flwr | 	                   (83, 0.5551646607997403),
simulation-0 | INFO flwr 2026-08-28 03:02:57,405 | server.py:495 | 	                   (84, 0.5843583146191139),
2026-08-28 03:02:57,405 | INFO | flwr | 	                   (84, 0.5843583146191139),
simulation-0 | INFO flwr 2026-08-28 03:02:57,405 | server.py:495 | 	                   (85, 0.5763639817223135),
2026-08-28 03:02:57,405 | INFO | flwr | 	                   (85, 0.5763639817223135),
simulation-0 | INFO flwr 2026-08-28 03:02:57,406 | server.py:495 | 	                   (86, 0.5304806160117057),
2026-08-28 03:02:57,406 | INFO | flwr | 	                   (86, 0.5304806160117057),
simulation-0 | INFO flwr 2026-08-28 03:02:57,406 | server.py:495 | 	                   (87, 0.5724028120624489),
2026-08-28 03:02:57,406 | INFO | flwr | 	                   (87, 0.5724028120624489),
simulation-0 | INFO flwr 2026-08-28 03:02:57,406 | server.py:495 | 	                   (88, 0.5628128287626772),
2026-08-28 03:02:57,406 | INFO | flwr | 	                   (88, 0.5628128287626772),
simulation-0 | INFO flwr 2026-08-28 03:02:57,406 | server.py:495 | 	                   (89, 0.5792508591485773),
2026-08-28 03:02:57,406 | INFO | flwr | 	                   (89, 0.5792508591485773),
simulation-0 | INFO flwr 2026-08-28 03:02:57,406 | server.py:495 | 	                   (90, 0.5345989681660751),
2026-08-28 03:02:57,406 | INFO | flwr | 	                   (90, 0.5345989681660751),
simulation-0 | INFO flwr 2026-08-28 03:02:57,406 | server.py:495 | 	                   (91, 0.5656912236969696),
2026-08-28 03:02:57,406 | INFO | flwr | 	                   (91, 0.5656912236969696),
simulation-0 | INFO flwr 2026-08-28 03:02:57,406 | server.py:495 | 	                   (92, 0.5839426636594095),
2026-08-28 03:02:57,406 | INFO | flwr | 	                   (92, 0.5839426636594095),
simulation-0 | INFO flwr 2026-08-28 03:02:57,406 | server.py:495 | 	                   (93, 0.5626910834207505),
2026-08-28 03:02:57,406 | INFO | flwr | 	                   (93, 0.5626910834207505),
simulation-0 | INFO flwr 2026-08-28 03:02:57,406 | server.py:495 | 	                   (94, 0.5940006765508777),
2026-08-28 03:02:57,406 | INFO | flwr | 	                   (94, 0.5940006765508777),
simulation-0 | INFO flwr 2026-08-28 03:02:57,406 | server.py:495 | 	                   (95, 0.5897943729127951),
2026-08-28 03:02:57,406 | INFO | flwr | 	                   (95, 0.5897943729127951),
simulation-0 | INFO flwr 2026-08-28 03:02:57,406 | server.py:495 | 	                   (96, 0.5798729573163258),
2026-08-28 03:02:57,406 | INFO | flwr | 	                   (96, 0.5798729573163258),
simulation-0 | INFO flwr 2026-08-28 03:02:57,406 | server.py:495 | 	                   (97, 0.5649009702610736),
2026-08-28 03:02:57,406 | INFO | flwr | 	                   (97, 0.5649009702610736),
simulation-0 | INFO flwr 2026-08-28 03:02:57,406 | server.py:495 | 	                   (98, 0.5462646784196208),
2026-08-28 03:02:57,406 | INFO | flwr | 	                   (98, 0.5462646784196208),
simulation-0 | INFO flwr 2026-08-28 03:02:57,406 | server.py:495 | 	                   (99, 0.5625337847183398),
2026-08-28 03:02:57,406 | INFO | flwr | 	                   (99, 0.5625337847183398),
simulation-0 | INFO flwr 2026-08-28 03:02:57,406 | server.py:495 | 	                   (100, 0.5532064815132629)],
2026-08-28 03:02:57,406 | INFO | flwr | 	                   (100, 0.5532064815132629)],
simulation-0 | INFO flwr 2026-08-28 03:02:57,406 | server.py:495 | 	 'val_recall': [(1, 0.4999416361416361),
2026-08-28 03:02:57,406 | INFO | flwr | 	 'val_recall': [(1, 0.4999416361416361),
simulation-0 | INFO flwr 2026-08-28 03:02:57,406 | server.py:495 | 	                (2, 0.5108231013431014),
2026-08-28 03:02:57,406 | INFO | flwr | 	                (2, 0.5108231013431014),
simulation-0 | INFO flwr 2026-08-28 03:02:57,406 | server.py:495 | 	                (3, 0.4972),
2026-08-28 03:02:57,406 | INFO | flwr | 	                (3, 0.4972),
simulation-0 | INFO flwr 2026-08-28 03:02:57,406 | server.py:495 | 	                (4, 0.5157022222222222),
2026-08-28 03:02:57,406 | INFO | flwr | 	                (4, 0.5157022222222222),
simulation-0 | INFO flwr 2026-08-28 03:02:57,406 | server.py:495 | 	                (5, 0.491810354090354),
2026-08-28 03:02:57,406 | INFO | flwr | 	                (5, 0.491810354090354),
simulation-0 | INFO flwr 2026-08-28 03:02:57,407 | server.py:495 | 	                (6, 0.5081876434676433),
2026-08-28 03:02:57,407 | INFO | flwr | 	                (6, 0.5081876434676433),
simulation-0 | INFO flwr 2026-08-28 03:02:57,407 | server.py:495 | 	                (7, 0.5282882051282051),
2026-08-28 03:02:57,407 | INFO | flwr | 	                (7, 0.5282882051282051),
simulation-0 | INFO flwr 2026-08-28 03:02:57,407 | server.py:495 | 	                (8, 0.5226081562881564),
2026-08-28 03:02:57,407 | INFO | flwr | 	                (8, 0.5226081562881564),
simulation-0 | INFO flwr 2026-08-28 03:02:57,407 | server.py:495 | 	                (9, 0.48521074481074483),
2026-08-28 03:02:57,407 | INFO | flwr | 	                (9, 0.48521074481074483),
simulation-0 | INFO flwr 2026-08-28 03:02:57,407 | server.py:495 | 	                (10, 0.5189437851037851),
2026-08-28 03:02:57,407 | INFO | flwr | 	                (10, 0.5189437851037851),
simulation-0 | INFO flwr 2026-08-28 03:02:57,407 | server.py:495 | 	                (11, 0.5293076434676435),
2026-08-28 03:02:57,407 | INFO | flwr | 	                (11, 0.5293076434676435),
simulation-0 | INFO flwr 2026-08-28 03:02:57,407 | server.py:495 | 	                (12, 0.5184825885225886),
2026-08-28 03:02:57,407 | INFO | flwr | 	                (12, 0.5184825885225886),
simulation-0 | INFO flwr 2026-08-28 03:02:57,407 | server.py:495 | 	                (13, 0.5359976556776557),
2026-08-28 03:02:57,407 | INFO | flwr | 	                (13, 0.5359976556776557),
simulation-0 | INFO flwr 2026-08-28 03:02:57,407 | server.py:495 | 	                (14, 0.5359366056166055),
2026-08-28 03:02:57,407 | INFO | flwr | 	                (14, 0.5359366056166055),
simulation-0 | INFO flwr 2026-08-28 03:02:57,407 | server.py:495 | 	                (15, 0.5117228815628816),
2026-08-28 03:02:57,407 | INFO | flwr | 	                (15, 0.5117228815628816),
simulation-0 | INFO flwr 2026-08-28 03:02:57,407 | server.py:495 | 	                (16, 0.5136197313797314),
2026-08-28 03:02:57,407 | INFO | flwr | 	                (16, 0.5136197313797314),
simulation-0 | INFO flwr 2026-08-28 03:02:57,407 | server.py:495 | 	                (17, 0.547680879120879),
2026-08-28 03:02:57,407 | INFO | flwr | 	                (17, 0.547680879120879),
simulation-0 | INFO flwr 2026-08-28 03:02:57,407 | server.py:495 | 	                (18, 0.5368976312576313),
2026-08-28 03:02:57,407 | INFO | flwr | 	                (18, 0.5368976312576313),
simulation-0 | INFO flwr 2026-08-28 03:02:57,407 | server.py:495 | 	                (19, 0.5477759218559218),
2026-08-28 03:02:57,407 | INFO | flwr | 	                (19, 0.5477759218559218),
simulation-0 | INFO flwr 2026-08-28 03:02:57,407 | server.py:495 | 	                (20, 0.5456192918192918),
2026-08-28 03:02:57,407 | INFO | flwr | 	                (20, 0.5456192918192918),
simulation-0 | INFO flwr 2026-08-28 03:02:57,407 | server.py:495 | 	                (21, 0.5566390231990231),
2026-08-28 03:02:57,407 | INFO | flwr | 	                (21, 0.5566390231990231),
simulation-0 | INFO flwr 2026-08-28 03:02:57,407 | server.py:495 | 	                (22, 0.5347774358974359),
2026-08-28 03:02:57,407 | INFO | flwr | 	                (22, 0.5347774358974359),
simulation-0 | INFO flwr 2026-08-28 03:02:57,407 | server.py:495 | 	                (23, 0.5251161904761905),
2026-08-28 03:02:57,407 | INFO | flwr | 	                (23, 0.5251161904761905),
simulation-0 | INFO flwr 2026-08-28 03:02:57,407 | server.py:495 | 	                (24, 0.5397587301587302),
2026-08-28 03:02:57,407 | INFO | flwr | 	                (24, 0.5397587301587302),
simulation-0 | INFO flwr 2026-08-28 03:02:57,407 | server.py:495 | 	                (25, 0.5183685958485958),
2026-08-28 03:02:57,407 | INFO | flwr | 	                (25, 0.5183685958485958),
simulation-0 | INFO flwr 2026-08-28 03:02:57,408 | server.py:495 | 	                (26, 0.5513796336996337),
2026-08-28 03:02:57,408 | INFO | flwr | 	                (26, 0.5513796336996337),
simulation-0 | INFO flwr 2026-08-28 03:02:57,408 | server.py:495 | 	                (27, 0.5428220757020757),
2026-08-28 03:02:57,408 | INFO | flwr | 	                (27, 0.5428220757020757),
simulation-0 | INFO flwr 2026-08-28 03:02:57,408 | server.py:495 | 	                (28, 0.5226431746031746),
2026-08-28 03:02:57,408 | INFO | flwr | 	                (28, 0.5226431746031746),
simulation-0 | INFO flwr 2026-08-28 03:02:57,408 | server.py:495 | 	                (29, 0.5345907692307693),
2026-08-28 03:02:57,408 | INFO | flwr | 	                (29, 0.5345907692307693),
simulation-0 | INFO flwr 2026-08-28 03:02:57,408 | server.py:495 | 	                (30, 0.5425504273504274),
2026-08-28 03:02:57,408 | INFO | flwr | 	                (30, 0.5425504273504274),
simulation-0 | INFO flwr 2026-08-28 03:02:57,408 | server.py:495 | 	                (31, 0.5623152625152625),
2026-08-28 03:02:57,408 | INFO | flwr | 	                (31, 0.5623152625152625),
simulation-0 | INFO flwr 2026-08-28 03:02:57,408 | server.py:495 | 	                (32, 0.5307484737484737),
2026-08-28 03:02:57,408 | INFO | flwr | 	                (32, 0.5307484737484737),
simulation-0 | INFO flwr 2026-08-28 03:02:57,408 | server.py:495 | 	                (33, 0.5596652014652015),
2026-08-28 03:02:57,408 | INFO | flwr | 	                (33, 0.5596652014652015),
simulation-0 | INFO flwr 2026-08-28 03:02:57,408 | server.py:495 | 	                (34, 0.5686503052503052),
2026-08-28 03:02:57,408 | INFO | flwr | 	                (34, 0.5686503052503052),
simulation-0 | INFO flwr 2026-08-28 03:02:57,408 | server.py:495 | 	                (35, 0.5483010012210012),
2026-08-28 03:02:57,408 | INFO | flwr | 	                (35, 0.5483010012210012),
simulation-0 | INFO flwr 2026-08-28 03:02:57,408 | server.py:495 | 	                (36, 0.5507918925518925),
2026-08-28 03:02:57,408 | INFO | flwr | 	                (36, 0.5507918925518925),
simulation-0 | INFO flwr 2026-08-28 03:02:57,408 | server.py:495 | 	                (37, 0.5467680586080587),
2026-08-28 03:02:57,408 | INFO | flwr | 	                (37, 0.5467680586080587),
simulation-0 | INFO flwr 2026-08-28 03:02:57,408 | server.py:495 | 	                (38, 0.5457615628815629),
2026-08-28 03:02:57,408 | INFO | flwr | 	                (38, 0.5457615628815629),
simulation-0 | INFO flwr 2026-08-28 03:02:57,408 | server.py:495 | 	                (39, 0.5479100366300367),
2026-08-28 03:02:57,408 | INFO | flwr | 	                (39, 0.5479100366300367),
simulation-0 | INFO flwr 2026-08-28 03:02:57,408 | server.py:495 | 	                (40, 0.5495861782661784),
2026-08-28 03:02:57,408 | INFO | flwr | 	                (40, 0.5495861782661784),
simulation-0 | INFO flwr 2026-08-28 03:02:57,408 | server.py:495 | 	                (41, 0.5662329181929182),
2026-08-28 03:02:57,408 | INFO | flwr | 	                (41, 0.5662329181929182),
simulation-0 | INFO flwr 2026-08-28 03:02:57,408 | server.py:495 | 	                (42, 0.5704026862026862),
2026-08-28 03:02:57,408 | INFO | flwr | 	                (42, 0.5704026862026862),
simulation-0 | INFO flwr 2026-08-28 03:02:57,408 | server.py:495 | 	                (43, 0.5583695238095238),
2026-08-28 03:02:57,408 | INFO | flwr | 	                (43, 0.5583695238095238),
simulation-0 | INFO flwr 2026-08-28 03:02:57,408 | server.py:495 | 	                (44, 0.5570832722832723),
2026-08-28 03:02:57,408 | INFO | flwr | 	                (44, 0.5570832722832723),
simulation-0 | INFO flwr 2026-08-28 03:02:57,409 | server.py:495 | 	                (45, 0.5446388766788767),
2026-08-28 03:02:57,409 | INFO | flwr | 	                (45, 0.5446388766788767),
simulation-0 | INFO flwr 2026-08-28 03:02:57,409 | server.py:495 | 	                (46, 0.571694945054945),
2026-08-28 03:02:57,409 | INFO | flwr | 	                (46, 0.571694945054945),
simulation-0 | INFO flwr 2026-08-28 03:02:57,409 | server.py:495 | 	                (47, 0.550967619047619),
2026-08-28 03:02:57,409 | INFO | flwr | 	                (47, 0.550967619047619),
simulation-0 | INFO flwr 2026-08-28 03:02:57,409 | server.py:495 | 	                (48, 0.5258999267399267),
2026-08-28 03:02:57,409 | INFO | flwr | 	                (48, 0.5258999267399267),
simulation-0 | INFO flwr 2026-08-28 03:02:57,409 | server.py:495 | 	                (49, 0.5426884493284494),
2026-08-28 03:02:57,409 | INFO | flwr | 	                (49, 0.5426884493284494),
simulation-0 | INFO flwr 2026-08-28 03:02:57,409 | server.py:495 | 	                (50, 0.5654599755799755),
2026-08-28 03:02:57,409 | INFO | flwr | 	                (50, 0.5654599755799755),
simulation-0 | INFO flwr 2026-08-28 03:02:57,409 | server.py:495 | 	                (51, 0.5655724053724055),
2026-08-28 03:02:57,409 | INFO | flwr | 	                (51, 0.5655724053724055),
simulation-0 | INFO flwr 2026-08-28 03:02:57,409 | server.py:495 | 	                (52, 0.5478052258852258),
2026-08-28 03:02:57,409 | INFO | flwr | 	                (52, 0.5478052258852258),
simulation-0 | INFO flwr 2026-08-28 03:02:57,409 | server.py:495 | 	                (53, 0.5518658852258852),
2026-08-28 03:02:57,409 | INFO | flwr | 	                (53, 0.5518658852258852),
simulation-0 | INFO flwr 2026-08-28 03:02:57,409 | server.py:495 | 	                (54, 0.5460353113553114),
2026-08-28 03:02:57,409 | INFO | flwr | 	                (54, 0.5460353113553114),
simulation-0 | INFO flwr 2026-08-28 03:02:57,409 | server.py:495 | 	                (55, 0.5595438339438339),
2026-08-28 03:02:57,409 | INFO | flwr | 	                (55, 0.5595438339438339),
simulation-0 | INFO flwr 2026-08-28 03:02:57,409 | server.py:495 | 	                (56, 0.56216547008547),
2026-08-28 03:02:57,409 | INFO | flwr | 	                (56, 0.56216547008547),
simulation-0 | INFO flwr 2026-08-28 03:02:57,409 | server.py:495 | 	                (57, 0.5698843467643468),
2026-08-28 03:02:57,409 | INFO | flwr | 	                (57, 0.5698843467643468),
simulation-0 | INFO flwr 2026-08-28 03:02:57,409 | server.py:495 | 	                (58, 0.5526812210012211),
2026-08-28 03:02:57,409 | INFO | flwr | 	                (58, 0.5526812210012211),
simulation-0 | INFO flwr 2026-08-28 03:02:57,409 | server.py:495 | 	                (59, 0.5512802442002442),
2026-08-28 03:02:57,409 | INFO | flwr | 	                (59, 0.5512802442002442),
simulation-0 | INFO flwr 2026-08-28 03:02:57,409 | server.py:495 | 	                (60, 0.571959706959707),
2026-08-28 03:02:57,409 | INFO | flwr | 	                (60, 0.571959706959707),
simulation-0 | INFO flwr 2026-08-28 03:02:57,409 | server.py:495 | 	                (61, 0.5835932600732602),
2026-08-28 03:02:57,409 | INFO | flwr | 	                (61, 0.5835932600732602),
simulation-0 | INFO flwr 2026-08-28 03:02:57,409 | server.py:495 | 	                (62, 0.5517235164835165),
2026-08-28 03:02:57,409 | INFO | flwr | 	                (62, 0.5517235164835165),
simulation-0 | INFO flwr 2026-08-28 03:02:57,409 | server.py:495 | 	                (63, 0.5667670818070819),
2026-08-28 03:02:57,409 | INFO | flwr | 	                (63, 0.5667670818070819),
simulation-0 | INFO flwr 2026-08-28 03:02:57,409 | server.py:495 | 	                (64, 0.555552967032967),
2026-08-28 03:02:57,409 | INFO | flwr | 	                (64, 0.555552967032967),
simulation-0 | INFO flwr 2026-08-28 03:02:57,410 | server.py:495 | 	                (65, 0.5731445177045177),
2026-08-28 03:02:57,410 | INFO | flwr | 	                (65, 0.5731445177045177),
simulation-0 | INFO flwr 2026-08-28 03:02:57,410 | server.py:495 | 	                (66, 0.5647212698412699),
2026-08-28 03:02:57,410 | INFO | flwr | 	                (66, 0.5647212698412699),
simulation-0 | INFO flwr 2026-08-28 03:02:57,410 | server.py:495 | 	                (67, 0.5665789987789988),
2026-08-28 03:02:57,410 | INFO | flwr | 	                (67, 0.5665789987789988),
simulation-0 | INFO flwr 2026-08-28 03:02:57,410 | server.py:495 | 	                (68, 0.5933903296703297),
2026-08-28 03:02:57,410 | INFO | flwr | 	                (68, 0.5933903296703297),
simulation-0 | INFO flwr 2026-08-28 03:02:57,410 | server.py:495 | 	                (69, 0.5546426862026861),
2026-08-28 03:02:57,410 | INFO | flwr | 	                (69, 0.5546426862026861),
simulation-0 | INFO flwr 2026-08-28 03:02:57,410 | server.py:495 | 	                (70, 0.5905181440781441),
2026-08-28 03:02:57,410 | INFO | flwr | 	                (70, 0.5905181440781441),
simulation-0 | INFO flwr 2026-08-28 03:02:57,410 | server.py:495 | 	                (71, 0.5817454945054944),
2026-08-28 03:02:57,410 | INFO | flwr | 	                (71, 0.5817454945054944),
simulation-0 | INFO flwr 2026-08-28 03:02:57,410 | server.py:495 | 	                (72, 0.5658071794871795),
2026-08-28 03:02:57,410 | INFO | flwr | 	                (72, 0.5658071794871795),
simulation-0 | INFO flwr 2026-08-28 03:02:57,410 | server.py:495 | 	                (73, 0.5838909890109889),
2026-08-28 03:02:57,410 | INFO | flwr | 	                (73, 0.5838909890109889),
simulation-0 | INFO flwr 2026-08-28 03:02:57,410 | server.py:495 | 	                (74, 0.5631055433455433),
2026-08-28 03:02:57,410 | INFO | flwr | 	                (74, 0.5631055433455433),
simulation-0 | INFO flwr 2026-08-28 03:02:57,410 | server.py:495 | 	                (75, 0.5763719658119658),
2026-08-28 03:02:57,410 | INFO | flwr | 	                (75, 0.5763719658119658),
simulation-0 | INFO flwr 2026-08-28 03:02:57,410 | server.py:495 | 	                (76, 0.5770701343101344),
2026-08-28 03:02:57,410 | INFO | flwr | 	                (76, 0.5770701343101344),
simulation-0 | INFO flwr 2026-08-28 03:02:57,410 | server.py:495 | 	                (77, 0.5752498168498168),
2026-08-28 03:02:57,410 | INFO | flwr | 	                (77, 0.5752498168498168),
simulation-0 | INFO flwr 2026-08-28 03:02:57,410 | server.py:495 | 	                (78, 0.5738646153846153),
2026-08-28 03:02:57,410 | INFO | flwr | 	                (78, 0.5738646153846153),
simulation-0 | INFO flwr 2026-08-28 03:02:57,410 | server.py:495 | 	                (79, 0.5803682051282052),
2026-08-28 03:02:57,410 | INFO | flwr | 	                (79, 0.5803682051282052),
simulation-0 | INFO flwr 2026-08-28 03:02:57,410 | server.py:495 | 	                (80, 0.58033894993895),
2026-08-28 03:02:57,410 | INFO | flwr | 	                (80, 0.58033894993895),
simulation-0 | INFO flwr 2026-08-28 03:02:57,410 | server.py:495 | 	                (81, 0.5753240537240537),
2026-08-28 03:02:57,410 | INFO | flwr | 	                (81, 0.5753240537240537),
simulation-0 | INFO flwr 2026-08-28 03:02:57,410 | server.py:495 | 	                (82, 0.5531936507936507),
2026-08-28 03:02:57,410 | INFO | flwr | 	                (82, 0.5531936507936507),
simulation-0 | INFO flwr 2026-08-28 03:02:57,410 | server.py:495 | 	                (83, 0.564429597069597),
2026-08-28 03:02:57,410 | INFO | flwr | 	                (83, 0.564429597069597),
simulation-0 | INFO flwr 2026-08-28 03:02:57,410 | server.py:495 | 	                (84, 0.5850877655677655),
2026-08-28 03:02:57,410 | INFO | flwr | 	                (84, 0.5850877655677655),
simulation-0 | INFO flwr 2026-08-28 03:02:57,411 | server.py:495 | 	                (85, 0.5818776556776556),
2026-08-28 03:02:57,411 | INFO | flwr | 	                (85, 0.5818776556776556),
simulation-0 | INFO flwr 2026-08-28 03:02:57,411 | server.py:495 | 	                (86, 0.5444118681318683),
2026-08-28 03:02:57,411 | INFO | flwr | 	                (86, 0.5444118681318683),
simulation-0 | INFO flwr 2026-08-28 03:02:57,411 | server.py:495 | 	                (87, 0.569749010989011),
2026-08-28 03:02:57,411 | INFO | flwr | 	                (87, 0.569749010989011),
simulation-0 | INFO flwr 2026-08-28 03:02:57,411 | server.py:495 | 	                (88, 0.5576810744810746),
2026-08-28 03:02:57,411 | INFO | flwr | 	                (88, 0.5576810744810746),
simulation-0 | INFO flwr 2026-08-28 03:02:57,411 | server.py:495 | 	                (89, 0.5729600488400489),
2026-08-28 03:02:57,411 | INFO | flwr | 	                (89, 0.5729600488400489),
simulation-0 | INFO flwr 2026-08-28 03:02:57,411 | server.py:495 | 	                (90, 0.5327481318681319),
2026-08-28 03:02:57,411 | INFO | flwr | 	                (90, 0.5327481318681319),
simulation-0 | INFO flwr 2026-08-28 03:02:57,411 | server.py:495 | 	                (91, 0.5618357997557998),
2026-08-28 03:02:57,411 | INFO | flwr | 	                (91, 0.5618357997557998),
simulation-0 | INFO flwr 2026-08-28 03:02:57,411 | server.py:495 | 	                (92, 0.588192673992674),
2026-08-28 03:02:57,411 | INFO | flwr | 	                (92, 0.588192673992674),
simulation-0 | INFO flwr 2026-08-28 03:02:57,411 | server.py:495 | 	                (93, 0.5570023443223443),
2026-08-28 03:02:57,411 | INFO | flwr | 	                (93, 0.5570023443223443),
simulation-0 | INFO flwr 2026-08-28 03:02:57,411 | server.py:495 | 	                (94, 0.5893415384615386),
2026-08-28 03:02:57,411 | INFO | flwr | 	                (94, 0.5893415384615386),
simulation-0 | INFO flwr 2026-08-28 03:02:57,411 | server.py:495 | 	                (95, 0.5870080097680098),
2026-08-28 03:02:57,411 | INFO | flwr | 	                (95, 0.5870080097680098),
simulation-0 | INFO flwr 2026-08-28 03:02:57,411 | server.py:495 | 	                (96, 0.5769493528693529),
2026-08-28 03:02:57,411 | INFO | flwr | 	                (96, 0.5769493528693529),
simulation-0 | INFO flwr 2026-08-28 03:02:57,411 | server.py:495 | 	                (97, 0.5827405616605615),
2026-08-28 03:02:57,411 | INFO | flwr | 	                (97, 0.5827405616605615),
simulation-0 | INFO flwr 2026-08-28 03:02:57,411 | server.py:495 | 	                (98, 0.5599087179487181),
2026-08-28 03:02:57,411 | INFO | flwr | 	                (98, 0.5599087179487181),
simulation-0 | INFO flwr 2026-08-28 03:02:57,411 | server.py:495 | 	                (99, 0.5625684981684981),
2026-08-28 03:02:57,411 | INFO | flwr | 	                (99, 0.5625684981684981),
simulation-0 | INFO flwr 2026-08-28 03:02:57,411 | server.py:495 | 	                (100, 0.5647337728937729)]}
2026-08-28 03:02:57,411 | INFO | flwr | 	                (100, 0.5647337728937729)]}
simulation-0 | INFO flwr 2026-08-28 03:02:57,411 | server.py:495 | 	History (metrics, distributed, evaluate):
2026-08-28 03:02:57,411 | INFO | flwr | 	History (metrics, distributed, evaluate):
simulation-0 | INFO flwr 2026-08-28 03:02:57,411 | server.py:495 | 	{'test_accuracy': [(1, 0.43625242718446605),
2026-08-28 03:02:57,411 | INFO | flwr | 	{'test_accuracy': [(1, 0.43625242718446605),
simulation-0 | INFO flwr 2026-08-28 03:02:57,411 | server.py:495 | 	                   (2, 0.5616504854368932),
2026-08-28 03:02:57,411 | INFO | flwr | 	                   (2, 0.5616504854368932),
simulation-0 | INFO flwr 2026-08-28 03:02:57,411 | server.py:495 | 	                   (3, 0.6180388349514563),
2026-08-28 03:02:57,411 | INFO | flwr | 	                   (3, 0.6180388349514563),
simulation-0 | INFO flwr 2026-08-28 03:02:57,411 | server.py:495 | 	                   (4, 0.6094239482200648),
2026-08-28 03:02:57,411 | INFO | flwr | 	                   (4, 0.6094239482200648),
simulation-0 | INFO flwr 2026-08-28 03:02:57,412 | server.py:495 | 	                   (5, 0.6444271844660193),
2026-08-28 03:02:57,412 | INFO | flwr | 	                   (5, 0.6444271844660193),
simulation-0 | INFO flwr 2026-08-28 03:02:57,412 | server.py:495 | 	                   (6, 0.6615210355987055),
2026-08-28 03:02:57,412 | INFO | flwr | 	                   (6, 0.6615210355987055),
simulation-0 | INFO flwr 2026-08-28 03:02:57,412 | server.py:495 | 	                   (7, 0.6330032362459548),
2026-08-28 03:02:57,412 | INFO | flwr | 	                   (7, 0.6330032362459548),
simulation-0 | INFO flwr 2026-08-28 03:02:57,412 | server.py:495 | 	                   (8, 0.6238511326860843),
2026-08-28 03:02:57,412 | INFO | flwr | 	                   (8, 0.6238511326860843),
simulation-0 | INFO flwr 2026-08-28 03:02:57,412 | server.py:495 | 	                   (9, 0.6522847896440129),
2026-08-28 03:02:57,412 | INFO | flwr | 	                   (9, 0.6522847896440129),
simulation-0 | INFO flwr 2026-08-28 03:02:57,412 | server.py:495 | 	                   (10, 0.6401100323624594),
2026-08-28 03:02:57,412 | INFO | flwr | 	                   (10, 0.6401100323624594),
simulation-0 | INFO flwr 2026-08-28 03:02:57,412 | server.py:495 | 	                   (11, 0.6609061488673138),
2026-08-28 03:02:57,412 | INFO | flwr | 	                   (11, 0.6609061488673138),
simulation-0 | INFO flwr 2026-08-28 03:02:57,412 | server.py:495 | 	                   (12, 0.6571585760517799),
2026-08-28 03:02:57,412 | INFO | flwr | 	                   (12, 0.6571585760517799),
simulation-0 | INFO flwr 2026-08-28 03:02:57,412 | server.py:495 | 	                   (13, 0.6537087378640778),
2026-08-28 03:02:57,412 | INFO | flwr | 	                   (13, 0.6537087378640778),
simulation-0 | INFO flwr 2026-08-28 03:02:57,412 | server.py:495 | 	                   (14, 0.6699870550161812),
2026-08-28 03:02:57,412 | INFO | flwr | 	                   (14, 0.6699870550161812),
simulation-0 | INFO flwr 2026-08-28 03:02:57,412 | server.py:495 | 	                   (15, 0.6748155339805825),
2026-08-28 03:02:57,412 | INFO | flwr | 	                   (15, 0.6748155339805825),
simulation-0 | INFO flwr 2026-08-28 03:02:57,412 | server.py:495 | 	                   (16, 0.6672880258899677),
2026-08-28 03:02:57,412 | INFO | flwr | 	                   (16, 0.6672880258899677),
simulation-0 | INFO flwr 2026-08-28 03:02:57,412 | server.py:495 | 	                   (17, 0.6663948220064726),
2026-08-28 03:02:57,412 | INFO | flwr | 	                   (17, 0.6663948220064726),
simulation-0 | INFO flwr 2026-08-28 03:02:57,412 | server.py:495 | 	                   (18, 0.6720129449838187),
2026-08-28 03:02:57,412 | INFO | flwr | 	                   (18, 0.6720129449838187),
simulation-0 | INFO flwr 2026-08-28 03:02:57,412 | server.py:495 | 	                   (19, 0.6542394822006473),
2026-08-28 03:02:57,412 | INFO | flwr | 	                   (19, 0.6542394822006473),
simulation-0 | INFO flwr 2026-08-28 03:02:57,412 | server.py:495 | 	                   (20, 0.6719676375404531),
2026-08-28 03:02:57,412 | INFO | flwr | 	                   (20, 0.6719676375404531),
simulation-0 | INFO flwr 2026-08-28 03:02:57,412 | server.py:495 | 	                   (21, 0.6596310679611651),
2026-08-28 03:02:57,412 | INFO | flwr | 	                   (21, 0.6596310679611651),
simulation-0 | INFO flwr 2026-08-28 03:02:57,412 | server.py:495 | 	                   (22, 0.6754110032362458),
2026-08-28 03:02:57,412 | INFO | flwr | 	                   (22, 0.6754110032362458),
simulation-0 | INFO flwr 2026-08-28 03:02:57,412 | server.py:495 | 	                   (23, 0.6748220064724918),
2026-08-28 03:02:57,412 | INFO | flwr | 	                   (23, 0.6748220064724918),
simulation-0 | INFO flwr 2026-08-28 03:02:57,412 | server.py:495 | 	                   (24, 0.6601100323624597),
2026-08-28 03:02:57,412 | INFO | flwr | 	                   (24, 0.6601100323624597),
simulation-0 | INFO flwr 2026-08-28 03:02:57,413 | server.py:495 | 	                   (25, 0.6556569579288026),
2026-08-28 03:02:57,413 | INFO | flwr | 	                   (25, 0.6556569579288026),
simulation-0 | INFO flwr 2026-08-28 03:02:57,413 | server.py:495 | 	                   (26, 0.6515987055016181),
2026-08-28 03:02:57,413 | INFO | flwr | 	                   (26, 0.6515987055016181),
simulation-0 | INFO flwr 2026-08-28 03:02:57,413 | server.py:495 | 	                   (27, 0.6679676375404531),
2026-08-28 03:02:57,413 | INFO | flwr | 	                   (27, 0.6679676375404531),
simulation-0 | INFO flwr 2026-08-28 03:02:57,413 | server.py:495 | 	                   (28, 0.6564142394822007),
2026-08-28 03:02:57,413 | INFO | flwr | 	                   (28, 0.6564142394822007),
simulation-0 | INFO flwr 2026-08-28 03:02:57,413 | server.py:495 | 	                   (29, 0.653883495145631),
2026-08-28 03:02:57,413 | INFO | flwr | 	                   (29, 0.653883495145631),
simulation-0 | INFO flwr 2026-08-28 03:02:57,413 | server.py:495 | 	                   (30, 0.652304207119741),
2026-08-28 03:02:57,413 | INFO | flwr | 	                   (30, 0.652304207119741),
simulation-0 | INFO flwr 2026-08-28 03:02:57,413 | server.py:495 | 	                   (31, 0.6490097087378641),
2026-08-28 03:02:57,413 | INFO | flwr | 	                   (31, 0.6490097087378641),
simulation-0 | INFO flwr 2026-08-28 03:02:57,413 | server.py:495 | 	                   (32, 0.6592491909385113),
2026-08-28 03:02:57,413 | INFO | flwr | 	                   (32, 0.6592491909385113),
simulation-0 | INFO flwr 2026-08-28 03:02:57,413 | server.py:495 | 	                   (33, 0.6512686084142395),
2026-08-28 03:02:57,413 | INFO | flwr | 	                   (33, 0.6512686084142395),
simulation-0 | INFO flwr 2026-08-28 03:02:57,413 | server.py:495 | 	                   (34, 0.6552427184466019),
2026-08-28 03:02:57,413 | INFO | flwr | 	                   (34, 0.6552427184466019),
simulation-0 | INFO flwr 2026-08-28 03:02:57,413 | server.py:495 | 	                   (35, 0.6573203883495147),
2026-08-28 03:02:57,413 | INFO | flwr | 	                   (35, 0.6573203883495147),
simulation-0 | INFO flwr 2026-08-28 03:02:57,413 | server.py:495 | 	                   (36, 0.668537216828479),
2026-08-28 03:02:57,413 | INFO | flwr | 	                   (36, 0.668537216828479),
simulation-0 | INFO flwr 2026-08-28 03:02:57,413 | server.py:495 | 	                   (37, 0.6360453074433656),
2026-08-28 03:02:57,413 | INFO | flwr | 	                   (37, 0.6360453074433656),
simulation-0 | INFO flwr 2026-08-28 03:02:57,413 | server.py:495 | 	                   (38, 0.6642459546925567),
2026-08-28 03:02:57,413 | INFO | flwr | 	                   (38, 0.6642459546925567),
simulation-0 | INFO flwr 2026-08-28 03:02:57,413 | server.py:495 | 	                   (39, 0.6636181229773462),
2026-08-28 03:02:57,413 | INFO | flwr | 	                   (39, 0.6636181229773462),
simulation-0 | INFO flwr 2026-08-28 03:02:57,413 | server.py:495 | 	                   (40, 0.6631262135922329),
2026-08-28 03:02:57,413 | INFO | flwr | 	                   (40, 0.6631262135922329),
simulation-0 | INFO flwr 2026-08-28 03:02:57,413 | server.py:495 | 	                   (41, 0.6616634304207121),
2026-08-28 03:02:57,413 | INFO | flwr | 	                   (41, 0.6616634304207121),
simulation-0 | INFO flwr 2026-08-28 03:02:57,413 | server.py:495 | 	                   (42, 0.6489708737864077),
2026-08-28 03:02:57,413 | INFO | flwr | 	                   (42, 0.6489708737864077),
simulation-0 | INFO flwr 2026-08-28 03:02:57,413 | server.py:495 | 	                   (43, 0.6529967637540453),
2026-08-28 03:02:57,413 | INFO | flwr | 	                   (43, 0.6529967637540453),
simulation-0 | INFO flwr 2026-08-28 03:02:57,413 | server.py:495 | 	                   (44, 0.6742265372168286),
2026-08-28 03:02:57,413 | INFO | flwr | 	                   (44, 0.6742265372168286),
simulation-0 | INFO flwr 2026-08-28 03:02:57,414 | server.py:495 | 	                   (45, 0.66515857605178),
2026-08-28 03:02:57,414 | INFO | flwr | 	                   (45, 0.66515857605178),
simulation-0 | INFO flwr 2026-08-28 03:02:57,414 | server.py:495 | 	                   (46, 0.662588996763754),
2026-08-28 03:02:57,414 | INFO | flwr | 	                   (46, 0.662588996763754),
simulation-0 | INFO flwr 2026-08-28 03:02:57,414 | server.py:495 | 	                   (47, 0.6786148867313916),
2026-08-28 03:02:57,414 | INFO | flwr | 	                   (47, 0.6786148867313916),
simulation-0 | INFO flwr 2026-08-28 03:02:57,414 | server.py:495 | 	                   (48, 0.6496375404530744),
2026-08-28 03:02:57,414 | INFO | flwr | 	                   (48, 0.6496375404530744),
simulation-0 | INFO flwr 2026-08-28 03:02:57,414 | server.py:495 | 	                   (49, 0.6409255663430421),
2026-08-28 03:02:57,414 | INFO | flwr | 	                   (49, 0.6409255663430421),
simulation-0 | INFO flwr 2026-08-28 03:02:57,414 | server.py:495 | 	                   (50, 0.6357864077669902),
2026-08-28 03:02:57,414 | INFO | flwr | 	                   (50, 0.6357864077669902),
simulation-0 | INFO flwr 2026-08-28 03:02:57,414 | server.py:495 | 	                   (51, 0.6375404530744335),
2026-08-28 03:02:57,414 | INFO | flwr | 	                   (51, 0.6375404530744335),
simulation-0 | INFO flwr 2026-08-28 03:02:57,414 | server.py:495 | 	                   (52, 0.6707443365695793),
2026-08-28 03:02:57,414 | INFO | flwr | 	                   (52, 0.6707443365695793),
simulation-0 | INFO flwr 2026-08-28 03:02:57,414 | server.py:495 | 	                   (53, 0.6560453074433656),
2026-08-28 03:02:57,414 | INFO | flwr | 	                   (53, 0.6560453074433656),
simulation-0 | INFO flwr 2026-08-28 03:02:57,414 | server.py:495 | 	                   (54, 0.6543754045307445),
2026-08-28 03:02:57,414 | INFO | flwr | 	                   (54, 0.6543754045307445),
simulation-0 | INFO flwr 2026-08-28 03:02:57,414 | server.py:495 | 	                   (55, 0.6716375404530744),
2026-08-28 03:02:57,414 | INFO | flwr | 	                   (55, 0.6716375404530744),
simulation-0 | INFO flwr 2026-08-28 03:02:57,414 | server.py:495 | 	                   (56, 0.6596699029126215),
2026-08-28 03:02:57,414 | INFO | flwr | 	                   (56, 0.6596699029126215),
simulation-0 | INFO flwr 2026-08-28 03:02:57,414 | server.py:495 | 	                   (57, 0.645294498381877),
2026-08-28 03:02:57,414 | INFO | flwr | 	                   (57, 0.645294498381877),
simulation-0 | INFO flwr 2026-08-28 03:02:57,414 | server.py:495 | 	                   (58, 0.6438770226537217),
2026-08-28 03:02:57,414 | INFO | flwr | 	                   (58, 0.6438770226537217),
simulation-0 | INFO flwr 2026-08-28 03:02:57,414 | server.py:495 | 	                   (59, 0.6624077669902912),
2026-08-28 03:02:57,414 | INFO | flwr | 	                   (59, 0.6624077669902912),
simulation-0 | INFO flwr 2026-08-28 03:02:57,414 | server.py:495 | 	                   (60, 0.6723818770226538),
2026-08-28 03:02:57,414 | INFO | flwr | 	                   (60, 0.6723818770226538),
simulation-0 | INFO flwr 2026-08-28 03:02:57,414 | server.py:495 | 	                   (61, 0.6424660194174758),
2026-08-28 03:02:57,414 | INFO | flwr | 	                   (61, 0.6424660194174758),
simulation-0 | INFO flwr 2026-08-28 03:02:57,414 | server.py:495 | 	                   (62, 0.6609902912621358),
2026-08-28 03:02:57,414 | INFO | flwr | 	                   (62, 0.6609902912621358),
simulation-0 | INFO flwr 2026-08-28 03:02:57,414 | server.py:495 | 	                   (63, 0.6563689320388351),
2026-08-28 03:02:57,414 | INFO | flwr | 	                   (63, 0.6563689320388351),
simulation-0 | INFO flwr 2026-08-28 03:02:57,415 | server.py:495 | 	                   (64, 0.6695210355987056),
2026-08-28 03:02:57,415 | INFO | flwr | 	                   (64, 0.6695210355987056),
simulation-0 | INFO flwr 2026-08-28 03:02:57,415 | server.py:495 | 	                   (65, 0.6770291262135922),
2026-08-28 03:02:57,415 | INFO | flwr | 	                   (65, 0.6770291262135922),
simulation-0 | INFO flwr 2026-08-28 03:02:57,415 | server.py:495 | 	                   (66, 0.6748996763754046),
2026-08-28 03:02:57,415 | INFO | flwr | 	                   (66, 0.6748996763754046),
simulation-0 | INFO flwr 2026-08-28 03:02:57,415 | server.py:495 | 	                   (67, 0.6439741100323625),
2026-08-28 03:02:57,415 | INFO | flwr | 	                   (67, 0.6439741100323625),
simulation-0 | INFO flwr 2026-08-28 03:02:57,415 | server.py:495 | 	                   (68, 0.6647119741100324),
2026-08-28 03:02:57,415 | INFO | flwr | 	                   (68, 0.6647119741100324),
simulation-0 | INFO flwr 2026-08-28 03:02:57,415 | server.py:495 | 	                   (69, 0.6587508090614886),
2026-08-28 03:02:57,415 | INFO | flwr | 	                   (69, 0.6587508090614886),
simulation-0 | INFO flwr 2026-08-28 03:02:57,415 | server.py:495 | 	                   (70, 0.6739611650485438),
2026-08-28 03:02:57,415 | INFO | flwr | 	                   (70, 0.6739611650485438),
simulation-0 | INFO flwr 2026-08-28 03:02:57,415 | server.py:495 | 	                   (71, 0.6473915857605179),
2026-08-28 03:02:57,415 | INFO | flwr | 	                   (71, 0.6473915857605179),
simulation-0 | INFO flwr 2026-08-28 03:02:57,415 | server.py:495 | 	                   (72, 0.671663430420712),
2026-08-28 03:02:57,415 | INFO | flwr | 	                   (72, 0.671663430420712),
simulation-0 | INFO flwr 2026-08-28 03:02:57,415 | server.py:495 | 	                   (73, 0.6609061488673139),
2026-08-28 03:02:57,415 | INFO | flwr | 	                   (73, 0.6609061488673139),
simulation-0 | INFO flwr 2026-08-28 03:02:57,415 | server.py:495 | 	                   (74, 0.6602783171521036),
2026-08-28 03:02:57,415 | INFO | flwr | 	                   (74, 0.6602783171521036),
simulation-0 | INFO flwr 2026-08-28 03:02:57,415 | server.py:495 | 	                   (75, 0.6615016181229773),
2026-08-28 03:02:57,415 | INFO | flwr | 	                   (75, 0.6615016181229773),
simulation-0 | INFO flwr 2026-08-28 03:02:57,415 | server.py:495 | 	                   (76, 0.6602718446601942),
2026-08-28 03:02:57,415 | INFO | flwr | 	                   (76, 0.6602718446601942),
simulation-0 | INFO flwr 2026-08-28 03:02:57,415 | server.py:495 | 	                   (77, 0.6469320388349514),
2026-08-28 03:02:57,415 | INFO | flwr | 	                   (77, 0.6469320388349514),
simulation-0 | INFO flwr 2026-08-28 03:02:57,415 | server.py:495 | 	                   (78, 0.6618964401294499),
2026-08-28 03:02:57,415 | INFO | flwr | 	                   (78, 0.6618964401294499),
simulation-0 | INFO flwr 2026-08-28 03:02:57,415 | server.py:495 | 	                   (79, 0.6365695792880258),
2026-08-28 03:02:57,415 | INFO | flwr | 	                   (79, 0.6365695792880258),
simulation-0 | INFO flwr 2026-08-28 03:02:57,415 | server.py:495 | 	                   (80, 0.6717216828478966),
2026-08-28 03:02:57,415 | INFO | flwr | 	                   (80, 0.6717216828478966),
simulation-0 | INFO flwr 2026-08-28 03:02:57,415 | server.py:495 | 	                   (81, 0.6738252427184466),
2026-08-28 03:02:57,415 | INFO | flwr | 	                   (81, 0.6738252427184466),
simulation-0 | INFO flwr 2026-08-28 03:02:57,415 | server.py:495 | 	                   (82, 0.6406148867313916),
2026-08-28 03:02:57,415 | INFO | flwr | 	                   (82, 0.6406148867313916),
simulation-0 | INFO flwr 2026-08-28 03:02:57,415 | server.py:495 | 	                   (83, 0.6621747572815535),
2026-08-28 03:02:57,415 | INFO | flwr | 	                   (83, 0.6621747572815535),
simulation-0 | INFO flwr 2026-08-28 03:02:57,415 | server.py:495 | 	                   (84, 0.6618511326860842),
2026-08-28 03:02:57,415 | INFO | flwr | 	                   (84, 0.6618511326860842),
simulation-0 | INFO flwr 2026-08-28 03:02:57,416 | server.py:495 | 	                   (85, 0.6696893203883495),
2026-08-28 03:02:57,416 | INFO | flwr | 	                   (85, 0.6696893203883495),
simulation-0 | INFO flwr 2026-08-28 03:02:57,416 | server.py:495 | 	                   (86, 0.6604595469255663),
2026-08-28 03:02:57,416 | INFO | flwr | 	                   (86, 0.6604595469255663),
simulation-0 | INFO flwr 2026-08-28 03:02:57,416 | server.py:495 | 	                   (87, 0.6360906148867314),
2026-08-28 03:02:57,416 | INFO | flwr | 	                   (87, 0.6360906148867314),
simulation-0 | INFO flwr 2026-08-28 03:02:57,416 | server.py:495 | 	                   (88, 0.6646925566343043),
2026-08-28 03:02:57,416 | INFO | flwr | 	                   (88, 0.6646925566343043),
simulation-0 | INFO flwr 2026-08-28 03:02:57,416 | server.py:495 | 	                   (89, 0.659799352750809),
2026-08-28 03:02:57,416 | INFO | flwr | 	                   (89, 0.659799352750809),
simulation-0 | INFO flwr 2026-08-28 03:02:57,416 | server.py:495 | 	                   (90, 0.6618576051779934),
2026-08-28 03:02:57,416 | INFO | flwr | 	                   (90, 0.6618576051779934),
simulation-0 | INFO flwr 2026-08-28 03:02:57,416 | server.py:495 | 	                   (91, 0.6644530744336569),
2026-08-28 03:02:57,416 | INFO | flwr | 	                   (91, 0.6644530744336569),
simulation-0 | INFO flwr 2026-08-28 03:02:57,416 | server.py:495 | 	                   (92, 0.6606213592233009),
2026-08-28 03:02:57,416 | INFO | flwr | 	                   (92, 0.6606213592233009),
simulation-0 | INFO flwr 2026-08-28 03:02:57,416 | server.py:495 | 	                   (93, 0.6517928802588998),
2026-08-28 03:02:57,416 | INFO | flwr | 	                   (93, 0.6517928802588998),
simulation-0 | INFO flwr 2026-08-28 03:02:57,416 | server.py:495 | 	                   (94, 0.6596699029126213),
2026-08-28 03:02:57,416 | INFO | flwr | 	                   (94, 0.6596699029126213),
simulation-0 | INFO flwr 2026-08-28 03:02:57,416 | server.py:495 | 	                   (95, 0.64673786407767),
2026-08-28 03:02:57,416 | INFO | flwr | 	                   (95, 0.64673786407767),
simulation-0 | INFO flwr 2026-08-28 03:02:57,416 | server.py:495 | 	                   (96, 0.6654563106796116),
2026-08-28 03:02:57,416 | INFO | flwr | 	                   (96, 0.6654563106796116),
simulation-0 | INFO flwr 2026-08-28 03:02:57,416 | server.py:495 | 	                   (97, 0.67210355987055),
2026-08-28 03:02:57,416 | INFO | flwr | 	                   (97, 0.67210355987055),
simulation-0 | INFO flwr 2026-08-28 03:02:57,416 | server.py:495 | 	                   (98, 0.6535533980582524),
2026-08-28 03:02:57,416 | INFO | flwr | 	                   (98, 0.6535533980582524),
simulation-0 | INFO flwr 2026-08-28 03:02:57,416 | server.py:495 | 	                   (99, 0.6604466019417475),
2026-08-28 03:02:57,416 | INFO | flwr | 	                   (99, 0.6604466019417475),
simulation-0 | INFO flwr 2026-08-28 03:02:57,416 | server.py:495 | 	                   (100, 0.674673139158576)],
2026-08-28 03:02:57,416 | INFO | flwr | 	                   (100, 0.674673139158576)],
simulation-0 | INFO flwr 2026-08-28 03:02:57,416 | server.py:495 | 	 'test_f1': [(1, 0.36463648947869814),
2026-08-28 03:02:57,416 | INFO | flwr | 	 'test_f1': [(1, 0.36463648947869814),
simulation-0 | INFO flwr 2026-08-28 03:02:57,416 | server.py:495 | 	             (2, 0.5231807587646422),
2026-08-28 03:02:57,416 | INFO | flwr | 	             (2, 0.5231807587646422),
simulation-0 | INFO flwr 2026-08-28 03:02:57,416 | server.py:495 | 	             (3, 0.5805701652776536),
2026-08-28 03:02:57,416 | INFO | flwr | 	             (3, 0.5805701652776536),
simulation-0 | INFO flwr 2026-08-28 03:02:57,416 | server.py:495 | 	             (4, 0.5768951361646636),
2026-08-28 03:02:57,416 | INFO | flwr | 	             (4, 0.5768951361646636),
simulation-0 | INFO flwr 2026-08-28 03:02:57,417 | server.py:495 | 	             (5, 0.6105539923090543),
2026-08-28 03:02:57,417 | INFO | flwr | 	             (5, 0.6105539923090543),
simulation-0 | INFO flwr 2026-08-28 03:02:57,417 | server.py:495 | 	             (6, 0.6247832482328766),
2026-08-28 03:02:57,417 | INFO | flwr | 	             (6, 0.6247832482328766),
simulation-0 | INFO flwr 2026-08-28 03:02:57,417 | server.py:495 | 	             (7, 0.6034675273335545),
2026-08-28 03:02:57,417 | INFO | flwr | 	             (7, 0.6034675273335545),
simulation-0 | INFO flwr 2026-08-28 03:02:57,417 | server.py:495 | 	             (8, 0.5918447237415746),
2026-08-28 03:02:57,417 | INFO | flwr | 	             (8, 0.5918447237415746),
simulation-0 | INFO flwr 2026-08-28 03:02:57,417 | server.py:495 | 	             (9, 0.618145048952753),
2026-08-28 03:02:57,417 | INFO | flwr | 	             (9, 0.618145048952753),
simulation-0 | INFO flwr 2026-08-28 03:02:57,417 | server.py:495 | 	             (10, 0.6088294721765276),
2026-08-28 03:02:57,417 | INFO | flwr | 	             (10, 0.6088294721765276),
simulation-0 | INFO flwr 2026-08-28 03:02:57,417 | server.py:495 | 	             (11, 0.6271671805253247),
2026-08-28 03:02:57,417 | INFO | flwr | 	             (11, 0.6271671805253247),
simulation-0 | INFO flwr 2026-08-28 03:02:57,417 | server.py:495 | 	             (12, 0.6246687789513798),
2026-08-28 03:02:57,417 | INFO | flwr | 	             (12, 0.6246687789513798),
simulation-0 | INFO flwr 2026-08-28 03:02:57,417 | server.py:495 | 	             (13, 0.6242528437020278),
2026-08-28 03:02:57,417 | INFO | flwr | 	             (13, 0.6242528437020278),
simulation-0 | INFO flwr 2026-08-28 03:02:57,417 | server.py:495 | 	             (14, 0.6370011890965573),
2026-08-28 03:02:57,417 | INFO | flwr | 	             (14, 0.6370011890965573),
simulation-0 | INFO flwr 2026-08-28 03:02:57,417 | server.py:495 | 	             (15, 0.6430085119470247),
2026-08-28 03:02:57,417 | INFO | flwr | 	             (15, 0.6430085119470247),
simulation-0 | INFO flwr 2026-08-28 03:02:57,417 | server.py:495 | 	             (16, 0.637139841650445),
2026-08-28 03:02:57,417 | INFO | flwr | 	             (16, 0.637139841650445),
simulation-0 | INFO flwr 2026-08-28 03:02:57,417 | server.py:495 | 	             (17, 0.6349502767085282),
2026-08-28 03:02:57,417 | INFO | flwr | 	             (17, 0.6349502767085282),
simulation-0 | INFO flwr 2026-08-28 03:02:57,417 | server.py:495 | 	             (18, 0.6435316110927948),
2026-08-28 03:02:57,417 | INFO | flwr | 	             (18, 0.6435316110927948),
simulation-0 | INFO flwr 2026-08-28 03:02:57,417 | server.py:495 | 	             (19, 0.6290686591917319),
2026-08-28 03:02:57,417 | INFO | flwr | 	             (19, 0.6290686591917319),
simulation-0 | INFO flwr 2026-08-28 03:02:57,417 | server.py:495 | 	             (20, 0.6406645520304302),
2026-08-28 03:02:57,417 | INFO | flwr | 	             (20, 0.6406645520304302),
simulation-0 | INFO flwr 2026-08-28 03:02:57,417 | server.py:495 | 	             (21, 0.6292422273654676),
2026-08-28 03:02:57,417 | INFO | flwr | 	             (21, 0.6292422273654676),
simulation-0 | INFO flwr 2026-08-28 03:02:57,417 | server.py:495 | 	             (22, 0.644458725054072),
2026-08-28 03:02:57,417 | INFO | flwr | 	             (22, 0.644458725054072),
simulation-0 | INFO flwr 2026-08-28 03:02:57,417 | server.py:495 | 	             (23, 0.6450298158087667),
2026-08-28 03:02:57,417 | INFO | flwr | 	             (23, 0.6450298158087667),
simulation-0 | INFO flwr 2026-08-28 03:02:57,418 | server.py:495 | 	             (24, 0.6315676646259404),
2026-08-28 03:02:57,418 | INFO | flwr | 	             (24, 0.6315676646259404),
simulation-0 | INFO flwr 2026-08-28 03:02:57,418 | server.py:495 | 	             (25, 0.6257027833493959),
2026-08-28 03:02:57,418 | INFO | flwr | 	             (25, 0.6257027833493959),
simulation-0 | INFO flwr 2026-08-28 03:02:57,418 | server.py:495 | 	             (26, 0.6216582453053091),
2026-08-28 03:02:57,418 | INFO | flwr | 	             (26, 0.6216582453053091),
simulation-0 | INFO flwr 2026-08-28 03:02:57,418 | server.py:495 | 	             (27, 0.6418923864224705),
2026-08-28 03:02:57,418 | INFO | flwr | 	             (27, 0.6418923864224705),
simulation-0 | INFO flwr 2026-08-28 03:02:57,418 | server.py:495 | 	             (28, 0.6281429279244835),
2026-08-28 03:02:57,418 | INFO | flwr | 	             (28, 0.6281429279244835),
simulation-0 | INFO flwr 2026-08-28 03:02:57,418 | server.py:495 | 	             (29, 0.6242487665063329),
2026-08-28 03:02:57,418 | INFO | flwr | 	             (29, 0.6242487665063329),
simulation-0 | INFO flwr 2026-08-28 03:02:57,418 | server.py:495 | 	             (30, 0.6246810827586164),
2026-08-28 03:02:57,418 | INFO | flwr | 	             (30, 0.6246810827586164),
simulation-0 | INFO flwr 2026-08-28 03:02:57,418 | server.py:495 | 	             (31, 0.6189423246807411),
2026-08-28 03:02:57,418 | INFO | flwr | 	             (31, 0.6189423246807411),
simulation-0 | INFO flwr 2026-08-28 03:02:57,418 | server.py:495 | 	             (32, 0.6304451732952224),
2026-08-28 03:02:57,418 | INFO | flwr | 	             (32, 0.6304451732952224),
simulation-0 | INFO flwr 2026-08-28 03:02:57,418 | server.py:495 | 	             (33, 0.6215592967818352),
2026-08-28 03:02:57,418 | INFO | flwr | 	             (33, 0.6215592967818352),
simulation-0 | INFO flwr 2026-08-28 03:02:57,418 | server.py:495 | 	             (34, 0.6256300109141366),
2026-08-28 03:02:57,418 | INFO | flwr | 	             (34, 0.6256300109141366),
simulation-0 | INFO flwr 2026-08-28 03:02:57,418 | server.py:495 | 	             (35, 0.6304444592319971),
2026-08-28 03:02:57,418 | INFO | flwr | 	             (35, 0.6304444592319971),
simulation-0 | INFO flwr 2026-08-28 03:02:57,418 | server.py:495 | 	             (36, 0.6419330388237382),
2026-08-28 03:02:57,418 | INFO | flwr | 	             (36, 0.6419330388237382),
simulation-0 | INFO flwr 2026-08-28 03:02:57,418 | server.py:495 | 	             (37, 0.6131151082466736),
2026-08-28 03:02:57,418 | INFO | flwr | 	             (37, 0.6131151082466736),
simulation-0 | INFO flwr 2026-08-28 03:02:57,418 | server.py:495 | 	             (38, 0.636491884300404),
2026-08-28 03:02:57,418 | INFO | flwr | 	             (38, 0.636491884300404),
simulation-0 | INFO flwr 2026-08-28 03:02:57,418 | server.py:495 | 	             (39, 0.6375298538554931),
2026-08-28 03:02:57,418 | INFO | flwr | 	             (39, 0.6375298538554931),
simulation-0 | INFO flwr 2026-08-28 03:02:57,418 | server.py:495 | 	             (40, 0.6353585263586665),
2026-08-28 03:02:57,418 | INFO | flwr | 	             (40, 0.6353585263586665),
simulation-0 | INFO flwr 2026-08-28 03:02:57,418 | server.py:495 | 	             (41, 0.6342871865885058),
2026-08-28 03:02:57,418 | INFO | flwr | 	             (41, 0.6342871865885058),
simulation-0 | INFO flwr 2026-08-28 03:02:57,418 | server.py:495 | 	             (42, 0.6200134166165635),
2026-08-28 03:02:57,418 | INFO | flwr | 	             (42, 0.6200134166165635),
simulation-0 | INFO flwr 2026-08-28 03:02:57,418 | server.py:495 | 	             (43, 0.6232894378735984),
2026-08-28 03:02:57,418 | INFO | flwr | 	             (43, 0.6232894378735984),
simulation-0 | INFO flwr 2026-08-28 03:02:57,419 | server.py:495 | 	             (44, 0.6461546745196629),
2026-08-28 03:02:57,419 | INFO | flwr | 	             (44, 0.6461546745196629),
simulation-0 | INFO flwr 2026-08-28 03:02:57,419 | server.py:495 | 	             (45, 0.6356636331451733),
2026-08-28 03:02:57,419 | INFO | flwr | 	             (45, 0.6356636331451733),
simulation-0 | INFO flwr 2026-08-28 03:02:57,419 | server.py:495 | 	             (46, 0.633506592743249),
2026-08-28 03:02:57,419 | INFO | flwr | 	             (46, 0.633506592743249),
simulation-0 | INFO flwr 2026-08-28 03:02:57,419 | server.py:495 | 	             (47, 0.6495565616931014),
2026-08-28 03:02:57,419 | INFO | flwr | 	             (47, 0.6495565616931014),
simulation-0 | INFO flwr 2026-08-28 03:02:57,419 | server.py:495 | 	             (48, 0.6238543823191075),
2026-08-28 03:02:57,419 | INFO | flwr | 	             (48, 0.6238543823191075),
simulation-0 | INFO flwr 2026-08-28 03:02:57,419 | server.py:495 | 	             (49, 0.6134789246973894),
2026-08-28 03:02:57,419 | INFO | flwr | 	             (49, 0.6134789246973894),
simulation-0 | INFO flwr 2026-08-28 03:02:57,419 | server.py:495 | 	             (50, 0.6100737834212346),
2026-08-28 03:02:57,419 | INFO | flwr | 	             (50, 0.6100737834212346),
simulation-0 | INFO flwr 2026-08-28 03:02:57,419 | server.py:495 | 	             (51, 0.6156495387065437),
2026-08-28 03:02:57,419 | INFO | flwr | 	             (51, 0.6156495387065437),
simulation-0 | INFO flwr 2026-08-28 03:02:57,419 | server.py:495 | 	             (52, 0.6431274478515014),
2026-08-28 03:02:57,419 | INFO | flwr | 	             (52, 0.6431274478515014),
simulation-0 | INFO flwr 2026-08-28 03:02:57,419 | server.py:495 | 	             (53, 0.6298102767986485),
2026-08-28 03:02:57,419 | INFO | flwr | 	             (53, 0.6298102767986485),
simulation-0 | INFO flwr 2026-08-28 03:02:57,419 | server.py:495 | 	             (54, 0.6282442975101689),
2026-08-28 03:02:57,419 | INFO | flwr | 	             (54, 0.6282442975101689),
simulation-0 | INFO flwr 2026-08-28 03:02:57,419 | server.py:495 | 	             (55, 0.6436318952392266),
2026-08-28 03:02:57,419 | INFO | flwr | 	             (55, 0.6436318952392266),
simulation-0 | INFO flwr 2026-08-28 03:02:57,419 | server.py:495 | 	             (56, 0.6303187787466267),
2026-08-28 03:02:57,419 | INFO | flwr | 	             (56, 0.6303187787466267),
simulation-0 | INFO flwr 2026-08-28 03:02:57,419 | server.py:495 | 	             (57, 0.62015131045143),
2026-08-28 03:02:57,419 | INFO | flwr | 	             (57, 0.62015131045143),
simulation-0 | INFO flwr 2026-08-28 03:02:57,419 | server.py:495 | 	             (58, 0.6163171168400777),
2026-08-28 03:02:57,419 | INFO | flwr | 	             (58, 0.6163171168400777),
simulation-0 | INFO flwr 2026-08-28 03:02:57,419 | server.py:495 | 	             (59, 0.6302160263355885),
2026-08-28 03:02:57,419 | INFO | flwr | 	             (59, 0.6302160263355885),
simulation-0 | INFO flwr 2026-08-28 03:02:57,419 | server.py:495 | 	             (60, 0.6428029461074908),
2026-08-28 03:02:57,419 | INFO | flwr | 	             (60, 0.6428029461074908),
simulation-0 | INFO flwr 2026-08-28 03:02:57,419 | server.py:495 | 	             (61, 0.6173655590455821),
2026-08-28 03:02:57,419 | INFO | flwr | 	             (61, 0.6173655590455821),
simulation-0 | INFO flwr 2026-08-28 03:02:57,419 | server.py:495 | 	             (62, 0.6335561509320156),
2026-08-28 03:02:57,419 | INFO | flwr | 	             (62, 0.6335561509320156),
simulation-0 | INFO flwr 2026-08-28 03:02:57,419 | server.py:495 | 	             (63, 0.6305023812509455),
2026-08-28 03:02:57,419 | INFO | flwr | 	             (63, 0.6305023812509455),
simulation-0 | INFO flwr 2026-08-28 03:02:57,420 | server.py:495 | 	             (64, 0.6391030263802018),
2026-08-28 03:02:57,420 | INFO | flwr | 	             (64, 0.6391030263802018),
simulation-0 | INFO flwr 2026-08-28 03:02:57,420 | server.py:495 | 	             (65, 0.6478553279645517),
2026-08-28 03:02:57,420 | INFO | flwr | 	             (65, 0.6478553279645517),
simulation-0 | INFO flwr 2026-08-28 03:02:57,420 | server.py:495 | 	             (66, 0.6460090635593799),
2026-08-28 03:02:57,420 | INFO | flwr | 	             (66, 0.6460090635593799),
simulation-0 | INFO flwr 2026-08-28 03:02:57,420 | server.py:495 | 	             (67, 0.6179808856001039),
2026-08-28 03:02:57,420 | INFO | flwr | 	             (67, 0.6179808856001039),
simulation-0 | INFO flwr 2026-08-28 03:02:57,420 | server.py:495 | 	             (68, 0.6363295796823842),
2026-08-28 03:02:57,420 | INFO | flwr | 	             (68, 0.6363295796823842),
simulation-0 | INFO flwr 2026-08-28 03:02:57,420 | server.py:495 | 	             (69, 0.6297988168026337),
2026-08-28 03:02:57,420 | INFO | flwr | 	             (69, 0.6297988168026337),
simulation-0 | INFO flwr 2026-08-28 03:02:57,420 | server.py:495 | 	             (70, 0.6439225666302334),
2026-08-28 03:02:57,420 | INFO | flwr | 	             (70, 0.6439225666302334),
simulation-0 | INFO flwr 2026-08-28 03:02:57,420 | server.py:495 | 	             (71, 0.6185830113936218),
2026-08-28 03:02:57,420 | INFO | flwr | 	             (71, 0.6185830113936218),
simulation-0 | INFO flwr 2026-08-28 03:02:57,420 | server.py:495 | 	             (72, 0.6424640119527125),
2026-08-28 03:02:57,420 | INFO | flwr | 	             (72, 0.6424640119527125),
simulation-0 | INFO flwr 2026-08-28 03:02:57,420 | server.py:495 | 	             (73, 0.6343708919997832),
2026-08-28 03:02:57,420 | INFO | flwr | 	             (73, 0.6343708919997832),
simulation-0 | INFO flwr 2026-08-28 03:02:57,420 | server.py:495 | 	             (74, 0.6332248031267006),
2026-08-28 03:02:57,420 | INFO | flwr | 	             (74, 0.6332248031267006),
simulation-0 | INFO flwr 2026-08-28 03:02:57,420 | server.py:495 | 	             (75, 0.6333129858079728),
2026-08-28 03:02:57,420 | INFO | flwr | 	             (75, 0.6333129858079728),
simulation-0 | INFO flwr 2026-08-28 03:02:57,420 | server.py:495 | 	             (76, 0.635362642312872),
2026-08-28 03:02:57,420 | INFO | flwr | 	             (76, 0.635362642312872),
simulation-0 | INFO flwr 2026-08-28 03:02:57,420 | server.py:495 | 	             (77, 0.6216574837584461),
2026-08-28 03:02:57,420 | INFO | flwr | 	             (77, 0.6216574837584461),
simulation-0 | INFO flwr 2026-08-28 03:02:57,420 | server.py:495 | 	             (78, 0.6336355338384017),
2026-08-28 03:02:57,420 | INFO | flwr | 	             (78, 0.6336355338384017),
simulation-0 | INFO flwr 2026-08-28 03:02:57,420 | server.py:495 | 	             (79, 0.6100030572927368),
2026-08-28 03:02:57,420 | INFO | flwr | 	             (79, 0.6100030572927368),
simulation-0 | INFO flwr 2026-08-28 03:02:57,420 | server.py:495 | 	             (80, 0.639960091470633),
2026-08-28 03:02:57,420 | INFO | flwr | 	             (80, 0.639960091470633),
simulation-0 | INFO flwr 2026-08-28 03:02:57,420 | server.py:495 | 	             (81, 0.6458214484450407),
2026-08-28 03:02:57,420 | INFO | flwr | 	             (81, 0.6458214484450407),
simulation-0 | INFO flwr 2026-08-28 03:02:57,420 | server.py:495 | 	             (82, 0.6133331208458868),
2026-08-28 03:02:57,420 | INFO | flwr | 	             (82, 0.6133331208458868),
simulation-0 | INFO flwr 2026-08-28 03:02:57,421 | server.py:495 | 	             (83, 0.6340183613382006),
2026-08-28 03:02:57,421 | INFO | flwr | 	             (83, 0.6340183613382006),
simulation-0 | INFO flwr 2026-08-28 03:02:57,421 | server.py:495 | 	             (84, 0.6331064014297872),
2026-08-28 03:02:57,421 | INFO | flwr | 	             (84, 0.6331064014297872),
simulation-0 | INFO flwr 2026-08-28 03:02:57,421 | server.py:495 | 	             (85, 0.6423438159412921),
2026-08-28 03:02:57,421 | INFO | flwr | 	             (85, 0.6423438159412921),
simulation-0 | INFO flwr 2026-08-28 03:02:57,421 | server.py:495 | 	             (86, 0.6303713436176214),
2026-08-28 03:02:57,421 | INFO | flwr | 	             (86, 0.6303713436176214),
simulation-0 | INFO flwr 2026-08-28 03:02:57,421 | server.py:495 | 	             (87, 0.6066329784413608),
2026-08-28 03:02:57,421 | INFO | flwr | 	             (87, 0.6066329784413608),
simulation-0 | INFO flwr 2026-08-28 03:02:57,421 | server.py:495 | 	             (88, 0.6354631741322619),
2026-08-28 03:02:57,421 | INFO | flwr | 	             (88, 0.6354631741322619),
simulation-0 | INFO flwr 2026-08-28 03:02:57,421 | server.py:495 | 	             (89, 0.6314496964594313),
2026-08-28 03:02:57,421 | INFO | flwr | 	             (89, 0.6314496964594313),
simulation-0 | INFO flwr 2026-08-28 03:02:57,421 | server.py:495 | 	             (90, 0.6353402249934577),
2026-08-28 03:02:57,421 | INFO | flwr | 	             (90, 0.6353402249934577),
simulation-0 | INFO flwr 2026-08-28 03:02:57,421 | server.py:495 | 	             (91, 0.6336591661621414),
2026-08-28 03:02:57,421 | INFO | flwr | 	             (91, 0.6336591661621414),
simulation-0 | INFO flwr 2026-08-28 03:02:57,421 | server.py:495 | 	             (92, 0.6311833290189598),
2026-08-28 03:02:57,421 | INFO | flwr | 	             (92, 0.6311833290189598),
simulation-0 | INFO flwr 2026-08-28 03:02:57,421 | server.py:495 | 	             (93, 0.6233268327395016),
2026-08-28 03:02:57,421 | INFO | flwr | 	             (93, 0.6233268327395016),
simulation-0 | INFO flwr 2026-08-28 03:02:57,421 | server.py:495 | 	             (94, 0.6313124377752019),
2026-08-28 03:02:57,421 | INFO | flwr | 	             (94, 0.6313124377752019),
simulation-0 | INFO flwr 2026-08-28 03:02:57,421 | server.py:495 | 	             (95, 0.6216901282988766),
2026-08-28 03:02:57,421 | INFO | flwr | 	             (95, 0.6216901282988766),
simulation-0 | INFO flwr 2026-08-28 03:02:57,421 | server.py:495 | 	             (96, 0.6354654068900875),
2026-08-28 03:02:57,421 | INFO | flwr | 	             (96, 0.6354654068900875),
simulation-0 | INFO flwr 2026-08-28 03:02:57,421 | server.py:495 | 	             (97, 0.6389965808982758),
2026-08-28 03:02:57,421 | INFO | flwr | 	             (97, 0.6389965808982758),
simulation-0 | INFO flwr 2026-08-28 03:02:57,421 | server.py:495 | 	             (98, 0.6242680121241507),
2026-08-28 03:02:57,421 | INFO | flwr | 	             (98, 0.6242680121241507),
simulation-0 | INFO flwr 2026-08-28 03:02:57,421 | server.py:495 | 	             (99, 0.6306777907887794),
2026-08-28 03:02:57,421 | INFO | flwr | 	             (99, 0.6306777907887794),
simulation-0 | INFO flwr 2026-08-28 03:02:57,421 | server.py:495 | 	             (100, 0.6447016364292073)],
2026-08-28 03:02:57,421 | INFO | flwr | 	             (100, 0.6447016364292073)],
simulation-0 | INFO flwr 2026-08-28 03:02:57,421 | server.py:495 | 	 'test_image_accuracy': [(1, 0.47572815533980584),
2026-08-28 03:02:57,421 | INFO | flwr | 	 'test_image_accuracy': [(1, 0.47572815533980584),
simulation-0 | INFO flwr 2026-08-28 03:02:57,421 | server.py:495 | 	                         (2, 0.5728155339805825),
2026-08-28 03:02:57,421 | INFO | flwr | 	                         (2, 0.5728155339805825),
simulation-0 | INFO flwr 2026-08-28 03:02:57,422 | server.py:495 | 	                         (3, 0.6796116504854369),
2026-08-28 03:02:57,422 | INFO | flwr | 	                         (3, 0.6796116504854369),
simulation-0 | INFO flwr 2026-08-28 03:02:57,422 | server.py:495 | 	                         (4, 0.6213592233009708),
2026-08-28 03:02:57,422 | INFO | flwr | 	                         (4, 0.6213592233009708),
simulation-0 | INFO flwr 2026-08-28 03:02:57,422 | server.py:495 | 	                         (5, 0.6893203883495146),
2026-08-28 03:02:57,422 | INFO | flwr | 	                         (5, 0.6893203883495146),
simulation-0 | INFO flwr 2026-08-28 03:02:57,422 | server.py:495 | 	                         (6, 0.7184466019417476),
2026-08-28 03:02:57,422 | INFO | flwr | 	                         (6, 0.7184466019417476),
simulation-0 | INFO flwr 2026-08-28 03:02:57,422 | server.py:495 | 	                         (7, 0.6990291262135923),
2026-08-28 03:02:57,422 | INFO | flwr | 	                         (7, 0.6990291262135923),
simulation-0 | INFO flwr 2026-08-28 03:02:57,422 | server.py:495 | 	                         (8, 0.6699029126213593),
2026-08-28 03:02:57,422 | INFO | flwr | 	                         (8, 0.6699029126213593),
simulation-0 | INFO flwr 2026-08-28 03:02:57,422 | server.py:495 | 	                         (9, 0.7378640776699029),
2026-08-28 03:02:57,422 | INFO | flwr | 	                         (9, 0.7378640776699029),
simulation-0 | INFO flwr 2026-08-28 03:02:57,422 | server.py:495 | 	                         (10, 0.6990291262135923),
2026-08-28 03:02:57,422 | INFO | flwr | 	                         (10, 0.6990291262135923),
simulation-0 | INFO flwr 2026-08-28 03:02:57,422 | server.py:495 | 	                         (11, 0.7281553398058253),
2026-08-28 03:02:57,422 | INFO | flwr | 	                         (11, 0.7281553398058253),
simulation-0 | INFO flwr 2026-08-28 03:02:57,422 | server.py:495 | 	                         (12, 0.7475728155339806),
2026-08-28 03:02:57,422 | INFO | flwr | 	                         (12, 0.7475728155339806),
simulation-0 | INFO flwr 2026-08-28 03:02:57,422 | server.py:495 | 	                         (13, 0.7184466019417476),
2026-08-28 03:02:57,422 | INFO | flwr | 	                         (13, 0.7184466019417476),
simulation-0 | INFO flwr 2026-08-28 03:02:57,422 | server.py:495 | 	                         (14, 0.7184466019417476),
2026-08-28 03:02:57,422 | INFO | flwr | 	                         (14, 0.7184466019417476),
simulation-0 | INFO flwr 2026-08-28 03:02:57,422 | server.py:495 | 	                         (15, 0.7281553398058253),
2026-08-28 03:02:57,422 | INFO | flwr | 	                         (15, 0.7281553398058253),
simulation-0 | INFO flwr 2026-08-28 03:02:57,422 | server.py:495 | 	                         (16, 0.7184466019417476),
2026-08-28 03:02:57,422 | INFO | flwr | 	                         (16, 0.7184466019417476),
simulation-0 | INFO flwr 2026-08-28 03:02:57,422 | server.py:495 | 	                         (17, 0.7378640776699029),
2026-08-28 03:02:57,422 | INFO | flwr | 	                         (17, 0.7378640776699029),
simulation-0 | INFO flwr 2026-08-28 03:02:57,422 | server.py:495 | 	                         (18, 0.7184466019417476),
2026-08-28 03:02:57,422 | INFO | flwr | 	                         (18, 0.7184466019417476),
simulation-0 | INFO flwr 2026-08-28 03:02:57,422 | server.py:495 | 	                         (19, 0.7184466019417476),
2026-08-28 03:02:57,422 | INFO | flwr | 	                         (19, 0.7184466019417476),
simulation-0 | INFO flwr 2026-08-28 03:02:57,422 | server.py:495 | 	                         (20, 0.7669902912621359),
2026-08-28 03:02:57,422 | INFO | flwr | 	                         (20, 0.7669902912621359),
simulation-0 | INFO flwr 2026-08-28 03:02:57,422 | server.py:495 | 	                         (21, 0.7378640776699029),
2026-08-28 03:02:57,422 | INFO | flwr | 	                         (21, 0.7378640776699029),
simulation-0 | INFO flwr 2026-08-28 03:02:57,422 | server.py:495 | 	                         (22, 0.7087378640776699),
2026-08-28 03:02:57,422 | INFO | flwr | 	                         (22, 0.7087378640776699),
simulation-0 | INFO flwr 2026-08-28 03:02:57,423 | server.py:495 | 	                         (23, 0.7087378640776699),
2026-08-28 03:02:57,423 | INFO | flwr | 	                         (23, 0.7087378640776699),
simulation-0 | INFO flwr 2026-08-28 03:02:57,423 | server.py:495 | 	                         (24, 0.7184466019417476),
2026-08-28 03:02:57,423 | INFO | flwr | 	                         (24, 0.7184466019417476),
simulation-0 | INFO flwr 2026-08-28 03:02:57,423 | server.py:495 | 	                         (25, 0.7378640776699029),
2026-08-28 03:02:57,423 | INFO | flwr | 	                         (25, 0.7378640776699029),
simulation-0 | INFO flwr 2026-08-28 03:02:57,423 | server.py:495 | 	                         (26, 0.7184466019417476),
2026-08-28 03:02:57,423 | INFO | flwr | 	                         (26, 0.7184466019417476),
simulation-0 | INFO flwr 2026-08-28 03:02:57,423 | server.py:495 | 	                         (27, 0.7184466019417476),
2026-08-28 03:02:57,423 | INFO | flwr | 	                         (27, 0.7184466019417476),
simulation-0 | INFO flwr 2026-08-28 03:02:57,423 | server.py:495 | 	                         (28, 0.7281553398058253),
2026-08-28 03:02:57,423 | INFO | flwr | 	                         (28, 0.7281553398058253),
simulation-0 | INFO flwr 2026-08-28 03:02:57,423 | server.py:495 | 	                         (29, 0.7281553398058253),
2026-08-28 03:02:57,423 | INFO | flwr | 	                         (29, 0.7281553398058253),
simulation-0 | INFO flwr 2026-08-28 03:02:57,423 | server.py:495 | 	                         (30, 0.7378640776699029),
2026-08-28 03:02:57,423 | INFO | flwr | 	                         (30, 0.7378640776699029),
simulation-0 | INFO flwr 2026-08-28 03:02:57,423 | server.py:495 | 	                         (31, 0.6990291262135923),
2026-08-28 03:02:57,423 | INFO | flwr | 	                         (31, 0.6990291262135923),
simulation-0 | INFO flwr 2026-08-28 03:02:57,423 | server.py:495 | 	                         (32, 0.7475728155339806),
2026-08-28 03:02:57,423 | INFO | flwr | 	                         (32, 0.7475728155339806),
simulation-0 | INFO flwr 2026-08-28 03:02:57,423 | server.py:495 | 	                         (33, 0.7281553398058253),
2026-08-28 03:02:57,423 | INFO | flwr | 	                         (33, 0.7281553398058253),
simulation-0 | INFO flwr 2026-08-28 03:02:57,423 | server.py:495 | 	                         (34, 0.7475728155339806),
2026-08-28 03:02:57,423 | INFO | flwr | 	                         (34, 0.7475728155339806),
simulation-0 | INFO flwr 2026-08-28 03:02:57,423 | server.py:495 | 	                         (35, 0.7281553398058253),
2026-08-28 03:02:57,423 | INFO | flwr | 	                         (35, 0.7281553398058253),
simulation-0 | INFO flwr 2026-08-28 03:02:57,423 | server.py:495 | 	                         (36, 0.7378640776699029),
2026-08-28 03:02:57,423 | INFO | flwr | 	                         (36, 0.7378640776699029),
simulation-0 | INFO flwr 2026-08-28 03:02:57,423 | server.py:495 | 	                         (37, 0.7281553398058253),
2026-08-28 03:02:57,423 | INFO | flwr | 	                         (37, 0.7281553398058253),
simulation-0 | INFO flwr 2026-08-28 03:02:57,423 | server.py:495 | 	                         (38, 0.7378640776699029),
2026-08-28 03:02:57,423 | INFO | flwr | 	                         (38, 0.7378640776699029),
simulation-0 | INFO flwr 2026-08-28 03:02:57,423 | server.py:495 | 	                         (39, 0.7475728155339806),
2026-08-28 03:02:57,423 | INFO | flwr | 	                         (39, 0.7475728155339806),
simulation-0 | INFO flwr 2026-08-28 03:02:57,423 | server.py:495 | 	                         (40, 0.7572815533980582),
2026-08-28 03:02:57,423 | INFO | flwr | 	                         (40, 0.7572815533980582),
simulation-0 | INFO flwr 2026-08-28 03:02:57,423 | server.py:495 | 	                         (41, 0.7378640776699029),
2026-08-28 03:02:57,423 | INFO | flwr | 	                         (41, 0.7378640776699029),
simulation-0 | INFO flwr 2026-08-28 03:02:57,423 | server.py:495 | 	                         (42, 0.7378640776699029),
2026-08-28 03:02:57,423 | INFO | flwr | 	                         (42, 0.7378640776699029),
simulation-0 | INFO flwr 2026-08-28 03:02:57,424 | server.py:495 | 	                         (43, 0.7281553398058253),
2026-08-28 03:02:57,424 | INFO | flwr | 	                         (43, 0.7281553398058253),
simulation-0 | INFO flwr 2026-08-28 03:02:57,424 | server.py:495 | 	                         (44, 0.7184466019417476),
2026-08-28 03:02:57,424 | INFO | flwr | 	                         (44, 0.7184466019417476),
simulation-0 | INFO flwr 2026-08-28 03:02:57,424 | server.py:495 | 	                         (45, 0.7281553398058253),
2026-08-28 03:02:57,424 | INFO | flwr | 	                         (45, 0.7281553398058253),
simulation-0 | INFO flwr 2026-08-28 03:02:57,424 | server.py:495 | 	                         (46, 0.7572815533980582),
2026-08-28 03:02:57,424 | INFO | flwr | 	                         (46, 0.7572815533980582),
simulation-0 | INFO flwr 2026-08-28 03:02:57,424 | server.py:495 | 	                         (47, 0.7669902912621359),
2026-08-28 03:02:57,424 | INFO | flwr | 	                         (47, 0.7669902912621359),
simulation-0 | INFO flwr 2026-08-28 03:02:57,424 | server.py:495 | 	                         (48, 0.7281553398058253),
2026-08-28 03:02:57,424 | INFO | flwr | 	                         (48, 0.7281553398058253),
simulation-0 | INFO flwr 2026-08-28 03:02:57,424 | server.py:495 | 	                         (49, 0.7087378640776699),
2026-08-28 03:02:57,424 | INFO | flwr | 	                         (49, 0.7087378640776699),
simulation-0 | INFO flwr 2026-08-28 03:02:57,424 | server.py:495 | 	                         (50, 0.7087378640776699),
2026-08-28 03:02:57,424 | INFO | flwr | 	                         (50, 0.7087378640776699),
simulation-0 | INFO flwr 2026-08-28 03:02:57,424 | server.py:495 | 	                         (51, 0.7475728155339806),
2026-08-28 03:02:57,424 | INFO | flwr | 	                         (51, 0.7475728155339806),
simulation-0 | INFO flwr 2026-08-28 03:02:57,424 | server.py:495 | 	                         (52, 0.6990291262135923),
2026-08-28 03:02:57,424 | INFO | flwr | 	                         (52, 0.6990291262135923),
simulation-0 | INFO flwr 2026-08-28 03:02:57,424 | server.py:495 | 	                         (53, 0.7281553398058253),
2026-08-28 03:02:57,424 | INFO | flwr | 	                         (53, 0.7281553398058253),
simulation-0 | INFO flwr 2026-08-28 03:02:57,424 | server.py:495 | 	                         (54, 0.7087378640776699),
2026-08-28 03:02:57,424 | INFO | flwr | 	                         (54, 0.7087378640776699),
simulation-0 | INFO flwr 2026-08-28 03:02:57,424 | server.py:495 | 	                         (55, 0.7281553398058253),
2026-08-28 03:02:57,424 | INFO | flwr | 	                         (55, 0.7281553398058253),
simulation-0 | INFO flwr 2026-08-28 03:02:57,424 | server.py:495 | 	                         (56, 0.7184466019417476),
2026-08-28 03:02:57,424 | INFO | flwr | 	                         (56, 0.7184466019417476),
simulation-0 | INFO flwr 2026-08-28 03:02:57,424 | server.py:495 | 	                         (57, 0.6990291262135923),
2026-08-28 03:02:57,424 | INFO | flwr | 	                         (57, 0.6990291262135923),
simulation-0 | INFO flwr 2026-08-28 03:02:57,424 | server.py:495 | 	                         (58, 0.7087378640776699),
2026-08-28 03:02:57,424 | INFO | flwr | 	                         (58, 0.7087378640776699),
simulation-0 | INFO flwr 2026-08-28 03:02:57,424 | server.py:495 | 	                         (59, 0.7669902912621359),
2026-08-28 03:02:57,424 | INFO | flwr | 	                         (59, 0.7669902912621359),
simulation-0 | INFO flwr 2026-08-28 03:02:57,424 | server.py:495 | 	                         (60, 0.7572815533980582),
2026-08-28 03:02:57,424 | INFO | flwr | 	                         (60, 0.7572815533980582),
simulation-0 | INFO flwr 2026-08-28 03:02:57,424 | server.py:495 | 	                         (61, 0.7184466019417476),
2026-08-28 03:02:57,424 | INFO | flwr | 	                         (61, 0.7184466019417476),
simulation-0 | INFO flwr 2026-08-28 03:02:57,424 | server.py:495 | 	                         (62, 0.7572815533980582),
2026-08-28 03:02:57,424 | INFO | flwr | 	                         (62, 0.7572815533980582),
simulation-0 | INFO flwr 2026-08-28 03:02:57,425 | server.py:495 | 	                         (63, 0.7184466019417476),
2026-08-28 03:02:57,425 | INFO | flwr | 	                         (63, 0.7184466019417476),
simulation-0 | INFO flwr 2026-08-28 03:02:57,425 | server.py:495 | 	                         (64, 0.7766990291262136),
2026-08-28 03:02:57,425 | INFO | flwr | 	                         (64, 0.7766990291262136),
simulation-0 | INFO flwr 2026-08-28 03:02:57,425 | server.py:495 | 	                         (65, 0.7572815533980582),
2026-08-28 03:02:57,425 | INFO | flwr | 	                         (65, 0.7572815533980582),
simulation-0 | INFO flwr 2026-08-28 03:02:57,425 | server.py:495 | 	                         (66, 0.7766990291262136),
2026-08-28 03:02:57,425 | INFO | flwr | 	                         (66, 0.7766990291262136),
simulation-0 | INFO flwr 2026-08-28 03:02:57,425 | server.py:495 | 	                         (67, 0.7475728155339806),
2026-08-28 03:02:57,425 | INFO | flwr | 	                         (67, 0.7475728155339806),
simulation-0 | INFO flwr 2026-08-28 03:02:57,425 | server.py:495 | 	                         (68, 0.7184466019417476),
2026-08-28 03:02:57,425 | INFO | flwr | 	                         (68, 0.7184466019417476),
simulation-0 | INFO flwr 2026-08-28 03:02:57,425 | server.py:495 | 	                         (69, 0.7475728155339806),
2026-08-28 03:02:57,425 | INFO | flwr | 	                         (69, 0.7475728155339806),
simulation-0 | INFO flwr 2026-08-28 03:02:57,425 | server.py:495 | 	                         (70, 0.7766990291262136),
2026-08-28 03:02:57,425 | INFO | flwr | 	                         (70, 0.7766990291262136),
simulation-0 | INFO flwr 2026-08-28 03:02:57,425 | server.py:495 | 	                         (71, 0.6893203883495146),
2026-08-28 03:02:57,425 | INFO | flwr | 	                         (71, 0.6893203883495146),
simulation-0 | INFO flwr 2026-08-28 03:02:57,425 | server.py:495 | 	                         (72, 0.7669902912621359),
2026-08-28 03:02:57,425 | INFO | flwr | 	                         (72, 0.7669902912621359),
simulation-0 | INFO flwr 2026-08-28 03:02:57,425 | server.py:495 | 	                         (73, 0.7475728155339806),
2026-08-28 03:02:57,425 | INFO | flwr | 	                         (73, 0.7475728155339806),
simulation-0 | INFO flwr 2026-08-28 03:02:57,425 | server.py:495 | 	                         (74, 0.7475728155339806),
2026-08-28 03:02:57,425 | INFO | flwr | 	                         (74, 0.7475728155339806),
simulation-0 | INFO flwr 2026-08-28 03:02:57,425 | server.py:495 | 	                         (75, 0.7475728155339806),
2026-08-28 03:02:57,425 | INFO | flwr | 	                         (75, 0.7475728155339806),
simulation-0 | INFO flwr 2026-08-28 03:02:57,425 | server.py:495 | 	                         (76, 0.7378640776699029),
2026-08-28 03:02:57,425 | INFO | flwr | 	                         (76, 0.7378640776699029),
simulation-0 | INFO flwr 2026-08-28 03:02:57,425 | server.py:495 | 	                         (77, 0.7087378640776699),
2026-08-28 03:02:57,425 | INFO | flwr | 	                         (77, 0.7087378640776699),
simulation-0 | INFO flwr 2026-08-28 03:02:57,425 | server.py:495 | 	                         (78, 0.7378640776699029),
2026-08-28 03:02:57,425 | INFO | flwr | 	                         (78, 0.7378640776699029),
simulation-0 | INFO flwr 2026-08-28 03:02:57,425 | server.py:495 | 	                         (79, 0.7184466019417476),
2026-08-28 03:02:57,425 | INFO | flwr | 	                         (79, 0.7184466019417476),
simulation-0 | INFO flwr 2026-08-28 03:02:57,425 | server.py:495 | 	                         (80, 0.7475728155339806),
2026-08-28 03:02:57,425 | INFO | flwr | 	                         (80, 0.7475728155339806),
simulation-0 | INFO flwr 2026-08-28 03:02:57,425 | server.py:495 | 	                         (81, 0.7572815533980582),
2026-08-28 03:02:57,425 | INFO | flwr | 	                         (81, 0.7572815533980582),
simulation-0 | INFO flwr 2026-08-28 03:02:57,426 | server.py:495 | 	                         (82, 0.7184466019417476),
2026-08-28 03:02:57,426 | INFO | flwr | 	                         (82, 0.7184466019417476),
simulation-0 | INFO flwr 2026-08-28 03:02:57,426 | server.py:495 | 	                         (83, 0.7475728155339806),
2026-08-28 03:02:57,426 | INFO | flwr | 	                         (83, 0.7475728155339806),
simulation-0 | INFO flwr 2026-08-28 03:02:57,426 | server.py:495 | 	                         (84, 0.7378640776699029),
2026-08-28 03:02:57,426 | INFO | flwr | 	                         (84, 0.7378640776699029),
simulation-0 | INFO flwr 2026-08-28 03:02:57,426 | server.py:495 | 	                         (85, 0.7572815533980582),
2026-08-28 03:02:57,426 | INFO | flwr | 	                         (85, 0.7572815533980582),
simulation-0 | INFO flwr 2026-08-28 03:02:57,426 | server.py:495 | 	                         (86, 0.7475728155339806),
2026-08-28 03:02:57,426 | INFO | flwr | 	                         (86, 0.7475728155339806),
simulation-0 | INFO flwr 2026-08-28 03:02:57,426 | server.py:495 | 	                         (87, 0.7087378640776699),
2026-08-28 03:02:57,426 | INFO | flwr | 	                         (87, 0.7087378640776699),
simulation-0 | INFO flwr 2026-08-28 03:02:57,426 | server.py:495 | 	                         (88, 0.7378640776699029),
2026-08-28 03:02:57,426 | INFO | flwr | 	                         (88, 0.7378640776699029),
simulation-0 | INFO flwr 2026-08-28 03:02:57,426 | server.py:495 | 	                         (89, 0.7184466019417476),
2026-08-28 03:02:57,426 | INFO | flwr | 	                         (89, 0.7184466019417476),
simulation-0 | INFO flwr 2026-08-28 03:02:57,426 | server.py:495 | 	                         (90, 0.7087378640776699),
2026-08-28 03:02:57,426 | INFO | flwr | 	                         (90, 0.7087378640776699),
simulation-0 | INFO flwr 2026-08-28 03:02:57,426 | server.py:495 | 	                         (91, 0.7184466019417476),
2026-08-28 03:02:57,426 | INFO | flwr | 	                         (91, 0.7184466019417476),
simulation-0 | INFO flwr 2026-08-28 03:02:57,426 | server.py:495 | 	                         (92, 0.7378640776699029),
2026-08-28 03:02:57,426 | INFO | flwr | 	                         (92, 0.7378640776699029),
simulation-0 | INFO flwr 2026-08-28 03:02:57,426 | server.py:495 | 	                         (93, 0.7281553398058253),
2026-08-28 03:02:57,426 | INFO | flwr | 	                         (93, 0.7281553398058253),
simulation-0 | INFO flwr 2026-08-28 03:02:57,426 | server.py:495 | 	                         (94, 0.7087378640776699),
2026-08-28 03:02:57,426 | INFO | flwr | 	                         (94, 0.7087378640776699),
simulation-0 | INFO flwr 2026-08-28 03:02:57,426 | server.py:495 | 	                         (95, 0.7184466019417476),
2026-08-28 03:02:57,426 | INFO | flwr | 	                         (95, 0.7184466019417476),
simulation-0 | INFO flwr 2026-08-28 03:02:57,426 | server.py:495 | 	                         (96, 0.7475728155339806),
2026-08-28 03:02:57,426 | INFO | flwr | 	                         (96, 0.7475728155339806),
simulation-0 | INFO flwr 2026-08-28 03:02:57,426 | server.py:495 | 	                         (97, 0.7475728155339806),
2026-08-28 03:02:57,426 | INFO | flwr | 	                         (97, 0.7475728155339806),
simulation-0 | INFO flwr 2026-08-28 03:02:57,426 | server.py:495 | 	                         (98, 0.7184466019417476),
2026-08-28 03:02:57,426 | INFO | flwr | 	                         (98, 0.7184466019417476),
simulation-0 | INFO flwr 2026-08-28 03:02:57,426 | server.py:495 | 	                         (99, 0.7087378640776699),
2026-08-28 03:02:57,426 | INFO | flwr | 	                         (99, 0.7087378640776699),
simulation-0 | INFO flwr 2026-08-28 03:02:57,426 | server.py:495 | 	                         (100, 0.7572815533980582)],
2026-08-28 03:02:57,426 | INFO | flwr | 	                         (100, 0.7572815533980582)],
simulation-0 | INFO flwr 2026-08-28 03:02:57,426 | server.py:495 | 	 'test_image_f1': [(1, 0.36674988441978723),
2026-08-28 03:02:57,426 | INFO | flwr | 	 'test_image_f1': [(1, 0.36674988441978723),
simulation-0 | INFO flwr 2026-08-28 03:02:57,427 | server.py:495 | 	                   (2, 0.5239852057327785),
2026-08-28 03:02:57,427 | INFO | flwr | 	                   (2, 0.5239852057327785),
simulation-0 | INFO flwr 2026-08-28 03:02:57,427 | server.py:495 | 	                   (3, 0.6134720295885345),
2026-08-28 03:02:57,427 | INFO | flwr | 	                   (3, 0.6134720295885345),
simulation-0 | INFO flwr 2026-08-28 03:02:57,427 | server.py:495 | 	                   (4, 0.5771243643088303),
2026-08-28 03:02:57,427 | INFO | flwr | 	                   (4, 0.5771243643088303),
simulation-0 | INFO flwr 2026-08-28 03:02:57,427 | server.py:495 | 	                   (5, 0.6389089227924178),
2026-08-28 03:02:57,427 | INFO | flwr | 	                   (5, 0.6389089227924178),
simulation-0 | INFO flwr 2026-08-28 03:02:57,427 | server.py:495 | 	                   (6, 0.6707720758206194),
2026-08-28 03:02:57,427 | INFO | flwr | 	                   (6, 0.6707720758206194),
simulation-0 | INFO flwr 2026-08-28 03:02:57,427 | server.py:495 | 	                   (7, 0.663726306056403),
2026-08-28 03:02:57,427 | INFO | flwr | 	                   (7, 0.663726306056403),
simulation-0 | INFO flwr 2026-08-28 03:02:57,427 | server.py:495 | 	                   (8, 0.6370596393897364),
2026-08-28 03:02:57,427 | INFO | flwr | 	                   (8, 0.6370596393897364),
simulation-0 | INFO flwr 2026-08-28 03:02:57,427 | server.py:495 | 	                   (9, 0.7018215441516411),
2026-08-28 03:02:57,427 | INFO | flwr | 	                   (9, 0.7018215441516411),
simulation-0 | INFO flwr 2026-08-28 03:02:57,427 | server.py:495 | 	                   (10, 0.6607212205270457),
2026-08-28 03:02:57,427 | INFO | flwr | 	                   (10, 0.6607212205270457),
simulation-0 | INFO flwr 2026-08-28 03:02:57,427 | server.py:495 | 	                   (11, 0.686629680998613),
2026-08-28 03:02:57,427 | INFO | flwr | 	                   (11, 0.686629680998613),
simulation-0 | INFO flwr 2026-08-28 03:02:57,427 | server.py:495 | 	                   (12, 0.7060471567267683),
2026-08-28 03:02:57,427 | INFO | flwr | 	                   (12, 0.7060471567267683),
simulation-0 | INFO flwr 2026-08-28 03:02:57,427 | server.py:495 | 	                   (13, 0.6830513176144244),
2026-08-28 03:02:57,427 | INFO | flwr | 	                   (13, 0.6830513176144244),
simulation-0 | INFO flwr 2026-08-28 03:02:57,427 | server.py:495 | 	                   (14, 0.6820619509939898),
2026-08-28 03:02:57,427 | INFO | flwr | 	                   (14, 0.6820619509939898),
simulation-0 | INFO flwr 2026-08-28 03:02:57,427 | server.py:495 | 	                   (15, 0.6944706426259823),
2026-08-28 03:02:57,427 | INFO | flwr | 	                   (15, 0.6944706426259823),
simulation-0 | INFO flwr 2026-08-28 03:02:57,427 | server.py:495 | 	                   (16, 0.6810078594544614),
2026-08-28 03:02:57,427 | INFO | flwr | 	                   (16, 0.6810078594544614),
simulation-0 | INFO flwr 2026-08-28 03:02:57,427 | server.py:495 | 	                   (17, 0.7004253351826167),
2026-08-28 03:02:57,427 | INFO | flwr | 	                   (17, 0.7004253351826167),
simulation-0 | INFO flwr 2026-08-28 03:02:57,427 | server.py:495 | 	                   (18, 0.6868978270920018),
2026-08-28 03:02:57,427 | INFO | flwr | 	                   (18, 0.6868978270920018),
simulation-0 | INFO flwr 2026-08-28 03:02:57,427 | server.py:495 | 	                   (19, 0.6773370319001388),
2026-08-28 03:02:57,427 | INFO | flwr | 	                   (19, 0.6773370319001388),
simulation-0 | INFO flwr 2026-08-28 03:02:57,427 | server.py:495 | 	                   (20, 0.7311234396671289),
2026-08-28 03:02:57,427 | INFO | flwr | 	                   (20, 0.7311234396671289),
simulation-0 | INFO flwr 2026-08-28 03:02:57,428 | server.py:495 | 	                   (21, 0.6975034674063799),
2026-08-28 03:02:57,428 | INFO | flwr | 	                   (21, 0.6975034674063799),
simulation-0 | INFO flwr 2026-08-28 03:02:57,428 | server.py:495 | 	                   (22, 0.6725658807212204),
2026-08-28 03:02:57,428 | INFO | flwr | 	                   (22, 0.6725658807212204),
simulation-0 | INFO flwr 2026-08-28 03:02:57,428 | server.py:495 | 	                   (23, 0.6760240406842348),
2026-08-28 03:02:57,428 | INFO | flwr | 	                   (23, 0.6760240406842348),
simulation-0 | INFO flwr 2026-08-28 03:02:57,428 | server.py:495 | 	                   (24, 0.6822746185852981),
2026-08-28 03:02:57,428 | INFO | flwr | 	                   (24, 0.6822746185852981),
simulation-0 | INFO flwr 2026-08-28 03:02:57,428 | server.py:495 | 	                   (25, 0.6973092926490984),
2026-08-28 03:02:57,428 | INFO | flwr | 	                   (25, 0.6973092926490984),
simulation-0 | INFO flwr 2026-08-28 03:02:57,428 | server.py:495 | 	                   (26, 0.682274618585298),
2026-08-28 03:02:57,428 | INFO | flwr | 	                   (26, 0.682274618585298),
simulation-0 | INFO flwr 2026-08-28 03:02:57,428 | server.py:495 | 	                   (27, 0.682884882108183),
2026-08-28 03:02:57,428 | INFO | flwr | 	                   (27, 0.682884882108183),
simulation-0 | INFO flwr 2026-08-28 03:02:57,428 | server.py:495 | 	                   (28, 0.6908183079056864),
2026-08-28 03:02:57,428 | INFO | flwr | 	                   (28, 0.6908183079056864),
simulation-0 | INFO flwr 2026-08-28 03:02:57,428 | server.py:495 | 	                   (29, 0.6949699491447063),
2026-08-28 03:02:57,428 | INFO | flwr | 	                   (29, 0.6949699491447063),
simulation-0 | INFO flwr 2026-08-28 03:02:57,428 | server.py:495 | 	                   (30, 0.7007119741100324),
2026-08-28 03:02:57,428 | INFO | flwr | 	                   (30, 0.7007119741100324),
simulation-0 | INFO flwr 2026-08-28 03:02:57,428 | server.py:495 | 	                   (31, 0.6600832177531207),
2026-08-28 03:02:57,428 | INFO | flwr | 	                   (31, 0.6600832177531207),
simulation-0 | INFO flwr 2026-08-28 03:02:57,428 | server.py:495 | 	                   (32, 0.7066944059177069),
2026-08-28 03:02:57,428 | INFO | flwr | 	                   (32, 0.7066944059177069),
simulation-0 | INFO flwr 2026-08-28 03:02:57,428 | server.py:495 | 	                   (33, 0.6896162736939436),
2026-08-28 03:02:57,428 | INFO | flwr | 	                   (33, 0.6896162736939436),
simulation-0 | INFO flwr 2026-08-28 03:02:57,428 | server.py:495 | 	                   (34, 0.7079981507165973),
2026-08-28 03:02:57,428 | INFO | flwr | 	                   (34, 0.7079981507165973),
simulation-0 | INFO flwr 2026-08-28 03:02:57,428 | server.py:495 | 	                   (35, 0.6922699953767916),
2026-08-28 03:02:57,428 | INFO | flwr | 	                   (35, 0.6922699953767916),
simulation-0 | INFO flwr 2026-08-28 03:02:57,428 | server.py:495 | 	                   (36, 0.7000554785020804),
2026-08-28 03:02:57,428 | INFO | flwr | 	                   (36, 0.7000554785020804),
simulation-0 | INFO flwr 2026-08-28 03:02:57,428 | server.py:495 | 	                   (37, 0.6946925566343042),
2026-08-28 03:02:57,428 | INFO | flwr | 	                   (37, 0.6946925566343042),
simulation-0 | INFO flwr 2026-08-28 03:02:57,428 | server.py:495 | 	                   (38, 0.6973092926490985),
2026-08-28 03:02:57,428 | INFO | flwr | 	                   (38, 0.6973092926490985),
simulation-0 | INFO flwr 2026-08-28 03:02:57,428 | server.py:495 | 	                   (39, 0.7095423023578363),
2026-08-28 03:02:57,428 | INFO | flwr | 	                   (39, 0.7095423023578363),
simulation-0 | INFO flwr 2026-08-28 03:02:57,428 | server.py:495 | 	                   (40, 0.71584835876098),
2026-08-28 03:02:57,428 | INFO | flwr | 	                   (40, 0.71584835876098),
simulation-0 | INFO flwr 2026-08-28 03:02:57,429 | server.py:495 | 	                   (41, 0.7019325011558021),
2026-08-28 03:02:57,429 | INFO | flwr | 	                   (41, 0.7019325011558021),
simulation-0 | INFO flwr 2026-08-28 03:02:57,429 | server.py:495 | 	                   (42, 0.6946555709662505),
2026-08-28 03:02:57,429 | INFO | flwr | 	                   (42, 0.6946555709662505),
simulation-0 | INFO flwr 2026-08-28 03:02:57,429 | server.py:495 | 	                   (43, 0.6871382339343503),
2026-08-28 03:02:57,429 | INFO | flwr | 	                   (43, 0.6871382339343503),
simulation-0 | INFO flwr 2026-08-28 03:02:57,429 | server.py:495 | 	                   (44, 0.6826259824318076),
2026-08-28 03:02:57,429 | INFO | flwr | 	                   (44, 0.6826259824318076),
simulation-0 | INFO flwr 2026-08-28 03:02:57,429 | server.py:495 | 	                   (45, 0.6891539528432731),
2026-08-28 03:02:57,429 | INFO | flwr | 	                   (45, 0.6891539528432731),
simulation-0 | INFO flwr 2026-08-28 03:02:57,429 | server.py:495 | 	                   (46, 0.7093943596856218),
2026-08-28 03:02:57,429 | INFO | flwr | 	                   (46, 0.7093943596856218),
simulation-0 | INFO flwr 2026-08-28 03:02:57,429 | server.py:495 | 	                   (47, 0.7246879334257975),
2026-08-28 03:02:57,429 | INFO | flwr | 	                   (47, 0.7246879334257975),
simulation-0 | INFO flwr 2026-08-28 03:02:57,429 | server.py:495 | 	                   (48, 0.6859546925566343),
2026-08-28 03:02:57,429 | INFO | flwr | 	                   (48, 0.6859546925566343),
simulation-0 | INFO flwr 2026-08-28 03:02:57,429 | server.py:495 | 	                   (49, 0.671169671752196),
2026-08-28 03:02:57,429 | INFO | flwr | 	                   (49, 0.671169671752196),
simulation-0 | INFO flwr 2026-08-28 03:02:57,429 | server.py:495 | 	                   (50, 0.6713915857605178),
2026-08-28 03:02:57,429 | INFO | flwr | 	                   (50, 0.6713915857605178),
simulation-0 | INFO flwr 2026-08-28 03:02:57,429 | server.py:495 | 	                   (51, 0.7160332871012481),
2026-08-28 03:02:57,429 | INFO | flwr | 	                   (51, 0.7160332871012481),
simulation-0 | INFO flwr 2026-08-28 03:02:57,429 | server.py:495 | 	                   (52, 0.6574479889042996),
2026-08-28 03:02:57,429 | INFO | flwr | 	                   (52, 0.6574479889042996),
simulation-0 | INFO flwr 2026-08-28 03:02:57,429 | server.py:495 | 	                   (53, 0.6871382339343503),
2026-08-28 03:02:57,429 | INFO | flwr | 	                   (53, 0.6871382339343503),
simulation-0 | INFO flwr 2026-08-28 03:02:57,429 | server.py:495 | 	                   (54, 0.6739713361072582),
2026-08-28 03:02:57,429 | INFO | flwr | 	                   (54, 0.6739713361072582),
simulation-0 | INFO flwr 2026-08-28 03:02:57,429 | server.py:495 | 	                   (55, 0.691058714748035),
2026-08-28 03:02:57,429 | INFO | flwr | 	                   (55, 0.691058714748035),
simulation-0 | INFO flwr 2026-08-28 03:02:57,429 | server.py:495 | 	                   (56, 0.6705779010633379),
2026-08-28 03:02:57,429 | INFO | flwr | 	                   (56, 0.6705779010633379),
simulation-0 | INFO flwr 2026-08-28 03:02:57,429 | server.py:495 | 	                   (57, 0.6605270457697642),
2026-08-28 03:02:57,429 | INFO | flwr | 	                   (57, 0.6605270457697642),
simulation-0 | INFO flwr 2026-08-28 03:02:57,429 | server.py:495 | 	                   (58, 0.6721312991215903),
2026-08-28 03:02:57,429 | INFO | flwr | 	                   (58, 0.6721312991215903),
simulation-0 | INFO flwr 2026-08-28 03:02:57,429 | server.py:495 | 	                   (59, 0.7199630143319463),
2026-08-28 03:02:57,429 | INFO | flwr | 	                   (59, 0.7199630143319463),
simulation-0 | INFO flwr 2026-08-28 03:02:57,430 | server.py:495 | 	                   (60, 0.7149791955617198),
2026-08-28 03:02:57,430 | INFO | flwr | 	                   (60, 0.7149791955617198),
simulation-0 | INFO flwr 2026-08-28 03:02:57,430 | server.py:495 | 	                   (61, 0.682478039759593),
2026-08-28 03:02:57,430 | INFO | flwr | 	                   (61, 0.682478039759593),
simulation-0 | INFO flwr 2026-08-28 03:02:57,430 | server.py:495 | 	                   (62, 0.7174664817383264),
2026-08-28 03:02:57,430 | INFO | flwr | 	                   (62, 0.7174664817383264),
simulation-0 | INFO flwr 2026-08-28 03:02:57,430 | server.py:495 | 	                   (63, 0.6853536754507629),
2026-08-28 03:02:57,430 | INFO | flwr | 	                   (63, 0.6853536754507629),
simulation-0 | INFO flwr 2026-08-28 03:02:57,430 | server.py:495 | 	                   (64, 0.7260471567267682),
2026-08-28 03:02:57,430 | INFO | flwr | 	                   (64, 0.7260471567267682),
simulation-0 | INFO flwr 2026-08-28 03:02:57,430 | server.py:495 | 	                   (65, 0.7145908460471566),
2026-08-28 03:02:57,430 | INFO | flwr | 	                   (65, 0.7145908460471566),
simulation-0 | INFO flwr 2026-08-28 03:02:57,430 | server.py:495 | 	                   (66, 0.7327415626444752),
2026-08-28 03:02:57,430 | INFO | flwr | 	                   (66, 0.7327415626444752),
simulation-0 | INFO flwr 2026-08-28 03:02:57,430 | server.py:495 | 	                   (67, 0.7104484512251502),
2026-08-28 03:02:57,430 | INFO | flwr | 	                   (67, 0.7104484512251502),
simulation-0 | INFO flwr 2026-08-28 03:02:57,430 | server.py:495 | 	                   (68, 0.6744244105409153),
2026-08-28 03:02:57,430 | INFO | flwr | 	                   (68, 0.6744244105409153),
simulation-0 | INFO flwr 2026-08-28 03:02:57,430 | server.py:495 | 	                   (69, 0.7058252427184466),
2026-08-28 03:02:57,430 | INFO | flwr | 	                   (69, 0.7058252427184466),
simulation-0 | INFO flwr 2026-08-28 03:02:57,430 | server.py:495 | 	                   (70, 0.7346555709662504),
2026-08-28 03:02:57,430 | INFO | flwr | 	                   (70, 0.7346555709662504),
simulation-0 | INFO flwr 2026-08-28 03:02:57,430 | server.py:495 | 	                   (71, 0.6300878409616274),
2026-08-28 03:02:57,430 | INFO | flwr | 	                   (71, 0.6300878409616274),
simulation-0 | INFO flwr 2026-08-28 03:02:57,430 | server.py:495 | 	                   (72, 0.7246879334257975),
2026-08-28 03:02:57,430 | INFO | flwr | 	                   (72, 0.7246879334257975),
simulation-0 | INFO flwr 2026-08-28 03:02:57,430 | server.py:495 | 	                   (73, 0.7079981507165973),
2026-08-28 03:02:57,430 | INFO | flwr | 	                   (73, 0.7079981507165973),
simulation-0 | INFO flwr 2026-08-28 03:02:57,430 | server.py:495 | 	                   (74, 0.7084882108183077),
2026-08-28 03:02:57,430 | INFO | flwr | 	                   (74, 0.7084882108183077),
simulation-0 | INFO flwr 2026-08-28 03:02:57,430 | server.py:495 | 	                   (75, 0.7046601941747571),
2026-08-28 03:02:57,430 | INFO | flwr | 	                   (75, 0.7046601941747571),
simulation-0 | INFO flwr 2026-08-28 03:02:57,430 | server.py:495 | 	                   (76, 0.7025612575127138),
2026-08-28 03:02:57,430 | INFO | flwr | 	                   (76, 0.7025612575127138),
simulation-0 | INFO flwr 2026-08-28 03:02:57,430 | server.py:495 | 	                   (77, 0.6755894590846048),
2026-08-28 03:02:57,430 | INFO | flwr | 	                   (77, 0.6755894590846048),
simulation-0 | INFO flwr 2026-08-28 03:02:57,430 | server.py:495 | 	                   (78, 0.6963384188626907),
2026-08-28 03:02:57,430 | INFO | flwr | 	                   (78, 0.6963384188626907),
simulation-0 | INFO flwr 2026-08-28 03:02:57,430 | server.py:495 | 	                   (79, 0.667877947295423),
2026-08-28 03:02:57,430 | INFO | flwr | 	                   (79, 0.667877947295423),
simulation-0 | INFO flwr 2026-08-28 03:02:57,431 | server.py:495 | 	                   (80, 0.6967914932963476),
2026-08-28 03:02:57,431 | INFO | flwr | 	                   (80, 0.6967914932963476),
simulation-0 | INFO flwr 2026-08-28 03:02:57,431 | server.py:495 | 	                   (81, 0.7065002311604252),
2026-08-28 03:02:57,431 | INFO | flwr | 	                   (81, 0.7065002311604252),
simulation-0 | INFO flwr 2026-08-28 03:02:57,431 | server.py:495 | 	                   (82, 0.672371705963939),
2026-08-28 03:02:57,431 | INFO | flwr | 	                   (82, 0.672371705963939),
simulation-0 | INFO flwr 2026-08-28 03:02:57,431 | server.py:495 | 	                   (83, 0.6980212667591308),
2026-08-28 03:02:57,431 | INFO | flwr | 	                   (83, 0.6980212667591308),
simulation-0 | INFO flwr 2026-08-28 03:02:57,431 | server.py:495 | 	                   (84, 0.6988626907073509),
2026-08-28 03:02:57,431 | INFO | flwr | 	                   (84, 0.6988626907073509),
simulation-0 | INFO flwr 2026-08-28 03:02:57,431 | server.py:495 | 	                   (85, 0.7148774849745724),
2026-08-28 03:02:57,431 | INFO | flwr | 	                   (85, 0.7148774849745724),
simulation-0 | INFO flwr 2026-08-28 03:02:57,431 | server.py:495 | 	                   (86, 0.703134535367545),
2026-08-28 03:02:57,431 | INFO | flwr | 	                   (86, 0.703134535367545),
simulation-0 | INFO flwr 2026-08-28 03:02:57,431 | server.py:495 | 	                   (87, 0.6549976883957468),
2026-08-28 03:02:57,431 | INFO | flwr | 	                   (87, 0.6549976883957468),
simulation-0 | INFO flwr 2026-08-28 03:02:57,431 | server.py:495 | 	                   (88, 0.6920943134535368),
2026-08-28 03:02:57,431 | INFO | flwr | 	                   (88, 0.6920943134535368),
simulation-0 | INFO flwr 2026-08-28 03:02:57,431 | server.py:495 | 	                   (89, 0.6774387424872861),
2026-08-28 03:02:57,431 | INFO | flwr | 	                   (89, 0.6774387424872861),
simulation-0 | INFO flwr 2026-08-28 03:02:57,431 | server.py:495 | 	                   (90, 0.671964863615349),
2026-08-28 03:02:57,431 | INFO | flwr | 	                   (90, 0.671964863615349),
simulation-0 | INFO flwr 2026-08-28 03:02:57,431 | server.py:495 | 	                   (91, 0.6676930189551548),
2026-08-28 03:02:57,431 | INFO | flwr | 	                   (91, 0.6676930189551548),
simulation-0 | INFO flwr 2026-08-28 03:02:57,431 | server.py:495 | 	                   (92, 0.6882478039759592),
2026-08-28 03:02:57,431 | INFO | flwr | 	                   (92, 0.6882478039759592),
simulation-0 | INFO flwr 2026-08-28 03:02:57,431 | server.py:495 | 	                   (93, 0.6838465094775773),
2026-08-28 03:02:57,431 | INFO | flwr | 	                   (93, 0.6838465094775773),
simulation-0 | INFO flwr 2026-08-28 03:02:57,431 | server.py:495 | 	                   (94, 0.6737771613499769),
2026-08-28 03:02:57,431 | INFO | flwr | 	                   (94, 0.6737771613499769),
simulation-0 | INFO flwr 2026-08-28 03:02:57,431 | server.py:495 | 	                   (95, 0.6791030975496994),
2026-08-28 03:02:57,431 | INFO | flwr | 	                   (95, 0.6791030975496994),
simulation-0 | INFO flwr 2026-08-28 03:02:57,431 | server.py:495 | 	                   (96, 0.6983726306056401),
2026-08-28 03:02:57,431 | INFO | flwr | 	                   (96, 0.6983726306056401),
simulation-0 | INFO flwr 2026-08-28 03:02:57,431 | server.py:495 | 	                   (97, 0.6934257975034673),
2026-08-28 03:02:57,431 | INFO | flwr | 	                   (97, 0.6934257975034673),
simulation-0 | INFO flwr 2026-08-28 03:02:57,431 | server.py:495 | 	                   (98, 0.6721960240406842),
2026-08-28 03:02:57,431 | INFO | flwr | 	                   (98, 0.6721960240406842),
simulation-0 | INFO flwr 2026-08-28 03:02:57,431 | server.py:495 | 	                   (99, 0.664882108183079),
2026-08-28 03:02:57,431 | INFO | flwr | 	                   (99, 0.664882108183079),
simulation-0 | INFO flwr 2026-08-28 03:02:57,432 | server.py:495 | 	                   (100, 0.706333795654184)],
2026-08-28 03:02:57,432 | INFO | flwr | 	                   (100, 0.706333795654184)],
simulation-0 | INFO flwr 2026-08-28 03:02:57,432 | server.py:495 | 	 'test_image_precision': [(1, 0.36084142394822005),
2026-08-28 03:02:57,432 | INFO | flwr | 	 'test_image_precision': [(1, 0.36084142394822005),
simulation-0 | INFO flwr 2026-08-28 03:02:57,432 | server.py:495 | 	                          (2, 0.5457928802588996),
2026-08-28 03:02:57,432 | INFO | flwr | 	                          (2, 0.5457928802588996),
simulation-0 | INFO flwr 2026-08-28 03:02:57,432 | server.py:495 | 	                          (3, 0.6156957928802589),
2026-08-28 03:02:57,432 | INFO | flwr | 	                          (3, 0.6156957928802589),
simulation-0 | INFO flwr 2026-08-28 03:02:57,432 | server.py:495 | 	                          (4, 0.5859223300970874),
2026-08-28 03:02:57,432 | INFO | flwr | 	                          (4, 0.5859223300970874),
simulation-0 | INFO flwr 2026-08-28 03:02:57,432 | server.py:495 | 	                          (5, 0.671359223300971),
2026-08-28 03:02:57,432 | INFO | flwr | 	                          (5, 0.671359223300971),
simulation-0 | INFO flwr 2026-08-28 03:02:57,432 | server.py:495 | 	                          (6, 0.707346278317152),
2026-08-28 03:02:57,432 | INFO | flwr | 	                          (6, 0.707346278317152),
simulation-0 | INFO flwr 2026-08-28 03:02:57,432 | server.py:495 | 	                          (7, 0.6923948220064725),
2026-08-28 03:02:57,432 | INFO | flwr | 	                          (7, 0.6923948220064725),
simulation-0 | INFO flwr 2026-08-28 03:02:57,432 | server.py:495 | 	                          (8, 0.6674757281553398),
2026-08-28 03:02:57,432 | INFO | flwr | 	                          (8, 0.6674757281553398),
simulation-0 | INFO flwr 2026-08-28 03:02:57,432 | server.py:495 | 	                          (9, 0.7296116504854369),
2026-08-28 03:02:57,432 | INFO | flwr | 	                          (9, 0.7296116504854369),
simulation-0 | INFO flwr 2026-08-28 03:02:57,432 | server.py:495 | 	                          (10, 0.693042071197411),
2026-08-28 03:02:57,432 | INFO | flwr | 	                          (10, 0.693042071197411),
simulation-0 | INFO flwr 2026-08-28 03:02:57,432 | server.py:495 | 	                          (11, 0.7309708737864077),
2026-08-28 03:02:57,432 | INFO | flwr | 	                          (11, 0.7309708737864077),
simulation-0 | INFO flwr 2026-08-28 03:02:57,432 | server.py:495 | 	                          (12, 0.7432686084142396),
2026-08-28 03:02:57,432 | INFO | flwr | 	                          (12, 0.7432686084142396),
simulation-0 | INFO flwr 2026-08-28 03:02:57,432 | server.py:495 | 	                          (13, 0.7140776699029124),
2026-08-28 03:02:57,432 | INFO | flwr | 	                          (13, 0.7140776699029124),
simulation-0 | INFO flwr 2026-08-28 03:02:57,432 | server.py:495 | 	                          (14, 0.7332362459546925),
2026-08-28 03:02:57,432 | INFO | flwr | 	                          (14, 0.7332362459546925),
simulation-0 | INFO flwr 2026-08-28 03:02:57,432 | server.py:495 | 	                          (15, 0.7257281553398058),
2026-08-28 03:02:57,432 | INFO | flwr | 	                          (15, 0.7257281553398058),
simulation-0 | INFO flwr 2026-08-28 03:02:57,432 | server.py:495 | 	                          (16, 0.71084142394822),
2026-08-28 03:02:57,432 | INFO | flwr | 	                          (16, 0.71084142394822),
simulation-0 | INFO flwr 2026-08-28 03:02:57,432 | server.py:495 | 	                          (17, 0.7302588996763755),
2026-08-28 03:02:57,432 | INFO | flwr | 	                          (17, 0.7302588996763755),
simulation-0 | INFO flwr 2026-08-28 03:02:57,432 | server.py:495 | 	                          (18, 0.7195792880258899),
2026-08-28 03:02:57,432 | INFO | flwr | 	                          (18, 0.7195792880258899),
simulation-0 | INFO flwr 2026-08-28 03:02:57,433 | server.py:495 | 	                          (19, 0.7050809061488673),
2026-08-28 03:02:57,433 | INFO | flwr | 	                          (19, 0.7050809061488673),
simulation-0 | INFO flwr 2026-08-28 03:02:57,433 | server.py:495 | 	                          (20, 0.7597734627831715),
2026-08-28 03:02:57,433 | INFO | flwr | 	                          (20, 0.7597734627831715),
simulation-0 | INFO flwr 2026-08-28 03:02:57,433 | server.py:495 | 	                          (21, 0.7361488673139157),
2026-08-28 03:02:57,433 | INFO | flwr | 	                          (21, 0.7361488673139157),
simulation-0 | INFO flwr 2026-08-28 03:02:57,433 | server.py:495 | 	                          (22, 0.7037216828478963),
2026-08-28 03:02:57,433 | INFO | flwr | 	                          (22, 0.7037216828478963),
simulation-0 | INFO flwr 2026-08-28 03:02:57,433 | server.py:495 | 	                          (23, 0.7072815533980582),
2026-08-28 03:02:57,433 | INFO | flwr | 	                          (23, 0.7072815533980582),
simulation-0 | INFO flwr 2026-08-28 03:02:57,433 | server.py:495 | 	                          (24, 0.7134304207119742),
2026-08-28 03:02:57,433 | INFO | flwr | 	                          (24, 0.7134304207119742),
simulation-0 | INFO flwr 2026-08-28 03:02:57,433 | server.py:495 | 	                          (25, 0.7345307443365694),
2026-08-28 03:02:57,433 | INFO | flwr | 	                          (25, 0.7345307443365694),
simulation-0 | INFO flwr 2026-08-28 03:02:57,433 | server.py:495 | 	                          (26, 0.7134304207119742),
2026-08-28 03:02:57,433 | INFO | flwr | 	                          (26, 0.7134304207119742),
simulation-0 | INFO flwr 2026-08-28 03:02:57,433 | server.py:495 | 	                          (27, 0.7189320388349514),
2026-08-28 03:02:57,433 | INFO | flwr | 	                          (27, 0.7189320388349514),
simulation-0 | INFO flwr 2026-08-28 03:02:57,433 | server.py:495 | 	                          (28, 0.7205501618122978),
2026-08-28 03:02:57,433 | INFO | flwr | 	                          (28, 0.7205501618122978),
simulation-0 | INFO flwr 2026-08-28 03:02:57,433 | server.py:495 | 	                          (29, 0.7216828478964402),
2026-08-28 03:02:57,433 | INFO | flwr | 	                          (29, 0.7216828478964402),
simulation-0 | INFO flwr 2026-08-28 03:02:57,433 | server.py:495 | 	                          (30, 0.7313915857605178),
2026-08-28 03:02:57,433 | INFO | flwr | 	                          (30, 0.7313915857605178),
simulation-0 | INFO flwr 2026-08-28 03:02:57,433 | server.py:495 | 	                          (31, 0.6894822006472492),
2026-08-28 03:02:57,433 | INFO | flwr | 	                          (31, 0.6894822006472492),
simulation-0 | INFO flwr 2026-08-28 03:02:57,433 | server.py:495 | 	                          (32, 0.7455339805825243),
2026-08-28 03:02:57,433 | INFO | flwr | 	                          (32, 0.7455339805825243),
simulation-0 | INFO flwr 2026-08-28 03:02:57,433 | server.py:495 | 	                          (33, 0.7278317152103561),
2026-08-28 03:02:57,433 | INFO | flwr | 	                          (33, 0.7278317152103561),
simulation-0 | INFO flwr 2026-08-28 03:02:57,433 | server.py:495 | 	                          (34, 0.7364077669902912),
2026-08-28 03:02:57,433 | INFO | flwr | 	                          (34, 0.7364077669902912),
simulation-0 | INFO flwr 2026-08-28 03:02:57,433 | server.py:495 | 	                          (35, 0.7372815533980582),
2026-08-28 03:02:57,433 | INFO | flwr | 	                          (35, 0.7372815533980582),
simulation-0 | INFO flwr 2026-08-28 03:02:57,433 | server.py:495 | 	                          (36, 0.7380906148867314),
2026-08-28 03:02:57,433 | INFO | flwr | 	                          (36, 0.7380906148867314),
simulation-0 | INFO flwr 2026-08-28 03:02:57,433 | server.py:495 | 	                          (37, 0.7304207119741098),
2026-08-28 03:02:57,433 | INFO | flwr | 	                          (37, 0.7304207119741098),
simulation-0 | INFO flwr 2026-08-28 03:02:57,433 | server.py:495 | 	                          (38, 0.7345307443365697),
2026-08-28 03:02:57,433 | INFO | flwr | 	                          (38, 0.7345307443365697),
simulation-0 | INFO flwr 2026-08-28 03:02:57,434 | server.py:495 | 	                          (39, 0.7326860841423949),
2026-08-28 03:02:57,434 | INFO | flwr | 	                          (39, 0.7326860841423949),
simulation-0 | INFO flwr 2026-08-28 03:02:57,434 | server.py:495 | 	                          (40, 0.7455339805825242),
2026-08-28 03:02:57,434 | INFO | flwr | 	                          (40, 0.7455339805825242),
simulation-0 | INFO flwr 2026-08-28 03:02:57,434 | server.py:495 | 	                          (41, 0.7406796116504855),
2026-08-28 03:02:57,434 | INFO | flwr | 	                          (41, 0.7406796116504855),
simulation-0 | INFO flwr 2026-08-28 03:02:57,434 | server.py:495 | 	                          (42, 0.7361488673139159),
2026-08-28 03:02:57,434 | INFO | flwr | 	                          (42, 0.7361488673139159),
simulation-0 | INFO flwr 2026-08-28 03:02:57,434 | server.py:495 | 	                          (43, 0.7291909385113269),
2026-08-28 03:02:57,434 | INFO | flwr | 	                          (43, 0.7291909385113269),
simulation-0 | INFO flwr 2026-08-28 03:02:57,434 | server.py:495 | 	                          (44, 0.7176375404530744),
2026-08-28 03:02:57,434 | INFO | flwr | 	                          (44, 0.7176375404530744),
simulation-0 | INFO flwr 2026-08-28 03:02:57,434 | server.py:495 | 	                          (45, 0.7215857605177994),
2026-08-28 03:02:57,434 | INFO | flwr | 	                          (45, 0.7215857605177994),
simulation-0 | INFO flwr 2026-08-28 03:02:57,434 | server.py:495 | 	                          (46, 0.73789644012945),
2026-08-28 03:02:57,434 | INFO | flwr | 	                          (46, 0.73789644012945),
simulation-0 | INFO flwr 2026-08-28 03:02:57,434 | server.py:495 | 	                          (47, 0.7597734627831715),
2026-08-28 03:02:57,434 | INFO | flwr | 	                          (47, 0.7597734627831715),
simulation-0 | INFO flwr 2026-08-28 03:02:57,434 | server.py:495 | 	                          (48, 0.7126213592233009),
2026-08-28 03:02:57,434 | INFO | flwr | 	                          (48, 0.7126213592233009),
simulation-0 | INFO flwr 2026-08-28 03:02:57,434 | server.py:495 | 	                          (49, 0.6898058252427184),
2026-08-28 03:02:57,434 | INFO | flwr | 	                          (49, 0.6898058252427184),
simulation-0 | INFO flwr 2026-08-28 03:02:57,434 | server.py:495 | 	                          (50, 0.6975728155339807),
2026-08-28 03:02:57,434 | INFO | flwr | 	                          (50, 0.6975728155339807),
simulation-0 | INFO flwr 2026-08-28 03:02:57,434 | server.py:495 | 	                          (51, 0.7527831715210356),
2026-08-28 03:02:57,434 | INFO | flwr | 	                          (51, 0.7527831715210356),
simulation-0 | INFO flwr 2026-08-28 03:02:57,434 | server.py:495 | 	                          (52, 0.6775080906148867),
2026-08-28 03:02:57,434 | INFO | flwr | 	                          (52, 0.6775080906148867),
simulation-0 | INFO flwr 2026-08-28 03:02:57,434 | server.py:495 | 	                          (53, 0.7291909385113269),
2026-08-28 03:02:57,434 | INFO | flwr | 	                          (53, 0.7291909385113269),
simulation-0 | INFO flwr 2026-08-28 03:02:57,434 | server.py:495 | 	                          (54, 0.7141423948220065),
2026-08-28 03:02:57,434 | INFO | flwr | 	                          (54, 0.7141423948220065),
simulation-0 | INFO flwr 2026-08-28 03:02:57,434 | server.py:495 | 	                          (55, 0.723851132686084),
2026-08-28 03:02:57,434 | INFO | flwr | 	                          (55, 0.723851132686084),
simulation-0 | INFO flwr 2026-08-28 03:02:57,434 | server.py:495 | 	                          (56, 0.7041100323624596),
2026-08-28 03:02:57,434 | INFO | flwr | 	                          (56, 0.7041100323624596),
simulation-0 | INFO flwr 2026-08-28 03:02:57,434 | server.py:495 | 	                          (57, 0.6739482200647249),
2026-08-28 03:02:57,434 | INFO | flwr | 	                          (57, 0.6739482200647249),
simulation-0 | INFO flwr 2026-08-28 03:02:57,434 | server.py:495 | 	                          (58, 0.6961165048543688),
2026-08-28 03:02:57,434 | INFO | flwr | 	                          (58, 0.6961165048543688),
simulation-0 | INFO flwr 2026-08-28 03:02:57,435 | server.py:495 | 	                          (59, 0.7419741100323625),
2026-08-28 03:02:57,435 | INFO | flwr | 	                          (59, 0.7419741100323625),
simulation-0 | INFO flwr 2026-08-28 03:02:57,435 | server.py:495 | 	                          (60, 0.7500647249190939),
2026-08-28 03:02:57,435 | INFO | flwr | 	                          (60, 0.7500647249190939),
simulation-0 | INFO flwr 2026-08-28 03:02:57,435 | server.py:495 | 	                          (61, 0.7329126213592234),
2026-08-28 03:02:57,435 | INFO | flwr | 	                          (61, 0.7329126213592234),
simulation-0 | INFO flwr 2026-08-28 03:02:57,435 | server.py:495 | 	                          (62, 0.7562135922330098),
2026-08-28 03:02:57,435 | INFO | flwr | 	                          (62, 0.7562135922330098),
simulation-0 | INFO flwr 2026-08-28 03:02:57,435 | server.py:495 | 	                          (63, 0.7084142394822005),
2026-08-28 03:02:57,435 | INFO | flwr | 	                          (63, 0.7084142394822005),
simulation-0 | INFO flwr 2026-08-28 03:02:57,435 | server.py:495 | 	                          (64, 0.7487702265372167),
2026-08-28 03:02:57,435 | INFO | flwr | 	                          (64, 0.7487702265372167),
simulation-0 | INFO flwr 2026-08-28 03:02:57,435 | server.py:495 | 	                          (65, 0.7545954692556633),
2026-08-28 03:02:57,435 | INFO | flwr | 	                          (65, 0.7545954692556633),
simulation-0 | INFO flwr 2026-08-28 03:02:57,435 | server.py:495 | 	                          (66, 0.7626860841423947),
2026-08-28 03:02:57,435 | INFO | flwr | 	                          (66, 0.7626860841423947),
simulation-0 | INFO flwr 2026-08-28 03:02:57,435 | server.py:495 | 	                          (67, 0.7487055016181229),
2026-08-28 03:02:57,435 | INFO | flwr | 	                          (67, 0.7487055016181229),
simulation-0 | INFO flwr 2026-08-28 03:02:57,435 | server.py:495 | 	                          (68, 0.709611650485437),
2026-08-28 03:02:57,435 | INFO | flwr | 	                          (68, 0.709611650485437),
simulation-0 | INFO flwr 2026-08-28 03:02:57,435 | server.py:495 | 	                          (69, 0.7425566343042072),
2026-08-28 03:02:57,435 | INFO | flwr | 	                          (69, 0.7425566343042072),
simulation-0 | INFO flwr 2026-08-28 03:02:57,435 | server.py:495 | 	                          (70, 0.7620388349514563),
2026-08-28 03:02:57,435 | INFO | flwr | 	                          (70, 0.7620388349514563),
simulation-0 | INFO flwr 2026-08-28 03:02:57,435 | server.py:495 | 	                          (71, 0.632588996763754),
2026-08-28 03:02:57,435 | INFO | flwr | 	                          (71, 0.632588996763754),
simulation-0 | INFO flwr 2026-08-28 03:02:57,435 | server.py:495 | 	                          (72, 0.7597734627831715),
2026-08-28 03:02:57,435 | INFO | flwr | 	                          (72, 0.7597734627831715),
simulation-0 | INFO flwr 2026-08-28 03:02:57,435 | server.py:495 | 	                          (73, 0.7419093851132686),
2026-08-28 03:02:57,435 | INFO | flwr | 	                          (73, 0.7419093851132686),
simulation-0 | INFO flwr 2026-08-28 03:02:57,435 | server.py:495 | 	                          (74, 0.736084142394822),
2026-08-28 03:02:57,435 | INFO | flwr | 	                          (74, 0.736084142394822),
simulation-0 | INFO flwr 2026-08-28 03:02:57,435 | server.py:495 | 	                          (75, 0.7399676375404531),
2026-08-28 03:02:57,435 | INFO | flwr | 	                          (75, 0.7399676375404531),
simulation-0 | INFO flwr 2026-08-28 03:02:57,435 | server.py:495 | 	                          (76, 0.7353398058252427),
2026-08-28 03:02:57,435 | INFO | flwr | 	                          (76, 0.7353398058252427),
simulation-0 | INFO flwr 2026-08-28 03:02:57,435 | server.py:495 | 	                          (77, 0.72126213592233),
2026-08-28 03:02:57,435 | INFO | flwr | 	                          (77, 0.72126213592233),
simulation-0 | INFO flwr 2026-08-28 03:02:57,435 | server.py:495 | 	                          (78, 0.739061488673139),
2026-08-28 03:02:57,435 | INFO | flwr | 	                          (78, 0.739061488673139),
simulation-0 | INFO flwr 2026-08-28 03:02:57,436 | server.py:495 | 	                          (79, 0.6971844660194175),
2026-08-28 03:02:57,436 | INFO | flwr | 	                          (79, 0.6971844660194175),
simulation-0 | INFO flwr 2026-08-28 03:02:57,436 | server.py:495 | 	                          (80, 0.728705501618123),
2026-08-28 03:02:57,436 | INFO | flwr | 	                          (80, 0.728705501618123),
simulation-0 | INFO flwr 2026-08-28 03:02:57,436 | server.py:495 | 	                          (81, 0.728705501618123),
2026-08-28 03:02:57,436 | INFO | flwr | 	                          (81, 0.728705501618123),
simulation-0 | INFO flwr 2026-08-28 03:02:57,436 | server.py:495 | 	                          (82, 0.6886731391585761),
2026-08-28 03:02:57,436 | INFO | flwr | 	                          (82, 0.6886731391585761),
simulation-0 | INFO flwr 2026-08-28 03:02:57,436 | server.py:495 | 	                          (83, 0.722556634304207),
2026-08-28 03:02:57,436 | INFO | flwr | 	                          (83, 0.722556634304207),
simulation-0 | INFO flwr 2026-08-28 03:02:57,436 | server.py:495 | 	                          (84, 0.7312944983818769),
2026-08-28 03:02:57,436 | INFO | flwr | 	                          (84, 0.7312944983818769),
simulation-0 | INFO flwr 2026-08-28 03:02:57,436 | server.py:495 | 	                          (85, 0.7500647249190938),
2026-08-28 03:02:57,436 | INFO | flwr | 	                          (85, 0.7500647249190938),
simulation-0 | INFO flwr 2026-08-28 03:02:57,436 | server.py:495 | 	                          (86, 0.7257928802588998),
2026-08-28 03:02:57,436 | INFO | flwr | 	                          (86, 0.7257928802588998),
simulation-0 | INFO flwr 2026-08-28 03:02:57,436 | server.py:495 | 	                          (87, 0.6686084142394821),
2026-08-28 03:02:57,436 | INFO | flwr | 	                          (87, 0.6686084142394821),
simulation-0 | INFO flwr 2026-08-28 03:02:57,436 | server.py:495 | 	                          (88, 0.7267637540453076),
2026-08-28 03:02:57,436 | INFO | flwr | 	                          (88, 0.7267637540453076),
simulation-0 | INFO flwr 2026-08-28 03:02:57,436 | server.py:495 | 	                          (89, 0.709611650485437),
2026-08-28 03:02:57,436 | INFO | flwr | 	                          (89, 0.709611650485437),
simulation-0 | INFO flwr 2026-08-28 03:02:57,436 | server.py:495 | 	                          (90, 0.7005501618122977),
2026-08-28 03:02:57,436 | INFO | flwr | 	                          (90, 0.7005501618122977),
simulation-0 | INFO flwr 2026-08-28 03:02:57,436 | server.py:495 | 	                          (91, 0.6963430420711973),
2026-08-28 03:02:57,436 | INFO | flwr | 	                          (91, 0.6963430420711973),
simulation-0 | INFO flwr 2026-08-28 03:02:57,436 | server.py:495 | 	                          (92, 0.7154368932038835),
2026-08-28 03:02:57,436 | INFO | flwr | 	                          (92, 0.7154368932038835),
simulation-0 | INFO flwr 2026-08-28 03:02:57,436 | server.py:495 | 	                          (93, 0.7047572815533981),
2026-08-28 03:02:57,436 | INFO | flwr | 	                          (93, 0.7047572815533981),
simulation-0 | INFO flwr 2026-08-28 03:02:57,436 | server.py:495 | 	                          (94, 0.7102588996763755),
2026-08-28 03:02:57,436 | INFO | flwr | 	                          (94, 0.7102588996763755),
simulation-0 | INFO flwr 2026-08-28 03:02:57,436 | server.py:495 | 	                          (95, 0.714336569579288),
2026-08-28 03:02:57,436 | INFO | flwr | 	                          (95, 0.714336569579288),
simulation-0 | INFO flwr 2026-08-28 03:02:57,436 | server.py:495 | 	                          (96, 0.7264401294498383),
2026-08-28 03:02:57,436 | INFO | flwr | 	                          (96, 0.7264401294498383),
simulation-0 | INFO flwr 2026-08-28 03:02:57,436 | server.py:495 | 	                          (97, 0.7076699029126213),
2026-08-28 03:02:57,436 | INFO | flwr | 	                          (97, 0.7076699029126213),
simulation-0 | INFO flwr 2026-08-28 03:02:57,436 | server.py:495 | 	                          (98, 0.6833333333333332),
2026-08-28 03:02:57,436 | INFO | flwr | 	                          (98, 0.6833333333333332),
simulation-0 | INFO flwr 2026-08-28 03:02:57,437 | server.py:495 | 	                          (99, 0.6843689320388351),
2026-08-28 03:02:57,437 | INFO | flwr | 	                          (99, 0.6843689320388351),
simulation-0 | INFO flwr 2026-08-28 03:02:57,437 | server.py:495 | 	                          (100, 0.7277346278317152)],
2026-08-28 03:02:57,437 | INFO | flwr | 	                          (100, 0.7277346278317152)],
simulation-0 | INFO flwr 2026-08-28 03:02:57,437 | server.py:495 | 	 'test_image_recall': [(1, 0.4284789644012945),
2026-08-28 03:02:57,437 | INFO | flwr | 	 'test_image_recall': [(1, 0.4284789644012945),
simulation-0 | INFO flwr 2026-08-28 03:02:57,437 | server.py:495 | 	                       (2, 0.5511326860841423),
2026-08-28 03:02:57,437 | INFO | flwr | 	                       (2, 0.5511326860841423),
simulation-0 | INFO flwr 2026-08-28 03:02:57,437 | server.py:495 | 	                       (3, 0.6530744336569579),
2026-08-28 03:02:57,437 | INFO | flwr | 	                       (3, 0.6530744336569579),
simulation-0 | INFO flwr 2026-08-28 03:02:57,437 | server.py:495 | 	                       (4, 0.6035598705501618),
2026-08-28 03:02:57,437 | INFO | flwr | 	                       (4, 0.6035598705501618),
simulation-0 | INFO flwr 2026-08-28 03:02:57,437 | server.py:495 | 	                       (5, 0.6572815533980582),
2026-08-28 03:02:57,437 | INFO | flwr | 	                       (5, 0.6572815533980582),
simulation-0 | INFO flwr 2026-08-28 03:02:57,437 | server.py:495 | 	                       (6, 0.6925566343042071),
2026-08-28 03:02:57,437 | INFO | flwr | 	                       (6, 0.6925566343042071),
simulation-0 | INFO flwr 2026-08-28 03:02:57,437 | server.py:495 | 	                       (7, 0.6822006472491909),
2026-08-28 03:02:57,437 | INFO | flwr | 	                       (7, 0.6822006472491909),
simulation-0 | INFO flwr 2026-08-28 03:02:57,437 | server.py:495 | 	                       (8, 0.6546925566343043),
2026-08-28 03:02:57,437 | INFO | flwr | 	                       (8, 0.6546925566343043),
simulation-0 | INFO flwr 2026-08-28 03:02:57,437 | server.py:495 | 	                       (9, 0.7194174757281553),
2026-08-28 03:02:57,437 | INFO | flwr | 	                       (9, 0.7194174757281553),
simulation-0 | INFO flwr 2026-08-28 03:02:57,437 | server.py:495 | 	                       (10, 0.6770226537216829),
2026-08-28 03:02:57,437 | INFO | flwr | 	                       (10, 0.6770226537216829),
simulation-0 | INFO flwr 2026-08-28 03:02:57,437 | server.py:495 | 	                       (11, 0.7032362459546926),
2026-08-28 03:02:57,437 | INFO | flwr | 	                       (11, 0.7032362459546926),
simulation-0 | INFO flwr 2026-08-28 03:02:57,437 | server.py:495 | 	                       (12, 0.7226537216828478),
2026-08-28 03:02:57,437 | INFO | flwr | 	                       (12, 0.7226537216828478),
simulation-0 | INFO flwr 2026-08-28 03:02:57,437 | server.py:495 | 	                       (13, 0.696440129449838),
2026-08-28 03:02:57,437 | INFO | flwr | 	                       (13, 0.696440129449838),
simulation-0 | INFO flwr 2026-08-28 03:02:57,437 | server.py:495 | 	                       (14, 0.698705501618123),
2026-08-28 03:02:57,437 | INFO | flwr | 	                       (14, 0.698705501618123),
simulation-0 | INFO flwr 2026-08-28 03:02:57,437 | server.py:495 | 	                       (15, 0.7077669902912622),
2026-08-28 03:02:57,437 | INFO | flwr | 	                       (15, 0.7077669902912622),
simulation-0 | INFO flwr 2026-08-28 03:02:57,437 | server.py:495 | 	                       (16, 0.7),
2026-08-28 03:02:57,437 | INFO | flwr | 	                       (16, 0.7),
simulation-0 | INFO flwr 2026-08-28 03:02:57,437 | server.py:495 | 	                       (17, 0.7194174757281553),
2026-08-28 03:02:57,437 | INFO | flwr | 	                       (17, 0.7194174757281553),
simulation-0 | INFO flwr 2026-08-28 03:02:57,438 | server.py:495 | 	                       (18, 0.7016181229773463),
2026-08-28 03:02:57,438 | INFO | flwr | 	                       (18, 0.7016181229773463),
simulation-0 | INFO flwr 2026-08-28 03:02:57,438 | server.py:495 | 	                       (19, 0.6970873786407766),
2026-08-28 03:02:57,438 | INFO | flwr | 	                       (19, 0.6970873786407766),
simulation-0 | INFO flwr 2026-08-28 03:02:57,438 | server.py:495 | 	                       (20, 0.7466019417475728),
2026-08-28 03:02:57,438 | INFO | flwr | 	                       (20, 0.7466019417475728),
simulation-0 | INFO flwr 2026-08-28 03:02:57,438 | server.py:495 | 	                       (21, 0.7155339805825243),
2026-08-28 03:02:57,438 | INFO | flwr | 	                       (21, 0.7155339805825243),
simulation-0 | INFO flwr 2026-08-28 03:02:57,438 | server.py:495 | 	                       (22, 0.6893203883495146),
2026-08-28 03:02:57,438 | INFO | flwr | 	                       (22, 0.6893203883495146),
simulation-0 | INFO flwr 2026-08-28 03:02:57,438 | server.py:495 | 	                       (23, 0.6893203883495146),
2026-08-28 03:02:57,438 | INFO | flwr | 	                       (23, 0.6893203883495146),
simulation-0 | INFO flwr 2026-08-28 03:02:57,438 | server.py:495 | 	                       (24, 0.6990291262135923),
2026-08-28 03:02:57,438 | INFO | flwr | 	                       (24, 0.6990291262135923),
simulation-0 | INFO flwr 2026-08-28 03:02:57,438 | server.py:495 | 	                       (25, 0.713915857605178),
2026-08-28 03:02:57,438 | INFO | flwr | 	                       (25, 0.713915857605178),
simulation-0 | INFO flwr 2026-08-28 03:02:57,438 | server.py:495 | 	                       (26, 0.6990291262135923),
2026-08-28 03:02:57,438 | INFO | flwr | 	                       (26, 0.6990291262135923),
simulation-0 | INFO flwr 2026-08-28 03:02:57,438 | server.py:495 | 	                       (27, 0.7016181229773463),
2026-08-28 03:02:57,438 | INFO | flwr | 	                       (27, 0.7016181229773463),
simulation-0 | INFO flwr 2026-08-28 03:02:57,438 | server.py:495 | 	                       (28, 0.7061488673139159),
2026-08-28 03:02:57,438 | INFO | flwr | 	                       (28, 0.7061488673139159),
simulation-0 | INFO flwr 2026-08-28 03:02:57,438 | server.py:495 | 	                       (29, 0.7087378640776699),
2026-08-28 03:02:57,438 | INFO | flwr | 	                       (29, 0.7087378640776699),
simulation-0 | INFO flwr 2026-08-28 03:02:57,438 | server.py:495 | 	                       (30, 0.7148867313915859),
2026-08-28 03:02:57,438 | INFO | flwr | 	                       (30, 0.7148867313915859),
simulation-0 | INFO flwr 2026-08-28 03:02:57,438 | server.py:495 | 	                       (31, 0.6786407766990292),
2026-08-28 03:02:57,438 | INFO | flwr | 	                       (31, 0.6786407766990292),
simulation-0 | INFO flwr 2026-08-28 03:02:57,438 | server.py:495 | 	                       (32, 0.7252427184466018),
2026-08-28 03:02:57,438 | INFO | flwr | 	                       (32, 0.7252427184466018),
simulation-0 | INFO flwr 2026-08-28 03:02:57,438 | server.py:495 | 	                       (33, 0.7061488673139159),
2026-08-28 03:02:57,438 | INFO | flwr | 	                       (33, 0.7061488673139159),
simulation-0 | INFO flwr 2026-08-28 03:02:57,438 | server.py:495 | 	                       (34, 0.7255663430420712),
2026-08-28 03:02:57,438 | INFO | flwr | 	                       (34, 0.7255663430420712),
simulation-0 | INFO flwr 2026-08-28 03:02:57,438 | server.py:495 | 	                       (35, 0.7084142394822006),
2026-08-28 03:02:57,438 | INFO | flwr | 	                       (35, 0.7084142394822006),
simulation-0 | INFO flwr 2026-08-28 03:02:57,438 | server.py:495 | 	                       (36, 0.7174757281553398),
2026-08-28 03:02:57,438 | INFO | flwr | 	                       (36, 0.7174757281553398),
simulation-0 | INFO flwr 2026-08-28 03:02:57,438 | server.py:495 | 	                       (37, 0.7064724919093851),
2026-08-28 03:02:57,438 | INFO | flwr | 	                       (37, 0.7064724919093851),
simulation-0 | INFO flwr 2026-08-28 03:02:57,439 | server.py:495 | 	                       (38, 0.713915857605178),
2026-08-28 03:02:57,439 | INFO | flwr | 	                       (38, 0.713915857605178),
simulation-0 | INFO flwr 2026-08-28 03:02:57,439 | server.py:495 | 	                       (39, 0.7275080906148867),
2026-08-28 03:02:57,439 | INFO | flwr | 	                       (39, 0.7275080906148867),
simulation-0 | INFO flwr 2026-08-28 03:02:57,439 | server.py:495 | 	                       (40, 0.7362459546925565),
2026-08-28 03:02:57,439 | INFO | flwr | 	                       (40, 0.7362459546925565),
simulation-0 | INFO flwr 2026-08-28 03:02:57,439 | server.py:495 | 	                       (41, 0.716504854368932),
2026-08-28 03:02:57,439 | INFO | flwr | 	                       (41, 0.716504854368932),
simulation-0 | INFO flwr 2026-08-28 03:02:57,439 | server.py:495 | 	                       (42, 0.7119741100323624),
2026-08-28 03:02:57,439 | INFO | flwr | 	                       (42, 0.7119741100323624),
simulation-0 | INFO flwr 2026-08-28 03:02:57,439 | server.py:495 | 	                       (43, 0.7032362459546926),
2026-08-28 03:02:57,439 | INFO | flwr | 	                       (43, 0.7032362459546926),
simulation-0 | INFO flwr 2026-08-28 03:02:57,439 | server.py:495 | 	                       (44, 0.6996763754045308),
2026-08-28 03:02:57,439 | INFO | flwr | 	                       (44, 0.6996763754045308),
simulation-0 | INFO flwr 2026-08-28 03:02:57,439 | server.py:495 | 	                       (45, 0.7087378640776699),
2026-08-28 03:02:57,439 | INFO | flwr | 	                       (45, 0.7087378640776699),
simulation-0 | INFO flwr 2026-08-28 03:02:57,439 | server.py:495 | 	                       (46, 0.7333333333333332),
2026-08-28 03:02:57,439 | INFO | flwr | 	                       (46, 0.7333333333333332),
simulation-0 | INFO flwr 2026-08-28 03:02:57,439 | server.py:495 | 	                       (47, 0.7440129449838186),
2026-08-28 03:02:57,439 | INFO | flwr | 	                       (47, 0.7440129449838186),
simulation-0 | INFO flwr 2026-08-28 03:02:57,439 | server.py:495 | 	                       (48, 0.7048543689320388),
2026-08-28 03:02:57,439 | INFO | flwr | 	                       (48, 0.7048543689320388),
simulation-0 | INFO flwr 2026-08-28 03:02:57,439 | server.py:495 | 	                       (49, 0.6889967637540453),
2026-08-28 03:02:57,439 | INFO | flwr | 	                       (49, 0.6889967637540453),
simulation-0 | INFO flwr 2026-08-28 03:02:57,439 | server.py:495 | 	                       (50, 0.6935275080906148),
2026-08-28 03:02:57,439 | INFO | flwr | 	                       (50, 0.6935275080906148),
simulation-0 | INFO flwr 2026-08-28 03:02:57,439 | server.py:495 | 	                       (51, 0.7304207119741101),
2026-08-28 03:02:57,439 | INFO | flwr | 	                       (51, 0.7304207119741101),
simulation-0 | INFO flwr 2026-08-28 03:02:57,439 | server.py:495 | 	                       (52, 0.6776699029126213),
2026-08-28 03:02:57,439 | INFO | flwr | 	                       (52, 0.6776699029126213),
simulation-0 | INFO flwr 2026-08-28 03:02:57,439 | server.py:495 | 	                       (53, 0.7032362459546925),
2026-08-28 03:02:57,439 | INFO | flwr | 	                       (53, 0.7032362459546925),
simulation-0 | INFO flwr 2026-08-28 03:02:57,439 | server.py:495 | 	                       (54, 0.689967637540453),
2026-08-28 03:02:57,439 | INFO | flwr | 	                       (54, 0.689967637540453),
simulation-0 | INFO flwr 2026-08-28 03:02:57,439 | server.py:495 | 	                       (55, 0.7103559870550161),
2026-08-28 03:02:57,439 | INFO | flwr | 	                       (55, 0.7103559870550161),
simulation-0 | INFO flwr 2026-08-28 03:02:57,439 | server.py:495 | 	                       (56, 0.6935275080906148),
2026-08-28 03:02:57,439 | INFO | flwr | 	                       (56, 0.6935275080906148),
simulation-0 | INFO flwr 2026-08-28 03:02:57,440 | server.py:495 | 	                       (57, 0.6831715210355986),
2026-08-28 03:02:57,440 | INFO | flwr | 	                       (57, 0.6831715210355986),
simulation-0 | INFO flwr 2026-08-28 03:02:57,440 | server.py:495 | 	                       (58, 0.6909385113268608),
2026-08-28 03:02:57,440 | INFO | flwr | 	                       (58, 0.6909385113268608),
simulation-0 | INFO flwr 2026-08-28 03:02:57,440 | server.py:495 | 	                       (59, 0.7414239482200646),
2026-08-28 03:02:57,440 | INFO | flwr | 	                       (59, 0.7414239482200646),
simulation-0 | INFO flwr 2026-08-28 03:02:57,440 | server.py:495 | 	                       (60, 0.734304207119741),
2026-08-28 03:02:57,440 | INFO | flwr | 	                       (60, 0.734304207119741),
simulation-0 | INFO flwr 2026-08-28 03:02:57,440 | server.py:495 | 	                       (61, 0.6961165048543689),
2026-08-28 03:02:57,440 | INFO | flwr | 	                       (61, 0.6961165048543689),
simulation-0 | INFO flwr 2026-08-28 03:02:57,440 | server.py:495 | 	                       (62, 0.7404530744336568),
2026-08-28 03:02:57,440 | INFO | flwr | 	                       (62, 0.7404530744336568),
simulation-0 | INFO flwr 2026-08-28 03:02:57,440 | server.py:495 | 	                       (63, 0.7035598705501618),
2026-08-28 03:02:57,440 | INFO | flwr | 	                       (63, 0.7035598705501618),
simulation-0 | INFO flwr 2026-08-28 03:02:57,440 | server.py:495 | 	                       (64, 0.7517799352750809),
2026-08-28 03:02:57,440 | INFO | flwr | 	                       (64, 0.7517799352750809),
simulation-0 | INFO flwr 2026-08-28 03:02:57,440 | server.py:495 | 	                       (65, 0.7359223300970873),
2026-08-28 03:02:57,440 | INFO | flwr | 	                       (65, 0.7359223300970873),
simulation-0 | INFO flwr 2026-08-28 03:02:57,440 | server.py:495 | 	                       (66, 0.7563106796116504),
2026-08-28 03:02:57,440 | INFO | flwr | 	                       (66, 0.7563106796116504),
simulation-0 | INFO flwr 2026-08-28 03:02:57,440 | server.py:495 | 	                       (67, 0.7258899676375404),
2026-08-28 03:02:57,440 | INFO | flwr | 	                       (67, 0.7258899676375404),
simulation-0 | INFO flwr 2026-08-28 03:02:57,440 | server.py:495 | 	                       (68, 0.698705501618123),
2026-08-28 03:02:57,440 | INFO | flwr | 	                       (68, 0.698705501618123),
simulation-0 | INFO flwr 2026-08-28 03:02:57,440 | server.py:495 | 	                       (69, 0.7233009708737864),
2026-08-28 03:02:57,440 | INFO | flwr | 	                       (69, 0.7233009708737864),
simulation-0 | INFO flwr 2026-08-28 03:02:57,440 | server.py:495 | 	                       (70, 0.7553398058252427),
2026-08-28 03:02:57,440 | INFO | flwr | 	                       (70, 0.7553398058252427),
simulation-0 | INFO flwr 2026-08-28 03:02:57,440 | server.py:495 | 	                       (71, 0.6711974110032362),
2026-08-28 03:02:57,440 | INFO | flwr | 	                       (71, 0.6711974110032362),
simulation-0 | INFO flwr 2026-08-28 03:02:57,440 | server.py:495 | 	                       (72, 0.7440129449838189),
2026-08-28 03:02:57,440 | INFO | flwr | 	                       (72, 0.7440129449838189),
simulation-0 | INFO flwr 2026-08-28 03:02:57,440 | server.py:495 | 	                       (73, 0.7281553398058251),
2026-08-28 03:02:57,440 | INFO | flwr | 	                       (73, 0.7281553398058251),
simulation-0 | INFO flwr 2026-08-28 03:02:57,440 | server.py:495 | 	                       (74, 0.7265372168284789),
2026-08-28 03:02:57,440 | INFO | flwr | 	                       (74, 0.7265372168284789),
simulation-0 | INFO flwr 2026-08-28 03:02:57,440 | server.py:495 | 	                       (75, 0.7207119741100324),
2026-08-28 03:02:57,440 | INFO | flwr | 	                       (75, 0.7207119741100324),
simulation-0 | INFO flwr 2026-08-28 03:02:57,440 | server.py:495 | 	                       (76, 0.7174757281553398),
2026-08-28 03:02:57,440 | INFO | flwr | 	                       (76, 0.7174757281553398),
simulation-0 | INFO flwr 2026-08-28 03:02:57,441 | server.py:495 | 	                       (77, 0.6906148867313915),
2026-08-28 03:02:57,441 | INFO | flwr | 	                       (77, 0.6906148867313915),
simulation-0 | INFO flwr 2026-08-28 03:02:57,441 | server.py:495 | 	                       (78, 0.7155339805825242),
2026-08-28 03:02:57,441 | INFO | flwr | 	                       (78, 0.7155339805825242),
simulation-0 | INFO flwr 2026-08-28 03:02:57,441 | server.py:495 | 	                       (79, 0.698705501618123),
2026-08-28 03:02:57,441 | INFO | flwr | 	                       (79, 0.698705501618123),
simulation-0 | INFO flwr 2026-08-28 03:02:57,441 | server.py:495 | 	                       (80, 0.7242718446601941),
2026-08-28 03:02:57,441 | INFO | flwr | 	                       (80, 0.7242718446601941),
simulation-0 | INFO flwr 2026-08-28 03:02:57,441 | server.py:495 | 	                       (81, 0.7349514563106796),
2026-08-28 03:02:57,441 | INFO | flwr | 	                       (81, 0.7349514563106796),
simulation-0 | INFO flwr 2026-08-28 03:02:57,441 | server.py:495 | 	                       (82, 0.6993527508090615),
2026-08-28 03:02:57,441 | INFO | flwr | 	                       (82, 0.6993527508090615),
simulation-0 | INFO flwr 2026-08-28 03:02:57,441 | server.py:495 | 	                       (83, 0.7242718446601941),
2026-08-28 03:02:57,441 | INFO | flwr | 	                       (83, 0.7242718446601941),
simulation-0 | INFO flwr 2026-08-28 03:02:57,441 | server.py:495 | 	                       (84, 0.7184466019417476),
2026-08-28 03:02:57,441 | INFO | flwr | 	                       (84, 0.7184466019417476),
simulation-0 | INFO flwr 2026-08-28 03:02:57,441 | server.py:495 | 	                       (85, 0.7378640776699029),
2026-08-28 03:02:57,441 | INFO | flwr | 	                       (85, 0.7378640776699029),
simulation-0 | INFO flwr 2026-08-28 03:02:57,441 | server.py:495 | 	                       (86, 0.7255663430420712),
2026-08-28 03:02:57,441 | INFO | flwr | 	                       (86, 0.7255663430420712),
simulation-0 | INFO flwr 2026-08-28 03:02:57,441 | server.py:495 | 	                       (87, 0.6809061488673138),
2026-08-28 03:02:57,441 | INFO | flwr | 	                       (87, 0.6809061488673138),
simulation-0 | INFO flwr 2026-08-28 03:02:57,441 | server.py:495 | 	                       (88, 0.7236245954692556),
2026-08-28 03:02:57,441 | INFO | flwr | 	                       (88, 0.7236245954692556),
simulation-0 | INFO flwr 2026-08-28 03:02:57,441 | server.py:495 | 	                       (89, 0.6951456310679611),
2026-08-28 03:02:57,441 | INFO | flwr | 	                       (89, 0.6951456310679611),
simulation-0 | INFO flwr 2026-08-28 03:02:57,441 | server.py:495 | 	                       (90, 0.6935275080906149),
2026-08-28 03:02:57,441 | INFO | flwr | 	                       (90, 0.6935275080906149),
simulation-0 | INFO flwr 2026-08-28 03:02:57,441 | server.py:495 | 	                       (91, 0.6977346278317151),
2026-08-28 03:02:57,441 | INFO | flwr | 	                       (91, 0.6977346278317151),
simulation-0 | INFO flwr 2026-08-28 03:02:57,441 | server.py:495 | 	                       (92, 0.7181229773462784),
2026-08-28 03:02:57,441 | INFO | flwr | 	                       (92, 0.7181229773462784),
simulation-0 | INFO flwr 2026-08-28 03:02:57,441 | server.py:495 | 	                       (93, 0.707766990291262),
2026-08-28 03:02:57,441 | INFO | flwr | 	                       (93, 0.707766990291262),
simulation-0 | INFO flwr 2026-08-28 03:02:57,441 | server.py:495 | 	                       (94, 0.6935275080906148),
2026-08-28 03:02:57,441 | INFO | flwr | 	                       (94, 0.6935275080906148),
simulation-0 | INFO flwr 2026-08-28 03:02:57,441 | server.py:495 | 	                       (95, 0.7022653721682848),
2026-08-28 03:02:57,441 | INFO | flwr | 	                       (95, 0.7022653721682848),
simulation-0 | INFO flwr 2026-08-28 03:02:57,441 | server.py:495 | 	                       (96, 0.7271844660194176),
2026-08-28 03:02:57,441 | INFO | flwr | 	                       (96, 0.7271844660194176),
simulation-0 | INFO flwr 2026-08-28 03:02:57,442 | server.py:495 | 	                       (97, 0.7200647249190939),
2026-08-28 03:02:57,442 | INFO | flwr | 	                       (97, 0.7200647249190939),
simulation-0 | INFO flwr 2026-08-28 03:02:57,442 | server.py:495 | 	                       (98, 0.6967637540453074),
2026-08-28 03:02:57,442 | INFO | flwr | 	                       (98, 0.6967637540453074),
simulation-0 | INFO flwr 2026-08-28 03:02:57,442 | server.py:495 | 	                       (99, 0.687378640776699),
2026-08-28 03:02:57,442 | INFO | flwr | 	                       (99, 0.687378640776699),
simulation-0 | INFO flwr 2026-08-28 03:02:57,442 | server.py:495 | 	                       (100, 0.734304207119741)],
2026-08-28 03:02:57,442 | INFO | flwr | 	                       (100, 0.734304207119741)],
simulation-0 | INFO flwr 2026-08-28 03:02:57,442 | server.py:495 | 	 'test_precision': [(1, 0.4191372356113964),
2026-08-28 03:02:57,442 | INFO | flwr | 	 'test_precision': [(1, 0.4191372356113964),
simulation-0 | INFO flwr 2026-08-28 03:02:57,442 | server.py:495 | 	                    (2, 0.5529343391553159),
2026-08-28 03:02:57,442 | INFO | flwr | 	                    (2, 0.5529343391553159),
simulation-0 | INFO flwr 2026-08-28 03:02:57,442 | server.py:495 | 	                    (3, 0.6063695540855861),
2026-08-28 03:02:57,442 | INFO | flwr | 	                    (3, 0.6063695540855861),
simulation-0 | INFO flwr 2026-08-28 03:02:57,442 | server.py:495 | 	                    (4, 0.6015053166023436),
2026-08-28 03:02:57,442 | INFO | flwr | 	                    (4, 0.6015053166023436),
simulation-0 | INFO flwr 2026-08-28 03:02:57,442 | server.py:495 | 	                    (5, 0.6412855987635144),
2026-08-28 03:02:57,442 | INFO | flwr | 	                    (5, 0.6412855987635144),
simulation-0 | INFO flwr 2026-08-28 03:02:57,442 | server.py:495 | 	                    (6, 0.6535343713198254),
2026-08-28 03:02:57,442 | INFO | flwr | 	                    (6, 0.6535343713198254),
simulation-0 | INFO flwr 2026-08-28 03:02:57,442 | server.py:495 | 	                    (7, 0.6325356257046205),
2026-08-28 03:02:57,442 | INFO | flwr | 	                    (7, 0.6325356257046205),
simulation-0 | INFO flwr 2026-08-28 03:02:57,442 | server.py:495 | 	                    (8, 0.6222182551766905),
2026-08-28 03:02:57,442 | INFO | flwr | 	                    (8, 0.6222182551766905),
simulation-0 | INFO flwr 2026-08-28 03:02:57,442 | server.py:495 | 	                    (9, 0.6429841748257189),
2026-08-28 03:02:57,442 | INFO | flwr | 	                    (9, 0.6429841748257189),
simulation-0 | INFO flwr 2026-08-28 03:02:57,442 | server.py:495 | 	                    (10, 0.6340132198036929),
2026-08-28 03:02:57,442 | INFO | flwr | 	                    (10, 0.6340132198036929),
simulation-0 | INFO flwr 2026-08-28 03:02:57,442 | server.py:495 | 	                    (11, 0.6516365290685472),
2026-08-28 03:02:57,442 | INFO | flwr | 	                    (11, 0.6516365290685472),
simulation-0 | INFO flwr 2026-08-28 03:02:57,442 | server.py:495 | 	                    (12, 0.6522404103713569),
2026-08-28 03:02:57,442 | INFO | flwr | 	                    (12, 0.6522404103713569),
simulation-0 | INFO flwr 2026-08-28 03:02:57,442 | server.py:495 | 	                    (13, 0.647978966327629),
2026-08-28 03:02:57,442 | INFO | flwr | 	                    (13, 0.647978966327629),
simulation-0 | INFO flwr 2026-08-28 03:02:57,442 | server.py:495 | 	                    (14, 0.6526950902833994),
2026-08-28 03:02:57,442 | INFO | flwr | 	                    (14, 0.6526950902833994),
simulation-0 | INFO flwr 2026-08-28 03:02:57,442 | server.py:495 | 	                    (15, 0.6692856726373679),
2026-08-28 03:02:57,442 | INFO | flwr | 	                    (15, 0.6692856726373679),
simulation-0 | INFO flwr 2026-08-28 03:02:57,443 | server.py:495 | 	                    (16, 0.6557322488865004),
2026-08-28 03:02:57,443 | INFO | flwr | 	                    (16, 0.6557322488865004),
simulation-0 | INFO flwr 2026-08-28 03:02:57,443 | server.py:495 | 	                    (17, 0.6576032554899488),
2026-08-28 03:02:57,443 | INFO | flwr | 	                    (17, 0.6576032554899488),
simulation-0 | INFO flwr 2026-08-28 03:02:57,443 | server.py:495 | 	                    (18, 0.662731046066642),
2026-08-28 03:02:57,443 | INFO | flwr | 	                    (18, 0.662731046066642),
simulation-0 | INFO flwr 2026-08-28 03:02:57,443 | server.py:495 | 	                    (19, 0.6584415161231384),
2026-08-28 03:02:57,443 | INFO | flwr | 	                    (19, 0.6584415161231384),
simulation-0 | INFO flwr 2026-08-28 03:02:57,443 | server.py:495 | 	                    (20, 0.6625986186156421),
2026-08-28 03:02:57,443 | INFO | flwr | 	                    (20, 0.6625986186156421),
simulation-0 | INFO flwr 2026-08-28 03:02:57,443 | server.py:495 | 	                    (21, 0.6589978809858604),
2026-08-28 03:02:57,443 | INFO | flwr | 	                    (21, 0.6589978809858604),
simulation-0 | INFO flwr 2026-08-28 03:02:57,443 | server.py:495 | 	                    (22, 0.667687824603787),
2026-08-28 03:02:57,443 | INFO | flwr | 	                    (22, 0.667687824603787),
simulation-0 | INFO flwr 2026-08-28 03:02:57,443 | server.py:495 | 	                    (23, 0.6600911955261038),
2026-08-28 03:02:57,443 | INFO | flwr | 	                    (23, 0.6600911955261038),
simulation-0 | INFO flwr 2026-08-28 03:02:57,443 | server.py:495 | 	                    (24, 0.6482832140932417),
2026-08-28 03:02:57,443 | INFO | flwr | 	                    (24, 0.6482832140932417),
simulation-0 | INFO flwr 2026-08-28 03:02:57,443 | server.py:495 | 	                    (25, 0.6472524823498291),
2026-08-28 03:02:57,443 | INFO | flwr | 	                    (25, 0.6472524823498291),
simulation-0 | INFO flwr 2026-08-28 03:02:57,443 | server.py:495 | 	                    (26, 0.6459261282556752),
2026-08-28 03:02:57,443 | INFO | flwr | 	                    (26, 0.6459261282556752),
simulation-0 | INFO flwr 2026-08-28 03:02:57,443 | server.py:495 | 	                    (27, 0.6598188992613109),
2026-08-28 03:02:57,443 | INFO | flwr | 	                    (27, 0.6598188992613109),
simulation-0 | INFO flwr 2026-08-28 03:02:57,443 | server.py:495 | 	                    (28, 0.652233733333898),
2026-08-28 03:02:57,443 | INFO | flwr | 	                    (28, 0.652233733333898),
simulation-0 | INFO flwr 2026-08-28 03:02:57,443 | server.py:495 | 	                    (29, 0.6507826901016834),
2026-08-28 03:02:57,443 | INFO | flwr | 	                    (29, 0.6507826901016834),
simulation-0 | INFO flwr 2026-08-28 03:02:57,443 | server.py:495 | 	                    (30, 0.6504806141974099),
2026-08-28 03:02:57,443 | INFO | flwr | 	                    (30, 0.6504806141974099),
simulation-0 | INFO flwr 2026-08-28 03:02:57,443 | server.py:495 | 	                    (31, 0.6430473222138193),
2026-08-28 03:02:57,443 | INFO | flwr | 	                    (31, 0.6430473222138193),
simulation-0 | INFO flwr 2026-08-28 03:02:57,443 | server.py:495 | 	                    (32, 0.6533837571792508),
2026-08-28 03:02:57,443 | INFO | flwr | 	                    (32, 0.6533837571792508),
simulation-0 | INFO flwr 2026-08-28 03:02:57,443 | server.py:495 | 	                    (33, 0.6515032076176072),
2026-08-28 03:02:57,443 | INFO | flwr | 	                    (33, 0.6515032076176072),
simulation-0 | INFO flwr 2026-08-28 03:02:57,443 | server.py:495 | 	                    (34, 0.6514089457311023),
2026-08-28 03:02:57,443 | INFO | flwr | 	                    (34, 0.6514089457311023),
simulation-0 | INFO flwr 2026-08-28 03:02:57,443 | server.py:495 | 	                    (35, 0.6550838778255091),
2026-08-28 03:02:57,443 | INFO | flwr | 	                    (35, 0.6550838778255091),
simulation-0 | INFO flwr 2026-08-28 03:02:57,444 | server.py:495 | 	                    (36, 0.6574730195207377),
2026-08-28 03:02:57,444 | INFO | flwr | 	                    (36, 0.6574730195207377),
simulation-0 | INFO flwr 2026-08-28 03:02:57,444 | server.py:495 | 	                    (37, 0.6432220892940936),
2026-08-28 03:02:57,444 | INFO | flwr | 	                    (37, 0.6432220892940936),
simulation-0 | INFO flwr 2026-08-28 03:02:57,444 | server.py:495 | 	                    (38, 0.6603933112688977),
2026-08-28 03:02:57,444 | INFO | flwr | 	                    (38, 0.6603933112688977),
simulation-0 | INFO flwr 2026-08-28 03:02:57,444 | server.py:495 | 	                    (39, 0.6585833543384025),
2026-08-28 03:02:57,444 | INFO | flwr | 	                    (39, 0.6585833543384025),
simulation-0 | INFO flwr 2026-08-28 03:02:57,444 | server.py:495 | 	                    (40, 0.6557868232824814),
2026-08-28 03:02:57,444 | INFO | flwr | 	                    (40, 0.6557868232824814),
simulation-0 | INFO flwr 2026-08-28 03:02:57,444 | server.py:495 | 	                    (41, 0.656155124144453),
2026-08-28 03:02:57,444 | INFO | flwr | 	                    (41, 0.656155124144453),
simulation-0 | INFO flwr 2026-08-28 03:02:57,444 | server.py:495 | 	                    (42, 0.6440656305987813),
2026-08-28 03:02:57,444 | INFO | flwr | 	                    (42, 0.6440656305987813),
simulation-0 | INFO flwr 2026-08-28 03:02:57,444 | server.py:495 | 	                    (43, 0.6500668588936992),
2026-08-28 03:02:57,444 | INFO | flwr | 	                    (43, 0.6500668588936992),
simulation-0 | INFO flwr 2026-08-28 03:02:57,444 | server.py:495 | 	                    (44, 0.6627043799487359),
2026-08-28 03:02:57,444 | INFO | flwr | 	                    (44, 0.6627043799487359),
simulation-0 | INFO flwr 2026-08-28 03:02:57,444 | server.py:495 | 	                    (45, 0.6518927994461895),
2026-08-28 03:02:57,444 | INFO | flwr | 	                    (45, 0.6518927994461895),
simulation-0 | INFO flwr 2026-08-28 03:02:57,444 | server.py:495 | 	                    (46, 0.6558037054610673),
2026-08-28 03:02:57,444 | INFO | flwr | 	                    (46, 0.6558037054610673),
simulation-0 | INFO flwr 2026-08-28 03:02:57,444 | server.py:495 | 	                    (47, 0.6690349347449364),
2026-08-28 03:02:57,444 | INFO | flwr | 	                    (47, 0.6690349347449364),
simulation-0 | INFO flwr 2026-08-28 03:02:57,444 | server.py:495 | 	                    (48, 0.6519021011045281),
2026-08-28 03:02:57,444 | INFO | flwr | 	                    (48, 0.6519021011045281),
simulation-0 | INFO flwr 2026-08-28 03:02:57,444 | server.py:495 | 	                    (49, 0.6440257847255128),
2026-08-28 03:02:57,444 | INFO | flwr | 	                    (49, 0.6440257847255128),
simulation-0 | INFO flwr 2026-08-28 03:02:57,444 | server.py:495 | 	                    (50, 0.638424794429498),
2026-08-28 03:02:57,444 | INFO | flwr | 	                    (50, 0.638424794429498),
simulation-0 | INFO flwr 2026-08-28 03:02:57,444 | server.py:495 | 	                    (51, 0.6456309563749298),
2026-08-28 03:02:57,444 | INFO | flwr | 	                    (51, 0.6456309563749298),
simulation-0 | INFO flwr 2026-08-28 03:02:57,444 | server.py:495 | 	                    (52, 0.6565511923285605),
2026-08-28 03:02:57,444 | INFO | flwr | 	                    (52, 0.6565511923285605),
simulation-0 | INFO flwr 2026-08-28 03:02:57,444 | server.py:495 | 	                    (53, 0.6556492416787589),
2026-08-28 03:02:57,444 | INFO | flwr | 	                    (53, 0.6556492416787589),
simulation-0 | INFO flwr 2026-08-28 03:02:57,444 | server.py:495 | 	                    (54, 0.6474639742019537),
2026-08-28 03:02:57,444 | INFO | flwr | 	                    (54, 0.6474639742019537),
simulation-0 | INFO flwr 2026-08-28 03:02:57,444 | server.py:495 | 	                    (55, 0.6581959483897311),
2026-08-28 03:02:57,444 | INFO | flwr | 	                    (55, 0.6581959483897311),
simulation-0 | INFO flwr 2026-08-28 03:02:57,445 | server.py:495 | 	                    (56, 0.6549470767969705),
2026-08-28 03:02:57,445 | INFO | flwr | 	                    (56, 0.6549470767969705),
simulation-0 | INFO flwr 2026-08-28 03:02:57,445 | server.py:495 | 	                    (57, 0.650260657079413),
2026-08-28 03:02:57,445 | INFO | flwr | 	                    (57, 0.650260657079413),
simulation-0 | INFO flwr 2026-08-28 03:02:57,445 | server.py:495 | 	                    (58, 0.6493488077501617),
2026-08-28 03:02:57,445 | INFO | flwr | 	                    (58, 0.6493488077501617),
simulation-0 | INFO flwr 2026-08-28 03:02:57,445 | server.py:495 | 	                    (59, 0.6595124946501341),
2026-08-28 03:02:57,445 | INFO | flwr | 	                    (59, 0.6595124946501341),
simulation-0 | INFO flwr 2026-08-28 03:02:57,445 | server.py:495 | 	                    (60, 0.6639049978807889),
2026-08-28 03:02:57,445 | INFO | flwr | 	                    (60, 0.6639049978807889),
simulation-0 | INFO flwr 2026-08-28 03:02:57,445 | server.py:495 | 	                    (61, 0.6466876004175515),
2026-08-28 03:02:57,445 | INFO | flwr | 	                    (61, 0.6466876004175515),
simulation-0 | INFO flwr 2026-08-28 03:02:57,445 | server.py:495 | 	                    (62, 0.6594761181096912),
2026-08-28 03:02:57,445 | INFO | flwr | 	                    (62, 0.6594761181096912),
simulation-0 | INFO flwr 2026-08-28 03:02:57,445 | server.py:495 | 	                    (63, 0.6552015828699043),
2026-08-28 03:02:57,445 | INFO | flwr | 	                    (63, 0.6552015828699043),
simulation-0 | INFO flwr 2026-08-28 03:02:57,445 | server.py:495 | 	                    (64, 0.6619884124281522),
2026-08-28 03:02:57,445 | INFO | flwr | 	                    (64, 0.6619884124281522),
simulation-0 | INFO flwr 2026-08-28 03:02:57,445 | server.py:495 | 	                    (65, 0.664643340349846),
2026-08-28 03:02:57,445 | INFO | flwr | 	                    (65, 0.664643340349846),
simulation-0 | INFO flwr 2026-08-28 03:02:57,445 | server.py:495 | 	                    (66, 0.6691385993986843),
2026-08-28 03:02:57,445 | INFO | flwr | 	                    (66, 0.6691385993986843),
simulation-0 | INFO flwr 2026-08-28 03:02:57,445 | server.py:495 | 	                    (67, 0.6419662756902541),
2026-08-28 03:02:57,445 | INFO | flwr | 	                    (67, 0.6419662756902541),
simulation-0 | INFO flwr 2026-08-28 03:02:57,445 | server.py:495 | 	                    (68, 0.6513645967162605),
2026-08-28 03:02:57,445 | INFO | flwr | 	                    (68, 0.6513645967162605),
simulation-0 | INFO flwr 2026-08-28 03:02:57,445 | server.py:495 | 	                    (69, 0.6477815482029702),
2026-08-28 03:02:57,445 | INFO | flwr | 	                    (69, 0.6477815482029702),
simulation-0 | INFO flwr 2026-08-28 03:02:57,445 | server.py:495 | 	                    (70, 0.6584450246041157),
2026-08-28 03:02:57,445 | INFO | flwr | 	                    (70, 0.6584450246041157),
simulation-0 | INFO flwr 2026-08-28 03:02:57,445 | server.py:495 | 	                    (71, 0.6467075814095692),
2026-08-28 03:02:57,445 | INFO | flwr | 	                    (71, 0.6467075814095692),
simulation-0 | INFO flwr 2026-08-28 03:02:57,445 | server.py:495 | 	                    (72, 0.6638055553684087),
2026-08-28 03:02:57,445 | INFO | flwr | 	                    (72, 0.6638055553684087),
simulation-0 | INFO flwr 2026-08-28 03:02:57,445 | server.py:495 | 	                    (73, 0.6601838194205834),
2026-08-28 03:02:57,445 | INFO | flwr | 	                    (73, 0.6601838194205834),
simulation-0 | INFO flwr 2026-08-28 03:02:57,445 | server.py:495 | 	                    (74, 0.6537276417955663),
2026-08-28 03:02:57,445 | INFO | flwr | 	                    (74, 0.6537276417955663),
simulation-0 | INFO flwr 2026-08-28 03:02:57,445 | server.py:495 | 	                    (75, 0.6609366768999853),
2026-08-28 03:02:57,445 | INFO | flwr | 	                    (75, 0.6609366768999853),
simulation-0 | INFO flwr 2026-08-28 03:02:57,446 | server.py:495 | 	                    (76, 0.6628352615492621),
2026-08-28 03:02:57,446 | INFO | flwr | 	                    (76, 0.6628352615492621),
simulation-0 | INFO flwr 2026-08-28 03:02:57,446 | server.py:495 | 	                    (77, 0.6524426251154596),
2026-08-28 03:02:57,446 | INFO | flwr | 	                    (77, 0.6524426251154596),
simulation-0 | INFO flwr 2026-08-28 03:02:57,446 | server.py:495 | 	                    (78, 0.6549109686675175),
2026-08-28 03:02:57,446 | INFO | flwr | 	                    (78, 0.6549109686675175),
simulation-0 | INFO flwr 2026-08-28 03:02:57,446 | server.py:495 | 	                    (79, 0.6395033668904062),
2026-08-28 03:02:57,446 | INFO | flwr | 	                    (79, 0.6395033668904062),
simulation-0 | INFO flwr 2026-08-28 03:02:57,446 | server.py:495 | 	                    (80, 0.6610065829257316),
2026-08-28 03:02:57,446 | INFO | flwr | 	                    (80, 0.6610065829257316),
simulation-0 | INFO flwr 2026-08-28 03:02:57,446 | server.py:495 | 	                    (81, 0.6655246492763325),
2026-08-28 03:02:57,446 | INFO | flwr | 	                    (81, 0.6655246492763325),
simulation-0 | INFO flwr 2026-08-28 03:02:57,446 | server.py:495 | 	                    (82, 0.6443674280831581),
2026-08-28 03:02:57,446 | INFO | flwr | 	                    (82, 0.6443674280831581),
simulation-0 | INFO flwr 2026-08-28 03:02:57,446 | server.py:495 | 	                    (83, 0.6604817117342474),
2026-08-28 03:02:57,446 | INFO | flwr | 	                    (83, 0.6604817117342474),
simulation-0 | INFO flwr 2026-08-28 03:02:57,446 | server.py:495 | 	                    (84, 0.6533371801556014),
2026-08-28 03:02:57,446 | INFO | flwr | 	                    (84, 0.6533371801556014),
simulation-0 | INFO flwr 2026-08-28 03:02:57,446 | server.py:495 | 	                    (85, 0.666472899564132),
2026-08-28 03:02:57,446 | INFO | flwr | 	                    (85, 0.666472899564132),
simulation-0 | INFO flwr 2026-08-28 03:02:57,446 | server.py:495 | 	                    (86, 0.651635967181321),
2026-08-28 03:02:57,446 | INFO | flwr | 	                    (86, 0.651635967181321),
simulation-0 | INFO flwr 2026-08-28 03:02:57,446 | server.py:495 | 	                    (87, 0.6380402429893991),
2026-08-28 03:02:57,446 | INFO | flwr | 	                    (87, 0.6380402429893991),
simulation-0 | INFO flwr 2026-08-28 03:02:57,446 | server.py:495 | 	                    (88, 0.6599496312538151),
2026-08-28 03:02:57,446 | INFO | flwr | 	                    (88, 0.6599496312538151),
simulation-0 | INFO flwr 2026-08-28 03:02:57,446 | server.py:495 | 	                    (89, 0.6606062581953647),
2026-08-28 03:02:57,446 | INFO | flwr | 	                    (89, 0.6606062581953647),
simulation-0 | INFO flwr 2026-08-28 03:02:57,446 | server.py:495 | 	                    (90, 0.660741393876216),
2026-08-28 03:02:57,446 | INFO | flwr | 	                    (90, 0.660741393876216),
simulation-0 | INFO flwr 2026-08-28 03:02:57,446 | server.py:495 | 	                    (91, 0.6520299138125916),
2026-08-28 03:02:57,446 | INFO | flwr | 	                    (91, 0.6520299138125916),
simulation-0 | INFO flwr 2026-08-28 03:02:57,446 | server.py:495 | 	                    (92, 0.6556519576050872),
2026-08-28 03:02:57,446 | INFO | flwr | 	                    (92, 0.6556519576050872),
simulation-0 | INFO flwr 2026-08-28 03:02:57,446 | server.py:495 | 	                    (93, 0.6491341923282783),
2026-08-28 03:02:57,446 | INFO | flwr | 	                    (93, 0.6491341923282783),
simulation-0 | INFO flwr 2026-08-28 03:02:57,446 | server.py:495 | 	                    (94, 0.6555409597515334),
2026-08-28 03:02:57,446 | INFO | flwr | 	                    (94, 0.6555409597515334),
simulation-0 | INFO flwr 2026-08-28 03:02:57,446 | server.py:495 | 	                    (95, 0.6462965623958744),
2026-08-28 03:02:57,446 | INFO | flwr | 	                    (95, 0.6462965623958744),
simulation-0 | INFO flwr 2026-08-28 03:02:57,447 | server.py:495 | 	                    (96, 0.6584349743129756),
2026-08-28 03:02:57,447 | INFO | flwr | 	                    (96, 0.6584349743129756),
simulation-0 | INFO flwr 2026-08-28 03:02:57,447 | server.py:495 | 	                    (97, 0.6573340671655321),
2026-08-28 03:02:57,447 | INFO | flwr | 	                    (97, 0.6573340671655321),
simulation-0 | INFO flwr 2026-08-28 03:02:57,447 | server.py:495 | 	                    (98, 0.6477513190426407),
2026-08-28 03:02:57,447 | INFO | flwr | 	                    (98, 0.6477513190426407),
simulation-0 | INFO flwr 2026-08-28 03:02:57,447 | server.py:495 | 	                    (99, 0.6503467430306679),
2026-08-28 03:02:57,447 | INFO | flwr | 	                    (99, 0.6503467430306679),
simulation-0 | INFO flwr 2026-08-28 03:02:57,447 | server.py:495 | 	                    (100, 0.6607176372730258)],
2026-08-28 03:02:57,447 | INFO | flwr | 	                    (100, 0.6607176372730258)],
simulation-0 | INFO flwr 2026-08-28 03:02:57,447 | server.py:495 | 	 'test_recall': [(1, 0.40469902912621364),
2026-08-28 03:02:57,447 | INFO | flwr | 	 'test_recall': [(1, 0.40469902912621364),
simulation-0 | INFO flwr 2026-08-28 03:02:57,447 | server.py:495 | 	                 (2, 0.540764185544768),
2026-08-28 03:02:57,447 | INFO | flwr | 	                 (2, 0.540764185544768),
simulation-0 | INFO flwr 2026-08-28 03:02:57,447 | server.py:495 | 	                 (3, 0.5979829557713053),
2026-08-28 03:02:57,447 | INFO | flwr | 	                 (3, 0.5979829557713053),
simulation-0 | INFO flwr 2026-08-28 03:02:57,447 | server.py:495 | 	                 (4, 0.5919262135922331),
2026-08-28 03:02:57,447 | INFO | flwr | 	                 (4, 0.5919262135922331),
simulation-0 | INFO flwr 2026-08-28 03:02:57,447 | server.py:495 | 	                 (5, 0.6232787486515641),
2026-08-28 03:02:57,447 | INFO | flwr | 	                 (5, 0.6232787486515641),
simulation-0 | INFO flwr 2026-08-28 03:02:57,447 | server.py:495 | 	                 (6, 0.6389337648327938),
2026-08-28 03:02:57,447 | INFO | flwr | 	                 (6, 0.6389337648327938),
simulation-0 | INFO flwr 2026-08-28 03:02:57,447 | server.py:495 | 	                 (7, 0.6152418554476806),
2026-08-28 03:02:57,447 | INFO | flwr | 	                 (7, 0.6152418554476806),
simulation-0 | INFO flwr 2026-08-28 03:02:57,447 | server.py:495 | 	                 (8, 0.6057527508090613),
2026-08-28 03:02:57,447 | INFO | flwr | 	                 (8, 0.6057527508090613),
simulation-0 | INFO flwr 2026-08-28 03:02:57,447 | server.py:495 | 	                 (9, 0.6323618122977347),
2026-08-28 03:02:57,447 | INFO | flwr | 	                 (9, 0.6323618122977347),
simulation-0 | INFO flwr 2026-08-28 03:02:57,447 | server.py:495 | 	                 (10, 0.6214957928802589),
2026-08-28 03:02:57,447 | INFO | flwr | 	                 (10, 0.6214957928802589),
simulation-0 | INFO flwr 2026-08-28 03:02:57,447 | server.py:495 | 	                 (11, 0.6398228694714131),
2026-08-28 03:02:57,447 | INFO | flwr | 	                 (11, 0.6398228694714131),
simulation-0 | INFO flwr 2026-08-28 03:02:57,447 | server.py:495 | 	                 (12, 0.6367950377562027),
2026-08-28 03:02:57,447 | INFO | flwr | 	                 (12, 0.6367950377562027),
simulation-0 | INFO flwr 2026-08-28 03:02:57,447 | server.py:495 | 	                 (13, 0.6347536138079828),
2026-08-28 03:02:57,447 | INFO | flwr | 	                 (13, 0.6347536138079828),
simulation-0 | INFO flwr 2026-08-28 03:02:57,447 | server.py:495 | 	                 (14, 0.6506280474649406),
2026-08-28 03:02:57,447 | INFO | flwr | 	                 (14, 0.6506280474649406),
simulation-0 | INFO flwr 2026-08-28 03:02:57,448 | server.py:495 | 	                 (15, 0.6538256742179072),
2026-08-28 03:02:57,448 | INFO | flwr | 	                 (15, 0.6538256742179072),
simulation-0 | INFO flwr 2026-08-28 03:02:57,448 | server.py:495 | 	                 (16, 0.6494651564185545),
2026-08-28 03:02:57,448 | INFO | flwr | 	                 (16, 0.6494651564185545),
simulation-0 | INFO flwr 2026-08-28 03:02:57,448 | server.py:495 | 	                 (17, 0.6473477885652643),
2026-08-28 03:02:57,448 | INFO | flwr | 	                 (17, 0.6473477885652643),
simulation-0 | INFO flwr 2026-08-28 03:02:57,448 | server.py:495 | 	                 (18, 0.6547984897518878),
2026-08-28 03:02:57,448 | INFO | flwr | 	                 (18, 0.6547984897518878),
simulation-0 | INFO flwr 2026-08-28 03:02:57,448 | server.py:495 | 	                 (19, 0.6399764832793959),
2026-08-28 03:02:57,448 | INFO | flwr | 	                 (19, 0.6399764832793959),
simulation-0 | INFO flwr 2026-08-28 03:02:57,448 | server.py:495 | 	                 (20, 0.6539844660194175),
2026-08-28 03:02:57,448 | INFO | flwr | 	                 (20, 0.6539844660194175),
simulation-0 | INFO flwr 2026-08-28 03:02:57,448 | server.py:495 | 	                 (21, 0.6422075512405611),
2026-08-28 03:02:57,448 | INFO | flwr | 	                 (21, 0.6422075512405611),
simulation-0 | INFO flwr 2026-08-28 03:02:57,448 | server.py:495 | 	                 (22, 0.6559482200647249),
2026-08-28 03:02:57,448 | INFO | flwr | 	                 (22, 0.6559482200647249),
simulation-0 | INFO flwr 2026-08-28 03:02:57,448 | server.py:495 | 	                 (23, 0.656809061488673),
2026-08-28 03:02:57,448 | INFO | flwr | 	                 (23, 0.656809061488673),
simulation-0 | INFO flwr 2026-08-28 03:02:57,448 | server.py:495 | 	                 (24, 0.6426940668824164),
2026-08-28 03:02:57,448 | INFO | flwr | 	                 (24, 0.6426940668824164),
simulation-0 | INFO flwr 2026-08-28 03:02:57,448 | server.py:495 | 	                 (25, 0.6377622437971953),
2026-08-28 03:02:57,448 | INFO | flwr | 	                 (25, 0.6377622437971953),
simulation-0 | INFO flwr 2026-08-28 03:02:57,448 | server.py:495 | 	                 (26, 0.6329458468176915),
2026-08-28 03:02:57,448 | INFO | flwr | 	                 (26, 0.6329458468176915),
simulation-0 | INFO flwr 2026-08-28 03:02:57,448 | server.py:495 | 	                 (27, 0.6527734627831716),
2026-08-28 03:02:57,448 | INFO | flwr | 	                 (27, 0.6527734627831716),
simulation-0 | INFO flwr 2026-08-28 03:02:57,448 | server.py:495 | 	                 (28, 0.6381292340884575),
2026-08-28 03:02:57,448 | INFO | flwr | 	                 (28, 0.6381292340884575),
simulation-0 | INFO flwr 2026-08-28 03:02:57,448 | server.py:495 | 	                 (29, 0.6346040992448759),
2026-08-28 03:02:57,448 | INFO | flwr | 	                 (29, 0.6346040992448759),
simulation-0 | INFO flwr 2026-08-28 03:02:57,448 | server.py:495 | 	                 (30, 0.6370787486515642),
2026-08-28 03:02:57,448 | INFO | flwr | 	                 (30, 0.6370787486515642),
simulation-0 | INFO flwr 2026-08-28 03:02:57,448 | server.py:495 | 	                 (31, 0.6313216828478965),
2026-08-28 03:02:57,448 | INFO | flwr | 	                 (31, 0.6313216828478965),
simulation-0 | INFO flwr 2026-08-28 03:02:57,448 | server.py:495 | 	                 (32, 0.6438487594390506),
2026-08-28 03:02:57,448 | INFO | flwr | 	                 (32, 0.6438487594390506),
simulation-0 | INFO flwr 2026-08-28 03:02:57,448 | server.py:495 | 	                 (33, 0.634228910463862),
2026-08-28 03:02:57,448 | INFO | flwr | 	                 (33, 0.634228910463862),
simulation-0 | INFO flwr 2026-08-28 03:02:57,448 | server.py:495 | 	                 (34, 0.6392235167206042),
2026-08-28 03:02:57,448 | INFO | flwr | 	                 (34, 0.6392235167206042),
simulation-0 | INFO flwr 2026-08-28 03:02:57,449 | server.py:495 | 	                 (35, 0.6429905070118662),
2026-08-28 03:02:57,449 | INFO | flwr | 	                 (35, 0.6429905070118662),
simulation-0 | INFO flwr 2026-08-28 03:02:57,449 | server.py:495 | 	                 (36, 0.6540271844660193),
2026-08-28 03:02:57,449 | INFO | flwr | 	                 (36, 0.6540271844660193),
simulation-0 | INFO flwr 2026-08-28 03:02:57,449 | server.py:495 | 	                 (37, 0.623846170442287),
2026-08-28 03:02:57,449 | INFO | flwr | 	                 (37, 0.623846170442287),
simulation-0 | INFO flwr 2026-08-28 03:02:57,449 | server.py:495 | 	                 (38, 0.6463825242718446),
2026-08-28 03:02:57,449 | INFO | flwr | 	                 (38, 0.6463825242718446),
simulation-0 | INFO flwr 2026-08-28 03:02:57,449 | server.py:495 | 	                 (39, 0.6483948220064725),
2026-08-28 03:02:57,449 | INFO | flwr | 	                 (39, 0.6483948220064725),
simulation-0 | INFO flwr 2026-08-28 03:02:57,449 | server.py:495 | 	                 (40, 0.6466107874865156),
2026-08-28 03:02:57,449 | INFO | flwr | 	                 (40, 0.6466107874865156),
simulation-0 | INFO flwr 2026-08-28 03:02:57,449 | server.py:495 | 	                 (41, 0.6456256742179073),
2026-08-28 03:02:57,449 | INFO | flwr | 	                 (41, 0.6456256742179073),
simulation-0 | INFO flwr 2026-08-28 03:02:57,449 | server.py:495 | 	                 (42, 0.63241380798274),
2026-08-28 03:02:57,449 | INFO | flwr | 	                 (42, 0.63241380798274),
simulation-0 | INFO flwr 2026-08-28 03:02:57,449 | server.py:495 | 	                 (43, 0.6362724919093852),
2026-08-28 03:02:57,449 | INFO | flwr | 	                 (43, 0.6362724919093852),
simulation-0 | INFO flwr 2026-08-28 03:02:57,449 | server.py:495 | 	                 (44, 0.6577641855447681),
2026-08-28 03:02:57,449 | INFO | flwr | 	                 (44, 0.6577641855447681),
simulation-0 | INFO flwr 2026-08-28 03:02:57,449 | server.py:495 | 	                 (45, 0.649178640776699),
2026-08-28 03:02:57,449 | INFO | flwr | 	                 (45, 0.649178640776699),
simulation-0 | INFO flwr 2026-08-28 03:02:57,449 | server.py:495 | 	                 (46, 0.6452537216828478),
2026-08-28 03:02:57,449 | INFO | flwr | 	                 (46, 0.6452537216828478),
simulation-0 | INFO flwr 2026-08-28 03:02:57,449 | server.py:495 | 	                 (47, 0.66162761596548),
2026-08-28 03:02:57,449 | INFO | flwr | 	                 (47, 0.66162761596548),
simulation-0 | INFO flwr 2026-08-28 03:02:57,449 | server.py:495 | 	                 (48, 0.6351091693635383),
2026-08-28 03:02:57,449 | INFO | flwr | 	                 (48, 0.6351091693635383),
simulation-0 | INFO flwr 2026-08-28 03:02:57,449 | server.py:495 | 	                 (49, 0.6246012944983819),
2026-08-28 03:02:57,449 | INFO | flwr | 	                 (49, 0.6246012944983819),
simulation-0 | INFO flwr 2026-08-28 03:02:57,449 | server.py:495 | 	                 (50, 0.6225067961165048),
2026-08-28 03:02:57,449 | INFO | flwr | 	                 (50, 0.6225067961165048),
simulation-0 | INFO flwr 2026-08-28 03:02:57,449 | server.py:495 | 	                 (51, 0.6264623516720604),
2026-08-28 03:02:57,449 | INFO | flwr | 	                 (51, 0.6264623516720604),
simulation-0 | INFO flwr 2026-08-28 03:02:57,449 | server.py:495 | 	                 (52, 0.6544983818770227),
2026-08-28 03:02:57,449 | INFO | flwr | 	                 (52, 0.6544983818770227),
simulation-0 | INFO flwr 2026-08-28 03:02:57,449 | server.py:495 | 	                 (53, 0.6386783171521037),
2026-08-28 03:02:57,449 | INFO | flwr | 	                 (53, 0.6386783171521037),
simulation-0 | INFO flwr 2026-08-28 03:02:57,449 | server.py:495 | 	                 (54, 0.6384744336569579),
2026-08-28 03:02:57,449 | INFO | flwr | 	                 (54, 0.6384744336569579),
simulation-0 | INFO flwr 2026-08-28 03:02:57,450 | server.py:495 | 	                 (55, 0.6556308522114347),
2026-08-28 03:02:57,450 | INFO | flwr | 	                 (55, 0.6556308522114347),
simulation-0 | INFO flwr 2026-08-28 03:02:57,450 | server.py:495 | 	                 (56, 0.6405458468176914),
2026-08-28 03:02:57,450 | INFO | flwr | 	                 (56, 0.6405458468176914),
simulation-0 | INFO flwr 2026-08-28 03:02:57,450 | server.py:495 | 	                 (57, 0.631177346278317),
2026-08-28 03:02:57,450 | INFO | flwr | 	                 (57, 0.631177346278317),
simulation-0 | INFO flwr 2026-08-28 03:02:57,450 | server.py:495 | 	                 (58, 0.6282377562028048),
2026-08-28 03:02:57,450 | INFO | flwr | 	                 (58, 0.6282377562028048),
simulation-0 | INFO flwr 2026-08-28 03:02:57,450 | server.py:495 | 	                 (59, 0.6408403451995685),
2026-08-28 03:02:57,450 | INFO | flwr | 	                 (59, 0.6408403451995685),
simulation-0 | INFO flwr 2026-08-28 03:02:57,450 | server.py:495 | 	                 (60, 0.654011650485437),
2026-08-28 03:02:57,450 | INFO | flwr | 	                 (60, 0.654011650485437),
simulation-0 | INFO flwr 2026-08-28 03:02:57,450 | server.py:495 | 	                 (61, 0.6267346278317153),
2026-08-28 03:02:57,450 | INFO | flwr | 	                 (61, 0.6267346278317153),
simulation-0 | INFO flwr 2026-08-28 03:02:57,450 | server.py:495 | 	                 (62, 0.645394390507012),
2026-08-28 03:02:57,450 | INFO | flwr | 	                 (62, 0.645394390507012),
simulation-0 | INFO flwr 2026-08-28 03:02:57,450 | server.py:495 | 	                 (63, 0.6395160733549083),
2026-08-28 03:02:57,450 | INFO | flwr | 	                 (63, 0.6395160733549083),
simulation-0 | INFO flwr 2026-08-28 03:02:57,450 | server.py:495 | 	                 (64, 0.6502578209277238),
2026-08-28 03:02:57,450 | INFO | flwr | 	                 (64, 0.6502578209277238),
simulation-0 | INFO flwr 2026-08-28 03:02:57,450 | server.py:495 | 	                 (65, 0.6599471413160733),
2026-08-28 03:02:57,450 | INFO | flwr | 	                 (65, 0.6599471413160733),
simulation-0 | INFO flwr 2026-08-28 03:02:57,450 | server.py:495 | 	                 (66, 0.6576355987055017),
2026-08-28 03:02:57,450 | INFO | flwr | 	                 (66, 0.6576355987055017),
simulation-0 | INFO flwr 2026-08-28 03:02:57,450 | server.py:495 | 	                 (67, 0.6282489751887811),
2026-08-28 03:02:57,450 | INFO | flwr | 	                 (67, 0.6282489751887811),
simulation-0 | INFO flwr 2026-08-28 03:02:57,450 | server.py:495 | 	                 (68, 0.6475249190938511),
2026-08-28 03:02:57,450 | INFO | flwr | 	                 (68, 0.6475249190938511),
simulation-0 | INFO flwr 2026-08-28 03:02:57,450 | server.py:495 | 	                 (69, 0.6414608414239483),
2026-08-28 03:02:57,450 | INFO | flwr | 	                 (69, 0.6414608414239483),
simulation-0 | INFO flwr 2026-08-28 03:02:57,450 | server.py:495 | 	                 (70, 0.656397842502697),
2026-08-28 03:02:57,450 | INFO | flwr | 	                 (70, 0.656397842502697),
simulation-0 | INFO flwr 2026-08-28 03:02:57,450 | server.py:495 | 	                 (71, 0.63044832793959),
2026-08-28 03:02:57,450 | INFO | flwr | 	                 (71, 0.63044832793959),
simulation-0 | INFO flwr 2026-08-28 03:02:57,450 | server.py:495 | 	                 (72, 0.654203451995685),
2026-08-28 03:02:57,450 | INFO | flwr | 	                 (72, 0.654203451995685),
simulation-0 | INFO flwr 2026-08-28 03:02:57,450 | server.py:495 | 	                 (73, 0.6451188781014023),
2026-08-28 03:02:57,450 | INFO | flwr | 	                 (73, 0.6451188781014023),
simulation-0 | INFO flwr 2026-08-28 03:02:57,450 | server.py:495 | 	                 (74, 0.6455833872707659),
2026-08-28 03:02:57,450 | INFO | flwr | 	                 (74, 0.6455833872707659),
simulation-0 | INFO flwr 2026-08-28 03:02:57,451 | server.py:495 | 	                 (75, 0.6421279395900753),
2026-08-28 03:02:57,451 | INFO | flwr | 	                 (75, 0.6421279395900753),
simulation-0 | INFO flwr 2026-08-28 03:02:57,451 | server.py:495 | 	                 (76, 0.6444714131607336),
2026-08-28 03:02:57,451 | INFO | flwr | 	                 (76, 0.6444714131607336),
simulation-0 | INFO flwr 2026-08-28 03:02:57,451 | server.py:495 | 	                 (77, 0.6322768069039915),
2026-08-28 03:02:57,451 | INFO | flwr | 	                 (77, 0.6322768069039915),
simulation-0 | INFO flwr 2026-08-28 03:02:57,451 | server.py:495 | 	                 (78, 0.6438903991370011),
2026-08-28 03:02:57,451 | INFO | flwr | 	                 (78, 0.6438903991370011),
simulation-0 | INFO flwr 2026-08-28 03:02:57,451 | server.py:495 | 	                 (79, 0.6218862998921252),
2026-08-28 03:02:57,451 | INFO | flwr | 	                 (79, 0.6218862998921252),
simulation-0 | INFO flwr 2026-08-28 03:02:57,451 | server.py:495 | 	                 (80, 0.6531741100323625),
2026-08-28 03:02:57,451 | INFO | flwr | 	                 (80, 0.6531741100323625),
simulation-0 | INFO flwr 2026-08-28 03:02:57,451 | server.py:495 | 	                 (81, 0.6582500539374326),
2026-08-28 03:02:57,451 | INFO | flwr | 	                 (81, 0.6582500539374326),
simulation-0 | INFO flwr 2026-08-28 03:02:57,451 | server.py:495 | 	                 (82, 0.6258612729234089),
2026-08-28 03:02:57,451 | INFO | flwr | 	                 (82, 0.6258612729234089),
simulation-0 | INFO flwr 2026-08-28 03:02:57,451 | server.py:495 | 	                 (83, 0.6459011866235166),
2026-08-28 03:02:57,451 | INFO | flwr | 	                 (83, 0.6459011866235166),
simulation-0 | INFO flwr 2026-08-28 03:02:57,451 | server.py:495 | 	                 (84, 0.6455275080906149),
2026-08-28 03:02:57,451 | INFO | flwr | 	                 (84, 0.6455275080906149),
simulation-0 | INFO flwr 2026-08-28 03:02:57,451 | server.py:495 | 	                 (85, 0.6536064724919095),
2026-08-28 03:02:57,451 | INFO | flwr | 	                 (85, 0.6536064724919095),
simulation-0 | INFO flwr 2026-08-28 03:02:57,451 | server.py:495 | 	                 (86, 0.6415249190938511),
2026-08-28 03:02:57,451 | INFO | flwr | 	                 (86, 0.6415249190938511),
simulation-0 | INFO flwr 2026-08-28 03:02:57,451 | server.py:495 | 	                 (87, 0.6191044228694714),
2026-08-28 03:02:57,451 | INFO | flwr | 	                 (87, 0.6191044228694714),
simulation-0 | INFO flwr 2026-08-28 03:02:57,451 | server.py:495 | 	                 (88, 0.6476604099244877),
2026-08-28 03:02:57,451 | INFO | flwr | 	                 (88, 0.6476604099244877),
simulation-0 | INFO flwr 2026-08-28 03:02:57,451 | server.py:495 | 	                 (89, 0.641831715210356),
2026-08-28 03:02:57,451 | INFO | flwr | 	                 (89, 0.641831715210356),
simulation-0 | INFO flwr 2026-08-28 03:02:57,451 | server.py:495 | 	                 (90, 0.646652427184466),
2026-08-28 03:02:57,451 | INFO | flwr | 	                 (90, 0.646652427184466),
simulation-0 | INFO flwr 2026-08-28 03:02:57,451 | server.py:495 | 	                 (91, 0.6460729234088457),
2026-08-28 03:02:57,451 | INFO | flwr | 	                 (91, 0.6460729234088457),
simulation-0 | INFO flwr 2026-08-28 03:02:57,451 | server.py:495 | 	                 (92, 0.644011650485437),
2026-08-28 03:02:57,451 | INFO | flwr | 	                 (92, 0.644011650485437),
simulation-0 | INFO flwr 2026-08-28 03:02:57,451 | server.py:495 | 	                 (93, 0.634664077669903),
2026-08-28 03:02:57,451 | INFO | flwr | 	                 (93, 0.634664077669903),
simulation-0 | INFO flwr 2026-08-28 03:02:57,451 | server.py:495 | 	                 (94, 0.6425096008629989),
2026-08-28 03:02:57,451 | INFO | flwr | 	                 (94, 0.6425096008629989),
simulation-0 | INFO flwr 2026-08-28 03:02:57,452 | server.py:495 | 	                 (95, 0.6318828478964402),
2026-08-28 03:02:57,452 | INFO | flwr | 	                 (95, 0.6318828478964402),
simulation-0 | INFO flwr 2026-08-28 03:02:57,452 | server.py:495 | 	                 (96, 0.6479132686084143),
2026-08-28 03:02:57,452 | INFO | flwr | 	                 (96, 0.6479132686084143),
simulation-0 | INFO flwr 2026-08-28 03:02:57,452 | server.py:495 | 	                 (97, 0.6519085221143472),
2026-08-28 03:02:57,452 | INFO | flwr | 	                 (97, 0.6519085221143472),
simulation-0 | INFO flwr 2026-08-28 03:02:57,452 | server.py:495 | 	                 (98, 0.6367423948220066),
2026-08-28 03:02:57,452 | INFO | flwr | 	                 (98, 0.6367423948220066),
simulation-0 | INFO flwr 2026-08-28 03:02:57,452 | server.py:495 | 	                 (99, 0.6431585760517798),
2026-08-28 03:02:57,452 | INFO | flwr | 	                 (99, 0.6431585760517798),
simulation-0 | INFO flwr 2026-08-28 03:02:57,452 | server.py:495 | 	                 (100, 0.6574394822006472)]}
2026-08-28 03:02:57,452 | INFO | flwr | 	                 (100, 0.6574394822006472)]}
simulation-0 | INFO flwr 2026-08-28 03:02:57,452 | server.py:496 | 
2026-08-28 03:02:57,452 | INFO | flwr | 
2026-08-28 03:02:57,473 | INFO | __main__ | Saved final history.json and metrics.csv to logs
2026-08-28 03:02:57,541 | INFO | timm.models._builder | Loading pretrained weights from Hugging Face hub (timm/fastvit_t8.apple_in1k)
2026-08-28 03:02:57,919 | INFO | httpx | HTTP Request: GET https://huggingface.co/api/agent-harnesses "HTTP/1.1 200 OK"
2026-08-28 03:02:58,075 | INFO | httpx | HTTP Request: HEAD https://huggingface.co/timm/fastvit_t8.apple_in1k/resolve/main/model.safetensors "HTTP/1.1 302 Found"
2026-08-28 03:02:58,076 | WARNING | huggingface_hub.utils._http | Warning: You are sending unauthenticated requests to the HF Hub. Please set a HF_TOKEN to enable higher rate limits and faster downloads.
2026-08-28 03:02:58,078 | INFO | timm.models._hub | [timm/fastvit_t8.apple_in1k] Safe alternative available for 'pytorch_model.bin' (as 'model.safetensors'). Loading weights using safetensors.
2026-08-28 03:02:58,101 | INFO | timm.models._builder | Converted input conv stem.0.conv_kxk.0.conv pretrained weights from 3 to 1 channel(s)
2026-08-28 03:02:58,101 | INFO | timm.models._builder | Converted input conv stem.0.conv_scale.conv pretrained weights from 3 to 1 channel(s)
2026-08-28 03:02:58,116 | INFO | timm.models._builder | Missing keys (head.fc.weight, head.fc.bias) discovered while loading pretrained weights. This is expected if model is being adapted.
2026-08-28 03:02:58,196 | INFO | __main__ | Saved final global model to logs/model_final.pt
