2026-09-04 23:39:23,723 | INFO | src.trainer.client.client_7 | Round 1 learning rate set to 0.0001
2026-09-04 23:39:23,724 | INFO | src.trainer.client.client_7 | Starting local training for round 1
2026-09-04 23:39:50,326 | INFO | src.trainer.client.client_7 | Round 1 local epoch 1/3: train_loss=1.507706
2026-09-04 23:40:13,202 | INFO | src.trainer.client.client_7 | Round 1 local epoch 2/3: train_loss=1.235827
2026-09-04 23:40:38,216 | INFO | src.trainer.client.client_7 | Round 1 local epoch 3/3: train_loss=1.092375
2026-09-04 23:41:02,889 | INFO | src.trainer.client.client_7 | Round 1 local fit metrics: {'train_loss': 1.092375394915357, 'lr': 0.0001, 'train_accuracy': 0.6817777777777778, 'train_precision': 0.680071966797908, 'train_recall': 0.6916, 'train_f1': 0.6765775686829251, 'train_image_accuracy': 0.7111111111111111, 'train_image_precision': 0.70503663003663, 'train_image_recall': 0.7177777777777778, 'train_image_f1': 0.7050553789549616, 'val_loss': 1.0305024478170606, 'val_accuracy': 0.5903703703703703, 'val_precision': 0.7127273319444539, 'val_recall': 0.6193333333333333, 'val_f1': 0.5896778644069666, 'val_image_accuracy': 0.6666666666666666, 'val_image_precision': 0.5666666666666667, 'val_image_recall': 0.7, 'val_image_f1': 0.6133333333333333}
2026-09-04 23:41:34,536 | INFO | src.trainer.client.client_7 | Round 1 local test metrics: loss=1.423587 metrics={'test_accuracy': 0.37533333333333335, 'test_precision': 0.36878064171891906, 'test_recall': 0.37533333333333335, 'test_f1': 0.3555864873983551, 'test_image_accuracy': 0.4, 'test_image_precision': 0.36666666666666664, 'test_image_recall': 0.4, 'test_image_f1': 0.38}
2026-09-04 23:44:54,100 | INFO | src.trainer.client.client_7 | Round 2 learning rate set to 9.99751e-05
2026-09-04 23:44:54,100 | INFO | src.trainer.client.client_7 | Starting local training for round 2
2026-09-04 23:45:18,509 | INFO | src.trainer.client.client_7 | Round 2 local epoch 1/3: train_loss=1.168361
2026-09-04 23:45:41,928 | INFO | src.trainer.client.client_7 | Round 2 local epoch 2/3: train_loss=0.991723
2026-09-04 23:46:06,469 | INFO | src.trainer.client.client_7 | Round 2 local epoch 3/3: train_loss=0.901105
2026-09-04 23:46:32,344 | INFO | src.trainer.client.client_7 | Round 2 local fit metrics: {'train_loss': 0.9011053528020412, 'lr': 9.997507884796767e-05, 'train_accuracy': 0.7814074074074074, 'train_precision': 0.8036007704602097, 'train_recall': 0.7773703703703704, 'train_f1': 0.7849549223970689, 'train_image_accuracy': 0.8222222222222222, 'train_image_precision': 0.8424242424242424, 'train_image_recall': 0.8266666666666665, 'train_image_f1': 0.8299886078833447, 'val_loss': 0.7314128912350646, 'val_accuracy': 0.7011111111111111, 'val_precision': 0.7412707964781504, 'val_recall': 0.7303333333333333, 'val_f1': 0.6971687210086479, 'val_image_accuracy': 0.7777777777777778, 'val_image_precision': 0.8, 'val_image_recall': 0.8, 'val_image_f1': 0.7666666666666666}
2026-09-04 23:50:01,790 | INFO | src.trainer.client.client_7 | Round 2 local test metrics: loss=1.319069 metrics={'test_accuracy': 0.436, 'test_precision': 0.41388829543087996, 'test_recall': 0.43599999999999994, 'test_f1': 0.4022783175929071, 'test_image_accuracy': 0.4, 'test_image_precision': 0.3, 'test_image_recall': 0.4, 'test_image_f1': 0.3333333333333333}
2026-09-04 23:55:21,785 | INFO | src.trainer.client.client_7 | Round 3 learning rate set to 9.99003e-05
2026-09-04 23:55:21,785 | INFO | src.trainer.client.client_7 | Starting local training for round 3
2026-09-04 23:55:45,073 | INFO | src.trainer.client.client_7 | Round 3 local epoch 1/3: train_loss=0.971997
2026-09-04 23:56:09,066 | INFO | src.trainer.client.client_7 | Round 3 local epoch 2/3: train_loss=0.834276
2026-09-04 23:56:31,581 | INFO | src.trainer.client.client_7 | Round 3 local epoch 3/3: train_loss=0.749411
2026-09-04 23:56:57,538 | INFO | src.trainer.client.client_7 | Round 3 local fit metrics: {'train_loss': 0.7494106999738717, 'lr': 9.990034048535828e-05, 'train_accuracy': 0.7696296296296297, 'train_precision': 0.8010464328716169, 'train_recall': 0.7856518518518518, 'train_f1': 0.7687410675747313, 'train_image_accuracy': 0.7777777777777778, 'train_image_precision': 0.847564935064935, 'train_image_recall': 0.8, 'train_image_f1': 0.7701294261294261, 'val_loss': 1.0145289538690336, 'val_accuracy': 0.6137037037037038, 'val_precision': 0.6685835200034036, 'val_recall': 0.6523333333333333, 'val_f1': 0.5933587852151223, 'val_image_accuracy': 0.6666666666666666, 'val_image_precision': 0.7666666666666667, 'val_image_recall': 0.7, 'val_image_f1': 0.6666666666666666}
2026-09-04 23:58:45,649 | INFO | src.trainer.client.client_7 | Round 3 local test metrics: loss=1.145519 metrics={'test_accuracy': 0.5246666666666666, 'test_precision': 0.5438318029358288, 'test_recall': 0.5246666666666666, 'test_f1': 0.5077673172989685, 'test_image_accuracy': 0.5, 'test_image_precision': 0.5666666666666667, 'test_image_recall': 0.5, 'test_image_f1': 0.48}
2026-09-05 00:04:03,328 | INFO | src.trainer.client.client_7 | Round 4 learning rate set to 9.97759e-05
2026-09-05 00:04:03,328 | INFO | src.trainer.client.client_7 | Starting local training for round 4
2026-09-05 00:04:27,764 | INFO | src.trainer.client.client_7 | Round 4 local epoch 1/3: train_loss=0.847258
2026-09-05 00:04:50,949 | INFO | src.trainer.client.client_7 | Round 4 local epoch 2/3: train_loss=0.732515
2026-09-05 00:05:12,937 | INFO | src.trainer.client.client_7 | Round 4 local epoch 3/3: train_loss=0.652234
2026-09-05 00:05:40,603 | INFO | src.trainer.client.client_7 | Round 4 local fit metrics: {'train_loss': 0.6522341744693709, 'lr': 9.97758601673677e-05, 'train_accuracy': 0.7767407407407407, 'train_precision': 0.8061259302012133, 'train_recall': 0.7857999999999998, 'train_f1': 0.7706447672834403, 'train_image_accuracy': 0.8666666666666667, 'train_image_precision': 0.9002797202797204, 'train_image_recall': 0.8800000000000001, 'train_image_f1': 0.8674458874458875, 'val_loss': 1.4273247823988398, 'val_accuracy': 0.5140740740740741, 'val_precision': 0.576674873470947, 'val_recall': 0.5626666666666666, 'val_f1': 0.5047841048309106, 'val_image_accuracy': 0.5555555555555556, 'val_image_precision': 0.5333333333333333, 'val_image_recall': 0.6, 'val_image_f1': 0.5133333333333333}
2026-09-05 00:07:44,046 | INFO | src.trainer.client.client_7 | Round 4 local test metrics: loss=1.069361 metrics={'test_accuracy': 0.5633333333333334, 'test_precision': 0.615474826143852, 'test_recall': 0.5633333333333332, 'test_f1': 0.550701516750028, 'test_image_accuracy': 0.6, 'test_image_precision': 0.7, 'test_image_recall': 0.6, 'test_image_f1': 0.6066666666666667}
2026-09-05 00:14:21,086 | INFO | src.trainer.client.client_7 | Round 5 learning rate set to 9.96018e-05
2026-09-05 00:14:21,086 | INFO | src.trainer.client.client_7 | Starting local training for round 5
2026-09-05 00:14:45,411 | INFO | src.trainer.client.client_7 | Round 5 local epoch 1/3: train_loss=0.784926
2026-09-05 00:15:09,221 | INFO | src.trainer.client.client_7 | Round 5 local epoch 2/3: train_loss=0.643477
2026-09-05 00:15:33,730 | INFO | src.trainer.client.client_7 | Round 5 local epoch 3/3: train_loss=0.569968
2026-09-05 00:16:01,021 | INFO | src.trainer.client.client_7 | Round 5 local fit metrics: {'train_loss': 0.5699675824907091, 'lr': 9.960176323512438e-05, 'train_accuracy': 0.8354814814814815, 'train_precision': 0.8509017724802129, 'train_recall': 0.8463851851851851, 'train_f1': 0.8403467379626595, 'train_image_accuracy': 0.9555555555555556, 'train_image_precision': 0.9636363636363636, 'train_image_recall': 0.96, 'train_image_f1': 0.9589473684210527, 'val_loss': 1.3035506653513207, 'val_accuracy': 0.5962962962962963, 'val_precision': 0.6675107118820851, 'val_recall': 0.6366666666666666, 'val_f1': 0.5825954656549974, 'val_image_accuracy': 0.5555555555555556, 'val_image_precision': 0.5333333333333333, 'val_image_recall': 0.6, 'val_image_f1': 0.5133333333333333}
2026-09-05 00:16:15,162 | INFO | src.trainer.client.client_7 | Round 5 local test metrics: loss=1.020682 metrics={'test_accuracy': 0.618, 'test_precision': 0.6786988478201877, 'test_recall': 0.6180000000000001, 'test_f1': 0.6121211925980877, 'test_image_accuracy': 0.7, 'test_image_precision': 0.8, 'test_image_recall': 0.7, 'test_image_f1': 0.7}
2026-09-05 00:18:09,640 | INFO | src.trainer.client.client_7 | Round 6 learning rate set to 9.93782e-05
2026-09-05 00:18:09,641 | INFO | src.trainer.client.client_7 | Starting local training for round 6
2026-09-05 00:18:34,625 | INFO | src.trainer.client.client_7 | Round 6 local epoch 1/3: train_loss=0.712918
2026-09-05 00:18:56,981 | INFO | src.trainer.client.client_7 | Round 6 local epoch 2/3: train_loss=0.574214
2026-09-05 00:19:18,457 | INFO | src.trainer.client.client_7 | Round 6 local epoch 3/3: train_loss=0.542014
2026-09-05 00:19:44,474 | INFO | src.trainer.client.client_7 | Round 6 local fit metrics: {'train_loss': 0.5420142097090498, 'lr': 9.937822498948152e-05, 'train_accuracy': 0.9237037037037037, 'train_precision': 0.9326734764143307, 'train_recall': 0.9156444444444445, 'train_f1': 0.9209126039345655, 'train_image_accuracy': 0.9555555555555556, 'train_image_precision': 0.9636363636363636, 'train_image_recall': 0.9466666666666667, 'train_image_f1': 0.9512918660287081, 'val_loss': 1.2189919089477648, 'val_accuracy': 0.5703703703703704, 'val_precision': 0.5587275538899692, 'val_recall': 0.612, 'val_f1': 0.5542172365914518, 'val_image_accuracy': 0.6666666666666666, 'val_image_precision': 0.5666666666666667, 'val_image_recall': 0.7, 'val_image_f1': 0.5866666666666667}
2026-09-05 00:25:07,700 | INFO | src.trainer.client.client_7 | Round 6 local test metrics: loss=1.058629 metrics={'test_accuracy': 0.629, 'test_precision': 0.7085929184667379, 'test_recall': 0.629, 'test_f1': 0.6171005528069855, 'test_image_accuracy': 0.7, 'test_image_precision': 0.8800000000000001, 'test_image_recall': 0.7, 'test_image_f1': 0.7142857142857142}
2026-09-05 00:25:09,860 | INFO | src.trainer.client.client_7 | Round 7 learning rate set to 9.91055e-05
2026-09-05 00:25:09,860 | INFO | src.trainer.client.client_7 | Starting local training for round 7
2026-09-05 00:25:33,091 | INFO | src.trainer.client.client_7 | Round 7 local epoch 1/3: train_loss=0.659415
2026-09-05 00:25:56,347 | INFO | src.trainer.client.client_7 | Round 7 local epoch 2/3: train_loss=0.543362
2026-09-05 00:26:20,966 | INFO | src.trainer.client.client_7 | Round 7 local epoch 3/3: train_loss=0.511308
2026-09-05 00:26:48,456 | INFO | src.trainer.client.client_7 | Round 7 local fit metrics: {'train_loss': 0.5113081762820114, 'lr': 9.910547051450398e-05, 'train_accuracy': 0.9322962962962963, 'train_precision': 0.9265288631316236, 'train_recall': 0.9357111111111109, 'train_f1': 0.9288718517750997, 'train_image_accuracy': 1.0, 'train_image_precision': 1.0, 'train_image_recall': 1.0, 'train_image_f1': 1.0, 'val_loss': 1.6712050873365392, 'val_accuracy': 0.5070370370370371, 'val_precision': 0.5456474452264948, 'val_recall': 0.5556666666666666, 'val_f1': 0.5084254363532613, 'val_image_accuracy': 0.4444444444444444, 'val_image_precision': 0.4333333333333333, 'val_image_recall': 0.5, 'val_image_f1': 0.4133333333333333}
2026-09-05 00:33:44,859 | INFO | src.trainer.client.client_7 | Round 7 local test metrics: loss=0.983891 metrics={'test_accuracy': 0.5946666666666667, 'test_precision': 0.6540753541980361, 'test_recall': 0.5946666666666667, 'test_f1': 0.5915112983175725, 'test_image_accuracy': 0.8, 'test_image_precision': 0.8333333333333333, 'test_image_recall': 0.8, 'test_image_f1': 0.7933333333333332}
2026-09-05 00:35:30,877 | INFO | src.trainer.client.client_7 | Round 8 learning rate set to 9.87838e-05
2026-09-05 00:35:30,877 | INFO | src.trainer.client.client_7 | Starting local training for round 8
2026-09-05 00:35:55,335 | INFO | src.trainer.client.client_7 | Round 8 local epoch 1/3: train_loss=0.625143
2026-09-05 00:36:18,599 | INFO | src.trainer.client.client_7 | Round 8 local epoch 2/3: train_loss=0.503812
2026-09-05 00:36:42,412 | INFO | src.trainer.client.client_7 | Round 8 local epoch 3/3: train_loss=0.463037
2026-09-05 00:37:09,721 | INFO | src.trainer.client.client_7 | Round 8 local fit metrics: {'train_loss': 0.4630369027161304, 'lr': 9.878377445082767e-05, 'train_accuracy': 0.9255555555555556, 'train_precision': 0.9304183201857572, 'train_recall': 0.9271407407407407, 'train_f1': 0.9275522220113454, 'train_image_accuracy': 0.9777777777777777, 'train_image_precision': 0.9800000000000001, 'train_image_recall': 0.9800000000000001, 'train_image_f1': 0.9789473684210526, 'val_loss': 1.35874464434882, 'val_accuracy': 0.5518518518518518, 'val_precision': 0.5894826704843161, 'val_recall': 0.5953333333333334, 'val_f1': 0.5518968429103098, 'val_image_accuracy': 0.5555555555555556, 'val_image_precision': 0.6666666666666667, 'val_image_recall': 0.6, 'val_image_f1': 0.5666666666666667}
2026-09-05 00:42:29,316 | INFO | src.trainer.client.client_7 | Round 8 local test metrics: loss=1.040632 metrics={'test_accuracy': 0.6263333333333333, 'test_precision': 0.6849003285370462, 'test_recall': 0.6263333333333333, 'test_f1': 0.6159157415270267, 'test_image_accuracy': 0.8, 'test_image_precision': 0.8333333333333333, 'test_image_recall': 0.8, 'test_image_f1': 0.7933333333333332}
2026-09-05 00:44:18,875 | INFO | src.trainer.client.client_7 | Round 9 learning rate set to 9.84135e-05
2026-09-05 00:44:18,875 | INFO | src.trainer.client.client_7 | Starting local training for round 9
2026-09-05 00:44:42,920 | INFO | src.trainer.client.client_7 | Round 9 local epoch 1/3: train_loss=0.565331
2026-09-05 00:45:09,554 | INFO | src.trainer.client.client_7 | Round 9 local epoch 2/3: train_loss=0.472357
2026-09-05 00:45:31,591 | INFO | src.trainer.client.client_7 | Round 9 local epoch 3/3: train_loss=0.439433
2026-09-05 00:45:57,299 | INFO | src.trainer.client.client_7 | Round 9 local fit metrics: {'train_loss': 0.43943284617529976, 'lr': 9.841346071911964e-05, 'train_accuracy': 0.9514074074074074, 'train_precision': 0.9529508389382217, 'train_recall': 0.9495777777777776, 'train_f1': 0.950976331398467, 'train_image_accuracy': 1.0, 'train_image_precision': 1.0, 'train_image_recall': 1.0, 'train_image_f1': 1.0, 'val_loss': 1.3926540492947592, 'val_accuracy': 0.5614814814814815, 'val_precision': 0.566970386558669, 'val_recall': 0.6020000000000001, 'val_f1': 0.5477026952599862, 'val_image_accuracy': 0.7777777777777778, 'val_image_precision': 0.8333333333333333, 'val_image_recall': 0.8, 'val_image_f1': 0.76}
2026-09-05 00:51:27,877 | INFO | src.trainer.client.client_7 | Round 9 local test metrics: loss=0.919948 metrics={'test_accuracy': 0.6393333333333333, 'test_precision': 0.7062132732668527, 'test_recall': 0.6393333333333333, 'test_f1': 0.6250032224411048, 'test_image_accuracy': 0.8, 'test_image_precision': 0.8333333333333333, 'test_image_recall': 0.8, 'test_image_f1': 0.7933333333333332}
2026-09-05 00:56:29,236 | INFO | src.trainer.client.client_7 | Round 10 learning rate set to 9.79949e-05
2026-09-05 00:56:29,236 | INFO | src.trainer.client.client_7 | Starting local training for round 10
2026-09-05 00:56:54,639 | INFO | src.trainer.client.client_7 | Round 10 local epoch 1/3: train_loss=0.531499
2026-09-05 00:57:16,398 | INFO | src.trainer.client.client_7 | Round 10 local epoch 2/3: train_loss=0.445030
2026-09-05 00:57:40,344 | INFO | src.trainer.client.client_7 | Round 10 local epoch 3/3: train_loss=0.400768
2026-09-05 00:58:07,941 | INFO | src.trainer.client.client_7 | Round 10 local fit metrics: {'train_loss': 0.4007683346521707, 'lr': 9.799490219391763e-05, 'train_accuracy': 0.955925925925926, 'train_precision': 0.9588142480525489, 'train_recall': 0.955548148148148, 'train_f1': 0.9569160837870612, 'train_image_accuracy': 1.0, 'train_image_precision': 1.0, 'train_image_recall': 1.0, 'train_image_f1': 1.0, 'val_loss': 1.4200800069726796, 'val_accuracy': 0.58, 'val_precision': 0.6392852916561064, 'val_recall': 0.6213333333333333, 'val_f1': 0.5724177852175404, 'val_image_accuracy': 0.6666666666666666, 'val_image_precision': 0.7666666666666667, 'val_image_recall': 0.7, 'val_image_f1': 0.6666666666666666}
2026-09-05 00:59:58,346 | INFO | src.trainer.client.client_7 | Round 10 local test metrics: loss=0.907573 metrics={'test_accuracy': 0.6586666666666666, 'test_precision': 0.7270709257276178, 'test_recall': 0.6586666666666666, 'test_f1': 0.6457066459437435, 'test_image_accuracy': 0.8, 'test_image_precision': 0.8333333333333333, 'test_image_recall': 0.8, 'test_image_f1': 0.7933333333333332}
2026-09-05 01:03:33,084 | INFO | src.trainer.client.client_7 | Round 11 learning rate set to 9.75285e-05
2026-09-05 01:03:33,084 | INFO | src.trainer.client.client_7 | Starting local training for round 11
2026-09-05 01:03:56,646 | INFO | src.trainer.client.client_7 | Round 11 local epoch 1/3: train_loss=0.507693
2026-09-05 01:04:22,408 | INFO | src.trainer.client.client_7 | Round 11 local epoch 2/3: train_loss=0.397414
2026-09-05 01:04:46,056 | INFO | src.trainer.client.client_7 | Round 11 local epoch 3/3: train_loss=0.401339
2026-09-05 01:05:11,888 | INFO | src.trainer.client.client_7 | Round 11 local fit metrics: {'train_loss': 0.4013390361526866, 'lr': 9.75285203281768e-05, 'train_accuracy': 0.9631851851851851, 'train_precision': 0.9606688249415711, 'train_recall': 0.9622074074074074, 'train_f1': 0.9611962415401412, 'train_image_accuracy': 1.0, 'train_image_precision': 1.0, 'train_image_recall': 1.0, 'train_image_f1': 1.0, 'val_loss': 1.1241318836176113, 'val_accuracy': 0.63, 'val_precision': 0.6552820740202352, 'val_recall': 0.6663333333333332, 'val_f1': 0.6309285068266943, 'val_image_accuracy': 0.6666666666666666, 'val_image_precision': 0.7333333333333333, 'val_image_recall': 0.7, 'val_image_f1': 0.6599999999999999}
2026-09-05 01:08:51,929 | INFO | src.trainer.client.client_7 | Round 11 local test metrics: loss=0.972818 metrics={'test_accuracy': 0.6416666666666667, 'test_precision': 0.726982871216381, 'test_recall': 0.6416666666666667, 'test_f1': 0.6269394078465257, 'test_image_accuracy': 0.7, 'test_image_precision': 0.8, 'test_image_recall': 0.7, 'test_image_f1': 0.7}
2026-09-05 01:10:42,863 | INFO | src.trainer.client.client_7 | Round 12 learning rate set to 9.70148e-05
2026-09-05 01:10:42,864 | INFO | src.trainer.client.client_7 | Starting local training for round 12
2026-09-05 01:11:06,416 | INFO | src.trainer.client.client_7 | Round 12 local epoch 1/3: train_loss=0.497935
2026-09-05 01:11:28,409 | INFO | src.trainer.client.client_7 | Round 12 local epoch 2/3: train_loss=0.411016
2026-09-05 01:11:51,306 | INFO | src.trainer.client.client_7 | Round 12 local epoch 3/3: train_loss=0.369123
2026-09-05 01:12:17,919 | INFO | src.trainer.client.client_7 | Round 12 local fit metrics: {'train_loss': 0.36912267576029273, 'lr': 9.701478472890247e-05, 'train_accuracy': 0.9302962962962963, 'train_precision': 0.9281666583136488, 'train_recall': 0.9336296296296297, 'train_f1': 0.9301620210932044, 'train_image_accuracy': 1.0, 'train_image_precision': 1.0, 'train_image_recall': 1.0, 'train_image_f1': 1.0, 'val_loss': 2.185879978134159, 'val_accuracy': 0.4274074074074074, 'val_precision': 0.5320541048583778, 'val_recall': 0.484, 'val_f1': 0.41808760287767666, 'val_image_accuracy': 0.4444444444444444, 'val_image_precision': 0.36666666666666664, 'val_image_recall': 0.5, 'val_image_f1': 0.4133333333333333}
2026-09-05 01:17:27,280 | INFO | src.trainer.client.client_7 | Round 12 local test metrics: loss=0.983519 metrics={'test_accuracy': 0.6353333333333333, 'test_precision': 0.7134688394458409, 'test_recall': 0.6353333333333333, 'test_f1': 0.6085794371017855, 'test_image_accuracy': 0.6, 'test_image_precision': 0.5666666666666667, 'test_image_recall': 0.6, 'test_image_f1': 0.5466666666666666}
2026-09-05 01:19:22,600 | INFO | src.trainer.client.client_7 | Round 13 learning rate set to 9.64542e-05
2026-09-05 01:19:22,600 | INFO | src.trainer.client.client_7 | Starting local training for round 13
2026-09-05 01:19:45,834 | INFO | src.trainer.client.client_7 | Round 13 local epoch 1/3: train_loss=0.480640
2026-09-05 01:20:09,880 | INFO | src.trainer.client.client_7 | Round 13 local epoch 2/3: train_loss=0.404093
2026-09-05 01:20:31,556 | INFO | src.trainer.client.client_7 | Round 13 local epoch 3/3: train_loss=0.365771
2026-09-05 01:20:57,467 | INFO | src.trainer.client.client_7 | Round 13 local fit metrics: {'train_loss': 0.3657705114505909, 'lr': 9.64542126842956e-05, 'train_accuracy': 0.9384444444444444, 'train_precision': 0.9355273738734725, 'train_recall': 0.9408592592592593, 'train_f1': 0.9360774851422147, 'train_image_accuracy': 1.0, 'train_image_precision': 1.0, 'train_image_recall': 1.0, 'train_image_f1': 1.0, 'val_loss': 2.4413917174924995, 'val_accuracy': 0.3725925925925926, 'val_precision': 0.460654808323261, 'val_recall': 0.43533333333333335, 'val_f1': 0.3601258170723759, 'val_image_accuracy': 0.3333333333333333, 'val_image_precision': 0.25, 'val_image_recall': 0.4, 'val_image_f1': 0.3}
2026-09-05 01:26:23,559 | INFO | src.trainer.client.client_7 | Round 13 local test metrics: loss=1.019303 metrics={'test_accuracy': 0.6403333333333333, 'test_precision': 0.7222634229038812, 'test_recall': 0.6403333333333333, 'test_f1': 0.6161421192204741, 'test_image_accuracy': 0.7, 'test_image_precision': 0.8, 'test_image_recall': 0.7, 'test_image_f1': 0.7}
2026-09-05 01:26:25,564 | INFO | src.trainer.client.client_7 | Round 14 learning rate set to 9.58474e-05
2026-09-05 01:26:25,564 | INFO | src.trainer.client.client_7 | Starting local training for round 14
2026-09-05 01:26:49,830 | INFO | src.trainer.client.client_7 | Round 14 local epoch 1/3: train_loss=0.487312
2026-09-05 01:27:14,169 | INFO | src.trainer.client.client_7 | Round 14 local epoch 2/3: train_loss=0.399381
2026-09-05 01:27:36,197 | INFO | src.trainer.client.client_7 | Round 14 local epoch 3/3: train_loss=0.354782
2026-09-05 01:28:02,033 | INFO | src.trainer.client.client_7 | Round 14 local fit metrics: {'train_loss': 0.35478228407141604, 'lr': 9.584736864288745e-05, 'train_accuracy': 0.9568888888888889, 'train_precision': 0.9619549197885519, 'train_recall': 0.9556148148148148, 'train_f1': 0.9575687087809095, 'train_image_accuracy': 1.0, 'train_image_precision': 1.0, 'train_image_recall': 1.0, 'train_image_f1': 1.0, 'val_loss': 1.4792159437865915, 'val_accuracy': 0.6125925925925926, 'val_precision': 0.627931062665553, 'val_recall': 0.651, 'val_f1': 0.6121519746138945, 'val_image_accuracy': 0.5555555555555556, 'val_image_precision': 0.6, 'val_image_recall': 0.6, 'val_image_f1': 0.5666666666666667}
2026-09-05 01:35:12,766 | INFO | src.trainer.client.client_7 | Round 14 local test metrics: loss=1.060604 metrics={'test_accuracy': 0.63, 'test_precision': 0.7240826390135544, 'test_recall': 0.6300000000000001, 'test_f1': 0.5954166968040012, 'test_image_accuracy': 0.6, 'test_image_precision': 0.5666666666666667, 'test_image_recall': 0.6, 'test_image_f1': 0.5466666666666666}
2026-09-05 01:35:13,634 | INFO | src.trainer.client.client_7 | Round 15 learning rate set to 9.51949e-05
2026-09-05 01:35:13,634 | INFO | src.trainer.client.client_7 | Starting local training for round 15
2026-09-05 01:35:37,474 | INFO | src.trainer.client.client_7 | Round 15 local epoch 1/3: train_loss=0.449135
2026-09-05 01:36:01,368 | INFO | src.trainer.client.client_7 | Round 15 local epoch 2/3: train_loss=0.345002
2026-09-05 01:36:23,397 | INFO | src.trainer.client.client_7 | Round 15 local epoch 3/3: train_loss=0.334761
2026-09-05 01:36:51,061 | INFO | src.trainer.client.client_7 | Round 15 local fit metrics: {'train_loss': 0.3347606889701184, 'lr': 9.519486364518777e-05, 'train_accuracy': 0.9762962962962963, 'train_precision': 0.9758380484280916, 'train_recall': 0.976748148148148, 'train_f1': 0.9762310354486866, 'train_image_accuracy': 1.0, 'train_image_precision': 1.0, 'train_image_recall': 1.0, 'train_image_f1': 1.0, 'val_loss': 1.4374297960609612, 'val_accuracy': 0.6022222222222222, 'val_precision': 0.6358952033438705, 'val_recall': 0.6416666666666666, 'val_f1': 0.585165550088584, 'val_image_accuracy': 0.5555555555555556, 'val_image_precision': 0.5, 'val_image_recall': 0.6, 'val_image_f1': 0.49333333333333335}
2026-09-05 01:43:42,836 | INFO | src.trainer.client.client_7 | Round 15 local test metrics: loss=1.033196 metrics={'test_accuracy': 0.652, 'test_precision': 0.7227665965983132, 'test_recall': 0.652, 'test_f1': 0.6280489917349233, 'test_image_accuracy': 0.7, 'test_image_precision': 0.5999999999999999, 'test_image_recall': 0.7, 'test_image_f1': 0.64}
2026-09-05 01:45:27,850 | INFO | src.trainer.client.client_7 | Round 16 learning rate set to 9.44974e-05
2026-09-05 01:45:27,850 | INFO | src.trainer.client.client_7 | Starting local training for round 16
2026-09-05 01:45:50,209 | INFO | src.trainer.client.client_7 | Round 16 local epoch 1/3: train_loss=0.409509
2026-09-05 01:46:13,828 | INFO | src.trainer.client.client_7 | Round 16 local epoch 2/3: train_loss=0.353738
2026-09-05 01:46:36,547 | INFO | src.trainer.client.client_7 | Round 16 local epoch 3/3: train_loss=0.316131
2026-09-05 01:47:03,011 | INFO | src.trainer.client.client_7 | Round 16 local fit metrics: {'train_loss': 0.3161307521513951, 'lr': 9.449735470841871e-05, 'train_accuracy': 0.9518518518518518, 'train_precision': 0.9482470491523445, 'train_recall': 0.9539703703703702, 'train_f1': 0.9506243002804741, 'train_image_accuracy': 1.0, 'train_image_precision': 1.0, 'train_image_recall': 1.0, 'train_image_f1': 1.0, 'val_loss': 1.762485850552718, 'val_accuracy': 0.5070370370370371, 'val_precision': 0.636096454269153, 'val_recall': 0.5546666666666666, 'val_f1': 0.49860457435019423, 'val_image_accuracy': 0.4444444444444444, 'val_image_precision': 0.45, 'val_image_recall': 0.5, 'val_image_f1': 0.4333333333333333}
2026-09-05 01:52:18,951 | INFO | src.trainer.client.client_7 | Round 16 local test metrics: loss=0.912727 metrics={'test_accuracy': 0.673, 'test_precision': 0.7376558575163513, 'test_recall': 0.6729999999999999, 'test_f1': 0.6503813441601867, 'test_image_accuracy': 0.7, 'test_image_precision': 0.5999999999999999, 'test_image_recall': 0.7, 'test_image_f1': 0.64}
2026-09-05 01:57:24,208 | INFO | src.trainer.client.client_7 | Round 17 learning rate set to 9.37555e-05
2026-09-05 01:57:24,208 | INFO | src.trainer.client.client_7 | Starting local training for round 17
2026-09-05 01:57:46,931 | INFO | src.trainer.client.client_7 | Round 17 local epoch 1/3: train_loss=0.431668
2026-09-05 01:58:10,807 | INFO | src.trainer.client.client_7 | Round 17 local epoch 2/3: train_loss=0.342097
2026-09-05 01:58:33,143 | INFO | src.trainer.client.client_7 | Round 17 local epoch 3/3: train_loss=0.291803
2026-09-05 01:58:58,508 | INFO | src.trainer.client.client_7 | Round 17 local fit metrics: {'train_loss': 0.29180283422823305, 'lr': 9.375554416495436e-05, 'train_accuracy': 0.9763703703703703, 'train_precision': 0.9766566237171894, 'train_recall': 0.9766148148148147, 'train_f1': 0.9765576740543841, 'train_image_accuracy': 1.0, 'train_image_precision': 1.0, 'train_image_recall': 1.0, 'train_image_f1': 1.0, 'val_loss': 1.6658369930600747, 'val_accuracy': 0.6318518518518519, 'val_precision': 0.63800701519414, 'val_recall': 0.6676666666666667, 'val_f1': 0.630652488671565, 'val_image_accuracy': 0.7777777777777778, 'val_image_precision': 0.8333333333333333, 'val_image_recall': 0.8, 'val_image_f1': 0.76}
2026-09-05 02:01:06,549 | INFO | src.trainer.client.client_7 | Round 17 local test metrics: loss=0.995417 metrics={'test_accuracy': 0.658, 'test_precision': 0.7267495884296375, 'test_recall': 0.6579999999999999, 'test_f1': 0.6353466065517, 'test_image_accuracy': 0.8, 'test_image_precision': 0.8333333333333333, 'test_image_recall': 0.8, 'test_image_f1': 0.7933333333333332}
2026-09-05 02:04:28,090 | INFO | src.trainer.client.client_7 | Round 18 learning rate set to 9.29702e-05
2026-09-05 02:04:28,090 | INFO | src.trainer.client.client_7 | Starting local training for round 18
2026-09-05 02:04:52,870 | INFO | src.trainer.client.client_7 | Round 18 local epoch 1/3: train_loss=0.422016
2026-09-05 02:05:17,351 | INFO | src.trainer.client.client_7 | Round 18 local epoch 2/3: train_loss=0.335878
2026-09-05 02:05:40,122 | INFO | src.trainer.client.client_7 | Round 18 local epoch 3/3: train_loss=0.301819
2026-09-05 02:06:05,624 | INFO | src.trainer.client.client_7 | Round 18 local fit metrics: {'train_loss': 0.3018186805424867, 'lr': 9.297017895513137e-05, 'train_accuracy': 0.956, 'train_precision': 0.9544893690107955, 'train_recall': 0.9591555555555555, 'train_f1': 0.9561919499412443, 'train_image_accuracy': 1.0, 'train_image_precision': 1.0, 'train_image_recall': 1.0, 'train_image_f1': 1.0, 'val_loss': 1.9713479132050675, 'val_accuracy': 0.5459259259259259, 'val_precision': 0.5705874739763169, 'val_recall': 0.5913333333333334, 'val_f1': 0.5461274194211873, 'val_image_accuracy': 0.5555555555555556, 'val_image_precision': 0.6, 'val_image_recall': 0.6, 'val_image_f1': 0.5666666666666667}
2026-09-05 02:09:45,971 | INFO | src.trainer.client.client_7 | Round 18 local test metrics: loss=0.890911 metrics={'test_accuracy': 0.6826666666666666, 'test_precision': 0.7468887031889968, 'test_recall': 0.6826666666666668, 'test_f1': 0.6610481019213248, 'test_image_accuracy': 0.7, 'test_image_precision': 0.5999999999999999, 'test_image_recall': 0.7, 'test_image_f1': 0.64}
2026-09-05 02:11:30,351 | INFO | src.trainer.client.client_7 | Round 19 learning rate set to 9.2142e-05
2026-09-05 02:11:30,351 | INFO | src.trainer.client.client_7 | Starting local training for round 19
2026-09-05 02:11:54,444 | INFO | src.trainer.client.client_7 | Round 19 local epoch 1/3: train_loss=0.387081
2026-09-05 02:12:16,929 | INFO | src.trainer.client.client_7 | Round 19 local epoch 2/3: train_loss=0.310173
2026-09-05 02:12:40,847 | INFO | src.trainer.client.client_7 | Round 19 local epoch 3/3: train_loss=0.304279
2026-09-05 02:13:08,053 | INFO | src.trainer.client.client_7 | Round 19 local fit metrics: {'train_loss': 0.30427856156855454, 'lr': 9.214204987514347e-05, 'train_accuracy': 0.9674074074074074, 'train_precision': 0.9678689946568886, 'train_recall': 0.9676814814814815, 'train_f1': 0.9675008098232585, 'train_image_accuracy': 1.0, 'train_image_precision': 1.0, 'train_image_recall': 1.0, 'train_image_f1': 1.0, 'val_loss': 1.347207651709172, 'val_accuracy': 0.6477777777777778, 'val_precision': 0.6521248438616067, 'val_recall': 0.682, 'val_f1': 0.6399370898143927, 'val_image_accuracy': 0.7777777777777778, 'val_image_precision': 0.8, 'val_image_recall': 0.8, 'val_image_f1': 0.7666666666666666}
2026-09-05 02:18:32,284 | INFO | src.trainer.client.client_7 | Round 19 local test metrics: loss=1.004182 metrics={'test_accuracy': 0.6313333333333333, 'test_precision': 0.6944256626224299, 'test_recall': 0.6313333333333333, 'test_f1': 0.6026828780158333, 'test_image_accuracy': 0.7, 'test_image_precision': 0.5999999999999999, 'test_image_recall': 0.7, 'test_image_f1': 0.64}
2026-09-05 02:21:51,869 | INFO | src.trainer.client.client_7 | Round 20 learning rate set to 9.1272e-05
2026-09-05 02:21:51,869 | INFO | src.trainer.client.client_7 | Starting local training for round 20
2026-09-05 02:22:15,375 | INFO | src.trainer.client.client_7 | Round 20 local epoch 1/3: train_loss=0.381045
2026-09-05 02:22:36,810 | INFO | src.trainer.client.client_7 | Round 20 local epoch 2/3: train_loss=0.293094
2026-09-05 02:22:58,624 | INFO | src.trainer.client.client_7 | Round 20 local epoch 3/3: train_loss=0.278392
2026-09-05 02:23:24,657 | INFO | src.trainer.client.client_7 | Round 20 local fit metrics: {'train_loss': 0.27839235461788414, 'lr': 9.127199078077673e-05, 'train_accuracy': 0.9808888888888889, 'train_precision': 0.9822793747766587, 'train_recall': 0.9772000000000001, 'train_f1': 0.9794462837456166, 'train_image_accuracy': 1.0, 'train_image_precision': 1.0, 'train_image_recall': 1.0, 'train_image_f1': 1.0, 'val_loss': 1.1137751173090051, 'val_accuracy': 0.6466666666666666, 'val_precision': 0.680751276885201, 'val_recall': 0.6769999999999999, 'val_f1': 0.6441701960055877, 'val_image_accuracy': 0.5555555555555556, 'val_image_precision': 0.5, 'val_image_recall': 0.6, 'val_image_f1': 0.5066666666666666}
2026-09-05 02:26:58,274 | INFO | src.trainer.client.client_7 | Round 20 local test metrics: loss=1.111895 metrics={'test_accuracy': 0.6226666666666667, 'test_precision': 0.7040374071644132, 'test_recall': 0.6226666666666667, 'test_f1': 0.5903765605818118, 'test_image_accuracy': 0.7, 'test_image_precision': 0.5999999999999999, 'test_image_recall': 0.7, 'test_image_f1': 0.64}
2026-09-05 02:30:20,120 | INFO | src.trainer.client.client_7 | Round 21 learning rate set to 9.03609e-05
2026-09-05 02:30:20,120 | INFO | src.trainer.client.client_7 | Starting local training for round 21
2026-09-05 02:30:45,392 | INFO | src.trainer.client.client_7 | Round 21 local epoch 1/3: train_loss=0.384470
2026-09-05 02:31:06,763 | INFO | src.trainer.client.client_7 | Round 21 local epoch 2/3: train_loss=0.285515
2026-09-05 02:31:28,603 | INFO | src.trainer.client.client_7 | Round 21 local epoch 3/3: train_loss=0.293756
2026-09-05 02:31:54,660 | INFO | src.trainer.client.client_7 | Round 21 local fit metrics: {'train_loss': 0.2937560311364539, 'lr': 9.036087774778741e-05, 'train_accuracy': 0.9833333333333333, 'train_precision': 0.9833160669057426, 'train_recall': 0.982925925925926, 'train_f1': 0.9830983796618978, 'train_image_accuracy': 1.0, 'train_image_precision': 1.0, 'train_image_recall': 1.0, 'train_image_f1': 1.0, 'val_loss': 1.7201833714094634, 'val_accuracy': 0.5877777777777777, 'val_precision': 0.6259950017663355, 'val_recall': 0.6266666666666667, 'val_f1': 0.5848498409276213, 'val_image_accuracy': 0.5555555555555556, 'val_image_precision': 0.5, 'val_image_recall': 0.6, 'val_image_f1': 0.5066666666666666}
2026-09-05 02:35:38,587 | INFO | src.trainer.client.client_7 | Round 21 local test metrics: loss=0.932818 metrics={'test_accuracy': 0.658, 'test_precision': 0.7353229407053343, 'test_recall': 0.658, 'test_f1': 0.6256514862994262, 'test_image_accuracy': 0.7, 'test_image_precision': 0.5999999999999999, 'test_image_recall': 0.7, 'test_image_f1': 0.64}
2026-09-05 02:38:55,047 | INFO | src.trainer.client.client_7 | Round 22 learning rate set to 8.94096e-05
2026-09-05 02:38:55,047 | INFO | src.trainer.client.client_7 | Starting local training for round 22
2026-09-05 02:39:18,142 | INFO | src.trainer.client.client_7 | Round 22 local epoch 1/3: train_loss=0.346454
2026-09-05 02:39:43,258 | INFO | src.trainer.client.client_7 | Round 22 local epoch 2/3: train_loss=0.309633
2026-09-05 02:40:08,949 | INFO | src.trainer.client.client_7 | Round 22 local epoch 3/3: train_loss=0.257485
2026-09-05 02:40:34,242 | INFO | src.trainer.client.client_7 | Round 22 local fit metrics: {'train_loss': 0.25748501194847956, 'lr': 8.940962818976798e-05, 'train_accuracy': 0.9872592592592593, 'train_precision': 0.9876083171685437, 'train_recall': 0.9875185185185185, 'train_f1': 0.9875555510608226, 'train_image_accuracy': 1.0, 'train_image_precision': 1.0, 'train_image_recall': 1.0, 'train_image_f1': 1.0, 'val_loss': 1.5465177801234165, 'val_accuracy': 0.6133333333333333, 'val_precision': 0.6593544666836847, 'val_recall': 0.6513333333333333, 'val_f1': 0.6159659368344134, 'val_image_accuracy': 0.5555555555555556, 'val_image_precision': 0.6666666666666667, 'val_image_recall': 0.6, 'val_image_f1': 0.5666666666666667}
2026-09-05 02:44:08,777 | INFO | src.trainer.client.client_7 | Round 22 local test metrics: loss=0.947252 metrics={'test_accuracy': 0.6703333333333333, 'test_precision': 0.7365038465348063, 'test_recall': 0.6703333333333334, 'test_f1': 0.6407371220289263, 'test_image_accuracy': 0.7, 'test_image_precision': 0.5999999999999999, 'test_image_recall': 0.7, 'test_image_f1': 0.64}
2026-09-05 02:46:05,652 | INFO | src.trainer.client.client_7 | Round 23 learning rate set to 8.84192e-05
2026-09-05 02:46:05,652 | INFO | src.trainer.client.client_7 | Starting local training for round 23
2026-09-05 02:46:30,603 | INFO | src.trainer.client.client_7 | Round 23 local epoch 1/3: train_loss=0.349544
2026-09-05 02:46:53,960 | INFO | src.trainer.client.client_7 | Round 23 local epoch 2/3: train_loss=0.288730
2026-09-05 02:47:17,119 | INFO | src.trainer.client.client_7 | Round 23 local epoch 3/3: train_loss=0.254623
2026-09-05 02:47:44,530 | INFO | src.trainer.client.client_7 | Round 23 local fit metrics: {'train_loss': 0.25462323445228885, 'lr': 8.84191999343894e-05, 'train_accuracy': 0.9812592592592593, 'train_precision': 0.9814653283808678, 'train_recall': 0.9815037037037037, 'train_f1': 0.9814309124612791, 'train_image_accuracy': 1.0, 'train_image_precision': 1.0, 'train_image_recall': 1.0, 'train_image_f1': 1.0, 'val_loss': 1.905554542284528, 'val_accuracy': 0.5211111111111111, 'val_precision': 0.5783594144159684, 'val_recall': 0.5656666666666668, 'val_f1': 0.5263613622830142, 'val_image_accuracy': 0.6666666666666666, 'val_image_precision': 0.7666666666666667, 'val_image_recall': 0.7, 'val_image_f1': 0.6666666666666666}
2026-09-05 02:53:01,759 | INFO | src.trainer.client.client_7 | Round 23 local test metrics: loss=1.066142 metrics={'test_accuracy': 0.643, 'test_precision': 0.7062872693512336, 'test_recall': 0.643, 'test_f1': 0.6080421362218403, 'test_image_accuracy': 0.7, 'test_image_precision': 0.5999999999999999, 'test_image_recall': 0.7, 'test_image_f1': 0.64}
2026-09-05 02:56:25,898 | INFO | src.trainer.client.client_7 | Round 24 learning rate set to 8.73906e-05
2026-09-05 02:56:25,898 | INFO | src.trainer.client.client_7 | Starting local training for round 24
2026-09-05 02:56:50,524 | INFO | src.trainer.client.client_7 | Round 24 local epoch 1/3: train_loss=0.341667
2026-09-05 02:57:12,764 | INFO | src.trainer.client.client_7 | Round 24 local epoch 2/3: train_loss=0.278501
2026-09-05 02:57:35,569 | INFO | src.trainer.client.client_7 | Round 24 local epoch 3/3: train_loss=0.259841
2026-09-05 02:58:02,899 | INFO | src.trainer.client.client_7 | Round 24 local fit metrics: {'train_loss': 0.2598413030159326, 'lr': 8.739059025894986e-05, 'train_accuracy': 0.9617037037037037, 'train_precision': 0.956039503591662, 'train_recall': 0.9639111111111112, 'train_f1': 0.9583648404731895, 'train_image_accuracy': 1.0, 'train_image_precision': 1.0, 'train_image_recall': 1.0, 'train_image_f1': 1.0, 'val_loss': 1.7304236451405342, 'val_accuracy': 0.5781481481481482, 'val_precision': 0.632212101258381, 'val_recall': 0.6203333333333333, 'val_f1': 0.5743066556936656, 'val_image_accuracy': 0.6666666666666666, 'val_image_precision': 0.7333333333333333, 'val_image_recall': 0.7, 'val_image_f1': 0.6599999999999999}
2026-09-05 03:01:47,858 | INFO | src.trainer.client.client_7 | Round 24 local test metrics: loss=1.070660 metrics={'test_accuracy': 0.6373333333333333, 'test_precision': 0.7096761342987753, 'test_recall': 0.6373333333333333, 'test_f1': 0.6051666352151451, 'test_image_accuracy': 0.7, 'test_image_precision': 0.5999999999999999, 'test_image_recall': 0.7, 'test_image_f1': 0.64}
2026-09-05 03:01:49,798 | INFO | src.trainer.client.client_7 | Round 25 learning rate set to 8.63248e-05
2026-09-05 03:01:49,798 | INFO | src.trainer.client.client_7 | Starting local training for round 25
2026-09-05 03:02:13,383 | INFO | src.trainer.client.client_7 | Round 25 local epoch 1/3: train_loss=0.319470
2026-09-05 03:02:37,044 | INFO | src.trainer.client.client_7 | Round 25 local epoch 2/3: train_loss=0.266965
2026-09-05 03:02:59,137 | INFO | src.trainer.client.client_7 | Round 25 local epoch 3/3: train_loss=0.255753
2026-09-05 03:03:26,789 | INFO | src.trainer.client.client_7 | Round 25 local fit metrics: {'train_loss': 0.2557533582345939, 'lr': 8.632483488620097e-05, 'train_accuracy': 0.9703703703703703, 'train_precision': 0.9732048665321147, 'train_recall': 0.9706962962962964, 'train_f1': 0.9714579171430022, 'train_image_accuracy': 1.0, 'train_image_precision': 1.0, 'train_image_recall': 1.0, 'train_image_f1': 1.0, 'val_loss': 1.2203174231953366, 'val_accuracy': 0.65, 'val_precision': 0.6607226740660723, 'val_recall': 0.6836666666666666, 'val_f1': 0.6429434512360424, 'val_image_accuracy': 0.6666666666666666, 'val_image_precision': 0.7333333333333333, 'val_image_recall': 0.7, 'val_image_f1': 0.6599999999999999}
2026-09-05 03:10:08,537 | INFO | src.trainer.client.client_7 | Round 25 local test metrics: loss=0.947924 metrics={'test_accuracy': 0.649, 'test_precision': 0.7103815099730707, 'test_recall': 0.6489999999999999, 'test_f1': 0.6187687769882438, 'test_image_accuracy': 0.6, 'test_image_precision': 0.5666666666666667, 'test_image_recall': 0.6, 'test_image_f1': 0.5466666666666666}
2026-09-05 03:12:06,446 | INFO | src.trainer.client.client_7 | Round 26 learning rate set to 8.5223e-05
2026-09-05 03:12:06,447 | INFO | src.trainer.client.client_7 | Starting local training for round 26
2026-09-05 03:12:30,758 | INFO | src.trainer.client.client_7 | Round 26 local epoch 1/3: train_loss=0.336257
2026-09-05 03:12:53,855 | INFO | src.trainer.client.client_7 | Round 26 local epoch 2/3: train_loss=0.273089
2026-09-05 03:13:17,614 | INFO | src.trainer.client.client_7 | Round 26 local epoch 3/3: train_loss=0.245504
2026-09-05 03:13:42,889 | INFO | src.trainer.client.client_7 | Round 26 local fit metrics: {'train_loss': 0.24550388595204295, 'lr': 8.52230069414629e-05, 'train_accuracy': 0.9697037037037037, 'train_precision': 0.9700962458650932, 'train_recall': 0.9702740740740741, 'train_f1': 0.9701129717085614, 'train_image_accuracy': 1.0, 'train_image_precision': 1.0, 'train_image_recall': 1.0, 'train_image_f1': 1.0, 'val_loss': 2.1123238030740024, 'val_accuracy': 0.49777777777777776, 'val_precision': 0.5695299286251564, 'val_recall': 0.5473333333333333, 'val_f1': 0.5010250935168725, 'val_image_accuracy': 0.4444444444444444, 'val_image_precision': 0.4666666666666667, 'val_image_recall': 0.5, 'val_image_f1': 0.4333333333333333}
2026-09-05 03:18:58,190 | INFO | src.trainer.client.client_7 | Round 26 local test metrics: loss=0.980228 metrics={'test_accuracy': 0.652, 'test_precision': 0.7216354643033356, 'test_recall': 0.652, 'test_f1': 0.6281796770337357, 'test_image_accuracy': 0.7, 'test_image_precision': 0.5999999999999999, 'test_image_recall': 0.7, 'test_image_f1': 0.64}
2026-09-05 03:22:25,763 | INFO | src.trainer.client.client_7 | Round 27 learning rate set to 8.40862e-05
2026-09-05 03:22:25,763 | INFO | src.trainer.client.client_7 | Starting local training for round 27
2026-09-05 03:22:49,704 | INFO | src.trainer.client.client_7 | Round 27 local epoch 1/3: train_loss=0.329822
2026-09-05 03:23:11,493 | INFO | src.trainer.client.client_7 | Round 27 local epoch 2/3: train_loss=0.262911
2026-09-05 03:23:34,076 | INFO | src.trainer.client.client_7 | Round 27 local epoch 3/3: train_loss=0.240423
2026-09-05 03:24:00,235 | INFO | src.trainer.client.client_7 | Round 27 local fit metrics: {'train_loss': 0.2404225258253239, 'lr': 8.408621587207805e-05, 'train_accuracy': 0.961037037037037, 'train_precision': 0.9582674261523906, 'train_recall': 0.9635999999999999, 'train_f1': 0.9604385986763487, 'train_image_accuracy': 1.0, 'train_image_precision': 1.0, 'train_image_recall': 1.0, 'train_image_f1': 1.0, 'val_loss': 2.999517081379416, 'val_accuracy': 0.3359259259259259, 'val_precision': 0.41587684865056673, 'val_recall': 0.4023333333333333, 'val_f1': 0.3107118736897324, 'val_image_accuracy': 0.2222222222222222, 'val_image_precision': 0.11666666666666665, 'val_image_recall': 0.3, 'val_image_f1': 0.16666666666666666}
2026-09-05 03:27:40,746 | INFO | src.trainer.client.client_7 | Round 27 local test metrics: loss=0.945318 metrics={'test_accuracy': 0.6656666666666666, 'test_precision': 0.7351188818395528, 'test_recall': 0.6656666666666667, 'test_f1': 0.6361440241558525, 'test_image_accuracy': 0.7, 'test_image_precision': 0.5999999999999999, 'test_image_recall': 0.7, 'test_image_f1': 0.64}
2026-09-05 03:31:05,797 | INFO | src.trainer.client.client_7 | Round 28 learning rate set to 8.29156e-05
2026-09-05 03:31:05,797 | INFO | src.trainer.client.client_7 | Starting local training for round 28
2026-09-05 03:31:29,830 | INFO | src.trainer.client.client_7 | Round 28 local epoch 1/3: train_loss=0.331795
2026-09-05 03:31:53,226 | INFO | src.trainer.client.client_7 | Round 28 local epoch 2/3: train_loss=0.238379
2026-09-05 03:32:16,638 | INFO | src.trainer.client.client_7 | Round 28 local epoch 3/3: train_loss=0.250348
2026-09-05 03:32:42,784 | INFO | src.trainer.client.client_7 | Round 28 local fit metrics: {'train_loss': 0.2503480876816644, 'lr': 8.291560633029163e-05, 'train_accuracy': 0.96, 'train_precision': 0.965436940321798, 'train_recall': 0.9601703703703703, 'train_f1': 0.961530215005471, 'train_image_accuracy': 1.0, 'train_image_precision': 1.0, 'train_image_recall': 1.0, 'train_image_f1': 1.0, 'val_loss': 1.1696044646369086, 'val_accuracy': 0.6414814814814814, 'val_precision': 0.6787551310330184, 'val_recall': 0.6719999999999999, 'val_f1': 0.6310368768330037, 'val_image_accuracy': 0.5555555555555556, 'val_image_precision': 0.5, 'val_image_recall': 0.6, 'val_image_f1': 0.5066666666666666}
2026-09-05 03:36:08,294 | INFO | src.trainer.client.client_7 | Round 28 local test metrics: loss=0.998031 metrics={'test_accuracy': 0.6643333333333333, 'test_precision': 0.7463722199716823, 'test_recall': 0.6643333333333334, 'test_f1': 0.6317666616337254, 'test_image_accuracy': 0.7, 'test_image_precision': 0.5999999999999999, 'test_image_recall': 0.7, 'test_image_f1': 0.64}
2026-09-05 03:39:45,214 | INFO | src.trainer.client.client_7 | Round 29 learning rate set to 8.17124e-05
2026-09-05 03:39:45,214 | INFO | src.trainer.client.client_7 | Starting local training for round 29
2026-09-05 03:40:08,772 | INFO | src.trainer.client.client_7 | Round 29 local epoch 1/3: train_loss=0.295885
2026-09-05 03:40:31,542 | INFO | src.trainer.client.client_7 | Round 29 local epoch 2/3: train_loss=0.240964
2026-09-05 03:40:58,312 | INFO | src.trainer.client.client_7 | Round 29 local epoch 3/3: train_loss=0.242140
2026-09-05 03:41:25,690 | INFO | src.trainer.client.client_7 | Round 29 local fit metrics: {'train_loss': 0.24213986149540653, 'lr': 8.171235702068387e-05, 'train_accuracy': 0.9894074074074074, 'train_precision': 0.9902524077931971, 'train_recall': 0.9881111111111112, 'train_f1': 0.9891275019473422, 'train_image_accuracy': 1.0, 'train_image_precision': 1.0, 'train_image_recall': 1.0, 'train_image_f1': 1.0, 'val_loss': 1.7119287163295127, 'val_accuracy': 0.5862962962962963, 'val_precision': 0.6288053494133192, 'val_recall': 0.6256666666666667, 'val_f1': 0.5865173631918786, 'val_image_accuracy': 0.5555555555555556, 'val_image_precision': 0.6, 'val_image_recall': 0.6, 'val_image_f1': 0.5666666666666667}
2026-09-05 03:44:56,858 | INFO | src.trainer.client.client_7 | Round 29 local test metrics: loss=1.043850 metrics={'test_accuracy': 0.6283333333333333, 'test_precision': 0.7244901245064084, 'test_recall': 0.6283333333333332, 'test_f1': 0.5946211886725754, 'test_image_accuracy': 0.7, 'test_image_precision': 0.5999999999999999, 'test_image_recall': 0.7, 'test_image_f1': 0.64}
2026-09-05 03:45:14,482 | INFO | src.trainer.client.client_7 | Round 30 learning rate set to 8.04777e-05
2026-09-05 03:45:14,483 | INFO | src.trainer.client.client_7 | Starting local training for round 30
2026-09-05 03:45:39,772 | INFO | src.trainer.client.client_7 | Round 30 local epoch 1/3: train_loss=0.300461
2026-09-05 03:46:02,262 | INFO | src.trainer.client.client_7 | Round 30 local epoch 2/3: train_loss=0.225190
2026-09-05 03:46:24,005 | INFO | src.trainer.client.client_7 | Round 30 local epoch 3/3: train_loss=0.211808
2026-09-05 03:46:51,508 | INFO | src.trainer.client.client_7 | Round 30 local fit metrics: {'train_loss': 0.21180780624165946, 'lr': 8.04776795133145e-05, 'train_accuracy': 0.9792592592592593, 'train_precision': 0.9789692037949334, 'train_recall': 0.9804962962962962, 'train_f1': 0.9795578074230257, 'train_image_accuracy': 1.0, 'train_image_precision': 1.0, 'train_image_recall': 1.0, 'train_image_f1': 1.0, 'val_loss': 1.8839883641285942, 'val_accuracy': 0.5333333333333333, 'val_precision': 0.6236906965725754, 'val_recall': 0.578, 'val_f1': 0.5276907517376481, 'val_image_accuracy': 0.4444444444444444, 'val_image_precision': 0.4333333333333333, 'val_image_recall': 0.5, 'val_image_f1': 0.4133333333333333}
2026-09-05 03:53:59,341 | INFO | src.trainer.client.client_7 | Round 30 local test metrics: loss=1.051675 metrics={'test_accuracy': 0.6333333333333333, 'test_precision': 0.7058346132303325, 'test_recall': 0.6333333333333333, 'test_f1': 0.6105253196598768, 'test_image_accuracy': 0.7, 'test_image_precision': 0.5999999999999999, 'test_image_recall': 0.7, 'test_image_f1': 0.64}
2026-09-05 03:55:39,476 | INFO | src.trainer.client.client_7 | Round 31 learning rate set to 7.92128e-05
2026-09-05 03:55:39,477 | INFO | src.trainer.client.client_7 | Starting local training for round 31
2026-09-05 03:56:04,079 | INFO | src.trainer.client.client_7 | Round 31 local epoch 1/3: train_loss=0.283351
2026-09-05 03:56:25,484 | INFO | src.trainer.client.client_7 | Round 31 local epoch 2/3: train_loss=0.230947
2026-09-05 03:56:48,075 | INFO | src.trainer.client.client_7 | Round 31 local epoch 3/3: train_loss=0.213230
2026-09-05 03:57:15,036 | INFO | src.trainer.client.client_7 | Round 31 local fit metrics: {'train_loss': 0.21323017844815312, 'lr': 7.921281702377432e-05, 'train_accuracy': 0.99, 'train_precision': 0.9907252237950969, 'train_recall': 0.9891037037037037, 'train_f1': 0.989870758040299, 'train_image_accuracy': 1.0, 'train_image_precision': 1.0, 'train_image_recall': 1.0, 'train_image_f1': 1.0, 'val_loss': 1.4274944325315733, 'val_accuracy': 0.6259259259259259, 'val_precision': 0.6691911778332764, 'val_recall': 0.6583333333333334, 'val_f1': 0.6103530074673432, 'val_image_accuracy': 0.6666666666666666, 'val_image_precision': 0.5666666666666667, 'val_image_recall': 0.7, 'val_image_f1': 0.6133333333333333}
2026-09-05 04:02:34,775 | INFO | src.trainer.client.client_7 | Round 31 local test metrics: loss=1.019210 metrics={'test_accuracy': 0.6436666666666667, 'test_precision': 0.705838516482921, 'test_recall': 0.6436666666666666, 'test_f1': 0.6100005036736386, 'test_image_accuracy': 0.7, 'test_image_precision': 0.5999999999999999, 'test_image_recall': 0.7, 'test_image_f1': 0.64}
2026-09-05 04:09:12,654 | INFO | src.trainer.client.client_7 | Round 32 learning rate set to 7.7919e-05
2026-09-05 04:09:12,654 | INFO | src.trainer.client.client_7 | Starting local training for round 32
2026-09-05 04:09:36,700 | INFO | src.trainer.client.client_7 | Round 32 local epoch 1/3: train_loss=0.282462
2026-09-05 04:09:59,747 | INFO | src.trainer.client.client_7 | Round 32 local epoch 2/3: train_loss=0.239966
2026-09-05 04:10:23,060 | INFO | src.trainer.client.client_7 | Round 32 local epoch 3/3: train_loss=0.213719
2026-09-05 04:10:48,176 | INFO | src.trainer.client.client_7 | Round 32 local fit metrics: {'train_loss': 0.21371894071867437, 'lr': 7.791904316137246e-05, 'train_accuracy': 0.9862962962962963, 'train_precision': 0.9874402284337069, 'train_recall': 0.9857777777777779, 'train_f1': 0.9865322005971955, 'train_image_accuracy': 1.0, 'train_image_precision': 1.0, 'train_image_recall': 1.0, 'train_image_f1': 1.0, 'val_loss': 1.426760682615417, 'val_accuracy': 0.6885185185185185, 'val_precision': 0.7321209006095535, 'val_recall': 0.7153333333333333, 'val_f1': 0.6872194005622183, 'val_image_accuracy': 0.7777777777777778, 'val_image_precision': 0.8, 'val_image_recall': 0.8, 'val_image_f1': 0.7666666666666666}
2026-09-05 04:11:19,609 | INFO | src.trainer.client.client_7 | Round 32 local test metrics: loss=0.831886 metrics={'test_accuracy': 0.7016666666666667, 'test_precision': 0.7584749262108966, 'test_recall': 0.7016666666666668, 'test_f1': 0.6760477495201198, 'test_image_accuracy': 0.8, 'test_image_precision': 0.7, 'test_image_recall': 0.8, 'test_image_f1': 0.7333333333333333}
2026-09-05 04:13:02,817 | INFO | src.trainer.client.client_7 | Round 33 learning rate set to 7.65977e-05
2026-09-05 04:13:02,817 | INFO | src.trainer.client.client_7 | Starting local training for round 33
2026-09-05 04:13:27,863 | INFO | src.trainer.client.client_7 | Round 33 local epoch 1/3: train_loss=0.275401
2026-09-05 04:13:53,511 | INFO | src.trainer.client.client_7 | Round 33 local epoch 2/3: train_loss=0.223220
2026-09-05 04:14:16,170 | INFO | src.trainer.client.client_7 | Round 33 local epoch 3/3: train_loss=0.194643
2026-09-05 04:14:42,056 | INFO | src.trainer.client.client_7 | Round 33 local fit metrics: {'train_loss': 0.19464333566618555, 'lr': 7.659766064671986e-05, 'train_accuracy': 0.9864444444444445, 'train_precision': 0.9855464006680592, 'train_recall': 0.986874074074074, 'train_f1': 0.9861355308901052, 'train_image_accuracy': 1.0, 'train_image_precision': 1.0, 'train_image_recall': 1.0, 'train_image_f1': 1.0, 'val_loss': 1.4487607098177628, 'val_accuracy': 0.6340740740740741, 'val_precision': 0.6589149644935121, 'val_recall': 0.665, 'val_f1': 0.6319766117775222, 'val_image_accuracy': 0.7777777777777778, 'val_image_precision': 0.8, 'val_image_recall': 0.8, 'val_image_f1': 0.7666666666666666}
2026-09-05 04:19:43,574 | INFO | src.trainer.client.client_7 | Round 33 local test metrics: loss=0.960968 metrics={'test_accuracy': 0.6666666666666666, 'test_precision': 0.7364295708940632, 'test_recall': 0.6666666666666666, 'test_f1': 0.6356125257911382, 'test_image_accuracy': 0.8, 'test_image_precision': 0.7, 'test_image_recall': 0.8, 'test_image_f1': 0.7333333333333333}
2026-09-05 04:24:49,616 | INFO | src.trainer.client.client_7 | Round 34 learning rate set to 7.525e-05
2026-09-05 04:24:49,617 | INFO | src.trainer.client.client_7 | Starting local training for round 34
2026-09-05 04:25:12,440 | INFO | src.trainer.client.client_7 | Round 34 local epoch 1/3: train_loss=0.300707
2026-09-05 04:25:34,656 | INFO | src.trainer.client.client_7 | Round 34 local epoch 2/3: train_loss=0.235084
2026-09-05 04:25:57,179 | INFO | src.trainer.client.client_7 | Round 34 local epoch 3/3: train_loss=0.197410
2026-09-05 04:26:23,095 | INFO | src.trainer.client.client_7 | Round 34 local fit metrics: {'train_loss': 0.1974095136442302, 'lr': 7.525e-05, 'train_accuracy': 0.9903703703703703, 'train_precision': 0.9906235344855313, 'train_recall': 0.9901185185185186, 'train_f1': 0.9903287597260843, 'train_image_accuracy': 1.0, 'train_image_precision': 1.0, 'train_image_recall': 1.0, 'train_image_f1': 1.0, 'val_loss': 1.5218126683929694, 'val_accuracy': 0.6322222222222222, 'val_precision': 0.685387677918748, 'val_recall': 0.6676666666666666, 'val_f1': 0.6129616706638285, 'val_image_accuracy': 0.6666666666666666, 'val_image_precision': 0.5666666666666667, 'val_image_recall': 0.7, 'val_image_f1': 0.6133333333333333}
2026-09-05 04:28:10,113 | INFO | src.trainer.client.client_7 | Round 34 local test metrics: loss=0.937149 metrics={'test_accuracy': 0.6826666666666666, 'test_precision': 0.7373226513287682, 'test_recall': 0.6826666666666665, 'test_f1': 0.6524475700264818, 'test_image_accuracy': 0.8, 'test_image_precision': 0.7, 'test_image_recall': 0.8, 'test_image_f1': 0.7333333333333333}
2026-09-05 04:30:06,776 | INFO | src.trainer.client.client_7 | Round 35 learning rate set to 7.38774e-05
2026-09-05 04:30:06,776 | INFO | src.trainer.client.client_7 | Starting local training for round 35
2026-09-05 04:30:29,740 | INFO | src.trainer.client.client_7 | Round 35 local epoch 1/3: train_loss=0.271699
2026-09-05 04:30:52,057 | INFO | src.trainer.client.client_7 | Round 35 local epoch 2/3: train_loss=0.232480
2026-09-05 04:31:15,569 | INFO | src.trainer.client.client_7 | Round 35 local epoch 3/3: train_loss=0.191508
2026-09-05 04:31:41,490 | INFO | src.trainer.client.client_7 | Round 35 local fit metrics: {'train_loss': 0.19150835827176954, 'lr': 7.38774182012478e-05, 'train_accuracy': 0.9906666666666667, 'train_precision': 0.9901490679704971, 'train_recall': 0.9908592592592592, 'train_f1': 0.9904783676472603, 'train_image_accuracy': 1.0, 'train_image_precision': 1.0, 'train_image_recall': 1.0, 'train_image_f1': 1.0, 'val_loss': 1.5552464863547573, 'val_accuracy': 0.5892592592592593, 'val_precision': 0.6534076677368443, 'val_recall': 0.6283333333333333, 'val_f1': 0.5978476406548918, 'val_image_accuracy': 0.7777777777777778, 'val_image_precision': 0.8, 'val_image_recall': 0.8, 'val_image_f1': 0.7666666666666666}
2026-09-05 04:37:01,494 | INFO | src.trainer.client.client_7 | Round 35 local test metrics: loss=0.928416 metrics={'test_accuracy': 0.661, 'test_precision': 0.7195713766763039, 'test_recall': 0.661, 'test_f1': 0.6405608213509162, 'test_image_accuracy': 0.7, 'test_image_precision': 0.5999999999999999, 'test_image_recall': 0.7, 'test_image_f1': 0.64}
2026-09-05 04:38:48,414 | INFO | src.trainer.client.client_7 | Round 36 learning rate set to 7.24813e-05
2026-09-05 04:38:48,415 | INFO | src.trainer.client.client_7 | Starting local training for round 36
2026-09-05 04:39:12,624 | INFO | src.trainer.client.client_7 | Round 36 local epoch 1/3: train_loss=0.260042
2026-09-05 04:39:36,490 | INFO | src.trainer.client.client_7 | Round 36 local epoch 2/3: train_loss=0.225506
2026-09-05 04:39:57,811 | INFO | src.trainer.client.client_7 | Round 36 local epoch 3/3: train_loss=0.195009
2026-09-05 04:40:24,162 | INFO | src.trainer.client.client_7 | Round 36 local fit metrics: {'train_loss': 0.19500928279794294, 'lr': 7.248129732398583e-05, 'train_accuracy': 0.9855555555555555, 'train_precision': 0.985833029816767, 'train_recall': 0.9855851851851852, 'train_f1': 0.9856814395259684, 'train_image_accuracy': 1.0, 'train_image_precision': 1.0, 'train_image_recall': 1.0, 'train_image_f1': 1.0, 'val_loss': 2.044666975811814, 'val_accuracy': 0.575925925925926, 'val_precision': 0.6384026789116676, 'val_recall': 0.614, 'val_f1': 0.5717137614851624, 'val_image_accuracy': 0.5555555555555556, 'val_image_precision': 0.5, 'val_image_recall': 0.6, 'val_image_f1': 0.5066666666666666}
2026-09-05 04:45:36,649 | INFO | src.trainer.client.client_7 | Round 36 local test metrics: loss=1.146547 metrics={'test_accuracy': 0.608, 'test_precision': 0.6876067306626055, 'test_recall': 0.608, 'test_f1': 0.5794314989818794, 'test_image_accuracy': 0.6, 'test_image_precision': 0.5, 'test_image_recall': 0.6, 'test_image_f1': 0.54}
2026-09-05 04:50:41,149 | INFO | src.trainer.client.client_7 | Round 37 learning rate set to 7.1063e-05
2026-09-05 04:50:41,149 | INFO | src.trainer.client.client_7 | Starting local training for round 37
2026-09-05 04:51:05,005 | INFO | src.trainer.client.client_7 | Round 37 local epoch 1/3: train_loss=0.255695
2026-09-05 04:51:28,321 | INFO | src.trainer.client.client_7 | Round 37 local epoch 2/3: train_loss=0.206863
2026-09-05 04:51:50,318 | INFO | src.trainer.client.client_7 | Round 37 local epoch 3/3: train_loss=0.203802
2026-09-05 04:52:16,162 | INFO | src.trainer.client.client_7 | Round 37 local fit metrics: {'train_loss': 0.20380214520442633, 'lr': 7.106304314359339e-05, 'train_accuracy': 0.9911851851851852, 'train_precision': 0.991780347788499, 'train_recall': 0.9904962962962962, 'train_f1': 0.9911074204506495, 'train_image_accuracy': 1.0, 'train_image_precision': 1.0, 'train_image_recall': 1.0, 'train_image_f1': 1.0, 'val_loss': 1.4324969603907731, 'val_accuracy': 0.6422222222222222, 'val_precision': 0.6498463401053951, 'val_recall': 0.6723333333333333, 'val_f1': 0.6390428865665676, 'val_image_accuracy': 0.7777777777777778, 'val_image_precision': 0.8333333333333333, 'val_image_recall': 0.8, 'val_image_f1': 0.7599999999999999}
2026-09-05 04:54:12,385 | INFO | src.trainer.client.client_7 | Round 37 local test metrics: loss=0.977712 metrics={'test_accuracy': 0.6586666666666666, 'test_precision': 0.723813193767801, 'test_recall': 0.6586666666666667, 'test_f1': 0.6336167113629212, 'test_image_accuracy': 0.7, 'test_image_precision': 0.5999999999999999, 'test_image_recall': 0.7, 'test_image_f1': 0.64}
2026-09-05 05:00:55,684 | INFO | src.trainer.client.client_7 | Round 38 learning rate set to 6.96241e-05
2026-09-05 05:00:55,684 | INFO | src.trainer.client.client_7 | Starting local training for round 38
2026-09-05 05:01:18,397 | INFO | src.trainer.client.client_7 | Round 38 local epoch 1/3: train_loss=0.261086
2026-09-05 05:01:39,893 | INFO | src.trainer.client.client_7 | Round 38 local epoch 2/3: train_loss=0.195542
2026-09-05 05:02:01,847 | INFO | src.trainer.client.client_7 | Round 38 local epoch 3/3: train_loss=0.185523
2026-09-05 05:02:27,914 | INFO | src.trainer.client.client_7 | Round 38 local fit metrics: {'train_loss': 0.18552271529756212, 'lr': 6.962408372180986e-05, 'train_accuracy': 0.9851851851851852, 'train_precision': 0.985963466425243, 'train_recall': 0.9856370370370371, 'train_f1': 0.9855804573311262, 'train_image_accuracy': 1.0, 'train_image_precision': 1.0, 'train_image_recall': 1.0, 'train_image_f1': 1.0, 'val_loss': 1.9468625596741698, 'val_accuracy': 0.6033333333333334, 'val_precision': 0.6792753982964488, 'val_recall': 0.6413333333333333, 'val_f1': 0.592788035032094, 'val_image_accuracy': 0.6666666666666666, 'val_image_precision': 0.5666666666666667, 'val_image_recall': 0.7, 'val_image_f1': 0.6133333333333333}
2026-09-05 05:02:34,628 | INFO | src.trainer.client.client_7 | Round 38 local test metrics: loss=0.913479 metrics={'test_accuracy': 0.6713333333333333, 'test_precision': 0.7150153420586676, 'test_recall': 0.6713333333333333, 'test_f1': 0.6504388747805974, 'test_image_accuracy': 0.8, 'test_image_precision': 0.8333333333333333, 'test_image_recall': 0.8, 'test_image_f1': 0.7933333333333332}
2026-09-05 05:07:49,395 | INFO | src.trainer.client.client_7 | Round 39 learning rate set to 6.81659e-05
2026-09-05 05:07:49,395 | INFO | src.trainer.client.client_7 | Starting local training for round 39
2026-09-05 05:08:13,122 | INFO | src.trainer.client.client_7 | Round 39 local epoch 1/3: train_loss=0.259672
2026-09-05 05:08:36,722 | INFO | src.trainer.client.client_7 | Round 39 local epoch 2/3: train_loss=0.182201
2026-09-05 05:09:02,312 | INFO | src.trainer.client.client_7 | Round 39 local epoch 3/3: train_loss=0.191348
2026-09-05 05:09:27,357 | INFO | src.trainer.client.client_7 | Round 39 local fit metrics: {'train_loss': 0.19134776338750933, 'lr': 6.816586796879766e-05, 'train_accuracy': 0.9860740740740741, 'train_precision': 0.9861458326956598, 'train_recall': 0.9863777777777779, 'train_f1': 0.9861931517755567, 'train_image_accuracy': 1.0, 'train_image_precision': 1.0, 'train_image_recall': 1.0, 'train_image_f1': 1.0, 'val_loss': 1.911582672542168, 'val_accuracy': 0.6125925925925926, 'val_precision': 0.6573652128650108, 'val_recall': 0.6496666666666667, 'val_f1': 0.6099123844598286, 'val_image_accuracy': 0.5555555555555556, 'val_image_precision': 0.5, 'val_image_recall': 0.6, 'val_image_f1': 0.5066666666666666}
2026-09-05 05:11:13,948 | INFO | src.trainer.client.client_7 | Round 39 local test metrics: loss=0.974307 metrics={'test_accuracy': 0.666, 'test_precision': 0.7255875387041018, 'test_recall': 0.6660000000000001, 'test_f1': 0.63982866978212, 'test_image_accuracy': 0.8, 'test_image_precision': 0.7, 'test_image_recall': 0.8, 'test_image_f1': 0.7333333333333333}
2026-09-05 05:13:11,991 | INFO | src.trainer.client.client_7 | Round 40 learning rate set to 6.66899e-05
2026-09-05 05:13:11,991 | INFO | src.trainer.client.client_7 | Starting local training for round 40
2026-09-05 05:13:34,505 | INFO | src.trainer.client.client_7 | Round 40 local epoch 1/3: train_loss=0.254586
2026-09-05 05:13:58,778 | INFO | src.trainer.client.client_7 | Round 40 local epoch 2/3: train_loss=0.220973
2026-09-05 05:14:21,976 | INFO | src.trainer.client.client_7 | Round 40 local epoch 3/3: train_loss=0.194750
2026-09-05 05:14:47,387 | INFO | src.trainer.client.client_7 | Round 40 local fit metrics: {'train_loss': 0.1947502021693889, 'lr': 6.668986418421239e-05, 'train_accuracy': 0.9919259259259259, 'train_precision': 0.9913658805198946, 'train_recall': 0.9921333333333333, 'train_f1': 0.9917432577140823, 'train_image_accuracy': 1.0, 'train_image_precision': 1.0, 'train_image_recall': 1.0, 'train_image_f1': 1.0, 'val_loss': 1.525123399448995, 'val_accuracy': 0.6707407407407407, 'val_precision': 0.7002087914554516, 'val_recall': 0.703, 'val_f1': 0.6654329184896713, 'val_image_accuracy': 0.8888888888888888, 'val_image_precision': 0.9, 'val_image_recall': 0.9, 'val_image_f1': 0.8666666666666666}
2026-09-05 05:19:51,226 | INFO | src.trainer.client.client_7 | Round 40 local test metrics: loss=0.943018 metrics={'test_accuracy': 0.646, 'test_precision': 0.7054616781848974, 'test_recall': 0.646, 'test_f1': 0.6256137484713703, 'test_image_accuracy': 0.7, 'test_image_precision': 0.6799999999999999, 'test_image_recall': 0.7, 'test_image_f1': 0.6476190476190476}
2026-09-05 05:21:49,237 | INFO | src.trainer.client.client_7 | Round 41 learning rate set to 6.51976e-05
2026-09-05 05:21:49,237 | INFO | src.trainer.client.client_7 | Starting local training for round 41
2026-09-05 05:22:13,786 | INFO | src.trainer.client.client_7 | Round 41 local epoch 1/3: train_loss=0.237587
2026-09-05 05:22:35,126 | INFO | src.trainer.client.client_7 | Round 41 local epoch 2/3: train_loss=0.207154
2026-09-05 05:23:00,341 | INFO | src.trainer.client.client_7 | Round 41 local epoch 3/3: train_loss=0.184643
2026-09-05 05:23:26,420 | INFO | src.trainer.client.client_7 | Round 41 local fit metrics: {'train_loss': 0.18464332121389884, 'lr': 6.519755857874961e-05, 'train_accuracy': 0.9864444444444445, 'train_precision': 0.9870618588626267, 'train_recall': 0.9859037037037037, 'train_f1': 0.9864576150325121, 'train_image_accuracy': 1.0, 'train_image_precision': 1.0, 'train_image_recall': 1.0, 'train_image_f1': 1.0, 'val_loss': 1.6556795065475767, 'val_accuracy': 0.6396296296296297, 'val_precision': 0.7065851133018358, 'val_recall': 0.6726666666666666, 'val_f1': 0.6403966052374948, 'val_image_accuracy': 0.7777777777777778, 'val_image_precision': 0.8, 'val_image_recall': 0.8, 'val_image_f1': 0.7666666666666666}
2026-09-05 05:28:46,334 | INFO | src.trainer.client.client_7 | Round 41 local test metrics: loss=1.059452 metrics={'test_accuracy': 0.6393333333333333, 'test_precision': 0.6911488307276176, 'test_recall': 0.6393333333333333, 'test_f1': 0.612445203147939, 'test_image_accuracy': 0.7, 'test_image_precision': 0.5999999999999999, 'test_image_recall': 0.7, 'test_image_f1': 0.64}
2026-09-05 05:32:01,404 | INFO | src.trainer.client.client_7 | Round 42 learning rate set to 6.36905e-05
2026-09-05 05:32:01,404 | INFO | src.trainer.client.client_7 | Starting local training for round 42
2026-09-05 05:32:24,831 | INFO | src.trainer.client.client_7 | Round 42 local epoch 1/3: train_loss=0.243617
2026-09-05 05:32:48,427 | INFO | src.trainer.client.client_7 | Round 42 local epoch 2/3: train_loss=0.206977
2026-09-05 05:33:12,179 | INFO | src.trainer.client.client_7 | Round 42 local epoch 3/3: train_loss=0.177272
2026-09-05 05:33:38,291 | INFO | src.trainer.client.client_7 | Round 42 local fit metrics: {'train_loss': 0.17727177465035593, 'lr': 6.369045377765672e-05, 'train_accuracy': 0.9851111111111112, 'train_precision': 0.985722909919329, 'train_recall': 0.9854074074074074, 'train_f1': 0.9854444686201415, 'train_image_accuracy': 1.0, 'train_image_precision': 1.0, 'train_image_recall': 1.0, 'train_image_f1': 1.0, 'val_loss': 1.6134502190969133, 'val_accuracy': 0.6681481481481482, 'val_precision': 0.7241362808011097, 'val_recall': 0.701, 'val_f1': 0.6637919532817064, 'val_image_accuracy': 0.7777777777777778, 'val_image_precision': 0.8, 'val_image_recall': 0.8, 'val_image_f1': 0.7666666666666666}
2026-09-05 05:37:07,344 | INFO | src.trainer.client.client_7 | Round 42 local test metrics: loss=1.106591 metrics={'test_accuracy': 0.6303333333333333, 'test_precision': 0.669261930105846, 'test_recall': 0.6303333333333333, 'test_f1': 0.598647826584206, 'test_image_accuracy': 0.7, 'test_image_precision': 0.5999999999999999, 'test_image_recall': 0.7, 'test_image_f1': 0.64}
2026-09-05 05:39:00,520 | INFO | src.trainer.client.client_7 | Round 43 learning rate set to 6.21701e-05
2026-09-05 05:39:00,520 | INFO | src.trainer.client.client_7 | Starting local training for round 43
2026-09-05 05:39:24,150 | INFO | src.trainer.client.client_7 | Round 43 local epoch 1/3: train_loss=0.236598
2026-09-05 05:39:46,460 | INFO | src.trainer.client.client_7 | Round 43 local epoch 2/3: train_loss=0.197163
2026-09-05 05:40:10,379 | INFO | src.trainer.client.client_7 | Round 43 local epoch 3/3: train_loss=0.171838
2026-09-05 05:40:37,127 | INFO | src.trainer.client.client_7 | Round 43 local fit metrics: {'train_loss': 0.17183751139743828, 'lr': 6.217006730771666e-05, 'train_accuracy': 0.9906666666666667, 'train_precision': 0.9889887302857266, 'train_recall': 0.9911629629629628, 'train_f1': 0.9900170189501303, 'train_image_accuracy': 1.0, 'train_image_precision': 1.0, 'train_image_recall': 1.0, 'train_image_f1': 1.0, 'val_loss': 1.7537681211662668, 'val_accuracy': 0.6385185185185185, 'val_precision': 0.7191150223663832, 'val_recall': 0.6746666666666667, 'val_f1': 0.6293119099138773, 'val_image_accuracy': 0.6666666666666666, 'val_image_precision': 0.7666666666666667, 'val_image_recall': 0.7, 'val_image_f1': 0.6666666666666666}
2026-09-05 05:45:42,168 | INFO | src.trainer.client.client_7 | Round 43 local test metrics: loss=0.982862 metrics={'test_accuracy': 0.6673333333333333, 'test_precision': 0.7197514934412322, 'test_recall': 0.6673333333333333, 'test_f1': 0.6394580270604865, 'test_image_accuracy': 0.8, 'test_image_precision': 0.7, 'test_image_recall': 0.8, 'test_image_f1': 0.7333333333333333}
2026-09-05 05:47:37,001 | INFO | src.trainer.client.client_7 | Round 44 learning rate set to 6.06379e-05
2026-09-05 05:47:37,001 | INFO | src.trainer.client.client_7 | Starting local training for round 44
2026-09-05 05:47:59,356 | INFO | src.trainer.client.client_7 | Round 44 local epoch 1/3: train_loss=0.248114
2026-09-05 05:48:20,715 | INFO | src.trainer.client.client_7 | Round 44 local epoch 2/3: train_loss=0.178978
2026-09-05 05:48:43,202 | INFO | src.trainer.client.client_7 | Round 44 local epoch 3/3: train_loss=0.181812
2026-09-05 05:49:09,286 | INFO | src.trainer.client.client_7 | Round 44 local fit metrics: {'train_loss': 0.1818115159538057, 'lr': 6.0637930069226945e-05, 'train_accuracy': 0.9959259259259259, 'train_precision': 0.9958460843438081, 'train_recall': 0.9957481481481482, 'train_f1': 0.9957963096780311, 'train_image_accuracy': 1.0, 'train_image_precision': 1.0, 'train_image_recall': 1.0, 'train_image_f1': 1.0, 'val_loss': 1.1414837158119513, 'val_accuracy': 0.7040740740740741, 'val_precision': 0.7289092134217061, 'val_recall': 0.7316666666666667, 'val_f1': 0.6980558576701301, 'val_image_accuracy': 0.7777777777777778, 'val_image_precision': 0.8, 'val_image_recall': 0.8, 'val_image_f1': 0.7666666666666666}
2026-09-05 05:54:05,202 | INFO | src.trainer.client.client_7 | Round 44 local test metrics: loss=1.052329 metrics={'test_accuracy': 0.6646666666666666, 'test_precision': 0.7027156375390952, 'test_recall': 0.6646666666666666, 'test_f1': 0.6348226052137365, 'test_image_accuracy': 0.8, 'test_image_precision': 0.7, 'test_image_recall': 0.8, 'test_image_f1': 0.7333333333333333}
2026-09-05 05:56:04,391 | INFO | src.trainer.client.client_7 | Round 45 learning rate set to 5.90956e-05
2026-09-05 05:56:04,392 | INFO | src.trainer.client.client_7 | Starting local training for round 45
2026-09-05 05:56:27,675 | INFO | src.trainer.client.client_7 | Round 45 local epoch 1/3: train_loss=0.252263
2026-09-05 05:56:51,326 | INFO | src.trainer.client.client_7 | Round 45 local epoch 2/3: train_loss=0.189909
2026-09-05 05:57:16,461 | INFO | src.trainer.client.client_7 | Round 45 local epoch 3/3: train_loss=0.166867
2026-09-05 05:57:44,411 | INFO | src.trainer.client.client_7 | Round 45 local fit metrics: {'train_loss': 0.16686654260497033, 'lr': 5.909558479451306e-05, 'train_accuracy': 0.9919259259259259, 'train_precision': 0.9924688757241034, 'train_recall': 0.991162962962963, 'train_f1': 0.9917952456515182, 'train_image_accuracy': 1.0, 'train_image_precision': 1.0, 'train_image_recall': 1.0, 'train_image_f1': 1.0, 'val_loss': 1.357707364798213, 'val_accuracy': 0.7177777777777777, 'val_precision': 0.7259422432494566, 'val_recall': 0.744, 'val_f1': 0.7070166499546386, 'val_image_accuracy': 0.7777777777777778, 'val_image_precision': 0.8, 'val_image_recall': 0.8, 'val_image_f1': 0.7666666666666666}
2026-09-05 06:02:53,966 | INFO | src.trainer.client.client_7 | Round 45 local test metrics: loss=1.045486 metrics={'test_accuracy': 0.6453333333333333, 'test_precision': 0.6806230006405892, 'test_recall': 0.6453333333333333, 'test_f1': 0.6144735798928427, 'test_image_accuracy': 0.7, 'test_image_precision': 0.6799999999999999, 'test_image_recall': 0.7, 'test_image_f1': 0.6476190476190476}
2026-09-05 06:03:11,000 | INFO | src.trainer.client.client_7 | Round 46 learning rate set to 5.75446e-05
2026-09-05 06:03:11,000 | INFO | src.trainer.client.client_7 | Starting local training for round 46
2026-09-05 06:03:35,724 | INFO | src.trainer.client.client_7 | Round 46 local epoch 1/3: train_loss=0.257833
2026-09-05 06:03:58,166 | INFO | src.trainer.client.client_7 | Round 46 local epoch 2/3: train_loss=0.196255
2026-09-05 06:04:22,396 | INFO | src.trainer.client.client_7 | Round 46 local epoch 3/3: train_loss=0.157934
2026-09-05 06:04:48,267 | INFO | src.trainer.client.client_7 | Round 46 local fit metrics: {'train_loss': 0.15793360479084062, 'lr': 5.7544584494527624e-05, 'train_accuracy': 0.995037037037037, 'train_precision': 0.9950854527632875, 'train_recall': 0.9946962962962962, 'train_f1': 0.9948892477075602, 'train_image_accuracy': 1.0, 'train_image_precision': 1.0, 'train_image_recall': 1.0, 'train_image_f1': 1.0, 'val_loss': 1.5839988234103657, 'val_accuracy': 0.702962962962963, 'val_precision': 0.7141293996132505, 'val_recall': 0.7326666666666667, 'val_f1': 0.6961966414649959, 'val_image_accuracy': 0.7777777777777778, 'val_image_precision': 0.8333333333333333, 'val_image_recall': 0.8, 'val_image_f1': 0.7599999999999999}
2026-09-05 06:11:23,378 | INFO | src.trainer.client.client_7 | Round 46 local test metrics: loss=1.013529 metrics={'test_accuracy': 0.658, 'test_precision': 0.7000620692890673, 'test_recall': 0.658, 'test_f1': 0.6361463403476745, 'test_image_accuracy': 0.7, 'test_image_precision': 0.5999999999999999, 'test_image_recall': 0.7, 'test_image_f1': 0.64}
2026-09-05 06:16:41,349 | INFO | src.trainer.client.client_7 | Round 47 learning rate set to 5.59865e-05
2026-09-05 06:16:41,350 | INFO | src.trainer.client.client_7 | Starting local training for round 47
2026-09-05 06:17:05,996 | INFO | src.trainer.client.client_7 | Round 47 local epoch 1/3: train_loss=0.230588
2026-09-05 06:17:30,212 | INFO | src.trainer.client.client_7 | Round 47 local epoch 2/3: train_loss=0.179808
2026-09-05 06:17:54,395 | INFO | src.trainer.client.client_7 | Round 47 local epoch 3/3: train_loss=0.178803
2026-09-05 06:18:20,385 | INFO | src.trainer.client.client_7 | Round 47 local fit metrics: {'train_loss': 0.1788026682977323, 'lr': 5.598649089510005e-05, 'train_accuracy': 0.9914074074074074, 'train_precision': 0.9911558906989502, 'train_recall': 0.9916296296296295, 'train_f1': 0.9913724021914062, 'train_image_accuracy': 1.0, 'train_image_precision': 1.0, 'train_image_recall': 1.0, 'train_image_f1': 1.0, 'val_loss': 1.8009549414533776, 'val_accuracy': 0.6862962962962963, 'val_precision': 0.7263556221998286, 'val_recall': 0.7166666666666666, 'val_f1': 0.6834400387195416, 'val_image_accuracy': 0.7777777777777778, 'val_image_precision': 0.8, 'val_image_recall': 0.8, 'val_image_f1': 0.7666666666666666}
2026-09-05 06:20:04,690 | INFO | src.trainer.client.client_7 | Round 47 local test metrics: loss=0.991337 metrics={'test_accuracy': 0.6586666666666666, 'test_precision': 0.6914929458965319, 'test_recall': 0.6586666666666666, 'test_f1': 0.6219610279690526, 'test_image_accuracy': 0.7, 'test_image_precision': 0.6799999999999999, 'test_image_recall': 0.7, 'test_image_f1': 0.6476190476190476}
2026-09-05 06:22:11,163 | INFO | src.trainer.client.client_7 | Round 48 learning rate set to 5.44229e-05
2026-09-05 06:22:11,164 | INFO | src.trainer.client.client_7 | Starting local training for round 48
2026-09-05 06:22:37,657 | INFO | src.trainer.client.client_7 | Round 48 local epoch 1/3: train_loss=0.237614
2026-09-05 06:23:00,192 | INFO | src.trainer.client.client_7 | Round 48 local epoch 2/3: train_loss=0.185281
2026-09-05 06:23:23,249 | INFO | src.trainer.client.client_7 | Round 48 local epoch 3/3: train_loss=0.175613
2026-09-05 06:23:50,340 | INFO | src.trainer.client.client_7 | Round 48 local fit metrics: {'train_loss': 0.17561289018318976, 'lr': 5.442287286441103e-05, 'train_accuracy': 0.996, 'train_precision': 0.9961156914055133, 'train_recall': 0.9957703703703704, 'train_f1': 0.995940874530517, 'train_image_accuracy': 1.0, 'train_image_precision': 1.0, 'train_image_recall': 1.0, 'train_image_f1': 1.0, 'val_loss': 1.6206212743044037, 'val_accuracy': 0.6451851851851852, 'val_precision': 0.6767267124706262, 'val_recall': 0.6793333333333333, 'val_f1': 0.6467838494367191, 'val_image_accuracy': 0.6666666666666666, 'val_image_precision': 0.7333333333333333, 'val_image_recall': 0.7, 'val_image_f1': 0.6599999999999999}
2026-09-05 06:28:56,483 | INFO | src.trainer.client.client_7 | Round 48 local test metrics: loss=1.044513 metrics={'test_accuracy': 0.6456666666666667, 'test_precision': 0.6997127464146237, 'test_recall': 0.6456666666666666, 'test_f1': 0.6128009447944173, 'test_image_accuracy': 0.8, 'test_image_precision': 0.7, 'test_image_recall': 0.8, 'test_image_f1': 0.7333333333333333}
2026-09-05 06:29:14,572 | INFO | src.trainer.client.client_7 | Round 49 learning rate set to 5.28553e-05
2026-09-05 06:29:14,572 | INFO | src.trainer.client.client_7 | Starting local training for round 49
2026-09-05 06:29:39,040 | INFO | src.trainer.client.client_7 | Round 49 local epoch 1/3: train_loss=0.235124
2026-09-05 06:30:04,810 | INFO | src.trainer.client.client_7 | Round 49 local epoch 2/3: train_loss=0.180747
2026-09-05 06:30:27,352 | INFO | src.trainer.client.client_7 | Round 49 local epoch 3/3: train_loss=0.153270
2026-09-05 06:30:53,435 | INFO | src.trainer.client.client_7 | Round 49 local fit metrics: {'train_loss': 0.15327011388761025, 'lr': 5.2855304833275255e-05, 'train_accuracy': 0.9873333333333333, 'train_precision': 0.9870943023239684, 'train_recall': 0.9880518518518517, 'train_f1': 0.98752669593976, 'train_image_accuracy': 1.0, 'train_image_precision': 1.0, 'train_image_recall': 1.0, 'train_image_f1': 1.0, 'val_loss': 1.911868780700283, 'val_accuracy': 0.6518518518518519, 'val_precision': 0.7104271294484973, 'val_recall': 0.6853333333333333, 'val_f1': 0.6530942899394376, 'val_image_accuracy': 0.7777777777777778, 'val_image_precision': 0.8, 'val_image_recall': 0.8, 'val_image_f1': 0.7666666666666666}
2026-09-05 06:37:47,517 | INFO | src.trainer.client.client_7 | Round 49 local test metrics: loss=1.036920 metrics={'test_accuracy': 0.6413333333333333, 'test_precision': 0.6982844320198801, 'test_recall': 0.6413333333333333, 'test_f1': 0.6127064351014715, 'test_image_accuracy': 0.8, 'test_image_precision': 0.7, 'test_image_recall': 0.8, 'test_image_f1': 0.7333333333333333}
2026-09-05 06:44:31,715 | INFO | src.trainer.client.client_7 | Round 50 learning rate set to 5.12854e-05
2026-09-05 06:44:31,715 | INFO | src.trainer.client.client_7 | Starting local training for round 50
2026-09-05 06:44:54,983 | INFO | src.trainer.client.client_7 | Round 50 local epoch 1/3: train_loss=0.226245
2026-09-05 06:45:19,191 | INFO | src.trainer.client.client_7 | Round 50 local epoch 2/3: train_loss=0.161894
2026-09-05 06:45:42,114 | INFO | src.trainer.client.client_7 | Round 50 local epoch 3/3: train_loss=0.170695
2026-09-05 06:46:04,796 | INFO | src.trainer.client.client_7 | Round 50 local fit metrics: {'train_loss': 0.17069474246766833, 'lr': 5.1285365209822996e-05, 'train_accuracy': 0.9935555555555555, 'train_precision': 0.9938712822234571, 'train_recall': 0.9937111111111111, 'train_f1': 0.993785237958884, 'train_image_accuracy': 1.0, 'train_image_precision': 1.0, 'train_image_recall': 1.0, 'train_image_f1': 1.0, 'val_loss': 1.1724506715505763, 'val_accuracy': 0.7781481481481481, 'val_precision': 0.7850273796186616, 'val_recall': 0.7983333333333333, 'val_f1': 0.7567359444483894, 'val_image_accuracy': 0.8888888888888888, 'val_image_precision': 0.9, 'val_image_recall': 0.9, 'val_image_f1': 0.8666666666666666}
2026-09-05 06:46:21,543 | INFO | src.trainer.client.client_7 | Round 50 local test metrics: loss=0.978681 metrics={'test_accuracy': 0.651, 'test_precision': 0.692505693760226, 'test_recall': 0.651, 'test_f1': 0.6264057825661572, 'test_image_accuracy': 0.8, 'test_image_precision': 0.7, 'test_image_recall': 0.8, 'test_image_f1': 0.7333333333333333}
2026-09-05 06:49:50,670 | INFO | src.trainer.client.client_7 | Round 51 learning rate set to 4.97146e-05
2026-09-05 06:49:50,671 | INFO | src.trainer.client.client_7 | Starting local training for round 51
2026-09-05 06:50:15,217 | INFO | src.trainer.client.client_7 | Round 51 local epoch 1/3: train_loss=0.216252
2026-09-05 06:50:39,616 | INFO | src.trainer.client.client_7 | Round 51 local epoch 2/3: train_loss=0.151351
2026-09-05 06:51:01,214 | INFO | src.trainer.client.client_7 | Round 51 local epoch 3/3: train_loss=0.145341
2026-09-05 06:51:26,938 | INFO | src.trainer.client.client_7 | Round 51 local fit metrics: {'train_loss': 0.14534084794697938, 'lr': 4.9714634790177006e-05, 'train_accuracy': 0.9929629629629629, 'train_precision': 0.9933032279266507, 'train_recall': 0.9917111111111112, 'train_f1': 0.9924761444267214, 'train_image_accuracy': 1.0, 'train_image_precision': 1.0, 'train_image_recall': 1.0, 'train_image_f1': 1.0, 'val_loss': 1.4589232870769964, 'val_accuracy': 0.7148148148148148, 'val_precision': 0.7239585589047496, 'val_recall': 0.7426666666666666, 'val_f1': 0.705131684113289, 'val_image_accuracy': 0.7777777777777778, 'val_image_precision': 0.8333333333333333, 'val_image_recall': 0.8, 'val_image_f1': 0.7599999999999999}
2026-09-05 06:55:10,327 | INFO | src.trainer.client.client_7 | Round 51 local test metrics: loss=1.077389 metrics={'test_accuracy': 0.6506666666666666, 'test_precision': 0.7014869784999214, 'test_recall': 0.6506666666666667, 'test_f1': 0.6127931248500615, 'test_image_accuracy': 0.8, 'test_image_precision': 0.7, 'test_image_recall': 0.8, 'test_image_f1': 0.7333333333333333}
2026-09-05 06:55:10,957 | INFO | src.trainer.client.client_7 | Round 52 learning rate set to 4.81447e-05
2026-09-05 06:55:10,957 | INFO | src.trainer.client.client_7 | Starting local training for round 52
2026-09-05 06:55:33,654 | INFO | src.trainer.client.client_7 | Round 52 local epoch 1/3: train_loss=0.229373
2026-09-05 06:55:56,170 | INFO | src.trainer.client.client_7 | Round 52 local epoch 2/3: train_loss=0.164604
2026-09-05 06:56:18,950 | INFO | src.trainer.client.client_7 | Round 52 local epoch 3/3: train_loss=0.153489
2026-09-05 06:56:44,876 | INFO | src.trainer.client.client_7 | Round 52 local fit metrics: {'train_loss': 0.15348933191579064, 'lr': 4.814469516672476e-05, 'train_accuracy': 0.9933333333333333, 'train_precision': 0.9928875328837687, 'train_recall': 0.9935407407407407, 'train_f1': 0.9932090719840119, 'train_image_accuracy': 1.0, 'train_image_precision': 1.0, 'train_image_recall': 1.0, 'train_image_f1': 1.0, 'val_loss': 2.155044451014492, 'val_accuracy': 0.6203703703703703, 'val_precision': 0.6910352394128549, 'val_recall': 0.657, 'val_f1': 0.6144989838702839, 'val_image_accuracy': 0.6666666666666666, 'val_image_precision': 0.7333333333333333, 'val_image_recall': 0.7, 'val_image_f1': 0.6599999999999999}
2026-09-05 07:03:30,876 | INFO | src.trainer.client.client_7 | Round 52 local test metrics: loss=0.969592 metrics={'test_accuracy': 0.6513333333333333, 'test_precision': 0.6838921965910266, 'test_recall': 0.6513333333333333, 'test_f1': 0.6259386169559378, 'test_image_accuracy': 0.8, 'test_image_precision': 0.7, 'test_image_recall': 0.8, 'test_image_f1': 0.7333333333333333}
2026-09-05 07:03:48,302 | INFO | src.trainer.client.client_7 | Round 53 learning rate set to 4.65771e-05
2026-09-05 07:03:48,302 | INFO | src.trainer.client.client_7 | Starting local training for round 53
2026-09-05 07:04:12,840 | INFO | src.trainer.client.client_7 | Round 53 local epoch 1/3: train_loss=0.208127
2026-09-05 07:04:34,709 | INFO | src.trainer.client.client_7 | Round 53 local epoch 2/3: train_loss=0.166796
2026-09-05 07:04:57,643 | INFO | src.trainer.client.client_7 | Round 53 local epoch 3/3: train_loss=0.165578
2026-09-05 07:05:24,949 | INFO | src.trainer.client.client_7 | Round 53 local fit metrics: {'train_loss': 0.1655777564883968, 'lr': 4.657712713558897e-05, 'train_accuracy': 0.9922962962962963, 'train_precision': 0.9928441305313832, 'train_recall': 0.9924592592592593, 'train_f1': 0.9926208814158736, 'train_image_accuracy': 1.0, 'train_image_precision': 1.0, 'train_image_recall': 1.0, 'train_image_f1': 1.0, 'val_loss': 1.6411429863918952, 'val_accuracy': 0.6888888888888889, 'val_precision': 0.7193616200566526, 'val_recall': 0.72, 'val_f1': 0.6858082578990817, 'val_image_accuracy': 0.8888888888888888, 'val_image_precision': 0.9, 'val_image_recall': 0.9, 'val_image_f1': 0.8666666666666666}
2026-09-05 07:12:17,813 | INFO | src.trainer.client.client_7 | Round 53 local test metrics: loss=1.044038 metrics={'test_accuracy': 0.6403333333333333, 'test_precision': 0.6834464363265611, 'test_recall': 0.6403333333333333, 'test_f1': 0.6127396467132357, 'test_image_accuracy': 0.8, 'test_image_precision': 0.7, 'test_image_recall': 0.8, 'test_image_f1': 0.7333333333333333}
2026-09-05 07:19:13,274 | INFO | src.trainer.client.client_7 | Round 54 learning rate set to 4.50135e-05
2026-09-05 07:19:13,274 | INFO | src.trainer.client.client_7 | Starting local training for round 54
2026-09-05 07:19:35,935 | INFO | src.trainer.client.client_7 | Round 54 local epoch 1/3: train_loss=0.207732
2026-09-05 07:19:59,225 | INFO | src.trainer.client.client_7 | Round 54 local epoch 2/3: train_loss=0.153551
2026-09-05 07:20:22,579 | INFO | src.trainer.client.client_7 | Round 54 local epoch 3/3: train_loss=0.137349
2026-09-05 07:20:50,156 | INFO | src.trainer.client.client_7 | Round 54 local fit metrics: {'train_loss': 0.137348577954151, 'lr': 4.501350910489996e-05, 'train_accuracy': 0.9939259259259259, 'train_precision': 0.9939322675316911, 'train_recall': 0.9935037037037036, 'train_f1': 0.9937110969564011, 'train_image_accuracy': 1.0, 'train_image_precision': 1.0, 'train_image_recall': 1.0, 'train_image_f1': 1.0, 'val_loss': 1.8005659771648546, 'val_accuracy': 0.7033333333333334, 'val_precision': 0.7276216300176369, 'val_recall': 0.7326666666666666, 'val_f1': 0.7010632961162141, 'val_image_accuracy': 0.7777777777777778, 'val_image_precision': 0.8333333333333333, 'val_image_recall': 0.8, 'val_image_f1': 0.76}
2026-09-05 07:20:57,042 | INFO | src.trainer.client.client_7 | Round 54 local test metrics: loss=1.117939 metrics={'test_accuracy': 0.6333333333333333, 'test_precision': 0.6781109993717903, 'test_recall': 0.6333333333333334, 'test_f1': 0.5973441915991891, 'test_image_accuracy': 0.7, 'test_image_precision': 0.6799999999999999, 'test_image_recall': 0.7, 'test_image_f1': 0.6476190476190476}
2026-09-05 07:27:50,621 | INFO | src.trainer.client.client_7 | Round 55 learning rate set to 4.34554e-05
2026-09-05 07:27:50,621 | INFO | src.trainer.client.client_7 | Starting local training for round 55
2026-09-05 07:28:14,528 | INFO | src.trainer.client.client_7 | Round 55 local epoch 1/3: train_loss=0.230824
2026-09-05 07:28:36,218 | INFO | src.trainer.client.client_7 | Round 55 local epoch 2/3: train_loss=0.142524
2026-09-05 07:28:58,347 | INFO | src.trainer.client.client_7 | Round 55 local epoch 3/3: train_loss=0.137942
2026-09-05 07:29:24,212 | INFO | src.trainer.client.client_7 | Round 55 local fit metrics: {'train_loss': 0.13794164943290346, 'lr': 4.345541550547239e-05, 'train_accuracy': 0.9938518518518519, 'train_precision': 0.9941361148771163, 'train_recall': 0.9938, 'train_f1': 0.9939598176867049, 'train_image_accuracy': 1.0, 'train_image_precision': 1.0, 'train_image_recall': 1.0, 'train_image_f1': 1.0, 'val_loss': 1.459284601037701, 'val_accuracy': 0.7122222222222222, 'val_precision': 0.7292924209029762, 'val_recall': 0.7396666666666667, 'val_f1': 0.7089617096960009, 'val_image_accuracy': 0.8888888888888888, 'val_image_precision': 0.9, 'val_image_recall': 0.9, 'val_image_f1': 0.8666666666666666}
2026-09-05 07:29:37,226 | INFO | src.trainer.client.client_7 | Round 55 local test metrics: loss=1.037341 metrics={'test_accuracy': 0.6436666666666667, 'test_precision': 0.6871293337739228, 'test_recall': 0.6436666666666666, 'test_f1': 0.6127039264646975, 'test_image_accuracy': 0.7, 'test_image_precision': 0.6799999999999999, 'test_image_recall': 0.7, 'test_image_f1': 0.6476190476190476}
2026-09-05 07:34:58,887 | INFO | src.trainer.client.client_7 | Round 56 learning rate set to 4.19044e-05
2026-09-05 07:34:58,887 | INFO | src.trainer.client.client_7 | Starting local training for round 56
2026-09-05 07:35:23,015 | INFO | src.trainer.client.client_7 | Round 56 local epoch 1/3: train_loss=0.214438
2026-09-05 07:35:44,908 | INFO | src.trainer.client.client_7 | Round 56 local epoch 2/3: train_loss=0.146107
2026-09-05 07:36:06,918 | INFO | src.trainer.client.client_7 | Round 56 local epoch 3/3: train_loss=0.138179
2026-09-05 07:36:32,866 | INFO | src.trainer.client.client_7 | Round 56 local fit metrics: {'train_loss': 0.1381791549001211, 'lr': 4.190441520548695e-05, 'train_accuracy': 0.9944444444444445, 'train_precision': 0.9947809459385042, 'train_recall': 0.9933481481481481, 'train_f1': 0.9940463879386625, 'train_image_accuracy': 1.0, 'train_image_precision': 1.0, 'train_image_recall': 1.0, 'train_image_f1': 1.0, 'val_loss': 1.1540162889024725, 'val_accuracy': 0.7662962962962963, 'val_precision': 0.7708656280529433, 'val_recall': 0.788, 'val_f1': 0.7561496475375444, 'val_image_accuracy': 0.7777777777777778, 'val_image_precision': 0.8, 'val_image_recall': 0.8, 'val_image_f1': 0.7666666666666666}
2026-09-05 07:38:36,202 | INFO | src.trainer.client.client_7 | Round 56 local test metrics: loss=1.114886 metrics={'test_accuracy': 0.632, 'test_precision': 0.6888950540611538, 'test_recall': 0.6320000000000001, 'test_f1': 0.5949417783228357, 'test_image_accuracy': 0.7, 'test_image_precision': 0.6799999999999999, 'test_image_recall': 0.7, 'test_image_f1': 0.6476190476190476}
2026-09-05 07:38:42,377 | INFO | src.trainer.client.client_7 | Round 57 learning rate set to 4.03621e-05
2026-09-05 07:38:42,377 | INFO | src.trainer.client.client_7 | Starting local training for round 57
2026-09-05 07:39:05,545 | INFO | src.trainer.client.client_7 | Round 57 local epoch 1/3: train_loss=0.204785
2026-09-05 07:39:26,983 | INFO | src.trainer.client.client_7 | Round 57 local epoch 2/3: train_loss=0.153758
2026-09-05 07:39:49,040 | INFO | src.trainer.client.client_7 | Round 57 local epoch 3/3: train_loss=0.146369
2026-09-05 07:40:16,372 | INFO | src.trainer.client.client_7 | Round 57 local fit metrics: {'train_loss': 0.14636949079272188, 'lr': 4.036206993077307e-05, 'train_accuracy': 0.9962962962962963, 'train_precision': 0.9959069265287764, 'train_recall': 0.9964148148148148, 'train_f1': 0.9961563964482094, 'train_image_accuracy': 1.0, 'train_image_precision': 1.0, 'train_image_recall': 1.0, 'train_image_f1': 1.0, 'val_loss': 1.4919361366186705, 'val_accuracy': 0.7003703703703704, 'val_precision': 0.7259607291494217, 'val_recall': 0.7293333333333333, 'val_f1': 0.6974921983491482, 'val_image_accuracy': 0.7777777777777778, 'val_image_precision': 0.8333333333333333, 'val_image_recall': 0.8, 'val_image_f1': 0.76}
2026-09-05 07:47:10,179 | INFO | src.trainer.client.client_7 | Round 57 local test metrics: loss=1.156616 metrics={'test_accuracy': 0.64, 'test_precision': 0.7264020381592928, 'test_recall': 0.6399999999999999, 'test_f1': 0.601463167770259, 'test_image_accuracy': 0.7, 'test_image_precision': 0.6799999999999999, 'test_image_recall': 0.7, 'test_image_f1': 0.6476190476190476}
2026-09-05 07:47:27,600 | INFO | src.trainer.client.client_7 | Round 58 learning rate set to 3.88299e-05
2026-09-05 07:47:27,600 | INFO | src.trainer.client.client_7 | Starting local training for round 58
2026-09-05 07:47:50,596 | INFO | src.trainer.client.client_7 | Round 58 local epoch 1/3: train_loss=0.219547
2026-09-05 07:48:13,726 | INFO | src.trainer.client.client_7 | Round 58 local epoch 2/3: train_loss=0.145154
2026-09-05 07:48:36,733 | INFO | src.trainer.client.client_7 | Round 58 local epoch 3/3: train_loss=0.134939
2026-09-05 07:49:02,752 | INFO | src.trainer.client.client_7 | Round 58 local fit metrics: {'train_loss': 0.1349393805751094, 'lr': 3.882993269228334e-05, 'train_accuracy': 0.9961481481481481, 'train_precision': 0.9962184293012946, 'train_recall': 0.9958666666666666, 'train_f1': 0.9960399175634255, 'train_image_accuracy': 1.0, 'train_image_precision': 1.0, 'train_image_recall': 1.0, 'train_image_f1': 1.0, 'val_loss': 1.3475087269947486, 'val_accuracy': 0.7311111111111112, 'val_precision': 0.7368091980245527, 'val_recall': 0.7556666666666667, 'val_f1': 0.7237885642038597, 'val_image_accuracy': 0.8888888888888888, 'val_image_precision': 0.9, 'val_image_recall': 0.9, 'val_image_f1': 0.8666666666666666}
2026-09-05 07:55:40,238 | INFO | src.trainer.client.client_7 | Round 58 local test metrics: loss=1.085753 metrics={'test_accuracy': 0.663, 'test_precision': 0.7182648343109351, 'test_recall': 0.663, 'test_f1': 0.6290058032291135, 'test_image_accuracy': 0.7, 'test_image_precision': 0.6799999999999999, 'test_image_recall': 0.7, 'test_image_f1': 0.6476190476190476}
2026-09-05 07:55:57,759 | INFO | src.trainer.client.client_7 | Round 59 learning rate set to 3.73095e-05
2026-09-05 07:55:57,759 | INFO | src.trainer.client.client_7 | Starting local training for round 59
2026-09-05 07:56:21,405 | INFO | src.trainer.client.client_7 | Round 59 local epoch 1/3: train_loss=0.208698
2026-09-05 07:56:44,182 | INFO | src.trainer.client.client_7 | Round 59 local epoch 2/3: train_loss=0.151991
2026-09-05 07:57:08,178 | INFO | src.trainer.client.client_7 | Round 59 local epoch 3/3: train_loss=0.142589
2026-09-05 07:57:35,880 | INFO | src.trainer.client.client_7 | Round 59 local fit metrics: {'train_loss': 0.14258882006492327, 'lr': 3.7309546222343274e-05, 'train_accuracy': 0.9962222222222222, 'train_precision': 0.9961746858196634, 'train_recall': 0.996125925925926, 'train_f1': 0.9961488072993065, 'train_image_accuracy': 1.0, 'train_image_precision': 1.0, 'train_image_recall': 1.0, 'train_image_f1': 1.0, 'val_loss': 1.7972070016491193, 'val_accuracy': 0.6985185185185185, 'val_precision': 0.7174535565216769, 'val_recall': 0.7286666666666666, 'val_f1': 0.6950633211987445, 'val_image_accuracy': 0.8888888888888888, 'val_image_precision': 0.9, 'val_image_recall': 0.9, 'val_image_f1': 0.8666666666666666}
2026-09-05 08:04:26,462 | INFO | src.trainer.client.client_7 | Round 59 local test metrics: loss=1.091347 metrics={'test_accuracy': 0.6416666666666667, 'test_precision': 0.6862314310706464, 'test_recall': 0.6416666666666668, 'test_f1': 0.6133312535133973, 'test_image_accuracy': 0.7, 'test_image_precision': 0.6799999999999999, 'test_image_recall': 0.7, 'test_image_f1': 0.6476190476190476}
2026-09-05 08:11:18,757 | INFO | src.trainer.client.client_7 | Round 60 learning rate set to 3.58024e-05
2026-09-05 08:11:18,757 | INFO | src.trainer.client.client_7 | Starting local training for round 60
2026-09-05 08:11:45,088 | INFO | src.trainer.client.client_7 | Round 60 local epoch 1/3: train_loss=0.203841
2026-09-05 08:12:07,176 | INFO | src.trainer.client.client_7 | Round 60 local epoch 2/3: train_loss=0.134886
2026-09-05 08:12:30,461 | INFO | src.trainer.client.client_7 | Round 60 local epoch 3/3: train_loss=0.132577
2026-09-05 08:12:54,864 | INFO | src.trainer.client.client_7 | Round 60 local fit metrics: {'train_loss': 0.1325766141804648, 'lr': 3.580244142125041e-05, 'train_accuracy': 0.9959259259259259, 'train_precision': 0.9958635258996689, 'train_recall': 0.9959481481481482, 'train_f1': 0.9959031446297694, 'train_image_accuracy': 1.0, 'train_image_precision': 1.0, 'train_image_recall': 1.0, 'train_image_f1': 1.0, 'val_loss': 1.1634441922770606, 'val_accuracy': 0.7322222222222222, 'val_precision': 0.7430803342785138, 'val_recall': 0.7556666666666667, 'val_f1': 0.7224197107658268, 'val_image_accuracy': 0.8888888888888888, 'val_image_precision': 0.9, 'val_image_recall': 0.9, 'val_image_f1': 0.8666666666666666}
2026-09-05 08:13:23,334 | INFO | src.trainer.client.client_7 | Round 60 local test metrics: loss=1.249374 metrics={'test_accuracy': 0.6043333333333333, 'test_precision': 0.6790429364308042, 'test_recall': 0.6043333333333333, 'test_f1': 0.5699765154183597, 'test_image_accuracy': 0.7, 'test_image_precision': 0.6799999999999999, 'test_image_recall': 0.7, 'test_image_f1': 0.6476190476190476}
2026-09-05 08:16:43,294 | INFO | src.trainer.client.client_7 | Round 61 learning rate set to 3.43101e-05
2026-09-05 08:16:43,295 | INFO | src.trainer.client.client_7 | Starting local training for round 61
2026-09-05 08:17:07,161 | INFO | src.trainer.client.client_7 | Round 61 local epoch 1/3: train_loss=0.217585
2026-09-05 08:17:33,737 | INFO | src.trainer.client.client_7 | Round 61 local epoch 2/3: train_loss=0.151298
2026-09-05 08:17:55,780 | INFO | src.trainer.client.client_7 | Round 61 local epoch 3/3: train_loss=0.130985
2026-09-05 08:18:22,470 | INFO | src.trainer.client.client_7 | Round 61 local fit metrics: {'train_loss': 0.13098459576934943, 'lr': 3.431013581578763e-05, 'train_accuracy': 0.9962962962962963, 'train_precision': 0.9962148708528286, 'train_recall': 0.996237037037037, 'train_f1': 0.9962250240904817, 'train_image_accuracy': 1.0, 'train_image_precision': 1.0, 'train_image_recall': 1.0, 'train_image_f1': 1.0, 'val_loss': 1.56505428906414, 'val_accuracy': 0.725925925925926, 'val_precision': 0.7475436107919122, 'val_recall': 0.7533333333333333, 'val_f1': 0.7209276579259016, 'val_image_accuracy': 0.8888888888888888, 'val_image_precision': 0.9, 'val_image_recall': 0.9, 'val_image_f1': 0.8666666666666666}
2026-09-05 08:21:40,606 | INFO | src.trainer.client.client_7 | Round 61 local test metrics: loss=1.135582 metrics={'test_accuracy': 0.6416666666666667, 'test_precision': 0.706267092620144, 'test_recall': 0.6416666666666667, 'test_f1': 0.6114859589149961, 'test_image_accuracy': 0.7, 'test_image_precision': 0.6799999999999999, 'test_image_recall': 0.7, 'test_image_f1': 0.6476190476190476}
2026-09-05 08:25:24,320 | INFO | src.trainer.client.client_7 | Round 62 learning rate set to 3.28341e-05
2026-09-05 08:25:24,320 | INFO | src.trainer.client.client_7 | Starting local training for round 62
2026-09-05 08:25:50,182 | INFO | src.trainer.client.client_7 | Round 62 local epoch 1/3: train_loss=0.206309
2026-09-05 08:26:13,158 | INFO | src.trainer.client.client_7 | Round 62 local epoch 2/3: train_loss=0.151169
2026-09-05 08:26:35,162 | INFO | src.trainer.client.client_7 | Round 62 local epoch 3/3: train_loss=0.131209
2026-09-05 08:27:02,349 | INFO | src.trainer.client.client_7 | Round 62 local fit metrics: {'train_loss': 0.13120930347177717, 'lr': 3.283413203120235e-05, 'train_accuracy': 0.9951111111111111, 'train_precision': 0.9950849744665919, 'train_recall': 0.9943777777777779, 'train_f1': 0.9947198532917078, 'train_image_accuracy': 1.0, 'train_image_precision': 1.0, 'train_image_recall': 1.0, 'train_image_f1': 1.0, 'val_loss': 1.7418845562005192, 'val_accuracy': 0.7188888888888889, 'val_precision': 0.7406370702215956, 'val_recall': 0.747, 'val_f1': 0.7122921397291005, 'val_image_accuracy': 0.8888888888888888, 'val_image_precision': 0.9, 'val_image_recall': 0.9, 'val_image_f1': 0.8666666666666666}
2026-09-05 08:30:43,545 | INFO | src.trainer.client.client_7 | Round 62 local test metrics: loss=1.125203 metrics={'test_accuracy': 0.6466666666666666, 'test_precision': 0.7065628735675743, 'test_recall': 0.6466666666666667, 'test_f1': 0.6123269346497305, 'test_image_accuracy': 0.7, 'test_image_precision': 0.6799999999999999, 'test_image_recall': 0.7, 'test_image_f1': 0.6476190476190476}
2026-09-05 08:35:39,318 | INFO | src.trainer.client.client_7 | Round 63 learning rate set to 3.13759e-05
2026-09-05 08:35:39,318 | INFO | src.trainer.client.client_7 | Starting local training for round 63
2026-09-05 08:36:03,072 | INFO | src.trainer.client.client_7 | Round 63 local epoch 1/3: train_loss=0.209845
2026-09-05 08:36:28,516 | INFO | src.trainer.client.client_7 | Round 63 local epoch 2/3: train_loss=0.139961
2026-09-05 08:36:52,132 | INFO | src.trainer.client.client_7 | Round 63 local epoch 3/3: train_loss=0.136893
2026-09-05 08:37:19,345 | INFO | src.trainer.client.client_7 | Round 63 local fit metrics: {'train_loss': 0.13689334653041982, 'lr': 3.137591627819013e-05, 'train_accuracy': 0.9949629629629629, 'train_precision': 0.994818762812858, 'train_recall': 0.9950666666666667, 'train_f1': 0.9949418403291803, 'train_image_accuracy': 1.0, 'train_image_precision': 1.0, 'train_image_recall': 1.0, 'train_image_f1': 1.0, 'val_loss': 1.4815068440589434, 'val_accuracy': 0.7437037037037038, 'val_precision': 0.7514317751367067, 'val_recall': 0.7689999999999999, 'val_f1': 0.7315265043606732, 'val_image_accuracy': 0.8888888888888888, 'val_image_precision': 0.9, 'val_image_recall': 0.9, 'val_image_f1': 0.8666666666666666}
2026-09-05 08:39:12,236 | INFO | src.trainer.client.client_7 | Round 63 local test metrics: loss=1.182493 metrics={'test_accuracy': 0.6266666666666667, 'test_precision': 0.6728141980074144, 'test_recall': 0.6266666666666666, 'test_f1': 0.5920291425173073, 'test_image_accuracy': 0.7, 'test_image_precision': 0.6799999999999999, 'test_image_recall': 0.7, 'test_image_f1': 0.6476190476190476}
2026-09-05 08:41:05,991 | INFO | src.trainer.client.client_7 | Round 64 learning rate set to 2.9937e-05
2026-09-05 08:41:05,991 | INFO | src.trainer.client.client_7 | Starting local training for round 64
2026-09-05 08:41:29,821 | INFO | src.trainer.client.client_7 | Round 64 local epoch 1/3: train_loss=0.224621
2026-09-05 08:41:53,439 | INFO | src.trainer.client.client_7 | Round 64 local epoch 2/3: train_loss=0.162930
2026-09-05 08:42:16,732 | INFO | src.trainer.client.client_7 | Round 64 local epoch 3/3: train_loss=0.138506
2026-09-05 08:42:44,447 | INFO | src.trainer.client.client_7 | Round 64 local fit metrics: {'train_loss': 0.1385055508584152, 'lr': 2.993695685640663e-05, 'train_accuracy': 0.9953333333333333, 'train_precision': 0.9951627435686433, 'train_recall': 0.9954000000000001, 'train_f1': 0.9952742564800321, 'train_image_accuracy': 1.0, 'train_image_precision': 1.0, 'train_image_recall': 1.0, 'train_image_f1': 1.0, 'val_loss': 1.6659206041969634, 'val_accuracy': 0.7111111111111111, 'val_precision': 0.7360496299251985, 'val_recall': 0.7390000000000001, 'val_f1': 0.7086666943506472, 'val_image_accuracy': 0.8888888888888888, 'val_image_precision': 0.9, 'val_image_recall': 0.9, 'val_image_f1': 0.8666666666666666}
2026-09-05 08:47:54,801 | INFO | src.trainer.client.client_7 | Round 64 local test metrics: loss=1.112678 metrics={'test_accuracy': 0.642, 'test_precision': 0.6856946820305128, 'test_recall': 0.6419999999999999, 'test_f1': 0.6088283835175358, 'test_image_accuracy': 0.7, 'test_image_precision': 0.6799999999999999, 'test_image_recall': 0.7, 'test_image_f1': 0.6476190476190476}
2026-09-05 08:49:40,503 | INFO | src.trainer.client.client_7 | Round 65 learning rate set to 2.85187e-05
2026-09-05 08:49:40,504 | INFO | src.trainer.client.client_7 | Starting local training for round 65
2026-09-05 08:50:03,586 | INFO | src.trainer.client.client_7 | Round 65 local epoch 1/3: train_loss=0.238106
2026-09-05 08:50:25,169 | INFO | src.trainer.client.client_7 | Round 65 local epoch 2/3: train_loss=0.132196
2026-09-05 08:50:48,651 | INFO | src.trainer.client.client_7 | Round 65 local epoch 3/3: train_loss=0.153079
2026-09-05 08:51:16,303 | INFO | src.trainer.client.client_7 | Round 65 local fit metrics: {'train_loss': 0.15307944269091994, 'lr': 2.851870267601418e-05, 'train_accuracy': 0.9967407407407407, 'train_precision': 0.9967950653040415, 'train_recall': 0.9968, 'train_f1': 0.9967968401167306, 'train_image_accuracy': 1.0, 'train_image_precision': 1.0, 'train_image_recall': 1.0, 'train_image_f1': 1.0, 'val_loss': 1.717938790038159, 'val_accuracy': 0.707037037037037, 'val_precision': 0.7301201446348655, 'val_recall': 0.736, 'val_f1': 0.7045460375420574, 'val_image_accuracy': 0.7777777777777778, 'val_image_precision': 0.8, 'val_image_recall': 0.8, 'val_image_f1': 0.7666666666666666}
2026-09-05 08:56:24,824 | INFO | src.trainer.client.client_7 | Round 65 local test metrics: loss=1.132643 metrics={'test_accuracy': 0.644, 'test_precision': 0.6959242013921253, 'test_recall': 0.644, 'test_f1': 0.6100354947604151, 'test_image_accuracy': 0.7, 'test_image_precision': 0.6799999999999999, 'test_image_recall': 0.7, 'test_image_f1': 0.6476190476190476}
2026-09-05 09:01:44,357 | INFO | src.trainer.client.client_7 | Round 66 learning rate set to 2.71226e-05
2026-09-05 09:01:44,357 | INFO | src.trainer.client.client_7 | Starting local training for round 66
2026-09-05 09:02:08,292 | INFO | src.trainer.client.client_7 | Round 66 local epoch 1/3: train_loss=0.226704
2026-09-05 09:02:32,750 | INFO | src.trainer.client.client_7 | Round 66 local epoch 2/3: train_loss=0.125819
2026-09-05 09:02:56,314 | INFO | src.trainer.client.client_7 | Round 66 local epoch 3/3: train_loss=0.124800
2026-09-05 09:03:22,093 | INFO | src.trainer.client.client_7 | Round 66 local fit metrics: {'train_loss': 0.12479956501244027, 'lr': 2.7122581798752213e-05, 'train_accuracy': 0.9978518518518519, 'train_precision': 0.9977899353972444, 'train_recall': 0.9978592592592592, 'train_f1': 0.9978204720732211, 'train_image_accuracy': 1.0, 'train_image_precision': 1.0, 'train_image_recall': 1.0, 'train_image_f1': 1.0, 'val_loss': 1.338181472166476, 'val_accuracy': 0.7511111111111111, 'val_precision': 0.7603016432702753, 'val_recall': 0.776, 'val_f1': 0.7409925785988241, 'val_image_accuracy': 0.8888888888888888, 'val_image_precision': 0.9, 'val_image_recall': 0.9, 'val_image_f1': 0.8666666666666666}
2026-09-05 09:05:22,282 | INFO | src.trainer.client.client_7 | Round 66 local test metrics: loss=1.096614 metrics={'test_accuracy': 0.65, 'test_precision': 0.6980877927470042, 'test_recall': 0.65, 'test_f1': 0.6167490503843682, 'test_image_accuracy': 0.7, 'test_image_precision': 0.6799999999999999, 'test_image_recall': 0.7, 'test_image_f1': 0.6476190476190476}
2026-09-05 09:07:07,046 | INFO | src.trainer.client.client_7 | Round 67 learning rate set to 2.575e-05
2026-09-05 09:07:07,046 | INFO | src.trainer.client.client_7 | Starting local training for round 67
2026-09-05 09:07:31,826 | INFO | src.trainer.client.client_7 | Round 67 local epoch 1/3: train_loss=0.196676
2026-09-05 09:07:54,042 | INFO | src.trainer.client.client_7 | Round 67 local epoch 2/3: train_loss=0.155323
2026-09-05 09:08:16,473 | INFO | src.trainer.client.client_7 | Round 67 local epoch 3/3: train_loss=0.132094
2026-09-05 09:08:41,915 | INFO | src.trainer.client.client_7 | Round 67 local fit metrics: {'train_loss': 0.132093740745827, 'lr': 2.5750000000000013e-05, 'train_accuracy': 0.9972592592592593, 'train_precision': 0.9970778476067554, 'train_recall': 0.9973481481481482, 'train_f1': 0.9972105949939651, 'train_image_accuracy': 1.0, 'train_image_precision': 1.0, 'train_image_recall': 1.0, 'train_image_f1': 1.0, 'val_loss': 1.5879236576230162, 'val_accuracy': 0.7311111111111112, 'val_precision': 0.7538670163595947, 'val_recall': 0.7576666666666666, 'val_f1': 0.7202607075269657, 'val_image_accuracy': 0.8888888888888888, 'val_image_precision': 0.9, 'val_image_recall': 0.9, 'val_image_f1': 0.8666666666666666}
2026-09-05 09:13:58,792 | INFO | src.trainer.client.client_7 | Round 67 local test metrics: loss=1.168362 metrics={'test_accuracy': 0.6273333333333333, 'test_precision': 0.6802066002232229, 'test_recall': 0.6273333333333333, 'test_f1': 0.6005362959028027, 'test_image_accuracy': 0.7, 'test_image_precision': 0.6799999999999999, 'test_image_recall': 0.7, 'test_image_f1': 0.6476190476190476}
2026-09-05 09:14:06,164 | INFO | src.trainer.client.client_7 | Round 68 learning rate set to 2.44023e-05
2026-09-05 09:14:06,164 | INFO | src.trainer.client.client_7 | Starting local training for round 68
2026-09-05 09:14:30,097 | INFO | src.trainer.client.client_7 | Round 68 local epoch 1/3: train_loss=0.204639
2026-09-05 09:14:53,001 | INFO | src.trainer.client.client_7 | Round 68 local epoch 2/3: train_loss=0.144865
2026-09-05 09:15:16,326 | INFO | src.trainer.client.client_7 | Round 68 local epoch 3/3: train_loss=0.134364
2026-09-05 09:15:42,322 | INFO | src.trainer.client.client_7 | Round 68 local fit metrics: {'train_loss': 0.1343637869829013, 'lr': 2.440233935328013e-05, 'train_accuracy': 0.9967407407407407, 'train_precision': 0.9966712255153594, 'train_recall': 0.9968814814814815, 'train_f1': 0.9967742794038154, 'train_image_accuracy': 1.0, 'train_image_precision': 1.0, 'train_image_recall': 1.0, 'train_image_f1': 1.0, 'val_loss': 1.5651830143943706, 'val_accuracy': 0.6985185185185185, 'val_precision': 0.73254934566674, 'val_recall': 0.7283333333333333, 'val_f1': 0.6917370237672168, 'val_image_accuracy': 0.7777777777777778, 'val_image_precision': 0.8666666666666666, 'val_image_recall': 0.8, 'val_image_f1': 0.7666666666666666}
2026-09-05 09:22:29,855 | INFO | src.trainer.client.client_7 | Round 68 local test metrics: loss=1.157919 metrics={'test_accuracy': 0.635, 'test_precision': 0.6881580737436532, 'test_recall': 0.635, 'test_f1': 0.6069749285856478, 'test_image_accuracy': 0.7, 'test_image_precision': 0.6799999999999999, 'test_image_recall': 0.7, 'test_image_f1': 0.6476190476190476}
2026-09-05 09:24:18,507 | INFO | src.trainer.client.client_7 | Round 69 learning rate set to 2.3081e-05
2026-09-05 09:24:18,508 | INFO | src.trainer.client.client_7 | Starting local training for round 69
2026-09-05 09:24:42,162 | INFO | src.trainer.client.client_7 | Round 69 local epoch 1/3: train_loss=0.214231
2026-09-05 09:25:05,434 | INFO | src.trainer.client.client_7 | Round 69 local epoch 2/3: train_loss=0.152012
2026-09-05 09:25:29,546 | INFO | src.trainer.client.client_7 | Round 69 local epoch 3/3: train_loss=0.122206
2026-09-05 09:25:55,299 | INFO | src.trainer.client.client_7 | Round 69 local fit metrics: {'train_loss': 0.12220551349130677, 'lr': 2.3080956838627546e-05, 'train_accuracy': 0.9971111111111111, 'train_precision': 0.997187809556471, 'train_recall': 0.9970370370370369, 'train_f1': 0.9971110893250735, 'train_image_accuracy': 1.0, 'train_image_precision': 1.0, 'train_image_recall': 1.0, 'train_image_f1': 1.0, 'val_loss': 1.4818404197718094, 'val_accuracy': 0.7644444444444445, 'val_precision': 0.7807099929574637, 'val_recall': 0.788, 'val_f1': 0.7576730298140507, 'val_image_accuracy': 0.8888888888888888, 'val_image_precision': 0.9, 'val_image_recall': 0.9, 'val_image_f1': 0.8666666666666666}
2026-09-05 09:31:18,212 | INFO | src.trainer.client.client_7 | Round 69 local test metrics: loss=1.121425 metrics={'test_accuracy': 0.6383333333333333, 'test_precision': 0.6931836186628405, 'test_recall': 0.6383333333333334, 'test_f1': 0.6095746529179279, 'test_image_accuracy': 0.7, 'test_image_precision': 0.6799999999999999, 'test_image_recall': 0.7, 'test_image_f1': 0.6476190476190476}
2026-09-05 09:36:18,224 | INFO | src.trainer.client.client_7 | Round 70 learning rate set to 2.17872e-05
2026-09-05 09:36:18,224 | INFO | src.trainer.client.client_7 | Starting local training for round 70
2026-09-05 09:36:44,279 | INFO | src.trainer.client.client_7 | Round 70 local epoch 1/3: train_loss=0.192961
2026-09-05 09:37:07,643 | INFO | src.trainer.client.client_7 | Round 70 local epoch 2/3: train_loss=0.143271
2026-09-05 09:37:29,217 | INFO | src.trainer.client.client_7 | Round 70 local epoch 3/3: train_loss=0.138135
2026-09-05 09:37:56,106 | INFO | src.trainer.client.client_7 | Round 70 local fit metrics: {'train_loss': 0.13813490036829018, 'lr': 2.17871829762257e-05, 'train_accuracy': 0.9961481481481481, 'train_precision': 0.9956040750494303, 'train_recall': 0.9963629629629629, 'train_f1': 0.9959770288057262, 'train_image_accuracy': 1.0, 'train_image_precision': 1.0, 'train_image_recall': 1.0, 'train_image_f1': 1.0, 'val_loss': 1.619113720616981, 'val_accuracy': 0.7111111111111111, 'val_precision': 0.7409274472623317, 'val_recall': 0.74, 'val_f1': 0.7081668353144992, 'val_image_accuracy': 0.8888888888888888, 'val_image_precision': 0.9, 'val_image_recall': 0.9, 'val_image_f1': 0.8666666666666666}
2026-09-05 09:39:38,428 | INFO | src.trainer.client.client_7 | Round 70 local test metrics: loss=1.131378 metrics={'test_accuracy': 0.637, 'test_precision': 0.6743110355747749, 'test_recall': 0.637, 'test_f1': 0.6120781035433233, 'test_image_accuracy': 0.8, 'test_image_precision': 0.9, 'test_image_recall': 0.8, 'test_image_f1': 0.7999999999999999}
2026-09-05 09:41:39,639 | INFO | src.trainer.client.client_7 | Round 71 learning rate set to 2.05223e-05
2026-09-05 09:41:39,639 | INFO | src.trainer.client.client_7 | Starting local training for round 71
2026-09-05 09:42:02,410 | INFO | src.trainer.client.client_7 | Round 71 local epoch 1/3: train_loss=0.207175
2026-09-05 09:42:24,660 | INFO | src.trainer.client.client_7 | Round 71 local epoch 2/3: train_loss=0.133861
2026-09-05 09:42:46,655 | INFO | src.trainer.client.client_7 | Round 71 local epoch 3/3: train_loss=0.132499
2026-09-05 09:43:12,579 | INFO | src.trainer.client.client_7 | Round 71 local fit metrics: {'train_loss': 0.13249946463255236, 'lr': 2.052232048668551e-05, 'train_accuracy': 0.9972592592592593, 'train_precision': 0.9972007019229343, 'train_recall': 0.9973333333333333, 'train_f1': 0.997266237348574, 'train_image_accuracy': 1.0, 'train_image_precision': 1.0, 'train_image_recall': 1.0, 'train_image_f1': 1.0, 'val_loss': 1.5650786622120412, 'val_accuracy': 0.7007407407407408, 'val_precision': 0.7241058410624925, 'val_recall': 0.7306666666666667, 'val_f1': 0.6976969054030796, 'val_image_accuracy': 0.8888888888888888, 'val_image_precision': 0.9, 'val_image_recall': 0.9, 'val_image_f1': 0.8666666666666666}
2026-09-05 09:48:36,789 | INFO | src.trainer.client.client_7 | Round 71 local test metrics: loss=1.168930 metrics={'test_accuracy': 0.629, 'test_precision': 0.681952777742054, 'test_recall': 0.6289999999999999, 'test_f1': 0.5975840947286569, 'test_image_accuracy': 0.7, 'test_image_precision': 0.6799999999999999, 'test_image_recall': 0.7, 'test_image_f1': 0.6476190476190476}
2026-09-05 09:55:15,219 | INFO | src.trainer.client.client_7 | Round 72 learning rate set to 1.92876e-05
2026-09-05 09:55:15,219 | INFO | src.trainer.client.client_7 | Starting local training for round 72
2026-09-05 09:55:39,297 | INFO | src.trainer.client.client_7 | Round 72 local epoch 1/3: train_loss=0.206368
2026-09-05 09:56:02,805 | INFO | src.trainer.client.client_7 | Round 72 local epoch 2/3: train_loss=0.144012
2026-09-05 09:56:26,133 | INFO | src.trainer.client.client_7 | Round 72 local epoch 3/3: train_loss=0.124976
2026-09-05 09:56:53,142 | INFO | src.trainer.client.client_7 | Round 72 local fit metrics: {'train_loss': 0.12497623980781178, 'lr': 1.9287642979316156e-05, 'train_accuracy': 0.9966666666666667, 'train_precision': 0.9965434992089133, 'train_recall': 0.996725925925926, 'train_f1': 0.9966316362467953, 'train_image_accuracy': 1.0, 'train_image_precision': 1.0, 'train_image_recall': 1.0, 'train_image_f1': 1.0, 'val_loss': 1.5317995904661992, 'val_accuracy': 0.7288888888888889, 'val_precision': 0.7527490306791085, 'val_recall': 0.7556666666666667, 'val_f1': 0.7243268432085854, 'val_image_accuracy': 0.8888888888888888, 'val_image_precision': 0.9, 'val_image_recall': 0.9, 'val_image_f1': 0.8666666666666666}
2026-09-05 09:57:17,067 | INFO | src.trainer.client.client_7 | Round 72 local test metrics: loss=1.222766 metrics={'test_accuracy': 0.6133333333333333, 'test_precision': 0.6581854249976669, 'test_recall': 0.6133333333333333, 'test_f1': 0.5853174503296594, 'test_image_accuracy': 0.7, 'test_image_precision': 0.6799999999999999, 'test_image_recall': 0.7, 'test_image_f1': 0.6476190476190476}
2026-09-05 09:57:23,234 | INFO | src.trainer.client.client_7 | Round 73 learning rate set to 1.80844e-05
2026-09-05 09:57:23,234 | INFO | src.trainer.client.client_7 | Starting local training for round 73
2026-09-05 09:57:48,727 | INFO | src.trainer.client.client_7 | Round 73 local epoch 1/3: train_loss=0.223401
2026-09-05 09:58:12,049 | INFO | src.trainer.client.client_7 | Round 73 local epoch 2/3: train_loss=0.130519
2026-09-05 09:58:34,683 | INFO | src.trainer.client.client_7 | Round 73 local epoch 3/3: train_loss=0.119744
2026-09-05 09:59:00,900 | INFO | src.trainer.client.client_7 | Round 73 local fit metrics: {'train_loss': 0.11974434987078478, 'lr': 1.8084393669708395e-05, 'train_accuracy': 0.9972592592592593, 'train_precision': 0.9972796082644566, 'train_recall': 0.9972740740740742, 'train_f1': 0.9972730404893632, 'train_image_accuracy': 1.0, 'train_image_precision': 1.0, 'train_image_recall': 1.0, 'train_image_f1': 1.0, 'val_loss': 1.3583449673155943, 'val_accuracy': 0.7596296296296297, 'val_precision': 0.7642215171633147, 'val_recall': 0.7833333333333333, 'val_f1': 0.7495326178576837, 'val_image_accuracy': 0.8888888888888888, 'val_image_precision': 0.9, 'val_image_recall': 0.9, 'val_image_f1': 0.8666666666666666}
2026-09-05 10:05:39,624 | INFO | src.trainer.client.client_7 | Round 73 local test metrics: loss=1.253801 metrics={'test_accuracy': 0.6113333333333333, 'test_precision': 0.6627240708110057, 'test_recall': 0.6113333333333333, 'test_f1': 0.5859747547651202, 'test_image_accuracy': 0.7, 'test_image_precision': 0.6799999999999999, 'test_image_recall': 0.7, 'test_image_f1': 0.6476190476190476}
2026-09-05 10:10:51,411 | INFO | src.trainer.client.client_7 | Round 74 learning rate set to 1.69138e-05
2026-09-05 10:10:51,412 | INFO | src.trainer.client.client_7 | Starting local training for round 74
2026-09-05 10:11:16,025 | INFO | src.trainer.client.client_7 | Round 74 local epoch 1/3: train_loss=0.200429
2026-09-05 10:11:40,006 | INFO | src.trainer.client.client_7 | Round 74 local epoch 2/3: train_loss=0.150723
2026-09-05 10:12:04,407 | INFO | src.trainer.client.client_7 | Round 74 local epoch 3/3: train_loss=0.128595
2026-09-05 10:12:32,193 | INFO | src.trainer.client.client_7 | Round 74 local fit metrics: {'train_loss': 0.128594678633007, 'lr': 1.6913784127921965e-05, 'train_accuracy': 0.9975555555555555, 'train_precision': 0.9973517697075291, 'train_recall': 0.9976814814814816, 'train_f1': 0.9975154906988015, 'train_image_accuracy': 1.0, 'train_image_precision': 1.0, 'train_image_recall': 1.0, 'train_image_f1': 1.0, 'val_loss': 1.589315743633132, 'val_accuracy': 0.7525925925925926, 'val_precision': 0.7742868185349867, 'val_recall': 0.7773333333333333, 'val_f1': 0.7432326570771037, 'val_image_accuracy': 0.8888888888888888, 'val_image_precision': 0.9, 'val_image_recall': 0.9, 'val_image_f1': 0.8666666666666666}
2026-09-05 10:14:37,779 | INFO | src.trainer.client.client_7 | Round 74 local test metrics: loss=1.217733 metrics={'test_accuracy': 0.6193333333333333, 'test_precision': 0.6734003519900078, 'test_recall': 0.6193333333333333, 'test_f1': 0.5948146625040063, 'test_image_accuracy': 0.7, 'test_image_precision': 0.6799999999999999, 'test_image_recall': 0.7, 'test_image_f1': 0.6476190476190476}
2026-09-05 10:17:52,844 | INFO | src.trainer.client.client_7 | Round 75 learning rate set to 1.5777e-05
2026-09-05 10:17:52,844 | INFO | src.trainer.client.client_7 | Starting local training for round 75
2026-09-05 10:18:16,435 | INFO | src.trainer.client.client_7 | Round 75 local epoch 1/3: train_loss=0.218727
2026-09-05 10:18:39,838 | INFO | src.trainer.client.client_7 | Round 75 local epoch 2/3: train_loss=0.140727
2026-09-05 10:19:05,350 | INFO | src.trainer.client.client_7 | Round 75 local epoch 3/3: train_loss=0.108660
2026-09-05 10:19:31,080 | INFO | src.trainer.client.client_7 | Round 75 local fit metrics: {'train_loss': 0.1086601725846161, 'lr': 1.577699305853709e-05, 'train_accuracy': 0.9977777777777778, 'train_precision': 0.9976901543951444, 'train_recall': 0.997874074074074, 'train_f1': 0.9977814148640507, 'train_image_accuracy': 1.0, 'train_image_precision': 1.0, 'train_image_recall': 1.0, 'train_image_f1': 1.0, 'val_loss': 1.4415437932319388, 'val_accuracy': 0.7437037037037038, 'val_precision': 0.7616670222501666, 'val_recall': 0.7693333333333333, 'val_f1': 0.7369675321323788, 'val_image_accuracy': 0.8888888888888888, 'val_image_precision': 0.9, 'val_image_recall': 0.9, 'val_image_f1': 0.8666666666666666}
2026-09-05 10:23:01,967 | INFO | src.trainer.client.client_7 | Round 75 local test metrics: loss=1.162097 metrics={'test_accuracy': 0.6263333333333333, 'test_precision': 0.6785800981764496, 'test_recall': 0.6263333333333333, 'test_f1': 0.6051132004907448, 'test_image_accuracy': 0.8, 'test_image_precision': 0.9, 'test_image_recall': 0.8, 'test_image_f1': 0.7999999999999999}
2026-09-05 10:29:55,792 | INFO | src.trainer.client.client_7 | Round 76 learning rate set to 1.46752e-05
2026-09-05 10:29:55,792 | INFO | src.trainer.client.client_7 | Starting local training for round 76
2026-09-05 10:30:21,687 | INFO | src.trainer.client.client_7 | Round 76 local epoch 1/3: train_loss=0.214262
2026-09-05 10:30:43,906 | INFO | src.trainer.client.client_7 | Round 76 local epoch 2/3: train_loss=0.161106
2026-09-05 10:31:10,109 | INFO | src.trainer.client.client_7 | Round 76 local epoch 3/3: train_loss=0.116276
2026-09-05 10:31:36,140 | INFO | src.trainer.client.client_7 | Round 76 local fit metrics: {'train_loss': 0.11627611254468376, 'lr': 1.4675165113799026e-05, 'train_accuracy': 0.9972592592592593, 'train_precision': 0.9971071235194552, 'train_recall': 0.9973555555555554, 'train_f1': 0.9972298278297098, 'train_image_accuracy': 1.0, 'train_image_precision': 1.0, 'train_image_recall': 1.0, 'train_image_f1': 1.0, 'val_loss': 1.7077013164330963, 'val_accuracy': 0.7055555555555556, 'val_precision': 0.7447571960177646, 'val_recall': 0.735, 'val_f1': 0.7010819932663999, 'val_image_accuracy': 0.8888888888888888, 'val_image_precision': 0.9, 'val_image_recall': 0.9, 'val_image_f1': 0.8666666666666666}
2026-09-05 10:31:49,691 | INFO | src.trainer.client.client_7 | Round 76 local test metrics: loss=1.190529 metrics={'test_accuracy': 0.635, 'test_precision': 0.6810750387950271, 'test_recall': 0.635, 'test_f1': 0.6086457391102982, 'test_image_accuracy': 0.7, 'test_image_precision': 0.6799999999999999, 'test_image_recall': 0.7, 'test_image_f1': 0.6476190476190476}
2026-09-05 10:38:36,630 | INFO | src.trainer.client.client_7 | Round 77 learning rate set to 1.36094e-05
2026-09-05 10:38:36,630 | INFO | src.trainer.client.client_7 | Starting local training for round 77
2026-09-05 10:39:00,319 | INFO | src.trainer.client.client_7 | Round 77 local epoch 1/3: train_loss=0.225858
2026-09-05 10:39:22,841 | INFO | src.trainer.client.client_7 | Round 77 local epoch 2/3: train_loss=0.139798
2026-09-05 10:39:46,010 | INFO | src.trainer.client.client_7 | Round 77 local epoch 3/3: train_loss=0.126151
2026-09-05 10:40:11,002 | INFO | src.trainer.client.client_7 | Round 77 local fit metrics: {'train_loss': 0.12615109279567813, 'lr': 1.3609409741050145e-05, 'train_accuracy': 0.9966666666666667, 'train_precision': 0.9965348213638647, 'train_recall': 0.9966740740740739, 'train_f1': 0.9966040254718326, 'train_image_accuracy': 1.0, 'train_image_precision': 1.0, 'train_image_recall': 1.0, 'train_image_f1': 1.0, 'val_loss': 1.472711572902691, 'val_accuracy': 0.7496296296296296, 'val_precision': 0.7677798239491704, 'val_recall': 0.7746666666666667, 'val_f1': 0.7415726080572627, 'val_image_accuracy': 0.8888888888888888, 'val_image_precision': 0.9, 'val_image_recall': 0.9, 'val_image_f1': 0.8666666666666666}
2026-09-05 10:40:28,864 | INFO | src.trainer.client.client_7 | Round 77 local test metrics: loss=1.148235 metrics={'test_accuracy': 0.6426666666666667, 'test_precision': 0.6890766453494822, 'test_recall': 0.6426666666666667, 'test_f1': 0.6177727537191464, 'test_image_accuracy': 0.7, 'test_image_precision': 0.6799999999999999, 'test_image_recall': 0.7, 'test_image_f1': 0.6476190476190476}
2026-09-05 10:43:55,866 | INFO | src.trainer.client.client_7 | Round 78 learning rate set to 1.25808e-05
2026-09-05 10:43:55,866 | INFO | src.trainer.client.client_7 | Starting local training for round 78
2026-09-05 10:44:19,354 | INFO | src.trainer.client.client_7 | Round 78 local epoch 1/3: train_loss=0.212221
2026-09-05 10:44:42,470 | INFO | src.trainer.client.client_7 | Round 78 local epoch 2/3: train_loss=0.143296
2026-09-05 10:45:06,460 | INFO | src.trainer.client.client_7 | Round 78 local epoch 3/3: train_loss=0.125020
2026-09-05 10:45:32,625 | INFO | src.trainer.client.client_7 | Round 78 local fit metrics: {'train_loss': 0.12502035319437216, 'lr': 1.2580800065610596e-05, 'train_accuracy': 0.9928888888888889, 'train_precision': 0.9932786856931548, 'train_recall': 0.9922814814814815, 'train_f1': 0.9927577200148093, 'train_image_accuracy': 1.0, 'train_image_precision': 1.0, 'train_image_recall': 1.0, 'train_image_f1': 1.0, 'val_loss': 1.4350606485106983, 'val_accuracy': 0.7266666666666667, 'val_precision': 0.7539322675228846, 'val_recall': 0.754, 'val_f1': 0.7237397712628247, 'val_image_accuracy': 0.8888888888888888, 'val_image_precision': 0.9, 'val_image_recall': 0.9, 'val_image_f1': 0.8666666666666666}
2026-09-05 10:49:09,711 | INFO | src.trainer.client.client_7 | Round 78 local test metrics: loss=1.125798 metrics={'test_accuracy': 0.64, 'test_precision': 0.6833975544821008, 'test_recall': 0.64, 'test_f1': 0.6170918139517353, 'test_image_accuracy': 0.7, 'test_image_precision': 0.6799999999999999, 'test_image_recall': 0.7, 'test_image_f1': 0.6476190476190476}
2026-09-05 10:50:54,618 | INFO | src.trainer.client.client_7 | Round 79 learning rate set to 1.15904e-05
2026-09-05 10:50:54,618 | INFO | src.trainer.client.client_7 | Starting local training for round 79
2026-09-05 10:51:17,197 | INFO | src.trainer.client.client_7 | Round 79 local epoch 1/3: train_loss=0.240336
2026-09-05 10:51:39,958 | INFO | src.trainer.client.client_7 | Round 79 local epoch 2/3: train_loss=0.172571
2026-09-05 10:52:03,216 | INFO | src.trainer.client.client_7 | Round 79 local epoch 3/3: train_loss=0.117674
2026-09-05 10:52:30,844 | INFO | src.trainer.client.client_7 | Round 79 local fit metrics: {'train_loss': 0.11767408737429866, 'lr': 1.1590371810232031e-05, 'train_accuracy': 0.9966666666666667, 'train_precision': 0.9965279329458916, 'train_recall': 0.9966888888888888, 'train_f1': 0.9966078808518629, 'train_image_accuracy': 1.0, 'train_image_precision': 1.0, 'train_image_recall': 1.0, 'train_image_f1': 1.0, 'val_loss': 1.6388086427993107, 'val_accuracy': 0.715925925925926, 'val_precision': 0.7429723425314594, 'val_recall': 0.7443333333333333, 'val_f1': 0.7113275060633796, 'val_image_accuracy': 0.8888888888888888, 'val_image_precision': 0.9, 'val_image_recall': 0.9, 'val_image_f1': 0.8666666666666666}
2026-09-05 10:57:31,590 | INFO | src.trainer.client.client_7 | Round 79 local test metrics: loss=1.171043 metrics={'test_accuracy': 0.625, 'test_precision': 0.6604024141176736, 'test_recall': 0.625, 'test_f1': 0.6004588443542779, 'test_image_accuracy': 0.7, 'test_image_precision': 0.6799999999999999, 'test_image_recall': 0.7, 'test_image_f1': 0.6476190476190476}
2026-09-05 11:01:09,860 | INFO | src.trainer.client.client_7 | Round 80 learning rate set to 1.06391e-05
2026-09-05 11:01:09,860 | INFO | src.trainer.client.client_7 | Starting local training for round 80
2026-09-05 11:01:33,022 | INFO | src.trainer.client.client_7 | Round 80 local epoch 1/3: train_loss=0.240984
2026-09-05 11:01:56,831 | INFO | src.trainer.client.client_7 | Round 80 local epoch 2/3: train_loss=0.130630
2026-09-05 11:02:18,585 | INFO | src.trainer.client.client_7 | Round 80 local epoch 3/3: train_loss=0.124126
2026-09-05 11:02:45,628 | INFO | src.trainer.client.client_7 | Round 80 local fit metrics: {'train_loss': 0.12412573300026081, 'lr': 1.06391222522126e-05, 'train_accuracy': 0.9975555555555555, 'train_precision': 0.9973947489325707, 'train_recall': 0.9975851851851851, 'train_f1': 0.9974891360164969, 'train_image_accuracy': 1.0, 'train_image_precision': 1.0, 'train_image_recall': 1.0, 'train_image_f1': 1.0, 'val_loss': 1.3331056760913795, 'val_accuracy': 0.7544444444444445, 'val_precision': 0.7700224067543326, 'val_recall': 0.7789999999999999, 'val_f1': 0.7465649578863157, 'val_image_accuracy': 0.8888888888888888, 'val_image_precision': 0.9, 'val_image_recall': 0.9, 'val_image_f1': 0.8666666666666666}
2026-09-05 11:06:14,898 | INFO | src.trainer.client.client_7 | Round 80 local test metrics: loss=1.136013 metrics={'test_accuracy': 0.627, 'test_precision': 0.6688685884170675, 'test_recall': 0.627, 'test_f1': 0.6019272136808305, 'test_image_accuracy': 0.7, 'test_image_precision': 0.6799999999999999, 'test_image_recall': 0.7, 'test_image_f1': 0.6476190476190476}
2026-09-05 11:06:31,895 | INFO | src.trainer.client.client_7 | Round 81 learning rate set to 9.72801e-06
2026-09-05 11:06:31,895 | INFO | src.trainer.client.client_7 | Starting local training for round 81
2026-09-05 11:06:54,241 | INFO | src.trainer.client.client_7 | Round 81 local epoch 1/3: train_loss=0.244135
2026-09-05 11:07:19,359 | INFO | src.trainer.client.client_7 | Round 81 local epoch 2/3: train_loss=0.136083
2026-09-05 11:07:41,976 | INFO | src.trainer.client.client_7 | Round 81 local epoch 3/3: train_loss=0.136137
2026-09-05 11:08:07,943 | INFO | src.trainer.client.client_7 | Round 81 local fit metrics: {'train_loss': 0.136137436127957, 'lr': 9.728009219223282e-06, 'train_accuracy': 0.9967407407407407, 'train_precision': 0.9967797800435744, 'train_recall': 0.9965185185185186, 'train_f1': 0.9966477600100841, 'train_image_accuracy': 1.0, 'train_image_precision': 1.0, 'train_image_recall': 1.0, 'train_image_f1': 1.0, 'val_loss': 1.2593886691807872, 'val_accuracy': 0.7811111111111111, 'val_precision': 0.7875717155027204, 'val_recall': 0.8029999999999999, 'val_f1': 0.7706662176546232, 'val_image_accuracy': 0.8888888888888888, 'val_image_precision': 0.9, 'val_image_recall': 0.9, 'val_image_f1': 0.8666666666666666}
2026-09-05 11:15:00,431 | INFO | src.trainer.client.client_7 | Round 81 local test metrics: loss=1.179015 metrics={'test_accuracy': 0.6373333333333333, 'test_precision': 0.67422095123434, 'test_recall': 0.6373333333333333, 'test_f1': 0.6133256028351264, 'test_image_accuracy': 0.8, 'test_image_precision': 0.9, 'test_image_recall': 0.8, 'test_image_f1': 0.7999999999999999}
2026-09-05 11:15:11,803 | INFO | src.trainer.client.client_7 | Round 82 learning rate set to 8.85795e-06
2026-09-05 11:15:11,803 | INFO | src.trainer.client.client_7 | Starting local training for round 82
2026-09-05 11:15:37,132 | INFO | src.trainer.client.client_7 | Round 82 local epoch 1/3: train_loss=0.243864
2026-09-05 11:16:00,396 | INFO | src.trainer.client.client_7 | Round 82 local epoch 2/3: train_loss=0.147976
2026-09-05 11:16:23,338 | INFO | src.trainer.client.client_7 | Round 82 local epoch 3/3: train_loss=0.129934
2026-09-05 11:16:50,826 | INFO | src.trainer.client.client_7 | Round 82 local fit metrics: {'train_loss': 0.12993389317282925, 'lr': 8.857950124856526e-06, 'train_accuracy': 0.9960740740740741, 'train_precision': 0.9959507714810997, 'train_recall': 0.9959481481481482, 'train_f1': 0.9959485050843135, 'train_image_accuracy': 1.0, 'train_image_precision': 1.0, 'train_image_recall': 1.0, 'train_image_f1': 1.0, 'val_loss': 1.5979670282111813, 'val_accuracy': 0.695925925925926, 'val_precision': 0.7384564409229623, 'val_recall': 0.7263333333333334, 'val_f1': 0.6954595243811299, 'val_image_accuracy': 0.7777777777777778, 'val_image_precision': 0.8666666666666666, 'val_image_recall': 0.8, 'val_image_f1': 0.7666666666666666}
2026-09-05 11:23:44,838 | INFO | src.trainer.client.client_7 | Round 82 local test metrics: loss=1.164174 metrics={'test_accuracy': 0.624, 'test_precision': 0.6693694163286248, 'test_recall': 0.6239999999999999, 'test_f1': 0.6023286482150483, 'test_image_accuracy': 0.7, 'test_image_precision': 0.6799999999999999, 'test_image_recall': 0.7, 'test_image_f1': 0.6476190476190476}
2026-09-05 11:25:29,937 | INFO | src.trainer.client.client_7 | Round 83 learning rate set to 8.02982e-06
2026-09-05 11:25:29,937 | INFO | src.trainer.client.client_7 | Starting local training for round 83
2026-09-05 11:25:52,492 | INFO | src.trainer.client.client_7 | Round 83 local epoch 1/3: train_loss=0.231215
2026-09-05 11:26:15,597 | INFO | src.trainer.client.client_7 | Round 83 local epoch 2/3: train_loss=0.164298
2026-09-05 11:26:39,009 | INFO | src.trainer.client.client_7 | Round 83 local epoch 3/3: train_loss=0.129616
2026-09-05 11:27:04,942 | INFO | src.trainer.client.client_7 | Round 83 local fit metrics: {'train_loss': 0.12961641909531604, 'lr': 8.029821044868636e-06, 'train_accuracy': 0.9962222222222222, 'train_precision': 0.9960771383907245, 'train_recall': 0.9963111111111111, 'train_f1': 0.9961919767393903, 'train_image_accuracy': 1.0, 'train_image_precision': 1.0, 'train_image_recall': 1.0, 'train_image_f1': 1.0, 'val_loss': 1.5996493918869505, 'val_accuracy': 0.7281481481481481, 'val_precision': 0.7576726332483192, 'val_recall': 0.7553333333333334, 'val_f1': 0.7232579890970496, 'val_image_accuracy': 0.8888888888888888, 'val_image_precision': 0.9, 'val_image_recall': 0.9, 'val_image_f1': 0.8666666666666666}
2026-09-05 11:32:11,396 | INFO | src.trainer.client.client_7 | Round 83 local test metrics: loss=1.151950 metrics={'test_accuracy': 0.6386666666666667, 'test_precision': 0.6772825535908004, 'test_recall': 0.6386666666666667, 'test_f1': 0.6158610964529851, 'test_image_accuracy': 0.7, 'test_image_precision': 0.6799999999999999, 'test_image_recall': 0.7, 'test_image_f1': 0.6476190476190476}
2026-09-05 11:35:45,174 | INFO | src.trainer.client.client_7 | Round 84 learning rate set to 7.24446e-06
2026-09-05 11:35:45,174 | INFO | src.trainer.client.client_7 | Starting local training for round 84
2026-09-05 11:36:09,326 | INFO | src.trainer.client.client_7 | Round 84 local epoch 1/3: train_loss=0.255115
2026-09-05 11:36:32,143 | INFO | src.trainer.client.client_7 | Round 84 local epoch 2/3: train_loss=0.164761
2026-09-05 11:36:55,192 | INFO | src.trainer.client.client_7 | Round 84 local epoch 3/3: train_loss=0.145978
2026-09-05 11:37:20,949 | INFO | src.trainer.client.client_7 | Round 84 local fit metrics: {'train_loss': 0.1459777577938857, 'lr': 7.244455835045646e-06, 'train_accuracy': 0.9957037037037038, 'train_precision': 0.9957418757813123, 'train_recall': 0.9956962962962963, 'train_f1': 0.9957187108389629, 'train_image_accuracy': 1.0, 'train_image_precision': 1.0, 'train_image_recall': 1.0, 'train_image_f1': 1.0, 'val_loss': 1.4943271323141676, 'val_accuracy': 0.7477777777777778, 'val_precision': 0.7731942467027458, 'val_recall': 0.773, 'val_f1': 0.7422044515026206, 'val_image_accuracy': 0.8888888888888888, 'val_image_precision': 0.9, 'val_image_recall': 0.9, 'val_image_f1': 0.8666666666666666}
2026-09-05 11:40:52,355 | INFO | src.trainer.client.client_7 | Round 84 local test metrics: loss=1.227579 metrics={'test_accuracy': 0.621, 'test_precision': 0.6609084454046738, 'test_recall': 0.621, 'test_f1': 0.5948148157270418, 'test_image_accuracy': 0.7, 'test_image_precision': 0.6799999999999999, 'test_image_recall': 0.7, 'test_image_f1': 0.6476190476190476}
2026-09-05 11:46:00,976 | INFO | src.trainer.client.client_7 | Round 85 learning rate set to 6.50265e-06
2026-09-05 11:46:00,976 | INFO | src.trainer.client.client_7 | Starting local training for round 85
2026-09-05 11:46:26,993 | INFO | src.trainer.client.client_7 | Round 85 local epoch 1/3: train_loss=0.258412
2026-09-05 11:46:50,453 | INFO | src.trainer.client.client_7 | Round 85 local epoch 2/3: train_loss=0.175059
2026-09-05 11:47:13,962 | INFO | src.trainer.client.client_7 | Round 85 local epoch 3/3: train_loss=0.143077
2026-09-05 11:47:37,972 | INFO | src.trainer.client.client_7 | Round 85 local fit metrics: {'train_loss': 0.1430772312592577, 'lr': 6.502645291581294e-06, 'train_accuracy': 0.9967407407407407, 'train_precision': 0.996615464510587, 'train_recall': 0.9966666666666667, 'train_f1': 0.9966409879198297, 'train_image_accuracy': 1.0, 'train_image_precision': 1.0, 'train_image_recall': 1.0, 'train_image_f1': 1.0, 'val_loss': 1.453158186443357, 'val_accuracy': 0.7351851851851852, 'val_precision': 0.762873266559606, 'val_recall': 0.7616666666666667, 'val_f1': 0.7304931516573586, 'val_image_accuracy': 0.8888888888888888, 'val_image_precision': 0.9, 'val_image_recall': 0.9, 'val_image_f1': 0.8666666666666666}
2026-09-05 11:49:22,751 | INFO | src.trainer.client.client_7 | Round 85 local test metrics: loss=1.217732 metrics={'test_accuracy': 0.6286666666666667, 'test_precision': 0.6713173813645905, 'test_recall': 0.6286666666666666, 'test_f1': 0.6049853674320153, 'test_image_accuracy': 0.7, 'test_image_precision': 0.6799999999999999, 'test_image_recall': 0.7, 'test_image_f1': 0.6476190476190476}
2026-09-05 11:51:23,239 | INFO | src.trainer.client.client_7 | Round 86 learning rate set to 5.80514e-06
2026-09-05 11:51:23,239 | INFO | src.trainer.client.client_7 | Starting local training for round 86
2026-09-05 11:51:49,162 | INFO | src.trainer.client.client_7 | Round 86 local epoch 1/3: train_loss=0.266526
2026-09-05 11:52:11,399 | INFO | src.trainer.client.client_7 | Round 86 local epoch 2/3: train_loss=0.158762
2026-09-05 11:52:36,556 | INFO | src.trainer.client.client_7 | Round 86 local epoch 3/3: train_loss=0.143142
2026-09-05 11:53:02,171 | INFO | src.trainer.client.client_7 | Round 86 local fit metrics: {'train_loss': 0.14314159688390332, 'lr': 5.805136354812257e-06, 'train_accuracy': 0.9953333333333333, 'train_precision': 0.9950579358071623, 'train_recall': 0.995437037037037, 'train_f1': 0.9952460558850141, 'train_image_accuracy': 1.0, 'train_image_precision': 1.0, 'train_image_recall': 1.0, 'train_image_f1': 1.0, 'val_loss': 1.4186856806774935, 'val_accuracy': 0.7322222222222222, 'val_precision': 0.7608658755232403, 'val_recall': 0.759, 'val_f1': 0.728734631076457, 'val_image_accuracy': 0.8888888888888888, 'val_image_precision': 0.9, 'val_image_recall': 0.9, 'val_image_f1': 0.8666666666666666}
2026-09-05 11:58:08,692 | INFO | src.trainer.client.client_7 | Round 86 local test metrics: loss=1.210473 metrics={'test_accuracy': 0.618, 'test_precision': 0.6545723226962172, 'test_recall': 0.6180000000000001, 'test_f1': 0.5931210249560634, 'test_image_accuracy': 0.7, 'test_image_precision': 0.6799999999999999, 'test_image_recall': 0.7, 'test_image_f1': 0.6476190476190476}
2026-09-05 11:58:25,080 | INFO | src.trainer.client.client_7 | Round 87 learning rate set to 5.15263e-06
2026-09-05 11:58:25,080 | INFO | src.trainer.client.client_7 | Starting local training for round 87
2026-09-05 11:58:49,785 | INFO | src.trainer.client.client_7 | Round 87 local epoch 1/3: train_loss=0.281618
2026-09-05 11:59:12,005 | INFO | src.trainer.client.client_7 | Round 87 local epoch 2/3: train_loss=0.177285
2026-09-05 11:59:33,914 | INFO | src.trainer.client.client_7 | Round 87 local epoch 3/3: train_loss=0.150068
2026-09-05 11:59:59,803 | INFO | src.trainer.client.client_7 | Round 87 local fit metrics: {'train_loss': 0.1500682379286966, 'lr': 5.152631357112555e-06, 'train_accuracy': 0.9955555555555555, 'train_precision': 0.9954234557085136, 'train_recall': 0.9956592592592592, 'train_f1': 0.9955388178747837, 'train_image_accuracy': 1.0, 'train_image_precision': 1.0, 'train_image_recall': 1.0, 'train_image_f1': 1.0, 'val_loss': 1.4803829339298384, 'val_accuracy': 0.737037037037037, 'val_precision': 0.7632718617620323, 'val_recall': 0.7633333333333333, 'val_f1': 0.7309624001803486, 'val_image_accuracy': 0.8888888888888888, 'val_image_precision': 0.9, 'val_image_recall': 0.9, 'val_image_f1': 0.8666666666666666}
2026-09-05 12:07:03,507 | INFO | src.trainer.client.client_7 | Round 87 local test metrics: loss=1.195415 metrics={'test_accuracy': 0.6213333333333333, 'test_precision': 0.6514822131674457, 'test_recall': 0.6213333333333333, 'test_f1': 0.597623091323702, 'test_image_accuracy': 0.7, 'test_image_precision': 0.6799999999999999, 'test_image_recall': 0.7, 'test_image_f1': 0.6476190476190476}
2026-09-05 12:07:06,349 | INFO | src.trainer.client.client_7 | Round 88 learning rate set to 4.54579e-06
2026-09-05 12:07:06,349 | INFO | src.trainer.client.client_7 | Starting local training for round 88
2026-09-05 12:07:30,589 | INFO | src.trainer.client.client_7 | Round 88 local epoch 1/3: train_loss=0.272987
2026-09-05 12:07:53,198 | INFO | src.trainer.client.client_7 | Round 88 local epoch 2/3: train_loss=0.176412
2026-09-05 12:08:15,795 | INFO | src.trainer.client.client_7 | Round 88 local epoch 3/3: train_loss=0.156374
2026-09-05 12:08:43,208 | INFO | src.trainer.client.client_7 | Round 88 local fit metrics: {'train_loss': 0.1563741621043947, 'lr': 4.545787315704408e-06, 'train_accuracy': 0.9961481481481481, 'train_precision': 0.9957348404355824, 'train_recall': 0.9962296296296296, 'train_f1': 0.9959792648950085, 'train_image_accuracy': 1.0, 'train_image_precision': 1.0, 'train_image_recall': 1.0, 'train_image_f1': 1.0, 'val_loss': 1.4723356456771768, 'val_accuracy': 0.7237037037037037, 'val_precision': 0.754756865412008, 'val_recall': 0.7513333333333334, 'val_f1': 0.7194167230809486, 'val_image_accuracy': 0.8888888888888888, 'val_image_precision': 0.9, 'val_image_recall': 0.9, 'val_image_f1': 0.8666666666666666}
2026-09-05 12:15:49,401 | INFO | src.trainer.client.client_7 | Round 88 local test metrics: loss=1.253136 metrics={'test_accuracy': 0.6146666666666667, 'test_precision': 0.6513435592807671, 'test_recall': 0.6146666666666667, 'test_f1': 0.5912858170021311, 'test_image_accuracy': 0.7, 'test_image_precision': 0.6799999999999999, 'test_image_recall': 0.7, 'test_image_f1': 0.6476190476190476}
2026-09-05 12:22:13,919 | INFO | src.trainer.client.client_7 | Round 89 learning rate set to 3.98522e-06
2026-09-05 12:22:13,919 | INFO | src.trainer.client.client_7 | Starting local training for round 89
2026-09-05 12:22:36,891 | INFO | src.trainer.client.client_7 | Round 89 local epoch 1/3: train_loss=0.292032
2026-09-05 12:22:58,473 | INFO | src.trainer.client.client_7 | Round 89 local epoch 2/3: train_loss=0.192713
2026-09-05 12:23:20,493 | INFO | src.trainer.client.client_7 | Round 89 local epoch 3/3: train_loss=0.166794
2026-09-05 12:23:45,664 | INFO | src.trainer.client.client_7 | Round 89 local fit metrics: {'train_loss': 0.16679365851996858, 'lr': 3.985215271097539e-06, 'train_accuracy': 0.9937777777777778, 'train_precision': 0.9934288783741142, 'train_recall': 0.9938666666666667, 'train_f1': 0.9936438072287344, 'train_image_accuracy': 1.0, 'train_image_precision': 1.0, 'train_image_recall': 1.0, 'train_image_f1': 1.0, 'val_loss': 1.450259660417559, 'val_accuracy': 0.7129629629629629, 'val_precision': 0.74184272677649, 'val_recall': 0.7416666666666666, 'val_f1': 0.7103060190262049, 'val_image_accuracy': 0.8888888888888888, 'val_image_precision': 0.9, 'val_image_recall': 0.9, 'val_image_f1': 0.8666666666666666}
2026-09-05 12:23:56,581 | INFO | src.trainer.client.client_7 | Round 89 local test metrics: loss=1.285742 metrics={'test_accuracy': 0.6066666666666667, 'test_precision': 0.6377063845145461, 'test_recall': 0.6066666666666667, 'test_f1': 0.5788770339167095, 'test_image_accuracy': 0.7, 'test_image_precision': 0.6799999999999999, 'test_image_recall': 0.7, 'test_image_f1': 0.6476190476190476}
2026-09-05 12:30:51,779 | INFO | src.trainer.client.client_7 | Round 90 learning rate set to 3.47148e-06
2026-09-05 12:30:51,779 | INFO | src.trainer.client.client_7 | Starting local training for round 90
2026-09-05 12:31:14,332 | INFO | src.trainer.client.client_7 | Round 90 local epoch 1/3: train_loss=0.289823
2026-09-05 12:31:37,903 | INFO | src.trainer.client.client_7 | Round 90 local epoch 2/3: train_loss=0.185724
2026-09-05 12:32:01,861 | INFO | src.trainer.client.client_7 | Round 90 local epoch 3/3: train_loss=0.153016
2026-09-05 12:32:27,152 | INFO | src.trainer.client.client_7 | Round 90 local fit metrics: {'train_loss': 0.15301605464499674, 'lr': 3.471479671823207e-06, 'train_accuracy': 0.9955555555555555, 'train_precision': 0.995305870464259, 'train_recall': 0.9953185185185184, 'train_f1': 0.9953111948626538, 'train_image_accuracy': 1.0, 'train_image_precision': 1.0, 'train_image_recall': 1.0, 'train_image_f1': 1.0, 'val_loss': 1.3944938199084114, 'val_accuracy': 0.7340740740740741, 'val_precision': 0.7638405036627247, 'val_recall': 0.7606666666666666, 'val_f1': 0.7296449058579304, 'val_image_accuracy': 0.8888888888888888, 'val_image_precision': 0.9, 'val_image_recall': 0.9, 'val_image_f1': 0.8666666666666666}
2026-09-05 12:32:37,907 | INFO | src.trainer.client.client_7 | Round 90 local test metrics: loss=1.208864 metrics={'test_accuracy': 0.6243333333333333, 'test_precision': 0.6525807455451862, 'test_recall': 0.6243333333333333, 'test_f1': 0.5995904327681644, 'test_image_accuracy': 0.7, 'test_image_precision': 0.6799999999999999, 'test_image_recall': 0.7, 'test_image_f1': 0.6476190476190476}
2026-09-05 12:33:00,541 | INFO | src.trainer.client.client_7 | Round 91 learning rate set to 3.0051e-06
2026-09-05 12:33:00,541 | INFO | src.trainer.client.client_7 | Starting local training for round 91
2026-09-05 12:33:24,490 | INFO | src.trainer.client.client_7 | Round 91 local epoch 1/3: train_loss=0.293998
2026-09-05 12:33:49,333 | INFO | src.trainer.client.client_7 | Round 91 local epoch 2/3: train_loss=0.214435
2026-09-05 12:34:12,180 | INFO | src.trainer.client.client_7 | Round 91 local epoch 3/3: train_loss=0.162781
2026-09-05 12:34:38,146 | INFO | src.trainer.client.client_7 | Round 91 local fit metrics: {'train_loss': 0.16278061364903862, 'lr': 3.005097806082386e-06, 'train_accuracy': 0.9951111111111111, 'train_precision': 0.9947543292406316, 'train_recall': 0.9951851851851853, 'train_f1': 0.9949678433376793, 'train_image_accuracy': 1.0, 'train_image_precision': 1.0, 'train_image_recall': 1.0, 'train_image_f1': 1.0, 'val_loss': 1.3530404301843157, 'val_accuracy': 0.7392592592592593, 'val_precision': 0.7630146487004437, 'val_recall': 0.7653333333333333, 'val_f1': 0.7339176660541737, 'val_image_accuracy': 0.8888888888888888, 'val_image_precision': 0.9, 'val_image_recall': 0.9, 'val_image_f1': 0.8666666666666666}
2026-09-05 12:41:27,783 | INFO | src.trainer.client.client_7 | Round 91 local test metrics: loss=1.164482 metrics={'test_accuracy': 0.633, 'test_precision': 0.6630804227045434, 'test_recall': 0.633, 'test_f1': 0.6116540821247809, 'test_image_accuracy': 0.7, 'test_image_precision': 0.6799999999999999, 'test_image_recall': 0.7, 'test_image_f1': 0.6476190476190476}
2026-09-05 12:41:40,146 | INFO | src.trainer.client.client_7 | Round 92 learning rate set to 2.58654e-06
2026-09-05 12:41:40,146 | INFO | src.trainer.client.client_7 | Starting local training for round 92
2026-09-05 12:42:04,611 | INFO | src.trainer.client.client_7 | Round 92 local epoch 1/3: train_loss=0.309418
2026-09-05 12:42:25,883 | INFO | src.trainer.client.client_7 | Round 92 local epoch 2/3: train_loss=0.233247
2026-09-05 12:42:48,017 | INFO | src.trainer.client.client_7 | Round 92 local epoch 3/3: train_loss=0.162899
2026-09-05 12:43:14,058 | INFO | src.trainer.client.client_7 | Round 92 local fit metrics: {'train_loss': 0.16289903472235173, 'lr': 2.5865392808803657e-06, 'train_accuracy': 0.9944444444444445, 'train_precision': 0.9943294534268802, 'train_recall': 0.9942370370370369, 'train_f1': 0.994280082352299, 'train_image_accuracy': 1.0, 'train_image_precision': 1.0, 'train_image_recall': 1.0, 'train_image_f1': 1.0, 'val_loss': 1.3212500998364003, 'val_accuracy': 0.7385185185185185, 'val_precision': 0.7660046857119425, 'val_recall': 0.7646666666666666, 'val_f1': 0.7333195147781024, 'val_image_accuracy': 0.8888888888888888, 'val_image_precision': 0.9, 'val_image_recall': 0.9, 'val_image_f1': 0.8666666666666666}
2026-09-05 12:50:03,102 | INFO | src.trainer.client.client_7 | Round 92 local test metrics: loss=1.231568 metrics={'test_accuracy': 0.6226666666666667, 'test_precision': 0.6571814022753715, 'test_recall': 0.6226666666666667, 'test_f1': 0.5970967569846872, 'test_image_accuracy': 0.7, 'test_image_precision': 0.6799999999999999, 'test_image_recall': 0.7, 'test_image_f1': 0.6476190476190476}
2026-09-05 12:51:55,557 | INFO | src.trainer.client.client_7 | Round 93 learning rate set to 2.21623e-06
2026-09-05 12:51:55,557 | INFO | src.trainer.client.client_7 | Starting local training for round 93
2026-09-05 12:52:18,808 | INFO | src.trainer.client.client_7 | Round 93 local epoch 1/3: train_loss=0.335308
2026-09-05 12:52:42,439 | INFO | src.trainer.client.client_7 | Round 93 local epoch 2/3: train_loss=0.215972
2026-09-05 12:53:05,109 | INFO | src.trainer.client.client_7 | Round 93 local epoch 3/3: train_loss=0.165254
2026-09-05 12:53:32,285 | INFO | src.trainer.client.client_7 | Round 93 local fit metrics: {'train_loss': 0.16525423462376182, 'lr': 2.216225549172351e-06, 'train_accuracy': 0.9936296296296296, 'train_precision': 0.9935468844549643, 'train_recall': 0.9933481481481483, 'train_f1': 0.9934464624272618, 'train_image_accuracy': 1.0, 'train_image_precision': 1.0, 'train_image_recall': 1.0, 'train_image_f1': 1.0, 'val_loss': 1.2626549270528333, 'val_accuracy': 0.7292592592592593, 'val_precision': 0.7580090007077979, 'val_recall': 0.7563333333333333, 'val_f1': 0.7235959757985289, 'val_image_accuracy': 0.8888888888888888, 'val_image_precision': 0.9, 'val_image_recall': 0.9, 'val_image_f1': 0.8666666666666666}
2026-09-05 12:58:42,402 | INFO | src.trainer.client.client_7 | Round 93 local test metrics: loss=1.226463 metrics={'test_accuracy': 0.62, 'test_precision': 0.6519529668227537, 'test_recall': 0.62, 'test_f1': 0.5985578575967401, 'test_image_accuracy': 0.7, 'test_image_precision': 0.6799999999999999, 'test_image_recall': 0.7, 'test_image_f1': 0.6476190476190476}
2026-09-05 13:03:54,589 | INFO | src.trainer.client.client_7 | Round 94 learning rate set to 1.89453e-06
2026-09-05 13:03:54,589 | INFO | src.trainer.client.client_7 | Starting local training for round 94
2026-09-05 13:04:19,114 | INFO | src.trainer.client.client_7 | Round 94 local epoch 1/3: train_loss=0.329082
2026-09-05 13:04:41,604 | INFO | src.trainer.client.client_7 | Round 94 local epoch 2/3: train_loss=0.230120
2026-09-05 13:05:05,989 | INFO | src.trainer.client.client_7 | Round 94 local epoch 3/3: train_loss=0.188704
2026-09-05 13:05:32,921 | INFO | src.trainer.client.client_7 | Round 94 local fit metrics: {'train_loss': 0.18870353910658094, 'lr': 1.894529485496018e-06, 'train_accuracy': 0.9926666666666667, 'train_precision': 0.9924120909638162, 'train_recall': 0.9923037037037037, 'train_f1': 0.9923508308304558, 'train_image_accuracy': 1.0, 'train_image_precision': 1.0, 'train_image_recall': 1.0, 'train_image_f1': 1.0, 'val_loss': 1.3304700535011513, 'val_accuracy': 0.7166666666666667, 'val_precision': 0.7503642296977701, 'val_recall': 0.745, 'val_f1': 0.7136862563165202, 'val_image_accuracy': 0.8888888888888888, 'val_image_precision': 0.9, 'val_image_recall': 0.9, 'val_image_f1': 0.8666666666666666}
2026-09-05 13:07:31,536 | INFO | src.trainer.client.client_7 | Round 94 local test metrics: loss=1.216394 metrics={'test_accuracy': 0.6216666666666667, 'test_precision': 0.6521325352420095, 'test_recall': 0.6216666666666666, 'test_f1': 0.6022122316299388, 'test_image_accuracy': 0.7, 'test_image_precision': 0.6799999999999999, 'test_image_recall': 0.7, 'test_image_f1': 0.6476190476190476}
2026-09-05 13:14:16,349 | INFO | src.trainer.client.client_7 | Round 95 learning rate set to 1.62178e-06
2026-09-05 13:14:16,349 | INFO | src.trainer.client.client_7 | Starting local training for round 95
2026-09-05 13:14:39,688 | INFO | src.trainer.client.client_7 | Round 95 local epoch 1/3: train_loss=0.343704
2026-09-05 13:15:01,716 | INFO | src.trainer.client.client_7 | Round 95 local epoch 2/3: train_loss=0.241139
2026-09-05 13:15:24,476 | INFO | src.trainer.client.client_7 | Round 95 local epoch 3/3: train_loss=0.193301
2026-09-05 13:15:49,906 | INFO | src.trainer.client.client_7 | Round 95 local fit metrics: {'train_loss': 0.19330134099280394, 'lr': 1.6217750105184827e-06, 'train_accuracy': 0.9911851851851852, 'train_precision': 0.9910300283380253, 'train_recall': 0.9909925925925925, 'train_f1': 0.9910108136435316, 'train_image_accuracy': 1.0, 'train_image_precision': 1.0, 'train_image_recall': 1.0, 'train_image_f1': 1.0, 'val_loss': 1.2695299912326865, 'val_accuracy': 0.7281481481481481, 'val_precision': 0.7591035759079219, 'val_recall': 0.7553333333333334, 'val_f1': 0.7228546742797011, 'val_image_accuracy': 0.8888888888888888, 'val_image_precision': 0.9, 'val_image_recall': 0.9, 'val_image_f1': 0.8666666666666666}
2026-09-05 13:15:55,860 | INFO | src.trainer.client.client_7 | Round 95 local test metrics: loss=1.238199 metrics={'test_accuracy': 0.6183333333333333, 'test_precision': 0.6440322814585394, 'test_recall': 0.6183333333333334, 'test_f1': 0.5954034770721768, 'test_image_accuracy': 0.7, 'test_image_precision': 0.6799999999999999, 'test_image_recall': 0.7, 'test_image_f1': 0.6476190476190476}
2026-09-05 13:16:19,815 | INFO | src.trainer.client.client_7 | Round 96 learning rate set to 1.39824e-06
2026-09-05 13:16:19,815 | INFO | src.trainer.client.client_7 | Starting local training for round 96
2026-09-05 13:16:41,869 | INFO | src.trainer.client.client_7 | Round 96 local epoch 1/3: train_loss=0.336036
2026-09-05 13:17:04,655 | INFO | src.trainer.client.client_7 | Round 96 local epoch 2/3: train_loss=0.259005
2026-09-05 13:17:28,449 | INFO | src.trainer.client.client_7 | Round 96 local epoch 3/3: train_loss=0.219869
2026-09-05 13:17:55,919 | INFO | src.trainer.client.client_7 | Round 96 local fit metrics: {'train_loss': 0.21986931842786295, 'lr': 1.3982367648756307e-06, 'train_accuracy': 0.9911111111111112, 'train_precision': 0.9909038201843053, 'train_recall': 0.9911259259259259, 'train_f1': 0.9910134289965077, 'train_image_accuracy': 1.0, 'train_image_precision': 1.0, 'train_image_recall': 1.0, 'train_image_f1': 1.0, 'val_loss': 1.284916143549813, 'val_accuracy': 0.7325925925925926, 'val_precision': 0.7633544535658652, 'val_recall': 0.7593333333333334, 'val_f1': 0.7245821445598712, 'val_image_accuracy': 0.8888888888888888, 'val_image_precision': 0.9, 'val_image_recall': 0.9, 'val_image_f1': 0.8666666666666666}
2026-09-05 13:24:47,416 | INFO | src.trainer.client.client_7 | Round 96 local test metrics: loss=1.254003 metrics={'test_accuracy': 0.613, 'test_precision': 0.6419633739838508, 'test_recall': 0.613, 'test_f1': 0.5917288265292152, 'test_image_accuracy': 0.7, 'test_image_precision': 0.6799999999999999, 'test_image_recall': 0.7, 'test_image_f1': 0.6476190476190476}
2026-09-05 13:29:55,103 | INFO | src.trainer.client.client_7 | Round 97 learning rate set to 1.22414e-06
2026-09-05 13:29:55,103 | INFO | src.trainer.client.client_7 | Starting local training for round 97
2026-09-05 13:30:19,704 | INFO | src.trainer.client.client_7 | Round 97 local epoch 1/3: train_loss=0.367355
2026-09-05 13:30:43,095 | INFO | src.trainer.client.client_7 | Round 97 local epoch 2/3: train_loss=0.266051
2026-09-05 13:31:07,211 | INFO | src.trainer.client.client_7 | Round 97 local epoch 3/3: train_loss=0.229944
2026-09-05 13:31:34,435 | INFO | src.trainer.client.client_7 | Round 97 local fit metrics: {'train_loss': 0.22994380877341752, 'lr': 1.2241398326323128e-06, 'train_accuracy': 0.9905925925925926, 'train_precision': 0.9909450748507951, 'train_recall': 0.99, 'train_f1': 0.9904641778925735, 'train_image_accuracy': 1.0, 'train_image_precision': 1.0, 'train_image_recall': 1.0, 'train_image_f1': 1.0, 'val_loss': 1.1480790752613985, 'val_accuracy': 0.7574074074074074, 'val_precision': 0.7750248821851206, 'val_recall': 0.781, 'val_f1': 0.745821999181661, 'val_image_accuracy': 0.8888888888888888, 'val_image_precision': 0.9, 'val_image_recall': 0.9, 'val_image_f1': 0.8666666666666666}
2026-09-05 13:33:40,763 | INFO | src.trainer.client.client_7 | Round 97 local test metrics: loss=1.212837 metrics={'test_accuracy': 0.6163333333333333, 'test_precision': 0.6451297833059322, 'test_recall': 0.6163333333333333, 'test_f1': 0.5955304385910385, 'test_image_accuracy': 0.7, 'test_image_precision': 0.6799999999999999, 'test_image_recall': 0.7, 'test_image_f1': 0.6476190476190476}
2026-09-05 13:37:05,848 | INFO | src.trainer.client.client_7 | Round 98 learning rate set to 1.09966e-06
2026-09-05 13:37:05,848 | INFO | src.trainer.client.client_7 | Starting local training for round 98
2026-09-05 13:37:29,738 | INFO | src.trainer.client.client_7 | Round 98 local epoch 1/3: train_loss=0.351463
2026-09-05 13:37:52,065 | INFO | src.trainer.client.client_7 | Round 98 local epoch 2/3: train_loss=0.290710
2026-09-05 13:38:14,068 | INFO | src.trainer.client.client_7 | Round 98 local epoch 3/3: train_loss=0.234096
2026-09-05 13:38:40,800 | INFO | src.trainer.client.client_7 | Round 98 local fit metrics: {'train_loss': 0.23409551860373698, 'lr': 1.0996595146417258e-06, 'train_accuracy': 0.9866666666666667, 'train_precision': 0.9861548646067385, 'train_recall': 0.9869259259259259, 'train_f1': 0.9865251562165455, 'train_image_accuracy': 1.0, 'train_image_precision': 1.0, 'train_image_recall': 1.0, 'train_image_f1': 1.0, 'val_loss': 1.1873438128332297, 'val_accuracy': 0.7537037037037037, 'val_precision': 0.7770077656932457, 'val_recall': 0.778, 'val_f1': 0.743368508782894, 'val_image_accuracy': 0.8888888888888888, 'val_image_precision': 0.9, 'val_image_recall': 0.9, 'val_image_f1': 0.8666666666666666}
2026-09-05 13:42:19,126 | INFO | src.trainer.client.client_7 | Round 98 local test metrics: loss=1.220855 metrics={'test_accuracy': 0.6153333333333333, 'test_precision': 0.6438217625536421, 'test_recall': 0.6153333333333333, 'test_f1': 0.5963314384586271, 'test_image_accuracy': 0.7, 'test_image_precision': 0.6799999999999999, 'test_image_recall': 0.7, 'test_image_f1': 0.6476190476190476}
2026-09-05 13:44:03,153 | INFO | src.trainer.client.client_7 | Round 99 learning rate set to 1.02492e-06
2026-09-05 13:44:03,153 | INFO | src.trainer.client.client_7 | Starting local training for round 99
2026-09-05 13:44:26,982 | INFO | src.trainer.client.client_7 | Round 99 local epoch 1/3: train_loss=0.333166
2026-09-05 13:44:48,841 | INFO | src.trainer.client.client_7 | Round 99 local epoch 2/3: train_loss=0.293087
2026-09-05 13:45:12,954 | INFO | src.trainer.client.client_7 | Round 99 local epoch 3/3: train_loss=0.247744
2026-09-05 13:45:40,152 | INFO | src.trainer.client.client_7 | Round 99 local fit metrics: {'train_loss': 0.2477442685910213, 'lr': 1.0249211520323384e-06, 'train_accuracy': 0.9822222222222222, 'train_precision': 0.9814362819153344, 'train_recall': 0.9821925925925926, 'train_f1': 0.9817855896041376, 'train_image_accuracy': 1.0, 'train_image_precision': 1.0, 'train_image_recall': 1.0, 'train_image_f1': 1.0, 'val_loss': 1.2873004923484943, 'val_accuracy': 0.7044444444444444, 'val_precision': 0.7418260264725957, 'val_recall': 0.733, 'val_f1': 0.6975980778832944, 'val_image_accuracy': 0.8888888888888888, 'val_image_precision': 0.9, 'val_image_recall': 0.9, 'val_image_f1': 0.8666666666666666}
2026-09-05 13:51:07,973 | INFO | src.trainer.client.client_7 | Round 99 local test metrics: loss=1.209251 metrics={'test_accuracy': 0.6183333333333333, 'test_precision': 0.6433732616804028, 'test_recall': 0.6183333333333334, 'test_f1': 0.5992888236729458, 'test_image_accuracy': 0.7, 'test_image_precision': 0.6799999999999999, 'test_image_recall': 0.7, 'test_image_f1': 0.6476190476190476}
2026-09-05 13:57:44,753 | INFO | src.trainer.client.client_7 | Round 100 learning rate set to 1e-06
2026-09-05 13:57:44,753 | INFO | src.trainer.client.client_7 | Starting local training for round 100
2026-09-05 13:58:08,250 | INFO | src.trainer.client.client_7 | Round 100 local epoch 1/3: train_loss=0.358162
2026-09-05 13:58:31,256 | INFO | src.trainer.client.client_7 | Round 100 local epoch 2/3: train_loss=0.293191
2026-09-05 13:58:54,035 | INFO | src.trainer.client.client_7 | Round 100 local epoch 3/3: train_loss=0.254966
2026-09-05 13:59:19,129 | INFO | src.trainer.client.client_7 | Round 100 local fit metrics: {'train_loss': 0.2549661076878324, 'lr': 1e-06, 'train_accuracy': 0.987037037037037, 'train_precision': 0.9865463130904153, 'train_recall': 0.9867555555555555, 'train_f1': 0.9866413425703003, 'train_image_accuracy': 1.0, 'train_image_precision': 1.0, 'train_image_recall': 1.0, 'train_image_f1': 1.0, 'val_loss': 1.223291887442271, 'val_accuracy': 0.7325925925925926, 'val_precision': 0.7631535038647101, 'val_recall': 0.7576666666666666, 'val_f1': 0.7261679415377038, 'val_image_accuracy': 0.8888888888888888, 'val_image_precision': 0.9, 'val_image_recall': 0.9, 'val_image_f1': 0.8666666666666666}
2026-09-05 13:59:37,272 | INFO | src.trainer.client.client_7 | Round 100 local test metrics: loss=1.244654 metrics={'test_accuracy': 0.616, 'test_precision': 0.642083394468323, 'test_recall': 0.616, 'test_f1': 0.5963837910855231, 'test_image_accuracy': 0.7, 'test_image_precision': 0.6799999999999999, 'test_image_recall': 0.7, 'test_image_f1': 0.6476190476190476}
