2026-09-04 23:37:55,693 | INFO | src.trainer.client.client_3 | Round 1 learning rate set to 0.0001
2026-09-04 23:37:55,693 | INFO | src.trainer.client.client_3 | Starting local training for round 1
2026-09-04 23:38:20,672 | INFO | src.trainer.client.client_3 | Round 1 local epoch 1/3: train_loss=1.466021
2026-09-04 23:38:44,003 | INFO | src.trainer.client.client_3 | Round 1 local epoch 2/3: train_loss=1.231455
2026-09-04 23:39:07,270 | INFO | src.trainer.client.client_3 | Round 1 local epoch 3/3: train_loss=1.120814
2026-09-04 23:39:31,010 | INFO | src.trainer.client.client_3 | Round 1 local fit metrics: {'train_loss': 1.1208143791740324, 'lr': 0.0001, 'train_accuracy': 0.6812592592592592, 'train_precision': 0.7108729935906387, 'train_recall': 0.6648222222222222, 'train_f1': 0.6714252678039703, 'train_image_accuracy': 0.7111111111111111, 'train_image_precision': 0.8016666666666665, 'train_image_recall': 0.6773737373737373, 'train_image_f1': 0.6891005291005291, 'val_loss': 1.1442712999979654, 'val_accuracy': 0.45966666666666667, 'val_precision': 0.4345651467002881, 'val_recall': 0.4858888888888889, 'val_f1': 0.42635965359428674, 'val_image_accuracy': 0.5, 'val_image_precision': 0.3, 'val_image_recall': 0.5, 'val_image_f1': 0.37333333333333335}
2026-09-04 23:41:14,887 | INFO | src.trainer.client.client_3 | Round 1 local test metrics: loss=1.202507 metrics={'test_accuracy': 0.536969696969697, 'test_precision': 0.5031181474150818, 'test_recall': 0.4644444444444445, 'test_f1': 0.46796450615963997, 'test_image_accuracy': 0.5454545454545454, 'test_image_precision': 0.55, 'test_image_recall': 0.4333333333333333, 'test_image_f1': 0.4647619047619048}
2026-09-04 23:48:14,658 | INFO | src.trainer.client.client_3 | Round 2 learning rate set to 9.99751e-05
2026-09-04 23:48:14,658 | INFO | src.trainer.client.client_3 | Starting local training for round 2
2026-09-04 23:48:39,373 | INFO | src.trainer.client.client_3 | Round 2 local epoch 1/3: train_loss=1.164757
2026-09-04 23:49:01,740 | INFO | src.trainer.client.client_3 | Round 2 local epoch 2/3: train_loss=0.964409
2026-09-04 23:49:26,176 | INFO | src.trainer.client.client_3 | Round 2 local epoch 3/3: train_loss=0.868268
2026-09-04 23:49:51,988 | INFO | src.trainer.client.client_3 | Round 2 local fit metrics: {'train_loss': 0.8682676202132378, 'lr': 9.997507884796767e-05, 'train_accuracy': 0.7826666666666666, 'train_precision': 0.7940591027978137, 'train_recall': 0.7717225589225588, 'train_f1': 0.7706248988775279, 'train_image_accuracy': 0.9111111111111111, 'train_image_precision': 0.9120879120879121, 'train_image_recall': 0.9177777777777777, 'train_image_f1': 0.9054867561059512, 'val_loss': 1.4541598325570424, 'val_accuracy': 0.411, 'val_precision': 0.41483558221959915, 'val_recall': 0.4026666666666666, 'val_f1': 0.3915046089420598, 'val_image_accuracy': 0.5, 'val_image_precision': 0.36666666666666664, 'val_image_recall': 0.4333333333333333, 'val_image_f1': 0.37333333333333335}
2026-09-04 23:50:18,174 | INFO | src.trainer.client.client_3 | Round 2 local test metrics: loss=0.901712 metrics={'test_accuracy': 0.6042424242424242, 'test_precision': 0.5157773284276702, 'test_recall': 0.5111111111111112, 'test_f1': 0.5019070162713206, 'test_image_accuracy': 0.6363636363636364, 'test_image_precision': 0.45, 'test_image_recall': 0.5333333333333333, 'test_image_f1': 0.4647619047619048}
2026-09-04 23:50:24,616 | INFO | src.trainer.client.client_3 | Round 3 learning rate set to 9.99003e-05
2026-09-04 23:50:24,616 | INFO | src.trainer.client.client_3 | Starting local training for round 3
2026-09-04 23:50:51,624 | INFO | src.trainer.client.client_3 | Round 3 local epoch 1/3: train_loss=0.983388
2026-09-04 23:51:13,967 | INFO | src.trainer.client.client_3 | Round 3 local epoch 2/3: train_loss=0.805639
2026-09-04 23:51:38,609 | INFO | src.trainer.client.client_3 | Round 3 local epoch 3/3: train_loss=0.688566
2026-09-04 23:52:05,182 | INFO | src.trainer.client.client_3 | Round 3 local fit metrics: {'train_loss': 0.6885656294999299, 'lr': 9.990034048535828e-05, 'train_accuracy': 0.8781481481481481, 'train_precision': 0.865574921887576, 'train_recall': 0.8806868686868686, 'train_f1': 0.8678662794449507, 'train_image_accuracy': 1.0, 'train_image_precision': 1.0, 'train_image_recall': 1.0, 'train_image_f1': 1.0, 'val_loss': 1.0275485748449962, 'val_accuracy': 0.5636666666666666, 'val_precision': 0.562038558409115, 'val_recall': 0.5846666666666666, 'val_f1': 0.554084995274054, 'val_image_accuracy': 0.7, 'val_image_precision': 0.7333333333333333, 'val_image_recall': 0.7666666666666667, 'val_image_f1': 0.6933333333333332}
2026-09-04 23:59:08,504 | INFO | src.trainer.client.client_3 | Round 3 local test metrics: loss=0.814822 metrics={'test_accuracy': 0.6181818181818182, 'test_precision': 0.602466620204613, 'test_recall': 0.5803333333333333, 'test_f1': 0.5776281058230008, 'test_image_accuracy': 0.6363636363636364, 'test_image_precision': 0.5666666666666667, 'test_image_recall': 0.5666666666666667, 'test_image_f1': 0.5533333333333333}
2026-09-05 00:02:29,299 | INFO | src.trainer.client.client_3 | Round 4 learning rate set to 9.97759e-05
2026-09-05 00:02:29,299 | INFO | src.trainer.client.client_3 | Starting local training for round 4
2026-09-05 00:02:53,223 | INFO | src.trainer.client.client_3 | Round 4 local epoch 1/3: train_loss=0.858185
2026-09-05 00:03:15,062 | INFO | src.trainer.client.client_3 | Round 4 local epoch 2/3: train_loss=0.671814
2026-09-05 00:03:37,266 | INFO | src.trainer.client.client_3 | Round 4 local epoch 3/3: train_loss=0.617771
2026-09-05 00:04:02,776 | INFO | src.trainer.client.client_3 | Round 4 local fit metrics: {'train_loss': 0.617770855927173, 'lr': 9.97758601673677e-05, 'train_accuracy': 0.9277037037037037, 'train_precision': 0.9275147625803066, 'train_recall': 0.9170377104377104, 'train_f1': 0.9202612961021593, 'train_image_accuracy': 0.9777777777777777, 'train_image_precision': 0.9800000000000001, 'train_image_recall': 0.96, 'train_image_f1': 0.967251461988304, 'val_loss': 1.2737065445582072, 'val_accuracy': 0.5013333333333333, 'val_precision': 0.5400205147398283, 'val_recall': 0.5025555555555556, 'val_f1': 0.4989957909415413, 'val_image_accuracy': 0.6, 'val_image_precision': 0.4666666666666666, 'val_image_recall': 0.5666666666666667, 'val_image_f1': 0.5}
2026-09-05 00:07:41,242 | INFO | src.trainer.client.client_3 | Round 4 local test metrics: loss=0.805837 metrics={'test_accuracy': 0.6015151515151516, 'test_precision': 0.615206497395888, 'test_recall': 0.5905555555555556, 'test_f1': 0.5758567124522154, 'test_image_accuracy': 0.5454545454545454, 'test_image_precision': 0.5333333333333333, 'test_image_recall': 0.5, 'test_image_f1': 0.4742857142857143}
2026-09-05 00:14:22,594 | INFO | src.trainer.client.client_3 | Round 5 learning rate set to 9.96018e-05
2026-09-05 00:14:22,594 | INFO | src.trainer.client.client_3 | Starting local training for round 5
2026-09-05 00:14:47,391 | INFO | src.trainer.client.client_3 | Round 5 local epoch 1/3: train_loss=0.783901
2026-09-05 00:15:11,448 | INFO | src.trainer.client.client_3 | Round 5 local epoch 2/3: train_loss=0.591808
2026-09-05 00:15:36,435 | INFO | src.trainer.client.client_3 | Round 5 local epoch 3/3: train_loss=0.553800
2026-09-05 00:16:02,970 | INFO | src.trainer.client.client_3 | Round 5 local fit metrics: {'train_loss': 0.5537999687077086, 'lr': 9.960176323512438e-05, 'train_accuracy': 0.9383703703703704, 'train_precision': 0.9402884560162003, 'train_recall': 0.9368848484848484, 'train_f1': 0.9384434460758211, 'train_image_accuracy': 1.0, 'train_image_precision': 1.0, 'train_image_recall': 1.0, 'train_image_f1': 1.0, 'val_loss': 1.2446766472657522, 'val_accuracy': 0.5093333333333333, 'val_precision': 0.5550007571967399, 'val_recall': 0.5008888888888888, 'val_f1': 0.5192646983474608, 'val_image_accuracy': 0.6, 'val_image_precision': 0.5333333333333333, 'val_image_recall': 0.5333333333333333, 'val_image_f1': 0.5066666666666666}
2026-09-05 00:16:31,706 | INFO | src.trainer.client.client_3 | Round 5 local test metrics: loss=0.780264 metrics={'test_accuracy': 0.6275757575757576, 'test_precision': 0.6309724614866401, 'test_recall': 0.6111111111111112, 'test_f1': 0.5959356426792108, 'test_image_accuracy': 0.5454545454545454, 'test_image_precision': 0.5333333333333333, 'test_image_recall': 0.5, 'test_image_f1': 0.4742857142857143}
2026-09-05 00:16:32,453 | INFO | src.trainer.client.client_3 | Round 6 learning rate set to 9.93782e-05
2026-09-05 00:16:32,453 | INFO | src.trainer.client.client_3 | Starting local training for round 6
2026-09-05 00:16:56,083 | INFO | src.trainer.client.client_3 | Round 6 local epoch 1/3: train_loss=0.733530
2026-09-05 00:17:17,459 | INFO | src.trainer.client.client_3 | Round 6 local epoch 2/3: train_loss=0.557057
2026-09-05 00:17:41,325 | INFO | src.trainer.client.client_3 | Round 6 local epoch 3/3: train_loss=0.522471
2026-09-05 00:18:09,117 | INFO | src.trainer.client.client_3 | Round 6 local fit metrics: {'train_loss': 0.522471432376791, 'lr': 9.937822498948152e-05, 'train_accuracy': 0.9314074074074075, 'train_precision': 0.9342987236482427, 'train_recall': 0.9264909090909091, 'train_f1': 0.929943909541354, 'train_image_accuracy': 1.0, 'train_image_precision': 1.0, 'train_image_recall': 1.0, 'train_image_f1': 1.0, 'val_loss': 1.2928726799090704, 'val_accuracy': 0.5383333333333333, 'val_precision': 0.531917146188083, 'val_recall': 0.472, 'val_f1': 0.4677362040882061, 'val_image_accuracy': 0.7, 'val_image_precision': 0.6799999999999999, 'val_image_recall': 0.6, 'val_image_f1': 0.5809523809523809}
2026-09-05 00:25:03,842 | INFO | src.trainer.client.client_3 | Round 6 local test metrics: loss=0.762307 metrics={'test_accuracy': 0.6481818181818182, 'test_precision': 0.6483960708166281, 'test_recall': 0.617, 'test_f1': 0.6083999479853768, 'test_image_accuracy': 0.6363636363636364, 'test_image_precision': 0.5333333333333333, 'test_image_recall': 0.5666666666666667, 'test_image_f1': 0.5342857142857144}
2026-09-05 00:30:05,249 | INFO | src.trainer.client.client_3 | Round 7 learning rate set to 9.91055e-05
2026-09-05 00:30:05,249 | INFO | src.trainer.client.client_3 | Starting local training for round 7
2026-09-05 00:30:30,247 | INFO | src.trainer.client.client_3 | Round 7 local epoch 1/3: train_loss=0.664471
2026-09-05 00:30:53,284 | INFO | src.trainer.client.client_3 | Round 7 local epoch 2/3: train_loss=0.502559
2026-09-05 00:31:18,123 | INFO | src.trainer.client.client_3 | Round 7 local epoch 3/3: train_loss=0.464627
2026-09-05 00:31:46,206 | INFO | src.trainer.client.client_3 | Round 7 local fit metrics: {'train_loss': 0.46462741794409573, 'lr': 9.910547051450398e-05, 'train_accuracy': 0.9325925925925926, 'train_precision': 0.9282656877055098, 'train_recall': 0.9353252525252526, 'train_f1': 0.9308890002817108, 'train_image_accuracy': 1.0, 'train_image_precision': 1.0, 'train_image_recall': 1.0, 'train_image_f1': 1.0, 'val_loss': 1.1982346989363433, 'val_accuracy': 0.5356666666666666, 'val_precision': 0.5693838903597772, 'val_recall': 0.5134444444444444, 'val_f1': 0.5253804622671436, 'val_image_accuracy': 0.7, 'val_image_precision': 0.6799999999999999, 'val_image_recall': 0.6333333333333333, 'val_image_f1': 0.6076190476190476}
2026-09-05 00:33:29,537 | INFO | src.trainer.client.client_3 | Round 7 local test metrics: loss=0.874361 metrics={'test_accuracy': 0.6127272727272727, 'test_precision': 0.6348179997203065, 'test_recall': 0.6263333333333334, 'test_f1': 0.5927292916840469, 'test_image_accuracy': 0.6363636363636364, 'test_image_precision': 0.7, 'test_image_recall': 0.7, 'test_image_f1': 0.6476190476190475}
2026-09-05 00:33:51,860 | INFO | src.trainer.client.client_3 | Round 8 learning rate set to 9.87838e-05
2026-09-05 00:33:51,860 | INFO | src.trainer.client.client_3 | Starting local training for round 8
2026-09-05 00:34:13,982 | INFO | src.trainer.client.client_3 | Round 8 local epoch 1/3: train_loss=0.615514
2026-09-05 00:34:39,119 | INFO | src.trainer.client.client_3 | Round 8 local epoch 2/3: train_loss=0.492395
2026-09-05 00:35:01,987 | INFO | src.trainer.client.client_3 | Round 8 local epoch 3/3: train_loss=0.452289
2026-09-05 00:35:30,314 | INFO | src.trainer.client.client_3 | Round 8 local fit metrics: {'train_loss': 0.4522891769291442, 'lr': 9.878377445082767e-05, 'train_accuracy': 0.9491111111111111, 'train_precision': 0.9535152005164497, 'train_recall': 0.9450390572390572, 'train_f1': 0.9488846004469089, 'train_image_accuracy': 1.0, 'train_image_precision': 1.0, 'train_image_recall': 1.0, 'train_image_f1': 1.0, 'val_loss': 1.5685311895236373, 'val_accuracy': 0.475, 'val_precision': 0.4692613631659377, 'val_recall': 0.4278888888888889, 'val_f1': 0.41484703976832576, 'val_image_accuracy': 0.4, 'val_image_precision': 0.44000000000000006, 'val_image_recall': 0.36666666666666664, 'val_image_f1': 0.3704761904761905}
2026-09-05 00:42:13,263 | INFO | src.trainer.client.client_3 | Round 8 local test metrics: loss=0.938773 metrics={'test_accuracy': 0.5869696969696969, 'test_precision': 0.6036641478875937, 'test_recall': 0.5838888888888889, 'test_f1': 0.5653917473770065, 'test_image_accuracy': 0.5454545454545454, 'test_image_precision': 0.5333333333333333, 'test_image_recall': 0.5, 'test_image_f1': 0.4742857142857143}
2026-09-05 00:42:35,954 | INFO | src.trainer.client.client_3 | Round 9 learning rate set to 9.84135e-05
2026-09-05 00:42:35,954 | INFO | src.trainer.client.client_3 | Starting local training for round 9
2026-09-05 00:43:01,254 | INFO | src.trainer.client.client_3 | Round 9 local epoch 1/3: train_loss=0.605789
2026-09-05 00:43:23,739 | INFO | src.trainer.client.client_3 | Round 9 local epoch 2/3: train_loss=0.456701
2026-09-05 00:43:50,433 | INFO | src.trainer.client.client_3 | Round 9 local epoch 3/3: train_loss=0.428326
2026-09-05 00:44:18,212 | INFO | src.trainer.client.client_3 | Round 9 local fit metrics: {'train_loss': 0.4283257124747759, 'lr': 9.841346071911964e-05, 'train_accuracy': 0.940962962962963, 'train_precision': 0.9377839597966366, 'train_recall': 0.9395286195286194, 'train_f1': 0.9384322403222749, 'train_image_accuracy': 1.0, 'train_image_precision': 1.0, 'train_image_recall': 1.0, 'train_image_f1': 1.0, 'val_loss': 1.5818389685029786, 'val_accuracy': 0.49566666666666664, 'val_precision': 0.5250952057185965, 'val_recall': 0.4866666666666667, 'val_f1': 0.48763585147386496, 'val_image_accuracy': 0.5, 'val_image_precision': 0.5666666666666667, 'val_image_recall': 0.4666666666666667, 'val_image_f1': 0.4333333333333333}
2026-09-05 00:51:05,841 | INFO | src.trainer.client.client_3 | Round 9 local test metrics: loss=0.909781 metrics={'test_accuracy': 0.5969696969696969, 'test_precision': 0.6158421749033461, 'test_recall': 0.5972222222222222, 'test_f1': 0.5696955414775337, 'test_image_accuracy': 0.5454545454545454, 'test_image_precision': 0.5333333333333333, 'test_image_recall': 0.5, 'test_image_f1': 0.4742857142857143}
2026-09-05 00:58:09,562 | INFO | src.trainer.client.client_3 | Round 10 learning rate set to 9.79949e-05
2026-09-05 00:58:09,563 | INFO | src.trainer.client.client_3 | Starting local training for round 10
2026-09-05 00:58:34,155 | INFO | src.trainer.client.client_3 | Round 10 local epoch 1/3: train_loss=0.547394
2026-09-05 00:58:57,903 | INFO | src.trainer.client.client_3 | Round 10 local epoch 2/3: train_loss=0.396948
2026-09-05 00:59:21,124 | INFO | src.trainer.client.client_3 | Round 10 local epoch 3/3: train_loss=0.411801
2026-09-05 00:59:46,623 | INFO | src.trainer.client.client_3 | Round 10 local fit metrics: {'train_loss': 0.4118007455343082, 'lr': 9.799490219391763e-05, 'train_accuracy': 0.97, 'train_precision': 0.9697561187345244, 'train_recall': 0.9664498316498318, 'train_f1': 0.968042852348435, 'train_image_accuracy': 1.0, 'train_image_precision': 1.0, 'train_image_recall': 1.0, 'train_image_f1': 1.0, 'val_loss': 1.835499467857182, 'val_accuracy': 0.49633333333333335, 'val_precision': 0.537973756649296, 'val_recall': 0.46399999999999997, 'val_f1': 0.4646404826417623, 'val_image_accuracy': 0.5, 'val_image_precision': 0.5666666666666667, 'val_image_recall': 0.4666666666666667, 'val_image_f1': 0.4333333333333333}
2026-09-05 01:00:04,354 | INFO | src.trainer.client.client_3 | Round 10 local test metrics: loss=0.877937 metrics={'test_accuracy': 0.6263636363636363, 'test_precision': 0.6364872212857708, 'test_recall': 0.6195555555555555, 'test_f1': 0.6024710416938087, 'test_image_accuracy': 0.5454545454545454, 'test_image_precision': 0.5333333333333333, 'test_image_recall': 0.5, 'test_image_f1': 0.4742857142857143}
2026-09-05 01:05:13,114 | INFO | src.trainer.client.client_3 | Round 11 learning rate set to 9.75285e-05
2026-09-05 01:05:13,115 | INFO | src.trainer.client.client_3 | Starting local training for round 11
2026-09-05 01:05:36,175 | INFO | src.trainer.client.client_3 | Round 11 local epoch 1/3: train_loss=0.502720
2026-09-05 01:06:00,184 | INFO | src.trainer.client.client_3 | Round 11 local epoch 2/3: train_loss=0.414529
2026-09-05 01:06:22,537 | INFO | src.trainer.client.client_3 | Round 11 local epoch 3/3: train_loss=0.366433
2026-09-05 01:06:48,665 | INFO | src.trainer.client.client_3 | Round 11 local fit metrics: {'train_loss': 0.3664334912506151, 'lr': 9.75285203281768e-05, 'train_accuracy': 0.9522962962962963, 'train_precision': 0.9477724168565768, 'train_recall': 0.9555185185185184, 'train_f1': 0.9512322010089427, 'train_image_accuracy': 1.0, 'train_image_precision': 1.0, 'train_image_recall': 1.0, 'train_image_f1': 1.0, 'val_loss': 1.9465605109135309, 'val_accuracy': 0.4523333333333333, 'val_precision': 0.5124958643104626, 'val_recall': 0.45877777777777773, 'val_f1': 0.472649924399406, 'val_image_accuracy': 0.5, 'val_image_precision': 0.65, 'val_image_recall': 0.5666666666666667, 'val_image_f1': 0.58}
2026-09-05 01:08:46,618 | INFO | src.trainer.client.client_3 | Round 11 local test metrics: loss=0.919417 metrics={'test_accuracy': 0.62, 'test_precision': 0.6345100338788232, 'test_recall': 0.6201111111111112, 'test_f1': 0.6019988100478167, 'test_image_accuracy': 0.6363636363636364, 'test_image_precision': 0.7, 'test_image_recall': 0.7, 'test_image_f1': 0.6476190476190475}
2026-09-05 01:15:34,026 | INFO | src.trainer.client.client_3 | Round 12 learning rate set to 9.70148e-05
2026-09-05 01:15:34,026 | INFO | src.trainer.client.client_3 | Starting local training for round 12
2026-09-05 01:15:58,894 | INFO | src.trainer.client.client_3 | Round 12 local epoch 1/3: train_loss=0.503760
2026-09-05 01:16:21,422 | INFO | src.trainer.client.client_3 | Round 12 local epoch 2/3: train_loss=0.373627
2026-09-05 01:16:43,084 | INFO | src.trainer.client.client_3 | Round 12 local epoch 3/3: train_loss=0.367787
2026-09-05 01:17:07,751 | INFO | src.trainer.client.client_3 | Round 12 local fit metrics: {'train_loss': 0.3677866269629679, 'lr': 9.701478472890247e-05, 'train_accuracy': 0.9631851851851851, 'train_precision': 0.965490220829088, 'train_recall': 0.9604478114478114, 'train_f1': 0.9626874785176132, 'train_image_accuracy': 1.0, 'train_image_precision': 1.0, 'train_image_recall': 1.0, 'train_image_f1': 1.0, 'val_loss': 1.82341053079317, 'val_accuracy': 0.4533333333333333, 'val_precision': 0.4609946588932461, 'val_recall': 0.41500000000000004, 'val_f1': 0.4105444388005009, 'val_image_accuracy': 0.4, 'val_image_precision': 0.44000000000000006, 'val_image_recall': 0.36666666666666664, 'val_image_f1': 0.3704761904761905}
2026-09-05 01:17:42,924 | INFO | src.trainer.client.client_3 | Round 12 local test metrics: loss=0.911450 metrics={'test_accuracy': 0.61, 'test_precision': 0.6073999461235173, 'test_recall': 0.5915555555555556, 'test_f1': 0.5724115146438995, 'test_image_accuracy': 0.5454545454545454, 'test_image_precision': 0.5333333333333333, 'test_image_recall': 0.5, 'test_image_f1': 0.4742857142857143}
2026-09-05 01:20:59,499 | INFO | src.trainer.client.client_3 | Round 13 learning rate set to 9.64542e-05
2026-09-05 01:20:59,499 | INFO | src.trainer.client.client_3 | Starting local training for round 13
2026-09-05 01:21:23,949 | INFO | src.trainer.client.client_3 | Round 13 local epoch 1/3: train_loss=0.478435
2026-09-05 01:21:45,639 | INFO | src.trainer.client.client_3 | Round 13 local epoch 2/3: train_loss=0.390855
2026-09-05 01:22:10,264 | INFO | src.trainer.client.client_3 | Round 13 local epoch 3/3: train_loss=0.345260
2026-09-05 01:22:37,218 | INFO | src.trainer.client.client_3 | Round 13 local fit metrics: {'train_loss': 0.3452595881179527, 'lr': 9.64542126842956e-05, 'train_accuracy': 0.9474814814814815, 'train_precision': 0.9481863121619112, 'train_recall': 0.9438774410774411, 'train_f1': 0.9452698508601411, 'train_image_accuracy': 1.0, 'train_image_precision': 1.0, 'train_image_recall': 1.0, 'train_image_f1': 1.0, 'val_loss': 1.7802904396851857, 'val_accuracy': 0.4553333333333333, 'val_precision': 0.456726285011254, 'val_recall': 0.4134444444444445, 'val_f1': 0.4030198330669196, 'val_image_accuracy': 0.4, 'val_image_precision': 0.41666666666666663, 'val_image_recall': 0.36666666666666664, 'val_image_f1': 0.36}
2026-09-05 01:26:18,285 | INFO | src.trainer.client.client_3 | Round 13 local test metrics: loss=0.955262 metrics={'test_accuracy': 0.6087878787878788, 'test_precision': 0.618267482662429, 'test_recall': 0.6052222222222222, 'test_f1': 0.5791028468810075, 'test_image_accuracy': 0.5454545454545454, 'test_image_precision': 0.5333333333333333, 'test_image_recall': 0.5, 'test_image_f1': 0.4742857142857143}
2026-09-05 01:33:08,524 | INFO | src.trainer.client.client_3 | Round 14 learning rate set to 9.58474e-05
2026-09-05 01:33:08,524 | INFO | src.trainer.client.client_3 | Starting local training for round 14
2026-09-05 01:33:30,962 | INFO | src.trainer.client.client_3 | Round 14 local epoch 1/3: train_loss=0.464614
2026-09-05 01:33:52,234 | INFO | src.trainer.client.client_3 | Round 14 local epoch 2/3: train_loss=0.359241
2026-09-05 01:34:14,766 | INFO | src.trainer.client.client_3 | Round 14 local epoch 3/3: train_loss=0.319224
2026-09-05 01:34:42,308 | INFO | src.trainer.client.client_3 | Round 14 local fit metrics: {'train_loss': 0.3192242056940809, 'lr': 9.584736864288745e-05, 'train_accuracy': 0.966, 'train_precision': 0.9665182962750654, 'train_recall': 0.9644626262626262, 'train_f1': 0.9652470386226168, 'train_image_accuracy': 1.0, 'train_image_precision': 1.0, 'train_image_recall': 1.0, 'train_image_f1': 1.0, 'val_loss': 1.8818198120693366, 'val_accuracy': 0.45066666666666666, 'val_precision': 0.44940339911353905, 'val_recall': 0.4147777777777778, 'val_f1': 0.41987263327467234, 'val_image_accuracy': 0.4, 'val_image_precision': 0.41666666666666663, 'val_image_recall': 0.36666666666666664, 'val_image_f1': 0.36}
2026-09-05 01:34:55,690 | INFO | src.trainer.client.client_3 | Round 14 local test metrics: loss=0.962027 metrics={'test_accuracy': 0.6048484848484849, 'test_precision': 0.5986386284203643, 'test_recall': 0.5863333333333334, 'test_f1': 0.5683852264218716, 'test_image_accuracy': 0.5454545454545454, 'test_image_precision': 0.5333333333333333, 'test_image_recall': 0.5, 'test_image_f1': 0.4742857142857143}
2026-09-05 01:41:42,274 | INFO | src.trainer.client.client_3 | Round 15 learning rate set to 9.51949e-05
2026-09-05 01:41:42,274 | INFO | src.trainer.client.client_3 | Starting local training for round 15
2026-09-05 01:42:06,419 | INFO | src.trainer.client.client_3 | Round 15 local epoch 1/3: train_loss=0.440557
2026-09-05 01:42:30,187 | INFO | src.trainer.client.client_3 | Round 15 local epoch 2/3: train_loss=0.333151
2026-09-05 01:42:52,362 | INFO | src.trainer.client.client_3 | Round 15 local epoch 3/3: train_loss=0.320628
2026-09-05 01:43:18,815 | INFO | src.trainer.client.client_3 | Round 15 local fit metrics: {'train_loss': 0.3206280889628846, 'lr': 9.519486364518777e-05, 'train_accuracy': 0.9660740740740741, 'train_precision': 0.961287238338403, 'train_recall': 0.9667602693602694, 'train_f1': 0.9637011748728105, 'train_image_accuracy': 1.0, 'train_image_precision': 1.0, 'train_image_recall': 1.0, 'train_image_f1': 1.0, 'val_loss': 1.5100173083146413, 'val_accuracy': 0.5156666666666667, 'val_precision': 0.5371441249158118, 'val_recall': 0.5047777777777778, 'val_f1': 0.5113958048399191, 'val_image_accuracy': 0.5, 'val_image_precision': 0.4, 'val_image_recall': 0.4666666666666667, 'val_image_f1': 0.42000000000000004}
2026-09-05 01:43:43,931 | INFO | src.trainer.client.client_3 | Round 15 local test metrics: loss=0.983604 metrics={'test_accuracy': 0.6024242424242424, 'test_precision': 0.6105380556097579, 'test_recall': 0.5961111111111111, 'test_f1': 0.5743602888542299, 'test_image_accuracy': 0.5454545454545454, 'test_image_precision': 0.5333333333333333, 'test_image_recall': 0.5, 'test_image_f1': 0.4742857142857143}
2026-09-05 01:43:49,409 | INFO | src.trainer.client.client_3 | Round 16 learning rate set to 9.44974e-05
2026-09-05 01:43:49,409 | INFO | src.trainer.client.client_3 | Starting local training for round 16
2026-09-05 01:44:11,434 | INFO | src.trainer.client.client_3 | Round 16 local epoch 1/3: train_loss=0.438797
2026-09-05 01:44:34,348 | INFO | src.trainer.client.client_3 | Round 16 local epoch 2/3: train_loss=0.330973
2026-09-05 01:44:59,647 | INFO | src.trainer.client.client_3 | Round 16 local epoch 3/3: train_loss=0.316509
2026-09-05 01:45:26,166 | INFO | src.trainer.client.client_3 | Round 16 local fit metrics: {'train_loss': 0.31650949542905077, 'lr': 9.449735470841871e-05, 'train_accuracy': 0.9825185185185186, 'train_precision': 0.9805761575884079, 'train_recall': 0.9828154882154883, 'train_f1': 0.9816218779789324, 'train_image_accuracy': 1.0, 'train_image_precision': 1.0, 'train_image_recall': 1.0, 'train_image_f1': 1.0, 'val_loss': 1.466923082033793, 'val_accuracy': 0.5353333333333333, 'val_precision': 0.553078085083985, 'val_recall': 0.4839999999999999, 'val_f1': 0.49052292272945036, 'val_image_accuracy': 0.5, 'val_image_precision': 0.5733333333333334, 'val_image_recall': 0.4333333333333333, 'val_image_f1': 0.45714285714285713}
2026-09-05 01:52:24,748 | INFO | src.trainer.client.client_3 | Round 16 local test metrics: loss=0.902044 metrics={'test_accuracy': 0.6284848484848485, 'test_precision': 0.6284623094622814, 'test_recall': 0.6198888888888888, 'test_f1': 0.6012918007468624, 'test_image_accuracy': 0.6363636363636364, 'test_image_precision': 0.7, 'test_image_recall': 0.7, 'test_image_f1': 0.6476190476190475}
2026-09-05 01:58:59,495 | INFO | src.trainer.client.client_3 | Round 17 learning rate set to 9.37555e-05
2026-09-05 01:58:59,495 | INFO | src.trainer.client.client_3 | Starting local training for round 17
2026-09-05 01:59:22,915 | INFO | src.trainer.client.client_3 | Round 17 local epoch 1/3: train_loss=0.419043
2026-09-05 01:59:46,290 | INFO | src.trainer.client.client_3 | Round 17 local epoch 2/3: train_loss=0.319616
2026-09-05 02:00:08,685 | INFO | src.trainer.client.client_3 | Round 17 local epoch 3/3: train_loss=0.303018
2026-09-05 02:00:34,150 | INFO | src.trainer.client.client_3 | Round 17 local fit metrics: {'train_loss': 0.303017946952655, 'lr': 9.375554416495436e-05, 'train_accuracy': 0.9677037037037037, 'train_precision': 0.9676688007088563, 'train_recall': 0.9653346801346802, 'train_f1': 0.9662300133193964, 'train_image_accuracy': 1.0, 'train_image_precision': 1.0, 'train_image_recall': 1.0, 'train_image_f1': 1.0, 'val_loss': 1.5852793947855632, 'val_accuracy': 0.5756666666666667, 'val_precision': 0.5857317738431547, 'val_recall': 0.5243333333333333, 'val_f1': 0.5180567395656784, 'val_image_accuracy': 0.6, 'val_image_precision': 0.58, 'val_image_recall': 0.5333333333333333, 'val_image_f1': 0.5076190476190476}
2026-09-05 02:01:07,813 | INFO | src.trainer.client.client_3 | Round 17 local test metrics: loss=0.935363 metrics={'test_accuracy': 0.6206060606060606, 'test_precision': 0.6241560447067143, 'test_recall': 0.6130000000000001, 'test_f1': 0.5906524835311747, 'test_image_accuracy': 0.5454545454545454, 'test_image_precision': 0.5333333333333333, 'test_image_recall': 0.5, 'test_image_f1': 0.4742857142857143}
2026-09-05 02:07:45,528 | INFO | src.trainer.client.client_3 | Round 18 learning rate set to 9.29702e-05
2026-09-05 02:07:45,528 | INFO | src.trainer.client.client_3 | Starting local training for round 18
2026-09-05 02:08:09,706 | INFO | src.trainer.client.client_3 | Round 18 local epoch 1/3: train_loss=0.410345
2026-09-05 02:08:31,313 | INFO | src.trainer.client.client_3 | Round 18 local epoch 2/3: train_loss=0.301968
2026-09-05 02:08:54,460 | INFO | src.trainer.client.client_3 | Round 18 local epoch 3/3: train_loss=0.289282
2026-09-05 02:09:20,803 | INFO | src.trainer.client.client_3 | Round 18 local fit metrics: {'train_loss': 0.28928150042339607, 'lr': 9.297017895513137e-05, 'train_accuracy': 0.9807407407407407, 'train_precision': 0.9797347570778202, 'train_recall': 0.9797279461279462, 'train_f1': 0.9796826539459662, 'train_image_accuracy': 1.0, 'train_image_precision': 1.0, 'train_image_recall': 1.0, 'train_image_f1': 1.0, 'val_loss': 1.7520741988470157, 'val_accuracy': 0.497, 'val_precision': 0.5502257658422856, 'val_recall': 0.4542222222222222, 'val_f1': 0.4721706001849375, 'val_image_accuracy': 0.5, 'val_image_precision': 0.4833333333333333, 'val_image_recall': 0.4333333333333333, 'val_image_f1': 0.4333333333333333}
2026-09-05 02:09:40,784 | INFO | src.trainer.client.client_3 | Round 18 local test metrics: loss=1.066615 metrics={'test_accuracy': 0.5948484848484848, 'test_precision': 0.6190408467666775, 'test_recall': 0.5978888888888889, 'test_f1': 0.5701757030781279, 'test_image_accuracy': 0.6363636363636364, 'test_image_precision': 0.7, 'test_image_recall': 0.7, 'test_image_f1': 0.6476190476190475}
2026-09-05 02:09:52,807 | INFO | src.trainer.client.client_3 | Round 19 learning rate set to 9.2142e-05
2026-09-05 02:09:52,807 | INFO | src.trainer.client.client_3 | Starting local training for round 19
2026-09-05 02:10:15,557 | INFO | src.trainer.client.client_3 | Round 19 local epoch 1/3: train_loss=0.405490
2026-09-05 02:10:37,076 | INFO | src.trainer.client.client_3 | Round 19 local epoch 2/3: train_loss=0.293547
2026-09-05 02:11:03,440 | INFO | src.trainer.client.client_3 | Round 19 local epoch 3/3: train_loss=0.281474
2026-09-05 02:11:30,108 | INFO | src.trainer.client.client_3 | Round 19 local fit metrics: {'train_loss': 0.28147445254855685, 'lr': 9.214204987514347e-05, 'train_accuracy': 0.9771851851851852, 'train_precision': 0.973677537613759, 'train_recall': 0.9764599326599326, 'train_f1': 0.9750167536189046, 'train_image_accuracy': 1.0, 'train_image_precision': 1.0, 'train_image_recall': 1.0, 'train_image_f1': 1.0, 'val_loss': 1.8316026507616043, 'val_accuracy': 0.5523333333333333, 'val_precision': 0.6084462370816546, 'val_recall': 0.5107777777777778, 'val_f1': 0.5215654618312728, 'val_image_accuracy': 0.6, 'val_image_precision': 0.58, 'val_image_recall': 0.5333333333333333, 'val_image_f1': 0.5076190476190476}
2026-09-05 02:18:17,377 | INFO | src.trainer.client.client_3 | Round 19 local test metrics: loss=1.165680 metrics={'test_accuracy': 0.5742424242424242, 'test_precision': 0.5836566819657419, 'test_recall': 0.5506666666666666, 'test_f1': 0.5281372936954779, 'test_image_accuracy': 0.5454545454545454, 'test_image_precision': 0.5333333333333333, 'test_image_recall': 0.5, 'test_image_f1': 0.4742857142857143}
2026-09-05 02:23:26,629 | INFO | src.trainer.client.client_3 | Round 20 learning rate set to 9.1272e-05
2026-09-05 02:23:26,629 | INFO | src.trainer.client.client_3 | Starting local training for round 20
2026-09-05 02:23:52,819 | INFO | src.trainer.client.client_3 | Round 20 local epoch 1/3: train_loss=0.370169
2026-09-05 02:24:14,942 | INFO | src.trainer.client.client_3 | Round 20 local epoch 2/3: train_loss=0.286551
2026-09-05 02:24:37,818 | INFO | src.trainer.client.client_3 | Round 20 local epoch 3/3: train_loss=0.272961
2026-09-05 02:25:04,805 | INFO | src.trainer.client.client_3 | Round 20 local fit metrics: {'train_loss': 0.27296073458812853, 'lr': 9.127199078077673e-05, 'train_accuracy': 0.9774814814814815, 'train_precision': 0.973274225894234, 'train_recall': 0.9776599326599327, 'train_f1': 0.975143545723282, 'train_image_accuracy': 1.0, 'train_image_precision': 1.0, 'train_image_recall': 1.0, 'train_image_f1': 1.0, 'val_loss': 1.9800032842357953, 'val_accuracy': 0.47333333333333333, 'val_precision': 0.6307363897177373, 'val_recall': 0.4398888888888889, 'val_f1': 0.46867020605418636, 'val_image_accuracy': 0.5, 'val_image_precision': 0.4833333333333333, 'val_image_recall': 0.4333333333333333, 'val_image_f1': 0.4333333333333333}
2026-09-05 02:26:59,602 | INFO | src.trainer.client.client_3 | Round 20 local test metrics: loss=1.018726 metrics={'test_accuracy': 0.6139393939393939, 'test_precision': 0.6008060483525949, 'test_recall': 0.5851111111111111, 'test_f1': 0.5688098534758299, 'test_image_accuracy': 0.5454545454545454, 'test_image_precision': 0.5333333333333333, 'test_image_recall': 0.5, 'test_image_f1': 0.4742857142857143}
2026-09-05 02:28:43,461 | INFO | src.trainer.client.client_3 | Round 21 learning rate set to 9.03609e-05
2026-09-05 02:28:43,462 | INFO | src.trainer.client.client_3 | Starting local training for round 21
2026-09-05 02:29:08,134 | INFO | src.trainer.client.client_3 | Round 21 local epoch 1/3: train_loss=0.373015
2026-09-05 02:29:31,691 | INFO | src.trainer.client.client_3 | Round 21 local epoch 2/3: train_loss=0.266070
2026-09-05 02:29:52,729 | INFO | src.trainer.client.client_3 | Round 21 local epoch 3/3: train_loss=0.276730
2026-09-05 02:30:19,421 | INFO | src.trainer.client.client_3 | Round 21 local fit metrics: {'train_loss': 0.27673002772861055, 'lr': 9.036087774778741e-05, 'train_accuracy': 0.9773333333333334, 'train_precision': 0.9765920288086182, 'train_recall': 0.9754592592592592, 'train_f1': 0.9759219563439945, 'train_image_accuracy': 1.0, 'train_image_precision': 1.0, 'train_image_recall': 1.0, 'train_image_f1': 1.0, 'val_loss': 1.946007407426834, 'val_accuracy': 0.533, 'val_precision': 0.5763278911308788, 'val_recall': 0.4881111111111112, 'val_f1': 0.47023163621877667, 'val_image_accuracy': 0.6, 'val_image_precision': 0.58, 'val_image_recall': 0.5333333333333333, 'val_image_f1': 0.5076190476190476}
2026-09-05 02:35:27,624 | INFO | src.trainer.client.client_3 | Round 21 local test metrics: loss=0.963673 metrics={'test_accuracy': 0.64, 'test_precision': 0.6418160363989001, 'test_recall': 0.6342222222222222, 'test_f1': 0.6122891696054164, 'test_image_accuracy': 0.6363636363636364, 'test_image_precision': 0.7, 'test_image_recall': 0.7, 'test_image_f1': 0.6476190476190475}
2026-09-05 02:35:43,827 | INFO | src.trainer.client.client_3 | Round 22 learning rate set to 8.94096e-05
2026-09-05 02:35:43,827 | INFO | src.trainer.client.client_3 | Starting local training for round 22
2026-09-05 02:36:06,567 | INFO | src.trainer.client.client_3 | Round 22 local epoch 1/3: train_loss=0.367218
2026-09-05 02:36:29,578 | INFO | src.trainer.client.client_3 | Round 22 local epoch 2/3: train_loss=0.289588
2026-09-05 02:36:51,476 | INFO | src.trainer.client.client_3 | Round 22 local epoch 3/3: train_loss=0.255459
2026-09-05 02:37:17,910 | INFO | src.trainer.client.client_3 | Round 22 local fit metrics: {'train_loss': 0.25545925422951027, 'lr': 8.940962818976798e-05, 'train_accuracy': 0.9822962962962963, 'train_precision': 0.9826908953948088, 'train_recall': 0.9811144781144782, 'train_f1': 0.9817692498947134, 'train_image_accuracy': 1.0, 'train_image_precision': 1.0, 'train_image_recall': 1.0, 'train_image_f1': 1.0, 'val_loss': 1.7391785755952198, 'val_accuracy': 0.505, 'val_precision': 0.4741143741001347, 'val_recall': 0.4565555555555555, 'val_f1': 0.4591341512308526, 'val_image_accuracy': 0.5, 'val_image_precision': 0.5, 'val_image_recall': 0.4333333333333333, 'val_image_f1': 0.44666666666666666}
2026-09-05 02:44:03,183 | INFO | src.trainer.client.client_3 | Round 22 local test metrics: loss=1.063652 metrics={'test_accuracy': 0.6081818181818182, 'test_precision': 0.6155669702107558, 'test_recall': 0.6017777777777777, 'test_f1': 0.5750698081158407, 'test_image_accuracy': 0.6363636363636364, 'test_image_precision': 0.7, 'test_image_recall': 0.7, 'test_image_f1': 0.6476190476190475}
2026-09-05 02:44:25,917 | INFO | src.trainer.client.client_3 | Round 23 learning rate set to 8.84192e-05
2026-09-05 02:44:25,917 | INFO | src.trainer.client.client_3 | Starting local training for round 23
2026-09-05 02:44:49,808 | INFO | src.trainer.client.client_3 | Round 23 local epoch 1/3: train_loss=0.349803
2026-09-05 02:45:13,303 | INFO | src.trainer.client.client_3 | Round 23 local epoch 2/3: train_loss=0.251379
2026-09-05 02:45:36,807 | INFO | src.trainer.client.client_3 | Round 23 local epoch 3/3: train_loss=0.234140
2026-09-05 02:46:04,892 | INFO | src.trainer.client.client_3 | Round 23 local fit metrics: {'train_loss': 0.2341395503576891, 'lr': 8.84191999343894e-05, 'train_accuracy': 0.9680740740740741, 'train_precision': 0.9681447351864765, 'train_recall': 0.9667548821548821, 'train_f1': 0.9671159633422513, 'train_image_accuracy': 1.0, 'train_image_precision': 1.0, 'train_image_recall': 1.0, 'train_image_f1': 1.0, 'val_loss': 2.000186510245005, 'val_accuracy': 0.5, 'val_precision': 0.5005023124475303, 'val_recall': 0.4605555555555555, 'val_f1': 0.4681513503837816, 'val_image_accuracy': 0.6, 'val_image_precision': 0.6, 'val_image_recall': 0.5333333333333333, 'val_image_f1': 0.5266666666666666}
2026-09-05 02:52:45,101 | INFO | src.trainer.client.client_3 | Round 23 local test metrics: loss=1.041080 metrics={'test_accuracy': 0.6163636363636363, 'test_precision': 0.6214774419322138, 'test_recall': 0.6097777777777778, 'test_f1': 0.5836976794012849, 'test_image_accuracy': 0.5454545454545454, 'test_image_precision': 0.5333333333333333, 'test_image_recall': 0.5, 'test_image_f1': 0.4666666666666666}
2026-09-05 02:54:46,712 | INFO | src.trainer.client.client_3 | Round 24 learning rate set to 8.73906e-05
2026-09-05 02:54:46,712 | INFO | src.trainer.client.client_3 | Starting local training for round 24
2026-09-05 02:55:11,566 | INFO | src.trainer.client.client_3 | Round 24 local epoch 1/3: train_loss=0.328593
2026-09-05 02:55:32,847 | INFO | src.trainer.client.client_3 | Round 24 local epoch 2/3: train_loss=0.258786
2026-09-05 02:55:57,580 | INFO | src.trainer.client.client_3 | Round 24 local epoch 3/3: train_loss=0.235200
2026-09-05 02:56:25,552 | INFO | src.trainer.client.client_3 | Round 24 local fit metrics: {'train_loss': 0.23520027481479408, 'lr': 8.739059025894986e-05, 'train_accuracy': 0.9802222222222222, 'train_precision': 0.9805733176814702, 'train_recall': 0.9796686868686869, 'train_f1': 0.979952729294159, 'train_image_accuracy': 1.0, 'train_image_precision': 1.0, 'train_image_recall': 1.0, 'train_image_f1': 1.0, 'val_loss': 2.0415447022716204, 'val_accuracy': 0.48533333333333334, 'val_precision': 0.5012321572272869, 'val_recall': 0.4417777777777777, 'val_f1': 0.45344631295299315, 'val_image_accuracy': 0.4, 'val_image_precision': 0.4333333333333333, 'val_image_recall': 0.36666666666666664, 'val_image_f1': 0.37333333333333335}
2026-09-05 03:01:27,612 | INFO | src.trainer.client.client_3 | Round 24 local test metrics: loss=1.124323 metrics={'test_accuracy': 0.5990909090909091, 'test_precision': 0.6121504893244294, 'test_recall': 0.5914444444444444, 'test_f1': 0.5666075640980183, 'test_image_accuracy': 0.5454545454545454, 'test_image_precision': 0.5333333333333333, 'test_image_recall': 0.5, 'test_image_f1': 0.4742857142857143}
2026-09-05 03:05:07,508 | INFO | src.trainer.client.client_3 | Round 25 learning rate set to 8.63248e-05
2026-09-05 03:05:07,508 | INFO | src.trainer.client.client_3 | Starting local training for round 25
2026-09-05 03:05:32,392 | INFO | src.trainer.client.client_3 | Round 25 local epoch 1/3: train_loss=0.304623
2026-09-05 03:05:53,951 | INFO | src.trainer.client.client_3 | Round 25 local epoch 2/3: train_loss=0.256590
2026-09-05 03:06:15,817 | INFO | src.trainer.client.client_3 | Round 25 local epoch 3/3: train_loss=0.246943
2026-09-05 03:06:43,413 | INFO | src.trainer.client.client_3 | Round 25 local fit metrics: {'train_loss': 0.24694318026672174, 'lr': 8.632483488620097e-05, 'train_accuracy': 0.9825925925925926, 'train_precision': 0.9824081481643103, 'train_recall': 0.9794087542087542, 'train_f1': 0.98075835251553, 'train_image_accuracy': 1.0, 'train_image_precision': 1.0, 'train_image_recall': 1.0, 'train_image_f1': 1.0, 'val_loss': 2.0917372348563124, 'val_accuracy': 0.5106666666666667, 'val_precision': 0.4787066517347136, 'val_recall': 0.45044444444444454, 'val_f1': 0.44996850521070114, 'val_image_accuracy': 0.6, 'val_image_precision': 0.6, 'val_image_recall': 0.5333333333333333, 'val_image_f1': 0.5266666666666666}
2026-09-05 03:10:14,787 | INFO | src.trainer.client.client_3 | Round 25 local test metrics: loss=1.231043 metrics={'test_accuracy': 0.5912121212121212, 'test_precision': 0.5980167480654188, 'test_recall': 0.5734444444444444, 'test_f1': 0.558548542021543, 'test_image_accuracy': 0.5454545454545454, 'test_image_precision': 0.5333333333333333, 'test_image_recall': 0.5, 'test_image_f1': 0.4742857142857143}
2026-09-05 03:10:26,999 | INFO | src.trainer.client.client_3 | Round 26 learning rate set to 8.5223e-05
2026-09-05 03:10:26,999 | INFO | src.trainer.client.client_3 | Starting local training for round 26
2026-09-05 03:10:50,106 | INFO | src.trainer.client.client_3 | Round 26 local epoch 1/3: train_loss=0.304979
2026-09-05 03:11:14,855 | INFO | src.trainer.client.client_3 | Round 26 local epoch 2/3: train_loss=0.242900
2026-09-05 03:11:37,733 | INFO | src.trainer.client.client_3 | Round 26 local epoch 3/3: train_loss=0.233190
2026-09-05 03:12:04,236 | INFO | src.trainer.client.client_3 | Round 26 local fit metrics: {'train_loss': 0.23319027293611455, 'lr': 8.52230069414629e-05, 'train_accuracy': 0.9862962962962963, 'train_precision': 0.9831145634009429, 'train_recall': 0.9868666666666666, 'train_f1': 0.9848746078333328, 'train_image_accuracy': 1.0, 'train_image_precision': 1.0, 'train_image_recall': 1.0, 'train_image_f1': 1.0, 'val_loss': 2.096970548868179, 'val_accuracy': 0.5076666666666667, 'val_precision': 0.5229429639495363, 'val_recall': 0.4762222222222222, 'val_f1': 0.4805859308968988, 'val_image_accuracy': 0.7, 'val_image_precision': 0.7, 'val_image_recall': 0.6, 'val_image_f1': 0.6}
2026-09-05 03:18:46,839 | INFO | src.trainer.client.client_3 | Round 26 local test metrics: loss=1.079675 metrics={'test_accuracy': 0.6112121212121212, 'test_precision': 0.6171806030172446, 'test_recall': 0.6066666666666667, 'test_f1': 0.582590371069972, 'test_image_accuracy': 0.6363636363636364, 'test_image_precision': 0.7, 'test_image_recall': 0.7, 'test_image_f1': 0.6476190476190475}
2026-09-05 03:20:47,839 | INFO | src.trainer.client.client_3 | Round 27 learning rate set to 8.40862e-05
2026-09-05 03:20:47,839 | INFO | src.trainer.client.client_3 | Starting local training for round 27
2026-09-05 03:21:11,791 | INFO | src.trainer.client.client_3 | Round 27 local epoch 1/3: train_loss=0.312743
2026-09-05 03:21:36,134 | INFO | src.trainer.client.client_3 | Round 27 local epoch 2/3: train_loss=0.249446
2026-09-05 03:21:58,680 | INFO | src.trainer.client.client_3 | Round 27 local epoch 3/3: train_loss=0.222790
2026-09-05 03:22:25,145 | INFO | src.trainer.client.client_3 | Round 27 local fit metrics: {'train_loss': 0.2227899341524383, 'lr': 8.408621587207805e-05, 'train_accuracy': 0.9882222222222222, 'train_precision': 0.9876341636673608, 'train_recall': 0.9887811447811448, 'train_f1': 0.9881856444301788, 'train_image_accuracy': 1.0, 'train_image_precision': 1.0, 'train_image_recall': 1.0, 'train_image_f1': 1.0, 'val_loss': 2.0896044273376466, 'val_accuracy': 0.44566666666666666, 'val_precision': 0.41075618274733106, 'val_recall': 0.40411111111111114, 'val_f1': 0.40630141293395805, 'val_image_accuracy': 0.4, 'val_image_precision': 0.3333333333333333, 'val_image_recall': 0.3333333333333333, 'val_image_f1': 0.3333333333333333}
2026-09-05 03:27:25,317 | INFO | src.trainer.client.client_3 | Round 27 local test metrics: loss=1.086766 metrics={'test_accuracy': 0.6172727272727273, 'test_precision': 0.6220521818711939, 'test_recall': 0.6116666666666666, 'test_f1': 0.586586335191072, 'test_image_accuracy': 0.6363636363636364, 'test_image_precision': 0.7, 'test_image_recall': 0.7, 'test_image_f1': 0.6476190476190475}
2026-09-05 03:34:17,348 | INFO | src.trainer.client.client_3 | Round 28 learning rate set to 8.29156e-05
2026-09-05 03:34:17,348 | INFO | src.trainer.client.client_3 | Starting local training for round 28
2026-09-05 03:34:41,154 | INFO | src.trainer.client.client_3 | Round 28 local epoch 1/3: train_loss=0.297930
2026-09-05 03:35:04,964 | INFO | src.trainer.client.client_3 | Round 28 local epoch 2/3: train_loss=0.229457
2026-09-05 03:35:26,737 | INFO | src.trainer.client.client_3 | Round 28 local epoch 3/3: train_loss=0.229582
2026-09-05 03:35:54,010 | INFO | src.trainer.client.client_3 | Round 28 local fit metrics: {'train_loss': 0.22958219342761568, 'lr': 8.291560633029163e-05, 'train_accuracy': 0.9820740740740741, 'train_precision': 0.9787473391134325, 'train_recall': 0.9838127946127946, 'train_f1': 0.9811076231328879, 'train_image_accuracy': 1.0, 'train_image_precision': 1.0, 'train_image_recall': 1.0, 'train_image_f1': 1.0, 'val_loss': 1.6005256243546804, 'val_accuracy': 0.5223333333333333, 'val_precision': 0.5709463169460488, 'val_recall': 0.5091111111111111, 'val_f1': 0.5247107881837153, 'val_image_accuracy': 0.6, 'val_image_precision': 0.58, 'val_image_recall': 0.5333333333333333, 'val_image_f1': 0.5076190476190476}
2026-09-05 03:36:09,136 | INFO | src.trainer.client.client_3 | Round 28 local test metrics: loss=1.038047 metrics={'test_accuracy': 0.6357575757575757, 'test_precision': 0.6147143848052872, 'test_recall': 0.602, 'test_f1': 0.5893968759336314, 'test_image_accuracy': 0.5454545454545454, 'test_image_precision': 0.5333333333333333, 'test_image_recall': 0.5, 'test_image_f1': 0.4742857142857143}
2026-09-05 03:41:26,360 | INFO | src.trainer.client.client_3 | Round 29 learning rate set to 8.17124e-05
2026-09-05 03:41:26,360 | INFO | src.trainer.client.client_3 | Starting local training for round 29
2026-09-05 03:41:50,171 | INFO | src.trainer.client.client_3 | Round 29 local epoch 1/3: train_loss=0.276811
2026-09-05 03:42:13,432 | INFO | src.trainer.client.client_3 | Round 29 local epoch 2/3: train_loss=0.224992
2026-09-05 03:42:36,050 | INFO | src.trainer.client.client_3 | Round 29 local epoch 3/3: train_loss=0.238731
2026-09-05 03:43:02,820 | INFO | src.trainer.client.client_3 | Round 29 local fit metrics: {'train_loss': 0.23873099742112336, 'lr': 8.171235702068387e-05, 'train_accuracy': 0.9751111111111112, 'train_precision': 0.9765716252337387, 'train_recall': 0.9710713804713805, 'train_f1': 0.9735342684841628, 'train_image_accuracy': 1.0, 'train_image_precision': 1.0, 'train_image_recall': 1.0, 'train_image_f1': 1.0, 'val_loss': 2.2403915980358917, 'val_accuracy': 0.541, 'val_precision': 0.563806442188795, 'val_recall': 0.4812222222222222, 'val_f1': 0.47628496937653386, 'val_image_accuracy': 0.7, 'val_image_precision': 0.6333333333333333, 'val_image_recall': 0.6333333333333333, 'val_image_f1': 0.5866666666666667}
2026-09-05 03:44:56,692 | INFO | src.trainer.client.client_3 | Round 29 local test metrics: loss=1.169995 metrics={'test_accuracy': 0.6054545454545455, 'test_precision': 0.6109860477545197, 'test_recall': 0.6051111111111112, 'test_f1': 0.5751023720887087, 'test_image_accuracy': 0.6363636363636364, 'test_image_precision': 0.7, 'test_image_recall': 0.7, 'test_image_f1': 0.6476190476190475}
2026-09-05 03:51:53,814 | INFO | src.trainer.client.client_3 | Round 30 learning rate set to 8.04777e-05
2026-09-05 03:51:53,815 | INFO | src.trainer.client.client_3 | Starting local training for round 30
2026-09-05 03:52:20,459 | INFO | src.trainer.client.client_3 | Round 30 local epoch 1/3: train_loss=0.297436
2026-09-05 03:52:44,471 | INFO | src.trainer.client.client_3 | Round 30 local epoch 2/3: train_loss=0.201655
2026-09-05 03:53:08,552 | INFO | src.trainer.client.client_3 | Round 30 local epoch 3/3: train_loss=0.209995
2026-09-05 03:53:35,393 | INFO | src.trainer.client.client_3 | Round 30 local fit metrics: {'train_loss': 0.20999517460296183, 'lr': 8.04776795133145e-05, 'train_accuracy': 0.9864444444444445, 'train_precision': 0.9839327624738845, 'train_recall': 0.9869441077441076, 'train_f1': 0.9853581406421668, 'train_image_accuracy': 1.0, 'train_image_precision': 1.0, 'train_image_recall': 1.0, 'train_image_f1': 1.0, 'val_loss': 2.1548764023035765, 'val_accuracy': 0.5183333333333333, 'val_precision': 0.5238909412128316, 'val_recall': 0.45133333333333336, 'val_f1': 0.4662217128111754, 'val_image_accuracy': 0.6, 'val_image_precision': 0.6166666666666666, 'val_image_recall': 0.5, 'val_image_f1': 0.5180952380952382}
2026-09-05 03:53:41,788 | INFO | src.trainer.client.client_3 | Round 30 local test metrics: loss=0.972928 metrics={'test_accuracy': 0.6442424242424243, 'test_precision': 0.6493653942104587, 'test_recall': 0.645, 'test_f1': 0.6169581485266653, 'test_image_accuracy': 0.6363636363636364, 'test_image_precision': 0.7, 'test_image_recall': 0.7, 'test_image_f1': 0.6476190476190475}
2026-09-05 03:54:04,398 | INFO | src.trainer.client.client_3 | Round 31 learning rate set to 7.92128e-05
2026-09-05 03:54:04,398 | INFO | src.trainer.client.client_3 | Starting local training for round 31
2026-09-05 03:54:27,934 | INFO | src.trainer.client.client_3 | Round 31 local epoch 1/3: train_loss=0.310430
2026-09-05 03:54:51,099 | INFO | src.trainer.client.client_3 | Round 31 local epoch 2/3: train_loss=0.208939
2026-09-05 03:55:12,261 | INFO | src.trainer.client.client_3 | Round 31 local epoch 3/3: train_loss=0.231115
2026-09-05 03:55:38,794 | INFO | src.trainer.client.client_3 | Round 31 local fit metrics: {'train_loss': 0.2311146561967002, 'lr': 7.921281702377432e-05, 'train_accuracy': 0.9851111111111112, 'train_precision': 0.9850153553020478, 'train_recall': 0.9848060606060607, 'train_f1': 0.9848157930842312, 'train_image_accuracy': 1.0, 'train_image_precision': 1.0, 'train_image_recall': 1.0, 'train_image_f1': 1.0, 'val_loss': 1.797809534912308, 'val_accuracy': 0.538, 'val_precision': 0.563921511962336, 'val_recall': 0.5083333333333334, 'val_f1': 0.5096430749861962, 'val_image_accuracy': 0.6, 'val_image_precision': 0.6, 'val_image_recall': 0.5333333333333333, 'val_image_f1': 0.5266666666666666}
2026-09-05 04:02:29,568 | INFO | src.trainer.client.client_3 | Round 31 local test metrics: loss=1.006292 metrics={'test_accuracy': 0.6327272727272727, 'test_precision': 0.628980542072173, 'test_recall': 0.6202222222222222, 'test_f1': 0.5982968390453702, 'test_image_accuracy': 0.6363636363636364, 'test_image_precision': 0.7, 'test_image_recall': 0.7, 'test_image_f1': 0.6476190476190475}
2026-09-05 04:02:40,066 | INFO | src.trainer.client.client_3 | Round 32 learning rate set to 7.7919e-05
2026-09-05 04:02:40,066 | INFO | src.trainer.client.client_3 | Starting local training for round 32
2026-09-05 04:03:04,530 | INFO | src.trainer.client.client_3 | Round 32 local epoch 1/3: train_loss=0.287659
2026-09-05 04:03:25,881 | INFO | src.trainer.client.client_3 | Round 32 local epoch 2/3: train_loss=0.211062
2026-09-05 04:03:49,063 | INFO | src.trainer.client.client_3 | Round 32 local epoch 3/3: train_loss=0.189325
2026-09-05 04:04:15,281 | INFO | src.trainer.client.client_3 | Round 32 local fit metrics: {'train_loss': 0.18932470582149646, 'lr': 7.791904316137246e-05, 'train_accuracy': 0.9862962962962963, 'train_precision': 0.9817697627884545, 'train_recall': 0.9870713804713803, 'train_f1': 0.9842106589452587, 'train_image_accuracy': 1.0, 'train_image_precision': 1.0, 'train_image_recall': 1.0, 'train_image_f1': 1.0, 'val_loss': 1.7433892334103585, 'val_accuracy': 0.5416666666666666, 'val_precision': 0.5257961481665676, 'val_recall': 0.5135555555555555, 'val_f1': 0.5094510212864701, 'val_image_accuracy': 0.6, 'val_image_precision': 0.6, 'val_image_recall': 0.5333333333333333, 'val_image_f1': 0.5266666666666666}
2026-09-05 04:11:21,131 | INFO | src.trainer.client.client_3 | Round 32 local test metrics: loss=0.989731 metrics={'test_accuracy': 0.6409090909090909, 'test_precision': 0.6404572978131121, 'test_recall': 0.6375555555555555, 'test_f1': 0.6145499268061289, 'test_image_accuracy': 0.6363636363636364, 'test_image_precision': 0.7, 'test_image_recall': 0.7, 'test_image_f1': 0.6476190476190475}
2026-09-05 04:14:42,857 | INFO | src.trainer.client.client_3 | Round 33 learning rate set to 7.65977e-05
2026-09-05 04:14:42,857 | INFO | src.trainer.client.client_3 | Starting local training for round 33
2026-09-05 04:15:06,196 | INFO | src.trainer.client.client_3 | Round 33 local epoch 1/3: train_loss=0.259491
2026-09-05 04:15:27,483 | INFO | src.trainer.client.client_3 | Round 33 local epoch 2/3: train_loss=0.213181
2026-09-05 04:15:49,896 | INFO | src.trainer.client.client_3 | Round 33 local epoch 3/3: train_loss=0.217695
2026-09-05 04:16:16,242 | INFO | src.trainer.client.client_3 | Round 33 local fit metrics: {'train_loss': 0.2176954745951994, 'lr': 7.659766064671986e-05, 'train_accuracy': 0.9868888888888889, 'train_precision': 0.9867658561500987, 'train_recall': 0.9821050505050504, 'train_f1': 0.9842843272855388, 'train_image_accuracy': 1.0, 'train_image_precision': 1.0, 'train_image_recall': 1.0, 'train_image_f1': 1.0, 'val_loss': 1.8107593240166704, 'val_accuracy': 0.5786666666666667, 'val_precision': 0.5636279844232175, 'val_recall': 0.5487777777777778, 'val_f1': 0.5448110568790914, 'val_image_accuracy': 0.7, 'val_image_precision': 0.6333333333333333, 'val_image_recall': 0.6333333333333333, 'val_image_f1': 0.6199999999999999}
2026-09-05 04:20:00,338 | INFO | src.trainer.client.client_3 | Round 33 local test metrics: loss=1.015596 metrics={'test_accuracy': 0.6375757575757576, 'test_precision': 0.6301329872752441, 'test_recall': 0.6237777777777778, 'test_f1': 0.6042190768836637, 'test_image_accuracy': 0.5454545454545454, 'test_image_precision': 0.5333333333333333, 'test_image_recall': 0.5, 'test_image_f1': 0.4742857142857143}
2026-09-05 04:24:49,189 | INFO | src.trainer.client.client_3 | Round 34 learning rate set to 7.525e-05
2026-09-05 04:24:49,189 | INFO | src.trainer.client.client_3 | Starting local training for round 34
2026-09-05 04:25:11,905 | INFO | src.trainer.client.client_3 | Round 34 local epoch 1/3: train_loss=0.291290
2026-09-05 04:25:34,065 | INFO | src.trainer.client.client_3 | Round 34 local epoch 2/3: train_loss=0.203752
2026-09-05 04:25:56,412 | INFO | src.trainer.client.client_3 | Round 34 local epoch 3/3: train_loss=0.194194
2026-09-05 04:26:22,953 | INFO | src.trainer.client.client_3 | Round 34 local fit metrics: {'train_loss': 0.19419396102428435, 'lr': 7.525e-05, 'train_accuracy': 0.9880740740740741, 'train_precision': 0.9874773303399321, 'train_recall': 0.988020202020202, 'train_f1': 0.9877250264743747, 'train_image_accuracy': 1.0, 'train_image_precision': 1.0, 'train_image_recall': 1.0, 'train_image_f1': 1.0, 'val_loss': 2.1053959036866825, 'val_accuracy': 0.533, 'val_precision': 0.5400869097160593, 'val_recall': 0.47555555555555556, 'val_f1': 0.4808277443833188, 'val_image_accuracy': 0.7, 'val_image_precision': 0.7, 'val_image_recall': 0.6, 'val_image_f1': 0.6}
2026-09-05 04:28:25,823 | INFO | src.trainer.client.client_3 | Round 34 local test metrics: loss=1.152472 metrics={'test_accuracy': 0.6245454545454545, 'test_precision': 0.6299059912668281, 'test_recall': 0.6217777777777778, 'test_f1': 0.5960703991949761, 'test_image_accuracy': 0.6363636363636364, 'test_image_precision': 0.7, 'test_image_recall': 0.7, 'test_image_f1': 0.6476190476190475}
2026-09-05 04:28:26,629 | INFO | src.trainer.client.client_3 | Round 35 learning rate set to 7.38774e-05
2026-09-05 04:28:26,629 | INFO | src.trainer.client.client_3 | Starting local training for round 35
2026-09-05 04:28:50,541 | INFO | src.trainer.client.client_3 | Round 35 local epoch 1/3: train_loss=0.253041
2026-09-05 04:29:15,021 | INFO | src.trainer.client.client_3 | Round 35 local epoch 2/3: train_loss=0.208411
2026-09-05 04:29:37,322 | INFO | src.trainer.client.client_3 | Round 35 local epoch 3/3: train_loss=0.186166
2026-09-05 04:30:05,153 | INFO | src.trainer.client.client_3 | Round 35 local fit metrics: {'train_loss': 0.186166411947321, 'lr': 7.38774182012478e-05, 'train_accuracy': 0.9912592592592593, 'train_precision': 0.9906388001885598, 'train_recall': 0.990851851851852, 'train_f1': 0.9907317081836489, 'train_image_accuracy': 1.0, 'train_image_precision': 1.0, 'train_image_recall': 1.0, 'train_image_f1': 1.0, 'val_loss': 2.4838313300460575, 'val_accuracy': 0.42533333333333334, 'val_precision': 0.42250848274384545, 'val_recall': 0.38266666666666665, 'val_f1': 0.3863303499818428, 'val_image_accuracy': 0.6, 'val_image_precision': 0.58, 'val_image_recall': 0.5333333333333333, 'val_image_f1': 0.5076190476190476}
2026-09-05 04:36:44,430 | INFO | src.trainer.client.client_3 | Round 35 local test metrics: loss=1.213859 metrics={'test_accuracy': 0.6296969696969696, 'test_precision': 0.6515770859342359, 'test_recall': 0.6504444444444444, 'test_f1': 0.610290156036508, 'test_image_accuracy': 0.6363636363636364, 'test_image_precision': 0.6666666666666666, 'test_image_recall': 0.7, 'test_image_f1': 0.6266666666666667}
2026-09-05 04:40:23,496 | INFO | src.trainer.client.client_3 | Round 36 learning rate set to 7.24813e-05
2026-09-05 04:40:23,496 | INFO | src.trainer.client.client_3 | Starting local training for round 36
2026-09-05 04:40:45,257 | INFO | src.trainer.client.client_3 | Round 36 local epoch 1/3: train_loss=0.239410
2026-09-05 04:41:08,396 | INFO | src.trainer.client.client_3 | Round 36 local epoch 2/3: train_loss=0.198315
2026-09-05 04:41:31,737 | INFO | src.trainer.client.client_3 | Round 36 local epoch 3/3: train_loss=0.189636
2026-09-05 04:41:57,920 | INFO | src.trainer.client.client_3 | Round 36 local fit metrics: {'train_loss': 0.189635937611262, 'lr': 7.248129732398583e-05, 'train_accuracy': 0.9887407407407407, 'train_precision': 0.9879471397616794, 'train_recall': 0.9880478114478114, 'train_f1': 0.9879792695616079, 'train_image_accuracy': 1.0, 'train_image_precision': 1.0, 'train_image_recall': 1.0, 'train_image_f1': 1.0, 'val_loss': 1.8932363534371057, 'val_accuracy': 0.518, 'val_precision': 0.500750676954936, 'val_recall': 0.45544444444444443, 'val_f1': 0.4616606828951034, 'val_image_accuracy': 0.5, 'val_image_precision': 0.5, 'val_image_recall': 0.4333333333333333, 'val_image_f1': 0.44666666666666666}
2026-09-05 04:45:24,876 | INFO | src.trainer.client.client_3 | Round 36 local test metrics: loss=1.069334 metrics={'test_accuracy': 0.6387878787878788, 'test_precision': 0.6372506086910177, 'test_recall': 0.6278888888888889, 'test_f1': 0.606513877396695, 'test_image_accuracy': 0.6363636363636364, 'test_image_precision': 0.6666666666666666, 'test_image_recall': 0.7, 'test_image_f1': 0.6266666666666667}
2026-09-05 04:49:03,747 | INFO | src.trainer.client.client_3 | Round 37 learning rate set to 7.1063e-05
2026-09-05 04:49:03,747 | INFO | src.trainer.client.client_3 | Starting local training for round 37
2026-09-05 04:49:29,019 | INFO | src.trainer.client.client_3 | Round 37 local epoch 1/3: train_loss=0.257848
2026-09-05 04:49:50,604 | INFO | src.trainer.client.client_3 | Round 37 local epoch 2/3: train_loss=0.182749
2026-09-05 04:50:15,172 | INFO | src.trainer.client.client_3 | Round 37 local epoch 3/3: train_loss=0.169314
2026-09-05 04:50:41,148 | INFO | src.trainer.client.client_3 | Round 37 local fit metrics: {'train_loss': 0.16931372318738772, 'lr': 7.106304314359339e-05, 'train_accuracy': 0.9871851851851852, 'train_precision': 0.9869648550125136, 'train_recall': 0.9865232323232321, 'train_f1': 0.9866912118919158, 'train_image_accuracy': 1.0, 'train_image_precision': 1.0, 'train_image_recall': 1.0, 'train_image_f1': 1.0, 'val_loss': 1.8354131575971842, 'val_accuracy': 0.5123333333333333, 'val_precision': 0.4722169499663873, 'val_recall': 0.4602222222222222, 'val_f1': 0.4535076808462858, 'val_image_accuracy': 0.6, 'val_image_precision': 0.6, 'val_image_recall': 0.5333333333333333, 'val_image_f1': 0.5266666666666666}
2026-09-05 04:54:21,981 | INFO | src.trainer.client.client_3 | Round 37 local test metrics: loss=1.115984 metrics={'test_accuracy': 0.64, 'test_precision': 0.6382708638642585, 'test_recall': 0.6375555555555555, 'test_f1': 0.6160688680538604, 'test_image_accuracy': 0.6363636363636364, 'test_image_precision': 0.6666666666666666, 'test_image_recall': 0.7, 'test_image_f1': 0.6266666666666667}
2026-09-05 04:56:05,311 | INFO | src.trainer.client.client_3 | Round 38 learning rate set to 6.96241e-05
2026-09-05 04:56:05,311 | INFO | src.trainer.client.client_3 | Starting local training for round 38
2026-09-05 04:56:27,853 | INFO | src.trainer.client.client_3 | Round 38 local epoch 1/3: train_loss=0.262497
2026-09-05 04:56:49,031 | INFO | src.trainer.client.client_3 | Round 38 local epoch 2/3: train_loss=0.202995
2026-09-05 04:57:11,682 | INFO | src.trainer.client.client_3 | Round 38 local epoch 3/3: train_loss=0.179539
2026-09-05 04:57:37,836 | INFO | src.trainer.client.client_3 | Round 38 local fit metrics: {'train_loss': 0.17953866057925755, 'lr': 6.962408372180986e-05, 'train_accuracy': 0.9944444444444445, 'train_precision': 0.9936256855661568, 'train_recall': 0.9946942760942761, 'train_f1': 0.9941459250432126, 'train_image_accuracy': 1.0, 'train_image_precision': 1.0, 'train_image_recall': 1.0, 'train_image_f1': 1.0, 'val_loss': 1.7966761867677172, 'val_accuracy': 0.5436666666666666, 'val_precision': 0.5407342202973207, 'val_recall': 0.5076666666666667, 'val_f1': 0.5092509483765326, 'val_image_accuracy': 0.6, 'val_image_precision': 0.6, 'val_image_recall': 0.5333333333333333, 'val_image_f1': 0.5266666666666666}
2026-09-05 05:02:40,454 | INFO | src.trainer.client.client_3 | Round 38 local test metrics: loss=1.086557 metrics={'test_accuracy': 0.6430303030303031, 'test_precision': 0.6420631274671948, 'test_recall': 0.6408888888888888, 'test_f1': 0.6173328704318879, 'test_image_accuracy': 0.6363636363636364, 'test_image_precision': 0.7, 'test_image_recall': 0.7, 'test_image_f1': 0.6476190476190475}
2026-09-05 05:02:58,029 | INFO | src.trainer.client.client_3 | Round 39 learning rate set to 6.81659e-05
2026-09-05 05:02:58,029 | INFO | src.trainer.client.client_3 | Starting local training for round 39
2026-09-05 05:03:21,600 | INFO | src.trainer.client.client_3 | Round 39 local epoch 1/3: train_loss=0.243772
2026-09-05 05:03:45,155 | INFO | src.trainer.client.client_3 | Round 39 local epoch 2/3: train_loss=0.180449
2026-09-05 05:04:07,711 | INFO | src.trainer.client.client_3 | Round 39 local epoch 3/3: train_loss=0.183279
2026-09-05 05:04:34,190 | INFO | src.trainer.client.client_3 | Round 39 local fit metrics: {'train_loss': 0.1832787385325373, 'lr': 6.816586796879766e-05, 'train_accuracy': 0.9911111111111112, 'train_precision': 0.9909992614771077, 'train_recall': 0.9908619528619529, 'train_f1': 0.9909119205290482, 'train_image_accuracy': 1.0, 'train_image_precision': 1.0, 'train_image_recall': 1.0, 'train_image_f1': 1.0, 'val_loss': 1.746207730298241, 'val_accuracy': 0.56, 'val_precision': 0.6073402688272946, 'val_recall': 0.5323333333333334, 'val_f1': 0.528865996151886, 'val_image_accuracy': 0.6, 'val_image_precision': 0.58, 'val_image_recall': 0.5333333333333333, 'val_image_f1': 0.5076190476190476}
2026-09-05 05:11:31,130 | INFO | src.trainer.client.client_3 | Round 39 local test metrics: loss=1.196608 metrics={'test_accuracy': 0.6266666666666667, 'test_precision': 0.6302162844585522, 'test_recall': 0.6182222222222222, 'test_f1': 0.5918096788699394, 'test_image_accuracy': 0.6363636363636364, 'test_image_precision': 0.6666666666666666, 'test_image_recall': 0.7, 'test_image_f1': 0.6266666666666667}
2026-09-05 05:11:36,495 | INFO | src.trainer.client.client_3 | Round 40 learning rate set to 6.66899e-05
2026-09-05 05:11:36,496 | INFO | src.trainer.client.client_3 | Starting local training for round 40
2026-09-05 05:11:59,897 | INFO | src.trainer.client.client_3 | Round 40 local epoch 1/3: train_loss=0.243203
2026-09-05 05:12:21,610 | INFO | src.trainer.client.client_3 | Round 40 local epoch 2/3: train_loss=0.178205
2026-09-05 05:12:44,686 | INFO | src.trainer.client.client_3 | Round 40 local epoch 3/3: train_loss=0.197082
2026-09-05 05:13:11,107 | INFO | src.trainer.client.client_3 | Round 40 local fit metrics: {'train_loss': 0.19708162212077482, 'lr': 6.668986418421239e-05, 'train_accuracy': 0.9866666666666667, 'train_precision': 0.9839127342012036, 'train_recall': 0.9856868686868687, 'train_f1': 0.9847626873135745, 'train_image_accuracy': 1.0, 'train_image_precision': 1.0, 'train_image_recall': 1.0, 'train_image_f1': 1.0, 'val_loss': 2.589635669139524, 'val_accuracy': 0.501, 'val_precision': 0.5371488013904824, 'val_recall': 0.4763333333333334, 'val_f1': 0.4836210823764727, 'val_image_accuracy': 0.6, 'val_image_precision': 0.58, 'val_image_recall': 0.5333333333333333, 'val_image_f1': 0.5076190476190476}
2026-09-05 05:20:13,666 | INFO | src.trainer.client.client_3 | Round 40 local test metrics: loss=1.088611 metrics={'test_accuracy': 0.6506060606060606, 'test_precision': 0.6563182758808482, 'test_recall': 0.6578888888888889, 'test_f1': 0.6300431992429039, 'test_image_accuracy': 0.6363636363636364, 'test_image_precision': 0.6666666666666666, 'test_image_recall': 0.7, 'test_image_f1': 0.6266666666666667}
2026-09-05 05:20:14,260 | INFO | src.trainer.client.client_3 | Round 41 learning rate set to 6.51976e-05
2026-09-05 05:20:14,260 | INFO | src.trainer.client.client_3 | Starting local training for round 41
2026-09-05 05:20:36,325 | INFO | src.trainer.client.client_3 | Round 41 local epoch 1/3: train_loss=0.253050
2026-09-05 05:21:00,302 | INFO | src.trainer.client.client_3 | Round 41 local epoch 2/3: train_loss=0.178330
2026-09-05 05:21:22,225 | INFO | src.trainer.client.client_3 | Round 41 local epoch 3/3: train_loss=0.166250
2026-09-05 05:21:48,706 | INFO | src.trainer.client.client_3 | Round 41 local fit metrics: {'train_loss': 0.16625025151688375, 'lr': 6.519755857874961e-05, 'train_accuracy': 0.9921481481481481, 'train_precision': 0.9915302173208369, 'train_recall': 0.9912127946127945, 'train_f1': 0.9913432507092974, 'train_image_accuracy': 1.0, 'train_image_precision': 1.0, 'train_image_recall': 1.0, 'train_image_f1': 1.0, 'val_loss': 1.8679176381031672, 'val_accuracy': 0.5276666666666666, 'val_precision': 0.5162346087491174, 'val_recall': 0.48344444444444445, 'val_f1': 0.48638047761342024, 'val_image_accuracy': 0.6, 'val_image_precision': 0.6, 'val_image_recall': 0.5333333333333333, 'val_image_f1': 0.5266666666666666}
2026-09-05 05:28:47,429 | INFO | src.trainer.client.client_3 | Round 41 local test metrics: loss=1.074821 metrics={'test_accuracy': 0.6551515151515152, 'test_precision': 0.6533245557061912, 'test_recall': 0.6559999999999999, 'test_f1': 0.6327376399441237, 'test_image_accuracy': 0.6363636363636364, 'test_image_precision': 0.7, 'test_image_recall': 0.7, 'test_image_f1': 0.6476190476190475}
2026-09-05 05:32:01,603 | INFO | src.trainer.client.client_3 | Round 42 learning rate set to 6.36905e-05
2026-09-05 05:32:01,603 | INFO | src.trainer.client.client_3 | Starting local training for round 42
2026-09-05 05:32:24,925 | INFO | src.trainer.client.client_3 | Round 42 local epoch 1/3: train_loss=0.263933
2026-09-05 05:32:48,490 | INFO | src.trainer.client.client_3 | Round 42 local epoch 2/3: train_loss=0.174840
2026-09-05 05:33:12,528 | INFO | src.trainer.client.client_3 | Round 42 local epoch 3/3: train_loss=0.153198
2026-09-05 05:33:38,793 | INFO | src.trainer.client.client_3 | Round 42 local fit metrics: {'train_loss': 0.15319800507139278, 'lr': 6.369045377765672e-05, 'train_accuracy': 0.9945185185185185, 'train_precision': 0.9943019162595575, 'train_recall': 0.9933030303030304, 'train_f1': 0.9937928504164443, 'train_image_accuracy': 1.0, 'train_image_precision': 1.0, 'train_image_recall': 1.0, 'train_image_f1': 1.0, 'val_loss': 1.472098009566466, 'val_accuracy': 0.588, 'val_precision': 0.5398600270966804, 'val_recall': 0.5265555555555556, 'val_f1': 0.5138229468712392, 'val_image_accuracy': 0.6, 'val_image_precision': 0.6, 'val_image_recall': 0.5333333333333333, 'val_image_f1': 0.5266666666666666}
2026-09-05 05:37:24,240 | INFO | src.trainer.client.client_3 | Round 42 local test metrics: loss=1.115968 metrics={'test_accuracy': 0.6424242424242425, 'test_precision': 0.6416997818258828, 'test_recall': 0.6351111111111111, 'test_f1': 0.6112794700647376, 'test_image_accuracy': 0.6363636363636364, 'test_image_precision': 0.7, 'test_image_recall': 0.7, 'test_image_f1': 0.6476190476190475}
2026-09-05 05:42:20,290 | INFO | src.trainer.client.client_3 | Round 43 learning rate set to 6.21701e-05
2026-09-05 05:42:20,290 | INFO | src.trainer.client.client_3 | Starting local training for round 43
2026-09-05 05:42:44,115 | INFO | src.trainer.client.client_3 | Round 43 local epoch 1/3: train_loss=0.231204
2026-09-05 05:43:06,159 | INFO | src.trainer.client.client_3 | Round 43 local epoch 2/3: train_loss=0.178380
2026-09-05 05:43:28,853 | INFO | src.trainer.client.client_3 | Round 43 local epoch 3/3: train_loss=0.178023
2026-09-05 05:43:53,568 | INFO | src.trainer.client.client_3 | Round 43 local fit metrics: {'train_loss': 0.17802296473288243, 'lr': 6.217006730771666e-05, 'train_accuracy': 0.9926666666666667, 'train_precision': 0.9918798141023639, 'train_recall': 0.991542760942761, 'train_f1': 0.99170605485665, 'train_image_accuracy': 1.0, 'train_image_precision': 1.0, 'train_image_recall': 1.0, 'train_image_f1': 1.0, 'val_loss': 1.7209996159995595, 'val_accuracy': 0.5743333333333334, 'val_precision': 0.571260430308582, 'val_recall': 0.537, 'val_f1': 0.5323363197764909, 'val_image_accuracy': 0.6, 'val_image_precision': 0.6, 'val_image_recall': 0.5333333333333333, 'val_image_f1': 0.5266666666666666}
2026-09-05 05:45:53,187 | INFO | src.trainer.client.client_3 | Round 43 local test metrics: loss=1.126475 metrics={'test_accuracy': 0.6351515151515151, 'test_precision': 0.6404554587372022, 'test_recall': 0.6396666666666666, 'test_f1': 0.610010272491617, 'test_image_accuracy': 0.6363636363636364, 'test_image_precision': 0.6666666666666666, 'test_image_recall': 0.7, 'test_image_f1': 0.6266666666666667}
2026-09-05 05:47:37,152 | INFO | src.trainer.client.client_3 | Round 44 learning rate set to 6.06379e-05
2026-09-05 05:47:37,152 | INFO | src.trainer.client.client_3 | Starting local training for round 44
2026-09-05 05:47:59,688 | INFO | src.trainer.client.client_3 | Round 44 local epoch 1/3: train_loss=0.224749
2026-09-05 05:48:21,088 | INFO | src.trainer.client.client_3 | Round 44 local epoch 2/3: train_loss=0.169080
2026-09-05 05:48:43,729 | INFO | src.trainer.client.client_3 | Round 44 local epoch 3/3: train_loss=0.194793
2026-09-05 05:49:09,886 | INFO | src.trainer.client.client_3 | Round 44 local fit metrics: {'train_loss': 0.19479311843345196, 'lr': 6.0637930069226945e-05, 'train_accuracy': 0.9928888888888889, 'train_precision': 0.9928063252695694, 'train_recall': 0.9920700336700335, 'train_f1': 0.9924160595115978, 'train_image_accuracy': 1.0, 'train_image_precision': 1.0, 'train_image_recall': 1.0, 'train_image_f1': 1.0, 'val_loss': 1.9890250228183965, 'val_accuracy': 0.5343333333333333, 'val_precision': 0.5261811518825236, 'val_recall': 0.49944444444444447, 'val_f1': 0.4922186232347093, 'val_image_accuracy': 0.6, 'val_image_precision': 0.6, 'val_image_recall': 0.5333333333333333, 'val_image_f1': 0.5266666666666666}
2026-09-05 05:54:10,966 | INFO | src.trainer.client.client_3 | Round 44 local test metrics: loss=1.067006 metrics={'test_accuracy': 0.6430303030303031, 'test_precision': 0.6298000945192483, 'test_recall': 0.6257777777777778, 'test_f1': 0.6071183915620183, 'test_image_accuracy': 0.6363636363636364, 'test_image_precision': 0.7, 'test_image_recall': 0.7, 'test_image_f1': 0.6476190476190475}
2026-09-05 05:57:45,041 | INFO | src.trainer.client.client_3 | Round 45 learning rate set to 5.90956e-05
2026-09-05 05:57:45,041 | INFO | src.trainer.client.client_3 | Starting local training for round 45
2026-09-05 05:58:07,409 | INFO | src.trainer.client.client_3 | Round 45 local epoch 1/3: train_loss=0.218686
2026-09-05 05:58:31,920 | INFO | src.trainer.client.client_3 | Round 45 local epoch 2/3: train_loss=0.166563
2026-09-05 05:58:53,768 | INFO | src.trainer.client.client_3 | Round 45 local epoch 3/3: train_loss=0.178102
2026-09-05 05:59:20,192 | INFO | src.trainer.client.client_3 | Round 45 local fit metrics: {'train_loss': 0.1781024706363678, 'lr': 5.909558479451306e-05, 'train_accuracy': 0.9919259259259259, 'train_precision': 0.9910893236681781, 'train_recall': 0.992090909090909, 'train_f1': 0.9915678198941169, 'train_image_accuracy': 1.0, 'train_image_precision': 1.0, 'train_image_recall': 1.0, 'train_image_f1': 1.0, 'val_loss': 1.9169302663983157, 'val_accuracy': 0.512, 'val_precision': 0.4984020401499495, 'val_recall': 0.4616666666666666, 'val_f1': 0.46629642076502564, 'val_image_accuracy': 0.6, 'val_image_precision': 0.6, 'val_image_recall': 0.5333333333333333, 'val_image_f1': 0.5266666666666666}
2026-09-05 06:02:48,495 | INFO | src.trainer.client.client_3 | Round 45 local test metrics: loss=1.110997 metrics={'test_accuracy': 0.6430303030303031, 'test_precision': 0.6230518521777222, 'test_recall': 0.6202222222222222, 'test_f1': 0.6067030233951864, 'test_image_accuracy': 0.6363636363636364, 'test_image_precision': 0.7, 'test_image_recall': 0.7, 'test_image_f1': 0.6476190476190475}
2026-09-05 06:04:50,842 | INFO | src.trainer.client.client_3 | Round 46 learning rate set to 5.75446e-05
2026-09-05 06:04:50,842 | INFO | src.trainer.client.client_3 | Starting local training for round 46
2026-09-05 06:05:14,037 | INFO | src.trainer.client.client_3 | Round 46 local epoch 1/3: train_loss=0.237552
2026-09-05 06:05:36,031 | INFO | src.trainer.client.client_3 | Round 46 local epoch 2/3: train_loss=0.174059
2026-09-05 06:05:58,330 | INFO | src.trainer.client.client_3 | Round 46 local epoch 3/3: train_loss=0.156217
2026-09-05 06:06:24,878 | INFO | src.trainer.client.client_3 | Round 46 local fit metrics: {'train_loss': 0.15621652450090573, 'lr': 5.7544584494527624e-05, 'train_accuracy': 0.9907407407407407, 'train_precision': 0.9911254146503629, 'train_recall': 0.9879730639730638, 'train_f1': 0.9894841404797031, 'train_image_accuracy': 1.0, 'train_image_precision': 1.0, 'train_image_recall': 1.0, 'train_image_f1': 1.0, 'val_loss': 1.8938101655816038, 'val_accuracy': 0.5396666666666666, 'val_precision': 0.5396726801597131, 'val_recall': 0.49444444444444435, 'val_f1': 0.49508783609584334, 'val_image_accuracy': 0.6, 'val_image_precision': 0.6, 'val_image_recall': 0.5333333333333333, 'val_image_f1': 0.5266666666666666}
2026-09-05 06:11:23,448 | INFO | src.trainer.client.client_3 | Round 46 local test metrics: loss=1.223275 metrics={'test_accuracy': 0.6284848484848485, 'test_precision': 0.6422182614902521, 'test_recall': 0.6386666666666667, 'test_f1': 0.6079456978416119, 'test_image_accuracy': 0.6363636363636364, 'test_image_precision': 0.7, 'test_image_recall': 0.7, 'test_image_f1': 0.6476190476190475}
2026-09-05 06:16:41,642 | INFO | src.trainer.client.client_3 | Round 47 learning rate set to 5.59865e-05
2026-09-05 06:16:41,642 | INFO | src.trainer.client.client_3 | Starting local training for round 47
2026-09-05 06:17:06,248 | INFO | src.trainer.client.client_3 | Round 47 local epoch 1/3: train_loss=0.230607
2026-09-05 06:17:30,658 | INFO | src.trainer.client.client_3 | Round 47 local epoch 2/3: train_loss=0.163111
2026-09-05 06:17:55,127 | INFO | src.trainer.client.client_3 | Round 47 local epoch 3/3: train_loss=0.164180
2026-09-05 06:18:21,185 | INFO | src.trainer.client.client_3 | Round 47 local fit metrics: {'train_loss': 0.16417952939316077, 'lr': 5.598649089510005e-05, 'train_accuracy': 0.9938518518518519, 'train_precision': 0.9939746359856706, 'train_recall': 0.9935030303030302, 'train_f1': 0.9937338197028233, 'train_image_accuracy': 1.0, 'train_image_precision': 1.0, 'train_image_recall': 1.0, 'train_image_f1': 1.0, 'val_loss': 1.8539976073503495, 'val_accuracy': 0.5496666666666666, 'val_precision': 0.5496383378169754, 'val_recall': 0.49777777777777776, 'val_f1': 0.4942942372874211, 'val_image_accuracy': 0.6, 'val_image_precision': 0.58, 'val_image_recall': 0.5333333333333333, 'val_image_f1': 0.5076190476190476}
2026-09-05 06:20:16,308 | INFO | src.trainer.client.client_3 | Round 47 local test metrics: loss=1.147592 metrics={'test_accuracy': 0.6445454545454545, 'test_precision': 0.6357327298278025, 'test_recall': 0.6336666666666667, 'test_f1': 0.6169028406377906, 'test_image_accuracy': 0.6363636363636364, 'test_image_precision': 0.7, 'test_image_recall': 0.7, 'test_image_f1': 0.6476190476190475}
2026-09-05 06:20:27,844 | INFO | src.trainer.client.client_3 | Round 48 learning rate set to 5.44229e-05
2026-09-05 06:20:27,844 | INFO | src.trainer.client.client_3 | Starting local training for round 48
2026-09-05 06:20:53,585 | INFO | src.trainer.client.client_3 | Round 48 local epoch 1/3: train_loss=0.228988
2026-09-05 06:21:19,790 | INFO | src.trainer.client.client_3 | Round 48 local epoch 2/3: train_loss=0.160490
2026-09-05 06:21:43,100 | INFO | src.trainer.client.client_3 | Round 48 local epoch 3/3: train_loss=0.167588
2026-09-05 06:22:09,589 | INFO | src.trainer.client.client_3 | Round 48 local fit metrics: {'train_loss': 0.16758770417284083, 'lr': 5.442287286441103e-05, 'train_accuracy': 0.9915555555555555, 'train_precision': 0.9922625961703948, 'train_recall': 0.9912282828282828, 'train_f1': 0.9917306656152387, 'train_image_accuracy': 1.0, 'train_image_precision': 1.0, 'train_image_recall': 1.0, 'train_image_f1': 1.0, 'val_loss': 1.973313705543677, 'val_accuracy': 0.5306666666666666, 'val_precision': 0.5242886667088404, 'val_recall': 0.4895555555555555, 'val_f1': 0.4868525908534644, 'val_image_accuracy': 0.6, 'val_image_precision': 0.58, 'val_image_recall': 0.5333333333333333, 'val_image_f1': 0.5076190476190476}
2026-09-05 06:29:13,780 | INFO | src.trainer.client.client_3 | Round 48 local test metrics: loss=1.163894 metrics={'test_accuracy': 0.6384848484848484, 'test_precision': 0.6365287194833884, 'test_recall': 0.6355555555555555, 'test_f1': 0.6126815534282889, 'test_image_accuracy': 0.6363636363636364, 'test_image_precision': 0.7, 'test_image_recall': 0.7, 'test_image_f1': 0.6476190476190475}
2026-09-05 06:32:29,883 | INFO | src.trainer.client.client_3 | Round 49 learning rate set to 5.28553e-05
2026-09-05 06:32:29,884 | INFO | src.trainer.client.client_3 | Starting local training for round 49
2026-09-05 06:32:54,229 | INFO | src.trainer.client.client_3 | Round 49 local epoch 1/3: train_loss=0.225402
2026-09-05 06:33:16,008 | INFO | src.trainer.client.client_3 | Round 49 local epoch 2/3: train_loss=0.151519
2026-09-05 06:33:37,727 | INFO | src.trainer.client.client_3 | Round 49 local epoch 3/3: train_loss=0.147396
2026-09-05 06:34:03,961 | INFO | src.trainer.client.client_3 | Round 49 local fit metrics: {'train_loss': 0.14739649558140908, 'lr': 5.2855304833275255e-05, 'train_accuracy': 0.9900740740740741, 'train_precision': 0.9904197891070728, 'train_recall': 0.9890444444444444, 'train_f1': 0.9896840347600578, 'train_image_accuracy': 1.0, 'train_image_precision': 1.0, 'train_image_recall': 1.0, 'train_image_f1': 1.0, 'val_loss': 2.17625126127402, 'val_accuracy': 0.5183333333333333, 'val_precision': 0.5441369613817758, 'val_recall': 0.4761111111111111, 'val_f1': 0.4869077987547851, 'val_image_accuracy': 0.6, 'val_image_precision': 0.58, 'val_image_recall': 0.5333333333333333, 'val_image_f1': 0.5076190476190476}
2026-09-05 06:37:41,507 | INFO | src.trainer.client.client_3 | Round 49 local test metrics: loss=1.156944 metrics={'test_accuracy': 0.6478787878787878, 'test_precision': 0.6449921466705094, 'test_recall': 0.645, 'test_f1': 0.6237421998126212, 'test_image_accuracy': 0.6363636363636364, 'test_image_precision': 0.7, 'test_image_recall': 0.7, 'test_image_f1': 0.6476190476190475}
2026-09-05 06:39:30,812 | INFO | src.trainer.client.client_3 | Round 50 learning rate set to 5.12854e-05
2026-09-05 06:39:30,812 | INFO | src.trainer.client.client_3 | Starting local training for round 50
2026-09-05 06:39:56,471 | INFO | src.trainer.client.client_3 | Round 50 local epoch 1/3: train_loss=0.214939
2026-09-05 06:40:20,185 | INFO | src.trainer.client.client_3 | Round 50 local epoch 2/3: train_loss=0.141470
2026-09-05 06:40:42,917 | INFO | src.trainer.client.client_3 | Round 50 local epoch 3/3: train_loss=0.157304
2026-09-05 06:41:08,763 | INFO | src.trainer.client.client_3 | Round 50 local fit metrics: {'train_loss': 0.15730439675442967, 'lr': 5.1285365209822996e-05, 'train_accuracy': 0.9925925925925926, 'train_precision': 0.9919507442378663, 'train_recall': 0.99260202020202, 'train_f1': 0.9922698080653406, 'train_image_accuracy': 1.0, 'train_image_precision': 1.0, 'train_image_recall': 1.0, 'train_image_f1': 1.0, 'val_loss': 1.641132630897065, 'val_accuracy': 0.6076666666666667, 'val_precision': 0.5921063032618785, 'val_recall': 0.5577777777777778, 'val_f1': 0.5453683639128577, 'val_image_accuracy': 0.7, 'val_image_precision': 0.6333333333333333, 'val_image_recall': 0.6333333333333333, 'val_image_f1': 0.5866666666666667}
2026-09-05 06:46:26,701 | INFO | src.trainer.client.client_3 | Round 50 local test metrics: loss=1.221675 metrics={'test_accuracy': 0.6333333333333333, 'test_precision': 0.6376428541436427, 'test_recall': 0.633, 'test_f1': 0.6075773385220794, 'test_image_accuracy': 0.6363636363636364, 'test_image_precision': 0.7, 'test_image_recall': 0.7, 'test_image_f1': 0.6476190476190475}
2026-09-05 06:49:52,730 | INFO | src.trainer.client.client_3 | Round 51 learning rate set to 4.97146e-05
2026-09-05 06:49:52,730 | INFO | src.trainer.client.client_3 | Starting local training for round 51
2026-09-05 06:50:17,799 | INFO | src.trainer.client.client_3 | Round 51 local epoch 1/3: train_loss=0.210145
2026-09-05 06:50:42,166 | INFO | src.trainer.client.client_3 | Round 51 local epoch 2/3: train_loss=0.137679
2026-09-05 06:51:04,389 | INFO | src.trainer.client.client_3 | Round 51 local epoch 3/3: train_loss=0.151526
2026-09-05 06:51:29,438 | INFO | src.trainer.client.client_3 | Round 51 local fit metrics: {'train_loss': 0.15152562814730186, 'lr': 4.9714634790177006e-05, 'train_accuracy': 0.993037037037037, 'train_precision': 0.993004888372728, 'train_recall': 0.993057239057239, 'train_f1': 0.9930089923249545, 'train_image_accuracy': 1.0, 'train_image_precision': 1.0, 'train_image_recall': 1.0, 'train_image_f1': 1.0, 'val_loss': 1.8110709943687544, 'val_accuracy': 0.5643333333333334, 'val_precision': 0.5469562564351735, 'val_recall': 0.5158888888888888, 'val_f1': 0.5099709985628456, 'val_image_accuracy': 0.6, 'val_image_precision': 0.58, 'val_image_recall': 0.5333333333333333, 'val_image_f1': 0.5076190476190476}
2026-09-05 06:55:04,826 | INFO | src.trainer.client.client_3 | Round 51 local test metrics: loss=1.167951 metrics={'test_accuracy': 0.6427272727272727, 'test_precision': 0.6330993240443306, 'test_recall': 0.6275555555555555, 'test_f1': 0.6063745779619224, 'test_image_accuracy': 0.6363636363636364, 'test_image_precision': 0.7, 'test_image_recall': 0.7, 'test_image_f1': 0.6476190476190475}
2026-09-05 07:00:04,228 | INFO | src.trainer.client.client_3 | Round 52 learning rate set to 4.81447e-05
2026-09-05 07:00:04,228 | INFO | src.trainer.client.client_3 | Starting local training for round 52
2026-09-05 07:00:27,402 | INFO | src.trainer.client.client_3 | Round 52 local epoch 1/3: train_loss=0.208398
2026-09-05 07:00:49,266 | INFO | src.trainer.client.client_3 | Round 52 local epoch 2/3: train_loss=0.144176
2026-09-05 07:01:11,556 | INFO | src.trainer.client.client_3 | Round 52 local epoch 3/3: train_loss=0.156889
2026-09-05 07:01:37,731 | INFO | src.trainer.client.client_3 | Round 52 local fit metrics: {'train_loss': 0.15688904602586487, 'lr': 4.814469516672476e-05, 'train_accuracy': 0.9962222222222222, 'train_precision': 0.995168719730222, 'train_recall': 0.9963346801346802, 'train_f1': 0.9957435127439069, 'train_image_accuracy': 1.0, 'train_image_precision': 1.0, 'train_image_recall': 1.0, 'train_image_f1': 1.0, 'val_loss': 1.7826533439159393, 'val_accuracy': 0.522, 'val_precision': 0.548916994538523, 'val_recall': 0.4992222222222223, 'val_f1': 0.5053610772811012, 'val_image_accuracy': 0.6, 'val_image_precision': 0.6, 'val_image_recall': 0.5333333333333333, 'val_image_f1': 0.5266666666666666}
2026-09-05 07:03:37,176 | INFO | src.trainer.client.client_3 | Round 52 local test metrics: loss=1.196826 metrics={'test_accuracy': 0.6436363636363637, 'test_precision': 0.6414462107531038, 'test_recall': 0.6368888888888888, 'test_f1': 0.6162411293133496, 'test_image_accuracy': 0.6363636363636364, 'test_image_precision': 0.7, 'test_image_recall': 0.7, 'test_image_f1': 0.6476190476190475}
2026-09-05 07:05:25,697 | INFO | src.trainer.client.client_3 | Round 53 learning rate set to 4.65771e-05
2026-09-05 07:05:25,698 | INFO | src.trainer.client.client_3 | Starting local training for round 53
2026-09-05 07:05:48,204 | INFO | src.trainer.client.client_3 | Round 53 local epoch 1/3: train_loss=0.214155
2026-09-05 07:06:11,504 | INFO | src.trainer.client.client_3 | Round 53 local epoch 2/3: train_loss=0.151519
2026-09-05 07:06:35,570 | INFO | src.trainer.client.client_3 | Round 53 local epoch 3/3: train_loss=0.142153
2026-09-05 07:07:02,185 | INFO | src.trainer.client.client_3 | Round 53 local fit metrics: {'train_loss': 0.14215282514507388, 'lr': 4.657712713558897e-05, 'train_accuracy': 0.9953333333333333, 'train_precision': 0.994857695416755, 'train_recall': 0.9953851851851852, 'train_f1': 0.9951180914789877, 'train_image_accuracy': 1.0, 'train_image_precision': 1.0, 'train_image_recall': 1.0, 'train_image_f1': 1.0, 'val_loss': 2.0369105095795046, 'val_accuracy': 0.5136666666666667, 'val_precision': 0.5116903955499301, 'val_recall': 0.4705555555555555, 'val_f1': 0.46819766496196547, 'val_image_accuracy': 0.6, 'val_image_precision': 0.6, 'val_image_recall': 0.5333333333333333, 'val_image_f1': 0.5266666666666666}
2026-09-05 07:12:22,846 | INFO | src.trainer.client.client_3 | Round 53 local test metrics: loss=1.120667 metrics={'test_accuracy': 0.6566666666666666, 'test_precision': 0.6557106512631614, 'test_recall': 0.6649999999999999, 'test_f1': 0.635407212776415, 'test_image_accuracy': 0.6363636363636364, 'test_image_precision': 0.6666666666666666, 'test_image_recall': 0.7, 'test_image_f1': 0.6266666666666667}
2026-09-05 07:12:29,633 | INFO | src.trainer.client.client_3 | Round 54 learning rate set to 4.50135e-05
2026-09-05 07:12:29,634 | INFO | src.trainer.client.client_3 | Starting local training for round 54
2026-09-05 07:12:53,510 | INFO | src.trainer.client.client_3 | Round 54 local epoch 1/3: train_loss=0.216191
2026-09-05 07:13:16,497 | INFO | src.trainer.client.client_3 | Round 54 local epoch 2/3: train_loss=0.145140
2026-09-05 07:13:38,162 | INFO | src.trainer.client.client_3 | Round 54 local epoch 3/3: train_loss=0.137747
2026-09-05 07:14:04,579 | INFO | src.trainer.client.client_3 | Round 54 local fit metrics: {'train_loss': 0.13774656718251882, 'lr': 4.501350910489996e-05, 'train_accuracy': 0.994, 'train_precision': 0.9937868754717247, 'train_recall': 0.9940242424242424, 'train_f1': 0.9939040481086684, 'train_image_accuracy': 1.0, 'train_image_precision': 1.0, 'train_image_recall': 1.0, 'train_image_f1': 1.0, 'val_loss': 2.333431993554036, 'val_accuracy': 0.5286666666666666, 'val_precision': 0.5181092906487763, 'val_recall': 0.47344444444444445, 'val_f1': 0.4639294839832446, 'val_image_accuracy': 0.6, 'val_image_precision': 0.6799999999999999, 'val_image_recall': 0.5333333333333333, 'val_image_f1': 0.540952380952381}
2026-09-05 07:21:18,605 | INFO | src.trainer.client.client_3 | Round 54 local test metrics: loss=1.120860 metrics={'test_accuracy': 0.6642424242424242, 'test_precision': 0.6600480850257143, 'test_recall': 0.6577777777777778, 'test_f1': 0.6360028110268898, 'test_image_accuracy': 0.6363636363636364, 'test_image_precision': 0.7, 'test_image_recall': 0.7, 'test_image_f1': 0.6476190476190475}
2026-09-05 07:21:19,941 | INFO | src.trainer.client.client_3 | Round 55 learning rate set to 4.34554e-05
2026-09-05 07:21:19,941 | INFO | src.trainer.client.client_3 | Starting local training for round 55
2026-09-05 07:21:44,364 | INFO | src.trainer.client.client_3 | Round 55 local epoch 1/3: train_loss=0.219946
2026-09-05 07:22:07,875 | INFO | src.trainer.client.client_3 | Round 55 local epoch 2/3: train_loss=0.148289
2026-09-05 07:22:30,992 | INFO | src.trainer.client.client_3 | Round 55 local epoch 3/3: train_loss=0.137386
2026-09-05 07:22:57,464 | INFO | src.trainer.client.client_3 | Round 55 local fit metrics: {'train_loss': 0.1373856207470835, 'lr': 4.345541550547239e-05, 'train_accuracy': 0.9923703703703703, 'train_precision': 0.9915409503392798, 'train_recall': 0.992715824915825, 'train_f1': 0.992112130106651, 'train_image_accuracy': 1.0, 'train_image_precision': 1.0, 'train_image_recall': 1.0, 'train_image_f1': 1.0, 'val_loss': 1.4827365373882155, 'val_accuracy': 0.6053333333333333, 'val_precision': 0.5851904159147372, 'val_recall': 0.5536666666666668, 'val_f1': 0.5501501882932354, 'val_image_accuracy': 0.6, 'val_image_precision': 0.6, 'val_image_recall': 0.5333333333333333, 'val_image_f1': 0.5266666666666666}
2026-09-05 07:29:47,592 | INFO | src.trainer.client.client_3 | Round 55 local test metrics: loss=1.147015 metrics={'test_accuracy': 0.65, 'test_precision': 0.6446676651480379, 'test_recall': 0.6460000000000001, 'test_f1': 0.623616878122087, 'test_image_accuracy': 0.6363636363636364, 'test_image_precision': 0.7, 'test_image_recall': 0.7, 'test_image_f1': 0.6476190476190475}
2026-09-05 07:33:17,625 | INFO | src.trainer.client.client_3 | Round 56 learning rate set to 4.19044e-05
2026-09-05 07:33:17,625 | INFO | src.trainer.client.client_3 | Starting local training for round 56
2026-09-05 07:33:42,409 | INFO | src.trainer.client.client_3 | Round 56 local epoch 1/3: train_loss=0.207935
2026-09-05 07:34:06,088 | INFO | src.trainer.client.client_3 | Round 56 local epoch 2/3: train_loss=0.154231
2026-09-05 07:34:30,062 | INFO | src.trainer.client.client_3 | Round 56 local epoch 3/3: train_loss=0.137958
2026-09-05 07:34:58,348 | INFO | src.trainer.client.client_3 | Round 56 local fit metrics: {'train_loss': 0.13795760571588706, 'lr': 4.190441520548695e-05, 'train_accuracy': 0.9932592592592593, 'train_precision': 0.9929190886166607, 'train_recall': 0.9922363636363636, 'train_f1': 0.9925442333270238, 'train_image_accuracy': 1.0, 'train_image_precision': 1.0, 'train_image_recall': 1.0, 'train_image_f1': 1.0, 'val_loss': 1.8906614783753952, 'val_accuracy': 0.5373333333333333, 'val_precision': 0.5398139526667624, 'val_recall': 0.4956666666666667, 'val_f1': 0.497197737586314, 'val_image_accuracy': 0.6, 'val_image_precision': 0.6, 'val_image_recall': 0.5333333333333333, 'val_image_f1': 0.5266666666666666}
2026-09-05 07:38:25,308 | INFO | src.trainer.client.client_3 | Round 56 local test metrics: loss=1.128363 metrics={'test_accuracy': 0.6566666666666666, 'test_precision': 0.6387180943230594, 'test_recall': 0.638, 'test_f1': 0.6221162942753469, 'test_image_accuracy': 0.6363636363636364, 'test_image_precision': 0.7, 'test_image_recall': 0.7, 'test_image_f1': 0.6476190476190475}
2026-09-05 07:45:22,651 | INFO | src.trainer.client.client_3 | Round 57 learning rate set to 4.03621e-05
2026-09-05 07:45:22,651 | INFO | src.trainer.client.client_3 | Starting local training for round 57
2026-09-05 07:45:47,183 | INFO | src.trainer.client.client_3 | Round 57 local epoch 1/3: train_loss=0.212014
2026-09-05 07:46:09,045 | INFO | src.trainer.client.client_3 | Round 57 local epoch 2/3: train_loss=0.143003
2026-09-05 07:46:32,915 | INFO | src.trainer.client.client_3 | Round 57 local epoch 3/3: train_loss=0.138176
2026-09-05 07:46:57,905 | INFO | src.trainer.client.client_3 | Round 57 local fit metrics: {'train_loss': 0.1381763321382028, 'lr': 4.036206993077307e-05, 'train_accuracy': 0.9940740740740741, 'train_precision': 0.9936836237041835, 'train_recall': 0.9939757575757575, 'train_f1': 0.9938247646576264, 'train_image_accuracy': 1.0, 'train_image_precision': 1.0, 'train_image_recall': 1.0, 'train_image_f1': 1.0, 'val_loss': 1.7464294131332232, 'val_accuracy': 0.606, 'val_precision': 0.6080455395410634, 'val_recall': 0.5692222222222222, 'val_f1': 0.5663673998235966, 'val_image_accuracy': 0.6, 'val_image_precision': 0.6, 'val_image_recall': 0.5333333333333333, 'val_image_f1': 0.5266666666666666}
2026-09-05 07:47:04,555 | INFO | src.trainer.client.client_3 | Round 57 local test metrics: loss=1.138254 metrics={'test_accuracy': 0.6581818181818182, 'test_precision': 0.6446957583908232, 'test_recall': 0.6443333333333333, 'test_f1': 0.6244136283871751, 'test_image_accuracy': 0.6363636363636364, 'test_image_precision': 0.6666666666666666, 'test_image_recall': 0.7, 'test_image_f1': 0.6266666666666667}
2026-09-05 07:53:52,556 | INFO | src.trainer.client.client_3 | Round 58 learning rate set to 3.88299e-05
2026-09-05 07:53:52,556 | INFO | src.trainer.client.client_3 | Starting local training for round 58
2026-09-05 07:54:17,087 | INFO | src.trainer.client.client_3 | Round 58 local epoch 1/3: train_loss=0.193878
2026-09-05 07:54:38,611 | INFO | src.trainer.client.client_3 | Round 58 local epoch 2/3: train_loss=0.136329
2026-09-05 07:55:00,002 | INFO | src.trainer.client.client_3 | Round 58 local epoch 3/3: train_loss=0.122522
2026-09-05 07:55:26,363 | INFO | src.trainer.client.client_3 | Round 58 local fit metrics: {'train_loss': 0.12252210646867752, 'lr': 3.882993269228334e-05, 'train_accuracy': 0.9962222222222222, 'train_precision': 0.9960055585100569, 'train_recall': 0.9955373737373737, 'train_f1': 0.995768692787675, 'train_image_accuracy': 1.0, 'train_image_precision': 1.0, 'train_image_recall': 1.0, 'train_image_f1': 1.0, 'val_loss': 1.9217271242911618, 'val_accuracy': 0.576, 'val_precision': 0.5919517344021912, 'val_recall': 0.5278888888888889, 'val_f1': 0.5265394595746431, 'val_image_accuracy': 0.6, 'val_image_precision': 0.58, 'val_image_recall': 0.5333333333333333, 'val_image_f1': 0.5076190476190476}
2026-09-05 07:55:52,114 | INFO | src.trainer.client.client_3 | Round 58 local test metrics: loss=1.195977 metrics={'test_accuracy': 0.6451515151515151, 'test_precision': 0.6364968309705723, 'test_recall': 0.6364444444444444, 'test_f1': 0.6162396038126581, 'test_image_accuracy': 0.6363636363636364, 'test_image_precision': 0.7, 'test_image_recall': 0.7, 'test_image_f1': 0.6476190476190475}
2026-09-05 08:00:47,851 | INFO | src.trainer.client.client_3 | Round 59 learning rate set to 3.73095e-05
2026-09-05 08:00:47,851 | INFO | src.trainer.client.client_3 | Starting local training for round 59
2026-09-05 08:01:12,136 | INFO | src.trainer.client.client_3 | Round 59 local epoch 1/3: train_loss=0.183957
2026-09-05 08:01:37,945 | INFO | src.trainer.client.client_3 | Round 59 local epoch 2/3: train_loss=0.153321
2026-09-05 08:02:01,318 | INFO | src.trainer.client.client_3 | Round 59 local epoch 3/3: train_loss=0.123613
2026-09-05 08:02:28,078 | INFO | src.trainer.client.client_3 | Round 59 local fit metrics: {'train_loss': 0.12361347709173037, 'lr': 3.7309546222343274e-05, 'train_accuracy': 0.9951851851851852, 'train_precision': 0.9951945890738226, 'train_recall': 0.9953562289562289, 'train_f1': 0.9952715151361904, 'train_image_accuracy': 1.0, 'train_image_precision': 1.0, 'train_image_recall': 1.0, 'train_image_f1': 1.0, 'val_loss': 1.9365066394805908, 'val_accuracy': 0.556, 'val_precision': 0.5679137817795288, 'val_recall': 0.5151111111111111, 'val_f1': 0.5120753504318852, 'val_image_accuracy': 0.6, 'val_image_precision': 0.58, 'val_image_recall': 0.5333333333333333, 'val_image_f1': 0.5076190476190476}
2026-09-05 08:04:14,489 | INFO | src.trainer.client.client_3 | Round 59 local test metrics: loss=1.296618 metrics={'test_accuracy': 0.6339393939393939, 'test_precision': 0.6349148998935941, 'test_recall': 0.6285555555555555, 'test_f1': 0.6047964281137512, 'test_image_accuracy': 0.6363636363636364, 'test_image_precision': 0.7, 'test_image_recall': 0.7, 'test_image_f1': 0.6476190476190475}
2026-09-05 08:11:16,014 | INFO | src.trainer.client.client_3 | Round 60 learning rate set to 3.58024e-05
2026-09-05 08:11:16,014 | INFO | src.trainer.client.client_3 | Starting local training for round 60
2026-09-05 08:11:41,270 | INFO | src.trainer.client.client_3 | Round 60 local epoch 1/3: train_loss=0.210076
2026-09-05 08:12:04,138 | INFO | src.trainer.client.client_3 | Round 60 local epoch 2/3: train_loss=0.140778
2026-09-05 08:12:26,521 | INFO | src.trainer.client.client_3 | Round 60 local epoch 3/3: train_loss=0.143527
2026-09-05 08:12:52,756 | INFO | src.trainer.client.client_3 | Round 60 local fit metrics: {'train_loss': 0.14352672413543419, 'lr': 3.580244142125041e-05, 'train_accuracy': 0.996, 'train_precision': 0.9955534040533653, 'train_recall': 0.9952707070707071, 'train_f1': 0.9954105348578857, 'train_image_accuracy': 1.0, 'train_image_precision': 1.0, 'train_image_recall': 1.0, 'train_image_f1': 1.0, 'val_loss': 1.8444355675727129, 'val_accuracy': 0.5786666666666667, 'val_precision': 0.5609410207747019, 'val_recall': 0.5284444444444445, 'val_f1': 0.5224012364312601, 'val_image_accuracy': 0.6, 'val_image_precision': 0.58, 'val_image_recall': 0.5333333333333333, 'val_image_f1': 0.5076190476190476}
2026-09-05 08:13:24,053 | INFO | src.trainer.client.client_3 | Round 60 local test metrics: loss=1.305315 metrics={'test_accuracy': 0.6403030303030303, 'test_precision': 0.6343944655515099, 'test_recall': 0.6328888888888888, 'test_f1': 0.6085593705266631, 'test_image_accuracy': 0.6363636363636364, 'test_image_precision': 0.6666666666666666, 'test_image_recall': 0.7, 'test_image_f1': 0.6266666666666667}
2026-09-05 08:19:59,155 | INFO | src.trainer.client.client_3 | Round 61 learning rate set to 3.43101e-05
2026-09-05 08:19:59,156 | INFO | src.trainer.client.client_3 | Starting local training for round 61
2026-09-05 08:20:23,185 | INFO | src.trainer.client.client_3 | Round 61 local epoch 1/3: train_loss=0.214044
2026-09-05 08:20:45,073 | INFO | src.trainer.client.client_3 | Round 61 local epoch 2/3: train_loss=0.132110
2026-09-05 08:21:08,815 | INFO | src.trainer.client.client_3 | Round 61 local epoch 3/3: train_loss=0.117385
2026-09-05 08:21:34,748 | INFO | src.trainer.client.client_3 | Round 61 local fit metrics: {'train_loss': 0.1173849583407979, 'lr': 3.431013581578763e-05, 'train_accuracy': 0.9967407407407407, 'train_precision': 0.9960947586011437, 'train_recall': 0.9968074074074075, 'train_f1': 0.9964482316164235, 'train_image_accuracy': 1.0, 'train_image_precision': 1.0, 'train_image_recall': 1.0, 'train_image_f1': 1.0, 'val_loss': 1.9291429261167845, 'val_accuracy': 0.5786666666666667, 'val_precision': 0.5750286663165138, 'val_recall': 0.5167777777777778, 'val_f1': 0.5100312171640206, 'val_image_accuracy': 0.6, 'val_image_precision': 0.6, 'val_image_recall': 0.5333333333333333, 'val_image_f1': 0.5266666666666666}
2026-09-05 08:21:41,185 | INFO | src.trainer.client.client_3 | Round 61 local test metrics: loss=1.251116 metrics={'test_accuracy': 0.6496969696969697, 'test_precision': 0.6374474971076716, 'test_recall': 0.6298888888888888, 'test_f1': 0.6102735007431394, 'test_image_accuracy': 0.6363636363636364, 'test_image_precision': 0.7, 'test_image_recall': 0.7, 'test_image_f1': 0.6476190476190475}
2026-09-05 08:25:23,787 | INFO | src.trainer.client.client_3 | Round 62 learning rate set to 3.28341e-05
2026-09-05 08:25:23,787 | INFO | src.trainer.client.client_3 | Starting local training for round 62
2026-09-05 08:25:49,134 | INFO | src.trainer.client.client_3 | Round 62 local epoch 1/3: train_loss=0.198823
2026-09-05 08:26:12,174 | INFO | src.trainer.client.client_3 | Round 62 local epoch 2/3: train_loss=0.130044
2026-09-05 08:26:34,064 | INFO | src.trainer.client.client_3 | Round 62 local epoch 3/3: train_loss=0.128142
2026-09-05 08:27:01,967 | INFO | src.trainer.client.client_3 | Round 62 local fit metrics: {'train_loss': 0.1281418894139337, 'lr': 3.283413203120235e-05, 'train_accuracy': 0.9969629629629629, 'train_precision': 0.9968724316314809, 'train_recall': 0.9968181818181818, 'train_f1': 0.9968444826099503, 'train_image_accuracy': 1.0, 'train_image_precision': 1.0, 'train_image_recall': 1.0, 'train_image_f1': 1.0, 'val_loss': 1.8980874726882515, 'val_accuracy': 0.5553333333333333, 'val_precision': 0.5445220149689958, 'val_recall': 0.5104444444444444, 'val_f1': 0.5127124916275074, 'val_image_accuracy': 0.6, 'val_image_precision': 0.6, 'val_image_recall': 0.5333333333333333, 'val_image_f1': 0.5266666666666666}
2026-09-05 08:30:44,639 | INFO | src.trainer.client.client_3 | Round 62 local test metrics: loss=1.216742 metrics={'test_accuracy': 0.6484848484848484, 'test_precision': 0.6436604853349681, 'test_recall': 0.6396666666666666, 'test_f1': 0.6175781865727452, 'test_image_accuracy': 0.6363636363636364, 'test_image_precision': 0.7, 'test_image_recall': 0.7, 'test_image_f1': 0.6476190476190475}
2026-09-05 08:35:41,122 | INFO | src.trainer.client.client_3 | Round 63 learning rate set to 3.13759e-05
2026-09-05 08:35:41,123 | INFO | src.trainer.client.client_3 | Starting local training for round 63
2026-09-05 08:36:05,554 | INFO | src.trainer.client.client_3 | Round 63 local epoch 1/3: train_loss=0.208619
2026-09-05 08:36:30,558 | INFO | src.trainer.client.client_3 | Round 63 local epoch 2/3: train_loss=0.118858
2026-09-05 08:36:54,676 | INFO | src.trainer.client.client_3 | Round 63 local epoch 3/3: train_loss=0.133090
2026-09-05 08:37:21,307 | INFO | src.trainer.client.client_3 | Round 63 local fit metrics: {'train_loss': 0.1330895059939796, 'lr': 3.137591627819013e-05, 'train_accuracy': 0.9976296296296296, 'train_precision': 0.9977744849986525, 'train_recall': 0.9972700336700336, 'train_f1': 0.9975193562847704, 'train_image_accuracy': 1.0, 'train_image_precision': 1.0, 'train_image_recall': 1.0, 'train_image_f1': 1.0, 'val_loss': 2.017161045567443, 'val_accuracy': 0.552, 'val_precision': 0.5286478647774514, 'val_recall': 0.49544444444444447, 'val_f1': 0.4953736293599197, 'val_image_accuracy': 0.6, 'val_image_precision': 0.6, 'val_image_recall': 0.5333333333333333, 'val_image_f1': 0.5266666666666666}
2026-09-05 08:39:11,968 | INFO | src.trainer.client.client_3 | Round 63 local test metrics: loss=1.267466 metrics={'test_accuracy': 0.6496969696969697, 'test_precision': 0.6447709392489495, 'test_recall': 0.6403333333333332, 'test_f1': 0.6185813436794578, 'test_image_accuracy': 0.6363636363636364, 'test_image_precision': 0.7, 'test_image_recall': 0.7, 'test_image_f1': 0.6476190476190475}
2026-09-05 08:44:20,361 | INFO | src.trainer.client.client_3 | Round 64 learning rate set to 2.9937e-05
2026-09-05 08:44:20,361 | INFO | src.trainer.client.client_3 | Starting local training for round 64
2026-09-05 08:44:43,487 | INFO | src.trainer.client.client_3 | Round 64 local epoch 1/3: train_loss=0.206447
2026-09-05 08:45:04,994 | INFO | src.trainer.client.client_3 | Round 64 local epoch 2/3: train_loss=0.126710
2026-09-05 08:45:27,485 | INFO | src.trainer.client.client_3 | Round 64 local epoch 3/3: train_loss=0.134413
2026-09-05 08:45:54,233 | INFO | src.trainer.client.client_3 | Round 64 local fit metrics: {'train_loss': 0.13441295331091058, 'lr': 2.993695685640663e-05, 'train_accuracy': 0.9958518518518519, 'train_precision': 0.995687965775194, 'train_recall': 0.9953111111111111, 'train_f1': 0.9954944357094604, 'train_image_accuracy': 1.0, 'train_image_precision': 1.0, 'train_image_recall': 1.0, 'train_image_f1': 1.0, 'val_loss': 2.183784215148616, 'val_accuracy': 0.5566666666666666, 'val_precision': 0.5651978738394369, 'val_recall': 0.5116666666666666, 'val_f1': 0.5016669840300882, 'val_image_accuracy': 0.6, 'val_image_precision': 0.58, 'val_image_recall': 0.5333333333333333, 'val_image_f1': 0.5076190476190476}
2026-09-05 08:48:00,430 | INFO | src.trainer.client.client_3 | Round 64 local test metrics: loss=1.156274 metrics={'test_accuracy': 0.6690909090909091, 'test_precision': 0.6592553425300481, 'test_recall': 0.6593333333333333, 'test_f1': 0.6376081731307399, 'test_image_accuracy': 0.6363636363636364, 'test_image_precision': 0.7, 'test_image_recall': 0.7, 'test_image_f1': 0.6476190476190475}
2026-09-05 08:52:58,486 | INFO | src.trainer.client.client_3 | Round 65 learning rate set to 2.85187e-05
2026-09-05 08:52:58,487 | INFO | src.trainer.client.client_3 | Starting local training for round 65
2026-09-05 08:53:22,619 | INFO | src.trainer.client.client_3 | Round 65 local epoch 1/3: train_loss=0.204435
2026-09-05 08:53:46,660 | INFO | src.trainer.client.client_3 | Round 65 local epoch 2/3: train_loss=0.139838
2026-09-05 08:54:08,734 | INFO | src.trainer.client.client_3 | Round 65 local epoch 3/3: train_loss=0.138672
2026-09-05 08:54:35,020 | INFO | src.trainer.client.client_3 | Round 65 local fit metrics: {'train_loss': 0.13867181759189676, 'lr': 2.851870267601418e-05, 'train_accuracy': 0.9974814814814815, 'train_precision': 0.9970491275227789, 'train_recall': 0.9972646464646464, 'train_f1': 0.9971566361467111, 'train_image_accuracy': 1.0, 'train_image_precision': 1.0, 'train_image_recall': 1.0, 'train_image_f1': 1.0, 'val_loss': 1.907658335913283, 'val_accuracy': 0.573, 'val_precision': 0.5662898760051379, 'val_recall': 0.5244444444444445, 'val_f1': 0.5201189819087907, 'val_image_accuracy': 0.6, 'val_image_precision': 0.6, 'val_image_recall': 0.5333333333333333, 'val_image_f1': 0.5266666666666666}
2026-09-05 08:56:25,405 | INFO | src.trainer.client.client_3 | Round 65 local test metrics: loss=1.227418 metrics={'test_accuracy': 0.6575757575757576, 'test_precision': 0.6526479070054043, 'test_recall': 0.6463333333333333, 'test_f1': 0.6239520959640007, 'test_image_accuracy': 0.6363636363636364, 'test_image_precision': 0.7, 'test_image_recall': 0.7, 'test_image_f1': 0.6476190476190475}
2026-09-05 09:01:45,698 | INFO | src.trainer.client.client_3 | Round 66 learning rate set to 2.71226e-05
2026-09-05 09:01:45,699 | INFO | src.trainer.client.client_3 | Starting local training for round 66
2026-09-05 09:02:10,410 | INFO | src.trainer.client.client_3 | Round 66 local epoch 1/3: train_loss=0.197710
2026-09-05 09:02:34,722 | INFO | src.trainer.client.client_3 | Round 66 local epoch 2/3: train_loss=0.125340
2026-09-05 09:02:58,415 | INFO | src.trainer.client.client_3 | Round 66 local epoch 3/3: train_loss=0.134277
2026-09-05 09:03:23,745 | INFO | src.trainer.client.client_3 | Round 66 local fit metrics: {'train_loss': 0.13427691166599592, 'lr': 2.7122581798752213e-05, 'train_accuracy': 0.9976296296296296, 'train_precision': 0.9975298001664831, 'train_recall': 0.99743367003367, 'train_f1': 0.9974804935451738, 'train_image_accuracy': 1.0, 'train_image_precision': 1.0, 'train_image_recall': 1.0, 'train_image_f1': 1.0, 'val_loss': 2.093058564584702, 'val_accuracy': 0.5336666666666666, 'val_precision': 0.5439195652588185, 'val_recall': 0.49411111111111117, 'val_f1': 0.4978540138016771, 'val_image_accuracy': 0.6, 'val_image_precision': 0.58, 'val_image_recall': 0.5333333333333333, 'val_image_f1': 0.5076190476190476}
2026-09-05 09:05:25,246 | INFO | src.trainer.client.client_3 | Round 66 local test metrics: loss=1.184927 metrics={'test_accuracy': 0.6633333333333333, 'test_precision': 0.65183686871611, 'test_recall': 0.6517777777777778, 'test_f1': 0.6325246284995552, 'test_image_accuracy': 0.6363636363636364, 'test_image_precision': 0.7, 'test_image_recall': 0.7, 'test_image_f1': 0.6476190476190475}
2026-09-05 09:07:05,818 | INFO | src.trainer.client.client_3 | Round 67 learning rate set to 2.575e-05
2026-09-05 09:07:05,819 | INFO | src.trainer.client.client_3 | Starting local training for round 67
2026-09-05 09:07:29,881 | INFO | src.trainer.client.client_3 | Round 67 local epoch 1/3: train_loss=0.205788
2026-09-05 09:07:52,207 | INFO | src.trainer.client.client_3 | Round 67 local epoch 2/3: train_loss=0.138324
2026-09-05 09:08:14,583 | INFO | src.trainer.client.client_3 | Round 67 local epoch 3/3: train_loss=0.124357
2026-09-05 09:08:40,984 | INFO | src.trainer.client.client_3 | Round 67 local fit metrics: {'train_loss': 0.12435698157475318, 'lr': 2.5750000000000013e-05, 'train_accuracy': 0.9977037037037036, 'train_precision': 0.9975050166119063, 'train_recall': 0.9973535353535352, 'train_f1': 0.9974286102154368, 'train_image_accuracy': 1.0, 'train_image_precision': 1.0, 'train_image_recall': 1.0, 'train_image_f1': 1.0, 'val_loss': 1.9017022088983406, 'val_accuracy': 0.5556666666666666, 'val_precision': 0.5472680986842543, 'val_recall': 0.5141111111111111, 'val_f1': 0.5137800669845911, 'val_image_accuracy': 0.6, 'val_image_precision': 0.6, 'val_image_recall': 0.5333333333333333, 'val_image_f1': 0.5266666666666666}
2026-09-05 09:14:04,409 | INFO | src.trainer.client.client_3 | Round 67 local test metrics: loss=1.248717 metrics={'test_accuracy': 0.6578787878787878, 'test_precision': 0.6584518124629017, 'test_recall': 0.6591111111111112, 'test_f1': 0.6308441570400293, 'test_image_accuracy': 0.6363636363636364, 'test_image_precision': 0.6666666666666666, 'test_image_recall': 0.7, 'test_image_f1': 0.6266666666666667}
2026-09-05 09:15:44,954 | INFO | src.trainer.client.client_3 | Round 68 learning rate set to 2.44023e-05
2026-09-05 09:15:44,954 | INFO | src.trainer.client.client_3 | Starting local training for round 68
2026-09-05 09:16:09,126 | INFO | src.trainer.client.client_3 | Round 68 local epoch 1/3: train_loss=0.209872
2026-09-05 09:16:33,047 | INFO | src.trainer.client.client_3 | Round 68 local epoch 2/3: train_loss=0.116670
2026-09-05 09:16:55,316 | INFO | src.trainer.client.client_3 | Round 68 local epoch 3/3: train_loss=0.117412
2026-09-05 09:17:20,497 | INFO | src.trainer.client.client_3 | Round 68 local fit metrics: {'train_loss': 0.11741215177892167, 'lr': 2.440233935328013e-05, 'train_accuracy': 0.9968888888888889, 'train_precision': 0.9968426813314017, 'train_recall': 0.9966848484848484, 'train_f1': 0.9967625230033331, 'train_image_accuracy': 1.0, 'train_image_precision': 1.0, 'train_image_recall': 1.0, 'train_image_f1': 1.0, 'val_loss': 2.0125501853749155, 'val_accuracy': 0.543, 'val_precision': 0.5483884670186532, 'val_recall': 0.49411111111111117, 'val_f1': 0.49354073030820195, 'val_image_accuracy': 0.6, 'val_image_precision': 0.58, 'val_image_recall': 0.5333333333333333, 'val_image_f1': 0.5076190476190476}
2026-09-05 09:22:33,216 | INFO | src.trainer.client.client_3 | Round 68 local test metrics: loss=1.277991 metrics={'test_accuracy': 0.6481818181818182, 'test_precision': 0.6465210918581599, 'test_recall': 0.641, 'test_f1': 0.6159210198393532, 'test_image_accuracy': 0.6363636363636364, 'test_image_precision': 0.6666666666666666, 'test_image_recall': 0.7, 'test_image_f1': 0.6266666666666667}
2026-09-05 09:22:40,404 | INFO | src.trainer.client.client_3 | Round 69 learning rate set to 2.3081e-05
2026-09-05 09:22:40,404 | INFO | src.trainer.client.client_3 | Starting local training for round 69
2026-09-05 09:23:05,242 | INFO | src.trainer.client.client_3 | Round 69 local epoch 1/3: train_loss=0.205391
2026-09-05 09:23:27,625 | INFO | src.trainer.client.client_3 | Round 69 local epoch 2/3: train_loss=0.126168
2026-09-05 09:23:51,348 | INFO | src.trainer.client.client_3 | Round 69 local epoch 3/3: train_loss=0.119564
2026-09-05 09:24:17,805 | INFO | src.trainer.client.client_3 | Round 69 local fit metrics: {'train_loss': 0.11956393188164557, 'lr': 2.3080956838627546e-05, 'train_accuracy': 0.9974074074074074, 'train_precision': 0.9973091634936992, 'train_recall': 0.9973313131313132, 'train_f1': 0.9973201269657089, 'train_image_accuracy': 1.0, 'train_image_precision': 1.0, 'train_image_recall': 1.0, 'train_image_f1': 1.0, 'val_loss': 1.996077518582344, 'val_accuracy': 0.5276666666666666, 'val_precision': 0.5181350666125881, 'val_recall': 0.48344444444444445, 'val_f1': 0.48831660242578867, 'val_image_accuracy': 0.6, 'val_image_precision': 0.6, 'val_image_recall': 0.5333333333333333, 'val_image_f1': 0.5266666666666666}
2026-09-05 09:31:11,830 | INFO | src.trainer.client.client_3 | Round 69 local test metrics: loss=1.086743 metrics={'test_accuracy': 0.6790909090909091, 'test_precision': 0.6626688877338018, 'test_recall': 0.6651111111111112, 'test_f1': 0.6461922344774199, 'test_image_accuracy': 0.6363636363636364, 'test_image_precision': 0.6666666666666666, 'test_image_recall': 0.7, 'test_image_f1': 0.6266666666666667}
2026-09-05 09:32:58,668 | INFO | src.trainer.client.client_3 | Round 70 learning rate set to 2.17872e-05
2026-09-05 09:32:58,669 | INFO | src.trainer.client.client_3 | Starting local training for round 70
2026-09-05 09:33:22,762 | INFO | src.trainer.client.client_3 | Round 70 local epoch 1/3: train_loss=0.221684
2026-09-05 09:33:46,255 | INFO | src.trainer.client.client_3 | Round 70 local epoch 2/3: train_loss=0.117372
2026-09-05 09:34:09,945 | INFO | src.trainer.client.client_3 | Round 70 local epoch 3/3: train_loss=0.113755
2026-09-05 09:34:36,768 | INFO | src.trainer.client.client_3 | Round 70 local fit metrics: {'train_loss': 0.1137551666557053, 'lr': 2.17871829762257e-05, 'train_accuracy': 0.9947407407407407, 'train_precision': 0.9949635541761406, 'train_recall': 0.9933138047138048, 'train_f1': 0.9941221474891482, 'train_image_accuracy': 1.0, 'train_image_precision': 1.0, 'train_image_recall': 1.0, 'train_image_f1': 1.0, 'val_loss': 2.1264187552641767, 'val_accuracy': 0.5623333333333334, 'val_precision': 0.5501009626519464, 'val_recall': 0.5085555555555556, 'val_f1': 0.5028704979573535, 'val_image_accuracy': 0.6, 'val_image_precision': 0.58, 'val_image_recall': 0.5333333333333333, 'val_image_f1': 0.5076190476190476}
2026-09-05 09:39:48,800 | INFO | src.trainer.client.client_3 | Round 70 local test metrics: loss=1.385480 metrics={'test_accuracy': 0.6345454545454545, 'test_precision': 0.636695048860799, 'test_recall': 0.6277777777777778, 'test_f1': 0.6049210842206948, 'test_image_accuracy': 0.6363636363636364, 'test_image_precision': 0.7, 'test_image_recall': 0.7, 'test_image_f1': 0.6476190476190475}
2026-09-05 09:46:27,070 | INFO | src.trainer.client.client_3 | Round 71 learning rate set to 2.05223e-05
2026-09-05 09:46:27,070 | INFO | src.trainer.client.client_3 | Starting local training for round 71
2026-09-05 09:46:53,610 | INFO | src.trainer.client.client_3 | Round 71 local epoch 1/3: train_loss=0.190746
2026-09-05 09:47:19,390 | INFO | src.trainer.client.client_3 | Round 71 local epoch 2/3: train_loss=0.129666
2026-09-05 09:47:43,047 | INFO | src.trainer.client.client_3 | Round 71 local epoch 3/3: train_loss=0.111633
2026-09-05 09:48:08,617 | INFO | src.trainer.client.client_3 | Round 71 local fit metrics: {'train_loss': 0.11163296795185701, 'lr': 2.052232048668551e-05, 'train_accuracy': 0.9971851851851852, 'train_precision': 0.9968890742912991, 'train_recall': 0.9970080808080807, 'train_f1': 0.9969475744146921, 'train_image_accuracy': 1.0, 'train_image_precision': 1.0, 'train_image_recall': 1.0, 'train_image_f1': 1.0, 'val_loss': 1.9444546174028268, 'val_accuracy': 0.5546666666666666, 'val_precision': 0.5548797825922193, 'val_recall': 0.508888888888889, 'val_f1': 0.5043525203413142, 'val_image_accuracy': 0.6, 'val_image_precision': 0.58, 'val_image_recall': 0.5333333333333333, 'val_image_f1': 0.5076190476190476}
2026-09-05 09:48:31,485 | INFO | src.trainer.client.client_3 | Round 71 local test metrics: loss=1.233366 metrics={'test_accuracy': 0.6545454545454545, 'test_precision': 0.6472064707968613, 'test_recall': 0.6466666666666667, 'test_f1': 0.6242878583840816, 'test_image_accuracy': 0.6363636363636364, 'test_image_precision': 0.6666666666666666, 'test_image_recall': 0.7, 'test_image_f1': 0.6266666666666667}
2026-09-05 09:50:20,104 | INFO | src.trainer.client.client_3 | Round 72 learning rate set to 1.92876e-05
2026-09-05 09:50:20,104 | INFO | src.trainer.client.client_3 | Starting local training for round 72
2026-09-05 09:50:45,372 | INFO | src.trainer.client.client_3 | Round 72 local epoch 1/3: train_loss=0.212996
2026-09-05 09:51:08,595 | INFO | src.trainer.client.client_3 | Round 72 local epoch 2/3: train_loss=0.127716
2026-09-05 09:51:31,081 | INFO | src.trainer.client.client_3 | Round 72 local epoch 3/3: train_loss=0.119018
2026-09-05 09:51:57,191 | INFO | src.trainer.client.client_3 | Round 72 local fit metrics: {'train_loss': 0.11901848120269952, 'lr': 1.9287642979316156e-05, 'train_accuracy': 0.9962962962962963, 'train_precision': 0.9958465177862434, 'train_recall': 0.9961225589225589, 'train_f1': 0.9959834568902235, 'train_image_accuracy': 1.0, 'train_image_precision': 1.0, 'train_image_recall': 1.0, 'train_image_f1': 1.0, 'val_loss': 2.011860254150505, 'val_accuracy': 0.5736666666666667, 'val_precision': 0.5818568812095919, 'val_recall': 0.5318888888888889, 'val_f1': 0.5263952033121736, 'val_image_accuracy': 0.6, 'val_image_precision': 0.6, 'val_image_recall': 0.5333333333333333, 'val_image_f1': 0.5266666666666666}
2026-09-05 09:56:59,885 | INFO | src.trainer.client.client_3 | Round 72 local test metrics: loss=1.344774 metrics={'test_accuracy': 0.6357575757575757, 'test_precision': 0.6331031118671933, 'test_recall': 0.6274444444444445, 'test_f1': 0.6038658213111914, 'test_image_accuracy': 0.6363636363636364, 'test_image_precision': 0.6666666666666666, 'test_image_recall': 0.7, 'test_image_f1': 0.6266666666666667}
2026-09-05 10:03:53,617 | INFO | src.trainer.client.client_3 | Round 73 learning rate set to 1.80844e-05
2026-09-05 10:03:53,617 | INFO | src.trainer.client.client_3 | Starting local training for round 73
2026-09-05 10:04:17,127 | INFO | src.trainer.client.client_3 | Round 73 local epoch 1/3: train_loss=0.199993
2026-09-05 10:04:39,081 | INFO | src.trainer.client.client_3 | Round 73 local epoch 2/3: train_loss=0.120557
2026-09-05 10:05:03,692 | INFO | src.trainer.client.client_3 | Round 73 local epoch 3/3: train_loss=0.115477
2026-09-05 10:05:31,144 | INFO | src.trainer.client.client_3 | Round 73 local fit metrics: {'train_loss': 0.1154768396012577, 'lr': 1.8084393669708395e-05, 'train_accuracy': 0.9956296296296296, 'train_precision': 0.995433334288383, 'train_recall': 0.9953548821548821, 'train_f1': 0.9953920313380149, 'train_image_accuracy': 1.0, 'train_image_precision': 1.0, 'train_image_recall': 1.0, 'train_image_f1': 1.0, 'val_loss': 2.1748770259171724, 'val_accuracy': 0.5513333333333333, 'val_precision': 0.5372233513688721, 'val_recall': 0.49799999999999994, 'val_f1': 0.49688349680174104, 'val_image_accuracy': 0.6, 'val_image_precision': 0.6, 'val_image_recall': 0.5333333333333333, 'val_image_f1': 0.5266666666666666}
2026-09-05 10:06:01,589 | INFO | src.trainer.client.client_3 | Round 73 local test metrics: loss=1.337978 metrics={'test_accuracy': 0.6457575757575758, 'test_precision': 0.6408218348223602, 'test_recall': 0.6356666666666667, 'test_f1': 0.6125897395043348, 'test_image_accuracy': 0.6363636363636364, 'test_image_precision': 0.7, 'test_image_recall': 0.7, 'test_image_f1': 0.6476190476190475}
2026-09-05 10:12:33,221 | INFO | src.trainer.client.client_3 | Round 74 learning rate set to 1.69138e-05
2026-09-05 10:12:33,222 | INFO | src.trainer.client.client_3 | Starting local training for round 74
2026-09-05 10:12:55,940 | INFO | src.trainer.client.client_3 | Round 74 local epoch 1/3: train_loss=0.208423
2026-09-05 10:13:19,228 | INFO | src.trainer.client.client_3 | Round 74 local epoch 2/3: train_loss=0.109710
2026-09-05 10:13:41,857 | INFO | src.trainer.client.client_3 | Round 74 local epoch 3/3: train_loss=0.133259
2026-09-05 10:14:08,867 | INFO | src.trainer.client.client_3 | Round 74 local fit metrics: {'train_loss': 0.1332589469206186, 'lr': 1.6913784127921965e-05, 'train_accuracy': 0.996, 'train_precision': 0.9951742444253355, 'train_recall': 0.995638383838384, 'train_f1': 0.9954027365809084, 'train_image_accuracy': 1.0, 'train_image_precision': 1.0, 'train_image_recall': 1.0, 'train_image_f1': 1.0, 'val_loss': 1.939445833352705, 'val_accuracy': 0.5813333333333334, 'val_precision': 0.5835864927097667, 'val_recall': 0.5293333333333333, 'val_f1': 0.5208518713554678, 'val_image_accuracy': 0.6, 'val_image_precision': 0.58, 'val_image_recall': 0.5333333333333333, 'val_image_f1': 0.5076190476190476}
2026-09-05 10:14:25,561 | INFO | src.trainer.client.client_3 | Round 74 local test metrics: loss=1.305750 metrics={'test_accuracy': 0.6536363636363637, 'test_precision': 0.6501223958736022, 'test_recall': 0.6507777777777777, 'test_f1': 0.6249479019195185, 'test_image_accuracy': 0.6363636363636364, 'test_image_precision': 0.7, 'test_image_recall': 0.7, 'test_image_f1': 0.6476190476190475}
2026-09-05 10:19:33,455 | INFO | src.trainer.client.client_3 | Round 75 learning rate set to 1.5777e-05
2026-09-05 10:19:33,455 | INFO | src.trainer.client.client_3 | Starting local training for round 75
2026-09-05 10:19:58,698 | INFO | src.trainer.client.client_3 | Round 75 local epoch 1/3: train_loss=0.220761
2026-09-05 10:20:22,625 | INFO | src.trainer.client.client_3 | Round 75 local epoch 2/3: train_loss=0.113758
2026-09-05 10:20:45,840 | INFO | src.trainer.client.client_3 | Round 75 local epoch 3/3: train_loss=0.112351
2026-09-05 10:21:13,906 | INFO | src.trainer.client.client_3 | Round 75 local fit metrics: {'train_loss': 0.11235067923127869, 'lr': 1.577699305853709e-05, 'train_accuracy': 0.9962962962962963, 'train_precision': 0.9961373835186432, 'train_recall': 0.9960296296296297, 'train_f1': 0.9960826592869199, 'train_image_accuracy': 1.0, 'train_image_precision': 1.0, 'train_image_recall': 1.0, 'train_image_f1': 1.0, 'val_loss': 1.8548628362128512, 'val_accuracy': 0.539, 'val_precision': 0.5304143867570474, 'val_recall': 0.4931111111111111, 'val_f1': 0.4933098480458731, 'val_image_accuracy': 0.6, 'val_image_precision': 0.6, 'val_image_recall': 0.5333333333333333, 'val_image_f1': 0.5266666666666666}
2026-09-05 10:23:17,781 | INFO | src.trainer.client.client_3 | Round 75 local test metrics: loss=1.384348 metrics={'test_accuracy': 0.6415151515151515, 'test_precision': 0.6459252856546231, 'test_recall': 0.6424444444444444, 'test_f1': 0.6153410147792169, 'test_image_accuracy': 0.6363636363636364, 'test_image_precision': 0.7, 'test_image_recall': 0.7, 'test_image_f1': 0.6476190476190475}
2026-09-05 10:26:39,181 | INFO | src.trainer.client.client_3 | Round 76 learning rate set to 1.46752e-05
2026-09-05 10:26:39,182 | INFO | src.trainer.client.client_3 | Starting local training for round 76
2026-09-05 10:27:02,313 | INFO | src.trainer.client.client_3 | Round 76 local epoch 1/3: train_loss=0.215930
2026-09-05 10:27:23,759 | INFO | src.trainer.client.client_3 | Round 76 local epoch 2/3: train_loss=0.129214
2026-09-05 10:27:47,539 | INFO | src.trainer.client.client_3 | Round 76 local epoch 3/3: train_loss=0.123942
2026-09-05 10:28:15,327 | INFO | src.trainer.client.client_3 | Round 76 local fit metrics: {'train_loss': 0.12394152637985018, 'lr': 1.4675165113799026e-05, 'train_accuracy': 0.9969629629629629, 'train_precision': 0.9964989530802889, 'train_recall': 0.9969649831649832, 'train_f1': 0.9967294069840863, 'train_image_accuracy': 1.0, 'train_image_precision': 1.0, 'train_image_recall': 1.0, 'train_image_f1': 1.0, 'val_loss': 1.9252355710932365, 'val_accuracy': 0.5563333333333333, 'val_precision': 0.5481912511326464, 'val_recall': 0.512888888888889, 'val_f1': 0.5131771691467515, 'val_image_accuracy': 0.6, 'val_image_precision': 0.6, 'val_image_recall': 0.5333333333333333, 'val_image_f1': 0.5266666666666666}
2026-09-05 10:31:55,452 | INFO | src.trainer.client.client_3 | Round 76 local test metrics: loss=1.349106 metrics={'test_accuracy': 0.6515151515151515, 'test_precision': 0.6435158196331452, 'test_recall': 0.6433333333333333, 'test_f1': 0.620169415271709, 'test_image_accuracy': 0.6363636363636364, 'test_image_precision': 0.7, 'test_image_recall': 0.7, 'test_image_f1': 0.6476190476190475}
2026-09-05 10:38:34,378 | INFO | src.trainer.client.client_3 | Round 77 learning rate set to 1.36094e-05
2026-09-05 10:38:34,378 | INFO | src.trainer.client.client_3 | Starting local training for round 77
2026-09-05 10:38:57,909 | INFO | src.trainer.client.client_3 | Round 77 local epoch 1/3: train_loss=0.218477
2026-09-05 10:39:20,491 | INFO | src.trainer.client.client_3 | Round 77 local epoch 2/3: train_loss=0.139889
2026-09-05 10:39:43,225 | INFO | src.trainer.client.client_3 | Round 77 local epoch 3/3: train_loss=0.101481
2026-09-05 10:40:09,541 | INFO | src.trainer.client.client_3 | Round 77 local fit metrics: {'train_loss': 0.10148123453428716, 'lr': 1.3609409741050145e-05, 'train_accuracy': 0.9957037037037038, 'train_precision': 0.9953090264259853, 'train_recall': 0.9951771043771045, 'train_f1': 0.9952416529652242, 'train_image_accuracy': 1.0, 'train_image_precision': 1.0, 'train_image_recall': 1.0, 'train_image_f1': 1.0, 'val_loss': 2.337234484389424, 'val_accuracy': 0.5503333333333333, 'val_precision': 0.5344362945554936, 'val_recall': 0.4966666666666666, 'val_f1': 0.4847960471571282, 'val_image_accuracy': 0.6, 'val_image_precision': 0.6, 'val_image_recall': 0.5333333333333333, 'val_image_f1': 0.5266666666666666}
2026-09-05 10:40:34,454 | INFO | src.trainer.client.client_3 | Round 77 local test metrics: loss=1.376591 metrics={'test_accuracy': 0.6445454545454545, 'test_precision': 0.644844183388619, 'test_recall': 0.6407777777777778, 'test_f1': 0.6159976923673313, 'test_image_accuracy': 0.6363636363636364, 'test_image_precision': 0.7, 'test_image_recall': 0.7, 'test_image_f1': 0.6476190476190475}
2026-09-05 10:47:08,385 | INFO | src.trainer.client.client_3 | Round 78 learning rate set to 1.25808e-05
2026-09-05 10:47:08,385 | INFO | src.trainer.client.client_3 | Starting local training for round 78
2026-09-05 10:47:32,236 | INFO | src.trainer.client.client_3 | Round 78 local epoch 1/3: train_loss=0.248129
2026-09-05 10:47:54,285 | INFO | src.trainer.client.client_3 | Round 78 local epoch 2/3: train_loss=0.128983
2026-09-05 10:48:18,628 | INFO | src.trainer.client.client_3 | Round 78 local epoch 3/3: train_loss=0.105516
2026-09-05 10:48:46,113 | INFO | src.trainer.client.client_3 | Round 78 local fit metrics: {'train_loss': 0.10551617590963473, 'lr': 1.2580800065610596e-05, 'train_accuracy': 0.9975555555555555, 'train_precision': 0.9974495573310233, 'train_recall': 0.9972781144781144, 'train_f1': 0.9973634982632105, 'train_image_accuracy': 1.0, 'train_image_precision': 1.0, 'train_image_recall': 1.0, 'train_image_f1': 1.0, 'val_loss': 2.053961962056036, 'val_accuracy': 0.5633333333333334, 'val_precision': 0.5593315162077903, 'val_recall': 0.512, 'val_f1': 0.5055356030477502, 'val_image_accuracy': 0.6, 'val_image_precision': 0.6, 'val_image_recall': 0.5333333333333333, 'val_image_f1': 0.5266666666666666}
2026-09-05 10:49:12,031 | INFO | src.trainer.client.client_3 | Round 78 local test metrics: loss=1.323396 metrics={'test_accuracy': 0.6460606060606061, 'test_precision': 0.6388460749825471, 'test_recall': 0.6382222222222222, 'test_f1': 0.6146866921129834, 'test_image_accuracy': 0.6363636363636364, 'test_image_precision': 0.6666666666666666, 'test_image_recall': 0.7, 'test_image_f1': 0.6266666666666667}
2026-09-05 10:50:54,183 | INFO | src.trainer.client.client_3 | Round 79 learning rate set to 1.15904e-05
2026-09-05 10:50:54,183 | INFO | src.trainer.client.client_3 | Starting local training for round 79
2026-09-05 10:51:16,605 | INFO | src.trainer.client.client_3 | Round 79 local epoch 1/3: train_loss=0.208737
2026-09-05 10:51:39,321 | INFO | src.trainer.client.client_3 | Round 79 local epoch 2/3: train_loss=0.136802
2026-09-05 10:52:02,595 | INFO | src.trainer.client.client_3 | Round 79 local epoch 3/3: train_loss=0.116045
2026-09-05 10:52:30,737 | INFO | src.trainer.client.client_3 | Round 79 local fit metrics: {'train_loss': 0.11604500179673419, 'lr': 1.1590371810232031e-05, 'train_accuracy': 0.9971851851851852, 'train_precision': 0.9971240290091685, 'train_recall': 0.9970309764309764, 'train_f1': 0.9970751161228163, 'train_image_accuracy': 1.0, 'train_image_precision': 1.0, 'train_image_recall': 1.0, 'train_image_f1': 1.0, 'val_loss': 1.9874681120876534, 'val_accuracy': 0.5616666666666666, 'val_precision': 0.547498862077754, 'val_recall': 0.5061111111111112, 'val_f1': 0.5067953378020251, 'val_image_accuracy': 0.6, 'val_image_precision': 0.6, 'val_image_recall': 0.5333333333333333, 'val_image_f1': 0.5266666666666666}
2026-09-05 10:57:41,845 | INFO | src.trainer.client.client_3 | Round 79 local test metrics: loss=1.337196 metrics={'test_accuracy': 0.6503030303030303, 'test_precision': 0.6438243197021108, 'test_recall': 0.6421111111111111, 'test_f1': 0.619326351862736, 'test_image_accuracy': 0.6363636363636364, 'test_image_precision': 0.7, 'test_image_recall': 0.7, 'test_image_f1': 0.6476190476190475}
2026-09-05 11:01:09,427 | INFO | src.trainer.client.client_3 | Round 80 learning rate set to 1.06391e-05
2026-09-05 11:01:09,427 | INFO | src.trainer.client.client_3 | Starting local training for round 80
2026-09-05 11:01:32,219 | INFO | src.trainer.client.client_3 | Round 80 local epoch 1/3: train_loss=0.222364
2026-09-05 11:01:55,731 | INFO | src.trainer.client.client_3 | Round 80 local epoch 2/3: train_loss=0.136983
2026-09-05 11:02:17,159 | INFO | src.trainer.client.client_3 | Round 80 local epoch 3/3: train_loss=0.120947
2026-09-05 11:02:44,989 | INFO | src.trainer.client.client_3 | Round 80 local fit metrics: {'train_loss': 0.1209473713643757, 'lr': 1.06391222522126e-05, 'train_accuracy': 0.9960740740740741, 'train_precision': 0.9960167134277637, 'train_recall': 0.9959946127946127, 'train_f1': 0.9960044108677361, 'train_image_accuracy': 1.0, 'train_image_precision': 1.0, 'train_image_recall': 1.0, 'train_image_f1': 1.0, 'val_loss': 1.9086590064962705, 'val_accuracy': 0.5616666666666666, 'val_precision': 0.5481290839856663, 'val_recall': 0.5156666666666667, 'val_f1': 0.5136766122373511, 'val_image_accuracy': 0.6, 'val_image_precision': 0.6, 'val_image_recall': 0.5333333333333333, 'val_image_f1': 0.5266666666666666}
2026-09-05 11:06:20,344 | INFO | src.trainer.client.client_3 | Round 80 local test metrics: loss=1.339456 metrics={'test_accuracy': 0.6439393939393939, 'test_precision': 0.6403783878397369, 'test_recall': 0.639888888888889, 'test_f1': 0.6157995837141248, 'test_image_accuracy': 0.6363636363636364, 'test_image_precision': 0.7, 'test_image_recall': 0.7, 'test_image_f1': 0.6476190476190475}
2026-09-05 11:08:08,668 | INFO | src.trainer.client.client_3 | Round 81 learning rate set to 9.72801e-06
2026-09-05 11:08:08,668 | INFO | src.trainer.client.client_3 | Starting local training for round 81
2026-09-05 11:08:31,895 | INFO | src.trainer.client.client_3 | Round 81 local epoch 1/3: train_loss=0.216172
2026-09-05 11:08:53,689 | INFO | src.trainer.client.client_3 | Round 81 local epoch 2/3: train_loss=0.137439
2026-09-05 11:09:18,367 | INFO | src.trainer.client.client_3 | Round 81 local epoch 3/3: train_loss=0.130711
2026-09-05 11:09:45,948 | INFO | src.trainer.client.client_3 | Round 81 local fit metrics: {'train_loss': 0.13071120852305565, 'lr': 9.728009219223282e-06, 'train_accuracy': 0.9968888888888889, 'train_precision': 0.9965828052932219, 'train_recall': 0.9966781144781145, 'train_f1': 0.9966299900098698, 'train_image_accuracy': 1.0, 'train_image_precision': 1.0, 'train_image_recall': 1.0, 'train_image_f1': 1.0, 'val_loss': 1.7796738098127147, 'val_accuracy': 0.5676666666666667, 'val_precision': 0.553167464459926, 'val_recall': 0.5157777777777778, 'val_f1': 0.5135465861780323, 'val_image_accuracy': 0.6, 'val_image_precision': 0.58, 'val_image_recall': 0.5333333333333333, 'val_image_f1': 0.5076190476190476}
2026-09-05 11:14:54,483 | INFO | src.trainer.client.client_3 | Round 81 local test metrics: loss=1.368607 metrics={'test_accuracy': 0.6487878787878788, 'test_precision': 0.6445510870760717, 'test_recall': 0.6432222222222224, 'test_f1': 0.6210247334238502, 'test_image_accuracy': 0.6363636363636364, 'test_image_precision': 0.7, 'test_image_recall': 0.7, 'test_image_f1': 0.6476190476190475}
2026-09-05 11:16:53,097 | INFO | src.trainer.client.client_3 | Round 82 learning rate set to 8.85795e-06
2026-09-05 11:16:53,097 | INFO | src.trainer.client.client_3 | Starting local training for round 82
2026-09-05 11:17:17,670 | INFO | src.trainer.client.client_3 | Round 82 local epoch 1/3: train_loss=0.246263
2026-09-05 11:17:39,031 | INFO | src.trainer.client.client_3 | Round 82 local epoch 2/3: train_loss=0.132080
2026-09-05 11:18:00,971 | INFO | src.trainer.client.client_3 | Round 82 local epoch 3/3: train_loss=0.122622
2026-09-05 11:18:27,818 | INFO | src.trainer.client.client_3 | Round 82 local fit metrics: {'train_loss': 0.12262179370279665, 'lr': 8.857950124856526e-06, 'train_accuracy': 0.9971111111111111, 'train_precision': 0.9967568113802191, 'train_recall': 0.9969063973063973, 'train_f1': 0.9968308278687597, 'train_image_accuracy': 1.0, 'train_image_precision': 1.0, 'train_image_recall': 1.0, 'train_image_f1': 1.0, 'val_loss': 1.9829072158535321, 'val_accuracy': 0.5733333333333334, 'val_precision': 0.5671278504904236, 'val_recall': 0.522, 'val_f1': 0.5163331021043671, 'val_image_accuracy': 0.6, 'val_image_precision': 0.6, 'val_image_recall': 0.5333333333333333, 'val_image_f1': 0.5266666666666666}
2026-09-05 11:23:48,755 | INFO | src.trainer.client.client_3 | Round 82 local test metrics: loss=1.421315 metrics={'test_accuracy': 0.64, 'test_precision': 0.6411354528268917, 'test_recall': 0.6439999999999999, 'test_f1': 0.6143108623411434, 'test_image_accuracy': 0.6363636363636364, 'test_image_precision': 0.6666666666666666, 'test_image_recall': 0.7, 'test_image_f1': 0.6266666666666667}
2026-09-05 11:25:30,581 | INFO | src.trainer.client.client_3 | Round 83 learning rate set to 8.02982e-06
2026-09-05 11:25:30,581 | INFO | src.trainer.client.client_3 | Starting local training for round 83
2026-09-05 11:25:53,380 | INFO | src.trainer.client.client_3 | Round 83 local epoch 1/3: train_loss=0.227743
2026-09-05 11:26:16,640 | INFO | src.trainer.client.client_3 | Round 83 local epoch 2/3: train_loss=0.131286
2026-09-05 11:26:40,012 | INFO | src.trainer.client.client_3 | Round 83 local epoch 3/3: train_loss=0.121117
2026-09-05 11:27:05,876 | INFO | src.trainer.client.client_3 | Round 83 local fit metrics: {'train_loss': 0.12111715379688474, 'lr': 8.029821044868636e-06, 'train_accuracy': 0.9965925925925926, 'train_precision': 0.9964932000255807, 'train_recall': 0.9963548821548821, 'train_f1': 0.9964232212250742, 'train_image_accuracy': 1.0, 'train_image_precision': 1.0, 'train_image_recall': 1.0, 'train_image_f1': 1.0, 'val_loss': 2.0329637387990953, 'val_accuracy': 0.5776666666666667, 'val_precision': 0.5748623319374568, 'val_recall': 0.525, 'val_f1': 0.5188902370666382, 'val_image_accuracy': 0.6, 'val_image_precision': 0.6, 'val_image_recall': 0.5333333333333333, 'val_image_f1': 0.5266666666666666}
2026-09-05 11:32:12,396 | INFO | src.trainer.client.client_3 | Round 83 local test metrics: loss=1.414014 metrics={'test_accuracy': 0.6487878787878788, 'test_precision': 0.6515988996506027, 'test_recall': 0.6543333333333334, 'test_f1': 0.6242053861855135, 'test_image_accuracy': 0.6363636363636364, 'test_image_precision': 0.6666666666666666, 'test_image_recall': 0.7, 'test_image_f1': 0.6266666666666667}
2026-09-05 11:34:08,890 | INFO | src.trainer.client.client_3 | Round 84 learning rate set to 7.24446e-06
2026-09-05 11:34:08,891 | INFO | src.trainer.client.client_3 | Starting local training for round 84
2026-09-05 11:34:35,604 | INFO | src.trainer.client.client_3 | Round 84 local epoch 1/3: train_loss=0.265814
2026-09-05 11:34:58,238 | INFO | src.trainer.client.client_3 | Round 84 local epoch 2/3: train_loss=0.148354
2026-09-05 11:35:20,197 | INFO | src.trainer.client.client_3 | Round 84 local epoch 3/3: train_loss=0.122246
2026-09-05 11:35:45,726 | INFO | src.trainer.client.client_3 | Round 84 local fit metrics: {'train_loss': 0.12224637021253139, 'lr': 7.244455835045646e-06, 'train_accuracy': 0.9965925925925926, 'train_precision': 0.9963078616194692, 'train_recall': 0.9965387205387206, 'train_f1': 0.9964204485985941, 'train_image_accuracy': 1.0, 'train_image_precision': 1.0, 'train_image_recall': 1.0, 'train_image_f1': 1.0, 'val_loss': 1.8521335110325987, 'val_accuracy': 0.565, 'val_precision': 0.5533332898678657, 'val_recall': 0.5156666666666667, 'val_f1': 0.5148290362703752, 'val_image_accuracy': 0.6, 'val_image_precision': 0.6, 'val_image_recall': 0.5333333333333333, 'val_image_f1': 0.5266666666666666}
2026-09-05 11:40:57,999 | INFO | src.trainer.client.client_3 | Round 84 local test metrics: loss=1.453511 metrics={'test_accuracy': 0.6412121212121212, 'test_precision': 0.6428101939106614, 'test_recall': 0.6441111111111111, 'test_f1': 0.61536088639299, 'test_image_accuracy': 0.6363636363636364, 'test_image_precision': 0.6666666666666666, 'test_image_recall': 0.7, 'test_image_f1': 0.6266666666666667}
2026-09-05 11:45:56,229 | INFO | src.trainer.client.client_3 | Round 85 learning rate set to 6.50265e-06
2026-09-05 11:45:56,229 | INFO | src.trainer.client.client_3 | Starting local training for round 85
2026-09-05 11:46:21,835 | INFO | src.trainer.client.client_3 | Round 85 local epoch 1/3: train_loss=0.275025
2026-09-05 11:46:45,970 | INFO | src.trainer.client.client_3 | Round 85 local epoch 2/3: train_loss=0.132969
2026-09-05 11:47:08,094 | INFO | src.trainer.client.client_3 | Round 85 local epoch 3/3: train_loss=0.127541
2026-09-05 11:47:33,986 | INFO | src.trainer.client.client_3 | Round 85 local fit metrics: {'train_loss': 0.12754070070790655, 'lr': 6.502645291581294e-06, 'train_accuracy': 0.9958518518518519, 'train_precision': 0.9955964332816126, 'train_recall': 0.995769696969697, 'train_f1': 0.9956810933014969, 'train_image_accuracy': 1.0, 'train_image_precision': 1.0, 'train_image_recall': 1.0, 'train_image_f1': 1.0, 'val_loss': 1.9291344489914675, 'val_accuracy': 0.5813333333333334, 'val_precision': 0.5775589437248809, 'val_recall': 0.5295555555555556, 'val_f1': 0.5257738533791851, 'val_image_accuracy': 0.6, 'val_image_precision': 0.6, 'val_image_recall': 0.5333333333333333, 'val_image_f1': 0.5266666666666666}
2026-09-05 11:49:43,616 | INFO | src.trainer.client.client_3 | Round 85 local test metrics: loss=1.413480 metrics={'test_accuracy': 0.6445454545454545, 'test_precision': 0.643435601068391, 'test_recall': 0.6451111111111112, 'test_f1': 0.6176045868454432, 'test_image_accuracy': 0.6363636363636364, 'test_image_precision': 0.6666666666666666, 'test_image_recall': 0.7, 'test_image_f1': 0.6266666666666667}
2026-09-05 11:56:16,557 | INFO | src.trainer.client.client_3 | Round 86 learning rate set to 5.80514e-06
2026-09-05 11:56:16,558 | INFO | src.trainer.client.client_3 | Starting local training for round 86
2026-09-05 11:56:40,091 | INFO | src.trainer.client.client_3 | Round 86 local epoch 1/3: train_loss=0.267271
2026-09-05 11:57:01,776 | INFO | src.trainer.client.client_3 | Round 86 local epoch 2/3: train_loss=0.160669
2026-09-05 11:57:25,100 | INFO | src.trainer.client.client_3 | Round 86 local epoch 3/3: train_loss=0.134401
2026-09-05 11:57:52,249 | INFO | src.trainer.client.client_3 | Round 86 local fit metrics: {'train_loss': 0.13440134779906568, 'lr': 5.805136354812257e-06, 'train_accuracy': 0.9957777777777778, 'train_precision': 0.9952686631384975, 'train_recall': 0.9956727272727273, 'train_f1': 0.9954692916813999, 'train_image_accuracy': 1.0, 'train_image_precision': 1.0, 'train_image_recall': 1.0, 'train_image_f1': 1.0, 'val_loss': 1.9785569157476226, 'val_accuracy': 0.5833333333333334, 'val_precision': 0.5812971650006835, 'val_recall': 0.5345555555555556, 'val_f1': 0.5307531109502781, 'val_image_accuracy': 0.6, 'val_image_precision': 0.6, 'val_image_recall': 0.5333333333333333, 'val_image_f1': 0.5266666666666666}
2026-09-05 11:58:08,398 | INFO | src.trainer.client.client_3 | Round 86 local test metrics: loss=1.448414 metrics={'test_accuracy': 0.6412121212121212, 'test_precision': 0.6448734083725428, 'test_recall': 0.6476666666666666, 'test_f1': 0.6166558075588748, 'test_image_accuracy': 0.6363636363636364, 'test_image_precision': 0.6666666666666666, 'test_image_recall': 0.7, 'test_image_f1': 0.6266666666666667}
2026-09-05 12:01:40,534 | INFO | src.trainer.client.client_3 | Round 87 learning rate set to 5.15263e-06
2026-09-05 12:01:40,535 | INFO | src.trainer.client.client_3 | Starting local training for round 87
2026-09-05 12:02:06,106 | INFO | src.trainer.client.client_3 | Round 87 local epoch 1/3: train_loss=0.284295
2026-09-05 12:02:27,705 | INFO | src.trainer.client.client_3 | Round 87 local epoch 2/3: train_loss=0.162229
2026-09-05 12:02:50,915 | INFO | src.trainer.client.client_3 | Round 87 local epoch 3/3: train_loss=0.130968
2026-09-05 12:03:18,615 | INFO | src.trainer.client.client_3 | Round 87 local fit metrics: {'train_loss': 0.1309684355041863, 'lr': 5.152631357112555e-06, 'train_accuracy': 0.9957777777777778, 'train_precision': 0.9957793054671505, 'train_recall': 0.995179797979798, 'train_f1': 0.9954751098506502, 'train_image_accuracy': 1.0, 'train_image_precision': 1.0, 'train_image_recall': 1.0, 'train_image_f1': 1.0, 'val_loss': 1.906414306078727, 'val_accuracy': 0.5853333333333334, 'val_precision': 0.5802168411976931, 'val_recall': 0.5316666666666666, 'val_f1': 0.5282959530858222, 'val_image_accuracy': 0.6, 'val_image_precision': 0.6, 'val_image_recall': 0.5333333333333333, 'val_image_f1': 0.5266666666666666}
2026-09-05 12:06:55,965 | INFO | src.trainer.client.client_3 | Round 87 local test metrics: loss=1.437460 metrics={'test_accuracy': 0.6451515151515151, 'test_precision': 0.649534591650224, 'test_recall': 0.654, 'test_f1': 0.6231599045872537, 'test_image_accuracy': 0.6363636363636364, 'test_image_precision': 0.6666666666666666, 'test_image_recall': 0.7, 'test_image_f1': 0.6266666666666667}
2026-09-05 12:12:03,725 | INFO | src.trainer.client.client_3 | Round 88 learning rate set to 4.54579e-06
2026-09-05 12:12:03,725 | INFO | src.trainer.client.client_3 | Starting local training for round 88
2026-09-05 12:12:27,279 | INFO | src.trainer.client.client_3 | Round 88 local epoch 1/3: train_loss=0.280492
2026-09-05 12:12:50,724 | INFO | src.trainer.client.client_3 | Round 88 local epoch 2/3: train_loss=0.160492
2026-09-05 12:13:13,395 | INFO | src.trainer.client.client_3 | Round 88 local epoch 3/3: train_loss=0.138718
2026-09-05 12:13:39,587 | INFO | src.trainer.client.client_3 | Round 88 local fit metrics: {'train_loss': 0.13871832894690242, 'lr': 4.545787315704408e-06, 'train_accuracy': 0.9955555555555555, 'train_precision': 0.9951147755774123, 'train_recall': 0.9953164983164984, 'train_f1': 0.9952139933851804, 'train_image_accuracy': 1.0, 'train_image_precision': 1.0, 'train_image_recall': 1.0, 'train_image_f1': 1.0, 'val_loss': 1.8948627056616048, 'val_accuracy': 0.579, 'val_precision': 0.572991722063445, 'val_recall': 0.5304444444444445, 'val_f1': 0.5272094449516656, 'val_image_accuracy': 0.6, 'val_image_precision': 0.6, 'val_image_recall': 0.5333333333333333, 'val_image_f1': 0.5266666666666666}
2026-09-05 12:15:39,690 | INFO | src.trainer.client.client_3 | Round 88 local test metrics: loss=1.450389 metrics={'test_accuracy': 0.6418181818181818, 'test_precision': 0.6443807951025293, 'test_recall': 0.648, 'test_f1': 0.6171647577718208, 'test_image_accuracy': 0.6363636363636364, 'test_image_precision': 0.6666666666666666, 'test_image_recall': 0.7, 'test_image_f1': 0.6266666666666667}
2026-09-05 12:15:51,499 | INFO | src.trainer.client.client_3 | Round 89 learning rate set to 3.98522e-06
2026-09-05 12:15:51,499 | INFO | src.trainer.client.client_3 | Starting local training for round 89
2026-09-05 12:16:15,911 | INFO | src.trainer.client.client_3 | Round 89 local epoch 1/3: train_loss=0.283636
2026-09-05 12:16:38,265 | INFO | src.trainer.client.client_3 | Round 89 local epoch 2/3: train_loss=0.170517
2026-09-05 12:16:59,869 | INFO | src.trainer.client.client_3 | Round 89 local epoch 3/3: train_loss=0.143817
2026-09-05 12:17:26,277 | INFO | src.trainer.client.client_3 | Round 89 local fit metrics: {'train_loss': 0.14381730028876552, 'lr': 3.985215271097539e-06, 'train_accuracy': 0.9957037037037038, 'train_precision': 0.9953391880095538, 'train_recall': 0.9956208754208754, 'train_f1': 0.9954784637747786, 'train_image_accuracy': 1.0, 'train_image_precision': 1.0, 'train_image_recall': 1.0, 'train_image_f1': 1.0, 'val_loss': 1.7824737774562092, 'val_accuracy': 0.5693333333333334, 'val_precision': 0.5528133954646923, 'val_recall': 0.516, 'val_f1': 0.5143204297997129, 'val_image_accuracy': 0.6, 'val_image_precision': 0.6, 'val_image_recall': 0.5333333333333333, 'val_image_f1': 0.5266666666666666}
2026-09-05 12:24:18,680 | INFO | src.trainer.client.client_3 | Round 89 local test metrics: loss=1.507547 metrics={'test_accuracy': 0.6409090909090909, 'test_precision': 0.6436217514219819, 'test_recall': 0.6436666666666666, 'test_f1': 0.6150219437729144, 'test_image_accuracy': 0.6363636363636364, 'test_image_precision': 0.7, 'test_image_recall': 0.7, 'test_image_f1': 0.6476190476190475}
2026-09-05 12:24:19,343 | INFO | src.trainer.client.client_3 | Round 90 learning rate set to 3.47148e-06
2026-09-05 12:24:19,343 | INFO | src.trainer.client.client_3 | Starting local training for round 90
2026-09-05 12:24:41,953 | INFO | src.trainer.client.client_3 | Round 90 local epoch 1/3: train_loss=0.290927
2026-09-05 12:25:03,708 | INFO | src.trainer.client.client_3 | Round 90 local epoch 2/3: train_loss=0.194983
2026-09-05 12:25:25,615 | INFO | src.trainer.client.client_3 | Round 90 local epoch 3/3: train_loss=0.142427
2026-09-05 12:25:52,091 | INFO | src.trainer.client.client_3 | Round 90 local fit metrics: {'train_loss': 0.14242667570526218, 'lr': 3.471479671823207e-06, 'train_accuracy': 0.9948148148148148, 'train_precision': 0.9946845765719781, 'train_recall': 0.9941131313131313, 'train_f1': 0.9943936075029969, 'train_image_accuracy': 1.0, 'train_image_precision': 1.0, 'train_image_recall': 1.0, 'train_image_f1': 1.0, 'val_loss': 1.8277534715496004, 'val_accuracy': 0.5713333333333334, 'val_precision': 0.5584907865314712, 'val_recall': 0.521, 'val_f1': 0.516826037759167, 'val_image_accuracy': 0.6, 'val_image_precision': 0.6, 'val_image_recall': 0.5333333333333333, 'val_image_f1': 0.5266666666666666}
2026-09-05 12:32:43,601 | INFO | src.trainer.client.client_3 | Round 90 local test metrics: loss=1.486863 metrics={'test_accuracy': 0.6393939393939394, 'test_precision': 0.6428624173557165, 'test_recall': 0.6417777777777778, 'test_f1': 0.61437307901015, 'test_image_accuracy': 0.6363636363636364, 'test_image_precision': 0.7, 'test_image_recall': 0.7, 'test_image_f1': 0.6476190476190475}
2026-09-05 12:37:56,009 | INFO | src.trainer.client.client_3 | Round 91 learning rate set to 3.0051e-06
2026-09-05 12:37:56,009 | INFO | src.trainer.client.client_3 | Starting local training for round 91
2026-09-05 12:38:18,758 | INFO | src.trainer.client.client_3 | Round 91 local epoch 1/3: train_loss=0.300374
2026-09-05 12:38:41,331 | INFO | src.trainer.client.client_3 | Round 91 local epoch 2/3: train_loss=0.208949
2026-09-05 12:39:05,154 | INFO | src.trainer.client.client_3 | Round 91 local epoch 3/3: train_loss=0.154742
2026-09-05 12:39:31,779 | INFO | src.trainer.client.client_3 | Round 91 local fit metrics: {'train_loss': 0.1547424539666117, 'lr': 3.005097806082386e-06, 'train_accuracy': 0.995037037037037, 'train_precision': 0.9947018647797796, 'train_recall': 0.9949319865319867, 'train_f1': 0.994815370232453, 'train_image_accuracy': 1.0, 'train_image_precision': 1.0, 'train_image_recall': 1.0, 'train_image_f1': 1.0, 'val_loss': 1.8720726799620315, 'val_accuracy': 0.5646666666666667, 'val_precision': 0.5588133496780966, 'val_recall': 0.5132222222222221, 'val_f1': 0.5150613739919999, 'val_image_accuracy': 0.6, 'val_image_precision': 0.6333333333333333, 'val_image_recall': 0.5333333333333333, 'val_image_f1': 0.5533333333333333}
2026-09-05 12:41:39,288 | INFO | src.trainer.client.client_3 | Round 91 local test metrics: loss=1.507186 metrics={'test_accuracy': 0.6348484848484849, 'test_precision': 0.6418832991788899, 'test_recall': 0.6417777777777778, 'test_f1': 0.6128596298414937, 'test_image_accuracy': 0.6363636363636364, 'test_image_precision': 0.6666666666666666, 'test_image_recall': 0.7, 'test_image_f1': 0.6266666666666667}
2026-09-05 12:41:39,929 | INFO | src.trainer.client.client_3 | Round 92 learning rate set to 2.58654e-06
2026-09-05 12:41:39,929 | INFO | src.trainer.client.client_3 | Starting local training for round 92
2026-09-05 12:42:04,281 | INFO | src.trainer.client.client_3 | Round 92 local epoch 1/3: train_loss=0.320241
2026-09-05 12:42:25,650 | INFO | src.trainer.client.client_3 | Round 92 local epoch 2/3: train_loss=0.205947
2026-09-05 12:42:47,694 | INFO | src.trainer.client.client_3 | Round 92 local epoch 3/3: train_loss=0.167181
2026-09-05 12:43:14,132 | INFO | src.trainer.client.client_3 | Round 92 local fit metrics: {'train_loss': 0.16718119859695435, 'lr': 2.5865392808803657e-06, 'train_accuracy': 0.9926666666666667, 'train_precision': 0.9922818210357018, 'train_recall': 0.9917730639730639, 'train_f1': 0.9920201452963292, 'train_image_accuracy': 1.0, 'train_image_precision': 1.0, 'train_image_recall': 1.0, 'train_image_f1': 1.0, 'val_loss': 1.867515161168451, 'val_accuracy': 0.5863333333333334, 'val_precision': 0.589190447779645, 'val_recall': 0.542, 'val_f1': 0.5378142188091306, 'val_image_accuracy': 0.6, 'val_image_precision': 0.6, 'val_image_recall': 0.5333333333333333, 'val_image_f1': 0.5266666666666666}
2026-09-05 12:50:04,389 | INFO | src.trainer.client.client_3 | Round 92 local test metrics: loss=1.516871 metrics={'test_accuracy': 0.6360606060606061, 'test_precision': 0.6411553409345883, 'test_recall': 0.6434444444444445, 'test_f1': 0.6130431940491392, 'test_image_accuracy': 0.6363636363636364, 'test_image_precision': 0.6666666666666666, 'test_image_recall': 0.7, 'test_image_f1': 0.6266666666666667}
2026-09-05 12:56:51,663 | INFO | src.trainer.client.client_3 | Round 93 learning rate set to 2.21623e-06
2026-09-05 12:56:51,663 | INFO | src.trainer.client.client_3 | Starting local training for round 93
2026-09-05 12:57:13,561 | INFO | src.trainer.client.client_3 | Round 93 local epoch 1/3: train_loss=0.325382
2026-09-05 12:57:36,151 | INFO | src.trainer.client.client_3 | Round 93 local epoch 2/3: train_loss=0.207429
2026-09-05 12:57:57,847 | INFO | src.trainer.client.client_3 | Round 93 local epoch 3/3: train_loss=0.178413
2026-09-05 12:58:25,552 | INFO | src.trainer.client.client_3 | Round 93 local fit metrics: {'train_loss': 0.17841338653623323, 'lr': 2.216225549172351e-06, 'train_accuracy': 0.9934814814814815, 'train_precision': 0.9930161017225322, 'train_recall': 0.9931838383838384, 'train_f1': 0.9930987751034911, 'train_image_accuracy': 1.0, 'train_image_precision': 1.0, 'train_image_recall': 1.0, 'train_image_f1': 1.0, 'val_loss': 1.9608206113160898, 'val_accuracy': 0.5776666666666667, 'val_precision': 0.5818263514241779, 'val_recall': 0.5323333333333333, 'val_f1': 0.530582994442775, 'val_image_accuracy': 0.6, 'val_image_precision': 0.6, 'val_image_recall': 0.5333333333333333, 'val_image_f1': 0.5266666666666666}
2026-09-05 12:58:54,149 | INFO | src.trainer.client.client_3 | Round 93 local test metrics: loss=1.537669 metrics={'test_accuracy': 0.6357575757575757, 'test_precision': 0.6426284801161125, 'test_recall': 0.6441111111111111, 'test_f1': 0.612537090927483, 'test_image_accuracy': 0.6363636363636364, 'test_image_precision': 0.6666666666666666, 'test_image_recall': 0.7, 'test_image_f1': 0.6266666666666667}
2026-09-05 12:58:55,580 | INFO | src.trainer.client.client_3 | Round 94 learning rate set to 1.89453e-06
2026-09-05 12:58:55,580 | INFO | src.trainer.client.client_3 | Starting local training for round 94
2026-09-05 12:59:19,360 | INFO | src.trainer.client.client_3 | Round 94 local epoch 1/3: train_loss=0.348236
2026-09-05 12:59:44,071 | INFO | src.trainer.client.client_3 | Round 94 local epoch 2/3: train_loss=0.228787
2026-09-05 13:00:08,423 | INFO | src.trainer.client.client_3 | Round 94 local epoch 3/3: train_loss=0.186179
2026-09-05 13:00:36,233 | INFO | src.trainer.client.client_3 | Round 94 local fit metrics: {'train_loss': 0.18617868607426868, 'lr': 1.894529485496018e-06, 'train_accuracy': 0.9931111111111111, 'train_precision': 0.992813948112435, 'train_recall': 0.9927090909090909, 'train_f1': 0.9927570250052813, 'train_image_accuracy': 1.0, 'train_image_precision': 1.0, 'train_image_recall': 1.0, 'train_image_f1': 1.0, 'val_loss': 1.8784772364702076, 'val_accuracy': 0.568, 'val_precision': 0.566603226265878, 'val_recall': 0.5237777777777778, 'val_f1': 0.5241793031763038, 'val_image_accuracy': 0.6, 'val_image_precision': 0.6333333333333333, 'val_image_recall': 0.5333333333333333, 'val_image_f1': 0.5533333333333333}
2026-09-05 13:07:41,659 | INFO | src.trainer.client.client_3 | Round 94 local test metrics: loss=1.549518 metrics={'test_accuracy': 0.6312121212121212, 'test_precision': 0.6411081214084048, 'test_recall': 0.6414444444444445, 'test_f1': 0.6087005683223095, 'test_image_accuracy': 0.6363636363636364, 'test_image_precision': 0.6666666666666666, 'test_image_recall': 0.7, 'test_image_f1': 0.6266666666666667}
2026-09-05 13:12:39,897 | INFO | src.trainer.client.client_3 | Round 95 learning rate set to 1.62178e-06
2026-09-05 13:12:39,897 | INFO | src.trainer.client.client_3 | Starting local training for round 95
2026-09-05 13:13:05,266 | INFO | src.trainer.client.client_3 | Round 95 local epoch 1/3: train_loss=0.332605
2026-09-05 13:13:27,413 | INFO | src.trainer.client.client_3 | Round 95 local epoch 2/3: train_loss=0.242858
2026-09-05 13:13:50,670 | INFO | src.trainer.client.client_3 | Round 95 local epoch 3/3: train_loss=0.215326
2026-09-05 13:14:15,733 | INFO | src.trainer.client.client_3 | Round 95 local fit metrics: {'train_loss': 0.21532550042058216, 'lr': 1.6217750105184827e-06, 'train_accuracy': 0.9902222222222222, 'train_precision': 0.9899306293952426, 'train_recall': 0.9892558922558923, 'train_f1': 0.9895762843271129, 'train_image_accuracy': 1.0, 'train_image_precision': 1.0, 'train_image_recall': 1.0, 'train_image_f1': 1.0, 'val_loss': 1.7694704945075015, 'val_accuracy': 0.567, 'val_precision': 0.5602404757431609, 'val_recall': 0.5201111111111112, 'val_f1': 0.5201493164680547, 'val_image_accuracy': 0.6, 'val_image_precision': 0.6333333333333333, 'val_image_recall': 0.5333333333333333, 'val_image_f1': 0.5533333333333333}
2026-09-05 13:16:07,580 | INFO | src.trainer.client.client_3 | Round 95 local test metrics: loss=1.534031 metrics={'test_accuracy': 0.6333333333333333, 'test_precision': 0.6403430774953656, 'test_recall': 0.6391111111111111, 'test_f1': 0.609590822578401, 'test_image_accuracy': 0.6363636363636364, 'test_image_precision': 0.6666666666666666, 'test_image_recall': 0.7, 'test_image_f1': 0.6266666666666667}
2026-09-05 13:19:31,493 | INFO | src.trainer.client.client_3 | Round 96 learning rate set to 1.39824e-06
2026-09-05 13:19:31,494 | INFO | src.trainer.client.client_3 | Starting local training for round 96
2026-09-05 13:19:55,232 | INFO | src.trainer.client.client_3 | Round 96 local epoch 1/3: train_loss=0.326551
2026-09-05 13:20:20,167 | INFO | src.trainer.client.client_3 | Round 96 local epoch 2/3: train_loss=0.259991
2026-09-05 13:20:43,575 | INFO | src.trainer.client.client_3 | Round 96 local epoch 3/3: train_loss=0.221378
2026-09-05 13:21:10,468 | INFO | src.trainer.client.client_3 | Round 96 local fit metrics: {'train_loss': 0.22137803654611846, 'lr': 1.3982367648756307e-06, 'train_accuracy': 0.9902222222222222, 'train_precision': 0.9901088928629276, 'train_recall': 0.9889488215488216, 'train_f1': 0.9895155121544585, 'train_image_accuracy': 1.0, 'train_image_precision': 1.0, 'train_image_recall': 1.0, 'train_image_f1': 1.0, 'val_loss': 1.7644334020152068, 'val_accuracy': 0.5846666666666667, 'val_precision': 0.5909731838920107, 'val_recall': 0.5362222222222222, 'val_f1': 0.5371047031870243, 'val_image_accuracy': 0.6, 'val_image_precision': 0.6333333333333333, 'val_image_recall': 0.5333333333333333, 'val_image_f1': 0.5533333333333333}
2026-09-05 13:24:59,792 | INFO | src.trainer.client.client_3 | Round 96 local test metrics: loss=1.521008 metrics={'test_accuracy': 0.6378787878787879, 'test_precision': 0.6441996270071636, 'test_recall': 0.6487777777777778, 'test_f1': 0.615643045483756, 'test_image_accuracy': 0.6363636363636364, 'test_image_precision': 0.6666666666666666, 'test_image_recall': 0.7, 'test_image_f1': 0.6266666666666667}
2026-09-05 13:28:16,110 | INFO | src.trainer.client.client_3 | Round 97 learning rate set to 1.22414e-06
2026-09-05 13:28:16,110 | INFO | src.trainer.client.client_3 | Starting local training for round 97
2026-09-05 13:28:41,634 | INFO | src.trainer.client.client_3 | Round 97 local epoch 1/3: train_loss=0.357712
2026-09-05 13:29:04,049 | INFO | src.trainer.client.client_3 | Round 97 local epoch 2/3: train_loss=0.244397
2026-09-05 13:29:26,545 | INFO | src.trainer.client.client_3 | Round 97 local epoch 3/3: train_loss=0.249245
2026-09-05 13:29:54,677 | INFO | src.trainer.client.client_3 | Round 97 local fit metrics: {'train_loss': 0.24924460197672432, 'lr': 1.2241398326323128e-06, 'train_accuracy': 0.9869629629629629, 'train_precision': 0.9871252430718064, 'train_recall': 0.9854478114478115, 'train_f1': 0.9862587369205251, 'train_image_accuracy': 1.0, 'train_image_precision': 1.0, 'train_image_recall': 1.0, 'train_image_f1': 1.0, 'val_loss': 1.7706124406661838, 'val_accuracy': 0.5843333333333334, 'val_precision': 0.5911624058832026, 'val_recall': 0.5436666666666666, 'val_f1': 0.5413577203423804, 'val_image_accuracy': 0.6, 'val_image_precision': 0.6, 'val_image_recall': 0.5333333333333333, 'val_image_f1': 0.5266666666666666}
2026-09-05 13:33:34,497 | INFO | src.trainer.client.client_3 | Round 97 local test metrics: loss=1.540376 metrics={'test_accuracy': 0.633030303030303, 'test_precision': 0.6419744941444401, 'test_recall': 0.6445555555555555, 'test_f1': 0.6113632317669514, 'test_image_accuracy': 0.6363636363636364, 'test_image_precision': 0.6666666666666666, 'test_image_recall': 0.7, 'test_image_f1': 0.6266666666666667}
2026-09-05 13:33:46,409 | INFO | src.trainer.client.client_3 | Round 98 learning rate set to 1.09966e-06
2026-09-05 13:33:46,410 | INFO | src.trainer.client.client_3 | Starting local training for round 98
2026-09-05 13:34:09,129 | INFO | src.trainer.client.client_3 | Round 98 local epoch 1/3: train_loss=0.320870
2026-09-05 13:34:31,577 | INFO | src.trainer.client.client_3 | Round 98 local epoch 2/3: train_loss=0.284480
2026-09-05 13:34:54,641 | INFO | src.trainer.client.client_3 | Round 98 local epoch 3/3: train_loss=0.238795
2026-09-05 13:35:22,691 | INFO | src.trainer.client.client_3 | Round 98 local fit metrics: {'train_loss': 0.23879528181052503, 'lr': 1.0996595146417258e-06, 'train_accuracy': 0.9896296296296296, 'train_precision': 0.9896231961727123, 'train_recall': 0.9885198653198654, 'train_f1': 0.9890600101704956, 'train_image_accuracy': 1.0, 'train_image_precision': 1.0, 'train_image_recall': 1.0, 'train_image_f1': 1.0, 'val_loss': 1.8261872825169314, 'val_accuracy': 0.572, 'val_precision': 0.5743848442843502, 'val_recall': 0.5277777777777778, 'val_f1': 0.5303058095539412, 'val_image_accuracy': 0.6, 'val_image_precision': 0.6333333333333333, 'val_image_recall': 0.5333333333333333, 'val_image_f1': 0.5533333333333333}
2026-09-05 13:42:07,314 | INFO | src.trainer.client.client_3 | Round 98 local test metrics: loss=1.556353 metrics={'test_accuracy': 0.6363636363636364, 'test_precision': 0.6486077426290926, 'test_recall': 0.6542222222222221, 'test_f1': 0.6163523077354918, 'test_image_accuracy': 0.6363636363636364, 'test_image_precision': 0.6666666666666666, 'test_image_recall': 0.7, 'test_image_f1': 0.6266666666666667}
2026-09-05 13:45:40,803 | INFO | src.trainer.client.client_3 | Round 99 learning rate set to 1.02492e-06
2026-09-05 13:45:40,803 | INFO | src.trainer.client.client_3 | Starting local training for round 99
2026-09-05 13:46:04,035 | INFO | src.trainer.client.client_3 | Round 99 local epoch 1/3: train_loss=0.350805
2026-09-05 13:46:27,984 | INFO | src.trainer.client.client_3 | Round 99 local epoch 2/3: train_loss=0.287670
2026-09-05 13:46:51,161 | INFO | src.trainer.client.client_3 | Round 99 local epoch 3/3: train_loss=0.227723
2026-09-05 13:47:18,584 | INFO | src.trainer.client.client_3 | Round 99 local fit metrics: {'train_loss': 0.22772281111022571, 'lr': 1.0249211520323384e-06, 'train_accuracy': 0.9889629629629629, 'train_precision': 0.9885371368975766, 'train_recall': 0.9887461279461279, 'train_f1': 0.9886298398201212, 'train_image_accuracy': 1.0, 'train_image_precision': 1.0, 'train_image_recall': 1.0, 'train_image_f1': 1.0, 'val_loss': 1.7814080654233695, 'val_accuracy': 0.567, 'val_precision': 0.5773719294775733, 'val_recall': 0.5338888888888889, 'val_f1': 0.5336070782288648, 'val_image_accuracy': 0.6, 'val_image_precision': 0.6333333333333333, 'val_image_recall': 0.5333333333333333, 'val_image_f1': 0.5533333333333333}
2026-09-05 13:51:01,516 | INFO | src.trainer.client.client_3 | Round 99 local test metrics: loss=1.539467 metrics={'test_accuracy': 0.6339393939393939, 'test_precision': 0.6453161295275542, 'test_recall': 0.6471111111111112, 'test_f1': 0.6131704650815141, 'test_image_accuracy': 0.6363636363636364, 'test_image_precision': 0.6666666666666666, 'test_image_recall': 0.7, 'test_image_f1': 0.6266666666666667}
2026-09-05 13:51:08,829 | INFO | src.trainer.client.client_3 | Round 100 learning rate set to 1e-06
2026-09-05 13:51:08,829 | INFO | src.trainer.client.client_3 | Starting local training for round 100
2026-09-05 13:51:34,019 | INFO | src.trainer.client.client_3 | Round 100 local epoch 1/3: train_loss=0.331594
2026-09-05 13:51:55,432 | INFO | src.trainer.client.client_3 | Round 100 local epoch 2/3: train_loss=0.295388
2026-09-05 13:52:18,479 | INFO | src.trainer.client.client_3 | Round 100 local epoch 3/3: train_loss=0.243708
2026-09-05 13:52:46,005 | INFO | src.trainer.client.client_3 | Round 100 local fit metrics: {'train_loss': 0.24370790911309512, 'lr': 1e-06, 'train_accuracy': 0.9862222222222222, 'train_precision': 0.9859392683312423, 'train_recall': 0.9842693602693602, 'train_f1': 0.9850762999581196, 'train_image_accuracy': 1.0, 'train_image_precision': 1.0, 'train_image_recall': 1.0, 'train_image_f1': 1.0, 'val_loss': 1.7818360101204986, 'val_accuracy': 0.5656666666666667, 'val_precision': 0.5713886036664506, 'val_recall': 0.5262222222222223, 'val_f1': 0.5268492579273365, 'val_image_accuracy': 0.6, 'val_image_precision': 0.6333333333333333, 'val_image_recall': 0.5333333333333333, 'val_image_f1': 0.5533333333333333}
2026-09-05 13:59:37,297 | INFO | src.trainer.client.client_3 | Round 100 local test metrics: loss=1.535291 metrics={'test_accuracy': 0.6363636363636364, 'test_precision': 0.6467374165144564, 'test_recall': 0.6516666666666666, 'test_f1': 0.6165473155978217, 'test_image_accuracy': 0.6363636363636364, 'test_image_precision': 0.6666666666666666, 'test_image_recall': 0.7, 'test_image_f1': 0.6266666666666667}
