2026-09-17 20:20:42 | INFO    | Run directory: logs/abl_overlap_train05_no_blur_20260917_202042
2026-09-17 20:20:42 | INFO    | Device: cuda | torch 2.8.0+cu128 | threads 10
2026-09-17 20:20:42 | INFO    | Seed: 42
2026-09-17 20:20:42 | INFO    | Classes (5): ['G', 'GP', 'M', 'T', 'clear']
2026-09-17 20:20:42 | INFO    | Split: regroup=False group_by=none counts={'train': {'images': 455, 'groups': None}, 'val': {'images': 96, 'groups': None}, 'test': {'images': 103, 'groups': None}}
2026-09-17 20:20:42 | INFO    | Patches: size 224 | train overlap 0.50 | eval overlap 0.00 | train patches/image/epoch None
2026-09-17 20:20:42 | INFO    | Train transform: RandomRotateAndCenterCrop -> RandomRotate90 -> RandomHorizontalFlip -> RandomVerticalFlip -> AddGaussianNoise -> Normalize
2026-09-17 20:20:42 | INFO    | Eval transform:  Normalize
2026-09-17 20:20:42 | INFO    | train      455 images, 136500 patches | images per class {'G': 103, 'GP': 106, 'M': 88, 'T': 99, 'clear': 59} | patches per class {'G': 30900, 'GP': 31800, 'M': 26400, 'T': 29700, 'clear': 17700}
2026-09-17 20:20:42 | INFO    | val        96 images, 8448 patches | images per class {'G': 22, 'GP': 22, 'M': 19, 'T': 21, 'clear': 12} | patches per class {'G': 1936, 'GP': 1936, 'M': 1672, 'T': 1848, 'clear': 1056}
2026-09-17 20:20:42 | INFO    | test       103 images, 9064 patches | images per class {'G': 23, 'GP': 24, 'M': 20, 'T': 22, 'clear': 14} | patches per class {'G': 2024, 'GP': 2112, 'M': 1760, 'T': 1936, 'clear': 1232}
2026-09-17 20:20:42 | INFO    | Datasets built in 0.2s
2026-09-17 20:20:42 | INFO    | Train patches per epoch: 136500 (4266 batches of 32)
2026-09-17 20:20:42 | INFO    | Train eval (no aug): every 1 epoch(s) on 7280 patches (16 per image)
2026-09-17 20:20:42 | INFO    | Model: fastvit_t8 | pretrained=True | params 3.26M (trainable 3.26M)
2026-09-17 20:20:43 | INFO    | Training 40 epochs | selection metric val_patch_f1 | patience 10 | amp True
2026-09-17 20:20:55 | INFO    | epoch 1 | batch 20/4266 | loss 1.6833 | acc 0.2141 | lr 1.00e-06 | 12s
2026-09-17 20:20:58 | INFO    | epoch 1 | batch 40/4266 | loss 1.6734 | acc 0.2039 | lr 1.00e-06 | 15s
2026-09-17 20:21:00 | INFO    | epoch 1 | batch 60/4266 | loss 1.6673 | acc 0.2120 | lr 1.00e-06 | 17s
2026-09-17 20:21:01 | INFO    | epoch 1 | batch 80/4266 | loss 1.6696 | acc 0.2074 | lr 1.00e-06 | 19s
2026-09-17 20:21:03 | INFO    | epoch 1 | batch 100/4266 | loss 1.6682 | acc 0.2072 | lr 1.18e-06 | 20s
2026-09-17 20:21:04 | INFO    | epoch 1 | batch 120/4266 | loss 1.6659 | acc 0.2076 | lr 1.42e-06 | 21s
2026-09-17 20:21:06 | INFO    | epoch 1 | batch 140/4266 | loss 1.6642 | acc 0.2067 | lr 1.65e-06 | 23s
2026-09-17 20:21:07 | INFO    | epoch 1 | batch 160/4266 | loss 1.6650 | acc 0.2064 | lr 1.89e-06 | 24s
2026-09-17 20:21:08 | INFO    | epoch 1 | batch 180/4266 | loss 1.6653 | acc 0.2076 | lr 2.12e-06 | 26s
2026-09-17 20:21:10 | INFO    | epoch 1 | batch 200/4266 | loss 1.6630 | acc 0.2083 | lr 2.36e-06 | 27s
2026-09-17 20:21:11 | INFO    | epoch 1 | batch 220/4266 | loss 1.6614 | acc 0.2099 | lr 2.59e-06 | 29s
2026-09-17 20:21:13 | INFO    | epoch 1 | batch 240/4266 | loss 1.6599 | acc 0.2061 | lr 2.82e-06 | 30s
2026-09-17 20:21:14 | INFO    | epoch 1 | batch 260/4266 | loss 1.6582 | acc 0.2075 | lr 3.06e-06 | 32s
2026-09-17 20:21:16 | INFO    | epoch 1 | batch 280/4266 | loss 1.6566 | acc 0.2083 | lr 3.29e-06 | 33s
2026-09-17 20:21:17 | INFO    | epoch 1 | batch 300/4266 | loss 1.6544 | acc 0.2083 | lr 3.53e-06 | 34s
2026-09-17 20:21:19 | INFO    | epoch 1 | batch 320/4266 | loss 1.6530 | acc 0.2109 | lr 3.76e-06 | 36s
2026-09-17 20:21:20 | INFO    | epoch 1 | batch 340/4266 | loss 1.6520 | acc 0.2122 | lr 4.00e-06 | 37s
2026-09-17 20:21:21 | INFO    | epoch 1 | batch 360/4266 | loss 1.6499 | acc 0.2139 | lr 4.23e-06 | 39s
2026-09-17 20:21:23 | INFO    | epoch 1 | batch 380/4266 | loss 1.6485 | acc 0.2142 | lr 4.47e-06 | 40s
2026-09-17 20:21:24 | INFO    | epoch 1 | batch 400/4266 | loss 1.6477 | acc 0.2138 | lr 4.70e-06 | 42s
2026-09-17 20:21:26 | INFO    | epoch 1 | batch 420/4266 | loss 1.6467 | acc 0.2137 | lr 4.93e-06 | 43s
2026-09-17 20:21:27 | INFO    | epoch 1 | batch 440/4266 | loss 1.6466 | acc 0.2136 | lr 5.17e-06 | 45s
2026-09-17 20:21:29 | INFO    | epoch 1 | batch 460/4266 | loss 1.6453 | acc 0.2135 | lr 5.40e-06 | 46s
2026-09-17 20:21:30 | INFO    | epoch 1 | batch 480/4266 | loss 1.6446 | acc 0.2129 | lr 5.64e-06 | 48s
2026-09-17 20:21:32 | INFO    | epoch 1 | batch 500/4266 | loss 1.6430 | acc 0.2144 | lr 5.87e-06 | 49s
2026-09-17 20:21:33 | INFO    | epoch 1 | batch 520/4266 | loss 1.6424 | acc 0.2141 | lr 6.11e-06 | 51s
2026-09-17 20:21:35 | INFO    | epoch 1 | batch 540/4266 | loss 1.6415 | acc 0.2138 | lr 6.34e-06 | 52s
2026-09-17 20:21:36 | INFO    | epoch 1 | batch 560/4266 | loss 1.6402 | acc 0.2139 | lr 6.58e-06 | 54s
2026-09-17 20:21:38 | INFO    | epoch 1 | batch 580/4266 | loss 1.6393 | acc 0.2144 | lr 6.81e-06 | 55s
2026-09-17 20:21:39 | INFO    | epoch 1 | batch 600/4266 | loss 1.6384 | acc 0.2145 | lr 7.04e-06 | 57s
2026-09-17 20:21:41 | INFO    | epoch 1 | batch 620/4266 | loss 1.6373 | acc 0.2162 | lr 7.28e-06 | 58s
2026-09-17 20:21:42 | INFO    | epoch 1 | batch 640/4266 | loss 1.6358 | acc 0.2178 | lr 7.51e-06 | 60s
2026-09-17 20:21:43 | INFO    | epoch 1 | batch 660/4266 | loss 1.6350 | acc 0.2188 | lr 7.75e-06 | 61s
2026-09-17 20:21:45 | INFO    | epoch 1 | batch 680/4266 | loss 1.6341 | acc 0.2191 | lr 7.98e-06 | 62s
2026-09-17 20:21:46 | INFO    | epoch 1 | batch 700/4266 | loss 1.6333 | acc 0.2201 | lr 8.22e-06 | 64s
2026-09-17 20:21:48 | INFO    | epoch 1 | batch 720/4266 | loss 1.6324 | acc 0.2211 | lr 8.45e-06 | 65s
2026-09-17 20:21:49 | INFO    | epoch 1 | batch 740/4266 | loss 1.6310 | acc 0.2219 | lr 8.68e-06 | 67s
2026-09-17 20:21:51 | INFO    | epoch 1 | batch 760/4266 | loss 1.6303 | acc 0.2224 | lr 8.92e-06 | 68s
2026-09-17 20:21:52 | INFO    | epoch 1 | batch 780/4266 | loss 1.6298 | acc 0.2232 | lr 9.15e-06 | 69s
2026-09-17 20:21:53 | INFO    | epoch 1 | batch 800/4266 | loss 1.6290 | acc 0.2247 | lr 9.39e-06 | 71s
2026-09-17 20:21:55 | INFO    | epoch 1 | batch 820/4266 | loss 1.6278 | acc 0.2272 | lr 9.62e-06 | 72s
2026-09-17 20:21:56 | INFO    | epoch 1 | batch 840/4266 | loss 1.6270 | acc 0.2281 | lr 9.86e-06 | 74s
2026-09-17 20:21:58 | INFO    | epoch 1 | batch 860/4266 | loss 1.6260 | acc 0.2290 | lr 1.01e-05 | 75s
2026-09-17 20:21:59 | INFO    | epoch 1 | batch 880/4266 | loss 1.6249 | acc 0.2304 | lr 1.03e-05 | 77s
2026-09-17 20:22:01 | INFO    | epoch 1 | batch 900/4266 | loss 1.6240 | acc 0.2315 | lr 1.06e-05 | 78s
2026-09-17 20:22:02 | INFO    | epoch 1 | batch 920/4266 | loss 1.6224 | acc 0.2337 | lr 1.08e-05 | 79s
2026-09-17 20:22:04 | INFO    | epoch 1 | batch 940/4266 | loss 1.6211 | acc 0.2351 | lr 1.10e-05 | 81s
2026-09-17 20:22:05 | INFO    | epoch 1 | batch 960/4266 | loss 1.6194 | acc 0.2370 | lr 1.13e-05 | 82s
2026-09-17 20:22:06 | INFO    | epoch 1 | batch 980/4266 | loss 1.6174 | acc 0.2389 | lr 1.15e-05 | 84s
2026-09-17 20:22:08 | INFO    | epoch 1 | batch 1000/4266 | loss 1.6154 | acc 0.2408 | lr 1.17e-05 | 85s
2026-09-17 20:22:09 | INFO    | epoch 1 | batch 1020/4266 | loss 1.6132 | acc 0.2431 | lr 1.20e-05 | 87s
2026-09-17 20:22:11 | INFO    | epoch 1 | batch 1040/4266 | loss 1.6108 | acc 0.2453 | lr 1.22e-05 | 88s
2026-09-17 20:22:12 | INFO    | epoch 1 | batch 1060/4266 | loss 1.6085 | acc 0.2470 | lr 1.24e-05 | 89s
2026-09-17 20:22:14 | INFO    | epoch 1 | batch 1080/4266 | loss 1.6060 | acc 0.2488 | lr 1.27e-05 | 91s
2026-09-17 20:22:15 | INFO    | epoch 1 | batch 1100/4266 | loss 1.6038 | acc 0.2503 | lr 1.29e-05 | 92s
2026-09-17 20:22:16 | INFO    | epoch 1 | batch 1120/4266 | loss 1.6014 | acc 0.2524 | lr 1.31e-05 | 94s
2026-09-17 20:22:18 | INFO    | epoch 1 | batch 1140/4266 | loss 1.5989 | acc 0.2540 | lr 1.34e-05 | 95s
2026-09-17 20:22:19 | INFO    | epoch 1 | batch 1160/4266 | loss 1.5961 | acc 0.2553 | lr 1.36e-05 | 97s
2026-09-17 20:22:21 | INFO    | epoch 1 | batch 1180/4266 | loss 1.5936 | acc 0.2568 | lr 1.38e-05 | 98s
2026-09-17 20:22:22 | INFO    | epoch 1 | batch 1200/4266 | loss 1.5909 | acc 0.2588 | lr 1.41e-05 | 100s
2026-09-17 20:22:24 | INFO    | epoch 1 | batch 1220/4266 | loss 1.5890 | acc 0.2599 | lr 1.43e-05 | 101s
2026-09-17 20:22:25 | INFO    | epoch 1 | batch 1240/4266 | loss 1.5863 | acc 0.2615 | lr 1.45e-05 | 103s
2026-09-17 20:22:27 | INFO    | epoch 1 | batch 1260/4266 | loss 1.5835 | acc 0.2638 | lr 1.48e-05 | 104s
2026-09-17 20:22:28 | INFO    | epoch 1 | batch 1280/4266 | loss 1.5808 | acc 0.2656 | lr 1.50e-05 | 105s
2026-09-17 20:22:30 | INFO    | epoch 1 | batch 1300/4266 | loss 1.5790 | acc 0.2672 | lr 1.52e-05 | 107s
2026-09-17 20:22:31 | INFO    | epoch 1 | batch 1320/4266 | loss 1.5766 | acc 0.2690 | lr 1.55e-05 | 108s
2026-09-17 20:22:32 | INFO    | epoch 1 | batch 1340/4266 | loss 1.5742 | acc 0.2703 | lr 1.57e-05 | 110s
2026-09-17 20:22:34 | INFO    | epoch 1 | batch 1360/4266 | loss 1.5717 | acc 0.2719 | lr 1.60e-05 | 111s
2026-09-17 20:22:35 | INFO    | epoch 1 | batch 1380/4266 | loss 1.5695 | acc 0.2734 | lr 1.62e-05 | 113s
2026-09-17 20:22:37 | INFO    | epoch 1 | batch 1400/4266 | loss 1.5672 | acc 0.2754 | lr 1.64e-05 | 114s
2026-09-17 20:22:38 | INFO    | epoch 1 | batch 1420/4266 | loss 1.5645 | acc 0.2772 | lr 1.67e-05 | 116s
2026-09-17 20:22:40 | INFO    | epoch 1 | batch 1440/4266 | loss 1.5620 | acc 0.2794 | lr 1.69e-05 | 117s
2026-09-17 20:22:41 | INFO    | epoch 1 | batch 1460/4266 | loss 1.5599 | acc 0.2809 | lr 1.71e-05 | 118s
2026-09-17 20:22:42 | INFO    | epoch 1 | batch 1480/4266 | loss 1.5580 | acc 0.2821 | lr 1.74e-05 | 120s
2026-09-17 20:22:44 | INFO    | epoch 1 | batch 1500/4266 | loss 1.5559 | acc 0.2836 | lr 1.76e-05 | 121s
2026-09-17 20:22:45 | INFO    | epoch 1 | batch 1520/4266 | loss 1.5539 | acc 0.2852 | lr 1.78e-05 | 123s
2026-09-17 20:22:47 | INFO    | epoch 1 | batch 1540/4266 | loss 1.5517 | acc 0.2865 | lr 1.81e-05 | 124s
2026-09-17 20:22:48 | INFO    | epoch 1 | batch 1560/4266 | loss 1.5495 | acc 0.2881 | lr 1.83e-05 | 125s
2026-09-17 20:22:49 | INFO    | epoch 1 | batch 1580/4266 | loss 1.5475 | acc 0.2896 | lr 1.85e-05 | 127s
2026-09-17 20:22:51 | INFO    | epoch 1 | batch 1600/4266 | loss 1.5452 | acc 0.2914 | lr 1.88e-05 | 128s
2026-09-17 20:22:52 | INFO    | epoch 1 | batch 1620/4266 | loss 1.5435 | acc 0.2922 | lr 1.90e-05 | 129s
2026-09-17 20:22:53 | INFO    | epoch 1 | batch 1640/4266 | loss 1.5412 | acc 0.2940 | lr 1.92e-05 | 131s
2026-09-17 20:22:55 | INFO    | epoch 1 | batch 1660/4266 | loss 1.5395 | acc 0.2954 | lr 1.95e-05 | 132s
2026-09-17 20:22:56 | INFO    | epoch 1 | batch 1680/4266 | loss 1.5376 | acc 0.2968 | lr 1.97e-05 | 133s
2026-09-17 20:22:57 | INFO    | epoch 1 | batch 1700/4266 | loss 1.5353 | acc 0.2985 | lr 1.99e-05 | 135s
2026-09-17 20:22:59 | INFO    | epoch 1 | batch 1720/4266 | loss 1.5336 | acc 0.2998 | lr 2.02e-05 | 136s
2026-09-17 20:23:00 | INFO    | epoch 1 | batch 1740/4266 | loss 1.5319 | acc 0.3009 | lr 2.04e-05 | 138s
2026-09-17 20:23:02 | INFO    | epoch 1 | batch 1760/4266 | loss 1.5300 | acc 0.3021 | lr 2.06e-05 | 139s
2026-09-17 20:23:03 | INFO    | epoch 1 | batch 1780/4266 | loss 1.5281 | acc 0.3035 | lr 2.09e-05 | 140s
2026-09-17 20:23:04 | INFO    | epoch 1 | batch 1800/4266 | loss 1.5265 | acc 0.3046 | lr 2.11e-05 | 142s
2026-09-17 20:23:06 | INFO    | epoch 1 | batch 1820/4266 | loss 1.5249 | acc 0.3056 | lr 2.13e-05 | 143s
2026-09-17 20:23:07 | INFO    | epoch 1 | batch 1840/4266 | loss 1.5231 | acc 0.3069 | lr 2.16e-05 | 145s
2026-09-17 20:23:09 | INFO    | epoch 1 | batch 1860/4266 | loss 1.5213 | acc 0.3082 | lr 2.18e-05 | 146s
2026-09-17 20:23:10 | INFO    | epoch 1 | batch 1880/4266 | loss 1.5198 | acc 0.3093 | lr 2.20e-05 | 147s
2026-09-17 20:23:11 | INFO    | epoch 1 | batch 1900/4266 | loss 1.5181 | acc 0.3105 | lr 2.23e-05 | 149s
2026-09-17 20:23:12 | INFO    | epoch 1 | batch 1920/4266 | loss 1.5162 | acc 0.3119 | lr 2.25e-05 | 150s
2026-09-17 20:23:14 | INFO    | epoch 1 | batch 1940/4266 | loss 1.5148 | acc 0.3130 | lr 2.27e-05 | 151s
2026-09-17 20:23:15 | INFO    | epoch 1 | batch 1960/4266 | loss 1.5136 | acc 0.3138 | lr 2.30e-05 | 152s
2026-09-17 20:23:16 | INFO    | epoch 1 | batch 1980/4266 | loss 1.5120 | acc 0.3148 | lr 2.32e-05 | 154s
2026-09-17 20:23:18 | INFO    | epoch 1 | batch 2000/4266 | loss 1.5103 | acc 0.3160 | lr 2.35e-05 | 155s
2026-09-17 20:23:19 | INFO    | epoch 1 | batch 2020/4266 | loss 1.5085 | acc 0.3171 | lr 2.37e-05 | 157s
2026-09-17 20:23:21 | INFO    | epoch 1 | batch 2040/4266 | loss 1.5068 | acc 0.3184 | lr 2.39e-05 | 158s
2026-09-17 20:23:22 | INFO    | epoch 1 | batch 2060/4266 | loss 1.5051 | acc 0.3194 | lr 2.42e-05 | 159s
2026-09-17 20:23:23 | INFO    | epoch 1 | batch 2080/4266 | loss 1.5039 | acc 0.3205 | lr 2.44e-05 | 161s
2026-09-17 20:23:25 | INFO    | epoch 1 | batch 2100/4266 | loss 1.5021 | acc 0.3219 | lr 2.46e-05 | 162s
2026-09-17 20:23:26 | INFO    | epoch 1 | batch 2120/4266 | loss 1.5005 | acc 0.3230 | lr 2.49e-05 | 164s
2026-09-17 20:23:28 | INFO    | epoch 1 | batch 2140/4266 | loss 1.4990 | acc 0.3243 | lr 2.51e-05 | 165s
2026-09-17 20:23:29 | INFO    | epoch 1 | batch 2160/4266 | loss 1.4974 | acc 0.3257 | lr 2.53e-05 | 166s
2026-09-17 20:23:30 | INFO    | epoch 1 | batch 2180/4266 | loss 1.4959 | acc 0.3268 | lr 2.56e-05 | 168s
2026-09-17 20:23:32 | INFO    | epoch 1 | batch 2200/4266 | loss 1.4942 | acc 0.3281 | lr 2.58e-05 | 169s
2026-09-17 20:23:33 | INFO    | epoch 1 | batch 2220/4266 | loss 1.4930 | acc 0.3290 | lr 2.60e-05 | 171s
2026-09-17 20:23:35 | INFO    | epoch 1 | batch 2240/4266 | loss 1.4915 | acc 0.3300 | lr 2.63e-05 | 172s
2026-09-17 20:23:36 | INFO    | epoch 1 | batch 2260/4266 | loss 1.4898 | acc 0.3309 | lr 2.65e-05 | 173s
2026-09-17 20:23:38 | INFO    | epoch 1 | batch 2280/4266 | loss 1.4884 | acc 0.3318 | lr 2.67e-05 | 175s
2026-09-17 20:23:39 | INFO    | epoch 1 | batch 2300/4266 | loss 1.4872 | acc 0.3328 | lr 2.70e-05 | 176s
2026-09-17 20:23:40 | INFO    | epoch 1 | batch 2320/4266 | loss 1.4857 | acc 0.3339 | lr 2.72e-05 | 178s
2026-09-17 20:23:42 | INFO    | epoch 1 | batch 2340/4266 | loss 1.4843 | acc 0.3348 | lr 2.74e-05 | 179s
2026-09-17 20:23:43 | INFO    | epoch 1 | batch 2360/4266 | loss 1.4828 | acc 0.3359 | lr 2.77e-05 | 181s
2026-09-17 20:23:45 | INFO    | epoch 1 | batch 2380/4266 | loss 1.4816 | acc 0.3368 | lr 2.79e-05 | 182s
2026-09-17 20:23:46 | INFO    | epoch 1 | batch 2400/4266 | loss 1.4800 | acc 0.3378 | lr 2.81e-05 | 183s
2026-09-17 20:23:47 | INFO    | epoch 1 | batch 2420/4266 | loss 1.4786 | acc 0.3388 | lr 2.84e-05 | 185s
2026-09-17 20:23:49 | INFO    | epoch 1 | batch 2440/4266 | loss 1.4769 | acc 0.3400 | lr 2.86e-05 | 186s
2026-09-17 20:23:50 | INFO    | epoch 1 | batch 2460/4266 | loss 1.4754 | acc 0.3410 | lr 2.88e-05 | 188s
2026-09-17 20:23:52 | INFO    | epoch 1 | batch 2480/4266 | loss 1.4740 | acc 0.3418 | lr 2.91e-05 | 189s
2026-09-17 20:23:53 | INFO    | epoch 1 | batch 2500/4266 | loss 1.4726 | acc 0.3427 | lr 2.93e-05 | 190s
2026-09-17 20:23:54 | INFO    | epoch 1 | batch 2520/4266 | loss 1.4715 | acc 0.3435 | lr 2.95e-05 | 192s
2026-09-17 20:23:56 | INFO    | epoch 1 | batch 2540/4266 | loss 1.4702 | acc 0.3445 | lr 2.98e-05 | 193s
2026-09-17 20:23:57 | INFO    | epoch 1 | batch 2560/4266 | loss 1.4686 | acc 0.3456 | lr 3.00e-05 | 195s
2026-09-17 20:23:59 | INFO    | epoch 1 | batch 2580/4266 | loss 1.4675 | acc 0.3464 | lr 3.03e-05 | 196s
2026-09-17 20:24:00 | INFO    | epoch 1 | batch 2600/4266 | loss 1.4662 | acc 0.3472 | lr 3.05e-05 | 198s
2026-09-17 20:24:01 | INFO    | epoch 1 | batch 2620/4266 | loss 1.4647 | acc 0.3484 | lr 3.07e-05 | 199s
2026-09-17 20:24:03 | INFO    | epoch 1 | batch 2640/4266 | loss 1.4635 | acc 0.3492 | lr 3.10e-05 | 200s
2026-09-17 20:24:04 | INFO    | epoch 1 | batch 2660/4266 | loss 1.4622 | acc 0.3501 | lr 3.12e-05 | 202s
2026-09-17 20:24:06 | INFO    | epoch 1 | batch 2680/4266 | loss 1.4610 | acc 0.3510 | lr 3.14e-05 | 203s
2026-09-17 20:24:07 | INFO    | epoch 1 | batch 2700/4266 | loss 1.4599 | acc 0.3518 | lr 3.17e-05 | 205s
2026-09-17 20:24:09 | INFO    | epoch 1 | batch 2720/4266 | loss 1.4587 | acc 0.3528 | lr 3.19e-05 | 206s
2026-09-17 20:24:10 | INFO    | epoch 1 | batch 2740/4266 | loss 1.4573 | acc 0.3538 | lr 3.21e-05 | 207s
2026-09-17 20:24:11 | INFO    | epoch 1 | batch 2760/4266 | loss 1.4559 | acc 0.3549 | lr 3.24e-05 | 209s
2026-09-17 20:24:13 | INFO    | epoch 1 | batch 2780/4266 | loss 1.4550 | acc 0.3555 | lr 3.26e-05 | 210s
2026-09-17 20:24:14 | INFO    | epoch 1 | batch 2800/4266 | loss 1.4536 | acc 0.3564 | lr 3.28e-05 | 212s
2026-09-17 20:24:16 | INFO    | epoch 1 | batch 2820/4266 | loss 1.4522 | acc 0.3573 | lr 3.31e-05 | 213s
2026-09-17 20:24:17 | INFO    | epoch 1 | batch 2840/4266 | loss 1.4508 | acc 0.3583 | lr 3.33e-05 | 214s
2026-09-17 20:24:19 | INFO    | epoch 1 | batch 2860/4266 | loss 1.4496 | acc 0.3591 | lr 3.35e-05 | 216s
2026-09-17 20:24:20 | INFO    | epoch 1 | batch 2880/4266 | loss 1.4482 | acc 0.3599 | lr 3.38e-05 | 217s
2026-09-17 20:24:21 | INFO    | epoch 1 | batch 2900/4266 | loss 1.4469 | acc 0.3609 | lr 3.40e-05 | 219s
2026-09-17 20:24:23 | INFO    | epoch 1 | batch 2920/4266 | loss 1.4457 | acc 0.3619 | lr 3.42e-05 | 220s
2026-09-17 20:24:24 | INFO    | epoch 1 | batch 2940/4266 | loss 1.4445 | acc 0.3629 | lr 3.45e-05 | 222s
2026-09-17 20:24:26 | INFO    | epoch 1 | batch 2960/4266 | loss 1.4437 | acc 0.3635 | lr 3.47e-05 | 223s
2026-09-17 20:24:27 | INFO    | epoch 1 | batch 2980/4266 | loss 1.4426 | acc 0.3642 | lr 3.49e-05 | 225s
2026-09-17 20:24:29 | INFO    | epoch 1 | batch 3000/4266 | loss 1.4414 | acc 0.3648 | lr 3.52e-05 | 226s
2026-09-17 20:24:30 | INFO    | epoch 1 | batch 3020/4266 | loss 1.4401 | acc 0.3657 | lr 3.54e-05 | 227s
2026-09-17 20:24:31 | INFO    | epoch 1 | batch 3040/4266 | loss 1.4390 | acc 0.3663 | lr 3.56e-05 | 229s
2026-09-17 20:24:33 | INFO    | epoch 1 | batch 3060/4266 | loss 1.4377 | acc 0.3670 | lr 3.59e-05 | 230s
2026-09-17 20:24:34 | INFO    | epoch 1 | batch 3080/4266 | loss 1.4366 | acc 0.3677 | lr 3.61e-05 | 232s
2026-09-17 20:24:36 | INFO    | epoch 1 | batch 3100/4266 | loss 1.4356 | acc 0.3683 | lr 3.63e-05 | 233s
2026-09-17 20:24:37 | INFO    | epoch 1 | batch 3120/4266 | loss 1.4346 | acc 0.3690 | lr 3.66e-05 | 235s
2026-09-17 20:24:39 | INFO    | epoch 1 | batch 3140/4266 | loss 1.4333 | acc 0.3698 | lr 3.68e-05 | 236s
2026-09-17 20:24:40 | INFO    | epoch 1 | batch 3160/4266 | loss 1.4322 | acc 0.3704 | lr 3.70e-05 | 237s
2026-09-17 20:24:41 | INFO    | epoch 1 | batch 3180/4266 | loss 1.4311 | acc 0.3712 | lr 3.73e-05 | 239s
2026-09-17 20:24:43 | INFO    | epoch 1 | batch 3200/4266 | loss 1.4298 | acc 0.3721 | lr 3.75e-05 | 240s
2026-09-17 20:24:44 | INFO    | epoch 1 | batch 3220/4266 | loss 1.4287 | acc 0.3728 | lr 3.78e-05 | 242s
2026-09-17 20:24:46 | INFO    | epoch 1 | batch 3240/4266 | loss 1.4276 | acc 0.3735 | lr 3.80e-05 | 243s
2026-09-17 20:24:47 | INFO    | epoch 1 | batch 3260/4266 | loss 1.4263 | acc 0.3745 | lr 3.82e-05 | 244s
2026-09-17 20:24:49 | INFO    | epoch 1 | batch 3280/4266 | loss 1.4250 | acc 0.3754 | lr 3.85e-05 | 246s
2026-09-17 20:24:50 | INFO    | epoch 1 | batch 3300/4266 | loss 1.4238 | acc 0.3762 | lr 3.87e-05 | 247s
2026-09-17 20:24:51 | INFO    | epoch 1 | batch 3320/4266 | loss 1.4228 | acc 0.3769 | lr 3.89e-05 | 249s
2026-09-17 20:24:53 | INFO    | epoch 1 | batch 3340/4266 | loss 1.4216 | acc 0.3777 | lr 3.92e-05 | 250s
2026-09-17 20:24:54 | INFO    | epoch 1 | batch 3360/4266 | loss 1.4207 | acc 0.3783 | lr 3.94e-05 | 252s
2026-09-17 20:24:56 | INFO    | epoch 1 | batch 3380/4266 | loss 1.4198 | acc 0.3788 | lr 3.96e-05 | 253s
2026-09-17 20:24:57 | INFO    | epoch 1 | batch 3400/4266 | loss 1.4186 | acc 0.3796 | lr 3.99e-05 | 254s
2026-09-17 20:24:58 | INFO    | epoch 1 | batch 3420/4266 | loss 1.4176 | acc 0.3802 | lr 4.01e-05 | 256s
2026-09-17 20:25:00 | INFO    | epoch 1 | batch 3440/4266 | loss 1.4166 | acc 0.3810 | lr 4.03e-05 | 257s
2026-09-17 20:25:01 | INFO    | epoch 1 | batch 3460/4266 | loss 1.4156 | acc 0.3816 | lr 4.06e-05 | 259s
2026-09-17 20:25:03 | INFO    | epoch 1 | batch 3480/4266 | loss 1.4144 | acc 0.3824 | lr 4.08e-05 | 260s
2026-09-17 20:25:04 | INFO    | epoch 1 | batch 3500/4266 | loss 1.4134 | acc 0.3832 | lr 4.10e-05 | 262s
2026-09-17 20:25:06 | INFO    | epoch 1 | batch 3520/4266 | loss 1.4125 | acc 0.3838 | lr 4.13e-05 | 263s
2026-09-17 20:25:07 | INFO    | epoch 1 | batch 3540/4266 | loss 1.4114 | acc 0.3846 | lr 4.15e-05 | 264s
2026-09-17 20:25:08 | INFO    | epoch 1 | batch 3560/4266 | loss 1.4104 | acc 0.3853 | lr 4.17e-05 | 266s
2026-09-17 20:25:10 | INFO    | epoch 1 | batch 3580/4266 | loss 1.4093 | acc 0.3859 | lr 4.20e-05 | 267s
2026-09-17 20:25:11 | INFO    | epoch 1 | batch 3600/4266 | loss 1.4081 | acc 0.3867 | lr 4.22e-05 | 269s
2026-09-17 20:25:13 | INFO    | epoch 1 | batch 3620/4266 | loss 1.4073 | acc 0.3872 | lr 4.24e-05 | 270s
2026-09-17 20:25:14 | INFO    | epoch 1 | batch 3640/4266 | loss 1.4061 | acc 0.3881 | lr 4.27e-05 | 272s
2026-09-17 20:25:16 | INFO    | epoch 1 | batch 3660/4266 | loss 1.4051 | acc 0.3888 | lr 4.29e-05 | 273s
2026-09-17 20:25:17 | INFO    | epoch 1 | batch 3680/4266 | loss 1.4040 | acc 0.3896 | lr 4.31e-05 | 274s
2026-09-17 20:25:19 | INFO    | epoch 1 | batch 3700/4266 | loss 1.4029 | acc 0.3905 | lr 4.34e-05 | 276s
2026-09-17 20:25:20 | INFO    | epoch 1 | batch 3720/4266 | loss 1.4020 | acc 0.3911 | lr 4.36e-05 | 277s
2026-09-17 20:25:21 | INFO    | epoch 1 | batch 3740/4266 | loss 1.4010 | acc 0.3918 | lr 4.38e-05 | 279s
2026-09-17 20:25:23 | INFO    | epoch 1 | batch 3760/4266 | loss 1.4001 | acc 0.3925 | lr 4.41e-05 | 280s
2026-09-17 20:25:24 | INFO    | epoch 1 | batch 3780/4266 | loss 1.3992 | acc 0.3932 | lr 4.43e-05 | 282s
2026-09-17 20:25:26 | INFO    | epoch 1 | batch 3800/4266 | loss 1.3982 | acc 0.3941 | lr 4.45e-05 | 283s
2026-09-17 20:25:27 | INFO    | epoch 1 | batch 3820/4266 | loss 1.3973 | acc 0.3947 | lr 4.48e-05 | 284s
2026-09-17 20:25:28 | INFO    | epoch 1 | batch 3840/4266 | loss 1.3962 | acc 0.3954 | lr 4.50e-05 | 286s
2026-09-17 20:25:30 | INFO    | epoch 1 | batch 3860/4266 | loss 1.3954 | acc 0.3961 | lr 4.53e-05 | 287s
2026-09-17 20:25:31 | INFO    | epoch 1 | batch 3880/4266 | loss 1.3944 | acc 0.3968 | lr 4.55e-05 | 289s
2026-09-17 20:25:33 | INFO    | epoch 1 | batch 3900/4266 | loss 1.3935 | acc 0.3974 | lr 4.57e-05 | 290s
2026-09-17 20:25:34 | INFO    | epoch 1 | batch 3920/4266 | loss 1.3927 | acc 0.3979 | lr 4.60e-05 | 292s
2026-09-17 20:25:36 | INFO    | epoch 1 | batch 3940/4266 | loss 1.3918 | acc 0.3985 | lr 4.62e-05 | 293s
2026-09-17 20:25:37 | INFO    | epoch 1 | batch 3960/4266 | loss 1.3909 | acc 0.3990 | lr 4.64e-05 | 294s
2026-09-17 20:25:38 | INFO    | epoch 1 | batch 3980/4266 | loss 1.3898 | acc 0.3998 | lr 4.67e-05 | 296s
2026-09-17 20:25:40 | INFO    | epoch 1 | batch 4000/4266 | loss 1.3888 | acc 0.4004 | lr 4.69e-05 | 297s
2026-09-17 20:25:41 | INFO    | epoch 1 | batch 4020/4266 | loss 1.3878 | acc 0.4012 | lr 4.71e-05 | 298s
2026-09-17 20:25:43 | INFO    | epoch 1 | batch 4040/4266 | loss 1.3868 | acc 0.4018 | lr 4.74e-05 | 300s
2026-09-17 20:25:44 | INFO    | epoch 1 | batch 4060/4266 | loss 1.3862 | acc 0.4022 | lr 4.76e-05 | 301s
2026-09-17 20:25:45 | INFO    | epoch 1 | batch 4080/4266 | loss 1.3852 | acc 0.4029 | lr 4.78e-05 | 303s
2026-09-17 20:25:47 | INFO    | epoch 1 | batch 4100/4266 | loss 1.3843 | acc 0.4036 | lr 4.81e-05 | 304s
2026-09-17 20:25:48 | INFO    | epoch 1 | batch 4120/4266 | loss 1.3834 | acc 0.4042 | lr 4.83e-05 | 305s
2026-09-17 20:25:50 | INFO    | epoch 1 | batch 4140/4266 | loss 1.3827 | acc 0.4047 | lr 4.85e-05 | 307s
2026-09-17 20:25:51 | INFO    | epoch 1 | batch 4160/4266 | loss 1.3818 | acc 0.4053 | lr 4.88e-05 | 308s
2026-09-17 20:25:52 | INFO    | epoch 1 | batch 4180/4266 | loss 1.3808 | acc 0.4059 | lr 4.90e-05 | 310s
2026-09-17 20:25:54 | INFO    | epoch 1 | batch 4200/4266 | loss 1.3799 | acc 0.4065 | lr 4.92e-05 | 311s
2026-09-17 20:25:55 | INFO    | epoch 1 | batch 4220/4266 | loss 1.3790 | acc 0.4070 | lr 4.95e-05 | 313s
2026-09-17 20:25:57 | INFO    | epoch 1 | batch 4240/4266 | loss 1.3780 | acc 0.4076 | lr 4.97e-05 | 314s
2026-09-17 20:25:58 | INFO    | epoch 1 | batch 4260/4266 | loss 1.3773 | acc 0.4081 | lr 4.99e-05 | 315s
2026-09-17 20:26:07 | INFO    | epoch 1 | batch 4266/4266 | loss 1.3771 | acc 0.4082 | lr 5.00e-05 | 324s
2026-09-17 20:26:23 | INFO    | epoch 1/40 done in 340s | train loss 1.3771 | train running patch (aug): accuracy=0.4082 precision=0.3861 recall=0.3777 f1=0.3679
2026-09-17 20:26:23 | INFO    | epoch 1 train (eval, no aug) | loss 1.8146 | patch[7280]: accuracy=0.3099 precision=0.3987 recall=0.2802 f1=0.2233 | image[455]: accuracy=0.3055 precision=0.4795 recall=0.2758 f1=0.2178
2026-09-17 20:26:23 | INFO    | epoch 1 val | loss 1.8754 | patch[8448]: accuracy=0.3205 precision=0.3370 recall=0.2863 f1=0.2110 | image[96]: accuracy=0.3333 precision=0.3287 recall=0.2957 f1=0.2195
2026-09-17 20:26:23 | INFO    | val_patch_f1 = 0.2110 (best 0.2110 @ epoch 1) *
2026-09-17 20:26:24 | INFO    | epoch 2 | batch 20/4266 | loss 1.1948 | acc 0.5422 | lr 5.02e-05 | 2s
2026-09-17 20:26:26 | INFO    | epoch 2 | batch 40/4266 | loss 1.2008 | acc 0.5352 | lr 5.05e-05 | 3s
2026-09-17 20:26:27 | INFO    | epoch 2 | batch 60/4266 | loss 1.1953 | acc 0.5312 | lr 5.07e-05 | 4s
2026-09-17 20:26:28 | INFO    | epoch 2 | batch 80/4266 | loss 1.1915 | acc 0.5324 | lr 5.09e-05 | 6s
2026-09-17 20:26:30 | INFO    | epoch 2 | batch 100/4266 | loss 1.1909 | acc 0.5353 | lr 5.12e-05 | 7s
2026-09-17 20:26:31 | INFO    | epoch 2 | batch 120/4266 | loss 1.1904 | acc 0.5326 | lr 5.14e-05 | 9s
2026-09-17 20:26:33 | INFO    | epoch 2 | batch 140/4266 | loss 1.1867 | acc 0.5328 | lr 5.17e-05 | 10s
2026-09-17 20:26:34 | INFO    | epoch 2 | batch 160/4266 | loss 1.1849 | acc 0.5357 | lr 5.19e-05 | 11s
2026-09-17 20:26:35 | INFO    | epoch 2 | batch 180/4266 | loss 1.1841 | acc 0.5377 | lr 5.21e-05 | 13s
2026-09-17 20:26:37 | INFO    | epoch 2 | batch 200/4266 | loss 1.1859 | acc 0.5392 | lr 5.24e-05 | 14s
2026-09-17 20:26:38 | INFO    | epoch 2 | batch 220/4266 | loss 1.1825 | acc 0.5423 | lr 5.26e-05 | 16s
2026-09-17 20:26:40 | INFO    | epoch 2 | batch 240/4266 | loss 1.1831 | acc 0.5424 | lr 5.28e-05 | 17s
2026-09-17 20:26:41 | INFO    | epoch 2 | batch 260/4266 | loss 1.1827 | acc 0.5445 | lr 5.31e-05 | 19s
2026-09-17 20:26:43 | INFO    | epoch 2 | batch 280/4266 | loss 1.1795 | acc 0.5458 | lr 5.33e-05 | 20s
2026-09-17 20:26:44 | INFO    | epoch 2 | batch 300/4266 | loss 1.1801 | acc 0.5452 | lr 5.35e-05 | 22s
2026-09-17 20:26:46 | INFO    | epoch 2 | batch 320/4266 | loss 1.1804 | acc 0.5451 | lr 5.38e-05 | 23s
2026-09-17 20:26:47 | INFO    | epoch 2 | batch 340/4266 | loss 1.1780 | acc 0.5480 | lr 5.40e-05 | 24s
2026-09-17 20:26:48 | INFO    | epoch 2 | batch 360/4266 | loss 1.1749 | acc 0.5499 | lr 5.42e-05 | 26s
2026-09-17 20:26:50 | INFO    | epoch 2 | batch 380/4266 | loss 1.1798 | acc 0.5479 | lr 5.45e-05 | 27s
2026-09-17 20:26:51 | INFO    | epoch 2 | batch 400/4266 | loss 1.1793 | acc 0.5471 | lr 5.47e-05 | 29s
2026-09-17 20:26:53 | INFO    | epoch 2 | batch 420/4266 | loss 1.1781 | acc 0.5475 | lr 5.49e-05 | 30s
2026-09-17 20:26:54 | INFO    | epoch 2 | batch 440/4266 | loss 1.1773 | acc 0.5484 | lr 5.52e-05 | 32s
2026-09-17 20:26:56 | INFO    | epoch 2 | batch 460/4266 | loss 1.1755 | acc 0.5492 | lr 5.54e-05 | 33s
2026-09-17 20:26:57 | INFO    | epoch 2 | batch 480/4266 | loss 1.1751 | acc 0.5505 | lr 5.56e-05 | 34s
2026-09-17 20:26:58 | INFO    | epoch 2 | batch 500/4266 | loss 1.1751 | acc 0.5505 | lr 5.59e-05 | 36s
2026-09-17 20:27:00 | INFO    | epoch 2 | batch 520/4266 | loss 1.1743 | acc 0.5514 | lr 5.61e-05 | 37s
2026-09-17 20:27:01 | INFO    | epoch 2 | batch 540/4266 | loss 1.1743 | acc 0.5512 | lr 5.63e-05 | 38s
2026-09-17 20:27:02 | INFO    | epoch 2 | batch 560/4266 | loss 1.1749 | acc 0.5513 | lr 5.66e-05 | 40s
2026-09-17 20:27:04 | INFO    | epoch 2 | batch 580/4266 | loss 1.1740 | acc 0.5522 | lr 5.68e-05 | 41s
2026-09-17 20:27:05 | INFO    | epoch 2 | batch 600/4266 | loss 1.1734 | acc 0.5530 | lr 5.70e-05 | 43s
2026-09-17 20:27:07 | INFO    | epoch 2 | batch 620/4266 | loss 1.1723 | acc 0.5530 | lr 5.73e-05 | 44s
2026-09-17 20:27:08 | INFO    | epoch 2 | batch 640/4266 | loss 1.1715 | acc 0.5537 | lr 5.75e-05 | 46s
2026-09-17 20:27:10 | INFO    | epoch 2 | batch 660/4266 | loss 1.1704 | acc 0.5534 | lr 5.77e-05 | 47s
2026-09-17 20:27:11 | INFO    | epoch 2 | batch 680/4266 | loss 1.1701 | acc 0.5537 | lr 5.80e-05 | 48s
2026-09-17 20:27:12 | INFO    | epoch 2 | batch 700/4266 | loss 1.1692 | acc 0.5542 | lr 5.82e-05 | 50s
2026-09-17 20:27:14 | INFO    | epoch 2 | batch 720/4266 | loss 1.1686 | acc 0.5553 | lr 5.85e-05 | 51s
2026-09-17 20:27:15 | INFO    | epoch 2 | batch 740/4266 | loss 1.1681 | acc 0.5549 | lr 5.87e-05 | 53s
2026-09-17 20:27:17 | INFO    | epoch 2 | batch 760/4266 | loss 1.1673 | acc 0.5561 | lr 5.89e-05 | 54s
2026-09-17 20:27:18 | INFO    | epoch 2 | batch 780/4266 | loss 1.1665 | acc 0.5562 | lr 5.92e-05 | 56s
2026-09-17 20:27:20 | INFO    | epoch 2 | batch 800/4266 | loss 1.1658 | acc 0.5564 | lr 5.94e-05 | 57s
2026-09-17 20:27:21 | INFO    | epoch 2 | batch 820/4266 | loss 1.1645 | acc 0.5571 | lr 5.96e-05 | 59s
2026-09-17 20:27:23 | INFO    | epoch 2 | batch 840/4266 | loss 1.1637 | acc 0.5573 | lr 5.99e-05 | 60s
2026-09-17 20:27:24 | INFO    | epoch 2 | batch 860/4266 | loss 1.1635 | acc 0.5573 | lr 6.01e-05 | 62s
2026-09-17 20:27:26 | INFO    | epoch 2 | batch 880/4266 | loss 1.1634 | acc 0.5573 | lr 6.03e-05 | 63s
2026-09-17 20:27:27 | INFO    | epoch 2 | batch 900/4266 | loss 1.1629 | acc 0.5576 | lr 6.06e-05 | 64s
2026-09-17 20:27:29 | INFO    | epoch 2 | batch 920/4266 | loss 1.1625 | acc 0.5576 | lr 6.08e-05 | 66s
2026-09-17 20:27:30 | INFO    | epoch 2 | batch 940/4266 | loss 1.1625 | acc 0.5575 | lr 6.10e-05 | 67s
2026-09-17 20:27:31 | INFO    | epoch 2 | batch 960/4266 | loss 1.1621 | acc 0.5580 | lr 6.13e-05 | 69s
2026-09-17 20:27:33 | INFO    | epoch 2 | batch 980/4266 | loss 1.1612 | acc 0.5588 | lr 6.15e-05 | 70s
2026-09-17 20:27:34 | INFO    | epoch 2 | batch 1000/4266 | loss 1.1609 | acc 0.5587 | lr 6.17e-05 | 72s
2026-09-17 20:27:36 | INFO    | epoch 2 | batch 1020/4266 | loss 1.1614 | acc 0.5585 | lr 6.20e-05 | 73s
2026-09-17 20:27:37 | INFO    | epoch 2 | batch 1040/4266 | loss 1.1608 | acc 0.5586 | lr 6.22e-05 | 75s
2026-09-17 20:27:39 | INFO    | epoch 2 | batch 1060/4266 | loss 1.1601 | acc 0.5590 | lr 6.24e-05 | 76s
2026-09-17 20:27:40 | INFO    | epoch 2 | batch 1080/4266 | loss 1.1595 | acc 0.5593 | lr 6.27e-05 | 77s
2026-09-17 20:27:41 | INFO    | epoch 2 | batch 1100/4266 | loss 1.1583 | acc 0.5600 | lr 6.29e-05 | 79s
2026-09-17 20:27:43 | INFO    | epoch 2 | batch 1120/4266 | loss 1.1583 | acc 0.5606 | lr 6.31e-05 | 80s
2026-09-17 20:27:44 | INFO    | epoch 2 | batch 1140/4266 | loss 1.1581 | acc 0.5607 | lr 6.34e-05 | 82s
2026-09-17 20:27:46 | INFO    | epoch 2 | batch 1160/4266 | loss 1.1569 | acc 0.5615 | lr 6.36e-05 | 83s
2026-09-17 20:27:47 | INFO    | epoch 2 | batch 1180/4266 | loss 1.1573 | acc 0.5612 | lr 6.38e-05 | 84s
2026-09-17 20:27:49 | INFO    | epoch 2 | batch 1200/4266 | loss 1.1568 | acc 0.5614 | lr 6.41e-05 | 86s
2026-09-17 20:27:50 | INFO    | epoch 2 | batch 1220/4266 | loss 1.1569 | acc 0.5614 | lr 6.43e-05 | 87s
2026-09-17 20:27:51 | INFO    | epoch 2 | batch 1240/4266 | loss 1.1561 | acc 0.5618 | lr 6.45e-05 | 89s
2026-09-17 20:27:53 | INFO    | epoch 2 | batch 1260/4266 | loss 1.1556 | acc 0.5622 | lr 6.48e-05 | 90s
2026-09-17 20:27:54 | INFO    | epoch 2 | batch 1280/4266 | loss 1.1559 | acc 0.5619 | lr 6.50e-05 | 92s
2026-09-17 20:27:56 | INFO    | epoch 2 | batch 1300/4266 | loss 1.1548 | acc 0.5626 | lr 6.52e-05 | 93s
2026-09-17 20:27:57 | INFO    | epoch 2 | batch 1320/4266 | loss 1.1542 | acc 0.5630 | lr 6.55e-05 | 94s
2026-09-17 20:27:58 | INFO    | epoch 2 | batch 1340/4266 | loss 1.1540 | acc 0.5630 | lr 6.57e-05 | 96s
2026-09-17 20:28:00 | INFO    | epoch 2 | batch 1360/4266 | loss 1.1537 | acc 0.5631 | lr 6.60e-05 | 97s
2026-09-17 20:28:01 | INFO    | epoch 2 | batch 1380/4266 | loss 1.1540 | acc 0.5627 | lr 6.62e-05 | 99s
2026-09-17 20:28:03 | INFO    | epoch 2 | batch 1400/4266 | loss 1.1537 | acc 0.5628 | lr 6.64e-05 | 100s
2026-09-17 20:28:04 | INFO    | epoch 2 | batch 1420/4266 | loss 1.1528 | acc 0.5638 | lr 6.67e-05 | 101s
2026-09-17 20:28:06 | INFO    | epoch 2 | batch 1440/4266 | loss 1.1517 | acc 0.5645 | lr 6.69e-05 | 103s
2026-09-17 20:28:07 | INFO    | epoch 2 | batch 1460/4266 | loss 1.1517 | acc 0.5646 | lr 6.71e-05 | 104s
2026-09-17 20:28:08 | INFO    | epoch 2 | batch 1480/4266 | loss 1.1510 | acc 0.5652 | lr 6.74e-05 | 106s
2026-09-17 20:28:10 | INFO    | epoch 2 | batch 1500/4266 | loss 1.1503 | acc 0.5654 | lr 6.76e-05 | 107s
2026-09-17 20:28:11 | INFO    | epoch 2 | batch 1520/4266 | loss 1.1494 | acc 0.5660 | lr 6.78e-05 | 109s
2026-09-17 20:28:13 | INFO    | epoch 2 | batch 1540/4266 | loss 1.1489 | acc 0.5661 | lr 6.81e-05 | 110s
2026-09-17 20:28:14 | INFO    | epoch 2 | batch 1560/4266 | loss 1.1483 | acc 0.5666 | lr 6.83e-05 | 112s
2026-09-17 20:28:16 | INFO    | epoch 2 | batch 1580/4266 | loss 1.1479 | acc 0.5667 | lr 6.85e-05 | 113s
2026-09-17 20:28:17 | INFO    | epoch 2 | batch 1600/4266 | loss 1.1474 | acc 0.5671 | lr 6.88e-05 | 114s
2026-09-17 20:28:18 | INFO    | epoch 2 | batch 1620/4266 | loss 1.1468 | acc 0.5673 | lr 6.90e-05 | 116s
2026-09-17 20:28:20 | INFO    | epoch 2 | batch 1640/4266 | loss 1.1464 | acc 0.5676 | lr 6.92e-05 | 117s
2026-09-17 20:28:21 | INFO    | epoch 2 | batch 1660/4266 | loss 1.1457 | acc 0.5680 | lr 6.95e-05 | 119s
2026-09-17 20:28:23 | INFO    | epoch 2 | batch 1680/4266 | loss 1.1455 | acc 0.5682 | lr 6.97e-05 | 120s
2026-09-17 20:28:24 | INFO    | epoch 2 | batch 1700/4266 | loss 1.1452 | acc 0.5683 | lr 6.99e-05 | 122s
2026-09-17 20:28:26 | INFO    | epoch 2 | batch 1720/4266 | loss 1.1440 | acc 0.5691 | lr 7.02e-05 | 123s
2026-09-17 20:28:27 | INFO    | epoch 2 | batch 1740/4266 | loss 1.1435 | acc 0.5695 | lr 7.04e-05 | 124s
2026-09-17 20:28:29 | INFO    | epoch 2 | batch 1760/4266 | loss 1.1430 | acc 0.5699 | lr 7.06e-05 | 126s
2026-09-17 20:28:30 | INFO    | epoch 2 | batch 1780/4266 | loss 1.1424 | acc 0.5704 | lr 7.09e-05 | 127s
2026-09-17 20:28:31 | INFO    | epoch 2 | batch 1800/4266 | loss 1.1421 | acc 0.5707 | lr 7.11e-05 | 129s
2026-09-17 20:28:33 | INFO    | epoch 2 | batch 1820/4266 | loss 1.1416 | acc 0.5710 | lr 7.13e-05 | 130s
2026-09-17 20:28:34 | INFO    | epoch 2 | batch 1840/4266 | loss 1.1413 | acc 0.5713 | lr 7.16e-05 | 132s
2026-09-17 20:28:36 | INFO    | epoch 2 | batch 1860/4266 | loss 1.1410 | acc 0.5718 | lr 7.18e-05 | 133s
2026-09-17 20:28:37 | INFO    | epoch 2 | batch 1880/4266 | loss 1.1403 | acc 0.5722 | lr 7.20e-05 | 135s
2026-09-17 20:28:39 | INFO    | epoch 2 | batch 1900/4266 | loss 1.1401 | acc 0.5723 | lr 7.23e-05 | 136s
2026-09-17 20:28:40 | INFO    | epoch 2 | batch 1920/4266 | loss 1.1399 | acc 0.5726 | lr 7.25e-05 | 138s
2026-09-17 20:28:42 | INFO    | epoch 2 | batch 1940/4266 | loss 1.1397 | acc 0.5726 | lr 7.27e-05 | 139s
2026-09-17 20:28:43 | INFO    | epoch 2 | batch 1960/4266 | loss 1.1395 | acc 0.5727 | lr 7.30e-05 | 140s
2026-09-17 20:28:45 | INFO    | epoch 2 | batch 1980/4266 | loss 1.1395 | acc 0.5726 | lr 7.32e-05 | 142s
2026-09-17 20:28:46 | INFO    | epoch 2 | batch 2000/4266 | loss 1.1392 | acc 0.5725 | lr 7.35e-05 | 143s
2026-09-17 20:28:47 | INFO    | epoch 2 | batch 2020/4266 | loss 1.1396 | acc 0.5724 | lr 7.37e-05 | 145s
2026-09-17 20:28:49 | INFO    | epoch 2 | batch 2040/4266 | loss 1.1390 | acc 0.5727 | lr 7.39e-05 | 146s
2026-09-17 20:28:50 | INFO    | epoch 2 | batch 2060/4266 | loss 1.1387 | acc 0.5727 | lr 7.42e-05 | 148s
2026-09-17 20:28:52 | INFO    | epoch 2 | batch 2080/4266 | loss 1.1382 | acc 0.5730 | lr 7.44e-05 | 149s
2026-09-17 20:28:53 | INFO    | epoch 2 | batch 2100/4266 | loss 1.1375 | acc 0.5732 | lr 7.46e-05 | 150s
2026-09-17 20:28:54 | INFO    | epoch 2 | batch 2120/4266 | loss 1.1369 | acc 0.5737 | lr 7.49e-05 | 152s
2026-09-17 20:28:56 | INFO    | epoch 2 | batch 2140/4266 | loss 1.1366 | acc 0.5741 | lr 7.51e-05 | 153s
2026-09-17 20:28:57 | INFO    | epoch 2 | batch 2160/4266 | loss 1.1359 | acc 0.5744 | lr 7.53e-05 | 155s
2026-09-17 20:28:59 | INFO    | epoch 2 | batch 2180/4266 | loss 1.1357 | acc 0.5745 | lr 7.56e-05 | 156s
2026-09-17 20:29:00 | INFO    | epoch 2 | batch 2200/4266 | loss 1.1353 | acc 0.5748 | lr 7.58e-05 | 158s
2026-09-17 20:29:02 | INFO    | epoch 2 | batch 2220/4266 | loss 1.1348 | acc 0.5751 | lr 7.60e-05 | 159s
2026-09-17 20:29:03 | INFO    | epoch 2 | batch 2240/4266 | loss 1.1355 | acc 0.5748 | lr 7.63e-05 | 161s
2026-09-17 20:29:05 | INFO    | epoch 2 | batch 2260/4266 | loss 1.1347 | acc 0.5753 | lr 7.65e-05 | 162s
2026-09-17 20:29:06 | INFO    | epoch 2 | batch 2280/4266 | loss 1.1344 | acc 0.5755 | lr 7.67e-05 | 164s
2026-09-17 20:29:08 | INFO    | epoch 2 | batch 2300/4266 | loss 1.1341 | acc 0.5756 | lr 7.70e-05 | 165s
2026-09-17 20:29:09 | INFO    | epoch 2 | batch 2320/4266 | loss 1.1334 | acc 0.5761 | lr 7.72e-05 | 166s
2026-09-17 20:29:10 | INFO    | epoch 2 | batch 2340/4266 | loss 1.1333 | acc 0.5762 | lr 7.74e-05 | 168s
2026-09-17 20:29:12 | INFO    | epoch 2 | batch 2360/4266 | loss 1.1326 | acc 0.5766 | lr 7.77e-05 | 169s
2026-09-17 20:29:13 | INFO    | epoch 2 | batch 2380/4266 | loss 1.1323 | acc 0.5768 | lr 7.79e-05 | 171s
2026-09-17 20:29:15 | INFO    | epoch 2 | batch 2400/4266 | loss 1.1322 | acc 0.5770 | lr 7.81e-05 | 172s
2026-09-17 20:29:16 | INFO    | epoch 2 | batch 2420/4266 | loss 1.1318 | acc 0.5772 | lr 7.84e-05 | 174s
2026-09-17 20:29:18 | INFO    | epoch 2 | batch 2440/4266 | loss 1.1313 | acc 0.5774 | lr 7.86e-05 | 175s
2026-09-17 20:29:19 | INFO    | epoch 2 | batch 2460/4266 | loss 1.1309 | acc 0.5777 | lr 7.88e-05 | 176s
2026-09-17 20:29:20 | INFO    | epoch 2 | batch 2480/4266 | loss 1.1306 | acc 0.5782 | lr 7.91e-05 | 178s
2026-09-17 20:29:22 | INFO    | epoch 2 | batch 2500/4266 | loss 1.1302 | acc 0.5784 | lr 7.93e-05 | 179s
2026-09-17 20:29:23 | INFO    | epoch 2 | batch 2520/4266 | loss 1.1297 | acc 0.5788 | lr 7.95e-05 | 181s
2026-09-17 20:29:25 | INFO    | epoch 2 | batch 2540/4266 | loss 1.1294 | acc 0.5790 | lr 7.98e-05 | 182s
2026-09-17 20:29:26 | INFO    | epoch 2 | batch 2560/4266 | loss 1.1292 | acc 0.5790 | lr 8.00e-05 | 184s
2026-09-17 20:29:28 | INFO    | epoch 2 | batch 2580/4266 | loss 1.1291 | acc 0.5793 | lr 8.03e-05 | 185s
2026-09-17 20:29:29 | INFO    | epoch 2 | batch 2600/4266 | loss 1.1289 | acc 0.5795 | lr 8.05e-05 | 186s
2026-09-17 20:29:31 | INFO    | epoch 2 | batch 2620/4266 | loss 1.1283 | acc 0.5799 | lr 8.07e-05 | 188s
2026-09-17 20:29:32 | INFO    | epoch 2 | batch 2640/4266 | loss 1.1280 | acc 0.5803 | lr 8.10e-05 | 189s
2026-09-17 20:29:33 | INFO    | epoch 2 | batch 2660/4266 | loss 1.1275 | acc 0.5805 | lr 8.12e-05 | 191s
2026-09-17 20:29:35 | INFO    | epoch 2 | batch 2680/4266 | loss 1.1269 | acc 0.5810 | lr 8.14e-05 | 192s
2026-09-17 20:29:36 | INFO    | epoch 2 | batch 2700/4266 | loss 1.1264 | acc 0.5812 | lr 8.17e-05 | 194s
2026-09-17 20:29:38 | INFO    | epoch 2 | batch 2720/4266 | loss 1.1265 | acc 0.5812 | lr 8.19e-05 | 195s
2026-09-17 20:29:39 | INFO    | epoch 2 | batch 2740/4266 | loss 1.1260 | acc 0.5816 | lr 8.21e-05 | 196s
2026-09-17 20:29:40 | INFO    | epoch 2 | batch 2760/4266 | loss 1.1255 | acc 0.5820 | lr 8.24e-05 | 198s
2026-09-17 20:29:42 | INFO    | epoch 2 | batch 2780/4266 | loss 1.1250 | acc 0.5824 | lr 8.26e-05 | 199s
2026-09-17 20:29:43 | INFO    | epoch 2 | batch 2800/4266 | loss 1.1246 | acc 0.5828 | lr 8.28e-05 | 201s
2026-09-17 20:29:45 | INFO    | epoch 2 | batch 2820/4266 | loss 1.1242 | acc 0.5831 | lr 8.31e-05 | 202s
2026-09-17 20:29:46 | INFO    | epoch 2 | batch 2840/4266 | loss 1.1238 | acc 0.5833 | lr 8.33e-05 | 204s
2026-09-17 20:29:48 | INFO    | epoch 2 | batch 2860/4266 | loss 1.1235 | acc 0.5835 | lr 8.35e-05 | 205s
2026-09-17 20:29:49 | INFO    | epoch 2 | batch 2880/4266 | loss 1.1232 | acc 0.5836 | lr 8.38e-05 | 206s
2026-09-17 20:29:50 | INFO    | epoch 2 | batch 2900/4266 | loss 1.1225 | acc 0.5841 | lr 8.40e-05 | 208s
2026-09-17 20:29:52 | INFO    | epoch 2 | batch 2920/4266 | loss 1.1220 | acc 0.5845 | lr 8.42e-05 | 209s
2026-09-17 20:29:53 | INFO    | epoch 2 | batch 2940/4266 | loss 1.1216 | acc 0.5847 | lr 8.45e-05 | 211s
2026-09-17 20:29:55 | INFO    | epoch 2 | batch 2960/4266 | loss 1.1212 | acc 0.5851 | lr 8.47e-05 | 212s
2026-09-17 20:29:56 | INFO    | epoch 2 | batch 2980/4266 | loss 1.1210 | acc 0.5849 | lr 8.49e-05 | 214s
2026-09-17 20:29:58 | INFO    | epoch 2 | batch 3000/4266 | loss 1.1207 | acc 0.5850 | lr 8.52e-05 | 215s
2026-09-17 20:29:59 | INFO    | epoch 2 | batch 3020/4266 | loss 1.1202 | acc 0.5854 | lr 8.54e-05 | 217s
2026-09-17 20:30:01 | INFO    | epoch 2 | batch 3040/4266 | loss 1.1199 | acc 0.5856 | lr 8.56e-05 | 218s
2026-09-17 20:30:02 | INFO    | epoch 2 | batch 3060/4266 | loss 1.1195 | acc 0.5857 | lr 8.59e-05 | 219s
2026-09-17 20:30:03 | INFO    | epoch 2 | batch 3080/4266 | loss 1.1192 | acc 0.5859 | lr 8.61e-05 | 221s
2026-09-17 20:30:05 | INFO    | epoch 2 | batch 3100/4266 | loss 1.1186 | acc 0.5863 | lr 8.63e-05 | 222s
2026-09-17 20:30:06 | INFO    | epoch 2 | batch 3120/4266 | loss 1.1180 | acc 0.5867 | lr 8.66e-05 | 224s
2026-09-17 20:30:08 | INFO    | epoch 2 | batch 3140/4266 | loss 1.1175 | acc 0.5868 | lr 8.68e-05 | 225s
2026-09-17 20:30:09 | INFO    | epoch 2 | batch 3160/4266 | loss 1.1172 | acc 0.5870 | lr 8.70e-05 | 227s
2026-09-17 20:30:11 | INFO    | epoch 2 | batch 3180/4266 | loss 1.1169 | acc 0.5872 | lr 8.73e-05 | 228s
2026-09-17 20:30:12 | INFO    | epoch 2 | batch 3200/4266 | loss 1.1166 | acc 0.5875 | lr 8.75e-05 | 229s
2026-09-17 20:30:13 | INFO    | epoch 2 | batch 3220/4266 | loss 1.1163 | acc 0.5878 | lr 8.78e-05 | 231s
2026-09-17 20:30:15 | INFO    | epoch 2 | batch 3240/4266 | loss 1.1160 | acc 0.5880 | lr 8.80e-05 | 232s
2026-09-17 20:30:16 | INFO    | epoch 2 | batch 3260/4266 | loss 1.1155 | acc 0.5883 | lr 8.82e-05 | 234s
2026-09-17 20:30:18 | INFO    | epoch 2 | batch 3280/4266 | loss 1.1153 | acc 0.5885 | lr 8.85e-05 | 235s
2026-09-17 20:30:19 | INFO    | epoch 2 | batch 3300/4266 | loss 1.1149 | acc 0.5887 | lr 8.87e-05 | 237s
2026-09-17 20:30:21 | INFO    | epoch 2 | batch 3320/4266 | loss 1.1146 | acc 0.5889 | lr 8.89e-05 | 238s
2026-09-17 20:30:22 | INFO    | epoch 2 | batch 3340/4266 | loss 1.1143 | acc 0.5891 | lr 8.92e-05 | 239s
2026-09-17 20:30:23 | INFO    | epoch 2 | batch 3360/4266 | loss 1.1138 | acc 0.5894 | lr 8.94e-05 | 241s
2026-09-17 20:30:25 | INFO    | epoch 2 | batch 3380/4266 | loss 1.1133 | acc 0.5896 | lr 8.96e-05 | 242s
2026-09-17 20:30:26 | INFO    | epoch 2 | batch 3400/4266 | loss 1.1130 | acc 0.5897 | lr 8.99e-05 | 244s
2026-09-17 20:30:28 | INFO    | epoch 2 | batch 3420/4266 | loss 1.1125 | acc 0.5900 | lr 9.01e-05 | 245s
2026-09-17 20:30:29 | INFO    | epoch 2 | batch 3440/4266 | loss 1.1122 | acc 0.5902 | lr 9.03e-05 | 247s
2026-09-17 20:30:31 | INFO    | epoch 2 | batch 3460/4266 | loss 1.1119 | acc 0.5904 | lr 9.06e-05 | 248s
2026-09-17 20:30:32 | INFO    | epoch 2 | batch 3480/4266 | loss 1.1115 | acc 0.5907 | lr 9.08e-05 | 250s
2026-09-17 20:30:34 | INFO    | epoch 2 | batch 3500/4266 | loss 1.1110 | acc 0.5909 | lr 9.10e-05 | 251s
2026-09-17 20:30:35 | INFO    | epoch 2 | batch 3520/4266 | loss 1.1109 | acc 0.5909 | lr 9.13e-05 | 252s
2026-09-17 20:30:37 | INFO    | epoch 2 | batch 3540/4266 | loss 1.1104 | acc 0.5912 | lr 9.15e-05 | 254s
2026-09-17 20:30:38 | INFO    | epoch 2 | batch 3560/4266 | loss 1.1100 | acc 0.5914 | lr 9.17e-05 | 255s
2026-09-17 20:30:39 | INFO    | epoch 2 | batch 3580/4266 | loss 1.1098 | acc 0.5915 | lr 9.20e-05 | 257s
2026-09-17 20:30:41 | INFO    | epoch 2 | batch 3600/4266 | loss 1.1096 | acc 0.5917 | lr 9.22e-05 | 258s
2026-09-17 20:30:42 | INFO    | epoch 2 | batch 3620/4266 | loss 1.1094 | acc 0.5918 | lr 9.24e-05 | 260s
2026-09-17 20:30:44 | INFO    | epoch 2 | batch 3640/4266 | loss 1.1090 | acc 0.5918 | lr 9.27e-05 | 261s
2026-09-17 20:30:45 | INFO    | epoch 2 | batch 3660/4266 | loss 1.1087 | acc 0.5921 | lr 9.29e-05 | 263s
2026-09-17 20:30:47 | INFO    | epoch 2 | batch 3680/4266 | loss 1.1083 | acc 0.5925 | lr 9.31e-05 | 264s
2026-09-17 20:30:48 | INFO    | epoch 2 | batch 3700/4266 | loss 1.1079 | acc 0.5928 | lr 9.34e-05 | 265s
2026-09-17 20:30:49 | INFO    | epoch 2 | batch 3720/4266 | loss 1.1076 | acc 0.5929 | lr 9.36e-05 | 267s
2026-09-17 20:30:51 | INFO    | epoch 2 | batch 3740/4266 | loss 1.1073 | acc 0.5931 | lr 9.38e-05 | 268s
2026-09-17 20:30:52 | INFO    | epoch 2 | batch 3760/4266 | loss 1.1068 | acc 0.5935 | lr 9.41e-05 | 270s
2026-09-17 20:30:54 | INFO    | epoch 2 | batch 3780/4266 | loss 1.1062 | acc 0.5938 | lr 9.43e-05 | 271s
2026-09-17 20:30:55 | INFO    | epoch 2 | batch 3800/4266 | loss 1.1059 | acc 0.5939 | lr 9.45e-05 | 273s
2026-09-17 20:30:57 | INFO    | epoch 2 | batch 3820/4266 | loss 1.1057 | acc 0.5939 | lr 9.48e-05 | 274s
2026-09-17 20:30:58 | INFO    | epoch 2 | batch 3840/4266 | loss 1.1053 | acc 0.5942 | lr 9.50e-05 | 275s
2026-09-17 20:30:59 | INFO    | epoch 2 | batch 3860/4266 | loss 1.1047 | acc 0.5945 | lr 9.53e-05 | 277s
2026-09-17 20:31:01 | INFO    | epoch 2 | batch 3880/4266 | loss 1.1039 | acc 0.5950 | lr 9.55e-05 | 278s
2026-09-17 20:31:02 | INFO    | epoch 2 | batch 3900/4266 | loss 1.1035 | acc 0.5953 | lr 9.57e-05 | 280s
2026-09-17 20:31:04 | INFO    | epoch 2 | batch 3920/4266 | loss 1.1031 | acc 0.5956 | lr 9.60e-05 | 281s
2026-09-17 20:31:05 | INFO    | epoch 2 | batch 3940/4266 | loss 1.1026 | acc 0.5960 | lr 9.62e-05 | 283s
2026-09-17 20:31:07 | INFO    | epoch 2 | batch 3960/4266 | loss 1.1019 | acc 0.5963 | lr 9.64e-05 | 284s
2026-09-17 20:31:08 | INFO    | epoch 2 | batch 3980/4266 | loss 1.1015 | acc 0.5966 | lr 9.67e-05 | 286s
2026-09-17 20:31:10 | INFO    | epoch 2 | batch 4000/4266 | loss 1.1012 | acc 0.5969 | lr 9.69e-05 | 287s
2026-09-17 20:31:11 | INFO    | epoch 2 | batch 4020/4266 | loss 1.1008 | acc 0.5971 | lr 9.71e-05 | 288s
2026-09-17 20:31:13 | INFO    | epoch 2 | batch 4040/4266 | loss 1.1002 | acc 0.5975 | lr 9.74e-05 | 290s
2026-09-17 20:31:14 | INFO    | epoch 2 | batch 4060/4266 | loss 1.0998 | acc 0.5977 | lr 9.76e-05 | 291s
2026-09-17 20:31:15 | INFO    | epoch 2 | batch 4080/4266 | loss 1.0995 | acc 0.5979 | lr 9.78e-05 | 293s
2026-09-17 20:31:17 | INFO    | epoch 2 | batch 4100/4266 | loss 1.0990 | acc 0.5983 | lr 9.81e-05 | 294s
2026-09-17 20:31:18 | INFO    | epoch 2 | batch 4120/4266 | loss 1.0987 | acc 0.5985 | lr 9.83e-05 | 296s
2026-09-17 20:31:20 | INFO    | epoch 2 | batch 4140/4266 | loss 1.0985 | acc 0.5986 | lr 9.85e-05 | 297s
2026-09-17 20:31:21 | INFO    | epoch 2 | batch 4160/4266 | loss 1.0983 | acc 0.5987 | lr 9.88e-05 | 299s
2026-09-17 20:31:23 | INFO    | epoch 2 | batch 4180/4266 | loss 1.0979 | acc 0.5989 | lr 9.90e-05 | 300s
2026-09-17 20:31:24 | INFO    | epoch 2 | batch 4200/4266 | loss 1.0978 | acc 0.5991 | lr 9.92e-05 | 301s
2026-09-17 20:31:26 | INFO    | epoch 2 | batch 4220/4266 | loss 1.0975 | acc 0.5993 | lr 9.95e-05 | 303s
2026-09-17 20:31:27 | INFO    | epoch 2 | batch 4240/4266 | loss 1.0971 | acc 0.5996 | lr 9.97e-05 | 304s
2026-09-17 20:31:28 | INFO    | epoch 2 | batch 4260/4266 | loss 1.0966 | acc 0.5999 | lr 9.99e-05 | 306s
2026-09-17 20:31:29 | INFO    | epoch 2 | batch 4266/4266 | loss 1.0964 | acc 0.6000 | lr 1.00e-04 | 306s
2026-09-17 20:31:39 | INFO    | epoch 2/40 done in 316s | train loss 1.0964 | train running patch (aug): accuracy=0.6000 precision=0.5875 recall=0.5740 f1=0.5754
2026-09-17 20:31:39 | INFO    | epoch 2 train (eval, no aug) | loss 1.2984 | patch[7280]: accuracy=0.5205 precision=0.4970 recall=0.4894 f1=0.4801 | image[455]: accuracy=0.5670 precision=0.5307 recall=0.5263 f1=0.5101
2026-09-17 20:31:39 | INFO    | epoch 2 val | loss 1.3487 | patch[8448]: accuracy=0.5000 precision=0.4693 recall=0.4620 f1=0.4483 | image[96]: accuracy=0.5000 precision=0.4478 recall=0.4516 f1=0.4279
2026-09-17 20:31:39 | INFO    | val_patch_f1 = 0.4483 (best 0.4483 @ epoch 2) *
2026-09-17 20:31:40 | INFO    | epoch 3 | batch 20/4266 | loss 1.0298 | acc 0.6469 | lr 1.00e-04 | 2s
2026-09-17 20:31:42 | INFO    | epoch 3 | batch 40/4266 | loss 1.0143 | acc 0.6586 | lr 1.00e-04 | 3s
2026-09-17 20:31:43 | INFO    | epoch 3 | batch 60/4266 | loss 1.0219 | acc 0.6448 | lr 1.00e-04 | 4s
2026-09-17 20:31:44 | INFO    | epoch 3 | batch 80/4266 | loss 1.0207 | acc 0.6457 | lr 1.00e-04 | 6s
2026-09-17 20:31:46 | INFO    | epoch 3 | batch 100/4266 | loss 1.0172 | acc 0.6491 | lr 1.00e-04 | 7s
2026-09-17 20:31:47 | INFO    | epoch 3 | batch 120/4266 | loss 1.0135 | acc 0.6526 | lr 1.00e-04 | 9s
2026-09-17 20:31:49 | INFO    | epoch 3 | batch 140/4266 | loss 1.0132 | acc 0.6549 | lr 1.00e-04 | 10s
2026-09-17 20:31:50 | INFO    | epoch 3 | batch 160/4266 | loss 1.0113 | acc 0.6582 | lr 1.00e-04 | 12s
2026-09-17 20:31:52 | INFO    | epoch 3 | batch 180/4266 | loss 1.0085 | acc 0.6592 | lr 1.00e-04 | 13s
2026-09-17 20:31:53 | INFO    | epoch 3 | batch 200/4266 | loss 1.0100 | acc 0.6567 | lr 1.00e-04 | 14s
2026-09-17 20:31:54 | INFO    | epoch 3 | batch 220/4266 | loss 1.0091 | acc 0.6588 | lr 1.00e-04 | 16s
2026-09-17 20:31:56 | INFO    | epoch 3 | batch 240/4266 | loss 1.0101 | acc 0.6585 | lr 1.00e-04 | 17s
2026-09-17 20:31:57 | INFO    | epoch 3 | batch 260/4266 | loss 1.0078 | acc 0.6587 | lr 1.00e-04 | 18s
2026-09-17 20:31:59 | INFO    | epoch 3 | batch 280/4266 | loss 1.0095 | acc 0.6596 | lr 1.00e-04 | 20s
2026-09-17 20:32:00 | INFO    | epoch 3 | batch 300/4266 | loss 1.0091 | acc 0.6602 | lr 1.00e-04 | 21s
2026-09-17 20:32:01 | INFO    | epoch 3 | batch 320/4266 | loss 1.0103 | acc 0.6578 | lr 1.00e-04 | 23s
2026-09-17 20:32:03 | INFO    | epoch 3 | batch 340/4266 | loss 1.0101 | acc 0.6579 | lr 1.00e-04 | 24s
2026-09-17 20:32:04 | INFO    | epoch 3 | batch 360/4266 | loss 1.0096 | acc 0.6575 | lr 1.00e-04 | 25s
2026-09-17 20:32:06 | INFO    | epoch 3 | batch 380/4266 | loss 1.0092 | acc 0.6583 | lr 1.00e-04 | 27s
2026-09-17 20:32:07 | INFO    | epoch 3 | batch 400/4266 | loss 1.0101 | acc 0.6581 | lr 1.00e-04 | 28s
2026-09-17 20:32:08 | INFO    | epoch 3 | batch 420/4266 | loss 1.0070 | acc 0.6603 | lr 1.00e-04 | 30s
2026-09-17 20:32:10 | INFO    | epoch 3 | batch 440/4266 | loss 1.0056 | acc 0.6605 | lr 1.00e-04 | 31s
2026-09-17 20:32:11 | INFO    | epoch 3 | batch 460/4266 | loss 1.0027 | acc 0.6618 | lr 1.00e-04 | 32s
2026-09-17 20:32:13 | INFO    | epoch 3 | batch 480/4266 | loss 1.0025 | acc 0.6619 | lr 1.00e-04 | 34s
2026-09-17 20:32:14 | INFO    | epoch 3 | batch 500/4266 | loss 1.0039 | acc 0.6611 | lr 1.00e-04 | 35s
2026-09-17 20:32:15 | INFO    | epoch 3 | batch 520/4266 | loss 1.0020 | acc 0.6618 | lr 1.00e-04 | 37s
2026-09-17 20:32:17 | INFO    | epoch 3 | batch 540/4266 | loss 1.0001 | acc 0.6631 | lr 1.00e-04 | 38s
2026-09-17 20:32:18 | INFO    | epoch 3 | batch 560/4266 | loss 0.9991 | acc 0.6637 | lr 1.00e-04 | 39s
2026-09-17 20:32:20 | INFO    | epoch 3 | batch 580/4266 | loss 0.9992 | acc 0.6637 | lr 1.00e-04 | 41s
2026-09-17 20:32:21 | INFO    | epoch 3 | batch 600/4266 | loss 0.9991 | acc 0.6639 | lr 1.00e-04 | 42s
2026-09-17 20:32:22 | INFO    | epoch 3 | batch 620/4266 | loss 0.9987 | acc 0.6642 | lr 1.00e-04 | 44s
2026-09-17 20:32:24 | INFO    | epoch 3 | batch 640/4266 | loss 0.9988 | acc 0.6641 | lr 1.00e-04 | 45s
2026-09-17 20:32:25 | INFO    | epoch 3 | batch 660/4266 | loss 0.9986 | acc 0.6644 | lr 1.00e-04 | 47s
2026-09-17 20:32:27 | INFO    | epoch 3 | batch 680/4266 | loss 0.9971 | acc 0.6660 | lr 1.00e-04 | 48s
2026-09-17 20:32:28 | INFO    | epoch 3 | batch 700/4266 | loss 0.9971 | acc 0.6657 | lr 1.00e-04 | 49s
2026-09-17 20:32:30 | INFO    | epoch 3 | batch 720/4266 | loss 0.9962 | acc 0.6657 | lr 1.00e-04 | 51s
2026-09-17 20:32:31 | INFO    | epoch 3 | batch 740/4266 | loss 0.9958 | acc 0.6656 | lr 1.00e-04 | 52s
2026-09-17 20:32:32 | INFO    | epoch 3 | batch 760/4266 | loss 0.9962 | acc 0.6655 | lr 1.00e-04 | 54s
2026-09-17 20:32:34 | INFO    | epoch 3 | batch 780/4266 | loss 0.9949 | acc 0.6664 | lr 1.00e-04 | 55s
2026-09-17 20:32:35 | INFO    | epoch 3 | batch 800/4266 | loss 0.9937 | acc 0.6668 | lr 1.00e-04 | 57s
2026-09-17 20:32:37 | INFO    | epoch 3 | batch 820/4266 | loss 0.9928 | acc 0.6671 | lr 1.00e-04 | 58s
2026-09-17 20:32:38 | INFO    | epoch 3 | batch 840/4266 | loss 0.9921 | acc 0.6676 | lr 1.00e-04 | 59s
2026-09-17 20:32:40 | INFO    | epoch 3 | batch 860/4266 | loss 0.9914 | acc 0.6685 | lr 1.00e-04 | 61s
2026-09-17 20:32:41 | INFO    | epoch 3 | batch 880/4266 | loss 0.9916 | acc 0.6683 | lr 1.00e-04 | 62s
2026-09-17 20:32:42 | INFO    | epoch 3 | batch 900/4266 | loss 0.9914 | acc 0.6684 | lr 1.00e-04 | 64s
2026-09-17 20:32:44 | INFO    | epoch 3 | batch 920/4266 | loss 0.9908 | acc 0.6686 | lr 1.00e-04 | 65s
2026-09-17 20:32:45 | INFO    | epoch 3 | batch 940/4266 | loss 0.9903 | acc 0.6690 | lr 1.00e-04 | 66s
2026-09-17 20:32:47 | INFO    | epoch 3 | batch 960/4266 | loss 0.9891 | acc 0.6695 | lr 1.00e-04 | 68s
2026-09-17 20:32:48 | INFO    | epoch 3 | batch 980/4266 | loss 0.9883 | acc 0.6700 | lr 1.00e-04 | 69s
2026-09-17 20:32:49 | INFO    | epoch 3 | batch 1000/4266 | loss 0.9878 | acc 0.6699 | lr 1.00e-04 | 71s
2026-09-17 20:32:51 | INFO    | epoch 3 | batch 1020/4266 | loss 0.9877 | acc 0.6698 | lr 1.00e-04 | 72s
2026-09-17 20:32:52 | INFO    | epoch 3 | batch 1040/4266 | loss 0.9876 | acc 0.6700 | lr 1.00e-04 | 73s
2026-09-17 20:32:54 | INFO    | epoch 3 | batch 1060/4266 | loss 0.9870 | acc 0.6702 | lr 1.00e-04 | 75s
2026-09-17 20:32:55 | INFO    | epoch 3 | batch 1080/4266 | loss 0.9870 | acc 0.6705 | lr 1.00e-04 | 76s
2026-09-17 20:32:56 | INFO    | epoch 3 | batch 1100/4266 | loss 0.9864 | acc 0.6707 | lr 1.00e-04 | 78s
2026-09-17 20:32:58 | INFO    | epoch 3 | batch 1120/4266 | loss 0.9864 | acc 0.6706 | lr 1.00e-04 | 79s
2026-09-17 20:32:59 | INFO    | epoch 3 | batch 1140/4266 | loss 0.9856 | acc 0.6709 | lr 1.00e-04 | 80s
2026-09-17 20:33:01 | INFO    | epoch 3 | batch 1160/4266 | loss 0.9847 | acc 0.6718 | lr 1.00e-04 | 82s
2026-09-17 20:33:02 | INFO    | epoch 3 | batch 1180/4266 | loss 0.9845 | acc 0.6717 | lr 1.00e-04 | 83s
2026-09-17 20:33:03 | INFO    | epoch 3 | batch 1200/4266 | loss 0.9846 | acc 0.6712 | lr 1.00e-04 | 85s
2026-09-17 20:33:05 | INFO    | epoch 3 | batch 1220/4266 | loss 0.9845 | acc 0.6712 | lr 1.00e-04 | 86s
2026-09-17 20:33:06 | INFO    | epoch 3 | batch 1240/4266 | loss 0.9841 | acc 0.6715 | lr 1.00e-04 | 88s
2026-09-17 20:33:08 | INFO    | epoch 3 | batch 1260/4266 | loss 0.9837 | acc 0.6714 | lr 1.00e-04 | 89s
2026-09-17 20:33:09 | INFO    | epoch 3 | batch 1280/4266 | loss 0.9829 | acc 0.6721 | lr 1.00e-04 | 90s
2026-09-17 20:33:10 | INFO    | epoch 3 | batch 1300/4266 | loss 0.9823 | acc 0.6725 | lr 1.00e-04 | 92s
2026-09-17 20:33:12 | INFO    | epoch 3 | batch 1320/4266 | loss 0.9814 | acc 0.6733 | lr 1.00e-04 | 93s
2026-09-17 20:33:13 | INFO    | epoch 3 | batch 1340/4266 | loss 0.9806 | acc 0.6740 | lr 1.00e-04 | 95s
2026-09-17 20:33:15 | INFO    | epoch 3 | batch 1360/4266 | loss 0.9804 | acc 0.6741 | lr 1.00e-04 | 96s
2026-09-17 20:33:16 | INFO    | epoch 3 | batch 1380/4266 | loss 0.9804 | acc 0.6740 | lr 1.00e-04 | 98s
2026-09-17 20:33:18 | INFO    | epoch 3 | batch 1400/4266 | loss 0.9800 | acc 0.6744 | lr 1.00e-04 | 99s
2026-09-17 20:33:19 | INFO    | epoch 3 | batch 1420/4266 | loss 0.9798 | acc 0.6743 | lr 1.00e-04 | 100s
2026-09-17 20:33:21 | INFO    | epoch 3 | batch 1440/4266 | loss 0.9797 | acc 0.6746 | lr 1.00e-04 | 102s
2026-09-17 20:33:22 | INFO    | epoch 3 | batch 1460/4266 | loss 0.9793 | acc 0.6749 | lr 1.00e-04 | 103s
2026-09-17 20:33:24 | INFO    | epoch 3 | batch 1480/4266 | loss 0.9787 | acc 0.6753 | lr 1.00e-04 | 105s
2026-09-17 20:33:25 | INFO    | epoch 3 | batch 1500/4266 | loss 0.9781 | acc 0.6758 | lr 1.00e-04 | 106s
2026-09-17 20:33:26 | INFO    | epoch 3 | batch 1520/4266 | loss 0.9779 | acc 0.6759 | lr 1.00e-04 | 108s
2026-09-17 20:33:28 | INFO    | epoch 3 | batch 1540/4266 | loss 0.9773 | acc 0.6761 | lr 1.00e-04 | 109s
2026-09-17 20:33:29 | INFO    | epoch 3 | batch 1560/4266 | loss 0.9774 | acc 0.6761 | lr 1.00e-04 | 110s
2026-09-17 20:33:31 | INFO    | epoch 3 | batch 1580/4266 | loss 0.9766 | acc 0.6764 | lr 1.00e-04 | 112s
2026-09-17 20:33:32 | INFO    | epoch 3 | batch 1600/4266 | loss 0.9758 | acc 0.6770 | lr 1.00e-04 | 113s
2026-09-17 20:33:33 | INFO    | epoch 3 | batch 1620/4266 | loss 0.9758 | acc 0.6771 | lr 1.00e-04 | 115s
2026-09-17 20:33:35 | INFO    | epoch 3 | batch 1640/4266 | loss 0.9756 | acc 0.6771 | lr 1.00e-04 | 116s
2026-09-17 20:33:36 | INFO    | epoch 3 | batch 1660/4266 | loss 0.9752 | acc 0.6774 | lr 1.00e-04 | 117s
2026-09-17 20:33:38 | INFO    | epoch 3 | batch 1680/4266 | loss 0.9750 | acc 0.6775 | lr 1.00e-04 | 119s
2026-09-17 20:33:39 | INFO    | epoch 3 | batch 1700/4266 | loss 0.9752 | acc 0.6773 | lr 1.00e-04 | 120s
2026-09-17 20:33:41 | INFO    | epoch 3 | batch 1720/4266 | loss 0.9744 | acc 0.6776 | lr 1.00e-04 | 122s
2026-09-17 20:33:42 | INFO    | epoch 3 | batch 1740/4266 | loss 0.9744 | acc 0.6777 | lr 1.00e-04 | 123s
2026-09-17 20:33:43 | INFO    | epoch 3 | batch 1760/4266 | loss 0.9743 | acc 0.6778 | lr 1.00e-04 | 125s
2026-09-17 20:33:45 | INFO    | epoch 3 | batch 1780/4266 | loss 0.9740 | acc 0.6782 | lr 1.00e-04 | 126s
2026-09-17 20:33:46 | INFO    | epoch 3 | batch 1800/4266 | loss 0.9735 | acc 0.6784 | lr 1.00e-04 | 128s
2026-09-17 20:33:48 | INFO    | epoch 3 | batch 1820/4266 | loss 0.9729 | acc 0.6788 | lr 1.00e-04 | 129s
2026-09-17 20:33:49 | INFO    | epoch 3 | batch 1840/4266 | loss 0.9723 | acc 0.6792 | lr 1.00e-04 | 130s
2026-09-17 20:33:51 | INFO    | epoch 3 | batch 1860/4266 | loss 0.9721 | acc 0.6793 | lr 1.00e-04 | 132s
2026-09-17 20:33:52 | INFO    | epoch 3 | batch 1880/4266 | loss 0.9723 | acc 0.6792 | lr 1.00e-04 | 133s
2026-09-17 20:33:53 | INFO    | epoch 3 | batch 1900/4266 | loss 0.9725 | acc 0.6793 | lr 1.00e-04 | 135s
2026-09-17 20:33:55 | INFO    | epoch 3 | batch 1920/4266 | loss 0.9724 | acc 0.6795 | lr 1.00e-04 | 136s
2026-09-17 20:33:56 | INFO    | epoch 3 | batch 1940/4266 | loss 0.9725 | acc 0.6793 | lr 1.00e-04 | 137s
2026-09-17 20:33:58 | INFO    | epoch 3 | batch 1960/4266 | loss 0.9725 | acc 0.6792 | lr 1.00e-04 | 139s
2026-09-17 20:33:59 | INFO    | epoch 3 | batch 1980/4266 | loss 0.9725 | acc 0.6791 | lr 1.00e-04 | 140s
2026-09-17 20:34:01 | INFO    | epoch 3 | batch 2000/4266 | loss 0.9724 | acc 0.6790 | lr 1.00e-04 | 142s
2026-09-17 20:34:02 | INFO    | epoch 3 | batch 2020/4266 | loss 0.9721 | acc 0.6793 | lr 1.00e-04 | 143s
2026-09-17 20:34:04 | INFO    | epoch 3 | batch 2040/4266 | loss 0.9715 | acc 0.6797 | lr 1.00e-04 | 145s
2026-09-17 20:34:05 | INFO    | epoch 3 | batch 2060/4266 | loss 0.9709 | acc 0.6799 | lr 1.00e-04 | 146s
2026-09-17 20:34:07 | INFO    | epoch 3 | batch 2080/4266 | loss 0.9706 | acc 0.6801 | lr 1.00e-04 | 148s
2026-09-17 20:34:08 | INFO    | epoch 3 | batch 2100/4266 | loss 0.9701 | acc 0.6804 | lr 1.00e-04 | 149s
2026-09-17 20:34:09 | INFO    | epoch 3 | batch 2120/4266 | loss 0.9696 | acc 0.6808 | lr 1.00e-04 | 151s
2026-09-17 20:34:11 | INFO    | epoch 3 | batch 2140/4266 | loss 0.9693 | acc 0.6810 | lr 1.00e-04 | 152s
2026-09-17 20:34:12 | INFO    | epoch 3 | batch 2160/4266 | loss 0.9687 | acc 0.6814 | lr 1.00e-04 | 154s
2026-09-17 20:34:14 | INFO    | epoch 3 | batch 2180/4266 | loss 0.9687 | acc 0.6815 | lr 1.00e-04 | 155s
2026-09-17 20:34:15 | INFO    | epoch 3 | batch 2200/4266 | loss 0.9684 | acc 0.6818 | lr 1.00e-04 | 156s
2026-09-17 20:34:17 | INFO    | epoch 3 | batch 2220/4266 | loss 0.9680 | acc 0.6822 | lr 1.00e-04 | 158s
2026-09-17 20:34:18 | INFO    | epoch 3 | batch 2240/4266 | loss 0.9678 | acc 0.6824 | lr 1.00e-04 | 159s
2026-09-17 20:34:20 | INFO    | epoch 3 | batch 2260/4266 | loss 0.9672 | acc 0.6826 | lr 1.00e-04 | 161s
2026-09-17 20:34:21 | INFO    | epoch 3 | batch 2280/4266 | loss 0.9672 | acc 0.6827 | lr 1.00e-04 | 162s
2026-09-17 20:34:22 | INFO    | epoch 3 | batch 2300/4266 | loss 0.9667 | acc 0.6829 | lr 1.00e-04 | 164s
2026-09-17 20:34:24 | INFO    | epoch 3 | batch 2320/4266 | loss 0.9670 | acc 0.6828 | lr 9.99e-05 | 165s
2026-09-17 20:34:25 | INFO    | epoch 3 | batch 2340/4266 | loss 0.9666 | acc 0.6830 | lr 9.99e-05 | 167s
2026-09-17 20:34:27 | INFO    | epoch 3 | batch 2360/4266 | loss 0.9663 | acc 0.6832 | lr 9.99e-05 | 168s
2026-09-17 20:34:28 | INFO    | epoch 3 | batch 2380/4266 | loss 0.9659 | acc 0.6834 | lr 9.99e-05 | 169s
2026-09-17 20:34:30 | INFO    | epoch 3 | batch 2400/4266 | loss 0.9659 | acc 0.6834 | lr 9.99e-05 | 171s
2026-09-17 20:34:31 | INFO    | epoch 3 | batch 2420/4266 | loss 0.9657 | acc 0.6835 | lr 9.99e-05 | 172s
2026-09-17 20:34:33 | INFO    | epoch 3 | batch 2440/4266 | loss 0.9655 | acc 0.6836 | lr 9.99e-05 | 174s
2026-09-17 20:34:34 | INFO    | epoch 3 | batch 2460/4266 | loss 0.9650 | acc 0.6840 | lr 9.99e-05 | 175s
2026-09-17 20:34:35 | INFO    | epoch 3 | batch 2480/4266 | loss 0.9644 | acc 0.6842 | lr 9.99e-05 | 177s
2026-09-17 20:34:37 | INFO    | epoch 3 | batch 2500/4266 | loss 0.9640 | acc 0.6844 | lr 9.99e-05 | 178s
2026-09-17 20:34:38 | INFO    | epoch 3 | batch 2520/4266 | loss 0.9639 | acc 0.6845 | lr 9.99e-05 | 180s
2026-09-17 20:34:40 | INFO    | epoch 3 | batch 2540/4266 | loss 0.9634 | acc 0.6848 | lr 9.99e-05 | 181s
2026-09-17 20:34:41 | INFO    | epoch 3 | batch 2560/4266 | loss 0.9630 | acc 0.6850 | lr 9.99e-05 | 183s
2026-09-17 20:34:43 | INFO    | epoch 3 | batch 2580/4266 | loss 0.9628 | acc 0.6852 | lr 9.99e-05 | 184s
2026-09-17 20:34:44 | INFO    | epoch 3 | batch 2600/4266 | loss 0.9624 | acc 0.6855 | lr 9.99e-05 | 185s
2026-09-17 20:34:46 | INFO    | epoch 3 | batch 2620/4266 | loss 0.9625 | acc 0.6854 | lr 9.99e-05 | 187s
2026-09-17 20:34:47 | INFO    | epoch 3 | batch 2640/4266 | loss 0.9620 | acc 0.6856 | lr 9.99e-05 | 188s
2026-09-17 20:34:48 | INFO    | epoch 3 | batch 2660/4266 | loss 0.9617 | acc 0.6857 | lr 9.99e-05 | 190s
2026-09-17 20:34:50 | INFO    | epoch 3 | batch 2680/4266 | loss 0.9614 | acc 0.6857 | lr 9.99e-05 | 191s
2026-09-17 20:34:51 | INFO    | epoch 3 | batch 2700/4266 | loss 0.9607 | acc 0.6862 | lr 9.99e-05 | 193s
2026-09-17 20:34:53 | INFO    | epoch 3 | batch 2720/4266 | loss 0.9605 | acc 0.6863 | lr 9.99e-05 | 194s
2026-09-17 20:34:54 | INFO    | epoch 3 | batch 2740/4266 | loss 0.9601 | acc 0.6868 | lr 9.99e-05 | 195s
2026-09-17 20:34:56 | INFO    | epoch 3 | batch 2760/4266 | loss 0.9597 | acc 0.6871 | lr 9.99e-05 | 197s
2026-09-17 20:34:57 | INFO    | epoch 3 | batch 2780/4266 | loss 0.9594 | acc 0.6872 | lr 9.99e-05 | 198s
2026-09-17 20:34:58 | INFO    | epoch 3 | batch 2800/4266 | loss 0.9592 | acc 0.6873 | lr 9.99e-05 | 200s
2026-09-17 20:35:00 | INFO    | epoch 3 | batch 2820/4266 | loss 0.9589 | acc 0.6875 | lr 9.99e-05 | 201s
2026-09-17 20:35:01 | INFO    | epoch 3 | batch 2840/4266 | loss 0.9585 | acc 0.6878 | lr 9.99e-05 | 203s
2026-09-17 20:35:03 | INFO    | epoch 3 | batch 2860/4266 | loss 0.9582 | acc 0.6879 | lr 9.99e-05 | 204s
2026-09-17 20:35:04 | INFO    | epoch 3 | batch 2880/4266 | loss 0.9580 | acc 0.6880 | lr 9.99e-05 | 205s
2026-09-17 20:35:05 | INFO    | epoch 3 | batch 2900/4266 | loss 0.9578 | acc 0.6881 | lr 9.99e-05 | 207s
2026-09-17 20:35:07 | INFO    | epoch 3 | batch 2920/4266 | loss 0.9573 | acc 0.6884 | lr 9.99e-05 | 208s
2026-09-17 20:35:08 | INFO    | epoch 3 | batch 2940/4266 | loss 0.9571 | acc 0.6884 | lr 9.99e-05 | 209s
2026-09-17 20:35:10 | INFO    | epoch 3 | batch 2960/4266 | loss 0.9566 | acc 0.6887 | lr 9.99e-05 | 211s
2026-09-17 20:35:11 | INFO    | epoch 3 | batch 2980/4266 | loss 0.9564 | acc 0.6889 | lr 9.99e-05 | 212s
2026-09-17 20:35:12 | INFO    | epoch 3 | batch 3000/4266 | loss 0.9561 | acc 0.6891 | lr 9.99e-05 | 214s
2026-09-17 20:35:14 | INFO    | epoch 3 | batch 3020/4266 | loss 0.9557 | acc 0.6893 | lr 9.99e-05 | 215s
2026-09-17 20:35:15 | INFO    | epoch 3 | batch 3040/4266 | loss 0.9554 | acc 0.6895 | lr 9.99e-05 | 217s
2026-09-17 20:35:17 | INFO    | epoch 3 | batch 3060/4266 | loss 0.9550 | acc 0.6898 | lr 9.99e-05 | 218s
2026-09-17 20:35:18 | INFO    | epoch 3 | batch 3080/4266 | loss 0.9545 | acc 0.6901 | lr 9.99e-05 | 219s
2026-09-17 20:35:20 | INFO    | epoch 3 | batch 3100/4266 | loss 0.9540 | acc 0.6904 | lr 9.99e-05 | 221s
2026-09-17 20:35:21 | INFO    | epoch 3 | batch 3120/4266 | loss 0.9536 | acc 0.6907 | lr 9.99e-05 | 222s
2026-09-17 20:35:22 | INFO    | epoch 3 | batch 3140/4266 | loss 0.9533 | acc 0.6909 | lr 9.99e-05 | 224s
2026-09-17 20:35:24 | INFO    | epoch 3 | batch 3160/4266 | loss 0.9530 | acc 0.6911 | lr 9.99e-05 | 225s
2026-09-17 20:35:25 | INFO    | epoch 3 | batch 3180/4266 | loss 0.9526 | acc 0.6914 | lr 9.99e-05 | 226s
2026-09-17 20:35:27 | INFO    | epoch 3 | batch 3200/4266 | loss 0.9528 | acc 0.6913 | lr 9.99e-05 | 228s
2026-09-17 20:35:28 | INFO    | epoch 3 | batch 3220/4266 | loss 0.9524 | acc 0.6916 | lr 9.99e-05 | 229s
2026-09-17 20:35:30 | INFO    | epoch 3 | batch 3240/4266 | loss 0.9519 | acc 0.6920 | lr 9.99e-05 | 231s
2026-09-17 20:35:31 | INFO    | epoch 3 | batch 3260/4266 | loss 0.9513 | acc 0.6924 | lr 9.99e-05 | 232s
2026-09-17 20:35:33 | INFO    | epoch 3 | batch 3280/4266 | loss 0.9511 | acc 0.6925 | lr 9.99e-05 | 234s
2026-09-17 20:35:34 | INFO    | epoch 3 | batch 3300/4266 | loss 0.9508 | acc 0.6927 | lr 9.99e-05 | 235s
2026-09-17 20:35:35 | INFO    | epoch 3 | batch 3320/4266 | loss 0.9506 | acc 0.6930 | lr 9.99e-05 | 237s
2026-09-17 20:35:37 | INFO    | epoch 3 | batch 3340/4266 | loss 0.9502 | acc 0.6932 | lr 9.99e-05 | 238s
2026-09-17 20:35:38 | INFO    | epoch 3 | batch 3360/4266 | loss 0.9499 | acc 0.6935 | lr 9.99e-05 | 240s
2026-09-17 20:35:40 | INFO    | epoch 3 | batch 3380/4266 | loss 0.9495 | acc 0.6937 | lr 9.99e-05 | 241s
2026-09-17 20:35:41 | INFO    | epoch 3 | batch 3400/4266 | loss 0.9492 | acc 0.6938 | lr 9.99e-05 | 243s
2026-09-17 20:35:43 | INFO    | epoch 3 | batch 3420/4266 | loss 0.9491 | acc 0.6939 | lr 9.99e-05 | 244s
2026-09-17 20:35:44 | INFO    | epoch 3 | batch 3440/4266 | loss 0.9488 | acc 0.6941 | lr 9.99e-05 | 245s
2026-09-17 20:35:46 | INFO    | epoch 3 | batch 3460/4266 | loss 0.9487 | acc 0.6942 | lr 9.99e-05 | 247s
2026-09-17 20:35:47 | INFO    | epoch 3 | batch 3480/4266 | loss 0.9483 | acc 0.6944 | lr 9.99e-05 | 248s
2026-09-17 20:35:48 | INFO    | epoch 3 | batch 3500/4266 | loss 0.9480 | acc 0.6946 | lr 9.99e-05 | 250s
2026-09-17 20:35:50 | INFO    | epoch 3 | batch 3520/4266 | loss 0.9477 | acc 0.6947 | lr 9.99e-05 | 251s
2026-09-17 20:35:51 | INFO    | epoch 3 | batch 3540/4266 | loss 0.9474 | acc 0.6949 | lr 9.99e-05 | 253s
2026-09-17 20:35:53 | INFO    | epoch 3 | batch 3560/4266 | loss 0.9472 | acc 0.6950 | lr 9.99e-05 | 254s
2026-09-17 20:35:54 | INFO    | epoch 3 | batch 3580/4266 | loss 0.9469 | acc 0.6953 | lr 9.99e-05 | 255s
2026-09-17 20:35:56 | INFO    | epoch 3 | batch 3600/4266 | loss 0.9466 | acc 0.6954 | lr 9.99e-05 | 257s
2026-09-17 20:35:57 | INFO    | epoch 3 | batch 3620/4266 | loss 0.9462 | acc 0.6957 | lr 9.99e-05 | 258s
2026-09-17 20:35:59 | INFO    | epoch 3 | batch 3640/4266 | loss 0.9456 | acc 0.6960 | lr 9.99e-05 | 260s
2026-09-17 20:36:00 | INFO    | epoch 3 | batch 3660/4266 | loss 0.9453 | acc 0.6962 | lr 9.99e-05 | 261s
2026-09-17 20:36:01 | INFO    | epoch 3 | batch 3680/4266 | loss 0.9450 | acc 0.6965 | lr 9.99e-05 | 263s
2026-09-17 20:36:03 | INFO    | epoch 3 | batch 3700/4266 | loss 0.9448 | acc 0.6965 | lr 9.99e-05 | 264s
2026-09-17 20:36:04 | INFO    | epoch 3 | batch 3720/4266 | loss 0.9446 | acc 0.6966 | lr 9.99e-05 | 266s
2026-09-17 20:36:06 | INFO    | epoch 3 | batch 3740/4266 | loss 0.9442 | acc 0.6968 | lr 9.99e-05 | 267s
2026-09-17 20:36:07 | INFO    | epoch 3 | batch 3760/4266 | loss 0.9438 | acc 0.6970 | lr 9.99e-05 | 268s
2026-09-17 20:36:09 | INFO    | epoch 3 | batch 3780/4266 | loss 0.9434 | acc 0.6973 | lr 9.99e-05 | 270s
2026-09-17 20:36:10 | INFO    | epoch 3 | batch 3800/4266 | loss 0.9431 | acc 0.6975 | lr 9.99e-05 | 271s
2026-09-17 20:36:11 | INFO    | epoch 3 | batch 3820/4266 | loss 0.9431 | acc 0.6976 | lr 9.99e-05 | 273s
2026-09-17 20:36:13 | INFO    | epoch 3 | batch 3840/4266 | loss 0.9428 | acc 0.6978 | lr 9.99e-05 | 274s
2026-09-17 20:36:14 | INFO    | epoch 3 | batch 3860/4266 | loss 0.9423 | acc 0.6981 | lr 9.99e-05 | 276s
2026-09-17 20:36:16 | INFO    | epoch 3 | batch 3880/4266 | loss 0.9420 | acc 0.6983 | lr 9.99e-05 | 277s
2026-09-17 20:36:17 | INFO    | epoch 3 | batch 3900/4266 | loss 0.9416 | acc 0.6986 | lr 9.99e-05 | 278s
2026-09-17 20:36:19 | INFO    | epoch 3 | batch 3920/4266 | loss 0.9412 | acc 0.6989 | lr 9.99e-05 | 280s
2026-09-17 20:36:20 | INFO    | epoch 3 | batch 3940/4266 | loss 0.9409 | acc 0.6990 | lr 9.99e-05 | 281s
2026-09-17 20:36:21 | INFO    | epoch 3 | batch 3960/4266 | loss 0.9405 | acc 0.6993 | lr 9.99e-05 | 283s
2026-09-17 20:36:23 | INFO    | epoch 3 | batch 3980/4266 | loss 0.9400 | acc 0.6996 | lr 9.99e-05 | 284s
2026-09-17 20:36:24 | INFO    | epoch 3 | batch 4000/4266 | loss 0.9399 | acc 0.6996 | lr 9.99e-05 | 286s
2026-09-17 20:36:26 | INFO    | epoch 3 | batch 4020/4266 | loss 0.9394 | acc 0.7000 | lr 9.98e-05 | 287s
2026-09-17 20:36:27 | INFO    | epoch 3 | batch 4040/4266 | loss 0.9391 | acc 0.7002 | lr 9.98e-05 | 289s
2026-09-17 20:36:29 | INFO    | epoch 3 | batch 4060/4266 | loss 0.9389 | acc 0.7004 | lr 9.98e-05 | 290s
2026-09-17 20:36:30 | INFO    | epoch 3 | batch 4080/4266 | loss 0.9388 | acc 0.7004 | lr 9.98e-05 | 292s
2026-09-17 20:36:32 | INFO    | epoch 3 | batch 4100/4266 | loss 0.9385 | acc 0.7006 | lr 9.98e-05 | 293s
2026-09-17 20:36:33 | INFO    | epoch 3 | batch 4120/4266 | loss 0.9382 | acc 0.7008 | lr 9.98e-05 | 294s
2026-09-17 20:36:35 | INFO    | epoch 3 | batch 4140/4266 | loss 0.9380 | acc 0.7007 | lr 9.98e-05 | 296s
2026-09-17 20:36:36 | INFO    | epoch 3 | batch 4160/4266 | loss 0.9380 | acc 0.7008 | lr 9.98e-05 | 297s
2026-09-17 20:36:38 | INFO    | epoch 3 | batch 4180/4266 | loss 0.9378 | acc 0.7008 | lr 9.98e-05 | 299s
2026-09-17 20:36:39 | INFO    | epoch 3 | batch 4200/4266 | loss 0.9374 | acc 0.7010 | lr 9.98e-05 | 300s
2026-09-17 20:36:41 | INFO    | epoch 3 | batch 4220/4266 | loss 0.9372 | acc 0.7011 | lr 9.98e-05 | 302s
2026-09-17 20:36:42 | INFO    | epoch 3 | batch 4240/4266 | loss 0.9368 | acc 0.7012 | lr 9.98e-05 | 303s
2026-09-17 20:36:43 | INFO    | epoch 3 | batch 4260/4266 | loss 0.9365 | acc 0.7014 | lr 9.98e-05 | 305s
2026-09-17 20:36:44 | INFO    | epoch 3 | batch 4266/4266 | loss 0.9364 | acc 0.7014 | lr 9.98e-05 | 305s
2026-09-17 20:36:54 | INFO    | epoch 3/40 done in 315s | train loss 0.9364 | train running patch (aug): accuracy=0.7014 precision=0.6960 recall=0.6852 f1=0.6887
2026-09-17 20:36:54 | INFO    | epoch 3 train (eval, no aug) | loss 1.1378 | patch[7280]: accuracy=0.6128 precision=0.6195 recall=0.5917 f1=0.5973 | image[455]: accuracy=0.6593 precision=0.6852 recall=0.6320 f1=0.6397
2026-09-17 20:36:54 | INFO    | epoch 3 val | loss 1.3787 | patch[8448]: accuracy=0.4974 precision=0.4615 recall=0.4649 f1=0.4593 | image[96]: accuracy=0.5104 precision=0.4615 recall=0.4708 f1=0.4587
2026-09-17 20:36:54 | INFO    | val_patch_f1 = 0.4593 (best 0.4593 @ epoch 3) *
2026-09-17 20:36:55 | INFO    | epoch 4 | batch 20/4266 | loss 0.9070 | acc 0.7328 | lr 9.98e-05 | 2s
2026-09-17 20:36:57 | INFO    | epoch 4 | batch 40/4266 | loss 0.8825 | acc 0.7359 | lr 9.98e-05 | 3s
2026-09-17 20:36:58 | INFO    | epoch 4 | batch 60/4266 | loss 0.8789 | acc 0.7349 | lr 9.98e-05 | 5s
2026-09-17 20:37:00 | INFO    | epoch 4 | batch 80/4266 | loss 0.8749 | acc 0.7379 | lr 9.98e-05 | 6s
2026-09-17 20:37:01 | INFO    | epoch 4 | batch 100/4266 | loss 0.8715 | acc 0.7425 | lr 9.98e-05 | 7s
2026-09-17 20:37:03 | INFO    | epoch 4 | batch 120/4266 | loss 0.8673 | acc 0.7440 | lr 9.98e-05 | 9s
2026-09-17 20:37:04 | INFO    | epoch 4 | batch 140/4266 | loss 0.8673 | acc 0.7467 | lr 9.98e-05 | 10s
2026-09-17 20:37:05 | INFO    | epoch 4 | batch 160/4266 | loss 0.8694 | acc 0.7438 | lr 9.98e-05 | 12s
2026-09-17 20:37:07 | INFO    | epoch 4 | batch 180/4266 | loss 0.8706 | acc 0.7427 | lr 9.98e-05 | 13s
2026-09-17 20:37:08 | INFO    | epoch 4 | batch 200/4266 | loss 0.8772 | acc 0.7392 | lr 9.98e-05 | 14s
2026-09-17 20:37:10 | INFO    | epoch 4 | batch 220/4266 | loss 0.8755 | acc 0.7411 | lr 9.98e-05 | 16s
2026-09-17 20:37:11 | INFO    | epoch 4 | batch 240/4266 | loss 0.8713 | acc 0.7439 | lr 9.98e-05 | 17s
2026-09-17 20:37:13 | INFO    | epoch 4 | batch 260/4266 | loss 0.8706 | acc 0.7448 | lr 9.98e-05 | 19s
2026-09-17 20:37:14 | INFO    | epoch 4 | batch 280/4266 | loss 0.8697 | acc 0.7460 | lr 9.98e-05 | 20s
2026-09-17 20:37:15 | INFO    | epoch 4 | batch 300/4266 | loss 0.8698 | acc 0.7460 | lr 9.98e-05 | 22s
2026-09-17 20:37:17 | INFO    | epoch 4 | batch 320/4266 | loss 0.8715 | acc 0.7463 | lr 9.98e-05 | 23s
2026-09-17 20:37:18 | INFO    | epoch 4 | batch 340/4266 | loss 0.8705 | acc 0.7475 | lr 9.98e-05 | 24s
2026-09-17 20:37:20 | INFO    | epoch 4 | batch 360/4266 | loss 0.8694 | acc 0.7478 | lr 9.98e-05 | 26s
2026-09-17 20:37:21 | INFO    | epoch 4 | batch 380/4266 | loss 0.8676 | acc 0.7487 | lr 9.98e-05 | 27s
2026-09-17 20:37:23 | INFO    | epoch 4 | batch 400/4266 | loss 0.8675 | acc 0.7481 | lr 9.98e-05 | 29s
2026-09-17 20:37:24 | INFO    | epoch 4 | batch 420/4266 | loss 0.8673 | acc 0.7487 | lr 9.98e-05 | 30s
2026-09-17 20:37:25 | INFO    | epoch 4 | batch 440/4266 | loss 0.8663 | acc 0.7487 | lr 9.98e-05 | 32s
2026-09-17 20:37:27 | INFO    | epoch 4 | batch 460/4266 | loss 0.8652 | acc 0.7501 | lr 9.98e-05 | 33s
2026-09-17 20:37:28 | INFO    | epoch 4 | batch 480/4266 | loss 0.8653 | acc 0.7492 | lr 9.98e-05 | 34s
2026-09-17 20:37:30 | INFO    | epoch 4 | batch 500/4266 | loss 0.8637 | acc 0.7501 | lr 9.98e-05 | 36s
2026-09-17 20:37:31 | INFO    | epoch 4 | batch 520/4266 | loss 0.8645 | acc 0.7499 | lr 9.98e-05 | 37s
2026-09-17 20:37:32 | INFO    | epoch 4 | batch 540/4266 | loss 0.8634 | acc 0.7501 | lr 9.98e-05 | 39s
2026-09-17 20:37:34 | INFO    | epoch 4 | batch 560/4266 | loss 0.8638 | acc 0.7498 | lr 9.98e-05 | 40s
2026-09-17 20:37:35 | INFO    | epoch 4 | batch 580/4266 | loss 0.8634 | acc 0.7502 | lr 9.98e-05 | 41s
2026-09-17 20:37:37 | INFO    | epoch 4 | batch 600/4266 | loss 0.8628 | acc 0.7507 | lr 9.98e-05 | 43s
2026-09-17 20:37:38 | INFO    | epoch 4 | batch 620/4266 | loss 0.8627 | acc 0.7505 | lr 9.98e-05 | 44s
2026-09-17 20:37:40 | INFO    | epoch 4 | batch 640/4266 | loss 0.8616 | acc 0.7516 | lr 9.98e-05 | 46s
2026-09-17 20:37:41 | INFO    | epoch 4 | batch 660/4266 | loss 0.8613 | acc 0.7517 | lr 9.98e-05 | 47s
2026-09-17 20:37:43 | INFO    | epoch 4 | batch 680/4266 | loss 0.8606 | acc 0.7520 | lr 9.98e-05 | 49s
2026-09-17 20:37:44 | INFO    | epoch 4 | batch 700/4266 | loss 0.8604 | acc 0.7519 | lr 9.98e-05 | 50s
2026-09-17 20:37:46 | INFO    | epoch 4 | batch 720/4266 | loss 0.8593 | acc 0.7520 | lr 9.98e-05 | 52s
2026-09-17 20:37:47 | INFO    | epoch 4 | batch 740/4266 | loss 0.8580 | acc 0.7529 | lr 9.98e-05 | 53s
2026-09-17 20:37:48 | INFO    | epoch 4 | batch 760/4266 | loss 0.8593 | acc 0.7519 | lr 9.98e-05 | 55s
2026-09-17 20:37:50 | INFO    | epoch 4 | batch 780/4266 | loss 0.8583 | acc 0.7524 | lr 9.98e-05 | 56s
2026-09-17 20:37:51 | INFO    | epoch 4 | batch 800/4266 | loss 0.8584 | acc 0.7523 | lr 9.98e-05 | 58s
2026-09-17 20:37:53 | INFO    | epoch 4 | batch 820/4266 | loss 0.8572 | acc 0.7528 | lr 9.98e-05 | 59s
2026-09-17 20:37:54 | INFO    | epoch 4 | batch 840/4266 | loss 0.8571 | acc 0.7530 | lr 9.98e-05 | 61s
2026-09-17 20:37:56 | INFO    | epoch 4 | batch 860/4266 | loss 0.8566 | acc 0.7534 | lr 9.98e-05 | 62s
2026-09-17 20:37:57 | INFO    | epoch 4 | batch 880/4266 | loss 0.8575 | acc 0.7530 | lr 9.98e-05 | 64s
2026-09-17 20:37:59 | INFO    | epoch 4 | batch 900/4266 | loss 0.8579 | acc 0.7527 | lr 9.98e-05 | 65s
2026-09-17 20:38:00 | INFO    | epoch 4 | batch 920/4266 | loss 0.8578 | acc 0.7529 | lr 9.98e-05 | 67s
2026-09-17 20:38:02 | INFO    | epoch 4 | batch 940/4266 | loss 0.8575 | acc 0.7535 | lr 9.97e-05 | 68s
2026-09-17 20:38:03 | INFO    | epoch 4 | batch 960/4266 | loss 0.8568 | acc 0.7542 | lr 9.97e-05 | 70s
2026-09-17 20:38:05 | INFO    | epoch 4 | batch 980/4266 | loss 0.8571 | acc 0.7539 | lr 9.97e-05 | 71s
2026-09-17 20:38:06 | INFO    | epoch 4 | batch 1000/4266 | loss 0.8564 | acc 0.7543 | lr 9.97e-05 | 73s
2026-09-17 20:38:08 | INFO    | epoch 4 | batch 1020/4266 | loss 0.8564 | acc 0.7546 | lr 9.97e-05 | 74s
2026-09-17 20:38:09 | INFO    | epoch 4 | batch 1040/4266 | loss 0.8561 | acc 0.7549 | lr 9.97e-05 | 75s
2026-09-17 20:38:11 | INFO    | epoch 4 | batch 1060/4266 | loss 0.8561 | acc 0.7550 | lr 9.97e-05 | 77s
2026-09-17 20:38:12 | INFO    | epoch 4 | batch 1080/4266 | loss 0.8557 | acc 0.7554 | lr 9.97e-05 | 78s
2026-09-17 20:38:14 | INFO    | epoch 4 | batch 1100/4266 | loss 0.8552 | acc 0.7557 | lr 9.97e-05 | 80s
2026-09-17 20:38:15 | INFO    | epoch 4 | batch 1120/4266 | loss 0.8550 | acc 0.7561 | lr 9.97e-05 | 81s
2026-09-17 20:38:16 | INFO    | epoch 4 | batch 1140/4266 | loss 0.8551 | acc 0.7555 | lr 9.97e-05 | 83s
2026-09-17 20:38:18 | INFO    | epoch 4 | batch 1160/4266 | loss 0.8550 | acc 0.7556 | lr 9.97e-05 | 84s
2026-09-17 20:38:19 | INFO    | epoch 4 | batch 1180/4266 | loss 0.8545 | acc 0.7557 | lr 9.97e-05 | 86s
2026-09-17 20:38:21 | INFO    | epoch 4 | batch 1200/4266 | loss 0.8549 | acc 0.7555 | lr 9.97e-05 | 87s
2026-09-17 20:38:22 | INFO    | epoch 4 | batch 1220/4266 | loss 0.8545 | acc 0.7558 | lr 9.97e-05 | 88s
2026-09-17 20:38:24 | INFO    | epoch 4 | batch 1240/4266 | loss 0.8545 | acc 0.7558 | lr 9.97e-05 | 90s
2026-09-17 20:38:25 | INFO    | epoch 4 | batch 1260/4266 | loss 0.8542 | acc 0.7559 | lr 9.97e-05 | 91s
2026-09-17 20:38:27 | INFO    | epoch 4 | batch 1280/4266 | loss 0.8535 | acc 0.7563 | lr 9.97e-05 | 93s
2026-09-17 20:38:28 | INFO    | epoch 4 | batch 1300/4266 | loss 0.8537 | acc 0.7560 | lr 9.97e-05 | 94s
2026-09-17 20:38:29 | INFO    | epoch 4 | batch 1320/4266 | loss 0.8536 | acc 0.7559 | lr 9.97e-05 | 96s
2026-09-17 20:38:31 | INFO    | epoch 4 | batch 1340/4266 | loss 0.8541 | acc 0.7558 | lr 9.97e-05 | 97s
2026-09-17 20:38:32 | INFO    | epoch 4 | batch 1360/4266 | loss 0.8534 | acc 0.7560 | lr 9.97e-05 | 98s
2026-09-17 20:38:34 | INFO    | epoch 4 | batch 1380/4266 | loss 0.8536 | acc 0.7560 | lr 9.97e-05 | 100s
2026-09-17 20:38:35 | INFO    | epoch 4 | batch 1400/4266 | loss 0.8537 | acc 0.7558 | lr 9.97e-05 | 101s
2026-09-17 20:38:37 | INFO    | epoch 4 | batch 1420/4266 | loss 0.8535 | acc 0.7561 | lr 9.97e-05 | 103s
2026-09-17 20:38:38 | INFO    | epoch 4 | batch 1440/4266 | loss 0.8532 | acc 0.7562 | lr 9.97e-05 | 104s
2026-09-17 20:38:39 | INFO    | epoch 4 | batch 1460/4266 | loss 0.8533 | acc 0.7560 | lr 9.97e-05 | 106s
2026-09-17 20:38:41 | INFO    | epoch 4 | batch 1480/4266 | loss 0.8528 | acc 0.7562 | lr 9.97e-05 | 107s
2026-09-17 20:38:42 | INFO    | epoch 4 | batch 1500/4266 | loss 0.8519 | acc 0.7567 | lr 9.97e-05 | 108s
2026-09-17 20:38:44 | INFO    | epoch 4 | batch 1520/4266 | loss 0.8518 | acc 0.7566 | lr 9.97e-05 | 110s
2026-09-17 20:38:45 | INFO    | epoch 4 | batch 1540/4266 | loss 0.8513 | acc 0.7568 | lr 9.97e-05 | 111s
2026-09-17 20:38:47 | INFO    | epoch 4 | batch 1560/4266 | loss 0.8510 | acc 0.7569 | lr 9.97e-05 | 113s
2026-09-17 20:38:48 | INFO    | epoch 4 | batch 1580/4266 | loss 0.8513 | acc 0.7566 | lr 9.97e-05 | 114s
2026-09-17 20:38:49 | INFO    | epoch 4 | batch 1600/4266 | loss 0.8511 | acc 0.7567 | lr 9.97e-05 | 116s
2026-09-17 20:38:51 | INFO    | epoch 4 | batch 1620/4266 | loss 0.8504 | acc 0.7571 | lr 9.97e-05 | 117s
2026-09-17 20:38:52 | INFO    | epoch 4 | batch 1640/4266 | loss 0.8501 | acc 0.7573 | lr 9.97e-05 | 118s
2026-09-17 20:38:54 | INFO    | epoch 4 | batch 1660/4266 | loss 0.8500 | acc 0.7572 | lr 9.97e-05 | 120s
2026-09-17 20:38:55 | INFO    | epoch 4 | batch 1680/4266 | loss 0.8497 | acc 0.7575 | lr 9.97e-05 | 121s
2026-09-17 20:38:56 | INFO    | epoch 4 | batch 1700/4266 | loss 0.8495 | acc 0.7577 | lr 9.97e-05 | 123s
2026-09-17 20:38:58 | INFO    | epoch 4 | batch 1720/4266 | loss 0.8489 | acc 0.7579 | lr 9.97e-05 | 124s
2026-09-17 20:38:59 | INFO    | epoch 4 | batch 1740/4266 | loss 0.8486 | acc 0.7580 | lr 9.97e-05 | 125s
2026-09-17 20:39:01 | INFO    | epoch 4 | batch 1760/4266 | loss 0.8484 | acc 0.7581 | lr 9.97e-05 | 127s
2026-09-17 20:39:02 | INFO    | epoch 4 | batch 1780/4266 | loss 0.8483 | acc 0.7582 | lr 9.97e-05 | 128s
2026-09-17 20:39:03 | INFO    | epoch 4 | batch 1800/4266 | loss 0.8484 | acc 0.7582 | lr 9.97e-05 | 130s
2026-09-17 20:39:05 | INFO    | epoch 4 | batch 1820/4266 | loss 0.8479 | acc 0.7585 | lr 9.97e-05 | 131s
2026-09-17 20:39:06 | INFO    | epoch 4 | batch 1840/4266 | loss 0.8475 | acc 0.7587 | lr 9.97e-05 | 132s
2026-09-17 20:39:08 | INFO    | epoch 4 | batch 1860/4266 | loss 0.8473 | acc 0.7589 | lr 9.97e-05 | 134s
2026-09-17 20:39:09 | INFO    | epoch 4 | batch 1880/4266 | loss 0.8473 | acc 0.7590 | lr 9.96e-05 | 135s
2026-09-17 20:39:10 | INFO    | epoch 4 | batch 1900/4266 | loss 0.8475 | acc 0.7587 | lr 9.96e-05 | 136s
2026-09-17 20:39:12 | INFO    | epoch 4 | batch 1920/4266 | loss 0.8472 | acc 0.7589 | lr 9.96e-05 | 138s
2026-09-17 20:39:13 | INFO    | epoch 4 | batch 1940/4266 | loss 0.8472 | acc 0.7588 | lr 9.96e-05 | 139s
2026-09-17 20:39:14 | INFO    | epoch 4 | batch 1960/4266 | loss 0.8470 | acc 0.7590 | lr 9.96e-05 | 141s
2026-09-17 20:39:16 | INFO    | epoch 4 | batch 1980/4266 | loss 0.8466 | acc 0.7591 | lr 9.96e-05 | 142s
2026-09-17 20:39:17 | INFO    | epoch 4 | batch 2000/4266 | loss 0.8464 | acc 0.7592 | lr 9.96e-05 | 143s
2026-09-17 20:39:19 | INFO    | epoch 4 | batch 2020/4266 | loss 0.8461 | acc 0.7592 | lr 9.96e-05 | 145s
2026-09-17 20:39:20 | INFO    | epoch 4 | batch 2040/4266 | loss 0.8463 | acc 0.7592 | lr 9.96e-05 | 146s
2026-09-17 20:39:21 | INFO    | epoch 4 | batch 2060/4266 | loss 0.8459 | acc 0.7594 | lr 9.96e-05 | 148s
2026-09-17 20:39:23 | INFO    | epoch 4 | batch 2080/4266 | loss 0.8456 | acc 0.7596 | lr 9.96e-05 | 149s
2026-09-17 20:39:24 | INFO    | epoch 4 | batch 2100/4266 | loss 0.8452 | acc 0.7599 | lr 9.96e-05 | 150s
2026-09-17 20:39:26 | INFO    | epoch 4 | batch 2120/4266 | loss 0.8453 | acc 0.7597 | lr 9.96e-05 | 152s
2026-09-17 20:39:27 | INFO    | epoch 4 | batch 2140/4266 | loss 0.8450 | acc 0.7598 | lr 9.96e-05 | 153s
2026-09-17 20:39:29 | INFO    | epoch 4 | batch 2160/4266 | loss 0.8449 | acc 0.7598 | lr 9.96e-05 | 155s
2026-09-17 20:39:30 | INFO    | epoch 4 | batch 2180/4266 | loss 0.8450 | acc 0.7599 | lr 9.96e-05 | 156s
2026-09-17 20:39:31 | INFO    | epoch 4 | batch 2200/4266 | loss 0.8449 | acc 0.7599 | lr 9.96e-05 | 158s
2026-09-17 20:39:33 | INFO    | epoch 4 | batch 2220/4266 | loss 0.8448 | acc 0.7599 | lr 9.96e-05 | 159s
2026-09-17 20:39:34 | INFO    | epoch 4 | batch 2240/4266 | loss 0.8447 | acc 0.7600 | lr 9.96e-05 | 160s
2026-09-17 20:39:36 | INFO    | epoch 4 | batch 2260/4266 | loss 0.8444 | acc 0.7601 | lr 9.96e-05 | 162s
2026-09-17 20:39:37 | INFO    | epoch 4 | batch 2280/4266 | loss 0.8438 | acc 0.7604 | lr 9.96e-05 | 163s
2026-09-17 20:39:39 | INFO    | epoch 4 | batch 2300/4266 | loss 0.8437 | acc 0.7604 | lr 9.96e-05 | 165s
2026-09-17 20:39:40 | INFO    | epoch 4 | batch 2320/4266 | loss 0.8435 | acc 0.7605 | lr 9.96e-05 | 166s
2026-09-17 20:39:41 | INFO    | epoch 4 | batch 2340/4266 | loss 0.8434 | acc 0.7606 | lr 9.96e-05 | 168s
2026-09-17 20:39:43 | INFO    | epoch 4 | batch 2360/4266 | loss 0.8431 | acc 0.7608 | lr 9.96e-05 | 169s
2026-09-17 20:39:44 | INFO    | epoch 4 | batch 2380/4266 | loss 0.8427 | acc 0.7610 | lr 9.96e-05 | 170s
2026-09-17 20:39:46 | INFO    | epoch 4 | batch 2400/4266 | loss 0.8425 | acc 0.7611 | lr 9.96e-05 | 172s
2026-09-17 20:39:47 | INFO    | epoch 4 | batch 2420/4266 | loss 0.8421 | acc 0.7613 | lr 9.96e-05 | 173s
2026-09-17 20:39:49 | INFO    | epoch 4 | batch 2440/4266 | loss 0.8424 | acc 0.7611 | lr 9.96e-05 | 175s
2026-09-17 20:39:50 | INFO    | epoch 4 | batch 2460/4266 | loss 0.8420 | acc 0.7614 | lr 9.96e-05 | 176s
2026-09-17 20:39:51 | INFO    | epoch 4 | batch 2480/4266 | loss 0.8415 | acc 0.7616 | lr 9.96e-05 | 178s
2026-09-17 20:39:53 | INFO    | epoch 4 | batch 2500/4266 | loss 0.8414 | acc 0.7616 | lr 9.96e-05 | 179s
2026-09-17 20:39:54 | INFO    | epoch 4 | batch 2520/4266 | loss 0.8415 | acc 0.7617 | lr 9.96e-05 | 180s
2026-09-17 20:39:56 | INFO    | epoch 4 | batch 2540/4266 | loss 0.8417 | acc 0.7615 | lr 9.96e-05 | 182s
2026-09-17 20:39:57 | INFO    | epoch 4 | batch 2560/4266 | loss 0.8416 | acc 0.7617 | lr 9.96e-05 | 183s
2026-09-17 20:39:59 | INFO    | epoch 4 | batch 2580/4266 | loss 0.8415 | acc 0.7618 | lr 9.96e-05 | 185s
2026-09-17 20:40:00 | INFO    | epoch 4 | batch 2600/4266 | loss 0.8414 | acc 0.7618 | lr 9.96e-05 | 186s
2026-09-17 20:40:01 | INFO    | epoch 4 | batch 2620/4266 | loss 0.8409 | acc 0.7621 | lr 9.96e-05 | 187s
2026-09-17 20:40:03 | INFO    | epoch 4 | batch 2640/4266 | loss 0.8406 | acc 0.7623 | lr 9.96e-05 | 189s
2026-09-17 20:40:04 | INFO    | epoch 4 | batch 2660/4266 | loss 0.8403 | acc 0.7625 | lr 9.96e-05 | 190s
2026-09-17 20:40:05 | INFO    | epoch 4 | batch 2680/4266 | loss 0.8401 | acc 0.7626 | lr 9.96e-05 | 192s
2026-09-17 20:40:07 | INFO    | epoch 4 | batch 2700/4266 | loss 0.8397 | acc 0.7628 | lr 9.95e-05 | 193s
2026-09-17 20:40:08 | INFO    | epoch 4 | batch 2720/4266 | loss 0.8397 | acc 0.7628 | lr 9.95e-05 | 195s
2026-09-17 20:40:10 | INFO    | epoch 4 | batch 2740/4266 | loss 0.8395 | acc 0.7630 | lr 9.95e-05 | 196s
2026-09-17 20:40:11 | INFO    | epoch 4 | batch 2760/4266 | loss 0.8393 | acc 0.7631 | lr 9.95e-05 | 197s
2026-09-17 20:40:13 | INFO    | epoch 4 | batch 2780/4266 | loss 0.8393 | acc 0.7632 | lr 9.95e-05 | 199s
2026-09-17 20:40:14 | INFO    | epoch 4 | batch 2800/4266 | loss 0.8390 | acc 0.7632 | lr 9.95e-05 | 200s
2026-09-17 20:40:15 | INFO    | epoch 4 | batch 2820/4266 | loss 0.8389 | acc 0.7632 | lr 9.95e-05 | 202s
2026-09-17 20:40:17 | INFO    | epoch 4 | batch 2840/4266 | loss 0.8387 | acc 0.7633 | lr 9.95e-05 | 203s
2026-09-17 20:40:18 | INFO    | epoch 4 | batch 2860/4266 | loss 0.8387 | acc 0.7634 | lr 9.95e-05 | 204s
2026-09-17 20:40:20 | INFO    | epoch 4 | batch 2880/4266 | loss 0.8385 | acc 0.7635 | lr 9.95e-05 | 206s
2026-09-17 20:40:21 | INFO    | epoch 4 | batch 2900/4266 | loss 0.8382 | acc 0.7636 | lr 9.95e-05 | 207s
2026-09-17 20:40:23 | INFO    | epoch 4 | batch 2920/4266 | loss 0.8381 | acc 0.7637 | lr 9.95e-05 | 209s
2026-09-17 20:40:24 | INFO    | epoch 4 | batch 2940/4266 | loss 0.8380 | acc 0.7638 | lr 9.95e-05 | 210s
2026-09-17 20:40:25 | INFO    | epoch 4 | batch 2960/4266 | loss 0.8378 | acc 0.7639 | lr 9.95e-05 | 212s
2026-09-17 20:40:27 | INFO    | epoch 4 | batch 2980/4266 | loss 0.8376 | acc 0.7640 | lr 9.95e-05 | 213s
2026-09-17 20:40:28 | INFO    | epoch 4 | batch 3000/4266 | loss 0.8378 | acc 0.7640 | lr 9.95e-05 | 214s
2026-09-17 20:40:30 | INFO    | epoch 4 | batch 3020/4266 | loss 0.8376 | acc 0.7641 | lr 9.95e-05 | 216s
2026-09-17 20:40:31 | INFO    | epoch 4 | batch 3040/4266 | loss 0.8372 | acc 0.7644 | lr 9.95e-05 | 217s
2026-09-17 20:40:33 | INFO    | epoch 4 | batch 3060/4266 | loss 0.8370 | acc 0.7644 | lr 9.95e-05 | 219s
2026-09-17 20:40:34 | INFO    | epoch 4 | batch 3080/4266 | loss 0.8366 | acc 0.7647 | lr 9.95e-05 | 220s
2026-09-17 20:40:36 | INFO    | epoch 4 | batch 3100/4266 | loss 0.8367 | acc 0.7646 | lr 9.95e-05 | 222s
2026-09-17 20:40:37 | INFO    | epoch 4 | batch 3120/4266 | loss 0.8364 | acc 0.7647 | lr 9.95e-05 | 223s
2026-09-17 20:40:38 | INFO    | epoch 4 | batch 3140/4266 | loss 0.8362 | acc 0.7649 | lr 9.95e-05 | 225s
2026-09-17 20:40:40 | INFO    | epoch 4 | batch 3160/4266 | loss 0.8361 | acc 0.7650 | lr 9.95e-05 | 226s
2026-09-17 20:40:41 | INFO    | epoch 4 | batch 3180/4266 | loss 0.8359 | acc 0.7651 | lr 9.95e-05 | 228s
2026-09-17 20:40:43 | INFO    | epoch 4 | batch 3200/4266 | loss 0.8358 | acc 0.7652 | lr 9.95e-05 | 229s
2026-09-17 20:40:44 | INFO    | epoch 4 | batch 3220/4266 | loss 0.8356 | acc 0.7654 | lr 9.95e-05 | 230s
2026-09-17 20:40:46 | INFO    | epoch 4 | batch 3240/4266 | loss 0.8354 | acc 0.7654 | lr 9.95e-05 | 232s
2026-09-17 20:40:47 | INFO    | epoch 4 | batch 3260/4266 | loss 0.8352 | acc 0.7655 | lr 9.95e-05 | 233s
2026-09-17 20:40:49 | INFO    | epoch 4 | batch 3280/4266 | loss 0.8349 | acc 0.7655 | lr 9.95e-05 | 235s
2026-09-17 20:40:50 | INFO    | epoch 4 | batch 3300/4266 | loss 0.8346 | acc 0.7657 | lr 9.95e-05 | 236s
2026-09-17 20:40:51 | INFO    | epoch 4 | batch 3320/4266 | loss 0.8344 | acc 0.7658 | lr 9.95e-05 | 238s
2026-09-17 20:40:53 | INFO    | epoch 4 | batch 3340/4266 | loss 0.8342 | acc 0.7660 | lr 9.95e-05 | 239s
2026-09-17 20:40:54 | INFO    | epoch 4 | batch 3360/4266 | loss 0.8340 | acc 0.7661 | lr 9.95e-05 | 240s
2026-09-17 20:40:56 | INFO    | epoch 4 | batch 3380/4266 | loss 0.8336 | acc 0.7662 | lr 9.95e-05 | 242s
2026-09-17 20:40:57 | INFO    | epoch 4 | batch 3400/4266 | loss 0.8337 | acc 0.7661 | lr 9.95e-05 | 243s
2026-09-17 20:40:58 | INFO    | epoch 4 | batch 3420/4266 | loss 0.8338 | acc 0.7661 | lr 9.95e-05 | 245s
2026-09-17 20:41:00 | INFO    | epoch 4 | batch 3440/4266 | loss 0.8338 | acc 0.7662 | lr 9.94e-05 | 246s
2026-09-17 20:41:01 | INFO    | epoch 4 | batch 3460/4266 | loss 0.8336 | acc 0.7663 | lr 9.94e-05 | 247s
2026-09-17 20:41:03 | INFO    | epoch 4 | batch 3480/4266 | loss 0.8334 | acc 0.7663 | lr 9.94e-05 | 249s
2026-09-17 20:41:04 | INFO    | epoch 4 | batch 3500/4266 | loss 0.8333 | acc 0.7663 | lr 9.94e-05 | 250s
2026-09-17 20:41:06 | INFO    | epoch 4 | batch 3520/4266 | loss 0.8331 | acc 0.7663 | lr 9.94e-05 | 252s
2026-09-17 20:41:07 | INFO    | epoch 4 | batch 3540/4266 | loss 0.8331 | acc 0.7664 | lr 9.94e-05 | 253s
2026-09-17 20:41:08 | INFO    | epoch 4 | batch 3560/4266 | loss 0.8329 | acc 0.7664 | lr 9.94e-05 | 255s
2026-09-17 20:41:10 | INFO    | epoch 4 | batch 3580/4266 | loss 0.8326 | acc 0.7666 | lr 9.94e-05 | 256s
2026-09-17 20:41:11 | INFO    | epoch 4 | batch 3600/4266 | loss 0.8324 | acc 0.7667 | lr 9.94e-05 | 258s
2026-09-17 20:41:13 | INFO    | epoch 4 | batch 3620/4266 | loss 0.8323 | acc 0.7668 | lr 9.94e-05 | 259s
2026-09-17 20:41:14 | INFO    | epoch 4 | batch 3640/4266 | loss 0.8324 | acc 0.7668 | lr 9.94e-05 | 260s
2026-09-17 20:41:16 | INFO    | epoch 4 | batch 3660/4266 | loss 0.8324 | acc 0.7668 | lr 9.94e-05 | 262s
2026-09-17 20:41:17 | INFO    | epoch 4 | batch 3680/4266 | loss 0.8320 | acc 0.7669 | lr 9.94e-05 | 263s
2026-09-17 20:41:18 | INFO    | epoch 4 | batch 3700/4266 | loss 0.8316 | acc 0.7672 | lr 9.94e-05 | 265s
2026-09-17 20:41:20 | INFO    | epoch 4 | batch 3720/4266 | loss 0.8313 | acc 0.7673 | lr 9.94e-05 | 266s
2026-09-17 20:41:21 | INFO    | epoch 4 | batch 3740/4266 | loss 0.8309 | acc 0.7676 | lr 9.94e-05 | 268s
2026-09-17 20:41:23 | INFO    | epoch 4 | batch 3760/4266 | loss 0.8305 | acc 0.7678 | lr 9.94e-05 | 269s
2026-09-17 20:41:24 | INFO    | epoch 4 | batch 3780/4266 | loss 0.8305 | acc 0.7678 | lr 9.94e-05 | 270s
2026-09-17 20:41:26 | INFO    | epoch 4 | batch 3800/4266 | loss 0.8301 | acc 0.7681 | lr 9.94e-05 | 272s
2026-09-17 20:41:27 | INFO    | epoch 4 | batch 3820/4266 | loss 0.8298 | acc 0.7681 | lr 9.94e-05 | 273s
2026-09-17 20:41:28 | INFO    | epoch 4 | batch 3840/4266 | loss 0.8295 | acc 0.7683 | lr 9.94e-05 | 275s
2026-09-17 20:41:30 | INFO    | epoch 4 | batch 3860/4266 | loss 0.8293 | acc 0.7684 | lr 9.94e-05 | 276s
2026-09-17 20:41:31 | INFO    | epoch 4 | batch 3880/4266 | loss 0.8290 | acc 0.7686 | lr 9.94e-05 | 278s
2026-09-17 20:41:33 | INFO    | epoch 4 | batch 3900/4266 | loss 0.8289 | acc 0.7687 | lr 9.94e-05 | 279s
2026-09-17 20:41:34 | INFO    | epoch 4 | batch 3920/4266 | loss 0.8286 | acc 0.7688 | lr 9.94e-05 | 280s
2026-09-17 20:41:36 | INFO    | epoch 4 | batch 3940/4266 | loss 0.8284 | acc 0.7690 | lr 9.94e-05 | 282s
2026-09-17 20:41:37 | INFO    | epoch 4 | batch 3960/4266 | loss 0.8284 | acc 0.7690 | lr 9.94e-05 | 283s
2026-09-17 20:41:38 | INFO    | epoch 4 | batch 3980/4266 | loss 0.8282 | acc 0.7691 | lr 9.94e-05 | 285s
2026-09-17 20:41:40 | INFO    | epoch 4 | batch 4000/4266 | loss 0.8280 | acc 0.7692 | lr 9.94e-05 | 286s
2026-09-17 20:41:41 | INFO    | epoch 4 | batch 4020/4266 | loss 0.8279 | acc 0.7692 | lr 9.94e-05 | 288s
2026-09-17 20:41:43 | INFO    | epoch 4 | batch 4040/4266 | loss 0.8280 | acc 0.7693 | lr 9.94e-05 | 289s
2026-09-17 20:41:44 | INFO    | epoch 4 | batch 4060/4266 | loss 0.8279 | acc 0.7694 | lr 9.94e-05 | 290s
2026-09-17 20:41:46 | INFO    | epoch 4 | batch 4080/4266 | loss 0.8276 | acc 0.7695 | lr 9.94e-05 | 292s
2026-09-17 20:41:47 | INFO    | epoch 4 | batch 4100/4266 | loss 0.8275 | acc 0.7696 | lr 9.94e-05 | 293s
2026-09-17 20:41:48 | INFO    | epoch 4 | batch 4120/4266 | loss 0.8273 | acc 0.7697 | lr 9.93e-05 | 295s
2026-09-17 20:41:50 | INFO    | epoch 4 | batch 4140/4266 | loss 0.8270 | acc 0.7698 | lr 9.93e-05 | 296s
2026-09-17 20:41:51 | INFO    | epoch 4 | batch 4160/4266 | loss 0.8269 | acc 0.7700 | lr 9.93e-05 | 298s
2026-09-17 20:41:53 | INFO    | epoch 4 | batch 4180/4266 | loss 0.8266 | acc 0.7701 | lr 9.93e-05 | 299s
2026-09-17 20:41:54 | INFO    | epoch 4 | batch 4200/4266 | loss 0.8264 | acc 0.7703 | lr 9.93e-05 | 300s
2026-09-17 20:41:56 | INFO    | epoch 4 | batch 4220/4266 | loss 0.8263 | acc 0.7703 | lr 9.93e-05 | 302s
2026-09-17 20:41:57 | INFO    | epoch 4 | batch 4240/4266 | loss 0.8261 | acc 0.7704 | lr 9.93e-05 | 304s
2026-09-17 20:41:59 | INFO    | epoch 4 | batch 4260/4266 | loss 0.8259 | acc 0.7706 | lr 9.93e-05 | 305s
2026-09-17 20:41:59 | INFO    | epoch 4 | batch 4266/4266 | loss 0.8258 | acc 0.7707 | lr 9.93e-05 | 306s
2026-09-17 20:42:09 | INFO    | epoch 4/40 done in 315s | train loss 0.8258 | train running patch (aug): accuracy=0.7707 precision=0.7672 recall=0.7599 f1=0.7628
2026-09-17 20:42:09 | INFO    | epoch 4 train (eval, no aug) | loss 1.4721 | patch[7280]: accuracy=0.4798 precision=0.4628 recall=0.4480 f1=0.4404 | image[455]: accuracy=0.5055 precision=0.4907 recall=0.4717 f1=0.4654
2026-09-17 20:42:09 | INFO    | epoch 4 val | loss 1.5838 | patch[8448]: accuracy=0.4373 precision=0.4136 recall=0.4093 f1=0.3987 | image[96]: accuracy=0.4375 precision=0.4086 recall=0.4068 f1=0.3940
2026-09-17 20:42:09 | INFO    | val_patch_f1 = 0.3987 (best 0.4593 @ epoch 3)
2026-09-17 20:42:11 | INFO    | epoch 5 | batch 20/4266 | loss 0.7593 | acc 0.8172 | lr 9.93e-05 | 2s
2026-09-17 20:42:12 | INFO    | epoch 5 | batch 40/4266 | loss 0.8014 | acc 0.7906 | lr 9.93e-05 | 3s
2026-09-17 20:42:14 | INFO    | epoch 5 | batch 60/4266 | loss 0.7851 | acc 0.7979 | lr 9.93e-05 | 4s
2026-09-17 20:42:15 | INFO    | epoch 5 | batch 80/4266 | loss 0.7901 | acc 0.7945 | lr 9.93e-05 | 6s
2026-09-17 20:42:16 | INFO    | epoch 5 | batch 100/4266 | loss 0.7878 | acc 0.7937 | lr 9.93e-05 | 7s
2026-09-17 20:42:18 | INFO    | epoch 5 | batch 120/4266 | loss 0.7831 | acc 0.7961 | lr 9.93e-05 | 9s
2026-09-17 20:42:19 | INFO    | epoch 5 | batch 140/4266 | loss 0.7840 | acc 0.7962 | lr 9.93e-05 | 10s
2026-09-17 20:42:21 | INFO    | epoch 5 | batch 160/4266 | loss 0.7861 | acc 0.7943 | lr 9.93e-05 | 12s
2026-09-17 20:42:22 | INFO    | epoch 5 | batch 180/4266 | loss 0.7808 | acc 0.7969 | lr 9.93e-05 | 13s
2026-09-17 20:42:24 | INFO    | epoch 5 | batch 200/4266 | loss 0.7828 | acc 0.7944 | lr 9.93e-05 | 15s
2026-09-17 20:42:25 | INFO    | epoch 5 | batch 220/4266 | loss 0.7857 | acc 0.7918 | lr 9.93e-05 | 16s
2026-09-17 20:42:26 | INFO    | epoch 5 | batch 240/4266 | loss 0.7846 | acc 0.7939 | lr 9.93e-05 | 17s
2026-09-17 20:42:28 | INFO    | epoch 5 | batch 260/4266 | loss 0.7850 | acc 0.7946 | lr 9.93e-05 | 19s
2026-09-17 20:42:29 | INFO    | epoch 5 | batch 280/4266 | loss 0.7872 | acc 0.7943 | lr 9.93e-05 | 20s
2026-09-17 20:42:31 | INFO    | epoch 5 | batch 300/4266 | loss 0.7849 | acc 0.7952 | lr 9.93e-05 | 22s
2026-09-17 20:42:32 | INFO    | epoch 5 | batch 320/4266 | loss 0.7844 | acc 0.7945 | lr 9.93e-05 | 23s
2026-09-17 20:42:34 | INFO    | epoch 5 | batch 340/4266 | loss 0.7826 | acc 0.7960 | lr 9.93e-05 | 25s
2026-09-17 20:42:35 | INFO    | epoch 5 | batch 360/4266 | loss 0.7821 | acc 0.7969 | lr 9.93e-05 | 26s
2026-09-17 20:42:37 | INFO    | epoch 5 | batch 380/4266 | loss 0.7836 | acc 0.7951 | lr 9.93e-05 | 28s
2026-09-17 20:42:38 | INFO    | epoch 5 | batch 400/4266 | loss 0.7822 | acc 0.7954 | lr 9.93e-05 | 29s
2026-09-17 20:42:40 | INFO    | epoch 5 | batch 420/4266 | loss 0.7815 | acc 0.7961 | lr 9.93e-05 | 31s
2026-09-17 20:42:41 | INFO    | epoch 5 | batch 440/4266 | loss 0.7816 | acc 0.7955 | lr 9.93e-05 | 32s
2026-09-17 20:42:43 | INFO    | epoch 5 | batch 460/4266 | loss 0.7794 | acc 0.7970 | lr 9.93e-05 | 34s
2026-09-17 20:42:44 | INFO    | epoch 5 | batch 480/4266 | loss 0.7780 | acc 0.7975 | lr 9.92e-05 | 35s
2026-09-17 20:42:46 | INFO    | epoch 5 | batch 500/4266 | loss 0.7777 | acc 0.7979 | lr 9.92e-05 | 36s
2026-09-17 20:42:47 | INFO    | epoch 5 | batch 520/4266 | loss 0.7783 | acc 0.7972 | lr 9.92e-05 | 38s
2026-09-17 20:42:48 | INFO    | epoch 5 | batch 540/4266 | loss 0.7762 | acc 0.7988 | lr 9.92e-05 | 39s
2026-09-17 20:42:50 | INFO    | epoch 5 | batch 560/4266 | loss 0.7770 | acc 0.7988 | lr 9.92e-05 | 41s
2026-09-17 20:42:51 | INFO    | epoch 5 | batch 580/4266 | loss 0.7768 | acc 0.7995 | lr 9.92e-05 | 42s
2026-09-17 20:42:53 | INFO    | epoch 5 | batch 600/4266 | loss 0.7763 | acc 0.7997 | lr 9.92e-05 | 44s
2026-09-17 20:42:54 | INFO    | epoch 5 | batch 620/4266 | loss 0.7748 | acc 0.8003 | lr 9.92e-05 | 45s
2026-09-17 20:42:56 | INFO    | epoch 5 | batch 640/4266 | loss 0.7753 | acc 0.8000 | lr 9.92e-05 | 47s
2026-09-17 20:42:57 | INFO    | epoch 5 | batch 660/4266 | loss 0.7743 | acc 0.8006 | lr 9.92e-05 | 48s
2026-09-17 20:42:59 | INFO    | epoch 5 | batch 680/4266 | loss 0.7757 | acc 0.7999 | lr 9.92e-05 | 50s
2026-09-17 20:43:00 | INFO    | epoch 5 | batch 700/4266 | loss 0.7748 | acc 0.8004 | lr 9.92e-05 | 51s
2026-09-17 20:43:02 | INFO    | epoch 5 | batch 720/4266 | loss 0.7742 | acc 0.8007 | lr 9.92e-05 | 53s
2026-09-17 20:43:03 | INFO    | epoch 5 | batch 740/4266 | loss 0.7740 | acc 0.8006 | lr 9.92e-05 | 54s
2026-09-17 20:43:05 | INFO    | epoch 5 | batch 760/4266 | loss 0.7739 | acc 0.8002 | lr 9.92e-05 | 56s
2026-09-17 20:43:06 | INFO    | epoch 5 | batch 780/4266 | loss 0.7744 | acc 0.8001 | lr 9.92e-05 | 57s
2026-09-17 20:43:08 | INFO    | epoch 5 | batch 800/4266 | loss 0.7743 | acc 0.8000 | lr 9.92e-05 | 58s
2026-09-17 20:43:09 | INFO    | epoch 5 | batch 820/4266 | loss 0.7736 | acc 0.8007 | lr 9.92e-05 | 60s
2026-09-17 20:43:10 | INFO    | epoch 5 | batch 840/4266 | loss 0.7737 | acc 0.8004 | lr 9.92e-05 | 61s
2026-09-17 20:43:12 | INFO    | epoch 5 | batch 860/4266 | loss 0.7737 | acc 0.8009 | lr 9.92e-05 | 63s
2026-09-17 20:43:13 | INFO    | epoch 5 | batch 880/4266 | loss 0.7739 | acc 0.8008 | lr 9.92e-05 | 64s
2026-09-17 20:43:15 | INFO    | epoch 5 | batch 900/4266 | loss 0.7730 | acc 0.8011 | lr 9.92e-05 | 66s
2026-09-17 20:43:16 | INFO    | epoch 5 | batch 920/4266 | loss 0.7736 | acc 0.8008 | lr 9.92e-05 | 67s
2026-09-17 20:43:17 | INFO    | epoch 5 | batch 940/4266 | loss 0.7727 | acc 0.8013 | lr 9.92e-05 | 68s
2026-09-17 20:43:19 | INFO    | epoch 5 | batch 960/4266 | loss 0.7729 | acc 0.8011 | lr 9.92e-05 | 70s
2026-09-17 20:43:20 | INFO    | epoch 5 | batch 980/4266 | loss 0.7733 | acc 0.8009 | lr 9.92e-05 | 71s
2026-09-17 20:43:22 | INFO    | epoch 5 | batch 1000/4266 | loss 0.7721 | acc 0.8016 | lr 9.92e-05 | 73s
2026-09-17 20:43:23 | INFO    | epoch 5 | batch 1020/4266 | loss 0.7721 | acc 0.8015 | lr 9.92e-05 | 74s
2026-09-17 20:43:25 | INFO    | epoch 5 | batch 1040/4266 | loss 0.7725 | acc 0.8011 | lr 9.92e-05 | 75s
2026-09-17 20:43:26 | INFO    | epoch 5 | batch 1060/4266 | loss 0.7723 | acc 0.8013 | lr 9.91e-05 | 77s
2026-09-17 20:43:27 | INFO    | epoch 5 | batch 1080/4266 | loss 0.7722 | acc 0.8014 | lr 9.91e-05 | 78s
2026-09-17 20:43:29 | INFO    | epoch 5 | batch 1100/4266 | loss 0.7718 | acc 0.8018 | lr 9.91e-05 | 80s
2026-09-17 20:43:30 | INFO    | epoch 5 | batch 1120/4266 | loss 0.7711 | acc 0.8019 | lr 9.91e-05 | 81s
2026-09-17 20:43:32 | INFO    | epoch 5 | batch 1140/4266 | loss 0.7706 | acc 0.8024 | lr 9.91e-05 | 83s
2026-09-17 20:43:33 | INFO    | epoch 5 | batch 1160/4266 | loss 0.7709 | acc 0.8024 | lr 9.91e-05 | 84s
2026-09-17 20:43:34 | INFO    | epoch 5 | batch 1180/4266 | loss 0.7708 | acc 0.8024 | lr 9.91e-05 | 85s
2026-09-17 20:43:36 | INFO    | epoch 5 | batch 1200/4266 | loss 0.7702 | acc 0.8026 | lr 9.91e-05 | 87s
2026-09-17 20:43:37 | INFO    | epoch 5 | batch 1220/4266 | loss 0.7698 | acc 0.8028 | lr 9.91e-05 | 88s
2026-09-17 20:43:39 | INFO    | epoch 5 | batch 1240/4266 | loss 0.7691 | acc 0.8032 | lr 9.91e-05 | 90s
2026-09-17 20:43:40 | INFO    | epoch 5 | batch 1260/4266 | loss 0.7687 | acc 0.8033 | lr 9.91e-05 | 91s
2026-09-17 20:43:42 | INFO    | epoch 5 | batch 1280/4266 | loss 0.7692 | acc 0.8030 | lr 9.91e-05 | 93s
2026-09-17 20:43:43 | INFO    | epoch 5 | batch 1300/4266 | loss 0.7696 | acc 0.8030 | lr 9.91e-05 | 94s
2026-09-17 20:43:45 | INFO    | epoch 5 | batch 1320/4266 | loss 0.7693 | acc 0.8031 | lr 9.91e-05 | 95s
2026-09-17 20:43:46 | INFO    | epoch 5 | batch 1340/4266 | loss 0.7686 | acc 0.8033 | lr 9.91e-05 | 97s
2026-09-17 20:43:47 | INFO    | epoch 5 | batch 1360/4266 | loss 0.7687 | acc 0.8034 | lr 9.91e-05 | 98s
2026-09-17 20:43:49 | INFO    | epoch 5 | batch 1380/4266 | loss 0.7689 | acc 0.8036 | lr 9.91e-05 | 100s
2026-09-17 20:43:50 | INFO    | epoch 5 | batch 1400/4266 | loss 0.7692 | acc 0.8032 | lr 9.91e-05 | 101s
2026-09-17 20:43:52 | INFO    | epoch 5 | batch 1420/4266 | loss 0.7686 | acc 0.8035 | lr 9.91e-05 | 102s
2026-09-17 20:43:53 | INFO    | epoch 5 | batch 1440/4266 | loss 0.7688 | acc 0.8035 | lr 9.91e-05 | 104s
2026-09-17 20:43:54 | INFO    | epoch 5 | batch 1460/4266 | loss 0.7686 | acc 0.8036 | lr 9.91e-05 | 105s
2026-09-17 20:43:56 | INFO    | epoch 5 | batch 1480/4266 | loss 0.7682 | acc 0.8037 | lr 9.91e-05 | 107s
2026-09-17 20:43:57 | INFO    | epoch 5 | batch 1500/4266 | loss 0.7684 | acc 0.8039 | lr 9.91e-05 | 108s
2026-09-17 20:43:58 | INFO    | epoch 5 | batch 1520/4266 | loss 0.7686 | acc 0.8038 | lr 9.91e-05 | 109s
2026-09-17 20:44:00 | INFO    | epoch 5 | batch 1540/4266 | loss 0.7683 | acc 0.8039 | lr 9.91e-05 | 111s
2026-09-17 20:44:01 | INFO    | epoch 5 | batch 1560/4266 | loss 0.7675 | acc 0.8043 | lr 9.91e-05 | 112s
2026-09-17 20:44:03 | INFO    | epoch 5 | batch 1580/4266 | loss 0.7675 | acc 0.8044 | lr 9.91e-05 | 114s
2026-09-17 20:44:04 | INFO    | epoch 5 | batch 1600/4266 | loss 0.7671 | acc 0.8046 | lr 9.90e-05 | 115s
2026-09-17 20:44:06 | INFO    | epoch 5 | batch 1620/4266 | loss 0.7666 | acc 0.8049 | lr 9.90e-05 | 116s
2026-09-17 20:44:07 | INFO    | epoch 5 | batch 1640/4266 | loss 0.7665 | acc 0.8050 | lr 9.90e-05 | 118s
2026-09-17 20:44:08 | INFO    | epoch 5 | batch 1660/4266 | loss 0.7661 | acc 0.8052 | lr 9.90e-05 | 119s
2026-09-17 20:44:10 | INFO    | epoch 5 | batch 1680/4266 | loss 0.7662 | acc 0.8050 | lr 9.90e-05 | 121s
2026-09-17 20:44:11 | INFO    | epoch 5 | batch 1700/4266 | loss 0.7663 | acc 0.8049 | lr 9.90e-05 | 122s
2026-09-17 20:44:13 | INFO    | epoch 5 | batch 1720/4266 | loss 0.7666 | acc 0.8047 | lr 9.90e-05 | 123s
2026-09-17 20:44:14 | INFO    | epoch 5 | batch 1740/4266 | loss 0.7665 | acc 0.8047 | lr 9.90e-05 | 125s
2026-09-17 20:44:15 | INFO    | epoch 5 | batch 1760/4266 | loss 0.7664 | acc 0.8049 | lr 9.90e-05 | 126s
2026-09-17 20:44:17 | INFO    | epoch 5 | batch 1780/4266 | loss 0.7666 | acc 0.8048 | lr 9.90e-05 | 128s
2026-09-17 20:44:18 | INFO    | epoch 5 | batch 1800/4266 | loss 0.7666 | acc 0.8048 | lr 9.90e-05 | 129s
2026-09-17 20:44:20 | INFO    | epoch 5 | batch 1820/4266 | loss 0.7665 | acc 0.8048 | lr 9.90e-05 | 131s
2026-09-17 20:44:21 | INFO    | epoch 5 | batch 1840/4266 | loss 0.7664 | acc 0.8048 | lr 9.90e-05 | 132s
2026-09-17 20:44:23 | INFO    | epoch 5 | batch 1860/4266 | loss 0.7660 | acc 0.8050 | lr 9.90e-05 | 134s
2026-09-17 20:44:24 | INFO    | epoch 5 | batch 1880/4266 | loss 0.7660 | acc 0.8050 | lr 9.90e-05 | 135s
2026-09-17 20:44:26 | INFO    | epoch 5 | batch 1900/4266 | loss 0.7658 | acc 0.8052 | lr 9.90e-05 | 137s
2026-09-17 20:44:27 | INFO    | epoch 5 | batch 1920/4266 | loss 0.7654 | acc 0.8054 | lr 9.90e-05 | 138s
2026-09-17 20:44:29 | INFO    | epoch 5 | batch 1940/4266 | loss 0.7651 | acc 0.8054 | lr 9.90e-05 | 140s
2026-09-17 20:44:30 | INFO    | epoch 5 | batch 1960/4266 | loss 0.7653 | acc 0.8053 | lr 9.90e-05 | 141s
2026-09-17 20:44:32 | INFO    | epoch 5 | batch 1980/4266 | loss 0.7649 | acc 0.8055 | lr 9.90e-05 | 143s
2026-09-17 20:44:33 | INFO    | epoch 5 | batch 2000/4266 | loss 0.7645 | acc 0.8055 | lr 9.90e-05 | 144s
2026-09-17 20:44:35 | INFO    | epoch 5 | batch 2020/4266 | loss 0.7641 | acc 0.8058 | lr 9.90e-05 | 145s
2026-09-17 20:44:36 | INFO    | epoch 5 | batch 2040/4266 | loss 0.7638 | acc 0.8061 | lr 9.90e-05 | 147s
2026-09-17 20:44:37 | INFO    | epoch 5 | batch 2060/4266 | loss 0.7642 | acc 0.8058 | lr 9.90e-05 | 148s
2026-09-17 20:44:39 | INFO    | epoch 5 | batch 2080/4266 | loss 0.7644 | acc 0.8057 | lr 9.90e-05 | 150s
2026-09-17 20:44:40 | INFO    | epoch 5 | batch 2100/4266 | loss 0.7638 | acc 0.8061 | lr 9.90e-05 | 151s
2026-09-17 20:44:42 | INFO    | epoch 5 | batch 2120/4266 | loss 0.7636 | acc 0.8062 | lr 9.89e-05 | 153s
2026-09-17 20:44:43 | INFO    | epoch 5 | batch 2140/4266 | loss 0.7637 | acc 0.8061 | lr 9.89e-05 | 154s
2026-09-17 20:44:45 | INFO    | epoch 5 | batch 2160/4266 | loss 0.7638 | acc 0.8062 | lr 9.89e-05 | 156s
2026-09-17 20:44:46 | INFO    | epoch 5 | batch 2180/4266 | loss 0.7636 | acc 0.8061 | lr 9.89e-05 | 157s
2026-09-17 20:44:47 | INFO    | epoch 5 | batch 2200/4266 | loss 0.7634 | acc 0.8063 | lr 9.89e-05 | 158s
2026-09-17 20:44:49 | INFO    | epoch 5 | batch 2220/4266 | loss 0.7631 | acc 0.8063 | lr 9.89e-05 | 160s
2026-09-17 20:44:50 | INFO    | epoch 5 | batch 2240/4266 | loss 0.7630 | acc 0.8063 | lr 9.89e-05 | 161s
2026-09-17 20:44:52 | INFO    | epoch 5 | batch 2260/4266 | loss 0.7634 | acc 0.8061 | lr 9.89e-05 | 163s
2026-09-17 20:44:53 | INFO    | epoch 5 | batch 2280/4266 | loss 0.7631 | acc 0.8061 | lr 9.89e-05 | 164s
2026-09-17 20:44:55 | INFO    | epoch 5 | batch 2300/4266 | loss 0.7632 | acc 0.8060 | lr 9.89e-05 | 165s
2026-09-17 20:44:56 | INFO    | epoch 5 | batch 2320/4266 | loss 0.7630 | acc 0.8061 | lr 9.89e-05 | 167s
2026-09-17 20:44:57 | INFO    | epoch 5 | batch 2340/4266 | loss 0.7627 | acc 0.8063 | lr 9.89e-05 | 168s
2026-09-17 20:44:59 | INFO    | epoch 5 | batch 2360/4266 | loss 0.7624 | acc 0.8065 | lr 9.89e-05 | 170s
2026-09-17 20:45:00 | INFO    | epoch 5 | batch 2380/4266 | loss 0.7627 | acc 0.8064 | lr 9.89e-05 | 171s
2026-09-17 20:45:01 | INFO    | epoch 5 | batch 2400/4266 | loss 0.7628 | acc 0.8063 | lr 9.89e-05 | 172s
2026-09-17 20:45:03 | INFO    | epoch 5 | batch 2420/4266 | loss 0.7626 | acc 0.8063 | lr 9.89e-05 | 174s
2026-09-17 20:45:04 | INFO    | epoch 5 | batch 2440/4266 | loss 0.7626 | acc 0.8063 | lr 9.89e-05 | 175s
2026-09-17 20:45:06 | INFO    | epoch 5 | batch 2460/4266 | loss 0.7624 | acc 0.8065 | lr 9.89e-05 | 177s
2026-09-17 20:45:07 | INFO    | epoch 5 | batch 2480/4266 | loss 0.7620 | acc 0.8068 | lr 9.89e-05 | 178s
2026-09-17 20:45:09 | INFO    | epoch 5 | batch 2500/4266 | loss 0.7618 | acc 0.8069 | lr 9.89e-05 | 180s
2026-09-17 20:45:10 | INFO    | epoch 5 | batch 2520/4266 | loss 0.7616 | acc 0.8070 | lr 9.89e-05 | 181s
2026-09-17 20:45:12 | INFO    | epoch 5 | batch 2540/4266 | loss 0.7615 | acc 0.8071 | lr 9.89e-05 | 182s
2026-09-17 20:45:13 | INFO    | epoch 5 | batch 2560/4266 | loss 0.7613 | acc 0.8071 | lr 9.89e-05 | 184s
2026-09-17 20:45:14 | INFO    | epoch 5 | batch 2580/4266 | loss 0.7610 | acc 0.8073 | lr 9.89e-05 | 185s
2026-09-17 20:45:16 | INFO    | epoch 5 | batch 2600/4266 | loss 0.7611 | acc 0.8072 | lr 9.89e-05 | 187s
2026-09-17 20:45:17 | INFO    | epoch 5 | batch 2620/4266 | loss 0.7606 | acc 0.8075 | lr 9.88e-05 | 188s
2026-09-17 20:45:19 | INFO    | epoch 5 | batch 2640/4266 | loss 0.7606 | acc 0.8076 | lr 9.88e-05 | 190s
2026-09-17 20:45:20 | INFO    | epoch 5 | batch 2660/4266 | loss 0.7605 | acc 0.8078 | lr 9.88e-05 | 191s
2026-09-17 20:45:22 | INFO    | epoch 5 | batch 2680/4266 | loss 0.7603 | acc 0.8078 | lr 9.88e-05 | 192s
2026-09-17 20:45:23 | INFO    | epoch 5 | batch 2700/4266 | loss 0.7600 | acc 0.8080 | lr 9.88e-05 | 194s
2026-09-17 20:45:24 | INFO    | epoch 5 | batch 2720/4266 | loss 0.7597 | acc 0.8081 | lr 9.88e-05 | 195s
2026-09-17 20:45:26 | INFO    | epoch 5 | batch 2740/4266 | loss 0.7596 | acc 0.8081 | lr 9.88e-05 | 197s
2026-09-17 20:45:27 | INFO    | epoch 5 | batch 2760/4266 | loss 0.7595 | acc 0.8082 | lr 9.88e-05 | 198s
2026-09-17 20:45:29 | INFO    | epoch 5 | batch 2780/4266 | loss 0.7593 | acc 0.8083 | lr 9.88e-05 | 200s
2026-09-17 20:45:30 | INFO    | epoch 5 | batch 2800/4266 | loss 0.7590 | acc 0.8084 | lr 9.88e-05 | 201s
2026-09-17 20:45:32 | INFO    | epoch 5 | batch 2820/4266 | loss 0.7589 | acc 0.8085 | lr 9.88e-05 | 203s
2026-09-17 20:45:33 | INFO    | epoch 5 | batch 2840/4266 | loss 0.7590 | acc 0.8085 | lr 9.88e-05 | 204s
2026-09-17 20:45:35 | INFO    | epoch 5 | batch 2860/4266 | loss 0.7590 | acc 0.8084 | lr 9.88e-05 | 206s
2026-09-17 20:45:36 | INFO    | epoch 5 | batch 2880/4266 | loss 0.7588 | acc 0.8084 | lr 9.88e-05 | 207s
2026-09-17 20:45:38 | INFO    | epoch 5 | batch 2900/4266 | loss 0.7586 | acc 0.8085 | lr 9.88e-05 | 209s
2026-09-17 20:45:39 | INFO    | epoch 5 | batch 2920/4266 | loss 0.7584 | acc 0.8085 | lr 9.88e-05 | 210s
2026-09-17 20:45:41 | INFO    | epoch 5 | batch 2940/4266 | loss 0.7583 | acc 0.8086 | lr 9.88e-05 | 212s
2026-09-17 20:45:42 | INFO    | epoch 5 | batch 2960/4266 | loss 0.7584 | acc 0.8085 | lr 9.88e-05 | 213s
2026-09-17 20:45:44 | INFO    | epoch 5 | batch 2980/4266 | loss 0.7582 | acc 0.8086 | lr 9.88e-05 | 215s
2026-09-17 20:45:45 | INFO    | epoch 5 | batch 3000/4266 | loss 0.7579 | acc 0.8088 | lr 9.88e-05 | 216s
2026-09-17 20:45:47 | INFO    | epoch 5 | batch 3020/4266 | loss 0.7579 | acc 0.8088 | lr 9.88e-05 | 218s
2026-09-17 20:45:48 | INFO    | epoch 5 | batch 3040/4266 | loss 0.7579 | acc 0.8087 | lr 9.88e-05 | 219s
2026-09-17 20:45:50 | INFO    | epoch 5 | batch 3060/4266 | loss 0.7579 | acc 0.8087 | lr 9.88e-05 | 220s
2026-09-17 20:45:51 | INFO    | epoch 5 | batch 3080/4266 | loss 0.7577 | acc 0.8087 | lr 9.88e-05 | 222s
2026-09-17 20:45:52 | INFO    | epoch 5 | batch 3100/4266 | loss 0.7578 | acc 0.8087 | lr 9.87e-05 | 223s
2026-09-17 20:45:54 | INFO    | epoch 5 | batch 3120/4266 | loss 0.7578 | acc 0.8088 | lr 9.87e-05 | 225s
2026-09-17 20:45:55 | INFO    | epoch 5 | batch 3140/4266 | loss 0.7576 | acc 0.8088 | lr 9.87e-05 | 226s
2026-09-17 20:45:57 | INFO    | epoch 5 | batch 3160/4266 | loss 0.7573 | acc 0.8089 | lr 9.87e-05 | 228s
2026-09-17 20:45:58 | INFO    | epoch 5 | batch 3180/4266 | loss 0.7570 | acc 0.8091 | lr 9.87e-05 | 229s
2026-09-17 20:46:00 | INFO    | epoch 5 | batch 3200/4266 | loss 0.7573 | acc 0.8089 | lr 9.87e-05 | 231s
2026-09-17 20:46:01 | INFO    | epoch 5 | batch 3220/4266 | loss 0.7573 | acc 0.8090 | lr 9.87e-05 | 232s
2026-09-17 20:46:02 | INFO    | epoch 5 | batch 3240/4266 | loss 0.7572 | acc 0.8090 | lr 9.87e-05 | 233s
2026-09-17 20:46:04 | INFO    | epoch 5 | batch 3260/4266 | loss 0.7572 | acc 0.8091 | lr 9.87e-05 | 235s
2026-09-17 20:46:05 | INFO    | epoch 5 | batch 3280/4266 | loss 0.7568 | acc 0.8093 | lr 9.87e-05 | 236s
2026-09-17 20:46:07 | INFO    | epoch 5 | batch 3300/4266 | loss 0.7567 | acc 0.8093 | lr 9.87e-05 | 238s
2026-09-17 20:46:08 | INFO    | epoch 5 | batch 3320/4266 | loss 0.7567 | acc 0.8094 | lr 9.87e-05 | 239s
2026-09-17 20:46:10 | INFO    | epoch 5 | batch 3340/4266 | loss 0.7565 | acc 0.8095 | lr 9.87e-05 | 241s
2026-09-17 20:46:11 | INFO    | epoch 5 | batch 3360/4266 | loss 0.7565 | acc 0.8095 | lr 9.87e-05 | 242s
2026-09-17 20:46:13 | INFO    | epoch 5 | batch 3380/4266 | loss 0.7564 | acc 0.8095 | lr 9.87e-05 | 243s
2026-09-17 20:46:14 | INFO    | epoch 5 | batch 3400/4266 | loss 0.7564 | acc 0.8095 | lr 9.87e-05 | 245s
2026-09-17 20:46:15 | INFO    | epoch 5 | batch 3420/4266 | loss 0.7562 | acc 0.8096 | lr 9.87e-05 | 246s
2026-09-17 20:46:17 | INFO    | epoch 5 | batch 3440/4266 | loss 0.7560 | acc 0.8097 | lr 9.87e-05 | 248s
2026-09-17 20:46:18 | INFO    | epoch 5 | batch 3460/4266 | loss 0.7559 | acc 0.8098 | lr 9.87e-05 | 249s
2026-09-17 20:46:20 | INFO    | epoch 5 | batch 3480/4266 | loss 0.7558 | acc 0.8098 | lr 9.87e-05 | 251s
2026-09-17 20:46:21 | INFO    | epoch 5 | batch 3500/4266 | loss 0.7557 | acc 0.8098 | lr 9.87e-05 | 252s
2026-09-17 20:46:23 | INFO    | epoch 5 | batch 3520/4266 | loss 0.7553 | acc 0.8100 | lr 9.87e-05 | 254s
2026-09-17 20:46:24 | INFO    | epoch 5 | batch 3540/4266 | loss 0.7552 | acc 0.8101 | lr 9.87e-05 | 255s
2026-09-17 20:46:26 | INFO    | epoch 5 | batch 3560/4266 | loss 0.7552 | acc 0.8102 | lr 9.86e-05 | 257s
2026-09-17 20:46:27 | INFO    | epoch 5 | batch 3580/4266 | loss 0.7549 | acc 0.8103 | lr 9.86e-05 | 258s
2026-09-17 20:46:29 | INFO    | epoch 5 | batch 3600/4266 | loss 0.7548 | acc 0.8103 | lr 9.86e-05 | 259s
2026-09-17 20:46:30 | INFO    | epoch 5 | batch 3620/4266 | loss 0.7548 | acc 0.8103 | lr 9.86e-05 | 261s
2026-09-17 20:46:31 | INFO    | epoch 5 | batch 3640/4266 | loss 0.7548 | acc 0.8103 | lr 9.86e-05 | 262s
2026-09-17 20:46:33 | INFO    | epoch 5 | batch 3660/4266 | loss 0.7547 | acc 0.8103 | lr 9.86e-05 | 264s
2026-09-17 20:46:34 | INFO    | epoch 5 | batch 3680/4266 | loss 0.7544 | acc 0.8105 | lr 9.86e-05 | 265s
2026-09-17 20:46:36 | INFO    | epoch 5 | batch 3700/4266 | loss 0.7541 | acc 0.8107 | lr 9.86e-05 | 267s
2026-09-17 20:46:37 | INFO    | epoch 5 | batch 3720/4266 | loss 0.7540 | acc 0.8108 | lr 9.86e-05 | 268s
2026-09-17 20:46:39 | INFO    | epoch 5 | batch 3740/4266 | loss 0.7539 | acc 0.8109 | lr 9.86e-05 | 270s
2026-09-17 20:46:40 | INFO    | epoch 5 | batch 3760/4266 | loss 0.7537 | acc 0.8110 | lr 9.86e-05 | 271s
2026-09-17 20:46:42 | INFO    | epoch 5 | batch 3780/4266 | loss 0.7533 | acc 0.8112 | lr 9.86e-05 | 273s
2026-09-17 20:46:43 | INFO    | epoch 5 | batch 3800/4266 | loss 0.7534 | acc 0.8112 | lr 9.86e-05 | 274s
2026-09-17 20:46:45 | INFO    | epoch 5 | batch 3820/4266 | loss 0.7533 | acc 0.8112 | lr 9.86e-05 | 275s
2026-09-17 20:46:46 | INFO    | epoch 5 | batch 3840/4266 | loss 0.7532 | acc 0.8112 | lr 9.86e-05 | 277s
2026-09-17 20:46:47 | INFO    | epoch 5 | batch 3860/4266 | loss 0.7531 | acc 0.8113 | lr 9.86e-05 | 278s
2026-09-17 20:46:49 | INFO    | epoch 5 | batch 3880/4266 | loss 0.7532 | acc 0.8112 | lr 9.86e-05 | 280s
2026-09-17 20:46:50 | INFO    | epoch 5 | batch 3900/4266 | loss 0.7530 | acc 0.8113 | lr 9.86e-05 | 281s
2026-09-17 20:46:52 | INFO    | epoch 5 | batch 3920/4266 | loss 0.7530 | acc 0.8113 | lr 9.86e-05 | 283s
2026-09-17 20:46:53 | INFO    | epoch 5 | batch 3940/4266 | loss 0.7530 | acc 0.8113 | lr 9.86e-05 | 284s
2026-09-17 20:46:55 | INFO    | epoch 5 | batch 3960/4266 | loss 0.7529 | acc 0.8113 | lr 9.86e-05 | 286s
2026-09-17 20:46:56 | INFO    | epoch 5 | batch 3980/4266 | loss 0.7531 | acc 0.8113 | lr 9.86e-05 | 287s
2026-09-17 20:46:58 | INFO    | epoch 5 | batch 4000/4266 | loss 0.7529 | acc 0.8113 | lr 9.85e-05 | 289s
2026-09-17 20:46:59 | INFO    | epoch 5 | batch 4020/4266 | loss 0.7529 | acc 0.8113 | lr 9.85e-05 | 290s
2026-09-17 20:47:00 | INFO    | epoch 5 | batch 4040/4266 | loss 0.7529 | acc 0.8112 | lr 9.85e-05 | 291s
2026-09-17 20:47:02 | INFO    | epoch 5 | batch 4060/4266 | loss 0.7527 | acc 0.8114 | lr 9.85e-05 | 293s
2026-09-17 20:47:03 | INFO    | epoch 5 | batch 4080/4266 | loss 0.7526 | acc 0.8115 | lr 9.85e-05 | 294s
2026-09-17 20:47:05 | INFO    | epoch 5 | batch 4100/4266 | loss 0.7525 | acc 0.8114 | lr 9.85e-05 | 296s
2026-09-17 20:47:06 | INFO    | epoch 5 | batch 4120/4266 | loss 0.7522 | acc 0.8116 | lr 9.85e-05 | 297s
2026-09-17 20:47:08 | INFO    | epoch 5 | batch 4140/4266 | loss 0.7520 | acc 0.8117 | lr 9.85e-05 | 299s
2026-09-17 20:47:09 | INFO    | epoch 5 | batch 4160/4266 | loss 0.7519 | acc 0.8117 | lr 9.85e-05 | 300s
2026-09-17 20:47:11 | INFO    | epoch 5 | batch 4180/4266 | loss 0.7519 | acc 0.8117 | lr 9.85e-05 | 301s
2026-09-17 20:47:12 | INFO    | epoch 5 | batch 4200/4266 | loss 0.7517 | acc 0.8118 | lr 9.85e-05 | 303s
2026-09-17 20:47:13 | INFO    | epoch 5 | batch 4220/4266 | loss 0.7514 | acc 0.8120 | lr 9.85e-05 | 304s
2026-09-17 20:47:15 | INFO    | epoch 5 | batch 4240/4266 | loss 0.7512 | acc 0.8122 | lr 9.85e-05 | 306s
2026-09-17 20:47:16 | INFO    | epoch 5 | batch 4260/4266 | loss 0.7511 | acc 0.8122 | lr 9.85e-05 | 307s
2026-09-17 20:47:17 | INFO    | epoch 5 | batch 4266/4266 | loss 0.7512 | acc 0.8122 | lr 9.85e-05 | 308s
2026-09-17 20:47:27 | INFO    | epoch 5/40 done in 317s | train loss 0.7512 | train running patch (aug): accuracy=0.8122 precision=0.8100 recall=0.8043 f1=0.8067
2026-09-17 20:47:27 | INFO    | epoch 5 train (eval, no aug) | loss 0.9709 | patch[7280]: accuracy=0.6952 precision=0.7217 recall=0.6814 f1=0.6869 | image[455]: accuracy=0.7692 precision=0.8060 recall=0.7535 f1=0.7626
2026-09-17 20:47:27 | INFO    | epoch 5 val | loss 1.3069 | patch[8448]: accuracy=0.5355 precision=0.5394 recall=0.5072 f1=0.5047 | image[96]: accuracy=0.6042 precision=0.6291 recall=0.5717 f1=0.5710
2026-09-17 20:47:27 | INFO    | val_patch_f1 = 0.5047 (best 0.5047 @ epoch 5) *
2026-09-17 20:47:28 | INFO    | epoch 6 | batch 20/4266 | loss 0.6874 | acc 0.8469 | lr 9.85e-05 | 2s
2026-09-17 20:47:30 | INFO    | epoch 6 | batch 40/4266 | loss 0.7080 | acc 0.8344 | lr 9.85e-05 | 3s
2026-09-17 20:47:31 | INFO    | epoch 6 | batch 60/4266 | loss 0.7222 | acc 0.8240 | lr 9.85e-05 | 4s
2026-09-17 20:47:32 | INFO    | epoch 6 | batch 80/4266 | loss 0.7243 | acc 0.8215 | lr 9.85e-05 | 6s
2026-09-17 20:47:34 | INFO    | epoch 6 | batch 100/4266 | loss 0.7236 | acc 0.8241 | lr 9.85e-05 | 7s
2026-09-17 20:47:35 | INFO    | epoch 6 | batch 120/4266 | loss 0.7273 | acc 0.8193 | lr 9.85e-05 | 9s
2026-09-17 20:47:37 | INFO    | epoch 6 | batch 140/4266 | loss 0.7268 | acc 0.8203 | lr 9.85e-05 | 10s
2026-09-17 20:47:38 | INFO    | epoch 6 | batch 160/4266 | loss 0.7312 | acc 0.8184 | lr 9.84e-05 | 12s
2026-09-17 20:47:39 | INFO    | epoch 6 | batch 180/4266 | loss 0.7299 | acc 0.8193 | lr 9.84e-05 | 13s
2026-09-17 20:47:41 | INFO    | epoch 6 | batch 200/4266 | loss 0.7290 | acc 0.8203 | lr 9.84e-05 | 14s
2026-09-17 20:47:42 | INFO    | epoch 6 | batch 220/4266 | loss 0.7271 | acc 0.8213 | lr 9.84e-05 | 16s
2026-09-17 20:47:44 | INFO    | epoch 6 | batch 240/4266 | loss 0.7249 | acc 0.8220 | lr 9.84e-05 | 17s
2026-09-17 20:47:45 | INFO    | epoch 6 | batch 260/4266 | loss 0.7245 | acc 0.8222 | lr 9.84e-05 | 18s
2026-09-17 20:47:46 | INFO    | epoch 6 | batch 280/4266 | loss 0.7238 | acc 0.8229 | lr 9.84e-05 | 20s
2026-09-17 20:47:48 | INFO    | epoch 6 | batch 300/4266 | loss 0.7237 | acc 0.8233 | lr 9.84e-05 | 21s
2026-09-17 20:47:49 | INFO    | epoch 6 | batch 320/4266 | loss 0.7220 | acc 0.8246 | lr 9.84e-05 | 23s
2026-09-17 20:47:51 | INFO    | epoch 6 | batch 340/4266 | loss 0.7219 | acc 0.8241 | lr 9.84e-05 | 24s
2026-09-17 20:47:52 | INFO    | epoch 6 | batch 360/4266 | loss 0.7217 | acc 0.8244 | lr 9.84e-05 | 26s
2026-09-17 20:47:54 | INFO    | epoch 6 | batch 380/4266 | loss 0.7204 | acc 0.8250 | lr 9.84e-05 | 27s
2026-09-17 20:47:55 | INFO    | epoch 6 | batch 400/4266 | loss 0.7207 | acc 0.8252 | lr 9.84e-05 | 28s
2026-09-17 20:47:56 | INFO    | epoch 6 | batch 420/4266 | loss 0.7205 | acc 0.8259 | lr 9.84e-05 | 30s
2026-09-17 20:47:58 | INFO    | epoch 6 | batch 440/4266 | loss 0.7214 | acc 0.8254 | lr 9.84e-05 | 31s
2026-09-17 20:47:59 | INFO    | epoch 6 | batch 460/4266 | loss 0.7222 | acc 0.8249 | lr 9.84e-05 | 33s
2026-09-17 20:48:01 | INFO    | epoch 6 | batch 480/4266 | loss 0.7217 | acc 0.8258 | lr 9.84e-05 | 34s
2026-09-17 20:48:02 | INFO    | epoch 6 | batch 500/4266 | loss 0.7225 | acc 0.8254 | lr 9.84e-05 | 36s
2026-09-17 20:48:04 | INFO    | epoch 6 | batch 520/4266 | loss 0.7235 | acc 0.8245 | lr 9.84e-05 | 37s
2026-09-17 20:48:05 | INFO    | epoch 6 | batch 540/4266 | loss 0.7229 | acc 0.8244 | lr 9.84e-05 | 38s
2026-09-17 20:48:06 | INFO    | epoch 6 | batch 560/4266 | loss 0.7224 | acc 0.8244 | lr 9.84e-05 | 40s
2026-09-17 20:48:08 | INFO    | epoch 6 | batch 580/4266 | loss 0.7212 | acc 0.8249 | lr 9.83e-05 | 41s
2026-09-17 20:48:09 | INFO    | epoch 6 | batch 600/4266 | loss 0.7195 | acc 0.8261 | lr 9.83e-05 | 43s
2026-09-17 20:48:11 | INFO    | epoch 6 | batch 620/4266 | loss 0.7190 | acc 0.8268 | lr 9.83e-05 | 44s
2026-09-17 20:48:12 | INFO    | epoch 6 | batch 640/4266 | loss 0.7186 | acc 0.8276 | lr 9.83e-05 | 45s
2026-09-17 20:48:13 | INFO    | epoch 6 | batch 660/4266 | loss 0.7186 | acc 0.8276 | lr 9.83e-05 | 47s
2026-09-17 20:48:15 | INFO    | epoch 6 | batch 680/4266 | loss 0.7191 | acc 0.8278 | lr 9.83e-05 | 48s
2026-09-17 20:48:16 | INFO    | epoch 6 | batch 700/4266 | loss 0.7196 | acc 0.8278 | lr 9.83e-05 | 49s
2026-09-17 20:48:17 | INFO    | epoch 6 | batch 720/4266 | loss 0.7187 | acc 0.8285 | lr 9.83e-05 | 51s
2026-09-17 20:48:19 | INFO    | epoch 6 | batch 740/4266 | loss 0.7185 | acc 0.8282 | lr 9.83e-05 | 52s
2026-09-17 20:48:20 | INFO    | epoch 6 | batch 760/4266 | loss 0.7180 | acc 0.8288 | lr 9.83e-05 | 54s
2026-09-17 20:48:22 | INFO    | epoch 6 | batch 780/4266 | loss 0.7175 | acc 0.8294 | lr 9.83e-05 | 55s
2026-09-17 20:48:23 | INFO    | epoch 6 | batch 800/4266 | loss 0.7181 | acc 0.8289 | lr 9.83e-05 | 56s
2026-09-17 20:48:25 | INFO    | epoch 6 | batch 820/4266 | loss 0.7176 | acc 0.8294 | lr 9.83e-05 | 58s
2026-09-17 20:48:26 | INFO    | epoch 6 | batch 840/4266 | loss 0.7182 | acc 0.8291 | lr 9.83e-05 | 59s
2026-09-17 20:48:27 | INFO    | epoch 6 | batch 860/4266 | loss 0.7175 | acc 0.8294 | lr 9.83e-05 | 61s
2026-09-17 20:48:29 | INFO    | epoch 6 | batch 880/4266 | loss 0.7170 | acc 0.8294 | lr 9.83e-05 | 62s
2026-09-17 20:48:30 | INFO    | epoch 6 | batch 900/4266 | loss 0.7165 | acc 0.8298 | lr 9.83e-05 | 63s
2026-09-17 20:48:32 | INFO    | epoch 6 | batch 920/4266 | loss 0.7165 | acc 0.8300 | lr 9.83e-05 | 65s
2026-09-17 20:48:33 | INFO    | epoch 6 | batch 940/4266 | loss 0.7172 | acc 0.8300 | lr 9.83e-05 | 66s
2026-09-17 20:48:34 | INFO    | epoch 6 | batch 960/4266 | loss 0.7174 | acc 0.8299 | lr 9.83e-05 | 68s
2026-09-17 20:48:36 | INFO    | epoch 6 | batch 980/4266 | loss 0.7163 | acc 0.8306 | lr 9.82e-05 | 69s
2026-09-17 20:48:37 | INFO    | epoch 6 | batch 1000/4266 | loss 0.7165 | acc 0.8306 | lr 9.82e-05 | 71s
2026-09-17 20:48:39 | INFO    | epoch 6 | batch 1020/4266 | loss 0.7165 | acc 0.8306 | lr 9.82e-05 | 72s
2026-09-17 20:48:40 | INFO    | epoch 6 | batch 1040/4266 | loss 0.7174 | acc 0.8299 | lr 9.82e-05 | 74s
2026-09-17 20:48:42 | INFO    | epoch 6 | batch 1060/4266 | loss 0.7171 | acc 0.8300 | lr 9.82e-05 | 75s
2026-09-17 20:48:43 | INFO    | epoch 6 | batch 1080/4266 | loss 0.7177 | acc 0.8297 | lr 9.82e-05 | 76s
2026-09-17 20:48:45 | INFO    | epoch 6 | batch 1100/4266 | loss 0.7181 | acc 0.8297 | lr 9.82e-05 | 78s
2026-09-17 20:48:46 | INFO    | epoch 6 | batch 1120/4266 | loss 0.7182 | acc 0.8297 | lr 9.82e-05 | 79s
2026-09-17 20:48:48 | INFO    | epoch 6 | batch 1140/4266 | loss 0.7178 | acc 0.8299 | lr 9.82e-05 | 81s
2026-09-17 20:48:49 | INFO    | epoch 6 | batch 1160/4266 | loss 0.7173 | acc 0.8301 | lr 9.82e-05 | 82s
2026-09-17 20:48:50 | INFO    | epoch 6 | batch 1180/4266 | loss 0.7175 | acc 0.8298 | lr 9.82e-05 | 84s
2026-09-17 20:48:52 | INFO    | epoch 6 | batch 1200/4266 | loss 0.7171 | acc 0.8301 | lr 9.82e-05 | 85s
2026-09-17 20:48:53 | INFO    | epoch 6 | batch 1220/4266 | loss 0.7171 | acc 0.8299 | lr 9.82e-05 | 87s
2026-09-17 20:48:55 | INFO    | epoch 6 | batch 1240/4266 | loss 0.7166 | acc 0.8302 | lr 9.82e-05 | 88s
2026-09-17 20:48:56 | INFO    | epoch 6 | batch 1260/4266 | loss 0.7168 | acc 0.8301 | lr 9.82e-05 | 90s
2026-09-17 20:48:58 | INFO    | epoch 6 | batch 1280/4266 | loss 0.7166 | acc 0.8300 | lr 9.82e-05 | 91s
2026-09-17 20:48:59 | INFO    | epoch 6 | batch 1300/4266 | loss 0.7169 | acc 0.8300 | lr 9.82e-05 | 92s
2026-09-17 20:49:00 | INFO    | epoch 6 | batch 1320/4266 | loss 0.7166 | acc 0.8300 | lr 9.82e-05 | 94s
2026-09-17 20:49:02 | INFO    | epoch 6 | batch 1340/4266 | loss 0.7164 | acc 0.8302 | lr 9.82e-05 | 95s
2026-09-17 20:49:03 | INFO    | epoch 6 | batch 1360/4266 | loss 0.7155 | acc 0.8306 | lr 9.81e-05 | 97s
2026-09-17 20:49:05 | INFO    | epoch 6 | batch 1380/4266 | loss 0.7155 | acc 0.8308 | lr 9.81e-05 | 98s
2026-09-17 20:49:06 | INFO    | epoch 6 | batch 1400/4266 | loss 0.7154 | acc 0.8310 | lr 9.81e-05 | 100s
2026-09-17 20:49:08 | INFO    | epoch 6 | batch 1420/4266 | loss 0.7152 | acc 0.8311 | lr 9.81e-05 | 101s
2026-09-17 20:49:09 | INFO    | epoch 6 | batch 1440/4266 | loss 0.7151 | acc 0.8312 | lr 9.81e-05 | 102s
2026-09-17 20:49:10 | INFO    | epoch 6 | batch 1460/4266 | loss 0.7145 | acc 0.8315 | lr 9.81e-05 | 104s
2026-09-17 20:49:12 | INFO    | epoch 6 | batch 1480/4266 | loss 0.7145 | acc 0.8314 | lr 9.81e-05 | 105s
2026-09-17 20:49:13 | INFO    | epoch 6 | batch 1500/4266 | loss 0.7143 | acc 0.8314 | lr 9.81e-05 | 107s
2026-09-17 20:49:15 | INFO    | epoch 6 | batch 1520/4266 | loss 0.7144 | acc 0.8315 | lr 9.81e-05 | 108s
2026-09-17 20:49:16 | INFO    | epoch 6 | batch 1540/4266 | loss 0.7146 | acc 0.8315 | lr 9.81e-05 | 109s
2026-09-17 20:49:17 | INFO    | epoch 6 | batch 1560/4266 | loss 0.7144 | acc 0.8317 | lr 9.81e-05 | 111s
2026-09-17 20:49:19 | INFO    | epoch 6 | batch 1580/4266 | loss 0.7148 | acc 0.8315 | lr 9.81e-05 | 112s
2026-09-17 20:49:20 | INFO    | epoch 6 | batch 1600/4266 | loss 0.7143 | acc 0.8319 | lr 9.81e-05 | 114s
2026-09-17 20:49:22 | INFO    | epoch 6 | batch 1620/4266 | loss 0.7142 | acc 0.8319 | lr 9.81e-05 | 115s
2026-09-17 20:49:23 | INFO    | epoch 6 | batch 1640/4266 | loss 0.7137 | acc 0.8322 | lr 9.81e-05 | 117s
2026-09-17 20:49:25 | INFO    | epoch 6 | batch 1660/4266 | loss 0.7142 | acc 0.8317 | lr 9.81e-05 | 118s
2026-09-17 20:49:26 | INFO    | epoch 6 | batch 1680/4266 | loss 0.7142 | acc 0.8318 | lr 9.81e-05 | 120s
2026-09-17 20:49:28 | INFO    | epoch 6 | batch 1700/4266 | loss 0.7138 | acc 0.8320 | lr 9.81e-05 | 121s
2026-09-17 20:49:29 | INFO    | epoch 6 | batch 1720/4266 | loss 0.7135 | acc 0.8322 | lr 9.81e-05 | 122s
2026-09-17 20:49:31 | INFO    | epoch 6 | batch 1740/4266 | loss 0.7138 | acc 0.8319 | lr 9.80e-05 | 124s
2026-09-17 20:49:32 | INFO    | epoch 6 | batch 1760/4266 | loss 0.7135 | acc 0.8318 | lr 9.80e-05 | 125s
2026-09-17 20:49:33 | INFO    | epoch 6 | batch 1780/4266 | loss 0.7133 | acc 0.8318 | lr 9.80e-05 | 127s
2026-09-17 20:49:35 | INFO    | epoch 6 | batch 1800/4266 | loss 0.7128 | acc 0.8319 | lr 9.80e-05 | 128s
2026-09-17 20:49:36 | INFO    | epoch 6 | batch 1820/4266 | loss 0.7127 | acc 0.8319 | lr 9.80e-05 | 130s
2026-09-17 20:49:38 | INFO    | epoch 6 | batch 1840/4266 | loss 0.7129 | acc 0.8320 | lr 9.80e-05 | 131s
2026-09-17 20:49:39 | INFO    | epoch 6 | batch 1860/4266 | loss 0.7130 | acc 0.8319 | lr 9.80e-05 | 132s
2026-09-17 20:49:41 | INFO    | epoch 6 | batch 1880/4266 | loss 0.7130 | acc 0.8318 | lr 9.80e-05 | 134s
2026-09-17 20:49:42 | INFO    | epoch 6 | batch 1900/4266 | loss 0.7131 | acc 0.8319 | lr 9.80e-05 | 135s
2026-09-17 20:49:43 | INFO    | epoch 6 | batch 1920/4266 | loss 0.7125 | acc 0.8323 | lr 9.80e-05 | 137s
2026-09-17 20:49:45 | INFO    | epoch 6 | batch 1940/4266 | loss 0.7129 | acc 0.8322 | lr 9.80e-05 | 138s
2026-09-17 20:49:46 | INFO    | epoch 6 | batch 1960/4266 | loss 0.7128 | acc 0.8321 | lr 9.80e-05 | 140s
2026-09-17 20:49:48 | INFO    | epoch 6 | batch 1980/4266 | loss 0.7132 | acc 0.8319 | lr 9.80e-05 | 141s
2026-09-17 20:49:49 | INFO    | epoch 6 | batch 2000/4266 | loss 0.7132 | acc 0.8320 | lr 9.80e-05 | 143s
2026-09-17 20:49:51 | INFO    | epoch 6 | batch 2020/4266 | loss 0.7129 | acc 0.8321 | lr 9.80e-05 | 144s
2026-09-17 20:49:52 | INFO    | epoch 6 | batch 2040/4266 | loss 0.7128 | acc 0.8323 | lr 9.80e-05 | 145s
2026-09-17 20:49:53 | INFO    | epoch 6 | batch 2060/4266 | loss 0.7125 | acc 0.8326 | lr 9.80e-05 | 147s
2026-09-17 20:49:55 | INFO    | epoch 6 | batch 2080/4266 | loss 0.7126 | acc 0.8327 | lr 9.80e-05 | 148s
2026-09-17 20:49:56 | INFO    | epoch 6 | batch 2100/4266 | loss 0.7126 | acc 0.8326 | lr 9.80e-05 | 150s
2026-09-17 20:49:58 | INFO    | epoch 6 | batch 2120/4266 | loss 0.7124 | acc 0.8326 | lr 9.79e-05 | 151s
2026-09-17 20:50:00 | INFO    | epoch 6 | batch 2140/4266 | loss 0.7123 | acc 0.8326 | lr 9.79e-05 | 153s
2026-09-17 20:50:01 | INFO    | epoch 6 | batch 2160/4266 | loss 0.7121 | acc 0.8327 | lr 9.79e-05 | 154s
2026-09-17 20:50:02 | INFO    | epoch 6 | batch 2180/4266 | loss 0.7119 | acc 0.8328 | lr 9.79e-05 | 156s
2026-09-17 20:50:04 | INFO    | epoch 6 | batch 2200/4266 | loss 0.7118 | acc 0.8329 | lr 9.79e-05 | 157s
2026-09-17 20:50:05 | INFO    | epoch 6 | batch 2220/4266 | loss 0.7115 | acc 0.8331 | lr 9.79e-05 | 159s
2026-09-17 20:50:07 | INFO    | epoch 6 | batch 2240/4266 | loss 0.7114 | acc 0.8332 | lr 9.79e-05 | 160s
2026-09-17 20:50:08 | INFO    | epoch 6 | batch 2260/4266 | loss 0.7112 | acc 0.8333 | lr 9.79e-05 | 162s
2026-09-17 20:50:10 | INFO    | epoch 6 | batch 2280/4266 | loss 0.7110 | acc 0.8335 | lr 9.79e-05 | 163s
2026-09-17 20:50:11 | INFO    | epoch 6 | batch 2300/4266 | loss 0.7109 | acc 0.8336 | lr 9.79e-05 | 164s
2026-09-17 20:50:12 | INFO    | epoch 6 | batch 2320/4266 | loss 0.7107 | acc 0.8337 | lr 9.79e-05 | 166s
2026-09-17 20:50:14 | INFO    | epoch 6 | batch 2340/4266 | loss 0.7106 | acc 0.8337 | lr 9.79e-05 | 167s
2026-09-17 20:50:15 | INFO    | epoch 6 | batch 2360/4266 | loss 0.7104 | acc 0.8340 | lr 9.79e-05 | 169s
2026-09-17 20:50:17 | INFO    | epoch 6 | batch 2380/4266 | loss 0.7103 | acc 0.8340 | lr 9.79e-05 | 170s
2026-09-17 20:50:18 | INFO    | epoch 6 | batch 2400/4266 | loss 0.7099 | acc 0.8342 | lr 9.79e-05 | 171s
2026-09-17 20:50:19 | INFO    | epoch 6 | batch 2420/4266 | loss 0.7098 | acc 0.8342 | lr 9.79e-05 | 173s
2026-09-17 20:50:21 | INFO    | epoch 6 | batch 2440/4266 | loss 0.7098 | acc 0.8344 | lr 9.79e-05 | 174s
2026-09-17 20:50:22 | INFO    | epoch 6 | batch 2460/4266 | loss 0.7100 | acc 0.8345 | lr 9.79e-05 | 176s
2026-09-17 20:50:24 | INFO    | epoch 6 | batch 2480/4266 | loss 0.7102 | acc 0.8343 | lr 9.78e-05 | 177s
2026-09-17 20:50:25 | INFO    | epoch 6 | batch 2500/4266 | loss 0.7103 | acc 0.8342 | lr 9.78e-05 | 179s
2026-09-17 20:50:27 | INFO    | epoch 6 | batch 2520/4266 | loss 0.7102 | acc 0.8343 | lr 9.78e-05 | 180s
2026-09-17 20:50:28 | INFO    | epoch 6 | batch 2540/4266 | loss 0.7103 | acc 0.8342 | lr 9.78e-05 | 181s
2026-09-17 20:50:29 | INFO    | epoch 6 | batch 2560/4266 | loss 0.7102 | acc 0.8342 | lr 9.78e-05 | 183s
2026-09-17 20:50:31 | INFO    | epoch 6 | batch 2580/4266 | loss 0.7099 | acc 0.8343 | lr 9.78e-05 | 184s
2026-09-17 20:50:32 | INFO    | epoch 6 | batch 2600/4266 | loss 0.7099 | acc 0.8343 | lr 9.78e-05 | 186s
2026-09-17 20:50:34 | INFO    | epoch 6 | batch 2620/4266 | loss 0.7098 | acc 0.8343 | lr 9.78e-05 | 187s
2026-09-17 20:50:35 | INFO    | epoch 6 | batch 2640/4266 | loss 0.7098 | acc 0.8343 | lr 9.78e-05 | 189s
2026-09-17 20:50:37 | INFO    | epoch 6 | batch 2660/4266 | loss 0.7096 | acc 0.8344 | lr 9.78e-05 | 190s
2026-09-17 20:50:38 | INFO    | epoch 6 | batch 2680/4266 | loss 0.7094 | acc 0.8346 | lr 9.78e-05 | 191s
2026-09-17 20:50:40 | INFO    | epoch 6 | batch 2700/4266 | loss 0.7094 | acc 0.8345 | lr 9.78e-05 | 193s
2026-09-17 20:50:41 | INFO    | epoch 6 | batch 2720/4266 | loss 0.7092 | acc 0.8346 | lr 9.78e-05 | 194s
2026-09-17 20:50:42 | INFO    | epoch 6 | batch 2740/4266 | loss 0.7091 | acc 0.8346 | lr 9.78e-05 | 196s
2026-09-17 20:50:44 | INFO    | epoch 6 | batch 2760/4266 | loss 0.7091 | acc 0.8347 | lr 9.78e-05 | 197s
2026-09-17 20:50:45 | INFO    | epoch 6 | batch 2780/4266 | loss 0.7089 | acc 0.8348 | lr 9.78e-05 | 199s
2026-09-17 20:50:47 | INFO    | epoch 6 | batch 2800/4266 | loss 0.7087 | acc 0.8349 | lr 9.78e-05 | 200s
2026-09-17 20:50:48 | INFO    | epoch 6 | batch 2820/4266 | loss 0.7086 | acc 0.8349 | lr 9.77e-05 | 201s
2026-09-17 20:50:50 | INFO    | epoch 6 | batch 2840/4266 | loss 0.7086 | acc 0.8349 | lr 9.77e-05 | 203s
2026-09-17 20:50:51 | INFO    | epoch 6 | batch 2860/4266 | loss 0.7085 | acc 0.8349 | lr 9.77e-05 | 204s
2026-09-17 20:50:52 | INFO    | epoch 6 | batch 2880/4266 | loss 0.7085 | acc 0.8350 | lr 9.77e-05 | 206s
2026-09-17 20:50:54 | INFO    | epoch 6 | batch 2900/4266 | loss 0.7082 | acc 0.8352 | lr 9.77e-05 | 207s
2026-09-17 20:50:55 | INFO    | epoch 6 | batch 2920/4266 | loss 0.7080 | acc 0.8353 | lr 9.77e-05 | 209s
2026-09-17 20:50:57 | INFO    | epoch 6 | batch 2940/4266 | loss 0.7076 | acc 0.8355 | lr 9.77e-05 | 210s
2026-09-17 20:50:58 | INFO    | epoch 6 | batch 2960/4266 | loss 0.7078 | acc 0.8355 | lr 9.77e-05 | 211s
2026-09-17 20:50:59 | INFO    | epoch 6 | batch 2980/4266 | loss 0.7080 | acc 0.8353 | lr 9.77e-05 | 213s
2026-09-17 20:51:01 | INFO    | epoch 6 | batch 3000/4266 | loss 0.7082 | acc 0.8352 | lr 9.77e-05 | 214s
2026-09-17 20:51:02 | INFO    | epoch 6 | batch 3020/4266 | loss 0.7083 | acc 0.8351 | lr 9.77e-05 | 215s
2026-09-17 20:51:03 | INFO    | epoch 6 | batch 3040/4266 | loss 0.7085 | acc 0.8350 | lr 9.77e-05 | 217s
2026-09-17 20:51:05 | INFO    | epoch 6 | batch 3060/4266 | loss 0.7082 | acc 0.8353 | lr 9.77e-05 | 218s
2026-09-17 20:51:06 | INFO    | epoch 6 | batch 3080/4266 | loss 0.7077 | acc 0.8355 | lr 9.77e-05 | 220s
2026-09-17 20:51:08 | INFO    | epoch 6 | batch 3100/4266 | loss 0.7075 | acc 0.8357 | lr 9.77e-05 | 221s
2026-09-17 20:51:09 | INFO    | epoch 6 | batch 3120/4266 | loss 0.7075 | acc 0.8357 | lr 9.77e-05 | 223s
2026-09-17 20:51:11 | INFO    | epoch 6 | batch 3140/4266 | loss 0.7073 | acc 0.8358 | lr 9.77e-05 | 224s
2026-09-17 20:51:12 | INFO    | epoch 6 | batch 3160/4266 | loss 0.7074 | acc 0.8357 | lr 9.77e-05 | 225s
2026-09-17 20:51:13 | INFO    | epoch 6 | batch 3180/4266 | loss 0.7075 | acc 0.8357 | lr 9.76e-05 | 227s
2026-09-17 20:51:15 | INFO    | epoch 6 | batch 3200/4266 | loss 0.7077 | acc 0.8356 | lr 9.76e-05 | 228s
2026-09-17 20:51:16 | INFO    | epoch 6 | batch 3220/4266 | loss 0.7080 | acc 0.8354 | lr 9.76e-05 | 230s
2026-09-17 20:51:18 | INFO    | epoch 6 | batch 3240/4266 | loss 0.7077 | acc 0.8355 | lr 9.76e-05 | 231s
2026-09-17 20:51:19 | INFO    | epoch 6 | batch 3260/4266 | loss 0.7074 | acc 0.8357 | lr 9.76e-05 | 233s
2026-09-17 20:51:21 | INFO    | epoch 6 | batch 3280/4266 | loss 0.7075 | acc 0.8357 | lr 9.76e-05 | 234s
2026-09-17 20:51:22 | INFO    | epoch 6 | batch 3300/4266 | loss 0.7075 | acc 0.8357 | lr 9.76e-05 | 236s
2026-09-17 20:51:24 | INFO    | epoch 6 | batch 3320/4266 | loss 0.7074 | acc 0.8358 | lr 9.76e-05 | 237s
2026-09-17 20:51:25 | INFO    | epoch 6 | batch 3340/4266 | loss 0.7075 | acc 0.8357 | lr 9.76e-05 | 239s
2026-09-17 20:51:27 | INFO    | epoch 6 | batch 3360/4266 | loss 0.7075 | acc 0.8358 | lr 9.76e-05 | 240s
2026-09-17 20:51:28 | INFO    | epoch 6 | batch 3380/4266 | loss 0.7074 | acc 0.8358 | lr 9.76e-05 | 241s
2026-09-17 20:51:30 | INFO    | epoch 6 | batch 3400/4266 | loss 0.7074 | acc 0.8358 | lr 9.76e-05 | 243s
2026-09-17 20:51:31 | INFO    | epoch 6 | batch 3420/4266 | loss 0.7072 | acc 0.8359 | lr 9.76e-05 | 244s
2026-09-17 20:51:32 | INFO    | epoch 6 | batch 3440/4266 | loss 0.7072 | acc 0.8359 | lr 9.76e-05 | 246s
2026-09-17 20:51:34 | INFO    | epoch 6 | batch 3460/4266 | loss 0.7072 | acc 0.8360 | lr 9.76e-05 | 247s
2026-09-17 20:51:35 | INFO    | epoch 6 | batch 3480/4266 | loss 0.7072 | acc 0.8359 | lr 9.76e-05 | 249s
2026-09-17 20:51:37 | INFO    | epoch 6 | batch 3500/4266 | loss 0.7070 | acc 0.8360 | lr 9.76e-05 | 250s
2026-09-17 20:51:38 | INFO    | epoch 6 | batch 3520/4266 | loss 0.7070 | acc 0.8359 | lr 9.75e-05 | 252s
2026-09-17 20:51:40 | INFO    | epoch 6 | batch 3540/4266 | loss 0.7069 | acc 0.8360 | lr 9.75e-05 | 253s
2026-09-17 20:51:41 | INFO    | epoch 6 | batch 3560/4266 | loss 0.7066 | acc 0.8361 | lr 9.75e-05 | 254s
2026-09-17 20:51:42 | INFO    | epoch 6 | batch 3580/4266 | loss 0.7065 | acc 0.8362 | lr 9.75e-05 | 256s
2026-09-17 20:51:44 | INFO    | epoch 6 | batch 3600/4266 | loss 0.7063 | acc 0.8363 | lr 9.75e-05 | 257s
2026-09-17 20:51:45 | INFO    | epoch 6 | batch 3620/4266 | loss 0.7060 | acc 0.8365 | lr 9.75e-05 | 259s
2026-09-17 20:51:47 | INFO    | epoch 6 | batch 3640/4266 | loss 0.7060 | acc 0.8366 | lr 9.75e-05 | 260s
2026-09-17 20:51:48 | INFO    | epoch 6 | batch 3660/4266 | loss 0.7059 | acc 0.8366 | lr 9.75e-05 | 261s
2026-09-17 20:51:50 | INFO    | epoch 6 | batch 3680/4266 | loss 0.7056 | acc 0.8368 | lr 9.75e-05 | 263s
2026-09-17 20:51:51 | INFO    | epoch 6 | batch 3700/4266 | loss 0.7055 | acc 0.8368 | lr 9.75e-05 | 264s
2026-09-17 20:51:52 | INFO    | epoch 6 | batch 3720/4266 | loss 0.7056 | acc 0.8367 | lr 9.75e-05 | 266s
2026-09-17 20:51:54 | INFO    | epoch 6 | batch 3740/4266 | loss 0.7054 | acc 0.8369 | lr 9.75e-05 | 267s
2026-09-17 20:51:55 | INFO    | epoch 6 | batch 3760/4266 | loss 0.7052 | acc 0.8370 | lr 9.75e-05 | 269s
2026-09-17 20:51:57 | INFO    | epoch 6 | batch 3780/4266 | loss 0.7051 | acc 0.8371 | lr 9.75e-05 | 270s
2026-09-17 20:51:58 | INFO    | epoch 6 | batch 3800/4266 | loss 0.7049 | acc 0.8371 | lr 9.75e-05 | 271s
2026-09-17 20:51:59 | INFO    | epoch 6 | batch 3820/4266 | loss 0.7048 | acc 0.8372 | lr 9.75e-05 | 273s
2026-09-17 20:52:01 | INFO    | epoch 6 | batch 3840/4266 | loss 0.7047 | acc 0.8372 | lr 9.74e-05 | 274s
2026-09-17 20:52:02 | INFO    | epoch 6 | batch 3860/4266 | loss 0.7043 | acc 0.8375 | lr 9.74e-05 | 276s
2026-09-17 20:52:04 | INFO    | epoch 6 | batch 3880/4266 | loss 0.7043 | acc 0.8375 | lr 9.74e-05 | 277s
2026-09-17 20:52:05 | INFO    | epoch 6 | batch 3900/4266 | loss 0.7042 | acc 0.8376 | lr 9.74e-05 | 278s
2026-09-17 20:52:07 | INFO    | epoch 6 | batch 3920/4266 | loss 0.7040 | acc 0.8377 | lr 9.74e-05 | 280s
2026-09-17 20:52:08 | INFO    | epoch 6 | batch 3940/4266 | loss 0.7041 | acc 0.8376 | lr 9.74e-05 | 281s
2026-09-17 20:52:09 | INFO    | epoch 6 | batch 3960/4266 | loss 0.7041 | acc 0.8377 | lr 9.74e-05 | 283s
2026-09-17 20:52:11 | INFO    | epoch 6 | batch 3980/4266 | loss 0.7040 | acc 0.8378 | lr 9.74e-05 | 284s
2026-09-17 20:52:12 | INFO    | epoch 6 | batch 4000/4266 | loss 0.7038 | acc 0.8379 | lr 9.74e-05 | 286s
2026-09-17 20:52:14 | INFO    | epoch 6 | batch 4020/4266 | loss 0.7037 | acc 0.8380 | lr 9.74e-05 | 287s
2026-09-17 20:52:15 | INFO    | epoch 6 | batch 4040/4266 | loss 0.7035 | acc 0.8382 | lr 9.74e-05 | 289s
2026-09-17 20:52:17 | INFO    | epoch 6 | batch 4060/4266 | loss 0.7035 | acc 0.8382 | lr 9.74e-05 | 290s
2026-09-17 20:52:18 | INFO    | epoch 6 | batch 4080/4266 | loss 0.7033 | acc 0.8383 | lr 9.74e-05 | 291s
2026-09-17 20:52:19 | INFO    | epoch 6 | batch 4100/4266 | loss 0.7033 | acc 0.8383 | lr 9.74e-05 | 293s
2026-09-17 20:52:21 | INFO    | epoch 6 | batch 4120/4266 | loss 0.7032 | acc 0.8383 | lr 9.74e-05 | 294s
2026-09-17 20:52:22 | INFO    | epoch 6 | batch 4140/4266 | loss 0.7031 | acc 0.8383 | lr 9.74e-05 | 296s
2026-09-17 20:52:24 | INFO    | epoch 6 | batch 4160/4266 | loss 0.7030 | acc 0.8384 | lr 9.74e-05 | 297s
2026-09-17 20:52:25 | INFO    | epoch 6 | batch 4180/4266 | loss 0.7028 | acc 0.8385 | lr 9.73e-05 | 299s
2026-09-17 20:52:27 | INFO    | epoch 6 | batch 4200/4266 | loss 0.7026 | acc 0.8386 | lr 9.73e-05 | 300s
2026-09-17 20:52:28 | INFO    | epoch 6 | batch 4220/4266 | loss 0.7024 | acc 0.8388 | lr 9.73e-05 | 301s
2026-09-17 20:52:30 | INFO    | epoch 6 | batch 4240/4266 | loss 0.7023 | acc 0.8389 | lr 9.73e-05 | 303s
2026-09-17 20:52:31 | INFO    | epoch 6 | batch 4260/4266 | loss 0.7023 | acc 0.8388 | lr 9.73e-05 | 304s
2026-09-17 20:52:31 | INFO    | epoch 6 | batch 4266/4266 | loss 0.7022 | acc 0.8389 | lr 9.73e-05 | 305s
2026-09-17 20:52:41 | INFO    | epoch 6/40 done in 314s | train loss 0.7022 | train running patch (aug): accuracy=0.8389 precision=0.8368 recall=0.8321 f1=0.8342
2026-09-17 20:52:41 | INFO    | epoch 6 train (eval, no aug) | loss 0.7973 | patch[7280]: accuracy=0.7724 precision=0.7793 recall=0.7628 f1=0.7675 | image[455]: accuracy=0.8527 precision=0.8664 recall=0.8421 f1=0.8491
2026-09-17 20:52:41 | INFO    | epoch 6 val | loss 1.1977 | patch[8448]: accuracy=0.5647 precision=0.5448 recall=0.5268 f1=0.5215 | image[96]: accuracy=0.5833 precision=0.5649 recall=0.5395 f1=0.5315
2026-09-17 20:52:41 | INFO    | val_patch_f1 = 0.5215 (best 0.5215 @ epoch 6) *
2026-09-17 20:52:43 | INFO    | epoch 7 | batch 20/4266 | loss 0.6763 | acc 0.8484 | lr 9.73e-05 | 2s
2026-09-17 20:52:44 | INFO    | epoch 7 | batch 40/4266 | loss 0.6830 | acc 0.8492 | lr 9.73e-05 | 3s
2026-09-17 20:52:46 | INFO    | epoch 7 | batch 60/4266 | loss 0.6923 | acc 0.8490 | lr 9.73e-05 | 4s
2026-09-17 20:52:47 | INFO    | epoch 7 | batch 80/4266 | loss 0.6862 | acc 0.8504 | lr 9.73e-05 | 6s
2026-09-17 20:52:48 | INFO    | epoch 7 | batch 100/4266 | loss 0.6840 | acc 0.8506 | lr 9.73e-05 | 7s
2026-09-17 20:52:50 | INFO    | epoch 7 | batch 120/4266 | loss 0.6829 | acc 0.8518 | lr 9.73e-05 | 9s
2026-09-17 20:52:51 | INFO    | epoch 7 | batch 140/4266 | loss 0.6832 | acc 0.8513 | lr 9.73e-05 | 10s
2026-09-17 20:52:53 | INFO    | epoch 7 | batch 160/4266 | loss 0.6796 | acc 0.8535 | lr 9.73e-05 | 11s
2026-09-17 20:52:54 | INFO    | epoch 7 | batch 180/4266 | loss 0.6803 | acc 0.8535 | lr 9.73e-05 | 13s
2026-09-17 20:52:56 | INFO    | epoch 7 | batch 200/4266 | loss 0.6777 | acc 0.8562 | lr 9.73e-05 | 14s
2026-09-17 20:52:57 | INFO    | epoch 7 | batch 220/4266 | loss 0.6781 | acc 0.8545 | lr 9.72e-05 | 16s
2026-09-17 20:52:58 | INFO    | epoch 7 | batch 240/4266 | loss 0.6803 | acc 0.8536 | lr 9.72e-05 | 17s
2026-09-17 20:53:00 | INFO    | epoch 7 | batch 260/4266 | loss 0.6792 | acc 0.8544 | lr 9.72e-05 | 18s
2026-09-17 20:53:01 | INFO    | epoch 7 | batch 280/4266 | loss 0.6794 | acc 0.8540 | lr 9.72e-05 | 20s
2026-09-17 20:53:03 | INFO    | epoch 7 | batch 300/4266 | loss 0.6795 | acc 0.8538 | lr 9.72e-05 | 21s
2026-09-17 20:53:04 | INFO    | epoch 7 | batch 320/4266 | loss 0.6825 | acc 0.8516 | lr 9.72e-05 | 23s
2026-09-17 20:53:06 | INFO    | epoch 7 | batch 340/4266 | loss 0.6822 | acc 0.8514 | lr 9.72e-05 | 24s
2026-09-17 20:53:07 | INFO    | epoch 7 | batch 360/4266 | loss 0.6843 | acc 0.8504 | lr 9.72e-05 | 26s
2026-09-17 20:53:08 | INFO    | epoch 7 | batch 380/4266 | loss 0.6844 | acc 0.8508 | lr 9.72e-05 | 27s
2026-09-17 20:53:10 | INFO    | epoch 7 | batch 400/4266 | loss 0.6825 | acc 0.8513 | lr 9.72e-05 | 29s
2026-09-17 20:53:11 | INFO    | epoch 7 | batch 420/4266 | loss 0.6833 | acc 0.8511 | lr 9.72e-05 | 30s
2026-09-17 20:53:13 | INFO    | epoch 7 | batch 440/4266 | loss 0.6835 | acc 0.8513 | lr 9.72e-05 | 31s
2026-09-17 20:53:14 | INFO    | epoch 7 | batch 460/4266 | loss 0.6824 | acc 0.8521 | lr 9.72e-05 | 33s
2026-09-17 20:53:15 | INFO    | epoch 7 | batch 480/4266 | loss 0.6812 | acc 0.8522 | lr 9.72e-05 | 34s
2026-09-17 20:53:17 | INFO    | epoch 7 | batch 500/4266 | loss 0.6819 | acc 0.8514 | lr 9.72e-05 | 36s
2026-09-17 20:53:18 | INFO    | epoch 7 | batch 520/4266 | loss 0.6821 | acc 0.8513 | lr 9.72e-05 | 37s
2026-09-17 20:53:20 | INFO    | epoch 7 | batch 540/4266 | loss 0.6811 | acc 0.8524 | lr 9.71e-05 | 38s
2026-09-17 20:53:21 | INFO    | epoch 7 | batch 560/4266 | loss 0.6800 | acc 0.8525 | lr 9.71e-05 | 40s
2026-09-17 20:53:23 | INFO    | epoch 7 | batch 580/4266 | loss 0.6794 | acc 0.8528 | lr 9.71e-05 | 41s
2026-09-17 20:53:24 | INFO    | epoch 7 | batch 600/4266 | loss 0.6799 | acc 0.8523 | lr 9.71e-05 | 43s
2026-09-17 20:53:25 | INFO    | epoch 7 | batch 620/4266 | loss 0.6798 | acc 0.8521 | lr 9.71e-05 | 44s
2026-09-17 20:53:27 | INFO    | epoch 7 | batch 640/4266 | loss 0.6792 | acc 0.8526 | lr 9.71e-05 | 45s
2026-09-17 20:53:28 | INFO    | epoch 7 | batch 660/4266 | loss 0.6792 | acc 0.8526 | lr 9.71e-05 | 47s
2026-09-17 20:53:30 | INFO    | epoch 7 | batch 680/4266 | loss 0.6786 | acc 0.8529 | lr 9.71e-05 | 48s
2026-09-17 20:53:31 | INFO    | epoch 7 | batch 700/4266 | loss 0.6775 | acc 0.8535 | lr 9.71e-05 | 50s
2026-09-17 20:53:32 | INFO    | epoch 7 | batch 720/4266 | loss 0.6777 | acc 0.8536 | lr 9.71e-05 | 51s
2026-09-17 20:53:34 | INFO    | epoch 7 | batch 740/4266 | loss 0.6763 | acc 0.8546 | lr 9.71e-05 | 53s
2026-09-17 20:53:35 | INFO    | epoch 7 | batch 760/4266 | loss 0.6761 | acc 0.8549 | lr 9.71e-05 | 54s
2026-09-17 20:53:37 | INFO    | epoch 7 | batch 780/4266 | loss 0.6750 | acc 0.8557 | lr 9.71e-05 | 55s
2026-09-17 20:53:38 | INFO    | epoch 7 | batch 800/4266 | loss 0.6752 | acc 0.8555 | lr 9.71e-05 | 57s
2026-09-17 20:53:39 | INFO    | epoch 7 | batch 820/4266 | loss 0.6754 | acc 0.8557 | lr 9.71e-05 | 58s
2026-09-17 20:53:41 | INFO    | epoch 7 | batch 840/4266 | loss 0.6750 | acc 0.8557 | lr 9.71e-05 | 60s
2026-09-17 20:53:42 | INFO    | epoch 7 | batch 860/4266 | loss 0.6748 | acc 0.8557 | lr 9.70e-05 | 61s
2026-09-17 20:53:44 | INFO    | epoch 7 | batch 880/4266 | loss 0.6754 | acc 0.8552 | lr 9.70e-05 | 62s
2026-09-17 20:53:45 | INFO    | epoch 7 | batch 900/4266 | loss 0.6752 | acc 0.8548 | lr 9.70e-05 | 64s
2026-09-17 20:53:46 | INFO    | epoch 7 | batch 920/4266 | loss 0.6749 | acc 0.8549 | lr 9.70e-05 | 65s
2026-09-17 20:53:48 | INFO    | epoch 7 | batch 940/4266 | loss 0.6761 | acc 0.8542 | lr 9.70e-05 | 67s
2026-09-17 20:53:49 | INFO    | epoch 7 | batch 960/4266 | loss 0.6767 | acc 0.8540 | lr 9.70e-05 | 68s
2026-09-17 20:53:51 | INFO    | epoch 7 | batch 980/4266 | loss 0.6766 | acc 0.8541 | lr 9.70e-05 | 69s
2026-09-17 20:53:52 | INFO    | epoch 7 | batch 1000/4266 | loss 0.6757 | acc 0.8544 | lr 9.70e-05 | 71s
2026-09-17 20:53:53 | INFO    | epoch 7 | batch 1020/4266 | loss 0.6756 | acc 0.8543 | lr 9.70e-05 | 72s
2026-09-17 20:53:55 | INFO    | epoch 7 | batch 1040/4266 | loss 0.6753 | acc 0.8544 | lr 9.70e-05 | 74s
2026-09-17 20:53:56 | INFO    | epoch 7 | batch 1060/4266 | loss 0.6751 | acc 0.8543 | lr 9.70e-05 | 75s
2026-09-17 20:53:58 | INFO    | epoch 7 | batch 1080/4266 | loss 0.6757 | acc 0.8542 | lr 9.70e-05 | 76s
2026-09-17 20:53:59 | INFO    | epoch 7 | batch 1100/4266 | loss 0.6753 | acc 0.8546 | lr 9.70e-05 | 78s
2026-09-17 20:54:00 | INFO    | epoch 7 | batch 1120/4266 | loss 0.6748 | acc 0.8548 | lr 9.70e-05 | 79s
2026-09-17 20:54:02 | INFO    | epoch 7 | batch 1140/4266 | loss 0.6748 | acc 0.8548 | lr 9.70e-05 | 81s
2026-09-17 20:54:03 | INFO    | epoch 7 | batch 1160/4266 | loss 0.6751 | acc 0.8551 | lr 9.69e-05 | 82s
2026-09-17 20:54:05 | INFO    | epoch 7 | batch 1180/4266 | loss 0.6742 | acc 0.8556 | lr 9.69e-05 | 83s
2026-09-17 20:54:06 | INFO    | epoch 7 | batch 1200/4266 | loss 0.6738 | acc 0.8557 | lr 9.69e-05 | 85s
2026-09-17 20:54:07 | INFO    | epoch 7 | batch 1220/4266 | loss 0.6735 | acc 0.8559 | lr 9.69e-05 | 86s
2026-09-17 20:54:09 | INFO    | epoch 7 | batch 1240/4266 | loss 0.6738 | acc 0.8556 | lr 9.69e-05 | 87s
2026-09-17 20:54:10 | INFO    | epoch 7 | batch 1260/4266 | loss 0.6736 | acc 0.8557 | lr 9.69e-05 | 89s
2026-09-17 20:54:11 | INFO    | epoch 7 | batch 1280/4266 | loss 0.6735 | acc 0.8559 | lr 9.69e-05 | 90s
2026-09-17 20:54:13 | INFO    | epoch 7 | batch 1300/4266 | loss 0.6739 | acc 0.8554 | lr 9.69e-05 | 92s
2026-09-17 20:54:14 | INFO    | epoch 7 | batch 1320/4266 | loss 0.6736 | acc 0.8554 | lr 9.69e-05 | 93s
2026-09-17 20:54:16 | INFO    | epoch 7 | batch 1340/4266 | loss 0.6736 | acc 0.8555 | lr 9.69e-05 | 94s
2026-09-17 20:54:17 | INFO    | epoch 7 | batch 1360/4266 | loss 0.6740 | acc 0.8555 | lr 9.69e-05 | 96s
2026-09-17 20:54:18 | INFO    | epoch 7 | batch 1380/4266 | loss 0.6738 | acc 0.8556 | lr 9.69e-05 | 97s
2026-09-17 20:54:20 | INFO    | epoch 7 | batch 1400/4266 | loss 0.6739 | acc 0.8555 | lr 9.69e-05 | 99s
2026-09-17 20:54:21 | INFO    | epoch 7 | batch 1420/4266 | loss 0.6734 | acc 0.8558 | lr 9.69e-05 | 100s
2026-09-17 20:54:23 | INFO    | epoch 7 | batch 1440/4266 | loss 0.6734 | acc 0.8557 | lr 9.69e-05 | 101s
2026-09-17 20:54:24 | INFO    | epoch 7 | batch 1460/4266 | loss 0.6731 | acc 0.8558 | lr 9.68e-05 | 103s
2026-09-17 20:54:25 | INFO    | epoch 7 | batch 1480/4266 | loss 0.6728 | acc 0.8560 | lr 9.68e-05 | 104s
2026-09-17 20:54:27 | INFO    | epoch 7 | batch 1500/4266 | loss 0.6727 | acc 0.8560 | lr 9.68e-05 | 106s
2026-09-17 20:54:28 | INFO    | epoch 7 | batch 1520/4266 | loss 0.6724 | acc 0.8562 | lr 9.68e-05 | 107s
2026-09-17 20:54:30 | INFO    | epoch 7 | batch 1540/4266 | loss 0.6721 | acc 0.8565 | lr 9.68e-05 | 108s
2026-09-17 20:54:31 | INFO    | epoch 7 | batch 1560/4266 | loss 0.6718 | acc 0.8567 | lr 9.68e-05 | 110s
2026-09-17 20:54:33 | INFO    | epoch 7 | batch 1580/4266 | loss 0.6714 | acc 0.8568 | lr 9.68e-05 | 111s
2026-09-17 20:54:34 | INFO    | epoch 7 | batch 1600/4266 | loss 0.6712 | acc 0.8570 | lr 9.68e-05 | 113s
2026-09-17 20:54:35 | INFO    | epoch 7 | batch 1620/4266 | loss 0.6708 | acc 0.8573 | lr 9.68e-05 | 114s
2026-09-17 20:54:37 | INFO    | epoch 7 | batch 1640/4266 | loss 0.6710 | acc 0.8572 | lr 9.68e-05 | 116s
2026-09-17 20:54:38 | INFO    | epoch 7 | batch 1660/4266 | loss 0.6710 | acc 0.8572 | lr 9.68e-05 | 117s
2026-09-17 20:54:40 | INFO    | epoch 7 | batch 1680/4266 | loss 0.6705 | acc 0.8574 | lr 9.68e-05 | 118s
2026-09-17 20:54:41 | INFO    | epoch 7 | batch 1700/4266 | loss 0.6701 | acc 0.8576 | lr 9.68e-05 | 120s
2026-09-17 20:54:43 | INFO    | epoch 7 | batch 1720/4266 | loss 0.6701 | acc 0.8576 | lr 9.68e-05 | 121s
2026-09-17 20:54:44 | INFO    | epoch 7 | batch 1740/4266 | loss 0.6701 | acc 0.8578 | lr 9.67e-05 | 123s
2026-09-17 20:54:45 | INFO    | epoch 7 | batch 1760/4266 | loss 0.6698 | acc 0.8580 | lr 9.67e-05 | 124s
2026-09-17 20:54:47 | INFO    | epoch 7 | batch 1780/4266 | loss 0.6696 | acc 0.8581 | lr 9.67e-05 | 126s
2026-09-17 20:54:48 | INFO    | epoch 7 | batch 1800/4266 | loss 0.6695 | acc 0.8581 | lr 9.67e-05 | 127s
2026-09-17 20:54:50 | INFO    | epoch 7 | batch 1820/4266 | loss 0.6692 | acc 0.8581 | lr 9.67e-05 | 129s
2026-09-17 20:54:51 | INFO    | epoch 7 | batch 1840/4266 | loss 0.6693 | acc 0.8582 | lr 9.67e-05 | 130s
2026-09-17 20:54:53 | INFO    | epoch 7 | batch 1860/4266 | loss 0.6693 | acc 0.8583 | lr 9.67e-05 | 131s
2026-09-17 20:54:54 | INFO    | epoch 7 | batch 1880/4266 | loss 0.6695 | acc 0.8582 | lr 9.67e-05 | 133s
2026-09-17 20:54:55 | INFO    | epoch 7 | batch 1900/4266 | loss 0.6695 | acc 0.8582 | lr 9.67e-05 | 134s
2026-09-17 20:54:57 | INFO    | epoch 7 | batch 1920/4266 | loss 0.6694 | acc 0.8583 | lr 9.67e-05 | 135s
2026-09-17 20:54:58 | INFO    | epoch 7 | batch 1940/4266 | loss 0.6691 | acc 0.8584 | lr 9.67e-05 | 137s
2026-09-17 20:55:00 | INFO    | epoch 7 | batch 1960/4266 | loss 0.6690 | acc 0.8584 | lr 9.67e-05 | 138s
2026-09-17 20:55:01 | INFO    | epoch 7 | batch 1980/4266 | loss 0.6688 | acc 0.8586 | lr 9.67e-05 | 140s
2026-09-17 20:55:02 | INFO    | epoch 7 | batch 2000/4266 | loss 0.6686 | acc 0.8586 | lr 9.67e-05 | 141s
2026-09-17 20:55:04 | INFO    | epoch 7 | batch 2020/4266 | loss 0.6688 | acc 0.8586 | lr 9.67e-05 | 142s
2026-09-17 20:55:05 | INFO    | epoch 7 | batch 2040/4266 | loss 0.6686 | acc 0.8586 | lr 9.66e-05 | 144s
2026-09-17 20:55:07 | INFO    | epoch 7 | batch 2060/4266 | loss 0.6686 | acc 0.8585 | lr 9.66e-05 | 145s
2026-09-17 20:55:08 | INFO    | epoch 7 | batch 2080/4266 | loss 0.6683 | acc 0.8587 | lr 9.66e-05 | 147s
2026-09-17 20:55:09 | INFO    | epoch 7 | batch 2100/4266 | loss 0.6683 | acc 0.8587 | lr 9.66e-05 | 148s
2026-09-17 20:55:11 | INFO    | epoch 7 | batch 2120/4266 | loss 0.6679 | acc 0.8589 | lr 9.66e-05 | 150s
2026-09-17 20:55:12 | INFO    | epoch 7 | batch 2140/4266 | loss 0.6682 | acc 0.8589 | lr 9.66e-05 | 151s
2026-09-17 20:55:14 | INFO    | epoch 7 | batch 2160/4266 | loss 0.6680 | acc 0.8590 | lr 9.66e-05 | 152s
2026-09-17 20:55:15 | INFO    | epoch 7 | batch 2180/4266 | loss 0.6677 | acc 0.8590 | lr 9.66e-05 | 154s
2026-09-17 20:55:17 | INFO    | epoch 7 | batch 2200/4266 | loss 0.6675 | acc 0.8591 | lr 9.66e-05 | 155s
2026-09-17 20:55:18 | INFO    | epoch 7 | batch 2220/4266 | loss 0.6678 | acc 0.8588 | lr 9.66e-05 | 157s
2026-09-17 20:55:19 | INFO    | epoch 7 | batch 2240/4266 | loss 0.6676 | acc 0.8589 | lr 9.66e-05 | 158s
2026-09-17 20:55:21 | INFO    | epoch 7 | batch 2260/4266 | loss 0.6673 | acc 0.8591 | lr 9.66e-05 | 160s
2026-09-17 20:55:22 | INFO    | epoch 7 | batch 2280/4266 | loss 0.6675 | acc 0.8590 | lr 9.66e-05 | 161s
2026-09-17 20:55:24 | INFO    | epoch 7 | batch 2300/4266 | loss 0.6675 | acc 0.8590 | lr 9.66e-05 | 162s
2026-09-17 20:55:25 | INFO    | epoch 7 | batch 2320/4266 | loss 0.6674 | acc 0.8590 | lr 9.65e-05 | 164s
2026-09-17 20:55:27 | INFO    | epoch 7 | batch 2340/4266 | loss 0.6674 | acc 0.8590 | lr 9.65e-05 | 165s
2026-09-17 20:55:28 | INFO    | epoch 7 | batch 2360/4266 | loss 0.6675 | acc 0.8589 | lr 9.65e-05 | 167s
2026-09-17 20:55:29 | INFO    | epoch 7 | batch 2380/4266 | loss 0.6674 | acc 0.8590 | lr 9.65e-05 | 168s
2026-09-17 20:55:31 | INFO    | epoch 7 | batch 2400/4266 | loss 0.6675 | acc 0.8589 | lr 9.65e-05 | 170s
2026-09-17 20:55:32 | INFO    | epoch 7 | batch 2420/4266 | loss 0.6673 | acc 0.8589 | lr 9.65e-05 | 171s
2026-09-17 20:55:34 | INFO    | epoch 7 | batch 2440/4266 | loss 0.6671 | acc 0.8589 | lr 9.65e-05 | 173s
2026-09-17 20:55:35 | INFO    | epoch 7 | batch 2460/4266 | loss 0.6671 | acc 0.8590 | lr 9.65e-05 | 174s
2026-09-17 20:55:37 | INFO    | epoch 7 | batch 2480/4266 | loss 0.6671 | acc 0.8590 | lr 9.65e-05 | 175s
2026-09-17 20:55:38 | INFO    | epoch 7 | batch 2500/4266 | loss 0.6669 | acc 0.8591 | lr 9.65e-05 | 177s
2026-09-17 20:55:40 | INFO    | epoch 7 | batch 2520/4266 | loss 0.6669 | acc 0.8591 | lr 9.65e-05 | 178s
2026-09-17 20:55:41 | INFO    | epoch 7 | batch 2540/4266 | loss 0.6670 | acc 0.8591 | lr 9.65e-05 | 180s
2026-09-17 20:55:43 | INFO    | epoch 7 | batch 2560/4266 | loss 0.6674 | acc 0.8588 | lr 9.65e-05 | 181s
2026-09-17 20:55:44 | INFO    | epoch 7 | batch 2580/4266 | loss 0.6671 | acc 0.8590 | lr 9.65e-05 | 183s
2026-09-17 20:55:45 | INFO    | epoch 7 | batch 2600/4266 | loss 0.6668 | acc 0.8592 | lr 9.64e-05 | 184s
2026-09-17 20:55:47 | INFO    | epoch 7 | batch 2620/4266 | loss 0.6668 | acc 0.8591 | lr 9.64e-05 | 186s
2026-09-17 20:55:48 | INFO    | epoch 7 | batch 2640/4266 | loss 0.6669 | acc 0.8592 | lr 9.64e-05 | 187s
2026-09-17 20:55:50 | INFO    | epoch 7 | batch 2660/4266 | loss 0.6667 | acc 0.8592 | lr 9.64e-05 | 188s
2026-09-17 20:55:51 | INFO    | epoch 7 | batch 2680/4266 | loss 0.6669 | acc 0.8592 | lr 9.64e-05 | 190s
2026-09-17 20:55:52 | INFO    | epoch 7 | batch 2700/4266 | loss 0.6669 | acc 0.8591 | lr 9.64e-05 | 191s
2026-09-17 20:55:54 | INFO    | epoch 7 | batch 2720/4266 | loss 0.6666 | acc 0.8593 | lr 9.64e-05 | 193s
2026-09-17 20:55:55 | INFO    | epoch 7 | batch 2740/4266 | loss 0.6667 | acc 0.8593 | lr 9.64e-05 | 194s
2026-09-17 20:55:57 | INFO    | epoch 7 | batch 2760/4266 | loss 0.6666 | acc 0.8594 | lr 9.64e-05 | 195s
2026-09-17 20:55:58 | INFO    | epoch 7 | batch 2780/4266 | loss 0.6668 | acc 0.8593 | lr 9.64e-05 | 197s
2026-09-17 20:56:00 | INFO    | epoch 7 | batch 2800/4266 | loss 0.6667 | acc 0.8592 | lr 9.64e-05 | 198s
2026-09-17 20:56:01 | INFO    | epoch 7 | batch 2820/4266 | loss 0.6668 | acc 0.8592 | lr 9.64e-05 | 200s
2026-09-17 20:56:02 | INFO    | epoch 7 | batch 2840/4266 | loss 0.6668 | acc 0.8592 | lr 9.64e-05 | 201s
2026-09-17 20:56:04 | INFO    | epoch 7 | batch 2860/4266 | loss 0.6667 | acc 0.8593 | lr 9.64e-05 | 202s
2026-09-17 20:56:05 | INFO    | epoch 7 | batch 2880/4266 | loss 0.6666 | acc 0.8594 | lr 9.63e-05 | 204s
2026-09-17 20:56:07 | INFO    | epoch 7 | batch 2900/4266 | loss 0.6667 | acc 0.8593 | lr 9.63e-05 | 205s
2026-09-17 20:56:08 | INFO    | epoch 7 | batch 2920/4266 | loss 0.6666 | acc 0.8594 | lr 9.63e-05 | 207s
2026-09-17 20:56:09 | INFO    | epoch 7 | batch 2940/4266 | loss 0.6667 | acc 0.8593 | lr 9.63e-05 | 208s
2026-09-17 20:56:11 | INFO    | epoch 7 | batch 2960/4266 | loss 0.6668 | acc 0.8592 | lr 9.63e-05 | 210s
2026-09-17 20:56:12 | INFO    | epoch 7 | batch 2980/4266 | loss 0.6667 | acc 0.8592 | lr 9.63e-05 | 211s
2026-09-17 20:56:14 | INFO    | epoch 7 | batch 3000/4266 | loss 0.6665 | acc 0.8593 | lr 9.63e-05 | 212s
2026-09-17 20:56:15 | INFO    | epoch 7 | batch 3020/4266 | loss 0.6665 | acc 0.8594 | lr 9.63e-05 | 214s
2026-09-17 20:56:17 | INFO    | epoch 7 | batch 3040/4266 | loss 0.6662 | acc 0.8595 | lr 9.63e-05 | 215s
2026-09-17 20:56:18 | INFO    | epoch 7 | batch 3060/4266 | loss 0.6659 | acc 0.8597 | lr 9.63e-05 | 217s
2026-09-17 20:56:19 | INFO    | epoch 7 | batch 3080/4266 | loss 0.6658 | acc 0.8597 | lr 9.63e-05 | 218s
2026-09-17 20:56:21 | INFO    | epoch 7 | batch 3100/4266 | loss 0.6657 | acc 0.8596 | lr 9.63e-05 | 220s
2026-09-17 20:56:22 | INFO    | epoch 7 | batch 3120/4266 | loss 0.6660 | acc 0.8595 | lr 9.63e-05 | 221s
2026-09-17 20:56:24 | INFO    | epoch 7 | batch 3140/4266 | loss 0.6660 | acc 0.8594 | lr 9.63e-05 | 223s
2026-09-17 20:56:25 | INFO    | epoch 7 | batch 3160/4266 | loss 0.6658 | acc 0.8595 | lr 9.62e-05 | 224s
2026-09-17 20:56:27 | INFO    | epoch 7 | batch 3180/4266 | loss 0.6656 | acc 0.8596 | lr 9.62e-05 | 225s
2026-09-17 20:56:28 | INFO    | epoch 7 | batch 3200/4266 | loss 0.6655 | acc 0.8596 | lr 9.62e-05 | 227s
2026-09-17 20:56:30 | INFO    | epoch 7 | batch 3220/4266 | loss 0.6654 | acc 0.8596 | lr 9.62e-05 | 228s
2026-09-17 20:56:31 | INFO    | epoch 7 | batch 3240/4266 | loss 0.6654 | acc 0.8596 | lr 9.62e-05 | 230s
2026-09-17 20:56:33 | INFO    | epoch 7 | batch 3260/4266 | loss 0.6655 | acc 0.8596 | lr 9.62e-05 | 231s
2026-09-17 20:56:34 | INFO    | epoch 7 | batch 3280/4266 | loss 0.6654 | acc 0.8595 | lr 9.62e-05 | 233s
2026-09-17 20:56:36 | INFO    | epoch 7 | batch 3300/4266 | loss 0.6654 | acc 0.8596 | lr 9.62e-05 | 234s
2026-09-17 20:56:37 | INFO    | epoch 7 | batch 3320/4266 | loss 0.6654 | acc 0.8595 | lr 9.62e-05 | 236s
2026-09-17 20:56:38 | INFO    | epoch 7 | batch 3340/4266 | loss 0.6653 | acc 0.8596 | lr 9.62e-05 | 237s
2026-09-17 20:56:40 | INFO    | epoch 7 | batch 3360/4266 | loss 0.6653 | acc 0.8597 | lr 9.62e-05 | 239s
2026-09-17 20:56:41 | INFO    | epoch 7 | batch 3380/4266 | loss 0.6651 | acc 0.8598 | lr 9.62e-05 | 240s
2026-09-17 20:56:43 | INFO    | epoch 7 | batch 3400/4266 | loss 0.6649 | acc 0.8599 | lr 9.62e-05 | 242s
2026-09-17 20:56:44 | INFO    | epoch 7 | batch 3420/4266 | loss 0.6646 | acc 0.8600 | lr 9.62e-05 | 243s
2026-09-17 20:56:46 | INFO    | epoch 7 | batch 3440/4266 | loss 0.6647 | acc 0.8599 | lr 9.61e-05 | 244s
2026-09-17 20:56:47 | INFO    | epoch 7 | batch 3460/4266 | loss 0.6647 | acc 0.8600 | lr 9.61e-05 | 246s
2026-09-17 20:56:49 | INFO    | epoch 7 | batch 3480/4266 | loss 0.6646 | acc 0.8601 | lr 9.61e-05 | 247s
2026-09-17 20:56:50 | INFO    | epoch 7 | batch 3500/4266 | loss 0.6645 | acc 0.8601 | lr 9.61e-05 | 249s
2026-09-17 20:56:52 | INFO    | epoch 7 | batch 3520/4266 | loss 0.6645 | acc 0.8602 | lr 9.61e-05 | 250s
2026-09-17 20:56:53 | INFO    | epoch 7 | batch 3540/4266 | loss 0.6642 | acc 0.8603 | lr 9.61e-05 | 252s
2026-09-17 20:56:54 | INFO    | epoch 7 | batch 3560/4266 | loss 0.6640 | acc 0.8604 | lr 9.61e-05 | 253s
2026-09-17 20:56:56 | INFO    | epoch 7 | batch 3580/4266 | loss 0.6639 | acc 0.8605 | lr 9.61e-05 | 255s
2026-09-17 20:56:57 | INFO    | epoch 7 | batch 3600/4266 | loss 0.6638 | acc 0.8605 | lr 9.61e-05 | 256s
2026-09-17 20:56:59 | INFO    | epoch 7 | batch 3620/4266 | loss 0.6636 | acc 0.8606 | lr 9.61e-05 | 258s
2026-09-17 20:57:00 | INFO    | epoch 7 | batch 3640/4266 | loss 0.6636 | acc 0.8606 | lr 9.61e-05 | 259s
2026-09-17 20:57:02 | INFO    | epoch 7 | batch 3660/4266 | loss 0.6634 | acc 0.8607 | lr 9.61e-05 | 260s
2026-09-17 20:57:03 | INFO    | epoch 7 | batch 3680/4266 | loss 0.6632 | acc 0.8608 | lr 9.61e-05 | 262s
2026-09-17 20:57:05 | INFO    | epoch 7 | batch 3700/4266 | loss 0.6635 | acc 0.8606 | lr 9.60e-05 | 263s
2026-09-17 20:57:06 | INFO    | epoch 7 | batch 3720/4266 | loss 0.6634 | acc 0.8607 | lr 9.60e-05 | 265s
2026-09-17 20:57:08 | INFO    | epoch 7 | batch 3740/4266 | loss 0.6633 | acc 0.8609 | lr 9.60e-05 | 266s
2026-09-17 20:57:09 | INFO    | epoch 7 | batch 3760/4266 | loss 0.6632 | acc 0.8609 | lr 9.60e-05 | 268s
2026-09-17 20:57:11 | INFO    | epoch 7 | batch 3780/4266 | loss 0.6631 | acc 0.8610 | lr 9.60e-05 | 269s
2026-09-17 20:57:12 | INFO    | epoch 7 | batch 3800/4266 | loss 0.6628 | acc 0.8611 | lr 9.60e-05 | 271s
2026-09-17 20:57:13 | INFO    | epoch 7 | batch 3820/4266 | loss 0.6627 | acc 0.8612 | lr 9.60e-05 | 272s
2026-09-17 20:57:15 | INFO    | epoch 7 | batch 3840/4266 | loss 0.6628 | acc 0.8610 | lr 9.60e-05 | 274s
2026-09-17 20:57:16 | INFO    | epoch 7 | batch 3860/4266 | loss 0.6624 | acc 0.8612 | lr 9.60e-05 | 275s
2026-09-17 20:57:18 | INFO    | epoch 7 | batch 3880/4266 | loss 0.6625 | acc 0.8611 | lr 9.60e-05 | 277s
2026-09-17 20:57:19 | INFO    | epoch 7 | batch 3900/4266 | loss 0.6626 | acc 0.8611 | lr 9.60e-05 | 278s
2026-09-17 20:57:21 | INFO    | epoch 7 | batch 3920/4266 | loss 0.6625 | acc 0.8611 | lr 9.60e-05 | 279s
2026-09-17 20:57:22 | INFO    | epoch 7 | batch 3940/4266 | loss 0.6625 | acc 0.8612 | lr 9.60e-05 | 281s
2026-09-17 20:57:24 | INFO    | epoch 7 | batch 3960/4266 | loss 0.6627 | acc 0.8609 | lr 9.59e-05 | 282s
2026-09-17 20:57:25 | INFO    | epoch 7 | batch 3980/4266 | loss 0.6625 | acc 0.8610 | lr 9.59e-05 | 284s
2026-09-17 20:57:26 | INFO    | epoch 7 | batch 4000/4266 | loss 0.6625 | acc 0.8610 | lr 9.59e-05 | 285s
2026-09-17 20:57:28 | INFO    | epoch 7 | batch 4020/4266 | loss 0.6623 | acc 0.8611 | lr 9.59e-05 | 287s
2026-09-17 20:57:29 | INFO    | epoch 7 | batch 4040/4266 | loss 0.6623 | acc 0.8612 | lr 9.59e-05 | 288s
2026-09-17 20:57:31 | INFO    | epoch 7 | batch 4060/4266 | loss 0.6621 | acc 0.8614 | lr 9.59e-05 | 289s
2026-09-17 20:57:32 | INFO    | epoch 7 | batch 4080/4266 | loss 0.6621 | acc 0.8614 | lr 9.59e-05 | 291s
2026-09-17 20:57:34 | INFO    | epoch 7 | batch 4100/4266 | loss 0.6620 | acc 0.8614 | lr 9.59e-05 | 292s
2026-09-17 20:57:35 | INFO    | epoch 7 | batch 4120/4266 | loss 0.6619 | acc 0.8615 | lr 9.59e-05 | 294s
2026-09-17 20:57:37 | INFO    | epoch 7 | batch 4140/4266 | loss 0.6618 | acc 0.8616 | lr 9.59e-05 | 295s
2026-09-17 20:57:38 | INFO    | epoch 7 | batch 4160/4266 | loss 0.6617 | acc 0.8617 | lr 9.59e-05 | 297s
2026-09-17 20:57:39 | INFO    | epoch 7 | batch 4180/4266 | loss 0.6616 | acc 0.8617 | lr 9.59e-05 | 298s
2026-09-17 20:57:41 | INFO    | epoch 7 | batch 4200/4266 | loss 0.6615 | acc 0.8618 | lr 9.59e-05 | 300s
2026-09-17 20:57:42 | INFO    | epoch 7 | batch 4220/4266 | loss 0.6613 | acc 0.8619 | lr 9.58e-05 | 301s
2026-09-17 20:57:44 | INFO    | epoch 7 | batch 4240/4266 | loss 0.6611 | acc 0.8620 | lr 9.58e-05 | 303s
2026-09-17 20:57:45 | INFO    | epoch 7 | batch 4260/4266 | loss 0.6610 | acc 0.8621 | lr 9.58e-05 | 304s
2026-09-17 20:57:46 | INFO    | epoch 7 | batch 4266/4266 | loss 0.6610 | acc 0.8622 | lr 9.58e-05 | 304s
2026-09-17 20:57:56 | INFO    | epoch 7/40 done in 314s | train loss 0.6610 | train running patch (aug): accuracy=0.8622 precision=0.8608 recall=0.8571 f1=0.8588
2026-09-17 20:57:56 | INFO    | epoch 7 train (eval, no aug) | loss 0.8422 | patch[7280]: accuracy=0.7648 precision=0.7711 recall=0.7593 f1=0.7592 | image[455]: accuracy=0.8462 precision=0.8582 recall=0.8417 f1=0.8441
2026-09-17 20:57:56 | INFO    | epoch 7 val | loss 1.2086 | patch[8448]: accuracy=0.6046 precision=0.5819 recall=0.5683 f1=0.5654 | image[96]: accuracy=0.6458 precision=0.6184 recall=0.5975 f1=0.5881
2026-09-17 20:57:56 | INFO    | val_patch_f1 = 0.5654 (best 0.5654 @ epoch 7) *
2026-09-17 20:57:57 | INFO    | epoch 8 | batch 20/4266 | loss 0.6498 | acc 0.8641 | lr 9.58e-05 | 2s
2026-09-17 20:57:59 | INFO    | epoch 8 | batch 40/4266 | loss 0.6405 | acc 0.8727 | lr 9.58e-05 | 3s
2026-09-17 20:58:00 | INFO    | epoch 8 | batch 60/4266 | loss 0.6358 | acc 0.8766 | lr 9.58e-05 | 4s
2026-09-17 20:58:02 | INFO    | epoch 8 | batch 80/4266 | loss 0.6384 | acc 0.8754 | lr 9.58e-05 | 6s
2026-09-17 20:58:03 | INFO    | epoch 8 | batch 100/4266 | loss 0.6362 | acc 0.8775 | lr 9.58e-05 | 7s
2026-09-17 20:58:04 | INFO    | epoch 8 | batch 120/4266 | loss 0.6339 | acc 0.8792 | lr 9.58e-05 | 9s
2026-09-17 20:58:06 | INFO    | epoch 8 | batch 140/4266 | loss 0.6371 | acc 0.8781 | lr 9.58e-05 | 10s
2026-09-17 20:58:07 | INFO    | epoch 8 | batch 160/4266 | loss 0.6390 | acc 0.8762 | lr 9.58e-05 | 12s
2026-09-17 20:58:09 | INFO    | epoch 8 | batch 180/4266 | loss 0.6395 | acc 0.8764 | lr 9.58e-05 | 13s
2026-09-17 20:58:10 | INFO    | epoch 8 | batch 200/4266 | loss 0.6384 | acc 0.8767 | lr 9.58e-05 | 15s
2026-09-17 20:58:12 | INFO    | epoch 8 | batch 220/4266 | loss 0.6384 | acc 0.8761 | lr 9.57e-05 | 16s
2026-09-17 20:58:13 | INFO    | epoch 8 | batch 240/4266 | loss 0.6413 | acc 0.8740 | lr 9.57e-05 | 18s
2026-09-17 20:58:15 | INFO    | epoch 8 | batch 260/4266 | loss 0.6388 | acc 0.8748 | lr 9.57e-05 | 19s
2026-09-17 20:58:16 | INFO    | epoch 8 | batch 280/4266 | loss 0.6390 | acc 0.8753 | lr 9.57e-05 | 20s
2026-09-17 20:58:17 | INFO    | epoch 8 | batch 300/4266 | loss 0.6388 | acc 0.8750 | lr 9.57e-05 | 22s
2026-09-17 20:58:19 | INFO    | epoch 8 | batch 320/4266 | loss 0.6394 | acc 0.8742 | lr 9.57e-05 | 23s
2026-09-17 20:58:20 | INFO    | epoch 8 | batch 340/4266 | loss 0.6393 | acc 0.8744 | lr 9.57e-05 | 25s
2026-09-17 20:58:22 | INFO    | epoch 8 | batch 360/4266 | loss 0.6388 | acc 0.8746 | lr 9.57e-05 | 26s
2026-09-17 20:58:23 | INFO    | epoch 8 | batch 380/4266 | loss 0.6393 | acc 0.8743 | lr 9.57e-05 | 28s
2026-09-17 20:58:25 | INFO    | epoch 8 | batch 400/4266 | loss 0.6399 | acc 0.8741 | lr 9.57e-05 | 29s
2026-09-17 20:58:26 | INFO    | epoch 8 | batch 420/4266 | loss 0.6393 | acc 0.8744 | lr 9.57e-05 | 30s
2026-09-17 20:58:27 | INFO    | epoch 8 | batch 440/4266 | loss 0.6398 | acc 0.8743 | lr 9.57e-05 | 32s
2026-09-17 20:58:29 | INFO    | epoch 8 | batch 460/4266 | loss 0.6387 | acc 0.8749 | lr 9.57e-05 | 33s
2026-09-17 20:58:30 | INFO    | epoch 8 | batch 480/4266 | loss 0.6396 | acc 0.8750 | lr 9.56e-05 | 35s
2026-09-17 20:58:32 | INFO    | epoch 8 | batch 500/4266 | loss 0.6396 | acc 0.8741 | lr 9.56e-05 | 36s
2026-09-17 20:58:33 | INFO    | epoch 8 | batch 520/4266 | loss 0.6381 | acc 0.8751 | lr 9.56e-05 | 37s
2026-09-17 20:58:34 | INFO    | epoch 8 | batch 540/4266 | loss 0.6372 | acc 0.8756 | lr 9.56e-05 | 39s
2026-09-17 20:58:36 | INFO    | epoch 8 | batch 560/4266 | loss 0.6360 | acc 0.8763 | lr 9.56e-05 | 40s
2026-09-17 20:58:37 | INFO    | epoch 8 | batch 580/4266 | loss 0.6364 | acc 0.8762 | lr 9.56e-05 | 42s
2026-09-17 20:58:39 | INFO    | epoch 8 | batch 600/4266 | loss 0.6360 | acc 0.8764 | lr 9.56e-05 | 43s
2026-09-17 20:58:40 | INFO    | epoch 8 | batch 620/4266 | loss 0.6363 | acc 0.8760 | lr 9.56e-05 | 45s
2026-09-17 20:58:42 | INFO    | epoch 8 | batch 640/4266 | loss 0.6387 | acc 0.8748 | lr 9.56e-05 | 46s
2026-09-17 20:58:43 | INFO    | epoch 8 | batch 660/4266 | loss 0.6400 | acc 0.8742 | lr 9.56e-05 | 47s
2026-09-17 20:58:44 | INFO    | epoch 8 | batch 680/4266 | loss 0.6398 | acc 0.8747 | lr 9.56e-05 | 49s
2026-09-17 20:58:46 | INFO    | epoch 8 | batch 700/4266 | loss 0.6396 | acc 0.8749 | lr 9.56e-05 | 50s
2026-09-17 20:58:47 | INFO    | epoch 8 | batch 720/4266 | loss 0.6396 | acc 0.8748 | lr 9.55e-05 | 52s
2026-09-17 20:58:49 | INFO    | epoch 8 | batch 740/4266 | loss 0.6403 | acc 0.8742 | lr 9.55e-05 | 53s
2026-09-17 20:58:50 | INFO    | epoch 8 | batch 760/4266 | loss 0.6398 | acc 0.8747 | lr 9.55e-05 | 54s
2026-09-17 20:58:51 | INFO    | epoch 8 | batch 780/4266 | loss 0.6394 | acc 0.8750 | lr 9.55e-05 | 56s
2026-09-17 20:58:53 | INFO    | epoch 8 | batch 800/4266 | loss 0.6401 | acc 0.8744 | lr 9.55e-05 | 57s
2026-09-17 20:58:54 | INFO    | epoch 8 | batch 820/4266 | loss 0.6404 | acc 0.8744 | lr 9.55e-05 | 59s
2026-09-17 20:58:56 | INFO    | epoch 8 | batch 840/4266 | loss 0.6401 | acc 0.8745 | lr 9.55e-05 | 60s
2026-09-17 20:58:57 | INFO    | epoch 8 | batch 860/4266 | loss 0.6406 | acc 0.8743 | lr 9.55e-05 | 61s
2026-09-17 20:58:58 | INFO    | epoch 8 | batch 880/4266 | loss 0.6405 | acc 0.8743 | lr 9.55e-05 | 63s
2026-09-17 20:59:00 | INFO    | epoch 8 | batch 900/4266 | loss 0.6408 | acc 0.8740 | lr 9.55e-05 | 64s
2026-09-17 20:59:01 | INFO    | epoch 8 | batch 920/4266 | loss 0.6409 | acc 0.8736 | lr 9.55e-05 | 66s
2026-09-17 20:59:03 | INFO    | epoch 8 | batch 940/4266 | loss 0.6403 | acc 0.8739 | lr 9.55e-05 | 67s
2026-09-17 20:59:04 | INFO    | epoch 8 | batch 960/4266 | loss 0.6404 | acc 0.8739 | lr 9.55e-05 | 68s
2026-09-17 20:59:05 | INFO    | epoch 8 | batch 980/4266 | loss 0.6398 | acc 0.8742 | lr 9.54e-05 | 70s
2026-09-17 20:59:07 | INFO    | epoch 8 | batch 1000/4266 | loss 0.6394 | acc 0.8744 | lr 9.54e-05 | 71s
2026-09-17 20:59:08 | INFO    | epoch 8 | batch 1020/4266 | loss 0.6394 | acc 0.8743 | lr 9.54e-05 | 73s
2026-09-17 20:59:10 | INFO    | epoch 8 | batch 1040/4266 | loss 0.6391 | acc 0.8746 | lr 9.54e-05 | 74s
2026-09-17 20:59:11 | INFO    | epoch 8 | batch 1060/4266 | loss 0.6387 | acc 0.8747 | lr 9.54e-05 | 75s
2026-09-17 20:59:13 | INFO    | epoch 8 | batch 1080/4266 | loss 0.6384 | acc 0.8750 | lr 9.54e-05 | 77s
2026-09-17 20:59:14 | INFO    | epoch 8 | batch 1100/4266 | loss 0.6384 | acc 0.8749 | lr 9.54e-05 | 78s
2026-09-17 20:59:15 | INFO    | epoch 8 | batch 1120/4266 | loss 0.6385 | acc 0.8750 | lr 9.54e-05 | 80s
2026-09-17 20:59:17 | INFO    | epoch 8 | batch 1140/4266 | loss 0.6382 | acc 0.8751 | lr 9.54e-05 | 81s
2026-09-17 20:59:18 | INFO    | epoch 8 | batch 1160/4266 | loss 0.6374 | acc 0.8755 | lr 9.54e-05 | 83s
2026-09-17 20:59:20 | INFO    | epoch 8 | batch 1180/4266 | loss 0.6372 | acc 0.8757 | lr 9.54e-05 | 84s
2026-09-17 20:59:21 | INFO    | epoch 8 | batch 1200/4266 | loss 0.6369 | acc 0.8758 | lr 9.54e-05 | 85s
2026-09-17 20:59:22 | INFO    | epoch 8 | batch 1220/4266 | loss 0.6366 | acc 0.8760 | lr 9.53e-05 | 87s
2026-09-17 20:59:24 | INFO    | epoch 8 | batch 1240/4266 | loss 0.6367 | acc 0.8762 | lr 9.53e-05 | 88s
2026-09-17 20:59:25 | INFO    | epoch 8 | batch 1260/4266 | loss 0.6365 | acc 0.8763 | lr 9.53e-05 | 90s
2026-09-17 20:59:27 | INFO    | epoch 8 | batch 1280/4266 | loss 0.6358 | acc 0.8766 | lr 9.53e-05 | 91s
2026-09-17 20:59:28 | INFO    | epoch 8 | batch 1300/4266 | loss 0.6354 | acc 0.8769 | lr 9.53e-05 | 92s
2026-09-17 20:59:29 | INFO    | epoch 8 | batch 1320/4266 | loss 0.6354 | acc 0.8770 | lr 9.53e-05 | 94s
2026-09-17 20:59:31 | INFO    | epoch 8 | batch 1340/4266 | loss 0.6356 | acc 0.8769 | lr 9.53e-05 | 95s
2026-09-17 20:59:32 | INFO    | epoch 8 | batch 1360/4266 | loss 0.6362 | acc 0.8766 | lr 9.53e-05 | 97s
2026-09-17 20:59:34 | INFO    | epoch 8 | batch 1380/4266 | loss 0.6362 | acc 0.8766 | lr 9.53e-05 | 98s
2026-09-17 20:59:35 | INFO    | epoch 8 | batch 1400/4266 | loss 0.6362 | acc 0.8764 | lr 9.53e-05 | 100s
2026-09-17 20:59:37 | INFO    | epoch 8 | batch 1420/4266 | loss 0.6363 | acc 0.8763 | lr 9.53e-05 | 101s
2026-09-17 20:59:38 | INFO    | epoch 8 | batch 1440/4266 | loss 0.6359 | acc 0.8765 | lr 9.53e-05 | 102s
2026-09-17 20:59:39 | INFO    | epoch 8 | batch 1460/4266 | loss 0.6357 | acc 0.8766 | lr 9.53e-05 | 104s
2026-09-17 20:59:41 | INFO    | epoch 8 | batch 1480/4266 | loss 0.6356 | acc 0.8766 | lr 9.52e-05 | 105s
2026-09-17 20:59:42 | INFO    | epoch 8 | batch 1500/4266 | loss 0.6359 | acc 0.8763 | lr 9.52e-05 | 107s
2026-09-17 20:59:44 | INFO    | epoch 8 | batch 1520/4266 | loss 0.6358 | acc 0.8763 | lr 9.52e-05 | 108s
2026-09-17 20:59:45 | INFO    | epoch 8 | batch 1540/4266 | loss 0.6356 | acc 0.8765 | lr 9.52e-05 | 109s
2026-09-17 20:59:46 | INFO    | epoch 8 | batch 1560/4266 | loss 0.6352 | acc 0.8767 | lr 9.52e-05 | 111s
2026-09-17 20:59:48 | INFO    | epoch 8 | batch 1580/4266 | loss 0.6350 | acc 0.8769 | lr 9.52e-05 | 112s
2026-09-17 20:59:49 | INFO    | epoch 8 | batch 1600/4266 | loss 0.6351 | acc 0.8767 | lr 9.52e-05 | 114s
2026-09-17 20:59:51 | INFO    | epoch 8 | batch 1620/4266 | loss 0.6352 | acc 0.8767 | lr 9.52e-05 | 115s
2026-09-17 20:59:52 | INFO    | epoch 8 | batch 1640/4266 | loss 0.6353 | acc 0.8767 | lr 9.52e-05 | 116s
2026-09-17 20:59:53 | INFO    | epoch 8 | batch 1660/4266 | loss 0.6350 | acc 0.8767 | lr 9.52e-05 | 118s
2026-09-17 20:59:55 | INFO    | epoch 8 | batch 1680/4266 | loss 0.6350 | acc 0.8767 | lr 9.52e-05 | 119s
2026-09-17 20:59:56 | INFO    | epoch 8 | batch 1700/4266 | loss 0.6348 | acc 0.8770 | lr 9.52e-05 | 121s
2026-09-17 20:59:58 | INFO    | epoch 8 | batch 1720/4266 | loss 0.6347 | acc 0.8769 | lr 9.51e-05 | 122s
2026-09-17 20:59:59 | INFO    | epoch 8 | batch 1740/4266 | loss 0.6345 | acc 0.8769 | lr 9.51e-05 | 123s
2026-09-17 21:00:00 | INFO    | epoch 8 | batch 1760/4266 | loss 0.6342 | acc 0.8769 | lr 9.51e-05 | 125s
2026-09-17 21:00:02 | INFO    | epoch 8 | batch 1780/4266 | loss 0.6339 | acc 0.8771 | lr 9.51e-05 | 126s
2026-09-17 21:00:03 | INFO    | epoch 8 | batch 1800/4266 | loss 0.6339 | acc 0.8771 | lr 9.51e-05 | 128s
2026-09-17 21:00:05 | INFO    | epoch 8 | batch 1820/4266 | loss 0.6342 | acc 0.8770 | lr 9.51e-05 | 129s
2026-09-17 21:00:06 | INFO    | epoch 8 | batch 1840/4266 | loss 0.6341 | acc 0.8770 | lr 9.51e-05 | 130s
2026-09-17 21:00:07 | INFO    | epoch 8 | batch 1860/4266 | loss 0.6345 | acc 0.8768 | lr 9.51e-05 | 132s
2026-09-17 21:00:09 | INFO    | epoch 8 | batch 1880/4266 | loss 0.6346 | acc 0.8768 | lr 9.51e-05 | 133s
2026-09-17 21:00:10 | INFO    | epoch 8 | batch 1900/4266 | loss 0.6345 | acc 0.8768 | lr 9.51e-05 | 134s
2026-09-17 21:00:11 | INFO    | epoch 8 | batch 1920/4266 | loss 0.6343 | acc 0.8768 | lr 9.51e-05 | 136s
2026-09-17 21:00:13 | INFO    | epoch 8 | batch 1940/4266 | loss 0.6341 | acc 0.8769 | lr 9.51e-05 | 137s
2026-09-17 21:00:14 | INFO    | epoch 8 | batch 1960/4266 | loss 0.6341 | acc 0.8768 | lr 9.50e-05 | 139s
2026-09-17 21:00:16 | INFO    | epoch 8 | batch 1980/4266 | loss 0.6345 | acc 0.8766 | lr 9.50e-05 | 140s
2026-09-17 21:00:17 | INFO    | epoch 8 | batch 2000/4266 | loss 0.6344 | acc 0.8765 | lr 9.50e-05 | 141s
2026-09-17 21:00:19 | INFO    | epoch 8 | batch 2020/4266 | loss 0.6344 | acc 0.8765 | lr 9.50e-05 | 143s
2026-09-17 21:00:20 | INFO    | epoch 8 | batch 2040/4266 | loss 0.6339 | acc 0.8768 | lr 9.50e-05 | 144s
2026-09-17 21:00:21 | INFO    | epoch 8 | batch 2060/4266 | loss 0.6339 | acc 0.8767 | lr 9.50e-05 | 146s
2026-09-17 21:00:23 | INFO    | epoch 8 | batch 2080/4266 | loss 0.6340 | acc 0.8767 | lr 9.50e-05 | 147s
2026-09-17 21:00:24 | INFO    | epoch 8 | batch 2100/4266 | loss 0.6337 | acc 0.8770 | lr 9.50e-05 | 149s
2026-09-17 21:00:26 | INFO    | epoch 8 | batch 2120/4266 | loss 0.6336 | acc 0.8772 | lr 9.50e-05 | 150s
2026-09-17 21:00:27 | INFO    | epoch 8 | batch 2140/4266 | loss 0.6340 | acc 0.8768 | lr 9.50e-05 | 151s
2026-09-17 21:00:28 | INFO    | epoch 8 | batch 2160/4266 | loss 0.6336 | acc 0.8771 | lr 9.50e-05 | 153s
2026-09-17 21:00:30 | INFO    | epoch 8 | batch 2180/4266 | loss 0.6336 | acc 0.8772 | lr 9.50e-05 | 154s
2026-09-17 21:00:31 | INFO    | epoch 8 | batch 2200/4266 | loss 0.6339 | acc 0.8769 | lr 9.49e-05 | 156s
2026-09-17 21:00:33 | INFO    | epoch 8 | batch 2220/4266 | loss 0.6342 | acc 0.8768 | lr 9.49e-05 | 157s
2026-09-17 21:00:34 | INFO    | epoch 8 | batch 2240/4266 | loss 0.6345 | acc 0.8766 | lr 9.49e-05 | 159s
2026-09-17 21:00:36 | INFO    | epoch 8 | batch 2260/4266 | loss 0.6344 | acc 0.8766 | lr 9.49e-05 | 160s
2026-09-17 21:00:37 | INFO    | epoch 8 | batch 2280/4266 | loss 0.6344 | acc 0.8767 | lr 9.49e-05 | 161s
2026-09-17 21:00:38 | INFO    | epoch 8 | batch 2300/4266 | loss 0.6339 | acc 0.8770 | lr 9.49e-05 | 163s
2026-09-17 21:00:40 | INFO    | epoch 8 | batch 2320/4266 | loss 0.6341 | acc 0.8769 | lr 9.49e-05 | 164s
2026-09-17 21:00:41 | INFO    | epoch 8 | batch 2340/4266 | loss 0.6337 | acc 0.8771 | lr 9.49e-05 | 166s
2026-09-17 21:00:43 | INFO    | epoch 8 | batch 2360/4266 | loss 0.6335 | acc 0.8773 | lr 9.49e-05 | 167s
2026-09-17 21:00:44 | INFO    | epoch 8 | batch 2380/4266 | loss 0.6334 | acc 0.8772 | lr 9.49e-05 | 168s
2026-09-17 21:00:45 | INFO    | epoch 8 | batch 2400/4266 | loss 0.6335 | acc 0.8772 | lr 9.49e-05 | 170s
2026-09-17 21:00:47 | INFO    | epoch 8 | batch 2420/4266 | loss 0.6332 | acc 0.8773 | lr 9.48e-05 | 171s
2026-09-17 21:00:48 | INFO    | epoch 8 | batch 2440/4266 | loss 0.6335 | acc 0.8771 | lr 9.48e-05 | 173s
2026-09-17 21:00:50 | INFO    | epoch 8 | batch 2460/4266 | loss 0.6335 | acc 0.8772 | lr 9.48e-05 | 174s
2026-09-17 21:00:51 | INFO    | epoch 8 | batch 2480/4266 | loss 0.6332 | acc 0.8774 | lr 9.48e-05 | 175s
2026-09-17 21:00:53 | INFO    | epoch 8 | batch 2500/4266 | loss 0.6334 | acc 0.8774 | lr 9.48e-05 | 177s
2026-09-17 21:00:54 | INFO    | epoch 8 | batch 2520/4266 | loss 0.6333 | acc 0.8775 | lr 9.48e-05 | 178s
2026-09-17 21:00:55 | INFO    | epoch 8 | batch 2540/4266 | loss 0.6333 | acc 0.8776 | lr 9.48e-05 | 180s
2026-09-17 21:00:57 | INFO    | epoch 8 | batch 2560/4266 | loss 0.6332 | acc 0.8776 | lr 9.48e-05 | 181s
2026-09-17 21:00:58 | INFO    | epoch 8 | batch 2580/4266 | loss 0.6330 | acc 0.8777 | lr 9.48e-05 | 183s
2026-09-17 21:01:00 | INFO    | epoch 8 | batch 2600/4266 | loss 0.6328 | acc 0.8778 | lr 9.48e-05 | 184s
2026-09-17 21:01:01 | INFO    | epoch 8 | batch 2620/4266 | loss 0.6328 | acc 0.8779 | lr 9.48e-05 | 186s
2026-09-17 21:01:03 | INFO    | epoch 8 | batch 2640/4266 | loss 0.6329 | acc 0.8779 | lr 9.48e-05 | 187s
2026-09-17 21:01:04 | INFO    | epoch 8 | batch 2660/4266 | loss 0.6327 | acc 0.8780 | lr 9.47e-05 | 188s
2026-09-17 21:01:05 | INFO    | epoch 8 | batch 2680/4266 | loss 0.6326 | acc 0.8780 | lr 9.47e-05 | 190s
2026-09-17 21:01:07 | INFO    | epoch 8 | batch 2700/4266 | loss 0.6326 | acc 0.8780 | lr 9.47e-05 | 191s
2026-09-17 21:01:08 | INFO    | epoch 8 | batch 2720/4266 | loss 0.6326 | acc 0.8779 | lr 9.47e-05 | 193s
2026-09-17 21:01:10 | INFO    | epoch 8 | batch 2740/4266 | loss 0.6325 | acc 0.8780 | lr 9.47e-05 | 194s
2026-09-17 21:01:11 | INFO    | epoch 8 | batch 2760/4266 | loss 0.6325 | acc 0.8780 | lr 9.47e-05 | 196s
2026-09-17 21:01:13 | INFO    | epoch 8 | batch 2780/4266 | loss 0.6324 | acc 0.8780 | lr 9.47e-05 | 197s
2026-09-17 21:01:14 | INFO    | epoch 8 | batch 2800/4266 | loss 0.6327 | acc 0.8778 | lr 9.47e-05 | 198s
2026-09-17 21:01:15 | INFO    | epoch 8 | batch 2820/4266 | loss 0.6324 | acc 0.8779 | lr 9.47e-05 | 200s
2026-09-17 21:01:17 | INFO    | epoch 8 | batch 2840/4266 | loss 0.6325 | acc 0.8779 | lr 9.47e-05 | 201s
2026-09-17 21:01:18 | INFO    | epoch 8 | batch 2860/4266 | loss 0.6325 | acc 0.8779 | lr 9.47e-05 | 203s
2026-09-17 21:01:20 | INFO    | epoch 8 | batch 2880/4266 | loss 0.6323 | acc 0.8779 | lr 9.47e-05 | 204s
2026-09-17 21:01:21 | INFO    | epoch 8 | batch 2900/4266 | loss 0.6325 | acc 0.8778 | lr 9.46e-05 | 206s
2026-09-17 21:01:23 | INFO    | epoch 8 | batch 2920/4266 | loss 0.6325 | acc 0.8778 | lr 9.46e-05 | 207s
2026-09-17 21:01:24 | INFO    | epoch 8 | batch 2940/4266 | loss 0.6326 | acc 0.8778 | lr 9.46e-05 | 208s
2026-09-17 21:01:25 | INFO    | epoch 8 | batch 2960/4266 | loss 0.6324 | acc 0.8779 | lr 9.46e-05 | 210s
2026-09-17 21:01:27 | INFO    | epoch 8 | batch 2980/4266 | loss 0.6325 | acc 0.8779 | lr 9.46e-05 | 211s
2026-09-17 21:01:28 | INFO    | epoch 8 | batch 3000/4266 | loss 0.6324 | acc 0.8780 | lr 9.46e-05 | 213s
2026-09-17 21:01:30 | INFO    | epoch 8 | batch 3020/4266 | loss 0.6323 | acc 0.8781 | lr 9.46e-05 | 214s
2026-09-17 21:01:31 | INFO    | epoch 8 | batch 3040/4266 | loss 0.6322 | acc 0.8780 | lr 9.46e-05 | 216s
2026-09-17 21:01:33 | INFO    | epoch 8 | batch 3060/4266 | loss 0.6321 | acc 0.8781 | lr 9.46e-05 | 217s
2026-09-17 21:01:34 | INFO    | epoch 8 | batch 3080/4266 | loss 0.6321 | acc 0.8781 | lr 9.46e-05 | 218s
2026-09-17 21:01:35 | INFO    | epoch 8 | batch 3100/4266 | loss 0.6322 | acc 0.8780 | lr 9.46e-05 | 220s
2026-09-17 21:01:37 | INFO    | epoch 8 | batch 3120/4266 | loss 0.6321 | acc 0.8780 | lr 9.45e-05 | 221s
2026-09-17 21:01:38 | INFO    | epoch 8 | batch 3140/4266 | loss 0.6322 | acc 0.8780 | lr 9.45e-05 | 223s
2026-09-17 21:01:40 | INFO    | epoch 8 | batch 3160/4266 | loss 0.6320 | acc 0.8781 | lr 9.45e-05 | 224s
2026-09-17 21:01:41 | INFO    | epoch 8 | batch 3180/4266 | loss 0.6321 | acc 0.8781 | lr 9.45e-05 | 226s
2026-09-17 21:01:43 | INFO    | epoch 8 | batch 3200/4266 | loss 0.6322 | acc 0.8780 | lr 9.45e-05 | 227s
2026-09-17 21:01:44 | INFO    | epoch 8 | batch 3220/4266 | loss 0.6321 | acc 0.8781 | lr 9.45e-05 | 228s
2026-09-17 21:01:45 | INFO    | epoch 8 | batch 3240/4266 | loss 0.6322 | acc 0.8781 | lr 9.45e-05 | 230s
2026-09-17 21:01:47 | INFO    | epoch 8 | batch 3260/4266 | loss 0.6322 | acc 0.8781 | lr 9.45e-05 | 231s
2026-09-17 21:01:48 | INFO    | epoch 8 | batch 3280/4266 | loss 0.6322 | acc 0.8781 | lr 9.45e-05 | 233s
2026-09-17 21:01:50 | INFO    | epoch 8 | batch 3300/4266 | loss 0.6321 | acc 0.8782 | lr 9.45e-05 | 234s
2026-09-17 21:01:51 | INFO    | epoch 8 | batch 3320/4266 | loss 0.6320 | acc 0.8781 | lr 9.45e-05 | 235s
2026-09-17 21:01:52 | INFO    | epoch 8 | batch 3340/4266 | loss 0.6320 | acc 0.8781 | lr 9.44e-05 | 237s
2026-09-17 21:01:54 | INFO    | epoch 8 | batch 3360/4266 | loss 0.6321 | acc 0.8781 | lr 9.44e-05 | 238s
2026-09-17 21:01:55 | INFO    | epoch 8 | batch 3380/4266 | loss 0.6319 | acc 0.8782 | lr 9.44e-05 | 240s
2026-09-17 21:01:57 | INFO    | epoch 8 | batch 3400/4266 | loss 0.6318 | acc 0.8782 | lr 9.44e-05 | 241s
2026-09-17 21:01:58 | INFO    | epoch 8 | batch 3420/4266 | loss 0.6319 | acc 0.8781 | lr 9.44e-05 | 242s
2026-09-17 21:01:59 | INFO    | epoch 8 | batch 3440/4266 | loss 0.6319 | acc 0.8782 | lr 9.44e-05 | 244s
2026-09-17 21:02:01 | INFO    | epoch 8 | batch 3460/4266 | loss 0.6317 | acc 0.8782 | lr 9.44e-05 | 245s
2026-09-17 21:02:02 | INFO    | epoch 8 | batch 3480/4266 | loss 0.6318 | acc 0.8782 | lr 9.44e-05 | 247s
2026-09-17 21:02:04 | INFO    | epoch 8 | batch 3500/4266 | loss 0.6316 | acc 0.8782 | lr 9.44e-05 | 248s
2026-09-17 21:02:05 | INFO    | epoch 8 | batch 3520/4266 | loss 0.6316 | acc 0.8783 | lr 9.44e-05 | 249s
2026-09-17 21:02:06 | INFO    | epoch 8 | batch 3540/4266 | loss 0.6315 | acc 0.8783 | lr 9.44e-05 | 251s
2026-09-17 21:02:08 | INFO    | epoch 8 | batch 3560/4266 | loss 0.6316 | acc 0.8783 | lr 9.44e-05 | 252s
2026-09-17 21:02:09 | INFO    | epoch 8 | batch 3580/4266 | loss 0.6317 | acc 0.8783 | lr 9.43e-05 | 253s
2026-09-17 21:02:10 | INFO    | epoch 8 | batch 3600/4266 | loss 0.6317 | acc 0.8783 | lr 9.43e-05 | 255s
2026-09-17 21:02:12 | INFO    | epoch 8 | batch 3620/4266 | loss 0.6318 | acc 0.8782 | lr 9.43e-05 | 256s
2026-09-17 21:02:13 | INFO    | epoch 8 | batch 3640/4266 | loss 0.6317 | acc 0.8782 | lr 9.43e-05 | 258s
2026-09-17 21:02:14 | INFO    | epoch 8 | batch 3660/4266 | loss 0.6316 | acc 0.8783 | lr 9.43e-05 | 259s
2026-09-17 21:02:16 | INFO    | epoch 8 | batch 3680/4266 | loss 0.6316 | acc 0.8783 | lr 9.43e-05 | 260s
2026-09-17 21:02:17 | INFO    | epoch 8 | batch 3700/4266 | loss 0.6315 | acc 0.8784 | lr 9.43e-05 | 261s
2026-09-17 21:02:18 | INFO    | epoch 8 | batch 3720/4266 | loss 0.6317 | acc 0.8783 | lr 9.43e-05 | 263s
2026-09-17 21:02:20 | INFO    | epoch 8 | batch 3740/4266 | loss 0.6317 | acc 0.8783 | lr 9.43e-05 | 264s
2026-09-17 21:02:21 | INFO    | epoch 8 | batch 3760/4266 | loss 0.6317 | acc 0.8784 | lr 9.43e-05 | 266s
2026-09-17 21:02:22 | INFO    | epoch 8 | batch 3780/4266 | loss 0.6315 | acc 0.8785 | lr 9.43e-05 | 267s
2026-09-17 21:02:24 | INFO    | epoch 8 | batch 3800/4266 | loss 0.6317 | acc 0.8784 | lr 9.42e-05 | 268s
2026-09-17 21:02:25 | INFO    | epoch 8 | batch 3820/4266 | loss 0.6316 | acc 0.8784 | lr 9.42e-05 | 269s
2026-09-17 21:02:26 | INFO    | epoch 8 | batch 3840/4266 | loss 0.6317 | acc 0.8784 | lr 9.42e-05 | 271s
2026-09-17 21:02:28 | INFO    | epoch 8 | batch 3860/4266 | loss 0.6316 | acc 0.8785 | lr 9.42e-05 | 272s
2026-09-17 21:02:29 | INFO    | epoch 8 | batch 3880/4266 | loss 0.6318 | acc 0.8784 | lr 9.42e-05 | 274s
2026-09-17 21:02:31 | INFO    | epoch 8 | batch 3900/4266 | loss 0.6318 | acc 0.8783 | lr 9.42e-05 | 275s
2026-09-17 21:02:32 | INFO    | epoch 8 | batch 3920/4266 | loss 0.6317 | acc 0.8783 | lr 9.42e-05 | 276s
2026-09-17 21:02:33 | INFO    | epoch 8 | batch 3940/4266 | loss 0.6318 | acc 0.8782 | lr 9.42e-05 | 278s
2026-09-17 21:02:35 | INFO    | epoch 8 | batch 3960/4266 | loss 0.6317 | acc 0.8783 | lr 9.42e-05 | 279s
2026-09-17 21:02:36 | INFO    | epoch 8 | batch 3980/4266 | loss 0.6314 | acc 0.8785 | lr 9.42e-05 | 281s
2026-09-17 21:02:38 | INFO    | epoch 8 | batch 4000/4266 | loss 0.6315 | acc 0.8785 | lr 9.42e-05 | 282s
2026-09-17 21:02:39 | INFO    | epoch 8 | batch 4020/4266 | loss 0.6315 | acc 0.8783 | lr 9.41e-05 | 284s
2026-09-17 21:02:41 | INFO    | epoch 8 | batch 4040/4266 | loss 0.6316 | acc 0.8783 | lr 9.41e-05 | 285s
2026-09-17 21:02:42 | INFO    | epoch 8 | batch 4060/4266 | loss 0.6314 | acc 0.8783 | lr 9.41e-05 | 286s
2026-09-17 21:02:44 | INFO    | epoch 8 | batch 4080/4266 | loss 0.6313 | acc 0.8784 | lr 9.41e-05 | 288s
2026-09-17 21:02:45 | INFO    | epoch 8 | batch 4100/4266 | loss 0.6312 | acc 0.8785 | lr 9.41e-05 | 289s
2026-09-17 21:02:46 | INFO    | epoch 8 | batch 4120/4266 | loss 0.6312 | acc 0.8785 | lr 9.41e-05 | 291s
2026-09-17 21:02:48 | INFO    | epoch 8 | batch 4140/4266 | loss 0.6314 | acc 0.8785 | lr 9.41e-05 | 292s
2026-09-17 21:02:49 | INFO    | epoch 8 | batch 4160/4266 | loss 0.6313 | acc 0.8785 | lr 9.41e-05 | 294s
2026-09-17 21:02:51 | INFO    | epoch 8 | batch 4180/4266 | loss 0.6313 | acc 0.8785 | lr 9.41e-05 | 295s
2026-09-17 21:02:52 | INFO    | epoch 8 | batch 4200/4266 | loss 0.6313 | acc 0.8785 | lr 9.41e-05 | 296s
2026-09-17 21:02:53 | INFO    | epoch 8 | batch 4220/4266 | loss 0.6313 | acc 0.8785 | lr 9.41e-05 | 298s
2026-09-17 21:02:55 | INFO    | epoch 8 | batch 4240/4266 | loss 0.6313 | acc 0.8785 | lr 9.40e-05 | 299s
2026-09-17 21:02:56 | INFO    | epoch 8 | batch 4260/4266 | loss 0.6313 | acc 0.8785 | lr 9.40e-05 | 301s
2026-09-17 21:02:57 | INFO    | epoch 8 | batch 4266/4266 | loss 0.6312 | acc 0.8785 | lr 9.40e-05 | 301s
2026-09-17 21:03:07 | INFO    | epoch 8/40 done in 311s | train loss 0.6312 | train running patch (aug): accuracy=0.8785 precision=0.8770 recall=0.8739 f1=0.8754
2026-09-17 21:03:07 | INFO    | epoch 8 train (eval, no aug) | loss 0.7649 | patch[7280]: accuracy=0.7974 precision=0.8029 recall=0.7949 f1=0.7943 | image[455]: accuracy=0.8857 precision=0.8944 recall=0.8832 f1=0.8858
2026-09-17 21:03:07 | INFO    | epoch 8 val | loss 1.1582 | patch[8448]: accuracy=0.5982 precision=0.6036 recall=0.5753 f1=0.5742 | image[96]: accuracy=0.6458 precision=0.6673 recall=0.6248 f1=0.6212
2026-09-17 21:03:07 | INFO    | val_patch_f1 = 0.5742 (best 0.5742 @ epoch 8) *
2026-09-17 21:03:08 | INFO    | epoch 9 | batch 20/4266 | loss 0.6017 | acc 0.9047 | lr 9.40e-05 | 2s
2026-09-17 21:03:10 | INFO    | epoch 9 | batch 40/4266 | loss 0.6051 | acc 0.8984 | lr 9.40e-05 | 3s
2026-09-17 21:03:11 | INFO    | epoch 9 | batch 60/4266 | loss 0.6084 | acc 0.8927 | lr 9.40e-05 | 4s
2026-09-17 21:03:13 | INFO    | epoch 9 | batch 80/4266 | loss 0.6089 | acc 0.8902 | lr 9.40e-05 | 6s
2026-09-17 21:03:14 | INFO    | epoch 9 | batch 100/4266 | loss 0.6109 | acc 0.8919 | lr 9.40e-05 | 7s
2026-09-17 21:03:15 | INFO    | epoch 9 | batch 120/4266 | loss 0.6077 | acc 0.8948 | lr 9.40e-05 | 9s
2026-09-17 21:03:17 | INFO    | epoch 9 | batch 140/4266 | loss 0.6075 | acc 0.8946 | lr 9.40e-05 | 10s
2026-09-17 21:03:18 | INFO    | epoch 9 | batch 160/4266 | loss 0.6151 | acc 0.8910 | lr 9.40e-05 | 11s
2026-09-17 21:03:20 | INFO    | epoch 9 | batch 180/4266 | loss 0.6143 | acc 0.8918 | lr 9.40e-05 | 13s
2026-09-17 21:03:21 | INFO    | epoch 9 | batch 200/4266 | loss 0.6129 | acc 0.8912 | lr 9.39e-05 | 14s
2026-09-17 21:03:22 | INFO    | epoch 9 | batch 220/4266 | loss 0.6149 | acc 0.8895 | lr 9.39e-05 | 16s
2026-09-17 21:03:24 | INFO    | epoch 9 | batch 240/4266 | loss 0.6133 | acc 0.8892 | lr 9.39e-05 | 17s
2026-09-17 21:03:25 | INFO    | epoch 9 | batch 260/4266 | loss 0.6152 | acc 0.8885 | lr 9.39e-05 | 19s
2026-09-17 21:03:27 | INFO    | epoch 9 | batch 280/4266 | loss 0.6157 | acc 0.8875 | lr 9.39e-05 | 20s
2026-09-17 21:03:28 | INFO    | epoch 9 | batch 300/4266 | loss 0.6178 | acc 0.8862 | lr 9.39e-05 | 22s
2026-09-17 21:03:30 | INFO    | epoch 9 | batch 320/4266 | loss 0.6193 | acc 0.8854 | lr 9.39e-05 | 23s
2026-09-17 21:03:31 | INFO    | epoch 9 | batch 340/4266 | loss 0.6190 | acc 0.8858 | lr 9.39e-05 | 25s
2026-09-17 21:03:33 | INFO    | epoch 9 | batch 360/4266 | loss 0.6194 | acc 0.8854 | lr 9.39e-05 | 26s
2026-09-17 21:03:34 | INFO    | epoch 9 | batch 380/4266 | loss 0.6180 | acc 0.8863 | lr 9.39e-05 | 28s
2026-09-17 21:03:36 | INFO    | epoch 9 | batch 400/4266 | loss 0.6191 | acc 0.8859 | lr 9.39e-05 | 29s
2026-09-17 21:03:37 | INFO    | epoch 9 | batch 420/4266 | loss 0.6183 | acc 0.8866 | lr 9.38e-05 | 31s
2026-09-17 21:03:39 | INFO    | epoch 9 | batch 440/4266 | loss 0.6177 | acc 0.8862 | lr 9.38e-05 | 32s
2026-09-17 21:03:40 | INFO    | epoch 9 | batch 460/4266 | loss 0.6176 | acc 0.8866 | lr 9.38e-05 | 33s
2026-09-17 21:03:42 | INFO    | epoch 9 | batch 480/4266 | loss 0.6178 | acc 0.8865 | lr 9.38e-05 | 35s
2026-09-17 21:03:43 | INFO    | epoch 9 | batch 500/4266 | loss 0.6168 | acc 0.8868 | lr 9.38e-05 | 36s
2026-09-17 21:03:45 | INFO    | epoch 9 | batch 520/4266 | loss 0.6180 | acc 0.8856 | lr 9.38e-05 | 38s
2026-09-17 21:03:46 | INFO    | epoch 9 | batch 540/4266 | loss 0.6182 | acc 0.8854 | lr 9.38e-05 | 39s
2026-09-17 21:03:47 | INFO    | epoch 9 | batch 560/4266 | loss 0.6175 | acc 0.8858 | lr 9.38e-05 | 41s
2026-09-17 21:03:49 | INFO    | epoch 9 | batch 580/4266 | loss 0.6172 | acc 0.8858 | lr 9.38e-05 | 42s
2026-09-17 21:03:50 | INFO    | epoch 9 | batch 600/4266 | loss 0.6179 | acc 0.8855 | lr 9.38e-05 | 44s
2026-09-17 21:03:52 | INFO    | epoch 9 | batch 620/4266 | loss 0.6175 | acc 0.8858 | lr 9.37e-05 | 45s
2026-09-17 21:03:53 | INFO    | epoch 9 | batch 640/4266 | loss 0.6175 | acc 0.8860 | lr 9.37e-05 | 47s
2026-09-17 21:03:55 | INFO    | epoch 9 | batch 660/4266 | loss 0.6166 | acc 0.8867 | lr 9.37e-05 | 48s
2026-09-17 21:03:56 | INFO    | epoch 9 | batch 680/4266 | loss 0.6164 | acc 0.8871 | lr 9.37e-05 | 49s
2026-09-17 21:03:57 | INFO    | epoch 9 | batch 700/4266 | loss 0.6158 | acc 0.8876 | lr 9.37e-05 | 51s
2026-09-17 21:03:59 | INFO    | epoch 9 | batch 720/4266 | loss 0.6157 | acc 0.8875 | lr 9.37e-05 | 52s
2026-09-17 21:04:00 | INFO    | epoch 9 | batch 740/4266 | loss 0.6163 | acc 0.8872 | lr 9.37e-05 | 54s
2026-09-17 21:04:01 | INFO    | epoch 9 | batch 760/4266 | loss 0.6157 | acc 0.8875 | lr 9.37e-05 | 55s
2026-09-17 21:04:03 | INFO    | epoch 9 | batch 780/4266 | loss 0.6160 | acc 0.8875 | lr 9.37e-05 | 56s
2026-09-17 21:04:04 | INFO    | epoch 9 | batch 800/4266 | loss 0.6159 | acc 0.8877 | lr 9.37e-05 | 58s
2026-09-17 21:04:06 | INFO    | epoch 9 | batch 820/4266 | loss 0.6166 | acc 0.8870 | lr 9.37e-05 | 59s
2026-09-17 21:04:07 | INFO    | epoch 9 | batch 840/4266 | loss 0.6165 | acc 0.8866 | lr 9.36e-05 | 60s
2026-09-17 21:04:08 | INFO    | epoch 9 | batch 860/4266 | loss 0.6158 | acc 0.8870 | lr 9.36e-05 | 62s
2026-09-17 21:04:10 | INFO    | epoch 9 | batch 880/4266 | loss 0.6159 | acc 0.8866 | lr 9.36e-05 | 63s
2026-09-17 21:04:11 | INFO    | epoch 9 | batch 900/4266 | loss 0.6161 | acc 0.8865 | lr 9.36e-05 | 65s
2026-09-17 21:04:13 | INFO    | epoch 9 | batch 920/4266 | loss 0.6161 | acc 0.8860 | lr 9.36e-05 | 66s
2026-09-17 21:04:14 | INFO    | epoch 9 | batch 940/4266 | loss 0.6155 | acc 0.8864 | lr 9.36e-05 | 67s
2026-09-17 21:04:16 | INFO    | epoch 9 | batch 960/4266 | loss 0.6152 | acc 0.8863 | lr 9.36e-05 | 69s
2026-09-17 21:04:17 | INFO    | epoch 9 | batch 980/4266 | loss 0.6145 | acc 0.8868 | lr 9.36e-05 | 70s
2026-09-17 21:04:18 | INFO    | epoch 9 | batch 1000/4266 | loss 0.6143 | acc 0.8868 | lr 9.36e-05 | 72s
2026-09-17 21:04:20 | INFO    | epoch 9 | batch 1020/4266 | loss 0.6144 | acc 0.8868 | lr 9.36e-05 | 73s
2026-09-17 21:04:21 | INFO    | epoch 9 | batch 1040/4266 | loss 0.6143 | acc 0.8867 | lr 9.36e-05 | 75s
2026-09-17 21:04:23 | INFO    | epoch 9 | batch 1060/4266 | loss 0.6146 | acc 0.8862 | lr 9.35e-05 | 76s
2026-09-17 21:04:24 | INFO    | epoch 9 | batch 1080/4266 | loss 0.6143 | acc 0.8864 | lr 9.35e-05 | 78s
2026-09-17 21:04:26 | INFO    | epoch 9 | batch 1100/4266 | loss 0.6146 | acc 0.8862 | lr 9.35e-05 | 79s
2026-09-17 21:04:27 | INFO    | epoch 9 | batch 1120/4266 | loss 0.6147 | acc 0.8862 | lr 9.35e-05 | 80s
2026-09-17 21:04:28 | INFO    | epoch 9 | batch 1140/4266 | loss 0.6144 | acc 0.8862 | lr 9.35e-05 | 82s
2026-09-17 21:04:30 | INFO    | epoch 9 | batch 1160/4266 | loss 0.6144 | acc 0.8863 | lr 9.35e-05 | 83s
2026-09-17 21:04:31 | INFO    | epoch 9 | batch 1180/4266 | loss 0.6147 | acc 0.8863 | lr 9.35e-05 | 84s
2026-09-17 21:04:32 | INFO    | epoch 9 | batch 1200/4266 | loss 0.6148 | acc 0.8862 | lr 9.35e-05 | 86s
2026-09-17 21:04:34 | INFO    | epoch 9 | batch 1220/4266 | loss 0.6144 | acc 0.8864 | lr 9.35e-05 | 87s
2026-09-17 21:04:35 | INFO    | epoch 9 | batch 1240/4266 | loss 0.6138 | acc 0.8867 | lr 9.35e-05 | 89s
2026-09-17 21:04:37 | INFO    | epoch 9 | batch 1260/4266 | loss 0.6140 | acc 0.8868 | lr 9.34e-05 | 90s
2026-09-17 21:04:38 | INFO    | epoch 9 | batch 1280/4266 | loss 0.6140 | acc 0.8867 | lr 9.34e-05 | 92s
2026-09-17 21:04:40 | INFO    | epoch 9 | batch 1300/4266 | loss 0.6138 | acc 0.8869 | lr 9.34e-05 | 93s
2026-09-17 21:04:41 | INFO    | epoch 9 | batch 1320/4266 | loss 0.6136 | acc 0.8870 | lr 9.34e-05 | 94s
2026-09-17 21:04:42 | INFO    | epoch 9 | batch 1340/4266 | loss 0.6130 | acc 0.8874 | lr 9.34e-05 | 96s
2026-09-17 21:04:44 | INFO    | epoch 9 | batch 1360/4266 | loss 0.6130 | acc 0.8873 | lr 9.34e-05 | 97s
2026-09-17 21:04:45 | INFO    | epoch 9 | batch 1380/4266 | loss 0.6127 | acc 0.8874 | lr 9.34e-05 | 98s
2026-09-17 21:04:46 | INFO    | epoch 9 | batch 1400/4266 | loss 0.6128 | acc 0.8874 | lr 9.34e-05 | 100s
2026-09-17 21:04:48 | INFO    | epoch 9 | batch 1420/4266 | loss 0.6126 | acc 0.8875 | lr 9.34e-05 | 101s
2026-09-17 21:04:49 | INFO    | epoch 9 | batch 1440/4266 | loss 0.6129 | acc 0.8874 | lr 9.34e-05 | 102s
2026-09-17 21:04:50 | INFO    | epoch 9 | batch 1460/4266 | loss 0.6125 | acc 0.8875 | lr 9.34e-05 | 104s
2026-09-17 21:04:52 | INFO    | epoch 9 | batch 1480/4266 | loss 0.6125 | acc 0.8874 | lr 9.33e-05 | 105s
2026-09-17 21:04:53 | INFO    | epoch 9 | batch 1500/4266 | loss 0.6124 | acc 0.8873 | lr 9.33e-05 | 106s
2026-09-17 21:04:54 | INFO    | epoch 9 | batch 1520/4266 | loss 0.6126 | acc 0.8872 | lr 9.33e-05 | 108s
2026-09-17 21:04:56 | INFO    | epoch 9 | batch 1540/4266 | loss 0.6131 | acc 0.8871 | lr 9.33e-05 | 109s
2026-09-17 21:04:57 | INFO    | epoch 9 | batch 1560/4266 | loss 0.6129 | acc 0.8873 | lr 9.33e-05 | 110s
2026-09-17 21:04:59 | INFO    | epoch 9 | batch 1580/4266 | loss 0.6130 | acc 0.8872 | lr 9.33e-05 | 112s
2026-09-17 21:05:00 | INFO    | epoch 9 | batch 1600/4266 | loss 0.6130 | acc 0.8874 | lr 9.33e-05 | 113s
2026-09-17 21:05:01 | INFO    | epoch 9 | batch 1620/4266 | loss 0.6133 | acc 0.8873 | lr 9.33e-05 | 115s
2026-09-17 21:05:03 | INFO    | epoch 9 | batch 1640/4266 | loss 0.6133 | acc 0.8873 | lr 9.33e-05 | 116s
2026-09-17 21:05:04 | INFO    | epoch 9 | batch 1660/4266 | loss 0.6133 | acc 0.8873 | lr 9.33e-05 | 118s
2026-09-17 21:05:06 | INFO    | epoch 9 | batch 1680/4266 | loss 0.6134 | acc 0.8874 | lr 9.32e-05 | 119s
2026-09-17 21:05:07 | INFO    | epoch 9 | batch 1700/4266 | loss 0.6135 | acc 0.8874 | lr 9.32e-05 | 120s
2026-09-17 21:05:09 | INFO    | epoch 9 | batch 1720/4266 | loss 0.6139 | acc 0.8873 | lr 9.32e-05 | 122s
2026-09-17 21:05:10 | INFO    | epoch 9 | batch 1740/4266 | loss 0.6136 | acc 0.8875 | lr 9.32e-05 | 123s
2026-09-17 21:05:11 | INFO    | epoch 9 | batch 1760/4266 | loss 0.6137 | acc 0.8873 | lr 9.32e-05 | 125s
2026-09-17 21:05:13 | INFO    | epoch 9 | batch 1780/4266 | loss 0.6135 | acc 0.8875 | lr 9.32e-05 | 126s
2026-09-17 21:05:14 | INFO    | epoch 9 | batch 1800/4266 | loss 0.6132 | acc 0.8877 | lr 9.32e-05 | 128s
2026-09-17 21:05:16 | INFO    | epoch 9 | batch 1820/4266 | loss 0.6131 | acc 0.8878 | lr 9.32e-05 | 129s
2026-09-17 21:05:17 | INFO    | epoch 9 | batch 1840/4266 | loss 0.6132 | acc 0.8878 | lr 9.32e-05 | 130s
2026-09-17 21:05:19 | INFO    | epoch 9 | batch 1860/4266 | loss 0.6133 | acc 0.8877 | lr 9.32e-05 | 132s
2026-09-17 21:05:20 | INFO    | epoch 9 | batch 1880/4266 | loss 0.6131 | acc 0.8879 | lr 9.31e-05 | 133s
2026-09-17 21:05:21 | INFO    | epoch 9 | batch 1900/4266 | loss 0.6133 | acc 0.8878 | lr 9.31e-05 | 135s
2026-09-17 21:05:23 | INFO    | epoch 9 | batch 1920/4266 | loss 0.6131 | acc 0.8879 | lr 9.31e-05 | 136s
2026-09-17 21:05:24 | INFO    | epoch 9 | batch 1940/4266 | loss 0.6130 | acc 0.8880 | lr 9.31e-05 | 138s
2026-09-17 21:05:26 | INFO    | epoch 9 | batch 1960/4266 | loss 0.6130 | acc 0.8880 | lr 9.31e-05 | 139s
2026-09-17 21:05:27 | INFO    | epoch 9 | batch 1980/4266 | loss 0.6128 | acc 0.8881 | lr 9.31e-05 | 141s
2026-09-17 21:05:29 | INFO    | epoch 9 | batch 2000/4266 | loss 0.6129 | acc 0.8880 | lr 9.31e-05 | 142s
2026-09-17 21:05:30 | INFO    | epoch 9 | batch 2020/4266 | loss 0.6128 | acc 0.8882 | lr 9.31e-05 | 143s
2026-09-17 21:05:32 | INFO    | epoch 9 | batch 2040/4266 | loss 0.6132 | acc 0.8880 | lr 9.31e-05 | 145s
2026-09-17 21:05:33 | INFO    | epoch 9 | batch 2060/4266 | loss 0.6130 | acc 0.8881 | lr 9.31e-05 | 146s
2026-09-17 21:05:35 | INFO    | epoch 9 | batch 2080/4266 | loss 0.6130 | acc 0.8880 | lr 9.30e-05 | 148s
2026-09-17 21:05:36 | INFO    | epoch 9 | batch 2100/4266 | loss 0.6132 | acc 0.8880 | lr 9.30e-05 | 149s
2026-09-17 21:05:38 | INFO    | epoch 9 | batch 2120/4266 | loss 0.6129 | acc 0.8882 | lr 9.30e-05 | 151s
2026-09-17 21:05:39 | INFO    | epoch 9 | batch 2140/4266 | loss 0.6128 | acc 0.8882 | lr 9.30e-05 | 152s
2026-09-17 21:05:41 | INFO    | epoch 9 | batch 2160/4266 | loss 0.6129 | acc 0.8882 | lr 9.30e-05 | 154s
2026-09-17 21:05:42 | INFO    | epoch 9 | batch 2180/4266 | loss 0.6127 | acc 0.8883 | lr 9.30e-05 | 155s
2026-09-17 21:05:43 | INFO    | epoch 9 | batch 2200/4266 | loss 0.6128 | acc 0.8884 | lr 9.30e-05 | 157s
2026-09-17 21:05:45 | INFO    | epoch 9 | batch 2220/4266 | loss 0.6126 | acc 0.8884 | lr 9.30e-05 | 158s
2026-09-17 21:05:46 | INFO    | epoch 9 | batch 2240/4266 | loss 0.6129 | acc 0.8883 | lr 9.30e-05 | 159s
2026-09-17 21:05:48 | INFO    | epoch 9 | batch 2260/4266 | loss 0.6130 | acc 0.8881 | lr 9.30e-05 | 161s
2026-09-17 21:05:49 | INFO    | epoch 9 | batch 2280/4266 | loss 0.6130 | acc 0.8881 | lr 9.30e-05 | 162s
2026-09-17 21:05:50 | INFO    | epoch 9 | batch 2300/4266 | loss 0.6132 | acc 0.8880 | lr 9.29e-05 | 164s
2026-09-17 21:05:52 | INFO    | epoch 9 | batch 2320/4266 | loss 0.6135 | acc 0.8879 | lr 9.29e-05 | 165s
2026-09-17 21:05:53 | INFO    | epoch 9 | batch 2340/4266 | loss 0.6132 | acc 0.8880 | lr 9.29e-05 | 167s
2026-09-17 21:05:55 | INFO    | epoch 9 | batch 2360/4266 | loss 0.6134 | acc 0.8878 | lr 9.29e-05 | 168s
2026-09-17 21:05:56 | INFO    | epoch 9 | batch 2380/4266 | loss 0.6132 | acc 0.8880 | lr 9.29e-05 | 169s
2026-09-17 21:05:58 | INFO    | epoch 9 | batch 2400/4266 | loss 0.6135 | acc 0.8879 | lr 9.29e-05 | 171s
2026-09-17 21:05:59 | INFO    | epoch 9 | batch 2420/4266 | loss 0.6132 | acc 0.8880 | lr 9.29e-05 | 172s
2026-09-17 21:06:00 | INFO    | epoch 9 | batch 2440/4266 | loss 0.6133 | acc 0.8879 | lr 9.29e-05 | 174s
2026-09-17 21:06:02 | INFO    | epoch 9 | batch 2460/4266 | loss 0.6136 | acc 0.8878 | lr 9.29e-05 | 175s
2026-09-17 21:06:03 | INFO    | epoch 9 | batch 2480/4266 | loss 0.6134 | acc 0.8878 | lr 9.29e-05 | 177s
2026-09-17 21:06:05 | INFO    | epoch 9 | batch 2500/4266 | loss 0.6135 | acc 0.8878 | lr 9.28e-05 | 178s
2026-09-17 21:06:06 | INFO    | epoch 9 | batch 2520/4266 | loss 0.6134 | acc 0.8878 | lr 9.28e-05 | 179s
2026-09-17 21:06:08 | INFO    | epoch 9 | batch 2540/4266 | loss 0.6134 | acc 0.8878 | lr 9.28e-05 | 181s
2026-09-17 21:06:09 | INFO    | epoch 9 | batch 2560/4266 | loss 0.6132 | acc 0.8879 | lr 9.28e-05 | 182s
2026-09-17 21:06:10 | INFO    | epoch 9 | batch 2580/4266 | loss 0.6133 | acc 0.8879 | lr 9.28e-05 | 184s
2026-09-17 21:06:12 | INFO    | epoch 9 | batch 2600/4266 | loss 0.6134 | acc 0.8878 | lr 9.28e-05 | 185s
2026-09-17 21:06:13 | INFO    | epoch 9 | batch 2620/4266 | loss 0.6138 | acc 0.8876 | lr 9.28e-05 | 187s
2026-09-17 21:06:15 | INFO    | epoch 9 | batch 2640/4266 | loss 0.6135 | acc 0.8878 | lr 9.28e-05 | 188s
2026-09-17 21:06:16 | INFO    | epoch 9 | batch 2660/4266 | loss 0.6137 | acc 0.8877 | lr 9.28e-05 | 189s
2026-09-17 21:06:18 | INFO    | epoch 9 | batch 2680/4266 | loss 0.6137 | acc 0.8877 | lr 9.28e-05 | 191s
2026-09-17 21:06:19 | INFO    | epoch 9 | batch 2700/4266 | loss 0.6137 | acc 0.8877 | lr 9.27e-05 | 192s
2026-09-17 21:06:20 | INFO    | epoch 9 | batch 2720/4266 | loss 0.6139 | acc 0.8875 | lr 9.27e-05 | 194s
2026-09-17 21:06:22 | INFO    | epoch 9 | batch 2740/4266 | loss 0.6140 | acc 0.8874 | lr 9.27e-05 | 195s
2026-09-17 21:06:23 | INFO    | epoch 9 | batch 2760/4266 | loss 0.6140 | acc 0.8874 | lr 9.27e-05 | 197s
2026-09-17 21:06:25 | INFO    | epoch 9 | batch 2780/4266 | loss 0.6138 | acc 0.8874 | lr 9.27e-05 | 198s
2026-09-17 21:06:26 | INFO    | epoch 9 | batch 2800/4266 | loss 0.6137 | acc 0.8876 | lr 9.27e-05 | 200s
2026-09-17 21:06:28 | INFO    | epoch 9 | batch 2820/4266 | loss 0.6136 | acc 0.8877 | lr 9.27e-05 | 201s
2026-09-17 21:06:29 | INFO    | epoch 9 | batch 2840/4266 | loss 0.6135 | acc 0.8878 | lr 9.27e-05 | 203s
2026-09-17 21:06:31 | INFO    | epoch 9 | batch 2860/4266 | loss 0.6136 | acc 0.8877 | lr 9.27e-05 | 204s
2026-09-17 21:06:32 | INFO    | epoch 9 | batch 2880/4266 | loss 0.6135 | acc 0.8879 | lr 9.27e-05 | 206s
2026-09-17 21:06:34 | INFO    | epoch 9 | batch 2900/4266 | loss 0.6136 | acc 0.8877 | lr 9.26e-05 | 207s
2026-09-17 21:06:35 | INFO    | epoch 9 | batch 2920/4266 | loss 0.6134 | acc 0.8878 | lr 9.26e-05 | 208s
2026-09-17 21:06:37 | INFO    | epoch 9 | batch 2940/4266 | loss 0.6136 | acc 0.8877 | lr 9.26e-05 | 210s
2026-09-17 21:06:38 | INFO    | epoch 9 | batch 2960/4266 | loss 0.6134 | acc 0.8878 | lr 9.26e-05 | 211s
2026-09-17 21:06:39 | INFO    | epoch 9 | batch 2980/4266 | loss 0.6132 | acc 0.8879 | lr 9.26e-05 | 213s
2026-09-17 21:06:41 | INFO    | epoch 9 | batch 3000/4266 | loss 0.6132 | acc 0.8879 | lr 9.26e-05 | 214s
2026-09-17 21:06:42 | INFO    | epoch 9 | batch 3020/4266 | loss 0.6131 | acc 0.8878 | lr 9.26e-05 | 216s
2026-09-17 21:06:44 | INFO    | epoch 9 | batch 3040/4266 | loss 0.6132 | acc 0.8878 | lr 9.26e-05 | 217s
2026-09-17 21:06:45 | INFO    | epoch 9 | batch 3060/4266 | loss 0.6132 | acc 0.8878 | lr 9.26e-05 | 218s
2026-09-17 21:06:46 | INFO    | epoch 9 | batch 3080/4266 | loss 0.6133 | acc 0.8877 | lr 9.26e-05 | 220s
2026-09-17 21:06:48 | INFO    | epoch 9 | batch 3100/4266 | loss 0.6134 | acc 0.8876 | lr 9.25e-05 | 221s
2026-09-17 21:06:49 | INFO    | epoch 9 | batch 3120/4266 | loss 0.6132 | acc 0.8878 | lr 9.25e-05 | 223s
2026-09-17 21:06:51 | INFO    | epoch 9 | batch 3140/4266 | loss 0.6134 | acc 0.8876 | lr 9.25e-05 | 224s
2026-09-17 21:06:52 | INFO    | epoch 9 | batch 3160/4266 | loss 0.6132 | acc 0.8877 | lr 9.25e-05 | 226s
2026-09-17 21:06:54 | INFO    | epoch 9 | batch 3180/4266 | loss 0.6133 | acc 0.8876 | lr 9.25e-05 | 227s
2026-09-17 21:06:55 | INFO    | epoch 9 | batch 3200/4266 | loss 0.6132 | acc 0.8877 | lr 9.25e-05 | 228s
2026-09-17 21:06:57 | INFO    | epoch 9 | batch 3220/4266 | loss 0.6132 | acc 0.8876 | lr 9.25e-05 | 230s
2026-09-17 21:06:58 | INFO    | epoch 9 | batch 3240/4266 | loss 0.6130 | acc 0.8877 | lr 9.25e-05 | 231s
2026-09-17 21:06:59 | INFO    | epoch 9 | batch 3260/4266 | loss 0.6132 | acc 0.8876 | lr 9.25e-05 | 233s
2026-09-17 21:07:01 | INFO    | epoch 9 | batch 3280/4266 | loss 0.6130 | acc 0.8877 | lr 9.24e-05 | 234s
2026-09-17 21:07:02 | INFO    | epoch 9 | batch 3300/4266 | loss 0.6130 | acc 0.8877 | lr 9.24e-05 | 235s
2026-09-17 21:07:04 | INFO    | epoch 9 | batch 3320/4266 | loss 0.6131 | acc 0.8875 | lr 9.24e-05 | 237s
2026-09-17 21:07:05 | INFO    | epoch 9 | batch 3340/4266 | loss 0.6131 | acc 0.8876 | lr 9.24e-05 | 238s
2026-09-17 21:07:06 | INFO    | epoch 9 | batch 3360/4266 | loss 0.6130 | acc 0.8877 | lr 9.24e-05 | 240s
2026-09-17 21:07:08 | INFO    | epoch 9 | batch 3380/4266 | loss 0.6129 | acc 0.8878 | lr 9.24e-05 | 241s
2026-09-17 21:07:09 | INFO    | epoch 9 | batch 3400/4266 | loss 0.6129 | acc 0.8878 | lr 9.24e-05 | 243s
2026-09-17 21:07:11 | INFO    | epoch 9 | batch 3420/4266 | loss 0.6131 | acc 0.8876 | lr 9.24e-05 | 244s
2026-09-17 21:07:12 | INFO    | epoch 9 | batch 3440/4266 | loss 0.6132 | acc 0.8875 | lr 9.24e-05 | 245s
2026-09-17 21:07:14 | INFO    | epoch 9 | batch 3460/4266 | loss 0.6131 | acc 0.8876 | lr 9.24e-05 | 247s
2026-09-17 21:07:15 | INFO    | epoch 9 | batch 3480/4266 | loss 0.6130 | acc 0.8876 | lr 9.23e-05 | 248s
2026-09-17 21:07:16 | INFO    | epoch 9 | batch 3500/4266 | loss 0.6133 | acc 0.8874 | lr 9.23e-05 | 250s
2026-09-17 21:07:18 | INFO    | epoch 9 | batch 3520/4266 | loss 0.6131 | acc 0.8876 | lr 9.23e-05 | 251s
2026-09-17 21:07:19 | INFO    | epoch 9 | batch 3540/4266 | loss 0.6131 | acc 0.8875 | lr 9.23e-05 | 252s
2026-09-17 21:07:21 | INFO    | epoch 9 | batch 3560/4266 | loss 0.6131 | acc 0.8875 | lr 9.23e-05 | 254s
2026-09-17 21:07:22 | INFO    | epoch 9 | batch 3580/4266 | loss 0.6129 | acc 0.8876 | lr 9.23e-05 | 255s
2026-09-17 21:07:23 | INFO    | epoch 9 | batch 3600/4266 | loss 0.6128 | acc 0.8877 | lr 9.23e-05 | 257s
2026-09-17 21:07:25 | INFO    | epoch 9 | batch 3620/4266 | loss 0.6127 | acc 0.8877 | lr 9.23e-05 | 258s
2026-09-17 21:07:26 | INFO    | epoch 9 | batch 3640/4266 | loss 0.6125 | acc 0.8878 | lr 9.23e-05 | 259s
2026-09-17 21:07:28 | INFO    | epoch 9 | batch 3660/4266 | loss 0.6124 | acc 0.8878 | lr 9.23e-05 | 261s
2026-09-17 21:07:29 | INFO    | epoch 9 | batch 3680/4266 | loss 0.6124 | acc 0.8879 | lr 9.22e-05 | 262s
2026-09-17 21:07:30 | INFO    | epoch 9 | batch 3700/4266 | loss 0.6123 | acc 0.8879 | lr 9.22e-05 | 264s
2026-09-17 21:07:32 | INFO    | epoch 9 | batch 3720/4266 | loss 0.6123 | acc 0.8878 | lr 9.22e-05 | 265s
2026-09-17 21:07:33 | INFO    | epoch 9 | batch 3740/4266 | loss 0.6124 | acc 0.8878 | lr 9.22e-05 | 266s
2026-09-17 21:07:35 | INFO    | epoch 9 | batch 3760/4266 | loss 0.6123 | acc 0.8878 | lr 9.22e-05 | 268s
2026-09-17 21:07:36 | INFO    | epoch 9 | batch 3780/4266 | loss 0.6122 | acc 0.8879 | lr 9.22e-05 | 269s
2026-09-17 21:07:37 | INFO    | epoch 9 | batch 3800/4266 | loss 0.6123 | acc 0.8878 | lr 9.22e-05 | 271s
2026-09-17 21:07:39 | INFO    | epoch 9 | batch 3820/4266 | loss 0.6123 | acc 0.8878 | lr 9.22e-05 | 272s
2026-09-17 21:07:40 | INFO    | epoch 9 | batch 3840/4266 | loss 0.6123 | acc 0.8878 | lr 9.22e-05 | 274s
2026-09-17 21:07:42 | INFO    | epoch 9 | batch 3860/4266 | loss 0.6121 | acc 0.8879 | lr 9.22e-05 | 275s
2026-09-17 21:07:43 | INFO    | epoch 9 | batch 3880/4266 | loss 0.6121 | acc 0.8880 | lr 9.21e-05 | 276s
2026-09-17 21:07:45 | INFO    | epoch 9 | batch 3900/4266 | loss 0.6120 | acc 0.8881 | lr 9.21e-05 | 278s
2026-09-17 21:07:46 | INFO    | epoch 9 | batch 3920/4266 | loss 0.6119 | acc 0.8881 | lr 9.21e-05 | 279s
2026-09-17 21:07:47 | INFO    | epoch 9 | batch 3940/4266 | loss 0.6119 | acc 0.8881 | lr 9.21e-05 | 281s
2026-09-17 21:07:49 | INFO    | epoch 9 | batch 3960/4266 | loss 0.6117 | acc 0.8883 | lr 9.21e-05 | 282s
2026-09-17 21:07:50 | INFO    | epoch 9 | batch 3980/4266 | loss 0.6117 | acc 0.8883 | lr 9.21e-05 | 284s
2026-09-17 21:07:52 | INFO    | epoch 9 | batch 4000/4266 | loss 0.6117 | acc 0.8883 | lr 9.21e-05 | 285s
2026-09-17 21:07:53 | INFO    | epoch 9 | batch 4020/4266 | loss 0.6119 | acc 0.8882 | lr 9.21e-05 | 287s
2026-09-17 21:07:55 | INFO    | epoch 9 | batch 4040/4266 | loss 0.6119 | acc 0.8883 | lr 9.21e-05 | 288s
2026-09-17 21:07:56 | INFO    | epoch 9 | batch 4060/4266 | loss 0.6119 | acc 0.8882 | lr 9.20e-05 | 289s
2026-09-17 21:07:58 | INFO    | epoch 9 | batch 4080/4266 | loss 0.6119 | acc 0.8883 | lr 9.20e-05 | 291s
2026-09-17 21:07:59 | INFO    | epoch 9 | batch 4100/4266 | loss 0.6118 | acc 0.8883 | lr 9.20e-05 | 292s
2026-09-17 21:08:00 | INFO    | epoch 9 | batch 4120/4266 | loss 0.6116 | acc 0.8884 | lr 9.20e-05 | 294s
2026-09-17 21:08:02 | INFO    | epoch 9 | batch 4140/4266 | loss 0.6114 | acc 0.8885 | lr 9.20e-05 | 295s
2026-09-17 21:08:03 | INFO    | epoch 9 | batch 4160/4266 | loss 0.6113 | acc 0.8886 | lr 9.20e-05 | 297s
2026-09-17 21:08:05 | INFO    | epoch 9 | batch 4180/4266 | loss 0.6113 | acc 0.8886 | lr 9.20e-05 | 298s
2026-09-17 21:08:06 | INFO    | epoch 9 | batch 4200/4266 | loss 0.6113 | acc 0.8885 | lr 9.20e-05 | 300s
2026-09-17 21:08:08 | INFO    | epoch 9 | batch 4220/4266 | loss 0.6113 | acc 0.8886 | lr 9.20e-05 | 301s
2026-09-17 21:08:09 | INFO    | epoch 9 | batch 4240/4266 | loss 0.6113 | acc 0.8886 | lr 9.20e-05 | 302s
2026-09-17 21:08:11 | INFO    | epoch 9 | batch 4260/4266 | loss 0.6111 | acc 0.8887 | lr 9.19e-05 | 304s
2026-09-17 21:08:11 | INFO    | epoch 9 | batch 4266/4266 | loss 0.6111 | acc 0.8887 | lr 9.19e-05 | 304s
2026-09-17 21:08:21 | INFO    | epoch 9/40 done in 314s | train loss 0.6111 | train running patch (aug): accuracy=0.8887 precision=0.8875 recall=0.8847 f1=0.8860
2026-09-17 21:08:21 | INFO    | epoch 9 train (eval, no aug) | loss 0.7913 | patch[7280]: accuracy=0.7821 precision=0.8034 recall=0.7737 f1=0.7793 | image[455]: accuracy=0.8593 precision=0.8980 recall=0.8502 f1=0.8624
2026-09-17 21:08:21 | INFO    | epoch 9 val | loss 1.3204 | patch[8448]: accuracy=0.5413 precision=0.5397 recall=0.5076 f1=0.5030 | image[96]: accuracy=0.5625 precision=0.5531 recall=0.5169 f1=0.4959
2026-09-17 21:08:21 | INFO    | val_patch_f1 = 0.5030 (best 0.5742 @ epoch 8)
2026-09-17 21:08:22 | INFO    | epoch 10 | batch 20/4266 | loss 0.6024 | acc 0.8938 | lr 9.19e-05 | 2s
2026-09-17 21:08:24 | INFO    | epoch 10 | batch 40/4266 | loss 0.6117 | acc 0.8883 | lr 9.19e-05 | 3s
2026-09-17 21:08:25 | INFO    | epoch 10 | batch 60/4266 | loss 0.6096 | acc 0.8880 | lr 9.19e-05 | 5s
2026-09-17 21:08:27 | INFO    | epoch 10 | batch 80/4266 | loss 0.6088 | acc 0.8922 | lr 9.19e-05 | 6s
2026-09-17 21:08:28 | INFO    | epoch 10 | batch 100/4266 | loss 0.6031 | acc 0.8959 | lr 9.19e-05 | 7s
2026-09-17 21:08:30 | INFO    | epoch 10 | batch 120/4266 | loss 0.6046 | acc 0.8966 | lr 9.19e-05 | 9s
2026-09-17 21:08:31 | INFO    | epoch 10 | batch 140/4266 | loss 0.6003 | acc 0.8984 | lr 9.19e-05 | 10s
2026-09-17 21:08:33 | INFO    | epoch 10 | batch 160/4266 | loss 0.6001 | acc 0.8982 | lr 9.19e-05 | 12s
2026-09-17 21:08:34 | INFO    | epoch 10 | batch 180/4266 | loss 0.5992 | acc 0.8974 | lr 9.18e-05 | 13s
2026-09-17 21:08:35 | INFO    | epoch 10 | batch 200/4266 | loss 0.6005 | acc 0.8964 | lr 9.18e-05 | 15s
2026-09-17 21:08:37 | INFO    | epoch 10 | batch 220/4266 | loss 0.6016 | acc 0.8956 | lr 9.18e-05 | 16s
2026-09-17 21:08:38 | INFO    | epoch 10 | batch 240/4266 | loss 0.6010 | acc 0.8964 | lr 9.18e-05 | 18s
2026-09-17 21:08:40 | INFO    | epoch 10 | batch 260/4266 | loss 0.6021 | acc 0.8959 | lr 9.18e-05 | 19s
2026-09-17 21:08:41 | INFO    | epoch 10 | batch 280/4266 | loss 0.5993 | acc 0.8970 | lr 9.18e-05 | 20s
2026-09-17 21:08:43 | INFO    | epoch 10 | batch 300/4266 | loss 0.5980 | acc 0.8972 | lr 9.18e-05 | 22s
2026-09-17 21:08:44 | INFO    | epoch 10 | batch 320/4266 | loss 0.5980 | acc 0.8965 | lr 9.18e-05 | 23s
2026-09-17 21:08:46 | INFO    | epoch 10 | batch 340/4266 | loss 0.5982 | acc 0.8964 | lr 9.18e-05 | 25s
2026-09-17 21:08:47 | INFO    | epoch 10 | batch 360/4266 | loss 0.5987 | acc 0.8960 | lr 9.17e-05 | 26s
2026-09-17 21:08:48 | INFO    | epoch 10 | batch 380/4266 | loss 0.5988 | acc 0.8960 | lr 9.17e-05 | 28s
2026-09-17 21:08:50 | INFO    | epoch 10 | batch 400/4266 | loss 0.5987 | acc 0.8959 | lr 9.17e-05 | 29s
2026-09-17 21:08:51 | INFO    | epoch 10 | batch 420/4266 | loss 0.5973 | acc 0.8964 | lr 9.17e-05 | 30s
2026-09-17 21:08:53 | INFO    | epoch 10 | batch 440/4266 | loss 0.5964 | acc 0.8969 | lr 9.17e-05 | 32s
2026-09-17 21:08:54 | INFO    | epoch 10 | batch 460/4266 | loss 0.5963 | acc 0.8968 | lr 9.17e-05 | 33s
2026-09-17 21:08:55 | INFO    | epoch 10 | batch 480/4266 | loss 0.5955 | acc 0.8975 | lr 9.17e-05 | 34s
2026-09-17 21:08:57 | INFO    | epoch 10 | batch 500/4266 | loss 0.5957 | acc 0.8974 | lr 9.17e-05 | 36s
2026-09-17 21:08:58 | INFO    | epoch 10 | batch 520/4266 | loss 0.5949 | acc 0.8978 | lr 9.17e-05 | 37s
2026-09-17 21:08:59 | INFO    | epoch 10 | batch 540/4266 | loss 0.5929 | acc 0.8987 | lr 9.17e-05 | 39s
2026-09-17 21:09:01 | INFO    | epoch 10 | batch 560/4266 | loss 0.5929 | acc 0.8985 | lr 9.16e-05 | 40s
2026-09-17 21:09:02 | INFO    | epoch 10 | batch 580/4266 | loss 0.5932 | acc 0.8981 | lr 9.16e-05 | 41s
2026-09-17 21:09:04 | INFO    | epoch 10 | batch 600/4266 | loss 0.5934 | acc 0.8978 | lr 9.16e-05 | 43s
2026-09-17 21:09:05 | INFO    | epoch 10 | batch 620/4266 | loss 0.5934 | acc 0.8976 | lr 9.16e-05 | 44s
2026-09-17 21:09:06 | INFO    | epoch 10 | batch 640/4266 | loss 0.5942 | acc 0.8973 | lr 9.16e-05 | 46s
2026-09-17 21:09:08 | INFO    | epoch 10 | batch 660/4266 | loss 0.5943 | acc 0.8972 | lr 9.16e-05 | 47s
2026-09-17 21:09:09 | INFO    | epoch 10 | batch 680/4266 | loss 0.5943 | acc 0.8973 | lr 9.16e-05 | 48s
2026-09-17 21:09:11 | INFO    | epoch 10 | batch 700/4266 | loss 0.5946 | acc 0.8971 | lr 9.16e-05 | 50s
2026-09-17 21:09:12 | INFO    | epoch 10 | batch 720/4266 | loss 0.5946 | acc 0.8970 | lr 9.16e-05 | 51s
2026-09-17 21:09:14 | INFO    | epoch 10 | batch 740/4266 | loss 0.5950 | acc 0.8969 | lr 9.15e-05 | 53s
2026-09-17 21:09:15 | INFO    | epoch 10 | batch 760/4266 | loss 0.5953 | acc 0.8967 | lr 9.15e-05 | 54s
2026-09-17 21:09:16 | INFO    | epoch 10 | batch 780/4266 | loss 0.5953 | acc 0.8971 | lr 9.15e-05 | 55s
2026-09-17 21:09:18 | INFO    | epoch 10 | batch 800/4266 | loss 0.5947 | acc 0.8975 | lr 9.15e-05 | 57s
2026-09-17 21:09:19 | INFO    | epoch 10 | batch 820/4266 | loss 0.5950 | acc 0.8974 | lr 9.15e-05 | 58s
2026-09-17 21:09:21 | INFO    | epoch 10 | batch 840/4266 | loss 0.5956 | acc 0.8971 | lr 9.15e-05 | 60s
2026-09-17 21:09:22 | INFO    | epoch 10 | batch 860/4266 | loss 0.5948 | acc 0.8976 | lr 9.15e-05 | 61s
2026-09-17 21:09:24 | INFO    | epoch 10 | batch 880/4266 | loss 0.5949 | acc 0.8976 | lr 9.15e-05 | 63s
2026-09-17 21:09:25 | INFO    | epoch 10 | batch 900/4266 | loss 0.5946 | acc 0.8981 | lr 9.15e-05 | 64s
2026-09-17 21:09:27 | INFO    | epoch 10 | batch 920/4266 | loss 0.5948 | acc 0.8978 | lr 9.15e-05 | 66s
2026-09-17 21:09:28 | INFO    | epoch 10 | batch 940/4266 | loss 0.5952 | acc 0.8975 | lr 9.14e-05 | 67s
2026-09-17 21:09:29 | INFO    | epoch 10 | batch 960/4266 | loss 0.5956 | acc 0.8973 | lr 9.14e-05 | 69s
2026-09-17 21:09:31 | INFO    | epoch 10 | batch 980/4266 | loss 0.5957 | acc 0.8972 | lr 9.14e-05 | 70s
2026-09-17 21:09:32 | INFO    | epoch 10 | batch 1000/4266 | loss 0.5954 | acc 0.8973 | lr 9.14e-05 | 72s
2026-09-17 21:09:34 | INFO    | epoch 10 | batch 1020/4266 | loss 0.5959 | acc 0.8969 | lr 9.14e-05 | 73s
2026-09-17 21:09:35 | INFO    | epoch 10 | batch 1040/4266 | loss 0.5961 | acc 0.8967 | lr 9.14e-05 | 75s
2026-09-17 21:09:37 | INFO    | epoch 10 | batch 1060/4266 | loss 0.5961 | acc 0.8968 | lr 9.14e-05 | 76s
2026-09-17 21:09:38 | INFO    | epoch 10 | batch 1080/4266 | loss 0.5962 | acc 0.8967 | lr 9.14e-05 | 78s
2026-09-17 21:09:40 | INFO    | epoch 10 | batch 1100/4266 | loss 0.5964 | acc 0.8968 | lr 9.14e-05 | 79s
2026-09-17 21:09:41 | INFO    | epoch 10 | batch 1120/4266 | loss 0.5966 | acc 0.8966 | lr 9.13e-05 | 80s
2026-09-17 21:09:43 | INFO    | epoch 10 | batch 1140/4266 | loss 0.5968 | acc 0.8965 | lr 9.13e-05 | 82s
2026-09-17 21:09:44 | INFO    | epoch 10 | batch 1160/4266 | loss 0.5970 | acc 0.8963 | lr 9.13e-05 | 83s
2026-09-17 21:09:45 | INFO    | epoch 10 | batch 1180/4266 | loss 0.5966 | acc 0.8963 | lr 9.13e-05 | 85s
2026-09-17 21:09:47 | INFO    | epoch 10 | batch 1200/4266 | loss 0.5972 | acc 0.8959 | lr 9.13e-05 | 86s
2026-09-17 21:09:48 | INFO    | epoch 10 | batch 1220/4266 | loss 0.5969 | acc 0.8960 | lr 9.13e-05 | 87s
2026-09-17 21:09:50 | INFO    | epoch 10 | batch 1240/4266 | loss 0.5968 | acc 0.8960 | lr 9.13e-05 | 89s
2026-09-17 21:09:51 | INFO    | epoch 10 | batch 1260/4266 | loss 0.5969 | acc 0.8960 | lr 9.13e-05 | 90s
2026-09-17 21:09:52 | INFO    | epoch 10 | batch 1280/4266 | loss 0.5978 | acc 0.8956 | lr 9.13e-05 | 92s
2026-09-17 21:09:54 | INFO    | epoch 10 | batch 1300/4266 | loss 0.5977 | acc 0.8957 | lr 9.12e-05 | 93s
2026-09-17 21:09:55 | INFO    | epoch 10 | batch 1320/4266 | loss 0.5974 | acc 0.8959 | lr 9.12e-05 | 94s
2026-09-17 21:09:57 | INFO    | epoch 10 | batch 1340/4266 | loss 0.5975 | acc 0.8958 | lr 9.12e-05 | 96s
2026-09-17 21:09:58 | INFO    | epoch 10 | batch 1360/4266 | loss 0.5973 | acc 0.8961 | lr 9.12e-05 | 97s
2026-09-17 21:09:59 | INFO    | epoch 10 | batch 1380/4266 | loss 0.5973 | acc 0.8961 | lr 9.12e-05 | 99s
2026-09-17 21:10:01 | INFO    | epoch 10 | batch 1400/4266 | loss 0.5972 | acc 0.8962 | lr 9.12e-05 | 100s
2026-09-17 21:10:02 | INFO    | epoch 10 | batch 1420/4266 | loss 0.5972 | acc 0.8963 | lr 9.12e-05 | 101s
2026-09-17 21:10:04 | INFO    | epoch 10 | batch 1440/4266 | loss 0.5972 | acc 0.8962 | lr 9.12e-05 | 103s
2026-09-17 21:10:05 | INFO    | epoch 10 | batch 1460/4266 | loss 0.5973 | acc 0.8962 | lr 9.12e-05 | 104s
2026-09-17 21:10:06 | INFO    | epoch 10 | batch 1480/4266 | loss 0.5976 | acc 0.8960 | lr 9.11e-05 | 106s
2026-09-17 21:10:08 | INFO    | epoch 10 | batch 1500/4266 | loss 0.5971 | acc 0.8963 | lr 9.11e-05 | 107s
2026-09-17 21:10:09 | INFO    | epoch 10 | batch 1520/4266 | loss 0.5975 | acc 0.8962 | lr 9.11e-05 | 108s
2026-09-17 21:10:11 | INFO    | epoch 10 | batch 1540/4266 | loss 0.5974 | acc 0.8962 | lr 9.11e-05 | 110s
2026-09-17 21:10:12 | INFO    | epoch 10 | batch 1560/4266 | loss 0.5973 | acc 0.8962 | lr 9.11e-05 | 111s
2026-09-17 21:10:13 | INFO    | epoch 10 | batch 1580/4266 | loss 0.5976 | acc 0.8961 | lr 9.11e-05 | 113s
2026-09-17 21:10:15 | INFO    | epoch 10 | batch 1600/4266 | loss 0.5975 | acc 0.8962 | lr 9.11e-05 | 114s
2026-09-17 21:10:16 | INFO    | epoch 10 | batch 1620/4266 | loss 0.5971 | acc 0.8964 | lr 9.11e-05 | 115s
2026-09-17 21:10:18 | INFO    | epoch 10 | batch 1640/4266 | loss 0.5967 | acc 0.8965 | lr 9.11e-05 | 117s
2026-09-17 21:10:19 | INFO    | epoch 10 | batch 1660/4266 | loss 0.5966 | acc 0.8965 | lr 9.10e-05 | 118s
2026-09-17 21:10:21 | INFO    | epoch 10 | batch 1680/4266 | loss 0.5964 | acc 0.8966 | lr 9.10e-05 | 120s
2026-09-17 21:10:22 | INFO    | epoch 10 | batch 1700/4266 | loss 0.5965 | acc 0.8965 | lr 9.10e-05 | 121s
2026-09-17 21:10:23 | INFO    | epoch 10 | batch 1720/4266 | loss 0.5963 | acc 0.8967 | lr 9.10e-05 | 123s
2026-09-17 21:10:25 | INFO    | epoch 10 | batch 1740/4266 | loss 0.5965 | acc 0.8965 | lr 9.10e-05 | 124s
2026-09-17 21:10:26 | INFO    | epoch 10 | batch 1760/4266 | loss 0.5966 | acc 0.8963 | lr 9.10e-05 | 126s
2026-09-17 21:10:28 | INFO    | epoch 10 | batch 1780/4266 | loss 0.5971 | acc 0.8960 | lr 9.10e-05 | 127s
2026-09-17 21:10:29 | INFO    | epoch 10 | batch 1800/4266 | loss 0.5967 | acc 0.8962 | lr 9.10e-05 | 128s
2026-09-17 21:10:31 | INFO    | epoch 10 | batch 1820/4266 | loss 0.5963 | acc 0.8965 | lr 9.10e-05 | 130s
2026-09-17 21:10:32 | INFO    | epoch 10 | batch 1840/4266 | loss 0.5963 | acc 0.8965 | lr 9.09e-05 | 131s
2026-09-17 21:10:34 | INFO    | epoch 10 | batch 1860/4266 | loss 0.5958 | acc 0.8968 | lr 9.09e-05 | 133s
2026-09-17 21:10:35 | INFO    | epoch 10 | batch 1880/4266 | loss 0.5960 | acc 0.8966 | lr 9.09e-05 | 134s
2026-09-17 21:10:36 | INFO    | epoch 10 | batch 1900/4266 | loss 0.5962 | acc 0.8965 | lr 9.09e-05 | 136s
2026-09-17 21:10:38 | INFO    | epoch 10 | batch 1920/4266 | loss 0.5957 | acc 0.8968 | lr 9.09e-05 | 137s
2026-09-17 21:10:39 | INFO    | epoch 10 | batch 1940/4266 | loss 0.5958 | acc 0.8968 | lr 9.09e-05 | 139s
2026-09-17 21:10:41 | INFO    | epoch 10 | batch 1960/4266 | loss 0.5954 | acc 0.8971 | lr 9.09e-05 | 140s
2026-09-17 21:10:42 | INFO    | epoch 10 | batch 1980/4266 | loss 0.5952 | acc 0.8971 | lr 9.09e-05 | 142s
2026-09-17 21:10:44 | INFO    | epoch 10 | batch 2000/4266 | loss 0.5954 | acc 0.8970 | lr 9.09e-05 | 143s
2026-09-17 21:10:45 | INFO    | epoch 10 | batch 2020/4266 | loss 0.5956 | acc 0.8969 | lr 9.08e-05 | 144s
2026-09-17 21:10:47 | INFO    | epoch 10 | batch 2040/4266 | loss 0.5958 | acc 0.8969 | lr 9.08e-05 | 146s
2026-09-17 21:10:48 | INFO    | epoch 10 | batch 2060/4266 | loss 0.5957 | acc 0.8969 | lr 9.08e-05 | 147s
2026-09-17 21:10:50 | INFO    | epoch 10 | batch 2080/4266 | loss 0.5959 | acc 0.8969 | lr 9.08e-05 | 149s
2026-09-17 21:10:51 | INFO    | epoch 10 | batch 2100/4266 | loss 0.5961 | acc 0.8968 | lr 9.08e-05 | 150s
2026-09-17 21:10:53 | INFO    | epoch 10 | batch 2120/4266 | loss 0.5961 | acc 0.8968 | lr 9.08e-05 | 152s
2026-09-17 21:10:54 | INFO    | epoch 10 | batch 2140/4266 | loss 0.5963 | acc 0.8967 | lr 9.08e-05 | 153s
2026-09-17 21:10:55 | INFO    | epoch 10 | batch 2160/4266 | loss 0.5961 | acc 0.8968 | lr 9.08e-05 | 155s
2026-09-17 21:10:57 | INFO    | epoch 10 | batch 2180/4266 | loss 0.5963 | acc 0.8967 | lr 9.08e-05 | 156s
2026-09-17 21:10:58 | INFO    | epoch 10 | batch 2200/4266 | loss 0.5964 | acc 0.8967 | lr 9.07e-05 | 157s
2026-09-17 21:11:00 | INFO    | epoch 10 | batch 2220/4266 | loss 0.5965 | acc 0.8966 | lr 9.07e-05 | 159s
2026-09-17 21:11:01 | INFO    | epoch 10 | batch 2240/4266 | loss 0.5962 | acc 0.8967 | lr 9.07e-05 | 160s
2026-09-17 21:11:03 | INFO    | epoch 10 | batch 2260/4266 | loss 0.5962 | acc 0.8967 | lr 9.07e-05 | 162s
2026-09-17 21:11:04 | INFO    | epoch 10 | batch 2280/4266 | loss 0.5961 | acc 0.8967 | lr 9.07e-05 | 163s
2026-09-17 21:11:06 | INFO    | epoch 10 | batch 2300/4266 | loss 0.5959 | acc 0.8968 | lr 9.07e-05 | 165s
2026-09-17 21:11:07 | INFO    | epoch 10 | batch 2320/4266 | loss 0.5962 | acc 0.8967 | lr 9.07e-05 | 166s
2026-09-17 21:11:09 | INFO    | epoch 10 | batch 2340/4266 | loss 0.5963 | acc 0.8967 | lr 9.07e-05 | 168s
2026-09-17 21:11:10 | INFO    | epoch 10 | batch 2360/4266 | loss 0.5960 | acc 0.8969 | lr 9.07e-05 | 169s
2026-09-17 21:11:11 | INFO    | epoch 10 | batch 2380/4266 | loss 0.5960 | acc 0.8969 | lr 9.06e-05 | 171s
2026-09-17 21:11:13 | INFO    | epoch 10 | batch 2400/4266 | loss 0.5959 | acc 0.8969 | lr 9.06e-05 | 172s
2026-09-17 21:11:14 | INFO    | epoch 10 | batch 2420/4266 | loss 0.5961 | acc 0.8969 | lr 9.06e-05 | 174s
2026-09-17 21:11:16 | INFO    | epoch 10 | batch 2440/4266 | loss 0.5964 | acc 0.8967 | lr 9.06e-05 | 175s
2026-09-17 21:11:17 | INFO    | epoch 10 | batch 2460/4266 | loss 0.5966 | acc 0.8966 | lr 9.06e-05 | 177s
2026-09-17 21:11:19 | INFO    | epoch 10 | batch 2480/4266 | loss 0.5966 | acc 0.8966 | lr 9.06e-05 | 178s
2026-09-17 21:11:20 | INFO    | epoch 10 | batch 2500/4266 | loss 0.5967 | acc 0.8966 | lr 9.06e-05 | 179s
2026-09-17 21:11:22 | INFO    | epoch 10 | batch 2520/4266 | loss 0.5968 | acc 0.8966 | lr 9.06e-05 | 181s
2026-09-17 21:11:23 | INFO    | epoch 10 | batch 2540/4266 | loss 0.5967 | acc 0.8966 | lr 9.06e-05 | 182s
2026-09-17 21:11:25 | INFO    | epoch 10 | batch 2560/4266 | loss 0.5967 | acc 0.8966 | lr 9.05e-05 | 184s
2026-09-17 21:11:26 | INFO    | epoch 10 | batch 2580/4266 | loss 0.5968 | acc 0.8966 | lr 9.05e-05 | 185s
2026-09-17 21:11:28 | INFO    | epoch 10 | batch 2600/4266 | loss 0.5969 | acc 0.8966 | lr 9.05e-05 | 187s
2026-09-17 21:11:29 | INFO    | epoch 10 | batch 2620/4266 | loss 0.5967 | acc 0.8968 | lr 9.05e-05 | 188s
2026-09-17 21:11:30 | INFO    | epoch 10 | batch 2640/4266 | loss 0.5966 | acc 0.8969 | lr 9.05e-05 | 190s
2026-09-17 21:11:32 | INFO    | epoch 10 | batch 2660/4266 | loss 0.5965 | acc 0.8969 | lr 9.05e-05 | 191s
2026-09-17 21:11:33 | INFO    | epoch 10 | batch 2680/4266 | loss 0.5967 | acc 0.8969 | lr 9.05e-05 | 193s
2026-09-17 21:11:35 | INFO    | epoch 10 | batch 2700/4266 | loss 0.5967 | acc 0.8969 | lr 9.05e-05 | 194s
2026-09-17 21:11:36 | INFO    | epoch 10 | batch 2720/4266 | loss 0.5967 | acc 0.8969 | lr 9.05e-05 | 195s
2026-09-17 21:11:38 | INFO    | epoch 10 | batch 2740/4266 | loss 0.5966 | acc 0.8970 | lr 9.04e-05 | 197s
2026-09-17 21:11:39 | INFO    | epoch 10 | batch 2760/4266 | loss 0.5966 | acc 0.8969 | lr 9.04e-05 | 198s
2026-09-17 21:11:41 | INFO    | epoch 10 | batch 2780/4266 | loss 0.5964 | acc 0.8971 | lr 9.04e-05 | 200s
2026-09-17 21:11:42 | INFO    | epoch 10 | batch 2800/4266 | loss 0.5964 | acc 0.8971 | lr 9.04e-05 | 201s
2026-09-17 21:11:43 | INFO    | epoch 10 | batch 2820/4266 | loss 0.5966 | acc 0.8970 | lr 9.04e-05 | 203s
2026-09-17 21:11:45 | INFO    | epoch 10 | batch 2840/4266 | loss 0.5966 | acc 0.8970 | lr 9.04e-05 | 204s
2026-09-17 21:11:46 | INFO    | epoch 10 | batch 2860/4266 | loss 0.5966 | acc 0.8971 | lr 9.04e-05 | 205s
2026-09-17 21:11:48 | INFO    | epoch 10 | batch 2880/4266 | loss 0.5969 | acc 0.8970 | lr 9.04e-05 | 207s
2026-09-17 21:11:49 | INFO    | epoch 10 | batch 2900/4266 | loss 0.5969 | acc 0.8969 | lr 9.04e-05 | 208s
2026-09-17 21:11:51 | INFO    | epoch 10 | batch 2920/4266 | loss 0.5970 | acc 0.8969 | lr 9.03e-05 | 210s
2026-09-17 21:11:52 | INFO    | epoch 10 | batch 2940/4266 | loss 0.5968 | acc 0.8970 | lr 9.03e-05 | 211s
2026-09-17 21:11:53 | INFO    | epoch 10 | batch 2960/4266 | loss 0.5966 | acc 0.8972 | lr 9.03e-05 | 213s
2026-09-17 21:11:55 | INFO    | epoch 10 | batch 2980/4266 | loss 0.5966 | acc 0.8972 | lr 9.03e-05 | 214s
2026-09-17 21:11:56 | INFO    | epoch 10 | batch 3000/4266 | loss 0.5964 | acc 0.8972 | lr 9.03e-05 | 215s
2026-09-17 21:11:58 | INFO    | epoch 10 | batch 3020/4266 | loss 0.5966 | acc 0.8972 | lr 9.03e-05 | 217s
2026-09-17 21:11:59 | INFO    | epoch 10 | batch 3040/4266 | loss 0.5965 | acc 0.8972 | lr 9.03e-05 | 218s
2026-09-17 21:12:00 | INFO    | epoch 10 | batch 3060/4266 | loss 0.5964 | acc 0.8972 | lr 9.03e-05 | 220s
2026-09-17 21:12:02 | INFO    | epoch 10 | batch 3080/4266 | loss 0.5962 | acc 0.8973 | lr 9.03e-05 | 221s
2026-09-17 21:12:03 | INFO    | epoch 10 | batch 3100/4266 | loss 0.5963 | acc 0.8973 | lr 9.02e-05 | 222s
2026-09-17 21:12:05 | INFO    | epoch 10 | batch 3120/4266 | loss 0.5960 | acc 0.8974 | lr 9.02e-05 | 224s
2026-09-17 21:12:06 | INFO    | epoch 10 | batch 3140/4266 | loss 0.5959 | acc 0.8975 | lr 9.02e-05 | 225s
2026-09-17 21:12:07 | INFO    | epoch 10 | batch 3160/4266 | loss 0.5957 | acc 0.8976 | lr 9.02e-05 | 227s
2026-09-17 21:12:09 | INFO    | epoch 10 | batch 3180/4266 | loss 0.5960 | acc 0.8975 | lr 9.02e-05 | 228s
2026-09-17 21:12:10 | INFO    | epoch 10 | batch 3200/4266 | loss 0.5961 | acc 0.8974 | lr 9.02e-05 | 230s
2026-09-17 21:12:12 | INFO    | epoch 10 | batch 3220/4266 | loss 0.5960 | acc 0.8975 | lr 9.02e-05 | 231s
2026-09-17 21:12:13 | INFO    | epoch 10 | batch 3240/4266 | loss 0.5961 | acc 0.8974 | lr 9.02e-05 | 232s
2026-09-17 21:12:15 | INFO    | epoch 10 | batch 3260/4266 | loss 0.5958 | acc 0.8975 | lr 9.01e-05 | 234s
2026-09-17 21:12:16 | INFO    | epoch 10 | batch 3280/4266 | loss 0.5958 | acc 0.8976 | lr 9.01e-05 | 235s
2026-09-17 21:12:17 | INFO    | epoch 10 | batch 3300/4266 | loss 0.5959 | acc 0.8975 | lr 9.01e-05 | 237s
2026-09-17 21:12:19 | INFO    | epoch 10 | batch 3320/4266 | loss 0.5959 | acc 0.8975 | lr 9.01e-05 | 238s
2026-09-17 21:12:20 | INFO    | epoch 10 | batch 3340/4266 | loss 0.5958 | acc 0.8976 | lr 9.01e-05 | 239s
2026-09-17 21:12:22 | INFO    | epoch 10 | batch 3360/4266 | loss 0.5957 | acc 0.8977 | lr 9.01e-05 | 241s
2026-09-17 21:12:23 | INFO    | epoch 10 | batch 3380/4266 | loss 0.5957 | acc 0.8977 | lr 9.01e-05 | 242s
2026-09-17 21:12:25 | INFO    | epoch 10 | batch 3400/4266 | loss 0.5957 | acc 0.8977 | lr 9.01e-05 | 244s
2026-09-17 21:12:26 | INFO    | epoch 10 | batch 3420/4266 | loss 0.5955 | acc 0.8977 | lr 9.01e-05 | 245s
2026-09-17 21:12:27 | INFO    | epoch 10 | batch 3440/4266 | loss 0.5953 | acc 0.8978 | lr 9.00e-05 | 247s
2026-09-17 21:12:29 | INFO    | epoch 10 | batch 3460/4266 | loss 0.5953 | acc 0.8979 | lr 9.00e-05 | 248s
2026-09-17 21:12:30 | INFO    | epoch 10 | batch 3480/4266 | loss 0.5952 | acc 0.8978 | lr 9.00e-05 | 249s
2026-09-17 21:12:32 | INFO    | epoch 10 | batch 3500/4266 | loss 0.5951 | acc 0.8979 | lr 9.00e-05 | 251s
2026-09-17 21:12:33 | INFO    | epoch 10 | batch 3520/4266 | loss 0.5949 | acc 0.8980 | lr 9.00e-05 | 252s
2026-09-17 21:12:35 | INFO    | epoch 10 | batch 3540/4266 | loss 0.5949 | acc 0.8980 | lr 9.00e-05 | 254s
2026-09-17 21:12:36 | INFO    | epoch 10 | batch 3560/4266 | loss 0.5947 | acc 0.8981 | lr 9.00e-05 | 255s
2026-09-17 21:12:37 | INFO    | epoch 10 | batch 3580/4266 | loss 0.5947 | acc 0.8981 | lr 9.00e-05 | 257s
2026-09-17 21:12:39 | INFO    | epoch 10 | batch 3600/4266 | loss 0.5946 | acc 0.8982 | lr 9.00e-05 | 258s
2026-09-17 21:12:40 | INFO    | epoch 10 | batch 3620/4266 | loss 0.5944 | acc 0.8983 | lr 8.99e-05 | 259s
2026-09-17 21:12:42 | INFO    | epoch 10 | batch 3640/4266 | loss 0.5943 | acc 0.8983 | lr 8.99e-05 | 261s
2026-09-17 21:12:43 | INFO    | epoch 10 | batch 3660/4266 | loss 0.5943 | acc 0.8983 | lr 8.99e-05 | 262s
2026-09-17 21:12:45 | INFO    | epoch 10 | batch 3680/4266 | loss 0.5945 | acc 0.8982 | lr 8.99e-05 | 264s
2026-09-17 21:12:46 | INFO    | epoch 10 | batch 3700/4266 | loss 0.5943 | acc 0.8983 | lr 8.99e-05 | 265s
2026-09-17 21:12:47 | INFO    | epoch 10 | batch 3720/4266 | loss 0.5943 | acc 0.8983 | lr 8.99e-05 | 267s
2026-09-17 21:12:49 | INFO    | epoch 10 | batch 3740/4266 | loss 0.5944 | acc 0.8983 | lr 8.99e-05 | 268s
2026-09-17 21:12:50 | INFO    | epoch 10 | batch 3760/4266 | loss 0.5945 | acc 0.8983 | lr 8.99e-05 | 269s
2026-09-17 21:12:52 | INFO    | epoch 10 | batch 3780/4266 | loss 0.5944 | acc 0.8984 | lr 8.98e-05 | 271s
2026-09-17 21:12:53 | INFO    | epoch 10 | batch 3800/4266 | loss 0.5942 | acc 0.8984 | lr 8.98e-05 | 272s
2026-09-17 21:12:54 | INFO    | epoch 10 | batch 3820/4266 | loss 0.5943 | acc 0.8984 | lr 8.98e-05 | 274s
2026-09-17 21:12:56 | INFO    | epoch 10 | batch 3840/4266 | loss 0.5943 | acc 0.8983 | lr 8.98e-05 | 275s
2026-09-17 21:12:57 | INFO    | epoch 10 | batch 3860/4266 | loss 0.5942 | acc 0.8984 | lr 8.98e-05 | 276s
2026-09-17 21:12:59 | INFO    | epoch 10 | batch 3880/4266 | loss 0.5943 | acc 0.8983 | lr 8.98e-05 | 278s
2026-09-17 21:13:00 | INFO    | epoch 10 | batch 3900/4266 | loss 0.5942 | acc 0.8984 | lr 8.98e-05 | 279s
2026-09-17 21:13:01 | INFO    | epoch 10 | batch 3920/4266 | loss 0.5940 | acc 0.8985 | lr 8.98e-05 | 280s
2026-09-17 21:13:03 | INFO    | epoch 10 | batch 3940/4266 | loss 0.5940 | acc 0.8985 | lr 8.98e-05 | 282s
2026-09-17 21:13:04 | INFO    | epoch 10 | batch 3960/4266 | loss 0.5939 | acc 0.8985 | lr 8.97e-05 | 283s
2026-09-17 21:13:05 | INFO    | epoch 10 | batch 3980/4266 | loss 0.5941 | acc 0.8984 | lr 8.97e-05 | 285s
2026-09-17 21:13:07 | INFO    | epoch 10 | batch 4000/4266 | loss 0.5939 | acc 0.8985 | lr 8.97e-05 | 286s
2026-09-17 21:13:08 | INFO    | epoch 10 | batch 4020/4266 | loss 0.5938 | acc 0.8985 | lr 8.97e-05 | 287s
2026-09-17 21:13:10 | INFO    | epoch 10 | batch 4040/4266 | loss 0.5939 | acc 0.8985 | lr 8.97e-05 | 289s
2026-09-17 21:13:11 | INFO    | epoch 10 | batch 4060/4266 | loss 0.5939 | acc 0.8985 | lr 8.97e-05 | 290s
2026-09-17 21:13:13 | INFO    | epoch 10 | batch 4080/4266 | loss 0.5939 | acc 0.8985 | lr 8.97e-05 | 292s
2026-09-17 21:13:14 | INFO    | epoch 10 | batch 4100/4266 | loss 0.5937 | acc 0.8985 | lr 8.97e-05 | 293s
2026-09-17 21:13:16 | INFO    | epoch 10 | batch 4120/4266 | loss 0.5937 | acc 0.8985 | lr 8.96e-05 | 295s
2026-09-17 21:13:17 | INFO    | epoch 10 | batch 4140/4266 | loss 0.5937 | acc 0.8985 | lr 8.96e-05 | 296s
2026-09-17 21:13:18 | INFO    | epoch 10 | batch 4160/4266 | loss 0.5935 | acc 0.8987 | lr 8.96e-05 | 298s
2026-09-17 21:13:20 | INFO    | epoch 10 | batch 4180/4266 | loss 0.5936 | acc 0.8987 | lr 8.96e-05 | 299s
2026-09-17 21:13:21 | INFO    | epoch 10 | batch 4200/4266 | loss 0.5936 | acc 0.8986 | lr 8.96e-05 | 301s
2026-09-17 21:13:23 | INFO    | epoch 10 | batch 4220/4266 | loss 0.5935 | acc 0.8988 | lr 8.96e-05 | 302s
2026-09-17 21:13:24 | INFO    | epoch 10 | batch 4240/4266 | loss 0.5935 | acc 0.8987 | lr 8.96e-05 | 303s
2026-09-17 21:13:25 | INFO    | epoch 10 | batch 4260/4266 | loss 0.5934 | acc 0.8987 | lr 8.96e-05 | 305s
2026-09-17 21:13:26 | INFO    | epoch 10 | batch 4266/4266 | loss 0.5934 | acc 0.8988 | lr 8.96e-05 | 305s
2026-09-17 21:13:36 | INFO    | epoch 10/40 done in 315s | train loss 0.5934 | train running patch (aug): accuracy=0.8988 precision=0.8979 recall=0.8953 f1=0.8965
2026-09-17 21:13:36 | INFO    | epoch 10 train (eval, no aug) | loss 0.7622 | patch[7280]: accuracy=0.7985 precision=0.8169 recall=0.7810 f1=0.7910 | image[455]: accuracy=0.8945 precision=0.9148 recall=0.8759 f1=0.8871
2026-09-17 21:13:36 | INFO    | epoch 10 val | loss 1.2302 | patch[8448]: accuracy=0.5859 precision=0.5757 recall=0.5522 f1=0.5515 | image[96]: accuracy=0.5938 precision=0.6002 recall=0.5489 f1=0.5403
2026-09-17 21:13:36 | INFO    | val_patch_f1 = 0.5515 (best 0.5742 @ epoch 8)
2026-09-17 21:13:37 | INFO    | epoch 11 | batch 20/4266 | loss 0.6022 | acc 0.8984 | lr 8.96e-05 | 2s
2026-09-17 21:13:39 | INFO    | epoch 11 | batch 40/4266 | loss 0.5766 | acc 0.9062 | lr 8.95e-05 | 3s
2026-09-17 21:13:40 | INFO    | epoch 11 | batch 60/4266 | loss 0.5779 | acc 0.9052 | lr 8.95e-05 | 4s
2026-09-17 21:13:42 | INFO    | epoch 11 | batch 80/4266 | loss 0.5767 | acc 0.9082 | lr 8.95e-05 | 6s
2026-09-17 21:13:43 | INFO    | epoch 11 | batch 100/4266 | loss 0.5711 | acc 0.9103 | lr 8.95e-05 | 7s
2026-09-17 21:13:44 | INFO    | epoch 11 | batch 120/4266 | loss 0.5718 | acc 0.9112 | lr 8.95e-05 | 9s
2026-09-17 21:13:46 | INFO    | epoch 11 | batch 140/4266 | loss 0.5743 | acc 0.9096 | lr 8.95e-05 | 10s
2026-09-17 21:13:47 | INFO    | epoch 11 | batch 160/4266 | loss 0.5751 | acc 0.9082 | lr 8.95e-05 | 12s
2026-09-17 21:13:49 | INFO    | epoch 11 | batch 180/4266 | loss 0.5772 | acc 0.9076 | lr 8.95e-05 | 13s
2026-09-17 21:13:50 | INFO    | epoch 11 | batch 200/4266 | loss 0.5777 | acc 0.9070 | lr 8.94e-05 | 15s
2026-09-17 21:13:52 | INFO    | epoch 11 | batch 220/4266 | loss 0.5741 | acc 0.9087 | lr 8.94e-05 | 16s
2026-09-17 21:13:53 | INFO    | epoch 11 | batch 240/4266 | loss 0.5765 | acc 0.9077 | lr 8.94e-05 | 17s
2026-09-17 21:13:54 | INFO    | epoch 11 | batch 260/4266 | loss 0.5757 | acc 0.9082 | lr 8.94e-05 | 19s
2026-09-17 21:13:56 | INFO    | epoch 11 | batch 280/4266 | loss 0.5766 | acc 0.9079 | lr 8.94e-05 | 20s
2026-09-17 21:13:57 | INFO    | epoch 11 | batch 300/4266 | loss 0.5795 | acc 0.9062 | lr 8.94e-05 | 22s
2026-09-17 21:13:59 | INFO    | epoch 11 | batch 320/4266 | loss 0.5775 | acc 0.9072 | lr 8.94e-05 | 23s
2026-09-17 21:14:00 | INFO    | epoch 11 | batch 340/4266 | loss 0.5785 | acc 0.9069 | lr 8.94e-05 | 24s
2026-09-17 21:14:02 | INFO    | epoch 11 | batch 360/4266 | loss 0.5778 | acc 0.9073 | lr 8.93e-05 | 26s
2026-09-17 21:14:03 | INFO    | epoch 11 | batch 380/4266 | loss 0.5798 | acc 0.9062 | lr 8.93e-05 | 27s
2026-09-17 21:14:04 | INFO    | epoch 11 | batch 400/4266 | loss 0.5808 | acc 0.9052 | lr 8.93e-05 | 29s
2026-09-17 21:14:06 | INFO    | epoch 11 | batch 420/4266 | loss 0.5798 | acc 0.9058 | lr 8.93e-05 | 30s
2026-09-17 21:14:07 | INFO    | epoch 11 | batch 440/4266 | loss 0.5805 | acc 0.9055 | lr 8.93e-05 | 32s
2026-09-17 21:14:09 | INFO    | epoch 11 | batch 460/4266 | loss 0.5792 | acc 0.9067 | lr 8.93e-05 | 33s
2026-09-17 21:14:10 | INFO    | epoch 11 | batch 480/4266 | loss 0.5791 | acc 0.9068 | lr 8.93e-05 | 34s
2026-09-17 21:14:12 | INFO    | epoch 11 | batch 500/4266 | loss 0.5786 | acc 0.9069 | lr 8.93e-05 | 36s
2026-09-17 21:14:13 | INFO    | epoch 11 | batch 520/4266 | loss 0.5787 | acc 0.9066 | lr 8.93e-05 | 37s
2026-09-17 21:14:14 | INFO    | epoch 11 | batch 540/4266 | loss 0.5787 | acc 0.9068 | lr 8.92e-05 | 39s
2026-09-17 21:14:16 | INFO    | epoch 11 | batch 560/4266 | loss 0.5785 | acc 0.9066 | lr 8.92e-05 | 40s
2026-09-17 21:14:17 | INFO    | epoch 11 | batch 580/4266 | loss 0.5788 | acc 0.9067 | lr 8.92e-05 | 42s
2026-09-17 21:14:19 | INFO    | epoch 11 | batch 600/4266 | loss 0.5803 | acc 0.9056 | lr 8.92e-05 | 43s
2026-09-17 21:14:20 | INFO    | epoch 11 | batch 620/4266 | loss 0.5811 | acc 0.9049 | lr 8.92e-05 | 45s
2026-09-17 21:14:22 | INFO    | epoch 11 | batch 640/4266 | loss 0.5803 | acc 0.9053 | lr 8.92e-05 | 46s
2026-09-17 21:14:23 | INFO    | epoch 11 | batch 660/4266 | loss 0.5802 | acc 0.9051 | lr 8.92e-05 | 48s
2026-09-17 21:14:25 | INFO    | epoch 11 | batch 680/4266 | loss 0.5795 | acc 0.9055 | lr 8.92e-05 | 49s
2026-09-17 21:14:26 | INFO    | epoch 11 | batch 700/4266 | loss 0.5801 | acc 0.9049 | lr 8.91e-05 | 51s
2026-09-17 21:14:28 | INFO    | epoch 11 | batch 720/4266 | loss 0.5805 | acc 0.9048 | lr 8.91e-05 | 52s
2026-09-17 21:14:29 | INFO    | epoch 11 | batch 740/4266 | loss 0.5817 | acc 0.9041 | lr 8.91e-05 | 53s
2026-09-17 21:14:31 | INFO    | epoch 11 | batch 760/4266 | loss 0.5818 | acc 0.9041 | lr 8.91e-05 | 55s
2026-09-17 21:14:32 | INFO    | epoch 11 | batch 780/4266 | loss 0.5824 | acc 0.9037 | lr 8.91e-05 | 56s
2026-09-17 21:14:33 | INFO    | epoch 11 | batch 800/4266 | loss 0.5835 | acc 0.9031 | lr 8.91e-05 | 58s
2026-09-17 21:14:35 | INFO    | epoch 11 | batch 820/4266 | loss 0.5833 | acc 0.9032 | lr 8.91e-05 | 59s
2026-09-17 21:14:36 | INFO    | epoch 11 | batch 840/4266 | loss 0.5824 | acc 0.9036 | lr 8.91e-05 | 61s
2026-09-17 21:14:38 | INFO    | epoch 11 | batch 860/4266 | loss 0.5815 | acc 0.9042 | lr 8.91e-05 | 62s
2026-09-17 21:14:39 | INFO    | epoch 11 | batch 880/4266 | loss 0.5815 | acc 0.9043 | lr 8.90e-05 | 63s
2026-09-17 21:14:41 | INFO    | epoch 11 | batch 900/4266 | loss 0.5808 | acc 0.9045 | lr 8.90e-05 | 65s
2026-09-17 21:14:42 | INFO    | epoch 11 | batch 920/4266 | loss 0.5809 | acc 0.9045 | lr 8.90e-05 | 66s
2026-09-17 21:14:43 | INFO    | epoch 11 | batch 940/4266 | loss 0.5808 | acc 0.9047 | lr 8.90e-05 | 68s
2026-09-17 21:14:45 | INFO    | epoch 11 | batch 960/4266 | loss 0.5809 | acc 0.9046 | lr 8.90e-05 | 69s
2026-09-17 21:14:46 | INFO    | epoch 11 | batch 980/4266 | loss 0.5809 | acc 0.9047 | lr 8.90e-05 | 71s
2026-09-17 21:14:48 | INFO    | epoch 11 | batch 1000/4266 | loss 0.5809 | acc 0.9045 | lr 8.90e-05 | 72s
2026-09-17 21:14:49 | INFO    | epoch 11 | batch 1020/4266 | loss 0.5818 | acc 0.9040 | lr 8.90e-05 | 73s
2026-09-17 21:14:51 | INFO    | epoch 11 | batch 1040/4266 | loss 0.5823 | acc 0.9038 | lr 8.89e-05 | 75s
2026-09-17 21:14:52 | INFO    | epoch 11 | batch 1060/4266 | loss 0.5822 | acc 0.9038 | lr 8.89e-05 | 76s
2026-09-17 21:14:54 | INFO    | epoch 11 | batch 1080/4266 | loss 0.5822 | acc 0.9039 | lr 8.89e-05 | 78s
2026-09-17 21:14:55 | INFO    | epoch 11 | batch 1100/4266 | loss 0.5824 | acc 0.9038 | lr 8.89e-05 | 79s
2026-09-17 21:14:56 | INFO    | epoch 11 | batch 1120/4266 | loss 0.5819 | acc 0.9041 | lr 8.89e-05 | 81s
2026-09-17 21:14:58 | INFO    | epoch 11 | batch 1140/4266 | loss 0.5822 | acc 0.9039 | lr 8.89e-05 | 82s
2026-09-17 21:14:59 | INFO    | epoch 11 | batch 1160/4266 | loss 0.5824 | acc 0.9037 | lr 8.89e-05 | 84s
2026-09-17 21:15:01 | INFO    | epoch 11 | batch 1180/4266 | loss 0.5825 | acc 0.9034 | lr 8.89e-05 | 85s
2026-09-17 21:15:02 | INFO    | epoch 11 | batch 1200/4266 | loss 0.5828 | acc 0.9033 | lr 8.88e-05 | 87s
2026-09-17 21:15:04 | INFO    | epoch 11 | batch 1220/4266 | loss 0.5822 | acc 0.9037 | lr 8.88e-05 | 88s
2026-09-17 21:15:05 | INFO    | epoch 11 | batch 1240/4266 | loss 0.5818 | acc 0.9040 | lr 8.88e-05 | 89s
2026-09-17 21:15:07 | INFO    | epoch 11 | batch 1260/4266 | loss 0.5816 | acc 0.9042 | lr 8.88e-05 | 91s
2026-09-17 21:15:08 | INFO    | epoch 11 | batch 1280/4266 | loss 0.5815 | acc 0.9043 | lr 8.88e-05 | 92s
2026-09-17 21:15:09 | INFO    | epoch 11 | batch 1300/4266 | loss 0.5814 | acc 0.9043 | lr 8.88e-05 | 94s
2026-09-17 21:15:11 | INFO    | epoch 11 | batch 1320/4266 | loss 0.5816 | acc 0.9040 | lr 8.88e-05 | 95s
2026-09-17 21:15:12 | INFO    | epoch 11 | batch 1340/4266 | loss 0.5819 | acc 0.9038 | lr 8.88e-05 | 97s
2026-09-17 21:15:14 | INFO    | epoch 11 | batch 1360/4266 | loss 0.5825 | acc 0.9034 | lr 8.87e-05 | 98s
2026-09-17 21:15:15 | INFO    | epoch 11 | batch 1380/4266 | loss 0.5829 | acc 0.9031 | lr 8.87e-05 | 100s
2026-09-17 21:15:17 | INFO    | epoch 11 | batch 1400/4266 | loss 0.5826 | acc 0.9033 | lr 8.87e-05 | 101s
2026-09-17 21:15:18 | INFO    | epoch 11 | batch 1420/4266 | loss 0.5822 | acc 0.9035 | lr 8.87e-05 | 102s
2026-09-17 21:15:20 | INFO    | epoch 11 | batch 1440/4266 | loss 0.5823 | acc 0.9035 | lr 8.87e-05 | 104s
2026-09-17 21:15:21 | INFO    | epoch 11 | batch 1460/4266 | loss 0.5823 | acc 0.9034 | lr 8.87e-05 | 105s
2026-09-17 21:15:23 | INFO    | epoch 11 | batch 1480/4266 | loss 0.5822 | acc 0.9035 | lr 8.87e-05 | 107s
2026-09-17 21:15:24 | INFO    | epoch 11 | batch 1500/4266 | loss 0.5820 | acc 0.9036 | lr 8.87e-05 | 108s
2026-09-17 21:15:25 | INFO    | epoch 11 | batch 1520/4266 | loss 0.5824 | acc 0.9035 | lr 8.87e-05 | 110s
2026-09-17 21:15:27 | INFO    | epoch 11 | batch 1540/4266 | loss 0.5822 | acc 0.9038 | lr 8.86e-05 | 111s
2026-09-17 21:15:28 | INFO    | epoch 11 | batch 1560/4266 | loss 0.5823 | acc 0.9037 | lr 8.86e-05 | 113s
2026-09-17 21:15:30 | INFO    | epoch 11 | batch 1580/4266 | loss 0.5822 | acc 0.9036 | lr 8.86e-05 | 114s
2026-09-17 21:15:31 | INFO    | epoch 11 | batch 1600/4266 | loss 0.5825 | acc 0.9034 | lr 8.86e-05 | 116s
2026-09-17 21:15:33 | INFO    | epoch 11 | batch 1620/4266 | loss 0.5825 | acc 0.9035 | lr 8.86e-05 | 117s
2026-09-17 21:15:34 | INFO    | epoch 11 | batch 1640/4266 | loss 0.5823 | acc 0.9036 | lr 8.86e-05 | 118s
2026-09-17 21:15:36 | INFO    | epoch 11 | batch 1660/4266 | loss 0.5822 | acc 0.9037 | lr 8.86e-05 | 120s
2026-09-17 21:15:37 | INFO    | epoch 11 | batch 1680/4266 | loss 0.5824 | acc 0.9035 | lr 8.86e-05 | 121s
2026-09-17 21:15:39 | INFO    | epoch 11 | batch 1700/4266 | loss 0.5823 | acc 0.9035 | lr 8.85e-05 | 123s
2026-09-17 21:15:40 | INFO    | epoch 11 | batch 1720/4266 | loss 0.5821 | acc 0.9036 | lr 8.85e-05 | 124s
2026-09-17 21:15:41 | INFO    | epoch 11 | batch 1740/4266 | loss 0.5819 | acc 0.9036 | lr 8.85e-05 | 126s
2026-09-17 21:15:43 | INFO    | epoch 11 | batch 1760/4266 | loss 0.5814 | acc 0.9039 | lr 8.85e-05 | 127s
2026-09-17 21:15:44 | INFO    | epoch 11 | batch 1780/4266 | loss 0.5811 | acc 0.9041 | lr 8.85e-05 | 129s
2026-09-17 21:15:46 | INFO    | epoch 11 | batch 1800/4266 | loss 0.5812 | acc 0.9041 | lr 8.85e-05 | 130s
2026-09-17 21:15:47 | INFO    | epoch 11 | batch 1820/4266 | loss 0.5813 | acc 0.9041 | lr 8.85e-05 | 131s
2026-09-17 21:15:49 | INFO    | epoch 11 | batch 1840/4266 | loss 0.5815 | acc 0.9039 | lr 8.85e-05 | 133s
2026-09-17 21:15:50 | INFO    | epoch 11 | batch 1860/4266 | loss 0.5816 | acc 0.9041 | lr 8.84e-05 | 134s
2026-09-17 21:15:52 | INFO    | epoch 11 | batch 1880/4266 | loss 0.5815 | acc 0.9041 | lr 8.84e-05 | 136s
2026-09-17 21:15:53 | INFO    | epoch 11 | batch 1900/4266 | loss 0.5817 | acc 0.9041 | lr 8.84e-05 | 137s
2026-09-17 21:15:54 | INFO    | epoch 11 | batch 1920/4266 | loss 0.5823 | acc 0.9037 | lr 8.84e-05 | 139s
2026-09-17 21:15:56 | INFO    | epoch 11 | batch 1940/4266 | loss 0.5822 | acc 0.9038 | lr 8.84e-05 | 140s
2026-09-17 21:15:57 | INFO    | epoch 11 | batch 1960/4266 | loss 0.5821 | acc 0.9038 | lr 8.84e-05 | 142s
2026-09-17 21:15:59 | INFO    | epoch 11 | batch 1980/4266 | loss 0.5823 | acc 0.9038 | lr 8.84e-05 | 143s
2026-09-17 21:16:00 | INFO    | epoch 11 | batch 2000/4266 | loss 0.5824 | acc 0.9037 | lr 8.84e-05 | 144s
2026-09-17 21:16:02 | INFO    | epoch 11 | batch 2020/4266 | loss 0.5822 | acc 0.9037 | lr 8.83e-05 | 146s
2026-09-17 21:16:03 | INFO    | epoch 11 | batch 2040/4266 | loss 0.5823 | acc 0.9037 | lr 8.83e-05 | 147s
2026-09-17 21:16:04 | INFO    | epoch 11 | batch 2060/4266 | loss 0.5822 | acc 0.9037 | lr 8.83e-05 | 149s
2026-09-17 21:16:06 | INFO    | epoch 11 | batch 2080/4266 | loss 0.5822 | acc 0.9037 | lr 8.83e-05 | 150s
2026-09-17 21:16:07 | INFO    | epoch 11 | batch 2100/4266 | loss 0.5821 | acc 0.9037 | lr 8.83e-05 | 152s
2026-09-17 21:16:09 | INFO    | epoch 11 | batch 2120/4266 | loss 0.5820 | acc 0.9037 | lr 8.83e-05 | 153s
2026-09-17 21:16:10 | INFO    | epoch 11 | batch 2140/4266 | loss 0.5819 | acc 0.9038 | lr 8.83e-05 | 155s
2026-09-17 21:16:12 | INFO    | epoch 11 | batch 2160/4266 | loss 0.5819 | acc 0.9038 | lr 8.83e-05 | 156s
2026-09-17 21:16:13 | INFO    | epoch 11 | batch 2180/4266 | loss 0.5818 | acc 0.9038 | lr 8.82e-05 | 157s
2026-09-17 21:16:15 | INFO    | epoch 11 | batch 2200/4266 | loss 0.5816 | acc 0.9040 | lr 8.82e-05 | 159s
2026-09-17 21:16:16 | INFO    | epoch 11 | batch 2220/4266 | loss 0.5815 | acc 0.9040 | lr 8.82e-05 | 160s
2026-09-17 21:16:18 | INFO    | epoch 11 | batch 2240/4266 | loss 0.5814 | acc 0.9040 | lr 8.82e-05 | 162s
2026-09-17 21:16:19 | INFO    | epoch 11 | batch 2260/4266 | loss 0.5813 | acc 0.9041 | lr 8.82e-05 | 163s
2026-09-17 21:16:20 | INFO    | epoch 11 | batch 2280/4266 | loss 0.5809 | acc 0.9043 | lr 8.82e-05 | 165s
2026-09-17 21:16:22 | INFO    | epoch 11 | batch 2300/4266 | loss 0.5806 | acc 0.9045 | lr 8.82e-05 | 166s
2026-09-17 21:16:23 | INFO    | epoch 11 | batch 2320/4266 | loss 0.5805 | acc 0.9045 | lr 8.82e-05 | 168s
2026-09-17 21:16:25 | INFO    | epoch 11 | batch 2340/4266 | loss 0.5804 | acc 0.9046 | lr 8.81e-05 | 169s
2026-09-17 21:16:26 | INFO    | epoch 11 | batch 2360/4266 | loss 0.5805 | acc 0.9045 | lr 8.81e-05 | 170s
2026-09-17 21:16:28 | INFO    | epoch 11 | batch 2380/4266 | loss 0.5804 | acc 0.9046 | lr 8.81e-05 | 172s
2026-09-17 21:16:29 | INFO    | epoch 11 | batch 2400/4266 | loss 0.5803 | acc 0.9047 | lr 8.81e-05 | 173s
2026-09-17 21:16:30 | INFO    | epoch 11 | batch 2420/4266 | loss 0.5804 | acc 0.9047 | lr 8.81e-05 | 175s
2026-09-17 21:16:32 | INFO    | epoch 11 | batch 2440/4266 | loss 0.5802 | acc 0.9047 | lr 8.81e-05 | 176s
2026-09-17 21:16:33 | INFO    | epoch 11 | batch 2460/4266 | loss 0.5801 | acc 0.9048 | lr 8.81e-05 | 177s
2026-09-17 21:16:35 | INFO    | epoch 11 | batch 2480/4266 | loss 0.5800 | acc 0.9048 | lr 8.81e-05 | 179s
2026-09-17 21:16:36 | INFO    | epoch 11 | batch 2500/4266 | loss 0.5801 | acc 0.9048 | lr 8.80e-05 | 180s
2026-09-17 21:16:38 | INFO    | epoch 11 | batch 2520/4266 | loss 0.5801 | acc 0.9048 | lr 8.80e-05 | 182s
2026-09-17 21:16:39 | INFO    | epoch 11 | batch 2540/4266 | loss 0.5800 | acc 0.9048 | lr 8.80e-05 | 183s
2026-09-17 21:16:41 | INFO    | epoch 11 | batch 2560/4266 | loss 0.5799 | acc 0.9049 | lr 8.80e-05 | 185s
2026-09-17 21:16:42 | INFO    | epoch 11 | batch 2580/4266 | loss 0.5798 | acc 0.9049 | lr 8.80e-05 | 186s
2026-09-17 21:16:43 | INFO    | epoch 11 | batch 2600/4266 | loss 0.5796 | acc 0.9050 | lr 8.80e-05 | 188s
2026-09-17 21:16:45 | INFO    | epoch 11 | batch 2620/4266 | loss 0.5795 | acc 0.9051 | lr 8.80e-05 | 189s
2026-09-17 21:16:46 | INFO    | epoch 11 | batch 2640/4266 | loss 0.5793 | acc 0.9052 | lr 8.80e-05 | 191s
2026-09-17 21:16:48 | INFO    | epoch 11 | batch 2660/4266 | loss 0.5792 | acc 0.9053 | lr 8.79e-05 | 192s
2026-09-17 21:16:49 | INFO    | epoch 11 | batch 2680/4266 | loss 0.5791 | acc 0.9054 | lr 8.79e-05 | 194s
2026-09-17 21:16:51 | INFO    | epoch 11 | batch 2700/4266 | loss 0.5791 | acc 0.9055 | lr 8.79e-05 | 195s
2026-09-17 21:16:52 | INFO    | epoch 11 | batch 2720/4266 | loss 0.5793 | acc 0.9054 | lr 8.79e-05 | 196s
2026-09-17 21:16:54 | INFO    | epoch 11 | batch 2740/4266 | loss 0.5791 | acc 0.9055 | lr 8.79e-05 | 198s
2026-09-17 21:16:55 | INFO    | epoch 11 | batch 2760/4266 | loss 0.5791 | acc 0.9055 | lr 8.79e-05 | 199s
2026-09-17 21:16:57 | INFO    | epoch 11 | batch 2780/4266 | loss 0.5791 | acc 0.9055 | lr 8.79e-05 | 201s
2026-09-17 21:16:58 | INFO    | epoch 11 | batch 2800/4266 | loss 0.5793 | acc 0.9054 | lr 8.79e-05 | 202s
2026-09-17 21:16:59 | INFO    | epoch 11 | batch 2820/4266 | loss 0.5792 | acc 0.9055 | lr 8.78e-05 | 204s
2026-09-17 21:17:01 | INFO    | epoch 11 | batch 2840/4266 | loss 0.5794 | acc 0.9053 | lr 8.78e-05 | 205s
2026-09-17 21:17:02 | INFO    | epoch 11 | batch 2860/4266 | loss 0.5793 | acc 0.9054 | lr 8.78e-05 | 206s
2026-09-17 21:17:03 | INFO    | epoch 11 | batch 2880/4266 | loss 0.5792 | acc 0.9054 | lr 8.78e-05 | 208s
2026-09-17 21:17:05 | INFO    | epoch 11 | batch 2900/4266 | loss 0.5791 | acc 0.9055 | lr 8.78e-05 | 209s
2026-09-17 21:17:06 | INFO    | epoch 11 | batch 2920/4266 | loss 0.5791 | acc 0.9055 | lr 8.78e-05 | 211s
2026-09-17 21:17:08 | INFO    | epoch 11 | batch 2940/4266 | loss 0.5791 | acc 0.9055 | lr 8.78e-05 | 212s
2026-09-17 21:17:09 | INFO    | epoch 11 | batch 2960/4266 | loss 0.5789 | acc 0.9056 | lr 8.78e-05 | 214s
2026-09-17 21:17:11 | INFO    | epoch 11 | batch 2980/4266 | loss 0.5789 | acc 0.9056 | lr 8.77e-05 | 215s
2026-09-17 21:17:12 | INFO    | epoch 11 | batch 3000/4266 | loss 0.5786 | acc 0.9058 | lr 8.77e-05 | 217s
2026-09-17 21:17:14 | INFO    | epoch 11 | batch 3020/4266 | loss 0.5785 | acc 0.9058 | lr 8.77e-05 | 218s
2026-09-17 21:17:15 | INFO    | epoch 11 | batch 3040/4266 | loss 0.5787 | acc 0.9058 | lr 8.77e-05 | 219s
2026-09-17 21:17:17 | INFO    | epoch 11 | batch 3060/4266 | loss 0.5786 | acc 0.9058 | lr 8.77e-05 | 221s
2026-09-17 21:17:18 | INFO    | epoch 11 | batch 3080/4266 | loss 0.5784 | acc 0.9060 | lr 8.77e-05 | 222s
2026-09-17 21:17:19 | INFO    | epoch 11 | batch 3100/4266 | loss 0.5783 | acc 0.9061 | lr 8.77e-05 | 224s
2026-09-17 21:17:21 | INFO    | epoch 11 | batch 3120/4266 | loss 0.5780 | acc 0.9063 | lr 8.77e-05 | 225s
2026-09-17 21:17:22 | INFO    | epoch 11 | batch 3140/4266 | loss 0.5779 | acc 0.9063 | lr 8.76e-05 | 227s
2026-09-17 21:17:24 | INFO    | epoch 11 | batch 3160/4266 | loss 0.5778 | acc 0.9064 | lr 8.76e-05 | 228s
2026-09-17 21:17:25 | INFO    | epoch 11 | batch 3180/4266 | loss 0.5778 | acc 0.9064 | lr 8.76e-05 | 229s
2026-09-17 21:17:27 | INFO    | epoch 11 | batch 3200/4266 | loss 0.5776 | acc 0.9065 | lr 8.76e-05 | 231s
2026-09-17 21:17:28 | INFO    | epoch 11 | batch 3220/4266 | loss 0.5775 | acc 0.9066 | lr 8.76e-05 | 232s
2026-09-17 21:17:29 | INFO    | epoch 11 | batch 3240/4266 | loss 0.5775 | acc 0.9065 | lr 8.76e-05 | 234s
2026-09-17 21:17:31 | INFO    | epoch 11 | batch 3260/4266 | loss 0.5775 | acc 0.9065 | lr 8.76e-05 | 235s
2026-09-17 21:17:32 | INFO    | epoch 11 | batch 3280/4266 | loss 0.5777 | acc 0.9064 | lr 8.76e-05 | 237s
2026-09-17 21:17:34 | INFO    | epoch 11 | batch 3300/4266 | loss 0.5777 | acc 0.9064 | lr 8.75e-05 | 238s
2026-09-17 21:17:35 | INFO    | epoch 11 | batch 3320/4266 | loss 0.5778 | acc 0.9064 | lr 8.75e-05 | 240s
2026-09-17 21:17:37 | INFO    | epoch 11 | batch 3340/4266 | loss 0.5778 | acc 0.9064 | lr 8.75e-05 | 241s
2026-09-17 21:17:38 | INFO    | epoch 11 | batch 3360/4266 | loss 0.5778 | acc 0.9064 | lr 8.75e-05 | 242s
2026-09-17 21:17:40 | INFO    | epoch 11 | batch 3380/4266 | loss 0.5779 | acc 0.9064 | lr 8.75e-05 | 244s
2026-09-17 21:17:41 | INFO    | epoch 11 | batch 3400/4266 | loss 0.5780 | acc 0.9063 | lr 8.75e-05 | 245s
2026-09-17 21:17:43 | INFO    | epoch 11 | batch 3420/4266 | loss 0.5781 | acc 0.9063 | lr 8.75e-05 | 247s
2026-09-17 21:17:44 | INFO    | epoch 11 | batch 3440/4266 | loss 0.5779 | acc 0.9064 | lr 8.75e-05 | 248s
2026-09-17 21:17:45 | INFO    | epoch 11 | batch 3460/4266 | loss 0.5780 | acc 0.9063 | lr 8.74e-05 | 250s
2026-09-17 21:17:47 | INFO    | epoch 11 | batch 3480/4266 | loss 0.5780 | acc 0.9062 | lr 8.74e-05 | 251s
2026-09-17 21:17:48 | INFO    | epoch 11 | batch 3500/4266 | loss 0.5780 | acc 0.9062 | lr 8.74e-05 | 253s
2026-09-17 21:17:50 | INFO    | epoch 11 | batch 3520/4266 | loss 0.5778 | acc 0.9064 | lr 8.74e-05 | 254s
2026-09-17 21:17:51 | INFO    | epoch 11 | batch 3540/4266 | loss 0.5778 | acc 0.9063 | lr 8.74e-05 | 255s
2026-09-17 21:17:53 | INFO    | epoch 11 | batch 3560/4266 | loss 0.5778 | acc 0.9063 | lr 8.74e-05 | 257s
2026-09-17 21:17:54 | INFO    | epoch 11 | batch 3580/4266 | loss 0.5778 | acc 0.9063 | lr 8.74e-05 | 258s
2026-09-17 21:17:55 | INFO    | epoch 11 | batch 3600/4266 | loss 0.5776 | acc 0.9063 | lr 8.73e-05 | 260s
2026-09-17 21:17:57 | INFO    | epoch 11 | batch 3620/4266 | loss 0.5777 | acc 0.9063 | lr 8.73e-05 | 261s
2026-09-17 21:17:58 | INFO    | epoch 11 | batch 3640/4266 | loss 0.5779 | acc 0.9062 | lr 8.73e-05 | 263s
2026-09-17 21:18:00 | INFO    | epoch 11 | batch 3660/4266 | loss 0.5778 | acc 0.9062 | lr 8.73e-05 | 264s
2026-09-17 21:18:01 | INFO    | epoch 11 | batch 3680/4266 | loss 0.5777 | acc 0.9063 | lr 8.73e-05 | 265s
2026-09-17 21:18:03 | INFO    | epoch 11 | batch 3700/4266 | loss 0.5778 | acc 0.9063 | lr 8.73e-05 | 267s
2026-09-17 21:18:04 | INFO    | epoch 11 | batch 3720/4266 | loss 0.5778 | acc 0.9063 | lr 8.73e-05 | 268s
2026-09-17 21:18:05 | INFO    | epoch 11 | batch 3740/4266 | loss 0.5777 | acc 0.9063 | lr 8.73e-05 | 270s
2026-09-17 21:18:07 | INFO    | epoch 11 | batch 3760/4266 | loss 0.5775 | acc 0.9064 | lr 8.72e-05 | 271s
2026-09-17 21:18:08 | INFO    | epoch 11 | batch 3780/4266 | loss 0.5777 | acc 0.9064 | lr 8.72e-05 | 273s
2026-09-17 21:18:10 | INFO    | epoch 11 | batch 3800/4266 | loss 0.5779 | acc 0.9063 | lr 8.72e-05 | 274s
2026-09-17 21:18:11 | INFO    | epoch 11 | batch 3820/4266 | loss 0.5778 | acc 0.9064 | lr 8.72e-05 | 275s
2026-09-17 21:18:12 | INFO    | epoch 11 | batch 3840/4266 | loss 0.5776 | acc 0.9065 | lr 8.72e-05 | 277s
2026-09-17 21:18:14 | INFO    | epoch 11 | batch 3860/4266 | loss 0.5774 | acc 0.9066 | lr 8.72e-05 | 278s
2026-09-17 21:18:15 | INFO    | epoch 11 | batch 3880/4266 | loss 0.5774 | acc 0.9067 | lr 8.72e-05 | 280s
2026-09-17 21:18:17 | INFO    | epoch 11 | batch 3900/4266 | loss 0.5775 | acc 0.9066 | lr 8.72e-05 | 281s
2026-09-17 21:18:18 | INFO    | epoch 11 | batch 3920/4266 | loss 0.5774 | acc 0.9067 | lr 8.71e-05 | 282s
2026-09-17 21:18:20 | INFO    | epoch 11 | batch 3940/4266 | loss 0.5774 | acc 0.9067 | lr 8.71e-05 | 284s
2026-09-17 21:18:21 | INFO    | epoch 11 | batch 3960/4266 | loss 0.5772 | acc 0.9068 | lr 8.71e-05 | 285s
2026-09-17 21:18:22 | INFO    | epoch 11 | batch 3980/4266 | loss 0.5772 | acc 0.9068 | lr 8.71e-05 | 287s
2026-09-17 21:18:24 | INFO    | epoch 11 | batch 4000/4266 | loss 0.5771 | acc 0.9069 | lr 8.71e-05 | 288s
2026-09-17 21:18:25 | INFO    | epoch 11 | batch 4020/4266 | loss 0.5771 | acc 0.9069 | lr 8.71e-05 | 290s
2026-09-17 21:18:27 | INFO    | epoch 11 | batch 4040/4266 | loss 0.5770 | acc 0.9069 | lr 8.71e-05 | 291s
2026-09-17 21:18:28 | INFO    | epoch 11 | batch 4060/4266 | loss 0.5769 | acc 0.9069 | lr 8.71e-05 | 292s
2026-09-17 21:18:30 | INFO    | epoch 11 | batch 4080/4266 | loss 0.5770 | acc 0.9069 | lr 8.70e-05 | 294s
2026-09-17 21:18:31 | INFO    | epoch 11 | batch 4100/4266 | loss 0.5771 | acc 0.9069 | lr 8.70e-05 | 295s
2026-09-17 21:18:32 | INFO    | epoch 11 | batch 4120/4266 | loss 0.5772 | acc 0.9068 | lr 8.70e-05 | 297s
2026-09-17 21:18:34 | INFO    | epoch 11 | batch 4140/4266 | loss 0.5771 | acc 0.9069 | lr 8.70e-05 | 298s
2026-09-17 21:18:35 | INFO    | epoch 11 | batch 4160/4266 | loss 0.5770 | acc 0.9069 | lr 8.70e-05 | 300s
2026-09-17 21:18:37 | INFO    | epoch 11 | batch 4180/4266 | loss 0.5770 | acc 0.9069 | lr 8.70e-05 | 301s
2026-09-17 21:18:38 | INFO    | epoch 11 | batch 4200/4266 | loss 0.5772 | acc 0.9068 | lr 8.70e-05 | 303s
2026-09-17 21:18:40 | INFO    | epoch 11 | batch 4220/4266 | loss 0.5770 | acc 0.9069 | lr 8.69e-05 | 304s
2026-09-17 21:18:41 | INFO    | epoch 11 | batch 4240/4266 | loss 0.5769 | acc 0.9070 | lr 8.69e-05 | 305s
2026-09-17 21:18:43 | INFO    | epoch 11 | batch 4260/4266 | loss 0.5768 | acc 0.9071 | lr 8.69e-05 | 307s
2026-09-17 21:18:43 | INFO    | epoch 11 | batch 4266/4266 | loss 0.5767 | acc 0.9071 | lr 8.69e-05 | 307s
2026-09-17 21:18:53 | INFO    | epoch 11/40 done in 317s | train loss 0.5767 | train running patch (aug): accuracy=0.9071 precision=0.9061 recall=0.9037 f1=0.9048
2026-09-17 21:18:53 | INFO    | epoch 11 train (eval, no aug) | loss 0.6372 | patch[7280]: accuracy=0.8698 precision=0.8709 recall=0.8648 f1=0.8672 | image[455]: accuracy=0.9538 precision=0.9585 recall=0.9505 f1=0.9537
2026-09-17 21:18:53 | INFO    | epoch 11 val | loss 1.1215 | patch[8448]: accuracy=0.6370 precision=0.6174 recall=0.6099 f1=0.6104 | image[96]: accuracy=0.6771 precision=0.6625 recall=0.6441 f1=0.6448
2026-09-17 21:18:53 | INFO    | val_patch_f1 = 0.6104 (best 0.6104 @ epoch 11) *
2026-09-17 21:18:54 | INFO    | epoch 12 | batch 20/4266 | loss 0.5847 | acc 0.9047 | lr 8.69e-05 | 2s
2026-09-17 21:18:56 | INFO    | epoch 12 | batch 40/4266 | loss 0.5744 | acc 0.9094 | lr 8.69e-05 | 3s
2026-09-17 21:18:57 | INFO    | epoch 12 | batch 60/4266 | loss 0.5627 | acc 0.9167 | lr 8.69e-05 | 5s
2026-09-17 21:18:59 | INFO    | epoch 12 | batch 80/4266 | loss 0.5693 | acc 0.9137 | lr 8.69e-05 | 6s
2026-09-17 21:19:00 | INFO    | epoch 12 | batch 100/4266 | loss 0.5712 | acc 0.9119 | lr 8.69e-05 | 7s
2026-09-17 21:19:02 | INFO    | epoch 12 | batch 120/4266 | loss 0.5743 | acc 0.9099 | lr 8.68e-05 | 9s
2026-09-17 21:19:03 | INFO    | epoch 12 | batch 140/4266 | loss 0.5711 | acc 0.9121 | lr 8.68e-05 | 10s
2026-09-17 21:19:05 | INFO    | epoch 12 | batch 160/4266 | loss 0.5706 | acc 0.9131 | lr 8.68e-05 | 12s
2026-09-17 21:19:06 | INFO    | epoch 12 | batch 180/4266 | loss 0.5709 | acc 0.9116 | lr 8.68e-05 | 13s
2026-09-17 21:19:07 | INFO    | epoch 12 | batch 200/4266 | loss 0.5692 | acc 0.9127 | lr 8.68e-05 | 15s
2026-09-17 21:19:09 | INFO    | epoch 12 | batch 220/4266 | loss 0.5711 | acc 0.9111 | lr 8.68e-05 | 16s
2026-09-17 21:19:10 | INFO    | epoch 12 | batch 240/4266 | loss 0.5681 | acc 0.9128 | lr 8.68e-05 | 17s
2026-09-17 21:19:12 | INFO    | epoch 12 | batch 260/4266 | loss 0.5657 | acc 0.9144 | lr 8.67e-05 | 19s
2026-09-17 21:19:13 | INFO    | epoch 12 | batch 280/4266 | loss 0.5629 | acc 0.9157 | lr 8.67e-05 | 20s
2026-09-17 21:19:15 | INFO    | epoch 12 | batch 300/4266 | loss 0.5617 | acc 0.9165 | lr 8.67e-05 | 22s
2026-09-17 21:19:16 | INFO    | epoch 12 | batch 320/4266 | loss 0.5618 | acc 0.9164 | lr 8.67e-05 | 23s
2026-09-17 21:19:18 | INFO    | epoch 12 | batch 340/4266 | loss 0.5637 | acc 0.9156 | lr 8.67e-05 | 25s
2026-09-17 21:19:19 | INFO    | epoch 12 | batch 360/4266 | loss 0.5615 | acc 0.9168 | lr 8.67e-05 | 26s
2026-09-17 21:19:20 | INFO    | epoch 12 | batch 380/4266 | loss 0.5618 | acc 0.9164 | lr 8.67e-05 | 28s
2026-09-17 21:19:22 | INFO    | epoch 12 | batch 400/4266 | loss 0.5626 | acc 0.9163 | lr 8.67e-05 | 29s
2026-09-17 21:19:23 | INFO    | epoch 12 | batch 420/4266 | loss 0.5616 | acc 0.9165 | lr 8.66e-05 | 30s
2026-09-17 21:19:25 | INFO    | epoch 12 | batch 440/4266 | loss 0.5610 | acc 0.9169 | lr 8.66e-05 | 32s
2026-09-17 21:19:26 | INFO    | epoch 12 | batch 460/4266 | loss 0.5622 | acc 0.9162 | lr 8.66e-05 | 33s
2026-09-17 21:19:28 | INFO    | epoch 12 | batch 480/4266 | loss 0.5618 | acc 0.9165 | lr 8.66e-05 | 35s
2026-09-17 21:19:29 | INFO    | epoch 12 | batch 500/4266 | loss 0.5625 | acc 0.9162 | lr 8.66e-05 | 36s
2026-09-17 21:19:30 | INFO    | epoch 12 | batch 520/4266 | loss 0.5620 | acc 0.9165 | lr 8.66e-05 | 38s
2026-09-17 21:19:32 | INFO    | epoch 12 | batch 540/4266 | loss 0.5618 | acc 0.9163 | lr 8.66e-05 | 39s
2026-09-17 21:19:33 | INFO    | epoch 12 | batch 560/4266 | loss 0.5610 | acc 0.9170 | lr 8.66e-05 | 40s
2026-09-17 21:19:35 | INFO    | epoch 12 | batch 580/4266 | loss 0.5617 | acc 0.9166 | lr 8.65e-05 | 42s
2026-09-17 21:19:36 | INFO    | epoch 12 | batch 600/4266 | loss 0.5619 | acc 0.9166 | lr 8.65e-05 | 43s
2026-09-17 21:19:38 | INFO    | epoch 12 | batch 620/4266 | loss 0.5628 | acc 0.9158 | lr 8.65e-05 | 45s
2026-09-17 21:19:39 | INFO    | epoch 12 | batch 640/4266 | loss 0.5636 | acc 0.9154 | lr 8.65e-05 | 46s
2026-09-17 21:19:40 | INFO    | epoch 12 | batch 660/4266 | loss 0.5646 | acc 0.9148 | lr 8.65e-05 | 48s
2026-09-17 21:19:42 | INFO    | epoch 12 | batch 680/4266 | loss 0.5637 | acc 0.9153 | lr 8.65e-05 | 49s
2026-09-17 21:19:43 | INFO    | epoch 12 | batch 700/4266 | loss 0.5628 | acc 0.9155 | lr 8.65e-05 | 50s
2026-09-17 21:19:45 | INFO    | epoch 12 | batch 720/4266 | loss 0.5630 | acc 0.9156 | lr 8.64e-05 | 52s
2026-09-17 21:19:46 | INFO    | epoch 12 | batch 740/4266 | loss 0.5633 | acc 0.9153 | lr 8.64e-05 | 53s
2026-09-17 21:19:48 | INFO    | epoch 12 | batch 760/4266 | loss 0.5642 | acc 0.9149 | lr 8.64e-05 | 55s
2026-09-17 21:19:49 | INFO    | epoch 12 | batch 780/4266 | loss 0.5640 | acc 0.9151 | lr 8.64e-05 | 56s
2026-09-17 21:19:50 | INFO    | epoch 12 | batch 800/4266 | loss 0.5645 | acc 0.9147 | lr 8.64e-05 | 57s
2026-09-17 21:19:52 | INFO    | epoch 12 | batch 820/4266 | loss 0.5642 | acc 0.9146 | lr 8.64e-05 | 59s
2026-09-17 21:19:53 | INFO    | epoch 12 | batch 840/4266 | loss 0.5649 | acc 0.9144 | lr 8.64e-05 | 60s
2026-09-17 21:19:55 | INFO    | epoch 12 | batch 860/4266 | loss 0.5655 | acc 0.9140 | lr 8.64e-05 | 62s
2026-09-17 21:19:56 | INFO    | epoch 12 | batch 880/4266 | loss 0.5651 | acc 0.9143 | lr 8.63e-05 | 63s
2026-09-17 21:19:57 | INFO    | epoch 12 | batch 900/4266 | loss 0.5648 | acc 0.9143 | lr 8.63e-05 | 64s
2026-09-17 21:19:59 | INFO    | epoch 12 | batch 920/4266 | loss 0.5644 | acc 0.9145 | lr 8.63e-05 | 66s
2026-09-17 21:20:00 | INFO    | epoch 12 | batch 940/4266 | loss 0.5645 | acc 0.9146 | lr 8.63e-05 | 67s
2026-09-17 21:20:01 | INFO    | epoch 12 | batch 960/4266 | loss 0.5643 | acc 0.9145 | lr 8.63e-05 | 69s
2026-09-17 21:20:03 | INFO    | epoch 12 | batch 980/4266 | loss 0.5642 | acc 0.9145 | lr 8.63e-05 | 70s
2026-09-17 21:20:04 | INFO    | epoch 12 | batch 1000/4266 | loss 0.5639 | acc 0.9147 | lr 8.63e-05 | 71s
2026-09-17 21:20:06 | INFO    | epoch 12 | batch 1020/4266 | loss 0.5640 | acc 0.9146 | lr 8.62e-05 | 73s
2026-09-17 21:20:07 | INFO    | epoch 12 | batch 1040/4266 | loss 0.5638 | acc 0.9147 | lr 8.62e-05 | 74s
2026-09-17 21:20:09 | INFO    | epoch 12 | batch 1060/4266 | loss 0.5640 | acc 0.9147 | lr 8.62e-05 | 76s
2026-09-17 21:20:10 | INFO    | epoch 12 | batch 1080/4266 | loss 0.5639 | acc 0.9147 | lr 8.62e-05 | 77s
2026-09-17 21:20:11 | INFO    | epoch 12 | batch 1100/4266 | loss 0.5637 | acc 0.9147 | lr 8.62e-05 | 79s
2026-09-17 21:20:13 | INFO    | epoch 12 | batch 1120/4266 | loss 0.5641 | acc 0.9144 | lr 8.62e-05 | 80s
2026-09-17 21:20:14 | INFO    | epoch 12 | batch 1140/4266 | loss 0.5636 | acc 0.9146 | lr 8.62e-05 | 81s
2026-09-17 21:20:16 | INFO    | epoch 12 | batch 1160/4266 | loss 0.5635 | acc 0.9147 | lr 8.62e-05 | 83s
2026-09-17 21:20:17 | INFO    | epoch 12 | batch 1180/4266 | loss 0.5634 | acc 0.9148 | lr 8.61e-05 | 84s
2026-09-17 21:20:19 | INFO    | epoch 12 | batch 1200/4266 | loss 0.5638 | acc 0.9146 | lr 8.61e-05 | 86s
2026-09-17 21:20:20 | INFO    | epoch 12 | batch 1220/4266 | loss 0.5637 | acc 0.9147 | lr 8.61e-05 | 87s
2026-09-17 21:20:22 | INFO    | epoch 12 | batch 1240/4266 | loss 0.5635 | acc 0.9148 | lr 8.61e-05 | 89s
2026-09-17 21:20:23 | INFO    | epoch 12 | batch 1260/4266 | loss 0.5639 | acc 0.9145 | lr 8.61e-05 | 90s
2026-09-17 21:20:24 | INFO    | epoch 12 | batch 1280/4266 | loss 0.5640 | acc 0.9144 | lr 8.61e-05 | 92s
2026-09-17 21:20:26 | INFO    | epoch 12 | batch 1300/4266 | loss 0.5638 | acc 0.9144 | lr 8.61e-05 | 93s
2026-09-17 21:20:27 | INFO    | epoch 12 | batch 1320/4266 | loss 0.5640 | acc 0.9142 | lr 8.60e-05 | 94s
2026-09-17 21:20:29 | INFO    | epoch 12 | batch 1340/4266 | loss 0.5644 | acc 0.9139 | lr 8.60e-05 | 96s
2026-09-17 21:20:30 | INFO    | epoch 12 | batch 1360/4266 | loss 0.5644 | acc 0.9137 | lr 8.60e-05 | 97s
2026-09-17 21:20:32 | INFO    | epoch 12 | batch 1380/4266 | loss 0.5642 | acc 0.9138 | lr 8.60e-05 | 99s
2026-09-17 21:20:33 | INFO    | epoch 12 | batch 1400/4266 | loss 0.5643 | acc 0.9137 | lr 8.60e-05 | 100s
2026-09-17 21:20:35 | INFO    | epoch 12 | batch 1420/4266 | loss 0.5646 | acc 0.9135 | lr 8.60e-05 | 102s
2026-09-17 21:20:36 | INFO    | epoch 12 | batch 1440/4266 | loss 0.5640 | acc 0.9137 | lr 8.60e-05 | 103s
2026-09-17 21:20:37 | INFO    | epoch 12 | batch 1460/4266 | loss 0.5644 | acc 0.9135 | lr 8.60e-05 | 104s
2026-09-17 21:20:39 | INFO    | epoch 12 | batch 1480/4266 | loss 0.5646 | acc 0.9134 | lr 8.59e-05 | 106s
2026-09-17 21:20:40 | INFO    | epoch 12 | batch 1500/4266 | loss 0.5646 | acc 0.9133 | lr 8.59e-05 | 107s
2026-09-17 21:20:42 | INFO    | epoch 12 | batch 1520/4266 | loss 0.5642 | acc 0.9135 | lr 8.59e-05 | 109s
2026-09-17 21:20:43 | INFO    | epoch 12 | batch 1540/4266 | loss 0.5641 | acc 0.9135 | lr 8.59e-05 | 110s
2026-09-17 21:20:44 | INFO    | epoch 12 | batch 1560/4266 | loss 0.5640 | acc 0.9136 | lr 8.59e-05 | 112s
2026-09-17 21:20:46 | INFO    | epoch 12 | batch 1580/4266 | loss 0.5641 | acc 0.9136 | lr 8.59e-05 | 113s
2026-09-17 21:20:47 | INFO    | epoch 12 | batch 1600/4266 | loss 0.5640 | acc 0.9137 | lr 8.59e-05 | 114s
2026-09-17 21:20:49 | INFO    | epoch 12 | batch 1620/4266 | loss 0.5641 | acc 0.9136 | lr 8.58e-05 | 116s
2026-09-17 21:20:50 | INFO    | epoch 12 | batch 1640/4266 | loss 0.5645 | acc 0.9133 | lr 8.58e-05 | 117s
2026-09-17 21:20:52 | INFO    | epoch 12 | batch 1660/4266 | loss 0.5648 | acc 0.9131 | lr 8.58e-05 | 119s
2026-09-17 21:20:53 | INFO    | epoch 12 | batch 1680/4266 | loss 0.5646 | acc 0.9132 | lr 8.58e-05 | 120s
2026-09-17 21:20:55 | INFO    | epoch 12 | batch 1700/4266 | loss 0.5645 | acc 0.9132 | lr 8.58e-05 | 122s
2026-09-17 21:20:56 | INFO    | epoch 12 | batch 1720/4266 | loss 0.5642 | acc 0.9133 | lr 8.58e-05 | 123s
2026-09-17 21:20:57 | INFO    | epoch 12 | batch 1740/4266 | loss 0.5642 | acc 0.9134 | lr 8.58e-05 | 124s
2026-09-17 21:20:59 | INFO    | epoch 12 | batch 1760/4266 | loss 0.5641 | acc 0.9134 | lr 8.58e-05 | 126s
2026-09-17 21:21:00 | INFO    | epoch 12 | batch 1780/4266 | loss 0.5641 | acc 0.9133 | lr 8.57e-05 | 127s
2026-09-17 21:21:02 | INFO    | epoch 12 | batch 1800/4266 | loss 0.5638 | acc 0.9135 | lr 8.57e-05 | 129s
2026-09-17 21:21:03 | INFO    | epoch 12 | batch 1820/4266 | loss 0.5639 | acc 0.9135 | lr 8.57e-05 | 130s
2026-09-17 21:21:05 | INFO    | epoch 12 | batch 1840/4266 | loss 0.5638 | acc 0.9136 | lr 8.57e-05 | 132s
2026-09-17 21:21:06 | INFO    | epoch 12 | batch 1860/4266 | loss 0.5642 | acc 0.9134 | lr 8.57e-05 | 133s
2026-09-17 21:21:07 | INFO    | epoch 12 | batch 1880/4266 | loss 0.5643 | acc 0.9134 | lr 8.57e-05 | 134s
2026-09-17 21:21:09 | INFO    | epoch 12 | batch 1900/4266 | loss 0.5646 | acc 0.9132 | lr 8.57e-05 | 136s
2026-09-17 21:21:10 | INFO    | epoch 12 | batch 1920/4266 | loss 0.5649 | acc 0.9132 | lr 8.56e-05 | 137s
2026-09-17 21:21:12 | INFO    | epoch 12 | batch 1940/4266 | loss 0.5647 | acc 0.9132 | lr 8.56e-05 | 139s
2026-09-17 21:21:13 | INFO    | epoch 12 | batch 1960/4266 | loss 0.5644 | acc 0.9134 | lr 8.56e-05 | 140s
2026-09-17 21:21:14 | INFO    | epoch 12 | batch 1980/4266 | loss 0.5644 | acc 0.9134 | lr 8.56e-05 | 142s
2026-09-17 21:21:16 | INFO    | epoch 12 | batch 2000/4266 | loss 0.5646 | acc 0.9132 | lr 8.56e-05 | 143s
2026-09-17 21:21:17 | INFO    | epoch 12 | batch 2020/4266 | loss 0.5644 | acc 0.9133 | lr 8.56e-05 | 144s
2026-09-17 21:21:19 | INFO    | epoch 12 | batch 2040/4266 | loss 0.5645 | acc 0.9133 | lr 8.56e-05 | 146s
2026-09-17 21:21:20 | INFO    | epoch 12 | batch 2060/4266 | loss 0.5645 | acc 0.9132 | lr 8.56e-05 | 147s
2026-09-17 21:21:22 | INFO    | epoch 12 | batch 2080/4266 | loss 0.5647 | acc 0.9131 | lr 8.55e-05 | 149s
2026-09-17 21:21:23 | INFO    | epoch 12 | batch 2100/4266 | loss 0.5650 | acc 0.9131 | lr 8.55e-05 | 150s
2026-09-17 21:21:24 | INFO    | epoch 12 | batch 2120/4266 | loss 0.5649 | acc 0.9132 | lr 8.55e-05 | 151s
2026-09-17 21:21:26 | INFO    | epoch 12 | batch 2140/4266 | loss 0.5648 | acc 0.9132 | lr 8.55e-05 | 153s
2026-09-17 21:21:27 | INFO    | epoch 12 | batch 2160/4266 | loss 0.5646 | acc 0.9133 | lr 8.55e-05 | 154s
2026-09-17 21:21:29 | INFO    | epoch 12 | batch 2180/4266 | loss 0.5644 | acc 0.9134 | lr 8.55e-05 | 156s
2026-09-17 21:21:30 | INFO    | epoch 12 | batch 2200/4266 | loss 0.5646 | acc 0.9134 | lr 8.55e-05 | 157s
2026-09-17 21:21:31 | INFO    | epoch 12 | batch 2220/4266 | loss 0.5646 | acc 0.9133 | lr 8.54e-05 | 159s
2026-09-17 21:21:33 | INFO    | epoch 12 | batch 2240/4266 | loss 0.5644 | acc 0.9133 | lr 8.54e-05 | 160s
2026-09-17 21:21:34 | INFO    | epoch 12 | batch 2260/4266 | loss 0.5642 | acc 0.9135 | lr 8.54e-05 | 161s
2026-09-17 21:21:36 | INFO    | epoch 12 | batch 2280/4266 | loss 0.5643 | acc 0.9134 | lr 8.54e-05 | 163s
2026-09-17 21:21:37 | INFO    | epoch 12 | batch 2300/4266 | loss 0.5643 | acc 0.9134 | lr 8.54e-05 | 164s
2026-09-17 21:21:39 | INFO    | epoch 12 | batch 2320/4266 | loss 0.5640 | acc 0.9135 | lr 8.54e-05 | 166s
2026-09-17 21:21:40 | INFO    | epoch 12 | batch 2340/4266 | loss 0.5641 | acc 0.9135 | lr 8.54e-05 | 167s
2026-09-17 21:21:41 | INFO    | epoch 12 | batch 2360/4266 | loss 0.5642 | acc 0.9134 | lr 8.53e-05 | 169s
2026-09-17 21:21:43 | INFO    | epoch 12 | batch 2380/4266 | loss 0.5643 | acc 0.9133 | lr 8.53e-05 | 170s
2026-09-17 21:21:44 | INFO    | epoch 12 | batch 2400/4266 | loss 0.5643 | acc 0.9132 | lr 8.53e-05 | 171s
2026-09-17 21:21:46 | INFO    | epoch 12 | batch 2420/4266 | loss 0.5643 | acc 0.9132 | lr 8.53e-05 | 173s
2026-09-17 21:21:47 | INFO    | epoch 12 | batch 2440/4266 | loss 0.5642 | acc 0.9133 | lr 8.53e-05 | 174s
2026-09-17 21:21:49 | INFO    | epoch 12 | batch 2460/4266 | loss 0.5639 | acc 0.9134 | lr 8.53e-05 | 176s
2026-09-17 21:21:50 | INFO    | epoch 12 | batch 2480/4266 | loss 0.5640 | acc 0.9135 | lr 8.53e-05 | 177s
2026-09-17 21:21:51 | INFO    | epoch 12 | batch 2500/4266 | loss 0.5641 | acc 0.9134 | lr 8.53e-05 | 179s
2026-09-17 21:21:53 | INFO    | epoch 12 | batch 2520/4266 | loss 0.5639 | acc 0.9136 | lr 8.52e-05 | 180s
2026-09-17 21:21:54 | INFO    | epoch 12 | batch 2540/4266 | loss 0.5637 | acc 0.9136 | lr 8.52e-05 | 182s
2026-09-17 21:21:56 | INFO    | epoch 12 | batch 2560/4266 | loss 0.5638 | acc 0.9135 | lr 8.52e-05 | 183s
2026-09-17 21:21:57 | INFO    | epoch 12 | batch 2580/4266 | loss 0.5638 | acc 0.9135 | lr 8.52e-05 | 184s
2026-09-17 21:21:59 | INFO    | epoch 12 | batch 2600/4266 | loss 0.5637 | acc 0.9135 | lr 8.52e-05 | 186s
2026-09-17 21:22:00 | INFO    | epoch 12 | batch 2620/4266 | loss 0.5639 | acc 0.9134 | lr 8.52e-05 | 187s
2026-09-17 21:22:02 | INFO    | epoch 12 | batch 2640/4266 | loss 0.5638 | acc 0.9135 | lr 8.52e-05 | 189s
2026-09-17 21:22:03 | INFO    | epoch 12 | batch 2660/4266 | loss 0.5637 | acc 0.9135 | lr 8.51e-05 | 190s
2026-09-17 21:22:05 | INFO    | epoch 12 | batch 2680/4266 | loss 0.5637 | acc 0.9135 | lr 8.51e-05 | 192s
2026-09-17 21:22:06 | INFO    | epoch 12 | batch 2700/4266 | loss 0.5636 | acc 0.9136 | lr 8.51e-05 | 193s
2026-09-17 21:22:08 | INFO    | epoch 12 | batch 2720/4266 | loss 0.5633 | acc 0.9137 | lr 8.51e-05 | 195s
2026-09-17 21:22:09 | INFO    | epoch 12 | batch 2740/4266 | loss 0.5633 | acc 0.9138 | lr 8.51e-05 | 196s
2026-09-17 21:22:10 | INFO    | epoch 12 | batch 2760/4266 | loss 0.5634 | acc 0.9137 | lr 8.51e-05 | 198s
2026-09-17 21:22:12 | INFO    | epoch 12 | batch 2780/4266 | loss 0.5633 | acc 0.9137 | lr 8.51e-05 | 199s
2026-09-17 21:22:13 | INFO    | epoch 12 | batch 2800/4266 | loss 0.5635 | acc 0.9135 | lr 8.50e-05 | 201s
2026-09-17 21:22:15 | INFO    | epoch 12 | batch 2820/4266 | loss 0.5635 | acc 0.9136 | lr 8.50e-05 | 202s
2026-09-17 21:22:16 | INFO    | epoch 12 | batch 2840/4266 | loss 0.5634 | acc 0.9137 | lr 8.50e-05 | 204s
2026-09-17 21:22:18 | INFO    | epoch 12 | batch 2860/4266 | loss 0.5632 | acc 0.9138 | lr 8.50e-05 | 205s
2026-09-17 21:22:19 | INFO    | epoch 12 | batch 2880/4266 | loss 0.5631 | acc 0.9138 | lr 8.50e-05 | 206s
2026-09-17 21:22:20 | INFO    | epoch 12 | batch 2900/4266 | loss 0.5630 | acc 0.9138 | lr 8.50e-05 | 208s
2026-09-17 21:22:22 | INFO    | epoch 12 | batch 2920/4266 | loss 0.5629 | acc 0.9139 | lr 8.50e-05 | 209s
2026-09-17 21:22:23 | INFO    | epoch 12 | batch 2940/4266 | loss 0.5631 | acc 0.9138 | lr 8.50e-05 | 211s
2026-09-17 21:22:25 | INFO    | epoch 12 | batch 2960/4266 | loss 0.5630 | acc 0.9138 | lr 8.49e-05 | 212s
2026-09-17 21:22:26 | INFO    | epoch 12 | batch 2980/4266 | loss 0.5632 | acc 0.9138 | lr 8.49e-05 | 214s
2026-09-17 21:22:28 | INFO    | epoch 12 | batch 3000/4266 | loss 0.5630 | acc 0.9139 | lr 8.49e-05 | 215s
2026-09-17 21:22:29 | INFO    | epoch 12 | batch 3020/4266 | loss 0.5629 | acc 0.9140 | lr 8.49e-05 | 217s
2026-09-17 21:22:31 | INFO    | epoch 12 | batch 3040/4266 | loss 0.5630 | acc 0.9140 | lr 8.49e-05 | 218s
2026-09-17 21:22:32 | INFO    | epoch 12 | batch 3060/4266 | loss 0.5630 | acc 0.9140 | lr 8.49e-05 | 219s
2026-09-17 21:22:34 | INFO    | epoch 12 | batch 3080/4266 | loss 0.5634 | acc 0.9138 | lr 8.49e-05 | 221s
2026-09-17 21:22:35 | INFO    | epoch 12 | batch 3100/4266 | loss 0.5633 | acc 0.9138 | lr 8.48e-05 | 223s
2026-09-17 21:22:37 | INFO    | epoch 12 | batch 3120/4266 | loss 0.5634 | acc 0.9137 | lr 8.48e-05 | 224s
2026-09-17 21:22:38 | INFO    | epoch 12 | batch 3140/4266 | loss 0.5634 | acc 0.9138 | lr 8.48e-05 | 225s
2026-09-17 21:22:40 | INFO    | epoch 12 | batch 3160/4266 | loss 0.5633 | acc 0.9139 | lr 8.48e-05 | 227s
2026-09-17 21:22:41 | INFO    | epoch 12 | batch 3180/4266 | loss 0.5632 | acc 0.9140 | lr 8.48e-05 | 228s
2026-09-17 21:22:43 | INFO    | epoch 12 | batch 3200/4266 | loss 0.5633 | acc 0.9140 | lr 8.48e-05 | 230s
2026-09-17 21:22:44 | INFO    | epoch 12 | batch 3220/4266 | loss 0.5635 | acc 0.9138 | lr 8.48e-05 | 231s
2026-09-17 21:22:46 | INFO    | epoch 12 | batch 3240/4266 | loss 0.5633 | acc 0.9139 | lr 8.47e-05 | 233s
2026-09-17 21:22:47 | INFO    | epoch 12 | batch 3260/4266 | loss 0.5633 | acc 0.9140 | lr 8.47e-05 | 234s
2026-09-17 21:22:49 | INFO    | epoch 12 | batch 3280/4266 | loss 0.5632 | acc 0.9140 | lr 8.47e-05 | 236s
2026-09-17 21:22:50 | INFO    | epoch 12 | batch 3300/4266 | loss 0.5632 | acc 0.9141 | lr 8.47e-05 | 237s
2026-09-17 21:22:52 | INFO    | epoch 12 | batch 3320/4266 | loss 0.5631 | acc 0.9142 | lr 8.47e-05 | 239s
2026-09-17 21:22:53 | INFO    | epoch 12 | batch 3340/4266 | loss 0.5630 | acc 0.9142 | lr 8.47e-05 | 240s
2026-09-17 21:22:55 | INFO    | epoch 12 | batch 3360/4266 | loss 0.5629 | acc 0.9143 | lr 8.47e-05 | 242s
2026-09-17 21:22:56 | INFO    | epoch 12 | batch 3380/4266 | loss 0.5630 | acc 0.9142 | lr 8.46e-05 | 243s
2026-09-17 21:22:57 | INFO    | epoch 12 | batch 3400/4266 | loss 0.5630 | acc 0.9142 | lr 8.46e-05 | 245s
2026-09-17 21:22:59 | INFO    | epoch 12 | batch 3420/4266 | loss 0.5629 | acc 0.9143 | lr 8.46e-05 | 246s
2026-09-17 21:23:00 | INFO    | epoch 12 | batch 3440/4266 | loss 0.5630 | acc 0.9142 | lr 8.46e-05 | 247s
2026-09-17 21:23:02 | INFO    | epoch 12 | batch 3460/4266 | loss 0.5630 | acc 0.9141 | lr 8.46e-05 | 249s
2026-09-17 21:23:03 | INFO    | epoch 12 | batch 3480/4266 | loss 0.5629 | acc 0.9143 | lr 8.46e-05 | 250s
2026-09-17 21:23:05 | INFO    | epoch 12 | batch 3500/4266 | loss 0.5628 | acc 0.9143 | lr 8.46e-05 | 252s
2026-09-17 21:23:06 | INFO    | epoch 12 | batch 3520/4266 | loss 0.5628 | acc 0.9143 | lr 8.45e-05 | 253s
2026-09-17 21:23:07 | INFO    | epoch 12 | batch 3540/4266 | loss 0.5629 | acc 0.9142 | lr 8.45e-05 | 254s
2026-09-17 21:23:09 | INFO    | epoch 12 | batch 3560/4266 | loss 0.5628 | acc 0.9143 | lr 8.45e-05 | 256s
2026-09-17 21:23:10 | INFO    | epoch 12 | batch 3580/4266 | loss 0.5627 | acc 0.9143 | lr 8.45e-05 | 257s
2026-09-17 21:23:12 | INFO    | epoch 12 | batch 3600/4266 | loss 0.5629 | acc 0.9142 | lr 8.45e-05 | 259s
2026-09-17 21:23:13 | INFO    | epoch 12 | batch 3620/4266 | loss 0.5627 | acc 0.9143 | lr 8.45e-05 | 260s
2026-09-17 21:23:14 | INFO    | epoch 12 | batch 3640/4266 | loss 0.5626 | acc 0.9143 | lr 8.45e-05 | 261s
2026-09-17 21:23:16 | INFO    | epoch 12 | batch 3660/4266 | loss 0.5627 | acc 0.9143 | lr 8.45e-05 | 263s
2026-09-17 21:23:17 | INFO    | epoch 12 | batch 3680/4266 | loss 0.5625 | acc 0.9143 | lr 8.44e-05 | 265s
2026-09-17 21:23:19 | INFO    | epoch 12 | batch 3700/4266 | loss 0.5626 | acc 0.9143 | lr 8.44e-05 | 266s
2026-09-17 21:23:20 | INFO    | epoch 12 | batch 3720/4266 | loss 0.5627 | acc 0.9142 | lr 8.44e-05 | 267s
2026-09-17 21:23:22 | INFO    | epoch 12 | batch 3740/4266 | loss 0.5625 | acc 0.9144 | lr 8.44e-05 | 269s
2026-09-17 21:23:23 | INFO    | epoch 12 | batch 3760/4266 | loss 0.5623 | acc 0.9144 | lr 8.44e-05 | 270s
2026-09-17 21:23:24 | INFO    | epoch 12 | batch 3780/4266 | loss 0.5622 | acc 0.9145 | lr 8.44e-05 | 272s
2026-09-17 21:23:26 | INFO    | epoch 12 | batch 3800/4266 | loss 0.5620 | acc 0.9146 | lr 8.44e-05 | 273s
2026-09-17 21:23:27 | INFO    | epoch 12 | batch 3820/4266 | loss 0.5621 | acc 0.9145 | lr 8.43e-05 | 274s
2026-09-17 21:23:29 | INFO    | epoch 12 | batch 3840/4266 | loss 0.5621 | acc 0.9145 | lr 8.43e-05 | 276s
2026-09-17 21:23:30 | INFO    | epoch 12 | batch 3860/4266 | loss 0.5621 | acc 0.9145 | lr 8.43e-05 | 277s
2026-09-17 21:23:31 | INFO    | epoch 12 | batch 3880/4266 | loss 0.5622 | acc 0.9145 | lr 8.43e-05 | 279s
2026-09-17 21:23:33 | INFO    | epoch 12 | batch 3900/4266 | loss 0.5622 | acc 0.9145 | lr 8.43e-05 | 280s
2026-09-17 21:23:34 | INFO    | epoch 12 | batch 3920/4266 | loss 0.5620 | acc 0.9146 | lr 8.43e-05 | 281s
2026-09-17 21:23:36 | INFO    | epoch 12 | batch 3940/4266 | loss 0.5620 | acc 0.9146 | lr 8.43e-05 | 283s
2026-09-17 21:23:37 | INFO    | epoch 12 | batch 3960/4266 | loss 0.5621 | acc 0.9146 | lr 8.42e-05 | 284s
2026-09-17 21:23:39 | INFO    | epoch 12 | batch 3980/4266 | loss 0.5620 | acc 0.9146 | lr 8.42e-05 | 286s
2026-09-17 21:23:40 | INFO    | epoch 12 | batch 4000/4266 | loss 0.5620 | acc 0.9147 | lr 8.42e-05 | 287s
2026-09-17 21:23:41 | INFO    | epoch 12 | batch 4020/4266 | loss 0.5620 | acc 0.9147 | lr 8.42e-05 | 288s
2026-09-17 21:23:43 | INFO    | epoch 12 | batch 4040/4266 | loss 0.5620 | acc 0.9147 | lr 8.42e-05 | 290s
2026-09-17 21:23:44 | INFO    | epoch 12 | batch 4060/4266 | loss 0.5620 | acc 0.9147 | lr 8.42e-05 | 291s
2026-09-17 21:23:46 | INFO    | epoch 12 | batch 4080/4266 | loss 0.5621 | acc 0.9147 | lr 8.42e-05 | 293s
2026-09-17 21:23:47 | INFO    | epoch 12 | batch 4100/4266 | loss 0.5621 | acc 0.9147 | lr 8.41e-05 | 294s
2026-09-17 21:23:48 | INFO    | epoch 12 | batch 4120/4266 | loss 0.5619 | acc 0.9147 | lr 8.41e-05 | 296s
2026-09-17 21:23:50 | INFO    | epoch 12 | batch 4140/4266 | loss 0.5618 | acc 0.9148 | lr 8.41e-05 | 297s
2026-09-17 21:23:51 | INFO    | epoch 12 | batch 4160/4266 | loss 0.5618 | acc 0.9148 | lr 8.41e-05 | 298s
2026-09-17 21:23:53 | INFO    | epoch 12 | batch 4180/4266 | loss 0.5617 | acc 0.9148 | lr 8.41e-05 | 300s
2026-09-17 21:23:54 | INFO    | epoch 12 | batch 4200/4266 | loss 0.5615 | acc 0.9149 | lr 8.41e-05 | 301s
2026-09-17 21:23:55 | INFO    | epoch 12 | batch 4220/4266 | loss 0.5616 | acc 0.9148 | lr 8.41e-05 | 303s
2026-09-17 21:23:57 | INFO    | epoch 12 | batch 4240/4266 | loss 0.5616 | acc 0.9148 | lr 8.40e-05 | 304s
2026-09-17 21:23:58 | INFO    | epoch 12 | batch 4260/4266 | loss 0.5615 | acc 0.9148 | lr 8.40e-05 | 305s
2026-09-17 21:23:59 | INFO    | epoch 12 | batch 4266/4266 | loss 0.5615 | acc 0.9148 | lr 8.40e-05 | 306s
2026-09-17 21:24:09 | INFO    | epoch 12/40 done in 316s | train loss 0.5615 | train running patch (aug): accuracy=0.9148 precision=0.9139 recall=0.9121 f1=0.9129
2026-09-17 21:24:09 | INFO    | epoch 12 train (eval, no aug) | loss 0.5816 | patch[7280]: accuracy=0.9026 precision=0.9055 recall=0.8998 f1=0.9020 | image[455]: accuracy=0.9736 precision=0.9765 recall=0.9706 f1=0.9733
2026-09-17 21:24:09 | INFO    | epoch 12 val | loss 1.1693 | patch[8448]: accuracy=0.6403 precision=0.6180 recall=0.6163 f1=0.6163 | image[96]: accuracy=0.6875 precision=0.6452 recall=0.6512 f1=0.6459
2026-09-17 21:24:09 | INFO    | val_patch_f1 = 0.6163 (best 0.6163 @ epoch 12) *
2026-09-17 21:24:10 | INFO    | epoch 13 | batch 20/4266 | loss 0.5750 | acc 0.9172 | lr 8.40e-05 | 2s
2026-09-17 21:24:12 | INFO    | epoch 13 | batch 40/4266 | loss 0.5634 | acc 0.9187 | lr 8.40e-05 | 3s
2026-09-17 21:24:13 | INFO    | epoch 13 | batch 60/4266 | loss 0.5463 | acc 0.9281 | lr 8.40e-05 | 4s
2026-09-17 21:24:14 | INFO    | epoch 13 | batch 80/4266 | loss 0.5472 | acc 0.9246 | lr 8.40e-05 | 6s
2026-09-17 21:24:16 | INFO    | epoch 13 | batch 100/4266 | loss 0.5467 | acc 0.9244 | lr 8.40e-05 | 7s
2026-09-17 21:24:17 | INFO    | epoch 13 | batch 120/4266 | loss 0.5455 | acc 0.9271 | lr 8.39e-05 | 9s
2026-09-17 21:24:19 | INFO    | epoch 13 | batch 140/4266 | loss 0.5472 | acc 0.9266 | lr 8.39e-05 | 10s
2026-09-17 21:24:20 | INFO    | epoch 13 | batch 160/4266 | loss 0.5490 | acc 0.9254 | lr 8.39e-05 | 12s
2026-09-17 21:24:22 | INFO    | epoch 13 | batch 180/4266 | loss 0.5503 | acc 0.9236 | lr 8.39e-05 | 13s
2026-09-17 21:24:23 | INFO    | epoch 13 | batch 200/4266 | loss 0.5517 | acc 0.9217 | lr 8.39e-05 | 15s
2026-09-17 21:24:25 | INFO    | epoch 13 | batch 220/4266 | loss 0.5533 | acc 0.9212 | lr 8.39e-05 | 16s
2026-09-17 21:24:26 | INFO    | epoch 13 | batch 240/4266 | loss 0.5517 | acc 0.9214 | lr 8.39e-05 | 17s
2026-09-17 21:24:27 | INFO    | epoch 13 | batch 260/4266 | loss 0.5510 | acc 0.9218 | lr 8.38e-05 | 19s
2026-09-17 21:24:29 | INFO    | epoch 13 | batch 280/4266 | loss 0.5507 | acc 0.9218 | lr 8.38e-05 | 20s
2026-09-17 21:24:30 | INFO    | epoch 13 | batch 300/4266 | loss 0.5503 | acc 0.9222 | lr 8.38e-05 | 22s
2026-09-17 21:24:32 | INFO    | epoch 13 | batch 320/4266 | loss 0.5498 | acc 0.9229 | lr 8.38e-05 | 23s
2026-09-17 21:24:33 | INFO    | epoch 13 | batch 340/4266 | loss 0.5500 | acc 0.9229 | lr 8.38e-05 | 24s
2026-09-17 21:24:34 | INFO    | epoch 13 | batch 360/4266 | loss 0.5496 | acc 0.9232 | lr 8.38e-05 | 26s
2026-09-17 21:24:36 | INFO    | epoch 13 | batch 380/4266 | loss 0.5502 | acc 0.9227 | lr 8.38e-05 | 27s
2026-09-17 21:24:37 | INFO    | epoch 13 | batch 400/4266 | loss 0.5506 | acc 0.9226 | lr 8.37e-05 | 29s
2026-09-17 21:24:39 | INFO    | epoch 13 | batch 420/4266 | loss 0.5514 | acc 0.9221 | lr 8.37e-05 | 30s
2026-09-17 21:24:40 | INFO    | epoch 13 | batch 440/4266 | loss 0.5513 | acc 0.9219 | lr 8.37e-05 | 32s
2026-09-17 21:24:42 | INFO    | epoch 13 | batch 460/4266 | loss 0.5512 | acc 0.9217 | lr 8.37e-05 | 33s
2026-09-17 21:24:43 | INFO    | epoch 13 | batch 480/4266 | loss 0.5500 | acc 0.9219 | lr 8.37e-05 | 34s
2026-09-17 21:24:45 | INFO    | epoch 13 | batch 500/4266 | loss 0.5510 | acc 0.9213 | lr 8.37e-05 | 36s
2026-09-17 21:24:46 | INFO    | epoch 13 | batch 520/4266 | loss 0.5504 | acc 0.9218 | lr 8.37e-05 | 37s
2026-09-17 21:24:47 | INFO    | epoch 13 | batch 540/4266 | loss 0.5507 | acc 0.9217 | lr 8.36e-05 | 39s
2026-09-17 21:24:49 | INFO    | epoch 13 | batch 560/4266 | loss 0.5502 | acc 0.9222 | lr 8.36e-05 | 40s
2026-09-17 21:24:50 | INFO    | epoch 13 | batch 580/4266 | loss 0.5495 | acc 0.9224 | lr 8.36e-05 | 42s
2026-09-17 21:24:52 | INFO    | epoch 13 | batch 600/4266 | loss 0.5494 | acc 0.9221 | lr 8.36e-05 | 43s
2026-09-17 21:24:53 | INFO    | epoch 13 | batch 620/4266 | loss 0.5495 | acc 0.9221 | lr 8.36e-05 | 44s
2026-09-17 21:24:54 | INFO    | epoch 13 | batch 640/4266 | loss 0.5488 | acc 0.9225 | lr 8.36e-05 | 46s
2026-09-17 21:24:56 | INFO    | epoch 13 | batch 660/4266 | loss 0.5493 | acc 0.9223 | lr 8.36e-05 | 47s
2026-09-17 21:24:57 | INFO    | epoch 13 | batch 680/4266 | loss 0.5496 | acc 0.9222 | lr 8.35e-05 | 49s
2026-09-17 21:24:59 | INFO    | epoch 13 | batch 700/4266 | loss 0.5491 | acc 0.9225 | lr 8.35e-05 | 50s
2026-09-17 21:25:00 | INFO    | epoch 13 | batch 720/4266 | loss 0.5494 | acc 0.9223 | lr 8.35e-05 | 51s
2026-09-17 21:25:01 | INFO    | epoch 13 | batch 740/4266 | loss 0.5491 | acc 0.9226 | lr 8.35e-05 | 53s
2026-09-17 21:25:03 | INFO    | epoch 13 | batch 760/4266 | loss 0.5489 | acc 0.9228 | lr 8.35e-05 | 54s
2026-09-17 21:25:04 | INFO    | epoch 13 | batch 780/4266 | loss 0.5490 | acc 0.9227 | lr 8.35e-05 | 56s
2026-09-17 21:25:06 | INFO    | epoch 13 | batch 800/4266 | loss 0.5495 | acc 0.9224 | lr 8.35e-05 | 57s
2026-09-17 21:25:07 | INFO    | epoch 13 | batch 820/4266 | loss 0.5490 | acc 0.9226 | lr 8.34e-05 | 58s
2026-09-17 21:25:08 | INFO    | epoch 13 | batch 840/4266 | loss 0.5491 | acc 0.9227 | lr 8.34e-05 | 60s
2026-09-17 21:25:10 | INFO    | epoch 13 | batch 860/4266 | loss 0.5490 | acc 0.9228 | lr 8.34e-05 | 61s
2026-09-17 21:25:11 | INFO    | epoch 13 | batch 880/4266 | loss 0.5487 | acc 0.9232 | lr 8.34e-05 | 63s
2026-09-17 21:25:13 | INFO    | epoch 13 | batch 900/4266 | loss 0.5491 | acc 0.9229 | lr 8.34e-05 | 64s
2026-09-17 21:25:14 | INFO    | epoch 13 | batch 920/4266 | loss 0.5499 | acc 0.9225 | lr 8.34e-05 | 65s
2026-09-17 21:25:15 | INFO    | epoch 13 | batch 940/4266 | loss 0.5498 | acc 0.9227 | lr 8.34e-05 | 67s
2026-09-17 21:25:17 | INFO    | epoch 13 | batch 960/4266 | loss 0.5495 | acc 0.9229 | lr 8.33e-05 | 68s
2026-09-17 21:25:18 | INFO    | epoch 13 | batch 980/4266 | loss 0.5496 | acc 0.9228 | lr 8.33e-05 | 70s
2026-09-17 21:25:20 | INFO    | epoch 13 | batch 1000/4266 | loss 0.5491 | acc 0.9230 | lr 8.33e-05 | 71s
2026-09-17 21:25:21 | INFO    | epoch 13 | batch 1020/4266 | loss 0.5496 | acc 0.9226 | lr 8.33e-05 | 73s
2026-09-17 21:25:23 | INFO    | epoch 13 | batch 1040/4266 | loss 0.5498 | acc 0.9224 | lr 8.33e-05 | 74s
2026-09-17 21:25:24 | INFO    | epoch 13 | batch 1060/4266 | loss 0.5491 | acc 0.9226 | lr 8.33e-05 | 75s
2026-09-17 21:25:25 | INFO    | epoch 13 | batch 1080/4266 | loss 0.5488 | acc 0.9226 | lr 8.33e-05 | 77s
2026-09-17 21:25:27 | INFO    | epoch 13 | batch 1100/4266 | loss 0.5484 | acc 0.9228 | lr 8.32e-05 | 78s
2026-09-17 21:25:28 | INFO    | epoch 13 | batch 1120/4266 | loss 0.5490 | acc 0.9227 | lr 8.32e-05 | 80s
2026-09-17 21:25:30 | INFO    | epoch 13 | batch 1140/4266 | loss 0.5490 | acc 0.9228 | lr 8.32e-05 | 81s
2026-09-17 21:25:31 | INFO    | epoch 13 | batch 1160/4266 | loss 0.5494 | acc 0.9223 | lr 8.32e-05 | 82s
2026-09-17 21:25:32 | INFO    | epoch 13 | batch 1180/4266 | loss 0.5495 | acc 0.9221 | lr 8.32e-05 | 84s
2026-09-17 21:25:34 | INFO    | epoch 13 | batch 1200/4266 | loss 0.5500 | acc 0.9218 | lr 8.32e-05 | 85s
2026-09-17 21:25:35 | INFO    | epoch 13 | batch 1220/4266 | loss 0.5499 | acc 0.9221 | lr 8.32e-05 | 86s
2026-09-17 21:25:36 | INFO    | epoch 13 | batch 1240/4266 | loss 0.5496 | acc 0.9222 | lr 8.31e-05 | 88s
2026-09-17 21:25:38 | INFO    | epoch 13 | batch 1260/4266 | loss 0.5491 | acc 0.9223 | lr 8.31e-05 | 89s
2026-09-17 21:25:39 | INFO    | epoch 13 | batch 1280/4266 | loss 0.5490 | acc 0.9223 | lr 8.31e-05 | 91s
2026-09-17 21:25:41 | INFO    | epoch 13 | batch 1300/4266 | loss 0.5492 | acc 0.9221 | lr 8.31e-05 | 92s
2026-09-17 21:25:42 | INFO    | epoch 13 | batch 1320/4266 | loss 0.5490 | acc 0.9222 | lr 8.31e-05 | 93s
2026-09-17 21:25:44 | INFO    | epoch 13 | batch 1340/4266 | loss 0.5492 | acc 0.9220 | lr 8.31e-05 | 95s
2026-09-17 21:25:45 | INFO    | epoch 13 | batch 1360/4266 | loss 0.5496 | acc 0.9219 | lr 8.31e-05 | 96s
2026-09-17 21:25:46 | INFO    | epoch 13 | batch 1380/4266 | loss 0.5495 | acc 0.9218 | lr 8.30e-05 | 98s
2026-09-17 21:25:48 | INFO    | epoch 13 | batch 1400/4266 | loss 0.5492 | acc 0.9221 | lr 8.30e-05 | 99s
2026-09-17 21:25:49 | INFO    | epoch 13 | batch 1420/4266 | loss 0.5491 | acc 0.9221 | lr 8.30e-05 | 101s
2026-09-17 21:25:51 | INFO    | epoch 13 | batch 1440/4266 | loss 0.5493 | acc 0.9220 | lr 8.30e-05 | 102s
2026-09-17 21:25:52 | INFO    | epoch 13 | batch 1460/4266 | loss 0.5494 | acc 0.9218 | lr 8.30e-05 | 103s
2026-09-17 21:25:53 | INFO    | epoch 13 | batch 1480/4266 | loss 0.5497 | acc 0.9216 | lr 8.30e-05 | 105s
2026-09-17 21:25:55 | INFO    | epoch 13 | batch 1500/4266 | loss 0.5496 | acc 0.9215 | lr 8.30e-05 | 106s
2026-09-17 21:25:56 | INFO    | epoch 13 | batch 1520/4266 | loss 0.5504 | acc 0.9210 | lr 8.29e-05 | 108s
2026-09-17 21:25:58 | INFO    | epoch 13 | batch 1540/4266 | loss 0.5507 | acc 0.9207 | lr 8.29e-05 | 109s
2026-09-17 21:25:59 | INFO    | epoch 13 | batch 1560/4266 | loss 0.5507 | acc 0.9208 | lr 8.29e-05 | 110s
2026-09-17 21:26:00 | INFO    | epoch 13 | batch 1580/4266 | loss 0.5506 | acc 0.9208 | lr 8.29e-05 | 112s
2026-09-17 21:26:02 | INFO    | epoch 13 | batch 1600/4266 | loss 0.5507 | acc 0.9208 | lr 8.29e-05 | 113s
2026-09-17 21:26:03 | INFO    | epoch 13 | batch 1620/4266 | loss 0.5506 | acc 0.9209 | lr 8.29e-05 | 115s
2026-09-17 21:26:05 | INFO    | epoch 13 | batch 1640/4266 | loss 0.5505 | acc 0.9209 | lr 8.29e-05 | 116s
2026-09-17 21:26:06 | INFO    | epoch 13 | batch 1660/4266 | loss 0.5504 | acc 0.9211 | lr 8.28e-05 | 117s
2026-09-17 21:26:07 | INFO    | epoch 13 | batch 1680/4266 | loss 0.5505 | acc 0.9210 | lr 8.28e-05 | 119s
2026-09-17 21:26:09 | INFO    | epoch 13 | batch 1700/4266 | loss 0.5506 | acc 0.9210 | lr 8.28e-05 | 120s
2026-09-17 21:26:10 | INFO    | epoch 13 | batch 1720/4266 | loss 0.5505 | acc 0.9211 | lr 8.28e-05 | 122s
2026-09-17 21:26:12 | INFO    | epoch 13 | batch 1740/4266 | loss 0.5505 | acc 0.9212 | lr 8.28e-05 | 123s
2026-09-17 21:26:13 | INFO    | epoch 13 | batch 1760/4266 | loss 0.5505 | acc 0.9211 | lr 8.28e-05 | 124s
2026-09-17 21:26:14 | INFO    | epoch 13 | batch 1780/4266 | loss 0.5503 | acc 0.9211 | lr 8.27e-05 | 126s
2026-09-17 21:26:16 | INFO    | epoch 13 | batch 1800/4266 | loss 0.5501 | acc 0.9213 | lr 8.27e-05 | 127s
2026-09-17 21:26:17 | INFO    | epoch 13 | batch 1820/4266 | loss 0.5504 | acc 0.9212 | lr 8.27e-05 | 129s
2026-09-17 21:26:19 | INFO    | epoch 13 | batch 1840/4266 | loss 0.5507 | acc 0.9211 | lr 8.27e-05 | 130s
2026-09-17 21:26:20 | INFO    | epoch 13 | batch 1860/4266 | loss 0.5507 | acc 0.9212 | lr 8.27e-05 | 131s
2026-09-17 21:26:22 | INFO    | epoch 13 | batch 1880/4266 | loss 0.5507 | acc 0.9211 | lr 8.27e-05 | 133s
2026-09-17 21:26:23 | INFO    | epoch 13 | batch 1900/4266 | loss 0.5507 | acc 0.9211 | lr 8.27e-05 | 134s
2026-09-17 21:26:24 | INFO    | epoch 13 | batch 1920/4266 | loss 0.5505 | acc 0.9212 | lr 8.26e-05 | 136s
2026-09-17 21:26:26 | INFO    | epoch 13 | batch 1940/4266 | loss 0.5506 | acc 0.9211 | lr 8.26e-05 | 137s
2026-09-17 21:26:27 | INFO    | epoch 13 | batch 1960/4266 | loss 0.5504 | acc 0.9213 | lr 8.26e-05 | 139s
2026-09-17 21:26:29 | INFO    | epoch 13 | batch 1980/4266 | loss 0.5504 | acc 0.9212 | lr 8.26e-05 | 140s
2026-09-17 21:26:30 | INFO    | epoch 13 | batch 2000/4266 | loss 0.5503 | acc 0.9212 | lr 8.26e-05 | 142s
2026-09-17 21:26:32 | INFO    | epoch 13 | batch 2020/4266 | loss 0.5502 | acc 0.9213 | lr 8.26e-05 | 143s
2026-09-17 21:26:33 | INFO    | epoch 13 | batch 2040/4266 | loss 0.5500 | acc 0.9214 | lr 8.26e-05 | 144s
2026-09-17 21:26:35 | INFO    | epoch 13 | batch 2060/4266 | loss 0.5498 | acc 0.9216 | lr 8.25e-05 | 146s
2026-09-17 21:26:36 | INFO    | epoch 13 | batch 2080/4266 | loss 0.5497 | acc 0.9217 | lr 8.25e-05 | 147s
2026-09-17 21:26:37 | INFO    | epoch 13 | batch 2100/4266 | loss 0.5496 | acc 0.9218 | lr 8.25e-05 | 149s
2026-09-17 21:26:39 | INFO    | epoch 13 | batch 2120/4266 | loss 0.5495 | acc 0.9217 | lr 8.25e-05 | 150s
2026-09-17 21:26:40 | INFO    | epoch 13 | batch 2140/4266 | loss 0.5499 | acc 0.9215 | lr 8.25e-05 | 152s
2026-09-17 21:26:42 | INFO    | epoch 13 | batch 2160/4266 | loss 0.5500 | acc 0.9215 | lr 8.25e-05 | 153s
2026-09-17 21:26:43 | INFO    | epoch 13 | batch 2180/4266 | loss 0.5502 | acc 0.9214 | lr 8.25e-05 | 155s
2026-09-17 21:26:45 | INFO    | epoch 13 | batch 2200/4266 | loss 0.5501 | acc 0.9214 | lr 8.24e-05 | 156s
2026-09-17 21:26:46 | INFO    | epoch 13 | batch 2220/4266 | loss 0.5499 | acc 0.9216 | lr 8.24e-05 | 158s
2026-09-17 21:26:48 | INFO    | epoch 13 | batch 2240/4266 | loss 0.5497 | acc 0.9217 | lr 8.24e-05 | 159s
2026-09-17 21:26:49 | INFO    | epoch 13 | batch 2260/4266 | loss 0.5495 | acc 0.9219 | lr 8.24e-05 | 160s
2026-09-17 21:26:51 | INFO    | epoch 13 | batch 2280/4266 | loss 0.5495 | acc 0.9219 | lr 8.24e-05 | 162s
2026-09-17 21:26:52 | INFO    | epoch 13 | batch 2300/4266 | loss 0.5496 | acc 0.9218 | lr 8.24e-05 | 163s
2026-09-17 21:26:53 | INFO    | epoch 13 | batch 2320/4266 | loss 0.5501 | acc 0.9216 | lr 8.24e-05 | 165s
2026-09-17 21:26:55 | INFO    | epoch 13 | batch 2340/4266 | loss 0.5502 | acc 0.9215 | lr 8.23e-05 | 166s
2026-09-17 21:26:56 | INFO    | epoch 13 | batch 2360/4266 | loss 0.5504 | acc 0.9215 | lr 8.23e-05 | 168s
2026-09-17 21:26:58 | INFO    | epoch 13 | batch 2380/4266 | loss 0.5505 | acc 0.9213 | lr 8.23e-05 | 169s
2026-09-17 21:26:59 | INFO    | epoch 13 | batch 2400/4266 | loss 0.5506 | acc 0.9213 | lr 8.23e-05 | 171s
2026-09-17 21:27:01 | INFO    | epoch 13 | batch 2420/4266 | loss 0.5507 | acc 0.9212 | lr 8.23e-05 | 172s
2026-09-17 21:27:02 | INFO    | epoch 13 | batch 2440/4266 | loss 0.5505 | acc 0.9213 | lr 8.23e-05 | 173s
2026-09-17 21:27:03 | INFO    | epoch 13 | batch 2460/4266 | loss 0.5505 | acc 0.9213 | lr 8.23e-05 | 175s
2026-09-17 21:27:05 | INFO    | epoch 13 | batch 2480/4266 | loss 0.5506 | acc 0.9213 | lr 8.22e-05 | 176s
2026-09-17 21:27:06 | INFO    | epoch 13 | batch 2500/4266 | loss 0.5506 | acc 0.9213 | lr 8.22e-05 | 178s
2026-09-17 21:27:08 | INFO    | epoch 13 | batch 2520/4266 | loss 0.5508 | acc 0.9211 | lr 8.22e-05 | 179s
2026-09-17 21:27:09 | INFO    | epoch 13 | batch 2540/4266 | loss 0.5507 | acc 0.9212 | lr 8.22e-05 | 180s
2026-09-17 21:27:10 | INFO    | epoch 13 | batch 2560/4266 | loss 0.5509 | acc 0.9211 | lr 8.22e-05 | 182s
2026-09-17 21:27:12 | INFO    | epoch 13 | batch 2580/4266 | loss 0.5508 | acc 0.9211 | lr 8.22e-05 | 183s
2026-09-17 21:27:13 | INFO    | epoch 13 | batch 2600/4266 | loss 0.5507 | acc 0.9212 | lr 8.21e-05 | 185s
2026-09-17 21:27:15 | INFO    | epoch 13 | batch 2620/4266 | loss 0.5506 | acc 0.9213 | lr 8.21e-05 | 186s
2026-09-17 21:27:16 | INFO    | epoch 13 | batch 2640/4266 | loss 0.5505 | acc 0.9213 | lr 8.21e-05 | 188s
2026-09-17 21:27:18 | INFO    | epoch 13 | batch 2660/4266 | loss 0.5505 | acc 0.9212 | lr 8.21e-05 | 189s
2026-09-17 21:27:19 | INFO    | epoch 13 | batch 2680/4266 | loss 0.5504 | acc 0.9212 | lr 8.21e-05 | 190s
2026-09-17 21:27:20 | INFO    | epoch 13 | batch 2700/4266 | loss 0.5504 | acc 0.9212 | lr 8.21e-05 | 192s
2026-09-17 21:27:22 | INFO    | epoch 13 | batch 2720/4266 | loss 0.5504 | acc 0.9212 | lr 8.21e-05 | 193s
2026-09-17 21:27:23 | INFO    | epoch 13 | batch 2740/4266 | loss 0.5506 | acc 0.9212 | lr 8.20e-05 | 195s
2026-09-17 21:27:25 | INFO    | epoch 13 | batch 2760/4266 | loss 0.5505 | acc 0.9212 | lr 8.20e-05 | 196s
2026-09-17 21:27:26 | INFO    | epoch 13 | batch 2780/4266 | loss 0.5504 | acc 0.9213 | lr 8.20e-05 | 198s
2026-09-17 21:27:28 | INFO    | epoch 13 | batch 2800/4266 | loss 0.5504 | acc 0.9212 | lr 8.20e-05 | 199s
2026-09-17 21:27:29 | INFO    | epoch 13 | batch 2820/4266 | loss 0.5503 | acc 0.9213 | lr 8.20e-05 | 200s
2026-09-17 21:27:30 | INFO    | epoch 13 | batch 2840/4266 | loss 0.5501 | acc 0.9214 | lr 8.20e-05 | 202s
2026-09-17 21:27:32 | INFO    | epoch 13 | batch 2860/4266 | loss 0.5502 | acc 0.9213 | lr 8.20e-05 | 203s
2026-09-17 21:27:33 | INFO    | epoch 13 | batch 2880/4266 | loss 0.5501 | acc 0.9213 | lr 8.19e-05 | 205s
2026-09-17 21:27:35 | INFO    | epoch 13 | batch 2900/4266 | loss 0.5501 | acc 0.9213 | lr 8.19e-05 | 206s
2026-09-17 21:27:36 | INFO    | epoch 13 | batch 2920/4266 | loss 0.5502 | acc 0.9213 | lr 8.19e-05 | 207s
2026-09-17 21:27:38 | INFO    | epoch 13 | batch 2940/4266 | loss 0.5503 | acc 0.9212 | lr 8.19e-05 | 209s
2026-09-17 21:27:39 | INFO    | epoch 13 | batch 2960/4266 | loss 0.5500 | acc 0.9213 | lr 8.19e-05 | 210s
2026-09-17 21:27:41 | INFO    | epoch 13 | batch 2980/4266 | loss 0.5500 | acc 0.9213 | lr 8.19e-05 | 212s
2026-09-17 21:27:42 | INFO    | epoch 13 | batch 3000/4266 | loss 0.5500 | acc 0.9213 | lr 8.19e-05 | 213s
2026-09-17 21:27:43 | INFO    | epoch 13 | batch 3020/4266 | loss 0.5500 | acc 0.9213 | lr 8.18e-05 | 215s
2026-09-17 21:27:45 | INFO    | epoch 13 | batch 3040/4266 | loss 0.5498 | acc 0.9215 | lr 8.18e-05 | 216s
2026-09-17 21:27:46 | INFO    | epoch 13 | batch 3060/4266 | loss 0.5497 | acc 0.9215 | lr 8.18e-05 | 218s
2026-09-17 21:27:48 | INFO    | epoch 13 | batch 3080/4266 | loss 0.5498 | acc 0.9215 | lr 8.18e-05 | 219s
2026-09-17 21:27:49 | INFO    | epoch 13 | batch 3100/4266 | loss 0.5497 | acc 0.9216 | lr 8.18e-05 | 221s
2026-09-17 21:27:51 | INFO    | epoch 13 | batch 3120/4266 | loss 0.5496 | acc 0.9216 | lr 8.18e-05 | 222s
2026-09-17 21:27:52 | INFO    | epoch 13 | batch 3140/4266 | loss 0.5495 | acc 0.9217 | lr 8.17e-05 | 224s
2026-09-17 21:27:54 | INFO    | epoch 13 | batch 3160/4266 | loss 0.5496 | acc 0.9216 | lr 8.17e-05 | 225s
2026-09-17 21:27:55 | INFO    | epoch 13 | batch 3180/4266 | loss 0.5496 | acc 0.9217 | lr 8.17e-05 | 226s
2026-09-17 21:27:56 | INFO    | epoch 13 | batch 3200/4266 | loss 0.5495 | acc 0.9217 | lr 8.17e-05 | 228s
2026-09-17 21:27:58 | INFO    | epoch 13 | batch 3220/4266 | loss 0.5496 | acc 0.9216 | lr 8.17e-05 | 229s
2026-09-17 21:27:59 | INFO    | epoch 13 | batch 3240/4266 | loss 0.5495 | acc 0.9216 | lr 8.17e-05 | 231s
2026-09-17 21:28:01 | INFO    | epoch 13 | batch 3260/4266 | loss 0.5498 | acc 0.9215 | lr 8.17e-05 | 232s
2026-09-17 21:28:02 | INFO    | epoch 13 | batch 3280/4266 | loss 0.5497 | acc 0.9216 | lr 8.16e-05 | 233s
2026-09-17 21:28:03 | INFO    | epoch 13 | batch 3300/4266 | loss 0.5497 | acc 0.9216 | lr 8.16e-05 | 235s
2026-09-17 21:28:05 | INFO    | epoch 13 | batch 3320/4266 | loss 0.5496 | acc 0.9217 | lr 8.16e-05 | 236s
2026-09-17 21:28:06 | INFO    | epoch 13 | batch 3340/4266 | loss 0.5494 | acc 0.9217 | lr 8.16e-05 | 238s
2026-09-17 21:28:08 | INFO    | epoch 13 | batch 3360/4266 | loss 0.5494 | acc 0.9218 | lr 8.16e-05 | 239s
2026-09-17 21:28:09 | INFO    | epoch 13 | batch 3380/4266 | loss 0.5492 | acc 0.9218 | lr 8.16e-05 | 241s
2026-09-17 21:28:11 | INFO    | epoch 13 | batch 3400/4266 | loss 0.5492 | acc 0.9218 | lr 8.16e-05 | 242s
2026-09-17 21:28:12 | INFO    | epoch 13 | batch 3420/4266 | loss 0.5490 | acc 0.9218 | lr 8.15e-05 | 243s
2026-09-17 21:28:14 | INFO    | epoch 13 | batch 3440/4266 | loss 0.5490 | acc 0.9218 | lr 8.15e-05 | 245s
2026-09-17 21:28:15 | INFO    | epoch 13 | batch 3460/4266 | loss 0.5489 | acc 0.9219 | lr 8.15e-05 | 246s
2026-09-17 21:28:16 | INFO    | epoch 13 | batch 3480/4266 | loss 0.5488 | acc 0.9219 | lr 8.15e-05 | 248s
2026-09-17 21:28:18 | INFO    | epoch 13 | batch 3500/4266 | loss 0.5486 | acc 0.9221 | lr 8.15e-05 | 249s
2026-09-17 21:28:19 | INFO    | epoch 13 | batch 3520/4266 | loss 0.5487 | acc 0.9220 | lr 8.15e-05 | 251s
2026-09-17 21:28:21 | INFO    | epoch 13 | batch 3540/4266 | loss 0.5485 | acc 0.9221 | lr 8.15e-05 | 252s
2026-09-17 21:28:22 | INFO    | epoch 13 | batch 3560/4266 | loss 0.5486 | acc 0.9221 | lr 8.14e-05 | 254s
2026-09-17 21:28:24 | INFO    | epoch 13 | batch 3580/4266 | loss 0.5486 | acc 0.9220 | lr 8.14e-05 | 255s
2026-09-17 21:28:25 | INFO    | epoch 13 | batch 3600/4266 | loss 0.5485 | acc 0.9221 | lr 8.14e-05 | 256s
2026-09-17 21:28:27 | INFO    | epoch 13 | batch 3620/4266 | loss 0.5485 | acc 0.9221 | lr 8.14e-05 | 258s
2026-09-17 21:28:28 | INFO    | epoch 13 | batch 3640/4266 | loss 0.5485 | acc 0.9221 | lr 8.14e-05 | 259s
2026-09-17 21:28:29 | INFO    | epoch 13 | batch 3660/4266 | loss 0.5485 | acc 0.9221 | lr 8.14e-05 | 261s
2026-09-17 21:28:31 | INFO    | epoch 13 | batch 3680/4266 | loss 0.5485 | acc 0.9222 | lr 8.13e-05 | 262s
2026-09-17 21:28:32 | INFO    | epoch 13 | batch 3700/4266 | loss 0.5485 | acc 0.9222 | lr 8.13e-05 | 264s
2026-09-17 21:28:34 | INFO    | epoch 13 | batch 3720/4266 | loss 0.5484 | acc 0.9222 | lr 8.13e-05 | 265s
2026-09-17 21:28:35 | INFO    | epoch 13 | batch 3740/4266 | loss 0.5482 | acc 0.9223 | lr 8.13e-05 | 267s
2026-09-17 21:28:37 | INFO    | epoch 13 | batch 3760/4266 | loss 0.5481 | acc 0.9223 | lr 8.13e-05 | 268s
2026-09-17 21:28:38 | INFO    | epoch 13 | batch 3780/4266 | loss 0.5481 | acc 0.9223 | lr 8.13e-05 | 270s
2026-09-17 21:28:40 | INFO    | epoch 13 | batch 3800/4266 | loss 0.5481 | acc 0.9224 | lr 8.13e-05 | 271s
2026-09-17 21:28:41 | INFO    | epoch 13 | batch 3820/4266 | loss 0.5481 | acc 0.9223 | lr 8.12e-05 | 272s
2026-09-17 21:28:43 | INFO    | epoch 13 | batch 3840/4266 | loss 0.5480 | acc 0.9224 | lr 8.12e-05 | 274s
2026-09-17 21:28:44 | INFO    | epoch 13 | batch 3860/4266 | loss 0.5479 | acc 0.9224 | lr 8.12e-05 | 275s
2026-09-17 21:28:45 | INFO    | epoch 13 | batch 3880/4266 | loss 0.5478 | acc 0.9225 | lr 8.12e-05 | 277s
2026-09-17 21:28:47 | INFO    | epoch 13 | batch 3900/4266 | loss 0.5478 | acc 0.9224 | lr 8.12e-05 | 278s
2026-09-17 21:28:48 | INFO    | epoch 13 | batch 3920/4266 | loss 0.5478 | acc 0.9224 | lr 8.12e-05 | 280s
2026-09-17 21:28:50 | INFO    | epoch 13 | batch 3940/4266 | loss 0.5477 | acc 0.9225 | lr 8.11e-05 | 281s
2026-09-17 21:28:51 | INFO    | epoch 13 | batch 3960/4266 | loss 0.5478 | acc 0.9225 | lr 8.11e-05 | 283s
2026-09-17 21:28:53 | INFO    | epoch 13 | batch 3980/4266 | loss 0.5478 | acc 0.9225 | lr 8.11e-05 | 284s
2026-09-17 21:28:54 | INFO    | epoch 13 | batch 4000/4266 | loss 0.5477 | acc 0.9225 | lr 8.11e-05 | 285s
2026-09-17 21:28:55 | INFO    | epoch 13 | batch 4020/4266 | loss 0.5476 | acc 0.9225 | lr 8.11e-05 | 287s
2026-09-17 21:28:57 | INFO    | epoch 13 | batch 4040/4266 | loss 0.5475 | acc 0.9226 | lr 8.11e-05 | 288s
2026-09-17 21:28:58 | INFO    | epoch 13 | batch 4060/4266 | loss 0.5476 | acc 0.9226 | lr 8.11e-05 | 290s
2026-09-17 21:29:00 | INFO    | epoch 13 | batch 4080/4266 | loss 0.5476 | acc 0.9225 | lr 8.10e-05 | 291s
2026-09-17 21:29:01 | INFO    | epoch 13 | batch 4100/4266 | loss 0.5476 | acc 0.9225 | lr 8.10e-05 | 293s
2026-09-17 21:29:03 | INFO    | epoch 13 | batch 4120/4266 | loss 0.5476 | acc 0.9226 | lr 8.10e-05 | 294s
2026-09-17 21:29:04 | INFO    | epoch 13 | batch 4140/4266 | loss 0.5476 | acc 0.9226 | lr 8.10e-05 | 296s
2026-09-17 21:29:06 | INFO    | epoch 13 | batch 4160/4266 | loss 0.5476 | acc 0.9226 | lr 8.10e-05 | 297s
2026-09-17 21:29:07 | INFO    | epoch 13 | batch 4180/4266 | loss 0.5475 | acc 0.9226 | lr 8.10e-05 | 299s
2026-09-17 21:29:09 | INFO    | epoch 13 | batch 4200/4266 | loss 0.5476 | acc 0.9226 | lr 8.10e-05 | 300s
2026-09-17 21:29:10 | INFO    | epoch 13 | batch 4220/4266 | loss 0.5475 | acc 0.9227 | lr 8.09e-05 | 301s
2026-09-17 21:29:11 | INFO    | epoch 13 | batch 4240/4266 | loss 0.5476 | acc 0.9227 | lr 8.09e-05 | 303s
2026-09-17 21:29:13 | INFO    | epoch 13 | batch 4260/4266 | loss 0.5476 | acc 0.9227 | lr 8.09e-05 | 304s
2026-09-17 21:29:13 | INFO    | epoch 13 | batch 4266/4266 | loss 0.5476 | acc 0.9227 | lr 8.09e-05 | 305s
2026-09-17 21:29:23 | INFO    | epoch 13/40 done in 314s | train loss 0.5476 | train running patch (aug): accuracy=0.9227 precision=0.9222 recall=0.9201 f1=0.9211
2026-09-17 21:29:23 | INFO    | epoch 13 train (eval, no aug) | loss 0.5897 | patch[7280]: accuracy=0.8952 precision=0.9013 recall=0.8869 f1=0.8923 | image[455]: accuracy=0.9692 precision=0.9749 recall=0.9603 f1=0.9661
2026-09-17 21:29:23 | INFO    | epoch 13 val | loss 1.1865 | patch[8448]: accuracy=0.6197 precision=0.5990 recall=0.5854 f1=0.5860 | image[96]: accuracy=0.6979 precision=0.6791 recall=0.6631 f1=0.6646
2026-09-17 21:29:23 | INFO    | val_patch_f1 = 0.5860 (best 0.6163 @ epoch 12)
2026-09-17 21:29:25 | INFO    | epoch 14 | batch 20/4266 | loss 0.5345 | acc 0.9313 | lr 8.09e-05 | 1s
2026-09-17 21:29:26 | INFO    | epoch 14 | batch 40/4266 | loss 0.5401 | acc 0.9281 | lr 8.09e-05 | 3s
2026-09-17 21:29:27 | INFO    | epoch 14 | batch 60/4266 | loss 0.5397 | acc 0.9255 | lr 8.09e-05 | 4s
2026-09-17 21:29:29 | INFO    | epoch 14 | batch 80/4266 | loss 0.5470 | acc 0.9219 | lr 8.08e-05 | 6s
2026-09-17 21:29:30 | INFO    | epoch 14 | batch 100/4266 | loss 0.5399 | acc 0.9247 | lr 8.08e-05 | 7s
2026-09-17 21:29:32 | INFO    | epoch 14 | batch 120/4266 | loss 0.5361 | acc 0.9281 | lr 8.08e-05 | 9s
2026-09-17 21:29:33 | INFO    | epoch 14 | batch 140/4266 | loss 0.5384 | acc 0.9270 | lr 8.08e-05 | 10s
2026-09-17 21:29:34 | INFO    | epoch 14 | batch 160/4266 | loss 0.5437 | acc 0.9240 | lr 8.08e-05 | 11s
2026-09-17 21:29:36 | INFO    | epoch 14 | batch 180/4266 | loss 0.5444 | acc 0.9234 | lr 8.08e-05 | 13s
2026-09-17 21:29:37 | INFO    | epoch 14 | batch 200/4266 | loss 0.5446 | acc 0.9223 | lr 8.08e-05 | 14s
2026-09-17 21:29:39 | INFO    | epoch 14 | batch 220/4266 | loss 0.5420 | acc 0.9243 | lr 8.07e-05 | 16s
2026-09-17 21:29:40 | INFO    | epoch 14 | batch 240/4266 | loss 0.5407 | acc 0.9254 | lr 8.07e-05 | 17s
2026-09-17 21:29:42 | INFO    | epoch 14 | batch 260/4266 | loss 0.5395 | acc 0.9256 | lr 8.07e-05 | 18s
2026-09-17 21:29:43 | INFO    | epoch 14 | batch 280/4266 | loss 0.5374 | acc 0.9263 | lr 8.07e-05 | 20s
2026-09-17 21:29:44 | INFO    | epoch 14 | batch 300/4266 | loss 0.5380 | acc 0.9263 | lr 8.07e-05 | 21s
2026-09-17 21:29:46 | INFO    | epoch 14 | batch 320/4266 | loss 0.5369 | acc 0.9259 | lr 8.07e-05 | 23s
2026-09-17 21:29:47 | INFO    | epoch 14 | batch 340/4266 | loss 0.5377 | acc 0.9257 | lr 8.06e-05 | 24s
2026-09-17 21:29:49 | INFO    | epoch 14 | batch 360/4266 | loss 0.5389 | acc 0.9249 | lr 8.06e-05 | 25s
2026-09-17 21:29:50 | INFO    | epoch 14 | batch 380/4266 | loss 0.5392 | acc 0.9248 | lr 8.06e-05 | 27s
2026-09-17 21:29:51 | INFO    | epoch 14 | batch 400/4266 | loss 0.5402 | acc 0.9244 | lr 8.06e-05 | 28s
2026-09-17 21:29:53 | INFO    | epoch 14 | batch 420/4266 | loss 0.5414 | acc 0.9240 | lr 8.06e-05 | 30s
2026-09-17 21:29:54 | INFO    | epoch 14 | batch 440/4266 | loss 0.5417 | acc 0.9239 | lr 8.06e-05 | 31s
2026-09-17 21:29:56 | INFO    | epoch 14 | batch 460/4266 | loss 0.5412 | acc 0.9245 | lr 8.06e-05 | 33s
2026-09-17 21:29:57 | INFO    | epoch 14 | batch 480/4266 | loss 0.5409 | acc 0.9250 | lr 8.05e-05 | 34s
2026-09-17 21:29:59 | INFO    | epoch 14 | batch 500/4266 | loss 0.5403 | acc 0.9257 | lr 8.05e-05 | 35s
2026-09-17 21:30:00 | INFO    | epoch 14 | batch 520/4266 | loss 0.5404 | acc 0.9257 | lr 8.05e-05 | 37s
2026-09-17 21:30:02 | INFO    | epoch 14 | batch 540/4266 | loss 0.5410 | acc 0.9254 | lr 8.05e-05 | 38s
2026-09-17 21:30:03 | INFO    | epoch 14 | batch 560/4266 | loss 0.5415 | acc 0.9253 | lr 8.05e-05 | 40s
2026-09-17 21:30:04 | INFO    | epoch 14 | batch 580/4266 | loss 0.5411 | acc 0.9255 | lr 8.05e-05 | 41s
2026-09-17 21:30:06 | INFO    | epoch 14 | batch 600/4266 | loss 0.5406 | acc 0.9258 | lr 8.04e-05 | 43s
2026-09-17 21:30:07 | INFO    | epoch 14 | batch 620/4266 | loss 0.5417 | acc 0.9247 | lr 8.04e-05 | 44s
2026-09-17 21:30:09 | INFO    | epoch 14 | batch 640/4266 | loss 0.5419 | acc 0.9244 | lr 8.04e-05 | 46s
2026-09-17 21:30:10 | INFO    | epoch 14 | batch 660/4266 | loss 0.5414 | acc 0.9248 | lr 8.04e-05 | 47s
2026-09-17 21:30:11 | INFO    | epoch 14 | batch 680/4266 | loss 0.5415 | acc 0.9249 | lr 8.04e-05 | 48s
2026-09-17 21:30:13 | INFO    | epoch 14 | batch 700/4266 | loss 0.5420 | acc 0.9249 | lr 8.04e-05 | 50s
2026-09-17 21:30:14 | INFO    | epoch 14 | batch 720/4266 | loss 0.5420 | acc 0.9251 | lr 8.04e-05 | 51s
2026-09-17 21:30:16 | INFO    | epoch 14 | batch 740/4266 | loss 0.5422 | acc 0.9249 | lr 8.03e-05 | 53s
2026-09-17 21:30:17 | INFO    | epoch 14 | batch 760/4266 | loss 0.5424 | acc 0.9245 | lr 8.03e-05 | 54s
2026-09-17 21:30:19 | INFO    | epoch 14 | batch 780/4266 | loss 0.5434 | acc 0.9238 | lr 8.03e-05 | 56s
2026-09-17 21:30:20 | INFO    | epoch 14 | batch 800/4266 | loss 0.5427 | acc 0.9241 | lr 8.03e-05 | 57s
2026-09-17 21:30:21 | INFO    | epoch 14 | batch 820/4266 | loss 0.5423 | acc 0.9243 | lr 8.03e-05 | 58s
2026-09-17 21:30:23 | INFO    | epoch 14 | batch 840/4266 | loss 0.5424 | acc 0.9243 | lr 8.03e-05 | 60s
2026-09-17 21:30:24 | INFO    | epoch 14 | batch 860/4266 | loss 0.5421 | acc 0.9245 | lr 8.02e-05 | 61s
2026-09-17 21:30:26 | INFO    | epoch 14 | batch 880/4266 | loss 0.5417 | acc 0.9246 | lr 8.02e-05 | 63s
2026-09-17 21:30:27 | INFO    | epoch 14 | batch 900/4266 | loss 0.5410 | acc 0.9250 | lr 8.02e-05 | 64s
2026-09-17 21:30:28 | INFO    | epoch 14 | batch 920/4266 | loss 0.5417 | acc 0.9247 | lr 8.02e-05 | 65s
2026-09-17 21:30:30 | INFO    | epoch 14 | batch 940/4266 | loss 0.5416 | acc 0.9248 | lr 8.02e-05 | 67s
2026-09-17 21:30:31 | INFO    | epoch 14 | batch 960/4266 | loss 0.5410 | acc 0.9250 | lr 8.02e-05 | 68s
2026-09-17 21:30:33 | INFO    | epoch 14 | batch 980/4266 | loss 0.5412 | acc 0.9248 | lr 8.02e-05 | 70s
2026-09-17 21:30:34 | INFO    | epoch 14 | batch 1000/4266 | loss 0.5414 | acc 0.9248 | lr 8.01e-05 | 71s
2026-09-17 21:30:36 | INFO    | epoch 14 | batch 1020/4266 | loss 0.5406 | acc 0.9253 | lr 8.01e-05 | 73s
2026-09-17 21:30:37 | INFO    | epoch 14 | batch 1040/4266 | loss 0.5403 | acc 0.9256 | lr 8.01e-05 | 74s
2026-09-17 21:30:39 | INFO    | epoch 14 | batch 1060/4266 | loss 0.5403 | acc 0.9258 | lr 8.01e-05 | 75s
2026-09-17 21:30:40 | INFO    | epoch 14 | batch 1080/4266 | loss 0.5399 | acc 0.9258 | lr 8.01e-05 | 77s
2026-09-17 21:30:41 | INFO    | epoch 14 | batch 1100/4266 | loss 0.5397 | acc 0.9261 | lr 8.01e-05 | 78s
2026-09-17 21:30:43 | INFO    | epoch 14 | batch 1120/4266 | loss 0.5401 | acc 0.9259 | lr 8.00e-05 | 80s
2026-09-17 21:30:44 | INFO    | epoch 14 | batch 1140/4266 | loss 0.5404 | acc 0.9256 | lr 8.00e-05 | 81s
2026-09-17 21:30:45 | INFO    | epoch 14 | batch 1160/4266 | loss 0.5405 | acc 0.9255 | lr 8.00e-05 | 82s
2026-09-17 21:30:47 | INFO    | epoch 14 | batch 1180/4266 | loss 0.5403 | acc 0.9257 | lr 8.00e-05 | 84s
2026-09-17 21:30:48 | INFO    | epoch 14 | batch 1200/4266 | loss 0.5403 | acc 0.9256 | lr 8.00e-05 | 85s
2026-09-17 21:30:50 | INFO    | epoch 14 | batch 1220/4266 | loss 0.5405 | acc 0.9255 | lr 8.00e-05 | 87s
2026-09-17 21:30:51 | INFO    | epoch 14 | batch 1240/4266 | loss 0.5409 | acc 0.9252 | lr 8.00e-05 | 88s
2026-09-17 21:30:53 | INFO    | epoch 14 | batch 1260/4266 | loss 0.5407 | acc 0.9254 | lr 7.99e-05 | 89s
2026-09-17 21:30:54 | INFO    | epoch 14 | batch 1280/4266 | loss 0.5408 | acc 0.9253 | lr 7.99e-05 | 91s
2026-09-17 21:30:55 | INFO    | epoch 14 | batch 1300/4266 | loss 0.5409 | acc 0.9252 | lr 7.99e-05 | 92s
2026-09-17 21:30:57 | INFO    | epoch 14 | batch 1320/4266 | loss 0.5404 | acc 0.9256 | lr 7.99e-05 | 94s
2026-09-17 21:30:58 | INFO    | epoch 14 | batch 1340/4266 | loss 0.5403 | acc 0.9257 | lr 7.99e-05 | 95s
2026-09-17 21:31:00 | INFO    | epoch 14 | batch 1360/4266 | loss 0.5402 | acc 0.9257 | lr 7.99e-05 | 96s
2026-09-17 21:31:01 | INFO    | epoch 14 | batch 1380/4266 | loss 0.5402 | acc 0.9257 | lr 7.98e-05 | 98s
2026-09-17 21:31:02 | INFO    | epoch 14 | batch 1400/4266 | loss 0.5402 | acc 0.9256 | lr 7.98e-05 | 99s
2026-09-17 21:31:04 | INFO    | epoch 14 | batch 1420/4266 | loss 0.5401 | acc 0.9257 | lr 7.98e-05 | 101s
2026-09-17 21:31:05 | INFO    | epoch 14 | batch 1440/4266 | loss 0.5401 | acc 0.9258 | lr 7.98e-05 | 102s
2026-09-17 21:31:07 | INFO    | epoch 14 | batch 1460/4266 | loss 0.5400 | acc 0.9258 | lr 7.98e-05 | 104s
2026-09-17 21:31:08 | INFO    | epoch 14 | batch 1480/4266 | loss 0.5400 | acc 0.9258 | lr 7.98e-05 | 105s
2026-09-17 21:31:09 | INFO    | epoch 14 | batch 1500/4266 | loss 0.5400 | acc 0.9257 | lr 7.98e-05 | 106s
2026-09-17 21:31:11 | INFO    | epoch 14 | batch 1520/4266 | loss 0.5402 | acc 0.9257 | lr 7.97e-05 | 108s
2026-09-17 21:31:12 | INFO    | epoch 14 | batch 1540/4266 | loss 0.5399 | acc 0.9259 | lr 7.97e-05 | 109s
2026-09-17 21:31:14 | INFO    | epoch 14 | batch 1560/4266 | loss 0.5398 | acc 0.9258 | lr 7.97e-05 | 111s
2026-09-17 21:31:15 | INFO    | epoch 14 | batch 1580/4266 | loss 0.5396 | acc 0.9259 | lr 7.97e-05 | 112s
2026-09-17 21:31:16 | INFO    | epoch 14 | batch 1600/4266 | loss 0.5399 | acc 0.9258 | lr 7.97e-05 | 113s
2026-09-17 21:31:18 | INFO    | epoch 14 | batch 1620/4266 | loss 0.5399 | acc 0.9258 | lr 7.97e-05 | 115s
2026-09-17 21:31:19 | INFO    | epoch 14 | batch 1640/4266 | loss 0.5398 | acc 0.9259 | lr 7.96e-05 | 116s
2026-09-17 21:31:21 | INFO    | epoch 14 | batch 1660/4266 | loss 0.5398 | acc 0.9259 | lr 7.96e-05 | 118s
2026-09-17 21:31:22 | INFO    | epoch 14 | batch 1680/4266 | loss 0.5398 | acc 0.9259 | lr 7.96e-05 | 119s
2026-09-17 21:31:23 | INFO    | epoch 14 | batch 1700/4266 | loss 0.5395 | acc 0.9261 | lr 7.96e-05 | 120s
2026-09-17 21:31:25 | INFO    | epoch 14 | batch 1720/4266 | loss 0.5397 | acc 0.9260 | lr 7.96e-05 | 122s
2026-09-17 21:31:26 | INFO    | epoch 14 | batch 1740/4266 | loss 0.5401 | acc 0.9259 | lr 7.96e-05 | 123s
2026-09-17 21:31:28 | INFO    | epoch 14 | batch 1760/4266 | loss 0.5401 | acc 0.9260 | lr 7.96e-05 | 125s
2026-09-17 21:31:29 | INFO    | epoch 14 | batch 1780/4266 | loss 0.5402 | acc 0.9259 | lr 7.95e-05 | 126s
2026-09-17 21:31:31 | INFO    | epoch 14 | batch 1800/4266 | loss 0.5403 | acc 0.9259 | lr 7.95e-05 | 127s
2026-09-17 21:31:32 | INFO    | epoch 14 | batch 1820/4266 | loss 0.5402 | acc 0.9259 | lr 7.95e-05 | 129s
2026-09-17 21:31:33 | INFO    | epoch 14 | batch 1840/4266 | loss 0.5402 | acc 0.9259 | lr 7.95e-05 | 130s
2026-09-17 21:31:35 | INFO    | epoch 14 | batch 1860/4266 | loss 0.5400 | acc 0.9261 | lr 7.95e-05 | 132s
2026-09-17 21:31:36 | INFO    | epoch 14 | batch 1880/4266 | loss 0.5402 | acc 0.9261 | lr 7.95e-05 | 133s
2026-09-17 21:31:38 | INFO    | epoch 14 | batch 1900/4266 | loss 0.5404 | acc 0.9259 | lr 7.94e-05 | 135s
2026-09-17 21:31:39 | INFO    | epoch 14 | batch 1920/4266 | loss 0.5403 | acc 0.9260 | lr 7.94e-05 | 136s
2026-09-17 21:31:41 | INFO    | epoch 14 | batch 1940/4266 | loss 0.5404 | acc 0.9259 | lr 7.94e-05 | 138s
2026-09-17 21:31:42 | INFO    | epoch 14 | batch 1960/4266 | loss 0.5407 | acc 0.9257 | lr 7.94e-05 | 139s
2026-09-17 21:31:43 | INFO    | epoch 14 | batch 1980/4266 | loss 0.5411 | acc 0.9255 | lr 7.94e-05 | 140s
2026-09-17 21:31:45 | INFO    | epoch 14 | batch 2000/4266 | loss 0.5410 | acc 0.9256 | lr 7.94e-05 | 142s
2026-09-17 21:31:46 | INFO    | epoch 14 | batch 2020/4266 | loss 0.5410 | acc 0.9256 | lr 7.94e-05 | 143s
2026-09-17 21:31:48 | INFO    | epoch 14 | batch 2040/4266 | loss 0.5408 | acc 0.9256 | lr 7.93e-05 | 145s
2026-09-17 21:31:49 | INFO    | epoch 14 | batch 2060/4266 | loss 0.5408 | acc 0.9257 | lr 7.93e-05 | 146s
2026-09-17 21:31:50 | INFO    | epoch 14 | batch 2080/4266 | loss 0.5404 | acc 0.9258 | lr 7.93e-05 | 147s
2026-09-17 21:31:52 | INFO    | epoch 14 | batch 2100/4266 | loss 0.5403 | acc 0.9259 | lr 7.93e-05 | 149s
2026-09-17 21:31:53 | INFO    | epoch 14 | batch 2120/4266 | loss 0.5404 | acc 0.9259 | lr 7.93e-05 | 150s
2026-09-17 21:31:54 | INFO    | epoch 14 | batch 2140/4266 | loss 0.5403 | acc 0.9258 | lr 7.93e-05 | 151s
2026-09-17 21:31:56 | INFO    | epoch 14 | batch 2160/4266 | loss 0.5401 | acc 0.9259 | lr 7.92e-05 | 153s
2026-09-17 21:31:57 | INFO    | epoch 14 | batch 2180/4266 | loss 0.5401 | acc 0.9259 | lr 7.92e-05 | 154s
2026-09-17 21:31:58 | INFO    | epoch 14 | batch 2200/4266 | loss 0.5402 | acc 0.9258 | lr 7.92e-05 | 155s
2026-09-17 21:32:00 | INFO    | epoch 14 | batch 2220/4266 | loss 0.5402 | acc 0.9258 | lr 7.92e-05 | 157s
2026-09-17 21:32:01 | INFO    | epoch 14 | batch 2240/4266 | loss 0.5401 | acc 0.9258 | lr 7.92e-05 | 158s
2026-09-17 21:32:03 | INFO    | epoch 14 | batch 2260/4266 | loss 0.5401 | acc 0.9258 | lr 7.92e-05 | 160s
2026-09-17 21:32:04 | INFO    | epoch 14 | batch 2280/4266 | loss 0.5400 | acc 0.9259 | lr 7.91e-05 | 161s
2026-09-17 21:32:05 | INFO    | epoch 14 | batch 2300/4266 | loss 0.5399 | acc 0.9260 | lr 7.91e-05 | 162s
2026-09-17 21:32:07 | INFO    | epoch 14 | batch 2320/4266 | loss 0.5397 | acc 0.9260 | lr 7.91e-05 | 164s
2026-09-17 21:32:08 | INFO    | epoch 14 | batch 2340/4266 | loss 0.5397 | acc 0.9260 | lr 7.91e-05 | 165s
2026-09-17 21:32:10 | INFO    | epoch 14 | batch 2360/4266 | loss 0.5399 | acc 0.9260 | lr 7.91e-05 | 167s
2026-09-17 21:32:11 | INFO    | epoch 14 | batch 2380/4266 | loss 0.5402 | acc 0.9257 | lr 7.91e-05 | 168s
2026-09-17 21:32:12 | INFO    | epoch 14 | batch 2400/4266 | loss 0.5403 | acc 0.9258 | lr 7.91e-05 | 169s
2026-09-17 21:32:14 | INFO    | epoch 14 | batch 2420/4266 | loss 0.5407 | acc 0.9255 | lr 7.90e-05 | 171s
2026-09-17 21:32:15 | INFO    | epoch 14 | batch 2440/4266 | loss 0.5406 | acc 0.9254 | lr 7.90e-05 | 172s
2026-09-17 21:32:17 | INFO    | epoch 14 | batch 2460/4266 | loss 0.5408 | acc 0.9254 | lr 7.90e-05 | 174s
2026-09-17 21:32:18 | INFO    | epoch 14 | batch 2480/4266 | loss 0.5411 | acc 0.9253 | lr 7.90e-05 | 175s
2026-09-17 21:32:19 | INFO    | epoch 14 | batch 2500/4266 | loss 0.5409 | acc 0.9254 | lr 7.90e-05 | 176s
2026-09-17 21:32:21 | INFO    | epoch 14 | batch 2520/4266 | loss 0.5408 | acc 0.9255 | lr 7.90e-05 | 178s
2026-09-17 21:32:22 | INFO    | epoch 14 | batch 2540/4266 | loss 0.5410 | acc 0.9253 | lr 7.89e-05 | 179s
2026-09-17 21:32:24 | INFO    | epoch 14 | batch 2560/4266 | loss 0.5410 | acc 0.9254 | lr 7.89e-05 | 181s
2026-09-17 21:32:25 | INFO    | epoch 14 | batch 2580/4266 | loss 0.5411 | acc 0.9253 | lr 7.89e-05 | 182s
2026-09-17 21:32:27 | INFO    | epoch 14 | batch 2600/4266 | loss 0.5410 | acc 0.9253 | lr 7.89e-05 | 183s
2026-09-17 21:32:28 | INFO    | epoch 14 | batch 2620/4266 | loss 0.5411 | acc 0.9253 | lr 7.89e-05 | 185s
2026-09-17 21:32:29 | INFO    | epoch 14 | batch 2640/4266 | loss 0.5409 | acc 0.9254 | lr 7.89e-05 | 186s
2026-09-17 21:32:31 | INFO    | epoch 14 | batch 2660/4266 | loss 0.5407 | acc 0.9254 | lr 7.89e-05 | 188s
2026-09-17 21:32:32 | INFO    | epoch 14 | batch 2680/4266 | loss 0.5406 | acc 0.9254 | lr 7.88e-05 | 189s
2026-09-17 21:32:34 | INFO    | epoch 14 | batch 2700/4266 | loss 0.5408 | acc 0.9253 | lr 7.88e-05 | 191s
2026-09-17 21:32:35 | INFO    | epoch 14 | batch 2720/4266 | loss 0.5408 | acc 0.9252 | lr 7.88e-05 | 192s
2026-09-17 21:32:37 | INFO    | epoch 14 | batch 2740/4266 | loss 0.5408 | acc 0.9252 | lr 7.88e-05 | 193s
2026-09-17 21:32:38 | INFO    | epoch 14 | batch 2760/4266 | loss 0.5407 | acc 0.9253 | lr 7.88e-05 | 195s
2026-09-17 21:32:39 | INFO    | epoch 14 | batch 2780/4266 | loss 0.5408 | acc 0.9252 | lr 7.88e-05 | 196s
2026-09-17 21:32:41 | INFO    | epoch 14 | batch 2800/4266 | loss 0.5407 | acc 0.9252 | lr 7.87e-05 | 198s
2026-09-17 21:32:42 | INFO    | epoch 14 | batch 2820/4266 | loss 0.5407 | acc 0.9251 | lr 7.87e-05 | 199s
2026-09-17 21:32:44 | INFO    | epoch 14 | batch 2840/4266 | loss 0.5408 | acc 0.9251 | lr 7.87e-05 | 201s
2026-09-17 21:32:45 | INFO    | epoch 14 | batch 2860/4266 | loss 0.5407 | acc 0.9251 | lr 7.87e-05 | 202s
2026-09-17 21:32:47 | INFO    | epoch 14 | batch 2880/4266 | loss 0.5407 | acc 0.9251 | lr 7.87e-05 | 204s
2026-09-17 21:32:48 | INFO    | epoch 14 | batch 2900/4266 | loss 0.5406 | acc 0.9251 | lr 7.87e-05 | 205s
2026-09-17 21:32:49 | INFO    | epoch 14 | batch 2920/4266 | loss 0.5407 | acc 0.9251 | lr 7.86e-05 | 206s
2026-09-17 21:32:51 | INFO    | epoch 14 | batch 2940/4266 | loss 0.5407 | acc 0.9251 | lr 7.86e-05 | 208s
2026-09-17 21:32:52 | INFO    | epoch 14 | batch 2960/4266 | loss 0.5408 | acc 0.9251 | lr 7.86e-05 | 209s
2026-09-17 21:32:54 | INFO    | epoch 14 | batch 2980/4266 | loss 0.5408 | acc 0.9251 | lr 7.86e-05 | 211s
2026-09-17 21:32:55 | INFO    | epoch 14 | batch 3000/4266 | loss 0.5411 | acc 0.9250 | lr 7.86e-05 | 212s
2026-09-17 21:32:56 | INFO    | epoch 14 | batch 3020/4266 | loss 0.5411 | acc 0.9250 | lr 7.86e-05 | 213s
2026-09-17 21:32:58 | INFO    | epoch 14 | batch 3040/4266 | loss 0.5411 | acc 0.9250 | lr 7.86e-05 | 215s
2026-09-17 21:32:59 | INFO    | epoch 14 | batch 3060/4266 | loss 0.5409 | acc 0.9251 | lr 7.85e-05 | 216s
2026-09-17 21:33:01 | INFO    | epoch 14 | batch 3080/4266 | loss 0.5410 | acc 0.9251 | lr 7.85e-05 | 218s
2026-09-17 21:33:02 | INFO    | epoch 14 | batch 3100/4266 | loss 0.5409 | acc 0.9251 | lr 7.85e-05 | 219s
2026-09-17 21:33:04 | INFO    | epoch 14 | batch 3120/4266 | loss 0.5410 | acc 0.9250 | lr 7.85e-05 | 220s
2026-09-17 21:33:05 | INFO    | epoch 14 | batch 3140/4266 | loss 0.5410 | acc 0.9250 | lr 7.85e-05 | 222s
2026-09-17 21:33:06 | INFO    | epoch 14 | batch 3160/4266 | loss 0.5410 | acc 0.9250 | lr 7.85e-05 | 223s
2026-09-17 21:33:08 | INFO    | epoch 14 | batch 3180/4266 | loss 0.5411 | acc 0.9249 | lr 7.84e-05 | 225s
2026-09-17 21:33:10 | INFO    | epoch 14 | batch 3200/4266 | loss 0.5411 | acc 0.9250 | lr 7.84e-05 | 226s
2026-09-17 21:33:11 | INFO    | epoch 14 | batch 3220/4266 | loss 0.5412 | acc 0.9249 | lr 7.84e-05 | 228s
2026-09-17 21:33:12 | INFO    | epoch 14 | batch 3240/4266 | loss 0.5412 | acc 0.9250 | lr 7.84e-05 | 229s
2026-09-17 21:33:13 | INFO    | epoch 14 | batch 3260/4266 | loss 0.5413 | acc 0.9249 | lr 7.84e-05 | 230s
2026-09-17 21:33:15 | INFO    | epoch 14 | batch 3280/4266 | loss 0.5411 | acc 0.9251 | lr 7.84e-05 | 232s
2026-09-17 21:33:16 | INFO    | epoch 14 | batch 3300/4266 | loss 0.5412 | acc 0.9250 | lr 7.83e-05 | 233s
2026-09-17 21:33:18 | INFO    | epoch 14 | batch 3320/4266 | loss 0.5410 | acc 0.9251 | lr 7.83e-05 | 235s
2026-09-17 21:33:19 | INFO    | epoch 14 | batch 3340/4266 | loss 0.5410 | acc 0.9251 | lr 7.83e-05 | 236s
2026-09-17 21:33:20 | INFO    | epoch 14 | batch 3360/4266 | loss 0.5408 | acc 0.9252 | lr 7.83e-05 | 237s
2026-09-17 21:33:22 | INFO    | epoch 14 | batch 3380/4266 | loss 0.5407 | acc 0.9253 | lr 7.83e-05 | 239s
2026-09-17 21:33:23 | INFO    | epoch 14 | batch 3400/4266 | loss 0.5408 | acc 0.9252 | lr 7.83e-05 | 240s
2026-09-17 21:33:25 | INFO    | epoch 14 | batch 3420/4266 | loss 0.5406 | acc 0.9253 | lr 7.82e-05 | 242s
2026-09-17 21:33:26 | INFO    | epoch 14 | batch 3440/4266 | loss 0.5405 | acc 0.9254 | lr 7.82e-05 | 243s
2026-09-17 21:33:28 | INFO    | epoch 14 | batch 3460/4266 | loss 0.5403 | acc 0.9255 | lr 7.82e-05 | 244s
2026-09-17 21:33:29 | INFO    | epoch 14 | batch 3480/4266 | loss 0.5403 | acc 0.9255 | lr 7.82e-05 | 246s
2026-09-17 21:33:30 | INFO    | epoch 14 | batch 3500/4266 | loss 0.5404 | acc 0.9254 | lr 7.82e-05 | 247s
2026-09-17 21:33:32 | INFO    | epoch 14 | batch 3520/4266 | loss 0.5402 | acc 0.9255 | lr 7.82e-05 | 249s
2026-09-17 21:33:33 | INFO    | epoch 14 | batch 3540/4266 | loss 0.5403 | acc 0.9255 | lr 7.82e-05 | 250s
2026-09-17 21:33:35 | INFO    | epoch 14 | batch 3560/4266 | loss 0.5402 | acc 0.9256 | lr 7.81e-05 | 252s
2026-09-17 21:33:36 | INFO    | epoch 14 | batch 3580/4266 | loss 0.5404 | acc 0.9254 | lr 7.81e-05 | 253s
2026-09-17 21:33:38 | INFO    | epoch 14 | batch 3600/4266 | loss 0.5405 | acc 0.9254 | lr 7.81e-05 | 255s
2026-09-17 21:33:39 | INFO    | epoch 14 | batch 3620/4266 | loss 0.5404 | acc 0.9255 | lr 7.81e-05 | 256s
2026-09-17 21:33:40 | INFO    | epoch 14 | batch 3640/4266 | loss 0.5405 | acc 0.9255 | lr 7.81e-05 | 257s
2026-09-17 21:33:42 | INFO    | epoch 14 | batch 3660/4266 | loss 0.5406 | acc 0.9253 | lr 7.81e-05 | 259s
2026-09-17 21:33:43 | INFO    | epoch 14 | batch 3680/4266 | loss 0.5405 | acc 0.9254 | lr 7.80e-05 | 260s
2026-09-17 21:33:45 | INFO    | epoch 14 | batch 3700/4266 | loss 0.5405 | acc 0.9255 | lr 7.80e-05 | 262s
2026-09-17 21:33:46 | INFO    | epoch 14 | batch 3720/4266 | loss 0.5404 | acc 0.9255 | lr 7.80e-05 | 263s
2026-09-17 21:33:48 | INFO    | epoch 14 | batch 3740/4266 | loss 0.5403 | acc 0.9255 | lr 7.80e-05 | 265s
2026-09-17 21:33:49 | INFO    | epoch 14 | batch 3760/4266 | loss 0.5404 | acc 0.9254 | lr 7.80e-05 | 266s
2026-09-17 21:33:50 | INFO    | epoch 14 | batch 3780/4266 | loss 0.5405 | acc 0.9254 | lr 7.80e-05 | 267s
2026-09-17 21:33:52 | INFO    | epoch 14 | batch 3800/4266 | loss 0.5404 | acc 0.9254 | lr 7.79e-05 | 269s
2026-09-17 21:33:53 | INFO    | epoch 14 | batch 3820/4266 | loss 0.5405 | acc 0.9253 | lr 7.79e-05 | 270s
2026-09-17 21:33:55 | INFO    | epoch 14 | batch 3840/4266 | loss 0.5404 | acc 0.9254 | lr 7.79e-05 | 272s
2026-09-17 21:33:56 | INFO    | epoch 14 | batch 3860/4266 | loss 0.5402 | acc 0.9255 | lr 7.79e-05 | 273s
2026-09-17 21:33:57 | INFO    | epoch 14 | batch 3880/4266 | loss 0.5402 | acc 0.9255 | lr 7.79e-05 | 274s
2026-09-17 21:33:59 | INFO    | epoch 14 | batch 3900/4266 | loss 0.5401 | acc 0.9256 | lr 7.79e-05 | 276s
2026-09-17 21:34:00 | INFO    | epoch 14 | batch 3920/4266 | loss 0.5402 | acc 0.9256 | lr 7.79e-05 | 277s
2026-09-17 21:34:02 | INFO    | epoch 14 | batch 3940/4266 | loss 0.5403 | acc 0.9256 | lr 7.78e-05 | 279s
2026-09-17 21:34:03 | INFO    | epoch 14 | batch 3960/4266 | loss 0.5402 | acc 0.9256 | lr 7.78e-05 | 280s
2026-09-17 21:34:05 | INFO    | epoch 14 | batch 3980/4266 | loss 0.5402 | acc 0.9257 | lr 7.78e-05 | 281s
2026-09-17 21:34:06 | INFO    | epoch 14 | batch 4000/4266 | loss 0.5401 | acc 0.9257 | lr 7.78e-05 | 283s
2026-09-17 21:34:07 | INFO    | epoch 14 | batch 4020/4266 | loss 0.5400 | acc 0.9258 | lr 7.78e-05 | 284s
2026-09-17 21:34:09 | INFO    | epoch 14 | batch 4040/4266 | loss 0.5402 | acc 0.9258 | lr 7.78e-05 | 286s
2026-09-17 21:34:10 | INFO    | epoch 14 | batch 4060/4266 | loss 0.5404 | acc 0.9256 | lr 7.77e-05 | 287s
2026-09-17 21:34:12 | INFO    | epoch 14 | batch 4080/4266 | loss 0.5405 | acc 0.9256 | lr 7.77e-05 | 288s
2026-09-17 21:34:13 | INFO    | epoch 14 | batch 4100/4266 | loss 0.5405 | acc 0.9256 | lr 7.77e-05 | 290s
2026-09-17 21:34:14 | INFO    | epoch 14 | batch 4120/4266 | loss 0.5403 | acc 0.9256 | lr 7.77e-05 | 291s
2026-09-17 21:34:16 | INFO    | epoch 14 | batch 4140/4266 | loss 0.5404 | acc 0.9256 | lr 7.77e-05 | 293s
2026-09-17 21:34:17 | INFO    | epoch 14 | batch 4160/4266 | loss 0.5402 | acc 0.9257 | lr 7.77e-05 | 294s
2026-09-17 21:34:19 | INFO    | epoch 14 | batch 4180/4266 | loss 0.5403 | acc 0.9256 | lr 7.76e-05 | 296s
2026-09-17 21:34:20 | INFO    | epoch 14 | batch 4200/4266 | loss 0.5402 | acc 0.9256 | lr 7.76e-05 | 297s
2026-09-17 21:34:21 | INFO    | epoch 14 | batch 4220/4266 | loss 0.5401 | acc 0.9257 | lr 7.76e-05 | 298s
2026-09-17 21:34:23 | INFO    | epoch 14 | batch 4240/4266 | loss 0.5401 | acc 0.9257 | lr 7.76e-05 | 300s
2026-09-17 21:34:24 | INFO    | epoch 14 | batch 4260/4266 | loss 0.5400 | acc 0.9258 | lr 7.76e-05 | 301s
2026-09-17 21:34:25 | INFO    | epoch 14 | batch 4266/4266 | loss 0.5400 | acc 0.9258 | lr 7.76e-05 | 302s
2026-09-17 21:34:35 | INFO    | epoch 14/40 done in 311s | train loss 0.5400 | train running patch (aug): accuracy=0.9258 precision=0.9250 recall=0.9234 f1=0.9242
2026-09-17 21:34:35 | INFO    | epoch 14 train (eval, no aug) | loss 0.5966 | patch[7280]: accuracy=0.8913 precision=0.8993 recall=0.8867 f1=0.8914 | image[455]: accuracy=0.9714 precision=0.9755 recall=0.9705 f1=0.9726
2026-09-17 21:34:35 | INFO    | epoch 14 val | loss 1.2259 | patch[8448]: accuracy=0.6140 precision=0.5941 recall=0.5830 f1=0.5826 | image[96]: accuracy=0.6354 precision=0.5922 recall=0.5921 f1=0.5846
2026-09-17 21:34:35 | INFO    | val_patch_f1 = 0.5826 (best 0.6163 @ epoch 12)
2026-09-17 21:34:36 | INFO    | epoch 15 | batch 20/4266 | loss 0.5231 | acc 0.9219 | lr 7.76e-05 | 2s
2026-09-17 21:34:38 | INFO    | epoch 15 | batch 40/4266 | loss 0.5223 | acc 0.9250 | lr 7.75e-05 | 3s
2026-09-17 21:34:39 | INFO    | epoch 15 | batch 60/4266 | loss 0.5128 | acc 0.9365 | lr 7.75e-05 | 5s
2026-09-17 21:34:41 | INFO    | epoch 15 | batch 80/4266 | loss 0.5156 | acc 0.9383 | lr 7.75e-05 | 6s
2026-09-17 21:34:42 | INFO    | epoch 15 | batch 100/4266 | loss 0.5197 | acc 0.9363 | lr 7.75e-05 | 8s
2026-09-17 21:34:43 | INFO    | epoch 15 | batch 120/4266 | loss 0.5191 | acc 0.9362 | lr 7.75e-05 | 9s
2026-09-17 21:34:45 | INFO    | epoch 15 | batch 140/4266 | loss 0.5219 | acc 0.9357 | lr 7.75e-05 | 10s
2026-09-17 21:34:46 | INFO    | epoch 15 | batch 160/4266 | loss 0.5186 | acc 0.9363 | lr 7.74e-05 | 12s
2026-09-17 21:34:48 | INFO    | epoch 15 | batch 180/4266 | loss 0.5238 | acc 0.9330 | lr 7.74e-05 | 13s
2026-09-17 21:34:49 | INFO    | epoch 15 | batch 200/4266 | loss 0.5282 | acc 0.9316 | lr 7.74e-05 | 15s
2026-09-17 21:34:50 | INFO    | epoch 15 | batch 220/4266 | loss 0.5278 | acc 0.9315 | lr 7.74e-05 | 16s
2026-09-17 21:34:52 | INFO    | epoch 15 | batch 240/4266 | loss 0.5284 | acc 0.9310 | lr 7.74e-05 | 17s
2026-09-17 21:34:53 | INFO    | epoch 15 | batch 260/4266 | loss 0.5285 | acc 0.9310 | lr 7.74e-05 | 19s
2026-09-17 21:34:55 | INFO    | epoch 15 | batch 280/4266 | loss 0.5281 | acc 0.9320 | lr 7.73e-05 | 20s
2026-09-17 21:34:56 | INFO    | epoch 15 | batch 300/4266 | loss 0.5276 | acc 0.9325 | lr 7.73e-05 | 21s
2026-09-17 21:34:57 | INFO    | epoch 15 | batch 320/4266 | loss 0.5288 | acc 0.9319 | lr 7.73e-05 | 23s
2026-09-17 21:34:59 | INFO    | epoch 15 | batch 340/4266 | loss 0.5291 | acc 0.9323 | lr 7.73e-05 | 24s
2026-09-17 21:35:00 | INFO    | epoch 15 | batch 360/4266 | loss 0.5277 | acc 0.9328 | lr 7.73e-05 | 26s
2026-09-17 21:35:02 | INFO    | epoch 15 | batch 380/4266 | loss 0.5274 | acc 0.9330 | lr 7.73e-05 | 27s
2026-09-17 21:35:03 | INFO    | epoch 15 | batch 400/4266 | loss 0.5270 | acc 0.9334 | lr 7.73e-05 | 28s
2026-09-17 21:35:04 | INFO    | epoch 15 | batch 420/4266 | loss 0.5291 | acc 0.9322 | lr 7.72e-05 | 30s
2026-09-17 21:35:06 | INFO    | epoch 15 | batch 440/4266 | loss 0.5286 | acc 0.9327 | lr 7.72e-05 | 31s
2026-09-17 21:35:07 | INFO    | epoch 15 | batch 460/4266 | loss 0.5294 | acc 0.9321 | lr 7.72e-05 | 33s
2026-09-17 21:35:09 | INFO    | epoch 15 | batch 480/4266 | loss 0.5304 | acc 0.9318 | lr 7.72e-05 | 34s
2026-09-17 21:35:10 | INFO    | epoch 15 | batch 500/4266 | loss 0.5297 | acc 0.9324 | lr 7.72e-05 | 35s
2026-09-17 21:35:11 | INFO    | epoch 15 | batch 520/4266 | loss 0.5298 | acc 0.9325 | lr 7.72e-05 | 37s
2026-09-17 21:35:13 | INFO    | epoch 15 | batch 540/4266 | loss 0.5304 | acc 0.9325 | lr 7.71e-05 | 38s
2026-09-17 21:35:14 | INFO    | epoch 15 | batch 560/4266 | loss 0.5309 | acc 0.9322 | lr 7.71e-05 | 40s
2026-09-17 21:35:16 | INFO    | epoch 15 | batch 580/4266 | loss 0.5304 | acc 0.9327 | lr 7.71e-05 | 41s
2026-09-17 21:35:17 | INFO    | epoch 15 | batch 600/4266 | loss 0.5306 | acc 0.9326 | lr 7.71e-05 | 43s
2026-09-17 21:35:18 | INFO    | epoch 15 | batch 620/4266 | loss 0.5312 | acc 0.9319 | lr 7.71e-05 | 44s
2026-09-17 21:35:20 | INFO    | epoch 15 | batch 640/4266 | loss 0.5315 | acc 0.9315 | lr 7.71e-05 | 45s
2026-09-17 21:35:21 | INFO    | epoch 15 | batch 660/4266 | loss 0.5314 | acc 0.9319 | lr 7.70e-05 | 47s
2026-09-17 21:35:23 | INFO    | epoch 15 | batch 680/4266 | loss 0.5301 | acc 0.9327 | lr 7.70e-05 | 48s
2026-09-17 21:35:24 | INFO    | epoch 15 | batch 700/4266 | loss 0.5300 | acc 0.9327 | lr 7.70e-05 | 50s
2026-09-17 21:35:26 | INFO    | epoch 15 | batch 720/4266 | loss 0.5302 | acc 0.9325 | lr 7.70e-05 | 51s
2026-09-17 21:35:27 | INFO    | epoch 15 | batch 740/4266 | loss 0.5302 | acc 0.9325 | lr 7.70e-05 | 52s
2026-09-17 21:35:28 | INFO    | epoch 15 | batch 760/4266 | loss 0.5302 | acc 0.9324 | lr 7.70e-05 | 54s
2026-09-17 21:35:30 | INFO    | epoch 15 | batch 780/4266 | loss 0.5298 | acc 0.9327 | lr 7.69e-05 | 55s
2026-09-17 21:35:31 | INFO    | epoch 15 | batch 800/4266 | loss 0.5301 | acc 0.9325 | lr 7.69e-05 | 57s
2026-09-17 21:35:33 | INFO    | epoch 15 | batch 820/4266 | loss 0.5298 | acc 0.9327 | lr 7.69e-05 | 58s
2026-09-17 21:35:34 | INFO    | epoch 15 | batch 840/4266 | loss 0.5297 | acc 0.9329 | lr 7.69e-05 | 59s
2026-09-17 21:35:35 | INFO    | epoch 15 | batch 860/4266 | loss 0.5293 | acc 0.9330 | lr 7.69e-05 | 61s
2026-09-17 21:35:37 | INFO    | epoch 15 | batch 880/4266 | loss 0.5290 | acc 0.9333 | lr 7.69e-05 | 62s
2026-09-17 21:35:38 | INFO    | epoch 15 | batch 900/4266 | loss 0.5289 | acc 0.9334 | lr 7.68e-05 | 64s
2026-09-17 21:35:40 | INFO    | epoch 15 | batch 920/4266 | loss 0.5287 | acc 0.9334 | lr 7.68e-05 | 65s
2026-09-17 21:35:41 | INFO    | epoch 15 | batch 940/4266 | loss 0.5288 | acc 0.9334 | lr 7.68e-05 | 67s
2026-09-17 21:35:43 | INFO    | epoch 15 | batch 960/4266 | loss 0.5287 | acc 0.9335 | lr 7.68e-05 | 68s
2026-09-17 21:35:44 | INFO    | epoch 15 | batch 980/4266 | loss 0.5284 | acc 0.9337 | lr 7.68e-05 | 69s
2026-09-17 21:35:45 | INFO    | epoch 15 | batch 1000/4266 | loss 0.5287 | acc 0.9335 | lr 7.68e-05 | 71s
2026-09-17 21:35:47 | INFO    | epoch 15 | batch 1020/4266 | loss 0.5289 | acc 0.9335 | lr 7.67e-05 | 72s
2026-09-17 21:35:48 | INFO    | epoch 15 | batch 1040/4266 | loss 0.5285 | acc 0.9335 | lr 7.67e-05 | 74s
2026-09-17 21:35:50 | INFO    | epoch 15 | batch 1060/4266 | loss 0.5284 | acc 0.9334 | lr 7.67e-05 | 75s
2026-09-17 21:35:51 | INFO    | epoch 15 | batch 1080/4266 | loss 0.5280 | acc 0.9335 | lr 7.67e-05 | 76s
2026-09-17 21:35:52 | INFO    | epoch 15 | batch 1100/4266 | loss 0.5275 | acc 0.9337 | lr 7.67e-05 | 78s
2026-09-17 21:35:54 | INFO    | epoch 15 | batch 1120/4266 | loss 0.5271 | acc 0.9338 | lr 7.67e-05 | 79s
2026-09-17 21:35:55 | INFO    | epoch 15 | batch 1140/4266 | loss 0.5269 | acc 0.9339 | lr 7.67e-05 | 81s
2026-09-17 21:35:56 | INFO    | epoch 15 | batch 1160/4266 | loss 0.5274 | acc 0.9337 | lr 7.66e-05 | 82s
2026-09-17 21:35:58 | INFO    | epoch 15 | batch 1180/4266 | loss 0.5275 | acc 0.9337 | lr 7.66e-05 | 83s
2026-09-17 21:35:59 | INFO    | epoch 15 | batch 1200/4266 | loss 0.5277 | acc 0.9335 | lr 7.66e-05 | 85s
2026-09-17 21:36:01 | INFO    | epoch 15 | batch 1220/4266 | loss 0.5281 | acc 0.9334 | lr 7.66e-05 | 86s
2026-09-17 21:36:02 | INFO    | epoch 15 | batch 1240/4266 | loss 0.5282 | acc 0.9333 | lr 7.66e-05 | 87s
2026-09-17 21:36:03 | INFO    | epoch 15 | batch 1260/4266 | loss 0.5287 | acc 0.9331 | lr 7.66e-05 | 89s
2026-09-17 21:36:05 | INFO    | epoch 15 | batch 1280/4266 | loss 0.5286 | acc 0.9331 | lr 7.65e-05 | 90s
2026-09-17 21:36:06 | INFO    | epoch 15 | batch 1300/4266 | loss 0.5290 | acc 0.9327 | lr 7.65e-05 | 91s
2026-09-17 21:36:07 | INFO    | epoch 15 | batch 1320/4266 | loss 0.5290 | acc 0.9327 | lr 7.65e-05 | 93s
2026-09-17 21:36:09 | INFO    | epoch 15 | batch 1340/4266 | loss 0.5287 | acc 0.9330 | lr 7.65e-05 | 94s
2026-09-17 21:36:10 | INFO    | epoch 15 | batch 1360/4266 | loss 0.5289 | acc 0.9328 | lr 7.65e-05 | 96s
2026-09-17 21:36:11 | INFO    | epoch 15 | batch 1380/4266 | loss 0.5287 | acc 0.9329 | lr 7.65e-05 | 97s
2026-09-17 21:36:13 | INFO    | epoch 15 | batch 1400/4266 | loss 0.5287 | acc 0.9327 | lr 7.64e-05 | 98s
2026-09-17 21:36:14 | INFO    | epoch 15 | batch 1420/4266 | loss 0.5290 | acc 0.9325 | lr 7.64e-05 | 100s
2026-09-17 21:36:16 | INFO    | epoch 15 | batch 1440/4266 | loss 0.5293 | acc 0.9324 | lr 7.64e-05 | 101s
2026-09-17 21:36:17 | INFO    | epoch 15 | batch 1460/4266 | loss 0.5294 | acc 0.9324 | lr 7.64e-05 | 103s
2026-09-17 21:36:19 | INFO    | epoch 15 | batch 1480/4266 | loss 0.5294 | acc 0.9323 | lr 7.64e-05 | 104s
2026-09-17 21:36:20 | INFO    | epoch 15 | batch 1500/4266 | loss 0.5294 | acc 0.9323 | lr 7.64e-05 | 106s
2026-09-17 21:36:21 | INFO    | epoch 15 | batch 1520/4266 | loss 0.5295 | acc 0.9322 | lr 7.63e-05 | 107s
2026-09-17 21:36:23 | INFO    | epoch 15 | batch 1540/4266 | loss 0.5294 | acc 0.9322 | lr 7.63e-05 | 108s
2026-09-17 21:36:24 | INFO    | epoch 15 | batch 1560/4266 | loss 0.5292 | acc 0.9323 | lr 7.63e-05 | 110s
2026-09-17 21:36:26 | INFO    | epoch 15 | batch 1580/4266 | loss 0.5291 | acc 0.9322 | lr 7.63e-05 | 111s
2026-09-17 21:36:27 | INFO    | epoch 15 | batch 1600/4266 | loss 0.5299 | acc 0.9318 | lr 7.63e-05 | 113s
2026-09-17 21:36:29 | INFO    | epoch 15 | batch 1620/4266 | loss 0.5298 | acc 0.9319 | lr 7.63e-05 | 114s
2026-09-17 21:36:30 | INFO    | epoch 15 | batch 1640/4266 | loss 0.5298 | acc 0.9320 | lr 7.62e-05 | 116s
2026-09-17 21:36:31 | INFO    | epoch 15 | batch 1660/4266 | loss 0.5292 | acc 0.9323 | lr 7.62e-05 | 117s
2026-09-17 21:36:33 | INFO    | epoch 15 | batch 1680/4266 | loss 0.5292 | acc 0.9323 | lr 7.62e-05 | 118s
2026-09-17 21:36:34 | INFO    | epoch 15 | batch 1700/4266 | loss 0.5296 | acc 0.9322 | lr 7.62e-05 | 120s
2026-09-17 21:36:36 | INFO    | epoch 15 | batch 1720/4266 | loss 0.5294 | acc 0.9323 | lr 7.62e-05 | 121s
2026-09-17 21:36:37 | INFO    | epoch 15 | batch 1740/4266 | loss 0.5297 | acc 0.9321 | lr 7.62e-05 | 123s
2026-09-17 21:36:39 | INFO    | epoch 15 | batch 1760/4266 | loss 0.5299 | acc 0.9320 | lr 7.61e-05 | 124s
2026-09-17 21:36:40 | INFO    | epoch 15 | batch 1780/4266 | loss 0.5298 | acc 0.9320 | lr 7.61e-05 | 125s
2026-09-17 21:36:41 | INFO    | epoch 15 | batch 1800/4266 | loss 0.5300 | acc 0.9319 | lr 7.61e-05 | 127s
2026-09-17 21:36:43 | INFO    | epoch 15 | batch 1820/4266 | loss 0.5301 | acc 0.9318 | lr 7.61e-05 | 128s
2026-09-17 21:36:44 | INFO    | epoch 15 | batch 1840/4266 | loss 0.5299 | acc 0.9319 | lr 7.61e-05 | 130s
2026-09-17 21:36:46 | INFO    | epoch 15 | batch 1860/4266 | loss 0.5302 | acc 0.9317 | lr 7.61e-05 | 131s
2026-09-17 21:36:47 | INFO    | epoch 15 | batch 1880/4266 | loss 0.5305 | acc 0.9315 | lr 7.60e-05 | 133s
2026-09-17 21:36:49 | INFO    | epoch 15 | batch 1900/4266 | loss 0.5304 | acc 0.9316 | lr 7.60e-05 | 134s
2026-09-17 21:36:50 | INFO    | epoch 15 | batch 1920/4266 | loss 0.5307 | acc 0.9315 | lr 7.60e-05 | 136s
2026-09-17 21:36:51 | INFO    | epoch 15 | batch 1940/4266 | loss 0.5310 | acc 0.9313 | lr 7.60e-05 | 137s
2026-09-17 21:36:53 | INFO    | epoch 15 | batch 1960/4266 | loss 0.5308 | acc 0.9313 | lr 7.60e-05 | 138s
2026-09-17 21:36:54 | INFO    | epoch 15 | batch 1980/4266 | loss 0.5307 | acc 0.9314 | lr 7.60e-05 | 140s
2026-09-17 21:36:56 | INFO    | epoch 15 | batch 2000/4266 | loss 0.5308 | acc 0.9314 | lr 7.59e-05 | 141s
2026-09-17 21:36:57 | INFO    | epoch 15 | batch 2020/4266 | loss 0.5308 | acc 0.9313 | lr 7.59e-05 | 143s
2026-09-17 21:36:58 | INFO    | epoch 15 | batch 2040/4266 | loss 0.5309 | acc 0.9312 | lr 7.59e-05 | 144s
2026-09-17 21:37:00 | INFO    | epoch 15 | batch 2060/4266 | loss 0.5307 | acc 0.9313 | lr 7.59e-05 | 145s
2026-09-17 21:37:01 | INFO    | epoch 15 | batch 2080/4266 | loss 0.5305 | acc 0.9313 | lr 7.59e-05 | 147s
2026-09-17 21:37:03 | INFO    | epoch 15 | batch 2100/4266 | loss 0.5305 | acc 0.9313 | lr 7.59e-05 | 148s
2026-09-17 21:37:04 | INFO    | epoch 15 | batch 2120/4266 | loss 0.5304 | acc 0.9315 | lr 7.58e-05 | 150s
2026-09-17 21:37:05 | INFO    | epoch 15 | batch 2140/4266 | loss 0.5304 | acc 0.9315 | lr 7.58e-05 | 151s
2026-09-17 21:37:07 | INFO    | epoch 15 | batch 2160/4266 | loss 0.5306 | acc 0.9314 | lr 7.58e-05 | 152s
2026-09-17 21:37:08 | INFO    | epoch 15 | batch 2180/4266 | loss 0.5306 | acc 0.9314 | lr 7.58e-05 | 154s
2026-09-17 21:37:10 | INFO    | epoch 15 | batch 2200/4266 | loss 0.5307 | acc 0.9314 | lr 7.58e-05 | 155s
2026-09-17 21:37:11 | INFO    | epoch 15 | batch 2220/4266 | loss 0.5305 | acc 0.9314 | lr 7.58e-05 | 157s
2026-09-17 21:37:13 | INFO    | epoch 15 | batch 2240/4266 | loss 0.5305 | acc 0.9314 | lr 7.58e-05 | 158s
2026-09-17 21:37:14 | INFO    | epoch 15 | batch 2260/4266 | loss 0.5306 | acc 0.9313 | lr 7.57e-05 | 160s
2026-09-17 21:37:15 | INFO    | epoch 15 | batch 2280/4266 | loss 0.5306 | acc 0.9314 | lr 7.57e-05 | 161s
2026-09-17 21:37:17 | INFO    | epoch 15 | batch 2300/4266 | loss 0.5303 | acc 0.9315 | lr 7.57e-05 | 162s
2026-09-17 21:37:18 | INFO    | epoch 15 | batch 2320/4266 | loss 0.5305 | acc 0.9314 | lr 7.57e-05 | 164s
2026-09-17 21:37:20 | INFO    | epoch 15 | batch 2340/4266 | loss 0.5305 | acc 0.9313 | lr 7.57e-05 | 165s
2026-09-17 21:37:21 | INFO    | epoch 15 | batch 2360/4266 | loss 0.5305 | acc 0.9313 | lr 7.57e-05 | 167s
2026-09-17 21:37:23 | INFO    | epoch 15 | batch 2380/4266 | loss 0.5305 | acc 0.9313 | lr 7.56e-05 | 168s
2026-09-17 21:37:24 | INFO    | epoch 15 | batch 2400/4266 | loss 0.5306 | acc 0.9312 | lr 7.56e-05 | 169s
2026-09-17 21:37:25 | INFO    | epoch 15 | batch 2420/4266 | loss 0.5305 | acc 0.9313 | lr 7.56e-05 | 171s
2026-09-17 21:37:27 | INFO    | epoch 15 | batch 2440/4266 | loss 0.5308 | acc 0.9311 | lr 7.56e-05 | 172s
2026-09-17 21:37:28 | INFO    | epoch 15 | batch 2460/4266 | loss 0.5308 | acc 0.9310 | lr 7.56e-05 | 174s
2026-09-17 21:37:30 | INFO    | epoch 15 | batch 2480/4266 | loss 0.5307 | acc 0.9311 | lr 7.56e-05 | 175s
2026-09-17 21:37:31 | INFO    | epoch 15 | batch 2500/4266 | loss 0.5308 | acc 0.9310 | lr 7.55e-05 | 177s
2026-09-17 21:37:33 | INFO    | epoch 15 | batch 2520/4266 | loss 0.5308 | acc 0.9310 | lr 7.55e-05 | 178s
2026-09-17 21:37:34 | INFO    | epoch 15 | batch 2540/4266 | loss 0.5309 | acc 0.9309 | lr 7.55e-05 | 180s
2026-09-17 21:37:36 | INFO    | epoch 15 | batch 2560/4266 | loss 0.5310 | acc 0.9308 | lr 7.55e-05 | 181s
2026-09-17 21:37:37 | INFO    | epoch 15 | batch 2580/4266 | loss 0.5312 | acc 0.9307 | lr 7.55e-05 | 183s
2026-09-17 21:37:39 | INFO    | epoch 15 | batch 2600/4266 | loss 0.5312 | acc 0.9307 | lr 7.55e-05 | 184s
2026-09-17 21:37:40 | INFO    | epoch 15 | batch 2620/4266 | loss 0.5313 | acc 0.9306 | lr 7.54e-05 | 185s
2026-09-17 21:37:41 | INFO    | epoch 15 | batch 2640/4266 | loss 0.5312 | acc 0.9306 | lr 7.54e-05 | 187s
2026-09-17 21:37:43 | INFO    | epoch 15 | batch 2660/4266 | loss 0.5312 | acc 0.9306 | lr 7.54e-05 | 188s
2026-09-17 21:37:44 | INFO    | epoch 15 | batch 2680/4266 | loss 0.5312 | acc 0.9306 | lr 7.54e-05 | 190s
2026-09-17 21:37:46 | INFO    | epoch 15 | batch 2700/4266 | loss 0.5313 | acc 0.9306 | lr 7.54e-05 | 191s
2026-09-17 21:37:47 | INFO    | epoch 15 | batch 2720/4266 | loss 0.5311 | acc 0.9307 | lr 7.54e-05 | 193s
2026-09-17 21:37:49 | INFO    | epoch 15 | batch 2740/4266 | loss 0.5310 | acc 0.9307 | lr 7.53e-05 | 194s
2026-09-17 21:37:50 | INFO    | epoch 15 | batch 2760/4266 | loss 0.5310 | acc 0.9307 | lr 7.53e-05 | 196s
2026-09-17 21:37:52 | INFO    | epoch 15 | batch 2780/4266 | loss 0.5310 | acc 0.9307 | lr 7.53e-05 | 197s
2026-09-17 21:37:53 | INFO    | epoch 15 | batch 2800/4266 | loss 0.5309 | acc 0.9308 | lr 7.53e-05 | 199s
2026-09-17 21:37:54 | INFO    | epoch 15 | batch 2820/4266 | loss 0.5308 | acc 0.9308 | lr 7.53e-05 | 200s
2026-09-17 21:37:56 | INFO    | epoch 15 | batch 2840/4266 | loss 0.5308 | acc 0.9309 | lr 7.53e-05 | 201s
2026-09-17 21:37:57 | INFO    | epoch 15 | batch 2860/4266 | loss 0.5307 | acc 0.9309 | lr 7.52e-05 | 203s
2026-09-17 21:37:59 | INFO    | epoch 15 | batch 2880/4266 | loss 0.5306 | acc 0.9309 | lr 7.52e-05 | 204s
2026-09-17 21:38:00 | INFO    | epoch 15 | batch 2900/4266 | loss 0.5304 | acc 0.9309 | lr 7.52e-05 | 206s
2026-09-17 21:38:02 | INFO    | epoch 15 | batch 2920/4266 | loss 0.5303 | acc 0.9310 | lr 7.52e-05 | 207s
2026-09-17 21:38:03 | INFO    | epoch 15 | batch 2940/4266 | loss 0.5302 | acc 0.9310 | lr 7.52e-05 | 209s
2026-09-17 21:38:05 | INFO    | epoch 15 | batch 2960/4266 | loss 0.5301 | acc 0.9311 | lr 7.52e-05 | 210s
2026-09-17 21:38:06 | INFO    | epoch 15 | batch 2980/4266 | loss 0.5301 | acc 0.9312 | lr 7.51e-05 | 211s
2026-09-17 21:38:07 | INFO    | epoch 15 | batch 3000/4266 | loss 0.5301 | acc 0.9312 | lr 7.51e-05 | 213s
2026-09-17 21:38:09 | INFO    | epoch 15 | batch 3020/4266 | loss 0.5300 | acc 0.9311 | lr 7.51e-05 | 214s
2026-09-17 21:38:10 | INFO    | epoch 15 | batch 3040/4266 | loss 0.5301 | acc 0.9311 | lr 7.51e-05 | 216s
2026-09-17 21:38:12 | INFO    | epoch 15 | batch 3060/4266 | loss 0.5300 | acc 0.9311 | lr 7.51e-05 | 217s
2026-09-17 21:38:13 | INFO    | epoch 15 | batch 3080/4266 | loss 0.5299 | acc 0.9312 | lr 7.51e-05 | 219s
2026-09-17 21:38:15 | INFO    | epoch 15 | batch 3100/4266 | loss 0.5300 | acc 0.9311 | lr 7.50e-05 | 220s
2026-09-17 21:38:16 | INFO    | epoch 15 | batch 3120/4266 | loss 0.5299 | acc 0.9312 | lr 7.50e-05 | 222s
2026-09-17 21:38:18 | INFO    | epoch 15 | batch 3140/4266 | loss 0.5298 | acc 0.9313 | lr 7.50e-05 | 223s
2026-09-17 21:38:19 | INFO    | epoch 15 | batch 3160/4266 | loss 0.5298 | acc 0.9313 | lr 7.50e-05 | 225s
2026-09-17 21:38:21 | INFO    | epoch 15 | batch 3180/4266 | loss 0.5298 | acc 0.9313 | lr 7.50e-05 | 226s
2026-09-17 21:38:22 | INFO    | epoch 15 | batch 3200/4266 | loss 0.5297 | acc 0.9314 | lr 7.50e-05 | 228s
2026-09-17 21:38:24 | INFO    | epoch 15 | batch 3220/4266 | loss 0.5295 | acc 0.9314 | lr 7.49e-05 | 229s
2026-09-17 21:38:25 | INFO    | epoch 15 | batch 3240/4266 | loss 0.5297 | acc 0.9313 | lr 7.49e-05 | 231s
2026-09-17 21:38:27 | INFO    | epoch 15 | batch 3260/4266 | loss 0.5297 | acc 0.9313 | lr 7.49e-05 | 232s
2026-09-17 21:38:28 | INFO    | epoch 15 | batch 3280/4266 | loss 0.5297 | acc 0.9313 | lr 7.49e-05 | 233s
2026-09-17 21:38:29 | INFO    | epoch 15 | batch 3300/4266 | loss 0.5297 | acc 0.9314 | lr 7.49e-05 | 235s
2026-09-17 21:38:31 | INFO    | epoch 15 | batch 3320/4266 | loss 0.5297 | acc 0.9314 | lr 7.49e-05 | 236s
2026-09-17 21:38:32 | INFO    | epoch 15 | batch 3340/4266 | loss 0.5297 | acc 0.9313 | lr 7.48e-05 | 238s
2026-09-17 21:38:34 | INFO    | epoch 15 | batch 3360/4266 | loss 0.5296 | acc 0.9314 | lr 7.48e-05 | 239s
2026-09-17 21:38:35 | INFO    | epoch 15 | batch 3380/4266 | loss 0.5297 | acc 0.9314 | lr 7.48e-05 | 241s
2026-09-17 21:38:37 | INFO    | epoch 15 | batch 3400/4266 | loss 0.5296 | acc 0.9314 | lr 7.48e-05 | 242s
2026-09-17 21:38:38 | INFO    | epoch 15 | batch 3420/4266 | loss 0.5296 | acc 0.9314 | lr 7.48e-05 | 244s
2026-09-17 21:38:40 | INFO    | epoch 15 | batch 3440/4266 | loss 0.5295 | acc 0.9315 | lr 7.48e-05 | 245s
2026-09-17 21:38:41 | INFO    | epoch 15 | batch 3460/4266 | loss 0.5293 | acc 0.9315 | lr 7.47e-05 | 247s
2026-09-17 21:38:43 | INFO    | epoch 15 | batch 3480/4266 | loss 0.5294 | acc 0.9315 | lr 7.47e-05 | 248s
2026-09-17 21:38:44 | INFO    | epoch 15 | batch 3500/4266 | loss 0.5295 | acc 0.9315 | lr 7.47e-05 | 249s
2026-09-17 21:38:45 | INFO    | epoch 15 | batch 3520/4266 | loss 0.5295 | acc 0.9315 | lr 7.47e-05 | 251s
2026-09-17 21:38:47 | INFO    | epoch 15 | batch 3540/4266 | loss 0.5295 | acc 0.9314 | lr 7.47e-05 | 252s
2026-09-17 21:38:48 | INFO    | epoch 15 | batch 3560/4266 | loss 0.5296 | acc 0.9315 | lr 7.47e-05 | 253s
2026-09-17 21:38:49 | INFO    | epoch 15 | batch 3580/4266 | loss 0.5295 | acc 0.9315 | lr 7.46e-05 | 255s
2026-09-17 21:38:51 | INFO    | epoch 15 | batch 3600/4266 | loss 0.5294 | acc 0.9315 | lr 7.46e-05 | 256s
2026-09-17 21:38:52 | INFO    | epoch 15 | batch 3620/4266 | loss 0.5294 | acc 0.9316 | lr 7.46e-05 | 258s
2026-09-17 21:38:54 | INFO    | epoch 15 | batch 3640/4266 | loss 0.5294 | acc 0.9315 | lr 7.46e-05 | 259s
2026-09-17 21:38:55 | INFO    | epoch 15 | batch 3660/4266 | loss 0.5294 | acc 0.9315 | lr 7.46e-05 | 261s
2026-09-17 21:38:57 | INFO    | epoch 15 | batch 3680/4266 | loss 0.5293 | acc 0.9316 | lr 7.46e-05 | 262s
2026-09-17 21:38:58 | INFO    | epoch 15 | batch 3700/4266 | loss 0.5293 | acc 0.9316 | lr 7.45e-05 | 263s
2026-09-17 21:38:59 | INFO    | epoch 15 | batch 3720/4266 | loss 0.5292 | acc 0.9316 | lr 7.45e-05 | 265s
2026-09-17 21:39:01 | INFO    | epoch 15 | batch 3740/4266 | loss 0.5293 | acc 0.9316 | lr 7.45e-05 | 266s
2026-09-17 21:39:02 | INFO    | epoch 15 | batch 3760/4266 | loss 0.5293 | acc 0.9315 | lr 7.45e-05 | 268s
2026-09-17 21:39:04 | INFO    | epoch 15 | batch 3780/4266 | loss 0.5293 | acc 0.9315 | lr 7.45e-05 | 269s
2026-09-17 21:39:05 | INFO    | epoch 15 | batch 3800/4266 | loss 0.5293 | acc 0.9315 | lr 7.45e-05 | 270s
2026-09-17 21:39:06 | INFO    | epoch 15 | batch 3820/4266 | loss 0.5294 | acc 0.9314 | lr 7.44e-05 | 272s
2026-09-17 21:39:08 | INFO    | epoch 15 | batch 3840/4266 | loss 0.5295 | acc 0.9314 | lr 7.44e-05 | 273s
2026-09-17 21:39:09 | INFO    | epoch 15 | batch 3860/4266 | loss 0.5295 | acc 0.9314 | lr 7.44e-05 | 275s
2026-09-17 21:39:11 | INFO    | epoch 15 | batch 3880/4266 | loss 0.5294 | acc 0.9314 | lr 7.44e-05 | 276s
2026-09-17 21:39:12 | INFO    | epoch 15 | batch 3900/4266 | loss 0.5295 | acc 0.9313 | lr 7.44e-05 | 278s
2026-09-17 21:39:14 | INFO    | epoch 15 | batch 3920/4266 | loss 0.5295 | acc 0.9313 | lr 7.44e-05 | 279s
2026-09-17 21:39:15 | INFO    | epoch 15 | batch 3940/4266 | loss 0.5296 | acc 0.9312 | lr 7.43e-05 | 280s
2026-09-17 21:39:16 | INFO    | epoch 15 | batch 3960/4266 | loss 0.5295 | acc 0.9313 | lr 7.43e-05 | 282s
2026-09-17 21:39:18 | INFO    | epoch 15 | batch 3980/4266 | loss 0.5295 | acc 0.9313 | lr 7.43e-05 | 283s
2026-09-17 21:39:19 | INFO    | epoch 15 | batch 4000/4266 | loss 0.5294 | acc 0.9313 | lr 7.43e-05 | 285s
2026-09-17 21:39:21 | INFO    | epoch 15 | batch 4020/4266 | loss 0.5294 | acc 0.9313 | lr 7.43e-05 | 286s
2026-09-17 21:39:22 | INFO    | epoch 15 | batch 4040/4266 | loss 0.5295 | acc 0.9313 | lr 7.42e-05 | 288s
2026-09-17 21:39:23 | INFO    | epoch 15 | batch 4060/4266 | loss 0.5294 | acc 0.9314 | lr 7.42e-05 | 289s
2026-09-17 21:39:25 | INFO    | epoch 15 | batch 4080/4266 | loss 0.5294 | acc 0.9314 | lr 7.42e-05 | 290s
2026-09-17 21:39:26 | INFO    | epoch 15 | batch 4100/4266 | loss 0.5294 | acc 0.9314 | lr 7.42e-05 | 292s
2026-09-17 21:39:28 | INFO    | epoch 15 | batch 4120/4266 | loss 0.5294 | acc 0.9314 | lr 7.42e-05 | 293s
2026-09-17 21:39:29 | INFO    | epoch 15 | batch 4140/4266 | loss 0.5294 | acc 0.9313 | lr 7.42e-05 | 295s
2026-09-17 21:39:31 | INFO    | epoch 15 | batch 4160/4266 | loss 0.5292 | acc 0.9314 | lr 7.41e-05 | 296s
2026-09-17 21:39:32 | INFO    | epoch 15 | batch 4180/4266 | loss 0.5294 | acc 0.9313 | lr 7.41e-05 | 297s
2026-09-17 21:39:33 | INFO    | epoch 15 | batch 4200/4266 | loss 0.5294 | acc 0.9313 | lr 7.41e-05 | 299s
2026-09-17 21:39:35 | INFO    | epoch 15 | batch 4220/4266 | loss 0.5294 | acc 0.9313 | lr 7.41e-05 | 300s
2026-09-17 21:39:36 | INFO    | epoch 15 | batch 4240/4266 | loss 0.5293 | acc 0.9314 | lr 7.41e-05 | 302s
2026-09-17 21:39:38 | INFO    | epoch 15 | batch 4260/4266 | loss 0.5293 | acc 0.9314 | lr 7.41e-05 | 303s
2026-09-17 21:39:38 | INFO    | epoch 15 | batch 4266/4266 | loss 0.5292 | acc 0.9315 | lr 7.41e-05 | 304s
2026-09-17 21:39:48 | INFO    | epoch 15/40 done in 313s | train loss 0.5292 | train running patch (aug): accuracy=0.9315 precision=0.9310 recall=0.9293 f1=0.9301
2026-09-17 21:39:48 | INFO    | epoch 15 train (eval, no aug) | loss 0.5464 | patch[7280]: accuracy=0.9234 precision=0.9250 recall=0.9224 f1=0.9227 | image[455]: accuracy=0.9824 precision=0.9840 recall=0.9828 f1=0.9831
2026-09-17 21:39:48 | INFO    | epoch 15 val | loss 1.1903 | patch[8448]: accuracy=0.6387 precision=0.6130 recall=0.6127 f1=0.6106 | image[96]: accuracy=0.6875 precision=0.6623 recall=0.6593 f1=0.6558
2026-09-17 21:39:48 | INFO    | val_patch_f1 = 0.6106 (best 0.6163 @ epoch 12)
2026-09-17 21:39:50 | INFO    | epoch 16 | batch 20/4266 | loss 0.5324 | acc 0.9313 | lr 7.40e-05 | 2s
2026-09-17 21:39:51 | INFO    | epoch 16 | batch 40/4266 | loss 0.5256 | acc 0.9359 | lr 7.40e-05 | 3s
2026-09-17 21:39:52 | INFO    | epoch 16 | batch 60/4266 | loss 0.5302 | acc 0.9307 | lr 7.40e-05 | 4s
2026-09-17 21:39:54 | INFO    | epoch 16 | batch 80/4266 | loss 0.5261 | acc 0.9332 | lr 7.40e-05 | 6s
2026-09-17 21:39:55 | INFO    | epoch 16 | batch 100/4266 | loss 0.5204 | acc 0.9369 | lr 7.40e-05 | 7s
2026-09-17 21:39:56 | INFO    | epoch 16 | batch 120/4266 | loss 0.5172 | acc 0.9375 | lr 7.40e-05 | 8s
2026-09-17 21:39:58 | INFO    | epoch 16 | batch 140/4266 | loss 0.5179 | acc 0.9364 | lr 7.39e-05 | 10s
2026-09-17 21:39:59 | INFO    | epoch 16 | batch 160/4266 | loss 0.5157 | acc 0.9377 | lr 7.39e-05 | 11s
2026-09-17 21:40:01 | INFO    | epoch 16 | batch 180/4266 | loss 0.5149 | acc 0.9375 | lr 7.39e-05 | 13s
2026-09-17 21:40:02 | INFO    | epoch 16 | batch 200/4266 | loss 0.5138 | acc 0.9375 | lr 7.39e-05 | 14s
2026-09-17 21:40:03 | INFO    | epoch 16 | batch 220/4266 | loss 0.5161 | acc 0.9365 | lr 7.39e-05 | 15s
2026-09-17 21:40:05 | INFO    | epoch 16 | batch 240/4266 | loss 0.5137 | acc 0.9378 | lr 7.39e-05 | 17s
2026-09-17 21:40:06 | INFO    | epoch 16 | batch 260/4266 | loss 0.5122 | acc 0.9389 | lr 7.38e-05 | 18s
2026-09-17 21:40:07 | INFO    | epoch 16 | batch 280/4266 | loss 0.5123 | acc 0.9390 | lr 7.38e-05 | 20s
2026-09-17 21:40:09 | INFO    | epoch 16 | batch 300/4266 | loss 0.5136 | acc 0.9385 | lr 7.38e-05 | 21s
2026-09-17 21:40:10 | INFO    | epoch 16 | batch 320/4266 | loss 0.5152 | acc 0.9378 | lr 7.38e-05 | 22s
2026-09-17 21:40:12 | INFO    | epoch 16 | batch 340/4266 | loss 0.5150 | acc 0.9374 | lr 7.38e-05 | 24s
2026-09-17 21:40:13 | INFO    | epoch 16 | batch 360/4266 | loss 0.5154 | acc 0.9371 | lr 7.38e-05 | 25s
2026-09-17 21:40:15 | INFO    | epoch 16 | batch 380/4266 | loss 0.5144 | acc 0.9380 | lr 7.37e-05 | 27s
2026-09-17 21:40:16 | INFO    | epoch 16 | batch 400/4266 | loss 0.5154 | acc 0.9373 | lr 7.37e-05 | 28s
2026-09-17 21:40:17 | INFO    | epoch 16 | batch 420/4266 | loss 0.5160 | acc 0.9371 | lr 7.37e-05 | 29s
2026-09-17 21:40:19 | INFO    | epoch 16 | batch 440/4266 | loss 0.5156 | acc 0.9374 | lr 7.37e-05 | 31s
2026-09-17 21:40:20 | INFO    | epoch 16 | batch 460/4266 | loss 0.5156 | acc 0.9374 | lr 7.37e-05 | 32s
2026-09-17 21:40:22 | INFO    | epoch 16 | batch 480/4266 | loss 0.5155 | acc 0.9382 | lr 7.37e-05 | 34s
2026-09-17 21:40:23 | INFO    | epoch 16 | batch 500/4266 | loss 0.5151 | acc 0.9386 | lr 7.36e-05 | 35s
2026-09-17 21:40:25 | INFO    | epoch 16 | batch 520/4266 | loss 0.5157 | acc 0.9379 | lr 7.36e-05 | 37s
2026-09-17 21:40:26 | INFO    | epoch 16 | batch 540/4266 | loss 0.5167 | acc 0.9373 | lr 7.36e-05 | 38s
2026-09-17 21:40:28 | INFO    | epoch 16 | batch 560/4266 | loss 0.5174 | acc 0.9368 | lr 7.36e-05 | 40s
2026-09-17 21:40:29 | INFO    | epoch 16 | batch 580/4266 | loss 0.5174 | acc 0.9371 | lr 7.36e-05 | 41s
2026-09-17 21:40:31 | INFO    | epoch 16 | batch 600/4266 | loss 0.5181 | acc 0.9369 | lr 7.36e-05 | 43s
2026-09-17 21:40:32 | INFO    | epoch 16 | batch 620/4266 | loss 0.5183 | acc 0.9368 | lr 7.35e-05 | 44s
2026-09-17 21:40:33 | INFO    | epoch 16 | batch 640/4266 | loss 0.5178 | acc 0.9372 | lr 7.35e-05 | 46s
2026-09-17 21:40:35 | INFO    | epoch 16 | batch 660/4266 | loss 0.5178 | acc 0.9372 | lr 7.35e-05 | 47s
2026-09-17 21:40:36 | INFO    | epoch 16 | batch 680/4266 | loss 0.5176 | acc 0.9377 | lr 7.35e-05 | 49s
2026-09-17 21:40:38 | INFO    | epoch 16 | batch 700/4266 | loss 0.5176 | acc 0.9376 | lr 7.35e-05 | 50s
2026-09-17 21:40:39 | INFO    | epoch 16 | batch 720/4266 | loss 0.5182 | acc 0.9373 | lr 7.34e-05 | 51s
2026-09-17 21:40:41 | INFO    | epoch 16 | batch 740/4266 | loss 0.5184 | acc 0.9372 | lr 7.34e-05 | 53s
2026-09-17 21:40:42 | INFO    | epoch 16 | batch 760/4266 | loss 0.5186 | acc 0.9370 | lr 7.34e-05 | 54s
2026-09-17 21:40:44 | INFO    | epoch 16 | batch 780/4266 | loss 0.5186 | acc 0.9370 | lr 7.34e-05 | 56s
2026-09-17 21:40:45 | INFO    | epoch 16 | batch 800/4266 | loss 0.5180 | acc 0.9375 | lr 7.34e-05 | 57s
2026-09-17 21:40:47 | INFO    | epoch 16 | batch 820/4266 | loss 0.5185 | acc 0.9369 | lr 7.34e-05 | 59s
2026-09-17 21:40:48 | INFO    | epoch 16 | batch 840/4266 | loss 0.5181 | acc 0.9371 | lr 7.33e-05 | 60s
2026-09-17 21:40:50 | INFO    | epoch 16 | batch 860/4266 | loss 0.5179 | acc 0.9372 | lr 7.33e-05 | 62s
2026-09-17 21:40:51 | INFO    | epoch 16 | batch 880/4266 | loss 0.5176 | acc 0.9373 | lr 7.33e-05 | 63s
2026-09-17 21:40:52 | INFO    | epoch 16 | batch 900/4266 | loss 0.5176 | acc 0.9374 | lr 7.33e-05 | 64s
2026-09-17 21:40:54 | INFO    | epoch 16 | batch 920/4266 | loss 0.5173 | acc 0.9376 | lr 7.33e-05 | 66s
2026-09-17 21:40:55 | INFO    | epoch 16 | batch 940/4266 | loss 0.5177 | acc 0.9373 | lr 7.33e-05 | 67s
2026-09-17 21:40:57 | INFO    | epoch 16 | batch 960/4266 | loss 0.5174 | acc 0.9374 | lr 7.32e-05 | 69s
2026-09-17 21:40:58 | INFO    | epoch 16 | batch 980/4266 | loss 0.5175 | acc 0.9372 | lr 7.32e-05 | 70s
2026-09-17 21:40:59 | INFO    | epoch 16 | batch 1000/4266 | loss 0.5172 | acc 0.9373 | lr 7.32e-05 | 72s
2026-09-17 21:41:01 | INFO    | epoch 16 | batch 1020/4266 | loss 0.5175 | acc 0.9373 | lr 7.32e-05 | 73s
2026-09-17 21:41:02 | INFO    | epoch 16 | batch 1040/4266 | loss 0.5179 | acc 0.9372 | lr 7.32e-05 | 74s
2026-09-17 21:41:04 | INFO    | epoch 16 | batch 1060/4266 | loss 0.5181 | acc 0.9372 | lr 7.32e-05 | 76s
2026-09-17 21:41:05 | INFO    | epoch 16 | batch 1080/4266 | loss 0.5177 | acc 0.9375 | lr 7.31e-05 | 77s
2026-09-17 21:41:06 | INFO    | epoch 16 | batch 1100/4266 | loss 0.5178 | acc 0.9374 | lr 7.31e-05 | 79s
2026-09-17 21:41:08 | INFO    | epoch 16 | batch 1120/4266 | loss 0.5178 | acc 0.9374 | lr 7.31e-05 | 80s
2026-09-17 21:41:09 | INFO    | epoch 16 | batch 1140/4266 | loss 0.5176 | acc 0.9375 | lr 7.31e-05 | 81s
2026-09-17 21:41:11 | INFO    | epoch 16 | batch 1160/4266 | loss 0.5179 | acc 0.9374 | lr 7.31e-05 | 83s
2026-09-17 21:41:12 | INFO    | epoch 16 | batch 1180/4266 | loss 0.5181 | acc 0.9373 | lr 7.31e-05 | 84s
2026-09-17 21:41:13 | INFO    | epoch 16 | batch 1200/4266 | loss 0.5178 | acc 0.9372 | lr 7.30e-05 | 85s
2026-09-17 21:41:15 | INFO    | epoch 16 | batch 1220/4266 | loss 0.5179 | acc 0.9372 | lr 7.30e-05 | 87s
2026-09-17 21:41:16 | INFO    | epoch 16 | batch 1240/4266 | loss 0.5178 | acc 0.9371 | lr 7.30e-05 | 88s
2026-09-17 21:41:18 | INFO    | epoch 16 | batch 1260/4266 | loss 0.5182 | acc 0.9370 | lr 7.30e-05 | 90s
2026-09-17 21:41:19 | INFO    | epoch 16 | batch 1280/4266 | loss 0.5183 | acc 0.9369 | lr 7.30e-05 | 91s
2026-09-17 21:41:21 | INFO    | epoch 16 | batch 1300/4266 | loss 0.5183 | acc 0.9369 | lr 7.30e-05 | 93s
2026-09-17 21:41:22 | INFO    | epoch 16 | batch 1320/4266 | loss 0.5184 | acc 0.9369 | lr 7.29e-05 | 94s
2026-09-17 21:41:24 | INFO    | epoch 16 | batch 1340/4266 | loss 0.5182 | acc 0.9369 | lr 7.29e-05 | 96s
2026-09-17 21:41:25 | INFO    | epoch 16 | batch 1360/4266 | loss 0.5184 | acc 0.9368 | lr 7.29e-05 | 97s
2026-09-17 21:41:27 | INFO    | epoch 16 | batch 1380/4266 | loss 0.5183 | acc 0.9368 | lr 7.29e-05 | 99s
2026-09-17 21:41:28 | INFO    | epoch 16 | batch 1400/4266 | loss 0.5182 | acc 0.9370 | lr 7.29e-05 | 100s
2026-09-17 21:41:29 | INFO    | epoch 16 | batch 1420/4266 | loss 0.5180 | acc 0.9371 | lr 7.29e-05 | 102s
2026-09-17 21:41:31 | INFO    | epoch 16 | batch 1440/4266 | loss 0.5176 | acc 0.9373 | lr 7.28e-05 | 103s
2026-09-17 21:41:32 | INFO    | epoch 16 | batch 1460/4266 | loss 0.5177 | acc 0.9372 | lr 7.28e-05 | 104s
2026-09-17 21:41:34 | INFO    | epoch 16 | batch 1480/4266 | loss 0.5176 | acc 0.9374 | lr 7.28e-05 | 106s
2026-09-17 21:41:35 | INFO    | epoch 16 | batch 1500/4266 | loss 0.5175 | acc 0.9373 | lr 7.28e-05 | 107s
2026-09-17 21:41:37 | INFO    | epoch 16 | batch 1520/4266 | loss 0.5175 | acc 0.9374 | lr 7.28e-05 | 109s
2026-09-17 21:41:38 | INFO    | epoch 16 | batch 1540/4266 | loss 0.5173 | acc 0.9376 | lr 7.27e-05 | 110s
2026-09-17 21:41:40 | INFO    | epoch 16 | batch 1560/4266 | loss 0.5178 | acc 0.9373 | lr 7.27e-05 | 112s
2026-09-17 21:41:41 | INFO    | epoch 16 | batch 1580/4266 | loss 0.5180 | acc 0.9372 | lr 7.27e-05 | 113s
2026-09-17 21:41:42 | INFO    | epoch 16 | batch 1600/4266 | loss 0.5181 | acc 0.9372 | lr 7.27e-05 | 114s
2026-09-17 21:41:44 | INFO    | epoch 16 | batch 1620/4266 | loss 0.5182 | acc 0.9372 | lr 7.27e-05 | 116s
2026-09-17 21:41:45 | INFO    | epoch 16 | batch 1640/4266 | loss 0.5182 | acc 0.9371 | lr 7.27e-05 | 117s
2026-09-17 21:41:47 | INFO    | epoch 16 | batch 1660/4266 | loss 0.5180 | acc 0.9373 | lr 7.26e-05 | 119s
2026-09-17 21:41:48 | INFO    | epoch 16 | batch 1680/4266 | loss 0.5179 | acc 0.9373 | lr 7.26e-05 | 120s
2026-09-17 21:41:50 | INFO    | epoch 16 | batch 1700/4266 | loss 0.5183 | acc 0.9371 | lr 7.26e-05 | 122s
2026-09-17 21:41:51 | INFO    | epoch 16 | batch 1720/4266 | loss 0.5184 | acc 0.9371 | lr 7.26e-05 | 123s
2026-09-17 21:41:52 | INFO    | epoch 16 | batch 1740/4266 | loss 0.5185 | acc 0.9372 | lr 7.26e-05 | 124s
2026-09-17 21:41:54 | INFO    | epoch 16 | batch 1760/4266 | loss 0.5188 | acc 0.9371 | lr 7.26e-05 | 126s
2026-09-17 21:41:55 | INFO    | epoch 16 | batch 1780/4266 | loss 0.5191 | acc 0.9370 | lr 7.25e-05 | 127s
2026-09-17 21:41:57 | INFO    | epoch 16 | batch 1800/4266 | loss 0.5191 | acc 0.9370 | lr 7.25e-05 | 129s
2026-09-17 21:41:58 | INFO    | epoch 16 | batch 1820/4266 | loss 0.5191 | acc 0.9370 | lr 7.25e-05 | 130s
2026-09-17 21:41:59 | INFO    | epoch 16 | batch 1840/4266 | loss 0.5192 | acc 0.9369 | lr 7.25e-05 | 131s
2026-09-17 21:42:01 | INFO    | epoch 16 | batch 1860/4266 | loss 0.5191 | acc 0.9370 | lr 7.25e-05 | 133s
2026-09-17 21:42:02 | INFO    | epoch 16 | batch 1880/4266 | loss 0.5191 | acc 0.9370 | lr 7.25e-05 | 134s
2026-09-17 21:42:04 | INFO    | epoch 16 | batch 1900/4266 | loss 0.5190 | acc 0.9370 | lr 7.24e-05 | 136s
2026-09-17 21:42:05 | INFO    | epoch 16 | batch 1920/4266 | loss 0.5192 | acc 0.9368 | lr 7.24e-05 | 137s
2026-09-17 21:42:06 | INFO    | epoch 16 | batch 1940/4266 | loss 0.5191 | acc 0.9369 | lr 7.24e-05 | 138s
2026-09-17 21:42:08 | INFO    | epoch 16 | batch 1960/4266 | loss 0.5190 | acc 0.9369 | lr 7.24e-05 | 140s
2026-09-17 21:42:09 | INFO    | epoch 16 | batch 1980/4266 | loss 0.5190 | acc 0.9369 | lr 7.24e-05 | 141s
2026-09-17 21:42:11 | INFO    | epoch 16 | batch 2000/4266 | loss 0.5191 | acc 0.9368 | lr 7.24e-05 | 143s
2026-09-17 21:42:12 | INFO    | epoch 16 | batch 2020/4266 | loss 0.5194 | acc 0.9368 | lr 7.23e-05 | 144s
2026-09-17 21:42:13 | INFO    | epoch 16 | batch 2040/4266 | loss 0.5195 | acc 0.9367 | lr 7.23e-05 | 145s
2026-09-17 21:42:15 | INFO    | epoch 16 | batch 2060/4266 | loss 0.5195 | acc 0.9367 | lr 7.23e-05 | 147s
2026-09-17 21:42:16 | INFO    | epoch 16 | batch 2080/4266 | loss 0.5195 | acc 0.9367 | lr 7.23e-05 | 148s
2026-09-17 21:42:18 | INFO    | epoch 16 | batch 2100/4266 | loss 0.5195 | acc 0.9367 | lr 7.23e-05 | 150s
2026-09-17 21:42:19 | INFO    | epoch 16 | batch 2120/4266 | loss 0.5195 | acc 0.9366 | lr 7.23e-05 | 151s
2026-09-17 21:42:21 | INFO    | epoch 16 | batch 2140/4266 | loss 0.5197 | acc 0.9366 | lr 7.22e-05 | 153s
2026-09-17 21:42:22 | INFO    | epoch 16 | batch 2160/4266 | loss 0.5200 | acc 0.9364 | lr 7.22e-05 | 154s
2026-09-17 21:42:23 | INFO    | epoch 16 | batch 2180/4266 | loss 0.5198 | acc 0.9364 | lr 7.22e-05 | 156s
2026-09-17 21:42:25 | INFO    | epoch 16 | batch 2200/4266 | loss 0.5200 | acc 0.9363 | lr 7.22e-05 | 157s
2026-09-17 21:42:26 | INFO    | epoch 16 | batch 2220/4266 | loss 0.5201 | acc 0.9362 | lr 7.22e-05 | 158s
2026-09-17 21:42:28 | INFO    | epoch 16 | batch 2240/4266 | loss 0.5202 | acc 0.9361 | lr 7.21e-05 | 160s
2026-09-17 21:42:29 | INFO    | epoch 16 | batch 2260/4266 | loss 0.5202 | acc 0.9361 | lr 7.21e-05 | 161s
2026-09-17 21:42:31 | INFO    | epoch 16 | batch 2280/4266 | loss 0.5205 | acc 0.9359 | lr 7.21e-05 | 163s
2026-09-17 21:42:32 | INFO    | epoch 16 | batch 2300/4266 | loss 0.5203 | acc 0.9360 | lr 7.21e-05 | 164s
2026-09-17 21:42:34 | INFO    | epoch 16 | batch 2320/4266 | loss 0.5205 | acc 0.9360 | lr 7.21e-05 | 166s
2026-09-17 21:42:35 | INFO    | epoch 16 | batch 2340/4266 | loss 0.5203 | acc 0.9361 | lr 7.21e-05 | 167s
2026-09-17 21:42:36 | INFO    | epoch 16 | batch 2360/4266 | loss 0.5201 | acc 0.9362 | lr 7.20e-05 | 169s
2026-09-17 21:42:38 | INFO    | epoch 16 | batch 2380/4266 | loss 0.5204 | acc 0.9360 | lr 7.20e-05 | 170s
2026-09-17 21:42:39 | INFO    | epoch 16 | batch 2400/4266 | loss 0.5202 | acc 0.9362 | lr 7.20e-05 | 171s
2026-09-17 21:42:41 | INFO    | epoch 16 | batch 2420/4266 | loss 0.5201 | acc 0.9363 | lr 7.20e-05 | 173s
2026-09-17 21:42:42 | INFO    | epoch 16 | batch 2440/4266 | loss 0.5201 | acc 0.9362 | lr 7.20e-05 | 174s
2026-09-17 21:42:44 | INFO    | epoch 16 | batch 2460/4266 | loss 0.5200 | acc 0.9363 | lr 7.20e-05 | 176s
2026-09-17 21:42:45 | INFO    | epoch 16 | batch 2480/4266 | loss 0.5202 | acc 0.9362 | lr 7.19e-05 | 177s
2026-09-17 21:42:46 | INFO    | epoch 16 | batch 2500/4266 | loss 0.5201 | acc 0.9363 | lr 7.19e-05 | 178s
2026-09-17 21:42:48 | INFO    | epoch 16 | batch 2520/4266 | loss 0.5201 | acc 0.9362 | lr 7.19e-05 | 180s
2026-09-17 21:42:49 | INFO    | epoch 16 | batch 2540/4266 | loss 0.5199 | acc 0.9364 | lr 7.19e-05 | 181s
2026-09-17 21:42:50 | INFO    | epoch 16 | batch 2560/4266 | loss 0.5198 | acc 0.9364 | lr 7.19e-05 | 183s
2026-09-17 21:42:52 | INFO    | epoch 16 | batch 2580/4266 | loss 0.5197 | acc 0.9365 | lr 7.19e-05 | 184s
2026-09-17 21:42:53 | INFO    | epoch 16 | batch 2600/4266 | loss 0.5197 | acc 0.9365 | lr 7.18e-05 | 185s
2026-09-17 21:42:55 | INFO    | epoch 16 | batch 2620/4266 | loss 0.5198 | acc 0.9364 | lr 7.18e-05 | 187s
2026-09-17 21:42:56 | INFO    | epoch 16 | batch 2640/4266 | loss 0.5197 | acc 0.9365 | lr 7.18e-05 | 188s
2026-09-17 21:42:57 | INFO    | epoch 16 | batch 2660/4266 | loss 0.5198 | acc 0.9364 | lr 7.18e-05 | 190s
2026-09-17 21:42:59 | INFO    | epoch 16 | batch 2680/4266 | loss 0.5198 | acc 0.9364 | lr 7.18e-05 | 191s
2026-09-17 21:43:00 | INFO    | epoch 16 | batch 2700/4266 | loss 0.5197 | acc 0.9364 | lr 7.18e-05 | 192s
2026-09-17 21:43:02 | INFO    | epoch 16 | batch 2720/4266 | loss 0.5197 | acc 0.9364 | lr 7.17e-05 | 194s
2026-09-17 21:43:03 | INFO    | epoch 16 | batch 2740/4266 | loss 0.5195 | acc 0.9365 | lr 7.17e-05 | 195s
2026-09-17 21:43:04 | INFO    | epoch 16 | batch 2760/4266 | loss 0.5193 | acc 0.9367 | lr 7.17e-05 | 196s
2026-09-17 21:43:06 | INFO    | epoch 16 | batch 2780/4266 | loss 0.5193 | acc 0.9367 | lr 7.17e-05 | 198s
2026-09-17 21:43:07 | INFO    | epoch 16 | batch 2800/4266 | loss 0.5192 | acc 0.9367 | lr 7.17e-05 | 199s
2026-09-17 21:43:09 | INFO    | epoch 16 | batch 2820/4266 | loss 0.5191 | acc 0.9368 | lr 7.16e-05 | 201s
2026-09-17 21:43:10 | INFO    | epoch 16 | batch 2840/4266 | loss 0.5190 | acc 0.9368 | lr 7.16e-05 | 202s
2026-09-17 21:43:11 | INFO    | epoch 16 | batch 2860/4266 | loss 0.5190 | acc 0.9368 | lr 7.16e-05 | 204s
2026-09-17 21:43:13 | INFO    | epoch 16 | batch 2880/4266 | loss 0.5190 | acc 0.9368 | lr 7.16e-05 | 205s
2026-09-17 21:43:14 | INFO    | epoch 16 | batch 2900/4266 | loss 0.5191 | acc 0.9367 | lr 7.16e-05 | 206s
2026-09-17 21:43:16 | INFO    | epoch 16 | batch 2920/4266 | loss 0.5189 | acc 0.9368 | lr 7.16e-05 | 208s
2026-09-17 21:43:17 | INFO    | epoch 16 | batch 2940/4266 | loss 0.5190 | acc 0.9368 | lr 7.15e-05 | 209s
2026-09-17 21:43:19 | INFO    | epoch 16 | batch 2960/4266 | loss 0.5189 | acc 0.9368 | lr 7.15e-05 | 211s
2026-09-17 21:43:20 | INFO    | epoch 16 | batch 2980/4266 | loss 0.5189 | acc 0.9368 | lr 7.15e-05 | 212s
2026-09-17 21:43:21 | INFO    | epoch 16 | batch 3000/4266 | loss 0.5190 | acc 0.9368 | lr 7.15e-05 | 213s
2026-09-17 21:43:23 | INFO    | epoch 16 | batch 3020/4266 | loss 0.5190 | acc 0.9368 | lr 7.15e-05 | 215s
2026-09-17 21:43:24 | INFO    | epoch 16 | batch 3040/4266 | loss 0.5192 | acc 0.9367 | lr 7.15e-05 | 216s
2026-09-17 21:43:25 | INFO    | epoch 16 | batch 3060/4266 | loss 0.5191 | acc 0.9367 | lr 7.14e-05 | 217s
2026-09-17 21:43:27 | INFO    | epoch 16 | batch 3080/4266 | loss 0.5192 | acc 0.9366 | lr 7.14e-05 | 219s
2026-09-17 21:43:28 | INFO    | epoch 16 | batch 3100/4266 | loss 0.5193 | acc 0.9365 | lr 7.14e-05 | 220s
2026-09-17 21:43:29 | INFO    | epoch 16 | batch 3120/4266 | loss 0.5194 | acc 0.9365 | lr 7.14e-05 | 222s
2026-09-17 21:43:31 | INFO    | epoch 16 | batch 3140/4266 | loss 0.5195 | acc 0.9364 | lr 7.14e-05 | 223s
2026-09-17 21:43:32 | INFO    | epoch 16 | batch 3160/4266 | loss 0.5197 | acc 0.9363 | lr 7.14e-05 | 224s
2026-09-17 21:43:34 | INFO    | epoch 16 | batch 3180/4266 | loss 0.5196 | acc 0.9364 | lr 7.13e-05 | 226s
2026-09-17 21:43:35 | INFO    | epoch 16 | batch 3200/4266 | loss 0.5195 | acc 0.9364 | lr 7.13e-05 | 227s
2026-09-17 21:43:37 | INFO    | epoch 16 | batch 3220/4266 | loss 0.5195 | acc 0.9365 | lr 7.13e-05 | 229s
2026-09-17 21:43:38 | INFO    | epoch 16 | batch 3240/4266 | loss 0.5196 | acc 0.9364 | lr 7.13e-05 | 230s
2026-09-17 21:43:40 | INFO    | epoch 16 | batch 3260/4266 | loss 0.5195 | acc 0.9365 | lr 7.13e-05 | 232s
2026-09-17 21:43:41 | INFO    | epoch 16 | batch 3280/4266 | loss 0.5197 | acc 0.9364 | lr 7.12e-05 | 233s
2026-09-17 21:43:43 | INFO    | epoch 16 | batch 3300/4266 | loss 0.5197 | acc 0.9364 | lr 7.12e-05 | 235s
2026-09-17 21:43:44 | INFO    | epoch 16 | batch 3320/4266 | loss 0.5197 | acc 0.9364 | lr 7.12e-05 | 236s
2026-09-17 21:43:46 | INFO    | epoch 16 | batch 3340/4266 | loss 0.5197 | acc 0.9364 | lr 7.12e-05 | 238s
2026-09-17 21:43:47 | INFO    | epoch 16 | batch 3360/4266 | loss 0.5198 | acc 0.9364 | lr 7.12e-05 | 239s
2026-09-17 21:43:49 | INFO    | epoch 16 | batch 3380/4266 | loss 0.5199 | acc 0.9363 | lr 7.12e-05 | 241s
2026-09-17 21:43:50 | INFO    | epoch 16 | batch 3400/4266 | loss 0.5199 | acc 0.9363 | lr 7.11e-05 | 242s
2026-09-17 21:43:52 | INFO    | epoch 16 | batch 3420/4266 | loss 0.5200 | acc 0.9362 | lr 7.11e-05 | 244s
2026-09-17 21:43:53 | INFO    | epoch 16 | batch 3440/4266 | loss 0.5201 | acc 0.9362 | lr 7.11e-05 | 245s
2026-09-17 21:43:55 | INFO    | epoch 16 | batch 3460/4266 | loss 0.5199 | acc 0.9363 | lr 7.11e-05 | 247s
2026-09-17 21:43:56 | INFO    | epoch 16 | batch 3480/4266 | loss 0.5199 | acc 0.9363 | lr 7.11e-05 | 248s
2026-09-17 21:43:58 | INFO    | epoch 16 | batch 3500/4266 | loss 0.5200 | acc 0.9362 | lr 7.11e-05 | 250s
2026-09-17 21:43:59 | INFO    | epoch 16 | batch 3520/4266 | loss 0.5200 | acc 0.9362 | lr 7.10e-05 | 251s
2026-09-17 21:44:01 | INFO    | epoch 16 | batch 3540/4266 | loss 0.5200 | acc 0.9362 | lr 7.10e-05 | 253s
2026-09-17 21:44:02 | INFO    | epoch 16 | batch 3560/4266 | loss 0.5200 | acc 0.9362 | lr 7.10e-05 | 254s
2026-09-17 21:44:04 | INFO    | epoch 16 | batch 3580/4266 | loss 0.5199 | acc 0.9363 | lr 7.10e-05 | 256s
2026-09-17 21:44:05 | INFO    | epoch 16 | batch 3600/4266 | loss 0.5199 | acc 0.9362 | lr 7.10e-05 | 257s
2026-09-17 21:44:07 | INFO    | epoch 16 | batch 3620/4266 | loss 0.5199 | acc 0.9363 | lr 7.09e-05 | 259s
2026-09-17 21:44:08 | INFO    | epoch 16 | batch 3640/4266 | loss 0.5199 | acc 0.9362 | lr 7.09e-05 | 260s
2026-09-17 21:44:10 | INFO    | epoch 16 | batch 3660/4266 | loss 0.5198 | acc 0.9363 | lr 7.09e-05 | 262s
2026-09-17 21:44:11 | INFO    | epoch 16 | batch 3680/4266 | loss 0.5198 | acc 0.9363 | lr 7.09e-05 | 263s
2026-09-17 21:44:13 | INFO    | epoch 16 | batch 3700/4266 | loss 0.5198 | acc 0.9363 | lr 7.09e-05 | 265s
2026-09-17 21:44:15 | INFO    | epoch 16 | batch 3720/4266 | loss 0.5198 | acc 0.9363 | lr 7.09e-05 | 267s
2026-09-17 21:44:16 | INFO    | epoch 16 | batch 3740/4266 | loss 0.5199 | acc 0.9362 | lr 7.08e-05 | 268s
2026-09-17 21:44:18 | INFO    | epoch 16 | batch 3760/4266 | loss 0.5198 | acc 0.9363 | lr 7.08e-05 | 270s
2026-09-17 21:44:19 | INFO    | epoch 16 | batch 3780/4266 | loss 0.5198 | acc 0.9363 | lr 7.08e-05 | 271s
2026-09-17 21:44:21 | INFO    | epoch 16 | batch 3800/4266 | loss 0.5198 | acc 0.9363 | lr 7.08e-05 | 273s
2026-09-17 21:44:22 | INFO    | epoch 16 | batch 3820/4266 | loss 0.5198 | acc 0.9363 | lr 7.08e-05 | 275s
2026-09-17 21:44:24 | INFO    | epoch 16 | batch 3840/4266 | loss 0.5197 | acc 0.9364 | lr 7.08e-05 | 276s
2026-09-17 21:44:25 | INFO    | epoch 16 | batch 3860/4266 | loss 0.5197 | acc 0.9364 | lr 7.07e-05 | 278s
2026-09-17 21:44:27 | INFO    | epoch 16 | batch 3880/4266 | loss 0.5196 | acc 0.9364 | lr 7.07e-05 | 279s
2026-09-17 21:44:28 | INFO    | epoch 16 | batch 3900/4266 | loss 0.5196 | acc 0.9364 | lr 7.07e-05 | 280s
2026-09-17 21:44:30 | INFO    | epoch 16 | batch 3920/4266 | loss 0.5195 | acc 0.9365 | lr 7.07e-05 | 282s
2026-09-17 21:44:31 | INFO    | epoch 16 | batch 3940/4266 | loss 0.5195 | acc 0.9365 | lr 7.07e-05 | 283s
2026-09-17 21:44:33 | INFO    | epoch 16 | batch 3960/4266 | loss 0.5194 | acc 0.9366 | lr 7.07e-05 | 285s
2026-09-17 21:44:34 | INFO    | epoch 16 | batch 3980/4266 | loss 0.5194 | acc 0.9366 | lr 7.06e-05 | 286s
2026-09-17 21:44:36 | INFO    | epoch 16 | batch 4000/4266 | loss 0.5194 | acc 0.9366 | lr 7.06e-05 | 288s
2026-09-17 21:44:37 | INFO    | epoch 16 | batch 4020/4266 | loss 0.5195 | acc 0.9366 | lr 7.06e-05 | 289s
2026-09-17 21:44:39 | INFO    | epoch 16 | batch 4040/4266 | loss 0.5195 | acc 0.9366 | lr 7.06e-05 | 291s
2026-09-17 21:44:40 | INFO    | epoch 16 | batch 4060/4266 | loss 0.5196 | acc 0.9366 | lr 7.06e-05 | 292s
2026-09-17 21:44:41 | INFO    | epoch 16 | batch 4080/4266 | loss 0.5194 | acc 0.9367 | lr 7.05e-05 | 294s
2026-09-17 21:44:43 | INFO    | epoch 16 | batch 4100/4266 | loss 0.5194 | acc 0.9367 | lr 7.05e-05 | 295s
2026-09-17 21:44:44 | INFO    | epoch 16 | batch 4120/4266 | loss 0.5194 | acc 0.9367 | lr 7.05e-05 | 296s
2026-09-17 21:44:46 | INFO    | epoch 16 | batch 4140/4266 | loss 0.5196 | acc 0.9366 | lr 7.05e-05 | 298s
2026-09-17 21:44:47 | INFO    | epoch 16 | batch 4160/4266 | loss 0.5196 | acc 0.9366 | lr 7.05e-05 | 299s
2026-09-17 21:44:48 | INFO    | epoch 16 | batch 4180/4266 | loss 0.5195 | acc 0.9366 | lr 7.05e-05 | 301s
2026-09-17 21:44:50 | INFO    | epoch 16 | batch 4200/4266 | loss 0.5195 | acc 0.9366 | lr 7.04e-05 | 302s
2026-09-17 21:44:51 | INFO    | epoch 16 | batch 4220/4266 | loss 0.5196 | acc 0.9365 | lr 7.04e-05 | 303s
2026-09-17 21:44:53 | INFO    | epoch 16 | batch 4240/4266 | loss 0.5196 | acc 0.9365 | lr 7.04e-05 | 305s
2026-09-17 21:44:54 | INFO    | epoch 16 | batch 4260/4266 | loss 0.5196 | acc 0.9365 | lr 7.04e-05 | 306s
2026-09-17 21:44:55 | INFO    | epoch 16 | batch 4266/4266 | loss 0.5196 | acc 0.9365 | lr 7.04e-05 | 307s
2026-09-17 21:45:04 | INFO    | epoch 16/40 done in 316s | train loss 0.5196 | train running patch (aug): accuracy=0.9365 precision=0.9360 recall=0.9344 f1=0.9351
2026-09-17 21:45:04 | INFO    | epoch 16 train (eval, no aug) | loss 0.5461 | patch[7280]: accuracy=0.9216 precision=0.9228 recall=0.9168 f1=0.9192 | image[455]: accuracy=0.9824 precision=0.9853 recall=0.9801 f1=0.9823
2026-09-17 21:45:04 | INFO    | epoch 16 val | loss 1.2593 | patch[8448]: accuracy=0.6158 precision=0.6026 recall=0.5904 f1=0.5913 | image[96]: accuracy=0.6875 precision=0.6753 recall=0.6606 f1=0.6633
2026-09-17 21:45:04 | INFO    | val_patch_f1 = 0.5913 (best 0.6163 @ epoch 12)
2026-09-17 21:45:06 | INFO    | epoch 17 | batch 20/4266 | loss 0.5110 | acc 0.9437 | lr 7.04e-05 | 2s
2026-09-17 21:45:07 | INFO    | epoch 17 | batch 40/4266 | loss 0.5104 | acc 0.9445 | lr 7.03e-05 | 3s
2026-09-17 21:45:09 | INFO    | epoch 17 | batch 60/4266 | loss 0.5087 | acc 0.9432 | lr 7.03e-05 | 4s
2026-09-17 21:45:10 | INFO    | epoch 17 | batch 80/4266 | loss 0.5095 | acc 0.9430 | lr 7.03e-05 | 6s
2026-09-17 21:45:11 | INFO    | epoch 17 | batch 100/4266 | loss 0.5056 | acc 0.9437 | lr 7.03e-05 | 7s
2026-09-17 21:45:13 | INFO    | epoch 17 | batch 120/4266 | loss 0.5067 | acc 0.9443 | lr 7.03e-05 | 8s
2026-09-17 21:45:14 | INFO    | epoch 17 | batch 140/4266 | loss 0.5128 | acc 0.9397 | lr 7.03e-05 | 10s
2026-09-17 21:45:15 | INFO    | epoch 17 | batch 160/4266 | loss 0.5109 | acc 0.9416 | lr 7.02e-05 | 11s
2026-09-17 21:45:17 | INFO    | epoch 17 | batch 180/4266 | loss 0.5118 | acc 0.9408 | lr 7.02e-05 | 12s
2026-09-17 21:45:18 | INFO    | epoch 17 | batch 200/4266 | loss 0.5101 | acc 0.9416 | lr 7.02e-05 | 14s
2026-09-17 21:45:20 | INFO    | epoch 17 | batch 220/4266 | loss 0.5106 | acc 0.9411 | lr 7.02e-05 | 15s
2026-09-17 21:45:21 | INFO    | epoch 17 | batch 240/4266 | loss 0.5133 | acc 0.9413 | lr 7.02e-05 | 17s
2026-09-17 21:45:22 | INFO    | epoch 17 | batch 260/4266 | loss 0.5130 | acc 0.9422 | lr 7.02e-05 | 18s
2026-09-17 21:45:24 | INFO    | epoch 17 | batch 280/4266 | loss 0.5121 | acc 0.9424 | lr 7.01e-05 | 20s
2026-09-17 21:45:25 | INFO    | epoch 17 | batch 300/4266 | loss 0.5127 | acc 0.9419 | lr 7.01e-05 | 21s
2026-09-17 21:45:27 | INFO    | epoch 17 | batch 320/4266 | loss 0.5125 | acc 0.9421 | lr 7.01e-05 | 23s
2026-09-17 21:45:28 | INFO    | epoch 17 | batch 340/4266 | loss 0.5138 | acc 0.9412 | lr 7.01e-05 | 24s
2026-09-17 21:45:30 | INFO    | epoch 17 | batch 360/4266 | loss 0.5135 | acc 0.9411 | lr 7.01e-05 | 25s
2026-09-17 21:45:31 | INFO    | epoch 17 | batch 380/4266 | loss 0.5143 | acc 0.9409 | lr 7.00e-05 | 27s
2026-09-17 21:45:33 | INFO    | epoch 17 | batch 400/4266 | loss 0.5147 | acc 0.9406 | lr 7.00e-05 | 28s
2026-09-17 21:45:34 | INFO    | epoch 17 | batch 420/4266 | loss 0.5152 | acc 0.9406 | lr 7.00e-05 | 30s
2026-09-17 21:45:35 | INFO    | epoch 17 | batch 440/4266 | loss 0.5151 | acc 0.9406 | lr 7.00e-05 | 31s
2026-09-17 21:45:37 | INFO    | epoch 17 | batch 460/4266 | loss 0.5144 | acc 0.9408 | lr 7.00e-05 | 33s
2026-09-17 21:45:38 | INFO    | epoch 17 | batch 480/4266 | loss 0.5139 | acc 0.9410 | lr 7.00e-05 | 34s
2026-09-17 21:45:40 | INFO    | epoch 17 | batch 500/4266 | loss 0.5145 | acc 0.9407 | lr 6.99e-05 | 35s
2026-09-17 21:45:41 | INFO    | epoch 17 | batch 520/4266 | loss 0.5140 | acc 0.9407 | lr 6.99e-05 | 37s
2026-09-17 21:45:42 | INFO    | epoch 17 | batch 540/4266 | loss 0.5136 | acc 0.9410 | lr 6.99e-05 | 38s
2026-09-17 21:45:44 | INFO    | epoch 17 | batch 560/4266 | loss 0.5135 | acc 0.9407 | lr 6.99e-05 | 40s
2026-09-17 21:45:45 | INFO    | epoch 17 | batch 580/4266 | loss 0.5148 | acc 0.9402 | lr 6.99e-05 | 41s
2026-09-17 21:45:47 | INFO    | epoch 17 | batch 600/4266 | loss 0.5138 | acc 0.9408 | lr 6.99e-05 | 42s
2026-09-17 21:45:48 | INFO    | epoch 17 | batch 620/4266 | loss 0.5142 | acc 0.9409 | lr 6.98e-05 | 44s
2026-09-17 21:45:49 | INFO    | epoch 17 | batch 640/4266 | loss 0.5147 | acc 0.9406 | lr 6.98e-05 | 45s
2026-09-17 21:45:51 | INFO    | epoch 17 | batch 660/4266 | loss 0.5141 | acc 0.9413 | lr 6.98e-05 | 46s
2026-09-17 21:45:52 | INFO    | epoch 17 | batch 680/4266 | loss 0.5142 | acc 0.9413 | lr 6.98e-05 | 48s
2026-09-17 21:45:54 | INFO    | epoch 17 | batch 700/4266 | loss 0.5142 | acc 0.9413 | lr 6.98e-05 | 49s
2026-09-17 21:45:55 | INFO    | epoch 17 | batch 720/4266 | loss 0.5147 | acc 0.9411 | lr 6.97e-05 | 51s
2026-09-17 21:45:56 | INFO    | epoch 17 | batch 740/4266 | loss 0.5146 | acc 0.9413 | lr 6.97e-05 | 52s
2026-09-17 21:45:58 | INFO    | epoch 17 | batch 760/4266 | loss 0.5144 | acc 0.9416 | lr 6.97e-05 | 53s
2026-09-17 21:45:59 | INFO    | epoch 17 | batch 780/4266 | loss 0.5145 | acc 0.9416 | lr 6.97e-05 | 55s
2026-09-17 21:46:00 | INFO    | epoch 17 | batch 800/4266 | loss 0.5147 | acc 0.9415 | lr 6.97e-05 | 56s
2026-09-17 21:46:02 | INFO    | epoch 17 | batch 820/4266 | loss 0.5140 | acc 0.9418 | lr 6.97e-05 | 58s
2026-09-17 21:46:03 | INFO    | epoch 17 | batch 840/4266 | loss 0.5145 | acc 0.9414 | lr 6.96e-05 | 59s
2026-09-17 21:46:05 | INFO    | epoch 17 | batch 860/4266 | loss 0.5142 | acc 0.9416 | lr 6.96e-05 | 60s
2026-09-17 21:46:06 | INFO    | epoch 17 | batch 880/4266 | loss 0.5138 | acc 0.9418 | lr 6.96e-05 | 62s
2026-09-17 21:46:07 | INFO    | epoch 17 | batch 900/4266 | loss 0.5132 | acc 0.9421 | lr 6.96e-05 | 63s
2026-09-17 21:46:09 | INFO    | epoch 17 | batch 920/4266 | loss 0.5125 | acc 0.9423 | lr 6.96e-05 | 65s
2026-09-17 21:46:10 | INFO    | epoch 17 | batch 940/4266 | loss 0.5117 | acc 0.9427 | lr 6.96e-05 | 66s
2026-09-17 21:46:12 | INFO    | epoch 17 | batch 960/4266 | loss 0.5117 | acc 0.9427 | lr 6.95e-05 | 67s
2026-09-17 21:46:13 | INFO    | epoch 17 | batch 980/4266 | loss 0.5116 | acc 0.9428 | lr 6.95e-05 | 69s
2026-09-17 21:46:14 | INFO    | epoch 17 | batch 1000/4266 | loss 0.5114 | acc 0.9429 | lr 6.95e-05 | 70s
2026-09-17 21:46:16 | INFO    | epoch 17 | batch 1020/4266 | loss 0.5115 | acc 0.9428 | lr 6.95e-05 | 72s
2026-09-17 21:46:17 | INFO    | epoch 17 | batch 1040/4266 | loss 0.5122 | acc 0.9425 | lr 6.95e-05 | 73s
2026-09-17 21:46:19 | INFO    | epoch 17 | batch 1060/4266 | loss 0.5123 | acc 0.9425 | lr 6.94e-05 | 74s
2026-09-17 21:46:20 | INFO    | epoch 17 | batch 1080/4266 | loss 0.5126 | acc 0.9424 | lr 6.94e-05 | 76s
2026-09-17 21:46:21 | INFO    | epoch 17 | batch 1100/4266 | loss 0.5119 | acc 0.9428 | lr 6.94e-05 | 77s
2026-09-17 21:46:23 | INFO    | epoch 17 | batch 1120/4266 | loss 0.5119 | acc 0.9426 | lr 6.94e-05 | 78s
2026-09-17 21:46:24 | INFO    | epoch 17 | batch 1140/4266 | loss 0.5115 | acc 0.9427 | lr 6.94e-05 | 80s
2026-09-17 21:46:25 | INFO    | epoch 17 | batch 1160/4266 | loss 0.5116 | acc 0.9426 | lr 6.94e-05 | 81s
2026-09-17 21:46:27 | INFO    | epoch 17 | batch 1180/4266 | loss 0.5118 | acc 0.9424 | lr 6.93e-05 | 82s
2026-09-17 21:46:28 | INFO    | epoch 17 | batch 1200/4266 | loss 0.5118 | acc 0.9422 | lr 6.93e-05 | 84s
2026-09-17 21:46:30 | INFO    | epoch 17 | batch 1220/4266 | loss 0.5120 | acc 0.9420 | lr 6.93e-05 | 85s
2026-09-17 21:46:31 | INFO    | epoch 17 | batch 1240/4266 | loss 0.5122 | acc 0.9420 | lr 6.93e-05 | 87s
2026-09-17 21:46:32 | INFO    | epoch 17 | batch 1260/4266 | loss 0.5121 | acc 0.9421 | lr 6.93e-05 | 88s
2026-09-17 21:46:34 | INFO    | epoch 17 | batch 1280/4266 | loss 0.5117 | acc 0.9424 | lr 6.93e-05 | 90s
2026-09-17 21:46:35 | INFO    | epoch 17 | batch 1300/4266 | loss 0.5115 | acc 0.9425 | lr 6.92e-05 | 91s
2026-09-17 21:46:37 | INFO    | epoch 17 | batch 1320/4266 | loss 0.5118 | acc 0.9423 | lr 6.92e-05 | 92s
2026-09-17 21:46:38 | INFO    | epoch 17 | batch 1340/4266 | loss 0.5119 | acc 0.9422 | lr 6.92e-05 | 94s
2026-09-17 21:46:40 | INFO    | epoch 17 | batch 1360/4266 | loss 0.5124 | acc 0.9420 | lr 6.92e-05 | 95s
2026-09-17 21:46:41 | INFO    | epoch 17 | batch 1380/4266 | loss 0.5123 | acc 0.9419 | lr 6.92e-05 | 97s
2026-09-17 21:46:42 | INFO    | epoch 17 | batch 1400/4266 | loss 0.5124 | acc 0.9419 | lr 6.91e-05 | 98s
2026-09-17 21:46:44 | INFO    | epoch 17 | batch 1420/4266 | loss 0.5125 | acc 0.9418 | lr 6.91e-05 | 99s
2026-09-17 21:46:45 | INFO    | epoch 17 | batch 1440/4266 | loss 0.5126 | acc 0.9417 | lr 6.91e-05 | 101s
2026-09-17 21:46:47 | INFO    | epoch 17 | batch 1460/4266 | loss 0.5127 | acc 0.9417 | lr 6.91e-05 | 102s
2026-09-17 21:46:48 | INFO    | epoch 17 | batch 1480/4266 | loss 0.5125 | acc 0.9418 | lr 6.91e-05 | 104s
2026-09-17 21:46:49 | INFO    | epoch 17 | batch 1500/4266 | loss 0.5124 | acc 0.9419 | lr 6.91e-05 | 105s
2026-09-17 21:46:51 | INFO    | epoch 17 | batch 1520/4266 | loss 0.5127 | acc 0.9417 | lr 6.90e-05 | 106s
2026-09-17 21:46:52 | INFO    | epoch 17 | batch 1540/4266 | loss 0.5128 | acc 0.9417 | lr 6.90e-05 | 108s
2026-09-17 21:46:54 | INFO    | epoch 17 | batch 1560/4266 | loss 0.5129 | acc 0.9418 | lr 6.90e-05 | 109s
2026-09-17 21:46:55 | INFO    | epoch 17 | batch 1580/4266 | loss 0.5129 | acc 0.9418 | lr 6.90e-05 | 111s
2026-09-17 21:46:56 | INFO    | epoch 17 | batch 1600/4266 | loss 0.5127 | acc 0.9419 | lr 6.90e-05 | 112s
2026-09-17 21:46:58 | INFO    | epoch 17 | batch 1620/4266 | loss 0.5126 | acc 0.9419 | lr 6.90e-05 | 114s
2026-09-17 21:46:59 | INFO    | epoch 17 | batch 1640/4266 | loss 0.5132 | acc 0.9417 | lr 6.89e-05 | 115s
2026-09-17 21:47:01 | INFO    | epoch 17 | batch 1660/4266 | loss 0.5130 | acc 0.9417 | lr 6.89e-05 | 116s
2026-09-17 21:47:02 | INFO    | epoch 17 | batch 1680/4266 | loss 0.5131 | acc 0.9416 | lr 6.89e-05 | 118s
2026-09-17 21:47:03 | INFO    | epoch 17 | batch 1700/4266 | loss 0.5131 | acc 0.9415 | lr 6.89e-05 | 119s
2026-09-17 21:47:05 | INFO    | epoch 17 | batch 1720/4266 | loss 0.5130 | acc 0.9416 | lr 6.89e-05 | 120s
2026-09-17 21:47:06 | INFO    | epoch 17 | batch 1740/4266 | loss 0.5128 | acc 0.9416 | lr 6.88e-05 | 122s
2026-09-17 21:47:08 | INFO    | epoch 17 | batch 1760/4266 | loss 0.5131 | acc 0.9415 | lr 6.88e-05 | 123s
2026-09-17 21:47:09 | INFO    | epoch 17 | batch 1780/4266 | loss 0.5128 | acc 0.9416 | lr 6.88e-05 | 125s
2026-09-17 21:47:10 | INFO    | epoch 17 | batch 1800/4266 | loss 0.5127 | acc 0.9417 | lr 6.88e-05 | 126s
2026-09-17 21:47:12 | INFO    | epoch 17 | batch 1820/4266 | loss 0.5125 | acc 0.9417 | lr 6.88e-05 | 127s
2026-09-17 21:47:13 | INFO    | epoch 17 | batch 1840/4266 | loss 0.5126 | acc 0.9418 | lr 6.88e-05 | 129s
2026-09-17 21:47:14 | INFO    | epoch 17 | batch 1860/4266 | loss 0.5127 | acc 0.9417 | lr 6.87e-05 | 130s
2026-09-17 21:47:16 | INFO    | epoch 17 | batch 1880/4266 | loss 0.5126 | acc 0.9417 | lr 6.87e-05 | 132s
2026-09-17 21:47:17 | INFO    | epoch 17 | batch 1900/4266 | loss 0.5129 | acc 0.9416 | lr 6.87e-05 | 133s
2026-09-17 21:47:19 | INFO    | epoch 17 | batch 1920/4266 | loss 0.5131 | acc 0.9414 | lr 6.87e-05 | 134s
2026-09-17 21:47:20 | INFO    | epoch 17 | batch 1940/4266 | loss 0.5129 | acc 0.9415 | lr 6.87e-05 | 136s
2026-09-17 21:47:22 | INFO    | epoch 17 | batch 1960/4266 | loss 0.5130 | acc 0.9415 | lr 6.86e-05 | 137s
2026-09-17 21:47:23 | INFO    | epoch 17 | batch 1980/4266 | loss 0.5133 | acc 0.9413 | lr 6.86e-05 | 139s
2026-09-17 21:47:24 | INFO    | epoch 17 | batch 2000/4266 | loss 0.5134 | acc 0.9413 | lr 6.86e-05 | 140s
2026-09-17 21:47:26 | INFO    | epoch 17 | batch 2020/4266 | loss 0.5134 | acc 0.9412 | lr 6.86e-05 | 141s
2026-09-17 21:47:27 | INFO    | epoch 17 | batch 2040/4266 | loss 0.5134 | acc 0.9411 | lr 6.86e-05 | 143s
2026-09-17 21:47:29 | INFO    | epoch 17 | batch 2060/4266 | loss 0.5132 | acc 0.9412 | lr 6.86e-05 | 144s
2026-09-17 21:47:30 | INFO    | epoch 17 | batch 2080/4266 | loss 0.5132 | acc 0.9413 | lr 6.85e-05 | 146s
2026-09-17 21:47:31 | INFO    | epoch 17 | batch 2100/4266 | loss 0.5133 | acc 0.9412 | lr 6.85e-05 | 147s
2026-09-17 21:47:33 | INFO    | epoch 17 | batch 2120/4266 | loss 0.5132 | acc 0.9411 | lr 6.85e-05 | 148s
2026-09-17 21:47:34 | INFO    | epoch 17 | batch 2140/4266 | loss 0.5130 | acc 0.9413 | lr 6.85e-05 | 150s
2026-09-17 21:47:36 | INFO    | epoch 17 | batch 2160/4266 | loss 0.5126 | acc 0.9415 | lr 6.85e-05 | 151s
2026-09-17 21:47:37 | INFO    | epoch 17 | batch 2180/4266 | loss 0.5128 | acc 0.9414 | lr 6.85e-05 | 153s
2026-09-17 21:47:38 | INFO    | epoch 17 | batch 2200/4266 | loss 0.5128 | acc 0.9414 | lr 6.84e-05 | 154s
2026-09-17 21:47:40 | INFO    | epoch 17 | batch 2220/4266 | loss 0.5128 | acc 0.9414 | lr 6.84e-05 | 156s
2026-09-17 21:47:41 | INFO    | epoch 17 | batch 2240/4266 | loss 0.5126 | acc 0.9414 | lr 6.84e-05 | 157s
2026-09-17 21:47:43 | INFO    | epoch 17 | batch 2260/4266 | loss 0.5126 | acc 0.9415 | lr 6.84e-05 | 158s
2026-09-17 21:47:44 | INFO    | epoch 17 | batch 2280/4266 | loss 0.5126 | acc 0.9414 | lr 6.84e-05 | 160s
2026-09-17 21:47:45 | INFO    | epoch 17 | batch 2300/4266 | loss 0.5126 | acc 0.9414 | lr 6.83e-05 | 161s
2026-09-17 21:47:47 | INFO    | epoch 17 | batch 2320/4266 | loss 0.5124 | acc 0.9416 | lr 6.83e-05 | 163s
2026-09-17 21:47:48 | INFO    | epoch 17 | batch 2340/4266 | loss 0.5123 | acc 0.9417 | lr 6.83e-05 | 164s
2026-09-17 21:47:50 | INFO    | epoch 17 | batch 2360/4266 | loss 0.5122 | acc 0.9416 | lr 6.83e-05 | 165s
2026-09-17 21:47:51 | INFO    | epoch 17 | batch 2380/4266 | loss 0.5122 | acc 0.9416 | lr 6.83e-05 | 167s
2026-09-17 21:47:53 | INFO    | epoch 17 | batch 2400/4266 | loss 0.5122 | acc 0.9416 | lr 6.83e-05 | 168s
2026-09-17 21:47:54 | INFO    | epoch 17 | batch 2420/4266 | loss 0.5122 | acc 0.9416 | lr 6.82e-05 | 170s
2026-09-17 21:47:55 | INFO    | epoch 17 | batch 2440/4266 | loss 0.5124 | acc 0.9415 | lr 6.82e-05 | 171s
2026-09-17 21:47:57 | INFO    | epoch 17 | batch 2460/4266 | loss 0.5123 | acc 0.9415 | lr 6.82e-05 | 173s
2026-09-17 21:47:58 | INFO    | epoch 17 | batch 2480/4266 | loss 0.5123 | acc 0.9415 | lr 6.82e-05 | 174s
2026-09-17 21:48:00 | INFO    | epoch 17 | batch 2500/4266 | loss 0.5122 | acc 0.9415 | lr 6.82e-05 | 175s
2026-09-17 21:48:01 | INFO    | epoch 17 | batch 2520/4266 | loss 0.5122 | acc 0.9415 | lr 6.81e-05 | 177s
2026-09-17 21:48:02 | INFO    | epoch 17 | batch 2540/4266 | loss 0.5123 | acc 0.9415 | lr 6.81e-05 | 178s
2026-09-17 21:48:04 | INFO    | epoch 17 | batch 2560/4266 | loss 0.5120 | acc 0.9416 | lr 6.81e-05 | 180s
2026-09-17 21:48:05 | INFO    | epoch 17 | batch 2580/4266 | loss 0.5119 | acc 0.9416 | lr 6.81e-05 | 181s
2026-09-17 21:48:07 | INFO    | epoch 17 | batch 2600/4266 | loss 0.5119 | acc 0.9417 | lr 6.81e-05 | 183s
2026-09-17 21:48:08 | INFO    | epoch 17 | batch 2620/4266 | loss 0.5117 | acc 0.9417 | lr 6.81e-05 | 184s
2026-09-17 21:48:10 | INFO    | epoch 17 | batch 2640/4266 | loss 0.5119 | acc 0.9417 | lr 6.80e-05 | 185s
2026-09-17 21:48:11 | INFO    | epoch 17 | batch 2660/4266 | loss 0.5120 | acc 0.9417 | lr 6.80e-05 | 187s
2026-09-17 21:48:13 | INFO    | epoch 17 | batch 2680/4266 | loss 0.5120 | acc 0.9416 | lr 6.80e-05 | 188s
2026-09-17 21:48:14 | INFO    | epoch 17 | batch 2700/4266 | loss 0.5119 | acc 0.9416 | lr 6.80e-05 | 190s
2026-09-17 21:48:16 | INFO    | epoch 17 | batch 2720/4266 | loss 0.5121 | acc 0.9416 | lr 6.80e-05 | 191s
2026-09-17 21:48:17 | INFO    | epoch 17 | batch 2740/4266 | loss 0.5120 | acc 0.9417 | lr 6.79e-05 | 193s
2026-09-17 21:48:18 | INFO    | epoch 17 | batch 2760/4266 | loss 0.5120 | acc 0.9416 | lr 6.79e-05 | 194s
2026-09-17 21:48:20 | INFO    | epoch 17 | batch 2780/4266 | loss 0.5120 | acc 0.9416 | lr 6.79e-05 | 195s
2026-09-17 21:48:21 | INFO    | epoch 17 | batch 2800/4266 | loss 0.5120 | acc 0.9416 | lr 6.79e-05 | 197s
2026-09-17 21:48:23 | INFO    | epoch 17 | batch 2820/4266 | loss 0.5120 | acc 0.9416 | lr 6.79e-05 | 198s
2026-09-17 21:48:24 | INFO    | epoch 17 | batch 2840/4266 | loss 0.5122 | acc 0.9415 | lr 6.79e-05 | 200s
2026-09-17 21:48:26 | INFO    | epoch 17 | batch 2860/4266 | loss 0.5121 | acc 0.9415 | lr 6.78e-05 | 201s
2026-09-17 21:48:27 | INFO    | epoch 17 | batch 2880/4266 | loss 0.5121 | acc 0.9415 | lr 6.78e-05 | 203s
2026-09-17 21:48:29 | INFO    | epoch 17 | batch 2900/4266 | loss 0.5121 | acc 0.9416 | lr 6.78e-05 | 204s
2026-09-17 21:48:30 | INFO    | epoch 17 | batch 2920/4266 | loss 0.5120 | acc 0.9416 | lr 6.78e-05 | 206s
2026-09-17 21:48:31 | INFO    | epoch 17 | batch 2940/4266 | loss 0.5120 | acc 0.9416 | lr 6.78e-05 | 207s
2026-09-17 21:48:33 | INFO    | epoch 17 | batch 2960/4266 | loss 0.5119 | acc 0.9416 | lr 6.78e-05 | 209s
2026-09-17 21:48:34 | INFO    | epoch 17 | batch 2980/4266 | loss 0.5121 | acc 0.9415 | lr 6.77e-05 | 210s
2026-09-17 21:48:36 | INFO    | epoch 17 | batch 3000/4266 | loss 0.5122 | acc 0.9414 | lr 6.77e-05 | 211s
2026-09-17 21:48:37 | INFO    | epoch 17 | batch 3020/4266 | loss 0.5123 | acc 0.9415 | lr 6.77e-05 | 213s
2026-09-17 21:48:39 | INFO    | epoch 17 | batch 3040/4266 | loss 0.5121 | acc 0.9415 | lr 6.77e-05 | 214s
2026-09-17 21:48:40 | INFO    | epoch 17 | batch 3060/4266 | loss 0.5119 | acc 0.9416 | lr 6.77e-05 | 216s
2026-09-17 21:48:41 | INFO    | epoch 17 | batch 3080/4266 | loss 0.5119 | acc 0.9417 | lr 6.76e-05 | 217s
2026-09-17 21:48:43 | INFO    | epoch 17 | batch 3100/4266 | loss 0.5118 | acc 0.9416 | lr 6.76e-05 | 218s
2026-09-17 21:48:44 | INFO    | epoch 17 | batch 3120/4266 | loss 0.5119 | acc 0.9416 | lr 6.76e-05 | 220s
2026-09-17 21:48:46 | INFO    | epoch 17 | batch 3140/4266 | loss 0.5118 | acc 0.9417 | lr 6.76e-05 | 221s
2026-09-17 21:48:47 | INFO    | epoch 17 | batch 3160/4266 | loss 0.5120 | acc 0.9416 | lr 6.76e-05 | 223s
2026-09-17 21:48:48 | INFO    | epoch 17 | batch 3180/4266 | loss 0.5120 | acc 0.9415 | lr 6.76e-05 | 224s
2026-09-17 21:48:50 | INFO    | epoch 17 | batch 3200/4266 | loss 0.5121 | acc 0.9414 | lr 6.75e-05 | 225s
2026-09-17 21:48:51 | INFO    | epoch 17 | batch 3220/4266 | loss 0.5122 | acc 0.9414 | lr 6.75e-05 | 227s
2026-09-17 21:48:53 | INFO    | epoch 17 | batch 3240/4266 | loss 0.5122 | acc 0.9414 | lr 6.75e-05 | 228s
2026-09-17 21:48:54 | INFO    | epoch 17 | batch 3260/4266 | loss 0.5122 | acc 0.9414 | lr 6.75e-05 | 230s
2026-09-17 21:48:55 | INFO    | epoch 17 | batch 3280/4266 | loss 0.5122 | acc 0.9414 | lr 6.75e-05 | 231s
2026-09-17 21:48:57 | INFO    | epoch 17 | batch 3300/4266 | loss 0.5122 | acc 0.9413 | lr 6.74e-05 | 232s
2026-09-17 21:48:58 | INFO    | epoch 17 | batch 3320/4266 | loss 0.5122 | acc 0.9413 | lr 6.74e-05 | 234s
2026-09-17 21:49:00 | INFO    | epoch 17 | batch 3340/4266 | loss 0.5120 | acc 0.9414 | lr 6.74e-05 | 235s
2026-09-17 21:49:01 | INFO    | epoch 17 | batch 3360/4266 | loss 0.5118 | acc 0.9414 | lr 6.74e-05 | 237s
2026-09-17 21:49:02 | INFO    | epoch 17 | batch 3380/4266 | loss 0.5119 | acc 0.9414 | lr 6.74e-05 | 238s
2026-09-17 21:49:04 | INFO    | epoch 17 | batch 3400/4266 | loss 0.5118 | acc 0.9414 | lr 6.74e-05 | 239s
2026-09-17 21:49:05 | INFO    | epoch 17 | batch 3420/4266 | loss 0.5118 | acc 0.9414 | lr 6.73e-05 | 241s
2026-09-17 21:49:07 | INFO    | epoch 17 | batch 3440/4266 | loss 0.5117 | acc 0.9415 | lr 6.73e-05 | 242s
2026-09-17 21:49:08 | INFO    | epoch 17 | batch 3460/4266 | loss 0.5117 | acc 0.9414 | lr 6.73e-05 | 244s
2026-09-17 21:49:09 | INFO    | epoch 17 | batch 3480/4266 | loss 0.5118 | acc 0.9414 | lr 6.73e-05 | 245s
2026-09-17 21:49:11 | INFO    | epoch 17 | batch 3500/4266 | loss 0.5118 | acc 0.9414 | lr 6.73e-05 | 247s
2026-09-17 21:49:12 | INFO    | epoch 17 | batch 3520/4266 | loss 0.5119 | acc 0.9414 | lr 6.72e-05 | 248s
2026-09-17 21:49:14 | INFO    | epoch 17 | batch 3540/4266 | loss 0.5119 | acc 0.9413 | lr 6.72e-05 | 249s
2026-09-17 21:49:15 | INFO    | epoch 17 | batch 3560/4266 | loss 0.5119 | acc 0.9413 | lr 6.72e-05 | 251s
2026-09-17 21:49:17 | INFO    | epoch 17 | batch 3580/4266 | loss 0.5117 | acc 0.9414 | lr 6.72e-05 | 252s
2026-09-17 21:49:18 | INFO    | epoch 17 | batch 3600/4266 | loss 0.5118 | acc 0.9414 | lr 6.72e-05 | 254s
2026-09-17 21:49:20 | INFO    | epoch 17 | batch 3620/4266 | loss 0.5117 | acc 0.9414 | lr 6.72e-05 | 255s
2026-09-17 21:49:21 | INFO    | epoch 17 | batch 3640/4266 | loss 0.5116 | acc 0.9413 | lr 6.71e-05 | 257s
2026-09-17 21:49:22 | INFO    | epoch 17 | batch 3660/4266 | loss 0.5118 | acc 0.9412 | lr 6.71e-05 | 258s
2026-09-17 21:49:24 | INFO    | epoch 17 | batch 3680/4266 | loss 0.5118 | acc 0.9412 | lr 6.71e-05 | 260s
2026-09-17 21:49:25 | INFO    | epoch 17 | batch 3700/4266 | loss 0.5120 | acc 0.9411 | lr 6.71e-05 | 261s
2026-09-17 21:49:27 | INFO    | epoch 17 | batch 3720/4266 | loss 0.5122 | acc 0.9410 | lr 6.71e-05 | 262s
2026-09-17 21:49:28 | INFO    | epoch 17 | batch 3740/4266 | loss 0.5121 | acc 0.9410 | lr 6.70e-05 | 264s
2026-09-17 21:49:29 | INFO    | epoch 17 | batch 3760/4266 | loss 0.5122 | acc 0.9410 | lr 6.70e-05 | 265s
2026-09-17 21:49:31 | INFO    | epoch 17 | batch 3780/4266 | loss 0.5121 | acc 0.9410 | lr 6.70e-05 | 266s
2026-09-17 21:49:32 | INFO    | epoch 17 | batch 3800/4266 | loss 0.5121 | acc 0.9410 | lr 6.70e-05 | 268s
2026-09-17 21:49:34 | INFO    | epoch 17 | batch 3820/4266 | loss 0.5120 | acc 0.9411 | lr 6.70e-05 | 269s
2026-09-17 21:49:35 | INFO    | epoch 17 | batch 3840/4266 | loss 0.5121 | acc 0.9410 | lr 6.70e-05 | 271s
2026-09-17 21:49:36 | INFO    | epoch 17 | batch 3860/4266 | loss 0.5119 | acc 0.9411 | lr 6.69e-05 | 272s
2026-09-17 21:49:38 | INFO    | epoch 17 | batch 3880/4266 | loss 0.5120 | acc 0.9411 | lr 6.69e-05 | 274s
2026-09-17 21:49:39 | INFO    | epoch 17 | batch 3900/4266 | loss 0.5120 | acc 0.9410 | lr 6.69e-05 | 275s
2026-09-17 21:49:41 | INFO    | epoch 17 | batch 3920/4266 | loss 0.5121 | acc 0.9410 | lr 6.69e-05 | 276s
2026-09-17 21:49:42 | INFO    | epoch 17 | batch 3940/4266 | loss 0.5119 | acc 0.9410 | lr 6.69e-05 | 278s
2026-09-17 21:49:44 | INFO    | epoch 17 | batch 3960/4266 | loss 0.5119 | acc 0.9411 | lr 6.68e-05 | 279s
2026-09-17 21:49:45 | INFO    | epoch 17 | batch 3980/4266 | loss 0.5118 | acc 0.9411 | lr 6.68e-05 | 281s
2026-09-17 21:49:46 | INFO    | epoch 17 | batch 4000/4266 | loss 0.5118 | acc 0.9411 | lr 6.68e-05 | 282s
2026-09-17 21:49:48 | INFO    | epoch 17 | batch 4020/4266 | loss 0.5117 | acc 0.9411 | lr 6.68e-05 | 284s
2026-09-17 21:49:49 | INFO    | epoch 17 | batch 4040/4266 | loss 0.5117 | acc 0.9412 | lr 6.68e-05 | 285s
2026-09-17 21:49:51 | INFO    | epoch 17 | batch 4060/4266 | loss 0.5116 | acc 0.9412 | lr 6.68e-05 | 286s
2026-09-17 21:49:52 | INFO    | epoch 17 | batch 4080/4266 | loss 0.5115 | acc 0.9413 | lr 6.67e-05 | 288s
2026-09-17 21:49:54 | INFO    | epoch 17 | batch 4100/4266 | loss 0.5116 | acc 0.9412 | lr 6.67e-05 | 289s
2026-09-17 21:49:55 | INFO    | epoch 17 | batch 4120/4266 | loss 0.5116 | acc 0.9412 | lr 6.67e-05 | 291s
2026-09-17 21:49:56 | INFO    | epoch 17 | batch 4140/4266 | loss 0.5116 | acc 0.9412 | lr 6.67e-05 | 292s
2026-09-17 21:49:58 | INFO    | epoch 17 | batch 4160/4266 | loss 0.5115 | acc 0.9412 | lr 6.67e-05 | 293s
2026-09-17 21:49:59 | INFO    | epoch 17 | batch 4180/4266 | loss 0.5116 | acc 0.9412 | lr 6.67e-05 | 295s
2026-09-17 21:50:01 | INFO    | epoch 17 | batch 4200/4266 | loss 0.5117 | acc 0.9412 | lr 6.66e-05 | 296s
2026-09-17 21:50:02 | INFO    | epoch 17 | batch 4220/4266 | loss 0.5117 | acc 0.9412 | lr 6.66e-05 | 298s
2026-09-17 21:50:04 | INFO    | epoch 17 | batch 4240/4266 | loss 0.5117 | acc 0.9412 | lr 6.66e-05 | 299s
2026-09-17 21:50:05 | INFO    | epoch 17 | batch 4260/4266 | loss 0.5117 | acc 0.9411 | lr 6.66e-05 | 301s
2026-09-17 21:50:06 | INFO    | epoch 17 | batch 4266/4266 | loss 0.5117 | acc 0.9412 | lr 6.66e-05 | 301s
2026-09-17 21:50:15 | INFO    | epoch 17/40 done in 311s | train loss 0.5117 | train running patch (aug): accuracy=0.9412 precision=0.9402 recall=0.9394 f1=0.9398
2026-09-17 21:50:15 | INFO    | epoch 17 train (eval, no aug) | loss 0.5580 | patch[7280]: accuracy=0.9154 precision=0.9174 recall=0.9095 f1=0.9121 | image[455]: accuracy=0.9714 precision=0.9720 recall=0.9690 f1=0.9700
2026-09-17 21:50:15 | INFO    | epoch 17 val | loss 1.1910 | patch[8448]: accuracy=0.6482 precision=0.6204 recall=0.6210 f1=0.6193 | image[96]: accuracy=0.6875 precision=0.6477 recall=0.6493 f1=0.6473
2026-09-17 21:50:15 | INFO    | val_patch_f1 = 0.6193 (best 0.6193 @ epoch 17) *
2026-09-17 21:50:17 | INFO    | epoch 18 | batch 20/4266 | loss 0.5055 | acc 0.9406 | lr 6.66e-05 | 2s
2026-09-17 21:50:18 | INFO    | epoch 18 | batch 40/4266 | loss 0.5077 | acc 0.9391 | lr 6.65e-05 | 3s
2026-09-17 21:50:20 | INFO    | epoch 18 | batch 60/4266 | loss 0.5110 | acc 0.9385 | lr 6.65e-05 | 4s
2026-09-17 21:50:21 | INFO    | epoch 18 | batch 80/4266 | loss 0.5082 | acc 0.9387 | lr 6.65e-05 | 6s
2026-09-17 21:50:23 | INFO    | epoch 18 | batch 100/4266 | loss 0.5064 | acc 0.9409 | lr 6.65e-05 | 7s
2026-09-17 21:50:24 | INFO    | epoch 18 | batch 120/4266 | loss 0.5109 | acc 0.9388 | lr 6.65e-05 | 9s
2026-09-17 21:50:25 | INFO    | epoch 18 | batch 140/4266 | loss 0.5101 | acc 0.9397 | lr 6.64e-05 | 10s
2026-09-17 21:50:27 | INFO    | epoch 18 | batch 160/4266 | loss 0.5093 | acc 0.9414 | lr 6.64e-05 | 11s
2026-09-17 21:50:28 | INFO    | epoch 18 | batch 180/4266 | loss 0.5062 | acc 0.9437 | lr 6.64e-05 | 13s
2026-09-17 21:50:30 | INFO    | epoch 18 | batch 200/4266 | loss 0.5046 | acc 0.9448 | lr 6.64e-05 | 14s
2026-09-17 21:50:31 | INFO    | epoch 18 | batch 220/4266 | loss 0.5046 | acc 0.9445 | lr 6.64e-05 | 16s
2026-09-17 21:50:33 | INFO    | epoch 18 | batch 240/4266 | loss 0.5022 | acc 0.9461 | lr 6.64e-05 | 17s
2026-09-17 21:50:34 | INFO    | epoch 18 | batch 260/4266 | loss 0.5023 | acc 0.9462 | lr 6.63e-05 | 19s
2026-09-17 21:50:36 | INFO    | epoch 18 | batch 280/4266 | loss 0.5041 | acc 0.9454 | lr 6.63e-05 | 20s
2026-09-17 21:50:37 | INFO    | epoch 18 | batch 300/4266 | loss 0.5041 | acc 0.9456 | lr 6.63e-05 | 22s
2026-09-17 21:50:38 | INFO    | epoch 18 | batch 320/4266 | loss 0.5038 | acc 0.9457 | lr 6.63e-05 | 23s
2026-09-17 21:50:40 | INFO    | epoch 18 | batch 340/4266 | loss 0.5063 | acc 0.9445 | lr 6.63e-05 | 24s
2026-09-17 21:50:41 | INFO    | epoch 18 | batch 360/4266 | loss 0.5055 | acc 0.9450 | lr 6.62e-05 | 26s
2026-09-17 21:50:43 | INFO    | epoch 18 | batch 380/4266 | loss 0.5055 | acc 0.9447 | lr 6.62e-05 | 27s
2026-09-17 21:50:44 | INFO    | epoch 18 | batch 400/4266 | loss 0.5044 | acc 0.9451 | lr 6.62e-05 | 29s
2026-09-17 21:50:46 | INFO    | epoch 18 | batch 420/4266 | loss 0.5031 | acc 0.9452 | lr 6.62e-05 | 30s
2026-09-17 21:50:47 | INFO    | epoch 18 | batch 440/4266 | loss 0.5029 | acc 0.9451 | lr 6.62e-05 | 31s
2026-09-17 21:50:48 | INFO    | epoch 18 | batch 460/4266 | loss 0.5037 | acc 0.9445 | lr 6.62e-05 | 33s
2026-09-17 21:50:50 | INFO    | epoch 18 | batch 480/4266 | loss 0.5038 | acc 0.9447 | lr 6.61e-05 | 34s
2026-09-17 21:50:51 | INFO    | epoch 18 | batch 500/4266 | loss 0.5036 | acc 0.9447 | lr 6.61e-05 | 36s
2026-09-17 21:50:52 | INFO    | epoch 18 | batch 520/4266 | loss 0.5035 | acc 0.9450 | lr 6.61e-05 | 37s
2026-09-17 21:50:54 | INFO    | epoch 18 | batch 540/4266 | loss 0.5037 | acc 0.9447 | lr 6.61e-05 | 38s
2026-09-17 21:50:55 | INFO    | epoch 18 | batch 560/4266 | loss 0.5032 | acc 0.9448 | lr 6.61e-05 | 40s
2026-09-17 21:50:57 | INFO    | epoch 18 | batch 580/4266 | loss 0.5034 | acc 0.9447 | lr 6.60e-05 | 41s
2026-09-17 21:50:58 | INFO    | epoch 18 | batch 600/4266 | loss 0.5033 | acc 0.9444 | lr 6.60e-05 | 43s
2026-09-17 21:50:59 | INFO    | epoch 18 | batch 620/4266 | loss 0.5031 | acc 0.9447 | lr 6.60e-05 | 44s
2026-09-17 21:51:01 | INFO    | epoch 18 | batch 640/4266 | loss 0.5043 | acc 0.9442 | lr 6.60e-05 | 45s
2026-09-17 21:51:02 | INFO    | epoch 18 | batch 660/4266 | loss 0.5043 | acc 0.9442 | lr 6.60e-05 | 47s
2026-09-17 21:51:04 | INFO    | epoch 18 | batch 680/4266 | loss 0.5042 | acc 0.9441 | lr 6.60e-05 | 48s
2026-09-17 21:51:05 | INFO    | epoch 18 | batch 700/4266 | loss 0.5043 | acc 0.9442 | lr 6.59e-05 | 50s
2026-09-17 21:51:06 | INFO    | epoch 18 | batch 720/4266 | loss 0.5056 | acc 0.9437 | lr 6.59e-05 | 51s
2026-09-17 21:51:08 | INFO    | epoch 18 | batch 740/4266 | loss 0.5056 | acc 0.9436 | lr 6.59e-05 | 52s
2026-09-17 21:51:09 | INFO    | epoch 18 | batch 760/4266 | loss 0.5057 | acc 0.9437 | lr 6.59e-05 | 54s
2026-09-17 21:51:11 | INFO    | epoch 18 | batch 780/4266 | loss 0.5057 | acc 0.9435 | lr 6.59e-05 | 55s
2026-09-17 21:51:12 | INFO    | epoch 18 | batch 800/4266 | loss 0.5061 | acc 0.9434 | lr 6.58e-05 | 56s
2026-09-17 21:51:13 | INFO    | epoch 18 | batch 820/4266 | loss 0.5059 | acc 0.9437 | lr 6.58e-05 | 58s
2026-09-17 21:51:15 | INFO    | epoch 18 | batch 840/4266 | loss 0.5059 | acc 0.9438 | lr 6.58e-05 | 59s
2026-09-17 21:51:16 | INFO    | epoch 18 | batch 860/4266 | loss 0.5059 | acc 0.9438 | lr 6.58e-05 | 61s
2026-09-17 21:51:18 | INFO    | epoch 18 | batch 880/4266 | loss 0.5064 | acc 0.9435 | lr 6.58e-05 | 62s
2026-09-17 21:51:19 | INFO    | epoch 18 | batch 900/4266 | loss 0.5065 | acc 0.9435 | lr 6.58e-05 | 64s
2026-09-17 21:51:20 | INFO    | epoch 18 | batch 920/4266 | loss 0.5066 | acc 0.9437 | lr 6.57e-05 | 65s
2026-09-17 21:51:22 | INFO    | epoch 18 | batch 940/4266 | loss 0.5069 | acc 0.9436 | lr 6.57e-05 | 66s
2026-09-17 21:51:23 | INFO    | epoch 18 | batch 960/4266 | loss 0.5067 | acc 0.9438 | lr 6.57e-05 | 68s
2026-09-17 21:51:25 | INFO    | epoch 18 | batch 980/4266 | loss 0.5071 | acc 0.9437 | lr 6.57e-05 | 69s
2026-09-17 21:51:26 | INFO    | epoch 18 | batch 1000/4266 | loss 0.5067 | acc 0.9439 | lr 6.57e-05 | 71s
2026-09-17 21:51:28 | INFO    | epoch 18 | batch 1020/4266 | loss 0.5063 | acc 0.9441 | lr 6.56e-05 | 72s
2026-09-17 21:51:29 | INFO    | epoch 18 | batch 1040/4266 | loss 0.5065 | acc 0.9439 | lr 6.56e-05 | 73s
2026-09-17 21:51:30 | INFO    | epoch 18 | batch 1060/4266 | loss 0.5070 | acc 0.9436 | lr 6.56e-05 | 75s
2026-09-17 21:51:32 | INFO    | epoch 18 | batch 1080/4266 | loss 0.5075 | acc 0.9434 | lr 6.56e-05 | 76s
2026-09-17 21:51:33 | INFO    | epoch 18 | batch 1100/4266 | loss 0.5079 | acc 0.9433 | lr 6.56e-05 | 78s
2026-09-17 21:51:35 | INFO    | epoch 18 | batch 1120/4266 | loss 0.5080 | acc 0.9432 | lr 6.56e-05 | 79s
2026-09-17 21:51:36 | INFO    | epoch 18 | batch 1140/4266 | loss 0.5081 | acc 0.9432 | lr 6.55e-05 | 81s
2026-09-17 21:51:38 | INFO    | epoch 18 | batch 1160/4266 | loss 0.5081 | acc 0.9432 | lr 6.55e-05 | 82s
2026-09-17 21:51:39 | INFO    | epoch 18 | batch 1180/4266 | loss 0.5081 | acc 0.9432 | lr 6.55e-05 | 84s
2026-09-17 21:51:41 | INFO    | epoch 18 | batch 1200/4266 | loss 0.5080 | acc 0.9433 | lr 6.55e-05 | 85s
2026-09-17 21:51:42 | INFO    | epoch 18 | batch 1220/4266 | loss 0.5083 | acc 0.9431 | lr 6.55e-05 | 87s
2026-09-17 21:51:44 | INFO    | epoch 18 | batch 1240/4266 | loss 0.5083 | acc 0.9430 | lr 6.54e-05 | 88s
2026-09-17 21:51:45 | INFO    | epoch 18 | batch 1260/4266 | loss 0.5080 | acc 0.9431 | lr 6.54e-05 | 90s
2026-09-17 21:51:47 | INFO    | epoch 18 | batch 1280/4266 | loss 0.5078 | acc 0.9431 | lr 6.54e-05 | 91s
2026-09-17 21:51:48 | INFO    | epoch 18 | batch 1300/4266 | loss 0.5077 | acc 0.9430 | lr 6.54e-05 | 93s
2026-09-17 21:51:50 | INFO    | epoch 18 | batch 1320/4266 | loss 0.5078 | acc 0.9429 | lr 6.54e-05 | 94s
2026-09-17 21:51:51 | INFO    | epoch 18 | batch 1340/4266 | loss 0.5080 | acc 0.9427 | lr 6.54e-05 | 96s
2026-09-17 21:51:52 | INFO    | epoch 18 | batch 1360/4266 | loss 0.5078 | acc 0.9428 | lr 6.53e-05 | 97s
2026-09-17 21:51:54 | INFO    | epoch 18 | batch 1380/4266 | loss 0.5073 | acc 0.9430 | lr 6.53e-05 | 98s
2026-09-17 21:51:55 | INFO    | epoch 18 | batch 1400/4266 | loss 0.5072 | acc 0.9430 | lr 6.53e-05 | 100s
2026-09-17 21:51:57 | INFO    | epoch 18 | batch 1420/4266 | loss 0.5071 | acc 0.9431 | lr 6.53e-05 | 101s
2026-09-17 21:51:58 | INFO    | epoch 18 | batch 1440/4266 | loss 0.5073 | acc 0.9430 | lr 6.53e-05 | 103s
2026-09-17 21:52:00 | INFO    | epoch 18 | batch 1460/4266 | loss 0.5076 | acc 0.9429 | lr 6.52e-05 | 104s
2026-09-17 21:52:01 | INFO    | epoch 18 | batch 1480/4266 | loss 0.5074 | acc 0.9429 | lr 6.52e-05 | 106s
2026-09-17 21:52:02 | INFO    | epoch 18 | batch 1500/4266 | loss 0.5074 | acc 0.9429 | lr 6.52e-05 | 107s
2026-09-17 21:52:04 | INFO    | epoch 18 | batch 1520/4266 | loss 0.5076 | acc 0.9428 | lr 6.52e-05 | 108s
2026-09-17 21:52:05 | INFO    | epoch 18 | batch 1540/4266 | loss 0.5076 | acc 0.9427 | lr 6.52e-05 | 110s
2026-09-17 21:52:07 | INFO    | epoch 18 | batch 1560/4266 | loss 0.5077 | acc 0.9426 | lr 6.52e-05 | 111s
2026-09-17 21:52:08 | INFO    | epoch 18 | batch 1580/4266 | loss 0.5076 | acc 0.9426 | lr 6.51e-05 | 113s
2026-09-17 21:52:10 | INFO    | epoch 18 | batch 1600/4266 | loss 0.5075 | acc 0.9427 | lr 6.51e-05 | 114s
2026-09-17 21:52:11 | INFO    | epoch 18 | batch 1620/4266 | loss 0.5072 | acc 0.9428 | lr 6.51e-05 | 116s
2026-09-17 21:52:13 | INFO    | epoch 18 | batch 1640/4266 | loss 0.5073 | acc 0.9427 | lr 6.51e-05 | 117s
2026-09-17 21:52:14 | INFO    | epoch 18 | batch 1660/4266 | loss 0.5073 | acc 0.9427 | lr 6.51e-05 | 119s
2026-09-17 21:52:15 | INFO    | epoch 18 | batch 1680/4266 | loss 0.5075 | acc 0.9425 | lr 6.50e-05 | 120s
2026-09-17 21:52:17 | INFO    | epoch 18 | batch 1700/4266 | loss 0.5076 | acc 0.9424 | lr 6.50e-05 | 121s
2026-09-17 21:52:18 | INFO    | epoch 18 | batch 1720/4266 | loss 0.5074 | acc 0.9425 | lr 6.50e-05 | 123s
2026-09-17 21:52:20 | INFO    | epoch 18 | batch 1740/4266 | loss 0.5077 | acc 0.9423 | lr 6.50e-05 | 124s
2026-09-17 21:52:21 | INFO    | epoch 18 | batch 1760/4266 | loss 0.5080 | acc 0.9421 | lr 6.50e-05 | 126s
2026-09-17 21:52:23 | INFO    | epoch 18 | batch 1780/4266 | loss 0.5080 | acc 0.9422 | lr 6.49e-05 | 127s
2026-09-17 21:52:24 | INFO    | epoch 18 | batch 1800/4266 | loss 0.5080 | acc 0.9421 | lr 6.49e-05 | 129s
2026-09-17 21:52:25 | INFO    | epoch 18 | batch 1820/4266 | loss 0.5080 | acc 0.9422 | lr 6.49e-05 | 130s
2026-09-17 21:52:27 | INFO    | epoch 18 | batch 1840/4266 | loss 0.5079 | acc 0.9422 | lr 6.49e-05 | 131s
2026-09-17 21:52:28 | INFO    | epoch 18 | batch 1860/4266 | loss 0.5078 | acc 0.9422 | lr 6.49e-05 | 133s
2026-09-17 21:52:30 | INFO    | epoch 18 | batch 1880/4266 | loss 0.5078 | acc 0.9423 | lr 6.49e-05 | 134s
2026-09-17 21:52:31 | INFO    | epoch 18 | batch 1900/4266 | loss 0.5076 | acc 0.9424 | lr 6.48e-05 | 136s
2026-09-17 21:52:33 | INFO    | epoch 18 | batch 1920/4266 | loss 0.5073 | acc 0.9425 | lr 6.48e-05 | 137s
2026-09-17 21:52:34 | INFO    | epoch 18 | batch 1940/4266 | loss 0.5071 | acc 0.9426 | lr 6.48e-05 | 139s
2026-09-17 21:52:35 | INFO    | epoch 18 | batch 1960/4266 | loss 0.5069 | acc 0.9428 | lr 6.48e-05 | 140s
2026-09-17 21:52:37 | INFO    | epoch 18 | batch 1980/4266 | loss 0.5069 | acc 0.9429 | lr 6.48e-05 | 141s
2026-09-17 21:52:38 | INFO    | epoch 18 | batch 2000/4266 | loss 0.5068 | acc 0.9430 | lr 6.47e-05 | 143s
2026-09-17 21:52:40 | INFO    | epoch 18 | batch 2020/4266 | loss 0.5070 | acc 0.9430 | lr 6.47e-05 | 144s
2026-09-17 21:52:41 | INFO    | epoch 18 | batch 2040/4266 | loss 0.5068 | acc 0.9431 | lr 6.47e-05 | 146s
2026-09-17 21:52:43 | INFO    | epoch 18 | batch 2060/4266 | loss 0.5069 | acc 0.9430 | lr 6.47e-05 | 147s
2026-09-17 21:52:44 | INFO    | epoch 18 | batch 2080/4266 | loss 0.5068 | acc 0.9431 | lr 6.47e-05 | 148s
2026-09-17 21:52:45 | INFO    | epoch 18 | batch 2100/4266 | loss 0.5068 | acc 0.9431 | lr 6.47e-05 | 150s
2026-09-17 21:52:47 | INFO    | epoch 18 | batch 2120/4266 | loss 0.5068 | acc 0.9431 | lr 6.46e-05 | 151s
2026-09-17 21:52:48 | INFO    | epoch 18 | batch 2140/4266 | loss 0.5068 | acc 0.9431 | lr 6.46e-05 | 153s
2026-09-17 21:52:50 | INFO    | epoch 18 | batch 2160/4266 | loss 0.5068 | acc 0.9432 | lr 6.46e-05 | 154s
2026-09-17 21:52:51 | INFO    | epoch 18 | batch 2180/4266 | loss 0.5067 | acc 0.9433 | lr 6.46e-05 | 155s
2026-09-17 21:52:52 | INFO    | epoch 18 | batch 2200/4266 | loss 0.5067 | acc 0.9433 | lr 6.46e-05 | 157s
2026-09-17 21:52:54 | INFO    | epoch 18 | batch 2220/4266 | loss 0.5066 | acc 0.9433 | lr 6.45e-05 | 158s
2026-09-17 21:52:55 | INFO    | epoch 18 | batch 2240/4266 | loss 0.5066 | acc 0.9433 | lr 6.45e-05 | 160s
2026-09-17 21:52:57 | INFO    | epoch 18 | batch 2260/4266 | loss 0.5064 | acc 0.9434 | lr 6.45e-05 | 161s
2026-09-17 21:52:58 | INFO    | epoch 18 | batch 2280/4266 | loss 0.5063 | acc 0.9434 | lr 6.45e-05 | 162s
2026-09-17 21:52:59 | INFO    | epoch 18 | batch 2300/4266 | loss 0.5062 | acc 0.9434 | lr 6.45e-05 | 164s
2026-09-17 21:53:01 | INFO    | epoch 18 | batch 2320/4266 | loss 0.5063 | acc 0.9433 | lr 6.45e-05 | 165s
2026-09-17 21:53:02 | INFO    | epoch 18 | batch 2340/4266 | loss 0.5062 | acc 0.9434 | lr 6.44e-05 | 167s
2026-09-17 21:53:04 | INFO    | epoch 18 | batch 2360/4266 | loss 0.5061 | acc 0.9434 | lr 6.44e-05 | 168s
2026-09-17 21:53:05 | INFO    | epoch 18 | batch 2380/4266 | loss 0.5063 | acc 0.9432 | lr 6.44e-05 | 170s
2026-09-17 21:53:06 | INFO    | epoch 18 | batch 2400/4266 | loss 0.5061 | acc 0.9432 | lr 6.44e-05 | 171s
2026-09-17 21:53:08 | INFO    | epoch 18 | batch 2420/4266 | loss 0.5063 | acc 0.9432 | lr 6.44e-05 | 172s
2026-09-17 21:53:09 | INFO    | epoch 18 | batch 2440/4266 | loss 0.5062 | acc 0.9433 | lr 6.43e-05 | 174s
2026-09-17 21:53:11 | INFO    | epoch 18 | batch 2460/4266 | loss 0.5063 | acc 0.9432 | lr 6.43e-05 | 175s
2026-09-17 21:53:12 | INFO    | epoch 18 | batch 2480/4266 | loss 0.5062 | acc 0.9432 | lr 6.43e-05 | 177s
2026-09-17 21:53:13 | INFO    | epoch 18 | batch 2500/4266 | loss 0.5062 | acc 0.9432 | lr 6.43e-05 | 178s
2026-09-17 21:53:15 | INFO    | epoch 18 | batch 2520/4266 | loss 0.5062 | acc 0.9432 | lr 6.43e-05 | 179s
2026-09-17 21:53:16 | INFO    | epoch 18 | batch 2540/4266 | loss 0.5060 | acc 0.9434 | lr 6.42e-05 | 181s
2026-09-17 21:53:18 | INFO    | epoch 18 | batch 2560/4266 | loss 0.5062 | acc 0.9432 | lr 6.42e-05 | 182s
2026-09-17 21:53:19 | INFO    | epoch 18 | batch 2580/4266 | loss 0.5064 | acc 0.9432 | lr 6.42e-05 | 184s
2026-09-17 21:53:21 | INFO    | epoch 18 | batch 2600/4266 | loss 0.5069 | acc 0.9430 | lr 6.42e-05 | 185s
2026-09-17 21:53:22 | INFO    | epoch 18 | batch 2620/4266 | loss 0.5069 | acc 0.9430 | lr 6.42e-05 | 186s
2026-09-17 21:53:23 | INFO    | epoch 18 | batch 2640/4266 | loss 0.5068 | acc 0.9430 | lr 6.42e-05 | 188s
2026-09-17 21:53:25 | INFO    | epoch 18 | batch 2660/4266 | loss 0.5069 | acc 0.9430 | lr 6.41e-05 | 189s
2026-09-17 21:53:26 | INFO    | epoch 18 | batch 2680/4266 | loss 0.5070 | acc 0.9430 | lr 6.41e-05 | 191s
2026-09-17 21:53:28 | INFO    | epoch 18 | batch 2700/4266 | loss 0.5068 | acc 0.9431 | lr 6.41e-05 | 192s
2026-09-17 21:53:29 | INFO    | epoch 18 | batch 2720/4266 | loss 0.5066 | acc 0.9432 | lr 6.41e-05 | 194s
2026-09-17 21:53:31 | INFO    | epoch 18 | batch 2740/4266 | loss 0.5065 | acc 0.9433 | lr 6.41e-05 | 195s
2026-09-17 21:53:32 | INFO    | epoch 18 | batch 2760/4266 | loss 0.5065 | acc 0.9433 | lr 6.40e-05 | 196s
2026-09-17 21:53:33 | INFO    | epoch 18 | batch 2780/4266 | loss 0.5065 | acc 0.9434 | lr 6.40e-05 | 198s
2026-09-17 21:53:35 | INFO    | epoch 18 | batch 2800/4266 | loss 0.5065 | acc 0.9434 | lr 6.40e-05 | 199s
2026-09-17 21:53:36 | INFO    | epoch 18 | batch 2820/4266 | loss 0.5064 | acc 0.9435 | lr 6.40e-05 | 201s
2026-09-17 21:53:38 | INFO    | epoch 18 | batch 2840/4266 | loss 0.5066 | acc 0.9433 | lr 6.40e-05 | 202s
2026-09-17 21:53:39 | INFO    | epoch 18 | batch 2860/4266 | loss 0.5064 | acc 0.9434 | lr 6.40e-05 | 204s
2026-09-17 21:53:41 | INFO    | epoch 18 | batch 2880/4266 | loss 0.5062 | acc 0.9435 | lr 6.39e-05 | 205s
2026-09-17 21:53:42 | INFO    | epoch 18 | batch 2900/4266 | loss 0.5062 | acc 0.9434 | lr 6.39e-05 | 207s
2026-09-17 21:53:43 | INFO    | epoch 18 | batch 2920/4266 | loss 0.5064 | acc 0.9433 | lr 6.39e-05 | 208s
2026-09-17 21:53:45 | INFO    | epoch 18 | batch 2940/4266 | loss 0.5065 | acc 0.9434 | lr 6.39e-05 | 209s
2026-09-17 21:53:46 | INFO    | epoch 18 | batch 2960/4266 | loss 0.5064 | acc 0.9433 | lr 6.39e-05 | 211s
2026-09-17 21:53:48 | INFO    | epoch 18 | batch 2980/4266 | loss 0.5065 | acc 0.9433 | lr 6.38e-05 | 212s
2026-09-17 21:53:49 | INFO    | epoch 18 | batch 3000/4266 | loss 0.5062 | acc 0.9434 | lr 6.38e-05 | 214s
2026-09-17 21:53:51 | INFO    | epoch 18 | batch 3020/4266 | loss 0.5061 | acc 0.9434 | lr 6.38e-05 | 215s
2026-09-17 21:53:52 | INFO    | epoch 18 | batch 3040/4266 | loss 0.5059 | acc 0.9435 | lr 6.38e-05 | 217s
2026-09-17 21:53:53 | INFO    | epoch 18 | batch 3060/4266 | loss 0.5061 | acc 0.9435 | lr 6.38e-05 | 218s
2026-09-17 21:53:55 | INFO    | epoch 18 | batch 3080/4266 | loss 0.5060 | acc 0.9434 | lr 6.38e-05 | 219s
2026-09-17 21:53:56 | INFO    | epoch 18 | batch 3100/4266 | loss 0.5060 | acc 0.9434 | lr 6.37e-05 | 221s
2026-09-17 21:53:58 | INFO    | epoch 18 | batch 3120/4266 | loss 0.5060 | acc 0.9434 | lr 6.37e-05 | 222s
2026-09-17 21:53:59 | INFO    | epoch 18 | batch 3140/4266 | loss 0.5060 | acc 0.9434 | lr 6.37e-05 | 224s
2026-09-17 21:54:01 | INFO    | epoch 18 | batch 3160/4266 | loss 0.5061 | acc 0.9434 | lr 6.37e-05 | 225s
2026-09-17 21:54:02 | INFO    | epoch 18 | batch 3180/4266 | loss 0.5061 | acc 0.9434 | lr 6.37e-05 | 227s
2026-09-17 21:54:04 | INFO    | epoch 18 | batch 3200/4266 | loss 0.5060 | acc 0.9433 | lr 6.36e-05 | 228s
2026-09-17 21:54:05 | INFO    | epoch 18 | batch 3220/4266 | loss 0.5060 | acc 0.9434 | lr 6.36e-05 | 229s
2026-09-17 21:54:06 | INFO    | epoch 18 | batch 3240/4266 | loss 0.5058 | acc 0.9435 | lr 6.36e-05 | 231s
2026-09-17 21:54:08 | INFO    | epoch 18 | batch 3260/4266 | loss 0.5057 | acc 0.9435 | lr 6.36e-05 | 232s
2026-09-17 21:54:09 | INFO    | epoch 18 | batch 3280/4266 | loss 0.5056 | acc 0.9435 | lr 6.36e-05 | 234s
2026-09-17 21:54:11 | INFO    | epoch 18 | batch 3300/4266 | loss 0.5058 | acc 0.9434 | lr 6.35e-05 | 235s
2026-09-17 21:54:12 | INFO    | epoch 18 | batch 3320/4266 | loss 0.5057 | acc 0.9434 | lr 6.35e-05 | 236s
2026-09-17 21:54:13 | INFO    | epoch 18 | batch 3340/4266 | loss 0.5059 | acc 0.9433 | lr 6.35e-05 | 238s
2026-09-17 21:54:15 | INFO    | epoch 18 | batch 3360/4266 | loss 0.5060 | acc 0.9432 | lr 6.35e-05 | 239s
2026-09-17 21:54:16 | INFO    | epoch 18 | batch 3380/4266 | loss 0.5058 | acc 0.9433 | lr 6.35e-05 | 241s
2026-09-17 21:54:18 | INFO    | epoch 18 | batch 3400/4266 | loss 0.5058 | acc 0.9433 | lr 6.35e-05 | 242s
2026-09-17 21:54:19 | INFO    | epoch 18 | batch 3420/4266 | loss 0.5058 | acc 0.9434 | lr 6.34e-05 | 244s
2026-09-17 21:54:21 | INFO    | epoch 18 | batch 3440/4266 | loss 0.5057 | acc 0.9435 | lr 6.34e-05 | 245s
2026-09-17 21:54:22 | INFO    | epoch 18 | batch 3460/4266 | loss 0.5057 | acc 0.9435 | lr 6.34e-05 | 247s
2026-09-17 21:54:24 | INFO    | epoch 18 | batch 3480/4266 | loss 0.5056 | acc 0.9436 | lr 6.34e-05 | 248s
2026-09-17 21:54:25 | INFO    | epoch 18 | batch 3500/4266 | loss 0.5056 | acc 0.9436 | lr 6.34e-05 | 250s
2026-09-17 21:54:26 | INFO    | epoch 18 | batch 3520/4266 | loss 0.5057 | acc 0.9435 | lr 6.33e-05 | 251s
2026-09-17 21:54:28 | INFO    | epoch 18 | batch 3540/4266 | loss 0.5058 | acc 0.9435 | lr 6.33e-05 | 252s
2026-09-17 21:54:29 | INFO    | epoch 18 | batch 3560/4266 | loss 0.5057 | acc 0.9435 | lr 6.33e-05 | 254s
2026-09-17 21:54:31 | INFO    | epoch 18 | batch 3580/4266 | loss 0.5056 | acc 0.9435 | lr 6.33e-05 | 255s
2026-09-17 21:54:32 | INFO    | epoch 18 | batch 3600/4266 | loss 0.5056 | acc 0.9435 | lr 6.33e-05 | 257s
2026-09-17 21:54:34 | INFO    | epoch 18 | batch 3620/4266 | loss 0.5055 | acc 0.9435 | lr 6.33e-05 | 258s
2026-09-17 21:54:35 | INFO    | epoch 18 | batch 3640/4266 | loss 0.5053 | acc 0.9436 | lr 6.32e-05 | 260s
2026-09-17 21:54:37 | INFO    | epoch 18 | batch 3660/4266 | loss 0.5053 | acc 0.9436 | lr 6.32e-05 | 261s
2026-09-17 21:54:38 | INFO    | epoch 18 | batch 3680/4266 | loss 0.5053 | acc 0.9436 | lr 6.32e-05 | 263s
2026-09-17 21:54:39 | INFO    | epoch 18 | batch 3700/4266 | loss 0.5052 | acc 0.9437 | lr 6.32e-05 | 264s
2026-09-17 21:54:41 | INFO    | epoch 18 | batch 3720/4266 | loss 0.5052 | acc 0.9437 | lr 6.32e-05 | 265s
2026-09-17 21:54:42 | INFO    | epoch 18 | batch 3740/4266 | loss 0.5052 | acc 0.9437 | lr 6.31e-05 | 267s
2026-09-17 21:54:44 | INFO    | epoch 18 | batch 3760/4266 | loss 0.5051 | acc 0.9438 | lr 6.31e-05 | 268s
2026-09-17 21:54:45 | INFO    | epoch 18 | batch 3780/4266 | loss 0.5051 | acc 0.9438 | lr 6.31e-05 | 270s
2026-09-17 21:54:47 | INFO    | epoch 18 | batch 3800/4266 | loss 0.5051 | acc 0.9437 | lr 6.31e-05 | 271s
2026-09-17 21:54:48 | INFO    | epoch 18 | batch 3820/4266 | loss 0.5050 | acc 0.9438 | lr 6.31e-05 | 272s
2026-09-17 21:54:49 | INFO    | epoch 18 | batch 3840/4266 | loss 0.5049 | acc 0.9438 | lr 6.30e-05 | 274s
2026-09-17 21:54:51 | INFO    | epoch 18 | batch 3860/4266 | loss 0.5048 | acc 0.9438 | lr 6.30e-05 | 275s
2026-09-17 21:54:52 | INFO    | epoch 18 | batch 3880/4266 | loss 0.5048 | acc 0.9439 | lr 6.30e-05 | 277s
2026-09-17 21:54:54 | INFO    | epoch 18 | batch 3900/4266 | loss 0.5046 | acc 0.9440 | lr 6.30e-05 | 278s
2026-09-17 21:54:55 | INFO    | epoch 18 | batch 3920/4266 | loss 0.5046 | acc 0.9440 | lr 6.30e-05 | 279s
2026-09-17 21:54:56 | INFO    | epoch 18 | batch 3940/4266 | loss 0.5045 | acc 0.9441 | lr 6.30e-05 | 281s
2026-09-17 21:54:58 | INFO    | epoch 18 | batch 3960/4266 | loss 0.5045 | acc 0.9442 | lr 6.29e-05 | 282s
2026-09-17 21:54:59 | INFO    | epoch 18 | batch 3980/4266 | loss 0.5044 | acc 0.9442 | lr 6.29e-05 | 284s
2026-09-17 21:55:01 | INFO    | epoch 18 | batch 4000/4266 | loss 0.5044 | acc 0.9442 | lr 6.29e-05 | 285s
2026-09-17 21:55:02 | INFO    | epoch 18 | batch 4020/4266 | loss 0.5044 | acc 0.9442 | lr 6.29e-05 | 287s
2026-09-17 21:55:04 | INFO    | epoch 18 | batch 4040/4266 | loss 0.5043 | acc 0.9442 | lr 6.29e-05 | 288s
2026-09-17 21:55:05 | INFO    | epoch 18 | batch 4060/4266 | loss 0.5045 | acc 0.9441 | lr 6.28e-05 | 289s
2026-09-17 21:55:06 | INFO    | epoch 18 | batch 4080/4266 | loss 0.5046 | acc 0.9441 | lr 6.28e-05 | 291s
2026-09-17 21:55:08 | INFO    | epoch 18 | batch 4100/4266 | loss 0.5045 | acc 0.9441 | lr 6.28e-05 | 292s
2026-09-17 21:55:09 | INFO    | epoch 18 | batch 4120/4266 | loss 0.5046 | acc 0.9441 | lr 6.28e-05 | 294s
2026-09-17 21:55:11 | INFO    | epoch 18 | batch 4140/4266 | loss 0.5045 | acc 0.9441 | lr 6.28e-05 | 295s
2026-09-17 21:55:12 | INFO    | epoch 18 | batch 4160/4266 | loss 0.5046 | acc 0.9441 | lr 6.28e-05 | 296s
2026-09-17 21:55:13 | INFO    | epoch 18 | batch 4180/4266 | loss 0.5046 | acc 0.9441 | lr 6.27e-05 | 298s
2026-09-17 21:55:15 | INFO    | epoch 18 | batch 4200/4266 | loss 0.5045 | acc 0.9441 | lr 6.27e-05 | 299s
2026-09-17 21:55:16 | INFO    | epoch 18 | batch 4220/4266 | loss 0.5044 | acc 0.9442 | lr 6.27e-05 | 301s
2026-09-17 21:55:18 | INFO    | epoch 18 | batch 4240/4266 | loss 0.5044 | acc 0.9442 | lr 6.27e-05 | 302s
2026-09-17 21:55:19 | INFO    | epoch 18 | batch 4260/4266 | loss 0.5045 | acc 0.9442 | lr 6.27e-05 | 304s
2026-09-17 21:55:20 | INFO    | epoch 18 | batch 4266/4266 | loss 0.5045 | acc 0.9442 | lr 6.27e-05 | 304s
2026-09-17 21:55:29 | INFO    | epoch 18/40 done in 314s | train loss 0.5045 | train running patch (aug): accuracy=0.9442 precision=0.9436 recall=0.9425 f1=0.9430
2026-09-17 21:55:29 | INFO    | epoch 18 train (eval, no aug) | loss 0.5536 | patch[7280]: accuracy=0.9146 precision=0.9120 recall=0.9161 f1=0.9138 | image[455]: accuracy=0.9802 precision=0.9806 recall=0.9806 f1=0.9805
2026-09-17 21:55:29 | INFO    | epoch 18 val | loss 1.1826 | patch[8448]: accuracy=0.6444 precision=0.6283 recall=0.6214 f1=0.6236 | image[96]: accuracy=0.7292 precision=0.7150 recall=0.7023 f1=0.7062
2026-09-17 21:55:29 | INFO    | val_patch_f1 = 0.6236 (best 0.6236 @ epoch 18) *
2026-09-17 21:55:31 | INFO    | epoch 19 | batch 20/4266 | loss 0.5002 | acc 0.9359 | lr 6.26e-05 | 2s
2026-09-17 21:55:33 | INFO    | epoch 19 | batch 40/4266 | loss 0.4985 | acc 0.9453 | lr 6.26e-05 | 3s
2026-09-17 21:55:34 | INFO    | epoch 19 | batch 60/4266 | loss 0.4979 | acc 0.9474 | lr 6.26e-05 | 5s
2026-09-17 21:55:35 | INFO    | epoch 19 | batch 80/4266 | loss 0.4956 | acc 0.9500 | lr 6.26e-05 | 6s
2026-09-17 21:55:37 | INFO    | epoch 19 | batch 100/4266 | loss 0.4981 | acc 0.9494 | lr 6.26e-05 | 7s
2026-09-17 21:55:38 | INFO    | epoch 19 | batch 120/4266 | loss 0.4942 | acc 0.9518 | lr 6.25e-05 | 9s
2026-09-17 21:55:40 | INFO    | epoch 19 | batch 140/4266 | loss 0.4992 | acc 0.9478 | lr 6.25e-05 | 10s
2026-09-17 21:55:41 | INFO    | epoch 19 | batch 160/4266 | loss 0.4979 | acc 0.9484 | lr 6.25e-05 | 12s
2026-09-17 21:55:43 | INFO    | epoch 19 | batch 180/4266 | loss 0.5006 | acc 0.9477 | lr 6.25e-05 | 13s
2026-09-17 21:55:44 | INFO    | epoch 19 | batch 200/4266 | loss 0.4978 | acc 0.9492 | lr 6.25e-05 | 15s
2026-09-17 21:55:45 | INFO    | epoch 19 | batch 220/4266 | loss 0.4955 | acc 0.9503 | lr 6.24e-05 | 16s
2026-09-17 21:55:47 | INFO    | epoch 19 | batch 240/4266 | loss 0.4962 | acc 0.9496 | lr 6.24e-05 | 17s
2026-09-17 21:55:48 | INFO    | epoch 19 | batch 260/4266 | loss 0.4966 | acc 0.9498 | lr 6.24e-05 | 19s
2026-09-17 21:55:50 | INFO    | epoch 19 | batch 280/4266 | loss 0.4959 | acc 0.9499 | lr 6.24e-05 | 20s
2026-09-17 21:55:51 | INFO    | epoch 19 | batch 300/4266 | loss 0.4951 | acc 0.9504 | lr 6.24e-05 | 22s
2026-09-17 21:55:52 | INFO    | epoch 19 | batch 320/4266 | loss 0.4938 | acc 0.9508 | lr 6.24e-05 | 23s
2026-09-17 21:55:54 | INFO    | epoch 19 | batch 340/4266 | loss 0.4947 | acc 0.9502 | lr 6.23e-05 | 24s
2026-09-17 21:55:55 | INFO    | epoch 19 | batch 360/4266 | loss 0.4954 | acc 0.9504 | lr 6.23e-05 | 26s
2026-09-17 21:55:57 | INFO    | epoch 19 | batch 380/4266 | loss 0.4957 | acc 0.9502 | lr 6.23e-05 | 27s
2026-09-17 21:55:58 | INFO    | epoch 19 | batch 400/4266 | loss 0.4961 | acc 0.9502 | lr 6.23e-05 | 29s
2026-09-17 21:56:00 | INFO    | epoch 19 | batch 420/4266 | loss 0.4975 | acc 0.9495 | lr 6.23e-05 | 30s
2026-09-17 21:56:01 | INFO    | epoch 19 | batch 440/4266 | loss 0.4970 | acc 0.9496 | lr 6.22e-05 | 32s
2026-09-17 21:56:03 | INFO    | epoch 19 | batch 460/4266 | loss 0.4962 | acc 0.9496 | lr 6.22e-05 | 33s
2026-09-17 21:56:04 | INFO    | epoch 19 | batch 480/4266 | loss 0.4959 | acc 0.9498 | lr 6.22e-05 | 35s
2026-09-17 21:56:06 | INFO    | epoch 19 | batch 500/4266 | loss 0.4958 | acc 0.9497 | lr 6.22e-05 | 36s
2026-09-17 21:56:07 | INFO    | epoch 19 | batch 520/4266 | loss 0.4976 | acc 0.9488 | lr 6.22e-05 | 37s
2026-09-17 21:56:08 | INFO    | epoch 19 | batch 540/4266 | loss 0.4984 | acc 0.9484 | lr 6.21e-05 | 39s
2026-09-17 21:56:09 | INFO    | epoch 19 | batch 560/4266 | loss 0.4979 | acc 0.9487 | lr 6.21e-05 | 40s
2026-09-17 21:56:11 | INFO    | epoch 19 | batch 580/4266 | loss 0.4973 | acc 0.9490 | lr 6.21e-05 | 41s
2026-09-17 21:56:12 | INFO    | epoch 19 | batch 600/4266 | loss 0.4974 | acc 0.9490 | lr 6.21e-05 | 43s
2026-09-17 21:56:13 | INFO    | epoch 19 | batch 620/4266 | loss 0.4975 | acc 0.9487 | lr 6.21e-05 | 44s
2026-09-17 21:56:15 | INFO    | epoch 19 | batch 640/4266 | loss 0.4972 | acc 0.9489 | lr 6.21e-05 | 45s
2026-09-17 21:56:16 | INFO    | epoch 19 | batch 660/4266 | loss 0.4966 | acc 0.9491 | lr 6.20e-05 | 47s
2026-09-17 21:56:18 | INFO    | epoch 19 | batch 680/4266 | loss 0.4964 | acc 0.9491 | lr 6.20e-05 | 48s
2026-09-17 21:56:19 | INFO    | epoch 19 | batch 700/4266 | loss 0.4966 | acc 0.9492 | lr 6.20e-05 | 50s
2026-09-17 21:56:21 | INFO    | epoch 19 | batch 720/4266 | loss 0.4960 | acc 0.9494 | lr 6.20e-05 | 51s
2026-09-17 21:56:22 | INFO    | epoch 19 | batch 740/4266 | loss 0.4959 | acc 0.9492 | lr 6.20e-05 | 53s
2026-09-17 21:56:23 | INFO    | epoch 19 | batch 760/4266 | loss 0.4960 | acc 0.9493 | lr 6.19e-05 | 54s
2026-09-17 21:56:25 | INFO    | epoch 19 | batch 780/4266 | loss 0.4958 | acc 0.9493 | lr 6.19e-05 | 55s
2026-09-17 21:56:26 | INFO    | epoch 19 | batch 800/4266 | loss 0.4961 | acc 0.9491 | lr 6.19e-05 | 57s
2026-09-17 21:56:28 | INFO    | epoch 19 | batch 820/4266 | loss 0.4957 | acc 0.9492 | lr 6.19e-05 | 58s
2026-09-17 21:56:29 | INFO    | epoch 19 | batch 840/4266 | loss 0.4963 | acc 0.9487 | lr 6.19e-05 | 60s
2026-09-17 21:56:31 | INFO    | epoch 19 | batch 860/4266 | loss 0.4960 | acc 0.9489 | lr 6.19e-05 | 61s
2026-09-17 21:56:32 | INFO    | epoch 19 | batch 880/4266 | loss 0.4952 | acc 0.9494 | lr 6.18e-05 | 63s
2026-09-17 21:56:34 | INFO    | epoch 19 | batch 900/4266 | loss 0.4956 | acc 0.9493 | lr 6.18e-05 | 64s
2026-09-17 21:56:35 | INFO    | epoch 19 | batch 920/4266 | loss 0.4958 | acc 0.9492 | lr 6.18e-05 | 66s
2026-09-17 21:56:36 | INFO    | epoch 19 | batch 940/4266 | loss 0.4957 | acc 0.9493 | lr 6.18e-05 | 67s
2026-09-17 21:56:38 | INFO    | epoch 19 | batch 960/4266 | loss 0.4962 | acc 0.9488 | lr 6.18e-05 | 68s
2026-09-17 21:56:39 | INFO    | epoch 19 | batch 980/4266 | loss 0.4962 | acc 0.9489 | lr 6.17e-05 | 70s
2026-09-17 21:56:41 | INFO    | epoch 19 | batch 1000/4266 | loss 0.4962 | acc 0.9489 | lr 6.17e-05 | 71s
2026-09-17 21:56:42 | INFO    | epoch 19 | batch 1020/4266 | loss 0.4960 | acc 0.9491 | lr 6.17e-05 | 73s
2026-09-17 21:56:44 | INFO    | epoch 19 | batch 1040/4266 | loss 0.4963 | acc 0.9489 | lr 6.17e-05 | 74s
2026-09-17 21:56:45 | INFO    | epoch 19 | batch 1060/4266 | loss 0.4965 | acc 0.9488 | lr 6.17e-05 | 76s
2026-09-17 21:56:46 | INFO    | epoch 19 | batch 1080/4266 | loss 0.4966 | acc 0.9487 | lr 6.16e-05 | 77s
2026-09-17 21:56:48 | INFO    | epoch 19 | batch 1100/4266 | loss 0.4969 | acc 0.9486 | lr 6.16e-05 | 78s
2026-09-17 21:56:49 | INFO    | epoch 19 | batch 1120/4266 | loss 0.4971 | acc 0.9486 | lr 6.16e-05 | 80s
2026-09-17 21:56:51 | INFO    | epoch 19 | batch 1140/4266 | loss 0.4971 | acc 0.9485 | lr 6.16e-05 | 81s
2026-09-17 21:56:52 | INFO    | epoch 19 | batch 1160/4266 | loss 0.4970 | acc 0.9484 | lr 6.16e-05 | 83s
2026-09-17 21:56:54 | INFO    | epoch 19 | batch 1180/4266 | loss 0.4970 | acc 0.9484 | lr 6.16e-05 | 84s
2026-09-17 21:56:55 | INFO    | epoch 19 | batch 1200/4266 | loss 0.4972 | acc 0.9482 | lr 6.15e-05 | 86s
2026-09-17 21:56:56 | INFO    | epoch 19 | batch 1220/4266 | loss 0.4973 | acc 0.9480 | lr 6.15e-05 | 87s
2026-09-17 21:56:58 | INFO    | epoch 19 | batch 1240/4266 | loss 0.4973 | acc 0.9481 | lr 6.15e-05 | 88s
2026-09-17 21:56:59 | INFO    | epoch 19 | batch 1260/4266 | loss 0.4974 | acc 0.9481 | lr 6.15e-05 | 90s
2026-09-17 21:57:01 | INFO    | epoch 19 | batch 1280/4266 | loss 0.4972 | acc 0.9482 | lr 6.15e-05 | 91s
2026-09-17 21:57:02 | INFO    | epoch 19 | batch 1300/4266 | loss 0.4973 | acc 0.9482 | lr 6.14e-05 | 93s
2026-09-17 21:57:04 | INFO    | epoch 19 | batch 1320/4266 | loss 0.4972 | acc 0.9483 | lr 6.14e-05 | 94s
2026-09-17 21:57:05 | INFO    | epoch 19 | batch 1340/4266 | loss 0.4971 | acc 0.9484 | lr 6.14e-05 | 96s
2026-09-17 21:57:06 | INFO    | epoch 19 | batch 1360/4266 | loss 0.4968 | acc 0.9486 | lr 6.14e-05 | 97s
2026-09-17 21:57:08 | INFO    | epoch 19 | batch 1380/4266 | loss 0.4966 | acc 0.9487 | lr 6.14e-05 | 98s
2026-09-17 21:57:09 | INFO    | epoch 19 | batch 1400/4266 | loss 0.4967 | acc 0.9487 | lr 6.13e-05 | 100s
2026-09-17 21:57:11 | INFO    | epoch 19 | batch 1420/4266 | loss 0.4968 | acc 0.9487 | lr 6.13e-05 | 101s
2026-09-17 21:57:12 | INFO    | epoch 19 | batch 1440/4266 | loss 0.4973 | acc 0.9486 | lr 6.13e-05 | 103s
2026-09-17 21:57:14 | INFO    | epoch 19 | batch 1460/4266 | loss 0.4971 | acc 0.9486 | lr 6.13e-05 | 104s
2026-09-17 21:57:15 | INFO    | epoch 19 | batch 1480/4266 | loss 0.4973 | acc 0.9486 | lr 6.13e-05 | 106s
2026-09-17 21:57:17 | INFO    | epoch 19 | batch 1500/4266 | loss 0.4968 | acc 0.9488 | lr 6.13e-05 | 107s
2026-09-17 21:57:18 | INFO    | epoch 19 | batch 1520/4266 | loss 0.4967 | acc 0.9489 | lr 6.12e-05 | 109s
2026-09-17 21:57:19 | INFO    | epoch 19 | batch 1540/4266 | loss 0.4969 | acc 0.9487 | lr 6.12e-05 | 110s
2026-09-17 21:57:21 | INFO    | epoch 19 | batch 1560/4266 | loss 0.4969 | acc 0.9488 | lr 6.12e-05 | 111s
2026-09-17 21:57:22 | INFO    | epoch 19 | batch 1580/4266 | loss 0.4972 | acc 0.9486 | lr 6.12e-05 | 113s
2026-09-17 21:57:24 | INFO    | epoch 19 | batch 1600/4266 | loss 0.4974 | acc 0.9483 | lr 6.12e-05 | 114s
2026-09-17 21:57:25 | INFO    | epoch 19 | batch 1620/4266 | loss 0.4973 | acc 0.9484 | lr 6.11e-05 | 116s
2026-09-17 21:57:26 | INFO    | epoch 19 | batch 1640/4266 | loss 0.4972 | acc 0.9485 | lr 6.11e-05 | 117s
2026-09-17 21:57:28 | INFO    | epoch 19 | batch 1660/4266 | loss 0.4974 | acc 0.9484 | lr 6.11e-05 | 118s
2026-09-17 21:57:29 | INFO    | epoch 19 | batch 1680/4266 | loss 0.4977 | acc 0.9482 | lr 6.11e-05 | 120s
2026-09-17 21:57:31 | INFO    | epoch 19 | batch 1700/4266 | loss 0.4976 | acc 0.9483 | lr 6.11e-05 | 121s
2026-09-17 21:57:32 | INFO    | epoch 19 | batch 1720/4266 | loss 0.4972 | acc 0.9486 | lr 6.10e-05 | 123s
2026-09-17 21:57:34 | INFO    | epoch 19 | batch 1740/4266 | loss 0.4971 | acc 0.9487 | lr 6.10e-05 | 124s
2026-09-17 21:57:35 | INFO    | epoch 19 | batch 1760/4266 | loss 0.4969 | acc 0.9488 | lr 6.10e-05 | 126s
2026-09-17 21:57:37 | INFO    | epoch 19 | batch 1780/4266 | loss 0.4969 | acc 0.9488 | lr 6.10e-05 | 127s
2026-09-17 21:57:38 | INFO    | epoch 19 | batch 1800/4266 | loss 0.4971 | acc 0.9487 | lr 6.10e-05 | 129s
2026-09-17 21:57:40 | INFO    | epoch 19 | batch 1820/4266 | loss 0.4972 | acc 0.9486 | lr 6.10e-05 | 130s
2026-09-17 21:57:41 | INFO    | epoch 19 | batch 1840/4266 | loss 0.4968 | acc 0.9487 | lr 6.09e-05 | 132s
2026-09-17 21:57:43 | INFO    | epoch 19 | batch 1860/4266 | loss 0.4969 | acc 0.9487 | lr 6.09e-05 | 133s
2026-09-17 21:57:44 | INFO    | epoch 19 | batch 1880/4266 | loss 0.4971 | acc 0.9486 | lr 6.09e-05 | 135s
2026-09-17 21:57:46 | INFO    | epoch 19 | batch 1900/4266 | loss 0.4971 | acc 0.9486 | lr 6.09e-05 | 136s
2026-09-17 21:57:47 | INFO    | epoch 19 | batch 1920/4266 | loss 0.4971 | acc 0.9486 | lr 6.09e-05 | 138s
2026-09-17 21:57:48 | INFO    | epoch 19 | batch 1940/4266 | loss 0.4971 | acc 0.9486 | lr 6.08e-05 | 139s
2026-09-17 21:57:50 | INFO    | epoch 19 | batch 1960/4266 | loss 0.4969 | acc 0.9487 | lr 6.08e-05 | 140s
2026-09-17 21:57:51 | INFO    | epoch 19 | batch 1980/4266 | loss 0.4968 | acc 0.9488 | lr 6.08e-05 | 142s
2026-09-17 21:57:53 | INFO    | epoch 19 | batch 2000/4266 | loss 0.4968 | acc 0.9488 | lr 6.08e-05 | 143s
2026-09-17 21:57:54 | INFO    | epoch 19 | batch 2020/4266 | loss 0.4969 | acc 0.9487 | lr 6.08e-05 | 145s
2026-09-17 21:57:55 | INFO    | epoch 19 | batch 2040/4266 | loss 0.4967 | acc 0.9488 | lr 6.07e-05 | 146s
2026-09-17 21:57:57 | INFO    | epoch 19 | batch 2060/4266 | loss 0.4966 | acc 0.9490 | lr 6.07e-05 | 147s
2026-09-17 21:57:58 | INFO    | epoch 19 | batch 2080/4266 | loss 0.4965 | acc 0.9489 | lr 6.07e-05 | 149s
2026-09-17 21:58:00 | INFO    | epoch 19 | batch 2100/4266 | loss 0.4966 | acc 0.9488 | lr 6.07e-05 | 150s
2026-09-17 21:58:01 | INFO    | epoch 19 | batch 2120/4266 | loss 0.4967 | acc 0.9487 | lr 6.07e-05 | 152s
2026-09-17 21:58:03 | INFO    | epoch 19 | batch 2140/4266 | loss 0.4968 | acc 0.9486 | lr 6.07e-05 | 153s
2026-09-17 21:58:04 | INFO    | epoch 19 | batch 2160/4266 | loss 0.4968 | acc 0.9487 | lr 6.06e-05 | 155s
2026-09-17 21:58:06 | INFO    | epoch 19 | batch 2180/4266 | loss 0.4969 | acc 0.9486 | lr 6.06e-05 | 156s
2026-09-17 21:58:07 | INFO    | epoch 19 | batch 2200/4266 | loss 0.4970 | acc 0.9487 | lr 6.06e-05 | 157s
2026-09-17 21:58:08 | INFO    | epoch 19 | batch 2220/4266 | loss 0.4970 | acc 0.9487 | lr 6.06e-05 | 159s
2026-09-17 21:58:10 | INFO    | epoch 19 | batch 2240/4266 | loss 0.4973 | acc 0.9486 | lr 6.06e-05 | 160s
2026-09-17 21:58:11 | INFO    | epoch 19 | batch 2260/4266 | loss 0.4972 | acc 0.9486 | lr 6.05e-05 | 162s
2026-09-17 21:58:13 | INFO    | epoch 19 | batch 2280/4266 | loss 0.4971 | acc 0.9487 | lr 6.05e-05 | 163s
2026-09-17 21:58:14 | INFO    | epoch 19 | batch 2300/4266 | loss 0.4970 | acc 0.9487 | lr 6.05e-05 | 164s
2026-09-17 21:58:15 | INFO    | epoch 19 | batch 2320/4266 | loss 0.4969 | acc 0.9488 | lr 6.05e-05 | 166s
2026-09-17 21:58:17 | INFO    | epoch 19 | batch 2340/4266 | loss 0.4971 | acc 0.9488 | lr 6.05e-05 | 167s
2026-09-17 21:58:18 | INFO    | epoch 19 | batch 2360/4266 | loss 0.4971 | acc 0.9488 | lr 6.04e-05 | 169s
2026-09-17 21:58:20 | INFO    | epoch 19 | batch 2380/4266 | loss 0.4971 | acc 0.9487 | lr 6.04e-05 | 170s
2026-09-17 21:58:21 | INFO    | epoch 19 | batch 2400/4266 | loss 0.4972 | acc 0.9486 | lr 6.04e-05 | 172s
2026-09-17 21:58:22 | INFO    | epoch 19 | batch 2420/4266 | loss 0.4971 | acc 0.9486 | lr 6.04e-05 | 173s
2026-09-17 21:58:24 | INFO    | epoch 19 | batch 2440/4266 | loss 0.4973 | acc 0.9486 | lr 6.04e-05 | 174s
2026-09-17 21:58:25 | INFO    | epoch 19 | batch 2460/4266 | loss 0.4973 | acc 0.9485 | lr 6.04e-05 | 176s
2026-09-17 21:58:27 | INFO    | epoch 19 | batch 2480/4266 | loss 0.4972 | acc 0.9486 | lr 6.03e-05 | 177s
2026-09-17 21:58:28 | INFO    | epoch 19 | batch 2500/4266 | loss 0.4970 | acc 0.9487 | lr 6.03e-05 | 179s
2026-09-17 21:58:30 | INFO    | epoch 19 | batch 2520/4266 | loss 0.4969 | acc 0.9488 | lr 6.03e-05 | 180s
2026-09-17 21:58:31 | INFO    | epoch 19 | batch 2540/4266 | loss 0.4969 | acc 0.9488 | lr 6.03e-05 | 182s
2026-09-17 21:58:32 | INFO    | epoch 19 | batch 2560/4266 | loss 0.4970 | acc 0.9487 | lr 6.03e-05 | 183s
2026-09-17 21:58:34 | INFO    | epoch 19 | batch 2580/4266 | loss 0.4969 | acc 0.9488 | lr 6.02e-05 | 184s
2026-09-17 21:58:35 | INFO    | epoch 19 | batch 2600/4266 | loss 0.4972 | acc 0.9486 | lr 6.02e-05 | 186s
2026-09-17 21:58:37 | INFO    | epoch 19 | batch 2620/4266 | loss 0.4972 | acc 0.9486 | lr 6.02e-05 | 187s
2026-09-17 21:58:38 | INFO    | epoch 19 | batch 2640/4266 | loss 0.4969 | acc 0.9488 | lr 6.02e-05 | 189s
2026-09-17 21:58:40 | INFO    | epoch 19 | batch 2660/4266 | loss 0.4969 | acc 0.9487 | lr 6.02e-05 | 190s
2026-09-17 21:58:41 | INFO    | epoch 19 | batch 2680/4266 | loss 0.4967 | acc 0.9488 | lr 6.01e-05 | 192s
2026-09-17 21:58:42 | INFO    | epoch 19 | batch 2700/4266 | loss 0.4964 | acc 0.9490 | lr 6.01e-05 | 193s
2026-09-17 21:58:44 | INFO    | epoch 19 | batch 2720/4266 | loss 0.4964 | acc 0.9490 | lr 6.01e-05 | 194s
2026-09-17 21:58:45 | INFO    | epoch 19 | batch 2740/4266 | loss 0.4964 | acc 0.9489 | lr 6.01e-05 | 196s
2026-09-17 21:58:47 | INFO    | epoch 19 | batch 2760/4266 | loss 0.4964 | acc 0.9489 | lr 6.01e-05 | 197s
2026-09-17 21:58:48 | INFO    | epoch 19 | batch 2780/4266 | loss 0.4965 | acc 0.9489 | lr 6.00e-05 | 199s
2026-09-17 21:58:49 | INFO    | epoch 19 | batch 2800/4266 | loss 0.4965 | acc 0.9489 | lr 6.00e-05 | 200s
2026-09-17 21:58:51 | INFO    | epoch 19 | batch 2820/4266 | loss 0.4966 | acc 0.9488 | lr 6.00e-05 | 201s
2026-09-17 21:58:52 | INFO    | epoch 19 | batch 2840/4266 | loss 0.4967 | acc 0.9488 | lr 6.00e-05 | 203s
2026-09-17 21:58:54 | INFO    | epoch 19 | batch 2860/4266 | loss 0.4968 | acc 0.9488 | lr 6.00e-05 | 204s
2026-09-17 21:58:55 | INFO    | epoch 19 | batch 2880/4266 | loss 0.4968 | acc 0.9487 | lr 6.00e-05 | 206s
2026-09-17 21:58:56 | INFO    | epoch 19 | batch 2900/4266 | loss 0.4970 | acc 0.9487 | lr 5.99e-05 | 207s
2026-09-17 21:58:58 | INFO    | epoch 19 | batch 2920/4266 | loss 0.4971 | acc 0.9486 | lr 5.99e-05 | 208s
2026-09-17 21:58:59 | INFO    | epoch 19 | batch 2940/4266 | loss 0.4970 | acc 0.9487 | lr 5.99e-05 | 210s
2026-09-17 21:59:01 | INFO    | epoch 19 | batch 2960/4266 | loss 0.4971 | acc 0.9487 | lr 5.99e-05 | 211s
2026-09-17 21:59:02 | INFO    | epoch 19 | batch 2980/4266 | loss 0.4971 | acc 0.9487 | lr 5.99e-05 | 213s
2026-09-17 21:59:04 | INFO    | epoch 19 | batch 3000/4266 | loss 0.4971 | acc 0.9487 | lr 5.98e-05 | 214s
2026-09-17 21:59:05 | INFO    | epoch 19 | batch 3020/4266 | loss 0.4968 | acc 0.9488 | lr 5.98e-05 | 215s
2026-09-17 21:59:06 | INFO    | epoch 19 | batch 3040/4266 | loss 0.4968 | acc 0.9488 | lr 5.98e-05 | 217s
2026-09-17 21:59:08 | INFO    | epoch 19 | batch 3060/4266 | loss 0.4970 | acc 0.9487 | lr 5.98e-05 | 218s
2026-09-17 21:59:09 | INFO    | epoch 19 | batch 3080/4266 | loss 0.4968 | acc 0.9488 | lr 5.98e-05 | 220s
2026-09-17 21:59:10 | INFO    | epoch 19 | batch 3100/4266 | loss 0.4968 | acc 0.9488 | lr 5.97e-05 | 221s
2026-09-17 21:59:12 | INFO    | epoch 19 | batch 3120/4266 | loss 0.4968 | acc 0.9488 | lr 5.97e-05 | 222s
2026-09-17 21:59:13 | INFO    | epoch 19 | batch 3140/4266 | loss 0.4968 | acc 0.9488 | lr 5.97e-05 | 224s
2026-09-17 21:59:15 | INFO    | epoch 19 | batch 3160/4266 | loss 0.4969 | acc 0.9488 | lr 5.97e-05 | 225s
2026-09-17 21:59:16 | INFO    | epoch 19 | batch 3180/4266 | loss 0.4968 | acc 0.9488 | lr 5.97e-05 | 227s
2026-09-17 21:59:18 | INFO    | epoch 19 | batch 3200/4266 | loss 0.4968 | acc 0.9488 | lr 5.97e-05 | 228s
2026-09-17 21:59:19 | INFO    | epoch 19 | batch 3220/4266 | loss 0.4969 | acc 0.9488 | lr 5.96e-05 | 230s
2026-09-17 21:59:20 | INFO    | epoch 19 | batch 3240/4266 | loss 0.4970 | acc 0.9487 | lr 5.96e-05 | 231s
2026-09-17 21:59:22 | INFO    | epoch 19 | batch 3260/4266 | loss 0.4970 | acc 0.9487 | lr 5.96e-05 | 232s
2026-09-17 21:59:23 | INFO    | epoch 19 | batch 3280/4266 | loss 0.4969 | acc 0.9488 | lr 5.96e-05 | 234s
2026-09-17 21:59:25 | INFO    | epoch 19 | batch 3300/4266 | loss 0.4969 | acc 0.9488 | lr 5.96e-05 | 235s
2026-09-17 21:59:26 | INFO    | epoch 19 | batch 3320/4266 | loss 0.4968 | acc 0.9489 | lr 5.95e-05 | 237s
2026-09-17 21:59:28 | INFO    | epoch 19 | batch 3340/4266 | loss 0.4967 | acc 0.9489 | lr 5.95e-05 | 238s
2026-09-17 21:59:29 | INFO    | epoch 19 | batch 3360/4266 | loss 0.4967 | acc 0.9489 | lr 5.95e-05 | 240s
2026-09-17 21:59:30 | INFO    | epoch 19 | batch 3380/4266 | loss 0.4967 | acc 0.9489 | lr 5.95e-05 | 241s
2026-09-17 21:59:32 | INFO    | epoch 19 | batch 3400/4266 | loss 0.4967 | acc 0.9489 | lr 5.95e-05 | 242s
2026-09-17 21:59:33 | INFO    | epoch 19 | batch 3420/4266 | loss 0.4967 | acc 0.9489 | lr 5.94e-05 | 244s
2026-09-17 21:59:35 | INFO    | epoch 19 | batch 3440/4266 | loss 0.4967 | acc 0.9489 | lr 5.94e-05 | 245s
2026-09-17 21:59:36 | INFO    | epoch 19 | batch 3460/4266 | loss 0.4967 | acc 0.9489 | lr 5.94e-05 | 247s
2026-09-17 21:59:38 | INFO    | epoch 19 | batch 3480/4266 | loss 0.4967 | acc 0.9489 | lr 5.94e-05 | 248s
2026-09-17 21:59:39 | INFO    | epoch 19 | batch 3500/4266 | loss 0.4967 | acc 0.9489 | lr 5.94e-05 | 250s
2026-09-17 21:59:40 | INFO    | epoch 19 | batch 3520/4266 | loss 0.4967 | acc 0.9488 | lr 5.94e-05 | 251s
2026-09-17 21:59:42 | INFO    | epoch 19 | batch 3540/4266 | loss 0.4968 | acc 0.9488 | lr 5.93e-05 | 252s
2026-09-17 21:59:43 | INFO    | epoch 19 | batch 3560/4266 | loss 0.4969 | acc 0.9487 | lr 5.93e-05 | 254s
2026-09-17 21:59:45 | INFO    | epoch 19 | batch 3580/4266 | loss 0.4969 | acc 0.9487 | lr 5.93e-05 | 255s
2026-09-17 21:59:46 | INFO    | epoch 19 | batch 3600/4266 | loss 0.4968 | acc 0.9488 | lr 5.93e-05 | 257s
2026-09-17 21:59:47 | INFO    | epoch 19 | batch 3620/4266 | loss 0.4969 | acc 0.9487 | lr 5.93e-05 | 258s
2026-09-17 21:59:49 | INFO    | epoch 19 | batch 3640/4266 | loss 0.4969 | acc 0.9488 | lr 5.92e-05 | 259s
2026-09-17 21:59:50 | INFO    | epoch 19 | batch 3660/4266 | loss 0.4968 | acc 0.9488 | lr 5.92e-05 | 261s
2026-09-17 21:59:52 | INFO    | epoch 19 | batch 3680/4266 | loss 0.4969 | acc 0.9488 | lr 5.92e-05 | 262s
2026-09-17 21:59:53 | INFO    | epoch 19 | batch 3700/4266 | loss 0.4969 | acc 0.9488 | lr 5.92e-05 | 264s
2026-09-17 21:59:55 | INFO    | epoch 19 | batch 3720/4266 | loss 0.4968 | acc 0.9489 | lr 5.92e-05 | 265s
2026-09-17 21:59:56 | INFO    | epoch 19 | batch 3740/4266 | loss 0.4968 | acc 0.9489 | lr 5.91e-05 | 266s
2026-09-17 21:59:57 | INFO    | epoch 19 | batch 3760/4266 | loss 0.4967 | acc 0.9489 | lr 5.91e-05 | 268s
2026-09-17 21:59:59 | INFO    | epoch 19 | batch 3780/4266 | loss 0.4967 | acc 0.9489 | lr 5.91e-05 | 269s
2026-09-17 22:00:00 | INFO    | epoch 19 | batch 3800/4266 | loss 0.4967 | acc 0.9489 | lr 5.91e-05 | 271s
2026-09-17 22:00:02 | INFO    | epoch 19 | batch 3820/4266 | loss 0.4968 | acc 0.9488 | lr 5.91e-05 | 272s
2026-09-17 22:00:03 | INFO    | epoch 19 | batch 3840/4266 | loss 0.4967 | acc 0.9489 | lr 5.91e-05 | 274s
2026-09-17 22:00:04 | INFO    | epoch 19 | batch 3860/4266 | loss 0.4967 | acc 0.9488 | lr 5.90e-05 | 275s
2026-09-17 22:00:06 | INFO    | epoch 19 | batch 3880/4266 | loss 0.4968 | acc 0.9488 | lr 5.90e-05 | 276s
2026-09-17 22:00:07 | INFO    | epoch 19 | batch 3900/4266 | loss 0.4969 | acc 0.9487 | lr 5.90e-05 | 278s
2026-09-17 22:00:09 | INFO    | epoch 19 | batch 3920/4266 | loss 0.4968 | acc 0.9488 | lr 5.90e-05 | 279s
2026-09-17 22:00:10 | INFO    | epoch 19 | batch 3940/4266 | loss 0.4967 | acc 0.9488 | lr 5.90e-05 | 281s
2026-09-17 22:00:11 | INFO    | epoch 19 | batch 3960/4266 | loss 0.4967 | acc 0.9488 | lr 5.89e-05 | 282s
2026-09-17 22:00:13 | INFO    | epoch 19 | batch 3980/4266 | loss 0.4966 | acc 0.9489 | lr 5.89e-05 | 283s
2026-09-17 22:00:14 | INFO    | epoch 19 | batch 4000/4266 | loss 0.4966 | acc 0.9490 | lr 5.89e-05 | 285s
2026-09-17 22:00:16 | INFO    | epoch 19 | batch 4020/4266 | loss 0.4965 | acc 0.9490 | lr 5.89e-05 | 286s
2026-09-17 22:00:17 | INFO    | epoch 19 | batch 4040/4266 | loss 0.4964 | acc 0.9490 | lr 5.89e-05 | 288s
2026-09-17 22:00:19 | INFO    | epoch 19 | batch 4060/4266 | loss 0.4964 | acc 0.9490 | lr 5.88e-05 | 289s
2026-09-17 22:00:20 | INFO    | epoch 19 | batch 4080/4266 | loss 0.4963 | acc 0.9491 | lr 5.88e-05 | 291s
2026-09-17 22:00:21 | INFO    | epoch 19 | batch 4100/4266 | loss 0.4962 | acc 0.9492 | lr 5.88e-05 | 292s
2026-09-17 22:00:23 | INFO    | epoch 19 | batch 4120/4266 | loss 0.4961 | acc 0.9492 | lr 5.88e-05 | 293s
2026-09-17 22:00:24 | INFO    | epoch 19 | batch 4140/4266 | loss 0.4960 | acc 0.9492 | lr 5.88e-05 | 295s
2026-09-17 22:00:26 | INFO    | epoch 19 | batch 4160/4266 | loss 0.4960 | acc 0.9493 | lr 5.87e-05 | 296s
2026-09-17 22:00:27 | INFO    | epoch 19 | batch 4180/4266 | loss 0.4959 | acc 0.9493 | lr 5.87e-05 | 298s
2026-09-17 22:00:28 | INFO    | epoch 19 | batch 4200/4266 | loss 0.4959 | acc 0.9493 | lr 5.87e-05 | 299s
2026-09-17 22:00:30 | INFO    | epoch 19 | batch 4220/4266 | loss 0.4959 | acc 0.9494 | lr 5.87e-05 | 300s
2026-09-17 22:00:31 | INFO    | epoch 19 | batch 4240/4266 | loss 0.4959 | acc 0.9493 | lr 5.87e-05 | 302s
2026-09-17 22:00:33 | INFO    | epoch 19 | batch 4260/4266 | loss 0.4959 | acc 0.9493 | lr 5.87e-05 | 303s
2026-09-17 22:00:33 | INFO    | epoch 19 | batch 4266/4266 | loss 0.4958 | acc 0.9494 | lr 5.86e-05 | 304s
2026-09-17 22:00:43 | INFO    | epoch 19/40 done in 313s | train loss 0.4958 | train running patch (aug): accuracy=0.9494 precision=0.9488 recall=0.9477 f1=0.9483
2026-09-17 22:00:43 | INFO    | epoch 19 train (eval, no aug) | loss 0.5872 | patch[7280]: accuracy=0.9021 precision=0.9093 recall=0.8909 f1=0.8975 | image[455]: accuracy=0.9582 precision=0.9648 recall=0.9478 f1=0.9541
2026-09-17 22:00:43 | INFO    | epoch 19 val | loss 1.2182 | patch[8448]: accuracy=0.6476 precision=0.6389 recall=0.6183 f1=0.6207 | image[96]: accuracy=0.7188 precision=0.7255 recall=0.6916 f1=0.6960
2026-09-17 22:00:43 | INFO    | val_patch_f1 = 0.6207 (best 0.6236 @ epoch 18)
2026-09-17 22:00:44 | INFO    | epoch 20 | batch 20/4266 | loss 0.4915 | acc 0.9531 | lr 5.86e-05 | 2s
2026-09-17 22:00:46 | INFO    | epoch 20 | batch 40/4266 | loss 0.4917 | acc 0.9508 | lr 5.86e-05 | 3s
2026-09-17 22:00:47 | INFO    | epoch 20 | batch 60/4266 | loss 0.4882 | acc 0.9521 | lr 5.86e-05 | 4s
2026-09-17 22:00:49 | INFO    | epoch 20 | batch 80/4266 | loss 0.4891 | acc 0.9512 | lr 5.86e-05 | 6s
2026-09-17 22:00:50 | INFO    | epoch 20 | batch 100/4266 | loss 0.4870 | acc 0.9516 | lr 5.86e-05 | 7s
2026-09-17 22:00:51 | INFO    | epoch 20 | batch 120/4266 | loss 0.4926 | acc 0.9479 | lr 5.85e-05 | 8s
2026-09-17 22:00:53 | INFO    | epoch 20 | batch 140/4266 | loss 0.4918 | acc 0.9487 | lr 5.85e-05 | 10s
2026-09-17 22:00:54 | INFO    | epoch 20 | batch 160/4266 | loss 0.4926 | acc 0.9496 | lr 5.85e-05 | 11s
2026-09-17 22:00:55 | INFO    | epoch 20 | batch 180/4266 | loss 0.4924 | acc 0.9495 | lr 5.85e-05 | 13s
2026-09-17 22:00:57 | INFO    | epoch 20 | batch 200/4266 | loss 0.4908 | acc 0.9503 | lr 5.85e-05 | 14s
2026-09-17 22:00:58 | INFO    | epoch 20 | batch 220/4266 | loss 0.4919 | acc 0.9496 | lr 5.84e-05 | 15s
2026-09-17 22:01:00 | INFO    | epoch 20 | batch 240/4266 | loss 0.4924 | acc 0.9495 | lr 5.84e-05 | 17s
2026-09-17 22:01:01 | INFO    | epoch 20 | batch 260/4266 | loss 0.4896 | acc 0.9508 | lr 5.84e-05 | 18s
2026-09-17 22:01:02 | INFO    | epoch 20 | batch 280/4266 | loss 0.4901 | acc 0.9504 | lr 5.84e-05 | 19s
2026-09-17 22:01:04 | INFO    | epoch 20 | batch 300/4266 | loss 0.4912 | acc 0.9505 | lr 5.84e-05 | 21s
2026-09-17 22:01:05 | INFO    | epoch 20 | batch 320/4266 | loss 0.4901 | acc 0.9511 | lr 5.83e-05 | 22s
2026-09-17 22:01:06 | INFO    | epoch 20 | batch 340/4266 | loss 0.4901 | acc 0.9511 | lr 5.83e-05 | 24s
2026-09-17 22:01:08 | INFO    | epoch 20 | batch 360/4266 | loss 0.4893 | acc 0.9516 | lr 5.83e-05 | 25s
2026-09-17 22:01:09 | INFO    | epoch 20 | batch 380/4266 | loss 0.4888 | acc 0.9520 | lr 5.83e-05 | 26s
2026-09-17 22:01:11 | INFO    | epoch 20 | batch 400/4266 | loss 0.4892 | acc 0.9521 | lr 5.83e-05 | 28s
2026-09-17 22:01:12 | INFO    | epoch 20 | batch 420/4266 | loss 0.4887 | acc 0.9523 | lr 5.82e-05 | 29s
2026-09-17 22:01:14 | INFO    | epoch 20 | batch 440/4266 | loss 0.4887 | acc 0.9523 | lr 5.82e-05 | 31s
2026-09-17 22:01:15 | INFO    | epoch 20 | batch 460/4266 | loss 0.4907 | acc 0.9510 | lr 5.82e-05 | 32s
2026-09-17 22:01:16 | INFO    | epoch 20 | batch 480/4266 | loss 0.4909 | acc 0.9511 | lr 5.82e-05 | 33s
2026-09-17 22:01:18 | INFO    | epoch 20 | batch 500/4266 | loss 0.4920 | acc 0.9504 | lr 5.82e-05 | 35s
2026-09-17 22:01:19 | INFO    | epoch 20 | batch 520/4266 | loss 0.4914 | acc 0.9508 | lr 5.82e-05 | 36s
2026-09-17 22:01:21 | INFO    | epoch 20 | batch 540/4266 | loss 0.4915 | acc 0.9509 | lr 5.81e-05 | 38s
2026-09-17 22:01:22 | INFO    | epoch 20 | batch 560/4266 | loss 0.4916 | acc 0.9508 | lr 5.81e-05 | 39s
2026-09-17 22:01:23 | INFO    | epoch 20 | batch 580/4266 | loss 0.4921 | acc 0.9508 | lr 5.81e-05 | 41s
2026-09-17 22:01:25 | INFO    | epoch 20 | batch 600/4266 | loss 0.4923 | acc 0.9506 | lr 5.81e-05 | 42s
2026-09-17 22:01:26 | INFO    | epoch 20 | batch 620/4266 | loss 0.4918 | acc 0.9509 | lr 5.81e-05 | 43s
2026-09-17 22:01:28 | INFO    | epoch 20 | batch 640/4266 | loss 0.4917 | acc 0.9511 | lr 5.80e-05 | 45s
2026-09-17 22:01:29 | INFO    | epoch 20 | batch 660/4266 | loss 0.4915 | acc 0.9512 | lr 5.80e-05 | 46s
2026-09-17 22:01:30 | INFO    | epoch 20 | batch 680/4266 | loss 0.4913 | acc 0.9514 | lr 5.80e-05 | 48s
2026-09-17 22:01:32 | INFO    | epoch 20 | batch 700/4266 | loss 0.4909 | acc 0.9516 | lr 5.80e-05 | 49s
2026-09-17 22:01:33 | INFO    | epoch 20 | batch 720/4266 | loss 0.4905 | acc 0.9520 | lr 5.80e-05 | 50s
2026-09-17 22:01:35 | INFO    | epoch 20 | batch 740/4266 | loss 0.4903 | acc 0.9522 | lr 5.79e-05 | 52s
2026-09-17 22:01:36 | INFO    | epoch 20 | batch 760/4266 | loss 0.4908 | acc 0.9519 | lr 5.79e-05 | 53s
2026-09-17 22:01:38 | INFO    | epoch 20 | batch 780/4266 | loss 0.4916 | acc 0.9518 | lr 5.79e-05 | 55s
2026-09-17 22:01:39 | INFO    | epoch 20 | batch 800/4266 | loss 0.4911 | acc 0.9520 | lr 5.79e-05 | 56s
2026-09-17 22:01:40 | INFO    | epoch 20 | batch 820/4266 | loss 0.4917 | acc 0.9519 | lr 5.79e-05 | 57s
2026-09-17 22:01:42 | INFO    | epoch 20 | batch 840/4266 | loss 0.4915 | acc 0.9519 | lr 5.79e-05 | 59s
2026-09-17 22:01:43 | INFO    | epoch 20 | batch 860/4266 | loss 0.4916 | acc 0.9518 | lr 5.78e-05 | 60s
2026-09-17 22:01:45 | INFO    | epoch 20 | batch 880/4266 | loss 0.4914 | acc 0.9518 | lr 5.78e-05 | 62s
2026-09-17 22:01:46 | INFO    | epoch 20 | batch 900/4266 | loss 0.4911 | acc 0.9520 | lr 5.78e-05 | 63s
2026-09-17 22:01:47 | INFO    | epoch 20 | batch 920/4266 | loss 0.4913 | acc 0.9516 | lr 5.78e-05 | 65s
2026-09-17 22:01:49 | INFO    | epoch 20 | batch 940/4266 | loss 0.4916 | acc 0.9514 | lr 5.78e-05 | 66s
2026-09-17 22:01:50 | INFO    | epoch 20 | batch 960/4266 | loss 0.4915 | acc 0.9514 | lr 5.77e-05 | 67s
2026-09-17 22:01:52 | INFO    | epoch 20 | batch 980/4266 | loss 0.4918 | acc 0.9515 | lr 5.77e-05 | 69s
2026-09-17 22:01:53 | INFO    | epoch 20 | batch 1000/4266 | loss 0.4919 | acc 0.9513 | lr 5.77e-05 | 70s
2026-09-17 22:01:54 | INFO    | epoch 20 | batch 1020/4266 | loss 0.4924 | acc 0.9511 | lr 5.77e-05 | 72s
2026-09-17 22:01:56 | INFO    | epoch 20 | batch 1040/4266 | loss 0.4921 | acc 0.9512 | lr 5.77e-05 | 73s
2026-09-17 22:01:57 | INFO    | epoch 20 | batch 1060/4266 | loss 0.4919 | acc 0.9512 | lr 5.76e-05 | 74s
2026-09-17 22:01:59 | INFO    | epoch 20 | batch 1080/4266 | loss 0.4915 | acc 0.9515 | lr 5.76e-05 | 76s
2026-09-17 22:02:00 | INFO    | epoch 20 | batch 1100/4266 | loss 0.4917 | acc 0.9514 | lr 5.76e-05 | 77s
2026-09-17 22:02:01 | INFO    | epoch 20 | batch 1120/4266 | loss 0.4916 | acc 0.9514 | lr 5.76e-05 | 78s
2026-09-17 22:02:03 | INFO    | epoch 20 | batch 1140/4266 | loss 0.4913 | acc 0.9516 | lr 5.76e-05 | 80s
2026-09-17 22:02:04 | INFO    | epoch 20 | batch 1160/4266 | loss 0.4915 | acc 0.9516 | lr 5.75e-05 | 81s
2026-09-17 22:02:05 | INFO    | epoch 20 | batch 1180/4266 | loss 0.4915 | acc 0.9517 | lr 5.75e-05 | 83s
2026-09-17 22:02:07 | INFO    | epoch 20 | batch 1200/4266 | loss 0.4921 | acc 0.9515 | lr 5.75e-05 | 84s
2026-09-17 22:02:08 | INFO    | epoch 20 | batch 1220/4266 | loss 0.4918 | acc 0.9517 | lr 5.75e-05 | 85s
2026-09-17 22:02:10 | INFO    | epoch 20 | batch 1240/4266 | loss 0.4916 | acc 0.9519 | lr 5.75e-05 | 87s
2026-09-17 22:02:11 | INFO    | epoch 20 | batch 1260/4266 | loss 0.4915 | acc 0.9520 | lr 5.75e-05 | 88s
2026-09-17 22:02:13 | INFO    | epoch 20 | batch 1280/4266 | loss 0.4914 | acc 0.9521 | lr 5.74e-05 | 90s
2026-09-17 22:02:14 | INFO    | epoch 20 | batch 1300/4266 | loss 0.4913 | acc 0.9520 | lr 5.74e-05 | 91s
2026-09-17 22:02:15 | INFO    | epoch 20 | batch 1320/4266 | loss 0.4910 | acc 0.9522 | lr 5.74e-05 | 93s
2026-09-17 22:02:17 | INFO    | epoch 20 | batch 1340/4266 | loss 0.4913 | acc 0.9522 | lr 5.74e-05 | 94s
2026-09-17 22:02:18 | INFO    | epoch 20 | batch 1360/4266 | loss 0.4912 | acc 0.9521 | lr 5.74e-05 | 95s
2026-09-17 22:02:20 | INFO    | epoch 20 | batch 1380/4266 | loss 0.4911 | acc 0.9521 | lr 5.73e-05 | 97s
2026-09-17 22:02:21 | INFO    | epoch 20 | batch 1400/4266 | loss 0.4910 | acc 0.9523 | lr 5.73e-05 | 98s
2026-09-17 22:02:22 | INFO    | epoch 20 | batch 1420/4266 | loss 0.4910 | acc 0.9522 | lr 5.73e-05 | 100s
2026-09-17 22:02:24 | INFO    | epoch 20 | batch 1440/4266 | loss 0.4911 | acc 0.9522 | lr 5.73e-05 | 101s
2026-09-17 22:02:25 | INFO    | epoch 20 | batch 1460/4266 | loss 0.4914 | acc 0.9520 | lr 5.73e-05 | 102s
2026-09-17 22:02:27 | INFO    | epoch 20 | batch 1480/4266 | loss 0.4913 | acc 0.9520 | lr 5.72e-05 | 104s
2026-09-17 22:02:28 | INFO    | epoch 20 | batch 1500/4266 | loss 0.4911 | acc 0.9521 | lr 5.72e-05 | 105s
2026-09-17 22:02:30 | INFO    | epoch 20 | batch 1520/4266 | loss 0.4911 | acc 0.9522 | lr 5.72e-05 | 107s
2026-09-17 22:02:31 | INFO    | epoch 20 | batch 1540/4266 | loss 0.4912 | acc 0.9522 | lr 5.72e-05 | 108s
2026-09-17 22:02:32 | INFO    | epoch 20 | batch 1560/4266 | loss 0.4912 | acc 0.9522 | lr 5.72e-05 | 109s
2026-09-17 22:02:34 | INFO    | epoch 20 | batch 1580/4266 | loss 0.4910 | acc 0.9523 | lr 5.71e-05 | 111s
2026-09-17 22:02:35 | INFO    | epoch 20 | batch 1600/4266 | loss 0.4910 | acc 0.9523 | lr 5.71e-05 | 112s
2026-09-17 22:02:37 | INFO    | epoch 20 | batch 1620/4266 | loss 0.4911 | acc 0.9522 | lr 5.71e-05 | 114s
2026-09-17 22:02:38 | INFO    | epoch 20 | batch 1640/4266 | loss 0.4911 | acc 0.9522 | lr 5.71e-05 | 115s
2026-09-17 22:02:40 | INFO    | epoch 20 | batch 1660/4266 | loss 0.4907 | acc 0.9524 | lr 5.71e-05 | 117s
2026-09-17 22:02:41 | INFO    | epoch 20 | batch 1680/4266 | loss 0.4909 | acc 0.9523 | lr 5.71e-05 | 118s
2026-09-17 22:02:43 | INFO    | epoch 20 | batch 1700/4266 | loss 0.4913 | acc 0.9521 | lr 5.70e-05 | 120s
2026-09-17 22:02:44 | INFO    | epoch 20 | batch 1720/4266 | loss 0.4913 | acc 0.9521 | lr 5.70e-05 | 121s
2026-09-17 22:02:45 | INFO    | epoch 20 | batch 1740/4266 | loss 0.4914 | acc 0.9521 | lr 5.70e-05 | 123s
2026-09-17 22:02:47 | INFO    | epoch 20 | batch 1760/4266 | loss 0.4914 | acc 0.9521 | lr 5.70e-05 | 124s
2026-09-17 22:02:48 | INFO    | epoch 20 | batch 1780/4266 | loss 0.4912 | acc 0.9522 | lr 5.70e-05 | 125s
2026-09-17 22:02:50 | INFO    | epoch 20 | batch 1800/4266 | loss 0.4912 | acc 0.9523 | lr 5.69e-05 | 127s
2026-09-17 22:02:51 | INFO    | epoch 20 | batch 1820/4266 | loss 0.4912 | acc 0.9523 | lr 5.69e-05 | 128s
2026-09-17 22:02:53 | INFO    | epoch 20 | batch 1840/4266 | loss 0.4915 | acc 0.9522 | lr 5.69e-05 | 130s
2026-09-17 22:02:54 | INFO    | epoch 20 | batch 1860/4266 | loss 0.4914 | acc 0.9522 | lr 5.69e-05 | 131s
2026-09-17 22:02:55 | INFO    | epoch 20 | batch 1880/4266 | loss 0.4912 | acc 0.9523 | lr 5.69e-05 | 133s
2026-09-17 22:02:57 | INFO    | epoch 20 | batch 1900/4266 | loss 0.4913 | acc 0.9523 | lr 5.68e-05 | 134s
2026-09-17 22:02:58 | INFO    | epoch 20 | batch 1920/4266 | loss 0.4913 | acc 0.9523 | lr 5.68e-05 | 135s
2026-09-17 22:03:00 | INFO    | epoch 20 | batch 1940/4266 | loss 0.4912 | acc 0.9524 | lr 5.68e-05 | 137s
2026-09-17 22:03:01 | INFO    | epoch 20 | batch 1960/4266 | loss 0.4912 | acc 0.9523 | lr 5.68e-05 | 138s
2026-09-17 22:03:03 | INFO    | epoch 20 | batch 1980/4266 | loss 0.4915 | acc 0.9521 | lr 5.68e-05 | 140s
2026-09-17 22:03:04 | INFO    | epoch 20 | batch 2000/4266 | loss 0.4915 | acc 0.9521 | lr 5.67e-05 | 141s
2026-09-17 22:03:06 | INFO    | epoch 20 | batch 2020/4266 | loss 0.4915 | acc 0.9521 | lr 5.67e-05 | 143s
2026-09-17 22:03:07 | INFO    | epoch 20 | batch 2040/4266 | loss 0.4915 | acc 0.9521 | lr 5.67e-05 | 144s
2026-09-17 22:03:08 | INFO    | epoch 20 | batch 2060/4266 | loss 0.4916 | acc 0.9520 | lr 5.67e-05 | 146s
2026-09-17 22:03:10 | INFO    | epoch 20 | batch 2080/4266 | loss 0.4918 | acc 0.9519 | lr 5.67e-05 | 147s
2026-09-17 22:03:11 | INFO    | epoch 20 | batch 2100/4266 | loss 0.4919 | acc 0.9518 | lr 5.67e-05 | 148s
2026-09-17 22:03:13 | INFO    | epoch 20 | batch 2120/4266 | loss 0.4919 | acc 0.9518 | lr 5.66e-05 | 150s
2026-09-17 22:03:14 | INFO    | epoch 20 | batch 2140/4266 | loss 0.4922 | acc 0.9517 | lr 5.66e-05 | 151s
2026-09-17 22:03:16 | INFO    | epoch 20 | batch 2160/4266 | loss 0.4921 | acc 0.9517 | lr 5.66e-05 | 153s
2026-09-17 22:03:17 | INFO    | epoch 20 | batch 2180/4266 | loss 0.4923 | acc 0.9516 | lr 5.66e-05 | 154s
2026-09-17 22:03:18 | INFO    | epoch 20 | batch 2200/4266 | loss 0.4922 | acc 0.9516 | lr 5.66e-05 | 156s
2026-09-17 22:03:20 | INFO    | epoch 20 | batch 2220/4266 | loss 0.4921 | acc 0.9516 | lr 5.65e-05 | 157s
2026-09-17 22:03:21 | INFO    | epoch 20 | batch 2240/4266 | loss 0.4919 | acc 0.9518 | lr 5.65e-05 | 158s
2026-09-17 22:03:23 | INFO    | epoch 20 | batch 2260/4266 | loss 0.4920 | acc 0.9518 | lr 5.65e-05 | 160s
2026-09-17 22:03:24 | INFO    | epoch 20 | batch 2280/4266 | loss 0.4920 | acc 0.9518 | lr 5.65e-05 | 161s
2026-09-17 22:03:26 | INFO    | epoch 20 | batch 2300/4266 | loss 0.4921 | acc 0.9517 | lr 5.65e-05 | 163s
2026-09-17 22:03:27 | INFO    | epoch 20 | batch 2320/4266 | loss 0.4922 | acc 0.9516 | lr 5.64e-05 | 164s
2026-09-17 22:03:28 | INFO    | epoch 20 | batch 2340/4266 | loss 0.4922 | acc 0.9515 | lr 5.64e-05 | 165s
2026-09-17 22:03:30 | INFO    | epoch 20 | batch 2360/4266 | loss 0.4923 | acc 0.9515 | lr 5.64e-05 | 167s
2026-09-17 22:03:31 | INFO    | epoch 20 | batch 2380/4266 | loss 0.4921 | acc 0.9516 | lr 5.64e-05 | 168s
2026-09-17 22:03:33 | INFO    | epoch 20 | batch 2400/4266 | loss 0.4918 | acc 0.9517 | lr 5.64e-05 | 170s
2026-09-17 22:03:34 | INFO    | epoch 20 | batch 2420/4266 | loss 0.4917 | acc 0.9518 | lr 5.63e-05 | 171s
2026-09-17 22:03:35 | INFO    | epoch 20 | batch 2440/4266 | loss 0.4917 | acc 0.9518 | lr 5.63e-05 | 173s
2026-09-17 22:03:37 | INFO    | epoch 20 | batch 2460/4266 | loss 0.4917 | acc 0.9517 | lr 5.63e-05 | 174s
2026-09-17 22:03:38 | INFO    | epoch 20 | batch 2480/4266 | loss 0.4917 | acc 0.9518 | lr 5.63e-05 | 175s
2026-09-17 22:03:40 | INFO    | epoch 20 | batch 2500/4266 | loss 0.4918 | acc 0.9517 | lr 5.63e-05 | 177s
2026-09-17 22:03:41 | INFO    | epoch 20 | batch 2520/4266 | loss 0.4920 | acc 0.9516 | lr 5.63e-05 | 178s
2026-09-17 22:03:42 | INFO    | epoch 20 | batch 2540/4266 | loss 0.4921 | acc 0.9516 | lr 5.62e-05 | 180s
2026-09-17 22:03:44 | INFO    | epoch 20 | batch 2560/4266 | loss 0.4921 | acc 0.9516 | lr 5.62e-05 | 181s
2026-09-17 22:03:45 | INFO    | epoch 20 | batch 2580/4266 | loss 0.4922 | acc 0.9515 | lr 5.62e-05 | 182s
2026-09-17 22:03:47 | INFO    | epoch 20 | batch 2600/4266 | loss 0.4920 | acc 0.9516 | lr 5.62e-05 | 184s
2026-09-17 22:03:48 | INFO    | epoch 20 | batch 2620/4266 | loss 0.4919 | acc 0.9517 | lr 5.62e-05 | 185s
2026-09-17 22:03:50 | INFO    | epoch 20 | batch 2640/4266 | loss 0.4919 | acc 0.9516 | lr 5.61e-05 | 187s
2026-09-17 22:03:51 | INFO    | epoch 20 | batch 2660/4266 | loss 0.4919 | acc 0.9516 | lr 5.61e-05 | 188s
2026-09-17 22:03:52 | INFO    | epoch 20 | batch 2680/4266 | loss 0.4918 | acc 0.9517 | lr 5.61e-05 | 189s
2026-09-17 22:03:54 | INFO    | epoch 20 | batch 2700/4266 | loss 0.4918 | acc 0.9516 | lr 5.61e-05 | 191s
2026-09-17 22:03:55 | INFO    | epoch 20 | batch 2720/4266 | loss 0.4918 | acc 0.9517 | lr 5.61e-05 | 192s
2026-09-17 22:03:57 | INFO    | epoch 20 | batch 2740/4266 | loss 0.4918 | acc 0.9517 | lr 5.60e-05 | 194s
2026-09-17 22:03:58 | INFO    | epoch 20 | batch 2760/4266 | loss 0.4918 | acc 0.9517 | lr 5.60e-05 | 195s
2026-09-17 22:03:59 | INFO    | epoch 20 | batch 2780/4266 | loss 0.4920 | acc 0.9516 | lr 5.60e-05 | 196s
2026-09-17 22:04:01 | INFO    | epoch 20 | batch 2800/4266 | loss 0.4918 | acc 0.9517 | lr 5.60e-05 | 198s
2026-09-17 22:04:02 | INFO    | epoch 20 | batch 2820/4266 | loss 0.4917 | acc 0.9517 | lr 5.60e-05 | 199s
2026-09-17 22:04:04 | INFO    | epoch 20 | batch 2840/4266 | loss 0.4917 | acc 0.9518 | lr 5.59e-05 | 201s
2026-09-17 22:04:05 | INFO    | epoch 20 | batch 2860/4266 | loss 0.4916 | acc 0.9518 | lr 5.59e-05 | 202s
2026-09-17 22:04:06 | INFO    | epoch 20 | batch 2880/4266 | loss 0.4918 | acc 0.9517 | lr 5.59e-05 | 203s
2026-09-17 22:04:08 | INFO    | epoch 20 | batch 2900/4266 | loss 0.4917 | acc 0.9517 | lr 5.59e-05 | 205s
2026-09-17 22:04:09 | INFO    | epoch 20 | batch 2920/4266 | loss 0.4916 | acc 0.9518 | lr 5.59e-05 | 206s
2026-09-17 22:04:10 | INFO    | epoch 20 | batch 2940/4266 | loss 0.4916 | acc 0.9518 | lr 5.59e-05 | 208s
2026-09-17 22:04:12 | INFO    | epoch 20 | batch 2960/4266 | loss 0.4918 | acc 0.9516 | lr 5.58e-05 | 209s
2026-09-17 22:04:13 | INFO    | epoch 20 | batch 2980/4266 | loss 0.4919 | acc 0.9515 | lr 5.58e-05 | 210s
2026-09-17 22:04:15 | INFO    | epoch 20 | batch 3000/4266 | loss 0.4918 | acc 0.9516 | lr 5.58e-05 | 212s
2026-09-17 22:04:16 | INFO    | epoch 20 | batch 3020/4266 | loss 0.4919 | acc 0.9515 | lr 5.58e-05 | 213s
2026-09-17 22:04:18 | INFO    | epoch 20 | batch 3040/4266 | loss 0.4918 | acc 0.9516 | lr 5.58e-05 | 215s
2026-09-17 22:04:19 | INFO    | epoch 20 | batch 3060/4266 | loss 0.4918 | acc 0.9516 | lr 5.57e-05 | 216s
2026-09-17 22:04:20 | INFO    | epoch 20 | batch 3080/4266 | loss 0.4918 | acc 0.9516 | lr 5.57e-05 | 218s
2026-09-17 22:04:22 | INFO    | epoch 20 | batch 3100/4266 | loss 0.4917 | acc 0.9516 | lr 5.57e-05 | 219s
2026-09-17 22:04:23 | INFO    | epoch 20 | batch 3120/4266 | loss 0.4919 | acc 0.9516 | lr 5.57e-05 | 220s
2026-09-17 22:04:25 | INFO    | epoch 20 | batch 3140/4266 | loss 0.4918 | acc 0.9516 | lr 5.57e-05 | 222s
2026-09-17 22:04:26 | INFO    | epoch 20 | batch 3160/4266 | loss 0.4919 | acc 0.9516 | lr 5.56e-05 | 223s
2026-09-17 22:04:28 | INFO    | epoch 20 | batch 3180/4266 | loss 0.4919 | acc 0.9515 | lr 5.56e-05 | 225s
2026-09-17 22:04:29 | INFO    | epoch 20 | batch 3200/4266 | loss 0.4918 | acc 0.9515 | lr 5.56e-05 | 226s
2026-09-17 22:04:31 | INFO    | epoch 20 | batch 3220/4266 | loss 0.4918 | acc 0.9515 | lr 5.56e-05 | 228s
2026-09-17 22:04:32 | INFO    | epoch 20 | batch 3240/4266 | loss 0.4918 | acc 0.9516 | lr 5.56e-05 | 229s
2026-09-17 22:04:34 | INFO    | epoch 20 | batch 3260/4266 | loss 0.4917 | acc 0.9516 | lr 5.55e-05 | 231s
2026-09-17 22:04:35 | INFO    | epoch 20 | batch 3280/4266 | loss 0.4916 | acc 0.9517 | lr 5.55e-05 | 232s
2026-09-17 22:04:36 | INFO    | epoch 20 | batch 3300/4266 | loss 0.4916 | acc 0.9517 | lr 5.55e-05 | 234s
2026-09-17 22:04:38 | INFO    | epoch 20 | batch 3320/4266 | loss 0.4915 | acc 0.9517 | lr 5.55e-05 | 235s
2026-09-17 22:04:39 | INFO    | epoch 20 | batch 3340/4266 | loss 0.4915 | acc 0.9517 | lr 5.55e-05 | 236s
2026-09-17 22:04:41 | INFO    | epoch 20 | batch 3360/4266 | loss 0.4916 | acc 0.9517 | lr 5.55e-05 | 238s
2026-09-17 22:04:42 | INFO    | epoch 20 | batch 3380/4266 | loss 0.4915 | acc 0.9517 | lr 5.54e-05 | 239s
2026-09-17 22:04:44 | INFO    | epoch 20 | batch 3400/4266 | loss 0.4914 | acc 0.9518 | lr 5.54e-05 | 241s
2026-09-17 22:04:45 | INFO    | epoch 20 | batch 3420/4266 | loss 0.4914 | acc 0.9518 | lr 5.54e-05 | 242s
2026-09-17 22:04:46 | INFO    | epoch 20 | batch 3440/4266 | loss 0.4913 | acc 0.9518 | lr 5.54e-05 | 243s
2026-09-17 22:04:48 | INFO    | epoch 20 | batch 3460/4266 | loss 0.4912 | acc 0.9518 | lr 5.54e-05 | 245s
2026-09-17 22:04:49 | INFO    | epoch 20 | batch 3480/4266 | loss 0.4912 | acc 0.9518 | lr 5.53e-05 | 246s
2026-09-17 22:04:51 | INFO    | epoch 20 | batch 3500/4266 | loss 0.4912 | acc 0.9517 | lr 5.53e-05 | 248s
2026-09-17 22:04:52 | INFO    | epoch 20 | batch 3520/4266 | loss 0.4913 | acc 0.9517 | lr 5.53e-05 | 249s
2026-09-17 22:04:53 | INFO    | epoch 20 | batch 3540/4266 | loss 0.4913 | acc 0.9517 | lr 5.53e-05 | 251s
2026-09-17 22:04:55 | INFO    | epoch 20 | batch 3560/4266 | loss 0.4913 | acc 0.9517 | lr 5.53e-05 | 252s
2026-09-17 22:04:56 | INFO    | epoch 20 | batch 3580/4266 | loss 0.4912 | acc 0.9518 | lr 5.52e-05 | 253s
2026-09-17 22:04:58 | INFO    | epoch 20 | batch 3600/4266 | loss 0.4912 | acc 0.9517 | lr 5.52e-05 | 255s
2026-09-17 22:04:59 | INFO    | epoch 20 | batch 3620/4266 | loss 0.4911 | acc 0.9518 | lr 5.52e-05 | 256s
2026-09-17 22:05:01 | INFO    | epoch 20 | batch 3640/4266 | loss 0.4911 | acc 0.9518 | lr 5.52e-05 | 258s
2026-09-17 22:05:02 | INFO    | epoch 20 | batch 3660/4266 | loss 0.4911 | acc 0.9517 | lr 5.52e-05 | 259s
2026-09-17 22:05:03 | INFO    | epoch 20 | batch 3680/4266 | loss 0.4911 | acc 0.9518 | lr 5.51e-05 | 261s
2026-09-17 22:05:05 | INFO    | epoch 20 | batch 3700/4266 | loss 0.4912 | acc 0.9517 | lr 5.51e-05 | 262s
2026-09-17 22:05:06 | INFO    | epoch 20 | batch 3720/4266 | loss 0.4911 | acc 0.9517 | lr 5.51e-05 | 263s
2026-09-17 22:05:08 | INFO    | epoch 20 | batch 3740/4266 | loss 0.4911 | acc 0.9517 | lr 5.51e-05 | 265s
2026-09-17 22:05:09 | INFO    | epoch 20 | batch 3760/4266 | loss 0.4911 | acc 0.9517 | lr 5.51e-05 | 266s
2026-09-17 22:05:11 | INFO    | epoch 20 | batch 3780/4266 | loss 0.4912 | acc 0.9517 | lr 5.51e-05 | 268s
2026-09-17 22:05:12 | INFO    | epoch 20 | batch 3800/4266 | loss 0.4911 | acc 0.9517 | lr 5.50e-05 | 269s
2026-09-17 22:05:13 | INFO    | epoch 20 | batch 3820/4266 | loss 0.4911 | acc 0.9517 | lr 5.50e-05 | 271s
2026-09-17 22:05:15 | INFO    | epoch 20 | batch 3840/4266 | loss 0.4912 | acc 0.9517 | lr 5.50e-05 | 272s
2026-09-17 22:05:16 | INFO    | epoch 20 | batch 3860/4266 | loss 0.4912 | acc 0.9517 | lr 5.50e-05 | 273s
2026-09-17 22:05:18 | INFO    | epoch 20 | batch 3880/4266 | loss 0.4911 | acc 0.9517 | lr 5.50e-05 | 275s
2026-09-17 22:05:19 | INFO    | epoch 20 | batch 3900/4266 | loss 0.4910 | acc 0.9518 | lr 5.49e-05 | 276s
2026-09-17 22:05:20 | INFO    | epoch 20 | batch 3920/4266 | loss 0.4910 | acc 0.9518 | lr 5.49e-05 | 277s
2026-09-17 22:05:22 | INFO    | epoch 20 | batch 3940/4266 | loss 0.4911 | acc 0.9518 | lr 5.49e-05 | 279s
2026-09-17 22:05:23 | INFO    | epoch 20 | batch 3960/4266 | loss 0.4911 | acc 0.9518 | lr 5.49e-05 | 280s
2026-09-17 22:05:24 | INFO    | epoch 20 | batch 3980/4266 | loss 0.4912 | acc 0.9517 | lr 5.49e-05 | 281s
2026-09-17 22:05:26 | INFO    | epoch 20 | batch 4000/4266 | loss 0.4911 | acc 0.9518 | lr 5.48e-05 | 283s
2026-09-17 22:05:27 | INFO    | epoch 20 | batch 4020/4266 | loss 0.4911 | acc 0.9518 | lr 5.48e-05 | 284s
2026-09-17 22:05:29 | INFO    | epoch 20 | batch 4040/4266 | loss 0.4911 | acc 0.9517 | lr 5.48e-05 | 286s
2026-09-17 22:05:30 | INFO    | epoch 20 | batch 4060/4266 | loss 0.4910 | acc 0.9518 | lr 5.48e-05 | 287s
2026-09-17 22:05:32 | INFO    | epoch 20 | batch 4080/4266 | loss 0.4910 | acc 0.9518 | lr 5.48e-05 | 289s
2026-09-17 22:05:33 | INFO    | epoch 20 | batch 4100/4266 | loss 0.4909 | acc 0.9518 | lr 5.47e-05 | 290s
2026-09-17 22:05:34 | INFO    | epoch 20 | batch 4120/4266 | loss 0.4909 | acc 0.9518 | lr 5.47e-05 | 291s
2026-09-17 22:05:36 | INFO    | epoch 20 | batch 4140/4266 | loss 0.4909 | acc 0.9519 | lr 5.47e-05 | 293s
2026-09-17 22:05:37 | INFO    | epoch 20 | batch 4160/4266 | loss 0.4908 | acc 0.9519 | lr 5.47e-05 | 294s
2026-09-17 22:05:38 | INFO    | epoch 20 | batch 4180/4266 | loss 0.4908 | acc 0.9518 | lr 5.47e-05 | 296s
2026-09-17 22:05:40 | INFO    | epoch 20 | batch 4200/4266 | loss 0.4908 | acc 0.9518 | lr 5.47e-05 | 297s
2026-09-17 22:05:41 | INFO    | epoch 20 | batch 4220/4266 | loss 0.4908 | acc 0.9518 | lr 5.46e-05 | 298s
2026-09-17 22:05:43 | INFO    | epoch 20 | batch 4240/4266 | loss 0.4908 | acc 0.9518 | lr 5.46e-05 | 300s
2026-09-17 22:05:44 | INFO    | epoch 20 | batch 4260/4266 | loss 0.4908 | acc 0.9518 | lr 5.46e-05 | 301s
2026-09-17 22:05:44 | INFO    | epoch 20 | batch 4266/4266 | loss 0.4909 | acc 0.9517 | lr 5.46e-05 | 302s
2026-09-17 22:05:54 | INFO    | epoch 20/40 done in 311s | train loss 0.4909 | train running patch (aug): accuracy=0.9517 precision=0.9513 recall=0.9504 f1=0.9508
2026-09-17 22:05:54 | INFO    | epoch 20 train (eval, no aug) | loss 0.5167 | patch[7280]: accuracy=0.9360 precision=0.9361 recall=0.9359 f1=0.9358 | image[455]: accuracy=0.9912 precision=0.9910 recall=0.9918 f1=0.9914
2026-09-17 22:05:54 | INFO    | epoch 20 val | loss 1.2356 | patch[8448]: accuracy=0.6308 precision=0.6170 recall=0.6058 f1=0.6078 | image[96]: accuracy=0.6979 precision=0.6925 recall=0.6703 f1=0.6736
2026-09-17 22:05:54 | INFO    | val_patch_f1 = 0.6078 (best 0.6236 @ epoch 18)
2026-09-17 22:05:56 | INFO    | epoch 21 | batch 20/4266 | loss 0.4894 | acc 0.9437 | lr 5.46e-05 | 2s
2026-09-17 22:05:57 | INFO    | epoch 21 | batch 40/4266 | loss 0.4919 | acc 0.9461 | lr 5.45e-05 | 3s
2026-09-17 22:05:59 | INFO    | epoch 21 | batch 60/4266 | loss 0.4891 | acc 0.9464 | lr 5.45e-05 | 4s
2026-09-17 22:06:00 | INFO    | epoch 21 | batch 80/4266 | loss 0.4912 | acc 0.9473 | lr 5.45e-05 | 6s
2026-09-17 22:06:01 | INFO    | epoch 21 | batch 100/4266 | loss 0.4915 | acc 0.9481 | lr 5.45e-05 | 7s
2026-09-17 22:06:03 | INFO    | epoch 21 | batch 120/4266 | loss 0.4938 | acc 0.9474 | lr 5.45e-05 | 9s
2026-09-17 22:06:04 | INFO    | epoch 21 | batch 140/4266 | loss 0.4946 | acc 0.9462 | lr 5.45e-05 | 10s
2026-09-17 22:06:06 | INFO    | epoch 21 | batch 160/4266 | loss 0.4929 | acc 0.9475 | lr 5.44e-05 | 11s
2026-09-17 22:06:07 | INFO    | epoch 21 | batch 180/4266 | loss 0.4884 | acc 0.9509 | lr 5.44e-05 | 13s
2026-09-17 22:06:08 | INFO    | epoch 21 | batch 200/4266 | loss 0.4891 | acc 0.9502 | lr 5.44e-05 | 14s
2026-09-17 22:06:10 | INFO    | epoch 21 | batch 220/4266 | loss 0.4883 | acc 0.9510 | lr 5.44e-05 | 16s
2026-09-17 22:06:11 | INFO    | epoch 21 | batch 240/4266 | loss 0.4876 | acc 0.9512 | lr 5.44e-05 | 17s
2026-09-17 22:06:13 | INFO    | epoch 21 | batch 260/4266 | loss 0.4879 | acc 0.9516 | lr 5.43e-05 | 18s
2026-09-17 22:06:14 | INFO    | epoch 21 | batch 280/4266 | loss 0.4877 | acc 0.9519 | lr 5.43e-05 | 20s
2026-09-17 22:06:16 | INFO    | epoch 21 | batch 300/4266 | loss 0.4884 | acc 0.9509 | lr 5.43e-05 | 21s
2026-09-17 22:06:17 | INFO    | epoch 21 | batch 320/4266 | loss 0.4887 | acc 0.9507 | lr 5.43e-05 | 23s
2026-09-17 22:06:18 | INFO    | epoch 21 | batch 340/4266 | loss 0.4885 | acc 0.9510 | lr 5.43e-05 | 24s
2026-09-17 22:06:20 | INFO    | epoch 21 | batch 360/4266 | loss 0.4894 | acc 0.9506 | lr 5.42e-05 | 25s
2026-09-17 22:06:21 | INFO    | epoch 21 | batch 380/4266 | loss 0.4886 | acc 0.9507 | lr 5.42e-05 | 27s
2026-09-17 22:06:23 | INFO    | epoch 21 | batch 400/4266 | loss 0.4882 | acc 0.9512 | lr 5.42e-05 | 28s
2026-09-17 22:06:24 | INFO    | epoch 21 | batch 420/4266 | loss 0.4889 | acc 0.9513 | lr 5.42e-05 | 30s
2026-09-17 22:06:25 | INFO    | epoch 21 | batch 440/4266 | loss 0.4890 | acc 0.9513 | lr 5.42e-05 | 31s
2026-09-17 22:06:27 | INFO    | epoch 21 | batch 460/4266 | loss 0.4878 | acc 0.9520 | lr 5.41e-05 | 32s
2026-09-17 22:06:28 | INFO    | epoch 21 | batch 480/4266 | loss 0.4871 | acc 0.9525 | lr 5.41e-05 | 34s
2026-09-17 22:06:30 | INFO    | epoch 21 | batch 500/4266 | loss 0.4871 | acc 0.9524 | lr 5.41e-05 | 35s
2026-09-17 22:06:31 | INFO    | epoch 21 | batch 520/4266 | loss 0.4870 | acc 0.9527 | lr 5.41e-05 | 37s
2026-09-17 22:06:32 | INFO    | epoch 21 | batch 540/4266 | loss 0.4858 | acc 0.9532 | lr 5.41e-05 | 38s
2026-09-17 22:06:34 | INFO    | epoch 21 | batch 560/4266 | loss 0.4856 | acc 0.9530 | lr 5.41e-05 | 40s
2026-09-17 22:06:35 | INFO    | epoch 21 | batch 580/4266 | loss 0.4854 | acc 0.9530 | lr 5.40e-05 | 41s
2026-09-17 22:06:37 | INFO    | epoch 21 | batch 600/4266 | loss 0.4852 | acc 0.9529 | lr 5.40e-05 | 43s
2026-09-17 22:06:38 | INFO    | epoch 21 | batch 620/4266 | loss 0.4858 | acc 0.9525 | lr 5.40e-05 | 44s
2026-09-17 22:06:40 | INFO    | epoch 21 | batch 640/4266 | loss 0.4855 | acc 0.9526 | lr 5.40e-05 | 45s
2026-09-17 22:06:41 | INFO    | epoch 21 | batch 660/4266 | loss 0.4858 | acc 0.9522 | lr 5.40e-05 | 47s
2026-09-17 22:06:43 | INFO    | epoch 21 | batch 680/4266 | loss 0.4859 | acc 0.9524 | lr 5.39e-05 | 48s
2026-09-17 22:06:44 | INFO    | epoch 21 | batch 700/4266 | loss 0.4861 | acc 0.9524 | lr 5.39e-05 | 50s
2026-09-17 22:06:45 | INFO    | epoch 21 | batch 720/4266 | loss 0.4866 | acc 0.9521 | lr 5.39e-05 | 51s
2026-09-17 22:06:47 | INFO    | epoch 21 | batch 740/4266 | loss 0.4859 | acc 0.9525 | lr 5.39e-05 | 52s
2026-09-17 22:06:48 | INFO    | epoch 21 | batch 760/4266 | loss 0.4860 | acc 0.9525 | lr 5.39e-05 | 54s
2026-09-17 22:06:50 | INFO    | epoch 21 | batch 780/4266 | loss 0.4862 | acc 0.9524 | lr 5.38e-05 | 55s
2026-09-17 22:06:51 | INFO    | epoch 21 | batch 800/4266 | loss 0.4860 | acc 0.9527 | lr 5.38e-05 | 57s
2026-09-17 22:06:52 | INFO    | epoch 21 | batch 820/4266 | loss 0.4862 | acc 0.9527 | lr 5.38e-05 | 58s
2026-09-17 22:06:54 | INFO    | epoch 21 | batch 840/4266 | loss 0.4861 | acc 0.9530 | lr 5.38e-05 | 60s
2026-09-17 22:06:55 | INFO    | epoch 21 | batch 860/4266 | loss 0.4862 | acc 0.9531 | lr 5.38e-05 | 61s
2026-09-17 22:06:57 | INFO    | epoch 21 | batch 880/4266 | loss 0.4868 | acc 0.9527 | lr 5.37e-05 | 62s
2026-09-17 22:06:58 | INFO    | epoch 21 | batch 900/4266 | loss 0.4868 | acc 0.9527 | lr 5.37e-05 | 64s
2026-09-17 22:07:00 | INFO    | epoch 21 | batch 920/4266 | loss 0.4869 | acc 0.9526 | lr 5.37e-05 | 65s
2026-09-17 22:07:01 | INFO    | epoch 21 | batch 940/4266 | loss 0.4870 | acc 0.9524 | lr 5.37e-05 | 67s
2026-09-17 22:07:03 | INFO    | epoch 21 | batch 960/4266 | loss 0.4876 | acc 0.9524 | lr 5.37e-05 | 68s
2026-09-17 22:07:04 | INFO    | epoch 21 | batch 980/4266 | loss 0.4876 | acc 0.9524 | lr 5.37e-05 | 70s
2026-09-17 22:07:06 | INFO    | epoch 21 | batch 1000/4266 | loss 0.4871 | acc 0.9526 | lr 5.36e-05 | 71s
2026-09-17 22:07:07 | INFO    | epoch 21 | batch 1020/4266 | loss 0.4871 | acc 0.9526 | lr 5.36e-05 | 73s
2026-09-17 22:07:08 | INFO    | epoch 21 | batch 1040/4266 | loss 0.4872 | acc 0.9525 | lr 5.36e-05 | 74s
2026-09-17 22:07:10 | INFO    | epoch 21 | batch 1060/4266 | loss 0.4873 | acc 0.9525 | lr 5.36e-05 | 75s
2026-09-17 22:07:11 | INFO    | epoch 21 | batch 1080/4266 | loss 0.4874 | acc 0.9525 | lr 5.36e-05 | 77s
2026-09-17 22:07:13 | INFO    | epoch 21 | batch 1100/4266 | loss 0.4873 | acc 0.9525 | lr 5.35e-05 | 78s
2026-09-17 22:07:14 | INFO    | epoch 21 | batch 1120/4266 | loss 0.4871 | acc 0.9525 | lr 5.35e-05 | 80s
2026-09-17 22:07:16 | INFO    | epoch 21 | batch 1140/4266 | loss 0.4875 | acc 0.9523 | lr 5.35e-05 | 81s
2026-09-17 22:07:17 | INFO    | epoch 21 | batch 1160/4266 | loss 0.4872 | acc 0.9525 | lr 5.35e-05 | 83s
2026-09-17 22:07:19 | INFO    | epoch 21 | batch 1180/4266 | loss 0.4869 | acc 0.9527 | lr 5.35e-05 | 84s
2026-09-17 22:07:20 | INFO    | epoch 21 | batch 1200/4266 | loss 0.4868 | acc 0.9527 | lr 5.34e-05 | 86s
2026-09-17 22:07:21 | INFO    | epoch 21 | batch 1220/4266 | loss 0.4867 | acc 0.9528 | lr 5.34e-05 | 87s
2026-09-17 22:07:23 | INFO    | epoch 21 | batch 1240/4266 | loss 0.4865 | acc 0.9529 | lr 5.34e-05 | 89s
2026-09-17 22:07:25 | INFO    | epoch 21 | batch 1260/4266 | loss 0.4865 | acc 0.9529 | lr 5.34e-05 | 90s
2026-09-17 22:07:26 | INFO    | epoch 21 | batch 1280/4266 | loss 0.4866 | acc 0.9528 | lr 5.34e-05 | 92s
2026-09-17 22:07:27 | INFO    | epoch 21 | batch 1300/4266 | loss 0.4868 | acc 0.9528 | lr 5.33e-05 | 93s
2026-09-17 22:07:29 | INFO    | epoch 21 | batch 1320/4266 | loss 0.4864 | acc 0.9529 | lr 5.33e-05 | 94s
2026-09-17 22:07:30 | INFO    | epoch 21 | batch 1340/4266 | loss 0.4861 | acc 0.9531 | lr 5.33e-05 | 96s
2026-09-17 22:07:31 | INFO    | epoch 21 | batch 1360/4266 | loss 0.4862 | acc 0.9532 | lr 5.33e-05 | 97s
2026-09-17 22:07:33 | INFO    | epoch 21 | batch 1380/4266 | loss 0.4862 | acc 0.9532 | lr 5.33e-05 | 99s
2026-09-17 22:07:34 | INFO    | epoch 21 | batch 1400/4266 | loss 0.4864 | acc 0.9531 | lr 5.32e-05 | 100s
2026-09-17 22:07:36 | INFO    | epoch 21 | batch 1420/4266 | loss 0.4870 | acc 0.9528 | lr 5.32e-05 | 101s
2026-09-17 22:07:37 | INFO    | epoch 21 | batch 1440/4266 | loss 0.4868 | acc 0.9529 | lr 5.32e-05 | 103s
2026-09-17 22:07:39 | INFO    | epoch 21 | batch 1460/4266 | loss 0.4872 | acc 0.9527 | lr 5.32e-05 | 104s
2026-09-17 22:07:40 | INFO    | epoch 21 | batch 1480/4266 | loss 0.4872 | acc 0.9528 | lr 5.32e-05 | 106s
2026-09-17 22:07:42 | INFO    | epoch 21 | batch 1500/4266 | loss 0.4875 | acc 0.9526 | lr 5.32e-05 | 107s
2026-09-17 22:07:43 | INFO    | epoch 21 | batch 1520/4266 | loss 0.4873 | acc 0.9527 | lr 5.31e-05 | 109s
2026-09-17 22:07:44 | INFO    | epoch 21 | batch 1540/4266 | loss 0.4873 | acc 0.9527 | lr 5.31e-05 | 110s
2026-09-17 22:07:46 | INFO    | epoch 21 | batch 1560/4266 | loss 0.4875 | acc 0.9526 | lr 5.31e-05 | 111s
2026-09-17 22:07:47 | INFO    | epoch 21 | batch 1580/4266 | loss 0.4873 | acc 0.9527 | lr 5.31e-05 | 113s
2026-09-17 22:07:49 | INFO    | epoch 21 | batch 1600/4266 | loss 0.4873 | acc 0.9527 | lr 5.31e-05 | 114s
2026-09-17 22:07:50 | INFO    | epoch 21 | batch 1620/4266 | loss 0.4873 | acc 0.9527 | lr 5.30e-05 | 116s
2026-09-17 22:07:52 | INFO    | epoch 21 | batch 1640/4266 | loss 0.4870 | acc 0.9529 | lr 5.30e-05 | 117s
2026-09-17 22:07:53 | INFO    | epoch 21 | batch 1660/4266 | loss 0.4867 | acc 0.9530 | lr 5.30e-05 | 119s
2026-09-17 22:07:55 | INFO    | epoch 21 | batch 1680/4266 | loss 0.4867 | acc 0.9531 | lr 5.30e-05 | 120s
2026-09-17 22:07:56 | INFO    | epoch 21 | batch 1700/4266 | loss 0.4866 | acc 0.9531 | lr 5.30e-05 | 122s
2026-09-17 22:07:57 | INFO    | epoch 21 | batch 1720/4266 | loss 0.4870 | acc 0.9529 | lr 5.29e-05 | 123s
2026-09-17 22:07:59 | INFO    | epoch 21 | batch 1740/4266 | loss 0.4872 | acc 0.9527 | lr 5.29e-05 | 124s
2026-09-17 22:08:00 | INFO    | epoch 21 | batch 1760/4266 | loss 0.4872 | acc 0.9528 | lr 5.29e-05 | 126s
2026-09-17 22:08:02 | INFO    | epoch 21 | batch 1780/4266 | loss 0.4873 | acc 0.9528 | lr 5.29e-05 | 127s
2026-09-17 22:08:03 | INFO    | epoch 21 | batch 1800/4266 | loss 0.4873 | acc 0.9528 | lr 5.29e-05 | 129s
2026-09-17 22:08:04 | INFO    | epoch 21 | batch 1820/4266 | loss 0.4872 | acc 0.9528 | lr 5.28e-05 | 130s
2026-09-17 22:08:06 | INFO    | epoch 21 | batch 1840/4266 | loss 0.4874 | acc 0.9527 | lr 5.28e-05 | 131s
2026-09-17 22:08:07 | INFO    | epoch 21 | batch 1860/4266 | loss 0.4876 | acc 0.9526 | lr 5.28e-05 | 133s
2026-09-17 22:08:09 | INFO    | epoch 21 | batch 1880/4266 | loss 0.4874 | acc 0.9528 | lr 5.28e-05 | 134s
2026-09-17 22:08:10 | INFO    | epoch 21 | batch 1900/4266 | loss 0.4874 | acc 0.9528 | lr 5.28e-05 | 136s
2026-09-17 22:08:11 | INFO    | epoch 21 | batch 1920/4266 | loss 0.4872 | acc 0.9528 | lr 5.27e-05 | 137s
2026-09-17 22:08:13 | INFO    | epoch 21 | batch 1940/4266 | loss 0.4872 | acc 0.9529 | lr 5.27e-05 | 138s
2026-09-17 22:08:14 | INFO    | epoch 21 | batch 1960/4266 | loss 0.4876 | acc 0.9525 | lr 5.27e-05 | 140s
2026-09-17 22:08:15 | INFO    | epoch 21 | batch 1980/4266 | loss 0.4876 | acc 0.9526 | lr 5.27e-05 | 141s
2026-09-17 22:08:17 | INFO    | epoch 21 | batch 2000/4266 | loss 0.4875 | acc 0.9526 | lr 5.27e-05 | 142s
2026-09-17 22:08:18 | INFO    | epoch 21 | batch 2020/4266 | loss 0.4875 | acc 0.9527 | lr 5.27e-05 | 144s
2026-09-17 22:08:20 | INFO    | epoch 21 | batch 2040/4266 | loss 0.4872 | acc 0.9528 | lr 5.26e-05 | 145s
2026-09-17 22:08:21 | INFO    | epoch 21 | batch 2060/4266 | loss 0.4874 | acc 0.9527 | lr 5.26e-05 | 147s
2026-09-17 22:08:23 | INFO    | epoch 21 | batch 2080/4266 | loss 0.4875 | acc 0.9527 | lr 5.26e-05 | 148s
2026-09-17 22:08:24 | INFO    | epoch 21 | batch 2100/4266 | loss 0.4878 | acc 0.9525 | lr 5.26e-05 | 150s
2026-09-17 22:08:26 | INFO    | epoch 21 | batch 2120/4266 | loss 0.4876 | acc 0.9527 | lr 5.26e-05 | 151s
2026-09-17 22:08:27 | INFO    | epoch 21 | batch 2140/4266 | loss 0.4875 | acc 0.9528 | lr 5.25e-05 | 153s
2026-09-17 22:08:28 | INFO    | epoch 21 | batch 2160/4266 | loss 0.4871 | acc 0.9530 | lr 5.25e-05 | 154s
2026-09-17 22:08:30 | INFO    | epoch 21 | batch 2180/4266 | loss 0.4870 | acc 0.9531 | lr 5.25e-05 | 155s
2026-09-17 22:08:31 | INFO    | epoch 21 | batch 2200/4266 | loss 0.4869 | acc 0.9531 | lr 5.25e-05 | 157s
2026-09-17 22:08:33 | INFO    | epoch 21 | batch 2220/4266 | loss 0.4870 | acc 0.9531 | lr 5.25e-05 | 158s
2026-09-17 22:08:34 | INFO    | epoch 21 | batch 2240/4266 | loss 0.4870 | acc 0.9531 | lr 5.24e-05 | 160s
2026-09-17 22:08:36 | INFO    | epoch 21 | batch 2260/4266 | loss 0.4871 | acc 0.9531 | lr 5.24e-05 | 161s
2026-09-17 22:08:37 | INFO    | epoch 21 | batch 2280/4266 | loss 0.4869 | acc 0.9532 | lr 5.24e-05 | 163s
2026-09-17 22:08:39 | INFO    | epoch 21 | batch 2300/4266 | loss 0.4870 | acc 0.9532 | lr 5.24e-05 | 164s
2026-09-17 22:08:40 | INFO    | epoch 21 | batch 2320/4266 | loss 0.4867 | acc 0.9533 | lr 5.24e-05 | 166s
2026-09-17 22:08:42 | INFO    | epoch 21 | batch 2340/4266 | loss 0.4868 | acc 0.9533 | lr 5.23e-05 | 167s
2026-09-17 22:08:43 | INFO    | epoch 21 | batch 2360/4266 | loss 0.4869 | acc 0.9533 | lr 5.23e-05 | 169s
2026-09-17 22:08:44 | INFO    | epoch 21 | batch 2380/4266 | loss 0.4871 | acc 0.9532 | lr 5.23e-05 | 170s
2026-09-17 22:08:46 | INFO    | epoch 21 | batch 2400/4266 | loss 0.4871 | acc 0.9532 | lr 5.23e-05 | 171s
2026-09-17 22:08:47 | INFO    | epoch 21 | batch 2420/4266 | loss 0.4871 | acc 0.9531 | lr 5.23e-05 | 173s
2026-09-17 22:08:49 | INFO    | epoch 21 | batch 2440/4266 | loss 0.4873 | acc 0.9530 | lr 5.23e-05 | 174s
2026-09-17 22:08:50 | INFO    | epoch 21 | batch 2460/4266 | loss 0.4873 | acc 0.9530 | lr 5.22e-05 | 176s
2026-09-17 22:08:52 | INFO    | epoch 21 | batch 2480/4266 | loss 0.4873 | acc 0.9531 | lr 5.22e-05 | 177s
2026-09-17 22:08:53 | INFO    | epoch 21 | batch 2500/4266 | loss 0.4873 | acc 0.9530 | lr 5.22e-05 | 179s
2026-09-17 22:08:54 | INFO    | epoch 21 | batch 2520/4266 | loss 0.4873 | acc 0.9529 | lr 5.22e-05 | 180s
2026-09-17 22:08:56 | INFO    | epoch 21 | batch 2540/4266 | loss 0.4873 | acc 0.9529 | lr 5.22e-05 | 181s
2026-09-17 22:08:57 | INFO    | epoch 21 | batch 2560/4266 | loss 0.4872 | acc 0.9530 | lr 5.21e-05 | 183s
2026-09-17 22:08:59 | INFO    | epoch 21 | batch 2580/4266 | loss 0.4871 | acc 0.9530 | lr 5.21e-05 | 184s
2026-09-17 22:09:00 | INFO    | epoch 21 | batch 2600/4266 | loss 0.4872 | acc 0.9530 | lr 5.21e-05 | 186s
2026-09-17 22:09:02 | INFO    | epoch 21 | batch 2620/4266 | loss 0.4872 | acc 0.9530 | lr 5.21e-05 | 187s
2026-09-17 22:09:03 | INFO    | epoch 21 | batch 2640/4266 | loss 0.4873 | acc 0.9530 | lr 5.21e-05 | 189s
2026-09-17 22:09:04 | INFO    | epoch 21 | batch 2660/4266 | loss 0.4870 | acc 0.9531 | lr 5.20e-05 | 190s
2026-09-17 22:09:06 | INFO    | epoch 21 | batch 2680/4266 | loss 0.4868 | acc 0.9532 | lr 5.20e-05 | 191s
2026-09-17 22:09:07 | INFO    | epoch 21 | batch 2700/4266 | loss 0.4871 | acc 0.9530 | lr 5.20e-05 | 193s
2026-09-17 22:09:09 | INFO    | epoch 21 | batch 2720/4266 | loss 0.4872 | acc 0.9530 | lr 5.20e-05 | 194s
2026-09-17 22:09:10 | INFO    | epoch 21 | batch 2740/4266 | loss 0.4870 | acc 0.9531 | lr 5.20e-05 | 196s
2026-09-17 22:09:11 | INFO    | epoch 21 | batch 2760/4266 | loss 0.4871 | acc 0.9531 | lr 5.19e-05 | 197s
2026-09-17 22:09:13 | INFO    | epoch 21 | batch 2780/4266 | loss 0.4872 | acc 0.9530 | lr 5.19e-05 | 198s
2026-09-17 22:09:14 | INFO    | epoch 21 | batch 2800/4266 | loss 0.4871 | acc 0.9531 | lr 5.19e-05 | 200s
2026-09-17 22:09:16 | INFO    | epoch 21 | batch 2820/4266 | loss 0.4871 | acc 0.9531 | lr 5.19e-05 | 201s
2026-09-17 22:09:17 | INFO    | epoch 21 | batch 2840/4266 | loss 0.4869 | acc 0.9532 | lr 5.19e-05 | 203s
2026-09-17 22:09:19 | INFO    | epoch 21 | batch 2860/4266 | loss 0.4867 | acc 0.9533 | lr 5.18e-05 | 204s
2026-09-17 22:09:20 | INFO    | epoch 21 | batch 2880/4266 | loss 0.4868 | acc 0.9533 | lr 5.18e-05 | 206s
2026-09-17 22:09:22 | INFO    | epoch 21 | batch 2900/4266 | loss 0.4866 | acc 0.9533 | lr 5.18e-05 | 207s
2026-09-17 22:09:23 | INFO    | epoch 21 | batch 2920/4266 | loss 0.4866 | acc 0.9533 | lr 5.18e-05 | 209s
2026-09-17 22:09:24 | INFO    | epoch 21 | batch 2940/4266 | loss 0.4868 | acc 0.9533 | lr 5.18e-05 | 210s
2026-09-17 22:09:26 | INFO    | epoch 21 | batch 2960/4266 | loss 0.4868 | acc 0.9533 | lr 5.18e-05 | 211s
2026-09-17 22:09:27 | INFO    | epoch 21 | batch 2980/4266 | loss 0.4868 | acc 0.9533 | lr 5.17e-05 | 213s
2026-09-17 22:09:29 | INFO    | epoch 21 | batch 3000/4266 | loss 0.4868 | acc 0.9533 | lr 5.17e-05 | 214s
2026-09-17 22:09:30 | INFO    | epoch 21 | batch 3020/4266 | loss 0.4867 | acc 0.9533 | lr 5.17e-05 | 216s
2026-09-17 22:09:31 | INFO    | epoch 21 | batch 3040/4266 | loss 0.4867 | acc 0.9533 | lr 5.17e-05 | 217s
2026-09-17 22:09:33 | INFO    | epoch 21 | batch 3060/4266 | loss 0.4866 | acc 0.9534 | lr 5.17e-05 | 218s
2026-09-17 22:09:34 | INFO    | epoch 21 | batch 3080/4266 | loss 0.4865 | acc 0.9534 | lr 5.16e-05 | 220s
2026-09-17 22:09:36 | INFO    | epoch 21 | batch 3100/4266 | loss 0.4866 | acc 0.9534 | lr 5.16e-05 | 221s
2026-09-17 22:09:37 | INFO    | epoch 21 | batch 3120/4266 | loss 0.4867 | acc 0.9534 | lr 5.16e-05 | 223s
2026-09-17 22:09:39 | INFO    | epoch 21 | batch 3140/4266 | loss 0.4867 | acc 0.9534 | lr 5.16e-05 | 224s
2026-09-17 22:09:40 | INFO    | epoch 21 | batch 3160/4266 | loss 0.4866 | acc 0.9535 | lr 5.16e-05 | 226s
2026-09-17 22:09:41 | INFO    | epoch 21 | batch 3180/4266 | loss 0.4866 | acc 0.9535 | lr 5.15e-05 | 227s
2026-09-17 22:09:43 | INFO    | epoch 21 | batch 3200/4266 | loss 0.4866 | acc 0.9535 | lr 5.15e-05 | 228s
2026-09-17 22:09:44 | INFO    | epoch 21 | batch 3220/4266 | loss 0.4866 | acc 0.9534 | lr 5.15e-05 | 230s
2026-09-17 22:09:46 | INFO    | epoch 21 | batch 3240/4266 | loss 0.4865 | acc 0.9534 | lr 5.15e-05 | 231s
2026-09-17 22:09:47 | INFO    | epoch 21 | batch 3260/4266 | loss 0.4866 | acc 0.9534 | lr 5.15e-05 | 233s
2026-09-17 22:09:48 | INFO    | epoch 21 | batch 3280/4266 | loss 0.4865 | acc 0.9535 | lr 5.14e-05 | 234s
2026-09-17 22:09:50 | INFO    | epoch 21 | batch 3300/4266 | loss 0.4864 | acc 0.9535 | lr 5.14e-05 | 235s
2026-09-17 22:09:51 | INFO    | epoch 21 | batch 3320/4266 | loss 0.4863 | acc 0.9536 | lr 5.14e-05 | 237s
2026-09-17 22:09:53 | INFO    | epoch 21 | batch 3340/4266 | loss 0.4861 | acc 0.9537 | lr 5.14e-05 | 238s
2026-09-17 22:09:54 | INFO    | epoch 21 | batch 3360/4266 | loss 0.4861 | acc 0.9537 | lr 5.14e-05 | 240s
2026-09-17 22:09:55 | INFO    | epoch 21 | batch 3380/4266 | loss 0.4860 | acc 0.9537 | lr 5.13e-05 | 241s
2026-09-17 22:09:57 | INFO    | epoch 21 | batch 3400/4266 | loss 0.4859 | acc 0.9538 | lr 5.13e-05 | 242s
2026-09-17 22:09:58 | INFO    | epoch 21 | batch 3420/4266 | loss 0.4858 | acc 0.9539 | lr 5.13e-05 | 244s
2026-09-17 22:10:00 | INFO    | epoch 21 | batch 3440/4266 | loss 0.4858 | acc 0.9539 | lr 5.13e-05 | 245s
2026-09-17 22:10:01 | INFO    | epoch 21 | batch 3460/4266 | loss 0.4857 | acc 0.9539 | lr 5.13e-05 | 247s
2026-09-17 22:10:03 | INFO    | epoch 21 | batch 3480/4266 | loss 0.4857 | acc 0.9539 | lr 5.13e-05 | 248s
2026-09-17 22:10:04 | INFO    | epoch 21 | batch 3500/4266 | loss 0.4856 | acc 0.9540 | lr 5.12e-05 | 250s
2026-09-17 22:10:05 | INFO    | epoch 21 | batch 3520/4266 | loss 0.4856 | acc 0.9540 | lr 5.12e-05 | 251s
2026-09-17 22:10:07 | INFO    | epoch 21 | batch 3540/4266 | loss 0.4855 | acc 0.9541 | lr 5.12e-05 | 252s
2026-09-17 22:10:08 | INFO    | epoch 21 | batch 3560/4266 | loss 0.4854 | acc 0.9541 | lr 5.12e-05 | 254s
2026-09-17 22:10:10 | INFO    | epoch 21 | batch 3580/4266 | loss 0.4854 | acc 0.9542 | lr 5.12e-05 | 255s
2026-09-17 22:10:11 | INFO    | epoch 21 | batch 3600/4266 | loss 0.4854 | acc 0.9542 | lr 5.11e-05 | 257s
2026-09-17 22:10:12 | INFO    | epoch 21 | batch 3620/4266 | loss 0.4855 | acc 0.9541 | lr 5.11e-05 | 258s
2026-09-17 22:10:14 | INFO    | epoch 21 | batch 3640/4266 | loss 0.4856 | acc 0.9541 | lr 5.11e-05 | 259s
2026-09-17 22:10:15 | INFO    | epoch 21 | batch 3660/4266 | loss 0.4856 | acc 0.9541 | lr 5.11e-05 | 261s
2026-09-17 22:10:17 | INFO    | epoch 21 | batch 3680/4266 | loss 0.4855 | acc 0.9542 | lr 5.11e-05 | 262s
2026-09-17 22:10:18 | INFO    | epoch 21 | batch 3700/4266 | loss 0.4854 | acc 0.9542 | lr 5.10e-05 | 264s
2026-09-17 22:10:19 | INFO    | epoch 21 | batch 3720/4266 | loss 0.4854 | acc 0.9541 | lr 5.10e-05 | 265s
2026-09-17 22:10:21 | INFO    | epoch 21 | batch 3740/4266 | loss 0.4854 | acc 0.9542 | lr 5.10e-05 | 267s
2026-09-17 22:10:22 | INFO    | epoch 21 | batch 3760/4266 | loss 0.4856 | acc 0.9540 | lr 5.10e-05 | 268s
2026-09-17 22:10:24 | INFO    | epoch 21 | batch 3780/4266 | loss 0.4855 | acc 0.9541 | lr 5.10e-05 | 269s
2026-09-17 22:10:25 | INFO    | epoch 21 | batch 3800/4266 | loss 0.4856 | acc 0.9541 | lr 5.09e-05 | 271s
2026-09-17 22:10:27 | INFO    | epoch 21 | batch 3820/4266 | loss 0.4856 | acc 0.9540 | lr 5.09e-05 | 272s
2026-09-17 22:10:28 | INFO    | epoch 21 | batch 3840/4266 | loss 0.4857 | acc 0.9540 | lr 5.09e-05 | 274s
2026-09-17 22:10:29 | INFO    | epoch 21 | batch 3860/4266 | loss 0.4856 | acc 0.9540 | lr 5.09e-05 | 275s
2026-09-17 22:10:31 | INFO    | epoch 21 | batch 3880/4266 | loss 0.4856 | acc 0.9541 | lr 5.09e-05 | 277s
2026-09-17 22:10:32 | INFO    | epoch 21 | batch 3900/4266 | loss 0.4855 | acc 0.9541 | lr 5.09e-05 | 278s
2026-09-17 22:10:34 | INFO    | epoch 21 | batch 3920/4266 | loss 0.4855 | acc 0.9541 | lr 5.08e-05 | 279s
2026-09-17 22:10:35 | INFO    | epoch 21 | batch 3940/4266 | loss 0.4855 | acc 0.9541 | lr 5.08e-05 | 281s
2026-09-17 22:10:37 | INFO    | epoch 21 | batch 3960/4266 | loss 0.4855 | acc 0.9541 | lr 5.08e-05 | 282s
2026-09-17 22:10:38 | INFO    | epoch 21 | batch 3980/4266 | loss 0.4855 | acc 0.9541 | lr 5.08e-05 | 284s
2026-09-17 22:10:40 | INFO    | epoch 21 | batch 4000/4266 | loss 0.4854 | acc 0.9541 | lr 5.08e-05 | 285s
2026-09-17 22:10:41 | INFO    | epoch 21 | batch 4020/4266 | loss 0.4855 | acc 0.9541 | lr 5.07e-05 | 287s
2026-09-17 22:10:42 | INFO    | epoch 21 | batch 4040/4266 | loss 0.4855 | acc 0.9541 | lr 5.07e-05 | 288s
2026-09-17 22:10:44 | INFO    | epoch 21 | batch 4060/4266 | loss 0.4854 | acc 0.9541 | lr 5.07e-05 | 290s
2026-09-17 22:10:45 | INFO    | epoch 21 | batch 4080/4266 | loss 0.4853 | acc 0.9541 | lr 5.07e-05 | 291s
2026-09-17 22:10:47 | INFO    | epoch 21 | batch 4100/4266 | loss 0.4852 | acc 0.9542 | lr 5.07e-05 | 292s
2026-09-17 22:10:48 | INFO    | epoch 21 | batch 4120/4266 | loss 0.4852 | acc 0.9542 | lr 5.06e-05 | 294s
2026-09-17 22:10:50 | INFO    | epoch 21 | batch 4140/4266 | loss 0.4850 | acc 0.9543 | lr 5.06e-05 | 295s
2026-09-17 22:10:51 | INFO    | epoch 21 | batch 4160/4266 | loss 0.4850 | acc 0.9543 | lr 5.06e-05 | 297s
2026-09-17 22:10:53 | INFO    | epoch 21 | batch 4180/4266 | loss 0.4851 | acc 0.9542 | lr 5.06e-05 | 298s
2026-09-17 22:10:54 | INFO    | epoch 21 | batch 4200/4266 | loss 0.4851 | acc 0.9543 | lr 5.06e-05 | 300s
2026-09-17 22:10:56 | INFO    | epoch 21 | batch 4220/4266 | loss 0.4852 | acc 0.9542 | lr 5.05e-05 | 301s
2026-09-17 22:10:57 | INFO    | epoch 21 | batch 4240/4266 | loss 0.4852 | acc 0.9542 | lr 5.05e-05 | 303s
2026-09-17 22:10:59 | INFO    | epoch 21 | batch 4260/4266 | loss 0.4853 | acc 0.9542 | lr 5.05e-05 | 304s
2026-09-17 22:10:59 | INFO    | epoch 21 | batch 4266/4266 | loss 0.4853 | acc 0.9542 | lr 5.05e-05 | 305s
2026-09-17 22:11:09 | INFO    | epoch 21/40 done in 314s | train loss 0.4853 | train running patch (aug): accuracy=0.9542 precision=0.9537 recall=0.9528 f1=0.9533
2026-09-17 22:11:09 | INFO    | epoch 21 train (eval, no aug) | loss 0.5311 | patch[7280]: accuracy=0.9277 precision=0.9292 recall=0.9227 f1=0.9254 | image[455]: accuracy=0.9846 precision=0.9870 recall=0.9815 f1=0.9840
2026-09-17 22:11:09 | INFO    | epoch 21 val | loss 1.2019 | patch[8448]: accuracy=0.6514 precision=0.6421 recall=0.6251 f1=0.6280 | image[96]: accuracy=0.6771 precision=0.6849 recall=0.6572 f1=0.6610
2026-09-17 22:11:09 | INFO    | val_patch_f1 = 0.6280 (best 0.6280 @ epoch 21) *
2026-09-17 22:11:10 | INFO    | epoch 22 | batch 20/4266 | loss 0.5253 | acc 0.9313 | lr 5.05e-05 | 2s
2026-09-17 22:11:12 | INFO    | epoch 22 | batch 40/4266 | loss 0.4965 | acc 0.9453 | lr 5.05e-05 | 3s
2026-09-17 22:11:13 | INFO    | epoch 22 | batch 60/4266 | loss 0.4937 | acc 0.9495 | lr 5.04e-05 | 4s
2026-09-17 22:11:15 | INFO    | epoch 22 | batch 80/4266 | loss 0.4877 | acc 0.9543 | lr 5.04e-05 | 6s
2026-09-17 22:11:16 | INFO    | epoch 22 | batch 100/4266 | loss 0.4868 | acc 0.9550 | lr 5.04e-05 | 7s
2026-09-17 22:11:18 | INFO    | epoch 22 | batch 120/4266 | loss 0.4871 | acc 0.9544 | lr 5.04e-05 | 9s
2026-09-17 22:11:19 | INFO    | epoch 22 | batch 140/4266 | loss 0.4870 | acc 0.9547 | lr 5.04e-05 | 10s
2026-09-17 22:11:20 | INFO    | epoch 22 | batch 160/4266 | loss 0.4836 | acc 0.9557 | lr 5.03e-05 | 12s
2026-09-17 22:11:22 | INFO    | epoch 22 | batch 180/4266 | loss 0.4842 | acc 0.9554 | lr 5.03e-05 | 13s
2026-09-17 22:11:23 | INFO    | epoch 22 | batch 200/4266 | loss 0.4870 | acc 0.9539 | lr 5.03e-05 | 14s
2026-09-17 22:11:25 | INFO    | epoch 22 | batch 220/4266 | loss 0.4868 | acc 0.9541 | lr 5.03e-05 | 16s
2026-09-17 22:11:26 | INFO    | epoch 22 | batch 240/4266 | loss 0.4850 | acc 0.9549 | lr 5.03e-05 | 17s
2026-09-17 22:11:28 | INFO    | epoch 22 | batch 260/4266 | loss 0.4850 | acc 0.9547 | lr 5.03e-05 | 19s
2026-09-17 22:11:29 | INFO    | epoch 22 | batch 280/4266 | loss 0.4856 | acc 0.9546 | lr 5.02e-05 | 20s
2026-09-17 22:11:30 | INFO    | epoch 22 | batch 300/4266 | loss 0.4853 | acc 0.9548 | lr 5.02e-05 | 21s
2026-09-17 22:11:32 | INFO    | epoch 22 | batch 320/4266 | loss 0.4848 | acc 0.9549 | lr 5.02e-05 | 23s
2026-09-17 22:11:33 | INFO    | epoch 22 | batch 340/4266 | loss 0.4840 | acc 0.9552 | lr 5.02e-05 | 24s
2026-09-17 22:11:35 | INFO    | epoch 22 | batch 360/4266 | loss 0.4836 | acc 0.9559 | lr 5.02e-05 | 26s
2026-09-17 22:11:36 | INFO    | epoch 22 | batch 380/4266 | loss 0.4830 | acc 0.9563 | lr 5.01e-05 | 27s
2026-09-17 22:11:38 | INFO    | epoch 22 | batch 400/4266 | loss 0.4831 | acc 0.9563 | lr 5.01e-05 | 29s
2026-09-17 22:11:39 | INFO    | epoch 22 | batch 420/4266 | loss 0.4841 | acc 0.9559 | lr 5.01e-05 | 30s
2026-09-17 22:11:40 | INFO    | epoch 22 | batch 440/4266 | loss 0.4846 | acc 0.9555 | lr 5.01e-05 | 32s
2026-09-17 22:11:42 | INFO    | epoch 22 | batch 460/4266 | loss 0.4858 | acc 0.9546 | lr 5.01e-05 | 33s
2026-09-17 22:11:43 | INFO    | epoch 22 | batch 480/4266 | loss 0.4860 | acc 0.9546 | lr 5.00e-05 | 34s
2026-09-17 22:11:45 | INFO    | epoch 22 | batch 500/4266 | loss 0.4858 | acc 0.9548 | lr 5.00e-05 | 36s
2026-09-17 22:11:46 | INFO    | epoch 22 | batch 520/4266 | loss 0.4848 | acc 0.9551 | lr 5.00e-05 | 37s
2026-09-17 22:11:48 | INFO    | epoch 22 | batch 540/4266 | loss 0.4846 | acc 0.9554 | lr 5.00e-05 | 39s
2026-09-17 22:11:49 | INFO    | epoch 22 | batch 560/4266 | loss 0.4835 | acc 0.9557 | lr 5.00e-05 | 40s
2026-09-17 22:11:50 | INFO    | epoch 22 | batch 580/4266 | loss 0.4845 | acc 0.9555 | lr 4.99e-05 | 41s
2026-09-17 22:11:52 | INFO    | epoch 22 | batch 600/4266 | loss 0.4843 | acc 0.9555 | lr 4.99e-05 | 43s
2026-09-17 22:11:53 | INFO    | epoch 22 | batch 620/4266 | loss 0.4847 | acc 0.9552 | lr 4.99e-05 | 44s
2026-09-17 22:11:55 | INFO    | epoch 22 | batch 640/4266 | loss 0.4845 | acc 0.9553 | lr 4.99e-05 | 46s
2026-09-17 22:11:56 | INFO    | epoch 22 | batch 660/4266 | loss 0.4846 | acc 0.9551 | lr 4.99e-05 | 47s
2026-09-17 22:11:57 | INFO    | epoch 22 | batch 680/4266 | loss 0.4849 | acc 0.9549 | lr 4.98e-05 | 49s
2026-09-17 22:11:59 | INFO    | epoch 22 | batch 700/4266 | loss 0.4845 | acc 0.9550 | lr 4.98e-05 | 50s
2026-09-17 22:12:00 | INFO    | epoch 22 | batch 720/4266 | loss 0.4848 | acc 0.9549 | lr 4.98e-05 | 51s
2026-09-17 22:12:02 | INFO    | epoch 22 | batch 740/4266 | loss 0.4848 | acc 0.9549 | lr 4.98e-05 | 53s
2026-09-17 22:12:03 | INFO    | epoch 22 | batch 760/4266 | loss 0.4846 | acc 0.9549 | lr 4.98e-05 | 54s
2026-09-17 22:12:05 | INFO    | epoch 22 | batch 780/4266 | loss 0.4841 | acc 0.9550 | lr 4.98e-05 | 56s
2026-09-17 22:12:06 | INFO    | epoch 22 | batch 800/4266 | loss 0.4840 | acc 0.9552 | lr 4.97e-05 | 57s
2026-09-17 22:12:07 | INFO    | epoch 22 | batch 820/4266 | loss 0.4833 | acc 0.9556 | lr 4.97e-05 | 58s
2026-09-17 22:12:09 | INFO    | epoch 22 | batch 840/4266 | loss 0.4831 | acc 0.9555 | lr 4.97e-05 | 60s
2026-09-17 22:12:10 | INFO    | epoch 22 | batch 860/4266 | loss 0.4829 | acc 0.9556 | lr 4.97e-05 | 61s
2026-09-17 22:12:11 | INFO    | epoch 22 | batch 880/4266 | loss 0.4826 | acc 0.9558 | lr 4.97e-05 | 63s
2026-09-17 22:12:13 | INFO    | epoch 22 | batch 900/4266 | loss 0.4824 | acc 0.9560 | lr 4.96e-05 | 64s
2026-09-17 22:12:14 | INFO    | epoch 22 | batch 920/4266 | loss 0.4823 | acc 0.9559 | lr 4.96e-05 | 65s
2026-09-17 22:12:16 | INFO    | epoch 22 | batch 940/4266 | loss 0.4824 | acc 0.9560 | lr 4.96e-05 | 67s
2026-09-17 22:12:17 | INFO    | epoch 22 | batch 960/4266 | loss 0.4825 | acc 0.9560 | lr 4.96e-05 | 68s
2026-09-17 22:12:19 | INFO    | epoch 22 | batch 980/4266 | loss 0.4824 | acc 0.9559 | lr 4.96e-05 | 70s
2026-09-17 22:12:20 | INFO    | epoch 22 | batch 1000/4266 | loss 0.4823 | acc 0.9560 | lr 4.95e-05 | 71s
2026-09-17 22:12:21 | INFO    | epoch 22 | batch 1020/4266 | loss 0.4823 | acc 0.9560 | lr 4.95e-05 | 73s
2026-09-17 22:12:23 | INFO    | epoch 22 | batch 1040/4266 | loss 0.4818 | acc 0.9564 | lr 4.95e-05 | 74s
2026-09-17 22:12:24 | INFO    | epoch 22 | batch 1060/4266 | loss 0.4816 | acc 0.9564 | lr 4.95e-05 | 75s
2026-09-17 22:12:26 | INFO    | epoch 22 | batch 1080/4266 | loss 0.4819 | acc 0.9563 | lr 4.95e-05 | 77s
2026-09-17 22:12:27 | INFO    | epoch 22 | batch 1100/4266 | loss 0.4823 | acc 0.9560 | lr 4.94e-05 | 78s
2026-09-17 22:12:29 | INFO    | epoch 22 | batch 1120/4266 | loss 0.4820 | acc 0.9562 | lr 4.94e-05 | 80s
2026-09-17 22:12:30 | INFO    | epoch 22 | batch 1140/4266 | loss 0.4820 | acc 0.9562 | lr 4.94e-05 | 81s
2026-09-17 22:12:31 | INFO    | epoch 22 | batch 1160/4266 | loss 0.4819 | acc 0.9563 | lr 4.94e-05 | 83s
2026-09-17 22:12:33 | INFO    | epoch 22 | batch 1180/4266 | loss 0.4817 | acc 0.9565 | lr 4.94e-05 | 84s
2026-09-17 22:12:34 | INFO    | epoch 22 | batch 1200/4266 | loss 0.4817 | acc 0.9565 | lr 4.93e-05 | 85s
2026-09-17 22:12:36 | INFO    | epoch 22 | batch 1220/4266 | loss 0.4812 | acc 0.9567 | lr 4.93e-05 | 87s
2026-09-17 22:12:37 | INFO    | epoch 22 | batch 1240/4266 | loss 0.4817 | acc 0.9565 | lr 4.93e-05 | 88s
2026-09-17 22:12:39 | INFO    | epoch 22 | batch 1260/4266 | loss 0.4814 | acc 0.9567 | lr 4.93e-05 | 90s
2026-09-17 22:12:40 | INFO    | epoch 22 | batch 1280/4266 | loss 0.4812 | acc 0.9568 | lr 4.93e-05 | 91s
2026-09-17 22:12:41 | INFO    | epoch 22 | batch 1300/4266 | loss 0.4812 | acc 0.9567 | lr 4.93e-05 | 93s
2026-09-17 22:12:43 | INFO    | epoch 22 | batch 1320/4266 | loss 0.4811 | acc 0.9566 | lr 4.92e-05 | 94s
2026-09-17 22:12:44 | INFO    | epoch 22 | batch 1340/4266 | loss 0.4812 | acc 0.9565 | lr 4.92e-05 | 95s
2026-09-17 22:12:46 | INFO    | epoch 22 | batch 1360/4266 | loss 0.4810 | acc 0.9566 | lr 4.92e-05 | 97s
2026-09-17 22:12:47 | INFO    | epoch 22 | batch 1380/4266 | loss 0.4809 | acc 0.9567 | lr 4.92e-05 | 98s
2026-09-17 22:12:49 | INFO    | epoch 22 | batch 1400/4266 | loss 0.4812 | acc 0.9565 | lr 4.92e-05 | 100s
2026-09-17 22:12:50 | INFO    | epoch 22 | batch 1420/4266 | loss 0.4808 | acc 0.9567 | lr 4.91e-05 | 101s
2026-09-17 22:12:51 | INFO    | epoch 22 | batch 1440/4266 | loss 0.4810 | acc 0.9566 | lr 4.91e-05 | 103s
2026-09-17 22:12:53 | INFO    | epoch 22 | batch 1460/4266 | loss 0.4809 | acc 0.9567 | lr 4.91e-05 | 104s
2026-09-17 22:12:54 | INFO    | epoch 22 | batch 1480/4266 | loss 0.4806 | acc 0.9568 | lr 4.91e-05 | 105s
2026-09-17 22:12:56 | INFO    | epoch 22 | batch 1500/4266 | loss 0.4803 | acc 0.9569 | lr 4.91e-05 | 107s
2026-09-17 22:12:57 | INFO    | epoch 22 | batch 1520/4266 | loss 0.4804 | acc 0.9570 | lr 4.90e-05 | 108s
2026-09-17 22:12:59 | INFO    | epoch 22 | batch 1540/4266 | loss 0.4803 | acc 0.9570 | lr 4.90e-05 | 110s
2026-09-17 22:13:00 | INFO    | epoch 22 | batch 1560/4266 | loss 0.4803 | acc 0.9570 | lr 4.90e-05 | 111s
2026-09-17 22:13:01 | INFO    | epoch 22 | batch 1580/4266 | loss 0.4804 | acc 0.9570 | lr 4.90e-05 | 112s
2026-09-17 22:13:03 | INFO    | epoch 22 | batch 1600/4266 | loss 0.4803 | acc 0.9571 | lr 4.90e-05 | 114s
2026-09-17 22:13:04 | INFO    | epoch 22 | batch 1620/4266 | loss 0.4803 | acc 0.9570 | lr 4.89e-05 | 115s
2026-09-17 22:13:06 | INFO    | epoch 22 | batch 1640/4266 | loss 0.4804 | acc 0.9570 | lr 4.89e-05 | 117s
2026-09-17 22:13:07 | INFO    | epoch 22 | batch 1660/4266 | loss 0.4804 | acc 0.9569 | lr 4.89e-05 | 118s
2026-09-17 22:13:08 | INFO    | epoch 22 | batch 1680/4266 | loss 0.4803 | acc 0.9570 | lr 4.89e-05 | 119s
2026-09-17 22:13:10 | INFO    | epoch 22 | batch 1700/4266 | loss 0.4804 | acc 0.9569 | lr 4.89e-05 | 121s
2026-09-17 22:13:11 | INFO    | epoch 22 | batch 1720/4266 | loss 0.4804 | acc 0.9568 | lr 4.89e-05 | 122s
2026-09-17 22:13:12 | INFO    | epoch 22 | batch 1740/4266 | loss 0.4804 | acc 0.9568 | lr 4.88e-05 | 124s
2026-09-17 22:13:14 | INFO    | epoch 22 | batch 1760/4266 | loss 0.4806 | acc 0.9567 | lr 4.88e-05 | 125s
2026-09-17 22:13:15 | INFO    | epoch 22 | batch 1780/4266 | loss 0.4805 | acc 0.9567 | lr 4.88e-05 | 126s
2026-09-17 22:13:17 | INFO    | epoch 22 | batch 1800/4266 | loss 0.4807 | acc 0.9567 | lr 4.88e-05 | 128s
2026-09-17 22:13:18 | INFO    | epoch 22 | batch 1820/4266 | loss 0.4807 | acc 0.9566 | lr 4.88e-05 | 129s
2026-09-17 22:13:20 | INFO    | epoch 22 | batch 1840/4266 | loss 0.4805 | acc 0.9567 | lr 4.87e-05 | 131s
2026-09-17 22:13:21 | INFO    | epoch 22 | batch 1860/4266 | loss 0.4807 | acc 0.9566 | lr 4.87e-05 | 132s
2026-09-17 22:13:22 | INFO    | epoch 22 | batch 1880/4266 | loss 0.4807 | acc 0.9566 | lr 4.87e-05 | 133s
2026-09-17 22:13:24 | INFO    | epoch 22 | batch 1900/4266 | loss 0.4806 | acc 0.9566 | lr 4.87e-05 | 135s
2026-09-17 22:13:25 | INFO    | epoch 22 | batch 1920/4266 | loss 0.4807 | acc 0.9566 | lr 4.87e-05 | 136s
2026-09-17 22:13:27 | INFO    | epoch 22 | batch 1940/4266 | loss 0.4806 | acc 0.9567 | lr 4.86e-05 | 138s
2026-09-17 22:13:28 | INFO    | epoch 22 | batch 1960/4266 | loss 0.4807 | acc 0.9566 | lr 4.86e-05 | 139s
2026-09-17 22:13:29 | INFO    | epoch 22 | batch 1980/4266 | loss 0.4808 | acc 0.9566 | lr 4.86e-05 | 141s
2026-09-17 22:13:31 | INFO    | epoch 22 | batch 2000/4266 | loss 0.4807 | acc 0.9567 | lr 4.86e-05 | 142s
2026-09-17 22:13:32 | INFO    | epoch 22 | batch 2020/4266 | loss 0.4808 | acc 0.9566 | lr 4.86e-05 | 144s
2026-09-17 22:13:34 | INFO    | epoch 22 | batch 2040/4266 | loss 0.4810 | acc 0.9565 | lr 4.85e-05 | 145s
2026-09-17 22:13:35 | INFO    | epoch 22 | batch 2060/4266 | loss 0.4811 | acc 0.9565 | lr 4.85e-05 | 146s
2026-09-17 22:13:37 | INFO    | epoch 22 | batch 2080/4266 | loss 0.4812 | acc 0.9564 | lr 4.85e-05 | 148s
2026-09-17 22:13:38 | INFO    | epoch 22 | batch 2100/4266 | loss 0.4813 | acc 0.9564 | lr 4.85e-05 | 149s
2026-09-17 22:13:40 | INFO    | epoch 22 | batch 2120/4266 | loss 0.4813 | acc 0.9563 | lr 4.85e-05 | 151s
2026-09-17 22:13:41 | INFO    | epoch 22 | batch 2140/4266 | loss 0.4813 | acc 0.9563 | lr 4.84e-05 | 152s
2026-09-17 22:13:42 | INFO    | epoch 22 | batch 2160/4266 | loss 0.4812 | acc 0.9563 | lr 4.84e-05 | 154s
2026-09-17 22:13:44 | INFO    | epoch 22 | batch 2180/4266 | loss 0.4812 | acc 0.9562 | lr 4.84e-05 | 155s
2026-09-17 22:13:45 | INFO    | epoch 22 | batch 2200/4266 | loss 0.4812 | acc 0.9562 | lr 4.84e-05 | 156s
2026-09-17 22:13:47 | INFO    | epoch 22 | batch 2220/4266 | loss 0.4810 | acc 0.9563 | lr 4.84e-05 | 158s
2026-09-17 22:13:48 | INFO    | epoch 22 | batch 2240/4266 | loss 0.4810 | acc 0.9563 | lr 4.84e-05 | 159s
2026-09-17 22:13:49 | INFO    | epoch 22 | batch 2260/4266 | loss 0.4811 | acc 0.9562 | lr 4.83e-05 | 161s
2026-09-17 22:13:51 | INFO    | epoch 22 | batch 2280/4266 | loss 0.4811 | acc 0.9562 | lr 4.83e-05 | 162s
2026-09-17 22:13:52 | INFO    | epoch 22 | batch 2300/4266 | loss 0.4809 | acc 0.9563 | lr 4.83e-05 | 163s
2026-09-17 22:13:54 | INFO    | epoch 22 | batch 2320/4266 | loss 0.4809 | acc 0.9563 | lr 4.83e-05 | 165s
2026-09-17 22:13:55 | INFO    | epoch 22 | batch 2340/4266 | loss 0.4808 | acc 0.9563 | lr 4.83e-05 | 166s
2026-09-17 22:13:56 | INFO    | epoch 22 | batch 2360/4266 | loss 0.4808 | acc 0.9564 | lr 4.82e-05 | 168s
2026-09-17 22:13:58 | INFO    | epoch 22 | batch 2380/4266 | loss 0.4808 | acc 0.9563 | lr 4.82e-05 | 169s
2026-09-17 22:13:59 | INFO    | epoch 22 | batch 2400/4266 | loss 0.4809 | acc 0.9563 | lr 4.82e-05 | 170s
2026-09-17 22:14:01 | INFO    | epoch 22 | batch 2420/4266 | loss 0.4808 | acc 0.9563 | lr 4.82e-05 | 172s
2026-09-17 22:14:02 | INFO    | epoch 22 | batch 2440/4266 | loss 0.4810 | acc 0.9563 | lr 4.82e-05 | 173s
2026-09-17 22:14:03 | INFO    | epoch 22 | batch 2460/4266 | loss 0.4810 | acc 0.9563 | lr 4.81e-05 | 175s
2026-09-17 22:14:05 | INFO    | epoch 22 | batch 2480/4266 | loss 0.4808 | acc 0.9563 | lr 4.81e-05 | 176s
2026-09-17 22:14:06 | INFO    | epoch 22 | batch 2500/4266 | loss 0.4807 | acc 0.9563 | lr 4.81e-05 | 177s
2026-09-17 22:14:08 | INFO    | epoch 22 | batch 2520/4266 | loss 0.4807 | acc 0.9563 | lr 4.81e-05 | 179s
2026-09-17 22:14:09 | INFO    | epoch 22 | batch 2540/4266 | loss 0.4808 | acc 0.9563 | lr 4.81e-05 | 180s
2026-09-17 22:14:10 | INFO    | epoch 22 | batch 2560/4266 | loss 0.4807 | acc 0.9563 | lr 4.80e-05 | 181s
2026-09-17 22:14:12 | INFO    | epoch 22 | batch 2580/4266 | loss 0.4807 | acc 0.9563 | lr 4.80e-05 | 183s
2026-09-17 22:14:13 | INFO    | epoch 22 | batch 2600/4266 | loss 0.4808 | acc 0.9562 | lr 4.80e-05 | 184s
2026-09-17 22:14:14 | INFO    | epoch 22 | batch 2620/4266 | loss 0.4808 | acc 0.9562 | lr 4.80e-05 | 185s
2026-09-17 22:14:16 | INFO    | epoch 22 | batch 2640/4266 | loss 0.4807 | acc 0.9563 | lr 4.80e-05 | 187s
2026-09-17 22:14:17 | INFO    | epoch 22 | batch 2660/4266 | loss 0.4806 | acc 0.9563 | lr 4.79e-05 | 188s
2026-09-17 22:14:18 | INFO    | epoch 22 | batch 2680/4266 | loss 0.4805 | acc 0.9563 | lr 4.79e-05 | 189s
2026-09-17 22:14:20 | INFO    | epoch 22 | batch 2700/4266 | loss 0.4805 | acc 0.9563 | lr 4.79e-05 | 191s
2026-09-17 22:14:21 | INFO    | epoch 22 | batch 2720/4266 | loss 0.4804 | acc 0.9564 | lr 4.79e-05 | 192s
2026-09-17 22:14:23 | INFO    | epoch 22 | batch 2740/4266 | loss 0.4805 | acc 0.9563 | lr 4.79e-05 | 194s
2026-09-17 22:14:24 | INFO    | epoch 22 | batch 2760/4266 | loss 0.4805 | acc 0.9563 | lr 4.79e-05 | 195s
2026-09-17 22:14:26 | INFO    | epoch 22 | batch 2780/4266 | loss 0.4805 | acc 0.9563 | lr 4.78e-05 | 197s
2026-09-17 22:14:27 | INFO    | epoch 22 | batch 2800/4266 | loss 0.4804 | acc 0.9564 | lr 4.78e-05 | 198s
2026-09-17 22:14:29 | INFO    | epoch 22 | batch 2820/4266 | loss 0.4805 | acc 0.9564 | lr 4.78e-05 | 200s
2026-09-17 22:14:30 | INFO    | epoch 22 | batch 2840/4266 | loss 0.4804 | acc 0.9564 | lr 4.78e-05 | 201s
2026-09-17 22:14:32 | INFO    | epoch 22 | batch 2860/4266 | loss 0.4805 | acc 0.9563 | lr 4.78e-05 | 203s
2026-09-17 22:14:33 | INFO    | epoch 22 | batch 2880/4266 | loss 0.4808 | acc 0.9561 | lr 4.77e-05 | 204s
2026-09-17 22:14:35 | INFO    | epoch 22 | batch 2900/4266 | loss 0.4808 | acc 0.9561 | lr 4.77e-05 | 206s
2026-09-17 22:14:36 | INFO    | epoch 22 | batch 2920/4266 | loss 0.4808 | acc 0.9561 | lr 4.77e-05 | 207s
2026-09-17 22:14:37 | INFO    | epoch 22 | batch 2940/4266 | loss 0.4807 | acc 0.9561 | lr 4.77e-05 | 209s
2026-09-17 22:14:39 | INFO    | epoch 22 | batch 2960/4266 | loss 0.4808 | acc 0.9560 | lr 4.77e-05 | 210s
2026-09-17 22:14:40 | INFO    | epoch 22 | batch 2980/4266 | loss 0.4809 | acc 0.9559 | lr 4.76e-05 | 211s
2026-09-17 22:14:42 | INFO    | epoch 22 | batch 3000/4266 | loss 0.4809 | acc 0.9559 | lr 4.76e-05 | 213s
2026-09-17 22:14:43 | INFO    | epoch 22 | batch 3020/4266 | loss 0.4810 | acc 0.9559 | lr 4.76e-05 | 214s
2026-09-17 22:14:45 | INFO    | epoch 22 | batch 3040/4266 | loss 0.4809 | acc 0.9559 | lr 4.76e-05 | 216s
2026-09-17 22:14:46 | INFO    | epoch 22 | batch 3060/4266 | loss 0.4810 | acc 0.9558 | lr 4.76e-05 | 217s
2026-09-17 22:14:47 | INFO    | epoch 22 | batch 3080/4266 | loss 0.4810 | acc 0.9559 | lr 4.75e-05 | 219s
2026-09-17 22:14:49 | INFO    | epoch 22 | batch 3100/4266 | loss 0.4809 | acc 0.9559 | lr 4.75e-05 | 220s
2026-09-17 22:14:50 | INFO    | epoch 22 | batch 3120/4266 | loss 0.4810 | acc 0.9559 | lr 4.75e-05 | 221s
2026-09-17 22:14:52 | INFO    | epoch 22 | batch 3140/4266 | loss 0.4810 | acc 0.9558 | lr 4.75e-05 | 223s
2026-09-17 22:14:53 | INFO    | epoch 22 | batch 3160/4266 | loss 0.4811 | acc 0.9559 | lr 4.75e-05 | 224s
2026-09-17 22:14:55 | INFO    | epoch 22 | batch 3180/4266 | loss 0.4810 | acc 0.9559 | lr 4.75e-05 | 226s
2026-09-17 22:14:56 | INFO    | epoch 22 | batch 3200/4266 | loss 0.4810 | acc 0.9559 | lr 4.74e-05 | 227s
2026-09-17 22:14:57 | INFO    | epoch 22 | batch 3220/4266 | loss 0.4808 | acc 0.9560 | lr 4.74e-05 | 228s
2026-09-17 22:14:59 | INFO    | epoch 22 | batch 3240/4266 | loss 0.4808 | acc 0.9560 | lr 4.74e-05 | 230s
2026-09-17 22:15:00 | INFO    | epoch 22 | batch 3260/4266 | loss 0.4808 | acc 0.9560 | lr 4.74e-05 | 231s
2026-09-17 22:15:02 | INFO    | epoch 22 | batch 3280/4266 | loss 0.4806 | acc 0.9561 | lr 4.74e-05 | 233s
2026-09-17 22:15:03 | INFO    | epoch 22 | batch 3300/4266 | loss 0.4807 | acc 0.9560 | lr 4.73e-05 | 234s
2026-09-17 22:15:04 | INFO    | epoch 22 | batch 3320/4266 | loss 0.4807 | acc 0.9561 | lr 4.73e-05 | 235s
2026-09-17 22:15:06 | INFO    | epoch 22 | batch 3340/4266 | loss 0.4806 | acc 0.9561 | lr 4.73e-05 | 237s
2026-09-17 22:15:07 | INFO    | epoch 22 | batch 3360/4266 | loss 0.4805 | acc 0.9562 | lr 4.73e-05 | 238s
2026-09-17 22:15:08 | INFO    | epoch 22 | batch 3380/4266 | loss 0.4803 | acc 0.9563 | lr 4.73e-05 | 239s
2026-09-17 22:15:10 | INFO    | epoch 22 | batch 3400/4266 | loss 0.4803 | acc 0.9563 | lr 4.72e-05 | 241s
2026-09-17 22:15:11 | INFO    | epoch 22 | batch 3420/4266 | loss 0.4805 | acc 0.9562 | lr 4.72e-05 | 242s
2026-09-17 22:15:12 | INFO    | epoch 22 | batch 3440/4266 | loss 0.4804 | acc 0.9563 | lr 4.72e-05 | 244s
2026-09-17 22:15:14 | INFO    | epoch 22 | batch 3460/4266 | loss 0.4804 | acc 0.9563 | lr 4.72e-05 | 245s
2026-09-17 22:15:15 | INFO    | epoch 22 | batch 3480/4266 | loss 0.4803 | acc 0.9563 | lr 4.72e-05 | 246s
2026-09-17 22:15:17 | INFO    | epoch 22 | batch 3500/4266 | loss 0.4803 | acc 0.9563 | lr 4.71e-05 | 248s
2026-09-17 22:15:18 | INFO    | epoch 22 | batch 3520/4266 | loss 0.4803 | acc 0.9563 | lr 4.71e-05 | 249s
2026-09-17 22:15:20 | INFO    | epoch 22 | batch 3540/4266 | loss 0.4802 | acc 0.9564 | lr 4.71e-05 | 251s
2026-09-17 22:15:21 | INFO    | epoch 22 | batch 3560/4266 | loss 0.4803 | acc 0.9563 | lr 4.71e-05 | 252s
2026-09-17 22:15:23 | INFO    | epoch 22 | batch 3580/4266 | loss 0.4803 | acc 0.9563 | lr 4.71e-05 | 254s
2026-09-17 22:15:24 | INFO    | epoch 22 | batch 3600/4266 | loss 0.4803 | acc 0.9564 | lr 4.70e-05 | 255s
2026-09-17 22:15:26 | INFO    | epoch 22 | batch 3620/4266 | loss 0.4804 | acc 0.9563 | lr 4.70e-05 | 257s
2026-09-17 22:15:27 | INFO    | epoch 22 | batch 3640/4266 | loss 0.4804 | acc 0.9563 | lr 4.70e-05 | 258s
2026-09-17 22:15:29 | INFO    | epoch 22 | batch 3660/4266 | loss 0.4804 | acc 0.9563 | lr 4.70e-05 | 260s
2026-09-17 22:15:30 | INFO    | epoch 22 | batch 3680/4266 | loss 0.4805 | acc 0.9563 | lr 4.70e-05 | 261s
2026-09-17 22:15:32 | INFO    | epoch 22 | batch 3700/4266 | loss 0.4803 | acc 0.9564 | lr 4.70e-05 | 263s
2026-09-17 22:15:33 | INFO    | epoch 22 | batch 3720/4266 | loss 0.4802 | acc 0.9564 | lr 4.69e-05 | 264s
2026-09-17 22:15:34 | INFO    | epoch 22 | batch 3740/4266 | loss 0.4803 | acc 0.9563 | lr 4.69e-05 | 265s
2026-09-17 22:15:36 | INFO    | epoch 22 | batch 3760/4266 | loss 0.4802 | acc 0.9564 | lr 4.69e-05 | 267s
2026-09-17 22:15:37 | INFO    | epoch 22 | batch 3780/4266 | loss 0.4802 | acc 0.9564 | lr 4.69e-05 | 268s
2026-09-17 22:15:39 | INFO    | epoch 22 | batch 3800/4266 | loss 0.4802 | acc 0.9563 | lr 4.69e-05 | 270s
2026-09-17 22:15:40 | INFO    | epoch 22 | batch 3820/4266 | loss 0.4802 | acc 0.9563 | lr 4.68e-05 | 271s
2026-09-17 22:15:42 | INFO    | epoch 22 | batch 3840/4266 | loss 0.4803 | acc 0.9563 | lr 4.68e-05 | 273s
2026-09-17 22:15:43 | INFO    | epoch 22 | batch 3860/4266 | loss 0.4804 | acc 0.9562 | lr 4.68e-05 | 274s
2026-09-17 22:15:44 | INFO    | epoch 22 | batch 3880/4266 | loss 0.4805 | acc 0.9562 | lr 4.68e-05 | 275s
2026-09-17 22:15:46 | INFO    | epoch 22 | batch 3900/4266 | loss 0.4805 | acc 0.9562 | lr 4.68e-05 | 277s
2026-09-17 22:15:47 | INFO    | epoch 22 | batch 3920/4266 | loss 0.4804 | acc 0.9563 | lr 4.67e-05 | 278s
2026-09-17 22:15:48 | INFO    | epoch 22 | batch 3940/4266 | loss 0.4804 | acc 0.9563 | lr 4.67e-05 | 280s
2026-09-17 22:15:50 | INFO    | epoch 22 | batch 3960/4266 | loss 0.4805 | acc 0.9563 | lr 4.67e-05 | 281s
2026-09-17 22:15:51 | INFO    | epoch 22 | batch 3980/4266 | loss 0.4806 | acc 0.9562 | lr 4.67e-05 | 282s
2026-09-17 22:15:53 | INFO    | epoch 22 | batch 4000/4266 | loss 0.4806 | acc 0.9562 | lr 4.67e-05 | 284s
2026-09-17 22:15:54 | INFO    | epoch 22 | batch 4020/4266 | loss 0.4806 | acc 0.9563 | lr 4.66e-05 | 285s
2026-09-17 22:15:55 | INFO    | epoch 22 | batch 4040/4266 | loss 0.4806 | acc 0.9563 | lr 4.66e-05 | 287s
2026-09-17 22:15:57 | INFO    | epoch 22 | batch 4060/4266 | loss 0.4806 | acc 0.9563 | lr 4.66e-05 | 288s
2026-09-17 22:15:58 | INFO    | epoch 22 | batch 4080/4266 | loss 0.4806 | acc 0.9562 | lr 4.66e-05 | 289s
2026-09-17 22:16:00 | INFO    | epoch 22 | batch 4100/4266 | loss 0.4806 | acc 0.9563 | lr 4.66e-05 | 291s
2026-09-17 22:16:01 | INFO    | epoch 22 | batch 4120/4266 | loss 0.4805 | acc 0.9563 | lr 4.66e-05 | 292s
2026-09-17 22:16:03 | INFO    | epoch 22 | batch 4140/4266 | loss 0.4804 | acc 0.9564 | lr 4.65e-05 | 294s
2026-09-17 22:16:04 | INFO    | epoch 22 | batch 4160/4266 | loss 0.4805 | acc 0.9563 | lr 4.65e-05 | 295s
2026-09-17 22:16:06 | INFO    | epoch 22 | batch 4180/4266 | loss 0.4803 | acc 0.9563 | lr 4.65e-05 | 297s
2026-09-17 22:16:07 | INFO    | epoch 22 | batch 4200/4266 | loss 0.4803 | acc 0.9564 | lr 4.65e-05 | 298s
2026-09-17 22:16:08 | INFO    | epoch 22 | batch 4220/4266 | loss 0.4803 | acc 0.9564 | lr 4.65e-05 | 300s
2026-09-17 22:16:10 | INFO    | epoch 22 | batch 4240/4266 | loss 0.4803 | acc 0.9564 | lr 4.64e-05 | 301s
2026-09-17 22:16:11 | INFO    | epoch 22 | batch 4260/4266 | loss 0.4804 | acc 0.9564 | lr 4.64e-05 | 302s
2026-09-17 22:16:11 | INFO    | epoch 22 | batch 4266/4266 | loss 0.4804 | acc 0.9564 | lr 4.64e-05 | 303s
2026-09-17 22:16:21 | INFO    | epoch 22/40 done in 312s | train loss 0.4804 | train running patch (aug): accuracy=0.9564 precision=0.9559 recall=0.9550 f1=0.9554
2026-09-17 22:16:21 | INFO    | epoch 22 train (eval, no aug) | loss 0.5123 | patch[7280]: accuracy=0.9387 precision=0.9436 recall=0.9380 f1=0.9396 | image[455]: accuracy=0.9802 precision=0.9843 recall=0.9818 f1=0.9823
2026-09-17 22:16:21 | INFO    | epoch 22 val | loss 1.1941 | patch[8448]: accuracy=0.6529 precision=0.6399 recall=0.6303 f1=0.6314 | image[96]: accuracy=0.7292 precision=0.7197 recall=0.7104 f1=0.7099
2026-09-17 22:16:21 | INFO    | val_patch_f1 = 0.6314 (best 0.6314 @ epoch 22) *
2026-09-17 22:16:23 | INFO    | epoch 23 | batch 20/4266 | loss 0.4810 | acc 0.9578 | lr 4.64e-05 | 2s
2026-09-17 22:16:24 | INFO    | epoch 23 | batch 40/4266 | loss 0.4656 | acc 0.9680 | lr 4.64e-05 | 3s
2026-09-17 22:16:26 | INFO    | epoch 23 | batch 60/4266 | loss 0.4650 | acc 0.9703 | lr 4.64e-05 | 4s
2026-09-17 22:16:27 | INFO    | epoch 23 | batch 80/4266 | loss 0.4641 | acc 0.9680 | lr 4.63e-05 | 6s
2026-09-17 22:16:28 | INFO    | epoch 23 | batch 100/4266 | loss 0.4669 | acc 0.9637 | lr 4.63e-05 | 7s
2026-09-17 22:16:30 | INFO    | epoch 23 | batch 120/4266 | loss 0.4698 | acc 0.9633 | lr 4.63e-05 | 8s
2026-09-17 22:16:31 | INFO    | epoch 23 | batch 140/4266 | loss 0.4696 | acc 0.9632 | lr 4.63e-05 | 10s
2026-09-17 22:16:33 | INFO    | epoch 23 | batch 160/4266 | loss 0.4719 | acc 0.9619 | lr 4.63e-05 | 11s
2026-09-17 22:16:34 | INFO    | epoch 23 | batch 180/4266 | loss 0.4707 | acc 0.9630 | lr 4.62e-05 | 13s
2026-09-17 22:16:36 | INFO    | epoch 23 | batch 200/4266 | loss 0.4715 | acc 0.9623 | lr 4.62e-05 | 14s
2026-09-17 22:16:37 | INFO    | epoch 23 | batch 220/4266 | loss 0.4707 | acc 0.9629 | lr 4.62e-05 | 16s
2026-09-17 22:16:38 | INFO    | epoch 23 | batch 240/4266 | loss 0.4730 | acc 0.9615 | lr 4.62e-05 | 17s
2026-09-17 22:16:40 | INFO    | epoch 23 | batch 260/4266 | loss 0.4731 | acc 0.9614 | lr 4.62e-05 | 19s
2026-09-17 22:16:41 | INFO    | epoch 23 | batch 280/4266 | loss 0.4732 | acc 0.9610 | lr 4.61e-05 | 20s
2026-09-17 22:16:43 | INFO    | epoch 23 | batch 300/4266 | loss 0.4744 | acc 0.9603 | lr 4.61e-05 | 21s
2026-09-17 22:16:44 | INFO    | epoch 23 | batch 320/4266 | loss 0.4747 | acc 0.9599 | lr 4.61e-05 | 23s
2026-09-17 22:16:46 | INFO    | epoch 23 | batch 340/4266 | loss 0.4738 | acc 0.9600 | lr 4.61e-05 | 24s
2026-09-17 22:16:47 | INFO    | epoch 23 | batch 360/4266 | loss 0.4746 | acc 0.9600 | lr 4.61e-05 | 26s
2026-09-17 22:16:48 | INFO    | epoch 23 | batch 380/4266 | loss 0.4745 | acc 0.9601 | lr 4.60e-05 | 27s
2026-09-17 22:16:50 | INFO    | epoch 23 | batch 400/4266 | loss 0.4748 | acc 0.9601 | lr 4.60e-05 | 28s
2026-09-17 22:16:51 | INFO    | epoch 23 | batch 420/4266 | loss 0.4748 | acc 0.9603 | lr 4.60e-05 | 30s
2026-09-17 22:16:53 | INFO    | epoch 23 | batch 440/4266 | loss 0.4747 | acc 0.9602 | lr 4.60e-05 | 31s
2026-09-17 22:16:54 | INFO    | epoch 23 | batch 460/4266 | loss 0.4758 | acc 0.9594 | lr 4.60e-05 | 33s
2026-09-17 22:16:55 | INFO    | epoch 23 | batch 480/4266 | loss 0.4759 | acc 0.9593 | lr 4.60e-05 | 34s
2026-09-17 22:16:57 | INFO    | epoch 23 | batch 500/4266 | loss 0.4752 | acc 0.9596 | lr 4.59e-05 | 35s
2026-09-17 22:16:58 | INFO    | epoch 23 | batch 520/4266 | loss 0.4743 | acc 0.9600 | lr 4.59e-05 | 37s
2026-09-17 22:17:00 | INFO    | epoch 23 | batch 540/4266 | loss 0.4736 | acc 0.9604 | lr 4.59e-05 | 38s
2026-09-17 22:17:01 | INFO    | epoch 23 | batch 560/4266 | loss 0.4743 | acc 0.9600 | lr 4.59e-05 | 40s
2026-09-17 22:17:02 | INFO    | epoch 23 | batch 580/4266 | loss 0.4746 | acc 0.9599 | lr 4.59e-05 | 41s
2026-09-17 22:17:04 | INFO    | epoch 23 | batch 600/4266 | loss 0.4742 | acc 0.9599 | lr 4.58e-05 | 42s
2026-09-17 22:17:05 | INFO    | epoch 23 | batch 620/4266 | loss 0.4736 | acc 0.9603 | lr 4.58e-05 | 44s
2026-09-17 22:17:07 | INFO    | epoch 23 | batch 640/4266 | loss 0.4732 | acc 0.9604 | lr 4.58e-05 | 45s
2026-09-17 22:17:08 | INFO    | epoch 23 | batch 660/4266 | loss 0.4741 | acc 0.9599 | lr 4.58e-05 | 47s
2026-09-17 22:17:09 | INFO    | epoch 23 | batch 680/4266 | loss 0.4736 | acc 0.9602 | lr 4.58e-05 | 48s
2026-09-17 22:17:11 | INFO    | epoch 23 | batch 700/4266 | loss 0.4732 | acc 0.9605 | lr 4.57e-05 | 50s
2026-09-17 22:17:12 | INFO    | epoch 23 | batch 720/4266 | loss 0.4730 | acc 0.9606 | lr 4.57e-05 | 51s
2026-09-17 22:17:14 | INFO    | epoch 23 | batch 740/4266 | loss 0.4728 | acc 0.9604 | lr 4.57e-05 | 52s
2026-09-17 22:17:15 | INFO    | epoch 23 | batch 760/4266 | loss 0.4728 | acc 0.9605 | lr 4.57e-05 | 54s
2026-09-17 22:17:17 | INFO    | epoch 23 | batch 780/4266 | loss 0.4725 | acc 0.9609 | lr 4.57e-05 | 55s
2026-09-17 22:17:18 | INFO    | epoch 23 | batch 800/4266 | loss 0.4728 | acc 0.9608 | lr 4.56e-05 | 57s
2026-09-17 22:17:19 | INFO    | epoch 23 | batch 820/4266 | loss 0.4733 | acc 0.9604 | lr 4.56e-05 | 58s
2026-09-17 22:17:21 | INFO    | epoch 23 | batch 840/4266 | loss 0.4731 | acc 0.9605 | lr 4.56e-05 | 59s
2026-09-17 22:17:22 | INFO    | epoch 23 | batch 860/4266 | loss 0.4727 | acc 0.9607 | lr 4.56e-05 | 61s
2026-09-17 22:17:24 | INFO    | epoch 23 | batch 880/4266 | loss 0.4727 | acc 0.9608 | lr 4.56e-05 | 62s
2026-09-17 22:17:25 | INFO    | epoch 23 | batch 900/4266 | loss 0.4728 | acc 0.9608 | lr 4.56e-05 | 64s
2026-09-17 22:17:27 | INFO    | epoch 23 | batch 920/4266 | loss 0.4732 | acc 0.9607 | lr 4.55e-05 | 65s
2026-09-17 22:17:28 | INFO    | epoch 23 | batch 940/4266 | loss 0.4732 | acc 0.9606 | lr 4.55e-05 | 67s
2026-09-17 22:17:29 | INFO    | epoch 23 | batch 960/4266 | loss 0.4730 | acc 0.9605 | lr 4.55e-05 | 68s
2026-09-17 22:17:31 | INFO    | epoch 23 | batch 980/4266 | loss 0.4730 | acc 0.9605 | lr 4.55e-05 | 69s
2026-09-17 22:17:32 | INFO    | epoch 23 | batch 1000/4266 | loss 0.4733 | acc 0.9603 | lr 4.55e-05 | 71s
2026-09-17 22:17:34 | INFO    | epoch 23 | batch 1020/4266 | loss 0.4735 | acc 0.9601 | lr 4.54e-05 | 72s
2026-09-17 22:17:35 | INFO    | epoch 23 | batch 1040/4266 | loss 0.4739 | acc 0.9598 | lr 4.54e-05 | 74s
2026-09-17 22:17:36 | INFO    | epoch 23 | batch 1060/4266 | loss 0.4739 | acc 0.9598 | lr 4.54e-05 | 75s
2026-09-17 22:17:38 | INFO    | epoch 23 | batch 1080/4266 | loss 0.4744 | acc 0.9595 | lr 4.54e-05 | 76s
2026-09-17 22:17:39 | INFO    | epoch 23 | batch 1100/4266 | loss 0.4743 | acc 0.9595 | lr 4.54e-05 | 78s
2026-09-17 22:17:41 | INFO    | epoch 23 | batch 1120/4266 | loss 0.4742 | acc 0.9597 | lr 4.53e-05 | 79s
2026-09-17 22:17:42 | INFO    | epoch 23 | batch 1140/4266 | loss 0.4741 | acc 0.9598 | lr 4.53e-05 | 81s
2026-09-17 22:17:44 | INFO    | epoch 23 | batch 1160/4266 | loss 0.4741 | acc 0.9599 | lr 4.53e-05 | 82s
2026-09-17 22:17:45 | INFO    | epoch 23 | batch 1180/4266 | loss 0.4746 | acc 0.9597 | lr 4.53e-05 | 84s
2026-09-17 22:17:47 | INFO    | epoch 23 | batch 1200/4266 | loss 0.4746 | acc 0.9596 | lr 4.53e-05 | 85s
2026-09-17 22:17:48 | INFO    | epoch 23 | batch 1220/4266 | loss 0.4749 | acc 0.9593 | lr 4.52e-05 | 87s
2026-09-17 22:17:49 | INFO    | epoch 23 | batch 1240/4266 | loss 0.4749 | acc 0.9594 | lr 4.52e-05 | 88s
2026-09-17 22:17:51 | INFO    | epoch 23 | batch 1260/4266 | loss 0.4752 | acc 0.9592 | lr 4.52e-05 | 90s
2026-09-17 22:17:52 | INFO    | epoch 23 | batch 1280/4266 | loss 0.4751 | acc 0.9593 | lr 4.52e-05 | 91s
2026-09-17 22:17:54 | INFO    | epoch 23 | batch 1300/4266 | loss 0.4750 | acc 0.9594 | lr 4.52e-05 | 93s
2026-09-17 22:17:55 | INFO    | epoch 23 | batch 1320/4266 | loss 0.4748 | acc 0.9595 | lr 4.52e-05 | 94s
2026-09-17 22:17:57 | INFO    | epoch 23 | batch 1340/4266 | loss 0.4745 | acc 0.9597 | lr 4.51e-05 | 95s
2026-09-17 22:17:58 | INFO    | epoch 23 | batch 1360/4266 | loss 0.4744 | acc 0.9597 | lr 4.51e-05 | 97s
2026-09-17 22:18:00 | INFO    | epoch 23 | batch 1380/4266 | loss 0.4746 | acc 0.9596 | lr 4.51e-05 | 98s
2026-09-17 22:18:01 | INFO    | epoch 23 | batch 1400/4266 | loss 0.4746 | acc 0.9596 | lr 4.51e-05 | 100s
2026-09-17 22:18:03 | INFO    | epoch 23 | batch 1420/4266 | loss 0.4744 | acc 0.9597 | lr 4.51e-05 | 101s
2026-09-17 22:18:04 | INFO    | epoch 23 | batch 1440/4266 | loss 0.4746 | acc 0.9596 | lr 4.50e-05 | 103s
2026-09-17 22:18:06 | INFO    | epoch 23 | batch 1460/4266 | loss 0.4746 | acc 0.9595 | lr 4.50e-05 | 104s
2026-09-17 22:18:07 | INFO    | epoch 23 | batch 1480/4266 | loss 0.4748 | acc 0.9594 | lr 4.50e-05 | 106s
2026-09-17 22:18:08 | INFO    | epoch 23 | batch 1500/4266 | loss 0.4747 | acc 0.9594 | lr 4.50e-05 | 107s
2026-09-17 22:18:10 | INFO    | epoch 23 | batch 1520/4266 | loss 0.4749 | acc 0.9594 | lr 4.50e-05 | 109s
2026-09-17 22:18:11 | INFO    | epoch 23 | batch 1540/4266 | loss 0.4747 | acc 0.9595 | lr 4.49e-05 | 110s
2026-09-17 22:18:13 | INFO    | epoch 23 | batch 1560/4266 | loss 0.4749 | acc 0.9594 | lr 4.49e-05 | 112s
2026-09-17 22:18:14 | INFO    | epoch 23 | batch 1580/4266 | loss 0.4748 | acc 0.9595 | lr 4.49e-05 | 113s
2026-09-17 22:18:16 | INFO    | epoch 23 | batch 1600/4266 | loss 0.4749 | acc 0.9595 | lr 4.49e-05 | 115s
2026-09-17 22:18:17 | INFO    | epoch 23 | batch 1620/4266 | loss 0.4750 | acc 0.9595 | lr 4.49e-05 | 116s
2026-09-17 22:18:19 | INFO    | epoch 23 | batch 1640/4266 | loss 0.4749 | acc 0.9595 | lr 4.48e-05 | 117s
2026-09-17 22:18:20 | INFO    | epoch 23 | batch 1660/4266 | loss 0.4751 | acc 0.9594 | lr 4.48e-05 | 119s
2026-09-17 22:18:21 | INFO    | epoch 23 | batch 1680/4266 | loss 0.4749 | acc 0.9596 | lr 4.48e-05 | 120s
2026-09-17 22:18:23 | INFO    | epoch 23 | batch 1700/4266 | loss 0.4747 | acc 0.9597 | lr 4.48e-05 | 122s
2026-09-17 22:18:24 | INFO    | epoch 23 | batch 1720/4266 | loss 0.4748 | acc 0.9597 | lr 4.48e-05 | 123s
2026-09-17 22:18:26 | INFO    | epoch 23 | batch 1740/4266 | loss 0.4748 | acc 0.9597 | lr 4.48e-05 | 124s
2026-09-17 22:18:27 | INFO    | epoch 23 | batch 1760/4266 | loss 0.4745 | acc 0.9599 | lr 4.47e-05 | 126s
2026-09-17 22:18:29 | INFO    | epoch 23 | batch 1780/4266 | loss 0.4743 | acc 0.9600 | lr 4.47e-05 | 127s
2026-09-17 22:18:30 | INFO    | epoch 23 | batch 1800/4266 | loss 0.4747 | acc 0.9598 | lr 4.47e-05 | 129s
2026-09-17 22:18:31 | INFO    | epoch 23 | batch 1820/4266 | loss 0.4746 | acc 0.9599 | lr 4.47e-05 | 130s
2026-09-17 22:18:33 | INFO    | epoch 23 | batch 1840/4266 | loss 0.4746 | acc 0.9598 | lr 4.47e-05 | 131s
2026-09-17 22:18:34 | INFO    | epoch 23 | batch 1860/4266 | loss 0.4746 | acc 0.9598 | lr 4.46e-05 | 133s
2026-09-17 22:18:36 | INFO    | epoch 23 | batch 1880/4266 | loss 0.4744 | acc 0.9598 | lr 4.46e-05 | 134s
2026-09-17 22:18:37 | INFO    | epoch 23 | batch 1900/4266 | loss 0.4744 | acc 0.9597 | lr 4.46e-05 | 136s
2026-09-17 22:18:38 | INFO    | epoch 23 | batch 1920/4266 | loss 0.4743 | acc 0.9598 | lr 4.46e-05 | 137s
2026-09-17 22:18:40 | INFO    | epoch 23 | batch 1940/4266 | loss 0.4743 | acc 0.9598 | lr 4.46e-05 | 138s
2026-09-17 22:18:41 | INFO    | epoch 23 | batch 1960/4266 | loss 0.4745 | acc 0.9598 | lr 4.45e-05 | 140s
2026-09-17 22:18:43 | INFO    | epoch 23 | batch 1980/4266 | loss 0.4744 | acc 0.9597 | lr 4.45e-05 | 141s
2026-09-17 22:18:44 | INFO    | epoch 23 | batch 2000/4266 | loss 0.4744 | acc 0.9597 | lr 4.45e-05 | 143s
2026-09-17 22:18:45 | INFO    | epoch 23 | batch 2020/4266 | loss 0.4744 | acc 0.9597 | lr 4.45e-05 | 144s
2026-09-17 22:18:47 | INFO    | epoch 23 | batch 2040/4266 | loss 0.4745 | acc 0.9597 | lr 4.45e-05 | 145s
2026-09-17 22:18:48 | INFO    | epoch 23 | batch 2060/4266 | loss 0.4744 | acc 0.9597 | lr 4.44e-05 | 147s
2026-09-17 22:18:50 | INFO    | epoch 23 | batch 2080/4266 | loss 0.4744 | acc 0.9596 | lr 4.44e-05 | 148s
2026-09-17 22:18:51 | INFO    | epoch 23 | batch 2100/4266 | loss 0.4745 | acc 0.9596 | lr 4.44e-05 | 150s
2026-09-17 22:18:52 | INFO    | epoch 23 | batch 2120/4266 | loss 0.4743 | acc 0.9598 | lr 4.44e-05 | 151s
2026-09-17 22:18:54 | INFO    | epoch 23 | batch 2140/4266 | loss 0.4743 | acc 0.9597 | lr 4.44e-05 | 152s
2026-09-17 22:18:55 | INFO    | epoch 23 | batch 2160/4266 | loss 0.4742 | acc 0.9597 | lr 4.44e-05 | 154s
2026-09-17 22:18:57 | INFO    | epoch 23 | batch 2180/4266 | loss 0.4742 | acc 0.9597 | lr 4.43e-05 | 155s
2026-09-17 22:18:58 | INFO    | epoch 23 | batch 2200/4266 | loss 0.4741 | acc 0.9599 | lr 4.43e-05 | 157s
2026-09-17 22:19:00 | INFO    | epoch 23 | batch 2220/4266 | loss 0.4741 | acc 0.9599 | lr 4.43e-05 | 158s
2026-09-17 22:19:01 | INFO    | epoch 23 | batch 2240/4266 | loss 0.4743 | acc 0.9598 | lr 4.43e-05 | 160s
2026-09-17 22:19:03 | INFO    | epoch 23 | batch 2260/4266 | loss 0.4743 | acc 0.9599 | lr 4.43e-05 | 161s
2026-09-17 22:19:04 | INFO    | epoch 23 | batch 2280/4266 | loss 0.4742 | acc 0.9598 | lr 4.42e-05 | 163s
2026-09-17 22:19:06 | INFO    | epoch 23 | batch 2300/4266 | loss 0.4741 | acc 0.9599 | lr 4.42e-05 | 164s
2026-09-17 22:19:07 | INFO    | epoch 23 | batch 2320/4266 | loss 0.4742 | acc 0.9598 | lr 4.42e-05 | 166s
2026-09-17 22:19:09 | INFO    | epoch 23 | batch 2340/4266 | loss 0.4741 | acc 0.9599 | lr 4.42e-05 | 167s
2026-09-17 22:19:10 | INFO    | epoch 23 | batch 2360/4266 | loss 0.4740 | acc 0.9600 | lr 4.42e-05 | 169s
2026-09-17 22:19:11 | INFO    | epoch 23 | batch 2380/4266 | loss 0.4739 | acc 0.9600 | lr 4.41e-05 | 170s
2026-09-17 22:19:13 | INFO    | epoch 23 | batch 2400/4266 | loss 0.4737 | acc 0.9600 | lr 4.41e-05 | 172s
2026-09-17 22:19:14 | INFO    | epoch 23 | batch 2420/4266 | loss 0.4735 | acc 0.9602 | lr 4.41e-05 | 173s
2026-09-17 22:19:16 | INFO    | epoch 23 | batch 2440/4266 | loss 0.4735 | acc 0.9602 | lr 4.41e-05 | 174s
2026-09-17 22:19:17 | INFO    | epoch 23 | batch 2460/4266 | loss 0.4736 | acc 0.9602 | lr 4.41e-05 | 176s
2026-09-17 22:19:19 | INFO    | epoch 23 | batch 2480/4266 | loss 0.4735 | acc 0.9603 | lr 4.40e-05 | 178s
2026-09-17 22:19:21 | INFO    | epoch 23 | batch 2500/4266 | loss 0.4734 | acc 0.9603 | lr 4.40e-05 | 179s
2026-09-17 22:19:22 | INFO    | epoch 23 | batch 2520/4266 | loss 0.4733 | acc 0.9603 | lr 4.40e-05 | 181s
2026-09-17 22:19:23 | INFO    | epoch 23 | batch 2540/4266 | loss 0.4734 | acc 0.9603 | lr 4.40e-05 | 182s
2026-09-17 22:19:25 | INFO    | epoch 23 | batch 2560/4266 | loss 0.4733 | acc 0.9603 | lr 4.40e-05 | 184s
2026-09-17 22:19:26 | INFO    | epoch 23 | batch 2580/4266 | loss 0.4735 | acc 0.9602 | lr 4.40e-05 | 185s
2026-09-17 22:19:28 | INFO    | epoch 23 | batch 2600/4266 | loss 0.4735 | acc 0.9602 | lr 4.39e-05 | 186s
2026-09-17 22:19:29 | INFO    | epoch 23 | batch 2620/4266 | loss 0.4735 | acc 0.9602 | lr 4.39e-05 | 188s
2026-09-17 22:19:31 | INFO    | epoch 23 | batch 2640/4266 | loss 0.4734 | acc 0.9602 | lr 4.39e-05 | 189s
2026-09-17 22:19:32 | INFO    | epoch 23 | batch 2660/4266 | loss 0.4735 | acc 0.9601 | lr 4.39e-05 | 191s
2026-09-17 22:19:34 | INFO    | epoch 23 | batch 2680/4266 | loss 0.4735 | acc 0.9601 | lr 4.39e-05 | 192s
2026-09-17 22:19:35 | INFO    | epoch 23 | batch 2700/4266 | loss 0.4736 | acc 0.9601 | lr 4.38e-05 | 194s
2026-09-17 22:19:36 | INFO    | epoch 23 | batch 2720/4266 | loss 0.4736 | acc 0.9601 | lr 4.38e-05 | 195s
2026-09-17 22:19:38 | INFO    | epoch 23 | batch 2740/4266 | loss 0.4736 | acc 0.9601 | lr 4.38e-05 | 197s
2026-09-17 22:19:39 | INFO    | epoch 23 | batch 2760/4266 | loss 0.4736 | acc 0.9602 | lr 4.38e-05 | 198s
2026-09-17 22:19:41 | INFO    | epoch 23 | batch 2780/4266 | loss 0.4738 | acc 0.9601 | lr 4.38e-05 | 200s
2026-09-17 22:19:42 | INFO    | epoch 23 | batch 2800/4266 | loss 0.4738 | acc 0.9601 | lr 4.37e-05 | 201s
2026-09-17 22:19:44 | INFO    | epoch 23 | batch 2820/4266 | loss 0.4737 | acc 0.9601 | lr 4.37e-05 | 202s
2026-09-17 22:19:45 | INFO    | epoch 23 | batch 2840/4266 | loss 0.4736 | acc 0.9602 | lr 4.37e-05 | 204s
2026-09-17 22:19:47 | INFO    | epoch 23 | batch 2860/4266 | loss 0.4735 | acc 0.9602 | lr 4.37e-05 | 205s
2026-09-17 22:19:48 | INFO    | epoch 23 | batch 2880/4266 | loss 0.4735 | acc 0.9601 | lr 4.37e-05 | 207s
2026-09-17 22:19:50 | INFO    | epoch 23 | batch 2900/4266 | loss 0.4735 | acc 0.9601 | lr 4.36e-05 | 208s
2026-09-17 22:19:51 | INFO    | epoch 23 | batch 2920/4266 | loss 0.4736 | acc 0.9601 | lr 4.36e-05 | 210s
2026-09-17 22:19:52 | INFO    | epoch 23 | batch 2940/4266 | loss 0.4737 | acc 0.9601 | lr 4.36e-05 | 211s
2026-09-17 22:19:54 | INFO    | epoch 23 | batch 2960/4266 | loss 0.4737 | acc 0.9600 | lr 4.36e-05 | 212s
2026-09-17 22:19:55 | INFO    | epoch 23 | batch 2980/4266 | loss 0.4738 | acc 0.9600 | lr 4.36e-05 | 214s
2026-09-17 22:19:57 | INFO    | epoch 23 | batch 3000/4266 | loss 0.4737 | acc 0.9600 | lr 4.36e-05 | 215s
2026-09-17 22:19:58 | INFO    | epoch 23 | batch 3020/4266 | loss 0.4737 | acc 0.9600 | lr 4.35e-05 | 217s
2026-09-17 22:20:00 | INFO    | epoch 23 | batch 3040/4266 | loss 0.4738 | acc 0.9599 | lr 4.35e-05 | 218s
2026-09-17 22:20:01 | INFO    | epoch 23 | batch 3060/4266 | loss 0.4739 | acc 0.9598 | lr 4.35e-05 | 220s
2026-09-17 22:20:02 | INFO    | epoch 23 | batch 3080/4266 | loss 0.4738 | acc 0.9599 | lr 4.35e-05 | 221s
2026-09-17 22:20:04 | INFO    | epoch 23 | batch 3100/4266 | loss 0.4739 | acc 0.9599 | lr 4.35e-05 | 222s
2026-09-17 22:20:05 | INFO    | epoch 23 | batch 3120/4266 | loss 0.4738 | acc 0.9599 | lr 4.34e-05 | 224s
2026-09-17 22:20:07 | INFO    | epoch 23 | batch 3140/4266 | loss 0.4737 | acc 0.9599 | lr 4.34e-05 | 225s
2026-09-17 22:20:08 | INFO    | epoch 23 | batch 3160/4266 | loss 0.4737 | acc 0.9599 | lr 4.34e-05 | 227s
2026-09-17 22:20:09 | INFO    | epoch 23 | batch 3180/4266 | loss 0.4737 | acc 0.9599 | lr 4.34e-05 | 228s
2026-09-17 22:20:11 | INFO    | epoch 23 | batch 3200/4266 | loss 0.4737 | acc 0.9599 | lr 4.34e-05 | 229s
2026-09-17 22:20:12 | INFO    | epoch 23 | batch 3220/4266 | loss 0.4738 | acc 0.9599 | lr 4.33e-05 | 231s
2026-09-17 22:20:14 | INFO    | epoch 23 | batch 3240/4266 | loss 0.4737 | acc 0.9599 | lr 4.33e-05 | 232s
2026-09-17 22:20:15 | INFO    | epoch 23 | batch 3260/4266 | loss 0.4737 | acc 0.9599 | lr 4.33e-05 | 234s
2026-09-17 22:20:16 | INFO    | epoch 23 | batch 3280/4266 | loss 0.4738 | acc 0.9599 | lr 4.33e-05 | 235s
2026-09-17 22:20:18 | INFO    | epoch 23 | batch 3300/4266 | loss 0.4737 | acc 0.9599 | lr 4.33e-05 | 236s
2026-09-17 22:20:19 | INFO    | epoch 23 | batch 3320/4266 | loss 0.4737 | acc 0.9600 | lr 4.32e-05 | 238s
2026-09-17 22:20:21 | INFO    | epoch 23 | batch 3340/4266 | loss 0.4736 | acc 0.9600 | lr 4.32e-05 | 239s
2026-09-17 22:20:22 | INFO    | epoch 23 | batch 3360/4266 | loss 0.4737 | acc 0.9600 | lr 4.32e-05 | 241s
2026-09-17 22:20:23 | INFO    | epoch 23 | batch 3380/4266 | loss 0.4736 | acc 0.9600 | lr 4.32e-05 | 242s
2026-09-17 22:20:25 | INFO    | epoch 23 | batch 3400/4266 | loss 0.4738 | acc 0.9599 | lr 4.32e-05 | 244s
2026-09-17 22:20:26 | INFO    | epoch 23 | batch 3420/4266 | loss 0.4738 | acc 0.9599 | lr 4.32e-05 | 245s
2026-09-17 22:20:28 | INFO    | epoch 23 | batch 3440/4266 | loss 0.4738 | acc 0.9599 | lr 4.31e-05 | 246s
2026-09-17 22:20:29 | INFO    | epoch 23 | batch 3460/4266 | loss 0.4739 | acc 0.9599 | lr 4.31e-05 | 248s
2026-09-17 22:20:31 | INFO    | epoch 23 | batch 3480/4266 | loss 0.4740 | acc 0.9598 | lr 4.31e-05 | 249s
2026-09-17 22:20:32 | INFO    | epoch 23 | batch 3500/4266 | loss 0.4740 | acc 0.9598 | lr 4.31e-05 | 251s
2026-09-17 22:20:34 | INFO    | epoch 23 | batch 3520/4266 | loss 0.4740 | acc 0.9598 | lr 4.31e-05 | 252s
2026-09-17 22:20:35 | INFO    | epoch 23 | batch 3540/4266 | loss 0.4741 | acc 0.9598 | lr 4.30e-05 | 254s
2026-09-17 22:20:36 | INFO    | epoch 23 | batch 3560/4266 | loss 0.4741 | acc 0.9598 | lr 4.30e-05 | 255s
2026-09-17 22:20:38 | INFO    | epoch 23 | batch 3580/4266 | loss 0.4741 | acc 0.9598 | lr 4.30e-05 | 257s
2026-09-17 22:20:39 | INFO    | epoch 23 | batch 3600/4266 | loss 0.4739 | acc 0.9598 | lr 4.30e-05 | 258s
2026-09-17 22:20:41 | INFO    | epoch 23 | batch 3620/4266 | loss 0.4738 | acc 0.9599 | lr 4.30e-05 | 259s
2026-09-17 22:20:42 | INFO    | epoch 23 | batch 3640/4266 | loss 0.4738 | acc 0.9599 | lr 4.29e-05 | 261s
2026-09-17 22:20:44 | INFO    | epoch 23 | batch 3660/4266 | loss 0.4738 | acc 0.9599 | lr 4.29e-05 | 262s
2026-09-17 22:20:45 | INFO    | epoch 23 | batch 3680/4266 | loss 0.4738 | acc 0.9598 | lr 4.29e-05 | 264s
2026-09-17 22:20:46 | INFO    | epoch 23 | batch 3700/4266 | loss 0.4738 | acc 0.9598 | lr 4.29e-05 | 265s
2026-09-17 22:20:48 | INFO    | epoch 23 | batch 3720/4266 | loss 0.4739 | acc 0.9598 | lr 4.29e-05 | 267s
2026-09-17 22:20:49 | INFO    | epoch 23 | batch 3740/4266 | loss 0.4739 | acc 0.9598 | lr 4.29e-05 | 268s
2026-09-17 22:20:51 | INFO    | epoch 23 | batch 3760/4266 | loss 0.4738 | acc 0.9598 | lr 4.28e-05 | 269s
2026-09-17 22:20:52 | INFO    | epoch 23 | batch 3780/4266 | loss 0.4737 | acc 0.9599 | lr 4.28e-05 | 271s
2026-09-17 22:20:54 | INFO    | epoch 23 | batch 3800/4266 | loss 0.4738 | acc 0.9598 | lr 4.28e-05 | 272s
2026-09-17 22:20:55 | INFO    | epoch 23 | batch 3820/4266 | loss 0.4738 | acc 0.9598 | lr 4.28e-05 | 274s
2026-09-17 22:20:56 | INFO    | epoch 23 | batch 3840/4266 | loss 0.4739 | acc 0.9598 | lr 4.28e-05 | 275s
2026-09-17 22:20:58 | INFO    | epoch 23 | batch 3860/4266 | loss 0.4739 | acc 0.9598 | lr 4.27e-05 | 276s
2026-09-17 22:20:59 | INFO    | epoch 23 | batch 3880/4266 | loss 0.4739 | acc 0.9598 | lr 4.27e-05 | 278s
2026-09-17 22:21:01 | INFO    | epoch 23 | batch 3900/4266 | loss 0.4739 | acc 0.9597 | lr 4.27e-05 | 279s
2026-09-17 22:21:02 | INFO    | epoch 23 | batch 3920/4266 | loss 0.4739 | acc 0.9598 | lr 4.27e-05 | 281s
2026-09-17 22:21:03 | INFO    | epoch 23 | batch 3940/4266 | loss 0.4739 | acc 0.9598 | lr 4.27e-05 | 282s
2026-09-17 22:21:05 | INFO    | epoch 23 | batch 3960/4266 | loss 0.4739 | acc 0.9598 | lr 4.26e-05 | 284s
2026-09-17 22:21:06 | INFO    | epoch 23 | batch 3980/4266 | loss 0.4740 | acc 0.9598 | lr 4.26e-05 | 285s
2026-09-17 22:21:08 | INFO    | epoch 23 | batch 4000/4266 | loss 0.4739 | acc 0.9598 | lr 4.26e-05 | 286s
2026-09-17 22:21:09 | INFO    | epoch 23 | batch 4020/4266 | loss 0.4738 | acc 0.9598 | lr 4.26e-05 | 288s
2026-09-17 22:21:11 | INFO    | epoch 23 | batch 4040/4266 | loss 0.4737 | acc 0.9599 | lr 4.26e-05 | 289s
2026-09-17 22:21:12 | INFO    | epoch 23 | batch 4060/4266 | loss 0.4737 | acc 0.9599 | lr 4.25e-05 | 291s
2026-09-17 22:21:14 | INFO    | epoch 23 | batch 4080/4266 | loss 0.4737 | acc 0.9599 | lr 4.25e-05 | 292s
2026-09-17 22:21:15 | INFO    | epoch 23 | batch 4100/4266 | loss 0.4737 | acc 0.9600 | lr 4.25e-05 | 294s
2026-09-17 22:21:17 | INFO    | epoch 23 | batch 4120/4266 | loss 0.4737 | acc 0.9599 | lr 4.25e-05 | 295s
2026-09-17 22:21:18 | INFO    | epoch 23 | batch 4140/4266 | loss 0.4736 | acc 0.9600 | lr 4.25e-05 | 297s
2026-09-17 22:21:19 | INFO    | epoch 23 | batch 4160/4266 | loss 0.4736 | acc 0.9600 | lr 4.25e-05 | 298s
2026-09-17 22:21:21 | INFO    | epoch 23 | batch 4180/4266 | loss 0.4736 | acc 0.9600 | lr 4.24e-05 | 299s
2026-09-17 22:21:22 | INFO    | epoch 23 | batch 4200/4266 | loss 0.4736 | acc 0.9600 | lr 4.24e-05 | 301s
2026-09-17 22:21:24 | INFO    | epoch 23 | batch 4220/4266 | loss 0.4736 | acc 0.9600 | lr 4.24e-05 | 302s
2026-09-17 22:21:25 | INFO    | epoch 23 | batch 4240/4266 | loss 0.4735 | acc 0.9600 | lr 4.24e-05 | 304s
2026-09-17 22:21:26 | INFO    | epoch 23 | batch 4260/4266 | loss 0.4736 | acc 0.9600 | lr 4.24e-05 | 305s
2026-09-17 22:21:27 | INFO    | epoch 23 | batch 4266/4266 | loss 0.4736 | acc 0.9600 | lr 4.24e-05 | 305s
2026-09-17 22:21:37 | INFO    | epoch 23/40 done in 315s | train loss 0.4736 | train running patch (aug): accuracy=0.9600 precision=0.9597 recall=0.9588 f1=0.9592
2026-09-17 22:21:37 | INFO    | epoch 23 train (eval, no aug) | loss 0.5200 | patch[7280]: accuracy=0.9372 precision=0.9363 recall=0.9368 f1=0.9363 | image[455]: accuracy=0.9912 precision=0.9926 recall=0.9919 f1=0.9921
2026-09-17 22:21:37 | INFO    | epoch 23 val | loss 1.1638 | patch[8448]: accuracy=0.6687 precision=0.6505 recall=0.6450 f1=0.6465 | image[96]: accuracy=0.7396 precision=0.7196 recall=0.7118 f1=0.7132
2026-09-17 22:21:37 | INFO    | val_patch_f1 = 0.6465 (best 0.6465 @ epoch 23) *
2026-09-17 22:21:38 | INFO    | epoch 24 | batch 20/4266 | loss 0.4471 | acc 0.9797 | lr 4.23e-05 | 2s
2026-09-17 22:21:40 | INFO    | epoch 24 | batch 40/4266 | loss 0.4545 | acc 0.9734 | lr 4.23e-05 | 3s
2026-09-17 22:21:41 | INFO    | epoch 24 | batch 60/4266 | loss 0.4613 | acc 0.9661 | lr 4.23e-05 | 4s
2026-09-17 22:21:43 | INFO    | epoch 24 | batch 80/4266 | loss 0.4647 | acc 0.9641 | lr 4.23e-05 | 6s
2026-09-17 22:21:44 | INFO    | epoch 24 | batch 100/4266 | loss 0.4669 | acc 0.9637 | lr 4.23e-05 | 7s
2026-09-17 22:21:45 | INFO    | epoch 24 | batch 120/4266 | loss 0.4663 | acc 0.9641 | lr 4.22e-05 | 9s
2026-09-17 22:21:47 | INFO    | epoch 24 | batch 140/4266 | loss 0.4671 | acc 0.9634 | lr 4.22e-05 | 10s
2026-09-17 22:21:48 | INFO    | epoch 24 | batch 160/4266 | loss 0.4675 | acc 0.9625 | lr 4.22e-05 | 11s
2026-09-17 22:21:49 | INFO    | epoch 24 | batch 180/4266 | loss 0.4676 | acc 0.9620 | lr 4.22e-05 | 13s
2026-09-17 22:21:51 | INFO    | epoch 24 | batch 200/4266 | loss 0.4684 | acc 0.9617 | lr 4.22e-05 | 14s
2026-09-17 22:21:52 | INFO    | epoch 24 | batch 220/4266 | loss 0.4670 | acc 0.9628 | lr 4.21e-05 | 15s
2026-09-17 22:21:54 | INFO    | epoch 24 | batch 240/4266 | loss 0.4677 | acc 0.9626 | lr 4.21e-05 | 17s
2026-09-17 22:21:55 | INFO    | epoch 24 | batch 260/4266 | loss 0.4693 | acc 0.9614 | lr 4.21e-05 | 18s
2026-09-17 22:21:56 | INFO    | epoch 24 | batch 280/4266 | loss 0.4701 | acc 0.9606 | lr 4.21e-05 | 20s
2026-09-17 22:21:58 | INFO    | epoch 24 | batch 300/4266 | loss 0.4704 | acc 0.9604 | lr 4.21e-05 | 21s
2026-09-17 22:21:59 | INFO    | epoch 24 | batch 320/4266 | loss 0.4699 | acc 0.9607 | lr 4.20e-05 | 22s
2026-09-17 22:22:00 | INFO    | epoch 24 | batch 340/4266 | loss 0.4700 | acc 0.9608 | lr 4.20e-05 | 24s
2026-09-17 22:22:02 | INFO    | epoch 24 | batch 360/4266 | loss 0.4703 | acc 0.9605 | lr 4.20e-05 | 25s
2026-09-17 22:22:03 | INFO    | epoch 24 | batch 380/4266 | loss 0.4697 | acc 0.9607 | lr 4.20e-05 | 26s
2026-09-17 22:22:05 | INFO    | epoch 24 | batch 400/4266 | loss 0.4691 | acc 0.9613 | lr 4.20e-05 | 28s
2026-09-17 22:22:06 | INFO    | epoch 24 | batch 420/4266 | loss 0.4688 | acc 0.9612 | lr 4.20e-05 | 29s
2026-09-17 22:22:07 | INFO    | epoch 24 | batch 440/4266 | loss 0.4681 | acc 0.9616 | lr 4.19e-05 | 31s
2026-09-17 22:22:09 | INFO    | epoch 24 | batch 460/4266 | loss 0.4685 | acc 0.9613 | lr 4.19e-05 | 32s
2026-09-17 22:22:10 | INFO    | epoch 24 | batch 480/4266 | loss 0.4693 | acc 0.9610 | lr 4.19e-05 | 33s
2026-09-17 22:22:12 | INFO    | epoch 24 | batch 500/4266 | loss 0.4713 | acc 0.9604 | lr 4.19e-05 | 35s
2026-09-17 22:22:13 | INFO    | epoch 24 | batch 520/4266 | loss 0.4707 | acc 0.9610 | lr 4.19e-05 | 36s
2026-09-17 22:22:14 | INFO    | epoch 24 | batch 540/4266 | loss 0.4712 | acc 0.9609 | lr 4.18e-05 | 38s
2026-09-17 22:22:16 | INFO    | epoch 24 | batch 560/4266 | loss 0.4711 | acc 0.9612 | lr 4.18e-05 | 39s
2026-09-17 22:22:17 | INFO    | epoch 24 | batch 580/4266 | loss 0.4711 | acc 0.9610 | lr 4.18e-05 | 40s
2026-09-17 22:22:19 | INFO    | epoch 24 | batch 600/4266 | loss 0.4712 | acc 0.9612 | lr 4.18e-05 | 42s
2026-09-17 22:22:20 | INFO    | epoch 24 | batch 620/4266 | loss 0.4705 | acc 0.9616 | lr 4.18e-05 | 43s
2026-09-17 22:22:21 | INFO    | epoch 24 | batch 640/4266 | loss 0.4709 | acc 0.9612 | lr 4.17e-05 | 44s
2026-09-17 22:22:23 | INFO    | epoch 24 | batch 660/4266 | loss 0.4708 | acc 0.9614 | lr 4.17e-05 | 46s
2026-09-17 22:22:24 | INFO    | epoch 24 | batch 680/4266 | loss 0.4712 | acc 0.9610 | lr 4.17e-05 | 47s
2026-09-17 22:22:26 | INFO    | epoch 24 | batch 700/4266 | loss 0.4710 | acc 0.9610 | lr 4.17e-05 | 49s
2026-09-17 22:22:27 | INFO    | epoch 24 | batch 720/4266 | loss 0.4714 | acc 0.9607 | lr 4.17e-05 | 50s
2026-09-17 22:22:28 | INFO    | epoch 24 | batch 740/4266 | loss 0.4717 | acc 0.9608 | lr 4.17e-05 | 51s
2026-09-17 22:22:30 | INFO    | epoch 24 | batch 760/4266 | loss 0.4714 | acc 0.9610 | lr 4.16e-05 | 53s
2026-09-17 22:22:31 | INFO    | epoch 24 | batch 780/4266 | loss 0.4708 | acc 0.9613 | lr 4.16e-05 | 54s
2026-09-17 22:22:33 | INFO    | epoch 24 | batch 800/4266 | loss 0.4715 | acc 0.9613 | lr 4.16e-05 | 56s
2026-09-17 22:22:34 | INFO    | epoch 24 | batch 820/4266 | loss 0.4716 | acc 0.9612 | lr 4.16e-05 | 57s
2026-09-17 22:22:35 | INFO    | epoch 24 | batch 840/4266 | loss 0.4717 | acc 0.9612 | lr 4.16e-05 | 59s
2026-09-17 22:22:37 | INFO    | epoch 24 | batch 860/4266 | loss 0.4714 | acc 0.9613 | lr 4.15e-05 | 60s
2026-09-17 22:22:38 | INFO    | epoch 24 | batch 880/4266 | loss 0.4715 | acc 0.9613 | lr 4.15e-05 | 61s
2026-09-17 22:22:40 | INFO    | epoch 24 | batch 900/4266 | loss 0.4719 | acc 0.9612 | lr 4.15e-05 | 63s
2026-09-17 22:22:41 | INFO    | epoch 24 | batch 920/4266 | loss 0.4719 | acc 0.9614 | lr 4.15e-05 | 64s
2026-09-17 22:22:42 | INFO    | epoch 24 | batch 940/4266 | loss 0.4720 | acc 0.9613 | lr 4.15e-05 | 66s
2026-09-17 22:22:44 | INFO    | epoch 24 | batch 960/4266 | loss 0.4718 | acc 0.9615 | lr 4.14e-05 | 67s
2026-09-17 22:22:45 | INFO    | epoch 24 | batch 980/4266 | loss 0.4718 | acc 0.9614 | lr 4.14e-05 | 68s
2026-09-17 22:22:47 | INFO    | epoch 24 | batch 1000/4266 | loss 0.4720 | acc 0.9613 | lr 4.14e-05 | 70s
2026-09-17 22:22:48 | INFO    | epoch 24 | batch 1020/4266 | loss 0.4717 | acc 0.9615 | lr 4.14e-05 | 71s
2026-09-17 22:22:49 | INFO    | epoch 24 | batch 1040/4266 | loss 0.4718 | acc 0.9613 | lr 4.14e-05 | 72s
2026-09-17 22:22:51 | INFO    | epoch 24 | batch 1060/4266 | loss 0.4713 | acc 0.9617 | lr 4.14e-05 | 74s
2026-09-17 22:22:52 | INFO    | epoch 24 | batch 1080/4266 | loss 0.4713 | acc 0.9618 | lr 4.13e-05 | 75s
2026-09-17 22:22:54 | INFO    | epoch 24 | batch 1100/4266 | loss 0.4714 | acc 0.9618 | lr 4.13e-05 | 77s
2026-09-17 22:22:55 | INFO    | epoch 24 | batch 1120/4266 | loss 0.4711 | acc 0.9619 | lr 4.13e-05 | 78s
2026-09-17 22:22:56 | INFO    | epoch 24 | batch 1140/4266 | loss 0.4710 | acc 0.9619 | lr 4.13e-05 | 79s
2026-09-17 22:22:58 | INFO    | epoch 24 | batch 1160/4266 | loss 0.4709 | acc 0.9619 | lr 4.13e-05 | 81s
2026-09-17 22:22:59 | INFO    | epoch 24 | batch 1180/4266 | loss 0.4713 | acc 0.9617 | lr 4.12e-05 | 82s
2026-09-17 22:23:01 | INFO    | epoch 24 | batch 1200/4266 | loss 0.4711 | acc 0.9618 | lr 4.12e-05 | 84s
2026-09-17 22:23:02 | INFO    | epoch 24 | batch 1220/4266 | loss 0.4712 | acc 0.9617 | lr 4.12e-05 | 85s
2026-09-17 22:23:03 | INFO    | epoch 24 | batch 1240/4266 | loss 0.4712 | acc 0.9617 | lr 4.12e-05 | 86s
2026-09-17 22:23:05 | INFO    | epoch 24 | batch 1260/4266 | loss 0.4711 | acc 0.9617 | lr 4.12e-05 | 88s
2026-09-17 22:23:06 | INFO    | epoch 24 | batch 1280/4266 | loss 0.4709 | acc 0.9617 | lr 4.11e-05 | 89s
2026-09-17 22:23:07 | INFO    | epoch 24 | batch 1300/4266 | loss 0.4709 | acc 0.9617 | lr 4.11e-05 | 91s
2026-09-17 22:23:09 | INFO    | epoch 24 | batch 1320/4266 | loss 0.4711 | acc 0.9615 | lr 4.11e-05 | 92s
2026-09-17 22:23:10 | INFO    | epoch 24 | batch 1340/4266 | loss 0.4715 | acc 0.9612 | lr 4.11e-05 | 93s
2026-09-17 22:23:12 | INFO    | epoch 24 | batch 1360/4266 | loss 0.4714 | acc 0.9613 | lr 4.11e-05 | 95s
2026-09-17 22:23:13 | INFO    | epoch 24 | batch 1380/4266 | loss 0.4713 | acc 0.9614 | lr 4.10e-05 | 96s
2026-09-17 22:23:15 | INFO    | epoch 24 | batch 1400/4266 | loss 0.4709 | acc 0.9615 | lr 4.10e-05 | 98s
2026-09-17 22:23:16 | INFO    | epoch 24 | batch 1420/4266 | loss 0.4710 | acc 0.9615 | lr 4.10e-05 | 99s
2026-09-17 22:23:17 | INFO    | epoch 24 | batch 1440/4266 | loss 0.4708 | acc 0.9616 | lr 4.10e-05 | 101s
2026-09-17 22:23:19 | INFO    | epoch 24 | batch 1460/4266 | loss 0.4705 | acc 0.9618 | lr 4.10e-05 | 102s
2026-09-17 22:23:20 | INFO    | epoch 24 | batch 1480/4266 | loss 0.4706 | acc 0.9616 | lr 4.10e-05 | 104s
2026-09-17 22:23:22 | INFO    | epoch 24 | batch 1500/4266 | loss 0.4706 | acc 0.9616 | lr 4.09e-05 | 105s
2026-09-17 22:23:23 | INFO    | epoch 24 | batch 1520/4266 | loss 0.4707 | acc 0.9616 | lr 4.09e-05 | 106s
2026-09-17 22:23:25 | INFO    | epoch 24 | batch 1540/4266 | loss 0.4707 | acc 0.9616 | lr 4.09e-05 | 108s
2026-09-17 22:23:26 | INFO    | epoch 24 | batch 1560/4266 | loss 0.4706 | acc 0.9616 | lr 4.09e-05 | 109s
2026-09-17 22:23:27 | INFO    | epoch 24 | batch 1580/4266 | loss 0.4705 | acc 0.9616 | lr 4.09e-05 | 111s
2026-09-17 22:23:29 | INFO    | epoch 24 | batch 1600/4266 | loss 0.4704 | acc 0.9616 | lr 4.08e-05 | 112s
2026-09-17 22:23:30 | INFO    | epoch 24 | batch 1620/4266 | loss 0.4705 | acc 0.9616 | lr 4.08e-05 | 113s
2026-09-17 22:23:32 | INFO    | epoch 24 | batch 1640/4266 | loss 0.4704 | acc 0.9616 | lr 4.08e-05 | 115s
2026-09-17 22:23:33 | INFO    | epoch 24 | batch 1660/4266 | loss 0.4703 | acc 0.9616 | lr 4.08e-05 | 116s
2026-09-17 22:23:34 | INFO    | epoch 24 | batch 1680/4266 | loss 0.4702 | acc 0.9616 | lr 4.08e-05 | 118s
2026-09-17 22:23:36 | INFO    | epoch 24 | batch 1700/4266 | loss 0.4700 | acc 0.9618 | lr 4.07e-05 | 119s
2026-09-17 22:23:37 | INFO    | epoch 24 | batch 1720/4266 | loss 0.4699 | acc 0.9619 | lr 4.07e-05 | 120s
2026-09-17 22:23:39 | INFO    | epoch 24 | batch 1740/4266 | loss 0.4701 | acc 0.9618 | lr 4.07e-05 | 122s
2026-09-17 22:23:40 | INFO    | epoch 24 | batch 1760/4266 | loss 0.4699 | acc 0.9618 | lr 4.07e-05 | 123s
2026-09-17 22:23:42 | INFO    | epoch 24 | batch 1780/4266 | loss 0.4700 | acc 0.9618 | lr 4.07e-05 | 125s
2026-09-17 22:23:43 | INFO    | epoch 24 | batch 1800/4266 | loss 0.4698 | acc 0.9619 | lr 4.07e-05 | 126s
2026-09-17 22:23:44 | INFO    | epoch 24 | batch 1820/4266 | loss 0.4696 | acc 0.9620 | lr 4.06e-05 | 128s
2026-09-17 22:23:46 | INFO    | epoch 24 | batch 1840/4266 | loss 0.4696 | acc 0.9619 | lr 4.06e-05 | 129s
2026-09-17 22:23:47 | INFO    | epoch 24 | batch 1860/4266 | loss 0.4694 | acc 0.9621 | lr 4.06e-05 | 130s
2026-09-17 22:23:49 | INFO    | epoch 24 | batch 1880/4266 | loss 0.4692 | acc 0.9622 | lr 4.06e-05 | 132s
2026-09-17 22:23:50 | INFO    | epoch 24 | batch 1900/4266 | loss 0.4692 | acc 0.9622 | lr 4.06e-05 | 133s
2026-09-17 22:23:51 | INFO    | epoch 24 | batch 1920/4266 | loss 0.4692 | acc 0.9621 | lr 4.05e-05 | 134s
2026-09-17 22:23:53 | INFO    | epoch 24 | batch 1940/4266 | loss 0.4691 | acc 0.9622 | lr 4.05e-05 | 136s
2026-09-17 22:23:54 | INFO    | epoch 24 | batch 1960/4266 | loss 0.4689 | acc 0.9623 | lr 4.05e-05 | 137s
2026-09-17 22:23:56 | INFO    | epoch 24 | batch 1980/4266 | loss 0.4691 | acc 0.9623 | lr 4.05e-05 | 139s
2026-09-17 22:23:57 | INFO    | epoch 24 | batch 2000/4266 | loss 0.4690 | acc 0.9624 | lr 4.05e-05 | 140s
2026-09-17 22:23:58 | INFO    | epoch 24 | batch 2020/4266 | loss 0.4692 | acc 0.9623 | lr 4.04e-05 | 141s
2026-09-17 22:24:00 | INFO    | epoch 24 | batch 2040/4266 | loss 0.4694 | acc 0.9622 | lr 4.04e-05 | 143s
2026-09-17 22:24:01 | INFO    | epoch 24 | batch 2060/4266 | loss 0.4693 | acc 0.9622 | lr 4.04e-05 | 144s
2026-09-17 22:24:03 | INFO    | epoch 24 | batch 2080/4266 | loss 0.4692 | acc 0.9622 | lr 4.04e-05 | 146s
2026-09-17 22:24:04 | INFO    | epoch 24 | batch 2100/4266 | loss 0.4692 | acc 0.9622 | lr 4.04e-05 | 147s
2026-09-17 22:24:05 | INFO    | epoch 24 | batch 2120/4266 | loss 0.4692 | acc 0.9622 | lr 4.04e-05 | 148s
2026-09-17 22:24:07 | INFO    | epoch 24 | batch 2140/4266 | loss 0.4693 | acc 0.9621 | lr 4.03e-05 | 150s
2026-09-17 22:24:08 | INFO    | epoch 24 | batch 2160/4266 | loss 0.4692 | acc 0.9622 | lr 4.03e-05 | 151s
2026-09-17 22:24:10 | INFO    | epoch 24 | batch 2180/4266 | loss 0.4692 | acc 0.9622 | lr 4.03e-05 | 153s
2026-09-17 22:24:11 | INFO    | epoch 24 | batch 2200/4266 | loss 0.4694 | acc 0.9621 | lr 4.03e-05 | 154s
2026-09-17 22:24:12 | INFO    | epoch 24 | batch 2220/4266 | loss 0.4692 | acc 0.9622 | lr 4.03e-05 | 155s
2026-09-17 22:24:14 | INFO    | epoch 24 | batch 2240/4266 | loss 0.4691 | acc 0.9623 | lr 4.02e-05 | 157s
2026-09-17 22:24:15 | INFO    | epoch 24 | batch 2260/4266 | loss 0.4691 | acc 0.9623 | lr 4.02e-05 | 158s
2026-09-17 22:24:17 | INFO    | epoch 24 | batch 2280/4266 | loss 0.4691 | acc 0.9623 | lr 4.02e-05 | 160s
2026-09-17 22:24:18 | INFO    | epoch 24 | batch 2300/4266 | loss 0.4691 | acc 0.9623 | lr 4.02e-05 | 161s
2026-09-17 22:24:19 | INFO    | epoch 24 | batch 2320/4266 | loss 0.4693 | acc 0.9622 | lr 4.02e-05 | 163s
2026-09-17 22:24:21 | INFO    | epoch 24 | batch 2340/4266 | loss 0.4693 | acc 0.9622 | lr 4.01e-05 | 164s
2026-09-17 22:24:22 | INFO    | epoch 24 | batch 2360/4266 | loss 0.4693 | acc 0.9622 | lr 4.01e-05 | 165s
2026-09-17 22:24:24 | INFO    | epoch 24 | batch 2380/4266 | loss 0.4692 | acc 0.9622 | lr 4.01e-05 | 167s
2026-09-17 22:24:25 | INFO    | epoch 24 | batch 2400/4266 | loss 0.4690 | acc 0.9623 | lr 4.01e-05 | 168s
2026-09-17 22:24:27 | INFO    | epoch 24 | batch 2420/4266 | loss 0.4689 | acc 0.9624 | lr 4.01e-05 | 170s
2026-09-17 22:24:28 | INFO    | epoch 24 | batch 2440/4266 | loss 0.4689 | acc 0.9623 | lr 4.01e-05 | 171s
2026-09-17 22:24:29 | INFO    | epoch 24 | batch 2460/4266 | loss 0.4690 | acc 0.9623 | lr 4.00e-05 | 173s
2026-09-17 22:24:31 | INFO    | epoch 24 | batch 2480/4266 | loss 0.4689 | acc 0.9623 | lr 4.00e-05 | 174s
2026-09-17 22:24:32 | INFO    | epoch 24 | batch 2500/4266 | loss 0.4690 | acc 0.9622 | lr 4.00e-05 | 175s
2026-09-17 22:24:34 | INFO    | epoch 24 | batch 2520/4266 | loss 0.4691 | acc 0.9622 | lr 4.00e-05 | 177s
2026-09-17 22:24:35 | INFO    | epoch 24 | batch 2540/4266 | loss 0.4692 | acc 0.9622 | lr 4.00e-05 | 178s
2026-09-17 22:24:37 | INFO    | epoch 24 | batch 2560/4266 | loss 0.4691 | acc 0.9622 | lr 3.99e-05 | 180s
2026-09-17 22:24:38 | INFO    | epoch 24 | batch 2580/4266 | loss 0.4693 | acc 0.9622 | lr 3.99e-05 | 181s
2026-09-17 22:24:39 | INFO    | epoch 24 | batch 2600/4266 | loss 0.4693 | acc 0.9622 | lr 3.99e-05 | 183s
2026-09-17 22:24:41 | INFO    | epoch 24 | batch 2620/4266 | loss 0.4694 | acc 0.9621 | lr 3.99e-05 | 184s
2026-09-17 22:24:42 | INFO    | epoch 24 | batch 2640/4266 | loss 0.4694 | acc 0.9621 | lr 3.99e-05 | 186s
2026-09-17 22:24:44 | INFO    | epoch 24 | batch 2660/4266 | loss 0.4693 | acc 0.9621 | lr 3.98e-05 | 187s
2026-09-17 22:24:45 | INFO    | epoch 24 | batch 2680/4266 | loss 0.4693 | acc 0.9621 | lr 3.98e-05 | 188s
2026-09-17 22:24:47 | INFO    | epoch 24 | batch 2700/4266 | loss 0.4692 | acc 0.9621 | lr 3.98e-05 | 190s
2026-09-17 22:24:48 | INFO    | epoch 24 | batch 2720/4266 | loss 0.4693 | acc 0.9621 | lr 3.98e-05 | 191s
2026-09-17 22:24:50 | INFO    | epoch 24 | batch 2740/4266 | loss 0.4692 | acc 0.9621 | lr 3.98e-05 | 193s
2026-09-17 22:24:51 | INFO    | epoch 24 | batch 2760/4266 | loss 0.4692 | acc 0.9621 | lr 3.98e-05 | 194s
2026-09-17 22:24:52 | INFO    | epoch 24 | batch 2780/4266 | loss 0.4692 | acc 0.9621 | lr 3.97e-05 | 196s
2026-09-17 22:24:54 | INFO    | epoch 24 | batch 2800/4266 | loss 0.4691 | acc 0.9621 | lr 3.97e-05 | 197s
2026-09-17 22:24:55 | INFO    | epoch 24 | batch 2820/4266 | loss 0.4690 | acc 0.9621 | lr 3.97e-05 | 198s
2026-09-17 22:24:57 | INFO    | epoch 24 | batch 2840/4266 | loss 0.4690 | acc 0.9621 | lr 3.97e-05 | 200s
2026-09-17 22:24:58 | INFO    | epoch 24 | batch 2860/4266 | loss 0.4691 | acc 0.9622 | lr 3.97e-05 | 201s
2026-09-17 22:24:59 | INFO    | epoch 24 | batch 2880/4266 | loss 0.4691 | acc 0.9621 | lr 3.96e-05 | 203s
2026-09-17 22:25:01 | INFO    | epoch 24 | batch 2900/4266 | loss 0.4690 | acc 0.9622 | lr 3.96e-05 | 204s
2026-09-17 22:25:02 | INFO    | epoch 24 | batch 2920/4266 | loss 0.4691 | acc 0.9622 | lr 3.96e-05 | 205s
2026-09-17 22:25:04 | INFO    | epoch 24 | batch 2940/4266 | loss 0.4690 | acc 0.9622 | lr 3.96e-05 | 207s
2026-09-17 22:25:05 | INFO    | epoch 24 | batch 2960/4266 | loss 0.4689 | acc 0.9622 | lr 3.96e-05 | 208s
2026-09-17 22:25:07 | INFO    | epoch 24 | batch 2980/4266 | loss 0.4690 | acc 0.9622 | lr 3.95e-05 | 210s
2026-09-17 22:25:08 | INFO    | epoch 24 | batch 3000/4266 | loss 0.4692 | acc 0.9622 | lr 3.95e-05 | 211s
2026-09-17 22:25:10 | INFO    | epoch 24 | batch 3020/4266 | loss 0.4691 | acc 0.9622 | lr 3.95e-05 | 213s
2026-09-17 22:25:11 | INFO    | epoch 24 | batch 3040/4266 | loss 0.4690 | acc 0.9622 | lr 3.95e-05 | 214s
2026-09-17 22:25:13 | INFO    | epoch 24 | batch 3060/4266 | loss 0.4690 | acc 0.9622 | lr 3.95e-05 | 216s
2026-09-17 22:25:14 | INFO    | epoch 24 | batch 3080/4266 | loss 0.4691 | acc 0.9622 | lr 3.95e-05 | 217s
2026-09-17 22:25:16 | INFO    | epoch 24 | batch 3100/4266 | loss 0.4691 | acc 0.9621 | lr 3.94e-05 | 219s
2026-09-17 22:25:17 | INFO    | epoch 24 | batch 3120/4266 | loss 0.4691 | acc 0.9622 | lr 3.94e-05 | 220s
2026-09-17 22:25:18 | INFO    | epoch 24 | batch 3140/4266 | loss 0.4690 | acc 0.9622 | lr 3.94e-05 | 222s
2026-09-17 22:25:20 | INFO    | epoch 24 | batch 3160/4266 | loss 0.4689 | acc 0.9623 | lr 3.94e-05 | 223s
2026-09-17 22:25:21 | INFO    | epoch 24 | batch 3180/4266 | loss 0.4689 | acc 0.9623 | lr 3.94e-05 | 224s
2026-09-17 22:25:23 | INFO    | epoch 24 | batch 3200/4266 | loss 0.4689 | acc 0.9623 | lr 3.93e-05 | 226s
2026-09-17 22:25:24 | INFO    | epoch 24 | batch 3220/4266 | loss 0.4690 | acc 0.9623 | lr 3.93e-05 | 227s
2026-09-17 22:25:26 | INFO    | epoch 24 | batch 3240/4266 | loss 0.4691 | acc 0.9622 | lr 3.93e-05 | 229s
2026-09-17 22:25:27 | INFO    | epoch 24 | batch 3260/4266 | loss 0.4692 | acc 0.9622 | lr 3.93e-05 | 230s
2026-09-17 22:25:28 | INFO    | epoch 24 | batch 3280/4266 | loss 0.4690 | acc 0.9622 | lr 3.93e-05 | 232s
2026-09-17 22:25:30 | INFO    | epoch 24 | batch 3300/4266 | loss 0.4692 | acc 0.9621 | lr 3.92e-05 | 233s
2026-09-17 22:25:31 | INFO    | epoch 24 | batch 3320/4266 | loss 0.4691 | acc 0.9622 | lr 3.92e-05 | 234s
2026-09-17 22:25:33 | INFO    | epoch 24 | batch 3340/4266 | loss 0.4692 | acc 0.9621 | lr 3.92e-05 | 236s
2026-09-17 22:25:34 | INFO    | epoch 24 | batch 3360/4266 | loss 0.4691 | acc 0.9622 | lr 3.92e-05 | 237s
2026-09-17 22:25:36 | INFO    | epoch 24 | batch 3380/4266 | loss 0.4691 | acc 0.9621 | lr 3.92e-05 | 239s
2026-09-17 22:25:37 | INFO    | epoch 24 | batch 3400/4266 | loss 0.4691 | acc 0.9621 | lr 3.92e-05 | 240s
2026-09-17 22:25:38 | INFO    | epoch 24 | batch 3420/4266 | loss 0.4691 | acc 0.9621 | lr 3.91e-05 | 242s
2026-09-17 22:25:40 | INFO    | epoch 24 | batch 3440/4266 | loss 0.4691 | acc 0.9622 | lr 3.91e-05 | 243s
2026-09-17 22:25:41 | INFO    | epoch 24 | batch 3460/4266 | loss 0.4690 | acc 0.9622 | lr 3.91e-05 | 244s
2026-09-17 22:25:43 | INFO    | epoch 24 | batch 3480/4266 | loss 0.4689 | acc 0.9622 | lr 3.91e-05 | 246s
2026-09-17 22:25:44 | INFO    | epoch 24 | batch 3500/4266 | loss 0.4690 | acc 0.9622 | lr 3.91e-05 | 247s
2026-09-17 22:25:45 | INFO    | epoch 24 | batch 3520/4266 | loss 0.4689 | acc 0.9622 | lr 3.90e-05 | 249s
2026-09-17 22:25:47 | INFO    | epoch 24 | batch 3540/4266 | loss 0.4688 | acc 0.9623 | lr 3.90e-05 | 250s
2026-09-17 22:25:48 | INFO    | epoch 24 | batch 3560/4266 | loss 0.4687 | acc 0.9623 | lr 3.90e-05 | 251s
2026-09-17 22:25:50 | INFO    | epoch 24 | batch 3580/4266 | loss 0.4687 | acc 0.9623 | lr 3.90e-05 | 253s
2026-09-17 22:25:51 | INFO    | epoch 24 | batch 3600/4266 | loss 0.4686 | acc 0.9623 | lr 3.90e-05 | 254s
2026-09-17 22:25:53 | INFO    | epoch 24 | batch 3620/4266 | loss 0.4686 | acc 0.9624 | lr 3.90e-05 | 256s
2026-09-17 22:25:54 | INFO    | epoch 24 | batch 3640/4266 | loss 0.4686 | acc 0.9623 | lr 3.89e-05 | 257s
2026-09-17 22:25:55 | INFO    | epoch 24 | batch 3660/4266 | loss 0.4686 | acc 0.9623 | lr 3.89e-05 | 259s
2026-09-17 22:25:57 | INFO    | epoch 24 | batch 3680/4266 | loss 0.4687 | acc 0.9622 | lr 3.89e-05 | 260s
2026-09-17 22:25:58 | INFO    | epoch 24 | batch 3700/4266 | loss 0.4689 | acc 0.9622 | lr 3.89e-05 | 261s
2026-09-17 22:26:00 | INFO    | epoch 24 | batch 3720/4266 | loss 0.4688 | acc 0.9622 | lr 3.89e-05 | 263s
2026-09-17 22:26:01 | INFO    | epoch 24 | batch 3740/4266 | loss 0.4689 | acc 0.9623 | lr 3.88e-05 | 264s
2026-09-17 22:26:02 | INFO    | epoch 24 | batch 3760/4266 | loss 0.4688 | acc 0.9623 | lr 3.88e-05 | 266s
2026-09-17 22:26:04 | INFO    | epoch 24 | batch 3780/4266 | loss 0.4686 | acc 0.9624 | lr 3.88e-05 | 267s
2026-09-17 22:26:05 | INFO    | epoch 24 | batch 3800/4266 | loss 0.4687 | acc 0.9624 | lr 3.88e-05 | 268s
2026-09-17 22:26:07 | INFO    | epoch 24 | batch 3820/4266 | loss 0.4687 | acc 0.9624 | lr 3.88e-05 | 270s
2026-09-17 22:26:08 | INFO    | epoch 24 | batch 3840/4266 | loss 0.4687 | acc 0.9624 | lr 3.87e-05 | 271s
2026-09-17 22:26:09 | INFO    | epoch 24 | batch 3860/4266 | loss 0.4686 | acc 0.9624 | lr 3.87e-05 | 273s
2026-09-17 22:26:11 | INFO    | epoch 24 | batch 3880/4266 | loss 0.4686 | acc 0.9624 | lr 3.87e-05 | 274s
2026-09-17 22:26:12 | INFO    | epoch 24 | batch 3900/4266 | loss 0.4686 | acc 0.9624 | lr 3.87e-05 | 275s
2026-09-17 22:26:14 | INFO    | epoch 24 | batch 3920/4266 | loss 0.4687 | acc 0.9623 | lr 3.87e-05 | 277s
2026-09-17 22:26:15 | INFO    | epoch 24 | batch 3940/4266 | loss 0.4687 | acc 0.9623 | lr 3.87e-05 | 278s
2026-09-17 22:26:17 | INFO    | epoch 24 | batch 3960/4266 | loss 0.4688 | acc 0.9623 | lr 3.86e-05 | 280s
2026-09-17 22:26:18 | INFO    | epoch 24 | batch 3980/4266 | loss 0.4687 | acc 0.9624 | lr 3.86e-05 | 281s
2026-09-17 22:26:19 | INFO    | epoch 24 | batch 4000/4266 | loss 0.4688 | acc 0.9623 | lr 3.86e-05 | 283s
2026-09-17 22:26:21 | INFO    | epoch 24 | batch 4020/4266 | loss 0.4688 | acc 0.9624 | lr 3.86e-05 | 284s
2026-09-17 22:26:22 | INFO    | epoch 24 | batch 4040/4266 | loss 0.4687 | acc 0.9624 | lr 3.86e-05 | 286s
2026-09-17 22:26:24 | INFO    | epoch 24 | batch 4060/4266 | loss 0.4687 | acc 0.9624 | lr 3.85e-05 | 287s
2026-09-17 22:26:25 | INFO    | epoch 24 | batch 4080/4266 | loss 0.4687 | acc 0.9625 | lr 3.85e-05 | 289s
2026-09-17 22:26:27 | INFO    | epoch 24 | batch 4100/4266 | loss 0.4688 | acc 0.9624 | lr 3.85e-05 | 290s
2026-09-17 22:26:28 | INFO    | epoch 24 | batch 4120/4266 | loss 0.4687 | acc 0.9625 | lr 3.85e-05 | 292s
2026-09-17 22:26:30 | INFO    | epoch 24 | batch 4140/4266 | loss 0.4687 | acc 0.9625 | lr 3.85e-05 | 293s
2026-09-17 22:26:31 | INFO    | epoch 24 | batch 4160/4266 | loss 0.4686 | acc 0.9625 | lr 3.84e-05 | 295s
2026-09-17 22:26:33 | INFO    | epoch 24 | batch 4180/4266 | loss 0.4685 | acc 0.9626 | lr 3.84e-05 | 296s
2026-09-17 22:26:34 | INFO    | epoch 24 | batch 4200/4266 | loss 0.4685 | acc 0.9626 | lr 3.84e-05 | 297s
2026-09-17 22:26:36 | INFO    | epoch 24 | batch 4220/4266 | loss 0.4685 | acc 0.9626 | lr 3.84e-05 | 299s
2026-09-17 22:26:37 | INFO    | epoch 24 | batch 4240/4266 | loss 0.4684 | acc 0.9627 | lr 3.84e-05 | 300s
2026-09-17 22:26:39 | INFO    | epoch 24 | batch 4260/4266 | loss 0.4686 | acc 0.9626 | lr 3.84e-05 | 302s
2026-09-17 22:26:39 | INFO    | epoch 24 | batch 4266/4266 | loss 0.4686 | acc 0.9626 | lr 3.83e-05 | 302s
2026-09-17 22:26:49 | INFO    | epoch 24/40 done in 312s | train loss 0.4686 | train running patch (aug): accuracy=0.9626 precision=0.9623 recall=0.9617 f1=0.9620
2026-09-17 22:26:49 | INFO    | epoch 24 train (eval, no aug) | loss 0.4942 | patch[7280]: accuracy=0.9486 precision=0.9506 recall=0.9485 f1=0.9491 | image[455]: accuracy=0.9978 precision=0.9981 recall=0.9980 f1=0.9980
2026-09-17 22:26:49 | INFO    | epoch 24 val | loss 1.2352 | patch[8448]: accuracy=0.6471 precision=0.6328 recall=0.6280 f1=0.6290 | image[96]: accuracy=0.6771 precision=0.6790 recall=0.6682 f1=0.6688
2026-09-17 22:26:49 | INFO    | val_patch_f1 = 0.6290 (best 0.6465 @ epoch 23)
2026-09-17 22:26:50 | INFO    | epoch 25 | batch 20/4266 | loss 0.4617 | acc 0.9672 | lr 3.83e-05 | 2s
2026-09-17 22:26:52 | INFO    | epoch 25 | batch 40/4266 | loss 0.4600 | acc 0.9680 | lr 3.83e-05 | 3s
2026-09-17 22:26:53 | INFO    | epoch 25 | batch 60/4266 | loss 0.4616 | acc 0.9672 | lr 3.83e-05 | 4s
2026-09-17 22:26:55 | INFO    | epoch 25 | batch 80/4266 | loss 0.4611 | acc 0.9672 | lr 3.83e-05 | 6s
2026-09-17 22:26:56 | INFO    | epoch 25 | batch 100/4266 | loss 0.4682 | acc 0.9641 | lr 3.83e-05 | 7s
2026-09-17 22:26:58 | INFO    | epoch 25 | batch 120/4266 | loss 0.4659 | acc 0.9656 | lr 3.82e-05 | 9s
2026-09-17 22:26:59 | INFO    | epoch 25 | batch 140/4266 | loss 0.4613 | acc 0.9683 | lr 3.82e-05 | 10s
2026-09-17 22:27:01 | INFO    | epoch 25 | batch 160/4266 | loss 0.4608 | acc 0.9682 | lr 3.82e-05 | 12s
2026-09-17 22:27:02 | INFO    | epoch 25 | batch 180/4266 | loss 0.4623 | acc 0.9670 | lr 3.82e-05 | 13s
2026-09-17 22:27:04 | INFO    | epoch 25 | batch 200/4266 | loss 0.4631 | acc 0.9663 | lr 3.82e-05 | 15s
2026-09-17 22:27:05 | INFO    | epoch 25 | batch 220/4266 | loss 0.4617 | acc 0.9668 | lr 3.81e-05 | 16s
2026-09-17 22:27:07 | INFO    | epoch 25 | batch 240/4266 | loss 0.4615 | acc 0.9671 | lr 3.81e-05 | 18s
2026-09-17 22:27:08 | INFO    | epoch 25 | batch 260/4266 | loss 0.4603 | acc 0.9672 | lr 3.81e-05 | 19s
2026-09-17 22:27:09 | INFO    | epoch 25 | batch 280/4266 | loss 0.4616 | acc 0.9662 | lr 3.81e-05 | 21s
2026-09-17 22:27:11 | INFO    | epoch 25 | batch 300/4266 | loss 0.4606 | acc 0.9668 | lr 3.81e-05 | 22s
2026-09-17 22:27:12 | INFO    | epoch 25 | batch 320/4266 | loss 0.4619 | acc 0.9660 | lr 3.81e-05 | 24s
2026-09-17 22:27:14 | INFO    | epoch 25 | batch 340/4266 | loss 0.4625 | acc 0.9660 | lr 3.80e-05 | 25s
2026-09-17 22:27:15 | INFO    | epoch 25 | batch 360/4266 | loss 0.4635 | acc 0.9657 | lr 3.80e-05 | 27s
2026-09-17 22:27:17 | INFO    | epoch 25 | batch 380/4266 | loss 0.4638 | acc 0.9650 | lr 3.80e-05 | 28s
2026-09-17 22:27:18 | INFO    | epoch 25 | batch 400/4266 | loss 0.4636 | acc 0.9649 | lr 3.80e-05 | 29s
2026-09-17 22:27:20 | INFO    | epoch 25 | batch 420/4266 | loss 0.4632 | acc 0.9652 | lr 3.80e-05 | 31s
2026-09-17 22:27:21 | INFO    | epoch 25 | batch 440/4266 | loss 0.4632 | acc 0.9652 | lr 3.79e-05 | 32s
2026-09-17 22:27:22 | INFO    | epoch 25 | batch 460/4266 | loss 0.4633 | acc 0.9652 | lr 3.79e-05 | 34s
2026-09-17 22:27:24 | INFO    | epoch 25 | batch 480/4266 | loss 0.4634 | acc 0.9651 | lr 3.79e-05 | 35s
2026-09-17 22:27:25 | INFO    | epoch 25 | batch 500/4266 | loss 0.4630 | acc 0.9651 | lr 3.79e-05 | 36s
2026-09-17 22:27:27 | INFO    | epoch 25 | batch 520/4266 | loss 0.4623 | acc 0.9652 | lr 3.79e-05 | 38s
2026-09-17 22:27:28 | INFO    | epoch 25 | batch 540/4266 | loss 0.4631 | acc 0.9649 | lr 3.78e-05 | 39s
2026-09-17 22:27:29 | INFO    | epoch 25 | batch 560/4266 | loss 0.4631 | acc 0.9650 | lr 3.78e-05 | 41s
2026-09-17 22:27:31 | INFO    | epoch 25 | batch 580/4266 | loss 0.4630 | acc 0.9649 | lr 3.78e-05 | 42s
2026-09-17 22:27:32 | INFO    | epoch 25 | batch 600/4266 | loss 0.4629 | acc 0.9648 | lr 3.78e-05 | 43s
2026-09-17 22:27:34 | INFO    | epoch 25 | batch 620/4266 | loss 0.4625 | acc 0.9650 | lr 3.78e-05 | 45s
2026-09-17 22:27:35 | INFO    | epoch 25 | batch 640/4266 | loss 0.4619 | acc 0.9653 | lr 3.78e-05 | 46s
2026-09-17 22:27:37 | INFO    | epoch 25 | batch 660/4266 | loss 0.4625 | acc 0.9650 | lr 3.77e-05 | 48s
2026-09-17 22:27:38 | INFO    | epoch 25 | batch 680/4266 | loss 0.4629 | acc 0.9648 | lr 3.77e-05 | 49s
2026-09-17 22:27:39 | INFO    | epoch 25 | batch 700/4266 | loss 0.4628 | acc 0.9649 | lr 3.77e-05 | 51s
2026-09-17 22:27:41 | INFO    | epoch 25 | batch 720/4266 | loss 0.4634 | acc 0.9645 | lr 3.77e-05 | 52s
2026-09-17 22:27:42 | INFO    | epoch 25 | batch 740/4266 | loss 0.4633 | acc 0.9647 | lr 3.77e-05 | 54s
2026-09-17 22:27:44 | INFO    | epoch 25 | batch 760/4266 | loss 0.4642 | acc 0.9644 | lr 3.76e-05 | 55s
2026-09-17 22:27:45 | INFO    | epoch 25 | batch 780/4266 | loss 0.4641 | acc 0.9644 | lr 3.76e-05 | 56s
2026-09-17 22:27:47 | INFO    | epoch 25 | batch 800/4266 | loss 0.4637 | acc 0.9648 | lr 3.76e-05 | 58s
2026-09-17 22:27:48 | INFO    | epoch 25 | batch 820/4266 | loss 0.4638 | acc 0.9647 | lr 3.76e-05 | 59s
2026-09-17 22:27:49 | INFO    | epoch 25 | batch 840/4266 | loss 0.4633 | acc 0.9650 | lr 3.76e-05 | 61s
2026-09-17 22:27:51 | INFO    | epoch 25 | batch 860/4266 | loss 0.4633 | acc 0.9650 | lr 3.76e-05 | 62s
2026-09-17 22:27:52 | INFO    | epoch 25 | batch 880/4266 | loss 0.4629 | acc 0.9652 | lr 3.75e-05 | 63s
2026-09-17 22:27:54 | INFO    | epoch 25 | batch 900/4266 | loss 0.4631 | acc 0.9651 | lr 3.75e-05 | 65s
2026-09-17 22:27:55 | INFO    | epoch 25 | batch 920/4266 | loss 0.4629 | acc 0.9651 | lr 3.75e-05 | 66s
2026-09-17 22:27:56 | INFO    | epoch 25 | batch 940/4266 | loss 0.4633 | acc 0.9650 | lr 3.75e-05 | 68s
2026-09-17 22:27:58 | INFO    | epoch 25 | batch 960/4266 | loss 0.4635 | acc 0.9649 | lr 3.75e-05 | 69s
2026-09-17 22:27:59 | INFO    | epoch 25 | batch 980/4266 | loss 0.4641 | acc 0.9647 | lr 3.74e-05 | 70s
2026-09-17 22:28:01 | INFO    | epoch 25 | batch 1000/4266 | loss 0.4640 | acc 0.9648 | lr 3.74e-05 | 72s
2026-09-17 22:28:02 | INFO    | epoch 25 | batch 1020/4266 | loss 0.4637 | acc 0.9650 | lr 3.74e-05 | 73s
2026-09-17 22:28:03 | INFO    | epoch 25 | batch 1040/4266 | loss 0.4637 | acc 0.9651 | lr 3.74e-05 | 75s
2026-09-17 22:28:05 | INFO    | epoch 25 | batch 1060/4266 | loss 0.4637 | acc 0.9650 | lr 3.74e-05 | 76s
2026-09-17 22:28:06 | INFO    | epoch 25 | batch 1080/4266 | loss 0.4637 | acc 0.9649 | lr 3.73e-05 | 77s
2026-09-17 22:28:08 | INFO    | epoch 25 | batch 1100/4266 | loss 0.4640 | acc 0.9648 | lr 3.73e-05 | 79s
2026-09-17 22:28:09 | INFO    | epoch 25 | batch 1120/4266 | loss 0.4642 | acc 0.9649 | lr 3.73e-05 | 80s
2026-09-17 22:28:10 | INFO    | epoch 25 | batch 1140/4266 | loss 0.4641 | acc 0.9651 | lr 3.73e-05 | 82s
2026-09-17 22:28:12 | INFO    | epoch 25 | batch 1160/4266 | loss 0.4642 | acc 0.9651 | lr 3.73e-05 | 83s
2026-09-17 22:28:13 | INFO    | epoch 25 | batch 1180/4266 | loss 0.4640 | acc 0.9651 | lr 3.73e-05 | 84s
2026-09-17 22:28:15 | INFO    | epoch 25 | batch 1200/4266 | loss 0.4643 | acc 0.9651 | lr 3.72e-05 | 86s
2026-09-17 22:28:16 | INFO    | epoch 25 | batch 1220/4266 | loss 0.4641 | acc 0.9652 | lr 3.72e-05 | 87s
2026-09-17 22:28:17 | INFO    | epoch 25 | batch 1240/4266 | loss 0.4641 | acc 0.9652 | lr 3.72e-05 | 89s
2026-09-17 22:28:19 | INFO    | epoch 25 | batch 1260/4266 | loss 0.4642 | acc 0.9651 | lr 3.72e-05 | 90s
2026-09-17 22:28:20 | INFO    | epoch 25 | batch 1280/4266 | loss 0.4643 | acc 0.9651 | lr 3.72e-05 | 91s
2026-09-17 22:28:22 | INFO    | epoch 25 | batch 1300/4266 | loss 0.4643 | acc 0.9651 | lr 3.71e-05 | 93s
2026-09-17 22:28:23 | INFO    | epoch 25 | batch 1320/4266 | loss 0.4643 | acc 0.9650 | lr 3.71e-05 | 94s
2026-09-17 22:28:25 | INFO    | epoch 25 | batch 1340/4266 | loss 0.4644 | acc 0.9649 | lr 3.71e-05 | 96s
2026-09-17 22:28:26 | INFO    | epoch 25 | batch 1360/4266 | loss 0.4641 | acc 0.9650 | lr 3.71e-05 | 97s
2026-09-17 22:28:27 | INFO    | epoch 25 | batch 1380/4266 | loss 0.4641 | acc 0.9650 | lr 3.71e-05 | 99s
2026-09-17 22:28:29 | INFO    | epoch 25 | batch 1400/4266 | loss 0.4644 | acc 0.9648 | lr 3.71e-05 | 100s
2026-09-17 22:28:30 | INFO    | epoch 25 | batch 1420/4266 | loss 0.4645 | acc 0.9648 | lr 3.70e-05 | 101s
2026-09-17 22:28:32 | INFO    | epoch 25 | batch 1440/4266 | loss 0.4644 | acc 0.9648 | lr 3.70e-05 | 103s
2026-09-17 22:28:33 | INFO    | epoch 25 | batch 1460/4266 | loss 0.4645 | acc 0.9648 | lr 3.70e-05 | 104s
2026-09-17 22:28:34 | INFO    | epoch 25 | batch 1480/4266 | loss 0.4649 | acc 0.9645 | lr 3.70e-05 | 106s
2026-09-17 22:28:36 | INFO    | epoch 25 | batch 1500/4266 | loss 0.4648 | acc 0.9645 | lr 3.70e-05 | 107s
2026-09-17 22:28:38 | INFO    | epoch 25 | batch 1520/4266 | loss 0.4647 | acc 0.9646 | lr 3.69e-05 | 109s
2026-09-17 22:28:39 | INFO    | epoch 25 | batch 1540/4266 | loss 0.4646 | acc 0.9646 | lr 3.69e-05 | 110s
2026-09-17 22:28:40 | INFO    | epoch 25 | batch 1560/4266 | loss 0.4646 | acc 0.9646 | lr 3.69e-05 | 112s
2026-09-17 22:28:42 | INFO    | epoch 25 | batch 1580/4266 | loss 0.4647 | acc 0.9647 | lr 3.69e-05 | 113s
2026-09-17 22:28:43 | INFO    | epoch 25 | batch 1600/4266 | loss 0.4648 | acc 0.9646 | lr 3.69e-05 | 115s
2026-09-17 22:28:45 | INFO    | epoch 25 | batch 1620/4266 | loss 0.4651 | acc 0.9645 | lr 3.68e-05 | 116s
2026-09-17 22:28:46 | INFO    | epoch 25 | batch 1640/4266 | loss 0.4650 | acc 0.9645 | lr 3.68e-05 | 117s
2026-09-17 22:28:48 | INFO    | epoch 25 | batch 1660/4266 | loss 0.4654 | acc 0.9643 | lr 3.68e-05 | 119s
2026-09-17 22:28:49 | INFO    | epoch 25 | batch 1680/4266 | loss 0.4655 | acc 0.9642 | lr 3.68e-05 | 120s
2026-09-17 22:28:50 | INFO    | epoch 25 | batch 1700/4266 | loss 0.4656 | acc 0.9641 | lr 3.68e-05 | 122s
2026-09-17 22:28:52 | INFO    | epoch 25 | batch 1720/4266 | loss 0.4655 | acc 0.9642 | lr 3.68e-05 | 123s
2026-09-17 22:28:53 | INFO    | epoch 25 | batch 1740/4266 | loss 0.4655 | acc 0.9641 | lr 3.67e-05 | 125s
2026-09-17 22:28:55 | INFO    | epoch 25 | batch 1760/4266 | loss 0.4652 | acc 0.9643 | lr 3.67e-05 | 126s
2026-09-17 22:28:56 | INFO    | epoch 25 | batch 1780/4266 | loss 0.4652 | acc 0.9643 | lr 3.67e-05 | 127s
2026-09-17 22:28:57 | INFO    | epoch 25 | batch 1800/4266 | loss 0.4651 | acc 0.9644 | lr 3.67e-05 | 129s
2026-09-17 22:28:59 | INFO    | epoch 25 | batch 1820/4266 | loss 0.4653 | acc 0.9643 | lr 3.67e-05 | 130s
2026-09-17 22:29:00 | INFO    | epoch 25 | batch 1840/4266 | loss 0.4653 | acc 0.9643 | lr 3.66e-05 | 131s
2026-09-17 22:29:02 | INFO    | epoch 25 | batch 1860/4266 | loss 0.4653 | acc 0.9643 | lr 3.66e-05 | 133s
2026-09-17 22:29:03 | INFO    | epoch 25 | batch 1880/4266 | loss 0.4651 | acc 0.9644 | lr 3.66e-05 | 134s
2026-09-17 22:29:04 | INFO    | epoch 25 | batch 1900/4266 | loss 0.4652 | acc 0.9644 | lr 3.66e-05 | 136s
2026-09-17 22:29:06 | INFO    | epoch 25 | batch 1920/4266 | loss 0.4652 | acc 0.9644 | lr 3.66e-05 | 137s
2026-09-17 22:29:07 | INFO    | epoch 25 | batch 1940/4266 | loss 0.4650 | acc 0.9645 | lr 3.66e-05 | 138s
2026-09-17 22:29:09 | INFO    | epoch 25 | batch 1960/4266 | loss 0.4651 | acc 0.9645 | lr 3.65e-05 | 140s
2026-09-17 22:29:10 | INFO    | epoch 25 | batch 1980/4266 | loss 0.4650 | acc 0.9644 | lr 3.65e-05 | 141s
2026-09-17 22:29:11 | INFO    | epoch 25 | batch 2000/4266 | loss 0.4649 | acc 0.9645 | lr 3.65e-05 | 143s
2026-09-17 22:29:13 | INFO    | epoch 25 | batch 2020/4266 | loss 0.4647 | acc 0.9646 | lr 3.65e-05 | 144s
2026-09-17 22:29:14 | INFO    | epoch 25 | batch 2040/4266 | loss 0.4647 | acc 0.9646 | lr 3.65e-05 | 146s
2026-09-17 22:29:16 | INFO    | epoch 25 | batch 2060/4266 | loss 0.4646 | acc 0.9647 | lr 3.64e-05 | 147s
2026-09-17 22:29:17 | INFO    | epoch 25 | batch 2080/4266 | loss 0.4646 | acc 0.9646 | lr 3.64e-05 | 148s
2026-09-17 22:29:19 | INFO    | epoch 25 | batch 2100/4266 | loss 0.4645 | acc 0.9648 | lr 3.64e-05 | 150s
2026-09-17 22:29:20 | INFO    | epoch 25 | batch 2120/4266 | loss 0.4644 | acc 0.9648 | lr 3.64e-05 | 151s
2026-09-17 22:29:21 | INFO    | epoch 25 | batch 2140/4266 | loss 0.4645 | acc 0.9647 | lr 3.64e-05 | 153s
2026-09-17 22:29:23 | INFO    | epoch 25 | batch 2160/4266 | loss 0.4646 | acc 0.9646 | lr 3.64e-05 | 154s
2026-09-17 22:29:24 | INFO    | epoch 25 | batch 2180/4266 | loss 0.4646 | acc 0.9647 | lr 3.63e-05 | 156s
2026-09-17 22:29:26 | INFO    | epoch 25 | batch 2200/4266 | loss 0.4645 | acc 0.9648 | lr 3.63e-05 | 157s
2026-09-17 22:29:27 | INFO    | epoch 25 | batch 2220/4266 | loss 0.4645 | acc 0.9648 | lr 3.63e-05 | 158s
2026-09-17 22:29:29 | INFO    | epoch 25 | batch 2240/4266 | loss 0.4645 | acc 0.9648 | lr 3.63e-05 | 160s
2026-09-17 22:29:30 | INFO    | epoch 25 | batch 2260/4266 | loss 0.4646 | acc 0.9648 | lr 3.63e-05 | 161s
2026-09-17 22:29:32 | INFO    | epoch 25 | batch 2280/4266 | loss 0.4646 | acc 0.9648 | lr 3.62e-05 | 163s
2026-09-17 22:29:33 | INFO    | epoch 25 | batch 2300/4266 | loss 0.4647 | acc 0.9648 | lr 3.62e-05 | 164s
2026-09-17 22:29:34 | INFO    | epoch 25 | batch 2320/4266 | loss 0.4647 | acc 0.9648 | lr 3.62e-05 | 166s
2026-09-17 22:29:36 | INFO    | epoch 25 | batch 2340/4266 | loss 0.4645 | acc 0.9649 | lr 3.62e-05 | 167s
2026-09-17 22:29:37 | INFO    | epoch 25 | batch 2360/4266 | loss 0.4644 | acc 0.9649 | lr 3.62e-05 | 169s
2026-09-17 22:29:39 | INFO    | epoch 25 | batch 2380/4266 | loss 0.4642 | acc 0.9650 | lr 3.61e-05 | 170s
2026-09-17 22:29:40 | INFO    | epoch 25 | batch 2400/4266 | loss 0.4642 | acc 0.9650 | lr 3.61e-05 | 172s
2026-09-17 22:29:42 | INFO    | epoch 25 | batch 2420/4266 | loss 0.4643 | acc 0.9650 | lr 3.61e-05 | 173s
2026-09-17 22:29:43 | INFO    | epoch 25 | batch 2440/4266 | loss 0.4642 | acc 0.9650 | lr 3.61e-05 | 174s
2026-09-17 22:29:45 | INFO    | epoch 25 | batch 2460/4266 | loss 0.4640 | acc 0.9651 | lr 3.61e-05 | 176s
2026-09-17 22:29:46 | INFO    | epoch 25 | batch 2480/4266 | loss 0.4641 | acc 0.9651 | lr 3.61e-05 | 177s
2026-09-17 22:29:48 | INFO    | epoch 25 | batch 2500/4266 | loss 0.4640 | acc 0.9651 | lr 3.60e-05 | 179s
2026-09-17 22:29:49 | INFO    | epoch 25 | batch 2520/4266 | loss 0.4639 | acc 0.9652 | lr 3.60e-05 | 180s
2026-09-17 22:29:50 | INFO    | epoch 25 | batch 2540/4266 | loss 0.4640 | acc 0.9652 | lr 3.60e-05 | 182s
2026-09-17 22:29:52 | INFO    | epoch 25 | batch 2560/4266 | loss 0.4640 | acc 0.9652 | lr 3.60e-05 | 183s
2026-09-17 22:29:53 | INFO    | epoch 25 | batch 2580/4266 | loss 0.4638 | acc 0.9653 | lr 3.60e-05 | 185s
2026-09-17 22:29:55 | INFO    | epoch 25 | batch 2600/4266 | loss 0.4638 | acc 0.9653 | lr 3.59e-05 | 186s
2026-09-17 22:29:56 | INFO    | epoch 25 | batch 2620/4266 | loss 0.4636 | acc 0.9654 | lr 3.59e-05 | 187s
2026-09-17 22:29:58 | INFO    | epoch 25 | batch 2640/4266 | loss 0.4637 | acc 0.9653 | lr 3.59e-05 | 189s
2026-09-17 22:29:59 | INFO    | epoch 25 | batch 2660/4266 | loss 0.4636 | acc 0.9654 | lr 3.59e-05 | 190s
2026-09-17 22:30:00 | INFO    | epoch 25 | batch 2680/4266 | loss 0.4636 | acc 0.9654 | lr 3.59e-05 | 192s
2026-09-17 22:30:02 | INFO    | epoch 25 | batch 2700/4266 | loss 0.4636 | acc 0.9653 | lr 3.59e-05 | 193s
2026-09-17 22:30:03 | INFO    | epoch 25 | batch 2720/4266 | loss 0.4637 | acc 0.9653 | lr 3.58e-05 | 195s
2026-09-17 22:30:05 | INFO    | epoch 25 | batch 2740/4266 | loss 0.4638 | acc 0.9652 | lr 3.58e-05 | 196s
2026-09-17 22:30:06 | INFO    | epoch 25 | batch 2760/4266 | loss 0.4637 | acc 0.9653 | lr 3.58e-05 | 197s
2026-09-17 22:30:08 | INFO    | epoch 25 | batch 2780/4266 | loss 0.4637 | acc 0.9652 | lr 3.58e-05 | 199s
2026-09-17 22:30:09 | INFO    | epoch 25 | batch 2800/4266 | loss 0.4638 | acc 0.9652 | lr 3.58e-05 | 200s
2026-09-17 22:30:11 | INFO    | epoch 25 | batch 2820/4266 | loss 0.4639 | acc 0.9651 | lr 3.57e-05 | 202s
2026-09-17 22:30:12 | INFO    | epoch 25 | batch 2840/4266 | loss 0.4639 | acc 0.9651 | lr 3.57e-05 | 203s
2026-09-17 22:30:13 | INFO    | epoch 25 | batch 2860/4266 | loss 0.4639 | acc 0.9651 | lr 3.57e-05 | 205s
2026-09-17 22:30:15 | INFO    | epoch 25 | batch 2880/4266 | loss 0.4640 | acc 0.9651 | lr 3.57e-05 | 206s
2026-09-17 22:30:16 | INFO    | epoch 25 | batch 2900/4266 | loss 0.4640 | acc 0.9651 | lr 3.57e-05 | 207s
2026-09-17 22:30:18 | INFO    | epoch 25 | batch 2920/4266 | loss 0.4638 | acc 0.9652 | lr 3.57e-05 | 209s
2026-09-17 22:30:19 | INFO    | epoch 25 | batch 2940/4266 | loss 0.4638 | acc 0.9652 | lr 3.56e-05 | 210s
2026-09-17 22:30:20 | INFO    | epoch 25 | batch 2960/4266 | loss 0.4638 | acc 0.9652 | lr 3.56e-05 | 212s
2026-09-17 22:30:22 | INFO    | epoch 25 | batch 2980/4266 | loss 0.4638 | acc 0.9652 | lr 3.56e-05 | 213s
2026-09-17 22:30:23 | INFO    | epoch 25 | batch 3000/4266 | loss 0.4638 | acc 0.9652 | lr 3.56e-05 | 215s
2026-09-17 22:30:25 | INFO    | epoch 25 | batch 3020/4266 | loss 0.4637 | acc 0.9653 | lr 3.56e-05 | 216s
2026-09-17 22:30:26 | INFO    | epoch 25 | batch 3040/4266 | loss 0.4637 | acc 0.9652 | lr 3.55e-05 | 217s
2026-09-17 22:30:28 | INFO    | epoch 25 | batch 3060/4266 | loss 0.4637 | acc 0.9652 | lr 3.55e-05 | 219s
2026-09-17 22:30:29 | INFO    | epoch 25 | batch 3080/4266 | loss 0.4637 | acc 0.9652 | lr 3.55e-05 | 220s
2026-09-17 22:30:31 | INFO    | epoch 25 | batch 3100/4266 | loss 0.4637 | acc 0.9652 | lr 3.55e-05 | 222s
2026-09-17 22:30:32 | INFO    | epoch 25 | batch 3120/4266 | loss 0.4637 | acc 0.9652 | lr 3.55e-05 | 223s
2026-09-17 22:30:33 | INFO    | epoch 25 | batch 3140/4266 | loss 0.4637 | acc 0.9652 | lr 3.55e-05 | 225s
2026-09-17 22:30:35 | INFO    | epoch 25 | batch 3160/4266 | loss 0.4637 | acc 0.9652 | lr 3.54e-05 | 226s
2026-09-17 22:30:36 | INFO    | epoch 25 | batch 3180/4266 | loss 0.4637 | acc 0.9652 | lr 3.54e-05 | 227s
2026-09-17 22:30:38 | INFO    | epoch 25 | batch 3200/4266 | loss 0.4636 | acc 0.9652 | lr 3.54e-05 | 229s
2026-09-17 22:30:39 | INFO    | epoch 25 | batch 3220/4266 | loss 0.4637 | acc 0.9652 | lr 3.54e-05 | 230s
2026-09-17 22:30:41 | INFO    | epoch 25 | batch 3240/4266 | loss 0.4635 | acc 0.9652 | lr 3.54e-05 | 232s
2026-09-17 22:30:42 | INFO    | epoch 25 | batch 3260/4266 | loss 0.4634 | acc 0.9653 | lr 3.53e-05 | 233s
2026-09-17 22:30:43 | INFO    | epoch 25 | batch 3280/4266 | loss 0.4633 | acc 0.9653 | lr 3.53e-05 | 235s
2026-09-17 22:30:45 | INFO    | epoch 25 | batch 3300/4266 | loss 0.4635 | acc 0.9652 | lr 3.53e-05 | 236s
2026-09-17 22:30:46 | INFO    | epoch 25 | batch 3320/4266 | loss 0.4635 | acc 0.9653 | lr 3.53e-05 | 237s
2026-09-17 22:30:48 | INFO    | epoch 25 | batch 3340/4266 | loss 0.4635 | acc 0.9653 | lr 3.53e-05 | 239s
2026-09-17 22:30:49 | INFO    | epoch 25 | batch 3360/4266 | loss 0.4634 | acc 0.9652 | lr 3.53e-05 | 240s
2026-09-17 22:30:50 | INFO    | epoch 25 | batch 3380/4266 | loss 0.4634 | acc 0.9653 | lr 3.52e-05 | 242s
2026-09-17 22:30:52 | INFO    | epoch 25 | batch 3400/4266 | loss 0.4634 | acc 0.9653 | lr 3.52e-05 | 243s
2026-09-17 22:30:53 | INFO    | epoch 25 | batch 3420/4266 | loss 0.4634 | acc 0.9653 | lr 3.52e-05 | 244s
2026-09-17 22:30:55 | INFO    | epoch 25 | batch 3440/4266 | loss 0.4634 | acc 0.9653 | lr 3.52e-05 | 246s
2026-09-17 22:30:56 | INFO    | epoch 25 | batch 3460/4266 | loss 0.4634 | acc 0.9653 | lr 3.52e-05 | 247s
2026-09-17 22:30:57 | INFO    | epoch 25 | batch 3480/4266 | loss 0.4634 | acc 0.9653 | lr 3.51e-05 | 249s
2026-09-17 22:30:59 | INFO    | epoch 25 | batch 3500/4266 | loss 0.4633 | acc 0.9653 | lr 3.51e-05 | 250s
2026-09-17 22:31:00 | INFO    | epoch 25 | batch 3520/4266 | loss 0.4633 | acc 0.9653 | lr 3.51e-05 | 252s
2026-09-17 22:31:02 | INFO    | epoch 25 | batch 3540/4266 | loss 0.4633 | acc 0.9653 | lr 3.51e-05 | 253s
2026-09-17 22:31:03 | INFO    | epoch 25 | batch 3560/4266 | loss 0.4633 | acc 0.9653 | lr 3.51e-05 | 254s
2026-09-17 22:31:05 | INFO    | epoch 25 | batch 3580/4266 | loss 0.4632 | acc 0.9654 | lr 3.51e-05 | 256s
2026-09-17 22:31:06 | INFO    | epoch 25 | batch 3600/4266 | loss 0.4633 | acc 0.9654 | lr 3.50e-05 | 257s
2026-09-17 22:31:08 | INFO    | epoch 25 | batch 3620/4266 | loss 0.4633 | acc 0.9654 | lr 3.50e-05 | 259s
2026-09-17 22:31:09 | INFO    | epoch 25 | batch 3640/4266 | loss 0.4633 | acc 0.9654 | lr 3.50e-05 | 260s
2026-09-17 22:31:10 | INFO    | epoch 25 | batch 3660/4266 | loss 0.4633 | acc 0.9654 | lr 3.50e-05 | 262s
2026-09-17 22:31:12 | INFO    | epoch 25 | batch 3680/4266 | loss 0.4633 | acc 0.9654 | lr 3.50e-05 | 263s
2026-09-17 22:31:13 | INFO    | epoch 25 | batch 3700/4266 | loss 0.4633 | acc 0.9654 | lr 3.49e-05 | 264s
2026-09-17 22:31:15 | INFO    | epoch 25 | batch 3720/4266 | loss 0.4632 | acc 0.9654 | lr 3.49e-05 | 266s
2026-09-17 22:31:16 | INFO    | epoch 25 | batch 3740/4266 | loss 0.4632 | acc 0.9655 | lr 3.49e-05 | 267s
2026-09-17 22:31:17 | INFO    | epoch 25 | batch 3760/4266 | loss 0.4632 | acc 0.9655 | lr 3.49e-05 | 269s
2026-09-17 22:31:19 | INFO    | epoch 25 | batch 3780/4266 | loss 0.4632 | acc 0.9655 | lr 3.49e-05 | 270s
2026-09-17 22:31:20 | INFO    | epoch 25 | batch 3800/4266 | loss 0.4633 | acc 0.9655 | lr 3.49e-05 | 272s
2026-09-17 22:31:22 | INFO    | epoch 25 | batch 3820/4266 | loss 0.4632 | acc 0.9655 | lr 3.48e-05 | 273s
2026-09-17 22:31:23 | INFO    | epoch 25 | batch 3840/4266 | loss 0.4632 | acc 0.9655 | lr 3.48e-05 | 274s
2026-09-17 22:31:25 | INFO    | epoch 25 | batch 3860/4266 | loss 0.4633 | acc 0.9654 | lr 3.48e-05 | 276s
2026-09-17 22:31:26 | INFO    | epoch 25 | batch 3880/4266 | loss 0.4633 | acc 0.9654 | lr 3.48e-05 | 277s
2026-09-17 22:31:27 | INFO    | epoch 25 | batch 3900/4266 | loss 0.4634 | acc 0.9654 | lr 3.48e-05 | 279s
2026-09-17 22:31:29 | INFO    | epoch 25 | batch 3920/4266 | loss 0.4634 | acc 0.9654 | lr 3.47e-05 | 280s
2026-09-17 22:31:30 | INFO    | epoch 25 | batch 3940/4266 | loss 0.4634 | acc 0.9654 | lr 3.47e-05 | 282s
2026-09-17 22:31:32 | INFO    | epoch 25 | batch 3960/4266 | loss 0.4633 | acc 0.9655 | lr 3.47e-05 | 283s
2026-09-17 22:31:33 | INFO    | epoch 25 | batch 3980/4266 | loss 0.4633 | acc 0.9655 | lr 3.47e-05 | 284s
2026-09-17 22:31:34 | INFO    | epoch 25 | batch 4000/4266 | loss 0.4633 | acc 0.9654 | lr 3.47e-05 | 286s
2026-09-17 22:31:36 | INFO    | epoch 25 | batch 4020/4266 | loss 0.4633 | acc 0.9654 | lr 3.47e-05 | 287s
2026-09-17 22:31:37 | INFO    | epoch 25 | batch 4040/4266 | loss 0.4633 | acc 0.9654 | lr 3.46e-05 | 289s
2026-09-17 22:31:39 | INFO    | epoch 25 | batch 4060/4266 | loss 0.4633 | acc 0.9654 | lr 3.46e-05 | 290s
2026-09-17 22:31:40 | INFO    | epoch 25 | batch 4080/4266 | loss 0.4633 | acc 0.9655 | lr 3.46e-05 | 291s
2026-09-17 22:31:42 | INFO    | epoch 25 | batch 4100/4266 | loss 0.4632 | acc 0.9655 | lr 3.46e-05 | 293s
2026-09-17 22:31:43 | INFO    | epoch 25 | batch 4120/4266 | loss 0.4634 | acc 0.9654 | lr 3.46e-05 | 294s
2026-09-17 22:31:44 | INFO    | epoch 25 | batch 4140/4266 | loss 0.4634 | acc 0.9655 | lr 3.45e-05 | 296s
2026-09-17 22:31:46 | INFO    | epoch 25 | batch 4160/4266 | loss 0.4634 | acc 0.9654 | lr 3.45e-05 | 297s
2026-09-17 22:31:47 | INFO    | epoch 25 | batch 4180/4266 | loss 0.4634 | acc 0.9654 | lr 3.45e-05 | 298s
2026-09-17 22:31:49 | INFO    | epoch 25 | batch 4200/4266 | loss 0.4634 | acc 0.9654 | lr 3.45e-05 | 300s
2026-09-17 22:31:50 | INFO    | epoch 25 | batch 4220/4266 | loss 0.4633 | acc 0.9655 | lr 3.45e-05 | 301s
2026-09-17 22:31:51 | INFO    | epoch 25 | batch 4240/4266 | loss 0.4634 | acc 0.9655 | lr 3.45e-05 | 303s
2026-09-17 22:31:53 | INFO    | epoch 25 | batch 4260/4266 | loss 0.4633 | acc 0.9655 | lr 3.44e-05 | 304s
2026-09-17 22:31:53 | INFO    | epoch 25 | batch 4266/4266 | loss 0.4633 | acc 0.9655 | lr 3.44e-05 | 305s
2026-09-17 22:32:03 | INFO    | epoch 25/40 done in 314s | train loss 0.4633 | train running patch (aug): accuracy=0.9655 precision=0.9652 recall=0.9645 f1=0.9648
2026-09-17 22:32:03 | INFO    | epoch 25 train (eval, no aug) | loss 0.5672 | patch[7280]: accuracy=0.9143 precision=0.9148 recall=0.9096 f1=0.9113 | image[455]: accuracy=0.9868 precision=0.9872 recall=0.9848 f1=0.9859
2026-09-17 22:32:03 | INFO    | epoch 25 val | loss 1.2544 | patch[8448]: accuracy=0.6393 precision=0.6362 recall=0.6140 f1=0.6164 | image[96]: accuracy=0.7083 precision=0.7204 recall=0.6793 f1=0.6861
2026-09-17 22:32:03 | INFO    | val_patch_f1 = 0.6164 (best 0.6465 @ epoch 23)
2026-09-17 22:32:05 | INFO    | epoch 26 | batch 20/4266 | loss 0.4638 | acc 0.9734 | lr 3.44e-05 | 2s
2026-09-17 22:32:06 | INFO    | epoch 26 | batch 40/4266 | loss 0.4675 | acc 0.9672 | lr 3.44e-05 | 3s
2026-09-17 22:32:08 | INFO    | epoch 26 | batch 60/4266 | loss 0.4594 | acc 0.9703 | lr 3.44e-05 | 4s
2026-09-17 22:32:09 | INFO    | epoch 26 | batch 80/4266 | loss 0.4613 | acc 0.9672 | lr 3.44e-05 | 6s
2026-09-17 22:32:10 | INFO    | epoch 26 | batch 100/4266 | loss 0.4563 | acc 0.9706 | lr 3.43e-05 | 7s
2026-09-17 22:32:12 | INFO    | epoch 26 | batch 120/4266 | loss 0.4587 | acc 0.9688 | lr 3.43e-05 | 9s
2026-09-17 22:32:13 | INFO    | epoch 26 | batch 140/4266 | loss 0.4576 | acc 0.9694 | lr 3.43e-05 | 10s
2026-09-17 22:32:15 | INFO    | epoch 26 | batch 160/4266 | loss 0.4589 | acc 0.9684 | lr 3.43e-05 | 12s
2026-09-17 22:32:16 | INFO    | epoch 26 | batch 180/4266 | loss 0.4603 | acc 0.9677 | lr 3.43e-05 | 13s
2026-09-17 22:32:17 | INFO    | epoch 26 | batch 200/4266 | loss 0.4606 | acc 0.9672 | lr 3.42e-05 | 14s
2026-09-17 22:32:19 | INFO    | epoch 26 | batch 220/4266 | loss 0.4604 | acc 0.9673 | lr 3.42e-05 | 16s
2026-09-17 22:32:20 | INFO    | epoch 26 | batch 240/4266 | loss 0.4594 | acc 0.9678 | lr 3.42e-05 | 17s
2026-09-17 22:32:22 | INFO    | epoch 26 | batch 260/4266 | loss 0.4597 | acc 0.9674 | lr 3.42e-05 | 19s
2026-09-17 22:32:23 | INFO    | epoch 26 | batch 280/4266 | loss 0.4584 | acc 0.9682 | lr 3.42e-05 | 20s
2026-09-17 22:32:25 | INFO    | epoch 26 | batch 300/4266 | loss 0.4585 | acc 0.9677 | lr 3.42e-05 | 21s
2026-09-17 22:32:26 | INFO    | epoch 26 | batch 320/4266 | loss 0.4580 | acc 0.9678 | lr 3.41e-05 | 23s
2026-09-17 22:32:28 | INFO    | epoch 26 | batch 340/4266 | loss 0.4582 | acc 0.9676 | lr 3.41e-05 | 24s
2026-09-17 22:32:29 | INFO    | epoch 26 | batch 360/4266 | loss 0.4579 | acc 0.9679 | lr 3.41e-05 | 26s
2026-09-17 22:32:30 | INFO    | epoch 26 | batch 380/4266 | loss 0.4580 | acc 0.9678 | lr 3.41e-05 | 27s
2026-09-17 22:32:32 | INFO    | epoch 26 | batch 400/4266 | loss 0.4579 | acc 0.9680 | lr 3.41e-05 | 29s
2026-09-17 22:32:33 | INFO    | epoch 26 | batch 420/4266 | loss 0.4593 | acc 0.9674 | lr 3.40e-05 | 30s
2026-09-17 22:32:35 | INFO    | epoch 26 | batch 440/4266 | loss 0.4590 | acc 0.9678 | lr 3.40e-05 | 31s
2026-09-17 22:32:36 | INFO    | epoch 26 | batch 460/4266 | loss 0.4589 | acc 0.9679 | lr 3.40e-05 | 33s
2026-09-17 22:32:37 | INFO    | epoch 26 | batch 480/4266 | loss 0.4581 | acc 0.9684 | lr 3.40e-05 | 34s
2026-09-17 22:32:39 | INFO    | epoch 26 | batch 500/4266 | loss 0.4584 | acc 0.9682 | lr 3.40e-05 | 36s
2026-09-17 22:32:40 | INFO    | epoch 26 | batch 520/4266 | loss 0.4589 | acc 0.9680 | lr 3.40e-05 | 37s
2026-09-17 22:32:42 | INFO    | epoch 26 | batch 540/4266 | loss 0.4597 | acc 0.9675 | lr 3.39e-05 | 39s
2026-09-17 22:32:43 | INFO    | epoch 26 | batch 560/4266 | loss 0.4598 | acc 0.9673 | lr 3.39e-05 | 40s
2026-09-17 22:32:45 | INFO    | epoch 26 | batch 580/4266 | loss 0.4596 | acc 0.9675 | lr 3.39e-05 | 42s
2026-09-17 22:32:46 | INFO    | epoch 26 | batch 600/4266 | loss 0.4595 | acc 0.9673 | lr 3.39e-05 | 43s
2026-09-17 22:32:47 | INFO    | epoch 26 | batch 620/4266 | loss 0.4593 | acc 0.9675 | lr 3.39e-05 | 44s
2026-09-17 22:32:49 | INFO    | epoch 26 | batch 640/4266 | loss 0.4601 | acc 0.9673 | lr 3.38e-05 | 46s
2026-09-17 22:32:50 | INFO    | epoch 26 | batch 660/4266 | loss 0.4602 | acc 0.9671 | lr 3.38e-05 | 47s
2026-09-17 22:32:52 | INFO    | epoch 26 | batch 680/4266 | loss 0.4607 | acc 0.9668 | lr 3.38e-05 | 48s
2026-09-17 22:32:53 | INFO    | epoch 26 | batch 700/4266 | loss 0.4605 | acc 0.9669 | lr 3.38e-05 | 50s
2026-09-17 22:32:54 | INFO    | epoch 26 | batch 720/4266 | loss 0.4602 | acc 0.9670 | lr 3.38e-05 | 51s
2026-09-17 22:32:56 | INFO    | epoch 26 | batch 740/4266 | loss 0.4600 | acc 0.9671 | lr 3.38e-05 | 53s
2026-09-17 22:32:57 | INFO    | epoch 26 | batch 760/4266 | loss 0.4596 | acc 0.9672 | lr 3.37e-05 | 54s
2026-09-17 22:32:59 | INFO    | epoch 26 | batch 780/4266 | loss 0.4601 | acc 0.9670 | lr 3.37e-05 | 56s
2026-09-17 22:33:00 | INFO    | epoch 26 | batch 800/4266 | loss 0.4600 | acc 0.9670 | lr 3.37e-05 | 57s
2026-09-17 22:33:01 | INFO    | epoch 26 | batch 820/4266 | loss 0.4599 | acc 0.9670 | lr 3.37e-05 | 58s
2026-09-17 22:33:03 | INFO    | epoch 26 | batch 840/4266 | loss 0.4602 | acc 0.9669 | lr 3.37e-05 | 60s
2026-09-17 22:33:04 | INFO    | epoch 26 | batch 860/4266 | loss 0.4606 | acc 0.9665 | lr 3.36e-05 | 61s
2026-09-17 22:33:06 | INFO    | epoch 26 | batch 880/4266 | loss 0.4610 | acc 0.9662 | lr 3.36e-05 | 62s
2026-09-17 22:33:07 | INFO    | epoch 26 | batch 900/4266 | loss 0.4609 | acc 0.9662 | lr 3.36e-05 | 64s
2026-09-17 22:33:08 | INFO    | epoch 26 | batch 920/4266 | loss 0.4603 | acc 0.9665 | lr 3.36e-05 | 65s
2026-09-17 22:33:10 | INFO    | epoch 26 | batch 940/4266 | loss 0.4602 | acc 0.9666 | lr 3.36e-05 | 67s
2026-09-17 22:33:11 | INFO    | epoch 26 | batch 960/4266 | loss 0.4600 | acc 0.9667 | lr 3.36e-05 | 68s
2026-09-17 22:33:13 | INFO    | epoch 26 | batch 980/4266 | loss 0.4604 | acc 0.9666 | lr 3.35e-05 | 69s
2026-09-17 22:33:14 | INFO    | epoch 26 | batch 1000/4266 | loss 0.4598 | acc 0.9670 | lr 3.35e-05 | 71s
2026-09-17 22:33:15 | INFO    | epoch 26 | batch 1020/4266 | loss 0.4598 | acc 0.9670 | lr 3.35e-05 | 72s
2026-09-17 22:33:17 | INFO    | epoch 26 | batch 1040/4266 | loss 0.4602 | acc 0.9669 | lr 3.35e-05 | 74s
2026-09-17 22:33:18 | INFO    | epoch 26 | batch 1060/4266 | loss 0.4602 | acc 0.9669 | lr 3.35e-05 | 75s
2026-09-17 22:33:20 | INFO    | epoch 26 | batch 1080/4266 | loss 0.4602 | acc 0.9669 | lr 3.35e-05 | 76s
2026-09-17 22:33:21 | INFO    | epoch 26 | batch 1100/4266 | loss 0.4604 | acc 0.9668 | lr 3.34e-05 | 78s
2026-09-17 22:33:22 | INFO    | epoch 26 | batch 1120/4266 | loss 0.4604 | acc 0.9670 | lr 3.34e-05 | 79s
2026-09-17 22:33:24 | INFO    | epoch 26 | batch 1140/4266 | loss 0.4605 | acc 0.9669 | lr 3.34e-05 | 81s
2026-09-17 22:33:25 | INFO    | epoch 26 | batch 1160/4266 | loss 0.4602 | acc 0.9671 | lr 3.34e-05 | 82s
2026-09-17 22:33:27 | INFO    | epoch 26 | batch 1180/4266 | loss 0.4605 | acc 0.9671 | lr 3.34e-05 | 84s
2026-09-17 22:33:28 | INFO    | epoch 26 | batch 1200/4266 | loss 0.4603 | acc 0.9672 | lr 3.33e-05 | 85s
2026-09-17 22:33:29 | INFO    | epoch 26 | batch 1220/4266 | loss 0.4604 | acc 0.9672 | lr 3.33e-05 | 86s
2026-09-17 22:33:31 | INFO    | epoch 26 | batch 1240/4266 | loss 0.4607 | acc 0.9670 | lr 3.33e-05 | 88s
2026-09-17 22:33:32 | INFO    | epoch 26 | batch 1260/4266 | loss 0.4609 | acc 0.9669 | lr 3.33e-05 | 89s
2026-09-17 22:33:34 | INFO    | epoch 26 | batch 1280/4266 | loss 0.4609 | acc 0.9669 | lr 3.33e-05 | 91s
2026-09-17 22:33:35 | INFO    | epoch 26 | batch 1300/4266 | loss 0.4606 | acc 0.9671 | lr 3.33e-05 | 92s
2026-09-17 22:33:37 | INFO    | epoch 26 | batch 1320/4266 | loss 0.4607 | acc 0.9671 | lr 3.32e-05 | 93s
2026-09-17 22:33:38 | INFO    | epoch 26 | batch 1340/4266 | loss 0.4604 | acc 0.9673 | lr 3.32e-05 | 95s
2026-09-17 22:33:39 | INFO    | epoch 26 | batch 1360/4266 | loss 0.4606 | acc 0.9673 | lr 3.32e-05 | 96s
2026-09-17 22:33:41 | INFO    | epoch 26 | batch 1380/4266 | loss 0.4605 | acc 0.9673 | lr 3.32e-05 | 98s
2026-09-17 22:33:42 | INFO    | epoch 26 | batch 1400/4266 | loss 0.4604 | acc 0.9674 | lr 3.32e-05 | 99s
2026-09-17 22:33:44 | INFO    | epoch 26 | batch 1420/4266 | loss 0.4607 | acc 0.9674 | lr 3.31e-05 | 101s
2026-09-17 22:33:45 | INFO    | epoch 26 | batch 1440/4266 | loss 0.4607 | acc 0.9674 | lr 3.31e-05 | 102s
2026-09-17 22:33:47 | INFO    | epoch 26 | batch 1460/4266 | loss 0.4605 | acc 0.9675 | lr 3.31e-05 | 104s
2026-09-17 22:33:48 | INFO    | epoch 26 | batch 1480/4266 | loss 0.4603 | acc 0.9675 | lr 3.31e-05 | 105s
2026-09-17 22:33:49 | INFO    | epoch 26 | batch 1500/4266 | loss 0.4605 | acc 0.9675 | lr 3.31e-05 | 106s
2026-09-17 22:33:51 | INFO    | epoch 26 | batch 1520/4266 | loss 0.4605 | acc 0.9675 | lr 3.31e-05 | 108s
2026-09-17 22:33:52 | INFO    | epoch 26 | batch 1540/4266 | loss 0.4604 | acc 0.9675 | lr 3.30e-05 | 109s
2026-09-17 22:33:54 | INFO    | epoch 26 | batch 1560/4266 | loss 0.4607 | acc 0.9674 | lr 3.30e-05 | 111s
2026-09-17 22:33:55 | INFO    | epoch 26 | batch 1580/4266 | loss 0.4606 | acc 0.9674 | lr 3.30e-05 | 112s
2026-09-17 22:33:57 | INFO    | epoch 26 | batch 1600/4266 | loss 0.4608 | acc 0.9673 | lr 3.30e-05 | 113s
2026-09-17 22:33:58 | INFO    | epoch 26 | batch 1620/4266 | loss 0.4607 | acc 0.9674 | lr 3.30e-05 | 115s
2026-09-17 22:33:59 | INFO    | epoch 26 | batch 1640/4266 | loss 0.4607 | acc 0.9674 | lr 3.29e-05 | 116s
2026-09-17 22:34:01 | INFO    | epoch 26 | batch 1660/4266 | loss 0.4604 | acc 0.9675 | lr 3.29e-05 | 118s
2026-09-17 22:34:02 | INFO    | epoch 26 | batch 1680/4266 | loss 0.4603 | acc 0.9676 | lr 3.29e-05 | 119s
2026-09-17 22:34:04 | INFO    | epoch 26 | batch 1700/4266 | loss 0.4603 | acc 0.9676 | lr 3.29e-05 | 121s
2026-09-17 22:34:05 | INFO    | epoch 26 | batch 1720/4266 | loss 0.4603 | acc 0.9676 | lr 3.29e-05 | 122s
2026-09-17 22:34:06 | INFO    | epoch 26 | batch 1740/4266 | loss 0.4601 | acc 0.9677 | lr 3.29e-05 | 123s
2026-09-17 22:34:08 | INFO    | epoch 26 | batch 1760/4266 | loss 0.4600 | acc 0.9678 | lr 3.28e-05 | 125s
2026-09-17 22:34:09 | INFO    | epoch 26 | batch 1780/4266 | loss 0.4599 | acc 0.9678 | lr 3.28e-05 | 126s
2026-09-17 22:34:11 | INFO    | epoch 26 | batch 1800/4266 | loss 0.4600 | acc 0.9676 | lr 3.28e-05 | 127s
2026-09-17 22:34:12 | INFO    | epoch 26 | batch 1820/4266 | loss 0.4600 | acc 0.9677 | lr 3.28e-05 | 129s
2026-09-17 22:34:13 | INFO    | epoch 26 | batch 1840/4266 | loss 0.4599 | acc 0.9677 | lr 3.28e-05 | 130s
2026-09-17 22:34:15 | INFO    | epoch 26 | batch 1860/4266 | loss 0.4598 | acc 0.9677 | lr 3.28e-05 | 132s
2026-09-17 22:34:16 | INFO    | epoch 26 | batch 1880/4266 | loss 0.4598 | acc 0.9676 | lr 3.27e-05 | 133s
2026-09-17 22:34:18 | INFO    | epoch 26 | batch 1900/4266 | loss 0.4597 | acc 0.9676 | lr 3.27e-05 | 134s
2026-09-17 22:34:19 | INFO    | epoch 26 | batch 1920/4266 | loss 0.4597 | acc 0.9676 | lr 3.27e-05 | 136s
2026-09-17 22:34:20 | INFO    | epoch 26 | batch 1940/4266 | loss 0.4596 | acc 0.9676 | lr 3.27e-05 | 137s
2026-09-17 22:34:22 | INFO    | epoch 26 | batch 1960/4266 | loss 0.4595 | acc 0.9676 | lr 3.27e-05 | 139s
2026-09-17 22:34:23 | INFO    | epoch 26 | batch 1980/4266 | loss 0.4596 | acc 0.9676 | lr 3.26e-05 | 140s
2026-09-17 22:34:25 | INFO    | epoch 26 | batch 2000/4266 | loss 0.4597 | acc 0.9675 | lr 3.26e-05 | 142s
2026-09-17 22:34:26 | INFO    | epoch 26 | batch 2020/4266 | loss 0.4597 | acc 0.9675 | lr 3.26e-05 | 143s
2026-09-17 22:34:28 | INFO    | epoch 26 | batch 2040/4266 | loss 0.4598 | acc 0.9674 | lr 3.26e-05 | 145s
2026-09-17 22:34:29 | INFO    | epoch 26 | batch 2060/4266 | loss 0.4598 | acc 0.9674 | lr 3.26e-05 | 146s
2026-09-17 22:34:30 | INFO    | epoch 26 | batch 2080/4266 | loss 0.4599 | acc 0.9674 | lr 3.26e-05 | 147s
2026-09-17 22:34:32 | INFO    | epoch 26 | batch 2100/4266 | loss 0.4598 | acc 0.9674 | lr 3.25e-05 | 149s
2026-09-17 22:34:33 | INFO    | epoch 26 | batch 2120/4266 | loss 0.4597 | acc 0.9674 | lr 3.25e-05 | 150s
2026-09-17 22:34:35 | INFO    | epoch 26 | batch 2140/4266 | loss 0.4597 | acc 0.9674 | lr 3.25e-05 | 152s
2026-09-17 22:34:36 | INFO    | epoch 26 | batch 2160/4266 | loss 0.4596 | acc 0.9674 | lr 3.25e-05 | 153s
2026-09-17 22:34:38 | INFO    | epoch 26 | batch 2180/4266 | loss 0.4596 | acc 0.9675 | lr 3.25e-05 | 155s
2026-09-17 22:34:39 | INFO    | epoch 26 | batch 2200/4266 | loss 0.4596 | acc 0.9674 | lr 3.24e-05 | 156s
2026-09-17 22:34:41 | INFO    | epoch 26 | batch 2220/4266 | loss 0.4595 | acc 0.9674 | lr 3.24e-05 | 157s
2026-09-17 22:34:42 | INFO    | epoch 26 | batch 2240/4266 | loss 0.4594 | acc 0.9674 | lr 3.24e-05 | 159s
2026-09-17 22:34:43 | INFO    | epoch 26 | batch 2260/4266 | loss 0.4592 | acc 0.9676 | lr 3.24e-05 | 160s
2026-09-17 22:34:45 | INFO    | epoch 26 | batch 2280/4266 | loss 0.4594 | acc 0.9675 | lr 3.24e-05 | 162s
2026-09-17 22:34:46 | INFO    | epoch 26 | batch 2300/4266 | loss 0.4592 | acc 0.9676 | lr 3.24e-05 | 163s
2026-09-17 22:34:48 | INFO    | epoch 26 | batch 2320/4266 | loss 0.4592 | acc 0.9676 | lr 3.23e-05 | 165s
2026-09-17 22:34:49 | INFO    | epoch 26 | batch 2340/4266 | loss 0.4590 | acc 0.9677 | lr 3.23e-05 | 166s
2026-09-17 22:34:51 | INFO    | epoch 26 | batch 2360/4266 | loss 0.4590 | acc 0.9677 | lr 3.23e-05 | 167s
2026-09-17 22:34:52 | INFO    | epoch 26 | batch 2380/4266 | loss 0.4590 | acc 0.9677 | lr 3.23e-05 | 169s
2026-09-17 22:34:53 | INFO    | epoch 26 | batch 2400/4266 | loss 0.4591 | acc 0.9677 | lr 3.23e-05 | 170s
2026-09-17 22:34:55 | INFO    | epoch 26 | batch 2420/4266 | loss 0.4591 | acc 0.9677 | lr 3.23e-05 | 172s
2026-09-17 22:34:56 | INFO    | epoch 26 | batch 2440/4266 | loss 0.4590 | acc 0.9677 | lr 3.22e-05 | 173s
2026-09-17 22:34:58 | INFO    | epoch 26 | batch 2460/4266 | loss 0.4591 | acc 0.9677 | lr 3.22e-05 | 175s
2026-09-17 22:34:59 | INFO    | epoch 26 | batch 2480/4266 | loss 0.4593 | acc 0.9676 | lr 3.22e-05 | 176s
2026-09-17 22:35:00 | INFO    | epoch 26 | batch 2500/4266 | loss 0.4592 | acc 0.9677 | lr 3.22e-05 | 177s
2026-09-17 22:35:02 | INFO    | epoch 26 | batch 2520/4266 | loss 0.4591 | acc 0.9677 | lr 3.22e-05 | 179s
2026-09-17 22:35:03 | INFO    | epoch 26 | batch 2540/4266 | loss 0.4588 | acc 0.9678 | lr 3.21e-05 | 180s
2026-09-17 22:35:05 | INFO    | epoch 26 | batch 2560/4266 | loss 0.4589 | acc 0.9678 | lr 3.21e-05 | 182s
2026-09-17 22:35:06 | INFO    | epoch 26 | batch 2580/4266 | loss 0.4591 | acc 0.9677 | lr 3.21e-05 | 183s
2026-09-17 22:35:08 | INFO    | epoch 26 | batch 2600/4266 | loss 0.4592 | acc 0.9676 | lr 3.21e-05 | 184s
2026-09-17 22:35:09 | INFO    | epoch 26 | batch 2620/4266 | loss 0.4593 | acc 0.9676 | lr 3.21e-05 | 186s
2026-09-17 22:35:10 | INFO    | epoch 26 | batch 2640/4266 | loss 0.4592 | acc 0.9676 | lr 3.21e-05 | 187s
2026-09-17 22:35:12 | INFO    | epoch 26 | batch 2660/4266 | loss 0.4592 | acc 0.9675 | lr 3.20e-05 | 189s
2026-09-17 22:35:13 | INFO    | epoch 26 | batch 2680/4266 | loss 0.4592 | acc 0.9675 | lr 3.20e-05 | 190s
2026-09-17 22:35:15 | INFO    | epoch 26 | batch 2700/4266 | loss 0.4591 | acc 0.9676 | lr 3.20e-05 | 191s
2026-09-17 22:35:16 | INFO    | epoch 26 | batch 2720/4266 | loss 0.4592 | acc 0.9676 | lr 3.20e-05 | 193s
2026-09-17 22:35:17 | INFO    | epoch 26 | batch 2740/4266 | loss 0.4594 | acc 0.9675 | lr 3.20e-05 | 194s
2026-09-17 22:35:19 | INFO    | epoch 26 | batch 2760/4266 | loss 0.4594 | acc 0.9675 | lr 3.19e-05 | 196s
2026-09-17 22:35:20 | INFO    | epoch 26 | batch 2780/4266 | loss 0.4594 | acc 0.9675 | lr 3.19e-05 | 197s
2026-09-17 22:35:22 | INFO    | epoch 26 | batch 2800/4266 | loss 0.4593 | acc 0.9675 | lr 3.19e-05 | 198s
2026-09-17 22:35:23 | INFO    | epoch 26 | batch 2820/4266 | loss 0.4592 | acc 0.9676 | lr 3.19e-05 | 200s
2026-09-17 22:35:24 | INFO    | epoch 26 | batch 2840/4266 | loss 0.4592 | acc 0.9676 | lr 3.19e-05 | 201s
2026-09-17 22:35:25 | INFO    | epoch 26 | batch 2860/4266 | loss 0.4592 | acc 0.9675 | lr 3.19e-05 | 202s
2026-09-17 22:35:27 | INFO    | epoch 26 | batch 2880/4266 | loss 0.4592 | acc 0.9675 | lr 3.18e-05 | 204s
2026-09-17 22:35:28 | INFO    | epoch 26 | batch 2900/4266 | loss 0.4593 | acc 0.9675 | lr 3.18e-05 | 205s
2026-09-17 22:35:30 | INFO    | epoch 26 | batch 2920/4266 | loss 0.4593 | acc 0.9675 | lr 3.18e-05 | 206s
2026-09-17 22:35:31 | INFO    | epoch 26 | batch 2940/4266 | loss 0.4595 | acc 0.9674 | lr 3.18e-05 | 208s
2026-09-17 22:35:32 | INFO    | epoch 26 | batch 2960/4266 | loss 0.4593 | acc 0.9675 | lr 3.18e-05 | 209s
2026-09-17 22:35:34 | INFO    | epoch 26 | batch 2980/4266 | loss 0.4593 | acc 0.9675 | lr 3.18e-05 | 211s
2026-09-17 22:35:35 | INFO    | epoch 26 | batch 3000/4266 | loss 0.4594 | acc 0.9675 | lr 3.17e-05 | 212s
2026-09-17 22:35:37 | INFO    | epoch 26 | batch 3020/4266 | loss 0.4595 | acc 0.9674 | lr 3.17e-05 | 214s
2026-09-17 22:35:38 | INFO    | epoch 26 | batch 3040/4266 | loss 0.4594 | acc 0.9674 | lr 3.17e-05 | 215s
2026-09-17 22:35:40 | INFO    | epoch 26 | batch 3060/4266 | loss 0.4593 | acc 0.9674 | lr 3.17e-05 | 217s
2026-09-17 22:35:41 | INFO    | epoch 26 | batch 3080/4266 | loss 0.4593 | acc 0.9675 | lr 3.17e-05 | 218s
2026-09-17 22:35:42 | INFO    | epoch 26 | batch 3100/4266 | loss 0.4593 | acc 0.9675 | lr 3.16e-05 | 219s
2026-09-17 22:35:44 | INFO    | epoch 26 | batch 3120/4266 | loss 0.4593 | acc 0.9674 | lr 3.16e-05 | 221s
2026-09-17 22:35:45 | INFO    | epoch 26 | batch 3140/4266 | loss 0.4592 | acc 0.9674 | lr 3.16e-05 | 222s
2026-09-17 22:35:47 | INFO    | epoch 26 | batch 3160/4266 | loss 0.4591 | acc 0.9675 | lr 3.16e-05 | 224s
2026-09-17 22:35:48 | INFO    | epoch 26 | batch 3180/4266 | loss 0.4590 | acc 0.9675 | lr 3.16e-05 | 225s
2026-09-17 22:35:50 | INFO    | epoch 26 | batch 3200/4266 | loss 0.4591 | acc 0.9675 | lr 3.16e-05 | 226s
2026-09-17 22:35:51 | INFO    | epoch 26 | batch 3220/4266 | loss 0.4592 | acc 0.9674 | lr 3.15e-05 | 228s
2026-09-17 22:35:52 | INFO    | epoch 26 | batch 3240/4266 | loss 0.4591 | acc 0.9674 | lr 3.15e-05 | 229s
2026-09-17 22:35:54 | INFO    | epoch 26 | batch 3260/4266 | loss 0.4591 | acc 0.9674 | lr 3.15e-05 | 231s
2026-09-17 22:35:55 | INFO    | epoch 26 | batch 3280/4266 | loss 0.4589 | acc 0.9674 | lr 3.15e-05 | 232s
2026-09-17 22:35:57 | INFO    | epoch 26 | batch 3300/4266 | loss 0.4589 | acc 0.9674 | lr 3.15e-05 | 234s
2026-09-17 22:35:58 | INFO    | epoch 26 | batch 3320/4266 | loss 0.4588 | acc 0.9674 | lr 3.15e-05 | 235s
2026-09-17 22:35:59 | INFO    | epoch 26 | batch 3340/4266 | loss 0.4589 | acc 0.9674 | lr 3.14e-05 | 236s
2026-09-17 22:36:01 | INFO    | epoch 26 | batch 3360/4266 | loss 0.4590 | acc 0.9673 | lr 3.14e-05 | 238s
2026-09-17 22:36:02 | INFO    | epoch 26 | batch 3380/4266 | loss 0.4589 | acc 0.9674 | lr 3.14e-05 | 239s
2026-09-17 22:36:04 | INFO    | epoch 26 | batch 3400/4266 | loss 0.4589 | acc 0.9674 | lr 3.14e-05 | 241s
2026-09-17 22:36:05 | INFO    | epoch 26 | batch 3420/4266 | loss 0.4589 | acc 0.9674 | lr 3.14e-05 | 242s
2026-09-17 22:36:07 | INFO    | epoch 26 | batch 3440/4266 | loss 0.4589 | acc 0.9674 | lr 3.13e-05 | 244s
2026-09-17 22:36:08 | INFO    | epoch 26 | batch 3460/4266 | loss 0.4588 | acc 0.9674 | lr 3.13e-05 | 245s
2026-09-17 22:36:10 | INFO    | epoch 26 | batch 3480/4266 | loss 0.4588 | acc 0.9674 | lr 3.13e-05 | 246s
2026-09-17 22:36:11 | INFO    | epoch 26 | batch 3500/4266 | loss 0.4589 | acc 0.9674 | lr 3.13e-05 | 248s
2026-09-17 22:36:12 | INFO    | epoch 26 | batch 3520/4266 | loss 0.4589 | acc 0.9674 | lr 3.13e-05 | 249s
2026-09-17 22:36:14 | INFO    | epoch 26 | batch 3540/4266 | loss 0.4589 | acc 0.9673 | lr 3.13e-05 | 251s
2026-09-17 22:36:15 | INFO    | epoch 26 | batch 3560/4266 | loss 0.4590 | acc 0.9673 | lr 3.12e-05 | 252s
2026-09-17 22:36:17 | INFO    | epoch 26 | batch 3580/4266 | loss 0.4589 | acc 0.9673 | lr 3.12e-05 | 254s
2026-09-17 22:36:18 | INFO    | epoch 26 | batch 3600/4266 | loss 0.4590 | acc 0.9673 | lr 3.12e-05 | 255s
2026-09-17 22:36:20 | INFO    | epoch 26 | batch 3620/4266 | loss 0.4589 | acc 0.9673 | lr 3.12e-05 | 257s
2026-09-17 22:36:21 | INFO    | epoch 26 | batch 3640/4266 | loss 0.4589 | acc 0.9673 | lr 3.12e-05 | 258s
2026-09-17 22:36:23 | INFO    | epoch 26 | batch 3660/4266 | loss 0.4588 | acc 0.9673 | lr 3.11e-05 | 260s
2026-09-17 22:36:24 | INFO    | epoch 26 | batch 3680/4266 | loss 0.4588 | acc 0.9673 | lr 3.11e-05 | 261s
2026-09-17 22:36:26 | INFO    | epoch 26 | batch 3700/4266 | loss 0.4588 | acc 0.9673 | lr 3.11e-05 | 263s
2026-09-17 22:36:27 | INFO    | epoch 26 | batch 3720/4266 | loss 0.4588 | acc 0.9673 | lr 3.11e-05 | 264s
2026-09-17 22:36:29 | INFO    | epoch 26 | batch 3740/4266 | loss 0.4589 | acc 0.9673 | lr 3.11e-05 | 265s
2026-09-17 22:36:30 | INFO    | epoch 26 | batch 3760/4266 | loss 0.4589 | acc 0.9673 | lr 3.11e-05 | 267s
2026-09-17 22:36:32 | INFO    | epoch 26 | batch 3780/4266 | loss 0.4589 | acc 0.9673 | lr 3.10e-05 | 268s
2026-09-17 22:36:33 | INFO    | epoch 26 | batch 3800/4266 | loss 0.4589 | acc 0.9673 | lr 3.10e-05 | 270s
2026-09-17 22:36:35 | INFO    | epoch 26 | batch 3820/4266 | loss 0.4589 | acc 0.9673 | lr 3.10e-05 | 271s
2026-09-17 22:36:36 | INFO    | epoch 26 | batch 3840/4266 | loss 0.4590 | acc 0.9672 | lr 3.10e-05 | 273s
2026-09-17 22:36:37 | INFO    | epoch 26 | batch 3860/4266 | loss 0.4589 | acc 0.9673 | lr 3.10e-05 | 274s
2026-09-17 22:36:39 | INFO    | epoch 26 | batch 3880/4266 | loss 0.4589 | acc 0.9673 | lr 3.10e-05 | 276s
2026-09-17 22:36:40 | INFO    | epoch 26 | batch 3900/4266 | loss 0.4590 | acc 0.9673 | lr 3.09e-05 | 277s
2026-09-17 22:36:41 | INFO    | epoch 26 | batch 3920/4266 | loss 0.4589 | acc 0.9673 | lr 3.09e-05 | 278s
2026-09-17 22:36:43 | INFO    | epoch 26 | batch 3940/4266 | loss 0.4590 | acc 0.9672 | lr 3.09e-05 | 280s
2026-09-17 22:36:44 | INFO    | epoch 26 | batch 3960/4266 | loss 0.4589 | acc 0.9673 | lr 3.09e-05 | 281s
2026-09-17 22:36:46 | INFO    | epoch 26 | batch 3980/4266 | loss 0.4589 | acc 0.9673 | lr 3.09e-05 | 283s
2026-09-17 22:36:47 | INFO    | epoch 26 | batch 4000/4266 | loss 0.4589 | acc 0.9673 | lr 3.09e-05 | 284s
2026-09-17 22:36:49 | INFO    | epoch 26 | batch 4020/4266 | loss 0.4588 | acc 0.9673 | lr 3.08e-05 | 285s
2026-09-17 22:36:50 | INFO    | epoch 26 | batch 4040/4266 | loss 0.4589 | acc 0.9673 | lr 3.08e-05 | 287s
2026-09-17 22:36:51 | INFO    | epoch 26 | batch 4060/4266 | loss 0.4588 | acc 0.9673 | lr 3.08e-05 | 288s
2026-09-17 22:36:53 | INFO    | epoch 26 | batch 4080/4266 | loss 0.4587 | acc 0.9674 | lr 3.08e-05 | 290s
2026-09-17 22:36:54 | INFO    | epoch 26 | batch 4100/4266 | loss 0.4588 | acc 0.9674 | lr 3.08e-05 | 291s
2026-09-17 22:36:56 | INFO    | epoch 26 | batch 4120/4266 | loss 0.4588 | acc 0.9674 | lr 3.07e-05 | 293s
2026-09-17 22:36:57 | INFO    | epoch 26 | batch 4140/4266 | loss 0.4587 | acc 0.9674 | lr 3.07e-05 | 294s
2026-09-17 22:36:58 | INFO    | epoch 26 | batch 4160/4266 | loss 0.4588 | acc 0.9675 | lr 3.07e-05 | 295s
2026-09-17 22:37:00 | INFO    | epoch 26 | batch 4180/4266 | loss 0.4587 | acc 0.9675 | lr 3.07e-05 | 297s
2026-09-17 22:37:01 | INFO    | epoch 26 | batch 4200/4266 | loss 0.4587 | acc 0.9675 | lr 3.07e-05 | 298s
2026-09-17 22:37:03 | INFO    | epoch 26 | batch 4220/4266 | loss 0.4587 | acc 0.9675 | lr 3.07e-05 | 300s
2026-09-17 22:37:04 | INFO    | epoch 26 | batch 4240/4266 | loss 0.4587 | acc 0.9675 | lr 3.06e-05 | 301s
2026-09-17 22:37:06 | INFO    | epoch 26 | batch 4260/4266 | loss 0.4587 | acc 0.9676 | lr 3.06e-05 | 303s
2026-09-17 22:37:06 | INFO    | epoch 26 | batch 4266/4266 | loss 0.4587 | acc 0.9676 | lr 3.06e-05 | 303s
2026-09-17 22:37:16 | INFO    | epoch 26/40 done in 313s | train loss 0.4587 | train running patch (aug): accuracy=0.9676 precision=0.9672 recall=0.9667 f1=0.9669
2026-09-17 22:37:16 | INFO    | epoch 26 train (eval, no aug) | loss 0.4873 | patch[7280]: accuracy=0.9529 precision=0.9523 recall=0.9501 f1=0.9511 | image[455]: accuracy=0.9934 precision=0.9943 recall=0.9898 f1=0.9919
2026-09-17 22:37:16 | INFO    | epoch 26 val | loss 1.2049 | patch[8448]: accuracy=0.6593 precision=0.6412 recall=0.6318 f1=0.6336 | image[96]: accuracy=0.7708 precision=0.7569 recall=0.7401 f1=0.7424
2026-09-17 22:37:16 | INFO    | val_patch_f1 = 0.6336 (best 0.6465 @ epoch 23)
2026-09-17 22:37:17 | INFO    | epoch 27 | batch 20/4266 | loss 0.4639 | acc 0.9641 | lr 3.06e-05 | 2s
2026-09-17 22:37:19 | INFO    | epoch 27 | batch 40/4266 | loss 0.4486 | acc 0.9734 | lr 3.06e-05 | 3s
2026-09-17 22:37:20 | INFO    | epoch 27 | batch 60/4266 | loss 0.4547 | acc 0.9724 | lr 3.06e-05 | 4s
2026-09-17 22:37:22 | INFO    | epoch 27 | batch 80/4266 | loss 0.4555 | acc 0.9723 | lr 3.05e-05 | 6s
2026-09-17 22:37:23 | INFO    | epoch 27 | batch 100/4266 | loss 0.4567 | acc 0.9703 | lr 3.05e-05 | 7s
2026-09-17 22:37:25 | INFO    | epoch 27 | batch 120/4266 | loss 0.4586 | acc 0.9698 | lr 3.05e-05 | 9s
2026-09-17 22:37:26 | INFO    | epoch 27 | batch 140/4266 | loss 0.4571 | acc 0.9705 | lr 3.05e-05 | 10s
2026-09-17 22:37:27 | INFO    | epoch 27 | batch 160/4266 | loss 0.4578 | acc 0.9703 | lr 3.05e-05 | 12s
2026-09-17 22:37:29 | INFO    | epoch 27 | batch 180/4266 | loss 0.4562 | acc 0.9703 | lr 3.05e-05 | 13s
2026-09-17 22:37:30 | INFO    | epoch 27 | batch 200/4266 | loss 0.4579 | acc 0.9691 | lr 3.04e-05 | 14s
2026-09-17 22:37:32 | INFO    | epoch 27 | batch 220/4266 | loss 0.4574 | acc 0.9685 | lr 3.04e-05 | 16s
2026-09-17 22:37:33 | INFO    | epoch 27 | batch 240/4266 | loss 0.4570 | acc 0.9689 | lr 3.04e-05 | 17s
2026-09-17 22:37:35 | INFO    | epoch 27 | batch 260/4266 | loss 0.4583 | acc 0.9675 | lr 3.04e-05 | 19s
2026-09-17 22:37:36 | INFO    | epoch 27 | batch 280/4266 | loss 0.4593 | acc 0.9673 | lr 3.04e-05 | 20s
2026-09-17 22:37:37 | INFO    | epoch 27 | batch 300/4266 | loss 0.4590 | acc 0.9674 | lr 3.04e-05 | 21s
2026-09-17 22:37:39 | INFO    | epoch 27 | batch 320/4266 | loss 0.4576 | acc 0.9683 | lr 3.03e-05 | 23s
2026-09-17 22:37:40 | INFO    | epoch 27 | batch 340/4266 | loss 0.4568 | acc 0.9684 | lr 3.03e-05 | 24s
2026-09-17 22:37:42 | INFO    | epoch 27 | batch 360/4266 | loss 0.4566 | acc 0.9687 | lr 3.03e-05 | 26s
2026-09-17 22:37:43 | INFO    | epoch 27 | batch 380/4266 | loss 0.4559 | acc 0.9692 | lr 3.03e-05 | 27s
2026-09-17 22:37:45 | INFO    | epoch 27 | batch 400/4266 | loss 0.4556 | acc 0.9694 | lr 3.03e-05 | 29s
2026-09-17 22:37:46 | INFO    | epoch 27 | batch 420/4266 | loss 0.4555 | acc 0.9693 | lr 3.02e-05 | 30s
2026-09-17 22:37:47 | INFO    | epoch 27 | batch 440/4266 | loss 0.4561 | acc 0.9688 | lr 3.02e-05 | 32s
2026-09-17 22:37:49 | INFO    | epoch 27 | batch 460/4266 | loss 0.4557 | acc 0.9690 | lr 3.02e-05 | 33s
2026-09-17 22:37:50 | INFO    | epoch 27 | batch 480/4266 | loss 0.4559 | acc 0.9690 | lr 3.02e-05 | 34s
2026-09-17 22:37:52 | INFO    | epoch 27 | batch 500/4266 | loss 0.4568 | acc 0.9683 | lr 3.02e-05 | 36s
2026-09-17 22:37:53 | INFO    | epoch 27 | batch 520/4266 | loss 0.4565 | acc 0.9684 | lr 3.02e-05 | 37s
2026-09-17 22:37:55 | INFO    | epoch 27 | batch 540/4266 | loss 0.4563 | acc 0.9684 | lr 3.01e-05 | 39s
2026-09-17 22:37:56 | INFO    | epoch 27 | batch 560/4266 | loss 0.4559 | acc 0.9687 | lr 3.01e-05 | 40s
2026-09-17 22:37:57 | INFO    | epoch 27 | batch 580/4266 | loss 0.4563 | acc 0.9686 | lr 3.01e-05 | 41s
2026-09-17 22:37:59 | INFO    | epoch 27 | batch 600/4266 | loss 0.4570 | acc 0.9683 | lr 3.01e-05 | 43s
2026-09-17 22:38:00 | INFO    | epoch 27 | batch 620/4266 | loss 0.4564 | acc 0.9688 | lr 3.01e-05 | 44s
2026-09-17 22:38:01 | INFO    | epoch 27 | batch 640/4266 | loss 0.4560 | acc 0.9689 | lr 3.01e-05 | 46s
2026-09-17 22:38:03 | INFO    | epoch 27 | batch 660/4266 | loss 0.4556 | acc 0.9690 | lr 3.00e-05 | 47s
2026-09-17 22:38:04 | INFO    | epoch 27 | batch 680/4266 | loss 0.4558 | acc 0.9690 | lr 3.00e-05 | 48s
2026-09-17 22:38:06 | INFO    | epoch 27 | batch 700/4266 | loss 0.4552 | acc 0.9694 | lr 3.00e-05 | 50s
2026-09-17 22:38:07 | INFO    | epoch 27 | batch 720/4266 | loss 0.4551 | acc 0.9695 | lr 3.00e-05 | 51s
2026-09-17 22:38:08 | INFO    | epoch 27 | batch 740/4266 | loss 0.4553 | acc 0.9696 | lr 3.00e-05 | 53s
2026-09-17 22:38:10 | INFO    | epoch 27 | batch 760/4266 | loss 0.4552 | acc 0.9697 | lr 3.00e-05 | 54s
2026-09-17 22:38:11 | INFO    | epoch 27 | batch 780/4266 | loss 0.4548 | acc 0.9699 | lr 2.99e-05 | 55s
2026-09-17 22:38:13 | INFO    | epoch 27 | batch 800/4266 | loss 0.4550 | acc 0.9698 | lr 2.99e-05 | 57s
2026-09-17 22:38:14 | INFO    | epoch 27 | batch 820/4266 | loss 0.4554 | acc 0.9696 | lr 2.99e-05 | 58s
2026-09-17 22:38:15 | INFO    | epoch 27 | batch 840/4266 | loss 0.4553 | acc 0.9696 | lr 2.99e-05 | 60s
2026-09-17 22:38:17 | INFO    | epoch 27 | batch 860/4266 | loss 0.4555 | acc 0.9694 | lr 2.99e-05 | 61s
2026-09-17 22:38:18 | INFO    | epoch 27 | batch 880/4266 | loss 0.4555 | acc 0.9695 | lr 2.98e-05 | 62s
2026-09-17 22:38:20 | INFO    | epoch 27 | batch 900/4266 | loss 0.4555 | acc 0.9694 | lr 2.98e-05 | 64s
2026-09-17 22:38:21 | INFO    | epoch 27 | batch 920/4266 | loss 0.4553 | acc 0.9695 | lr 2.98e-05 | 65s
2026-09-17 22:38:23 | INFO    | epoch 27 | batch 940/4266 | loss 0.4556 | acc 0.9693 | lr 2.98e-05 | 67s
2026-09-17 22:38:24 | INFO    | epoch 27 | batch 960/4266 | loss 0.4556 | acc 0.9694 | lr 2.98e-05 | 68s
2026-09-17 22:38:25 | INFO    | epoch 27 | batch 980/4266 | loss 0.4556 | acc 0.9693 | lr 2.98e-05 | 69s
2026-09-17 22:38:27 | INFO    | epoch 27 | batch 1000/4266 | loss 0.4554 | acc 0.9694 | lr 2.97e-05 | 71s
2026-09-17 22:38:28 | INFO    | epoch 27 | batch 1020/4266 | loss 0.4551 | acc 0.9696 | lr 2.97e-05 | 72s
2026-09-17 22:38:29 | INFO    | epoch 27 | batch 1040/4266 | loss 0.4552 | acc 0.9695 | lr 2.97e-05 | 74s
2026-09-17 22:38:31 | INFO    | epoch 27 | batch 1060/4266 | loss 0.4551 | acc 0.9696 | lr 2.97e-05 | 75s
2026-09-17 22:38:32 | INFO    | epoch 27 | batch 1080/4266 | loss 0.4554 | acc 0.9694 | lr 2.97e-05 | 76s
2026-09-17 22:38:34 | INFO    | epoch 27 | batch 1100/4266 | loss 0.4555 | acc 0.9694 | lr 2.97e-05 | 78s
2026-09-17 22:38:35 | INFO    | epoch 27 | batch 1120/4266 | loss 0.4558 | acc 0.9693 | lr 2.96e-05 | 79s
2026-09-17 22:38:37 | INFO    | epoch 27 | batch 1140/4266 | loss 0.4558 | acc 0.9692 | lr 2.96e-05 | 81s
2026-09-17 22:38:38 | INFO    | epoch 27 | batch 1160/4266 | loss 0.4556 | acc 0.9693 | lr 2.96e-05 | 82s
2026-09-17 22:38:39 | INFO    | epoch 27 | batch 1180/4266 | loss 0.4557 | acc 0.9693 | lr 2.96e-05 | 84s
2026-09-17 22:38:41 | INFO    | epoch 27 | batch 1200/4266 | loss 0.4556 | acc 0.9693 | lr 2.96e-05 | 85s
2026-09-17 22:38:42 | INFO    | epoch 27 | batch 1220/4266 | loss 0.4554 | acc 0.9694 | lr 2.95e-05 | 86s
2026-09-17 22:38:44 | INFO    | epoch 27 | batch 1240/4266 | loss 0.4553 | acc 0.9695 | lr 2.95e-05 | 88s
2026-09-17 22:38:45 | INFO    | epoch 27 | batch 1260/4266 | loss 0.4551 | acc 0.9695 | lr 2.95e-05 | 89s
2026-09-17 22:38:47 | INFO    | epoch 27 | batch 1280/4266 | loss 0.4547 | acc 0.9697 | lr 2.95e-05 | 91s
2026-09-17 22:38:48 | INFO    | epoch 27 | batch 1300/4266 | loss 0.4548 | acc 0.9697 | lr 2.95e-05 | 92s
2026-09-17 22:38:49 | INFO    | epoch 27 | batch 1320/4266 | loss 0.4553 | acc 0.9695 | lr 2.95e-05 | 94s
2026-09-17 22:38:51 | INFO    | epoch 27 | batch 1340/4266 | loss 0.4556 | acc 0.9693 | lr 2.94e-05 | 95s
2026-09-17 22:38:52 | INFO    | epoch 27 | batch 1360/4266 | loss 0.4555 | acc 0.9693 | lr 2.94e-05 | 96s
2026-09-17 22:38:54 | INFO    | epoch 27 | batch 1380/4266 | loss 0.4555 | acc 0.9694 | lr 2.94e-05 | 98s
2026-09-17 22:38:55 | INFO    | epoch 27 | batch 1400/4266 | loss 0.4553 | acc 0.9695 | lr 2.94e-05 | 99s
2026-09-17 22:38:56 | INFO    | epoch 27 | batch 1420/4266 | loss 0.4556 | acc 0.9693 | lr 2.94e-05 | 101s
2026-09-17 22:38:58 | INFO    | epoch 27 | batch 1440/4266 | loss 0.4557 | acc 0.9693 | lr 2.94e-05 | 102s
2026-09-17 22:38:59 | INFO    | epoch 27 | batch 1460/4266 | loss 0.4560 | acc 0.9692 | lr 2.93e-05 | 103s
2026-09-17 22:39:01 | INFO    | epoch 27 | batch 1480/4266 | loss 0.4560 | acc 0.9691 | lr 2.93e-05 | 105s
2026-09-17 22:39:02 | INFO    | epoch 27 | batch 1500/4266 | loss 0.4558 | acc 0.9692 | lr 2.93e-05 | 106s
2026-09-17 22:39:04 | INFO    | epoch 27 | batch 1520/4266 | loss 0.4560 | acc 0.9691 | lr 2.93e-05 | 108s
2026-09-17 22:39:05 | INFO    | epoch 27 | batch 1540/4266 | loss 0.4558 | acc 0.9693 | lr 2.93e-05 | 109s
2026-09-17 22:39:06 | INFO    | epoch 27 | batch 1560/4266 | loss 0.4558 | acc 0.9693 | lr 2.93e-05 | 110s
2026-09-17 22:39:08 | INFO    | epoch 27 | batch 1580/4266 | loss 0.4558 | acc 0.9692 | lr 2.92e-05 | 112s
2026-09-17 22:39:09 | INFO    | epoch 27 | batch 1600/4266 | loss 0.4558 | acc 0.9692 | lr 2.92e-05 | 113s
2026-09-17 22:39:11 | INFO    | epoch 27 | batch 1620/4266 | loss 0.4558 | acc 0.9692 | lr 2.92e-05 | 115s
2026-09-17 22:39:12 | INFO    | epoch 27 | batch 1640/4266 | loss 0.4558 | acc 0.9693 | lr 2.92e-05 | 116s
2026-09-17 22:39:13 | INFO    | epoch 27 | batch 1660/4266 | loss 0.4558 | acc 0.9693 | lr 2.92e-05 | 118s
2026-09-17 22:39:15 | INFO    | epoch 27 | batch 1680/4266 | loss 0.4557 | acc 0.9694 | lr 2.92e-05 | 119s
2026-09-17 22:39:16 | INFO    | epoch 27 | batch 1700/4266 | loss 0.4558 | acc 0.9692 | lr 2.91e-05 | 120s
2026-09-17 22:39:18 | INFO    | epoch 27 | batch 1720/4266 | loss 0.4559 | acc 0.9693 | lr 2.91e-05 | 122s
2026-09-17 22:39:19 | INFO    | epoch 27 | batch 1740/4266 | loss 0.4557 | acc 0.9694 | lr 2.91e-05 | 123s
2026-09-17 22:39:20 | INFO    | epoch 27 | batch 1760/4266 | loss 0.4557 | acc 0.9694 | lr 2.91e-05 | 125s
2026-09-17 22:39:22 | INFO    | epoch 27 | batch 1780/4266 | loss 0.4557 | acc 0.9694 | lr 2.91e-05 | 126s
2026-09-17 22:39:23 | INFO    | epoch 27 | batch 1800/4266 | loss 0.4558 | acc 0.9693 | lr 2.90e-05 | 127s
2026-09-17 22:39:25 | INFO    | epoch 27 | batch 1820/4266 | loss 0.4559 | acc 0.9693 | lr 2.90e-05 | 129s
2026-09-17 22:39:26 | INFO    | epoch 27 | batch 1840/4266 | loss 0.4561 | acc 0.9692 | lr 2.90e-05 | 130s
2026-09-17 22:39:28 | INFO    | epoch 27 | batch 1860/4266 | loss 0.4562 | acc 0.9691 | lr 2.90e-05 | 132s
2026-09-17 22:39:29 | INFO    | epoch 27 | batch 1880/4266 | loss 0.4562 | acc 0.9691 | lr 2.90e-05 | 133s
2026-09-17 22:39:30 | INFO    | epoch 27 | batch 1900/4266 | loss 0.4561 | acc 0.9692 | lr 2.90e-05 | 134s
2026-09-17 22:39:32 | INFO    | epoch 27 | batch 1920/4266 | loss 0.4564 | acc 0.9690 | lr 2.89e-05 | 136s
2026-09-17 22:39:33 | INFO    | epoch 27 | batch 1940/4266 | loss 0.4563 | acc 0.9690 | lr 2.89e-05 | 137s
2026-09-17 22:39:35 | INFO    | epoch 27 | batch 1960/4266 | loss 0.4561 | acc 0.9691 | lr 2.89e-05 | 139s
2026-09-17 22:39:36 | INFO    | epoch 27 | batch 1980/4266 | loss 0.4561 | acc 0.9691 | lr 2.89e-05 | 140s
2026-09-17 22:39:37 | INFO    | epoch 27 | batch 2000/4266 | loss 0.4561 | acc 0.9691 | lr 2.89e-05 | 141s
2026-09-17 22:39:39 | INFO    | epoch 27 | batch 2020/4266 | loss 0.4560 | acc 0.9691 | lr 2.89e-05 | 143s
2026-09-17 22:39:40 | INFO    | epoch 27 | batch 2040/4266 | loss 0.4559 | acc 0.9691 | lr 2.88e-05 | 144s
2026-09-17 22:39:41 | INFO    | epoch 27 | batch 2060/4266 | loss 0.4559 | acc 0.9691 | lr 2.88e-05 | 146s
2026-09-17 22:39:43 | INFO    | epoch 27 | batch 2080/4266 | loss 0.4561 | acc 0.9690 | lr 2.88e-05 | 147s
2026-09-17 22:39:44 | INFO    | epoch 27 | batch 2100/4266 | loss 0.4561 | acc 0.9689 | lr 2.88e-05 | 148s
2026-09-17 22:39:46 | INFO    | epoch 27 | batch 2120/4266 | loss 0.4561 | acc 0.9689 | lr 2.88e-05 | 150s
2026-09-17 22:39:47 | INFO    | epoch 27 | batch 2140/4266 | loss 0.4562 | acc 0.9689 | lr 2.88e-05 | 151s
2026-09-17 22:39:48 | INFO    | epoch 27 | batch 2160/4266 | loss 0.4560 | acc 0.9690 | lr 2.87e-05 | 152s
2026-09-17 22:39:50 | INFO    | epoch 27 | batch 2180/4266 | loss 0.4561 | acc 0.9690 | lr 2.87e-05 | 154s
2026-09-17 22:39:51 | INFO    | epoch 27 | batch 2200/4266 | loss 0.4560 | acc 0.9690 | lr 2.87e-05 | 155s
2026-09-17 22:39:52 | INFO    | epoch 27 | batch 2220/4266 | loss 0.4560 | acc 0.9690 | lr 2.87e-05 | 156s
2026-09-17 22:39:54 | INFO    | epoch 27 | batch 2240/4266 | loss 0.4559 | acc 0.9691 | lr 2.87e-05 | 158s
2026-09-17 22:39:55 | INFO    | epoch 27 | batch 2260/4266 | loss 0.4559 | acc 0.9691 | lr 2.87e-05 | 159s
2026-09-17 22:39:56 | INFO    | epoch 27 | batch 2280/4266 | loss 0.4558 | acc 0.9691 | lr 2.86e-05 | 160s
2026-09-17 22:39:58 | INFO    | epoch 27 | batch 2300/4266 | loss 0.4557 | acc 0.9691 | lr 2.86e-05 | 162s
2026-09-17 22:39:59 | INFO    | epoch 27 | batch 2320/4266 | loss 0.4557 | acc 0.9691 | lr 2.86e-05 | 163s
2026-09-17 22:40:00 | INFO    | epoch 27 | batch 2340/4266 | loss 0.4556 | acc 0.9692 | lr 2.86e-05 | 165s
2026-09-17 22:40:02 | INFO    | epoch 27 | batch 2360/4266 | loss 0.4555 | acc 0.9692 | lr 2.86e-05 | 166s
2026-09-17 22:40:03 | INFO    | epoch 27 | batch 2380/4266 | loss 0.4555 | acc 0.9692 | lr 2.85e-05 | 167s
2026-09-17 22:40:05 | INFO    | epoch 27 | batch 2400/4266 | loss 0.4557 | acc 0.9691 | lr 2.85e-05 | 169s
2026-09-17 22:40:06 | INFO    | epoch 27 | batch 2420/4266 | loss 0.4557 | acc 0.9690 | lr 2.85e-05 | 170s
2026-09-17 22:40:08 | INFO    | epoch 27 | batch 2440/4266 | loss 0.4557 | acc 0.9691 | lr 2.85e-05 | 172s
2026-09-17 22:40:09 | INFO    | epoch 27 | batch 2460/4266 | loss 0.4559 | acc 0.9690 | lr 2.85e-05 | 173s
2026-09-17 22:40:10 | INFO    | epoch 27 | batch 2480/4266 | loss 0.4560 | acc 0.9689 | lr 2.85e-05 | 174s
2026-09-17 22:40:12 | INFO    | epoch 27 | batch 2500/4266 | loss 0.4560 | acc 0.9689 | lr 2.84e-05 | 176s
2026-09-17 22:40:13 | INFO    | epoch 27 | batch 2520/4266 | loss 0.4562 | acc 0.9689 | lr 2.84e-05 | 177s
2026-09-17 22:40:15 | INFO    | epoch 27 | batch 2540/4266 | loss 0.4561 | acc 0.9689 | lr 2.84e-05 | 179s
2026-09-17 22:40:16 | INFO    | epoch 27 | batch 2560/4266 | loss 0.4560 | acc 0.9689 | lr 2.84e-05 | 180s
2026-09-17 22:40:17 | INFO    | epoch 27 | batch 2580/4266 | loss 0.4562 | acc 0.9689 | lr 2.84e-05 | 181s
2026-09-17 22:40:19 | INFO    | epoch 27 | batch 2600/4266 | loss 0.4560 | acc 0.9690 | lr 2.84e-05 | 183s
2026-09-17 22:40:20 | INFO    | epoch 27 | batch 2620/4266 | loss 0.4560 | acc 0.9690 | lr 2.83e-05 | 184s
2026-09-17 22:40:22 | INFO    | epoch 27 | batch 2640/4266 | loss 0.4561 | acc 0.9690 | lr 2.83e-05 | 186s
2026-09-17 22:40:23 | INFO    | epoch 27 | batch 2660/4266 | loss 0.4562 | acc 0.9690 | lr 2.83e-05 | 187s
2026-09-17 22:40:24 | INFO    | epoch 27 | batch 2680/4266 | loss 0.4562 | acc 0.9689 | lr 2.83e-05 | 188s
2026-09-17 22:40:26 | INFO    | epoch 27 | batch 2700/4266 | loss 0.4561 | acc 0.9690 | lr 2.83e-05 | 190s
2026-09-17 22:40:27 | INFO    | epoch 27 | batch 2720/4266 | loss 0.4562 | acc 0.9689 | lr 2.83e-05 | 191s
2026-09-17 22:40:29 | INFO    | epoch 27 | batch 2740/4266 | loss 0.4561 | acc 0.9689 | lr 2.82e-05 | 193s
2026-09-17 22:40:30 | INFO    | epoch 27 | batch 2760/4266 | loss 0.4562 | acc 0.9689 | lr 2.82e-05 | 194s
2026-09-17 22:40:31 | INFO    | epoch 27 | batch 2780/4266 | loss 0.4562 | acc 0.9688 | lr 2.82e-05 | 195s
2026-09-17 22:40:33 | INFO    | epoch 27 | batch 2800/4266 | loss 0.4563 | acc 0.9688 | lr 2.82e-05 | 197s
2026-09-17 22:40:34 | INFO    | epoch 27 | batch 2820/4266 | loss 0.4562 | acc 0.9688 | lr 2.82e-05 | 198s
2026-09-17 22:40:36 | INFO    | epoch 27 | batch 2840/4266 | loss 0.4563 | acc 0.9688 | lr 2.82e-05 | 200s
2026-09-17 22:40:37 | INFO    | epoch 27 | batch 2860/4266 | loss 0.4563 | acc 0.9688 | lr 2.81e-05 | 201s
2026-09-17 22:40:38 | INFO    | epoch 27 | batch 2880/4266 | loss 0.4565 | acc 0.9687 | lr 2.81e-05 | 203s
2026-09-17 22:40:40 | INFO    | epoch 27 | batch 2900/4266 | loss 0.4566 | acc 0.9687 | lr 2.81e-05 | 204s
2026-09-17 22:40:41 | INFO    | epoch 27 | batch 2920/4266 | loss 0.4565 | acc 0.9687 | lr 2.81e-05 | 205s
2026-09-17 22:40:43 | INFO    | epoch 27 | batch 2940/4266 | loss 0.4566 | acc 0.9686 | lr 2.81e-05 | 207s
2026-09-17 22:40:44 | INFO    | epoch 27 | batch 2960/4266 | loss 0.4566 | acc 0.9687 | lr 2.80e-05 | 208s
2026-09-17 22:40:46 | INFO    | epoch 27 | batch 2980/4266 | loss 0.4566 | acc 0.9687 | lr 2.80e-05 | 210s
2026-09-17 22:40:47 | INFO    | epoch 27 | batch 3000/4266 | loss 0.4566 | acc 0.9687 | lr 2.80e-05 | 211s
2026-09-17 22:40:48 | INFO    | epoch 27 | batch 3020/4266 | loss 0.4566 | acc 0.9687 | lr 2.80e-05 | 213s
2026-09-17 22:40:50 | INFO    | epoch 27 | batch 3040/4266 | loss 0.4566 | acc 0.9687 | lr 2.80e-05 | 214s
2026-09-17 22:40:51 | INFO    | epoch 27 | batch 3060/4266 | loss 0.4565 | acc 0.9688 | lr 2.80e-05 | 215s
2026-09-17 22:40:53 | INFO    | epoch 27 | batch 3080/4266 | loss 0.4565 | acc 0.9688 | lr 2.79e-05 | 217s
2026-09-17 22:40:54 | INFO    | epoch 27 | batch 3100/4266 | loss 0.4565 | acc 0.9688 | lr 2.79e-05 | 218s
2026-09-17 22:40:55 | INFO    | epoch 27 | batch 3120/4266 | loss 0.4565 | acc 0.9688 | lr 2.79e-05 | 220s
2026-09-17 22:40:57 | INFO    | epoch 27 | batch 3140/4266 | loss 0.4565 | acc 0.9688 | lr 2.79e-05 | 221s
2026-09-17 22:40:58 | INFO    | epoch 27 | batch 3160/4266 | loss 0.4565 | acc 0.9688 | lr 2.79e-05 | 222s
2026-09-17 22:41:00 | INFO    | epoch 27 | batch 3180/4266 | loss 0.4565 | acc 0.9688 | lr 2.79e-05 | 224s
2026-09-17 22:41:01 | INFO    | epoch 27 | batch 3200/4266 | loss 0.4565 | acc 0.9688 | lr 2.78e-05 | 225s
2026-09-17 22:41:02 | INFO    | epoch 27 | batch 3220/4266 | loss 0.4564 | acc 0.9688 | lr 2.78e-05 | 226s
2026-09-17 22:41:04 | INFO    | epoch 27 | batch 3240/4266 | loss 0.4564 | acc 0.9688 | lr 2.78e-05 | 228s
2026-09-17 22:41:05 | INFO    | epoch 27 | batch 3260/4266 | loss 0.4563 | acc 0.9689 | lr 2.78e-05 | 229s
2026-09-17 22:41:07 | INFO    | epoch 27 | batch 3280/4266 | loss 0.4564 | acc 0.9688 | lr 2.78e-05 | 231s
2026-09-17 22:41:08 | INFO    | epoch 27 | batch 3300/4266 | loss 0.4564 | acc 0.9688 | lr 2.78e-05 | 232s
2026-09-17 22:41:09 | INFO    | epoch 27 | batch 3320/4266 | loss 0.4563 | acc 0.9689 | lr 2.77e-05 | 233s
2026-09-17 22:41:11 | INFO    | epoch 27 | batch 3340/4266 | loss 0.4563 | acc 0.9689 | lr 2.77e-05 | 235s
2026-09-17 22:41:12 | INFO    | epoch 27 | batch 3360/4266 | loss 0.4563 | acc 0.9689 | lr 2.77e-05 | 236s
2026-09-17 22:41:14 | INFO    | epoch 27 | batch 3380/4266 | loss 0.4563 | acc 0.9688 | lr 2.77e-05 | 238s
2026-09-17 22:41:15 | INFO    | epoch 27 | batch 3400/4266 | loss 0.4564 | acc 0.9688 | lr 2.77e-05 | 239s
2026-09-17 22:41:17 | INFO    | epoch 27 | batch 3420/4266 | loss 0.4563 | acc 0.9689 | lr 2.77e-05 | 241s
2026-09-17 22:41:18 | INFO    | epoch 27 | batch 3440/4266 | loss 0.4562 | acc 0.9689 | lr 2.76e-05 | 242s
2026-09-17 22:41:20 | INFO    | epoch 27 | batch 3460/4266 | loss 0.4562 | acc 0.9689 | lr 2.76e-05 | 244s
2026-09-17 22:41:21 | INFO    | epoch 27 | batch 3480/4266 | loss 0.4561 | acc 0.9690 | lr 2.76e-05 | 245s
2026-09-17 22:41:23 | INFO    | epoch 27 | batch 3500/4266 | loss 0.4562 | acc 0.9689 | lr 2.76e-05 | 247s
2026-09-17 22:41:24 | INFO    | epoch 27 | batch 3520/4266 | loss 0.4561 | acc 0.9689 | lr 2.76e-05 | 248s
2026-09-17 22:41:25 | INFO    | epoch 27 | batch 3540/4266 | loss 0.4561 | acc 0.9689 | lr 2.76e-05 | 249s
2026-09-17 22:41:27 | INFO    | epoch 27 | batch 3560/4266 | loss 0.4561 | acc 0.9689 | lr 2.75e-05 | 251s
2026-09-17 22:41:28 | INFO    | epoch 27 | batch 3580/4266 | loss 0.4562 | acc 0.9689 | lr 2.75e-05 | 252s
2026-09-17 22:41:30 | INFO    | epoch 27 | batch 3600/4266 | loss 0.4562 | acc 0.9689 | lr 2.75e-05 | 254s
2026-09-17 22:41:31 | INFO    | epoch 27 | batch 3620/4266 | loss 0.4561 | acc 0.9689 | lr 2.75e-05 | 255s
2026-09-17 22:41:33 | INFO    | epoch 27 | batch 3640/4266 | loss 0.4561 | acc 0.9689 | lr 2.75e-05 | 257s
2026-09-17 22:41:34 | INFO    | epoch 27 | batch 3660/4266 | loss 0.4561 | acc 0.9690 | lr 2.75e-05 | 258s
2026-09-17 22:41:36 | INFO    | epoch 27 | batch 3680/4266 | loss 0.4560 | acc 0.9690 | lr 2.74e-05 | 260s
2026-09-17 22:41:37 | INFO    | epoch 27 | batch 3700/4266 | loss 0.4560 | acc 0.9690 | lr 2.74e-05 | 261s
2026-09-17 22:41:39 | INFO    | epoch 27 | batch 3720/4266 | loss 0.4560 | acc 0.9690 | lr 2.74e-05 | 263s
2026-09-17 22:41:40 | INFO    | epoch 27 | batch 3740/4266 | loss 0.4560 | acc 0.9690 | lr 2.74e-05 | 264s
2026-09-17 22:41:42 | INFO    | epoch 27 | batch 3760/4266 | loss 0.4560 | acc 0.9690 | lr 2.74e-05 | 266s
2026-09-17 22:41:43 | INFO    | epoch 27 | batch 3780/4266 | loss 0.4560 | acc 0.9690 | lr 2.74e-05 | 267s
2026-09-17 22:41:44 | INFO    | epoch 27 | batch 3800/4266 | loss 0.4559 | acc 0.9690 | lr 2.73e-05 | 269s
2026-09-17 22:41:46 | INFO    | epoch 27 | batch 3820/4266 | loss 0.4559 | acc 0.9690 | lr 2.73e-05 | 270s
2026-09-17 22:41:47 | INFO    | epoch 27 | batch 3840/4266 | loss 0.4559 | acc 0.9690 | lr 2.73e-05 | 272s
2026-09-17 22:41:49 | INFO    | epoch 27 | batch 3860/4266 | loss 0.4559 | acc 0.9690 | lr 2.73e-05 | 273s
2026-09-17 22:41:50 | INFO    | epoch 27 | batch 3880/4266 | loss 0.4558 | acc 0.9691 | lr 2.73e-05 | 274s
2026-09-17 22:41:52 | INFO    | epoch 27 | batch 3900/4266 | loss 0.4558 | acc 0.9691 | lr 2.72e-05 | 276s
2026-09-17 22:41:53 | INFO    | epoch 27 | batch 3920/4266 | loss 0.4558 | acc 0.9691 | lr 2.72e-05 | 277s
2026-09-17 22:41:55 | INFO    | epoch 27 | batch 3940/4266 | loss 0.4558 | acc 0.9691 | lr 2.72e-05 | 279s
2026-09-17 22:41:56 | INFO    | epoch 27 | batch 3960/4266 | loss 0.4558 | acc 0.9691 | lr 2.72e-05 | 280s
2026-09-17 22:41:57 | INFO    | epoch 27 | batch 3980/4266 | loss 0.4557 | acc 0.9692 | lr 2.72e-05 | 282s
2026-09-17 22:41:59 | INFO    | epoch 27 | batch 4000/4266 | loss 0.4556 | acc 0.9693 | lr 2.72e-05 | 283s
2026-09-17 22:42:00 | INFO    | epoch 27 | batch 4020/4266 | loss 0.4556 | acc 0.9693 | lr 2.71e-05 | 284s
2026-09-17 22:42:02 | INFO    | epoch 27 | batch 4040/4266 | loss 0.4556 | acc 0.9693 | lr 2.71e-05 | 286s
2026-09-17 22:42:03 | INFO    | epoch 27 | batch 4060/4266 | loss 0.4555 | acc 0.9694 | lr 2.71e-05 | 287s
2026-09-17 22:42:05 | INFO    | epoch 27 | batch 4080/4266 | loss 0.4556 | acc 0.9693 | lr 2.71e-05 | 289s
2026-09-17 22:42:06 | INFO    | epoch 27 | batch 4100/4266 | loss 0.4556 | acc 0.9693 | lr 2.71e-05 | 290s
2026-09-17 22:42:07 | INFO    | epoch 27 | batch 4120/4266 | loss 0.4555 | acc 0.9694 | lr 2.71e-05 | 291s
2026-09-17 22:42:09 | INFO    | epoch 27 | batch 4140/4266 | loss 0.4555 | acc 0.9694 | lr 2.70e-05 | 293s
2026-09-17 22:42:10 | INFO    | epoch 27 | batch 4160/4266 | loss 0.4554 | acc 0.9694 | lr 2.70e-05 | 294s
2026-09-17 22:42:12 | INFO    | epoch 27 | batch 4180/4266 | loss 0.4554 | acc 0.9694 | lr 2.70e-05 | 296s
2026-09-17 22:42:13 | INFO    | epoch 27 | batch 4200/4266 | loss 0.4554 | acc 0.9694 | lr 2.70e-05 | 297s
2026-09-17 22:42:14 | INFO    | epoch 27 | batch 4220/4266 | loss 0.4555 | acc 0.9693 | lr 2.70e-05 | 299s
2026-09-17 22:42:16 | INFO    | epoch 27 | batch 4240/4266 | loss 0.4554 | acc 0.9694 | lr 2.70e-05 | 300s
2026-09-17 22:42:17 | INFO    | epoch 27 | batch 4260/4266 | loss 0.4554 | acc 0.9694 | lr 2.69e-05 | 301s
2026-09-17 22:42:18 | INFO    | epoch 27 | batch 4266/4266 | loss 0.4554 | acc 0.9693 | lr 2.69e-05 | 302s
2026-09-17 22:42:28 | INFO    | epoch 27/40 done in 312s | train loss 0.4554 | train running patch (aug): accuracy=0.9693 precision=0.9692 recall=0.9684 f1=0.9688
2026-09-17 22:42:28 | INFO    | epoch 27 train (eval, no aug) | loss 0.4459 | patch[7280]: accuracy=0.9731 precision=0.9729 recall=0.9734 f1=0.9731 | image[455]: accuracy=0.9978 precision=0.9981 recall=0.9980 f1=0.9980
2026-09-17 22:42:28 | INFO    | epoch 27 val | loss 1.1955 | patch[8448]: accuracy=0.6696 precision=0.6536 recall=0.6475 f1=0.6490 | image[96]: accuracy=0.8021 precision=0.7877 recall=0.7844 f1=0.7837
2026-09-17 22:42:28 | INFO    | val_patch_f1 = 0.6490 (best 0.6490 @ epoch 27) *
2026-09-17 22:42:29 | INFO    | epoch 28 | batch 20/4266 | loss 0.4524 | acc 0.9734 | lr 2.69e-05 | 2s
2026-09-17 22:42:31 | INFO    | epoch 28 | batch 40/4266 | loss 0.4455 | acc 0.9742 | lr 2.69e-05 | 3s
2026-09-17 22:42:32 | INFO    | epoch 28 | batch 60/4266 | loss 0.4474 | acc 0.9745 | lr 2.69e-05 | 5s
2026-09-17 22:42:34 | INFO    | epoch 28 | batch 80/4266 | loss 0.4495 | acc 0.9734 | lr 2.69e-05 | 6s
2026-09-17 22:42:35 | INFO    | epoch 28 | batch 100/4266 | loss 0.4491 | acc 0.9725 | lr 2.69e-05 | 8s
2026-09-17 22:42:37 | INFO    | epoch 28 | batch 120/4266 | loss 0.4487 | acc 0.9727 | lr 2.68e-05 | 9s
2026-09-17 22:42:38 | INFO    | epoch 28 | batch 140/4266 | loss 0.4503 | acc 0.9717 | lr 2.68e-05 | 11s
2026-09-17 22:42:40 | INFO    | epoch 28 | batch 160/4266 | loss 0.4532 | acc 0.9705 | lr 2.68e-05 | 12s
2026-09-17 22:42:41 | INFO    | epoch 28 | batch 180/4266 | loss 0.4536 | acc 0.9701 | lr 2.68e-05 | 14s
2026-09-17 22:42:43 | INFO    | epoch 28 | batch 200/4266 | loss 0.4532 | acc 0.9703 | lr 2.68e-05 | 15s
2026-09-17 22:42:44 | INFO    | epoch 28 | batch 220/4266 | loss 0.4528 | acc 0.9702 | lr 2.68e-05 | 16s
2026-09-17 22:42:46 | INFO    | epoch 28 | batch 240/4266 | loss 0.4550 | acc 0.9685 | lr 2.67e-05 | 18s
2026-09-17 22:42:47 | INFO    | epoch 28 | batch 260/4266 | loss 0.4547 | acc 0.9684 | lr 2.67e-05 | 19s
2026-09-17 22:42:49 | INFO    | epoch 28 | batch 280/4266 | loss 0.4545 | acc 0.9688 | lr 2.67e-05 | 21s
2026-09-17 22:42:50 | INFO    | epoch 28 | batch 300/4266 | loss 0.4539 | acc 0.9694 | lr 2.67e-05 | 22s
2026-09-17 22:42:52 | INFO    | epoch 28 | batch 320/4266 | loss 0.4545 | acc 0.9688 | lr 2.67e-05 | 24s
2026-09-17 22:42:53 | INFO    | epoch 28 | batch 340/4266 | loss 0.4546 | acc 0.9687 | lr 2.67e-05 | 25s
2026-09-17 22:42:54 | INFO    | epoch 28 | batch 360/4266 | loss 0.4540 | acc 0.9691 | lr 2.66e-05 | 27s
2026-09-17 22:42:56 | INFO    | epoch 28 | batch 380/4266 | loss 0.4536 | acc 0.9694 | lr 2.66e-05 | 28s
2026-09-17 22:42:57 | INFO    | epoch 28 | batch 400/4266 | loss 0.4527 | acc 0.9700 | lr 2.66e-05 | 30s
2026-09-17 22:42:59 | INFO    | epoch 28 | batch 420/4266 | loss 0.4521 | acc 0.9705 | lr 2.66e-05 | 31s
2026-09-17 22:43:00 | INFO    | epoch 28 | batch 440/4266 | loss 0.4514 | acc 0.9705 | lr 2.66e-05 | 33s
2026-09-17 22:43:02 | INFO    | epoch 28 | batch 460/4266 | loss 0.4508 | acc 0.9709 | lr 2.66e-05 | 34s
2026-09-17 22:43:03 | INFO    | epoch 28 | batch 480/4266 | loss 0.4504 | acc 0.9710 | lr 2.65e-05 | 36s
2026-09-17 22:43:05 | INFO    | epoch 28 | batch 500/4266 | loss 0.4496 | acc 0.9715 | lr 2.65e-05 | 37s
2026-09-17 22:43:06 | INFO    | epoch 28 | batch 520/4266 | loss 0.4496 | acc 0.9715 | lr 2.65e-05 | 38s
2026-09-17 22:43:08 | INFO    | epoch 28 | batch 540/4266 | loss 0.4498 | acc 0.9715 | lr 2.65e-05 | 40s
2026-09-17 22:43:09 | INFO    | epoch 28 | batch 560/4266 | loss 0.4488 | acc 0.9723 | lr 2.65e-05 | 41s
2026-09-17 22:43:10 | INFO    | epoch 28 | batch 580/4266 | loss 0.4486 | acc 0.9725 | lr 2.65e-05 | 43s
2026-09-17 22:43:12 | INFO    | epoch 28 | batch 600/4266 | loss 0.4501 | acc 0.9717 | lr 2.64e-05 | 44s
2026-09-17 22:43:13 | INFO    | epoch 28 | batch 620/4266 | loss 0.4503 | acc 0.9715 | lr 2.64e-05 | 46s
2026-09-17 22:43:15 | INFO    | epoch 28 | batch 640/4266 | loss 0.4508 | acc 0.9713 | lr 2.64e-05 | 47s
2026-09-17 22:43:16 | INFO    | epoch 28 | batch 660/4266 | loss 0.4506 | acc 0.9714 | lr 2.64e-05 | 49s
2026-09-17 22:43:18 | INFO    | epoch 28 | batch 680/4266 | loss 0.4508 | acc 0.9710 | lr 2.64e-05 | 50s
2026-09-17 22:43:19 | INFO    | epoch 28 | batch 700/4266 | loss 0.4507 | acc 0.9712 | lr 2.64e-05 | 51s
2026-09-17 22:43:21 | INFO    | epoch 28 | batch 720/4266 | loss 0.4508 | acc 0.9712 | lr 2.63e-05 | 53s
2026-09-17 22:43:22 | INFO    | epoch 28 | batch 740/4266 | loss 0.4506 | acc 0.9713 | lr 2.63e-05 | 54s
2026-09-17 22:43:23 | INFO    | epoch 28 | batch 760/4266 | loss 0.4512 | acc 0.9708 | lr 2.63e-05 | 56s
2026-09-17 22:43:25 | INFO    | epoch 28 | batch 780/4266 | loss 0.4512 | acc 0.9710 | lr 2.63e-05 | 57s
2026-09-17 22:43:26 | INFO    | epoch 28 | batch 800/4266 | loss 0.4516 | acc 0.9707 | lr 2.63e-05 | 59s
2026-09-17 22:43:28 | INFO    | epoch 28 | batch 820/4266 | loss 0.4514 | acc 0.9706 | lr 2.63e-05 | 60s
2026-09-17 22:43:29 | INFO    | epoch 28 | batch 840/4266 | loss 0.4517 | acc 0.9705 | lr 2.62e-05 | 61s
2026-09-17 22:43:30 | INFO    | epoch 28 | batch 860/4266 | loss 0.4519 | acc 0.9704 | lr 2.62e-05 | 63s
2026-09-17 22:43:32 | INFO    | epoch 28 | batch 880/4266 | loss 0.4518 | acc 0.9705 | lr 2.62e-05 | 64s
2026-09-17 22:43:33 | INFO    | epoch 28 | batch 900/4266 | loss 0.4519 | acc 0.9705 | lr 2.62e-05 | 66s
2026-09-17 22:43:35 | INFO    | epoch 28 | batch 920/4266 | loss 0.4518 | acc 0.9706 | lr 2.62e-05 | 67s
2026-09-17 22:43:36 | INFO    | epoch 28 | batch 940/4266 | loss 0.4513 | acc 0.9708 | lr 2.62e-05 | 68s
2026-09-17 22:43:37 | INFO    | epoch 28 | batch 960/4266 | loss 0.4513 | acc 0.9708 | lr 2.61e-05 | 70s
2026-09-17 22:43:39 | INFO    | epoch 28 | batch 980/4266 | loss 0.4513 | acc 0.9708 | lr 2.61e-05 | 71s
2026-09-17 22:43:40 | INFO    | epoch 28 | batch 1000/4266 | loss 0.4515 | acc 0.9708 | lr 2.61e-05 | 73s
2026-09-17 22:43:42 | INFO    | epoch 28 | batch 1020/4266 | loss 0.4513 | acc 0.9710 | lr 2.61e-05 | 74s
2026-09-17 22:43:43 | INFO    | epoch 28 | batch 1040/4266 | loss 0.4512 | acc 0.9710 | lr 2.61e-05 | 76s
2026-09-17 22:43:45 | INFO    | epoch 28 | batch 1060/4266 | loss 0.4511 | acc 0.9710 | lr 2.61e-05 | 77s
2026-09-17 22:43:46 | INFO    | epoch 28 | batch 1080/4266 | loss 0.4509 | acc 0.9711 | lr 2.60e-05 | 78s
2026-09-17 22:43:47 | INFO    | epoch 28 | batch 1100/4266 | loss 0.4510 | acc 0.9711 | lr 2.60e-05 | 80s
2026-09-17 22:43:49 | INFO    | epoch 28 | batch 1120/4266 | loss 0.4509 | acc 0.9710 | lr 2.60e-05 | 81s
2026-09-17 22:43:50 | INFO    | epoch 28 | batch 1140/4266 | loss 0.4508 | acc 0.9711 | lr 2.60e-05 | 82s
2026-09-17 22:43:52 | INFO    | epoch 28 | batch 1160/4266 | loss 0.4508 | acc 0.9712 | lr 2.60e-05 | 84s
2026-09-17 22:43:53 | INFO    | epoch 28 | batch 1180/4266 | loss 0.4510 | acc 0.9711 | lr 2.60e-05 | 85s
2026-09-17 22:43:54 | INFO    | epoch 28 | batch 1200/4266 | loss 0.4511 | acc 0.9710 | lr 2.59e-05 | 87s
2026-09-17 22:43:56 | INFO    | epoch 28 | batch 1220/4266 | loss 0.4510 | acc 0.9712 | lr 2.59e-05 | 88s
2026-09-17 22:43:57 | INFO    | epoch 28 | batch 1240/4266 | loss 0.4508 | acc 0.9711 | lr 2.59e-05 | 90s
2026-09-17 22:43:59 | INFO    | epoch 28 | batch 1260/4266 | loss 0.4506 | acc 0.9712 | lr 2.59e-05 | 91s
2026-09-17 22:44:00 | INFO    | epoch 28 | batch 1280/4266 | loss 0.4506 | acc 0.9713 | lr 2.59e-05 | 92s
2026-09-17 22:44:01 | INFO    | epoch 28 | batch 1300/4266 | loss 0.4507 | acc 0.9714 | lr 2.59e-05 | 94s
2026-09-17 22:44:03 | INFO    | epoch 28 | batch 1320/4266 | loss 0.4506 | acc 0.9714 | lr 2.58e-05 | 95s
2026-09-17 22:44:04 | INFO    | epoch 28 | batch 1340/4266 | loss 0.4506 | acc 0.9714 | lr 2.58e-05 | 96s
2026-09-17 22:44:06 | INFO    | epoch 28 | batch 1360/4266 | loss 0.4507 | acc 0.9715 | lr 2.58e-05 | 98s
2026-09-17 22:44:07 | INFO    | epoch 28 | batch 1380/4266 | loss 0.4510 | acc 0.9714 | lr 2.58e-05 | 99s
2026-09-17 22:44:08 | INFO    | epoch 28 | batch 1400/4266 | loss 0.4509 | acc 0.9713 | lr 2.58e-05 | 101s
2026-09-17 22:44:10 | INFO    | epoch 28 | batch 1420/4266 | loss 0.4509 | acc 0.9713 | lr 2.58e-05 | 102s
2026-09-17 22:44:11 | INFO    | epoch 28 | batch 1440/4266 | loss 0.4512 | acc 0.9712 | lr 2.57e-05 | 104s
2026-09-17 22:44:13 | INFO    | epoch 28 | batch 1460/4266 | loss 0.4512 | acc 0.9711 | lr 2.57e-05 | 105s
2026-09-17 22:44:14 | INFO    | epoch 28 | batch 1480/4266 | loss 0.4508 | acc 0.9713 | lr 2.57e-05 | 106s
2026-09-17 22:44:15 | INFO    | epoch 28 | batch 1500/4266 | loss 0.4507 | acc 0.9714 | lr 2.57e-05 | 108s
2026-09-17 22:44:17 | INFO    | epoch 28 | batch 1520/4266 | loss 0.4507 | acc 0.9713 | lr 2.57e-05 | 109s
2026-09-17 22:44:18 | INFO    | epoch 28 | batch 1540/4266 | loss 0.4507 | acc 0.9713 | lr 2.57e-05 | 111s
2026-09-17 22:44:20 | INFO    | epoch 28 | batch 1560/4266 | loss 0.4507 | acc 0.9713 | lr 2.56e-05 | 112s
2026-09-17 22:44:21 | INFO    | epoch 28 | batch 1580/4266 | loss 0.4505 | acc 0.9714 | lr 2.56e-05 | 113s
2026-09-17 22:44:22 | INFO    | epoch 28 | batch 1600/4266 | loss 0.4504 | acc 0.9716 | lr 2.56e-05 | 115s
2026-09-17 22:44:24 | INFO    | epoch 28 | batch 1620/4266 | loss 0.4504 | acc 0.9715 | lr 2.56e-05 | 116s
2026-09-17 22:44:25 | INFO    | epoch 28 | batch 1640/4266 | loss 0.4505 | acc 0.9715 | lr 2.56e-05 | 118s
2026-09-17 22:44:27 | INFO    | epoch 28 | batch 1660/4266 | loss 0.4505 | acc 0.9715 | lr 2.56e-05 | 119s
2026-09-17 22:44:28 | INFO    | epoch 28 | batch 1680/4266 | loss 0.4506 | acc 0.9714 | lr 2.55e-05 | 120s
2026-09-17 22:44:29 | INFO    | epoch 28 | batch 1700/4266 | loss 0.4507 | acc 0.9714 | lr 2.55e-05 | 122s
2026-09-17 22:44:31 | INFO    | epoch 28 | batch 1720/4266 | loss 0.4506 | acc 0.9714 | lr 2.55e-05 | 123s
2026-09-17 22:44:32 | INFO    | epoch 28 | batch 1740/4266 | loss 0.4508 | acc 0.9714 | lr 2.55e-05 | 125s
2026-09-17 22:44:34 | INFO    | epoch 28 | batch 1760/4266 | loss 0.4508 | acc 0.9713 | lr 2.55e-05 | 126s
2026-09-17 22:44:35 | INFO    | epoch 28 | batch 1780/4266 | loss 0.4506 | acc 0.9715 | lr 2.55e-05 | 127s
2026-09-17 22:44:36 | INFO    | epoch 28 | batch 1800/4266 | loss 0.4507 | acc 0.9714 | lr 2.54e-05 | 129s
2026-09-17 22:44:38 | INFO    | epoch 28 | batch 1820/4266 | loss 0.4507 | acc 0.9714 | lr 2.54e-05 | 130s
2026-09-17 22:44:39 | INFO    | epoch 28 | batch 1840/4266 | loss 0.4506 | acc 0.9715 | lr 2.54e-05 | 132s
2026-09-17 22:44:41 | INFO    | epoch 28 | batch 1860/4266 | loss 0.4506 | acc 0.9715 | lr 2.54e-05 | 133s
2026-09-17 22:44:42 | INFO    | epoch 28 | batch 1880/4266 | loss 0.4507 | acc 0.9715 | lr 2.54e-05 | 134s
2026-09-17 22:44:43 | INFO    | epoch 28 | batch 1900/4266 | loss 0.4506 | acc 0.9715 | lr 2.54e-05 | 136s
2026-09-17 22:44:45 | INFO    | epoch 28 | batch 1920/4266 | loss 0.4506 | acc 0.9715 | lr 2.53e-05 | 137s
2026-09-17 22:44:46 | INFO    | epoch 28 | batch 1940/4266 | loss 0.4509 | acc 0.9714 | lr 2.53e-05 | 139s
2026-09-17 22:44:48 | INFO    | epoch 28 | batch 1960/4266 | loss 0.4510 | acc 0.9713 | lr 2.53e-05 | 140s
2026-09-17 22:44:49 | INFO    | epoch 28 | batch 1980/4266 | loss 0.4511 | acc 0.9713 | lr 2.53e-05 | 142s
2026-09-17 22:44:51 | INFO    | epoch 28 | batch 2000/4266 | loss 0.4509 | acc 0.9714 | lr 2.53e-05 | 143s
2026-09-17 22:44:52 | INFO    | epoch 28 | batch 2020/4266 | loss 0.4510 | acc 0.9713 | lr 2.53e-05 | 145s
2026-09-17 22:44:54 | INFO    | epoch 28 | batch 2040/4266 | loss 0.4512 | acc 0.9712 | lr 2.52e-05 | 146s
2026-09-17 22:44:55 | INFO    | epoch 28 | batch 2060/4266 | loss 0.4513 | acc 0.9711 | lr 2.52e-05 | 148s
2026-09-17 22:44:57 | INFO    | epoch 28 | batch 2080/4266 | loss 0.4514 | acc 0.9711 | lr 2.52e-05 | 149s
2026-09-17 22:44:58 | INFO    | epoch 28 | batch 2100/4266 | loss 0.4514 | acc 0.9711 | lr 2.52e-05 | 151s
2026-09-17 22:45:00 | INFO    | epoch 28 | batch 2120/4266 | loss 0.4514 | acc 0.9711 | lr 2.52e-05 | 152s
2026-09-17 22:45:01 | INFO    | epoch 28 | batch 2140/4266 | loss 0.4514 | acc 0.9710 | lr 2.52e-05 | 153s
2026-09-17 22:45:03 | INFO    | epoch 28 | batch 2160/4266 | loss 0.4515 | acc 0.9710 | lr 2.51e-05 | 155s
2026-09-17 22:45:04 | INFO    | epoch 28 | batch 2180/4266 | loss 0.4514 | acc 0.9710 | lr 2.51e-05 | 156s
2026-09-17 22:45:05 | INFO    | epoch 28 | batch 2200/4266 | loss 0.4514 | acc 0.9711 | lr 2.51e-05 | 158s
2026-09-17 22:45:07 | INFO    | epoch 28 | batch 2220/4266 | loss 0.4514 | acc 0.9710 | lr 2.51e-05 | 159s
2026-09-17 22:45:08 | INFO    | epoch 28 | batch 2240/4266 | loss 0.4513 | acc 0.9711 | lr 2.51e-05 | 160s
2026-09-17 22:45:10 | INFO    | epoch 28 | batch 2260/4266 | loss 0.4514 | acc 0.9710 | lr 2.51e-05 | 162s
2026-09-17 22:45:11 | INFO    | epoch 28 | batch 2280/4266 | loss 0.4513 | acc 0.9710 | lr 2.50e-05 | 163s
2026-09-17 22:45:12 | INFO    | epoch 28 | batch 2300/4266 | loss 0.4513 | acc 0.9710 | lr 2.50e-05 | 165s
2026-09-17 22:45:14 | INFO    | epoch 28 | batch 2320/4266 | loss 0.4513 | acc 0.9711 | lr 2.50e-05 | 166s
2026-09-17 22:45:15 | INFO    | epoch 28 | batch 2340/4266 | loss 0.4512 | acc 0.9711 | lr 2.50e-05 | 167s
2026-09-17 22:45:16 | INFO    | epoch 28 | batch 2360/4266 | loss 0.4511 | acc 0.9711 | lr 2.50e-05 | 169s
2026-09-17 22:45:18 | INFO    | epoch 28 | batch 2380/4266 | loss 0.4509 | acc 0.9712 | lr 2.50e-05 | 170s
2026-09-17 22:45:19 | INFO    | epoch 28 | batch 2400/4266 | loss 0.4508 | acc 0.9713 | lr 2.49e-05 | 172s
2026-09-17 22:45:21 | INFO    | epoch 28 | batch 2420/4266 | loss 0.4508 | acc 0.9712 | lr 2.49e-05 | 173s
2026-09-17 22:45:22 | INFO    | epoch 28 | batch 2440/4266 | loss 0.4507 | acc 0.9713 | lr 2.49e-05 | 174s
2026-09-17 22:45:23 | INFO    | epoch 28 | batch 2460/4266 | loss 0.4507 | acc 0.9713 | lr 2.49e-05 | 176s
2026-09-17 22:45:25 | INFO    | epoch 28 | batch 2480/4266 | loss 0.4506 | acc 0.9713 | lr 2.49e-05 | 177s
2026-09-17 22:45:26 | INFO    | epoch 28 | batch 2500/4266 | loss 0.4506 | acc 0.9713 | lr 2.49e-05 | 179s
2026-09-17 22:45:28 | INFO    | epoch 28 | batch 2520/4266 | loss 0.4507 | acc 0.9713 | lr 2.48e-05 | 180s
2026-09-17 22:45:29 | INFO    | epoch 28 | batch 2540/4266 | loss 0.4506 | acc 0.9713 | lr 2.48e-05 | 181s
2026-09-17 22:45:30 | INFO    | epoch 28 | batch 2560/4266 | loss 0.4507 | acc 0.9713 | lr 2.48e-05 | 183s
2026-09-17 22:45:32 | INFO    | epoch 28 | batch 2580/4266 | loss 0.4506 | acc 0.9714 | lr 2.48e-05 | 184s
2026-09-17 22:45:33 | INFO    | epoch 28 | batch 2600/4266 | loss 0.4506 | acc 0.9714 | lr 2.48e-05 | 186s
2026-09-17 22:45:35 | INFO    | epoch 28 | batch 2620/4266 | loss 0.4506 | acc 0.9714 | lr 2.48e-05 | 187s
2026-09-17 22:45:36 | INFO    | epoch 28 | batch 2640/4266 | loss 0.4507 | acc 0.9713 | lr 2.47e-05 | 188s
2026-09-17 22:45:37 | INFO    | epoch 28 | batch 2660/4266 | loss 0.4506 | acc 0.9714 | lr 2.47e-05 | 190s
2026-09-17 22:45:39 | INFO    | epoch 28 | batch 2680/4266 | loss 0.4506 | acc 0.9714 | lr 2.47e-05 | 191s
2026-09-17 22:45:40 | INFO    | epoch 28 | batch 2700/4266 | loss 0.4506 | acc 0.9714 | lr 2.47e-05 | 192s
2026-09-17 22:45:41 | INFO    | epoch 28 | batch 2720/4266 | loss 0.4506 | acc 0.9714 | lr 2.47e-05 | 194s
2026-09-17 22:45:43 | INFO    | epoch 28 | batch 2740/4266 | loss 0.4506 | acc 0.9714 | lr 2.47e-05 | 195s
2026-09-17 22:45:44 | INFO    | epoch 28 | batch 2760/4266 | loss 0.4506 | acc 0.9714 | lr 2.46e-05 | 196s
2026-09-17 22:45:45 | INFO    | epoch 28 | batch 2780/4266 | loss 0.4505 | acc 0.9715 | lr 2.46e-05 | 198s
2026-09-17 22:45:47 | INFO    | epoch 28 | batch 2800/4266 | loss 0.4505 | acc 0.9715 | lr 2.46e-05 | 199s
2026-09-17 22:45:48 | INFO    | epoch 28 | batch 2820/4266 | loss 0.4504 | acc 0.9715 | lr 2.46e-05 | 200s
2026-09-17 22:45:50 | INFO    | epoch 28 | batch 2840/4266 | loss 0.4503 | acc 0.9715 | lr 2.46e-05 | 202s
2026-09-17 22:45:51 | INFO    | epoch 28 | batch 2860/4266 | loss 0.4503 | acc 0.9715 | lr 2.46e-05 | 203s
2026-09-17 22:45:52 | INFO    | epoch 28 | batch 2880/4266 | loss 0.4502 | acc 0.9715 | lr 2.45e-05 | 205s
2026-09-17 22:45:54 | INFO    | epoch 28 | batch 2900/4266 | loss 0.4504 | acc 0.9715 | lr 2.45e-05 | 206s
2026-09-17 22:45:55 | INFO    | epoch 28 | batch 2920/4266 | loss 0.4503 | acc 0.9715 | lr 2.45e-05 | 208s
2026-09-17 22:45:57 | INFO    | epoch 28 | batch 2940/4266 | loss 0.4502 | acc 0.9716 | lr 2.45e-05 | 209s
2026-09-17 22:45:58 | INFO    | epoch 28 | batch 2960/4266 | loss 0.4502 | acc 0.9716 | lr 2.45e-05 | 211s
2026-09-17 22:46:00 | INFO    | epoch 28 | batch 2980/4266 | loss 0.4503 | acc 0.9716 | lr 2.45e-05 | 212s
2026-09-17 22:46:01 | INFO    | epoch 28 | batch 3000/4266 | loss 0.4502 | acc 0.9716 | lr 2.45e-05 | 214s
2026-09-17 22:46:03 | INFO    | epoch 28 | batch 3020/4266 | loss 0.4503 | acc 0.9716 | lr 2.44e-05 | 215s
2026-09-17 22:46:04 | INFO    | epoch 28 | batch 3040/4266 | loss 0.4503 | acc 0.9716 | lr 2.44e-05 | 217s
2026-09-17 22:46:06 | INFO    | epoch 28 | batch 3060/4266 | loss 0.4503 | acc 0.9716 | lr 2.44e-05 | 218s
2026-09-17 22:46:07 | INFO    | epoch 28 | batch 3080/4266 | loss 0.4504 | acc 0.9716 | lr 2.44e-05 | 219s
2026-09-17 22:46:09 | INFO    | epoch 28 | batch 3100/4266 | loss 0.4504 | acc 0.9715 | lr 2.44e-05 | 221s
2026-09-17 22:46:10 | INFO    | epoch 28 | batch 3120/4266 | loss 0.4505 | acc 0.9715 | lr 2.44e-05 | 222s
2026-09-17 22:46:12 | INFO    | epoch 28 | batch 3140/4266 | loss 0.4505 | acc 0.9715 | lr 2.43e-05 | 224s
2026-09-17 22:46:13 | INFO    | epoch 28 | batch 3160/4266 | loss 0.4506 | acc 0.9714 | lr 2.43e-05 | 225s
2026-09-17 22:46:14 | INFO    | epoch 28 | batch 3180/4266 | loss 0.4505 | acc 0.9714 | lr 2.43e-05 | 227s
2026-09-17 22:46:16 | INFO    | epoch 28 | batch 3200/4266 | loss 0.4505 | acc 0.9714 | lr 2.43e-05 | 228s
2026-09-17 22:46:17 | INFO    | epoch 28 | batch 3220/4266 | loss 0.4505 | acc 0.9714 | lr 2.43e-05 | 230s
2026-09-17 22:46:19 | INFO    | epoch 28 | batch 3240/4266 | loss 0.4505 | acc 0.9714 | lr 2.43e-05 | 231s
2026-09-17 22:46:20 | INFO    | epoch 28 | batch 3260/4266 | loss 0.4504 | acc 0.9715 | lr 2.42e-05 | 233s
2026-09-17 22:46:22 | INFO    | epoch 28 | batch 3280/4266 | loss 0.4504 | acc 0.9715 | lr 2.42e-05 | 234s
2026-09-17 22:46:23 | INFO    | epoch 28 | batch 3300/4266 | loss 0.4503 | acc 0.9715 | lr 2.42e-05 | 236s
2026-09-17 22:46:25 | INFO    | epoch 28 | batch 3320/4266 | loss 0.4503 | acc 0.9715 | lr 2.42e-05 | 237s
2026-09-17 22:46:26 | INFO    | epoch 28 | batch 3340/4266 | loss 0.4504 | acc 0.9714 | lr 2.42e-05 | 239s
2026-09-17 22:46:28 | INFO    | epoch 28 | batch 3360/4266 | loss 0.4504 | acc 0.9714 | lr 2.42e-05 | 240s
2026-09-17 22:46:29 | INFO    | epoch 28 | batch 3380/4266 | loss 0.4504 | acc 0.9714 | lr 2.41e-05 | 242s
2026-09-17 22:46:31 | INFO    | epoch 28 | batch 3400/4266 | loss 0.4504 | acc 0.9714 | lr 2.41e-05 | 243s
2026-09-17 22:46:32 | INFO    | epoch 28 | batch 3420/4266 | loss 0.4503 | acc 0.9714 | lr 2.41e-05 | 245s
2026-09-17 22:46:34 | INFO    | epoch 28 | batch 3440/4266 | loss 0.4502 | acc 0.9715 | lr 2.41e-05 | 246s
2026-09-17 22:46:35 | INFO    | epoch 28 | batch 3460/4266 | loss 0.4502 | acc 0.9715 | lr 2.41e-05 | 248s
2026-09-17 22:46:37 | INFO    | epoch 28 | batch 3480/4266 | loss 0.4502 | acc 0.9715 | lr 2.41e-05 | 249s
2026-09-17 22:46:38 | INFO    | epoch 28 | batch 3500/4266 | loss 0.4503 | acc 0.9714 | lr 2.40e-05 | 251s
2026-09-17 22:46:40 | INFO    | epoch 28 | batch 3520/4266 | loss 0.4504 | acc 0.9714 | lr 2.40e-05 | 252s
2026-09-17 22:46:41 | INFO    | epoch 28 | batch 3540/4266 | loss 0.4504 | acc 0.9713 | lr 2.40e-05 | 253s
2026-09-17 22:46:43 | INFO    | epoch 28 | batch 3560/4266 | loss 0.4503 | acc 0.9714 | lr 2.40e-05 | 255s
2026-09-17 22:46:44 | INFO    | epoch 28 | batch 3580/4266 | loss 0.4503 | acc 0.9714 | lr 2.40e-05 | 256s
2026-09-17 22:46:46 | INFO    | epoch 28 | batch 3600/4266 | loss 0.4502 | acc 0.9714 | lr 2.40e-05 | 258s
2026-09-17 22:46:47 | INFO    | epoch 28 | batch 3620/4266 | loss 0.4502 | acc 0.9714 | lr 2.39e-05 | 259s
2026-09-17 22:46:48 | INFO    | epoch 28 | batch 3640/4266 | loss 0.4502 | acc 0.9714 | lr 2.39e-05 | 261s
2026-09-17 22:46:50 | INFO    | epoch 28 | batch 3660/4266 | loss 0.4502 | acc 0.9714 | lr 2.39e-05 | 262s
2026-09-17 22:46:51 | INFO    | epoch 28 | batch 3680/4266 | loss 0.4501 | acc 0.9714 | lr 2.39e-05 | 264s
2026-09-17 22:46:53 | INFO    | epoch 28 | batch 3700/4266 | loss 0.4503 | acc 0.9714 | lr 2.39e-05 | 265s
2026-09-17 22:46:54 | INFO    | epoch 28 | batch 3720/4266 | loss 0.4502 | acc 0.9714 | lr 2.39e-05 | 266s
2026-09-17 22:46:56 | INFO    | epoch 28 | batch 3740/4266 | loss 0.4501 | acc 0.9714 | lr 2.38e-05 | 268s
2026-09-17 22:46:57 | INFO    | epoch 28 | batch 3760/4266 | loss 0.4501 | acc 0.9714 | lr 2.38e-05 | 269s
2026-09-17 22:46:58 | INFO    | epoch 28 | batch 3780/4266 | loss 0.4501 | acc 0.9715 | lr 2.38e-05 | 271s
2026-09-17 22:47:00 | INFO    | epoch 28 | batch 3800/4266 | loss 0.4500 | acc 0.9716 | lr 2.38e-05 | 272s
2026-09-17 22:47:01 | INFO    | epoch 28 | batch 3820/4266 | loss 0.4500 | acc 0.9716 | lr 2.38e-05 | 274s
2026-09-17 22:47:03 | INFO    | epoch 28 | batch 3840/4266 | loss 0.4500 | acc 0.9716 | lr 2.38e-05 | 275s
2026-09-17 22:47:04 | INFO    | epoch 28 | batch 3860/4266 | loss 0.4500 | acc 0.9716 | lr 2.38e-05 | 276s
2026-09-17 22:47:06 | INFO    | epoch 28 | batch 3880/4266 | loss 0.4500 | acc 0.9716 | lr 2.37e-05 | 278s
2026-09-17 22:47:07 | INFO    | epoch 28 | batch 3900/4266 | loss 0.4500 | acc 0.9716 | lr 2.37e-05 | 279s
2026-09-17 22:47:08 | INFO    | epoch 28 | batch 3920/4266 | loss 0.4498 | acc 0.9717 | lr 2.37e-05 | 281s
2026-09-17 22:47:10 | INFO    | epoch 28 | batch 3940/4266 | loss 0.4498 | acc 0.9717 | lr 2.37e-05 | 282s
2026-09-17 22:47:11 | INFO    | epoch 28 | batch 3960/4266 | loss 0.4497 | acc 0.9718 | lr 2.37e-05 | 283s
2026-09-17 22:47:13 | INFO    | epoch 28 | batch 3980/4266 | loss 0.4497 | acc 0.9718 | lr 2.37e-05 | 285s
2026-09-17 22:47:14 | INFO    | epoch 28 | batch 4000/4266 | loss 0.4496 | acc 0.9718 | lr 2.36e-05 | 286s
2026-09-17 22:47:15 | INFO    | epoch 28 | batch 4020/4266 | loss 0.4496 | acc 0.9718 | lr 2.36e-05 | 288s
2026-09-17 22:47:17 | INFO    | epoch 28 | batch 4040/4266 | loss 0.4495 | acc 0.9719 | lr 2.36e-05 | 289s
2026-09-17 22:47:18 | INFO    | epoch 28 | batch 4060/4266 | loss 0.4495 | acc 0.9719 | lr 2.36e-05 | 290s
2026-09-17 22:47:20 | INFO    | epoch 28 | batch 4080/4266 | loss 0.4494 | acc 0.9719 | lr 2.36e-05 | 292s
2026-09-17 22:47:21 | INFO    | epoch 28 | batch 4100/4266 | loss 0.4494 | acc 0.9719 | lr 2.36e-05 | 293s
2026-09-17 22:47:22 | INFO    | epoch 28 | batch 4120/4266 | loss 0.4493 | acc 0.9719 | lr 2.35e-05 | 295s
2026-09-17 22:47:24 | INFO    | epoch 28 | batch 4140/4266 | loss 0.4493 | acc 0.9720 | lr 2.35e-05 | 296s
2026-09-17 22:47:25 | INFO    | epoch 28 | batch 4160/4266 | loss 0.4493 | acc 0.9720 | lr 2.35e-05 | 298s
2026-09-17 22:47:27 | INFO    | epoch 28 | batch 4180/4266 | loss 0.4493 | acc 0.9720 | lr 2.35e-05 | 299s
2026-09-17 22:47:28 | INFO    | epoch 28 | batch 4200/4266 | loss 0.4493 | acc 0.9720 | lr 2.35e-05 | 300s
2026-09-17 22:47:29 | INFO    | epoch 28 | batch 4220/4266 | loss 0.4492 | acc 0.9720 | lr 2.35e-05 | 302s
2026-09-17 22:47:31 | INFO    | epoch 28 | batch 4240/4266 | loss 0.4491 | acc 0.9720 | lr 2.34e-05 | 303s
2026-09-17 22:47:32 | INFO    | epoch 28 | batch 4260/4266 | loss 0.4492 | acc 0.9720 | lr 2.34e-05 | 305s
2026-09-17 22:47:33 | INFO    | epoch 28 | batch 4266/4266 | loss 0.4493 | acc 0.9720 | lr 2.34e-05 | 305s
2026-09-17 22:47:42 | INFO    | epoch 28/40 done in 315s | train loss 0.4493 | train running patch (aug): accuracy=0.9720 precision=0.9716 recall=0.9711 f1=0.9713
2026-09-17 22:47:42 | INFO    | epoch 28 train (eval, no aug) | loss 0.5009 | patch[7280]: accuracy=0.9437 precision=0.9414 recall=0.9423 f1=0.9415 | image[455]: accuracy=0.9978 precision=0.9967 recall=0.9981 f1=0.9973
2026-09-17 22:47:42 | INFO    | epoch 28 val | loss 1.2390 | patch[8448]: accuracy=0.6495 precision=0.6432 recall=0.6303 f1=0.6316 | image[96]: accuracy=0.7083 precision=0.7127 recall=0.6899 f1=0.6901
2026-09-17 22:47:42 | INFO    | val_patch_f1 = 0.6316 (best 0.6490 @ epoch 27)
2026-09-17 22:47:44 | INFO    | epoch 29 | batch 20/4266 | loss 0.4525 | acc 0.9719 | lr 2.34e-05 | 2s
2026-09-17 22:47:45 | INFO    | epoch 29 | batch 40/4266 | loss 0.4560 | acc 0.9664 | lr 2.34e-05 | 3s
2026-09-17 22:47:47 | INFO    | epoch 29 | batch 60/4266 | loss 0.4546 | acc 0.9682 | lr 2.34e-05 | 4s
2026-09-17 22:47:48 | INFO    | epoch 29 | batch 80/4266 | loss 0.4539 | acc 0.9695 | lr 2.34e-05 | 6s
2026-09-17 22:47:50 | INFO    | epoch 29 | batch 100/4266 | loss 0.4549 | acc 0.9681 | lr 2.33e-05 | 7s
2026-09-17 22:47:51 | INFO    | epoch 29 | batch 120/4266 | loss 0.4574 | acc 0.9667 | lr 2.33e-05 | 9s
2026-09-17 22:47:53 | INFO    | epoch 29 | batch 140/4266 | loss 0.4552 | acc 0.9688 | lr 2.33e-05 | 10s
2026-09-17 22:47:54 | INFO    | epoch 29 | batch 160/4266 | loss 0.4544 | acc 0.9691 | lr 2.33e-05 | 12s
2026-09-17 22:47:55 | INFO    | epoch 29 | batch 180/4266 | loss 0.4552 | acc 0.9694 | lr 2.33e-05 | 13s
2026-09-17 22:47:57 | INFO    | epoch 29 | batch 200/4266 | loss 0.4524 | acc 0.9712 | lr 2.33e-05 | 14s
2026-09-17 22:47:58 | INFO    | epoch 29 | batch 220/4266 | loss 0.4511 | acc 0.9722 | lr 2.32e-05 | 16s
2026-09-17 22:48:00 | INFO    | epoch 29 | batch 240/4266 | loss 0.4500 | acc 0.9730 | lr 2.32e-05 | 17s
2026-09-17 22:48:01 | INFO    | epoch 29 | batch 260/4266 | loss 0.4503 | acc 0.9731 | lr 2.32e-05 | 18s
2026-09-17 22:48:02 | INFO    | epoch 29 | batch 280/4266 | loss 0.4513 | acc 0.9727 | lr 2.32e-05 | 20s
2026-09-17 22:48:04 | INFO    | epoch 29 | batch 300/4266 | loss 0.4506 | acc 0.9727 | lr 2.32e-05 | 21s
2026-09-17 22:48:05 | INFO    | epoch 29 | batch 320/4266 | loss 0.4498 | acc 0.9729 | lr 2.32e-05 | 23s
2026-09-17 22:48:07 | INFO    | epoch 29 | batch 340/4266 | loss 0.4493 | acc 0.9733 | lr 2.32e-05 | 24s
2026-09-17 22:48:08 | INFO    | epoch 29 | batch 360/4266 | loss 0.4505 | acc 0.9727 | lr 2.31e-05 | 25s
2026-09-17 22:48:09 | INFO    | epoch 29 | batch 380/4266 | loss 0.4512 | acc 0.9723 | lr 2.31e-05 | 27s
2026-09-17 22:48:11 | INFO    | epoch 29 | batch 400/4266 | loss 0.4506 | acc 0.9729 | lr 2.31e-05 | 28s
2026-09-17 22:48:12 | INFO    | epoch 29 | batch 420/4266 | loss 0.4509 | acc 0.9725 | lr 2.31e-05 | 30s
2026-09-17 22:48:14 | INFO    | epoch 29 | batch 440/4266 | loss 0.4512 | acc 0.9725 | lr 2.31e-05 | 31s
2026-09-17 22:48:15 | INFO    | epoch 29 | batch 460/4266 | loss 0.4507 | acc 0.9726 | lr 2.31e-05 | 33s
2026-09-17 22:48:16 | INFO    | epoch 29 | batch 480/4266 | loss 0.4504 | acc 0.9727 | lr 2.30e-05 | 34s
2026-09-17 22:48:18 | INFO    | epoch 29 | batch 500/4266 | loss 0.4499 | acc 0.9729 | lr 2.30e-05 | 35s
2026-09-17 22:48:19 | INFO    | epoch 29 | batch 520/4266 | loss 0.4510 | acc 0.9724 | lr 2.30e-05 | 37s
2026-09-17 22:48:21 | INFO    | epoch 29 | batch 540/4266 | loss 0.4508 | acc 0.9723 | lr 2.30e-05 | 38s
2026-09-17 22:48:22 | INFO    | epoch 29 | batch 560/4266 | loss 0.4503 | acc 0.9728 | lr 2.30e-05 | 40s
2026-09-17 22:48:24 | INFO    | epoch 29 | batch 580/4266 | loss 0.4499 | acc 0.9728 | lr 2.30e-05 | 41s
2026-09-17 22:48:25 | INFO    | epoch 29 | batch 600/4266 | loss 0.4502 | acc 0.9726 | lr 2.29e-05 | 42s
2026-09-17 22:48:26 | INFO    | epoch 29 | batch 620/4266 | loss 0.4498 | acc 0.9728 | lr 2.29e-05 | 44s
2026-09-17 22:48:28 | INFO    | epoch 29 | batch 640/4266 | loss 0.4494 | acc 0.9730 | lr 2.29e-05 | 45s
2026-09-17 22:48:29 | INFO    | epoch 29 | batch 660/4266 | loss 0.4491 | acc 0.9731 | lr 2.29e-05 | 47s
2026-09-17 22:48:30 | INFO    | epoch 29 | batch 680/4266 | loss 0.4490 | acc 0.9730 | lr 2.29e-05 | 48s
2026-09-17 22:48:32 | INFO    | epoch 29 | batch 700/4266 | loss 0.4489 | acc 0.9731 | lr 2.29e-05 | 49s
2026-09-17 22:48:33 | INFO    | epoch 29 | batch 720/4266 | loss 0.4492 | acc 0.9730 | lr 2.29e-05 | 51s
2026-09-17 22:48:35 | INFO    | epoch 29 | batch 740/4266 | loss 0.4492 | acc 0.9729 | lr 2.28e-05 | 52s
2026-09-17 22:48:36 | INFO    | epoch 29 | batch 760/4266 | loss 0.4496 | acc 0.9726 | lr 2.28e-05 | 54s
2026-09-17 22:48:38 | INFO    | epoch 29 | batch 780/4266 | loss 0.4496 | acc 0.9725 | lr 2.28e-05 | 55s
2026-09-17 22:48:39 | INFO    | epoch 29 | batch 800/4266 | loss 0.4499 | acc 0.9722 | lr 2.28e-05 | 57s
2026-09-17 22:48:41 | INFO    | epoch 29 | batch 820/4266 | loss 0.4496 | acc 0.9723 | lr 2.28e-05 | 58s
2026-09-17 22:48:42 | INFO    | epoch 29 | batch 840/4266 | loss 0.4495 | acc 0.9723 | lr 2.28e-05 | 59s
2026-09-17 22:48:43 | INFO    | epoch 29 | batch 860/4266 | loss 0.4495 | acc 0.9722 | lr 2.27e-05 | 61s
2026-09-17 22:48:45 | INFO    | epoch 29 | batch 880/4266 | loss 0.4492 | acc 0.9724 | lr 2.27e-05 | 62s
2026-09-17 22:48:46 | INFO    | epoch 29 | batch 900/4266 | loss 0.4490 | acc 0.9725 | lr 2.27e-05 | 64s
2026-09-17 22:48:47 | INFO    | epoch 29 | batch 920/4266 | loss 0.4487 | acc 0.9726 | lr 2.27e-05 | 65s
2026-09-17 22:48:49 | INFO    | epoch 29 | batch 940/4266 | loss 0.4494 | acc 0.9722 | lr 2.27e-05 | 66s
2026-09-17 22:48:50 | INFO    | epoch 29 | batch 960/4266 | loss 0.4493 | acc 0.9723 | lr 2.27e-05 | 68s
2026-09-17 22:48:52 | INFO    | epoch 29 | batch 980/4266 | loss 0.4493 | acc 0.9723 | lr 2.26e-05 | 69s
2026-09-17 22:48:53 | INFO    | epoch 29 | batch 1000/4266 | loss 0.4490 | acc 0.9725 | lr 2.26e-05 | 70s
2026-09-17 22:48:54 | INFO    | epoch 29 | batch 1020/4266 | loss 0.4491 | acc 0.9723 | lr 2.26e-05 | 72s
2026-09-17 22:48:56 | INFO    | epoch 29 | batch 1040/4266 | loss 0.4490 | acc 0.9724 | lr 2.26e-05 | 73s
2026-09-17 22:48:57 | INFO    | epoch 29 | batch 1060/4266 | loss 0.4490 | acc 0.9723 | lr 2.26e-05 | 75s
2026-09-17 22:48:59 | INFO    | epoch 29 | batch 1080/4266 | loss 0.4489 | acc 0.9725 | lr 2.26e-05 | 76s
2026-09-17 22:49:00 | INFO    | epoch 29 | batch 1100/4266 | loss 0.4492 | acc 0.9725 | lr 2.25e-05 | 77s
2026-09-17 22:49:01 | INFO    | epoch 29 | batch 1120/4266 | loss 0.4496 | acc 0.9722 | lr 2.25e-05 | 79s
2026-09-17 22:49:03 | INFO    | epoch 29 | batch 1140/4266 | loss 0.4496 | acc 0.9721 | lr 2.25e-05 | 80s
2026-09-17 22:49:04 | INFO    | epoch 29 | batch 1160/4266 | loss 0.4495 | acc 0.9721 | lr 2.25e-05 | 82s
2026-09-17 22:49:06 | INFO    | epoch 29 | batch 1180/4266 | loss 0.4493 | acc 0.9723 | lr 2.25e-05 | 83s
2026-09-17 22:49:07 | INFO    | epoch 29 | batch 1200/4266 | loss 0.4492 | acc 0.9723 | lr 2.25e-05 | 84s
2026-09-17 22:49:08 | INFO    | epoch 29 | batch 1220/4266 | loss 0.4493 | acc 0.9723 | lr 2.25e-05 | 86s
2026-09-17 22:49:10 | INFO    | epoch 29 | batch 1240/4266 | loss 0.4491 | acc 0.9723 | lr 2.24e-05 | 87s
2026-09-17 22:49:11 | INFO    | epoch 29 | batch 1260/4266 | loss 0.4493 | acc 0.9721 | lr 2.24e-05 | 89s
2026-09-17 22:49:13 | INFO    | epoch 29 | batch 1280/4266 | loss 0.4491 | acc 0.9722 | lr 2.24e-05 | 90s
2026-09-17 22:49:14 | INFO    | epoch 29 | batch 1300/4266 | loss 0.4489 | acc 0.9724 | lr 2.24e-05 | 91s
2026-09-17 22:49:15 | INFO    | epoch 29 | batch 1320/4266 | loss 0.4487 | acc 0.9725 | lr 2.24e-05 | 93s
2026-09-17 22:49:17 | INFO    | epoch 29 | batch 1340/4266 | loss 0.4488 | acc 0.9725 | lr 2.24e-05 | 94s
2026-09-17 22:49:18 | INFO    | epoch 29 | batch 1360/4266 | loss 0.4489 | acc 0.9725 | lr 2.23e-05 | 96s
2026-09-17 22:49:20 | INFO    | epoch 29 | batch 1380/4266 | loss 0.4487 | acc 0.9725 | lr 2.23e-05 | 97s
2026-09-17 22:49:21 | INFO    | epoch 29 | batch 1400/4266 | loss 0.4486 | acc 0.9726 | lr 2.23e-05 | 99s
2026-09-17 22:49:22 | INFO    | epoch 29 | batch 1420/4266 | loss 0.4483 | acc 0.9727 | lr 2.23e-05 | 100s
2026-09-17 22:49:24 | INFO    | epoch 29 | batch 1440/4266 | loss 0.4484 | acc 0.9727 | lr 2.23e-05 | 101s
2026-09-17 22:49:25 | INFO    | epoch 29 | batch 1460/4266 | loss 0.4485 | acc 0.9725 | lr 2.23e-05 | 103s
2026-09-17 22:49:27 | INFO    | epoch 29 | batch 1480/4266 | loss 0.4484 | acc 0.9726 | lr 2.22e-05 | 104s
2026-09-17 22:49:28 | INFO    | epoch 29 | batch 1500/4266 | loss 0.4486 | acc 0.9726 | lr 2.22e-05 | 106s
2026-09-17 22:49:30 | INFO    | epoch 29 | batch 1520/4266 | loss 0.4486 | acc 0.9726 | lr 2.22e-05 | 107s
2026-09-17 22:49:31 | INFO    | epoch 29 | batch 1540/4266 | loss 0.4486 | acc 0.9726 | lr 2.22e-05 | 108s
2026-09-17 22:49:32 | INFO    | epoch 29 | batch 1560/4266 | loss 0.4486 | acc 0.9726 | lr 2.22e-05 | 110s
2026-09-17 22:49:34 | INFO    | epoch 29 | batch 1580/4266 | loss 0.4488 | acc 0.9725 | lr 2.22e-05 | 111s
2026-09-17 22:49:35 | INFO    | epoch 29 | batch 1600/4266 | loss 0.4486 | acc 0.9726 | lr 2.22e-05 | 113s
2026-09-17 22:49:37 | INFO    | epoch 29 | batch 1620/4266 | loss 0.4486 | acc 0.9726 | lr 2.21e-05 | 114s
2026-09-17 22:49:38 | INFO    | epoch 29 | batch 1640/4266 | loss 0.4484 | acc 0.9727 | lr 2.21e-05 | 116s
2026-09-17 22:49:40 | INFO    | epoch 29 | batch 1660/4266 | loss 0.4486 | acc 0.9725 | lr 2.21e-05 | 117s
2026-09-17 22:49:41 | INFO    | epoch 29 | batch 1680/4266 | loss 0.4487 | acc 0.9725 | lr 2.21e-05 | 119s
2026-09-17 22:49:43 | INFO    | epoch 29 | batch 1700/4266 | loss 0.4490 | acc 0.9724 | lr 2.21e-05 | 120s
2026-09-17 22:49:44 | INFO    | epoch 29 | batch 1720/4266 | loss 0.4489 | acc 0.9725 | lr 2.21e-05 | 121s
2026-09-17 22:49:45 | INFO    | epoch 29 | batch 1740/4266 | loss 0.4490 | acc 0.9724 | lr 2.20e-05 | 123s
2026-09-17 22:49:47 | INFO    | epoch 29 | batch 1760/4266 | loss 0.4489 | acc 0.9724 | lr 2.20e-05 | 124s
2026-09-17 22:49:48 | INFO    | epoch 29 | batch 1780/4266 | loss 0.4490 | acc 0.9724 | lr 2.20e-05 | 126s
2026-09-17 22:49:50 | INFO    | epoch 29 | batch 1800/4266 | loss 0.4490 | acc 0.9724 | lr 2.20e-05 | 127s
2026-09-17 22:49:51 | INFO    | epoch 29 | batch 1820/4266 | loss 0.4489 | acc 0.9725 | lr 2.20e-05 | 129s
2026-09-17 22:49:52 | INFO    | epoch 29 | batch 1840/4266 | loss 0.4489 | acc 0.9725 | lr 2.20e-05 | 130s
2026-09-17 22:49:54 | INFO    | epoch 29 | batch 1860/4266 | loss 0.4488 | acc 0.9725 | lr 2.20e-05 | 131s
2026-09-17 22:49:55 | INFO    | epoch 29 | batch 1880/4266 | loss 0.4487 | acc 0.9726 | lr 2.19e-05 | 133s
2026-09-17 22:49:57 | INFO    | epoch 29 | batch 1900/4266 | loss 0.4488 | acc 0.9725 | lr 2.19e-05 | 134s
2026-09-17 22:49:58 | INFO    | epoch 29 | batch 1920/4266 | loss 0.4489 | acc 0.9724 | lr 2.19e-05 | 136s
2026-09-17 22:49:59 | INFO    | epoch 29 | batch 1940/4266 | loss 0.4488 | acc 0.9724 | lr 2.19e-05 | 137s
2026-09-17 22:50:01 | INFO    | epoch 29 | batch 1960/4266 | loss 0.4488 | acc 0.9724 | lr 2.19e-05 | 138s
2026-09-17 22:50:02 | INFO    | epoch 29 | batch 1980/4266 | loss 0.4486 | acc 0.9725 | lr 2.19e-05 | 140s
2026-09-17 22:50:04 | INFO    | epoch 29 | batch 2000/4266 | loss 0.4486 | acc 0.9725 | lr 2.18e-05 | 141s
2026-09-17 22:50:05 | INFO    | epoch 29 | batch 2020/4266 | loss 0.4486 | acc 0.9725 | lr 2.18e-05 | 142s
2026-09-17 22:50:06 | INFO    | epoch 29 | batch 2040/4266 | loss 0.4487 | acc 0.9725 | lr 2.18e-05 | 144s
2026-09-17 22:50:08 | INFO    | epoch 29 | batch 2060/4266 | loss 0.4487 | acc 0.9725 | lr 2.18e-05 | 145s
2026-09-17 22:50:09 | INFO    | epoch 29 | batch 2080/4266 | loss 0.4485 | acc 0.9726 | lr 2.18e-05 | 147s
2026-09-17 22:50:11 | INFO    | epoch 29 | batch 2100/4266 | loss 0.4485 | acc 0.9725 | lr 2.18e-05 | 148s
2026-09-17 22:50:12 | INFO    | epoch 29 | batch 2120/4266 | loss 0.4483 | acc 0.9726 | lr 2.17e-05 | 149s
2026-09-17 22:50:13 | INFO    | epoch 29 | batch 2140/4266 | loss 0.4481 | acc 0.9728 | lr 2.17e-05 | 151s
2026-09-17 22:50:15 | INFO    | epoch 29 | batch 2160/4266 | loss 0.4480 | acc 0.9728 | lr 2.17e-05 | 152s
2026-09-17 22:50:16 | INFO    | epoch 29 | batch 2180/4266 | loss 0.4481 | acc 0.9728 | lr 2.17e-05 | 154s
2026-09-17 22:50:18 | INFO    | epoch 29 | batch 2200/4266 | loss 0.4483 | acc 0.9727 | lr 2.17e-05 | 155s
2026-09-17 22:50:19 | INFO    | epoch 29 | batch 2220/4266 | loss 0.4481 | acc 0.9728 | lr 2.17e-05 | 157s
2026-09-17 22:50:21 | INFO    | epoch 29 | batch 2240/4266 | loss 0.4483 | acc 0.9727 | lr 2.17e-05 | 158s
2026-09-17 22:50:22 | INFO    | epoch 29 | batch 2260/4266 | loss 0.4482 | acc 0.9727 | lr 2.16e-05 | 159s
2026-09-17 22:50:23 | INFO    | epoch 29 | batch 2280/4266 | loss 0.4483 | acc 0.9727 | lr 2.16e-05 | 161s
2026-09-17 22:50:25 | INFO    | epoch 29 | batch 2300/4266 | loss 0.4482 | acc 0.9727 | lr 2.16e-05 | 162s
2026-09-17 22:50:26 | INFO    | epoch 29 | batch 2320/4266 | loss 0.4482 | acc 0.9728 | lr 2.16e-05 | 164s
2026-09-17 22:50:28 | INFO    | epoch 29 | batch 2340/4266 | loss 0.4482 | acc 0.9727 | lr 2.16e-05 | 165s
2026-09-17 22:50:29 | INFO    | epoch 29 | batch 2360/4266 | loss 0.4483 | acc 0.9727 | lr 2.16e-05 | 167s
2026-09-17 22:50:31 | INFO    | epoch 29 | batch 2380/4266 | loss 0.4483 | acc 0.9727 | lr 2.15e-05 | 168s
2026-09-17 22:50:32 | INFO    | epoch 29 | batch 2400/4266 | loss 0.4482 | acc 0.9728 | lr 2.15e-05 | 169s
2026-09-17 22:50:33 | INFO    | epoch 29 | batch 2420/4266 | loss 0.4481 | acc 0.9728 | lr 2.15e-05 | 171s
2026-09-17 22:50:35 | INFO    | epoch 29 | batch 2440/4266 | loss 0.4482 | acc 0.9727 | lr 2.15e-05 | 172s
2026-09-17 22:50:36 | INFO    | epoch 29 | batch 2460/4266 | loss 0.4483 | acc 0.9727 | lr 2.15e-05 | 174s
2026-09-17 22:50:38 | INFO    | epoch 29 | batch 2480/4266 | loss 0.4482 | acc 0.9728 | lr 2.15e-05 | 175s
2026-09-17 22:50:39 | INFO    | epoch 29 | batch 2500/4266 | loss 0.4484 | acc 0.9727 | lr 2.15e-05 | 177s
2026-09-17 22:50:41 | INFO    | epoch 29 | batch 2520/4266 | loss 0.4483 | acc 0.9727 | lr 2.14e-05 | 178s
2026-09-17 22:50:42 | INFO    | epoch 29 | batch 2540/4266 | loss 0.4483 | acc 0.9727 | lr 2.14e-05 | 180s
2026-09-17 22:50:43 | INFO    | epoch 29 | batch 2560/4266 | loss 0.4482 | acc 0.9728 | lr 2.14e-05 | 181s
2026-09-17 22:50:45 | INFO    | epoch 29 | batch 2580/4266 | loss 0.4481 | acc 0.9728 | lr 2.14e-05 | 182s
2026-09-17 22:50:46 | INFO    | epoch 29 | batch 2600/4266 | loss 0.4482 | acc 0.9727 | lr 2.14e-05 | 184s
2026-09-17 22:50:48 | INFO    | epoch 29 | batch 2620/4266 | loss 0.4481 | acc 0.9728 | lr 2.14e-05 | 185s
2026-09-17 22:50:49 | INFO    | epoch 29 | batch 2640/4266 | loss 0.4482 | acc 0.9728 | lr 2.13e-05 | 187s
2026-09-17 22:50:51 | INFO    | epoch 29 | batch 2660/4266 | loss 0.4481 | acc 0.9729 | lr 2.13e-05 | 188s
2026-09-17 22:50:52 | INFO    | epoch 29 | batch 2680/4266 | loss 0.4480 | acc 0.9728 | lr 2.13e-05 | 189s
2026-09-17 22:50:53 | INFO    | epoch 29 | batch 2700/4266 | loss 0.4479 | acc 0.9729 | lr 2.13e-05 | 191s
2026-09-17 22:50:55 | INFO    | epoch 29 | batch 2720/4266 | loss 0.4479 | acc 0.9729 | lr 2.13e-05 | 192s
2026-09-17 22:50:56 | INFO    | epoch 29 | batch 2740/4266 | loss 0.4481 | acc 0.9728 | lr 2.13e-05 | 194s
2026-09-17 22:50:58 | INFO    | epoch 29 | batch 2760/4266 | loss 0.4481 | acc 0.9728 | lr 2.12e-05 | 195s
2026-09-17 22:50:59 | INFO    | epoch 29 | batch 2780/4266 | loss 0.4480 | acc 0.9729 | lr 2.12e-05 | 197s
2026-09-17 22:51:01 | INFO    | epoch 29 | batch 2800/4266 | loss 0.4481 | acc 0.9728 | lr 2.12e-05 | 198s
2026-09-17 22:51:02 | INFO    | epoch 29 | batch 2820/4266 | loss 0.4480 | acc 0.9729 | lr 2.12e-05 | 199s
2026-09-17 22:51:03 | INFO    | epoch 29 | batch 2840/4266 | loss 0.4480 | acc 0.9728 | lr 2.12e-05 | 201s
2026-09-17 22:51:05 | INFO    | epoch 29 | batch 2860/4266 | loss 0.4481 | acc 0.9728 | lr 2.12e-05 | 202s
2026-09-17 22:51:06 | INFO    | epoch 29 | batch 2880/4266 | loss 0.4481 | acc 0.9728 | lr 2.12e-05 | 204s
2026-09-17 22:51:08 | INFO    | epoch 29 | batch 2900/4266 | loss 0.4480 | acc 0.9729 | lr 2.11e-05 | 205s
2026-09-17 22:51:09 | INFO    | epoch 29 | batch 2920/4266 | loss 0.4480 | acc 0.9729 | lr 2.11e-05 | 206s
2026-09-17 22:51:10 | INFO    | epoch 29 | batch 2940/4266 | loss 0.4480 | acc 0.9729 | lr 2.11e-05 | 208s
2026-09-17 22:51:12 | INFO    | epoch 29 | batch 2960/4266 | loss 0.4481 | acc 0.9729 | lr 2.11e-05 | 209s
2026-09-17 22:51:13 | INFO    | epoch 29 | batch 2980/4266 | loss 0.4481 | acc 0.9729 | lr 2.11e-05 | 211s
2026-09-17 22:51:15 | INFO    | epoch 29 | batch 3000/4266 | loss 0.4479 | acc 0.9729 | lr 2.11e-05 | 212s
2026-09-17 22:51:16 | INFO    | epoch 29 | batch 3020/4266 | loss 0.4478 | acc 0.9730 | lr 2.10e-05 | 214s
2026-09-17 22:51:17 | INFO    | epoch 29 | batch 3040/4266 | loss 0.4478 | acc 0.9730 | lr 2.10e-05 | 215s
2026-09-17 22:51:19 | INFO    | epoch 29 | batch 3060/4266 | loss 0.4477 | acc 0.9730 | lr 2.10e-05 | 216s
2026-09-17 22:51:20 | INFO    | epoch 29 | batch 3080/4266 | loss 0.4478 | acc 0.9730 | lr 2.10e-05 | 218s
2026-09-17 22:51:22 | INFO    | epoch 29 | batch 3100/4266 | loss 0.4479 | acc 0.9729 | lr 2.10e-05 | 219s
2026-09-17 22:51:23 | INFO    | epoch 29 | batch 3120/4266 | loss 0.4479 | acc 0.9728 | lr 2.10e-05 | 221s
2026-09-17 22:51:25 | INFO    | epoch 29 | batch 3140/4266 | loss 0.4480 | acc 0.9728 | lr 2.10e-05 | 222s
2026-09-17 22:51:26 | INFO    | epoch 29 | batch 3160/4266 | loss 0.4479 | acc 0.9728 | lr 2.09e-05 | 224s
2026-09-17 22:51:27 | INFO    | epoch 29 | batch 3180/4266 | loss 0.4479 | acc 0.9729 | lr 2.09e-05 | 225s
2026-09-17 22:51:29 | INFO    | epoch 29 | batch 3200/4266 | loss 0.4478 | acc 0.9729 | lr 2.09e-05 | 226s
2026-09-17 22:51:30 | INFO    | epoch 29 | batch 3220/4266 | loss 0.4477 | acc 0.9729 | lr 2.09e-05 | 228s
2026-09-17 22:51:32 | INFO    | epoch 29 | batch 3240/4266 | loss 0.4479 | acc 0.9729 | lr 2.09e-05 | 229s
2026-09-17 22:51:33 | INFO    | epoch 29 | batch 3260/4266 | loss 0.4479 | acc 0.9729 | lr 2.09e-05 | 231s
2026-09-17 22:51:35 | INFO    | epoch 29 | batch 3280/4266 | loss 0.4479 | acc 0.9729 | lr 2.08e-05 | 232s
2026-09-17 22:51:36 | INFO    | epoch 29 | batch 3300/4266 | loss 0.4478 | acc 0.9729 | lr 2.08e-05 | 234s
2026-09-17 22:51:38 | INFO    | epoch 29 | batch 3320/4266 | loss 0.4478 | acc 0.9728 | lr 2.08e-05 | 235s
2026-09-17 22:51:39 | INFO    | epoch 29 | batch 3340/4266 | loss 0.4479 | acc 0.9728 | lr 2.08e-05 | 236s
2026-09-17 22:51:40 | INFO    | epoch 29 | batch 3360/4266 | loss 0.4479 | acc 0.9728 | lr 2.08e-05 | 238s
2026-09-17 22:51:41 | INFO    | epoch 29 | batch 3380/4266 | loss 0.4480 | acc 0.9728 | lr 2.08e-05 | 239s
2026-09-17 22:51:43 | INFO    | epoch 29 | batch 3400/4266 | loss 0.4479 | acc 0.9729 | lr 2.08e-05 | 240s
2026-09-17 22:51:44 | INFO    | epoch 29 | batch 3420/4266 | loss 0.4479 | acc 0.9729 | lr 2.07e-05 | 242s
2026-09-17 22:51:46 | INFO    | epoch 29 | batch 3440/4266 | loss 0.4479 | acc 0.9729 | lr 2.07e-05 | 243s
2026-09-17 22:51:47 | INFO    | epoch 29 | batch 3460/4266 | loss 0.4481 | acc 0.9728 | lr 2.07e-05 | 245s
2026-09-17 22:51:49 | INFO    | epoch 29 | batch 3480/4266 | loss 0.4481 | acc 0.9728 | lr 2.07e-05 | 246s
2026-09-17 22:51:50 | INFO    | epoch 29 | batch 3500/4266 | loss 0.4480 | acc 0.9729 | lr 2.07e-05 | 248s
2026-09-17 22:51:51 | INFO    | epoch 29 | batch 3520/4266 | loss 0.4480 | acc 0.9728 | lr 2.07e-05 | 249s
2026-09-17 22:51:53 | INFO    | epoch 29 | batch 3540/4266 | loss 0.4480 | acc 0.9728 | lr 2.06e-05 | 250s
2026-09-17 22:51:54 | INFO    | epoch 29 | batch 3560/4266 | loss 0.4480 | acc 0.9728 | lr 2.06e-05 | 252s
2026-09-17 22:51:56 | INFO    | epoch 29 | batch 3580/4266 | loss 0.4480 | acc 0.9729 | lr 2.06e-05 | 253s
2026-09-17 22:51:57 | INFO    | epoch 29 | batch 3600/4266 | loss 0.4480 | acc 0.9729 | lr 2.06e-05 | 255s
2026-09-17 22:51:58 | INFO    | epoch 29 | batch 3620/4266 | loss 0.4480 | acc 0.9729 | lr 2.06e-05 | 256s
2026-09-17 22:52:00 | INFO    | epoch 29 | batch 3640/4266 | loss 0.4479 | acc 0.9729 | lr 2.06e-05 | 257s
2026-09-17 22:52:01 | INFO    | epoch 29 | batch 3660/4266 | loss 0.4479 | acc 0.9729 | lr 2.06e-05 | 259s
2026-09-17 22:52:03 | INFO    | epoch 29 | batch 3680/4266 | loss 0.4480 | acc 0.9728 | lr 2.05e-05 | 260s
2026-09-17 22:52:04 | INFO    | epoch 29 | batch 3700/4266 | loss 0.4480 | acc 0.9728 | lr 2.05e-05 | 262s
2026-09-17 22:52:05 | INFO    | epoch 29 | batch 3720/4266 | loss 0.4480 | acc 0.9728 | lr 2.05e-05 | 263s
2026-09-17 22:52:07 | INFO    | epoch 29 | batch 3740/4266 | loss 0.4480 | acc 0.9728 | lr 2.05e-05 | 264s
2026-09-17 22:52:08 | INFO    | epoch 29 | batch 3760/4266 | loss 0.4480 | acc 0.9728 | lr 2.05e-05 | 266s
2026-09-17 22:52:10 | INFO    | epoch 29 | batch 3780/4266 | loss 0.4480 | acc 0.9728 | lr 2.05e-05 | 267s
2026-09-17 22:52:11 | INFO    | epoch 29 | batch 3800/4266 | loss 0.4479 | acc 0.9728 | lr 2.05e-05 | 269s
2026-09-17 22:52:12 | INFO    | epoch 29 | batch 3820/4266 | loss 0.4479 | acc 0.9728 | lr 2.04e-05 | 270s
2026-09-17 22:52:14 | INFO    | epoch 29 | batch 3840/4266 | loss 0.4478 | acc 0.9729 | lr 2.04e-05 | 271s
2026-09-17 22:52:15 | INFO    | epoch 29 | batch 3860/4266 | loss 0.4478 | acc 0.9729 | lr 2.04e-05 | 273s
2026-09-17 22:52:17 | INFO    | epoch 29 | batch 3880/4266 | loss 0.4479 | acc 0.9728 | lr 2.04e-05 | 274s
2026-09-17 22:52:18 | INFO    | epoch 29 | batch 3900/4266 | loss 0.4479 | acc 0.9728 | lr 2.04e-05 | 275s
2026-09-17 22:52:19 | INFO    | epoch 29 | batch 3920/4266 | loss 0.4479 | acc 0.9728 | lr 2.04e-05 | 277s
2026-09-17 22:52:21 | INFO    | epoch 29 | batch 3940/4266 | loss 0.4479 | acc 0.9728 | lr 2.03e-05 | 278s
2026-09-17 22:52:22 | INFO    | epoch 29 | batch 3960/4266 | loss 0.4478 | acc 0.9729 | lr 2.03e-05 | 280s
2026-09-17 22:52:24 | INFO    | epoch 29 | batch 3980/4266 | loss 0.4478 | acc 0.9729 | lr 2.03e-05 | 281s
2026-09-17 22:52:25 | INFO    | epoch 29 | batch 4000/4266 | loss 0.4478 | acc 0.9729 | lr 2.03e-05 | 283s
2026-09-17 22:52:26 | INFO    | epoch 29 | batch 4020/4266 | loss 0.4477 | acc 0.9729 | lr 2.03e-05 | 284s
2026-09-17 22:52:28 | INFO    | epoch 29 | batch 4040/4266 | loss 0.4477 | acc 0.9730 | lr 2.03e-05 | 285s
2026-09-17 22:52:29 | INFO    | epoch 29 | batch 4060/4266 | loss 0.4477 | acc 0.9730 | lr 2.03e-05 | 287s
2026-09-17 22:52:31 | INFO    | epoch 29 | batch 4080/4266 | loss 0.4477 | acc 0.9730 | lr 2.02e-05 | 288s
2026-09-17 22:52:32 | INFO    | epoch 29 | batch 4100/4266 | loss 0.4476 | acc 0.9730 | lr 2.02e-05 | 290s
2026-09-17 22:52:34 | INFO    | epoch 29 | batch 4120/4266 | loss 0.4476 | acc 0.9730 | lr 2.02e-05 | 291s
2026-09-17 22:52:35 | INFO    | epoch 29 | batch 4140/4266 | loss 0.4475 | acc 0.9730 | lr 2.02e-05 | 292s
2026-09-17 22:52:36 | INFO    | epoch 29 | batch 4160/4266 | loss 0.4475 | acc 0.9730 | lr 2.02e-05 | 294s
2026-09-17 22:52:38 | INFO    | epoch 29 | batch 4180/4266 | loss 0.4475 | acc 0.9730 | lr 2.02e-05 | 295s
2026-09-17 22:52:39 | INFO    | epoch 29 | batch 4200/4266 | loss 0.4474 | acc 0.9731 | lr 2.01e-05 | 297s
2026-09-17 22:52:41 | INFO    | epoch 29 | batch 4220/4266 | loss 0.4473 | acc 0.9731 | lr 2.01e-05 | 298s
2026-09-17 22:52:42 | INFO    | epoch 29 | batch 4240/4266 | loss 0.4473 | acc 0.9731 | lr 2.01e-05 | 300s
2026-09-17 22:52:44 | INFO    | epoch 29 | batch 4260/4266 | loss 0.4473 | acc 0.9731 | lr 2.01e-05 | 301s
2026-09-17 22:52:44 | INFO    | epoch 29 | batch 4266/4266 | loss 0.4472 | acc 0.9731 | lr 2.01e-05 | 301s
2026-09-17 22:52:54 | INFO    | epoch 29/40 done in 311s | train loss 0.4472 | train running patch (aug): accuracy=0.9731 precision=0.9729 recall=0.9722 f1=0.9726
2026-09-17 22:52:54 | INFO    | epoch 29 train (eval, no aug) | loss 0.4612 | patch[7280]: accuracy=0.9661 precision=0.9643 recall=0.9672 f1=0.9656 | image[455]: accuracy=1.0000 precision=1.0000 recall=1.0000 f1=1.0000
2026-09-17 22:52:54 | INFO    | epoch 29 val | loss 1.2230 | patch[8448]: accuracy=0.6592 precision=0.6452 recall=0.6384 f1=0.6400 | image[96]: accuracy=0.7708 precision=0.7539 recall=0.7481 f1=0.7492
2026-09-17 22:52:54 | INFO    | val_patch_f1 = 0.6400 (best 0.6490 @ epoch 27)
2026-09-17 22:52:55 | INFO    | epoch 30 | batch 20/4266 | loss 0.4484 | acc 0.9703 | lr 2.01e-05 | 2s
2026-09-17 22:52:57 | INFO    | epoch 30 | batch 40/4266 | loss 0.4492 | acc 0.9711 | lr 2.01e-05 | 3s
2026-09-17 22:52:58 | INFO    | epoch 30 | batch 60/4266 | loss 0.4524 | acc 0.9698 | lr 2.01e-05 | 4s
2026-09-17 22:53:00 | INFO    | epoch 30 | batch 80/4266 | loss 0.4493 | acc 0.9730 | lr 2.00e-05 | 6s
2026-09-17 22:53:01 | INFO    | epoch 30 | batch 100/4266 | loss 0.4466 | acc 0.9744 | lr 2.00e-05 | 7s
2026-09-17 22:53:02 | INFO    | epoch 30 | batch 120/4266 | loss 0.4446 | acc 0.9753 | lr 2.00e-05 | 9s
2026-09-17 22:53:04 | INFO    | epoch 30 | batch 140/4266 | loss 0.4424 | acc 0.9768 | lr 2.00e-05 | 10s
2026-09-17 22:53:05 | INFO    | epoch 30 | batch 160/4266 | loss 0.4439 | acc 0.9762 | lr 2.00e-05 | 11s
2026-09-17 22:53:07 | INFO    | epoch 30 | batch 180/4266 | loss 0.4432 | acc 0.9773 | lr 2.00e-05 | 13s
2026-09-17 22:53:08 | INFO    | epoch 30 | batch 200/4266 | loss 0.4438 | acc 0.9772 | lr 1.99e-05 | 14s
2026-09-17 22:53:09 | INFO    | epoch 30 | batch 220/4266 | loss 0.4441 | acc 0.9767 | lr 1.99e-05 | 16s
2026-09-17 22:53:11 | INFO    | epoch 30 | batch 240/4266 | loss 0.4446 | acc 0.9763 | lr 1.99e-05 | 17s
2026-09-17 22:53:12 | INFO    | epoch 30 | batch 260/4266 | loss 0.4442 | acc 0.9768 | lr 1.99e-05 | 18s
2026-09-17 22:53:14 | INFO    | epoch 30 | batch 280/4266 | loss 0.4443 | acc 0.9769 | lr 1.99e-05 | 20s
2026-09-17 22:53:15 | INFO    | epoch 30 | batch 300/4266 | loss 0.4445 | acc 0.9769 | lr 1.99e-05 | 21s
2026-09-17 22:53:16 | INFO    | epoch 30 | batch 320/4266 | loss 0.4447 | acc 0.9769 | lr 1.99e-05 | 22s
2026-09-17 22:53:18 | INFO    | epoch 30 | batch 340/4266 | loss 0.4461 | acc 0.9760 | lr 1.98e-05 | 24s
2026-09-17 22:53:19 | INFO    | epoch 30 | batch 360/4266 | loss 0.4460 | acc 0.9757 | lr 1.98e-05 | 25s
2026-09-17 22:53:21 | INFO    | epoch 30 | batch 380/4266 | loss 0.4455 | acc 0.9760 | lr 1.98e-05 | 27s
2026-09-17 22:53:22 | INFO    | epoch 30 | batch 400/4266 | loss 0.4448 | acc 0.9762 | lr 1.98e-05 | 28s
2026-09-17 22:53:23 | INFO    | epoch 30 | batch 420/4266 | loss 0.4448 | acc 0.9762 | lr 1.98e-05 | 30s
2026-09-17 22:53:25 | INFO    | epoch 30 | batch 440/4266 | loss 0.4446 | acc 0.9761 | lr 1.98e-05 | 31s
2026-09-17 22:53:26 | INFO    | epoch 30 | batch 460/4266 | loss 0.4449 | acc 0.9758 | lr 1.97e-05 | 33s
2026-09-17 22:53:28 | INFO    | epoch 30 | batch 480/4266 | loss 0.4441 | acc 0.9760 | lr 1.97e-05 | 34s
2026-09-17 22:53:29 | INFO    | epoch 30 | batch 500/4266 | loss 0.4449 | acc 0.9756 | lr 1.97e-05 | 36s
2026-09-17 22:53:31 | INFO    | epoch 30 | batch 520/4266 | loss 0.4454 | acc 0.9755 | lr 1.97e-05 | 37s
2026-09-17 22:53:32 | INFO    | epoch 30 | batch 540/4266 | loss 0.4462 | acc 0.9751 | lr 1.97e-05 | 38s
2026-09-17 22:53:34 | INFO    | epoch 30 | batch 560/4266 | loss 0.4460 | acc 0.9752 | lr 1.97e-05 | 40s
2026-09-17 22:53:35 | INFO    | epoch 30 | batch 580/4266 | loss 0.4468 | acc 0.9748 | lr 1.97e-05 | 41s
2026-09-17 22:53:36 | INFO    | epoch 30 | batch 600/4266 | loss 0.4466 | acc 0.9747 | lr 1.96e-05 | 43s
2026-09-17 22:53:38 | INFO    | epoch 30 | batch 620/4266 | loss 0.4471 | acc 0.9745 | lr 1.96e-05 | 44s
2026-09-17 22:53:39 | INFO    | epoch 30 | batch 640/4266 | loss 0.4470 | acc 0.9746 | lr 1.96e-05 | 46s
2026-09-17 22:53:41 | INFO    | epoch 30 | batch 660/4266 | loss 0.4466 | acc 0.9746 | lr 1.96e-05 | 47s
2026-09-17 22:53:42 | INFO    | epoch 30 | batch 680/4266 | loss 0.4473 | acc 0.9742 | lr 1.96e-05 | 48s
2026-09-17 22:53:44 | INFO    | epoch 30 | batch 700/4266 | loss 0.4468 | acc 0.9744 | lr 1.96e-05 | 50s
2026-09-17 22:53:45 | INFO    | epoch 30 | batch 720/4266 | loss 0.4470 | acc 0.9743 | lr 1.96e-05 | 51s
2026-09-17 22:53:47 | INFO    | epoch 30 | batch 740/4266 | loss 0.4468 | acc 0.9742 | lr 1.95e-05 | 53s
2026-09-17 22:53:48 | INFO    | epoch 30 | batch 760/4266 | loss 0.4463 | acc 0.9744 | lr 1.95e-05 | 54s
2026-09-17 22:53:49 | INFO    | epoch 30 | batch 780/4266 | loss 0.4465 | acc 0.9743 | lr 1.95e-05 | 55s
2026-09-17 22:53:51 | INFO    | epoch 30 | batch 800/4266 | loss 0.4465 | acc 0.9744 | lr 1.95e-05 | 57s
2026-09-17 22:53:52 | INFO    | epoch 30 | batch 820/4266 | loss 0.4463 | acc 0.9745 | lr 1.95e-05 | 58s
2026-09-17 22:53:54 | INFO    | epoch 30 | batch 840/4266 | loss 0.4462 | acc 0.9744 | lr 1.95e-05 | 60s
2026-09-17 22:53:55 | INFO    | epoch 30 | batch 860/4266 | loss 0.4463 | acc 0.9745 | lr 1.94e-05 | 61s
2026-09-17 22:53:56 | INFO    | epoch 30 | batch 880/4266 | loss 0.4461 | acc 0.9746 | lr 1.94e-05 | 62s
2026-09-17 22:53:57 | INFO    | epoch 30 | batch 900/4266 | loss 0.4462 | acc 0.9746 | lr 1.94e-05 | 64s
2026-09-17 22:53:59 | INFO    | epoch 30 | batch 920/4266 | loss 0.4460 | acc 0.9747 | lr 1.94e-05 | 65s
2026-09-17 22:54:00 | INFO    | epoch 30 | batch 940/4266 | loss 0.4460 | acc 0.9748 | lr 1.94e-05 | 66s
2026-09-17 22:54:02 | INFO    | epoch 30 | batch 960/4266 | loss 0.4456 | acc 0.9751 | lr 1.94e-05 | 68s
2026-09-17 22:54:03 | INFO    | epoch 30 | batch 980/4266 | loss 0.4454 | acc 0.9751 | lr 1.94e-05 | 69s
2026-09-17 22:54:04 | INFO    | epoch 30 | batch 1000/4266 | loss 0.4457 | acc 0.9749 | lr 1.93e-05 | 71s
2026-09-17 22:54:06 | INFO    | epoch 30 | batch 1020/4266 | loss 0.4454 | acc 0.9749 | lr 1.93e-05 | 72s
2026-09-17 22:54:07 | INFO    | epoch 30 | batch 1040/4266 | loss 0.4453 | acc 0.9750 | lr 1.93e-05 | 74s
2026-09-17 22:54:09 | INFO    | epoch 30 | batch 1060/4266 | loss 0.4455 | acc 0.9749 | lr 1.93e-05 | 75s
2026-09-17 22:54:10 | INFO    | epoch 30 | batch 1080/4266 | loss 0.4458 | acc 0.9746 | lr 1.93e-05 | 77s
2026-09-17 22:54:12 | INFO    | epoch 30 | batch 1100/4266 | loss 0.4458 | acc 0.9746 | lr 1.93e-05 | 78s
2026-09-17 22:54:13 | INFO    | epoch 30 | batch 1120/4266 | loss 0.4456 | acc 0.9748 | lr 1.93e-05 | 80s
2026-09-17 22:54:15 | INFO    | epoch 30 | batch 1140/4266 | loss 0.4457 | acc 0.9747 | lr 1.92e-05 | 81s
2026-09-17 22:54:16 | INFO    | epoch 30 | batch 1160/4266 | loss 0.4454 | acc 0.9747 | lr 1.92e-05 | 83s
2026-09-17 22:54:18 | INFO    | epoch 30 | batch 1180/4266 | loss 0.4452 | acc 0.9748 | lr 1.92e-05 | 84s
2026-09-17 22:54:19 | INFO    | epoch 30 | batch 1200/4266 | loss 0.4450 | acc 0.9748 | lr 1.92e-05 | 85s
2026-09-17 22:54:21 | INFO    | epoch 30 | batch 1220/4266 | loss 0.4450 | acc 0.9748 | lr 1.92e-05 | 87s
2026-09-17 22:54:22 | INFO    | epoch 30 | batch 1240/4266 | loss 0.4452 | acc 0.9747 | lr 1.92e-05 | 88s
2026-09-17 22:54:24 | INFO    | epoch 30 | batch 1260/4266 | loss 0.4449 | acc 0.9749 | lr 1.92e-05 | 90s
2026-09-17 22:54:25 | INFO    | epoch 30 | batch 1280/4266 | loss 0.4447 | acc 0.9750 | lr 1.91e-05 | 91s
2026-09-17 22:54:26 | INFO    | epoch 30 | batch 1300/4266 | loss 0.4449 | acc 0.9750 | lr 1.91e-05 | 93s
2026-09-17 22:54:28 | INFO    | epoch 30 | batch 1320/4266 | loss 0.4446 | acc 0.9752 | lr 1.91e-05 | 94s
2026-09-17 22:54:29 | INFO    | epoch 30 | batch 1340/4266 | loss 0.4447 | acc 0.9751 | lr 1.91e-05 | 96s
2026-09-17 22:54:31 | INFO    | epoch 30 | batch 1360/4266 | loss 0.4449 | acc 0.9750 | lr 1.91e-05 | 97s
2026-09-17 22:54:32 | INFO    | epoch 30 | batch 1380/4266 | loss 0.4451 | acc 0.9750 | lr 1.91e-05 | 98s
2026-09-17 22:54:34 | INFO    | epoch 30 | batch 1400/4266 | loss 0.4451 | acc 0.9750 | lr 1.90e-05 | 100s
2026-09-17 22:54:35 | INFO    | epoch 30 | batch 1420/4266 | loss 0.4450 | acc 0.9750 | lr 1.90e-05 | 101s
2026-09-17 22:54:36 | INFO    | epoch 30 | batch 1440/4266 | loss 0.4449 | acc 0.9751 | lr 1.90e-05 | 103s
2026-09-17 22:54:38 | INFO    | epoch 30 | batch 1460/4266 | loss 0.4447 | acc 0.9751 | lr 1.90e-05 | 104s
2026-09-17 22:54:39 | INFO    | epoch 30 | batch 1480/4266 | loss 0.4445 | acc 0.9752 | lr 1.90e-05 | 105s
2026-09-17 22:54:41 | INFO    | epoch 30 | batch 1500/4266 | loss 0.4446 | acc 0.9751 | lr 1.90e-05 | 107s
2026-09-17 22:54:42 | INFO    | epoch 30 | batch 1520/4266 | loss 0.4446 | acc 0.9751 | lr 1.90e-05 | 108s
2026-09-17 22:54:44 | INFO    | epoch 30 | batch 1540/4266 | loss 0.4447 | acc 0.9751 | lr 1.89e-05 | 110s
2026-09-17 22:54:45 | INFO    | epoch 30 | batch 1560/4266 | loss 0.4447 | acc 0.9751 | lr 1.89e-05 | 111s
2026-09-17 22:54:47 | INFO    | epoch 30 | batch 1580/4266 | loss 0.4445 | acc 0.9751 | lr 1.89e-05 | 113s
2026-09-17 22:54:48 | INFO    | epoch 30 | batch 1600/4266 | loss 0.4444 | acc 0.9751 | lr 1.89e-05 | 114s
2026-09-17 22:54:49 | INFO    | epoch 30 | batch 1620/4266 | loss 0.4443 | acc 0.9752 | lr 1.89e-05 | 116s
2026-09-17 22:54:51 | INFO    | epoch 30 | batch 1640/4266 | loss 0.4441 | acc 0.9753 | lr 1.89e-05 | 117s
2026-09-17 22:54:52 | INFO    | epoch 30 | batch 1660/4266 | loss 0.4441 | acc 0.9753 | lr 1.89e-05 | 118s
2026-09-17 22:54:54 | INFO    | epoch 30 | batch 1680/4266 | loss 0.4440 | acc 0.9753 | lr 1.88e-05 | 120s
2026-09-17 22:54:55 | INFO    | epoch 30 | batch 1700/4266 | loss 0.4440 | acc 0.9753 | lr 1.88e-05 | 121s
2026-09-17 22:54:56 | INFO    | epoch 30 | batch 1720/4266 | loss 0.4439 | acc 0.9754 | lr 1.88e-05 | 123s
2026-09-17 22:54:58 | INFO    | epoch 30 | batch 1740/4266 | loss 0.4440 | acc 0.9753 | lr 1.88e-05 | 124s
2026-09-17 22:54:59 | INFO    | epoch 30 | batch 1760/4266 | loss 0.4442 | acc 0.9753 | lr 1.88e-05 | 125s
2026-09-17 22:55:01 | INFO    | epoch 30 | batch 1780/4266 | loss 0.4443 | acc 0.9752 | lr 1.88e-05 | 127s
2026-09-17 22:55:02 | INFO    | epoch 30 | batch 1800/4266 | loss 0.4444 | acc 0.9752 | lr 1.88e-05 | 128s
2026-09-17 22:55:03 | INFO    | epoch 30 | batch 1820/4266 | loss 0.4444 | acc 0.9752 | lr 1.87e-05 | 130s
2026-09-17 22:55:05 | INFO    | epoch 30 | batch 1840/4266 | loss 0.4446 | acc 0.9751 | lr 1.87e-05 | 131s
2026-09-17 22:55:06 | INFO    | epoch 30 | batch 1860/4266 | loss 0.4446 | acc 0.9751 | lr 1.87e-05 | 132s
2026-09-17 22:55:08 | INFO    | epoch 30 | batch 1880/4266 | loss 0.4444 | acc 0.9751 | lr 1.87e-05 | 134s
2026-09-17 22:55:09 | INFO    | epoch 30 | batch 1900/4266 | loss 0.4444 | acc 0.9752 | lr 1.87e-05 | 135s
2026-09-17 22:55:11 | INFO    | epoch 30 | batch 1920/4266 | loss 0.4444 | acc 0.9751 | lr 1.87e-05 | 137s
2026-09-17 22:55:12 | INFO    | epoch 30 | batch 1940/4266 | loss 0.4444 | acc 0.9752 | lr 1.86e-05 | 138s
2026-09-17 22:55:14 | INFO    | epoch 30 | batch 1960/4266 | loss 0.4444 | acc 0.9752 | lr 1.86e-05 | 140s
2026-09-17 22:55:15 | INFO    | epoch 30 | batch 1980/4266 | loss 0.4443 | acc 0.9752 | lr 1.86e-05 | 141s
2026-09-17 22:55:16 | INFO    | epoch 30 | batch 2000/4266 | loss 0.4441 | acc 0.9752 | lr 1.86e-05 | 142s
2026-09-17 22:55:18 | INFO    | epoch 30 | batch 2020/4266 | loss 0.4442 | acc 0.9752 | lr 1.86e-05 | 144s
2026-09-17 22:55:19 | INFO    | epoch 30 | batch 2040/4266 | loss 0.4442 | acc 0.9752 | lr 1.86e-05 | 145s
2026-09-17 22:55:21 | INFO    | epoch 30 | batch 2060/4266 | loss 0.4441 | acc 0.9753 | lr 1.86e-05 | 147s
2026-09-17 22:55:22 | INFO    | epoch 30 | batch 2080/4266 | loss 0.4439 | acc 0.9754 | lr 1.85e-05 | 148s
2026-09-17 22:55:23 | INFO    | epoch 30 | batch 2100/4266 | loss 0.4440 | acc 0.9754 | lr 1.85e-05 | 150s
2026-09-17 22:55:25 | INFO    | epoch 30 | batch 2120/4266 | loss 0.4438 | acc 0.9755 | lr 1.85e-05 | 151s
2026-09-17 22:55:26 | INFO    | epoch 30 | batch 2140/4266 | loss 0.4438 | acc 0.9755 | lr 1.85e-05 | 152s
2026-09-17 22:55:28 | INFO    | epoch 30 | batch 2160/4266 | loss 0.4438 | acc 0.9755 | lr 1.85e-05 | 154s
2026-09-17 22:55:29 | INFO    | epoch 30 | batch 2180/4266 | loss 0.4438 | acc 0.9755 | lr 1.85e-05 | 155s
2026-09-17 22:55:30 | INFO    | epoch 30 | batch 2200/4266 | loss 0.4437 | acc 0.9756 | lr 1.85e-05 | 157s
2026-09-17 22:55:32 | INFO    | epoch 30 | batch 2220/4266 | loss 0.4437 | acc 0.9756 | lr 1.84e-05 | 158s
2026-09-17 22:55:33 | INFO    | epoch 30 | batch 2240/4266 | loss 0.4436 | acc 0.9756 | lr 1.84e-05 | 159s
2026-09-17 22:55:35 | INFO    | epoch 30 | batch 2260/4266 | loss 0.4436 | acc 0.9756 | lr 1.84e-05 | 161s
2026-09-17 22:55:36 | INFO    | epoch 30 | batch 2280/4266 | loss 0.4436 | acc 0.9756 | lr 1.84e-05 | 162s
2026-09-17 22:55:38 | INFO    | epoch 30 | batch 2300/4266 | loss 0.4437 | acc 0.9755 | lr 1.84e-05 | 164s
2026-09-17 22:55:39 | INFO    | epoch 30 | batch 2320/4266 | loss 0.4436 | acc 0.9755 | lr 1.84e-05 | 165s
2026-09-17 22:55:40 | INFO    | epoch 30 | batch 2340/4266 | loss 0.4435 | acc 0.9756 | lr 1.84e-05 | 167s
2026-09-17 22:55:42 | INFO    | epoch 30 | batch 2360/4266 | loss 0.4436 | acc 0.9755 | lr 1.83e-05 | 168s
2026-09-17 22:55:43 | INFO    | epoch 30 | batch 2380/4266 | loss 0.4435 | acc 0.9756 | lr 1.83e-05 | 169s
2026-09-17 22:55:45 | INFO    | epoch 30 | batch 2400/4266 | loss 0.4436 | acc 0.9755 | lr 1.83e-05 | 171s
2026-09-17 22:55:46 | INFO    | epoch 30 | batch 2420/4266 | loss 0.4436 | acc 0.9755 | lr 1.83e-05 | 172s
2026-09-17 22:55:47 | INFO    | epoch 30 | batch 2440/4266 | loss 0.4436 | acc 0.9755 | lr 1.83e-05 | 174s
2026-09-17 22:55:49 | INFO    | epoch 30 | batch 2460/4266 | loss 0.4435 | acc 0.9755 | lr 1.83e-05 | 175s
2026-09-17 22:55:50 | INFO    | epoch 30 | batch 2480/4266 | loss 0.4435 | acc 0.9755 | lr 1.83e-05 | 176s
2026-09-17 22:55:52 | INFO    | epoch 30 | batch 2500/4266 | loss 0.4437 | acc 0.9753 | lr 1.82e-05 | 178s
2026-09-17 22:55:53 | INFO    | epoch 30 | batch 2520/4266 | loss 0.4436 | acc 0.9754 | lr 1.82e-05 | 179s
2026-09-17 22:55:55 | INFO    | epoch 30 | batch 2540/4266 | loss 0.4436 | acc 0.9754 | lr 1.82e-05 | 181s
2026-09-17 22:55:56 | INFO    | epoch 30 | batch 2560/4266 | loss 0.4436 | acc 0.9754 | lr 1.82e-05 | 182s
2026-09-17 22:55:57 | INFO    | epoch 30 | batch 2580/4266 | loss 0.4435 | acc 0.9754 | lr 1.82e-05 | 183s
2026-09-17 22:55:59 | INFO    | epoch 30 | batch 2600/4266 | loss 0.4435 | acc 0.9754 | lr 1.82e-05 | 185s
2026-09-17 22:56:00 | INFO    | epoch 30 | batch 2620/4266 | loss 0.4435 | acc 0.9755 | lr 1.82e-05 | 186s
2026-09-17 22:56:01 | INFO    | epoch 30 | batch 2640/4266 | loss 0.4434 | acc 0.9755 | lr 1.81e-05 | 188s
2026-09-17 22:56:03 | INFO    | epoch 30 | batch 2660/4266 | loss 0.4433 | acc 0.9756 | lr 1.81e-05 | 189s
2026-09-17 22:56:04 | INFO    | epoch 30 | batch 2680/4266 | loss 0.4434 | acc 0.9755 | lr 1.81e-05 | 190s
2026-09-17 22:56:06 | INFO    | epoch 30 | batch 2700/4266 | loss 0.4434 | acc 0.9755 | lr 1.81e-05 | 192s
2026-09-17 22:56:07 | INFO    | epoch 30 | batch 2720/4266 | loss 0.4435 | acc 0.9754 | lr 1.81e-05 | 193s
2026-09-17 22:56:08 | INFO    | epoch 30 | batch 2740/4266 | loss 0.4434 | acc 0.9755 | lr 1.81e-05 | 195s
2026-09-17 22:56:10 | INFO    | epoch 30 | batch 2760/4266 | loss 0.4434 | acc 0.9755 | lr 1.81e-05 | 196s
2026-09-17 22:56:11 | INFO    | epoch 30 | batch 2780/4266 | loss 0.4434 | acc 0.9754 | lr 1.80e-05 | 197s
2026-09-17 22:56:13 | INFO    | epoch 30 | batch 2800/4266 | loss 0.4436 | acc 0.9754 | lr 1.80e-05 | 199s
2026-09-17 22:56:14 | INFO    | epoch 30 | batch 2820/4266 | loss 0.4438 | acc 0.9753 | lr 1.80e-05 | 200s
2026-09-17 22:56:15 | INFO    | epoch 30 | batch 2840/4266 | loss 0.4437 | acc 0.9753 | lr 1.80e-05 | 202s
2026-09-17 22:56:17 | INFO    | epoch 30 | batch 2860/4266 | loss 0.4437 | acc 0.9753 | lr 1.80e-05 | 203s
2026-09-17 22:56:18 | INFO    | epoch 30 | batch 2880/4266 | loss 0.4437 | acc 0.9753 | lr 1.80e-05 | 204s
2026-09-17 22:56:20 | INFO    | epoch 30 | batch 2900/4266 | loss 0.4437 | acc 0.9753 | lr 1.80e-05 | 206s
2026-09-17 22:56:21 | INFO    | epoch 30 | batch 2920/4266 | loss 0.4437 | acc 0.9753 | lr 1.79e-05 | 207s
2026-09-17 22:56:23 | INFO    | epoch 30 | batch 2940/4266 | loss 0.4437 | acc 0.9753 | lr 1.79e-05 | 209s
2026-09-17 22:56:24 | INFO    | epoch 30 | batch 2960/4266 | loss 0.4436 | acc 0.9753 | lr 1.79e-05 | 210s
2026-09-17 22:56:26 | INFO    | epoch 30 | batch 2980/4266 | loss 0.4437 | acc 0.9753 | lr 1.79e-05 | 212s
2026-09-17 22:56:27 | INFO    | epoch 30 | batch 3000/4266 | loss 0.4438 | acc 0.9752 | lr 1.79e-05 | 213s
2026-09-17 22:56:28 | INFO    | epoch 30 | batch 3020/4266 | loss 0.4438 | acc 0.9753 | lr 1.79e-05 | 215s
2026-09-17 22:56:30 | INFO    | epoch 30 | batch 3040/4266 | loss 0.4438 | acc 0.9752 | lr 1.78e-05 | 216s
2026-09-17 22:56:31 | INFO    | epoch 30 | batch 3060/4266 | loss 0.4438 | acc 0.9753 | lr 1.78e-05 | 217s
2026-09-17 22:56:33 | INFO    | epoch 30 | batch 3080/4266 | loss 0.4437 | acc 0.9753 | lr 1.78e-05 | 219s
2026-09-17 22:56:34 | INFO    | epoch 30 | batch 3100/4266 | loss 0.4438 | acc 0.9753 | lr 1.78e-05 | 220s
2026-09-17 22:56:36 | INFO    | epoch 30 | batch 3120/4266 | loss 0.4438 | acc 0.9754 | lr 1.78e-05 | 222s
2026-09-17 22:56:37 | INFO    | epoch 30 | batch 3140/4266 | loss 0.4439 | acc 0.9753 | lr 1.78e-05 | 223s
2026-09-17 22:56:38 | INFO    | epoch 30 | batch 3160/4266 | loss 0.4439 | acc 0.9753 | lr 1.78e-05 | 225s
2026-09-17 22:56:40 | INFO    | epoch 30 | batch 3180/4266 | loss 0.4439 | acc 0.9753 | lr 1.77e-05 | 226s
2026-09-17 22:56:41 | INFO    | epoch 30 | batch 3200/4266 | loss 0.4440 | acc 0.9752 | lr 1.77e-05 | 227s
2026-09-17 22:56:43 | INFO    | epoch 30 | batch 3220/4266 | loss 0.4439 | acc 0.9753 | lr 1.77e-05 | 229s
2026-09-17 22:56:44 | INFO    | epoch 30 | batch 3240/4266 | loss 0.4440 | acc 0.9753 | lr 1.77e-05 | 230s
2026-09-17 22:56:45 | INFO    | epoch 30 | batch 3260/4266 | loss 0.4441 | acc 0.9752 | lr 1.77e-05 | 232s
2026-09-17 22:56:47 | INFO    | epoch 30 | batch 3280/4266 | loss 0.4440 | acc 0.9752 | lr 1.77e-05 | 233s
2026-09-17 22:56:48 | INFO    | epoch 30 | batch 3300/4266 | loss 0.4440 | acc 0.9752 | lr 1.77e-05 | 234s
2026-09-17 22:56:50 | INFO    | epoch 30 | batch 3320/4266 | loss 0.4440 | acc 0.9752 | lr 1.76e-05 | 236s
2026-09-17 22:56:51 | INFO    | epoch 30 | batch 3340/4266 | loss 0.4441 | acc 0.9752 | lr 1.76e-05 | 237s
2026-09-17 22:56:52 | INFO    | epoch 30 | batch 3360/4266 | loss 0.4440 | acc 0.9753 | lr 1.76e-05 | 239s
2026-09-17 22:56:54 | INFO    | epoch 30 | batch 3380/4266 | loss 0.4441 | acc 0.9752 | lr 1.76e-05 | 240s
2026-09-17 22:56:55 | INFO    | epoch 30 | batch 3400/4266 | loss 0.4441 | acc 0.9752 | lr 1.76e-05 | 241s
2026-09-17 22:56:57 | INFO    | epoch 30 | batch 3420/4266 | loss 0.4441 | acc 0.9752 | lr 1.76e-05 | 243s
2026-09-17 22:56:58 | INFO    | epoch 30 | batch 3440/4266 | loss 0.4441 | acc 0.9751 | lr 1.76e-05 | 244s
2026-09-17 22:56:59 | INFO    | epoch 30 | batch 3460/4266 | loss 0.4440 | acc 0.9752 | lr 1.75e-05 | 246s
2026-09-17 22:57:01 | INFO    | epoch 30 | batch 3480/4266 | loss 0.4440 | acc 0.9752 | lr 1.75e-05 | 247s
2026-09-17 22:57:02 | INFO    | epoch 30 | batch 3500/4266 | loss 0.4440 | acc 0.9752 | lr 1.75e-05 | 248s
2026-09-17 22:57:04 | INFO    | epoch 30 | batch 3520/4266 | loss 0.4440 | acc 0.9751 | lr 1.75e-05 | 250s
2026-09-17 22:57:05 | INFO    | epoch 30 | batch 3540/4266 | loss 0.4441 | acc 0.9751 | lr 1.75e-05 | 251s
2026-09-17 22:57:06 | INFO    | epoch 30 | batch 3560/4266 | loss 0.4442 | acc 0.9751 | lr 1.75e-05 | 253s
2026-09-17 22:57:08 | INFO    | epoch 30 | batch 3580/4266 | loss 0.4442 | acc 0.9751 | lr 1.75e-05 | 254s
2026-09-17 22:57:09 | INFO    | epoch 30 | batch 3600/4266 | loss 0.4442 | acc 0.9750 | lr 1.74e-05 | 255s
2026-09-17 22:57:11 | INFO    | epoch 30 | batch 3620/4266 | loss 0.4441 | acc 0.9751 | lr 1.74e-05 | 257s
2026-09-17 22:57:12 | INFO    | epoch 30 | batch 3640/4266 | loss 0.4440 | acc 0.9751 | lr 1.74e-05 | 258s
2026-09-17 22:57:14 | INFO    | epoch 30 | batch 3660/4266 | loss 0.4439 | acc 0.9752 | lr 1.74e-05 | 260s
2026-09-17 22:57:15 | INFO    | epoch 30 | batch 3680/4266 | loss 0.4439 | acc 0.9752 | lr 1.74e-05 | 261s
2026-09-17 22:57:16 | INFO    | epoch 30 | batch 3700/4266 | loss 0.4439 | acc 0.9752 | lr 1.74e-05 | 263s
2026-09-17 22:57:18 | INFO    | epoch 30 | batch 3720/4266 | loss 0.4440 | acc 0.9751 | lr 1.74e-05 | 264s
2026-09-17 22:57:19 | INFO    | epoch 30 | batch 3740/4266 | loss 0.4441 | acc 0.9751 | lr 1.73e-05 | 265s
2026-09-17 22:57:21 | INFO    | epoch 30 | batch 3760/4266 | loss 0.4442 | acc 0.9751 | lr 1.73e-05 | 267s
2026-09-17 22:57:22 | INFO    | epoch 30 | batch 3780/4266 | loss 0.4442 | acc 0.9751 | lr 1.73e-05 | 268s
2026-09-17 22:57:24 | INFO    | epoch 30 | batch 3800/4266 | loss 0.4442 | acc 0.9751 | lr 1.73e-05 | 270s
2026-09-17 22:57:25 | INFO    | epoch 30 | batch 3820/4266 | loss 0.4442 | acc 0.9751 | lr 1.73e-05 | 271s
2026-09-17 22:57:26 | INFO    | epoch 30 | batch 3840/4266 | loss 0.4441 | acc 0.9751 | lr 1.73e-05 | 273s
2026-09-17 22:57:28 | INFO    | epoch 30 | batch 3860/4266 | loss 0.4441 | acc 0.9751 | lr 1.73e-05 | 274s
2026-09-17 22:57:29 | INFO    | epoch 30 | batch 3880/4266 | loss 0.4441 | acc 0.9751 | lr 1.72e-05 | 275s
2026-09-17 22:57:31 | INFO    | epoch 30 | batch 3900/4266 | loss 0.4441 | acc 0.9752 | lr 1.72e-05 | 277s
2026-09-17 22:57:32 | INFO    | epoch 30 | batch 3920/4266 | loss 0.4442 | acc 0.9751 | lr 1.72e-05 | 278s
2026-09-17 22:57:33 | INFO    | epoch 30 | batch 3940/4266 | loss 0.4441 | acc 0.9751 | lr 1.72e-05 | 280s
2026-09-17 22:57:35 | INFO    | epoch 30 | batch 3960/4266 | loss 0.4441 | acc 0.9751 | lr 1.72e-05 | 281s
2026-09-17 22:57:36 | INFO    | epoch 30 | batch 3980/4266 | loss 0.4441 | acc 0.9751 | lr 1.72e-05 | 283s
2026-09-17 22:57:38 | INFO    | epoch 30 | batch 4000/4266 | loss 0.4441 | acc 0.9751 | lr 1.72e-05 | 284s
2026-09-17 22:57:39 | INFO    | epoch 30 | batch 4020/4266 | loss 0.4441 | acc 0.9751 | lr 1.71e-05 | 285s
2026-09-17 22:57:41 | INFO    | epoch 30 | batch 4040/4266 | loss 0.4440 | acc 0.9751 | lr 1.71e-05 | 287s
2026-09-17 22:57:42 | INFO    | epoch 30 | batch 4060/4266 | loss 0.4440 | acc 0.9751 | lr 1.71e-05 | 288s
2026-09-17 22:57:44 | INFO    | epoch 30 | batch 4080/4266 | loss 0.4439 | acc 0.9752 | lr 1.71e-05 | 290s
2026-09-17 22:57:45 | INFO    | epoch 30 | batch 4100/4266 | loss 0.4438 | acc 0.9752 | lr 1.71e-05 | 291s
2026-09-17 22:57:46 | INFO    | epoch 30 | batch 4120/4266 | loss 0.4438 | acc 0.9753 | lr 1.71e-05 | 293s
2026-09-17 22:57:48 | INFO    | epoch 30 | batch 4140/4266 | loss 0.4438 | acc 0.9753 | lr 1.71e-05 | 294s
2026-09-17 22:57:49 | INFO    | epoch 30 | batch 4160/4266 | loss 0.4437 | acc 0.9753 | lr 1.70e-05 | 295s
2026-09-17 22:57:51 | INFO    | epoch 30 | batch 4180/4266 | loss 0.4438 | acc 0.9753 | lr 1.70e-05 | 297s
2026-09-17 22:57:52 | INFO    | epoch 30 | batch 4200/4266 | loss 0.4439 | acc 0.9752 | lr 1.70e-05 | 298s
2026-09-17 22:57:54 | INFO    | epoch 30 | batch 4220/4266 | loss 0.4439 | acc 0.9752 | lr 1.70e-05 | 300s
2026-09-17 22:57:55 | INFO    | epoch 30 | batch 4240/4266 | loss 0.4438 | acc 0.9753 | lr 1.70e-05 | 301s
2026-09-17 22:57:56 | INFO    | epoch 30 | batch 4260/4266 | loss 0.4438 | acc 0.9753 | lr 1.70e-05 | 303s
2026-09-17 22:57:57 | INFO    | epoch 30 | batch 4266/4266 | loss 0.4438 | acc 0.9753 | lr 1.70e-05 | 303s
2026-09-17 22:58:07 | INFO    | epoch 30/40 done in 313s | train loss 0.4438 | train running patch (aug): accuracy=0.9753 precision=0.9751 recall=0.9746 f1=0.9748
2026-09-17 22:58:07 | INFO    | epoch 30 train (eval, no aug) | loss 0.4568 | patch[7280]: accuracy=0.9681 precision=0.9684 recall=0.9675 f1=0.9679 | image[455]: accuracy=1.0000 precision=1.0000 recall=1.0000 f1=1.0000
2026-09-17 22:58:07 | INFO    | epoch 30 val | loss 1.2603 | patch[8448]: accuracy=0.6515 precision=0.6437 recall=0.6293 f1=0.6319 | image[96]: accuracy=0.7292 precision=0.7168 recall=0.7008 f1=0.7048
2026-09-17 22:58:07 | INFO    | val_patch_f1 = 0.6319 (best 0.6490 @ epoch 27)
2026-09-17 22:58:08 | INFO    | epoch 31 | batch 20/4266 | loss 0.4545 | acc 0.9734 | lr 1.70e-05 | 2s
2026-09-17 22:58:10 | INFO    | epoch 31 | batch 40/4266 | loss 0.4484 | acc 0.9758 | lr 1.69e-05 | 3s
2026-09-17 22:58:11 | INFO    | epoch 31 | batch 60/4266 | loss 0.4445 | acc 0.9745 | lr 1.69e-05 | 4s
2026-09-17 22:58:12 | INFO    | epoch 31 | batch 80/4266 | loss 0.4442 | acc 0.9746 | lr 1.69e-05 | 6s
2026-09-17 22:58:14 | INFO    | epoch 31 | batch 100/4266 | loss 0.4428 | acc 0.9750 | lr 1.69e-05 | 7s
2026-09-17 22:58:15 | INFO    | epoch 31 | batch 120/4266 | loss 0.4434 | acc 0.9750 | lr 1.69e-05 | 9s
2026-09-17 22:58:17 | INFO    | epoch 31 | batch 140/4266 | loss 0.4466 | acc 0.9730 | lr 1.69e-05 | 10s
2026-09-17 22:58:18 | INFO    | epoch 31 | batch 160/4266 | loss 0.4467 | acc 0.9738 | lr 1.69e-05 | 12s
2026-09-17 22:58:20 | INFO    | epoch 31 | batch 180/4266 | loss 0.4454 | acc 0.9747 | lr 1.68e-05 | 13s
2026-09-17 22:58:21 | INFO    | epoch 31 | batch 200/4266 | loss 0.4444 | acc 0.9750 | lr 1.68e-05 | 14s
2026-09-17 22:58:22 | INFO    | epoch 31 | batch 220/4266 | loss 0.4434 | acc 0.9756 | lr 1.68e-05 | 16s
2026-09-17 22:58:24 | INFO    | epoch 31 | batch 240/4266 | loss 0.4423 | acc 0.9760 | lr 1.68e-05 | 17s
2026-09-17 22:58:25 | INFO    | epoch 31 | batch 260/4266 | loss 0.4408 | acc 0.9772 | lr 1.68e-05 | 19s
2026-09-17 22:58:27 | INFO    | epoch 31 | batch 280/4266 | loss 0.4402 | acc 0.9773 | lr 1.68e-05 | 20s
2026-09-17 22:58:28 | INFO    | epoch 31 | batch 300/4266 | loss 0.4397 | acc 0.9774 | lr 1.68e-05 | 21s
2026-09-17 22:58:29 | INFO    | epoch 31 | batch 320/4266 | loss 0.4401 | acc 0.9774 | lr 1.67e-05 | 23s
2026-09-17 22:58:31 | INFO    | epoch 31 | batch 340/4266 | loss 0.4410 | acc 0.9768 | lr 1.67e-05 | 24s
2026-09-17 22:58:32 | INFO    | epoch 31 | batch 360/4266 | loss 0.4409 | acc 0.9769 | lr 1.67e-05 | 26s
2026-09-17 22:58:34 | INFO    | epoch 31 | batch 380/4266 | loss 0.4412 | acc 0.9766 | lr 1.67e-05 | 27s
2026-09-17 22:58:35 | INFO    | epoch 31 | batch 400/4266 | loss 0.4408 | acc 0.9767 | lr 1.67e-05 | 28s
2026-09-17 22:58:36 | INFO    | epoch 31 | batch 420/4266 | loss 0.4414 | acc 0.9764 | lr 1.67e-05 | 30s
2026-09-17 22:58:38 | INFO    | epoch 31 | batch 440/4266 | loss 0.4405 | acc 0.9768 | lr 1.67e-05 | 31s
2026-09-17 22:58:39 | INFO    | epoch 31 | batch 460/4266 | loss 0.4396 | acc 0.9772 | lr 1.67e-05 | 33s
2026-09-17 22:58:41 | INFO    | epoch 31 | batch 480/4266 | loss 0.4392 | acc 0.9774 | lr 1.66e-05 | 34s
2026-09-17 22:58:42 | INFO    | epoch 31 | batch 500/4266 | loss 0.4397 | acc 0.9771 | lr 1.66e-05 | 35s
2026-09-17 22:58:43 | INFO    | epoch 31 | batch 520/4266 | loss 0.4399 | acc 0.9767 | lr 1.66e-05 | 37s
2026-09-17 22:58:45 | INFO    | epoch 31 | batch 540/4266 | loss 0.4392 | acc 0.9769 | lr 1.66e-05 | 38s
2026-09-17 22:58:46 | INFO    | epoch 31 | batch 560/4266 | loss 0.4388 | acc 0.9770 | lr 1.66e-05 | 40s
2026-09-17 22:58:48 | INFO    | epoch 31 | batch 580/4266 | loss 0.4392 | acc 0.9767 | lr 1.66e-05 | 41s
2026-09-17 22:58:49 | INFO    | epoch 31 | batch 600/4266 | loss 0.4402 | acc 0.9763 | lr 1.66e-05 | 43s
2026-09-17 22:58:51 | INFO    | epoch 31 | batch 620/4266 | loss 0.4405 | acc 0.9762 | lr 1.65e-05 | 44s
2026-09-17 22:58:52 | INFO    | epoch 31 | batch 640/4266 | loss 0.4406 | acc 0.9762 | lr 1.65e-05 | 46s
2026-09-17 22:58:54 | INFO    | epoch 31 | batch 660/4266 | loss 0.4406 | acc 0.9761 | lr 1.65e-05 | 47s
2026-09-17 22:58:55 | INFO    | epoch 31 | batch 680/4266 | loss 0.4411 | acc 0.9758 | lr 1.65e-05 | 49s
2026-09-17 22:58:57 | INFO    | epoch 31 | batch 700/4266 | loss 0.4409 | acc 0.9760 | lr 1.65e-05 | 50s
2026-09-17 22:58:58 | INFO    | epoch 31 | batch 720/4266 | loss 0.4416 | acc 0.9757 | lr 1.65e-05 | 52s
2026-09-17 22:59:00 | INFO    | epoch 31 | batch 740/4266 | loss 0.4417 | acc 0.9757 | lr 1.65e-05 | 53s
2026-09-17 22:59:01 | INFO    | epoch 31 | batch 760/4266 | loss 0.4418 | acc 0.9757 | lr 1.64e-05 | 55s
2026-09-17 22:59:03 | INFO    | epoch 31 | batch 780/4266 | loss 0.4415 | acc 0.9757 | lr 1.64e-05 | 56s
2026-09-17 22:59:04 | INFO    | epoch 31 | batch 800/4266 | loss 0.4414 | acc 0.9758 | lr 1.64e-05 | 58s
2026-09-17 22:59:06 | INFO    | epoch 31 | batch 820/4266 | loss 0.4413 | acc 0.9758 | lr 1.64e-05 | 59s
2026-09-17 22:59:07 | INFO    | epoch 31 | batch 840/4266 | loss 0.4417 | acc 0.9756 | lr 1.64e-05 | 61s
2026-09-17 22:59:09 | INFO    | epoch 31 | batch 860/4266 | loss 0.4416 | acc 0.9758 | lr 1.64e-05 | 62s
2026-09-17 22:59:10 | INFO    | epoch 31 | batch 880/4266 | loss 0.4417 | acc 0.9759 | lr 1.64e-05 | 64s
2026-09-17 22:59:12 | INFO    | epoch 31 | batch 900/4266 | loss 0.4417 | acc 0.9759 | lr 1.63e-05 | 65s
2026-09-17 22:59:13 | INFO    | epoch 31 | batch 920/4266 | loss 0.4419 | acc 0.9759 | lr 1.63e-05 | 66s
2026-09-17 22:59:14 | INFO    | epoch 31 | batch 940/4266 | loss 0.4420 | acc 0.9757 | lr 1.63e-05 | 68s
2026-09-17 22:59:16 | INFO    | epoch 31 | batch 960/4266 | loss 0.4421 | acc 0.9757 | lr 1.63e-05 | 69s
2026-09-17 22:59:17 | INFO    | epoch 31 | batch 980/4266 | loss 0.4422 | acc 0.9756 | lr 1.63e-05 | 71s
2026-09-17 22:59:19 | INFO    | epoch 31 | batch 1000/4266 | loss 0.4419 | acc 0.9758 | lr 1.63e-05 | 72s
2026-09-17 22:59:20 | INFO    | epoch 31 | batch 1020/4266 | loss 0.4419 | acc 0.9759 | lr 1.63e-05 | 74s
2026-09-17 22:59:22 | INFO    | epoch 31 | batch 1040/4266 | loss 0.4420 | acc 0.9758 | lr 1.62e-05 | 75s
2026-09-17 22:59:23 | INFO    | epoch 31 | batch 1060/4266 | loss 0.4422 | acc 0.9757 | lr 1.62e-05 | 76s
2026-09-17 22:59:24 | INFO    | epoch 31 | batch 1080/4266 | loss 0.4421 | acc 0.9756 | lr 1.62e-05 | 78s
2026-09-17 22:59:26 | INFO    | epoch 31 | batch 1100/4266 | loss 0.4422 | acc 0.9756 | lr 1.62e-05 | 79s
2026-09-17 22:59:27 | INFO    | epoch 31 | batch 1120/4266 | loss 0.4422 | acc 0.9756 | lr 1.62e-05 | 81s
2026-09-17 22:59:29 | INFO    | epoch 31 | batch 1140/4266 | loss 0.4420 | acc 0.9755 | lr 1.62e-05 | 82s
2026-09-17 22:59:30 | INFO    | epoch 31 | batch 1160/4266 | loss 0.4423 | acc 0.9755 | lr 1.62e-05 | 84s
2026-09-17 22:59:32 | INFO    | epoch 31 | batch 1180/4266 | loss 0.4421 | acc 0.9756 | lr 1.62e-05 | 85s
2026-09-17 22:59:33 | INFO    | epoch 31 | batch 1200/4266 | loss 0.4420 | acc 0.9757 | lr 1.61e-05 | 87s
2026-09-17 22:59:34 | INFO    | epoch 31 | batch 1220/4266 | loss 0.4421 | acc 0.9756 | lr 1.61e-05 | 88s
2026-09-17 22:59:36 | INFO    | epoch 31 | batch 1240/4266 | loss 0.4424 | acc 0.9755 | lr 1.61e-05 | 89s
2026-09-17 22:59:37 | INFO    | epoch 31 | batch 1260/4266 | loss 0.4425 | acc 0.9754 | lr 1.61e-05 | 91s
2026-09-17 22:59:39 | INFO    | epoch 31 | batch 1280/4266 | loss 0.4424 | acc 0.9754 | lr 1.61e-05 | 92s
2026-09-17 22:59:40 | INFO    | epoch 31 | batch 1300/4266 | loss 0.4425 | acc 0.9755 | lr 1.61e-05 | 94s
2026-09-17 22:59:42 | INFO    | epoch 31 | batch 1320/4266 | loss 0.4426 | acc 0.9754 | lr 1.61e-05 | 95s
2026-09-17 22:59:43 | INFO    | epoch 31 | batch 1340/4266 | loss 0.4425 | acc 0.9756 | lr 1.60e-05 | 97s
2026-09-17 22:59:45 | INFO    | epoch 31 | batch 1360/4266 | loss 0.4427 | acc 0.9755 | lr 1.60e-05 | 98s
2026-09-17 22:59:46 | INFO    | epoch 31 | batch 1380/4266 | loss 0.4428 | acc 0.9755 | lr 1.60e-05 | 99s
2026-09-17 22:59:47 | INFO    | epoch 31 | batch 1400/4266 | loss 0.4426 | acc 0.9756 | lr 1.60e-05 | 101s
2026-09-17 22:59:49 | INFO    | epoch 31 | batch 1420/4266 | loss 0.4425 | acc 0.9756 | lr 1.60e-05 | 102s
2026-09-17 22:59:50 | INFO    | epoch 31 | batch 1440/4266 | loss 0.4424 | acc 0.9756 | lr 1.60e-05 | 104s
2026-09-17 22:59:52 | INFO    | epoch 31 | batch 1460/4266 | loss 0.4423 | acc 0.9757 | lr 1.60e-05 | 105s
2026-09-17 22:59:53 | INFO    | epoch 31 | batch 1480/4266 | loss 0.4422 | acc 0.9757 | lr 1.59e-05 | 106s
2026-09-17 22:59:54 | INFO    | epoch 31 | batch 1500/4266 | loss 0.4423 | acc 0.9757 | lr 1.59e-05 | 108s
2026-09-17 22:59:56 | INFO    | epoch 31 | batch 1520/4266 | loss 0.4421 | acc 0.9758 | lr 1.59e-05 | 109s
2026-09-17 22:59:57 | INFO    | epoch 31 | batch 1540/4266 | loss 0.4423 | acc 0.9757 | lr 1.59e-05 | 111s
2026-09-17 22:59:59 | INFO    | epoch 31 | batch 1560/4266 | loss 0.4421 | acc 0.9758 | lr 1.59e-05 | 112s
2026-09-17 23:00:00 | INFO    | epoch 31 | batch 1580/4266 | loss 0.4422 | acc 0.9758 | lr 1.59e-05 | 113s
2026-09-17 23:00:01 | INFO    | epoch 31 | batch 1600/4266 | loss 0.4421 | acc 0.9758 | lr 1.59e-05 | 115s
2026-09-17 23:00:03 | INFO    | epoch 31 | batch 1620/4266 | loss 0.4420 | acc 0.9758 | lr 1.58e-05 | 116s
2026-09-17 23:00:04 | INFO    | epoch 31 | batch 1640/4266 | loss 0.4419 | acc 0.9759 | lr 1.58e-05 | 118s
2026-09-17 23:00:06 | INFO    | epoch 31 | batch 1660/4266 | loss 0.4418 | acc 0.9759 | lr 1.58e-05 | 119s
2026-09-17 23:00:07 | INFO    | epoch 31 | batch 1680/4266 | loss 0.4419 | acc 0.9759 | lr 1.58e-05 | 120s
2026-09-17 23:00:08 | INFO    | epoch 31 | batch 1700/4266 | loss 0.4419 | acc 0.9758 | lr 1.58e-05 | 122s
2026-09-17 23:00:10 | INFO    | epoch 31 | batch 1720/4266 | loss 0.4417 | acc 0.9760 | lr 1.58e-05 | 123s
2026-09-17 23:00:11 | INFO    | epoch 31 | batch 1740/4266 | loss 0.4417 | acc 0.9760 | lr 1.58e-05 | 125s
2026-09-17 23:00:13 | INFO    | epoch 31 | batch 1760/4266 | loss 0.4417 | acc 0.9761 | lr 1.58e-05 | 126s
2026-09-17 23:00:14 | INFO    | epoch 31 | batch 1780/4266 | loss 0.4418 | acc 0.9761 | lr 1.57e-05 | 127s
2026-09-17 23:00:15 | INFO    | epoch 31 | batch 1800/4266 | loss 0.4420 | acc 0.9760 | lr 1.57e-05 | 129s
2026-09-17 23:00:17 | INFO    | epoch 31 | batch 1820/4266 | loss 0.4420 | acc 0.9760 | lr 1.57e-05 | 130s
2026-09-17 23:00:18 | INFO    | epoch 31 | batch 1840/4266 | loss 0.4420 | acc 0.9760 | lr 1.57e-05 | 132s
2026-09-17 23:00:20 | INFO    | epoch 31 | batch 1860/4266 | loss 0.4418 | acc 0.9760 | lr 1.57e-05 | 133s
2026-09-17 23:00:21 | INFO    | epoch 31 | batch 1880/4266 | loss 0.4418 | acc 0.9760 | lr 1.57e-05 | 135s
2026-09-17 23:00:23 | INFO    | epoch 31 | batch 1900/4266 | loss 0.4415 | acc 0.9762 | lr 1.57e-05 | 136s
2026-09-17 23:00:24 | INFO    | epoch 31 | batch 1920/4266 | loss 0.4415 | acc 0.9762 | lr 1.56e-05 | 137s
2026-09-17 23:00:25 | INFO    | epoch 31 | batch 1940/4266 | loss 0.4414 | acc 0.9763 | lr 1.56e-05 | 139s
2026-09-17 23:00:27 | INFO    | epoch 31 | batch 1960/4266 | loss 0.4414 | acc 0.9763 | lr 1.56e-05 | 140s
2026-09-17 23:00:28 | INFO    | epoch 31 | batch 1980/4266 | loss 0.4414 | acc 0.9763 | lr 1.56e-05 | 142s
2026-09-17 23:00:30 | INFO    | epoch 31 | batch 2000/4266 | loss 0.4414 | acc 0.9763 | lr 1.56e-05 | 143s
2026-09-17 23:00:31 | INFO    | epoch 31 | batch 2020/4266 | loss 0.4412 | acc 0.9763 | lr 1.56e-05 | 145s
2026-09-17 23:00:33 | INFO    | epoch 31 | batch 2040/4266 | loss 0.4412 | acc 0.9764 | lr 1.56e-05 | 146s
2026-09-17 23:00:34 | INFO    | epoch 31 | batch 2060/4266 | loss 0.4411 | acc 0.9764 | lr 1.55e-05 | 148s
2026-09-17 23:00:36 | INFO    | epoch 31 | batch 2080/4266 | loss 0.4410 | acc 0.9764 | lr 1.55e-05 | 149s
2026-09-17 23:00:37 | INFO    | epoch 31 | batch 2100/4266 | loss 0.4409 | acc 0.9764 | lr 1.55e-05 | 150s
2026-09-17 23:00:38 | INFO    | epoch 31 | batch 2120/4266 | loss 0.4412 | acc 0.9763 | lr 1.55e-05 | 152s
2026-09-17 23:00:40 | INFO    | epoch 31 | batch 2140/4266 | loss 0.4411 | acc 0.9764 | lr 1.55e-05 | 153s
2026-09-17 23:00:41 | INFO    | epoch 31 | batch 2160/4266 | loss 0.4410 | acc 0.9764 | lr 1.55e-05 | 155s
2026-09-17 23:00:43 | INFO    | epoch 31 | batch 2180/4266 | loss 0.4409 | acc 0.9765 | lr 1.55e-05 | 156s
2026-09-17 23:00:44 | INFO    | epoch 31 | batch 2200/4266 | loss 0.4408 | acc 0.9766 | lr 1.55e-05 | 158s
2026-09-17 23:00:45 | INFO    | epoch 31 | batch 2220/4266 | loss 0.4408 | acc 0.9766 | lr 1.54e-05 | 159s
2026-09-17 23:00:47 | INFO    | epoch 31 | batch 2240/4266 | loss 0.4407 | acc 0.9767 | lr 1.54e-05 | 160s
2026-09-17 23:00:48 | INFO    | epoch 31 | batch 2260/4266 | loss 0.4408 | acc 0.9766 | lr 1.54e-05 | 162s
2026-09-17 23:00:50 | INFO    | epoch 31 | batch 2280/4266 | loss 0.4407 | acc 0.9767 | lr 1.54e-05 | 163s
2026-09-17 23:00:51 | INFO    | epoch 31 | batch 2300/4266 | loss 0.4406 | acc 0.9768 | lr 1.54e-05 | 165s
2026-09-17 23:00:52 | INFO    | epoch 31 | batch 2320/4266 | loss 0.4406 | acc 0.9768 | lr 1.54e-05 | 166s
2026-09-17 23:00:54 | INFO    | epoch 31 | batch 2340/4266 | loss 0.4405 | acc 0.9768 | lr 1.54e-05 | 167s
2026-09-17 23:00:55 | INFO    | epoch 31 | batch 2360/4266 | loss 0.4405 | acc 0.9768 | lr 1.53e-05 | 169s
2026-09-17 23:00:57 | INFO    | epoch 31 | batch 2380/4266 | loss 0.4404 | acc 0.9769 | lr 1.53e-05 | 170s
2026-09-17 23:00:58 | INFO    | epoch 31 | batch 2400/4266 | loss 0.4404 | acc 0.9769 | lr 1.53e-05 | 171s
2026-09-17 23:00:59 | INFO    | epoch 31 | batch 2420/4266 | loss 0.4403 | acc 0.9769 | lr 1.53e-05 | 173s
2026-09-17 23:01:01 | INFO    | epoch 31 | batch 2440/4266 | loss 0.4402 | acc 0.9769 | lr 1.53e-05 | 174s
2026-09-17 23:01:02 | INFO    | epoch 31 | batch 2460/4266 | loss 0.4402 | acc 0.9769 | lr 1.53e-05 | 176s
2026-09-17 23:01:04 | INFO    | epoch 31 | batch 2480/4266 | loss 0.4403 | acc 0.9769 | lr 1.53e-05 | 177s
2026-09-17 23:01:05 | INFO    | epoch 31 | batch 2500/4266 | loss 0.4403 | acc 0.9768 | lr 1.53e-05 | 178s
2026-09-17 23:01:06 | INFO    | epoch 31 | batch 2520/4266 | loss 0.4404 | acc 0.9768 | lr 1.52e-05 | 180s
2026-09-17 23:01:08 | INFO    | epoch 31 | batch 2540/4266 | loss 0.4403 | acc 0.9769 | lr 1.52e-05 | 181s
2026-09-17 23:01:09 | INFO    | epoch 31 | batch 2560/4266 | loss 0.4404 | acc 0.9768 | lr 1.52e-05 | 183s
2026-09-17 23:01:11 | INFO    | epoch 31 | batch 2580/4266 | loss 0.4403 | acc 0.9769 | lr 1.52e-05 | 184s
2026-09-17 23:01:12 | INFO    | epoch 31 | batch 2600/4266 | loss 0.4404 | acc 0.9769 | lr 1.52e-05 | 185s
2026-09-17 23:01:13 | INFO    | epoch 31 | batch 2620/4266 | loss 0.4404 | acc 0.9768 | lr 1.52e-05 | 187s
2026-09-17 23:01:15 | INFO    | epoch 31 | batch 2640/4266 | loss 0.4405 | acc 0.9768 | lr 1.52e-05 | 188s
2026-09-17 23:01:16 | INFO    | epoch 31 | batch 2660/4266 | loss 0.4405 | acc 0.9768 | lr 1.51e-05 | 190s
2026-09-17 23:01:18 | INFO    | epoch 31 | batch 2680/4266 | loss 0.4406 | acc 0.9768 | lr 1.51e-05 | 191s
2026-09-17 23:01:19 | INFO    | epoch 31 | batch 2700/4266 | loss 0.4405 | acc 0.9768 | lr 1.51e-05 | 192s
2026-09-17 23:01:20 | INFO    | epoch 31 | batch 2720/4266 | loss 0.4406 | acc 0.9768 | lr 1.51e-05 | 194s
2026-09-17 23:01:22 | INFO    | epoch 31 | batch 2740/4266 | loss 0.4406 | acc 0.9768 | lr 1.51e-05 | 195s
2026-09-17 23:01:23 | INFO    | epoch 31 | batch 2760/4266 | loss 0.4406 | acc 0.9768 | lr 1.51e-05 | 197s
2026-09-17 23:01:25 | INFO    | epoch 31 | batch 2780/4266 | loss 0.4406 | acc 0.9768 | lr 1.51e-05 | 198s
2026-09-17 23:01:26 | INFO    | epoch 31 | batch 2800/4266 | loss 0.4406 | acc 0.9768 | lr 1.50e-05 | 200s
2026-09-17 23:01:28 | INFO    | epoch 31 | batch 2820/4266 | loss 0.4406 | acc 0.9768 | lr 1.50e-05 | 201s
2026-09-17 23:01:29 | INFO    | epoch 31 | batch 2840/4266 | loss 0.4407 | acc 0.9768 | lr 1.50e-05 | 203s
2026-09-17 23:01:31 | INFO    | epoch 31 | batch 2860/4266 | loss 0.4408 | acc 0.9767 | lr 1.50e-05 | 204s
2026-09-17 23:01:32 | INFO    | epoch 31 | batch 2880/4266 | loss 0.4408 | acc 0.9767 | lr 1.50e-05 | 205s
2026-09-17 23:01:33 | INFO    | epoch 31 | batch 2900/4266 | loss 0.4408 | acc 0.9766 | lr 1.50e-05 | 207s
2026-09-17 23:01:35 | INFO    | epoch 31 | batch 2920/4266 | loss 0.4409 | acc 0.9766 | lr 1.50e-05 | 208s
2026-09-17 23:01:36 | INFO    | epoch 31 | batch 2940/4266 | loss 0.4409 | acc 0.9766 | lr 1.50e-05 | 210s
2026-09-17 23:01:38 | INFO    | epoch 31 | batch 2960/4266 | loss 0.4411 | acc 0.9765 | lr 1.49e-05 | 211s
2026-09-17 23:01:39 | INFO    | epoch 31 | batch 2980/4266 | loss 0.4411 | acc 0.9765 | lr 1.49e-05 | 213s
2026-09-17 23:01:41 | INFO    | epoch 31 | batch 3000/4266 | loss 0.4410 | acc 0.9766 | lr 1.49e-05 | 214s
2026-09-17 23:01:42 | INFO    | epoch 31 | batch 3020/4266 | loss 0.4408 | acc 0.9766 | lr 1.49e-05 | 216s
2026-09-17 23:01:44 | INFO    | epoch 31 | batch 3040/4266 | loss 0.4409 | acc 0.9766 | lr 1.49e-05 | 217s
2026-09-17 23:01:45 | INFO    | epoch 31 | batch 3060/4266 | loss 0.4408 | acc 0.9766 | lr 1.49e-05 | 218s
2026-09-17 23:01:46 | INFO    | epoch 31 | batch 3080/4266 | loss 0.4409 | acc 0.9766 | lr 1.49e-05 | 220s
2026-09-17 23:01:48 | INFO    | epoch 31 | batch 3100/4266 | loss 0.4409 | acc 0.9766 | lr 1.48e-05 | 221s
2026-09-17 23:01:49 | INFO    | epoch 31 | batch 3120/4266 | loss 0.4410 | acc 0.9766 | lr 1.48e-05 | 223s
2026-09-17 23:01:51 | INFO    | epoch 31 | batch 3140/4266 | loss 0.4410 | acc 0.9766 | lr 1.48e-05 | 224s
2026-09-17 23:01:52 | INFO    | epoch 31 | batch 3160/4266 | loss 0.4411 | acc 0.9765 | lr 1.48e-05 | 225s
2026-09-17 23:01:53 | INFO    | epoch 31 | batch 3180/4266 | loss 0.4411 | acc 0.9766 | lr 1.48e-05 | 227s
2026-09-17 23:01:55 | INFO    | epoch 31 | batch 3200/4266 | loss 0.4410 | acc 0.9766 | lr 1.48e-05 | 228s
2026-09-17 23:01:56 | INFO    | epoch 31 | batch 3220/4266 | loss 0.4411 | acc 0.9766 | lr 1.48e-05 | 230s
2026-09-17 23:01:58 | INFO    | epoch 31 | batch 3240/4266 | loss 0.4411 | acc 0.9765 | lr 1.48e-05 | 231s
2026-09-17 23:01:59 | INFO    | epoch 31 | batch 3260/4266 | loss 0.4410 | acc 0.9766 | lr 1.47e-05 | 232s
2026-09-17 23:02:00 | INFO    | epoch 31 | batch 3280/4266 | loss 0.4411 | acc 0.9766 | lr 1.47e-05 | 234s
2026-09-17 23:02:02 | INFO    | epoch 31 | batch 3300/4266 | loss 0.4410 | acc 0.9766 | lr 1.47e-05 | 235s
2026-09-17 23:02:03 | INFO    | epoch 31 | batch 3320/4266 | loss 0.4410 | acc 0.9766 | lr 1.47e-05 | 237s
2026-09-17 23:02:05 | INFO    | epoch 31 | batch 3340/4266 | loss 0.4410 | acc 0.9766 | lr 1.47e-05 | 238s
2026-09-17 23:02:06 | INFO    | epoch 31 | batch 3360/4266 | loss 0.4409 | acc 0.9766 | lr 1.47e-05 | 239s
2026-09-17 23:02:07 | INFO    | epoch 31 | batch 3380/4266 | loss 0.4409 | acc 0.9767 | lr 1.47e-05 | 241s
2026-09-17 23:02:09 | INFO    | epoch 31 | batch 3400/4266 | loss 0.4408 | acc 0.9767 | lr 1.46e-05 | 242s
2026-09-17 23:02:10 | INFO    | epoch 31 | batch 3420/4266 | loss 0.4408 | acc 0.9767 | lr 1.46e-05 | 244s
2026-09-17 23:02:12 | INFO    | epoch 31 | batch 3440/4266 | loss 0.4408 | acc 0.9767 | lr 1.46e-05 | 245s
2026-09-17 23:02:13 | INFO    | epoch 31 | batch 3460/4266 | loss 0.4408 | acc 0.9767 | lr 1.46e-05 | 247s
2026-09-17 23:02:15 | INFO    | epoch 31 | batch 3480/4266 | loss 0.4408 | acc 0.9767 | lr 1.46e-05 | 248s
2026-09-17 23:02:16 | INFO    | epoch 31 | batch 3500/4266 | loss 0.4408 | acc 0.9767 | lr 1.46e-05 | 249s
2026-09-17 23:02:17 | INFO    | epoch 31 | batch 3520/4266 | loss 0.4409 | acc 0.9767 | lr 1.46e-05 | 251s
2026-09-17 23:02:19 | INFO    | epoch 31 | batch 3540/4266 | loss 0.4408 | acc 0.9767 | lr 1.46e-05 | 252s
2026-09-17 23:02:20 | INFO    | epoch 31 | batch 3560/4266 | loss 0.4408 | acc 0.9767 | lr 1.45e-05 | 254s
2026-09-17 23:02:22 | INFO    | epoch 31 | batch 3580/4266 | loss 0.4408 | acc 0.9767 | lr 1.45e-05 | 255s
2026-09-17 23:02:23 | INFO    | epoch 31 | batch 3600/4266 | loss 0.4409 | acc 0.9767 | lr 1.45e-05 | 257s
2026-09-17 23:02:25 | INFO    | epoch 31 | batch 3620/4266 | loss 0.4408 | acc 0.9767 | lr 1.45e-05 | 258s
2026-09-17 23:02:26 | INFO    | epoch 31 | batch 3640/4266 | loss 0.4407 | acc 0.9767 | lr 1.45e-05 | 260s
2026-09-17 23:02:28 | INFO    | epoch 31 | batch 3660/4266 | loss 0.4407 | acc 0.9767 | lr 1.45e-05 | 261s
2026-09-17 23:02:29 | INFO    | epoch 31 | batch 3680/4266 | loss 0.4407 | acc 0.9767 | lr 1.45e-05 | 262s
2026-09-17 23:02:30 | INFO    | epoch 31 | batch 3700/4266 | loss 0.4408 | acc 0.9767 | lr 1.45e-05 | 264s
2026-09-17 23:02:32 | INFO    | epoch 31 | batch 3720/4266 | loss 0.4408 | acc 0.9766 | lr 1.44e-05 | 265s
2026-09-17 23:02:33 | INFO    | epoch 31 | batch 3740/4266 | loss 0.4407 | acc 0.9767 | lr 1.44e-05 | 267s
2026-09-17 23:02:35 | INFO    | epoch 31 | batch 3760/4266 | loss 0.4407 | acc 0.9767 | lr 1.44e-05 | 268s
2026-09-17 23:02:36 | INFO    | epoch 31 | batch 3780/4266 | loss 0.4407 | acc 0.9767 | lr 1.44e-05 | 269s
2026-09-17 23:02:37 | INFO    | epoch 31 | batch 3800/4266 | loss 0.4407 | acc 0.9768 | lr 1.44e-05 | 271s
2026-09-17 23:02:39 | INFO    | epoch 31 | batch 3820/4266 | loss 0.4406 | acc 0.9768 | lr 1.44e-05 | 272s
2026-09-17 23:02:40 | INFO    | epoch 31 | batch 3840/4266 | loss 0.4406 | acc 0.9768 | lr 1.44e-05 | 274s
2026-09-17 23:02:42 | INFO    | epoch 31 | batch 3860/4266 | loss 0.4408 | acc 0.9767 | lr 1.43e-05 | 275s
2026-09-17 23:02:43 | INFO    | epoch 31 | batch 3880/4266 | loss 0.4408 | acc 0.9767 | lr 1.43e-05 | 277s
2026-09-17 23:02:45 | INFO    | epoch 31 | batch 3900/4266 | loss 0.4407 | acc 0.9767 | lr 1.43e-05 | 278s
2026-09-17 23:02:46 | INFO    | epoch 31 | batch 3920/4266 | loss 0.4407 | acc 0.9768 | lr 1.43e-05 | 279s
2026-09-17 23:02:47 | INFO    | epoch 31 | batch 3940/4266 | loss 0.4406 | acc 0.9768 | lr 1.43e-05 | 281s
2026-09-17 23:02:49 | INFO    | epoch 31 | batch 3960/4266 | loss 0.4406 | acc 0.9768 | lr 1.43e-05 | 282s
2026-09-17 23:02:50 | INFO    | epoch 31 | batch 3980/4266 | loss 0.4406 | acc 0.9768 | lr 1.43e-05 | 284s
2026-09-17 23:02:52 | INFO    | epoch 31 | batch 4000/4266 | loss 0.4407 | acc 0.9768 | lr 1.43e-05 | 285s
2026-09-17 23:02:53 | INFO    | epoch 31 | batch 4020/4266 | loss 0.4406 | acc 0.9768 | lr 1.42e-05 | 286s
2026-09-17 23:02:55 | INFO    | epoch 31 | batch 4040/4266 | loss 0.4405 | acc 0.9769 | lr 1.42e-05 | 288s
2026-09-17 23:02:56 | INFO    | epoch 31 | batch 4060/4266 | loss 0.4405 | acc 0.9769 | lr 1.42e-05 | 289s
2026-09-17 23:02:57 | INFO    | epoch 31 | batch 4080/4266 | loss 0.4405 | acc 0.9769 | lr 1.42e-05 | 291s
2026-09-17 23:02:59 | INFO    | epoch 31 | batch 4100/4266 | loss 0.4404 | acc 0.9769 | lr 1.42e-05 | 292s
2026-09-17 23:03:00 | INFO    | epoch 31 | batch 4120/4266 | loss 0.4404 | acc 0.9769 | lr 1.42e-05 | 294s
2026-09-17 23:03:02 | INFO    | epoch 31 | batch 4140/4266 | loss 0.4403 | acc 0.9770 | lr 1.42e-05 | 295s
2026-09-17 23:03:03 | INFO    | epoch 31 | batch 4160/4266 | loss 0.4403 | acc 0.9770 | lr 1.42e-05 | 296s
2026-09-17 23:03:04 | INFO    | epoch 31 | batch 4180/4266 | loss 0.4402 | acc 0.9770 | lr 1.41e-05 | 298s
2026-09-17 23:03:06 | INFO    | epoch 31 | batch 4200/4266 | loss 0.4402 | acc 0.9770 | lr 1.41e-05 | 299s
2026-09-17 23:03:07 | INFO    | epoch 31 | batch 4220/4266 | loss 0.4402 | acc 0.9770 | lr 1.41e-05 | 300s
2026-09-17 23:03:08 | INFO    | epoch 31 | batch 4240/4266 | loss 0.4404 | acc 0.9769 | lr 1.41e-05 | 302s
2026-09-17 23:03:10 | INFO    | epoch 31 | batch 4260/4266 | loss 0.4403 | acc 0.9769 | lr 1.41e-05 | 303s
2026-09-17 23:03:10 | INFO    | epoch 31 | batch 4266/4266 | loss 0.4403 | acc 0.9769 | lr 1.41e-05 | 304s
2026-09-17 23:03:20 | INFO    | epoch 31/40 done in 313s | train loss 0.4403 | train running patch (aug): accuracy=0.9769 precision=0.9767 recall=0.9763 f1=0.9765
2026-09-17 23:03:20 | INFO    | epoch 31 train (eval, no aug) | loss 0.4398 | patch[7280]: accuracy=0.9751 precision=0.9743 recall=0.9767 f1=0.9754 | image[455]: accuracy=1.0000 precision=1.0000 recall=1.0000 f1=1.0000
2026-09-17 23:03:20 | INFO    | epoch 31 val | loss 1.1831 | patch[8448]: accuracy=0.6770 precision=0.6558 recall=0.6554 f1=0.6545 | image[96]: accuracy=0.7812 precision=0.7563 recall=0.7515 f1=0.7523
2026-09-17 23:03:20 | INFO    | val_patch_f1 = 0.6545 (best 0.6545 @ epoch 31) *
2026-09-17 23:03:22 | INFO    | epoch 32 | batch 20/4266 | loss 0.4186 | acc 0.9875 | lr 1.41e-05 | 2s
2026-09-17 23:03:23 | INFO    | epoch 32 | batch 40/4266 | loss 0.4291 | acc 0.9844 | lr 1.41e-05 | 3s
2026-09-17 23:03:25 | INFO    | epoch 32 | batch 60/4266 | loss 0.4345 | acc 0.9797 | lr 1.40e-05 | 5s
2026-09-17 23:03:26 | INFO    | epoch 32 | batch 80/4266 | loss 0.4360 | acc 0.9789 | lr 1.40e-05 | 6s
2026-09-17 23:03:28 | INFO    | epoch 32 | batch 100/4266 | loss 0.4394 | acc 0.9772 | lr 1.40e-05 | 8s
2026-09-17 23:03:29 | INFO    | epoch 32 | batch 120/4266 | loss 0.4444 | acc 0.9753 | lr 1.40e-05 | 9s
2026-09-17 23:03:31 | INFO    | epoch 32 | batch 140/4266 | loss 0.4446 | acc 0.9754 | lr 1.40e-05 | 11s
2026-09-17 23:03:32 | INFO    | epoch 32 | batch 160/4266 | loss 0.4448 | acc 0.9754 | lr 1.40e-05 | 12s
2026-09-17 23:03:34 | INFO    | epoch 32 | batch 180/4266 | loss 0.4435 | acc 0.9760 | lr 1.40e-05 | 13s
2026-09-17 23:03:35 | INFO    | epoch 32 | batch 200/4266 | loss 0.4422 | acc 0.9767 | lr 1.40e-05 | 15s
2026-09-17 23:03:36 | INFO    | epoch 32 | batch 220/4266 | loss 0.4404 | acc 0.9770 | lr 1.39e-05 | 16s
2026-09-17 23:03:38 | INFO    | epoch 32 | batch 240/4266 | loss 0.4398 | acc 0.9772 | lr 1.39e-05 | 18s
2026-09-17 23:03:39 | INFO    | epoch 32 | batch 260/4266 | loss 0.4392 | acc 0.9774 | lr 1.39e-05 | 19s
2026-09-17 23:03:41 | INFO    | epoch 32 | batch 280/4266 | loss 0.4396 | acc 0.9767 | lr 1.39e-05 | 21s
2026-09-17 23:03:42 | INFO    | epoch 32 | batch 300/4266 | loss 0.4407 | acc 0.9765 | lr 1.39e-05 | 22s
2026-09-17 23:03:44 | INFO    | epoch 32 | batch 320/4266 | loss 0.4399 | acc 0.9768 | lr 1.39e-05 | 23s
2026-09-17 23:03:45 | INFO    | epoch 32 | batch 340/4266 | loss 0.4394 | acc 0.9771 | lr 1.39e-05 | 25s
2026-09-17 23:03:46 | INFO    | epoch 32 | batch 360/4266 | loss 0.4380 | acc 0.9781 | lr 1.38e-05 | 26s
2026-09-17 23:03:48 | INFO    | epoch 32 | batch 380/4266 | loss 0.4390 | acc 0.9775 | lr 1.38e-05 | 28s
2026-09-17 23:03:49 | INFO    | epoch 32 | batch 400/4266 | loss 0.4390 | acc 0.9776 | lr 1.38e-05 | 29s
2026-09-17 23:03:51 | INFO    | epoch 32 | batch 420/4266 | loss 0.4385 | acc 0.9778 | lr 1.38e-05 | 30s
2026-09-17 23:03:52 | INFO    | epoch 32 | batch 440/4266 | loss 0.4386 | acc 0.9776 | lr 1.38e-05 | 32s
2026-09-17 23:03:53 | INFO    | epoch 32 | batch 460/4266 | loss 0.4394 | acc 0.9771 | lr 1.38e-05 | 33s
2026-09-17 23:03:55 | INFO    | epoch 32 | batch 480/4266 | loss 0.4393 | acc 0.9771 | lr 1.38e-05 | 35s
2026-09-17 23:03:56 | INFO    | epoch 32 | batch 500/4266 | loss 0.4390 | acc 0.9772 | lr 1.38e-05 | 36s
2026-09-17 23:03:58 | INFO    | epoch 32 | batch 520/4266 | loss 0.4390 | acc 0.9775 | lr 1.37e-05 | 37s
2026-09-17 23:03:59 | INFO    | epoch 32 | batch 540/4266 | loss 0.4390 | acc 0.9771 | lr 1.37e-05 | 39s
2026-09-17 23:04:00 | INFO    | epoch 32 | batch 560/4266 | loss 0.4386 | acc 0.9773 | lr 1.37e-05 | 40s
2026-09-17 23:04:02 | INFO    | epoch 32 | batch 580/4266 | loss 0.4386 | acc 0.9772 | lr 1.37e-05 | 42s
2026-09-17 23:04:03 | INFO    | epoch 32 | batch 600/4266 | loss 0.4385 | acc 0.9774 | lr 1.37e-05 | 43s
2026-09-17 23:04:05 | INFO    | epoch 32 | batch 620/4266 | loss 0.4385 | acc 0.9773 | lr 1.37e-05 | 44s
2026-09-17 23:04:06 | INFO    | epoch 32 | batch 640/4266 | loss 0.4380 | acc 0.9777 | lr 1.37e-05 | 46s
2026-09-17 23:04:07 | INFO    | epoch 32 | batch 660/4266 | loss 0.4382 | acc 0.9775 | lr 1.37e-05 | 47s
2026-09-17 23:04:09 | INFO    | epoch 32 | batch 680/4266 | loss 0.4381 | acc 0.9776 | lr 1.36e-05 | 49s
2026-09-17 23:04:10 | INFO    | epoch 32 | batch 700/4266 | loss 0.4383 | acc 0.9775 | lr 1.36e-05 | 50s
2026-09-17 23:04:12 | INFO    | epoch 32 | batch 720/4266 | loss 0.4381 | acc 0.9776 | lr 1.36e-05 | 51s
2026-09-17 23:04:13 | INFO    | epoch 32 | batch 740/4266 | loss 0.4385 | acc 0.9773 | lr 1.36e-05 | 53s
2026-09-17 23:04:14 | INFO    | epoch 32 | batch 760/4266 | loss 0.4384 | acc 0.9774 | lr 1.36e-05 | 54s
2026-09-17 23:04:16 | INFO    | epoch 32 | batch 780/4266 | loss 0.4386 | acc 0.9773 | lr 1.36e-05 | 56s
2026-09-17 23:04:17 | INFO    | epoch 32 | batch 800/4266 | loss 0.4384 | acc 0.9773 | lr 1.36e-05 | 57s
2026-09-17 23:04:19 | INFO    | epoch 32 | batch 820/4266 | loss 0.4387 | acc 0.9772 | lr 1.36e-05 | 59s
2026-09-17 23:04:20 | INFO    | epoch 32 | batch 840/4266 | loss 0.4387 | acc 0.9772 | lr 1.35e-05 | 60s
2026-09-17 23:04:21 | INFO    | epoch 32 | batch 860/4266 | loss 0.4394 | acc 0.9769 | lr 1.35e-05 | 61s
2026-09-17 23:04:23 | INFO    | epoch 32 | batch 880/4266 | loss 0.4394 | acc 0.9769 | lr 1.35e-05 | 63s
2026-09-17 23:04:24 | INFO    | epoch 32 | batch 900/4266 | loss 0.4393 | acc 0.9769 | lr 1.35e-05 | 64s
2026-09-17 23:04:26 | INFO    | epoch 32 | batch 920/4266 | loss 0.4392 | acc 0.9770 | lr 1.35e-05 | 65s
2026-09-17 23:04:27 | INFO    | epoch 32 | batch 940/4266 | loss 0.4390 | acc 0.9770 | lr 1.35e-05 | 67s
2026-09-17 23:04:28 | INFO    | epoch 32 | batch 960/4266 | loss 0.4389 | acc 0.9770 | lr 1.35e-05 | 68s
2026-09-17 23:04:30 | INFO    | epoch 32 | batch 980/4266 | loss 0.4390 | acc 0.9769 | lr 1.35e-05 | 70s
2026-09-17 23:04:31 | INFO    | epoch 32 | batch 1000/4266 | loss 0.4390 | acc 0.9770 | lr 1.34e-05 | 71s
2026-09-17 23:04:33 | INFO    | epoch 32 | batch 1020/4266 | loss 0.4387 | acc 0.9771 | lr 1.34e-05 | 73s
2026-09-17 23:04:34 | INFO    | epoch 32 | batch 1040/4266 | loss 0.4385 | acc 0.9772 | lr 1.34e-05 | 74s
2026-09-17 23:04:35 | INFO    | epoch 32 | batch 1060/4266 | loss 0.4386 | acc 0.9772 | lr 1.34e-05 | 75s
2026-09-17 23:04:37 | INFO    | epoch 32 | batch 1080/4266 | loss 0.4384 | acc 0.9773 | lr 1.34e-05 | 77s
2026-09-17 23:04:38 | INFO    | epoch 32 | batch 1100/4266 | loss 0.4386 | acc 0.9772 | lr 1.34e-05 | 78s
2026-09-17 23:04:40 | INFO    | epoch 32 | batch 1120/4266 | loss 0.4384 | acc 0.9771 | lr 1.34e-05 | 80s
2026-09-17 23:04:41 | INFO    | epoch 32 | batch 1140/4266 | loss 0.4385 | acc 0.9771 | lr 1.33e-05 | 81s
2026-09-17 23:04:43 | INFO    | epoch 32 | batch 1160/4266 | loss 0.4387 | acc 0.9769 | lr 1.33e-05 | 82s
2026-09-17 23:04:44 | INFO    | epoch 32 | batch 1180/4266 | loss 0.4387 | acc 0.9769 | lr 1.33e-05 | 84s
2026-09-17 23:04:45 | INFO    | epoch 32 | batch 1200/4266 | loss 0.4387 | acc 0.9770 | lr 1.33e-05 | 85s
2026-09-17 23:04:46 | INFO    | epoch 32 | batch 1220/4266 | loss 0.4384 | acc 0.9771 | lr 1.33e-05 | 86s
2026-09-17 23:04:48 | INFO    | epoch 32 | batch 1240/4266 | loss 0.4384 | acc 0.9770 | lr 1.33e-05 | 88s
2026-09-17 23:04:49 | INFO    | epoch 32 | batch 1260/4266 | loss 0.4386 | acc 0.9770 | lr 1.33e-05 | 89s
2026-09-17 23:04:51 | INFO    | epoch 32 | batch 1280/4266 | loss 0.4386 | acc 0.9770 | lr 1.33e-05 | 91s
2026-09-17 23:04:52 | INFO    | epoch 32 | batch 1300/4266 | loss 0.4387 | acc 0.9769 | lr 1.32e-05 | 92s
2026-09-17 23:04:53 | INFO    | epoch 32 | batch 1320/4266 | loss 0.4388 | acc 0.9769 | lr 1.32e-05 | 93s
2026-09-17 23:04:55 | INFO    | epoch 32 | batch 1340/4266 | loss 0.4386 | acc 0.9770 | lr 1.32e-05 | 95s
2026-09-17 23:04:56 | INFO    | epoch 32 | batch 1360/4266 | loss 0.4389 | acc 0.9769 | lr 1.32e-05 | 96s
2026-09-17 23:04:58 | INFO    | epoch 32 | batch 1380/4266 | loss 0.4391 | acc 0.9768 | lr 1.32e-05 | 98s
2026-09-17 23:04:59 | INFO    | epoch 32 | batch 1400/4266 | loss 0.4391 | acc 0.9767 | lr 1.32e-05 | 99s
2026-09-17 23:05:01 | INFO    | epoch 32 | batch 1420/4266 | loss 0.4390 | acc 0.9767 | lr 1.32e-05 | 100s
2026-09-17 23:05:02 | INFO    | epoch 32 | batch 1440/4266 | loss 0.4390 | acc 0.9766 | lr 1.32e-05 | 102s
2026-09-17 23:05:03 | INFO    | epoch 32 | batch 1460/4266 | loss 0.4388 | acc 0.9768 | lr 1.31e-05 | 103s
2026-09-17 23:05:05 | INFO    | epoch 32 | batch 1480/4266 | loss 0.4387 | acc 0.9769 | lr 1.31e-05 | 105s
2026-09-17 23:05:06 | INFO    | epoch 32 | batch 1500/4266 | loss 0.4385 | acc 0.9770 | lr 1.31e-05 | 106s
2026-09-17 23:05:08 | INFO    | epoch 32 | batch 1520/4266 | loss 0.4385 | acc 0.9770 | lr 1.31e-05 | 108s
2026-09-17 23:05:09 | INFO    | epoch 32 | batch 1540/4266 | loss 0.4388 | acc 0.9768 | lr 1.31e-05 | 109s
2026-09-17 23:05:11 | INFO    | epoch 32 | batch 1560/4266 | loss 0.4388 | acc 0.9767 | lr 1.31e-05 | 110s
2026-09-17 23:05:12 | INFO    | epoch 32 | batch 1580/4266 | loss 0.4389 | acc 0.9767 | lr 1.31e-05 | 112s
2026-09-17 23:05:13 | INFO    | epoch 32 | batch 1600/4266 | loss 0.4387 | acc 0.9768 | lr 1.31e-05 | 113s
2026-09-17 23:05:15 | INFO    | epoch 32 | batch 1620/4266 | loss 0.4386 | acc 0.9768 | lr 1.30e-05 | 115s
2026-09-17 23:05:16 | INFO    | epoch 32 | batch 1640/4266 | loss 0.4388 | acc 0.9766 | lr 1.30e-05 | 116s
2026-09-17 23:05:18 | INFO    | epoch 32 | batch 1660/4266 | loss 0.4388 | acc 0.9767 | lr 1.30e-05 | 118s
2026-09-17 23:05:19 | INFO    | epoch 32 | batch 1680/4266 | loss 0.4386 | acc 0.9769 | lr 1.30e-05 | 119s
2026-09-17 23:05:21 | INFO    | epoch 32 | batch 1700/4266 | loss 0.4388 | acc 0.9768 | lr 1.30e-05 | 120s
2026-09-17 23:05:22 | INFO    | epoch 32 | batch 1720/4266 | loss 0.4387 | acc 0.9769 | lr 1.30e-05 | 122s
2026-09-17 23:05:23 | INFO    | epoch 32 | batch 1740/4266 | loss 0.4387 | acc 0.9770 | lr 1.30e-05 | 123s
2026-09-17 23:05:25 | INFO    | epoch 32 | batch 1760/4266 | loss 0.4389 | acc 0.9769 | lr 1.30e-05 | 125s
2026-09-17 23:05:26 | INFO    | epoch 32 | batch 1780/4266 | loss 0.4388 | acc 0.9769 | lr 1.29e-05 | 126s
2026-09-17 23:05:28 | INFO    | epoch 32 | batch 1800/4266 | loss 0.4389 | acc 0.9768 | lr 1.29e-05 | 127s
2026-09-17 23:05:29 | INFO    | epoch 32 | batch 1820/4266 | loss 0.4389 | acc 0.9768 | lr 1.29e-05 | 129s
2026-09-17 23:05:30 | INFO    | epoch 32 | batch 1840/4266 | loss 0.4390 | acc 0.9768 | lr 1.29e-05 | 130s
2026-09-17 23:05:32 | INFO    | epoch 32 | batch 1860/4266 | loss 0.4391 | acc 0.9768 | lr 1.29e-05 | 132s
2026-09-17 23:05:33 | INFO    | epoch 32 | batch 1880/4266 | loss 0.4392 | acc 0.9767 | lr 1.29e-05 | 133s
2026-09-17 23:05:35 | INFO    | epoch 32 | batch 1900/4266 | loss 0.4393 | acc 0.9766 | lr 1.29e-05 | 135s
2026-09-17 23:05:36 | INFO    | epoch 32 | batch 1920/4266 | loss 0.4393 | acc 0.9766 | lr 1.29e-05 | 136s
2026-09-17 23:05:38 | INFO    | epoch 32 | batch 1940/4266 | loss 0.4393 | acc 0.9767 | lr 1.28e-05 | 137s
2026-09-17 23:05:39 | INFO    | epoch 32 | batch 1960/4266 | loss 0.4394 | acc 0.9767 | lr 1.28e-05 | 139s
2026-09-17 23:05:40 | INFO    | epoch 32 | batch 1980/4266 | loss 0.4394 | acc 0.9766 | lr 1.28e-05 | 140s
2026-09-17 23:05:42 | INFO    | epoch 32 | batch 2000/4266 | loss 0.4391 | acc 0.9768 | lr 1.28e-05 | 142s
2026-09-17 23:05:43 | INFO    | epoch 32 | batch 2020/4266 | loss 0.4390 | acc 0.9768 | lr 1.28e-05 | 143s
2026-09-17 23:05:45 | INFO    | epoch 32 | batch 2040/4266 | loss 0.4389 | acc 0.9769 | lr 1.28e-05 | 145s
2026-09-17 23:05:46 | INFO    | epoch 32 | batch 2060/4266 | loss 0.4389 | acc 0.9770 | lr 1.28e-05 | 146s
2026-09-17 23:05:48 | INFO    | epoch 32 | batch 2080/4266 | loss 0.4388 | acc 0.9769 | lr 1.28e-05 | 147s
2026-09-17 23:05:49 | INFO    | epoch 32 | batch 2100/4266 | loss 0.4389 | acc 0.9769 | lr 1.27e-05 | 149s
2026-09-17 23:05:50 | INFO    | epoch 32 | batch 2120/4266 | loss 0.4387 | acc 0.9770 | lr 1.27e-05 | 150s
2026-09-17 23:05:52 | INFO    | epoch 32 | batch 2140/4266 | loss 0.4385 | acc 0.9771 | lr 1.27e-05 | 152s
2026-09-17 23:05:53 | INFO    | epoch 32 | batch 2160/4266 | loss 0.4384 | acc 0.9771 | lr 1.27e-05 | 153s
2026-09-17 23:05:55 | INFO    | epoch 32 | batch 2180/4266 | loss 0.4385 | acc 0.9771 | lr 1.27e-05 | 154s
2026-09-17 23:05:56 | INFO    | epoch 32 | batch 2200/4266 | loss 0.4384 | acc 0.9771 | lr 1.27e-05 | 156s
2026-09-17 23:05:57 | INFO    | epoch 32 | batch 2220/4266 | loss 0.4385 | acc 0.9770 | lr 1.27e-05 | 157s
2026-09-17 23:05:59 | INFO    | epoch 32 | batch 2240/4266 | loss 0.4385 | acc 0.9771 | lr 1.27e-05 | 159s
2026-09-17 23:06:00 | INFO    | epoch 32 | batch 2260/4266 | loss 0.4385 | acc 0.9770 | lr 1.26e-05 | 160s
2026-09-17 23:06:02 | INFO    | epoch 32 | batch 2280/4266 | loss 0.4383 | acc 0.9771 | lr 1.26e-05 | 162s
2026-09-17 23:06:03 | INFO    | epoch 32 | batch 2300/4266 | loss 0.4384 | acc 0.9770 | lr 1.26e-05 | 163s
2026-09-17 23:06:04 | INFO    | epoch 32 | batch 2320/4266 | loss 0.4384 | acc 0.9771 | lr 1.26e-05 | 164s
2026-09-17 23:06:06 | INFO    | epoch 32 | batch 2340/4266 | loss 0.4383 | acc 0.9772 | lr 1.26e-05 | 166s
2026-09-17 23:06:07 | INFO    | epoch 32 | batch 2360/4266 | loss 0.4383 | acc 0.9772 | lr 1.26e-05 | 167s
2026-09-17 23:06:09 | INFO    | epoch 32 | batch 2380/4266 | loss 0.4382 | acc 0.9772 | lr 1.26e-05 | 169s
2026-09-17 23:06:10 | INFO    | epoch 32 | batch 2400/4266 | loss 0.4383 | acc 0.9772 | lr 1.26e-05 | 170s
2026-09-17 23:06:12 | INFO    | epoch 32 | batch 2420/4266 | loss 0.4384 | acc 0.9771 | lr 1.25e-05 | 171s
2026-09-17 23:06:13 | INFO    | epoch 32 | batch 2440/4266 | loss 0.4384 | acc 0.9771 | lr 1.25e-05 | 173s
2026-09-17 23:06:14 | INFO    | epoch 32 | batch 2460/4266 | loss 0.4384 | acc 0.9771 | lr 1.25e-05 | 174s
2026-09-17 23:06:16 | INFO    | epoch 32 | batch 2480/4266 | loss 0.4384 | acc 0.9771 | lr 1.25e-05 | 176s
2026-09-17 23:06:17 | INFO    | epoch 32 | batch 2500/4266 | loss 0.4385 | acc 0.9770 | lr 1.25e-05 | 177s
2026-09-17 23:06:19 | INFO    | epoch 32 | batch 2520/4266 | loss 0.4386 | acc 0.9770 | lr 1.25e-05 | 179s
2026-09-17 23:06:20 | INFO    | epoch 32 | batch 2540/4266 | loss 0.4386 | acc 0.9770 | lr 1.25e-05 | 180s
2026-09-17 23:06:22 | INFO    | epoch 32 | batch 2560/4266 | loss 0.4385 | acc 0.9771 | lr 1.25e-05 | 182s
2026-09-17 23:06:23 | INFO    | epoch 32 | batch 2580/4266 | loss 0.4384 | acc 0.9772 | lr 1.25e-05 | 183s
2026-09-17 23:06:25 | INFO    | epoch 32 | batch 2600/4266 | loss 0.4385 | acc 0.9771 | lr 1.24e-05 | 185s
2026-09-17 23:06:26 | INFO    | epoch 32 | batch 2620/4266 | loss 0.4385 | acc 0.9771 | lr 1.24e-05 | 186s
2026-09-17 23:06:28 | INFO    | epoch 32 | batch 2640/4266 | loss 0.4386 | acc 0.9770 | lr 1.24e-05 | 188s
2026-09-17 23:06:29 | INFO    | epoch 32 | batch 2660/4266 | loss 0.4387 | acc 0.9770 | lr 1.24e-05 | 189s
2026-09-17 23:06:31 | INFO    | epoch 32 | batch 2680/4266 | loss 0.4386 | acc 0.9770 | lr 1.24e-05 | 191s
2026-09-17 23:06:32 | INFO    | epoch 32 | batch 2700/4266 | loss 0.4386 | acc 0.9770 | lr 1.24e-05 | 192s
2026-09-17 23:06:34 | INFO    | epoch 32 | batch 2720/4266 | loss 0.4385 | acc 0.9771 | lr 1.24e-05 | 194s
2026-09-17 23:06:35 | INFO    | epoch 32 | batch 2740/4266 | loss 0.4385 | acc 0.9771 | lr 1.24e-05 | 195s
2026-09-17 23:06:37 | INFO    | epoch 32 | batch 2760/4266 | loss 0.4385 | acc 0.9771 | lr 1.23e-05 | 197s
2026-09-17 23:06:38 | INFO    | epoch 32 | batch 2780/4266 | loss 0.4385 | acc 0.9771 | lr 1.23e-05 | 198s
2026-09-17 23:06:40 | INFO    | epoch 32 | batch 2800/4266 | loss 0.4384 | acc 0.9772 | lr 1.23e-05 | 199s
2026-09-17 23:06:41 | INFO    | epoch 32 | batch 2820/4266 | loss 0.4384 | acc 0.9772 | lr 1.23e-05 | 201s
2026-09-17 23:06:42 | INFO    | epoch 32 | batch 2840/4266 | loss 0.4386 | acc 0.9771 | lr 1.23e-05 | 202s
2026-09-17 23:06:44 | INFO    | epoch 32 | batch 2860/4266 | loss 0.4386 | acc 0.9771 | lr 1.23e-05 | 204s
2026-09-17 23:06:45 | INFO    | epoch 32 | batch 2880/4266 | loss 0.4386 | acc 0.9771 | lr 1.23e-05 | 205s
2026-09-17 23:06:47 | INFO    | epoch 32 | batch 2900/4266 | loss 0.4386 | acc 0.9771 | lr 1.23e-05 | 207s
2026-09-17 23:06:48 | INFO    | epoch 32 | batch 2920/4266 | loss 0.4385 | acc 0.9772 | lr 1.22e-05 | 208s
2026-09-17 23:06:50 | INFO    | epoch 32 | batch 2940/4266 | loss 0.4385 | acc 0.9772 | lr 1.22e-05 | 210s
2026-09-17 23:06:51 | INFO    | epoch 32 | batch 2960/4266 | loss 0.4385 | acc 0.9772 | lr 1.22e-05 | 211s
2026-09-17 23:06:52 | INFO    | epoch 32 | batch 2980/4266 | loss 0.4386 | acc 0.9772 | lr 1.22e-05 | 212s
2026-09-17 23:06:54 | INFO    | epoch 32 | batch 3000/4266 | loss 0.4385 | acc 0.9772 | lr 1.22e-05 | 214s
2026-09-17 23:06:55 | INFO    | epoch 32 | batch 3020/4266 | loss 0.4384 | acc 0.9772 | lr 1.22e-05 | 215s
2026-09-17 23:06:57 | INFO    | epoch 32 | batch 3040/4266 | loss 0.4385 | acc 0.9772 | lr 1.22e-05 | 217s
2026-09-17 23:06:58 | INFO    | epoch 32 | batch 3060/4266 | loss 0.4384 | acc 0.9772 | lr 1.22e-05 | 218s
2026-09-17 23:06:59 | INFO    | epoch 32 | batch 3080/4266 | loss 0.4384 | acc 0.9772 | lr 1.21e-05 | 219s
2026-09-17 23:07:01 | INFO    | epoch 32 | batch 3100/4266 | loss 0.4384 | acc 0.9772 | lr 1.21e-05 | 221s
2026-09-17 23:07:02 | INFO    | epoch 32 | batch 3120/4266 | loss 0.4383 | acc 0.9772 | lr 1.21e-05 | 222s
2026-09-17 23:07:04 | INFO    | epoch 32 | batch 3140/4266 | loss 0.4384 | acc 0.9772 | lr 1.21e-05 | 224s
2026-09-17 23:07:05 | INFO    | epoch 32 | batch 3160/4266 | loss 0.4384 | acc 0.9772 | lr 1.21e-05 | 225s
2026-09-17 23:07:06 | INFO    | epoch 32 | batch 3180/4266 | loss 0.4384 | acc 0.9772 | lr 1.21e-05 | 226s
2026-09-17 23:07:08 | INFO    | epoch 32 | batch 3200/4266 | loss 0.4384 | acc 0.9772 | lr 1.21e-05 | 228s
2026-09-17 23:07:09 | INFO    | epoch 32 | batch 3220/4266 | loss 0.4384 | acc 0.9773 | lr 1.21e-05 | 229s
2026-09-17 23:07:11 | INFO    | epoch 32 | batch 3240/4266 | loss 0.4384 | acc 0.9773 | lr 1.20e-05 | 231s
2026-09-17 23:07:12 | INFO    | epoch 32 | batch 3260/4266 | loss 0.4384 | acc 0.9773 | lr 1.20e-05 | 232s
2026-09-17 23:07:14 | INFO    | epoch 32 | batch 3280/4266 | loss 0.4383 | acc 0.9773 | lr 1.20e-05 | 233s
2026-09-17 23:07:15 | INFO    | epoch 32 | batch 3300/4266 | loss 0.4383 | acc 0.9773 | lr 1.20e-05 | 235s
2026-09-17 23:07:16 | INFO    | epoch 32 | batch 3320/4266 | loss 0.4382 | acc 0.9773 | lr 1.20e-05 | 236s
2026-09-17 23:07:18 | INFO    | epoch 32 | batch 3340/4266 | loss 0.4383 | acc 0.9773 | lr 1.20e-05 | 238s
2026-09-17 23:07:19 | INFO    | epoch 32 | batch 3360/4266 | loss 0.4382 | acc 0.9774 | lr 1.20e-05 | 239s
2026-09-17 23:07:21 | INFO    | epoch 32 | batch 3380/4266 | loss 0.4382 | acc 0.9774 | lr 1.20e-05 | 241s
2026-09-17 23:07:22 | INFO    | epoch 32 | batch 3400/4266 | loss 0.4381 | acc 0.9775 | lr 1.20e-05 | 242s
2026-09-17 23:07:23 | INFO    | epoch 32 | batch 3420/4266 | loss 0.4381 | acc 0.9775 | lr 1.19e-05 | 243s
2026-09-17 23:07:25 | INFO    | epoch 32 | batch 3440/4266 | loss 0.4382 | acc 0.9774 | lr 1.19e-05 | 245s
2026-09-17 23:07:26 | INFO    | epoch 32 | batch 3460/4266 | loss 0.4382 | acc 0.9774 | lr 1.19e-05 | 246s
2026-09-17 23:07:28 | INFO    | epoch 32 | batch 3480/4266 | loss 0.4381 | acc 0.9775 | lr 1.19e-05 | 248s
2026-09-17 23:07:29 | INFO    | epoch 32 | batch 3500/4266 | loss 0.4381 | acc 0.9775 | lr 1.19e-05 | 249s
2026-09-17 23:07:31 | INFO    | epoch 32 | batch 3520/4266 | loss 0.4383 | acc 0.9774 | lr 1.19e-05 | 251s
2026-09-17 23:07:32 | INFO    | epoch 32 | batch 3540/4266 | loss 0.4383 | acc 0.9774 | lr 1.19e-05 | 252s
2026-09-17 23:07:34 | INFO    | epoch 32 | batch 3560/4266 | loss 0.4382 | acc 0.9774 | lr 1.19e-05 | 254s
2026-09-17 23:07:35 | INFO    | epoch 32 | batch 3580/4266 | loss 0.4383 | acc 0.9774 | lr 1.18e-05 | 255s
2026-09-17 23:07:37 | INFO    | epoch 32 | batch 3600/4266 | loss 0.4383 | acc 0.9773 | lr 1.18e-05 | 257s
2026-09-17 23:07:38 | INFO    | epoch 32 | batch 3620/4266 | loss 0.4383 | acc 0.9773 | lr 1.18e-05 | 258s
2026-09-17 23:07:40 | INFO    | epoch 32 | batch 3640/4266 | loss 0.4383 | acc 0.9773 | lr 1.18e-05 | 260s
2026-09-17 23:07:41 | INFO    | epoch 32 | batch 3660/4266 | loss 0.4383 | acc 0.9773 | lr 1.18e-05 | 261s
2026-09-17 23:07:43 | INFO    | epoch 32 | batch 3680/4266 | loss 0.4384 | acc 0.9773 | lr 1.18e-05 | 262s
2026-09-17 23:07:44 | INFO    | epoch 32 | batch 3700/4266 | loss 0.4384 | acc 0.9773 | lr 1.18e-05 | 264s
2026-09-17 23:07:45 | INFO    | epoch 32 | batch 3720/4266 | loss 0.4384 | acc 0.9773 | lr 1.18e-05 | 265s
2026-09-17 23:07:47 | INFO    | epoch 32 | batch 3740/4266 | loss 0.4383 | acc 0.9774 | lr 1.17e-05 | 267s
2026-09-17 23:07:48 | INFO    | epoch 32 | batch 3760/4266 | loss 0.4382 | acc 0.9774 | lr 1.17e-05 | 268s
2026-09-17 23:07:50 | INFO    | epoch 32 | batch 3780/4266 | loss 0.4382 | acc 0.9774 | lr 1.17e-05 | 270s
2026-09-17 23:07:51 | INFO    | epoch 32 | batch 3800/4266 | loss 0.4383 | acc 0.9773 | lr 1.17e-05 | 271s
2026-09-17 23:07:53 | INFO    | epoch 32 | batch 3820/4266 | loss 0.4383 | acc 0.9773 | lr 1.17e-05 | 272s
2026-09-17 23:07:54 | INFO    | epoch 32 | batch 3840/4266 | loss 0.4384 | acc 0.9773 | lr 1.17e-05 | 274s
2026-09-17 23:07:55 | INFO    | epoch 32 | batch 3860/4266 | loss 0.4384 | acc 0.9773 | lr 1.17e-05 | 275s
2026-09-17 23:07:57 | INFO    | epoch 32 | batch 3880/4266 | loss 0.4384 | acc 0.9772 | lr 1.17e-05 | 277s
2026-09-17 23:07:58 | INFO    | epoch 32 | batch 3900/4266 | loss 0.4385 | acc 0.9772 | lr 1.17e-05 | 278s
2026-09-17 23:08:00 | INFO    | epoch 32 | batch 3920/4266 | loss 0.4385 | acc 0.9772 | lr 1.16e-05 | 280s
2026-09-17 23:08:01 | INFO    | epoch 32 | batch 3940/4266 | loss 0.4385 | acc 0.9772 | lr 1.16e-05 | 281s
2026-09-17 23:08:03 | INFO    | epoch 32 | batch 3960/4266 | loss 0.4385 | acc 0.9772 | lr 1.16e-05 | 283s
2026-09-17 23:08:04 | INFO    | epoch 32 | batch 3980/4266 | loss 0.4385 | acc 0.9772 | lr 1.16e-05 | 284s
2026-09-17 23:08:06 | INFO    | epoch 32 | batch 4000/4266 | loss 0.4384 | acc 0.9772 | lr 1.16e-05 | 285s
2026-09-17 23:08:07 | INFO    | epoch 32 | batch 4020/4266 | loss 0.4384 | acc 0.9773 | lr 1.16e-05 | 287s
2026-09-17 23:08:08 | INFO    | epoch 32 | batch 4040/4266 | loss 0.4383 | acc 0.9773 | lr 1.16e-05 | 288s
2026-09-17 23:08:10 | INFO    | epoch 32 | batch 4060/4266 | loss 0.4382 | acc 0.9774 | lr 1.16e-05 | 290s
2026-09-17 23:08:11 | INFO    | epoch 32 | batch 4080/4266 | loss 0.4382 | acc 0.9774 | lr 1.15e-05 | 291s
2026-09-17 23:08:13 | INFO    | epoch 32 | batch 4100/4266 | loss 0.4381 | acc 0.9774 | lr 1.15e-05 | 293s
2026-09-17 23:08:14 | INFO    | epoch 32 | batch 4120/4266 | loss 0.4381 | acc 0.9775 | lr 1.15e-05 | 294s
2026-09-17 23:08:16 | INFO    | epoch 32 | batch 4140/4266 | loss 0.4380 | acc 0.9775 | lr 1.15e-05 | 296s
2026-09-17 23:08:17 | INFO    | epoch 32 | batch 4160/4266 | loss 0.4380 | acc 0.9775 | lr 1.15e-05 | 297s
2026-09-17 23:08:19 | INFO    | epoch 32 | batch 4180/4266 | loss 0.4380 | acc 0.9775 | lr 1.15e-05 | 299s
2026-09-17 23:08:20 | INFO    | epoch 32 | batch 4200/4266 | loss 0.4380 | acc 0.9775 | lr 1.15e-05 | 300s
2026-09-17 23:08:22 | INFO    | epoch 32 | batch 4220/4266 | loss 0.4379 | acc 0.9775 | lr 1.15e-05 | 302s
2026-09-17 23:08:23 | INFO    | epoch 32 | batch 4240/4266 | loss 0.4379 | acc 0.9776 | lr 1.15e-05 | 303s
2026-09-17 23:08:25 | INFO    | epoch 32 | batch 4260/4266 | loss 0.4378 | acc 0.9776 | lr 1.14e-05 | 305s
2026-09-17 23:08:25 | INFO    | epoch 32 | batch 4266/4266 | loss 0.4378 | acc 0.9776 | lr 1.14e-05 | 305s
2026-09-17 23:08:35 | INFO    | epoch 32/40 done in 315s | train loss 0.4378 | train running patch (aug): accuracy=0.9776 precision=0.9773 recall=0.9768 f1=0.9770
2026-09-17 23:08:35 | INFO    | epoch 32 train (eval, no aug) | loss 0.4242 | patch[7280]: accuracy=0.9837 precision=0.9827 recall=0.9841 f1=0.9834 | image[455]: accuracy=1.0000 precision=1.0000 recall=1.0000 f1=1.0000
2026-09-17 23:08:35 | INFO    | epoch 32 val | loss 1.1763 | patch[8448]: accuracy=0.6764 precision=0.6529 recall=0.6508 f1=0.6515 | image[96]: accuracy=0.7812 precision=0.7553 recall=0.7515 f1=0.7524
2026-09-17 23:08:35 | INFO    | val_patch_f1 = 0.6515 (best 0.6545 @ epoch 31)
2026-09-17 23:08:37 | INFO    | epoch 33 | batch 20/4266 | loss 0.4170 | acc 0.9859 | lr 1.14e-05 | 2s
2026-09-17 23:08:38 | INFO    | epoch 33 | batch 40/4266 | loss 0.4304 | acc 0.9797 | lr 1.14e-05 | 3s
2026-09-17 23:08:40 | INFO    | epoch 33 | batch 60/4266 | loss 0.4337 | acc 0.9781 | lr 1.14e-05 | 5s
2026-09-17 23:08:41 | INFO    | epoch 33 | batch 80/4266 | loss 0.4330 | acc 0.9797 | lr 1.14e-05 | 6s
2026-09-17 23:08:43 | INFO    | epoch 33 | batch 100/4266 | loss 0.4336 | acc 0.9791 | lr 1.14e-05 | 8s
2026-09-17 23:08:44 | INFO    | epoch 33 | batch 120/4266 | loss 0.4345 | acc 0.9784 | lr 1.14e-05 | 9s
2026-09-17 23:08:45 | INFO    | epoch 33 | batch 140/4266 | loss 0.4360 | acc 0.9779 | lr 1.14e-05 | 10s
2026-09-17 23:08:47 | INFO    | epoch 33 | batch 160/4266 | loss 0.4353 | acc 0.9781 | lr 1.13e-05 | 12s
2026-09-17 23:08:48 | INFO    | epoch 33 | batch 180/4266 | loss 0.4358 | acc 0.9783 | lr 1.13e-05 | 13s
2026-09-17 23:08:50 | INFO    | epoch 33 | batch 200/4266 | loss 0.4369 | acc 0.9777 | lr 1.13e-05 | 15s
2026-09-17 23:08:51 | INFO    | epoch 33 | batch 220/4266 | loss 0.4366 | acc 0.9778 | lr 1.13e-05 | 16s
2026-09-17 23:08:53 | INFO    | epoch 33 | batch 240/4266 | loss 0.4350 | acc 0.9789 | lr 1.13e-05 | 18s
2026-09-17 23:08:54 | INFO    | epoch 33 | batch 260/4266 | loss 0.4358 | acc 0.9784 | lr 1.13e-05 | 19s
2026-09-17 23:08:56 | INFO    | epoch 33 | batch 280/4266 | loss 0.4357 | acc 0.9783 | lr 1.13e-05 | 20s
2026-09-17 23:08:57 | INFO    | epoch 33 | batch 300/4266 | loss 0.4352 | acc 0.9788 | lr 1.13e-05 | 22s
2026-09-17 23:08:58 | INFO    | epoch 33 | batch 320/4266 | loss 0.4354 | acc 0.9792 | lr 1.12e-05 | 23s
2026-09-17 23:09:00 | INFO    | epoch 33 | batch 340/4266 | loss 0.4348 | acc 0.9794 | lr 1.12e-05 | 25s
2026-09-17 23:09:01 | INFO    | epoch 33 | batch 360/4266 | loss 0.4353 | acc 0.9789 | lr 1.12e-05 | 26s
2026-09-17 23:09:03 | INFO    | epoch 33 | batch 380/4266 | loss 0.4359 | acc 0.9788 | lr 1.12e-05 | 28s
2026-09-17 23:09:04 | INFO    | epoch 33 | batch 400/4266 | loss 0.4359 | acc 0.9789 | lr 1.12e-05 | 29s
2026-09-17 23:09:05 | INFO    | epoch 33 | batch 420/4266 | loss 0.4370 | acc 0.9783 | lr 1.12e-05 | 30s
2026-09-17 23:09:07 | INFO    | epoch 33 | batch 440/4266 | loss 0.4373 | acc 0.9783 | lr 1.12e-05 | 32s
2026-09-17 23:09:08 | INFO    | epoch 33 | batch 460/4266 | loss 0.4372 | acc 0.9784 | lr 1.12e-05 | 33s
2026-09-17 23:09:10 | INFO    | epoch 33 | batch 480/4266 | loss 0.4374 | acc 0.9783 | lr 1.12e-05 | 34s
2026-09-17 23:09:11 | INFO    | epoch 33 | batch 500/4266 | loss 0.4378 | acc 0.9782 | lr 1.11e-05 | 36s
2026-09-17 23:09:12 | INFO    | epoch 33 | batch 520/4266 | loss 0.4377 | acc 0.9782 | lr 1.11e-05 | 37s
2026-09-17 23:09:14 | INFO    | epoch 33 | batch 540/4266 | loss 0.4377 | acc 0.9782 | lr 1.11e-05 | 39s
2026-09-17 23:09:15 | INFO    | epoch 33 | batch 560/4266 | loss 0.4377 | acc 0.9783 | lr 1.11e-05 | 40s
2026-09-17 23:09:17 | INFO    | epoch 33 | batch 580/4266 | loss 0.4373 | acc 0.9785 | lr 1.11e-05 | 41s
2026-09-17 23:09:18 | INFO    | epoch 33 | batch 600/4266 | loss 0.4371 | acc 0.9786 | lr 1.11e-05 | 43s
2026-09-17 23:09:19 | INFO    | epoch 33 | batch 620/4266 | loss 0.4367 | acc 0.9787 | lr 1.11e-05 | 44s
2026-09-17 23:09:21 | INFO    | epoch 33 | batch 640/4266 | loss 0.4364 | acc 0.9788 | lr 1.11e-05 | 45s
2026-09-17 23:09:22 | INFO    | epoch 33 | batch 660/4266 | loss 0.4364 | acc 0.9788 | lr 1.11e-05 | 47s
2026-09-17 23:09:23 | INFO    | epoch 33 | batch 680/4266 | loss 0.4370 | acc 0.9786 | lr 1.10e-05 | 48s
2026-09-17 23:09:25 | INFO    | epoch 33 | batch 700/4266 | loss 0.4369 | acc 0.9787 | lr 1.10e-05 | 50s
2026-09-17 23:09:26 | INFO    | epoch 33 | batch 720/4266 | loss 0.4369 | acc 0.9786 | lr 1.10e-05 | 51s
2026-09-17 23:09:27 | INFO    | epoch 33 | batch 740/4266 | loss 0.4371 | acc 0.9786 | lr 1.10e-05 | 52s
2026-09-17 23:09:29 | INFO    | epoch 33 | batch 760/4266 | loss 0.4368 | acc 0.9788 | lr 1.10e-05 | 54s
2026-09-17 23:09:30 | INFO    | epoch 33 | batch 780/4266 | loss 0.4368 | acc 0.9787 | lr 1.10e-05 | 55s
2026-09-17 23:09:32 | INFO    | epoch 33 | batch 800/4266 | loss 0.4370 | acc 0.9786 | lr 1.10e-05 | 56s
2026-09-17 23:09:33 | INFO    | epoch 33 | batch 820/4266 | loss 0.4366 | acc 0.9788 | lr 1.10e-05 | 58s
2026-09-17 23:09:34 | INFO    | epoch 33 | batch 840/4266 | loss 0.4367 | acc 0.9788 | lr 1.09e-05 | 59s
2026-09-17 23:09:35 | INFO    | epoch 33 | batch 860/4266 | loss 0.4369 | acc 0.9787 | lr 1.09e-05 | 60s
2026-09-17 23:09:37 | INFO    | epoch 33 | batch 880/4266 | loss 0.4364 | acc 0.9788 | lr 1.09e-05 | 62s
2026-09-17 23:09:38 | INFO    | epoch 33 | batch 900/4266 | loss 0.4366 | acc 0.9787 | lr 1.09e-05 | 63s
2026-09-17 23:09:40 | INFO    | epoch 33 | batch 920/4266 | loss 0.4364 | acc 0.9788 | lr 1.09e-05 | 64s
2026-09-17 23:09:41 | INFO    | epoch 33 | batch 940/4266 | loss 0.4364 | acc 0.9788 | lr 1.09e-05 | 66s
2026-09-17 23:09:42 | INFO    | epoch 33 | batch 960/4266 | loss 0.4366 | acc 0.9787 | lr 1.09e-05 | 67s
2026-09-17 23:09:44 | INFO    | epoch 33 | batch 980/4266 | loss 0.4367 | acc 0.9786 | lr 1.09e-05 | 69s
2026-09-17 23:09:45 | INFO    | epoch 33 | batch 1000/4266 | loss 0.4367 | acc 0.9784 | lr 1.09e-05 | 70s
2026-09-17 23:09:47 | INFO    | epoch 33 | batch 1020/4266 | loss 0.4366 | acc 0.9785 | lr 1.08e-05 | 71s
2026-09-17 23:09:48 | INFO    | epoch 33 | batch 1040/4266 | loss 0.4364 | acc 0.9786 | lr 1.08e-05 | 73s
2026-09-17 23:09:49 | INFO    | epoch 33 | batch 1060/4266 | loss 0.4363 | acc 0.9786 | lr 1.08e-05 | 74s
2026-09-17 23:09:51 | INFO    | epoch 33 | batch 1080/4266 | loss 0.4362 | acc 0.9787 | lr 1.08e-05 | 76s
2026-09-17 23:09:52 | INFO    | epoch 33 | batch 1100/4266 | loss 0.4360 | acc 0.9788 | lr 1.08e-05 | 77s
2026-09-17 23:09:53 | INFO    | epoch 33 | batch 1120/4266 | loss 0.4360 | acc 0.9787 | lr 1.08e-05 | 78s
2026-09-17 23:09:55 | INFO    | epoch 33 | batch 1140/4266 | loss 0.4361 | acc 0.9787 | lr 1.08e-05 | 80s
2026-09-17 23:09:56 | INFO    | epoch 33 | batch 1160/4266 | loss 0.4364 | acc 0.9784 | lr 1.08e-05 | 81s
2026-09-17 23:09:57 | INFO    | epoch 33 | batch 1180/4266 | loss 0.4362 | acc 0.9785 | lr 1.08e-05 | 82s
2026-09-17 23:09:59 | INFO    | epoch 33 | batch 1200/4266 | loss 0.4360 | acc 0.9786 | lr 1.07e-05 | 84s
2026-09-17 23:10:00 | INFO    | epoch 33 | batch 1220/4266 | loss 0.4361 | acc 0.9786 | lr 1.07e-05 | 85s
2026-09-17 23:10:02 | INFO    | epoch 33 | batch 1240/4266 | loss 0.4363 | acc 0.9785 | lr 1.07e-05 | 86s
2026-09-17 23:10:03 | INFO    | epoch 33 | batch 1260/4266 | loss 0.4362 | acc 0.9786 | lr 1.07e-05 | 88s
2026-09-17 23:10:04 | INFO    | epoch 33 | batch 1280/4266 | loss 0.4363 | acc 0.9786 | lr 1.07e-05 | 89s
2026-09-17 23:10:06 | INFO    | epoch 33 | batch 1300/4266 | loss 0.4362 | acc 0.9786 | lr 1.07e-05 | 91s
2026-09-17 23:10:07 | INFO    | epoch 33 | batch 1320/4266 | loss 0.4360 | acc 0.9787 | lr 1.07e-05 | 92s
2026-09-17 23:10:08 | INFO    | epoch 33 | batch 1340/4266 | loss 0.4358 | acc 0.9789 | lr 1.07e-05 | 93s
2026-09-17 23:10:10 | INFO    | epoch 33 | batch 1360/4266 | loss 0.4356 | acc 0.9790 | lr 1.06e-05 | 95s
2026-09-17 23:10:11 | INFO    | epoch 33 | batch 1380/4266 | loss 0.4357 | acc 0.9789 | lr 1.06e-05 | 96s
2026-09-17 23:10:13 | INFO    | epoch 33 | batch 1400/4266 | loss 0.4354 | acc 0.9791 | lr 1.06e-05 | 97s
2026-09-17 23:10:14 | INFO    | epoch 33 | batch 1420/4266 | loss 0.4353 | acc 0.9792 | lr 1.06e-05 | 99s
2026-09-17 23:10:15 | INFO    | epoch 33 | batch 1440/4266 | loss 0.4357 | acc 0.9790 | lr 1.06e-05 | 100s
2026-09-17 23:10:17 | INFO    | epoch 33 | batch 1460/4266 | loss 0.4356 | acc 0.9790 | lr 1.06e-05 | 102s
2026-09-17 23:10:18 | INFO    | epoch 33 | batch 1480/4266 | loss 0.4354 | acc 0.9791 | lr 1.06e-05 | 103s
2026-09-17 23:10:20 | INFO    | epoch 33 | batch 1500/4266 | loss 0.4354 | acc 0.9791 | lr 1.06e-05 | 104s
2026-09-17 23:10:21 | INFO    | epoch 33 | batch 1520/4266 | loss 0.4353 | acc 0.9792 | lr 1.06e-05 | 106s
2026-09-17 23:10:22 | INFO    | epoch 33 | batch 1540/4266 | loss 0.4351 | acc 0.9793 | lr 1.05e-05 | 107s
2026-09-17 23:10:24 | INFO    | epoch 33 | batch 1560/4266 | loss 0.4352 | acc 0.9793 | lr 1.05e-05 | 109s
2026-09-17 23:10:25 | INFO    | epoch 33 | batch 1580/4266 | loss 0.4352 | acc 0.9793 | lr 1.05e-05 | 110s
2026-09-17 23:10:27 | INFO    | epoch 33 | batch 1600/4266 | loss 0.4352 | acc 0.9793 | lr 1.05e-05 | 112s
2026-09-17 23:10:28 | INFO    | epoch 33 | batch 1620/4266 | loss 0.4351 | acc 0.9793 | lr 1.05e-05 | 113s
2026-09-17 23:10:30 | INFO    | epoch 33 | batch 1640/4266 | loss 0.4354 | acc 0.9792 | lr 1.05e-05 | 114s
2026-09-17 23:10:31 | INFO    | epoch 33 | batch 1660/4266 | loss 0.4354 | acc 0.9793 | lr 1.05e-05 | 116s
2026-09-17 23:10:32 | INFO    | epoch 33 | batch 1680/4266 | loss 0.4353 | acc 0.9793 | lr 1.05e-05 | 117s
2026-09-17 23:10:34 | INFO    | epoch 33 | batch 1700/4266 | loss 0.4353 | acc 0.9792 | lr 1.05e-05 | 119s
2026-09-17 23:10:35 | INFO    | epoch 33 | batch 1720/4266 | loss 0.4355 | acc 0.9792 | lr 1.04e-05 | 120s
2026-09-17 23:10:37 | INFO    | epoch 33 | batch 1740/4266 | loss 0.4353 | acc 0.9793 | lr 1.04e-05 | 122s
2026-09-17 23:10:38 | INFO    | epoch 33 | batch 1760/4266 | loss 0.4353 | acc 0.9793 | lr 1.04e-05 | 123s
2026-09-17 23:10:40 | INFO    | epoch 33 | batch 1780/4266 | loss 0.4353 | acc 0.9793 | lr 1.04e-05 | 125s
2026-09-17 23:10:41 | INFO    | epoch 33 | batch 1800/4266 | loss 0.4351 | acc 0.9794 | lr 1.04e-05 | 126s
2026-09-17 23:10:43 | INFO    | epoch 33 | batch 1820/4266 | loss 0.4351 | acc 0.9794 | lr 1.04e-05 | 127s
2026-09-17 23:10:44 | INFO    | epoch 33 | batch 1840/4266 | loss 0.4350 | acc 0.9794 | lr 1.04e-05 | 129s
2026-09-17 23:10:45 | INFO    | epoch 33 | batch 1860/4266 | loss 0.4349 | acc 0.9795 | lr 1.04e-05 | 130s
2026-09-17 23:10:47 | INFO    | epoch 33 | batch 1880/4266 | loss 0.4348 | acc 0.9796 | lr 1.04e-05 | 132s
2026-09-17 23:10:48 | INFO    | epoch 33 | batch 1900/4266 | loss 0.4346 | acc 0.9797 | lr 1.03e-05 | 133s
2026-09-17 23:10:50 | INFO    | epoch 33 | batch 1920/4266 | loss 0.4346 | acc 0.9797 | lr 1.03e-05 | 135s
2026-09-17 23:10:51 | INFO    | epoch 33 | batch 1940/4266 | loss 0.4345 | acc 0.9798 | lr 1.03e-05 | 136s
2026-09-17 23:10:52 | INFO    | epoch 33 | batch 1960/4266 | loss 0.4345 | acc 0.9798 | lr 1.03e-05 | 137s
2026-09-17 23:10:54 | INFO    | epoch 33 | batch 1980/4266 | loss 0.4343 | acc 0.9799 | lr 1.03e-05 | 139s
2026-09-17 23:10:55 | INFO    | epoch 33 | batch 2000/4266 | loss 0.4344 | acc 0.9799 | lr 1.03e-05 | 140s
2026-09-17 23:10:57 | INFO    | epoch 33 | batch 2020/4266 | loss 0.4345 | acc 0.9799 | lr 1.03e-05 | 142s
2026-09-17 23:10:58 | INFO    | epoch 33 | batch 2040/4266 | loss 0.4345 | acc 0.9798 | lr 1.03e-05 | 143s
2026-09-17 23:11:00 | INFO    | epoch 33 | batch 2060/4266 | loss 0.4346 | acc 0.9798 | lr 1.03e-05 | 144s
2026-09-17 23:11:01 | INFO    | epoch 33 | batch 2080/4266 | loss 0.4347 | acc 0.9797 | lr 1.02e-05 | 146s
2026-09-17 23:11:02 | INFO    | epoch 33 | batch 2100/4266 | loss 0.4348 | acc 0.9797 | lr 1.02e-05 | 147s
2026-09-17 23:11:04 | INFO    | epoch 33 | batch 2120/4266 | loss 0.4348 | acc 0.9796 | lr 1.02e-05 | 149s
2026-09-17 23:11:05 | INFO    | epoch 33 | batch 2140/4266 | loss 0.4349 | acc 0.9796 | lr 1.02e-05 | 150s
2026-09-17 23:11:07 | INFO    | epoch 33 | batch 2160/4266 | loss 0.4349 | acc 0.9796 | lr 1.02e-05 | 151s
2026-09-17 23:11:08 | INFO    | epoch 33 | batch 2180/4266 | loss 0.4349 | acc 0.9796 | lr 1.02e-05 | 153s
2026-09-17 23:11:09 | INFO    | epoch 33 | batch 2200/4266 | loss 0.4350 | acc 0.9796 | lr 1.02e-05 | 154s
2026-09-17 23:11:11 | INFO    | epoch 33 | batch 2220/4266 | loss 0.4351 | acc 0.9795 | lr 1.02e-05 | 156s
2026-09-17 23:11:12 | INFO    | epoch 33 | batch 2240/4266 | loss 0.4352 | acc 0.9795 | lr 1.02e-05 | 157s
2026-09-17 23:11:14 | INFO    | epoch 33 | batch 2260/4266 | loss 0.4353 | acc 0.9795 | lr 1.01e-05 | 158s
2026-09-17 23:11:15 | INFO    | epoch 33 | batch 2280/4266 | loss 0.4352 | acc 0.9795 | lr 1.01e-05 | 160s
2026-09-17 23:11:17 | INFO    | epoch 33 | batch 2300/4266 | loss 0.4354 | acc 0.9794 | lr 1.01e-05 | 161s
2026-09-17 23:11:18 | INFO    | epoch 33 | batch 2320/4266 | loss 0.4355 | acc 0.9794 | lr 1.01e-05 | 163s
2026-09-17 23:11:20 | INFO    | epoch 33 | batch 2340/4266 | loss 0.4355 | acc 0.9794 | lr 1.01e-05 | 164s
2026-09-17 23:11:21 | INFO    | epoch 33 | batch 2360/4266 | loss 0.4357 | acc 0.9792 | lr 1.01e-05 | 166s
2026-09-17 23:11:23 | INFO    | epoch 33 | batch 2380/4266 | loss 0.4356 | acc 0.9793 | lr 1.01e-05 | 167s
2026-09-17 23:11:24 | INFO    | epoch 33 | batch 2400/4266 | loss 0.4356 | acc 0.9792 | lr 1.01e-05 | 169s
2026-09-17 23:11:26 | INFO    | epoch 33 | batch 2420/4266 | loss 0.4357 | acc 0.9792 | lr 1.01e-05 | 170s
2026-09-17 23:11:27 | INFO    | epoch 33 | batch 2440/4266 | loss 0.4357 | acc 0.9792 | lr 1.00e-05 | 172s
2026-09-17 23:11:28 | INFO    | epoch 33 | batch 2460/4266 | loss 0.4358 | acc 0.9791 | lr 1.00e-05 | 173s
2026-09-17 23:11:30 | INFO    | epoch 33 | batch 2480/4266 | loss 0.4359 | acc 0.9791 | lr 1.00e-05 | 175s
2026-09-17 23:11:31 | INFO    | epoch 33 | batch 2500/4266 | loss 0.4360 | acc 0.9790 | lr 1.00e-05 | 176s
2026-09-17 23:11:33 | INFO    | epoch 33 | batch 2520/4266 | loss 0.4360 | acc 0.9790 | lr 1.00e-05 | 178s
2026-09-17 23:11:34 | INFO    | epoch 33 | batch 2540/4266 | loss 0.4358 | acc 0.9791 | lr 9.99e-06 | 179s
2026-09-17 23:11:36 | INFO    | epoch 33 | batch 2560/4266 | loss 0.4360 | acc 0.9790 | lr 9.98e-06 | 180s
2026-09-17 23:11:37 | INFO    | epoch 33 | batch 2580/4266 | loss 0.4361 | acc 0.9789 | lr 9.97e-06 | 182s
2026-09-17 23:11:38 | INFO    | epoch 33 | batch 2600/4266 | loss 0.4362 | acc 0.9789 | lr 9.96e-06 | 183s
2026-09-17 23:11:40 | INFO    | epoch 33 | batch 2620/4266 | loss 0.4361 | acc 0.9789 | lr 9.94e-06 | 185s
2026-09-17 23:11:41 | INFO    | epoch 33 | batch 2640/4266 | loss 0.4361 | acc 0.9789 | lr 9.93e-06 | 186s
2026-09-17 23:11:43 | INFO    | epoch 33 | batch 2660/4266 | loss 0.4362 | acc 0.9788 | lr 9.92e-06 | 188s
2026-09-17 23:11:44 | INFO    | epoch 33 | batch 2680/4266 | loss 0.4361 | acc 0.9789 | lr 9.91e-06 | 189s
2026-09-17 23:11:45 | INFO    | epoch 33 | batch 2700/4266 | loss 0.4362 | acc 0.9788 | lr 9.90e-06 | 190s
2026-09-17 23:11:47 | INFO    | epoch 33 | batch 2720/4266 | loss 0.4361 | acc 0.9789 | lr 9.89e-06 | 192s
2026-09-17 23:11:48 | INFO    | epoch 33 | batch 2740/4266 | loss 0.4364 | acc 0.9787 | lr 9.88e-06 | 193s
2026-09-17 23:11:50 | INFO    | epoch 33 | batch 2760/4266 | loss 0.4363 | acc 0.9788 | lr 9.87e-06 | 195s
2026-09-17 23:11:51 | INFO    | epoch 33 | batch 2780/4266 | loss 0.4363 | acc 0.9788 | lr 9.86e-06 | 196s
2026-09-17 23:11:53 | INFO    | epoch 33 | batch 2800/4266 | loss 0.4364 | acc 0.9788 | lr 9.85e-06 | 197s
2026-09-17 23:11:54 | INFO    | epoch 33 | batch 2820/4266 | loss 0.4364 | acc 0.9788 | lr 9.84e-06 | 199s
2026-09-17 23:11:55 | INFO    | epoch 33 | batch 2840/4266 | loss 0.4363 | acc 0.9788 | lr 9.82e-06 | 200s
2026-09-17 23:11:57 | INFO    | epoch 33 | batch 2860/4266 | loss 0.4364 | acc 0.9787 | lr 9.81e-06 | 202s
2026-09-17 23:11:58 | INFO    | epoch 33 | batch 2880/4266 | loss 0.4363 | acc 0.9788 | lr 9.80e-06 | 203s
2026-09-17 23:12:00 | INFO    | epoch 33 | batch 2900/4266 | loss 0.4364 | acc 0.9787 | lr 9.79e-06 | 205s
2026-09-17 23:12:01 | INFO    | epoch 33 | batch 2920/4266 | loss 0.4365 | acc 0.9787 | lr 9.78e-06 | 206s
2026-09-17 23:12:02 | INFO    | epoch 33 | batch 2940/4266 | loss 0.4364 | acc 0.9787 | lr 9.77e-06 | 207s
2026-09-17 23:12:04 | INFO    | epoch 33 | batch 2960/4266 | loss 0.4365 | acc 0.9786 | lr 9.76e-06 | 209s
2026-09-17 23:12:05 | INFO    | epoch 33 | batch 2980/4266 | loss 0.4365 | acc 0.9786 | lr 9.75e-06 | 210s
2026-09-17 23:12:07 | INFO    | epoch 33 | batch 3000/4266 | loss 0.4365 | acc 0.9786 | lr 9.74e-06 | 211s
2026-09-17 23:12:08 | INFO    | epoch 33 | batch 3020/4266 | loss 0.4364 | acc 0.9786 | lr 9.73e-06 | 213s
2026-09-17 23:12:09 | INFO    | epoch 33 | batch 3040/4266 | loss 0.4363 | acc 0.9786 | lr 9.72e-06 | 214s
2026-09-17 23:12:11 | INFO    | epoch 33 | batch 3060/4266 | loss 0.4365 | acc 0.9786 | lr 9.70e-06 | 216s
2026-09-17 23:12:12 | INFO    | epoch 33 | batch 3080/4266 | loss 0.4365 | acc 0.9786 | lr 9.69e-06 | 217s
2026-09-17 23:12:14 | INFO    | epoch 33 | batch 3100/4266 | loss 0.4366 | acc 0.9785 | lr 9.68e-06 | 218s
2026-09-17 23:12:15 | INFO    | epoch 33 | batch 3120/4266 | loss 0.4366 | acc 0.9785 | lr 9.67e-06 | 220s
2026-09-17 23:12:16 | INFO    | epoch 33 | batch 3140/4266 | loss 0.4365 | acc 0.9786 | lr 9.66e-06 | 221s
2026-09-17 23:12:18 | INFO    | epoch 33 | batch 3160/4266 | loss 0.4365 | acc 0.9786 | lr 9.65e-06 | 223s
2026-09-17 23:12:19 | INFO    | epoch 33 | batch 3180/4266 | loss 0.4364 | acc 0.9786 | lr 9.64e-06 | 224s
2026-09-17 23:12:21 | INFO    | epoch 33 | batch 3200/4266 | loss 0.4364 | acc 0.9786 | lr 9.63e-06 | 226s
2026-09-17 23:12:22 | INFO    | epoch 33 | batch 3220/4266 | loss 0.4363 | acc 0.9787 | lr 9.62e-06 | 227s
2026-09-17 23:12:24 | INFO    | epoch 33 | batch 3240/4266 | loss 0.4363 | acc 0.9787 | lr 9.61e-06 | 228s
2026-09-17 23:12:25 | INFO    | epoch 33 | batch 3260/4266 | loss 0.4362 | acc 0.9788 | lr 9.60e-06 | 230s
2026-09-17 23:12:26 | INFO    | epoch 33 | batch 3280/4266 | loss 0.4362 | acc 0.9788 | lr 9.59e-06 | 231s
2026-09-17 23:12:28 | INFO    | epoch 33 | batch 3300/4266 | loss 0.4362 | acc 0.9788 | lr 9.57e-06 | 233s
2026-09-17 23:12:29 | INFO    | epoch 33 | batch 3320/4266 | loss 0.4363 | acc 0.9787 | lr 9.56e-06 | 234s
2026-09-17 23:12:31 | INFO    | epoch 33 | batch 3340/4266 | loss 0.4362 | acc 0.9788 | lr 9.55e-06 | 235s
2026-09-17 23:12:32 | INFO    | epoch 33 | batch 3360/4266 | loss 0.4362 | acc 0.9788 | lr 9.54e-06 | 237s
2026-09-17 23:12:33 | INFO    | epoch 33 | batch 3380/4266 | loss 0.4361 | acc 0.9788 | lr 9.53e-06 | 238s
2026-09-17 23:12:35 | INFO    | epoch 33 | batch 3400/4266 | loss 0.4362 | acc 0.9788 | lr 9.52e-06 | 240s
2026-09-17 23:12:36 | INFO    | epoch 33 | batch 3420/4266 | loss 0.4361 | acc 0.9788 | lr 9.51e-06 | 241s
2026-09-17 23:12:38 | INFO    | epoch 33 | batch 3440/4266 | loss 0.4362 | acc 0.9788 | lr 9.50e-06 | 243s
2026-09-17 23:12:39 | INFO    | epoch 33 | batch 3460/4266 | loss 0.4362 | acc 0.9788 | lr 9.49e-06 | 244s
2026-09-17 23:12:41 | INFO    | epoch 33 | batch 3480/4266 | loss 0.4361 | acc 0.9789 | lr 9.48e-06 | 245s
2026-09-17 23:12:42 | INFO    | epoch 33 | batch 3500/4266 | loss 0.4361 | acc 0.9789 | lr 9.47e-06 | 247s
2026-09-17 23:12:43 | INFO    | epoch 33 | batch 3520/4266 | loss 0.4361 | acc 0.9789 | lr 9.46e-06 | 248s
2026-09-17 23:12:45 | INFO    | epoch 33 | batch 3540/4266 | loss 0.4362 | acc 0.9788 | lr 9.45e-06 | 250s
2026-09-17 23:12:46 | INFO    | epoch 33 | batch 3560/4266 | loss 0.4362 | acc 0.9788 | lr 9.43e-06 | 251s
2026-09-17 23:12:48 | INFO    | epoch 33 | batch 3580/4266 | loss 0.4361 | acc 0.9789 | lr 9.42e-06 | 253s
2026-09-17 23:12:49 | INFO    | epoch 33 | batch 3600/4266 | loss 0.4361 | acc 0.9789 | lr 9.41e-06 | 254s
2026-09-17 23:12:51 | INFO    | epoch 33 | batch 3620/4266 | loss 0.4360 | acc 0.9789 | lr 9.40e-06 | 255s
2026-09-17 23:12:52 | INFO    | epoch 33 | batch 3640/4266 | loss 0.4359 | acc 0.9790 | lr 9.39e-06 | 257s
2026-09-17 23:12:53 | INFO    | epoch 33 | batch 3660/4266 | loss 0.4359 | acc 0.9790 | lr 9.38e-06 | 258s
2026-09-17 23:12:55 | INFO    | epoch 33 | batch 3680/4266 | loss 0.4359 | acc 0.9789 | lr 9.37e-06 | 260s
2026-09-17 23:12:56 | INFO    | epoch 33 | batch 3700/4266 | loss 0.4358 | acc 0.9790 | lr 9.36e-06 | 261s
2026-09-17 23:12:58 | INFO    | epoch 33 | batch 3720/4266 | loss 0.4358 | acc 0.9790 | lr 9.35e-06 | 263s
2026-09-17 23:12:59 | INFO    | epoch 33 | batch 3740/4266 | loss 0.4357 | acc 0.9791 | lr 9.34e-06 | 264s
2026-09-17 23:13:01 | INFO    | epoch 33 | batch 3760/4266 | loss 0.4357 | acc 0.9791 | lr 9.33e-06 | 265s
2026-09-17 23:13:02 | INFO    | epoch 33 | batch 3780/4266 | loss 0.4356 | acc 0.9791 | lr 9.32e-06 | 267s
2026-09-17 23:13:03 | INFO    | epoch 33 | batch 3800/4266 | loss 0.4356 | acc 0.9791 | lr 9.31e-06 | 268s
2026-09-17 23:13:05 | INFO    | epoch 33 | batch 3820/4266 | loss 0.4356 | acc 0.9791 | lr 9.30e-06 | 270s
2026-09-17 23:13:06 | INFO    | epoch 33 | batch 3840/4266 | loss 0.4356 | acc 0.9792 | lr 9.29e-06 | 271s
2026-09-17 23:13:07 | INFO    | epoch 33 | batch 3860/4266 | loss 0.4356 | acc 0.9792 | lr 9.27e-06 | 272s
2026-09-17 23:13:09 | INFO    | epoch 33 | batch 3880/4266 | loss 0.4356 | acc 0.9792 | lr 9.26e-06 | 274s
2026-09-17 23:13:10 | INFO    | epoch 33 | batch 3900/4266 | loss 0.4356 | acc 0.9792 | lr 9.25e-06 | 275s
2026-09-17 23:13:12 | INFO    | epoch 33 | batch 3920/4266 | loss 0.4356 | acc 0.9792 | lr 9.24e-06 | 276s
2026-09-17 23:13:13 | INFO    | epoch 33 | batch 3940/4266 | loss 0.4355 | acc 0.9792 | lr 9.23e-06 | 278s
2026-09-17 23:13:14 | INFO    | epoch 33 | batch 3960/4266 | loss 0.4356 | acc 0.9792 | lr 9.22e-06 | 279s
2026-09-17 23:13:16 | INFO    | epoch 33 | batch 3980/4266 | loss 0.4355 | acc 0.9792 | lr 9.21e-06 | 281s
2026-09-17 23:13:17 | INFO    | epoch 33 | batch 4000/4266 | loss 0.4356 | acc 0.9792 | lr 9.20e-06 | 282s
2026-09-17 23:13:19 | INFO    | epoch 33 | batch 4020/4266 | loss 0.4357 | acc 0.9791 | lr 9.19e-06 | 284s
2026-09-17 23:13:20 | INFO    | epoch 33 | batch 4040/4266 | loss 0.4357 | acc 0.9791 | lr 9.18e-06 | 285s
2026-09-17 23:13:22 | INFO    | epoch 33 | batch 4060/4266 | loss 0.4358 | acc 0.9790 | lr 9.17e-06 | 286s
2026-09-17 23:13:23 | INFO    | epoch 33 | batch 4080/4266 | loss 0.4357 | acc 0.9791 | lr 9.16e-06 | 288s
2026-09-17 23:13:24 | INFO    | epoch 33 | batch 4100/4266 | loss 0.4356 | acc 0.9791 | lr 9.15e-06 | 289s
2026-09-17 23:13:26 | INFO    | epoch 33 | batch 4120/4266 | loss 0.4356 | acc 0.9791 | lr 9.14e-06 | 291s
2026-09-17 23:13:27 | INFO    | epoch 33 | batch 4140/4266 | loss 0.4355 | acc 0.9792 | lr 9.13e-06 | 292s
2026-09-17 23:13:29 | INFO    | epoch 33 | batch 4160/4266 | loss 0.4355 | acc 0.9791 | lr 9.12e-06 | 294s
2026-09-17 23:13:30 | INFO    | epoch 33 | batch 4180/4266 | loss 0.4355 | acc 0.9791 | lr 9.11e-06 | 295s
2026-09-17 23:13:31 | INFO    | epoch 33 | batch 4200/4266 | loss 0.4355 | acc 0.9791 | lr 9.09e-06 | 296s
2026-09-17 23:13:33 | INFO    | epoch 33 | batch 4220/4266 | loss 0.4354 | acc 0.9792 | lr 9.08e-06 | 298s
2026-09-17 23:13:34 | INFO    | epoch 33 | batch 4240/4266 | loss 0.4354 | acc 0.9791 | lr 9.07e-06 | 299s
2026-09-17 23:13:36 | INFO    | epoch 33 | batch 4260/4266 | loss 0.4354 | acc 0.9792 | lr 9.06e-06 | 301s
2026-09-17 23:13:36 | INFO    | epoch 33 | batch 4266/4266 | loss 0.4354 | acc 0.9792 | lr 9.06e-06 | 301s
2026-09-17 23:13:46 | INFO    | epoch 33/40 done in 311s | train loss 0.4354 | train running patch (aug): accuracy=0.9792 precision=0.9790 recall=0.9784 f1=0.9787
2026-09-17 23:13:46 | INFO    | epoch 33 train (eval, no aug) | loss 0.4469 | patch[7280]: accuracy=0.9736 precision=0.9730 recall=0.9735 f1=0.9732 | image[455]: accuracy=1.0000 precision=1.0000 recall=1.0000 f1=1.0000
2026-09-17 23:13:46 | INFO    | epoch 33 val | loss 1.2250 | patch[8448]: accuracy=0.6635 precision=0.6394 recall=0.6359 f1=0.6370 | image[96]: accuracy=0.7396 precision=0.7083 recall=0.7052 f1=0.7050
2026-09-17 23:13:46 | INFO    | val_patch_f1 = 0.6370 (best 0.6545 @ epoch 31)
2026-09-17 23:13:48 | INFO    | epoch 34 | batch 20/4266 | loss 0.4402 | acc 0.9797 | lr 9.05e-06 | 2s
2026-09-17 23:13:49 | INFO    | epoch 34 | batch 40/4266 | loss 0.4340 | acc 0.9812 | lr 9.04e-06 | 3s
2026-09-17 23:13:51 | INFO    | epoch 34 | batch 60/4266 | loss 0.4345 | acc 0.9797 | lr 9.03e-06 | 4s
2026-09-17 23:13:52 | INFO    | epoch 34 | batch 80/4266 | loss 0.4305 | acc 0.9812 | lr 9.02e-06 | 6s
2026-09-17 23:13:53 | INFO    | epoch 34 | batch 100/4266 | loss 0.4296 | acc 0.9816 | lr 9.01e-06 | 7s
2026-09-17 23:13:55 | INFO    | epoch 34 | batch 120/4266 | loss 0.4307 | acc 0.9815 | lr 9.00e-06 | 9s
2026-09-17 23:13:56 | INFO    | epoch 34 | batch 140/4266 | loss 0.4296 | acc 0.9821 | lr 8.99e-06 | 10s
2026-09-17 23:13:58 | INFO    | epoch 34 | batch 160/4266 | loss 0.4315 | acc 0.9812 | lr 8.98e-06 | 12s
2026-09-17 23:13:59 | INFO    | epoch 34 | batch 180/4266 | loss 0.4305 | acc 0.9814 | lr 8.97e-06 | 13s
2026-09-17 23:14:00 | INFO    | epoch 34 | batch 200/4266 | loss 0.4304 | acc 0.9816 | lr 8.96e-06 | 14s
2026-09-17 23:14:02 | INFO    | epoch 34 | batch 220/4266 | loss 0.4302 | acc 0.9811 | lr 8.95e-06 | 16s
2026-09-17 23:14:03 | INFO    | epoch 34 | batch 240/4266 | loss 0.4309 | acc 0.9810 | lr 8.93e-06 | 17s
2026-09-17 23:14:05 | INFO    | epoch 34 | batch 260/4266 | loss 0.4307 | acc 0.9811 | lr 8.92e-06 | 19s
2026-09-17 23:14:06 | INFO    | epoch 34 | batch 280/4266 | loss 0.4314 | acc 0.9809 | lr 8.91e-06 | 20s
2026-09-17 23:14:08 | INFO    | epoch 34 | batch 300/4266 | loss 0.4316 | acc 0.9809 | lr 8.90e-06 | 21s
2026-09-17 23:14:09 | INFO    | epoch 34 | batch 320/4266 | loss 0.4331 | acc 0.9807 | lr 8.89e-06 | 23s
2026-09-17 23:14:10 | INFO    | epoch 34 | batch 340/4266 | loss 0.4332 | acc 0.9807 | lr 8.88e-06 | 24s
2026-09-17 23:14:11 | INFO    | epoch 34 | batch 360/4266 | loss 0.4331 | acc 0.9806 | lr 8.87e-06 | 25s
2026-09-17 23:14:13 | INFO    | epoch 34 | batch 380/4266 | loss 0.4328 | acc 0.9807 | lr 8.86e-06 | 27s
2026-09-17 23:14:14 | INFO    | epoch 34 | batch 400/4266 | loss 0.4326 | acc 0.9805 | lr 8.85e-06 | 28s
2026-09-17 23:14:16 | INFO    | epoch 34 | batch 420/4266 | loss 0.4329 | acc 0.9806 | lr 8.84e-06 | 29s
2026-09-17 23:14:17 | INFO    | epoch 34 | batch 440/4266 | loss 0.4327 | acc 0.9806 | lr 8.83e-06 | 31s
2026-09-17 23:14:18 | INFO    | epoch 34 | batch 460/4266 | loss 0.4322 | acc 0.9807 | lr 8.82e-06 | 32s
2026-09-17 23:14:20 | INFO    | epoch 34 | batch 480/4266 | loss 0.4332 | acc 0.9803 | lr 8.81e-06 | 34s
2026-09-17 23:14:21 | INFO    | epoch 34 | batch 500/4266 | loss 0.4332 | acc 0.9803 | lr 8.80e-06 | 35s
2026-09-17 23:14:23 | INFO    | epoch 34 | batch 520/4266 | loss 0.4332 | acc 0.9805 | lr 8.79e-06 | 37s
2026-09-17 23:14:24 | INFO    | epoch 34 | batch 540/4266 | loss 0.4336 | acc 0.9803 | lr 8.78e-06 | 38s
2026-09-17 23:14:25 | INFO    | epoch 34 | batch 560/4266 | loss 0.4339 | acc 0.9799 | lr 8.77e-06 | 39s
2026-09-17 23:14:27 | INFO    | epoch 34 | batch 580/4266 | loss 0.4339 | acc 0.9800 | lr 8.76e-06 | 41s
2026-09-17 23:14:28 | INFO    | epoch 34 | batch 600/4266 | loss 0.4334 | acc 0.9804 | lr 8.75e-06 | 42s
2026-09-17 23:14:30 | INFO    | epoch 34 | batch 620/4266 | loss 0.4332 | acc 0.9803 | lr 8.74e-06 | 44s
2026-09-17 23:14:31 | INFO    | epoch 34 | batch 640/4266 | loss 0.4332 | acc 0.9804 | lr 8.73e-06 | 45s
2026-09-17 23:14:33 | INFO    | epoch 34 | batch 660/4266 | loss 0.4332 | acc 0.9804 | lr 8.72e-06 | 47s
2026-09-17 23:14:34 | INFO    | epoch 34 | batch 680/4266 | loss 0.4332 | acc 0.9805 | lr 8.71e-06 | 48s
2026-09-17 23:14:36 | INFO    | epoch 34 | batch 700/4266 | loss 0.4335 | acc 0.9803 | lr 8.70e-06 | 49s
2026-09-17 23:14:37 | INFO    | epoch 34 | batch 720/4266 | loss 0.4338 | acc 0.9803 | lr 8.69e-06 | 51s
2026-09-17 23:14:39 | INFO    | epoch 34 | batch 740/4266 | loss 0.4337 | acc 0.9802 | lr 8.68e-06 | 53s
2026-09-17 23:14:40 | INFO    | epoch 34 | batch 760/4266 | loss 0.4339 | acc 0.9801 | lr 8.67e-06 | 54s
2026-09-17 23:14:42 | INFO    | epoch 34 | batch 780/4266 | loss 0.4339 | acc 0.9802 | lr 8.66e-06 | 55s
2026-09-17 23:14:43 | INFO    | epoch 34 | batch 800/4266 | loss 0.4338 | acc 0.9802 | lr 8.65e-06 | 57s
2026-09-17 23:14:44 | INFO    | epoch 34 | batch 820/4266 | loss 0.4339 | acc 0.9801 | lr 8.64e-06 | 58s
2026-09-17 23:14:46 | INFO    | epoch 34 | batch 840/4266 | loss 0.4336 | acc 0.9802 | lr 8.63e-06 | 60s
2026-09-17 23:14:47 | INFO    | epoch 34 | batch 860/4266 | loss 0.4335 | acc 0.9803 | lr 8.61e-06 | 61s
2026-09-17 23:14:49 | INFO    | epoch 34 | batch 880/4266 | loss 0.4336 | acc 0.9802 | lr 8.60e-06 | 63s
2026-09-17 23:14:50 | INFO    | epoch 34 | batch 900/4266 | loss 0.4337 | acc 0.9802 | lr 8.59e-06 | 64s
2026-09-17 23:14:51 | INFO    | epoch 34 | batch 920/4266 | loss 0.4336 | acc 0.9802 | lr 8.58e-06 | 65s
2026-09-17 23:14:53 | INFO    | epoch 34 | batch 940/4266 | loss 0.4337 | acc 0.9801 | lr 8.57e-06 | 67s
2026-09-17 23:14:54 | INFO    | epoch 34 | batch 960/4266 | loss 0.4334 | acc 0.9803 | lr 8.56e-06 | 68s
2026-09-17 23:14:56 | INFO    | epoch 34 | batch 980/4266 | loss 0.4333 | acc 0.9803 | lr 8.55e-06 | 70s
2026-09-17 23:14:57 | INFO    | epoch 34 | batch 1000/4266 | loss 0.4331 | acc 0.9803 | lr 8.54e-06 | 71s
2026-09-17 23:14:59 | INFO    | epoch 34 | batch 1020/4266 | loss 0.4333 | acc 0.9802 | lr 8.53e-06 | 73s
2026-09-17 23:15:00 | INFO    | epoch 34 | batch 1040/4266 | loss 0.4333 | acc 0.9802 | lr 8.52e-06 | 74s
2026-09-17 23:15:02 | INFO    | epoch 34 | batch 1060/4266 | loss 0.4332 | acc 0.9803 | lr 8.51e-06 | 76s
2026-09-17 23:15:03 | INFO    | epoch 34 | batch 1080/4266 | loss 0.4332 | acc 0.9804 | lr 8.50e-06 | 77s
2026-09-17 23:15:05 | INFO    | epoch 34 | batch 1100/4266 | loss 0.4331 | acc 0.9804 | lr 8.49e-06 | 79s
2026-09-17 23:15:06 | INFO    | epoch 34 | batch 1120/4266 | loss 0.4332 | acc 0.9803 | lr 8.48e-06 | 80s
2026-09-17 23:15:08 | INFO    | epoch 34 | batch 1140/4266 | loss 0.4331 | acc 0.9804 | lr 8.47e-06 | 82s
2026-09-17 23:15:09 | INFO    | epoch 34 | batch 1160/4266 | loss 0.4330 | acc 0.9804 | lr 8.46e-06 | 83s
2026-09-17 23:15:11 | INFO    | epoch 34 | batch 1180/4266 | loss 0.4333 | acc 0.9804 | lr 8.45e-06 | 85s
2026-09-17 23:15:12 | INFO    | epoch 34 | batch 1200/4266 | loss 0.4332 | acc 0.9804 | lr 8.44e-06 | 86s
2026-09-17 23:15:14 | INFO    | epoch 34 | batch 1220/4266 | loss 0.4330 | acc 0.9805 | lr 8.43e-06 | 88s
2026-09-17 23:15:15 | INFO    | epoch 34 | batch 1240/4266 | loss 0.4332 | acc 0.9804 | lr 8.42e-06 | 89s
2026-09-17 23:15:17 | INFO    | epoch 34 | batch 1260/4266 | loss 0.4335 | acc 0.9803 | lr 8.41e-06 | 91s
2026-09-17 23:15:18 | INFO    | epoch 34 | batch 1280/4266 | loss 0.4335 | acc 0.9803 | lr 8.40e-06 | 92s
2026-09-17 23:15:20 | INFO    | epoch 34 | batch 1300/4266 | loss 0.4334 | acc 0.9803 | lr 8.39e-06 | 94s
2026-09-17 23:15:21 | INFO    | epoch 34 | batch 1320/4266 | loss 0.4335 | acc 0.9802 | lr 8.38e-06 | 95s
2026-09-17 23:15:23 | INFO    | epoch 34 | batch 1340/4266 | loss 0.4335 | acc 0.9802 | lr 8.37e-06 | 97s
2026-09-17 23:15:24 | INFO    | epoch 34 | batch 1360/4266 | loss 0.4337 | acc 0.9801 | lr 8.36e-06 | 98s
2026-09-17 23:15:26 | INFO    | epoch 34 | batch 1380/4266 | loss 0.4338 | acc 0.9800 | lr 8.35e-06 | 100s
2026-09-17 23:15:27 | INFO    | epoch 34 | batch 1400/4266 | loss 0.4339 | acc 0.9800 | lr 8.34e-06 | 101s
2026-09-17 23:15:29 | INFO    | epoch 34 | batch 1420/4266 | loss 0.4336 | acc 0.9801 | lr 8.33e-06 | 103s
2026-09-17 23:15:31 | INFO    | epoch 34 | batch 1440/4266 | loss 0.4337 | acc 0.9801 | lr 8.32e-06 | 104s
2026-09-17 23:15:32 | INFO    | epoch 34 | batch 1460/4266 | loss 0.4336 | acc 0.9802 | lr 8.31e-06 | 106s
2026-09-17 23:15:34 | INFO    | epoch 34 | batch 1480/4266 | loss 0.4334 | acc 0.9803 | lr 8.30e-06 | 107s
2026-09-17 23:15:35 | INFO    | epoch 34 | batch 1500/4266 | loss 0.4333 | acc 0.9804 | lr 8.29e-06 | 109s
2026-09-17 23:15:37 | INFO    | epoch 34 | batch 1520/4266 | loss 0.4333 | acc 0.9804 | lr 8.28e-06 | 110s
2026-09-17 23:15:38 | INFO    | epoch 34 | batch 1540/4266 | loss 0.4332 | acc 0.9805 | lr 8.27e-06 | 112s
2026-09-17 23:15:40 | INFO    | epoch 34 | batch 1560/4266 | loss 0.4333 | acc 0.9805 | lr 8.26e-06 | 113s
2026-09-17 23:15:41 | INFO    | epoch 34 | batch 1580/4266 | loss 0.4333 | acc 0.9805 | lr 8.25e-06 | 115s
2026-09-17 23:15:42 | INFO    | epoch 34 | batch 1600/4266 | loss 0.4334 | acc 0.9805 | lr 8.24e-06 | 116s
2026-09-17 23:15:44 | INFO    | epoch 34 | batch 1620/4266 | loss 0.4332 | acc 0.9806 | lr 8.23e-06 | 118s
2026-09-17 23:15:45 | INFO    | epoch 34 | batch 1640/4266 | loss 0.4333 | acc 0.9805 | lr 8.22e-06 | 119s
2026-09-17 23:15:47 | INFO    | epoch 34 | batch 1660/4266 | loss 0.4334 | acc 0.9804 | lr 8.21e-06 | 121s
2026-09-17 23:15:48 | INFO    | epoch 34 | batch 1680/4266 | loss 0.4334 | acc 0.9804 | lr 8.20e-06 | 122s
2026-09-17 23:15:49 | INFO    | epoch 34 | batch 1700/4266 | loss 0.4334 | acc 0.9804 | lr 8.19e-06 | 123s
2026-09-17 23:15:51 | INFO    | epoch 34 | batch 1720/4266 | loss 0.4333 | acc 0.9804 | lr 8.18e-06 | 125s
2026-09-17 23:15:52 | INFO    | epoch 34 | batch 1740/4266 | loss 0.4331 | acc 0.9805 | lr 8.17e-06 | 126s
2026-09-17 23:15:54 | INFO    | epoch 34 | batch 1760/4266 | loss 0.4331 | acc 0.9806 | lr 8.16e-06 | 127s
2026-09-17 23:15:55 | INFO    | epoch 34 | batch 1780/4266 | loss 0.4330 | acc 0.9807 | lr 8.15e-06 | 129s
2026-09-17 23:15:56 | INFO    | epoch 34 | batch 1800/4266 | loss 0.4329 | acc 0.9807 | lr 8.14e-06 | 130s
2026-09-17 23:15:58 | INFO    | epoch 34 | batch 1820/4266 | loss 0.4328 | acc 0.9807 | lr 8.13e-06 | 131s
2026-09-17 23:15:59 | INFO    | epoch 34 | batch 1840/4266 | loss 0.4329 | acc 0.9807 | lr 8.12e-06 | 133s
2026-09-17 23:16:00 | INFO    | epoch 34 | batch 1860/4266 | loss 0.4330 | acc 0.9806 | lr 8.11e-06 | 134s
2026-09-17 23:16:02 | INFO    | epoch 34 | batch 1880/4266 | loss 0.4330 | acc 0.9806 | lr 8.10e-06 | 136s
2026-09-17 23:16:03 | INFO    | epoch 34 | batch 1900/4266 | loss 0.4331 | acc 0.9806 | lr 8.09e-06 | 137s
2026-09-17 23:16:05 | INFO    | epoch 34 | batch 1920/4266 | loss 0.4329 | acc 0.9807 | lr 8.08e-06 | 139s
2026-09-17 23:16:06 | INFO    | epoch 34 | batch 1940/4266 | loss 0.4329 | acc 0.9806 | lr 8.07e-06 | 140s
2026-09-17 23:16:08 | INFO    | epoch 34 | batch 1960/4266 | loss 0.4328 | acc 0.9806 | lr 8.06e-06 | 141s
2026-09-17 23:16:09 | INFO    | epoch 34 | batch 1980/4266 | loss 0.4327 | acc 0.9807 | lr 8.05e-06 | 143s
2026-09-17 23:16:10 | INFO    | epoch 34 | batch 2000/4266 | loss 0.4327 | acc 0.9808 | lr 8.04e-06 | 144s
2026-09-17 23:16:12 | INFO    | epoch 34 | batch 2020/4266 | loss 0.4329 | acc 0.9807 | lr 8.03e-06 | 146s
2026-09-17 23:16:13 | INFO    | epoch 34 | batch 2040/4266 | loss 0.4331 | acc 0.9806 | lr 8.02e-06 | 147s
2026-09-17 23:16:15 | INFO    | epoch 34 | batch 2060/4266 | loss 0.4331 | acc 0.9806 | lr 8.01e-06 | 149s
2026-09-17 23:16:16 | INFO    | epoch 34 | batch 2080/4266 | loss 0.4329 | acc 0.9808 | lr 8.00e-06 | 150s
2026-09-17 23:16:18 | INFO    | epoch 34 | batch 2100/4266 | loss 0.4330 | acc 0.9807 | lr 7.99e-06 | 151s
2026-09-17 23:16:19 | INFO    | epoch 34 | batch 2120/4266 | loss 0.4329 | acc 0.9808 | lr 7.98e-06 | 153s
2026-09-17 23:16:20 | INFO    | epoch 34 | batch 2140/4266 | loss 0.4329 | acc 0.9807 | lr 7.97e-06 | 154s
2026-09-17 23:16:22 | INFO    | epoch 34 | batch 2160/4266 | loss 0.4330 | acc 0.9807 | lr 7.96e-06 | 156s
2026-09-17 23:16:23 | INFO    | epoch 34 | batch 2180/4266 | loss 0.4330 | acc 0.9806 | lr 7.95e-06 | 157s
2026-09-17 23:16:25 | INFO    | epoch 34 | batch 2200/4266 | loss 0.4330 | acc 0.9807 | lr 7.94e-06 | 159s
2026-09-17 23:16:26 | INFO    | epoch 34 | batch 2220/4266 | loss 0.4331 | acc 0.9806 | lr 7.93e-06 | 160s
2026-09-17 23:16:28 | INFO    | epoch 34 | batch 2240/4266 | loss 0.4332 | acc 0.9805 | lr 7.92e-06 | 162s
2026-09-17 23:16:29 | INFO    | epoch 34 | batch 2260/4266 | loss 0.4333 | acc 0.9805 | lr 7.91e-06 | 163s
2026-09-17 23:16:31 | INFO    | epoch 34 | batch 2280/4266 | loss 0.4335 | acc 0.9805 | lr 7.90e-06 | 165s
2026-09-17 23:16:32 | INFO    | epoch 34 | batch 2300/4266 | loss 0.4334 | acc 0.9805 | lr 7.90e-06 | 166s
2026-09-17 23:16:34 | INFO    | epoch 34 | batch 2320/4266 | loss 0.4334 | acc 0.9805 | lr 7.89e-06 | 167s
2026-09-17 23:16:35 | INFO    | epoch 34 | batch 2340/4266 | loss 0.4333 | acc 0.9806 | lr 7.88e-06 | 169s
2026-09-17 23:16:36 | INFO    | epoch 34 | batch 2360/4266 | loss 0.4332 | acc 0.9806 | lr 7.87e-06 | 170s
2026-09-17 23:16:38 | INFO    | epoch 34 | batch 2380/4266 | loss 0.4332 | acc 0.9806 | lr 7.86e-06 | 172s
2026-09-17 23:16:39 | INFO    | epoch 34 | batch 2400/4266 | loss 0.4333 | acc 0.9806 | lr 7.85e-06 | 173s
2026-09-17 23:16:41 | INFO    | epoch 34 | batch 2420/4266 | loss 0.4332 | acc 0.9806 | lr 7.84e-06 | 175s
2026-09-17 23:16:42 | INFO    | epoch 34 | batch 2440/4266 | loss 0.4332 | acc 0.9807 | lr 7.83e-06 | 176s
2026-09-17 23:16:44 | INFO    | epoch 34 | batch 2460/4266 | loss 0.4331 | acc 0.9807 | lr 7.82e-06 | 178s
2026-09-17 23:16:45 | INFO    | epoch 34 | batch 2480/4266 | loss 0.4331 | acc 0.9807 | lr 7.81e-06 | 179s
2026-09-17 23:16:47 | INFO    | epoch 34 | batch 2500/4266 | loss 0.4333 | acc 0.9806 | lr 7.80e-06 | 180s
2026-09-17 23:16:48 | INFO    | epoch 34 | batch 2520/4266 | loss 0.4334 | acc 0.9805 | lr 7.79e-06 | 182s
2026-09-17 23:16:49 | INFO    | epoch 34 | batch 2540/4266 | loss 0.4335 | acc 0.9805 | lr 7.78e-06 | 183s
2026-09-17 23:16:51 | INFO    | epoch 34 | batch 2560/4266 | loss 0.4335 | acc 0.9805 | lr 7.77e-06 | 185s
2026-09-17 23:16:52 | INFO    | epoch 34 | batch 2580/4266 | loss 0.4334 | acc 0.9805 | lr 7.76e-06 | 186s
2026-09-17 23:16:54 | INFO    | epoch 34 | batch 2600/4266 | loss 0.4336 | acc 0.9805 | lr 7.75e-06 | 187s
2026-09-17 23:16:55 | INFO    | epoch 34 | batch 2620/4266 | loss 0.4336 | acc 0.9805 | lr 7.74e-06 | 189s
2026-09-17 23:16:56 | INFO    | epoch 34 | batch 2640/4266 | loss 0.4334 | acc 0.9805 | lr 7.73e-06 | 190s
2026-09-17 23:16:58 | INFO    | epoch 34 | batch 2660/4266 | loss 0.4335 | acc 0.9805 | lr 7.72e-06 | 192s
2026-09-17 23:16:59 | INFO    | epoch 34 | batch 2680/4266 | loss 0.4335 | acc 0.9805 | lr 7.71e-06 | 193s
2026-09-17 23:17:01 | INFO    | epoch 34 | batch 2700/4266 | loss 0.4335 | acc 0.9805 | lr 7.70e-06 | 195s
2026-09-17 23:17:02 | INFO    | epoch 34 | batch 2720/4266 | loss 0.4335 | acc 0.9805 | lr 7.69e-06 | 196s
2026-09-17 23:17:03 | INFO    | epoch 34 | batch 2740/4266 | loss 0.4337 | acc 0.9804 | lr 7.68e-06 | 197s
2026-09-17 23:17:05 | INFO    | epoch 34 | batch 2760/4266 | loss 0.4338 | acc 0.9804 | lr 7.67e-06 | 199s
2026-09-17 23:17:06 | INFO    | epoch 34 | batch 2780/4266 | loss 0.4337 | acc 0.9805 | lr 7.66e-06 | 200s
2026-09-17 23:17:08 | INFO    | epoch 34 | batch 2800/4266 | loss 0.4336 | acc 0.9805 | lr 7.65e-06 | 202s
2026-09-17 23:17:09 | INFO    | epoch 34 | batch 2820/4266 | loss 0.4335 | acc 0.9805 | lr 7.64e-06 | 203s
2026-09-17 23:17:11 | INFO    | epoch 34 | batch 2840/4266 | loss 0.4334 | acc 0.9805 | lr 7.63e-06 | 204s
2026-09-17 23:17:12 | INFO    | epoch 34 | batch 2860/4266 | loss 0.4334 | acc 0.9806 | lr 7.62e-06 | 206s
2026-09-17 23:17:13 | INFO    | epoch 34 | batch 2880/4266 | loss 0.4335 | acc 0.9805 | lr 7.61e-06 | 207s
2026-09-17 23:17:15 | INFO    | epoch 34 | batch 2900/4266 | loss 0.4335 | acc 0.9805 | lr 7.60e-06 | 209s
2026-09-17 23:17:16 | INFO    | epoch 34 | batch 2920/4266 | loss 0.4335 | acc 0.9806 | lr 7.60e-06 | 210s
2026-09-17 23:17:18 | INFO    | epoch 34 | batch 2940/4266 | loss 0.4335 | acc 0.9806 | lr 7.59e-06 | 212s
2026-09-17 23:17:19 | INFO    | epoch 34 | batch 2960/4266 | loss 0.4335 | acc 0.9805 | lr 7.58e-06 | 213s
2026-09-17 23:17:20 | INFO    | epoch 34 | batch 2980/4266 | loss 0.4335 | acc 0.9805 | lr 7.57e-06 | 214s
2026-09-17 23:17:22 | INFO    | epoch 34 | batch 3000/4266 | loss 0.4336 | acc 0.9805 | lr 7.56e-06 | 216s
2026-09-17 23:17:23 | INFO    | epoch 34 | batch 3020/4266 | loss 0.4337 | acc 0.9804 | lr 7.55e-06 | 217s
2026-09-17 23:17:25 | INFO    | epoch 34 | batch 3040/4266 | loss 0.4337 | acc 0.9804 | lr 7.54e-06 | 219s
2026-09-17 23:17:26 | INFO    | epoch 34 | batch 3060/4266 | loss 0.4336 | acc 0.9804 | lr 7.53e-06 | 220s
2026-09-17 23:17:28 | INFO    | epoch 34 | batch 3080/4266 | loss 0.4337 | acc 0.9803 | lr 7.52e-06 | 221s
2026-09-17 23:17:29 | INFO    | epoch 34 | batch 3100/4266 | loss 0.4336 | acc 0.9804 | lr 7.51e-06 | 223s
2026-09-17 23:17:30 | INFO    | epoch 34 | batch 3120/4266 | loss 0.4336 | acc 0.9803 | lr 7.50e-06 | 224s
2026-09-17 23:17:32 | INFO    | epoch 34 | batch 3140/4266 | loss 0.4336 | acc 0.9804 | lr 7.49e-06 | 226s
2026-09-17 23:17:33 | INFO    | epoch 34 | batch 3160/4266 | loss 0.4337 | acc 0.9803 | lr 7.48e-06 | 227s
2026-09-17 23:17:35 | INFO    | epoch 34 | batch 3180/4266 | loss 0.4337 | acc 0.9803 | lr 7.47e-06 | 228s
2026-09-17 23:17:36 | INFO    | epoch 34 | batch 3200/4266 | loss 0.4338 | acc 0.9803 | lr 7.46e-06 | 230s
2026-09-17 23:17:37 | INFO    | epoch 34 | batch 3220/4266 | loss 0.4336 | acc 0.9803 | lr 7.45e-06 | 231s
2026-09-17 23:17:39 | INFO    | epoch 34 | batch 3240/4266 | loss 0.4336 | acc 0.9803 | lr 7.44e-06 | 233s
2026-09-17 23:17:40 | INFO    | epoch 34 | batch 3260/4266 | loss 0.4336 | acc 0.9803 | lr 7.43e-06 | 234s
2026-09-17 23:17:42 | INFO    | epoch 34 | batch 3280/4266 | loss 0.4337 | acc 0.9803 | lr 7.42e-06 | 236s
2026-09-17 23:17:43 | INFO    | epoch 34 | batch 3300/4266 | loss 0.4338 | acc 0.9803 | lr 7.41e-06 | 237s
2026-09-17 23:17:45 | INFO    | epoch 34 | batch 3320/4266 | loss 0.4338 | acc 0.9802 | lr 7.41e-06 | 239s
2026-09-17 23:17:46 | INFO    | epoch 34 | batch 3340/4266 | loss 0.4339 | acc 0.9802 | lr 7.40e-06 | 240s
2026-09-17 23:17:48 | INFO    | epoch 34 | batch 3360/4266 | loss 0.4338 | acc 0.9802 | lr 7.39e-06 | 242s
2026-09-17 23:17:49 | INFO    | epoch 34 | batch 3380/4266 | loss 0.4338 | acc 0.9802 | lr 7.38e-06 | 243s
2026-09-17 23:17:51 | INFO    | epoch 34 | batch 3400/4266 | loss 0.4338 | acc 0.9802 | lr 7.37e-06 | 245s
2026-09-17 23:17:52 | INFO    | epoch 34 | batch 3420/4266 | loss 0.4339 | acc 0.9801 | lr 7.36e-06 | 246s
2026-09-17 23:17:54 | INFO    | epoch 34 | batch 3440/4266 | loss 0.4338 | acc 0.9802 | lr 7.35e-06 | 247s
2026-09-17 23:17:55 | INFO    | epoch 34 | batch 3460/4266 | loss 0.4338 | acc 0.9802 | lr 7.34e-06 | 249s
2026-09-17 23:17:56 | INFO    | epoch 34 | batch 3480/4266 | loss 0.4338 | acc 0.9802 | lr 7.33e-06 | 250s
2026-09-17 23:17:58 | INFO    | epoch 34 | batch 3500/4266 | loss 0.4339 | acc 0.9801 | lr 7.32e-06 | 252s
2026-09-17 23:17:59 | INFO    | epoch 34 | batch 3520/4266 | loss 0.4339 | acc 0.9801 | lr 7.31e-06 | 253s
2026-09-17 23:18:01 | INFO    | epoch 34 | batch 3540/4266 | loss 0.4340 | acc 0.9801 | lr 7.30e-06 | 254s
2026-09-17 23:18:02 | INFO    | epoch 34 | batch 3560/4266 | loss 0.4339 | acc 0.9801 | lr 7.29e-06 | 256s
2026-09-17 23:18:03 | INFO    | epoch 34 | batch 3580/4266 | loss 0.4340 | acc 0.9800 | lr 7.28e-06 | 257s
2026-09-17 23:18:05 | INFO    | epoch 34 | batch 3600/4266 | loss 0.4340 | acc 0.9801 | lr 7.27e-06 | 259s
2026-09-17 23:18:06 | INFO    | epoch 34 | batch 3620/4266 | loss 0.4341 | acc 0.9801 | lr 7.26e-06 | 260s
2026-09-17 23:18:08 | INFO    | epoch 34 | batch 3640/4266 | loss 0.4341 | acc 0.9801 | lr 7.26e-06 | 262s
2026-09-17 23:18:09 | INFO    | epoch 34 | batch 3660/4266 | loss 0.4340 | acc 0.9801 | lr 7.25e-06 | 263s
2026-09-17 23:18:11 | INFO    | epoch 34 | batch 3680/4266 | loss 0.4340 | acc 0.9801 | lr 7.24e-06 | 265s
2026-09-17 23:18:12 | INFO    | epoch 34 | batch 3700/4266 | loss 0.4339 | acc 0.9802 | lr 7.23e-06 | 266s
2026-09-17 23:18:14 | INFO    | epoch 34 | batch 3720/4266 | loss 0.4338 | acc 0.9802 | lr 7.22e-06 | 267s
2026-09-17 23:18:15 | INFO    | epoch 34 | batch 3740/4266 | loss 0.4338 | acc 0.9802 | lr 7.21e-06 | 269s
2026-09-17 23:18:17 | INFO    | epoch 34 | batch 3760/4266 | loss 0.4338 | acc 0.9802 | lr 7.20e-06 | 270s
2026-09-17 23:18:18 | INFO    | epoch 34 | batch 3780/4266 | loss 0.4338 | acc 0.9802 | lr 7.19e-06 | 272s
2026-09-17 23:18:20 | INFO    | epoch 34 | batch 3800/4266 | loss 0.4337 | acc 0.9802 | lr 7.18e-06 | 273s
2026-09-17 23:18:21 | INFO    | epoch 34 | batch 3820/4266 | loss 0.4337 | acc 0.9802 | lr 7.17e-06 | 275s
2026-09-17 23:18:22 | INFO    | epoch 34 | batch 3840/4266 | loss 0.4337 | acc 0.9802 | lr 7.16e-06 | 276s
2026-09-17 23:18:24 | INFO    | epoch 34 | batch 3860/4266 | loss 0.4336 | acc 0.9803 | lr 7.15e-06 | 278s
2026-09-17 23:18:25 | INFO    | epoch 34 | batch 3880/4266 | loss 0.4337 | acc 0.9803 | lr 7.14e-06 | 279s
2026-09-17 23:18:27 | INFO    | epoch 34 | batch 3900/4266 | loss 0.4336 | acc 0.9803 | lr 7.13e-06 | 281s
2026-09-17 23:18:28 | INFO    | epoch 34 | batch 3920/4266 | loss 0.4336 | acc 0.9803 | lr 7.13e-06 | 282s
2026-09-17 23:18:30 | INFO    | epoch 34 | batch 3940/4266 | loss 0.4337 | acc 0.9803 | lr 7.12e-06 | 284s
2026-09-17 23:18:31 | INFO    | epoch 34 | batch 3960/4266 | loss 0.4336 | acc 0.9803 | lr 7.11e-06 | 285s
2026-09-17 23:18:33 | INFO    | epoch 34 | batch 3980/4266 | loss 0.4336 | acc 0.9803 | lr 7.10e-06 | 287s
2026-09-17 23:18:34 | INFO    | epoch 34 | batch 4000/4266 | loss 0.4335 | acc 0.9803 | lr 7.09e-06 | 288s
2026-09-17 23:18:36 | INFO    | epoch 34 | batch 4020/4266 | loss 0.4335 | acc 0.9803 | lr 7.08e-06 | 290s
2026-09-17 23:18:37 | INFO    | epoch 34 | batch 4040/4266 | loss 0.4335 | acc 0.9803 | lr 7.07e-06 | 291s
2026-09-17 23:18:39 | INFO    | epoch 34 | batch 4060/4266 | loss 0.4335 | acc 0.9804 | lr 7.06e-06 | 293s
2026-09-17 23:18:40 | INFO    | epoch 34 | batch 4080/4266 | loss 0.4334 | acc 0.9804 | lr 7.05e-06 | 294s
2026-09-17 23:18:42 | INFO    | epoch 34 | batch 4100/4266 | loss 0.4334 | acc 0.9804 | lr 7.04e-06 | 296s
2026-09-17 23:18:43 | INFO    | epoch 34 | batch 4120/4266 | loss 0.4334 | acc 0.9804 | lr 7.03e-06 | 297s
2026-09-17 23:18:44 | INFO    | epoch 34 | batch 4140/4266 | loss 0.4334 | acc 0.9804 | lr 7.02e-06 | 298s
2026-09-17 23:18:46 | INFO    | epoch 34 | batch 4160/4266 | loss 0.4334 | acc 0.9804 | lr 7.01e-06 | 300s
2026-09-17 23:18:47 | INFO    | epoch 34 | batch 4180/4266 | loss 0.4335 | acc 0.9804 | lr 7.01e-06 | 301s
2026-09-17 23:18:49 | INFO    | epoch 34 | batch 4200/4266 | loss 0.4335 | acc 0.9804 | lr 7.00e-06 | 303s
2026-09-17 23:18:50 | INFO    | epoch 34 | batch 4220/4266 | loss 0.4335 | acc 0.9804 | lr 6.99e-06 | 304s
2026-09-17 23:18:51 | INFO    | epoch 34 | batch 4240/4266 | loss 0.4334 | acc 0.9804 | lr 6.98e-06 | 305s
2026-09-17 23:18:53 | INFO    | epoch 34 | batch 4260/4266 | loss 0.4334 | acc 0.9804 | lr 6.97e-06 | 307s
2026-09-17 23:18:53 | INFO    | epoch 34 | batch 4266/4266 | loss 0.4334 | acc 0.9804 | lr 6.97e-06 | 307s
2026-09-17 23:19:03 | INFO    | epoch 34/40 done in 317s | train loss 0.4334 | train running patch (aug): accuracy=0.9804 precision=0.9802 recall=0.9800 f1=0.9801
2026-09-17 23:19:03 | INFO    | epoch 34 train (eval, no aug) | loss 0.4437 | patch[7280]: accuracy=0.9738 precision=0.9723 recall=0.9739 f1=0.9731 | image[455]: accuracy=1.0000 precision=1.0000 recall=1.0000 f1=1.0000
2026-09-17 23:19:03 | INFO    | epoch 34 val | loss 1.2169 | patch[8448]: accuracy=0.6654 precision=0.6460 recall=0.6401 f1=0.6421 | image[96]: accuracy=0.7812 precision=0.7637 recall=0.7576 f1=0.7590
2026-09-17 23:19:03 | INFO    | val_patch_f1 = 0.6421 (best 0.6545 @ epoch 31)
2026-09-17 23:19:05 | INFO    | epoch 35 | batch 20/4266 | loss 0.4509 | acc 0.9703 | lr 6.96e-06 | 2s
2026-09-17 23:19:06 | INFO    | epoch 35 | batch 40/4266 | loss 0.4369 | acc 0.9766 | lr 6.95e-06 | 3s
2026-09-17 23:19:07 | INFO    | epoch 35 | batch 60/4266 | loss 0.4348 | acc 0.9771 | lr 6.94e-06 | 4s
2026-09-17 23:19:09 | INFO    | epoch 35 | batch 80/4266 | loss 0.4359 | acc 0.9773 | lr 6.93e-06 | 6s
2026-09-17 23:19:10 | INFO    | epoch 35 | batch 100/4266 | loss 0.4347 | acc 0.9772 | lr 6.92e-06 | 7s
2026-09-17 23:19:12 | INFO    | epoch 35 | batch 120/4266 | loss 0.4347 | acc 0.9781 | lr 6.91e-06 | 9s
2026-09-17 23:19:13 | INFO    | epoch 35 | batch 140/4266 | loss 0.4323 | acc 0.9792 | lr 6.90e-06 | 10s
2026-09-17 23:19:14 | INFO    | epoch 35 | batch 160/4266 | loss 0.4312 | acc 0.9805 | lr 6.89e-06 | 11s
2026-09-17 23:19:16 | INFO    | epoch 35 | batch 180/4266 | loss 0.4305 | acc 0.9814 | lr 6.88e-06 | 13s
2026-09-17 23:19:17 | INFO    | epoch 35 | batch 200/4266 | loss 0.4315 | acc 0.9808 | lr 6.88e-06 | 14s
2026-09-17 23:19:19 | INFO    | epoch 35 | batch 220/4266 | loss 0.4315 | acc 0.9810 | lr 6.87e-06 | 16s
2026-09-17 23:19:20 | INFO    | epoch 35 | batch 240/4266 | loss 0.4307 | acc 0.9815 | lr 6.86e-06 | 17s
2026-09-17 23:19:22 | INFO    | epoch 35 | batch 260/4266 | loss 0.4312 | acc 0.9815 | lr 6.85e-06 | 19s
2026-09-17 23:19:23 | INFO    | epoch 35 | batch 280/4266 | loss 0.4319 | acc 0.9809 | lr 6.84e-06 | 20s
2026-09-17 23:19:25 | INFO    | epoch 35 | batch 300/4266 | loss 0.4317 | acc 0.9814 | lr 6.83e-06 | 21s
2026-09-17 23:19:26 | INFO    | epoch 35 | batch 320/4266 | loss 0.4318 | acc 0.9813 | lr 6.82e-06 | 23s
2026-09-17 23:19:27 | INFO    | epoch 35 | batch 340/4266 | loss 0.4311 | acc 0.9817 | lr 6.81e-06 | 24s
2026-09-17 23:19:29 | INFO    | epoch 35 | batch 360/4266 | loss 0.4310 | acc 0.9819 | lr 6.80e-06 | 26s
2026-09-17 23:19:30 | INFO    | epoch 35 | batch 380/4266 | loss 0.4309 | acc 0.9816 | lr 6.79e-06 | 27s
2026-09-17 23:19:31 | INFO    | epoch 35 | batch 400/4266 | loss 0.4306 | acc 0.9818 | lr 6.78e-06 | 28s
2026-09-17 23:19:33 | INFO    | epoch 35 | batch 420/4266 | loss 0.4303 | acc 0.9820 | lr 6.78e-06 | 30s
2026-09-17 23:19:34 | INFO    | epoch 35 | batch 440/4266 | loss 0.4307 | acc 0.9817 | lr 6.77e-06 | 31s
2026-09-17 23:19:36 | INFO    | epoch 35 | batch 460/4266 | loss 0.4307 | acc 0.9817 | lr 6.76e-06 | 33s
2026-09-17 23:19:37 | INFO    | epoch 35 | batch 480/4266 | loss 0.4302 | acc 0.9819 | lr 6.75e-06 | 34s
2026-09-17 23:19:39 | INFO    | epoch 35 | batch 500/4266 | loss 0.4300 | acc 0.9819 | lr 6.74e-06 | 36s
2026-09-17 23:19:40 | INFO    | epoch 35 | batch 520/4266 | loss 0.4308 | acc 0.9815 | lr 6.73e-06 | 37s
2026-09-17 23:19:42 | INFO    | epoch 35 | batch 540/4266 | loss 0.4305 | acc 0.9813 | lr 6.72e-06 | 39s
2026-09-17 23:19:43 | INFO    | epoch 35 | batch 560/4266 | loss 0.4311 | acc 0.9809 | lr 6.71e-06 | 40s
2026-09-17 23:19:44 | INFO    | epoch 35 | batch 580/4266 | loss 0.4308 | acc 0.9812 | lr 6.70e-06 | 41s
2026-09-17 23:19:46 | INFO    | epoch 35 | batch 600/4266 | loss 0.4307 | acc 0.9812 | lr 6.70e-06 | 43s
2026-09-17 23:19:47 | INFO    | epoch 35 | batch 620/4266 | loss 0.4308 | acc 0.9814 | lr 6.69e-06 | 44s
2026-09-17 23:19:49 | INFO    | epoch 35 | batch 640/4266 | loss 0.4312 | acc 0.9813 | lr 6.68e-06 | 46s
2026-09-17 23:19:50 | INFO    | epoch 35 | batch 660/4266 | loss 0.4311 | acc 0.9813 | lr 6.67e-06 | 47s
2026-09-17 23:19:52 | INFO    | epoch 35 | batch 680/4266 | loss 0.4310 | acc 0.9815 | lr 6.66e-06 | 49s
2026-09-17 23:19:53 | INFO    | epoch 35 | batch 700/4266 | loss 0.4309 | acc 0.9816 | lr 6.65e-06 | 50s
2026-09-17 23:19:55 | INFO    | epoch 35 | batch 720/4266 | loss 0.4306 | acc 0.9817 | lr 6.64e-06 | 52s
2026-09-17 23:19:56 | INFO    | epoch 35 | batch 740/4266 | loss 0.4305 | acc 0.9818 | lr 6.63e-06 | 53s
2026-09-17 23:19:57 | INFO    | epoch 35 | batch 760/4266 | loss 0.4309 | acc 0.9816 | lr 6.62e-06 | 54s
2026-09-17 23:19:59 | INFO    | epoch 35 | batch 780/4266 | loss 0.4308 | acc 0.9817 | lr 6.61e-06 | 56s
2026-09-17 23:20:00 | INFO    | epoch 35 | batch 800/4266 | loss 0.4308 | acc 0.9817 | lr 6.61e-06 | 57s
2026-09-17 23:20:02 | INFO    | epoch 35 | batch 820/4266 | loss 0.4309 | acc 0.9817 | lr 6.60e-06 | 59s
2026-09-17 23:20:03 | INFO    | epoch 35 | batch 840/4266 | loss 0.4304 | acc 0.9820 | lr 6.59e-06 | 60s
2026-09-17 23:20:04 | INFO    | epoch 35 | batch 860/4266 | loss 0.4304 | acc 0.9819 | lr 6.58e-06 | 61s
2026-09-17 23:20:06 | INFO    | epoch 35 | batch 880/4266 | loss 0.4304 | acc 0.9820 | lr 6.57e-06 | 63s
2026-09-17 23:20:07 | INFO    | epoch 35 | batch 900/4266 | loss 0.4306 | acc 0.9819 | lr 6.56e-06 | 64s
2026-09-17 23:20:09 | INFO    | epoch 35 | batch 920/4266 | loss 0.4305 | acc 0.9820 | lr 6.55e-06 | 65s
2026-09-17 23:20:10 | INFO    | epoch 35 | batch 940/4266 | loss 0.4306 | acc 0.9819 | lr 6.54e-06 | 67s
2026-09-17 23:20:11 | INFO    | epoch 35 | batch 960/4266 | loss 0.4306 | acc 0.9818 | lr 6.54e-06 | 68s
2026-09-17 23:20:13 | INFO    | epoch 35 | batch 980/4266 | loss 0.4307 | acc 0.9818 | lr 6.53e-06 | 70s
2026-09-17 23:20:14 | INFO    | epoch 35 | batch 1000/4266 | loss 0.4305 | acc 0.9820 | lr 6.52e-06 | 71s
2026-09-17 23:20:16 | INFO    | epoch 35 | batch 1020/4266 | loss 0.4308 | acc 0.9818 | lr 6.51e-06 | 73s
2026-09-17 23:20:17 | INFO    | epoch 35 | batch 1040/4266 | loss 0.4310 | acc 0.9817 | lr 6.50e-06 | 74s
2026-09-17 23:20:19 | INFO    | epoch 35 | batch 1060/4266 | loss 0.4310 | acc 0.9817 | lr 6.49e-06 | 75s
2026-09-17 23:20:20 | INFO    | epoch 35 | batch 1080/4266 | loss 0.4311 | acc 0.9817 | lr 6.48e-06 | 77s
2026-09-17 23:20:21 | INFO    | epoch 35 | batch 1100/4266 | loss 0.4313 | acc 0.9816 | lr 6.47e-06 | 78s
2026-09-17 23:20:23 | INFO    | epoch 35 | batch 1120/4266 | loss 0.4314 | acc 0.9816 | lr 6.46e-06 | 80s
2026-09-17 23:20:24 | INFO    | epoch 35 | batch 1140/4266 | loss 0.4313 | acc 0.9816 | lr 6.46e-06 | 81s
2026-09-17 23:20:26 | INFO    | epoch 35 | batch 1160/4266 | loss 0.4313 | acc 0.9816 | lr 6.45e-06 | 83s
2026-09-17 23:20:27 | INFO    | epoch 35 | batch 1180/4266 | loss 0.4311 | acc 0.9817 | lr 6.44e-06 | 84s
2026-09-17 23:20:29 | INFO    | epoch 35 | batch 1200/4266 | loss 0.4310 | acc 0.9818 | lr 6.43e-06 | 86s
2026-09-17 23:20:30 | INFO    | epoch 35 | batch 1220/4266 | loss 0.4310 | acc 0.9818 | lr 6.42e-06 | 87s
2026-09-17 23:20:32 | INFO    | epoch 35 | batch 1240/4266 | loss 0.4311 | acc 0.9817 | lr 6.41e-06 | 88s
2026-09-17 23:20:33 | INFO    | epoch 35 | batch 1260/4266 | loss 0.4311 | acc 0.9817 | lr 6.40e-06 | 90s
2026-09-17 23:20:34 | INFO    | epoch 35 | batch 1280/4266 | loss 0.4309 | acc 0.9817 | lr 6.40e-06 | 91s
2026-09-17 23:20:35 | INFO    | epoch 35 | batch 1300/4266 | loss 0.4308 | acc 0.9817 | lr 6.39e-06 | 92s
2026-09-17 23:20:37 | INFO    | epoch 35 | batch 1320/4266 | loss 0.4306 | acc 0.9819 | lr 6.38e-06 | 94s
2026-09-17 23:20:38 | INFO    | epoch 35 | batch 1340/4266 | loss 0.4307 | acc 0.9819 | lr 6.37e-06 | 95s
2026-09-17 23:20:40 | INFO    | epoch 35 | batch 1360/4266 | loss 0.4309 | acc 0.9818 | lr 6.36e-06 | 97s
2026-09-17 23:20:41 | INFO    | epoch 35 | batch 1380/4266 | loss 0.4307 | acc 0.9818 | lr 6.35e-06 | 98s
2026-09-17 23:20:43 | INFO    | epoch 35 | batch 1400/4266 | loss 0.4308 | acc 0.9818 | lr 6.34e-06 | 100s
2026-09-17 23:20:44 | INFO    | epoch 35 | batch 1420/4266 | loss 0.4307 | acc 0.9818 | lr 6.33e-06 | 101s
2026-09-17 23:20:46 | INFO    | epoch 35 | batch 1440/4266 | loss 0.4305 | acc 0.9818 | lr 6.33e-06 | 103s
2026-09-17 23:20:47 | INFO    | epoch 35 | batch 1460/4266 | loss 0.4304 | acc 0.9818 | lr 6.32e-06 | 104s
2026-09-17 23:20:48 | INFO    | epoch 35 | batch 1480/4266 | loss 0.4303 | acc 0.9819 | lr 6.31e-06 | 105s
2026-09-17 23:20:50 | INFO    | epoch 35 | batch 1500/4266 | loss 0.4303 | acc 0.9819 | lr 6.30e-06 | 107s
2026-09-17 23:20:51 | INFO    | epoch 35 | batch 1520/4266 | loss 0.4305 | acc 0.9818 | lr 6.29e-06 | 108s
2026-09-17 23:20:53 | INFO    | epoch 35 | batch 1540/4266 | loss 0.4305 | acc 0.9818 | lr 6.28e-06 | 109s
2026-09-17 23:20:54 | INFO    | epoch 35 | batch 1560/4266 | loss 0.4305 | acc 0.9818 | lr 6.27e-06 | 111s
2026-09-17 23:20:55 | INFO    | epoch 35 | batch 1580/4266 | loss 0.4305 | acc 0.9817 | lr 6.27e-06 | 112s
2026-09-17 23:20:57 | INFO    | epoch 35 | batch 1600/4266 | loss 0.4307 | acc 0.9816 | lr 6.26e-06 | 114s
2026-09-17 23:20:58 | INFO    | epoch 35 | batch 1620/4266 | loss 0.4307 | acc 0.9816 | lr 6.25e-06 | 115s
2026-09-17 23:21:00 | INFO    | epoch 35 | batch 1640/4266 | loss 0.4307 | acc 0.9817 | lr 6.24e-06 | 117s
2026-09-17 23:21:01 | INFO    | epoch 35 | batch 1660/4266 | loss 0.4306 | acc 0.9817 | lr 6.23e-06 | 118s
2026-09-17 23:21:02 | INFO    | epoch 35 | batch 1680/4266 | loss 0.4307 | acc 0.9816 | lr 6.22e-06 | 119s
2026-09-17 23:21:04 | INFO    | epoch 35 | batch 1700/4266 | loss 0.4307 | acc 0.9817 | lr 6.21e-06 | 121s
2026-09-17 23:21:05 | INFO    | epoch 35 | batch 1720/4266 | loss 0.4306 | acc 0.9818 | lr 6.21e-06 | 122s
2026-09-17 23:21:07 | INFO    | epoch 35 | batch 1740/4266 | loss 0.4307 | acc 0.9818 | lr 6.20e-06 | 124s
2026-09-17 23:21:08 | INFO    | epoch 35 | batch 1760/4266 | loss 0.4307 | acc 0.9818 | lr 6.19e-06 | 125s
2026-09-17 23:21:09 | INFO    | epoch 35 | batch 1780/4266 | loss 0.4308 | acc 0.9818 | lr 6.18e-06 | 126s
2026-09-17 23:21:11 | INFO    | epoch 35 | batch 1800/4266 | loss 0.4309 | acc 0.9818 | lr 6.17e-06 | 128s
2026-09-17 23:21:12 | INFO    | epoch 35 | batch 1820/4266 | loss 0.4309 | acc 0.9817 | lr 6.16e-06 | 129s
2026-09-17 23:21:14 | INFO    | epoch 35 | batch 1840/4266 | loss 0.4309 | acc 0.9817 | lr 6.15e-06 | 131s
2026-09-17 23:21:15 | INFO    | epoch 35 | batch 1860/4266 | loss 0.4309 | acc 0.9817 | lr 6.15e-06 | 132s
2026-09-17 23:21:17 | INFO    | epoch 35 | batch 1880/4266 | loss 0.4310 | acc 0.9816 | lr 6.14e-06 | 134s
2026-09-17 23:21:18 | INFO    | epoch 35 | batch 1900/4266 | loss 0.4310 | acc 0.9817 | lr 6.13e-06 | 135s
2026-09-17 23:21:20 | INFO    | epoch 35 | batch 1920/4266 | loss 0.4310 | acc 0.9817 | lr 6.12e-06 | 137s
2026-09-17 23:21:21 | INFO    | epoch 35 | batch 1940/4266 | loss 0.4309 | acc 0.9817 | lr 6.11e-06 | 138s
2026-09-17 23:21:22 | INFO    | epoch 35 | batch 1960/4266 | loss 0.4308 | acc 0.9818 | lr 6.10e-06 | 139s
2026-09-17 23:21:24 | INFO    | epoch 35 | batch 1980/4266 | loss 0.4307 | acc 0.9818 | lr 6.09e-06 | 141s
2026-09-17 23:21:25 | INFO    | epoch 35 | batch 2000/4266 | loss 0.4308 | acc 0.9818 | lr 6.09e-06 | 142s
2026-09-17 23:21:27 | INFO    | epoch 35 | batch 2020/4266 | loss 0.4307 | acc 0.9819 | lr 6.08e-06 | 144s
2026-09-17 23:21:28 | INFO    | epoch 35 | batch 2040/4266 | loss 0.4305 | acc 0.9820 | lr 6.07e-06 | 145s
2026-09-17 23:21:30 | INFO    | epoch 35 | batch 2060/4266 | loss 0.4305 | acc 0.9820 | lr 6.06e-06 | 147s
2026-09-17 23:21:31 | INFO    | epoch 35 | batch 2080/4266 | loss 0.4304 | acc 0.9821 | lr 6.05e-06 | 148s
2026-09-17 23:21:33 | INFO    | epoch 35 | batch 2100/4266 | loss 0.4303 | acc 0.9821 | lr 6.04e-06 | 149s
2026-09-17 23:21:34 | INFO    | epoch 35 | batch 2120/4266 | loss 0.4303 | acc 0.9821 | lr 6.04e-06 | 151s
2026-09-17 23:21:35 | INFO    | epoch 35 | batch 2140/4266 | loss 0.4303 | acc 0.9822 | lr 6.03e-06 | 152s
2026-09-17 23:21:37 | INFO    | epoch 35 | batch 2160/4266 | loss 0.4303 | acc 0.9822 | lr 6.02e-06 | 154s
2026-09-17 23:21:38 | INFO    | epoch 35 | batch 2180/4266 | loss 0.4303 | acc 0.9821 | lr 6.01e-06 | 155s
2026-09-17 23:21:40 | INFO    | epoch 35 | batch 2200/4266 | loss 0.4303 | acc 0.9821 | lr 6.00e-06 | 157s
2026-09-17 23:21:41 | INFO    | epoch 35 | batch 2220/4266 | loss 0.4303 | acc 0.9821 | lr 5.99e-06 | 158s
2026-09-17 23:21:42 | INFO    | epoch 35 | batch 2240/4266 | loss 0.4303 | acc 0.9821 | lr 5.98e-06 | 159s
2026-09-17 23:21:44 | INFO    | epoch 35 | batch 2260/4266 | loss 0.4302 | acc 0.9821 | lr 5.98e-06 | 161s
2026-09-17 23:21:45 | INFO    | epoch 35 | batch 2280/4266 | loss 0.4304 | acc 0.9821 | lr 5.97e-06 | 162s
2026-09-17 23:21:47 | INFO    | epoch 35 | batch 2300/4266 | loss 0.4303 | acc 0.9821 | lr 5.96e-06 | 164s
2026-09-17 23:21:48 | INFO    | epoch 35 | batch 2320/4266 | loss 0.4303 | acc 0.9821 | lr 5.95e-06 | 165s
2026-09-17 23:21:49 | INFO    | epoch 35 | batch 2340/4266 | loss 0.4302 | acc 0.9821 | lr 5.94e-06 | 166s
2026-09-17 23:21:51 | INFO    | epoch 35 | batch 2360/4266 | loss 0.4303 | acc 0.9821 | lr 5.93e-06 | 168s
2026-09-17 23:21:52 | INFO    | epoch 35 | batch 2380/4266 | loss 0.4303 | acc 0.9820 | lr 5.93e-06 | 169s
2026-09-17 23:21:54 | INFO    | epoch 35 | batch 2400/4266 | loss 0.4304 | acc 0.9820 | lr 5.92e-06 | 171s
2026-09-17 23:21:55 | INFO    | epoch 35 | batch 2420/4266 | loss 0.4303 | acc 0.9821 | lr 5.91e-06 | 172s
2026-09-17 23:21:57 | INFO    | epoch 35 | batch 2440/4266 | loss 0.4303 | acc 0.9820 | lr 5.90e-06 | 174s
2026-09-17 23:21:58 | INFO    | epoch 35 | batch 2460/4266 | loss 0.4303 | acc 0.9820 | lr 5.89e-06 | 175s
2026-09-17 23:22:00 | INFO    | epoch 35 | batch 2480/4266 | loss 0.4302 | acc 0.9821 | lr 5.88e-06 | 176s
2026-09-17 23:22:01 | INFO    | epoch 35 | batch 2500/4266 | loss 0.4302 | acc 0.9821 | lr 5.88e-06 | 178s
2026-09-17 23:22:02 | INFO    | epoch 35 | batch 2520/4266 | loss 0.4301 | acc 0.9821 | lr 5.87e-06 | 179s
2026-09-17 23:22:04 | INFO    | epoch 35 | batch 2540/4266 | loss 0.4301 | acc 0.9821 | lr 5.86e-06 | 181s
2026-09-17 23:22:05 | INFO    | epoch 35 | batch 2560/4266 | loss 0.4301 | acc 0.9821 | lr 5.85e-06 | 182s
2026-09-17 23:22:07 | INFO    | epoch 35 | batch 2580/4266 | loss 0.4302 | acc 0.9821 | lr 5.84e-06 | 184s
2026-09-17 23:22:08 | INFO    | epoch 35 | batch 2600/4266 | loss 0.4300 | acc 0.9821 | lr 5.83e-06 | 185s
2026-09-17 23:22:10 | INFO    | epoch 35 | batch 2620/4266 | loss 0.4302 | acc 0.9820 | lr 5.83e-06 | 187s
2026-09-17 23:22:11 | INFO    | epoch 35 | batch 2640/4266 | loss 0.4302 | acc 0.9820 | lr 5.82e-06 | 188s
2026-09-17 23:22:13 | INFO    | epoch 35 | batch 2660/4266 | loss 0.4302 | acc 0.9820 | lr 5.81e-06 | 189s
2026-09-17 23:22:14 | INFO    | epoch 35 | batch 2680/4266 | loss 0.4302 | acc 0.9820 | lr 5.80e-06 | 191s
2026-09-17 23:22:15 | INFO    | epoch 35 | batch 2700/4266 | loss 0.4301 | acc 0.9820 | lr 5.79e-06 | 192s
2026-09-17 23:22:17 | INFO    | epoch 35 | batch 2720/4266 | loss 0.4301 | acc 0.9821 | lr 5.79e-06 | 194s
2026-09-17 23:22:18 | INFO    | epoch 35 | batch 2740/4266 | loss 0.4301 | acc 0.9820 | lr 5.78e-06 | 195s
2026-09-17 23:22:19 | INFO    | epoch 35 | batch 2760/4266 | loss 0.4300 | acc 0.9820 | lr 5.77e-06 | 196s
2026-09-17 23:22:21 | INFO    | epoch 35 | batch 2780/4266 | loss 0.4300 | acc 0.9821 | lr 5.76e-06 | 198s
2026-09-17 23:22:22 | INFO    | epoch 35 | batch 2800/4266 | loss 0.4300 | acc 0.9820 | lr 5.75e-06 | 199s
2026-09-17 23:22:24 | INFO    | epoch 35 | batch 2820/4266 | loss 0.4302 | acc 0.9820 | lr 5.74e-06 | 201s
2026-09-17 23:22:25 | INFO    | epoch 35 | batch 2840/4266 | loss 0.4303 | acc 0.9820 | lr 5.74e-06 | 202s
2026-09-17 23:22:26 | INFO    | epoch 35 | batch 2860/4266 | loss 0.4303 | acc 0.9820 | lr 5.73e-06 | 203s
2026-09-17 23:22:28 | INFO    | epoch 35 | batch 2880/4266 | loss 0.4302 | acc 0.9820 | lr 5.72e-06 | 205s
2026-09-17 23:22:29 | INFO    | epoch 35 | batch 2900/4266 | loss 0.4301 | acc 0.9820 | lr 5.71e-06 | 206s
2026-09-17 23:22:31 | INFO    | epoch 35 | batch 2920/4266 | loss 0.4302 | acc 0.9820 | lr 5.70e-06 | 208s
2026-09-17 23:22:32 | INFO    | epoch 35 | batch 2940/4266 | loss 0.4303 | acc 0.9819 | lr 5.70e-06 | 209s
2026-09-17 23:22:34 | INFO    | epoch 35 | batch 2960/4266 | loss 0.4303 | acc 0.9819 | lr 5.69e-06 | 211s
2026-09-17 23:22:35 | INFO    | epoch 35 | batch 2980/4266 | loss 0.4304 | acc 0.9818 | lr 5.68e-06 | 212s
2026-09-17 23:22:37 | INFO    | epoch 35 | batch 3000/4266 | loss 0.4303 | acc 0.9819 | lr 5.67e-06 | 214s
2026-09-17 23:22:38 | INFO    | epoch 35 | batch 3020/4266 | loss 0.4303 | acc 0.9819 | lr 5.66e-06 | 215s
2026-09-17 23:22:40 | INFO    | epoch 35 | batch 3040/4266 | loss 0.4303 | acc 0.9819 | lr 5.65e-06 | 217s
2026-09-17 23:22:41 | INFO    | epoch 35 | batch 3060/4266 | loss 0.4303 | acc 0.9819 | lr 5.65e-06 | 218s
2026-09-17 23:22:42 | INFO    | epoch 35 | batch 3080/4266 | loss 0.4302 | acc 0.9819 | lr 5.64e-06 | 219s
2026-09-17 23:22:44 | INFO    | epoch 35 | batch 3100/4266 | loss 0.4302 | acc 0.9819 | lr 5.63e-06 | 221s
2026-09-17 23:22:45 | INFO    | epoch 35 | batch 3120/4266 | loss 0.4303 | acc 0.9819 | lr 5.62e-06 | 222s
2026-09-17 23:22:47 | INFO    | epoch 35 | batch 3140/4266 | loss 0.4303 | acc 0.9818 | lr 5.61e-06 | 224s
2026-09-17 23:22:48 | INFO    | epoch 35 | batch 3160/4266 | loss 0.4303 | acc 0.9818 | lr 5.61e-06 | 225s
2026-09-17 23:22:49 | INFO    | epoch 35 | batch 3180/4266 | loss 0.4304 | acc 0.9818 | lr 5.60e-06 | 226s
2026-09-17 23:22:51 | INFO    | epoch 35 | batch 3200/4266 | loss 0.4303 | acc 0.9818 | lr 5.59e-06 | 228s
2026-09-17 23:22:52 | INFO    | epoch 35 | batch 3220/4266 | loss 0.4303 | acc 0.9818 | lr 5.58e-06 | 229s
2026-09-17 23:22:54 | INFO    | epoch 35 | batch 3240/4266 | loss 0.4303 | acc 0.9818 | lr 5.57e-06 | 231s
2026-09-17 23:22:55 | INFO    | epoch 35 | batch 3260/4266 | loss 0.4303 | acc 0.9818 | lr 5.57e-06 | 232s
2026-09-17 23:22:56 | INFO    | epoch 35 | batch 3280/4266 | loss 0.4302 | acc 0.9818 | lr 5.56e-06 | 233s
2026-09-17 23:22:58 | INFO    | epoch 35 | batch 3300/4266 | loss 0.4302 | acc 0.9819 | lr 5.55e-06 | 235s
2026-09-17 23:22:59 | INFO    | epoch 35 | batch 3320/4266 | loss 0.4303 | acc 0.9818 | lr 5.54e-06 | 236s
2026-09-17 23:23:01 | INFO    | epoch 35 | batch 3340/4266 | loss 0.4303 | acc 0.9818 | lr 5.53e-06 | 238s
2026-09-17 23:23:02 | INFO    | epoch 35 | batch 3360/4266 | loss 0.4303 | acc 0.9818 | lr 5.53e-06 | 239s
2026-09-17 23:23:03 | INFO    | epoch 35 | batch 3380/4266 | loss 0.4302 | acc 0.9819 | lr 5.52e-06 | 240s
2026-09-17 23:23:05 | INFO    | epoch 35 | batch 3400/4266 | loss 0.4302 | acc 0.9818 | lr 5.51e-06 | 242s
2026-09-17 23:23:06 | INFO    | epoch 35 | batch 3420/4266 | loss 0.4302 | acc 0.9819 | lr 5.50e-06 | 243s
2026-09-17 23:23:08 | INFO    | epoch 35 | batch 3440/4266 | loss 0.4303 | acc 0.9818 | lr 5.49e-06 | 245s
2026-09-17 23:23:10 | INFO    | epoch 35 | batch 3460/4266 | loss 0.4303 | acc 0.9818 | lr 5.49e-06 | 246s
2026-09-17 23:23:11 | INFO    | epoch 35 | batch 3480/4266 | loss 0.4303 | acc 0.9818 | lr 5.48e-06 | 248s
2026-09-17 23:23:13 | INFO    | epoch 35 | batch 3500/4266 | loss 0.4302 | acc 0.9818 | lr 5.47e-06 | 250s
2026-09-17 23:23:14 | INFO    | epoch 35 | batch 3520/4266 | loss 0.4303 | acc 0.9818 | lr 5.46e-06 | 251s
2026-09-17 23:23:16 | INFO    | epoch 35 | batch 3540/4266 | loss 0.4302 | acc 0.9819 | lr 5.45e-06 | 253s
2026-09-17 23:23:17 | INFO    | epoch 35 | batch 3560/4266 | loss 0.4302 | acc 0.9819 | lr 5.45e-06 | 254s
2026-09-17 23:23:19 | INFO    | epoch 35 | batch 3580/4266 | loss 0.4302 | acc 0.9819 | lr 5.44e-06 | 255s
2026-09-17 23:23:20 | INFO    | epoch 35 | batch 3600/4266 | loss 0.4301 | acc 0.9819 | lr 5.43e-06 | 257s
2026-09-17 23:23:21 | INFO    | epoch 35 | batch 3620/4266 | loss 0.4301 | acc 0.9819 | lr 5.42e-06 | 258s
2026-09-17 23:23:23 | INFO    | epoch 35 | batch 3640/4266 | loss 0.4302 | acc 0.9819 | lr 5.41e-06 | 260s
2026-09-17 23:23:25 | INFO    | epoch 35 | batch 3660/4266 | loss 0.4302 | acc 0.9819 | lr 5.41e-06 | 261s
2026-09-17 23:23:26 | INFO    | epoch 35 | batch 3680/4266 | loss 0.4301 | acc 0.9819 | lr 5.40e-06 | 263s
2026-09-17 23:23:27 | INFO    | epoch 35 | batch 3700/4266 | loss 0.4300 | acc 0.9820 | lr 5.39e-06 | 264s
2026-09-17 23:23:29 | INFO    | epoch 35 | batch 3720/4266 | loss 0.4300 | acc 0.9820 | lr 5.38e-06 | 266s
2026-09-17 23:23:30 | INFO    | epoch 35 | batch 3740/4266 | loss 0.4299 | acc 0.9820 | lr 5.37e-06 | 267s
2026-09-17 23:23:32 | INFO    | epoch 35 | batch 3760/4266 | loss 0.4298 | acc 0.9820 | lr 5.37e-06 | 269s
2026-09-17 23:23:33 | INFO    | epoch 35 | batch 3780/4266 | loss 0.4299 | acc 0.9820 | lr 5.36e-06 | 270s
2026-09-17 23:23:35 | INFO    | epoch 35 | batch 3800/4266 | loss 0.4298 | acc 0.9820 | lr 5.35e-06 | 272s
2026-09-17 23:23:36 | INFO    | epoch 35 | batch 3820/4266 | loss 0.4299 | acc 0.9820 | lr 5.34e-06 | 273s
2026-09-17 23:23:38 | INFO    | epoch 35 | batch 3840/4266 | loss 0.4298 | acc 0.9820 | lr 5.33e-06 | 275s
2026-09-17 23:23:39 | INFO    | epoch 35 | batch 3860/4266 | loss 0.4298 | acc 0.9821 | lr 5.33e-06 | 276s
2026-09-17 23:23:41 | INFO    | epoch 35 | batch 3880/4266 | loss 0.4299 | acc 0.9820 | lr 5.32e-06 | 278s
2026-09-17 23:23:42 | INFO    | epoch 35 | batch 3900/4266 | loss 0.4298 | acc 0.9820 | lr 5.31e-06 | 279s
2026-09-17 23:23:44 | INFO    | epoch 35 | batch 3920/4266 | loss 0.4299 | acc 0.9820 | lr 5.30e-06 | 281s
2026-09-17 23:23:45 | INFO    | epoch 35 | batch 3940/4266 | loss 0.4299 | acc 0.9820 | lr 5.30e-06 | 282s
2026-09-17 23:23:47 | INFO    | epoch 35 | batch 3960/4266 | loss 0.4299 | acc 0.9820 | lr 5.29e-06 | 284s
2026-09-17 23:23:48 | INFO    | epoch 35 | batch 3980/4266 | loss 0.4299 | acc 0.9820 | lr 5.28e-06 | 285s
2026-09-17 23:23:50 | INFO    | epoch 35 | batch 4000/4266 | loss 0.4299 | acc 0.9820 | lr 5.27e-06 | 286s
2026-09-17 23:23:51 | INFO    | epoch 35 | batch 4020/4266 | loss 0.4299 | acc 0.9820 | lr 5.26e-06 | 288s
2026-09-17 23:23:52 | INFO    | epoch 35 | batch 4040/4266 | loss 0.4299 | acc 0.9820 | lr 5.26e-06 | 289s
2026-09-17 23:23:54 | INFO    | epoch 35 | batch 4060/4266 | loss 0.4301 | acc 0.9819 | lr 5.25e-06 | 291s
2026-09-17 23:23:55 | INFO    | epoch 35 | batch 4080/4266 | loss 0.4301 | acc 0.9819 | lr 5.24e-06 | 292s
2026-09-17 23:23:57 | INFO    | epoch 35 | batch 4100/4266 | loss 0.4301 | acc 0.9819 | lr 5.23e-06 | 294s
2026-09-17 23:23:58 | INFO    | epoch 35 | batch 4120/4266 | loss 0.4301 | acc 0.9819 | lr 5.23e-06 | 295s
2026-09-17 23:24:00 | INFO    | epoch 35 | batch 4140/4266 | loss 0.4300 | acc 0.9819 | lr 5.22e-06 | 297s
2026-09-17 23:24:01 | INFO    | epoch 35 | batch 4160/4266 | loss 0.4301 | acc 0.9819 | lr 5.21e-06 | 298s
2026-09-17 23:24:02 | INFO    | epoch 35 | batch 4180/4266 | loss 0.4301 | acc 0.9819 | lr 5.20e-06 | 299s
2026-09-17 23:24:04 | INFO    | epoch 35 | batch 4200/4266 | loss 0.4301 | acc 0.9819 | lr 5.19e-06 | 301s
2026-09-17 23:24:05 | INFO    | epoch 35 | batch 4220/4266 | loss 0.4301 | acc 0.9819 | lr 5.19e-06 | 302s
2026-09-17 23:24:07 | INFO    | epoch 35 | batch 4240/4266 | loss 0.4300 | acc 0.9819 | lr 5.18e-06 | 304s
2026-09-17 23:24:08 | INFO    | epoch 35 | batch 4260/4266 | loss 0.4301 | acc 0.9819 | lr 5.17e-06 | 305s
2026-09-17 23:24:08 | INFO    | epoch 35 | batch 4266/4266 | loss 0.4301 | acc 0.9819 | lr 5.17e-06 | 305s
2026-09-17 23:24:18 | INFO    | epoch 35/40 done in 315s | train loss 0.4301 | train running patch (aug): accuracy=0.9819 precision=0.9816 recall=0.9814 f1=0.9815
2026-09-17 23:24:18 | INFO    | epoch 35 train (eval, no aug) | loss 0.4347 | patch[7280]: accuracy=0.9788 precision=0.9783 recall=0.9792 f1=0.9787 | image[455]: accuracy=1.0000 precision=1.0000 recall=1.0000 f1=1.0000
2026-09-17 23:24:18 | INFO    | epoch 35 val | loss 1.2292 | patch[8448]: accuracy=0.6578 precision=0.6402 recall=0.6349 f1=0.6366 | image[96]: accuracy=0.7500 precision=0.7346 recall=0.7209 f1=0.7247
2026-09-17 23:24:18 | INFO    | val_patch_f1 = 0.6366 (best 0.6545 @ epoch 31)
2026-09-17 23:24:20 | INFO    | epoch 36 | batch 20/4266 | loss 0.4245 | acc 0.9875 | lr 5.16e-06 | 2s
2026-09-17 23:24:21 | INFO    | epoch 36 | batch 40/4266 | loss 0.4313 | acc 0.9844 | lr 5.15e-06 | 3s
2026-09-17 23:24:23 | INFO    | epoch 36 | batch 60/4266 | loss 0.4319 | acc 0.9818 | lr 5.15e-06 | 4s
2026-09-17 23:24:24 | INFO    | epoch 36 | batch 80/4266 | loss 0.4324 | acc 0.9820 | lr 5.14e-06 | 6s
2026-09-17 23:24:26 | INFO    | epoch 36 | batch 100/4266 | loss 0.4328 | acc 0.9822 | lr 5.13e-06 | 7s
2026-09-17 23:24:27 | INFO    | epoch 36 | batch 120/4266 | loss 0.4335 | acc 0.9818 | lr 5.12e-06 | 9s
2026-09-17 23:24:28 | INFO    | epoch 36 | batch 140/4266 | loss 0.4299 | acc 0.9828 | lr 5.12e-06 | 10s
2026-09-17 23:24:30 | INFO    | epoch 36 | batch 160/4266 | loss 0.4287 | acc 0.9830 | lr 5.11e-06 | 11s
2026-09-17 23:24:31 | INFO    | epoch 36 | batch 180/4266 | loss 0.4286 | acc 0.9830 | lr 5.10e-06 | 13s
2026-09-17 23:24:33 | INFO    | epoch 36 | batch 200/4266 | loss 0.4292 | acc 0.9830 | lr 5.09e-06 | 14s
2026-09-17 23:24:34 | INFO    | epoch 36 | batch 220/4266 | loss 0.4281 | acc 0.9834 | lr 5.08e-06 | 16s
2026-09-17 23:24:35 | INFO    | epoch 36 | batch 240/4266 | loss 0.4288 | acc 0.9831 | lr 5.08e-06 | 17s
2026-09-17 23:24:37 | INFO    | epoch 36 | batch 260/4266 | loss 0.4281 | acc 0.9835 | lr 5.07e-06 | 19s
2026-09-17 23:24:38 | INFO    | epoch 36 | batch 280/4266 | loss 0.4291 | acc 0.9829 | lr 5.06e-06 | 20s
2026-09-17 23:24:40 | INFO    | epoch 36 | batch 300/4266 | loss 0.4289 | acc 0.9830 | lr 5.05e-06 | 21s
2026-09-17 23:24:41 | INFO    | epoch 36 | batch 320/4266 | loss 0.4291 | acc 0.9828 | lr 5.05e-06 | 23s
2026-09-17 23:24:43 | INFO    | epoch 36 | batch 340/4266 | loss 0.4296 | acc 0.9827 | lr 5.04e-06 | 24s
2026-09-17 23:24:44 | INFO    | epoch 36 | batch 360/4266 | loss 0.4295 | acc 0.9828 | lr 5.03e-06 | 26s
2026-09-17 23:24:45 | INFO    | epoch 36 | batch 380/4266 | loss 0.4302 | acc 0.9824 | lr 5.02e-06 | 27s
2026-09-17 23:24:47 | INFO    | epoch 36 | batch 400/4266 | loss 0.4308 | acc 0.9821 | lr 5.02e-06 | 28s
2026-09-17 23:24:48 | INFO    | epoch 36 | batch 420/4266 | loss 0.4308 | acc 0.9820 | lr 5.01e-06 | 30s
2026-09-17 23:24:50 | INFO    | epoch 36 | batch 440/4266 | loss 0.4308 | acc 0.9818 | lr 5.00e-06 | 31s
2026-09-17 23:24:51 | INFO    | epoch 36 | batch 460/4266 | loss 0.4302 | acc 0.9821 | lr 4.99e-06 | 33s
2026-09-17 23:24:52 | INFO    | epoch 36 | batch 480/4266 | loss 0.4311 | acc 0.9815 | lr 4.99e-06 | 34s
2026-09-17 23:24:54 | INFO    | epoch 36 | batch 500/4266 | loss 0.4312 | acc 0.9816 | lr 4.98e-06 | 35s
2026-09-17 23:24:55 | INFO    | epoch 36 | batch 520/4266 | loss 0.4310 | acc 0.9816 | lr 4.97e-06 | 37s
2026-09-17 23:24:57 | INFO    | epoch 36 | batch 540/4266 | loss 0.4312 | acc 0.9815 | lr 4.96e-06 | 38s
2026-09-17 23:24:58 | INFO    | epoch 36 | batch 560/4266 | loss 0.4313 | acc 0.9814 | lr 4.96e-06 | 40s
2026-09-17 23:24:59 | INFO    | epoch 36 | batch 580/4266 | loss 0.4312 | acc 0.9815 | lr 4.95e-06 | 41s
2026-09-17 23:25:01 | INFO    | epoch 36 | batch 600/4266 | loss 0.4312 | acc 0.9813 | lr 4.94e-06 | 42s
2026-09-17 23:25:02 | INFO    | epoch 36 | batch 620/4266 | loss 0.4308 | acc 0.9815 | lr 4.93e-06 | 44s
2026-09-17 23:25:04 | INFO    | epoch 36 | batch 640/4266 | loss 0.4312 | acc 0.9811 | lr 4.93e-06 | 45s
2026-09-17 23:25:05 | INFO    | epoch 36 | batch 660/4266 | loss 0.4312 | acc 0.9811 | lr 4.92e-06 | 47s
2026-09-17 23:25:06 | INFO    | epoch 36 | batch 680/4266 | loss 0.4308 | acc 0.9812 | lr 4.91e-06 | 48s
2026-09-17 23:25:08 | INFO    | epoch 36 | batch 700/4266 | loss 0.4305 | acc 0.9813 | lr 4.90e-06 | 49s
2026-09-17 23:25:09 | INFO    | epoch 36 | batch 720/4266 | loss 0.4306 | acc 0.9813 | lr 4.90e-06 | 51s
2026-09-17 23:25:11 | INFO    | epoch 36 | batch 740/4266 | loss 0.4308 | acc 0.9813 | lr 4.89e-06 | 52s
2026-09-17 23:25:12 | INFO    | epoch 36 | batch 760/4266 | loss 0.4302 | acc 0.9816 | lr 4.88e-06 | 54s
2026-09-17 23:25:13 | INFO    | epoch 36 | batch 780/4266 | loss 0.4303 | acc 0.9816 | lr 4.87e-06 | 55s
2026-09-17 23:25:15 | INFO    | epoch 36 | batch 800/4266 | loss 0.4307 | acc 0.9812 | lr 4.87e-06 | 57s
2026-09-17 23:25:16 | INFO    | epoch 36 | batch 820/4266 | loss 0.4305 | acc 0.9813 | lr 4.86e-06 | 58s
2026-09-17 23:25:18 | INFO    | epoch 36 | batch 840/4266 | loss 0.4303 | acc 0.9814 | lr 4.85e-06 | 59s
2026-09-17 23:25:19 | INFO    | epoch 36 | batch 860/4266 | loss 0.4303 | acc 0.9814 | lr 4.84e-06 | 61s
2026-09-17 23:25:21 | INFO    | epoch 36 | batch 880/4266 | loss 0.4307 | acc 0.9811 | lr 4.84e-06 | 62s
2026-09-17 23:25:22 | INFO    | epoch 36 | batch 900/4266 | loss 0.4305 | acc 0.9812 | lr 4.83e-06 | 63s
2026-09-17 23:25:23 | INFO    | epoch 36 | batch 920/4266 | loss 0.4308 | acc 0.9811 | lr 4.82e-06 | 65s
2026-09-17 23:25:24 | INFO    | epoch 36 | batch 940/4266 | loss 0.4310 | acc 0.9811 | lr 4.81e-06 | 66s
2026-09-17 23:25:26 | INFO    | epoch 36 | batch 960/4266 | loss 0.4309 | acc 0.9812 | lr 4.81e-06 | 68s
2026-09-17 23:25:27 | INFO    | epoch 36 | batch 980/4266 | loss 0.4311 | acc 0.9810 | lr 4.80e-06 | 69s
2026-09-17 23:25:29 | INFO    | epoch 36 | batch 1000/4266 | loss 0.4314 | acc 0.9808 | lr 4.79e-06 | 70s
2026-09-17 23:25:30 | INFO    | epoch 36 | batch 1020/4266 | loss 0.4313 | acc 0.9809 | lr 4.79e-06 | 72s
2026-09-17 23:25:32 | INFO    | epoch 36 | batch 1040/4266 | loss 0.4314 | acc 0.9809 | lr 4.78e-06 | 73s
2026-09-17 23:25:33 | INFO    | epoch 36 | batch 1060/4266 | loss 0.4314 | acc 0.9809 | lr 4.77e-06 | 75s
2026-09-17 23:25:34 | INFO    | epoch 36 | batch 1080/4266 | loss 0.4314 | acc 0.9809 | lr 4.76e-06 | 76s
2026-09-17 23:25:36 | INFO    | epoch 36 | batch 1100/4266 | loss 0.4313 | acc 0.9810 | lr 4.76e-06 | 77s
2026-09-17 23:25:37 | INFO    | epoch 36 | batch 1120/4266 | loss 0.4311 | acc 0.9811 | lr 4.75e-06 | 79s
2026-09-17 23:25:39 | INFO    | epoch 36 | batch 1140/4266 | loss 0.4311 | acc 0.9810 | lr 4.74e-06 | 80s
2026-09-17 23:25:40 | INFO    | epoch 36 | batch 1160/4266 | loss 0.4309 | acc 0.9811 | lr 4.73e-06 | 82s
2026-09-17 23:25:42 | INFO    | epoch 36 | batch 1180/4266 | loss 0.4306 | acc 0.9812 | lr 4.73e-06 | 83s
2026-09-17 23:25:43 | INFO    | epoch 36 | batch 1200/4266 | loss 0.4305 | acc 0.9812 | lr 4.72e-06 | 85s
2026-09-17 23:25:45 | INFO    | epoch 36 | batch 1220/4266 | loss 0.4304 | acc 0.9813 | lr 4.71e-06 | 86s
2026-09-17 23:25:46 | INFO    | epoch 36 | batch 1240/4266 | loss 0.4304 | acc 0.9812 | lr 4.70e-06 | 88s
2026-09-17 23:25:47 | INFO    | epoch 36 | batch 1260/4266 | loss 0.4304 | acc 0.9812 | lr 4.70e-06 | 89s
2026-09-17 23:25:49 | INFO    | epoch 36 | batch 1280/4266 | loss 0.4300 | acc 0.9814 | lr 4.69e-06 | 90s
2026-09-17 23:25:50 | INFO    | epoch 36 | batch 1300/4266 | loss 0.4304 | acc 0.9813 | lr 4.68e-06 | 92s
2026-09-17 23:25:51 | INFO    | epoch 36 | batch 1320/4266 | loss 0.4305 | acc 0.9813 | lr 4.68e-06 | 93s
2026-09-17 23:25:53 | INFO    | epoch 36 | batch 1340/4266 | loss 0.4305 | acc 0.9813 | lr 4.67e-06 | 94s
2026-09-17 23:25:54 | INFO    | epoch 36 | batch 1360/4266 | loss 0.4304 | acc 0.9814 | lr 4.66e-06 | 96s
2026-09-17 23:25:56 | INFO    | epoch 36 | batch 1380/4266 | loss 0.4302 | acc 0.9814 | lr 4.65e-06 | 97s
2026-09-17 23:25:57 | INFO    | epoch 36 | batch 1400/4266 | loss 0.4302 | acc 0.9814 | lr 4.65e-06 | 99s
2026-09-17 23:25:58 | INFO    | epoch 36 | batch 1420/4266 | loss 0.4302 | acc 0.9814 | lr 4.64e-06 | 100s
2026-09-17 23:26:00 | INFO    | epoch 36 | batch 1440/4266 | loss 0.4305 | acc 0.9812 | lr 4.63e-06 | 101s
2026-09-17 23:26:01 | INFO    | epoch 36 | batch 1460/4266 | loss 0.4305 | acc 0.9812 | lr 4.62e-06 | 103s
2026-09-17 23:26:02 | INFO    | epoch 36 | batch 1480/4266 | loss 0.4303 | acc 0.9813 | lr 4.62e-06 | 104s
2026-09-17 23:26:04 | INFO    | epoch 36 | batch 1500/4266 | loss 0.4303 | acc 0.9813 | lr 4.61e-06 | 106s
2026-09-17 23:26:05 | INFO    | epoch 36 | batch 1520/4266 | loss 0.4301 | acc 0.9814 | lr 4.60e-06 | 107s
2026-09-17 23:26:07 | INFO    | epoch 36 | batch 1540/4266 | loss 0.4301 | acc 0.9814 | lr 4.60e-06 | 108s
2026-09-17 23:26:08 | INFO    | epoch 36 | batch 1560/4266 | loss 0.4303 | acc 0.9813 | lr 4.59e-06 | 110s
2026-09-17 23:26:09 | INFO    | epoch 36 | batch 1580/4266 | loss 0.4305 | acc 0.9812 | lr 4.58e-06 | 111s
2026-09-17 23:26:11 | INFO    | epoch 36 | batch 1600/4266 | loss 0.4302 | acc 0.9814 | lr 4.57e-06 | 113s
2026-09-17 23:26:12 | INFO    | epoch 36 | batch 1620/4266 | loss 0.4306 | acc 0.9812 | lr 4.57e-06 | 114s
2026-09-17 23:26:14 | INFO    | epoch 36 | batch 1640/4266 | loss 0.4305 | acc 0.9813 | lr 4.56e-06 | 115s
2026-09-17 23:26:15 | INFO    | epoch 36 | batch 1660/4266 | loss 0.4304 | acc 0.9814 | lr 4.55e-06 | 117s
2026-09-17 23:26:17 | INFO    | epoch 36 | batch 1680/4266 | loss 0.4303 | acc 0.9814 | lr 4.55e-06 | 118s
2026-09-17 23:26:18 | INFO    | epoch 36 | batch 1700/4266 | loss 0.4303 | acc 0.9815 | lr 4.54e-06 | 120s
2026-09-17 23:26:19 | INFO    | epoch 36 | batch 1720/4266 | loss 0.4303 | acc 0.9815 | lr 4.53e-06 | 121s
2026-09-17 23:26:21 | INFO    | epoch 36 | batch 1740/4266 | loss 0.4303 | acc 0.9814 | lr 4.52e-06 | 122s
2026-09-17 23:26:22 | INFO    | epoch 36 | batch 1760/4266 | loss 0.4301 | acc 0.9814 | lr 4.52e-06 | 124s
2026-09-17 23:26:24 | INFO    | epoch 36 | batch 1780/4266 | loss 0.4302 | acc 0.9814 | lr 4.51e-06 | 125s
2026-09-17 23:26:25 | INFO    | epoch 36 | batch 1800/4266 | loss 0.4301 | acc 0.9814 | lr 4.50e-06 | 127s
2026-09-17 23:26:26 | INFO    | epoch 36 | batch 1820/4266 | loss 0.4301 | acc 0.9814 | lr 4.50e-06 | 128s
2026-09-17 23:26:28 | INFO    | epoch 36 | batch 1840/4266 | loss 0.4302 | acc 0.9814 | lr 4.49e-06 | 130s
2026-09-17 23:26:29 | INFO    | epoch 36 | batch 1860/4266 | loss 0.4303 | acc 0.9813 | lr 4.48e-06 | 131s
2026-09-17 23:26:31 | INFO    | epoch 36 | batch 1880/4266 | loss 0.4304 | acc 0.9813 | lr 4.48e-06 | 132s
2026-09-17 23:26:32 | INFO    | epoch 36 | batch 1900/4266 | loss 0.4305 | acc 0.9813 | lr 4.47e-06 | 134s
2026-09-17 23:26:34 | INFO    | epoch 36 | batch 1920/4266 | loss 0.4303 | acc 0.9814 | lr 4.46e-06 | 135s
2026-09-17 23:26:35 | INFO    | epoch 36 | batch 1940/4266 | loss 0.4302 | acc 0.9814 | lr 4.45e-06 | 137s
2026-09-17 23:26:36 | INFO    | epoch 36 | batch 1960/4266 | loss 0.4304 | acc 0.9814 | lr 4.45e-06 | 138s
2026-09-17 23:26:38 | INFO    | epoch 36 | batch 1980/4266 | loss 0.4303 | acc 0.9814 | lr 4.44e-06 | 139s
2026-09-17 23:26:39 | INFO    | epoch 36 | batch 2000/4266 | loss 0.4302 | acc 0.9815 | lr 4.43e-06 | 141s
2026-09-17 23:26:41 | INFO    | epoch 36 | batch 2020/4266 | loss 0.4303 | acc 0.9814 | lr 4.43e-06 | 142s
2026-09-17 23:26:42 | INFO    | epoch 36 | batch 2040/4266 | loss 0.4303 | acc 0.9815 | lr 4.42e-06 | 144s
2026-09-17 23:26:43 | INFO    | epoch 36 | batch 2060/4266 | loss 0.4301 | acc 0.9815 | lr 4.41e-06 | 145s
2026-09-17 23:26:45 | INFO    | epoch 36 | batch 2080/4266 | loss 0.4301 | acc 0.9815 | lr 4.40e-06 | 147s
2026-09-17 23:26:46 | INFO    | epoch 36 | batch 2100/4266 | loss 0.4302 | acc 0.9815 | lr 4.40e-06 | 148s
2026-09-17 23:26:48 | INFO    | epoch 36 | batch 2120/4266 | loss 0.4301 | acc 0.9815 | lr 4.39e-06 | 149s
2026-09-17 23:26:49 | INFO    | epoch 36 | batch 2140/4266 | loss 0.4301 | acc 0.9815 | lr 4.38e-06 | 151s
2026-09-17 23:26:50 | INFO    | epoch 36 | batch 2160/4266 | loss 0.4300 | acc 0.9816 | lr 4.38e-06 | 152s
2026-09-17 23:26:52 | INFO    | epoch 36 | batch 2180/4266 | loss 0.4299 | acc 0.9816 | lr 4.37e-06 | 154s
2026-09-17 23:26:53 | INFO    | epoch 36 | batch 2200/4266 | loss 0.4299 | acc 0.9816 | lr 4.36e-06 | 155s
2026-09-17 23:26:55 | INFO    | epoch 36 | batch 2220/4266 | loss 0.4300 | acc 0.9816 | lr 4.36e-06 | 156s
2026-09-17 23:26:56 | INFO    | epoch 36 | batch 2240/4266 | loss 0.4300 | acc 0.9816 | lr 4.35e-06 | 158s
2026-09-17 23:26:58 | INFO    | epoch 36 | batch 2260/4266 | loss 0.4301 | acc 0.9816 | lr 4.34e-06 | 159s
2026-09-17 23:26:59 | INFO    | epoch 36 | batch 2280/4266 | loss 0.4300 | acc 0.9815 | lr 4.34e-06 | 161s
2026-09-17 23:27:00 | INFO    | epoch 36 | batch 2300/4266 | loss 0.4302 | acc 0.9815 | lr 4.33e-06 | 162s
2026-09-17 23:27:02 | INFO    | epoch 36 | batch 2320/4266 | loss 0.4302 | acc 0.9815 | lr 4.32e-06 | 163s
2026-09-17 23:27:03 | INFO    | epoch 36 | batch 2340/4266 | loss 0.4301 | acc 0.9815 | lr 4.31e-06 | 165s
2026-09-17 23:27:05 | INFO    | epoch 36 | batch 2360/4266 | loss 0.4301 | acc 0.9815 | lr 4.31e-06 | 166s
2026-09-17 23:27:06 | INFO    | epoch 36 | batch 2380/4266 | loss 0.4301 | acc 0.9815 | lr 4.30e-06 | 168s
2026-09-17 23:27:07 | INFO    | epoch 36 | batch 2400/4266 | loss 0.4301 | acc 0.9815 | lr 4.29e-06 | 169s
2026-09-17 23:27:09 | INFO    | epoch 36 | batch 2420/4266 | loss 0.4301 | acc 0.9815 | lr 4.29e-06 | 171s
2026-09-17 23:27:10 | INFO    | epoch 36 | batch 2440/4266 | loss 0.4301 | acc 0.9815 | lr 4.28e-06 | 172s
2026-09-17 23:27:12 | INFO    | epoch 36 | batch 2460/4266 | loss 0.4301 | acc 0.9815 | lr 4.27e-06 | 173s
2026-09-17 23:27:13 | INFO    | epoch 36 | batch 2480/4266 | loss 0.4301 | acc 0.9814 | lr 4.27e-06 | 175s
2026-09-17 23:27:15 | INFO    | epoch 36 | batch 2500/4266 | loss 0.4301 | acc 0.9815 | lr 4.26e-06 | 176s
2026-09-17 23:27:16 | INFO    | epoch 36 | batch 2520/4266 | loss 0.4301 | acc 0.9814 | lr 4.25e-06 | 178s
2026-09-17 23:27:18 | INFO    | epoch 36 | batch 2540/4266 | loss 0.4301 | acc 0.9814 | lr 4.25e-06 | 179s
2026-09-17 23:27:19 | INFO    | epoch 36 | batch 2560/4266 | loss 0.4300 | acc 0.9815 | lr 4.24e-06 | 180s
2026-09-17 23:27:20 | INFO    | epoch 36 | batch 2580/4266 | loss 0.4302 | acc 0.9813 | lr 4.23e-06 | 182s
2026-09-17 23:27:22 | INFO    | epoch 36 | batch 2600/4266 | loss 0.4301 | acc 0.9814 | lr 4.23e-06 | 183s
2026-09-17 23:27:23 | INFO    | epoch 36 | batch 2620/4266 | loss 0.4300 | acc 0.9814 | lr 4.22e-06 | 185s
2026-09-17 23:27:25 | INFO    | epoch 36 | batch 2640/4266 | loss 0.4300 | acc 0.9814 | lr 4.21e-06 | 186s
2026-09-17 23:27:26 | INFO    | epoch 36 | batch 2660/4266 | loss 0.4301 | acc 0.9813 | lr 4.20e-06 | 188s
2026-09-17 23:27:28 | INFO    | epoch 36 | batch 2680/4266 | loss 0.4302 | acc 0.9813 | lr 4.20e-06 | 189s
2026-09-17 23:27:29 | INFO    | epoch 36 | batch 2700/4266 | loss 0.4301 | acc 0.9813 | lr 4.19e-06 | 191s
2026-09-17 23:27:30 | INFO    | epoch 36 | batch 2720/4266 | loss 0.4303 | acc 0.9813 | lr 4.18e-06 | 192s
2026-09-17 23:27:32 | INFO    | epoch 36 | batch 2740/4266 | loss 0.4302 | acc 0.9813 | lr 4.18e-06 | 194s
2026-09-17 23:27:33 | INFO    | epoch 36 | batch 2760/4266 | loss 0.4303 | acc 0.9812 | lr 4.17e-06 | 195s
2026-09-17 23:27:35 | INFO    | epoch 36 | batch 2780/4266 | loss 0.4302 | acc 0.9813 | lr 4.16e-06 | 196s
2026-09-17 23:27:36 | INFO    | epoch 36 | batch 2800/4266 | loss 0.4303 | acc 0.9812 | lr 4.16e-06 | 198s
2026-09-17 23:27:38 | INFO    | epoch 36 | batch 2820/4266 | loss 0.4302 | acc 0.9813 | lr 4.15e-06 | 199s
2026-09-17 23:27:39 | INFO    | epoch 36 | batch 2840/4266 | loss 0.4302 | acc 0.9813 | lr 4.14e-06 | 201s
2026-09-17 23:27:40 | INFO    | epoch 36 | batch 2860/4266 | loss 0.4302 | acc 0.9813 | lr 4.14e-06 | 202s
2026-09-17 23:27:42 | INFO    | epoch 36 | batch 2880/4266 | loss 0.4302 | acc 0.9813 | lr 4.13e-06 | 204s
2026-09-17 23:27:43 | INFO    | epoch 36 | batch 2900/4266 | loss 0.4303 | acc 0.9813 | lr 4.12e-06 | 205s
2026-09-17 23:27:45 | INFO    | epoch 36 | batch 2920/4266 | loss 0.4303 | acc 0.9813 | lr 4.12e-06 | 206s
2026-09-17 23:27:46 | INFO    | epoch 36 | batch 2940/4266 | loss 0.4303 | acc 0.9813 | lr 4.11e-06 | 208s
2026-09-17 23:27:47 | INFO    | epoch 36 | batch 2960/4266 | loss 0.4303 | acc 0.9813 | lr 4.10e-06 | 209s
2026-09-17 23:27:49 | INFO    | epoch 36 | batch 2980/4266 | loss 0.4303 | acc 0.9813 | lr 4.10e-06 | 211s
2026-09-17 23:27:50 | INFO    | epoch 36 | batch 3000/4266 | loss 0.4303 | acc 0.9814 | lr 4.09e-06 | 212s
2026-09-17 23:27:52 | INFO    | epoch 36 | batch 3020/4266 | loss 0.4302 | acc 0.9814 | lr 4.08e-06 | 213s
2026-09-17 23:27:53 | INFO    | epoch 36 | batch 3040/4266 | loss 0.4302 | acc 0.9814 | lr 4.08e-06 | 215s
2026-09-17 23:27:54 | INFO    | epoch 36 | batch 3060/4266 | loss 0.4302 | acc 0.9814 | lr 4.07e-06 | 216s
2026-09-17 23:27:56 | INFO    | epoch 36 | batch 3080/4266 | loss 0.4303 | acc 0.9813 | lr 4.06e-06 | 217s
2026-09-17 23:27:57 | INFO    | epoch 36 | batch 3100/4266 | loss 0.4302 | acc 0.9814 | lr 4.06e-06 | 219s
2026-09-17 23:27:59 | INFO    | epoch 36 | batch 3120/4266 | loss 0.4302 | acc 0.9815 | lr 4.05e-06 | 220s
2026-09-17 23:28:00 | INFO    | epoch 36 | batch 3140/4266 | loss 0.4301 | acc 0.9815 | lr 4.04e-06 | 222s
2026-09-17 23:28:01 | INFO    | epoch 36 | batch 3160/4266 | loss 0.4301 | acc 0.9815 | lr 4.04e-06 | 223s
2026-09-17 23:28:03 | INFO    | epoch 36 | batch 3180/4266 | loss 0.4300 | acc 0.9815 | lr 4.03e-06 | 224s
2026-09-17 23:28:04 | INFO    | epoch 36 | batch 3200/4266 | loss 0.4300 | acc 0.9815 | lr 4.02e-06 | 226s
2026-09-17 23:28:06 | INFO    | epoch 36 | batch 3220/4266 | loss 0.4300 | acc 0.9815 | lr 4.02e-06 | 227s
2026-09-17 23:28:07 | INFO    | epoch 36 | batch 3240/4266 | loss 0.4300 | acc 0.9815 | lr 4.01e-06 | 229s
2026-09-17 23:28:08 | INFO    | epoch 36 | batch 3260/4266 | loss 0.4301 | acc 0.9815 | lr 4.00e-06 | 230s
2026-09-17 23:28:10 | INFO    | epoch 36 | batch 3280/4266 | loss 0.4301 | acc 0.9815 | lr 4.00e-06 | 232s
2026-09-17 23:28:11 | INFO    | epoch 36 | batch 3300/4266 | loss 0.4300 | acc 0.9815 | lr 3.99e-06 | 233s
2026-09-17 23:28:13 | INFO    | epoch 36 | batch 3320/4266 | loss 0.4301 | acc 0.9815 | lr 3.98e-06 | 234s
2026-09-17 23:28:14 | INFO    | epoch 36 | batch 3340/4266 | loss 0.4301 | acc 0.9815 | lr 3.98e-06 | 236s
2026-09-17 23:28:15 | INFO    | epoch 36 | batch 3360/4266 | loss 0.4300 | acc 0.9815 | lr 3.97e-06 | 237s
2026-09-17 23:28:17 | INFO    | epoch 36 | batch 3380/4266 | loss 0.4301 | acc 0.9815 | lr 3.96e-06 | 238s
2026-09-17 23:28:18 | INFO    | epoch 36 | batch 3400/4266 | loss 0.4301 | acc 0.9815 | lr 3.96e-06 | 240s
2026-09-17 23:28:20 | INFO    | epoch 36 | batch 3420/4266 | loss 0.4301 | acc 0.9815 | lr 3.95e-06 | 241s
2026-09-17 23:28:21 | INFO    | epoch 36 | batch 3440/4266 | loss 0.4302 | acc 0.9815 | lr 3.95e-06 | 243s
2026-09-17 23:28:22 | INFO    | epoch 36 | batch 3460/4266 | loss 0.4302 | acc 0.9815 | lr 3.94e-06 | 244s
2026-09-17 23:28:24 | INFO    | epoch 36 | batch 3480/4266 | loss 0.4301 | acc 0.9815 | lr 3.93e-06 | 246s
2026-09-17 23:28:25 | INFO    | epoch 36 | batch 3500/4266 | loss 0.4301 | acc 0.9815 | lr 3.93e-06 | 247s
2026-09-17 23:28:27 | INFO    | epoch 36 | batch 3520/4266 | loss 0.4302 | acc 0.9815 | lr 3.92e-06 | 248s
2026-09-17 23:28:28 | INFO    | epoch 36 | batch 3540/4266 | loss 0.4302 | acc 0.9815 | lr 3.91e-06 | 250s
2026-09-17 23:28:29 | INFO    | epoch 36 | batch 3560/4266 | loss 0.4303 | acc 0.9815 | lr 3.91e-06 | 251s
2026-09-17 23:28:31 | INFO    | epoch 36 | batch 3580/4266 | loss 0.4303 | acc 0.9815 | lr 3.90e-06 | 253s
2026-09-17 23:28:32 | INFO    | epoch 36 | batch 3600/4266 | loss 0.4302 | acc 0.9815 | lr 3.89e-06 | 254s
2026-09-17 23:28:34 | INFO    | epoch 36 | batch 3620/4266 | loss 0.4302 | acc 0.9815 | lr 3.89e-06 | 255s
2026-09-17 23:28:35 | INFO    | epoch 36 | batch 3640/4266 | loss 0.4301 | acc 0.9815 | lr 3.88e-06 | 257s
2026-09-17 23:28:36 | INFO    | epoch 36 | batch 3660/4266 | loss 0.4301 | acc 0.9816 | lr 3.87e-06 | 258s
2026-09-17 23:28:38 | INFO    | epoch 36 | batch 3680/4266 | loss 0.4301 | acc 0.9816 | lr 3.87e-06 | 260s
2026-09-17 23:28:39 | INFO    | epoch 36 | batch 3700/4266 | loss 0.4300 | acc 0.9816 | lr 3.86e-06 | 261s
2026-09-17 23:28:41 | INFO    | epoch 36 | batch 3720/4266 | loss 0.4300 | acc 0.9816 | lr 3.85e-06 | 262s
2026-09-17 23:28:42 | INFO    | epoch 36 | batch 3740/4266 | loss 0.4301 | acc 0.9816 | lr 3.85e-06 | 264s
2026-09-17 23:28:43 | INFO    | epoch 36 | batch 3760/4266 | loss 0.4301 | acc 0.9816 | lr 3.84e-06 | 265s
2026-09-17 23:28:45 | INFO    | epoch 36 | batch 3780/4266 | loss 0.4299 | acc 0.9816 | lr 3.84e-06 | 267s
2026-09-17 23:28:46 | INFO    | epoch 36 | batch 3800/4266 | loss 0.4300 | acc 0.9816 | lr 3.83e-06 | 268s
2026-09-17 23:28:48 | INFO    | epoch 36 | batch 3820/4266 | loss 0.4300 | acc 0.9816 | lr 3.82e-06 | 269s
2026-09-17 23:28:49 | INFO    | epoch 36 | batch 3840/4266 | loss 0.4299 | acc 0.9817 | lr 3.82e-06 | 271s
2026-09-17 23:28:50 | INFO    | epoch 36 | batch 3860/4266 | loss 0.4299 | acc 0.9817 | lr 3.81e-06 | 272s
2026-09-17 23:28:52 | INFO    | epoch 36 | batch 3880/4266 | loss 0.4299 | acc 0.9817 | lr 3.80e-06 | 274s
2026-09-17 23:28:53 | INFO    | epoch 36 | batch 3900/4266 | loss 0.4298 | acc 0.9817 | lr 3.80e-06 | 275s
2026-09-17 23:28:55 | INFO    | epoch 36 | batch 3920/4266 | loss 0.4298 | acc 0.9818 | lr 3.79e-06 | 277s
2026-09-17 23:28:56 | INFO    | epoch 36 | batch 3940/4266 | loss 0.4298 | acc 0.9818 | lr 3.78e-06 | 278s
2026-09-17 23:28:58 | INFO    | epoch 36 | batch 3960/4266 | loss 0.4298 | acc 0.9818 | lr 3.78e-06 | 279s
2026-09-17 23:28:59 | INFO    | epoch 36 | batch 3980/4266 | loss 0.4298 | acc 0.9818 | lr 3.77e-06 | 281s
2026-09-17 23:29:01 | INFO    | epoch 36 | batch 4000/4266 | loss 0.4298 | acc 0.9818 | lr 3.77e-06 | 282s
2026-09-17 23:29:02 | INFO    | epoch 36 | batch 4020/4266 | loss 0.4297 | acc 0.9818 | lr 3.76e-06 | 284s
2026-09-17 23:29:03 | INFO    | epoch 36 | batch 4040/4266 | loss 0.4298 | acc 0.9818 | lr 3.75e-06 | 285s
2026-09-17 23:29:05 | INFO    | epoch 36 | batch 4060/4266 | loss 0.4297 | acc 0.9818 | lr 3.75e-06 | 286s
2026-09-17 23:29:06 | INFO    | epoch 36 | batch 4080/4266 | loss 0.4296 | acc 0.9819 | lr 3.74e-06 | 288s
2026-09-17 23:29:07 | INFO    | epoch 36 | batch 4100/4266 | loss 0.4296 | acc 0.9819 | lr 3.73e-06 | 289s
2026-09-17 23:29:09 | INFO    | epoch 36 | batch 4120/4266 | loss 0.4296 | acc 0.9819 | lr 3.73e-06 | 291s
2026-09-17 23:29:10 | INFO    | epoch 36 | batch 4140/4266 | loss 0.4297 | acc 0.9818 | lr 3.72e-06 | 292s
2026-09-17 23:29:12 | INFO    | epoch 36 | batch 4160/4266 | loss 0.4297 | acc 0.9818 | lr 3.72e-06 | 293s
2026-09-17 23:29:13 | INFO    | epoch 36 | batch 4180/4266 | loss 0.4297 | acc 0.9818 | lr 3.71e-06 | 295s
2026-09-17 23:29:14 | INFO    | epoch 36 | batch 4200/4266 | loss 0.4297 | acc 0.9819 | lr 3.70e-06 | 296s
2026-09-17 23:29:16 | INFO    | epoch 36 | batch 4220/4266 | loss 0.4297 | acc 0.9819 | lr 3.70e-06 | 298s
2026-09-17 23:29:17 | INFO    | epoch 36 | batch 4240/4266 | loss 0.4297 | acc 0.9818 | lr 3.69e-06 | 299s
2026-09-17 23:29:19 | INFO    | epoch 36 | batch 4260/4266 | loss 0.4297 | acc 0.9819 | lr 3.68e-06 | 300s
2026-09-17 23:29:19 | INFO    | epoch 36 | batch 4266/4266 | loss 0.4297 | acc 0.9819 | lr 3.68e-06 | 301s
2026-09-17 23:29:29 | INFO    | epoch 36/40 done in 311s | train loss 0.4297 | train running patch (aug): accuracy=0.9819 precision=0.9816 recall=0.9813 f1=0.9814
2026-09-17 23:29:29 | INFO    | epoch 36 train (eval, no aug) | loss 0.4237 | patch[7280]: accuracy=0.9838 precision=0.9835 recall=0.9838 f1=0.9836 | image[455]: accuracy=1.0000 precision=1.0000 recall=1.0000 f1=1.0000
2026-09-17 23:29:29 | INFO    | epoch 36 val | loss 1.2284 | patch[8448]: accuracy=0.6611 precision=0.6456 recall=0.6369 f1=0.6396 | image[96]: accuracy=0.7812 precision=0.7675 recall=0.7576 f1=0.7604
2026-09-17 23:29:29 | INFO    | val_patch_f1 = 0.6396 (best 0.6545 @ epoch 31)
2026-09-17 23:29:30 | INFO    | epoch 37 | batch 20/4266 | loss 0.4414 | acc 0.9766 | lr 3.68e-06 | 1s
2026-09-17 23:29:32 | INFO    | epoch 37 | batch 40/4266 | loss 0.4429 | acc 0.9781 | lr 3.67e-06 | 3s
2026-09-17 23:29:33 | INFO    | epoch 37 | batch 60/4266 | loss 0.4382 | acc 0.9781 | lr 3.66e-06 | 4s
2026-09-17 23:29:35 | INFO    | epoch 37 | batch 80/4266 | loss 0.4340 | acc 0.9793 | lr 3.66e-06 | 6s
2026-09-17 23:29:36 | INFO    | epoch 37 | batch 100/4266 | loss 0.4369 | acc 0.9788 | lr 3.65e-06 | 7s
2026-09-17 23:29:37 | INFO    | epoch 37 | batch 120/4266 | loss 0.4357 | acc 0.9794 | lr 3.64e-06 | 8s
2026-09-17 23:29:39 | INFO    | epoch 37 | batch 140/4266 | loss 0.4345 | acc 0.9801 | lr 3.64e-06 | 10s
2026-09-17 23:29:40 | INFO    | epoch 37 | batch 160/4266 | loss 0.4334 | acc 0.9807 | lr 3.63e-06 | 11s
2026-09-17 23:29:42 | INFO    | epoch 37 | batch 180/4266 | loss 0.4345 | acc 0.9802 | lr 3.63e-06 | 13s
2026-09-17 23:29:43 | INFO    | epoch 37 | batch 200/4266 | loss 0.4336 | acc 0.9806 | lr 3.62e-06 | 14s
2026-09-17 23:29:45 | INFO    | epoch 37 | batch 220/4266 | loss 0.4317 | acc 0.9814 | lr 3.61e-06 | 16s
2026-09-17 23:29:46 | INFO    | epoch 37 | batch 240/4266 | loss 0.4321 | acc 0.9809 | lr 3.61e-06 | 17s
2026-09-17 23:29:48 | INFO    | epoch 37 | batch 260/4266 | loss 0.4314 | acc 0.9810 | lr 3.60e-06 | 19s
2026-09-17 23:29:49 | INFO    | epoch 37 | batch 280/4266 | loss 0.4317 | acc 0.9812 | lr 3.60e-06 | 20s
2026-09-17 23:29:51 | INFO    | epoch 37 | batch 300/4266 | loss 0.4317 | acc 0.9814 | lr 3.59e-06 | 22s
2026-09-17 23:29:52 | INFO    | epoch 37 | batch 320/4266 | loss 0.4311 | acc 0.9812 | lr 3.58e-06 | 23s
2026-09-17 23:29:54 | INFO    | epoch 37 | batch 340/4266 | loss 0.4312 | acc 0.9812 | lr 3.58e-06 | 25s
2026-09-17 23:29:55 | INFO    | epoch 37 | batch 360/4266 | loss 0.4317 | acc 0.9811 | lr 3.57e-06 | 26s
2026-09-17 23:29:57 | INFO    | epoch 37 | batch 380/4266 | loss 0.4308 | acc 0.9817 | lr 3.56e-06 | 28s
2026-09-17 23:29:58 | INFO    | epoch 37 | batch 400/4266 | loss 0.4319 | acc 0.9813 | lr 3.56e-06 | 29s
2026-09-17 23:30:00 | INFO    | epoch 37 | batch 420/4266 | loss 0.4312 | acc 0.9815 | lr 3.55e-06 | 31s
2026-09-17 23:30:01 | INFO    | epoch 37 | batch 440/4266 | loss 0.4317 | acc 0.9812 | lr 3.55e-06 | 32s
2026-09-17 23:30:02 | INFO    | epoch 37 | batch 460/4266 | loss 0.4314 | acc 0.9814 | lr 3.54e-06 | 34s
2026-09-17 23:30:04 | INFO    | epoch 37 | batch 480/4266 | loss 0.4309 | acc 0.9818 | lr 3.53e-06 | 35s
2026-09-17 23:30:05 | INFO    | epoch 37 | batch 500/4266 | loss 0.4311 | acc 0.9815 | lr 3.53e-06 | 36s
2026-09-17 23:30:07 | INFO    | epoch 37 | batch 520/4266 | loss 0.4316 | acc 0.9813 | lr 3.52e-06 | 38s
2026-09-17 23:30:08 | INFO    | epoch 37 | batch 540/4266 | loss 0.4314 | acc 0.9813 | lr 3.52e-06 | 39s
2026-09-17 23:30:09 | INFO    | epoch 37 | batch 560/4266 | loss 0.4314 | acc 0.9812 | lr 3.51e-06 | 41s
2026-09-17 23:30:11 | INFO    | epoch 37 | batch 580/4266 | loss 0.4309 | acc 0.9815 | lr 3.50e-06 | 42s
2026-09-17 23:30:12 | INFO    | epoch 37 | batch 600/4266 | loss 0.4304 | acc 0.9818 | lr 3.50e-06 | 43s
2026-09-17 23:30:14 | INFO    | epoch 37 | batch 620/4266 | loss 0.4304 | acc 0.9817 | lr 3.49e-06 | 45s
2026-09-17 23:30:15 | INFO    | epoch 37 | batch 640/4266 | loss 0.4303 | acc 0.9816 | lr 3.49e-06 | 46s
2026-09-17 23:30:16 | INFO    | epoch 37 | batch 660/4266 | loss 0.4304 | acc 0.9815 | lr 3.48e-06 | 48s
2026-09-17 23:30:18 | INFO    | epoch 37 | batch 680/4266 | loss 0.4305 | acc 0.9815 | lr 3.47e-06 | 49s
2026-09-17 23:30:19 | INFO    | epoch 37 | batch 700/4266 | loss 0.4302 | acc 0.9817 | lr 3.47e-06 | 50s
2026-09-17 23:30:21 | INFO    | epoch 37 | batch 720/4266 | loss 0.4299 | acc 0.9818 | lr 3.46e-06 | 52s
2026-09-17 23:30:22 | INFO    | epoch 37 | batch 740/4266 | loss 0.4301 | acc 0.9815 | lr 3.46e-06 | 53s
2026-09-17 23:30:24 | INFO    | epoch 37 | batch 760/4266 | loss 0.4301 | acc 0.9814 | lr 3.45e-06 | 55s
2026-09-17 23:30:25 | INFO    | epoch 37 | batch 780/4266 | loss 0.4299 | acc 0.9816 | lr 3.44e-06 | 56s
2026-09-17 23:30:27 | INFO    | epoch 37 | batch 800/4266 | loss 0.4298 | acc 0.9817 | lr 3.44e-06 | 58s
2026-09-17 23:30:28 | INFO    | epoch 37 | batch 820/4266 | loss 0.4299 | acc 0.9817 | lr 3.43e-06 | 59s
2026-09-17 23:30:29 | INFO    | epoch 37 | batch 840/4266 | loss 0.4302 | acc 0.9815 | lr 3.43e-06 | 60s
2026-09-17 23:30:31 | INFO    | epoch 37 | batch 860/4266 | loss 0.4304 | acc 0.9814 | lr 3.42e-06 | 62s
2026-09-17 23:30:32 | INFO    | epoch 37 | batch 880/4266 | loss 0.4304 | acc 0.9814 | lr 3.41e-06 | 63s
2026-09-17 23:30:34 | INFO    | epoch 37 | batch 900/4266 | loss 0.4304 | acc 0.9814 | lr 3.41e-06 | 65s
2026-09-17 23:30:35 | INFO    | epoch 37 | batch 920/4266 | loss 0.4304 | acc 0.9815 | lr 3.40e-06 | 66s
2026-09-17 23:30:37 | INFO    | epoch 37 | batch 940/4266 | loss 0.4306 | acc 0.9815 | lr 3.40e-06 | 68s
2026-09-17 23:30:38 | INFO    | epoch 37 | batch 960/4266 | loss 0.4308 | acc 0.9814 | lr 3.39e-06 | 69s
2026-09-17 23:30:39 | INFO    | epoch 37 | batch 980/4266 | loss 0.4309 | acc 0.9813 | lr 3.39e-06 | 70s
2026-09-17 23:30:41 | INFO    | epoch 37 | batch 1000/4266 | loss 0.4312 | acc 0.9812 | lr 3.38e-06 | 72s
2026-09-17 23:30:42 | INFO    | epoch 37 | batch 1020/4266 | loss 0.4311 | acc 0.9813 | lr 3.37e-06 | 73s
2026-09-17 23:30:44 | INFO    | epoch 37 | batch 1040/4266 | loss 0.4311 | acc 0.9813 | lr 3.37e-06 | 75s
2026-09-17 23:30:45 | INFO    | epoch 37 | batch 1060/4266 | loss 0.4310 | acc 0.9814 | lr 3.36e-06 | 76s
2026-09-17 23:30:47 | INFO    | epoch 37 | batch 1080/4266 | loss 0.4311 | acc 0.9813 | lr 3.36e-06 | 78s
2026-09-17 23:30:48 | INFO    | epoch 37 | batch 1100/4266 | loss 0.4315 | acc 0.9812 | lr 3.35e-06 | 79s
2026-09-17 23:30:50 | INFO    | epoch 37 | batch 1120/4266 | loss 0.4315 | acc 0.9813 | lr 3.34e-06 | 81s
2026-09-17 23:30:51 | INFO    | epoch 37 | batch 1140/4266 | loss 0.4313 | acc 0.9814 | lr 3.34e-06 | 82s
2026-09-17 23:30:52 | INFO    | epoch 37 | batch 1160/4266 | loss 0.4313 | acc 0.9814 | lr 3.33e-06 | 83s
2026-09-17 23:30:54 | INFO    | epoch 37 | batch 1180/4266 | loss 0.4312 | acc 0.9815 | lr 3.33e-06 | 85s
2026-09-17 23:30:55 | INFO    | epoch 37 | batch 1200/4266 | loss 0.4310 | acc 0.9816 | lr 3.32e-06 | 86s
2026-09-17 23:30:57 | INFO    | epoch 37 | batch 1220/4266 | loss 0.4309 | acc 0.9816 | lr 3.32e-06 | 88s
2026-09-17 23:30:58 | INFO    | epoch 37 | batch 1240/4266 | loss 0.4310 | acc 0.9815 | lr 3.31e-06 | 89s
2026-09-17 23:30:59 | INFO    | epoch 37 | batch 1260/4266 | loss 0.4308 | acc 0.9816 | lr 3.30e-06 | 90s
2026-09-17 23:31:01 | INFO    | epoch 37 | batch 1280/4266 | loss 0.4307 | acc 0.9817 | lr 3.30e-06 | 92s
2026-09-17 23:31:02 | INFO    | epoch 37 | batch 1300/4266 | loss 0.4305 | acc 0.9817 | lr 3.29e-06 | 93s
2026-09-17 23:31:03 | INFO    | epoch 37 | batch 1320/4266 | loss 0.4306 | acc 0.9817 | lr 3.29e-06 | 94s
2026-09-17 23:31:05 | INFO    | epoch 37 | batch 1340/4266 | loss 0.4305 | acc 0.9817 | lr 3.28e-06 | 96s
2026-09-17 23:31:06 | INFO    | epoch 37 | batch 1360/4266 | loss 0.4304 | acc 0.9818 | lr 3.27e-06 | 97s
2026-09-17 23:31:07 | INFO    | epoch 37 | batch 1380/4266 | loss 0.4304 | acc 0.9817 | lr 3.27e-06 | 99s
2026-09-17 23:31:09 | INFO    | epoch 37 | batch 1400/4266 | loss 0.4302 | acc 0.9818 | lr 3.26e-06 | 100s
2026-09-17 23:31:10 | INFO    | epoch 37 | batch 1420/4266 | loss 0.4303 | acc 0.9818 | lr 3.26e-06 | 101s
2026-09-17 23:31:12 | INFO    | epoch 37 | batch 1440/4266 | loss 0.4303 | acc 0.9816 | lr 3.25e-06 | 103s
2026-09-17 23:31:13 | INFO    | epoch 37 | batch 1460/4266 | loss 0.4304 | acc 0.9816 | lr 3.25e-06 | 104s
2026-09-17 23:31:14 | INFO    | epoch 37 | batch 1480/4266 | loss 0.4304 | acc 0.9816 | lr 3.24e-06 | 106s
2026-09-17 23:31:16 | INFO    | epoch 37 | batch 1500/4266 | loss 0.4305 | acc 0.9816 | lr 3.23e-06 | 107s
2026-09-17 23:31:17 | INFO    | epoch 37 | batch 1520/4266 | loss 0.4304 | acc 0.9816 | lr 3.23e-06 | 108s
2026-09-17 23:31:19 | INFO    | epoch 37 | batch 1540/4266 | loss 0.4305 | acc 0.9816 | lr 3.22e-06 | 110s
2026-09-17 23:31:20 | INFO    | epoch 37 | batch 1560/4266 | loss 0.4304 | acc 0.9817 | lr 3.22e-06 | 111s
2026-09-17 23:31:21 | INFO    | epoch 37 | batch 1580/4266 | loss 0.4301 | acc 0.9818 | lr 3.21e-06 | 112s
2026-09-17 23:31:23 | INFO    | epoch 37 | batch 1600/4266 | loss 0.4302 | acc 0.9818 | lr 3.21e-06 | 114s
2026-09-17 23:31:24 | INFO    | epoch 37 | batch 1620/4266 | loss 0.4301 | acc 0.9818 | lr 3.20e-06 | 115s
2026-09-17 23:31:26 | INFO    | epoch 37 | batch 1640/4266 | loss 0.4302 | acc 0.9818 | lr 3.19e-06 | 117s
2026-09-17 23:31:27 | INFO    | epoch 37 | batch 1660/4266 | loss 0.4301 | acc 0.9818 | lr 3.19e-06 | 118s
2026-09-17 23:31:28 | INFO    | epoch 37 | batch 1680/4266 | loss 0.4300 | acc 0.9818 | lr 3.18e-06 | 119s
2026-09-17 23:31:30 | INFO    | epoch 37 | batch 1700/4266 | loss 0.4300 | acc 0.9819 | lr 3.18e-06 | 121s
2026-09-17 23:31:31 | INFO    | epoch 37 | batch 1720/4266 | loss 0.4300 | acc 0.9819 | lr 3.17e-06 | 122s
2026-09-17 23:31:33 | INFO    | epoch 37 | batch 1740/4266 | loss 0.4301 | acc 0.9819 | lr 3.17e-06 | 124s
2026-09-17 23:31:34 | INFO    | epoch 37 | batch 1760/4266 | loss 0.4301 | acc 0.9818 | lr 3.16e-06 | 125s
2026-09-17 23:31:35 | INFO    | epoch 37 | batch 1780/4266 | loss 0.4300 | acc 0.9818 | lr 3.16e-06 | 126s
2026-09-17 23:31:37 | INFO    | epoch 37 | batch 1800/4266 | loss 0.4299 | acc 0.9819 | lr 3.15e-06 | 128s
2026-09-17 23:31:38 | INFO    | epoch 37 | batch 1820/4266 | loss 0.4299 | acc 0.9819 | lr 3.14e-06 | 129s
2026-09-17 23:31:40 | INFO    | epoch 37 | batch 1840/4266 | loss 0.4299 | acc 0.9819 | lr 3.14e-06 | 131s
2026-09-17 23:31:41 | INFO    | epoch 37 | batch 1860/4266 | loss 0.4298 | acc 0.9820 | lr 3.13e-06 | 132s
2026-09-17 23:31:42 | INFO    | epoch 37 | batch 1880/4266 | loss 0.4300 | acc 0.9819 | lr 3.13e-06 | 133s
2026-09-17 23:31:44 | INFO    | epoch 37 | batch 1900/4266 | loss 0.4302 | acc 0.9818 | lr 3.12e-06 | 135s
2026-09-17 23:31:45 | INFO    | epoch 37 | batch 1920/4266 | loss 0.4301 | acc 0.9818 | lr 3.12e-06 | 136s
2026-09-17 23:31:47 | INFO    | epoch 37 | batch 1940/4266 | loss 0.4300 | acc 0.9819 | lr 3.11e-06 | 138s
2026-09-17 23:31:48 | INFO    | epoch 37 | batch 1960/4266 | loss 0.4300 | acc 0.9819 | lr 3.11e-06 | 139s
2026-09-17 23:31:49 | INFO    | epoch 37 | batch 1980/4266 | loss 0.4298 | acc 0.9820 | lr 3.10e-06 | 140s
2026-09-17 23:31:51 | INFO    | epoch 37 | batch 2000/4266 | loss 0.4298 | acc 0.9820 | lr 3.09e-06 | 142s
2026-09-17 23:31:52 | INFO    | epoch 37 | batch 2020/4266 | loss 0.4298 | acc 0.9820 | lr 3.09e-06 | 143s
2026-09-17 23:31:54 | INFO    | epoch 37 | batch 2040/4266 | loss 0.4298 | acc 0.9820 | lr 3.08e-06 | 145s
2026-09-17 23:31:55 | INFO    | epoch 37 | batch 2060/4266 | loss 0.4299 | acc 0.9820 | lr 3.08e-06 | 146s
2026-09-17 23:31:56 | INFO    | epoch 37 | batch 2080/4266 | loss 0.4299 | acc 0.9820 | lr 3.07e-06 | 148s
2026-09-17 23:31:58 | INFO    | epoch 37 | batch 2100/4266 | loss 0.4297 | acc 0.9821 | lr 3.07e-06 | 149s
2026-09-17 23:31:59 | INFO    | epoch 37 | batch 2120/4266 | loss 0.4297 | acc 0.9821 | lr 3.06e-06 | 150s
2026-09-17 23:32:01 | INFO    | epoch 37 | batch 2140/4266 | loss 0.4295 | acc 0.9822 | lr 3.06e-06 | 152s
2026-09-17 23:32:02 | INFO    | epoch 37 | batch 2160/4266 | loss 0.4294 | acc 0.9822 | lr 3.05e-06 | 153s
2026-09-17 23:32:03 | INFO    | epoch 37 | batch 2180/4266 | loss 0.4293 | acc 0.9823 | lr 3.04e-06 | 154s
2026-09-17 23:32:05 | INFO    | epoch 37 | batch 2200/4266 | loss 0.4294 | acc 0.9823 | lr 3.04e-06 | 156s
2026-09-17 23:32:06 | INFO    | epoch 37 | batch 2220/4266 | loss 0.4293 | acc 0.9823 | lr 3.03e-06 | 157s
2026-09-17 23:32:08 | INFO    | epoch 37 | batch 2240/4266 | loss 0.4292 | acc 0.9824 | lr 3.03e-06 | 159s
2026-09-17 23:32:09 | INFO    | epoch 37 | batch 2260/4266 | loss 0.4293 | acc 0.9824 | lr 3.02e-06 | 160s
2026-09-17 23:32:11 | INFO    | epoch 37 | batch 2280/4266 | loss 0.4293 | acc 0.9824 | lr 3.02e-06 | 162s
2026-09-17 23:32:12 | INFO    | epoch 37 | batch 2300/4266 | loss 0.4293 | acc 0.9823 | lr 3.01e-06 | 163s
2026-09-17 23:32:13 | INFO    | epoch 37 | batch 2320/4266 | loss 0.4293 | acc 0.9824 | lr 3.01e-06 | 164s
2026-09-17 23:32:15 | INFO    | epoch 37 | batch 2340/4266 | loss 0.4291 | acc 0.9824 | lr 3.00e-06 | 166s
2026-09-17 23:32:16 | INFO    | epoch 37 | batch 2360/4266 | loss 0.4291 | acc 0.9824 | lr 3.00e-06 | 167s
2026-09-17 23:32:17 | INFO    | epoch 37 | batch 2380/4266 | loss 0.4291 | acc 0.9824 | lr 2.99e-06 | 169s
2026-09-17 23:32:19 | INFO    | epoch 37 | batch 2400/4266 | loss 0.4291 | acc 0.9824 | lr 2.99e-06 | 170s
2026-09-17 23:32:20 | INFO    | epoch 37 | batch 2420/4266 | loss 0.4291 | acc 0.9825 | lr 2.98e-06 | 171s
2026-09-17 23:32:22 | INFO    | epoch 37 | batch 2440/4266 | loss 0.4290 | acc 0.9825 | lr 2.97e-06 | 173s
2026-09-17 23:32:23 | INFO    | epoch 37 | batch 2460/4266 | loss 0.4290 | acc 0.9824 | lr 2.97e-06 | 174s
2026-09-17 23:32:24 | INFO    | epoch 37 | batch 2480/4266 | loss 0.4290 | acc 0.9824 | lr 2.96e-06 | 175s
2026-09-17 23:32:26 | INFO    | epoch 37 | batch 2500/4266 | loss 0.4290 | acc 0.9825 | lr 2.96e-06 | 177s
2026-09-17 23:32:27 | INFO    | epoch 37 | batch 2520/4266 | loss 0.4290 | acc 0.9825 | lr 2.95e-06 | 178s
2026-09-17 23:32:28 | INFO    | epoch 37 | batch 2540/4266 | loss 0.4289 | acc 0.9825 | lr 2.95e-06 | 179s
2026-09-17 23:32:30 | INFO    | epoch 37 | batch 2560/4266 | loss 0.4289 | acc 0.9826 | lr 2.94e-06 | 181s
2026-09-17 23:32:31 | INFO    | epoch 37 | batch 2580/4266 | loss 0.4288 | acc 0.9826 | lr 2.94e-06 | 182s
2026-09-17 23:32:33 | INFO    | epoch 37 | batch 2600/4266 | loss 0.4288 | acc 0.9826 | lr 2.93e-06 | 184s
2026-09-17 23:32:34 | INFO    | epoch 37 | batch 2620/4266 | loss 0.4288 | acc 0.9826 | lr 2.93e-06 | 185s
2026-09-17 23:32:36 | INFO    | epoch 37 | batch 2640/4266 | loss 0.4287 | acc 0.9827 | lr 2.92e-06 | 187s
2026-09-17 23:32:37 | INFO    | epoch 37 | batch 2660/4266 | loss 0.4286 | acc 0.9827 | lr 2.92e-06 | 188s
2026-09-17 23:32:38 | INFO    | epoch 37 | batch 2680/4266 | loss 0.4286 | acc 0.9826 | lr 2.91e-06 | 189s
2026-09-17 23:32:40 | INFO    | epoch 37 | batch 2700/4266 | loss 0.4287 | acc 0.9826 | lr 2.91e-06 | 191s
2026-09-17 23:32:41 | INFO    | epoch 37 | batch 2720/4266 | loss 0.4287 | acc 0.9826 | lr 2.90e-06 | 192s
2026-09-17 23:32:43 | INFO    | epoch 37 | batch 2740/4266 | loss 0.4287 | acc 0.9827 | lr 2.89e-06 | 194s
2026-09-17 23:32:44 | INFO    | epoch 37 | batch 2760/4266 | loss 0.4287 | acc 0.9827 | lr 2.89e-06 | 195s
2026-09-17 23:32:46 | INFO    | epoch 37 | batch 2780/4266 | loss 0.4287 | acc 0.9826 | lr 2.88e-06 | 197s
2026-09-17 23:32:47 | INFO    | epoch 37 | batch 2800/4266 | loss 0.4288 | acc 0.9826 | lr 2.88e-06 | 198s
2026-09-17 23:32:48 | INFO    | epoch 37 | batch 2820/4266 | loss 0.4289 | acc 0.9825 | lr 2.87e-06 | 199s
2026-09-17 23:32:50 | INFO    | epoch 37 | batch 2840/4266 | loss 0.4288 | acc 0.9826 | lr 2.87e-06 | 201s
2026-09-17 23:32:51 | INFO    | epoch 37 | batch 2860/4266 | loss 0.4288 | acc 0.9826 | lr 2.86e-06 | 202s
2026-09-17 23:32:52 | INFO    | epoch 37 | batch 2880/4266 | loss 0.4288 | acc 0.9826 | lr 2.86e-06 | 204s
2026-09-17 23:32:54 | INFO    | epoch 37 | batch 2900/4266 | loss 0.4287 | acc 0.9826 | lr 2.85e-06 | 205s
2026-09-17 23:32:55 | INFO    | epoch 37 | batch 2920/4266 | loss 0.4288 | acc 0.9826 | lr 2.85e-06 | 206s
2026-09-17 23:32:57 | INFO    | epoch 37 | batch 2940/4266 | loss 0.4288 | acc 0.9826 | lr 2.84e-06 | 208s
2026-09-17 23:32:58 | INFO    | epoch 37 | batch 2960/4266 | loss 0.4288 | acc 0.9826 | lr 2.84e-06 | 209s
2026-09-17 23:33:00 | INFO    | epoch 37 | batch 2980/4266 | loss 0.4288 | acc 0.9825 | lr 2.83e-06 | 211s
2026-09-17 23:33:01 | INFO    | epoch 37 | batch 3000/4266 | loss 0.4288 | acc 0.9825 | lr 2.83e-06 | 212s
2026-09-17 23:33:02 | INFO    | epoch 37 | batch 3020/4266 | loss 0.4288 | acc 0.9825 | lr 2.82e-06 | 213s
2026-09-17 23:33:04 | INFO    | epoch 37 | batch 3040/4266 | loss 0.4288 | acc 0.9825 | lr 2.82e-06 | 215s
2026-09-17 23:33:05 | INFO    | epoch 37 | batch 3060/4266 | loss 0.4288 | acc 0.9825 | lr 2.81e-06 | 216s
2026-09-17 23:33:07 | INFO    | epoch 37 | batch 3080/4266 | loss 0.4288 | acc 0.9825 | lr 2.81e-06 | 218s
2026-09-17 23:33:08 | INFO    | epoch 37 | batch 3100/4266 | loss 0.4290 | acc 0.9824 | lr 2.80e-06 | 219s
2026-09-17 23:33:09 | INFO    | epoch 37 | batch 3120/4266 | loss 0.4290 | acc 0.9824 | lr 2.80e-06 | 220s
2026-09-17 23:33:11 | INFO    | epoch 37 | batch 3140/4266 | loss 0.4290 | acc 0.9824 | lr 2.79e-06 | 222s
2026-09-17 23:33:12 | INFO    | epoch 37 | batch 3160/4266 | loss 0.4291 | acc 0.9823 | lr 2.79e-06 | 223s
2026-09-17 23:33:14 | INFO    | epoch 37 | batch 3180/4266 | loss 0.4291 | acc 0.9824 | lr 2.78e-06 | 225s
2026-09-17 23:33:15 | INFO    | epoch 37 | batch 3200/4266 | loss 0.4291 | acc 0.9823 | lr 2.78e-06 | 226s
2026-09-17 23:33:16 | INFO    | epoch 37 | batch 3220/4266 | loss 0.4292 | acc 0.9823 | lr 2.77e-06 | 227s
2026-09-17 23:33:18 | INFO    | epoch 37 | batch 3240/4266 | loss 0.4290 | acc 0.9824 | lr 2.77e-06 | 229s
2026-09-17 23:33:19 | INFO    | epoch 37 | batch 3260/4266 | loss 0.4290 | acc 0.9824 | lr 2.76e-06 | 230s
2026-09-17 23:33:21 | INFO    | epoch 37 | batch 3280/4266 | loss 0.4291 | acc 0.9823 | lr 2.76e-06 | 232s
2026-09-17 23:33:22 | INFO    | epoch 37 | batch 3300/4266 | loss 0.4290 | acc 0.9824 | lr 2.75e-06 | 233s
2026-09-17 23:33:24 | INFO    | epoch 37 | batch 3320/4266 | loss 0.4291 | acc 0.9824 | lr 2.75e-06 | 235s
2026-09-17 23:33:25 | INFO    | epoch 37 | batch 3340/4266 | loss 0.4290 | acc 0.9824 | lr 2.74e-06 | 236s
2026-09-17 23:33:26 | INFO    | epoch 37 | batch 3360/4266 | loss 0.4290 | acc 0.9824 | lr 2.74e-06 | 237s
2026-09-17 23:33:28 | INFO    | epoch 37 | batch 3380/4266 | loss 0.4290 | acc 0.9825 | lr 2.73e-06 | 239s
2026-09-17 23:33:29 | INFO    | epoch 37 | batch 3400/4266 | loss 0.4289 | acc 0.9825 | lr 2.73e-06 | 240s
2026-09-17 23:33:31 | INFO    | epoch 37 | batch 3420/4266 | loss 0.4290 | acc 0.9825 | lr 2.72e-06 | 242s
2026-09-17 23:33:32 | INFO    | epoch 37 | batch 3440/4266 | loss 0.4290 | acc 0.9825 | lr 2.72e-06 | 243s
2026-09-17 23:33:34 | INFO    | epoch 37 | batch 3460/4266 | loss 0.4290 | acc 0.9825 | lr 2.71e-06 | 245s
2026-09-17 23:33:35 | INFO    | epoch 37 | batch 3480/4266 | loss 0.4290 | acc 0.9824 | lr 2.71e-06 | 246s
2026-09-17 23:33:36 | INFO    | epoch 37 | batch 3500/4266 | loss 0.4291 | acc 0.9824 | lr 2.70e-06 | 247s
2026-09-17 23:33:38 | INFO    | epoch 37 | batch 3520/4266 | loss 0.4291 | acc 0.9824 | lr 2.70e-06 | 249s
2026-09-17 23:33:39 | INFO    | epoch 37 | batch 3540/4266 | loss 0.4290 | acc 0.9824 | lr 2.69e-06 | 250s
2026-09-17 23:33:41 | INFO    | epoch 37 | batch 3560/4266 | loss 0.4290 | acc 0.9825 | lr 2.69e-06 | 252s
2026-09-17 23:33:42 | INFO    | epoch 37 | batch 3580/4266 | loss 0.4290 | acc 0.9825 | lr 2.68e-06 | 253s
2026-09-17 23:33:44 | INFO    | epoch 37 | batch 3600/4266 | loss 0.4290 | acc 0.9824 | lr 2.68e-06 | 255s
2026-09-17 23:33:45 | INFO    | epoch 37 | batch 3620/4266 | loss 0.4290 | acc 0.9824 | lr 2.67e-06 | 256s
2026-09-17 23:33:46 | INFO    | epoch 37 | batch 3640/4266 | loss 0.4290 | acc 0.9824 | lr 2.67e-06 | 257s
2026-09-17 23:33:48 | INFO    | epoch 37 | batch 3660/4266 | loss 0.4290 | acc 0.9825 | lr 2.66e-06 | 259s
2026-09-17 23:33:49 | INFO    | epoch 37 | batch 3680/4266 | loss 0.4290 | acc 0.9825 | lr 2.66e-06 | 260s
2026-09-17 23:33:51 | INFO    | epoch 37 | batch 3700/4266 | loss 0.4290 | acc 0.9825 | lr 2.65e-06 | 262s
2026-09-17 23:33:52 | INFO    | epoch 37 | batch 3720/4266 | loss 0.4290 | acc 0.9825 | lr 2.65e-06 | 263s
2026-09-17 23:33:54 | INFO    | epoch 37 | batch 3740/4266 | loss 0.4290 | acc 0.9825 | lr 2.64e-06 | 265s
2026-09-17 23:33:55 | INFO    | epoch 37 | batch 3760/4266 | loss 0.4290 | acc 0.9825 | lr 2.64e-06 | 266s
2026-09-17 23:33:56 | INFO    | epoch 37 | batch 3780/4266 | loss 0.4290 | acc 0.9825 | lr 2.63e-06 | 267s
2026-09-17 23:33:58 | INFO    | epoch 37 | batch 3800/4266 | loss 0.4289 | acc 0.9825 | lr 2.63e-06 | 269s
2026-09-17 23:33:59 | INFO    | epoch 37 | batch 3820/4266 | loss 0.4289 | acc 0.9825 | lr 2.62e-06 | 270s
2026-09-17 23:34:01 | INFO    | epoch 37 | batch 3840/4266 | loss 0.4289 | acc 0.9825 | lr 2.62e-06 | 272s
2026-09-17 23:34:02 | INFO    | epoch 37 | batch 3860/4266 | loss 0.4289 | acc 0.9825 | lr 2.61e-06 | 273s
2026-09-17 23:34:04 | INFO    | epoch 37 | batch 3880/4266 | loss 0.4290 | acc 0.9825 | lr 2.61e-06 | 275s
2026-09-17 23:34:05 | INFO    | epoch 37 | batch 3900/4266 | loss 0.4291 | acc 0.9824 | lr 2.60e-06 | 276s
2026-09-17 23:34:06 | INFO    | epoch 37 | batch 3920/4266 | loss 0.4291 | acc 0.9825 | lr 2.60e-06 | 277s
2026-09-17 23:34:08 | INFO    | epoch 37 | batch 3940/4266 | loss 0.4290 | acc 0.9825 | lr 2.59e-06 | 279s
2026-09-17 23:34:09 | INFO    | epoch 37 | batch 3960/4266 | loss 0.4290 | acc 0.9825 | lr 2.59e-06 | 280s
2026-09-17 23:34:11 | INFO    | epoch 37 | batch 3980/4266 | loss 0.4290 | acc 0.9825 | lr 2.58e-06 | 282s
2026-09-17 23:34:12 | INFO    | epoch 37 | batch 4000/4266 | loss 0.4291 | acc 0.9825 | lr 2.58e-06 | 283s
2026-09-17 23:34:13 | INFO    | epoch 37 | batch 4020/4266 | loss 0.4291 | acc 0.9824 | lr 2.57e-06 | 284s
2026-09-17 23:34:15 | INFO    | epoch 37 | batch 4040/4266 | loss 0.4291 | acc 0.9825 | lr 2.57e-06 | 286s
2026-09-17 23:34:16 | INFO    | epoch 37 | batch 4060/4266 | loss 0.4291 | acc 0.9824 | lr 2.56e-06 | 287s
2026-09-17 23:34:18 | INFO    | epoch 37 | batch 4080/4266 | loss 0.4290 | acc 0.9825 | lr 2.56e-06 | 289s
2026-09-17 23:34:19 | INFO    | epoch 37 | batch 4100/4266 | loss 0.4290 | acc 0.9825 | lr 2.55e-06 | 290s
2026-09-17 23:34:21 | INFO    | epoch 37 | batch 4120/4266 | loss 0.4289 | acc 0.9825 | lr 2.55e-06 | 292s
2026-09-17 23:34:22 | INFO    | epoch 37 | batch 4140/4266 | loss 0.4290 | acc 0.9825 | lr 2.54e-06 | 293s
2026-09-17 23:34:23 | INFO    | epoch 37 | batch 4160/4266 | loss 0.4289 | acc 0.9825 | lr 2.54e-06 | 294s
2026-09-17 23:34:25 | INFO    | epoch 37 | batch 4180/4266 | loss 0.4289 | acc 0.9825 | lr 2.54e-06 | 296s
2026-09-17 23:34:26 | INFO    | epoch 37 | batch 4200/4266 | loss 0.4290 | acc 0.9825 | lr 2.53e-06 | 297s
2026-09-17 23:34:28 | INFO    | epoch 37 | batch 4220/4266 | loss 0.4290 | acc 0.9825 | lr 2.53e-06 | 299s
2026-09-17 23:34:29 | INFO    | epoch 37 | batch 4240/4266 | loss 0.4290 | acc 0.9825 | lr 2.52e-06 | 300s
2026-09-17 23:34:31 | INFO    | epoch 37 | batch 4260/4266 | loss 0.4289 | acc 0.9825 | lr 2.52e-06 | 302s
2026-09-17 23:34:31 | INFO    | epoch 37 | batch 4266/4266 | loss 0.4289 | acc 0.9825 | lr 2.51e-06 | 302s
2026-09-17 23:34:41 | INFO    | epoch 37/40 done in 312s | train loss 0.4289 | train running patch (aug): accuracy=0.9825 precision=0.9823 recall=0.9820 f1=0.9821
2026-09-17 23:34:41 | INFO    | epoch 37 train (eval, no aug) | loss 0.4237 | patch[7280]: accuracy=0.9832 precision=0.9832 recall=0.9834 f1=0.9833 | image[455]: accuracy=1.0000 precision=1.0000 recall=1.0000 f1=1.0000
2026-09-17 23:34:41 | INFO    | epoch 37 val | loss 1.2251 | patch[8448]: accuracy=0.6656 precision=0.6495 recall=0.6436 f1=0.6455 | image[96]: accuracy=0.7917 precision=0.7807 recall=0.7743 f1=0.7753
2026-09-17 23:34:41 | INFO    | val_patch_f1 = 0.6455 (best 0.6545 @ epoch 31)
2026-09-17 23:34:42 | INFO    | epoch 38 | batch 20/4266 | loss 0.4441 | acc 0.9719 | lr 2.51e-06 | 1s
2026-09-17 23:34:43 | INFO    | epoch 38 | batch 40/4266 | loss 0.4383 | acc 0.9742 | lr 2.51e-06 | 3s
2026-09-17 23:34:45 | INFO    | epoch 38 | batch 60/4266 | loss 0.4360 | acc 0.9766 | lr 2.50e-06 | 4s
2026-09-17 23:34:46 | INFO    | epoch 38 | batch 80/4266 | loss 0.4335 | acc 0.9789 | lr 2.50e-06 | 6s
2026-09-17 23:34:48 | INFO    | epoch 38 | batch 100/4266 | loss 0.4316 | acc 0.9803 | lr 2.49e-06 | 7s
2026-09-17 23:34:49 | INFO    | epoch 38 | batch 120/4266 | loss 0.4307 | acc 0.9812 | lr 2.49e-06 | 8s
2026-09-17 23:34:50 | INFO    | epoch 38 | batch 140/4266 | loss 0.4306 | acc 0.9810 | lr 2.48e-06 | 10s
2026-09-17 23:34:52 | INFO    | epoch 38 | batch 160/4266 | loss 0.4318 | acc 0.9809 | lr 2.48e-06 | 11s
2026-09-17 23:34:53 | INFO    | epoch 38 | batch 180/4266 | loss 0.4306 | acc 0.9816 | lr 2.47e-06 | 12s
2026-09-17 23:34:55 | INFO    | epoch 38 | batch 200/4266 | loss 0.4306 | acc 0.9817 | lr 2.47e-06 | 14s
2026-09-17 23:34:56 | INFO    | epoch 38 | batch 220/4266 | loss 0.4290 | acc 0.9827 | lr 2.46e-06 | 15s
2026-09-17 23:34:57 | INFO    | epoch 38 | batch 240/4266 | loss 0.4293 | acc 0.9823 | lr 2.46e-06 | 17s
2026-09-17 23:34:59 | INFO    | epoch 38 | batch 260/4266 | loss 0.4306 | acc 0.9819 | lr 2.45e-06 | 18s
2026-09-17 23:35:00 | INFO    | epoch 38 | batch 280/4266 | loss 0.4300 | acc 0.9821 | lr 2.45e-06 | 19s
2026-09-17 23:35:02 | INFO    | epoch 38 | batch 300/4266 | loss 0.4299 | acc 0.9821 | lr 2.44e-06 | 21s
2026-09-17 23:35:03 | INFO    | epoch 38 | batch 320/4266 | loss 0.4293 | acc 0.9824 | lr 2.44e-06 | 22s
2026-09-17 23:35:04 | INFO    | epoch 38 | batch 340/4266 | loss 0.4288 | acc 0.9825 | lr 2.44e-06 | 24s
2026-09-17 23:35:06 | INFO    | epoch 38 | batch 360/4266 | loss 0.4283 | acc 0.9829 | lr 2.43e-06 | 25s
2026-09-17 23:35:07 | INFO    | epoch 38 | batch 380/4266 | loss 0.4288 | acc 0.9829 | lr 2.43e-06 | 26s
2026-09-17 23:35:09 | INFO    | epoch 38 | batch 400/4266 | loss 0.4286 | acc 0.9829 | lr 2.42e-06 | 28s
2026-09-17 23:35:10 | INFO    | epoch 38 | batch 420/4266 | loss 0.4280 | acc 0.9833 | lr 2.42e-06 | 29s
2026-09-17 23:35:11 | INFO    | epoch 38 | batch 440/4266 | loss 0.4275 | acc 0.9837 | lr 2.41e-06 | 30s
2026-09-17 23:35:12 | INFO    | epoch 38 | batch 460/4266 | loss 0.4270 | acc 0.9838 | lr 2.41e-06 | 32s
2026-09-17 23:35:14 | INFO    | epoch 38 | batch 480/4266 | loss 0.4266 | acc 0.9841 | lr 2.40e-06 | 33s
2026-09-17 23:35:15 | INFO    | epoch 38 | batch 500/4266 | loss 0.4262 | acc 0.9842 | lr 2.40e-06 | 34s
2026-09-17 23:35:17 | INFO    | epoch 38 | batch 520/4266 | loss 0.4260 | acc 0.9843 | lr 2.39e-06 | 36s
2026-09-17 23:35:18 | INFO    | epoch 38 | batch 540/4266 | loss 0.4260 | acc 0.9843 | lr 2.39e-06 | 37s
2026-09-17 23:35:19 | INFO    | epoch 38 | batch 560/4266 | loss 0.4268 | acc 0.9838 | lr 2.39e-06 | 39s
2026-09-17 23:35:21 | INFO    | epoch 38 | batch 580/4266 | loss 0.4273 | acc 0.9835 | lr 2.38e-06 | 40s
2026-09-17 23:35:22 | INFO    | epoch 38 | batch 600/4266 | loss 0.4270 | acc 0.9836 | lr 2.38e-06 | 42s
2026-09-17 23:35:24 | INFO    | epoch 38 | batch 620/4266 | loss 0.4272 | acc 0.9835 | lr 2.37e-06 | 43s
2026-09-17 23:35:25 | INFO    | epoch 38 | batch 640/4266 | loss 0.4269 | acc 0.9835 | lr 2.37e-06 | 44s
2026-09-17 23:35:26 | INFO    | epoch 38 | batch 660/4266 | loss 0.4270 | acc 0.9834 | lr 2.36e-06 | 46s
2026-09-17 23:35:28 | INFO    | epoch 38 | batch 680/4266 | loss 0.4275 | acc 0.9832 | lr 2.36e-06 | 47s
2026-09-17 23:35:30 | INFO    | epoch 38 | batch 700/4266 | loss 0.4282 | acc 0.9829 | lr 2.35e-06 | 49s
2026-09-17 23:35:31 | INFO    | epoch 38 | batch 720/4266 | loss 0.4284 | acc 0.9829 | lr 2.35e-06 | 50s
2026-09-17 23:35:32 | INFO    | epoch 38 | batch 740/4266 | loss 0.4282 | acc 0.9830 | lr 2.35e-06 | 52s
2026-09-17 23:35:34 | INFO    | epoch 38 | batch 760/4266 | loss 0.4282 | acc 0.9829 | lr 2.34e-06 | 53s
2026-09-17 23:35:35 | INFO    | epoch 38 | batch 780/4266 | loss 0.4287 | acc 0.9826 | lr 2.34e-06 | 54s
2026-09-17 23:35:37 | INFO    | epoch 38 | batch 800/4266 | loss 0.4287 | acc 0.9827 | lr 2.33e-06 | 56s
2026-09-17 23:35:38 | INFO    | epoch 38 | batch 820/4266 | loss 0.4286 | acc 0.9827 | lr 2.33e-06 | 57s
2026-09-17 23:35:39 | INFO    | epoch 38 | batch 840/4266 | loss 0.4287 | acc 0.9827 | lr 2.32e-06 | 59s
2026-09-17 23:35:41 | INFO    | epoch 38 | batch 860/4266 | loss 0.4288 | acc 0.9826 | lr 2.32e-06 | 60s
2026-09-17 23:35:42 | INFO    | epoch 38 | batch 880/4266 | loss 0.4292 | acc 0.9824 | lr 2.31e-06 | 61s
2026-09-17 23:35:44 | INFO    | epoch 38 | batch 900/4266 | loss 0.4292 | acc 0.9824 | lr 2.31e-06 | 63s
2026-09-17 23:35:45 | INFO    | epoch 38 | batch 920/4266 | loss 0.4292 | acc 0.9823 | lr 2.31e-06 | 64s
2026-09-17 23:35:46 | INFO    | epoch 38 | batch 940/4266 | loss 0.4290 | acc 0.9825 | lr 2.30e-06 | 66s
2026-09-17 23:35:48 | INFO    | epoch 38 | batch 960/4266 | loss 0.4290 | acc 0.9825 | lr 2.30e-06 | 67s
2026-09-17 23:35:49 | INFO    | epoch 38 | batch 980/4266 | loss 0.4292 | acc 0.9824 | lr 2.29e-06 | 68s
2026-09-17 23:35:51 | INFO    | epoch 38 | batch 1000/4266 | loss 0.4291 | acc 0.9825 | lr 2.29e-06 | 70s
2026-09-17 23:35:52 | INFO    | epoch 38 | batch 1020/4266 | loss 0.4291 | acc 0.9826 | lr 2.28e-06 | 71s
2026-09-17 23:35:53 | INFO    | epoch 38 | batch 1040/4266 | loss 0.4291 | acc 0.9826 | lr 2.28e-06 | 73s
2026-09-17 23:35:55 | INFO    | epoch 38 | batch 1060/4266 | loss 0.4290 | acc 0.9827 | lr 2.28e-06 | 74s
2026-09-17 23:35:56 | INFO    | epoch 38 | batch 1080/4266 | loss 0.4289 | acc 0.9827 | lr 2.27e-06 | 75s
2026-09-17 23:35:58 | INFO    | epoch 38 | batch 1100/4266 | loss 0.4286 | acc 0.9829 | lr 2.27e-06 | 77s
2026-09-17 23:35:59 | INFO    | epoch 38 | batch 1120/4266 | loss 0.4284 | acc 0.9830 | lr 2.26e-06 | 78s
2026-09-17 23:36:00 | INFO    | epoch 38 | batch 1140/4266 | loss 0.4287 | acc 0.9829 | lr 2.26e-06 | 80s
2026-09-17 23:36:02 | INFO    | epoch 38 | batch 1160/4266 | loss 0.4288 | acc 0.9828 | lr 2.25e-06 | 81s
2026-09-17 23:36:03 | INFO    | epoch 38 | batch 1180/4266 | loss 0.4288 | acc 0.9829 | lr 2.25e-06 | 82s
2026-09-17 23:36:04 | INFO    | epoch 38 | batch 1200/4266 | loss 0.4287 | acc 0.9829 | lr 2.25e-06 | 84s
2026-09-17 23:36:06 | INFO    | epoch 38 | batch 1220/4266 | loss 0.4286 | acc 0.9830 | lr 2.24e-06 | 85s
2026-09-17 23:36:07 | INFO    | epoch 38 | batch 1240/4266 | loss 0.4285 | acc 0.9831 | lr 2.24e-06 | 87s
2026-09-17 23:36:09 | INFO    | epoch 38 | batch 1260/4266 | loss 0.4289 | acc 0.9829 | lr 2.23e-06 | 88s
2026-09-17 23:36:10 | INFO    | epoch 38 | batch 1280/4266 | loss 0.4288 | acc 0.9830 | lr 2.23e-06 | 89s
2026-09-17 23:36:12 | INFO    | epoch 38 | batch 1300/4266 | loss 0.4287 | acc 0.9831 | lr 2.22e-06 | 91s
2026-09-17 23:36:13 | INFO    | epoch 38 | batch 1320/4266 | loss 0.4286 | acc 0.9830 | lr 2.22e-06 | 92s
2026-09-17 23:36:14 | INFO    | epoch 38 | batch 1340/4266 | loss 0.4286 | acc 0.9831 | lr 2.22e-06 | 94s
2026-09-17 23:36:16 | INFO    | epoch 38 | batch 1360/4266 | loss 0.4289 | acc 0.9830 | lr 2.21e-06 | 95s
2026-09-17 23:36:17 | INFO    | epoch 38 | batch 1380/4266 | loss 0.4288 | acc 0.9830 | lr 2.21e-06 | 96s
2026-09-17 23:36:19 | INFO    | epoch 38 | batch 1400/4266 | loss 0.4289 | acc 0.9830 | lr 2.20e-06 | 98s
2026-09-17 23:36:20 | INFO    | epoch 38 | batch 1420/4266 | loss 0.4291 | acc 0.9829 | lr 2.20e-06 | 99s
2026-09-17 23:36:21 | INFO    | epoch 38 | batch 1440/4266 | loss 0.4290 | acc 0.9829 | lr 2.19e-06 | 101s
2026-09-17 23:36:23 | INFO    | epoch 38 | batch 1460/4266 | loss 0.4290 | acc 0.9829 | lr 2.19e-06 | 102s
2026-09-17 23:36:24 | INFO    | epoch 38 | batch 1480/4266 | loss 0.4290 | acc 0.9829 | lr 2.19e-06 | 104s
2026-09-17 23:36:26 | INFO    | epoch 38 | batch 1500/4266 | loss 0.4289 | acc 0.9829 | lr 2.18e-06 | 105s
2026-09-17 23:36:27 | INFO    | epoch 38 | batch 1520/4266 | loss 0.4289 | acc 0.9829 | lr 2.18e-06 | 106s
2026-09-17 23:36:28 | INFO    | epoch 38 | batch 1540/4266 | loss 0.4290 | acc 0.9829 | lr 2.17e-06 | 108s
2026-09-17 23:36:30 | INFO    | epoch 38 | batch 1560/4266 | loss 0.4288 | acc 0.9829 | lr 2.17e-06 | 109s
2026-09-17 23:36:31 | INFO    | epoch 38 | batch 1580/4266 | loss 0.4289 | acc 0.9829 | lr 2.17e-06 | 110s
2026-09-17 23:36:33 | INFO    | epoch 38 | batch 1600/4266 | loss 0.4289 | acc 0.9829 | lr 2.16e-06 | 112s
2026-09-17 23:36:34 | INFO    | epoch 38 | batch 1620/4266 | loss 0.4290 | acc 0.9829 | lr 2.16e-06 | 113s
2026-09-17 23:36:35 | INFO    | epoch 38 | batch 1640/4266 | loss 0.4290 | acc 0.9829 | lr 2.15e-06 | 115s
2026-09-17 23:36:37 | INFO    | epoch 38 | batch 1660/4266 | loss 0.4290 | acc 0.9829 | lr 2.15e-06 | 116s
2026-09-17 23:36:38 | INFO    | epoch 38 | batch 1680/4266 | loss 0.4289 | acc 0.9829 | lr 2.14e-06 | 118s
2026-09-17 23:36:40 | INFO    | epoch 38 | batch 1700/4266 | loss 0.4290 | acc 0.9828 | lr 2.14e-06 | 119s
2026-09-17 23:36:41 | INFO    | epoch 38 | batch 1720/4266 | loss 0.4289 | acc 0.9829 | lr 2.14e-06 | 120s
2026-09-17 23:36:43 | INFO    | epoch 38 | batch 1740/4266 | loss 0.4288 | acc 0.9829 | lr 2.13e-06 | 122s
2026-09-17 23:36:44 | INFO    | epoch 38 | batch 1760/4266 | loss 0.4288 | acc 0.9830 | lr 2.13e-06 | 123s
2026-09-17 23:36:45 | INFO    | epoch 38 | batch 1780/4266 | loss 0.4288 | acc 0.9830 | lr 2.12e-06 | 125s
2026-09-17 23:36:47 | INFO    | epoch 38 | batch 1800/4266 | loss 0.4288 | acc 0.9829 | lr 2.12e-06 | 126s
2026-09-17 23:36:48 | INFO    | epoch 38 | batch 1820/4266 | loss 0.4288 | acc 0.9829 | lr 2.12e-06 | 127s
2026-09-17 23:36:49 | INFO    | epoch 38 | batch 1840/4266 | loss 0.4287 | acc 0.9830 | lr 2.11e-06 | 129s
2026-09-17 23:36:51 | INFO    | epoch 38 | batch 1860/4266 | loss 0.4286 | acc 0.9830 | lr 2.11e-06 | 130s
2026-09-17 23:36:52 | INFO    | epoch 38 | batch 1880/4266 | loss 0.4287 | acc 0.9830 | lr 2.10e-06 | 132s
2026-09-17 23:36:54 | INFO    | epoch 38 | batch 1900/4266 | loss 0.4288 | acc 0.9829 | lr 2.10e-06 | 133s
2026-09-17 23:36:55 | INFO    | epoch 38 | batch 1920/4266 | loss 0.4287 | acc 0.9830 | lr 2.10e-06 | 134s
2026-09-17 23:36:56 | INFO    | epoch 38 | batch 1940/4266 | loss 0.4286 | acc 0.9830 | lr 2.09e-06 | 136s
2026-09-17 23:36:58 | INFO    | epoch 38 | batch 1960/4266 | loss 0.4285 | acc 0.9831 | lr 2.09e-06 | 137s
2026-09-17 23:36:59 | INFO    | epoch 38 | batch 1980/4266 | loss 0.4284 | acc 0.9831 | lr 2.08e-06 | 139s
2026-09-17 23:37:01 | INFO    | epoch 38 | batch 2000/4266 | loss 0.4285 | acc 0.9830 | lr 2.08e-06 | 140s
2026-09-17 23:37:02 | INFO    | epoch 38 | batch 2020/4266 | loss 0.4285 | acc 0.9830 | lr 2.08e-06 | 141s
2026-09-17 23:37:03 | INFO    | epoch 38 | batch 2040/4266 | loss 0.4285 | acc 0.9831 | lr 2.07e-06 | 143s
2026-09-17 23:37:05 | INFO    | epoch 38 | batch 2060/4266 | loss 0.4285 | acc 0.9830 | lr 2.07e-06 | 144s
2026-09-17 23:37:06 | INFO    | epoch 38 | batch 2080/4266 | loss 0.4284 | acc 0.9830 | lr 2.06e-06 | 145s
2026-09-17 23:37:08 | INFO    | epoch 38 | batch 2100/4266 | loss 0.4285 | acc 0.9830 | lr 2.06e-06 | 147s
2026-09-17 23:37:09 | INFO    | epoch 38 | batch 2120/4266 | loss 0.4285 | acc 0.9830 | lr 2.06e-06 | 148s
2026-09-17 23:37:10 | INFO    | epoch 38 | batch 2140/4266 | loss 0.4285 | acc 0.9830 | lr 2.05e-06 | 150s
2026-09-17 23:37:12 | INFO    | epoch 38 | batch 2160/4266 | loss 0.4285 | acc 0.9830 | lr 2.05e-06 | 151s
2026-09-17 23:37:13 | INFO    | epoch 38 | batch 2180/4266 | loss 0.4285 | acc 0.9830 | lr 2.04e-06 | 152s
2026-09-17 23:37:15 | INFO    | epoch 38 | batch 2200/4266 | loss 0.4285 | acc 0.9830 | lr 2.04e-06 | 154s
2026-09-17 23:37:16 | INFO    | epoch 38 | batch 2220/4266 | loss 0.4285 | acc 0.9830 | lr 2.04e-06 | 155s
2026-09-17 23:37:17 | INFO    | epoch 38 | batch 2240/4266 | loss 0.4286 | acc 0.9830 | lr 2.03e-06 | 157s
2026-09-17 23:37:19 | INFO    | epoch 38 | batch 2260/4266 | loss 0.4286 | acc 0.9830 | lr 2.03e-06 | 158s
2026-09-17 23:37:20 | INFO    | epoch 38 | batch 2280/4266 | loss 0.4285 | acc 0.9830 | lr 2.02e-06 | 160s
2026-09-17 23:37:22 | INFO    | epoch 38 | batch 2300/4266 | loss 0.4284 | acc 0.9831 | lr 2.02e-06 | 161s
2026-09-17 23:37:23 | INFO    | epoch 38 | batch 2320/4266 | loss 0.4284 | acc 0.9830 | lr 2.02e-06 | 162s
2026-09-17 23:37:25 | INFO    | epoch 38 | batch 2340/4266 | loss 0.4284 | acc 0.9830 | lr 2.01e-06 | 164s
2026-09-17 23:37:26 | INFO    | epoch 38 | batch 2360/4266 | loss 0.4283 | acc 0.9831 | lr 2.01e-06 | 165s
2026-09-17 23:37:27 | INFO    | epoch 38 | batch 2380/4266 | loss 0.4283 | acc 0.9831 | lr 2.01e-06 | 167s
2026-09-17 23:37:29 | INFO    | epoch 38 | batch 2400/4266 | loss 0.4282 | acc 0.9831 | lr 2.00e-06 | 168s
2026-09-17 23:37:30 | INFO    | epoch 38 | batch 2420/4266 | loss 0.4283 | acc 0.9831 | lr 2.00e-06 | 170s
2026-09-17 23:37:32 | INFO    | epoch 38 | batch 2440/4266 | loss 0.4284 | acc 0.9831 | lr 1.99e-06 | 171s
2026-09-17 23:37:33 | INFO    | epoch 38 | batch 2460/4266 | loss 0.4284 | acc 0.9830 | lr 1.99e-06 | 172s
2026-09-17 23:37:35 | INFO    | epoch 38 | batch 2480/4266 | loss 0.4284 | acc 0.9831 | lr 1.99e-06 | 174s
2026-09-17 23:37:36 | INFO    | epoch 38 | batch 2500/4266 | loss 0.4285 | acc 0.9830 | lr 1.98e-06 | 175s
2026-09-17 23:37:37 | INFO    | epoch 38 | batch 2520/4266 | loss 0.4285 | acc 0.9830 | lr 1.98e-06 | 177s
2026-09-17 23:37:39 | INFO    | epoch 38 | batch 2540/4266 | loss 0.4285 | acc 0.9830 | lr 1.97e-06 | 178s
2026-09-17 23:37:40 | INFO    | epoch 38 | batch 2560/4266 | loss 0.4285 | acc 0.9830 | lr 1.97e-06 | 179s
2026-09-17 23:37:42 | INFO    | epoch 38 | batch 2580/4266 | loss 0.4285 | acc 0.9830 | lr 1.97e-06 | 181s
2026-09-17 23:37:43 | INFO    | epoch 38 | batch 2600/4266 | loss 0.4285 | acc 0.9830 | lr 1.96e-06 | 182s
2026-09-17 23:37:44 | INFO    | epoch 38 | batch 2620/4266 | loss 0.4285 | acc 0.9830 | lr 1.96e-06 | 184s
2026-09-17 23:37:46 | INFO    | epoch 38 | batch 2640/4266 | loss 0.4287 | acc 0.9829 | lr 1.96e-06 | 185s
2026-09-17 23:37:47 | INFO    | epoch 38 | batch 2660/4266 | loss 0.4286 | acc 0.9829 | lr 1.95e-06 | 187s
2026-09-17 23:37:49 | INFO    | epoch 38 | batch 2680/4266 | loss 0.4285 | acc 0.9830 | lr 1.95e-06 | 188s
2026-09-17 23:37:50 | INFO    | epoch 38 | batch 2700/4266 | loss 0.4285 | acc 0.9830 | lr 1.94e-06 | 189s
2026-09-17 23:37:51 | INFO    | epoch 38 | batch 2720/4266 | loss 0.4286 | acc 0.9830 | lr 1.94e-06 | 191s
2026-09-17 23:37:53 | INFO    | epoch 38 | batch 2740/4266 | loss 0.4287 | acc 0.9829 | lr 1.94e-06 | 192s
2026-09-17 23:37:54 | INFO    | epoch 38 | batch 2760/4266 | loss 0.4288 | acc 0.9829 | lr 1.93e-06 | 194s
2026-09-17 23:37:56 | INFO    | epoch 38 | batch 2780/4266 | loss 0.4288 | acc 0.9828 | lr 1.93e-06 | 195s
2026-09-17 23:37:57 | INFO    | epoch 38 | batch 2800/4266 | loss 0.4289 | acc 0.9828 | lr 1.93e-06 | 196s
2026-09-17 23:37:58 | INFO    | epoch 38 | batch 2820/4266 | loss 0.4288 | acc 0.9828 | lr 1.92e-06 | 198s
2026-09-17 23:38:00 | INFO    | epoch 38 | batch 2840/4266 | loss 0.4288 | acc 0.9828 | lr 1.92e-06 | 199s
2026-09-17 23:38:01 | INFO    | epoch 38 | batch 2860/4266 | loss 0.4289 | acc 0.9828 | lr 1.92e-06 | 200s
2026-09-17 23:38:03 | INFO    | epoch 38 | batch 2880/4266 | loss 0.4289 | acc 0.9828 | lr 1.91e-06 | 202s
2026-09-17 23:38:04 | INFO    | epoch 38 | batch 2900/4266 | loss 0.4290 | acc 0.9828 | lr 1.91e-06 | 203s
2026-09-17 23:38:05 | INFO    | epoch 38 | batch 2920/4266 | loss 0.4288 | acc 0.9828 | lr 1.90e-06 | 205s
2026-09-17 23:38:07 | INFO    | epoch 38 | batch 2940/4266 | loss 0.4288 | acc 0.9829 | lr 1.90e-06 | 206s
2026-09-17 23:38:08 | INFO    | epoch 38 | batch 2960/4266 | loss 0.4289 | acc 0.9829 | lr 1.90e-06 | 207s
2026-09-17 23:38:10 | INFO    | epoch 38 | batch 2980/4266 | loss 0.4288 | acc 0.9829 | lr 1.89e-06 | 209s
2026-09-17 23:38:11 | INFO    | epoch 38 | batch 3000/4266 | loss 0.4288 | acc 0.9829 | lr 1.89e-06 | 210s
2026-09-17 23:38:12 | INFO    | epoch 38 | batch 3020/4266 | loss 0.4288 | acc 0.9828 | lr 1.89e-06 | 212s
2026-09-17 23:38:14 | INFO    | epoch 38 | batch 3040/4266 | loss 0.4288 | acc 0.9828 | lr 1.88e-06 | 213s
2026-09-17 23:38:15 | INFO    | epoch 38 | batch 3060/4266 | loss 0.4288 | acc 0.9828 | lr 1.88e-06 | 214s
2026-09-17 23:38:17 | INFO    | epoch 38 | batch 3080/4266 | loss 0.4289 | acc 0.9828 | lr 1.88e-06 | 216s
2026-09-17 23:38:18 | INFO    | epoch 38 | batch 3100/4266 | loss 0.4288 | acc 0.9828 | lr 1.87e-06 | 217s
2026-09-17 23:38:19 | INFO    | epoch 38 | batch 3120/4266 | loss 0.4288 | acc 0.9828 | lr 1.87e-06 | 219s
2026-09-17 23:38:21 | INFO    | epoch 38 | batch 3140/4266 | loss 0.4287 | acc 0.9829 | lr 1.86e-06 | 220s
2026-09-17 23:38:22 | INFO    | epoch 38 | batch 3160/4266 | loss 0.4287 | acc 0.9829 | lr 1.86e-06 | 221s
2026-09-17 23:38:24 | INFO    | epoch 38 | batch 3180/4266 | loss 0.4287 | acc 0.9829 | lr 1.86e-06 | 223s
2026-09-17 23:38:25 | INFO    | epoch 38 | batch 3200/4266 | loss 0.4286 | acc 0.9829 | lr 1.85e-06 | 224s
2026-09-17 23:38:27 | INFO    | epoch 38 | batch 3220/4266 | loss 0.4286 | acc 0.9829 | lr 1.85e-06 | 226s
2026-09-17 23:38:28 | INFO    | epoch 38 | batch 3240/4266 | loss 0.4287 | acc 0.9829 | lr 1.85e-06 | 227s
2026-09-17 23:38:30 | INFO    | epoch 38 | batch 3260/4266 | loss 0.4286 | acc 0.9829 | lr 1.84e-06 | 229s
2026-09-17 23:38:31 | INFO    | epoch 38 | batch 3280/4266 | loss 0.4285 | acc 0.9829 | lr 1.84e-06 | 230s
2026-09-17 23:38:32 | INFO    | epoch 38 | batch 3300/4266 | loss 0.4286 | acc 0.9829 | lr 1.84e-06 | 232s
2026-09-17 23:38:34 | INFO    | epoch 38 | batch 3320/4266 | loss 0.4286 | acc 0.9829 | lr 1.83e-06 | 233s
2026-09-17 23:38:35 | INFO    | epoch 38 | batch 3340/4266 | loss 0.4286 | acc 0.9829 | lr 1.83e-06 | 235s
2026-09-17 23:38:37 | INFO    | epoch 38 | batch 3360/4266 | loss 0.4285 | acc 0.9829 | lr 1.83e-06 | 236s
2026-09-17 23:38:38 | INFO    | epoch 38 | batch 3380/4266 | loss 0.4285 | acc 0.9829 | lr 1.82e-06 | 237s
2026-09-17 23:38:40 | INFO    | epoch 38 | batch 3400/4266 | loss 0.4286 | acc 0.9829 | lr 1.82e-06 | 239s
2026-09-17 23:38:41 | INFO    | epoch 38 | batch 3420/4266 | loss 0.4286 | acc 0.9829 | lr 1.82e-06 | 240s
2026-09-17 23:38:42 | INFO    | epoch 38 | batch 3440/4266 | loss 0.4286 | acc 0.9829 | lr 1.81e-06 | 242s
2026-09-17 23:38:44 | INFO    | epoch 38 | batch 3460/4266 | loss 0.4286 | acc 0.9828 | lr 1.81e-06 | 243s
2026-09-17 23:38:45 | INFO    | epoch 38 | batch 3480/4266 | loss 0.4285 | acc 0.9829 | lr 1.80e-06 | 244s
2026-09-17 23:38:47 | INFO    | epoch 38 | batch 3500/4266 | loss 0.4286 | acc 0.9829 | lr 1.80e-06 | 246s
2026-09-17 23:38:48 | INFO    | epoch 38 | batch 3520/4266 | loss 0.4285 | acc 0.9829 | lr 1.80e-06 | 247s
2026-09-17 23:38:49 | INFO    | epoch 38 | batch 3540/4266 | loss 0.4285 | acc 0.9829 | lr 1.79e-06 | 249s
2026-09-17 23:38:51 | INFO    | epoch 38 | batch 3560/4266 | loss 0.4285 | acc 0.9829 | lr 1.79e-06 | 250s
2026-09-17 23:38:52 | INFO    | epoch 38 | batch 3580/4266 | loss 0.4285 | acc 0.9829 | lr 1.79e-06 | 252s
2026-09-17 23:38:54 | INFO    | epoch 38 | batch 3600/4266 | loss 0.4285 | acc 0.9829 | lr 1.78e-06 | 253s
2026-09-17 23:38:55 | INFO    | epoch 38 | batch 3620/4266 | loss 0.4285 | acc 0.9829 | lr 1.78e-06 | 254s
2026-09-17 23:38:56 | INFO    | epoch 38 | batch 3640/4266 | loss 0.4284 | acc 0.9830 | lr 1.78e-06 | 256s
2026-09-17 23:38:58 | INFO    | epoch 38 | batch 3660/4266 | loss 0.4285 | acc 0.9829 | lr 1.77e-06 | 257s
2026-09-17 23:38:59 | INFO    | epoch 38 | batch 3680/4266 | loss 0.4285 | acc 0.9830 | lr 1.77e-06 | 259s
2026-09-17 23:39:01 | INFO    | epoch 38 | batch 3700/4266 | loss 0.4285 | acc 0.9829 | lr 1.77e-06 | 260s
2026-09-17 23:39:02 | INFO    | epoch 38 | batch 3720/4266 | loss 0.4285 | acc 0.9829 | lr 1.76e-06 | 261s
2026-09-17 23:39:03 | INFO    | epoch 38 | batch 3740/4266 | loss 0.4284 | acc 0.9829 | lr 1.76e-06 | 263s
2026-09-17 23:39:05 | INFO    | epoch 38 | batch 3760/4266 | loss 0.4284 | acc 0.9830 | lr 1.76e-06 | 264s
2026-09-17 23:39:06 | INFO    | epoch 38 | batch 3780/4266 | loss 0.4284 | acc 0.9830 | lr 1.75e-06 | 266s
2026-09-17 23:39:08 | INFO    | epoch 38 | batch 3800/4266 | loss 0.4284 | acc 0.9829 | lr 1.75e-06 | 267s
2026-09-17 23:39:09 | INFO    | epoch 38 | batch 3820/4266 | loss 0.4284 | acc 0.9830 | lr 1.75e-06 | 268s
2026-09-17 23:39:10 | INFO    | epoch 38 | batch 3840/4266 | loss 0.4284 | acc 0.9830 | lr 1.74e-06 | 270s
2026-09-17 23:39:12 | INFO    | epoch 38 | batch 3860/4266 | loss 0.4284 | acc 0.9830 | lr 1.74e-06 | 271s
2026-09-17 23:39:13 | INFO    | epoch 38 | batch 3880/4266 | loss 0.4284 | acc 0.9830 | lr 1.74e-06 | 273s
2026-09-17 23:39:15 | INFO    | epoch 38 | batch 3900/4266 | loss 0.4284 | acc 0.9830 | lr 1.73e-06 | 274s
2026-09-17 23:39:16 | INFO    | epoch 38 | batch 3920/4266 | loss 0.4283 | acc 0.9830 | lr 1.73e-06 | 275s
2026-09-17 23:39:17 | INFO    | epoch 38 | batch 3940/4266 | loss 0.4283 | acc 0.9830 | lr 1.73e-06 | 277s
2026-09-17 23:39:19 | INFO    | epoch 38 | batch 3960/4266 | loss 0.4284 | acc 0.9830 | lr 1.72e-06 | 278s
2026-09-17 23:39:20 | INFO    | epoch 38 | batch 3980/4266 | loss 0.4283 | acc 0.9831 | lr 1.72e-06 | 280s
2026-09-17 23:39:22 | INFO    | epoch 38 | batch 4000/4266 | loss 0.4283 | acc 0.9831 | lr 1.72e-06 | 281s
2026-09-17 23:39:23 | INFO    | epoch 38 | batch 4020/4266 | loss 0.4283 | acc 0.9831 | lr 1.71e-06 | 283s
2026-09-17 23:39:25 | INFO    | epoch 38 | batch 4040/4266 | loss 0.4283 | acc 0.9831 | lr 1.71e-06 | 284s
2026-09-17 23:39:26 | INFO    | epoch 38 | batch 4060/4266 | loss 0.4282 | acc 0.9831 | lr 1.71e-06 | 285s
2026-09-17 23:39:28 | INFO    | epoch 38 | batch 4080/4266 | loss 0.4284 | acc 0.9830 | lr 1.70e-06 | 287s
2026-09-17 23:39:29 | INFO    | epoch 38 | batch 4100/4266 | loss 0.4284 | acc 0.9830 | lr 1.70e-06 | 288s
2026-09-17 23:39:30 | INFO    | epoch 38 | batch 4120/4266 | loss 0.4284 | acc 0.9830 | lr 1.70e-06 | 290s
2026-09-17 23:39:32 | INFO    | epoch 38 | batch 4140/4266 | loss 0.4284 | acc 0.9831 | lr 1.70e-06 | 291s
2026-09-17 23:39:33 | INFO    | epoch 38 | batch 4160/4266 | loss 0.4284 | acc 0.9830 | lr 1.69e-06 | 293s
2026-09-17 23:39:35 | INFO    | epoch 38 | batch 4180/4266 | loss 0.4284 | acc 0.9830 | lr 1.69e-06 | 294s
2026-09-17 23:39:36 | INFO    | epoch 38 | batch 4200/4266 | loss 0.4284 | acc 0.9831 | lr 1.69e-06 | 295s
2026-09-17 23:39:38 | INFO    | epoch 38 | batch 4220/4266 | loss 0.4284 | acc 0.9830 | lr 1.68e-06 | 297s
2026-09-17 23:39:39 | INFO    | epoch 38 | batch 4240/4266 | loss 0.4284 | acc 0.9831 | lr 1.68e-06 | 298s
2026-09-17 23:39:41 | INFO    | epoch 38 | batch 4260/4266 | loss 0.4284 | acc 0.9830 | lr 1.68e-06 | 300s
2026-09-17 23:39:41 | INFO    | epoch 38 | batch 4266/4266 | loss 0.4284 | acc 0.9830 | lr 1.68e-06 | 300s
2026-09-17 23:39:51 | INFO    | epoch 38/40 done in 310s | train loss 0.4284 | train running patch (aug): accuracy=0.9830 precision=0.9830 recall=0.9826 f1=0.9828
2026-09-17 23:39:51 | INFO    | epoch 38 train (eval, no aug) | loss 0.4274 | patch[7280]: accuracy=0.9827 precision=0.9816 recall=0.9833 f1=0.9824 | image[455]: accuracy=1.0000 precision=1.0000 recall=1.0000 f1=1.0000
2026-09-17 23:39:51 | INFO    | epoch 38 val | loss 1.2481 | patch[8448]: accuracy=0.6591 precision=0.6428 recall=0.6388 f1=0.6398 | image[96]: accuracy=0.7708 precision=0.7619 recall=0.7552 f1=0.7554
2026-09-17 23:39:51 | INFO    | val_patch_f1 = 0.6398 (best 0.6545 @ epoch 31)
2026-09-17 23:39:52 | INFO    | epoch 39 | batch 20/4266 | loss 0.4174 | acc 0.9906 | lr 1.67e-06 | 2s
2026-09-17 23:39:54 | INFO    | epoch 39 | batch 40/4266 | loss 0.4155 | acc 0.9875 | lr 1.67e-06 | 3s
2026-09-17 23:39:55 | INFO    | epoch 39 | batch 60/4266 | loss 0.4248 | acc 0.9823 | lr 1.67e-06 | 4s
2026-09-17 23:39:57 | INFO    | epoch 39 | batch 80/4266 | loss 0.4259 | acc 0.9812 | lr 1.66e-06 | 6s
2026-09-17 23:39:58 | INFO    | epoch 39 | batch 100/4266 | loss 0.4268 | acc 0.9809 | lr 1.66e-06 | 7s
2026-09-17 23:39:59 | INFO    | epoch 39 | batch 120/4266 | loss 0.4267 | acc 0.9818 | lr 1.66e-06 | 9s
2026-09-17 23:40:01 | INFO    | epoch 39 | batch 140/4266 | loss 0.4257 | acc 0.9828 | lr 1.65e-06 | 10s
2026-09-17 23:40:02 | INFO    | epoch 39 | batch 160/4266 | loss 0.4277 | acc 0.9822 | lr 1.65e-06 | 12s
2026-09-17 23:40:04 | INFO    | epoch 39 | batch 180/4266 | loss 0.4282 | acc 0.9821 | lr 1.65e-06 | 13s
2026-09-17 23:40:05 | INFO    | epoch 39 | batch 200/4266 | loss 0.4299 | acc 0.9814 | lr 1.64e-06 | 14s
2026-09-17 23:40:06 | INFO    | epoch 39 | batch 220/4266 | loss 0.4293 | acc 0.9820 | lr 1.64e-06 | 16s
2026-09-17 23:40:08 | INFO    | epoch 39 | batch 240/4266 | loss 0.4285 | acc 0.9823 | lr 1.64e-06 | 17s
2026-09-17 23:40:09 | INFO    | epoch 39 | batch 260/4266 | loss 0.4282 | acc 0.9822 | lr 1.63e-06 | 18s
2026-09-17 23:40:11 | INFO    | epoch 39 | batch 280/4266 | loss 0.4288 | acc 0.9817 | lr 1.63e-06 | 20s
2026-09-17 23:40:12 | INFO    | epoch 39 | batch 300/4266 | loss 0.4283 | acc 0.9820 | lr 1.63e-06 | 21s
2026-09-17 23:40:13 | INFO    | epoch 39 | batch 320/4266 | loss 0.4283 | acc 0.9822 | lr 1.63e-06 | 23s
2026-09-17 23:40:15 | INFO    | epoch 39 | batch 340/4266 | loss 0.4278 | acc 0.9823 | lr 1.62e-06 | 24s
2026-09-17 23:40:16 | INFO    | epoch 39 | batch 360/4266 | loss 0.4274 | acc 0.9826 | lr 1.62e-06 | 25s
2026-09-17 23:40:18 | INFO    | epoch 39 | batch 380/4266 | loss 0.4275 | acc 0.9824 | lr 1.62e-06 | 27s
2026-09-17 23:40:19 | INFO    | epoch 39 | batch 400/4266 | loss 0.4271 | acc 0.9827 | lr 1.61e-06 | 28s
2026-09-17 23:40:21 | INFO    | epoch 39 | batch 420/4266 | loss 0.4276 | acc 0.9822 | lr 1.61e-06 | 30s
2026-09-17 23:40:22 | INFO    | epoch 39 | batch 440/4266 | loss 0.4277 | acc 0.9822 | lr 1.61e-06 | 31s
2026-09-17 23:40:24 | INFO    | epoch 39 | batch 460/4266 | loss 0.4279 | acc 0.9819 | lr 1.60e-06 | 33s
2026-09-17 23:40:25 | INFO    | epoch 39 | batch 480/4266 | loss 0.4278 | acc 0.9821 | lr 1.60e-06 | 34s
2026-09-17 23:40:26 | INFO    | epoch 39 | batch 500/4266 | loss 0.4277 | acc 0.9822 | lr 1.60e-06 | 36s
2026-09-17 23:40:28 | INFO    | epoch 39 | batch 520/4266 | loss 0.4274 | acc 0.9825 | lr 1.60e-06 | 37s
2026-09-17 23:40:29 | INFO    | epoch 39 | batch 540/4266 | loss 0.4273 | acc 0.9824 | lr 1.59e-06 | 38s
2026-09-17 23:40:31 | INFO    | epoch 39 | batch 560/4266 | loss 0.4272 | acc 0.9825 | lr 1.59e-06 | 40s
2026-09-17 23:40:32 | INFO    | epoch 39 | batch 580/4266 | loss 0.4270 | acc 0.9826 | lr 1.59e-06 | 41s
2026-09-17 23:40:33 | INFO    | epoch 39 | batch 600/4266 | loss 0.4270 | acc 0.9826 | lr 1.58e-06 | 43s
2026-09-17 23:40:35 | INFO    | epoch 39 | batch 620/4266 | loss 0.4270 | acc 0.9825 | lr 1.58e-06 | 44s
2026-09-17 23:40:36 | INFO    | epoch 39 | batch 640/4266 | loss 0.4273 | acc 0.9825 | lr 1.58e-06 | 45s
2026-09-17 23:40:38 | INFO    | epoch 39 | batch 660/4266 | loss 0.4272 | acc 0.9825 | lr 1.57e-06 | 47s
2026-09-17 23:40:39 | INFO    | epoch 39 | batch 680/4266 | loss 0.4275 | acc 0.9823 | lr 1.57e-06 | 48s
2026-09-17 23:40:40 | INFO    | epoch 39 | batch 700/4266 | loss 0.4274 | acc 0.9822 | lr 1.57e-06 | 50s
2026-09-17 23:40:42 | INFO    | epoch 39 | batch 720/4266 | loss 0.4272 | acc 0.9823 | lr 1.57e-06 | 51s
2026-09-17 23:40:43 | INFO    | epoch 39 | batch 740/4266 | loss 0.4268 | acc 0.9825 | lr 1.56e-06 | 52s
2026-09-17 23:40:45 | INFO    | epoch 39 | batch 760/4266 | loss 0.4269 | acc 0.9825 | lr 1.56e-06 | 54s
2026-09-17 23:40:46 | INFO    | epoch 39 | batch 780/4266 | loss 0.4273 | acc 0.9822 | lr 1.56e-06 | 55s
2026-09-17 23:40:48 | INFO    | epoch 39 | batch 800/4266 | loss 0.4276 | acc 0.9820 | lr 1.55e-06 | 57s
2026-09-17 23:40:49 | INFO    | epoch 39 | batch 820/4266 | loss 0.4275 | acc 0.9820 | lr 1.55e-06 | 58s
2026-09-17 23:40:50 | INFO    | epoch 39 | batch 840/4266 | loss 0.4276 | acc 0.9820 | lr 1.55e-06 | 60s
2026-09-17 23:40:52 | INFO    | epoch 39 | batch 860/4266 | loss 0.4278 | acc 0.9819 | lr 1.55e-06 | 61s
2026-09-17 23:40:53 | INFO    | epoch 39 | batch 880/4266 | loss 0.4275 | acc 0.9820 | lr 1.54e-06 | 63s
2026-09-17 23:40:55 | INFO    | epoch 39 | batch 900/4266 | loss 0.4279 | acc 0.9819 | lr 1.54e-06 | 64s
2026-09-17 23:40:56 | INFO    | epoch 39 | batch 920/4266 | loss 0.4278 | acc 0.9819 | lr 1.54e-06 | 65s
2026-09-17 23:40:58 | INFO    | epoch 39 | batch 940/4266 | loss 0.4277 | acc 0.9819 | lr 1.53e-06 | 67s
2026-09-17 23:40:59 | INFO    | epoch 39 | batch 960/4266 | loss 0.4277 | acc 0.9820 | lr 1.53e-06 | 68s
2026-09-17 23:41:00 | INFO    | epoch 39 | batch 980/4266 | loss 0.4276 | acc 0.9820 | lr 1.53e-06 | 70s
2026-09-17 23:41:02 | INFO    | epoch 39 | batch 1000/4266 | loss 0.4278 | acc 0.9819 | lr 1.53e-06 | 71s
2026-09-17 23:41:03 | INFO    | epoch 39 | batch 1020/4266 | loss 0.4276 | acc 0.9820 | lr 1.52e-06 | 73s
2026-09-17 23:41:05 | INFO    | epoch 39 | batch 1040/4266 | loss 0.4276 | acc 0.9821 | lr 1.52e-06 | 74s
2026-09-17 23:41:06 | INFO    | epoch 39 | batch 1060/4266 | loss 0.4278 | acc 0.9820 | lr 1.52e-06 | 75s
2026-09-17 23:41:08 | INFO    | epoch 39 | batch 1080/4266 | loss 0.4278 | acc 0.9820 | lr 1.52e-06 | 77s
2026-09-17 23:41:09 | INFO    | epoch 39 | batch 1100/4266 | loss 0.4279 | acc 0.9819 | lr 1.51e-06 | 78s
2026-09-17 23:41:11 | INFO    | epoch 39 | batch 1120/4266 | loss 0.4280 | acc 0.9819 | lr 1.51e-06 | 80s
2026-09-17 23:41:12 | INFO    | epoch 39 | batch 1140/4266 | loss 0.4280 | acc 0.9819 | lr 1.51e-06 | 81s
2026-09-17 23:41:14 | INFO    | epoch 39 | batch 1160/4266 | loss 0.4279 | acc 0.9820 | lr 1.50e-06 | 83s
2026-09-17 23:41:15 | INFO    | epoch 39 | batch 1180/4266 | loss 0.4276 | acc 0.9821 | lr 1.50e-06 | 84s
2026-09-17 23:41:17 | INFO    | epoch 39 | batch 1200/4266 | loss 0.4279 | acc 0.9821 | lr 1.50e-06 | 86s
2026-09-17 23:41:18 | INFO    | epoch 39 | batch 1220/4266 | loss 0.4277 | acc 0.9822 | lr 1.50e-06 | 87s
2026-09-17 23:41:20 | INFO    | epoch 39 | batch 1240/4266 | loss 0.4277 | acc 0.9823 | lr 1.49e-06 | 89s
2026-09-17 23:41:21 | INFO    | epoch 39 | batch 1260/4266 | loss 0.4275 | acc 0.9823 | lr 1.49e-06 | 90s
2026-09-17 23:41:22 | INFO    | epoch 39 | batch 1280/4266 | loss 0.4274 | acc 0.9823 | lr 1.49e-06 | 92s
2026-09-17 23:41:24 | INFO    | epoch 39 | batch 1300/4266 | loss 0.4274 | acc 0.9824 | lr 1.49e-06 | 93s
2026-09-17 23:41:25 | INFO    | epoch 39 | batch 1320/4266 | loss 0.4274 | acc 0.9824 | lr 1.48e-06 | 94s
2026-09-17 23:41:27 | INFO    | epoch 39 | batch 1340/4266 | loss 0.4273 | acc 0.9824 | lr 1.48e-06 | 96s
2026-09-17 23:41:28 | INFO    | epoch 39 | batch 1360/4266 | loss 0.4272 | acc 0.9825 | lr 1.48e-06 | 97s
2026-09-17 23:41:29 | INFO    | epoch 39 | batch 1380/4266 | loss 0.4271 | acc 0.9826 | lr 1.47e-06 | 99s
2026-09-17 23:41:31 | INFO    | epoch 39 | batch 1400/4266 | loss 0.4270 | acc 0.9826 | lr 1.47e-06 | 100s
2026-09-17 23:41:32 | INFO    | epoch 39 | batch 1420/4266 | loss 0.4268 | acc 0.9827 | lr 1.47e-06 | 101s
2026-09-17 23:41:34 | INFO    | epoch 39 | batch 1440/4266 | loss 0.4267 | acc 0.9828 | lr 1.47e-06 | 103s
2026-09-17 23:41:35 | INFO    | epoch 39 | batch 1460/4266 | loss 0.4265 | acc 0.9829 | lr 1.46e-06 | 104s
2026-09-17 23:41:36 | INFO    | epoch 39 | batch 1480/4266 | loss 0.4266 | acc 0.9829 | lr 1.46e-06 | 106s
2026-09-17 23:41:38 | INFO    | epoch 39 | batch 1500/4266 | loss 0.4264 | acc 0.9830 | lr 1.46e-06 | 107s
2026-09-17 23:41:39 | INFO    | epoch 39 | batch 1520/4266 | loss 0.4266 | acc 0.9828 | lr 1.46e-06 | 109s
2026-09-17 23:41:41 | INFO    | epoch 39 | batch 1540/4266 | loss 0.4264 | acc 0.9829 | lr 1.45e-06 | 110s
2026-09-17 23:41:42 | INFO    | epoch 39 | batch 1560/4266 | loss 0.4266 | acc 0.9829 | lr 1.45e-06 | 111s
2026-09-17 23:41:44 | INFO    | epoch 39 | batch 1580/4266 | loss 0.4267 | acc 0.9829 | lr 1.45e-06 | 113s
2026-09-17 23:41:45 | INFO    | epoch 39 | batch 1600/4266 | loss 0.4267 | acc 0.9829 | lr 1.45e-06 | 114s
2026-09-17 23:41:47 | INFO    | epoch 39 | batch 1620/4266 | loss 0.4265 | acc 0.9830 | lr 1.44e-06 | 116s
2026-09-17 23:41:48 | INFO    | epoch 39 | batch 1640/4266 | loss 0.4266 | acc 0.9829 | lr 1.44e-06 | 117s
2026-09-17 23:41:49 | INFO    | epoch 39 | batch 1660/4266 | loss 0.4265 | acc 0.9830 | lr 1.44e-06 | 119s
2026-09-17 23:41:51 | INFO    | epoch 39 | batch 1680/4266 | loss 0.4267 | acc 0.9829 | lr 1.44e-06 | 120s
2026-09-17 23:41:52 | INFO    | epoch 39 | batch 1700/4266 | loss 0.4267 | acc 0.9829 | lr 1.43e-06 | 121s
2026-09-17 23:41:54 | INFO    | epoch 39 | batch 1720/4266 | loss 0.4268 | acc 0.9827 | lr 1.43e-06 | 123s
2026-09-17 23:41:55 | INFO    | epoch 39 | batch 1740/4266 | loss 0.4268 | acc 0.9828 | lr 1.43e-06 | 124s
2026-09-17 23:41:56 | INFO    | epoch 39 | batch 1760/4266 | loss 0.4267 | acc 0.9828 | lr 1.43e-06 | 126s
2026-09-17 23:41:58 | INFO    | epoch 39 | batch 1780/4266 | loss 0.4265 | acc 0.9829 | lr 1.42e-06 | 127s
2026-09-17 23:41:59 | INFO    | epoch 39 | batch 1800/4266 | loss 0.4266 | acc 0.9829 | lr 1.42e-06 | 128s
2026-09-17 23:42:01 | INFO    | epoch 39 | batch 1820/4266 | loss 0.4267 | acc 0.9828 | lr 1.42e-06 | 130s
2026-09-17 23:42:02 | INFO    | epoch 39 | batch 1840/4266 | loss 0.4268 | acc 0.9828 | lr 1.42e-06 | 131s
2026-09-17 23:42:03 | INFO    | epoch 39 | batch 1860/4266 | loss 0.4271 | acc 0.9827 | lr 1.41e-06 | 133s
2026-09-17 23:42:05 | INFO    | epoch 39 | batch 1880/4266 | loss 0.4271 | acc 0.9827 | lr 1.41e-06 | 134s
2026-09-17 23:42:06 | INFO    | epoch 39 | batch 1900/4266 | loss 0.4272 | acc 0.9826 | lr 1.41e-06 | 135s
2026-09-17 23:42:08 | INFO    | epoch 39 | batch 1920/4266 | loss 0.4272 | acc 0.9826 | lr 1.41e-06 | 137s
2026-09-17 23:42:09 | INFO    | epoch 39 | batch 1940/4266 | loss 0.4272 | acc 0.9827 | lr 1.40e-06 | 138s
2026-09-17 23:42:10 | INFO    | epoch 39 | batch 1960/4266 | loss 0.4273 | acc 0.9827 | lr 1.40e-06 | 140s
2026-09-17 23:42:12 | INFO    | epoch 39 | batch 1980/4266 | loss 0.4273 | acc 0.9827 | lr 1.40e-06 | 141s
2026-09-17 23:42:13 | INFO    | epoch 39 | batch 2000/4266 | loss 0.4273 | acc 0.9827 | lr 1.40e-06 | 143s
2026-09-17 23:42:15 | INFO    | epoch 39 | batch 2020/4266 | loss 0.4274 | acc 0.9826 | lr 1.39e-06 | 144s
2026-09-17 23:42:16 | INFO    | epoch 39 | batch 2040/4266 | loss 0.4273 | acc 0.9827 | lr 1.39e-06 | 145s
2026-09-17 23:42:18 | INFO    | epoch 39 | batch 2060/4266 | loss 0.4274 | acc 0.9827 | lr 1.39e-06 | 147s
2026-09-17 23:42:19 | INFO    | epoch 39 | batch 2080/4266 | loss 0.4273 | acc 0.9827 | lr 1.39e-06 | 148s
2026-09-17 23:42:20 | INFO    | epoch 39 | batch 2100/4266 | loss 0.4273 | acc 0.9827 | lr 1.38e-06 | 150s
2026-09-17 23:42:22 | INFO    | epoch 39 | batch 2120/4266 | loss 0.4272 | acc 0.9828 | lr 1.38e-06 | 151s
2026-09-17 23:42:23 | INFO    | epoch 39 | batch 2140/4266 | loss 0.4272 | acc 0.9828 | lr 1.38e-06 | 152s
2026-09-17 23:42:25 | INFO    | epoch 39 | batch 2160/4266 | loss 0.4273 | acc 0.9827 | lr 1.38e-06 | 154s
2026-09-17 23:42:26 | INFO    | epoch 39 | batch 2180/4266 | loss 0.4271 | acc 0.9828 | lr 1.37e-06 | 155s
2026-09-17 23:42:28 | INFO    | epoch 39 | batch 2200/4266 | loss 0.4272 | acc 0.9828 | lr 1.37e-06 | 157s
2026-09-17 23:42:29 | INFO    | epoch 39 | batch 2220/4266 | loss 0.4272 | acc 0.9828 | lr 1.37e-06 | 158s
2026-09-17 23:42:30 | INFO    | epoch 39 | batch 2240/4266 | loss 0.4273 | acc 0.9828 | lr 1.37e-06 | 160s
2026-09-17 23:42:32 | INFO    | epoch 39 | batch 2260/4266 | loss 0.4274 | acc 0.9827 | lr 1.37e-06 | 161s
2026-09-17 23:42:33 | INFO    | epoch 39 | batch 2280/4266 | loss 0.4274 | acc 0.9827 | lr 1.36e-06 | 162s
2026-09-17 23:42:35 | INFO    | epoch 39 | batch 2300/4266 | loss 0.4276 | acc 0.9826 | lr 1.36e-06 | 164s
2026-09-17 23:42:36 | INFO    | epoch 39 | batch 2320/4266 | loss 0.4275 | acc 0.9827 | lr 1.36e-06 | 165s
2026-09-17 23:42:37 | INFO    | epoch 39 | batch 2340/4266 | loss 0.4274 | acc 0.9827 | lr 1.36e-06 | 167s
2026-09-17 23:42:39 | INFO    | epoch 39 | batch 2360/4266 | loss 0.4276 | acc 0.9827 | lr 1.35e-06 | 168s
2026-09-17 23:42:40 | INFO    | epoch 39 | batch 2380/4266 | loss 0.4277 | acc 0.9826 | lr 1.35e-06 | 169s
2026-09-17 23:42:42 | INFO    | epoch 39 | batch 2400/4266 | loss 0.4277 | acc 0.9826 | lr 1.35e-06 | 171s
2026-09-17 23:42:43 | INFO    | epoch 39 | batch 2420/4266 | loss 0.4275 | acc 0.9827 | lr 1.35e-06 | 172s
2026-09-17 23:42:45 | INFO    | epoch 39 | batch 2440/4266 | loss 0.4276 | acc 0.9827 | lr 1.34e-06 | 174s
2026-09-17 23:42:46 | INFO    | epoch 39 | batch 2460/4266 | loss 0.4276 | acc 0.9827 | lr 1.34e-06 | 175s
2026-09-17 23:42:47 | INFO    | epoch 39 | batch 2480/4266 | loss 0.4275 | acc 0.9828 | lr 1.34e-06 | 177s
2026-09-17 23:42:49 | INFO    | epoch 39 | batch 2500/4266 | loss 0.4276 | acc 0.9827 | lr 1.34e-06 | 178s
2026-09-17 23:42:50 | INFO    | epoch 39 | batch 2520/4266 | loss 0.4276 | acc 0.9827 | lr 1.34e-06 | 179s
2026-09-17 23:42:52 | INFO    | epoch 39 | batch 2540/4266 | loss 0.4277 | acc 0.9827 | lr 1.33e-06 | 181s
2026-09-17 23:42:53 | INFO    | epoch 39 | batch 2560/4266 | loss 0.4277 | acc 0.9827 | lr 1.33e-06 | 182s
2026-09-17 23:42:54 | INFO    | epoch 39 | batch 2580/4266 | loss 0.4278 | acc 0.9826 | lr 1.33e-06 | 184s
2026-09-17 23:42:56 | INFO    | epoch 39 | batch 2600/4266 | loss 0.4278 | acc 0.9827 | lr 1.33e-06 | 185s
2026-09-17 23:42:57 | INFO    | epoch 39 | batch 2620/4266 | loss 0.4278 | acc 0.9827 | lr 1.32e-06 | 186s
2026-09-17 23:42:59 | INFO    | epoch 39 | batch 2640/4266 | loss 0.4278 | acc 0.9827 | lr 1.32e-06 | 188s
2026-09-17 23:43:00 | INFO    | epoch 39 | batch 2660/4266 | loss 0.4278 | acc 0.9827 | lr 1.32e-06 | 189s
2026-09-17 23:43:01 | INFO    | epoch 39 | batch 2680/4266 | loss 0.4279 | acc 0.9826 | lr 1.32e-06 | 191s
2026-09-17 23:43:03 | INFO    | epoch 39 | batch 2700/4266 | loss 0.4279 | acc 0.9826 | lr 1.32e-06 | 192s
2026-09-17 23:43:04 | INFO    | epoch 39 | batch 2720/4266 | loss 0.4279 | acc 0.9827 | lr 1.31e-06 | 194s
2026-09-17 23:43:06 | INFO    | epoch 39 | batch 2740/4266 | loss 0.4279 | acc 0.9826 | lr 1.31e-06 | 195s
2026-09-17 23:43:07 | INFO    | epoch 39 | batch 2760/4266 | loss 0.4279 | acc 0.9826 | lr 1.31e-06 | 196s
2026-09-17 23:43:09 | INFO    | epoch 39 | batch 2780/4266 | loss 0.4280 | acc 0.9826 | lr 1.31e-06 | 198s
2026-09-17 23:43:10 | INFO    | epoch 39 | batch 2800/4266 | loss 0.4280 | acc 0.9826 | lr 1.31e-06 | 199s
2026-09-17 23:43:11 | INFO    | epoch 39 | batch 2820/4266 | loss 0.4280 | acc 0.9826 | lr 1.30e-06 | 201s
2026-09-17 23:43:13 | INFO    | epoch 39 | batch 2840/4266 | loss 0.4279 | acc 0.9827 | lr 1.30e-06 | 202s
2026-09-17 23:43:14 | INFO    | epoch 39 | batch 2860/4266 | loss 0.4278 | acc 0.9827 | lr 1.30e-06 | 203s
2026-09-17 23:43:16 | INFO    | epoch 39 | batch 2880/4266 | loss 0.4277 | acc 0.9828 | lr 1.30e-06 | 205s
2026-09-17 23:43:17 | INFO    | epoch 39 | batch 2900/4266 | loss 0.4276 | acc 0.9828 | lr 1.29e-06 | 206s
2026-09-17 23:43:19 | INFO    | epoch 39 | batch 2920/4266 | loss 0.4276 | acc 0.9828 | lr 1.29e-06 | 208s
2026-09-17 23:43:20 | INFO    | epoch 39 | batch 2940/4266 | loss 0.4276 | acc 0.9829 | lr 1.29e-06 | 209s
2026-09-17 23:43:21 | INFO    | epoch 39 | batch 2960/4266 | loss 0.4275 | acc 0.9829 | lr 1.29e-06 | 211s
2026-09-17 23:43:23 | INFO    | epoch 39 | batch 2980/4266 | loss 0.4276 | acc 0.9829 | lr 1.29e-06 | 212s
2026-09-17 23:43:24 | INFO    | epoch 39 | batch 3000/4266 | loss 0.4276 | acc 0.9829 | lr 1.28e-06 | 213s
2026-09-17 23:43:26 | INFO    | epoch 39 | batch 3020/4266 | loss 0.4275 | acc 0.9829 | lr 1.28e-06 | 215s
2026-09-17 23:43:27 | INFO    | epoch 39 | batch 3040/4266 | loss 0.4275 | acc 0.9829 | lr 1.28e-06 | 216s
2026-09-17 23:43:28 | INFO    | epoch 39 | batch 3060/4266 | loss 0.4276 | acc 0.9829 | lr 1.28e-06 | 218s
2026-09-17 23:43:30 | INFO    | epoch 39 | batch 3080/4266 | loss 0.4275 | acc 0.9829 | lr 1.28e-06 | 219s
2026-09-17 23:43:31 | INFO    | epoch 39 | batch 3100/4266 | loss 0.4275 | acc 0.9829 | lr 1.27e-06 | 220s
2026-09-17 23:43:33 | INFO    | epoch 39 | batch 3120/4266 | loss 0.4276 | acc 0.9828 | lr 1.27e-06 | 222s
2026-09-17 23:43:34 | INFO    | epoch 39 | batch 3140/4266 | loss 0.4275 | acc 0.9829 | lr 1.27e-06 | 223s
2026-09-17 23:43:36 | INFO    | epoch 39 | batch 3160/4266 | loss 0.4276 | acc 0.9828 | lr 1.27e-06 | 225s
2026-09-17 23:43:37 | INFO    | epoch 39 | batch 3180/4266 | loss 0.4276 | acc 0.9828 | lr 1.27e-06 | 226s
2026-09-17 23:43:38 | INFO    | epoch 39 | batch 3200/4266 | loss 0.4277 | acc 0.9827 | lr 1.26e-06 | 228s
2026-09-17 23:43:40 | INFO    | epoch 39 | batch 3220/4266 | loss 0.4276 | acc 0.9828 | lr 1.26e-06 | 229s
2026-09-17 23:43:41 | INFO    | epoch 39 | batch 3240/4266 | loss 0.4277 | acc 0.9827 | lr 1.26e-06 | 231s
2026-09-17 23:43:43 | INFO    | epoch 39 | batch 3260/4266 | loss 0.4277 | acc 0.9827 | lr 1.26e-06 | 232s
2026-09-17 23:43:44 | INFO    | epoch 39 | batch 3280/4266 | loss 0.4277 | acc 0.9828 | lr 1.26e-06 | 233s
2026-09-17 23:43:46 | INFO    | epoch 39 | batch 3300/4266 | loss 0.4276 | acc 0.9828 | lr 1.25e-06 | 235s
2026-09-17 23:43:47 | INFO    | epoch 39 | batch 3320/4266 | loss 0.4277 | acc 0.9828 | lr 1.25e-06 | 236s
2026-09-17 23:43:48 | INFO    | epoch 39 | batch 3340/4266 | loss 0.4279 | acc 0.9827 | lr 1.25e-06 | 238s
2026-09-17 23:43:50 | INFO    | epoch 39 | batch 3360/4266 | loss 0.4278 | acc 0.9827 | lr 1.25e-06 | 239s
2026-09-17 23:43:51 | INFO    | epoch 39 | batch 3380/4266 | loss 0.4277 | acc 0.9828 | lr 1.25e-06 | 241s
2026-09-17 23:43:53 | INFO    | epoch 39 | batch 3400/4266 | loss 0.4277 | acc 0.9828 | lr 1.24e-06 | 242s
2026-09-17 23:43:54 | INFO    | epoch 39 | batch 3420/4266 | loss 0.4277 | acc 0.9828 | lr 1.24e-06 | 243s
2026-09-17 23:43:56 | INFO    | epoch 39 | batch 3440/4266 | loss 0.4277 | acc 0.9828 | lr 1.24e-06 | 245s
2026-09-17 23:43:57 | INFO    | epoch 39 | batch 3460/4266 | loss 0.4278 | acc 0.9827 | lr 1.24e-06 | 246s
2026-09-17 23:43:58 | INFO    | epoch 39 | batch 3480/4266 | loss 0.4277 | acc 0.9828 | lr 1.24e-06 | 248s
2026-09-17 23:44:00 | INFO    | epoch 39 | batch 3500/4266 | loss 0.4277 | acc 0.9828 | lr 1.24e-06 | 249s
2026-09-17 23:44:01 | INFO    | epoch 39 | batch 3520/4266 | loss 0.4276 | acc 0.9828 | lr 1.23e-06 | 250s
2026-09-17 23:44:03 | INFO    | epoch 39 | batch 3540/4266 | loss 0.4275 | acc 0.9829 | lr 1.23e-06 | 252s
2026-09-17 23:44:04 | INFO    | epoch 39 | batch 3560/4266 | loss 0.4276 | acc 0.9828 | lr 1.23e-06 | 253s
2026-09-17 23:44:06 | INFO    | epoch 39 | batch 3580/4266 | loss 0.4276 | acc 0.9828 | lr 1.23e-06 | 255s
2026-09-17 23:44:07 | INFO    | epoch 39 | batch 3600/4266 | loss 0.4276 | acc 0.9829 | lr 1.23e-06 | 256s
2026-09-17 23:44:08 | INFO    | epoch 39 | batch 3620/4266 | loss 0.4277 | acc 0.9828 | lr 1.22e-06 | 258s
2026-09-17 23:44:10 | INFO    | epoch 39 | batch 3640/4266 | loss 0.4277 | acc 0.9828 | lr 1.22e-06 | 259s
2026-09-17 23:44:11 | INFO    | epoch 39 | batch 3660/4266 | loss 0.4277 | acc 0.9828 | lr 1.22e-06 | 260s
2026-09-17 23:44:13 | INFO    | epoch 39 | batch 3680/4266 | loss 0.4279 | acc 0.9827 | lr 1.22e-06 | 262s
2026-09-17 23:44:14 | INFO    | epoch 39 | batch 3700/4266 | loss 0.4278 | acc 0.9827 | lr 1.22e-06 | 263s
2026-09-17 23:44:16 | INFO    | epoch 39 | batch 3720/4266 | loss 0.4278 | acc 0.9827 | lr 1.22e-06 | 265s
2026-09-17 23:44:17 | INFO    | epoch 39 | batch 3740/4266 | loss 0.4279 | acc 0.9826 | lr 1.21e-06 | 266s
2026-09-17 23:44:18 | INFO    | epoch 39 | batch 3760/4266 | loss 0.4279 | acc 0.9827 | lr 1.21e-06 | 268s
2026-09-17 23:44:20 | INFO    | epoch 39 | batch 3780/4266 | loss 0.4279 | acc 0.9827 | lr 1.21e-06 | 269s
2026-09-17 23:44:21 | INFO    | epoch 39 | batch 3800/4266 | loss 0.4279 | acc 0.9827 | lr 1.21e-06 | 271s
2026-09-17 23:44:23 | INFO    | epoch 39 | batch 3820/4266 | loss 0.4279 | acc 0.9826 | lr 1.21e-06 | 272s
2026-09-17 23:44:24 | INFO    | epoch 39 | batch 3840/4266 | loss 0.4279 | acc 0.9826 | lr 1.20e-06 | 273s
2026-09-17 23:44:26 | INFO    | epoch 39 | batch 3860/4266 | loss 0.4280 | acc 0.9826 | lr 1.20e-06 | 275s
2026-09-17 23:44:27 | INFO    | epoch 39 | batch 3880/4266 | loss 0.4279 | acc 0.9827 | lr 1.20e-06 | 276s
2026-09-17 23:44:29 | INFO    | epoch 39 | batch 3900/4266 | loss 0.4278 | acc 0.9827 | lr 1.20e-06 | 278s
2026-09-17 23:44:30 | INFO    | epoch 39 | batch 3920/4266 | loss 0.4278 | acc 0.9827 | lr 1.20e-06 | 279s
2026-09-17 23:44:31 | INFO    | epoch 39 | batch 3940/4266 | loss 0.4278 | acc 0.9827 | lr 1.20e-06 | 281s
2026-09-17 23:44:33 | INFO    | epoch 39 | batch 3960/4266 | loss 0.4278 | acc 0.9827 | lr 1.19e-06 | 282s
2026-09-17 23:44:34 | INFO    | epoch 39 | batch 3980/4266 | loss 0.4278 | acc 0.9827 | lr 1.19e-06 | 283s
2026-09-17 23:44:36 | INFO    | epoch 39 | batch 4000/4266 | loss 0.4279 | acc 0.9827 | lr 1.19e-06 | 285s
2026-09-17 23:44:37 | INFO    | epoch 39 | batch 4020/4266 | loss 0.4279 | acc 0.9826 | lr 1.19e-06 | 286s
2026-09-17 23:44:39 | INFO    | epoch 39 | batch 4040/4266 | loss 0.4279 | acc 0.9827 | lr 1.19e-06 | 288s
2026-09-17 23:44:40 | INFO    | epoch 39 | batch 4060/4266 | loss 0.4280 | acc 0.9826 | lr 1.19e-06 | 289s
2026-09-17 23:44:41 | INFO    | epoch 39 | batch 4080/4266 | loss 0.4280 | acc 0.9826 | lr 1.18e-06 | 291s
2026-09-17 23:44:43 | INFO    | epoch 39 | batch 4100/4266 | loss 0.4280 | acc 0.9826 | lr 1.18e-06 | 292s
2026-09-17 23:44:44 | INFO    | epoch 39 | batch 4120/4266 | loss 0.4279 | acc 0.9826 | lr 1.18e-06 | 293s
2026-09-17 23:44:46 | INFO    | epoch 39 | batch 4140/4266 | loss 0.4280 | acc 0.9826 | lr 1.18e-06 | 295s
2026-09-17 23:44:47 | INFO    | epoch 39 | batch 4160/4266 | loss 0.4280 | acc 0.9826 | lr 1.18e-06 | 296s
2026-09-17 23:44:49 | INFO    | epoch 39 | batch 4180/4266 | loss 0.4280 | acc 0.9826 | lr 1.18e-06 | 298s
2026-09-17 23:44:50 | INFO    | epoch 39 | batch 4200/4266 | loss 0.4281 | acc 0.9825 | lr 1.17e-06 | 299s
2026-09-17 23:44:51 | INFO    | epoch 39 | batch 4220/4266 | loss 0.4281 | acc 0.9825 | lr 1.17e-06 | 301s
2026-09-17 23:44:53 | INFO    | epoch 39 | batch 4240/4266 | loss 0.4281 | acc 0.9825 | lr 1.17e-06 | 302s
2026-09-17 23:44:54 | INFO    | epoch 39 | batch 4260/4266 | loss 0.4281 | acc 0.9825 | lr 1.17e-06 | 303s
2026-09-17 23:44:55 | INFO    | epoch 39 | batch 4266/4266 | loss 0.4281 | acc 0.9825 | lr 1.17e-06 | 304s
2026-09-17 23:45:04 | INFO    | epoch 39/40 done in 313s | train loss 0.4281 | train running patch (aug): accuracy=0.9825 precision=0.9823 recall=0.9820 f1=0.9821
2026-09-17 23:45:04 | INFO    | epoch 39 train (eval, no aug) | loss 0.4259 | patch[7280]: accuracy=0.9816 precision=0.9810 recall=0.9819 f1=0.9814 | image[455]: accuracy=1.0000 precision=1.0000 recall=1.0000 f1=1.0000
2026-09-17 23:45:04 | INFO    | epoch 39 val | loss 1.2440 | patch[8448]: accuracy=0.6610 precision=0.6451 recall=0.6384 f1=0.6403 | image[96]: accuracy=0.7917 precision=0.7807 recall=0.7743 f1=0.7753
2026-09-17 23:45:04 | INFO    | val_patch_f1 = 0.6403 (best 0.6545 @ epoch 31)
2026-09-17 23:45:06 | INFO    | epoch 40 | batch 20/4266 | loss 0.4388 | acc 0.9734 | lr 1.17e-06 | 2s
2026-09-17 23:45:07 | INFO    | epoch 40 | batch 40/4266 | loss 0.4417 | acc 0.9727 | lr 1.17e-06 | 3s
2026-09-17 23:45:09 | INFO    | epoch 40 | batch 60/4266 | loss 0.4350 | acc 0.9760 | lr 1.16e-06 | 4s
2026-09-17 23:45:10 | INFO    | epoch 40 | batch 80/4266 | loss 0.4318 | acc 0.9781 | lr 1.16e-06 | 6s
2026-09-17 23:45:12 | INFO    | epoch 40 | batch 100/4266 | loss 0.4336 | acc 0.9778 | lr 1.16e-06 | 7s
2026-09-17 23:45:13 | INFO    | epoch 40 | batch 120/4266 | loss 0.4281 | acc 0.9807 | lr 1.16e-06 | 9s
2026-09-17 23:45:15 | INFO    | epoch 40 | batch 140/4266 | loss 0.4281 | acc 0.9810 | lr 1.16e-06 | 10s
2026-09-17 23:45:16 | INFO    | epoch 40 | batch 160/4266 | loss 0.4275 | acc 0.9814 | lr 1.16e-06 | 12s
2026-09-17 23:45:17 | INFO    | epoch 40 | batch 180/4266 | loss 0.4277 | acc 0.9816 | lr 1.16e-06 | 13s
2026-09-17 23:45:19 | INFO    | epoch 40 | batch 200/4266 | loss 0.4269 | acc 0.9823 | lr 1.15e-06 | 14s
2026-09-17 23:45:20 | INFO    | epoch 40 | batch 220/4266 | loss 0.4270 | acc 0.9827 | lr 1.15e-06 | 16s
2026-09-17 23:45:22 | INFO    | epoch 40 | batch 240/4266 | loss 0.4277 | acc 0.9828 | lr 1.15e-06 | 17s
2026-09-17 23:45:23 | INFO    | epoch 40 | batch 260/4266 | loss 0.4274 | acc 0.9827 | lr 1.15e-06 | 19s
2026-09-17 23:45:25 | INFO    | epoch 40 | batch 280/4266 | loss 0.4274 | acc 0.9828 | lr 1.15e-06 | 20s
2026-09-17 23:45:26 | INFO    | epoch 40 | batch 300/4266 | loss 0.4277 | acc 0.9829 | lr 1.15e-06 | 22s
2026-09-17 23:45:27 | INFO    | epoch 40 | batch 320/4266 | loss 0.4279 | acc 0.9826 | lr 1.14e-06 | 23s
2026-09-17 23:45:29 | INFO    | epoch 40 | batch 340/4266 | loss 0.4270 | acc 0.9831 | lr 1.14e-06 | 24s
2026-09-17 23:45:30 | INFO    | epoch 40 | batch 360/4266 | loss 0.4265 | acc 0.9834 | lr 1.14e-06 | 26s
2026-09-17 23:45:32 | INFO    | epoch 40 | batch 380/4266 | loss 0.4265 | acc 0.9836 | lr 1.14e-06 | 27s
2026-09-17 23:45:33 | INFO    | epoch 40 | batch 400/4266 | loss 0.4267 | acc 0.9837 | lr 1.14e-06 | 29s
2026-09-17 23:45:35 | INFO    | epoch 40 | batch 420/4266 | loss 0.4261 | acc 0.9840 | lr 1.14e-06 | 30s
2026-09-17 23:45:36 | INFO    | epoch 40 | batch 440/4266 | loss 0.4258 | acc 0.9841 | lr 1.14e-06 | 32s
2026-09-17 23:45:37 | INFO    | epoch 40 | batch 460/4266 | loss 0.4262 | acc 0.9840 | lr 1.13e-06 | 33s
2026-09-17 23:45:39 | INFO    | epoch 40 | batch 480/4266 | loss 0.4259 | acc 0.9841 | lr 1.13e-06 | 34s
2026-09-17 23:45:40 | INFO    | epoch 40 | batch 500/4266 | loss 0.4257 | acc 0.9841 | lr 1.13e-06 | 36s
2026-09-17 23:45:42 | INFO    | epoch 40 | batch 520/4266 | loss 0.4262 | acc 0.9840 | lr 1.13e-06 | 37s
2026-09-17 23:45:43 | INFO    | epoch 40 | batch 540/4266 | loss 0.4260 | acc 0.9840 | lr 1.13e-06 | 39s
2026-09-17 23:45:44 | INFO    | epoch 40 | batch 560/4266 | loss 0.4259 | acc 0.9841 | lr 1.13e-06 | 40s
2026-09-17 23:45:46 | INFO    | epoch 40 | batch 580/4266 | loss 0.4267 | acc 0.9837 | lr 1.13e-06 | 41s
2026-09-17 23:45:47 | INFO    | epoch 40 | batch 600/4266 | loss 0.4267 | acc 0.9837 | lr 1.12e-06 | 43s
2026-09-17 23:45:49 | INFO    | epoch 40 | batch 620/4266 | loss 0.4267 | acc 0.9836 | lr 1.12e-06 | 44s
2026-09-17 23:45:50 | INFO    | epoch 40 | batch 640/4266 | loss 0.4270 | acc 0.9833 | lr 1.12e-06 | 46s
2026-09-17 23:45:51 | INFO    | epoch 40 | batch 660/4266 | loss 0.4271 | acc 0.9832 | lr 1.12e-06 | 47s
2026-09-17 23:45:53 | INFO    | epoch 40 | batch 680/4266 | loss 0.4268 | acc 0.9834 | lr 1.12e-06 | 48s
2026-09-17 23:45:54 | INFO    | epoch 40 | batch 700/4266 | loss 0.4268 | acc 0.9832 | lr 1.12e-06 | 50s
2026-09-17 23:45:56 | INFO    | epoch 40 | batch 720/4266 | loss 0.4273 | acc 0.9830 | lr 1.12e-06 | 51s
2026-09-17 23:45:57 | INFO    | epoch 40 | batch 740/4266 | loss 0.4273 | acc 0.9830 | lr 1.12e-06 | 53s
2026-09-17 23:45:59 | INFO    | epoch 40 | batch 760/4266 | loss 0.4274 | acc 0.9829 | lr 1.11e-06 | 54s
2026-09-17 23:46:00 | INFO    | epoch 40 | batch 780/4266 | loss 0.4274 | acc 0.9829 | lr 1.11e-06 | 56s
2026-09-17 23:46:01 | INFO    | epoch 40 | batch 800/4266 | loss 0.4274 | acc 0.9827 | lr 1.11e-06 | 57s
2026-09-17 23:46:03 | INFO    | epoch 40 | batch 820/4266 | loss 0.4269 | acc 0.9831 | lr 1.11e-06 | 58s
2026-09-17 23:46:04 | INFO    | epoch 40 | batch 840/4266 | loss 0.4273 | acc 0.9828 | lr 1.11e-06 | 60s
2026-09-17 23:46:05 | INFO    | epoch 40 | batch 860/4266 | loss 0.4269 | acc 0.9830 | lr 1.11e-06 | 61s
2026-09-17 23:46:07 | INFO    | epoch 40 | batch 880/4266 | loss 0.4271 | acc 0.9829 | lr 1.11e-06 | 62s
2026-09-17 23:46:08 | INFO    | epoch 40 | batch 900/4266 | loss 0.4270 | acc 0.9830 | lr 1.11e-06 | 64s
2026-09-17 23:46:10 | INFO    | epoch 40 | batch 920/4266 | loss 0.4267 | acc 0.9832 | lr 1.10e-06 | 65s
2026-09-17 23:46:11 | INFO    | epoch 40 | batch 940/4266 | loss 0.4266 | acc 0.9832 | lr 1.10e-06 | 67s
2026-09-17 23:46:12 | INFO    | epoch 40 | batch 960/4266 | loss 0.4268 | acc 0.9832 | lr 1.10e-06 | 68s
2026-09-17 23:46:14 | INFO    | epoch 40 | batch 980/4266 | loss 0.4268 | acc 0.9831 | lr 1.10e-06 | 69s
2026-09-17 23:46:15 | INFO    | epoch 40 | batch 1000/4266 | loss 0.4266 | acc 0.9832 | lr 1.10e-06 | 71s
2026-09-17 23:46:17 | INFO    | epoch 40 | batch 1020/4266 | loss 0.4265 | acc 0.9833 | lr 1.10e-06 | 72s
2026-09-17 23:46:18 | INFO    | epoch 40 | batch 1040/4266 | loss 0.4265 | acc 0.9833 | lr 1.10e-06 | 74s
2026-09-17 23:46:19 | INFO    | epoch 40 | batch 1060/4266 | loss 0.4264 | acc 0.9834 | lr 1.10e-06 | 75s
2026-09-17 23:46:21 | INFO    | epoch 40 | batch 1080/4266 | loss 0.4262 | acc 0.9834 | lr 1.09e-06 | 76s
2026-09-17 23:46:22 | INFO    | epoch 40 | batch 1100/4266 | loss 0.4260 | acc 0.9835 | lr 1.09e-06 | 78s
2026-09-17 23:46:24 | INFO    | epoch 40 | batch 1120/4266 | loss 0.4261 | acc 0.9835 | lr 1.09e-06 | 79s
2026-09-17 23:46:25 | INFO    | epoch 40 | batch 1140/4266 | loss 0.4260 | acc 0.9835 | lr 1.09e-06 | 81s
2026-09-17 23:46:27 | INFO    | epoch 40 | batch 1160/4266 | loss 0.4260 | acc 0.9836 | lr 1.09e-06 | 82s
2026-09-17 23:46:28 | INFO    | epoch 40 | batch 1180/4266 | loss 0.4259 | acc 0.9835 | lr 1.09e-06 | 84s
2026-09-17 23:46:29 | INFO    | epoch 40 | batch 1200/4266 | loss 0.4260 | acc 0.9835 | lr 1.09e-06 | 85s
2026-09-17 23:46:31 | INFO    | epoch 40 | batch 1220/4266 | loss 0.4260 | acc 0.9835 | lr 1.09e-06 | 86s
2026-09-17 23:46:32 | INFO    | epoch 40 | batch 1240/4266 | loss 0.4259 | acc 0.9836 | lr 1.09e-06 | 88s
2026-09-17 23:46:34 | INFO    | epoch 40 | batch 1260/4266 | loss 0.4261 | acc 0.9835 | lr 1.08e-06 | 89s
2026-09-17 23:46:35 | INFO    | epoch 40 | batch 1280/4266 | loss 0.4261 | acc 0.9835 | lr 1.08e-06 | 91s
2026-09-17 23:46:37 | INFO    | epoch 40 | batch 1300/4266 | loss 0.4262 | acc 0.9835 | lr 1.08e-06 | 92s
2026-09-17 23:46:38 | INFO    | epoch 40 | batch 1320/4266 | loss 0.4263 | acc 0.9834 | lr 1.08e-06 | 94s
2026-09-17 23:46:39 | INFO    | epoch 40 | batch 1340/4266 | loss 0.4265 | acc 0.9834 | lr 1.08e-06 | 95s
2026-09-17 23:46:41 | INFO    | epoch 40 | batch 1360/4266 | loss 0.4266 | acc 0.9834 | lr 1.08e-06 | 96s
2026-09-17 23:46:42 | INFO    | epoch 40 | batch 1380/4266 | loss 0.4265 | acc 0.9835 | lr 1.08e-06 | 98s
2026-09-17 23:46:44 | INFO    | epoch 40 | batch 1400/4266 | loss 0.4264 | acc 0.9835 | lr 1.08e-06 | 99s
2026-09-17 23:46:45 | INFO    | epoch 40 | batch 1420/4266 | loss 0.4263 | acc 0.9836 | lr 1.08e-06 | 101s
2026-09-17 23:46:46 | INFO    | epoch 40 | batch 1440/4266 | loss 0.4263 | acc 0.9835 | lr 1.07e-06 | 102s
2026-09-17 23:46:48 | INFO    | epoch 40 | batch 1460/4266 | loss 0.4264 | acc 0.9835 | lr 1.07e-06 | 103s
2026-09-17 23:46:49 | INFO    | epoch 40 | batch 1480/4266 | loss 0.4264 | acc 0.9835 | lr 1.07e-06 | 105s
2026-09-17 23:46:51 | INFO    | epoch 40 | batch 1500/4266 | loss 0.4264 | acc 0.9835 | lr 1.07e-06 | 106s
2026-09-17 23:46:52 | INFO    | epoch 40 | batch 1520/4266 | loss 0.4265 | acc 0.9834 | lr 1.07e-06 | 108s
2026-09-17 23:46:53 | INFO    | epoch 40 | batch 1540/4266 | loss 0.4265 | acc 0.9835 | lr 1.07e-06 | 109s
2026-09-17 23:46:55 | INFO    | epoch 40 | batch 1560/4266 | loss 0.4266 | acc 0.9834 | lr 1.07e-06 | 110s
2026-09-17 23:46:56 | INFO    | epoch 40 | batch 1580/4266 | loss 0.4266 | acc 0.9834 | lr 1.07e-06 | 112s
2026-09-17 23:46:58 | INFO    | epoch 40 | batch 1600/4266 | loss 0.4269 | acc 0.9833 | lr 1.07e-06 | 113s
2026-09-17 23:46:59 | INFO    | epoch 40 | batch 1620/4266 | loss 0.4270 | acc 0.9832 | lr 1.07e-06 | 115s
2026-09-17 23:47:01 | INFO    | epoch 40 | batch 1640/4266 | loss 0.4270 | acc 0.9832 | lr 1.06e-06 | 116s
2026-09-17 23:47:02 | INFO    | epoch 40 | batch 1660/4266 | loss 0.4271 | acc 0.9831 | lr 1.06e-06 | 118s
2026-09-17 23:47:03 | INFO    | epoch 40 | batch 1680/4266 | loss 0.4271 | acc 0.9832 | lr 1.06e-06 | 119s
2026-09-17 23:47:05 | INFO    | epoch 40 | batch 1700/4266 | loss 0.4272 | acc 0.9831 | lr 1.06e-06 | 120s
2026-09-17 23:47:06 | INFO    | epoch 40 | batch 1720/4266 | loss 0.4272 | acc 0.9831 | lr 1.06e-06 | 122s
2026-09-17 23:47:08 | INFO    | epoch 40 | batch 1740/4266 | loss 0.4272 | acc 0.9831 | lr 1.06e-06 | 123s
2026-09-17 23:47:09 | INFO    | epoch 40 | batch 1760/4266 | loss 0.4272 | acc 0.9831 | lr 1.06e-06 | 125s
2026-09-17 23:47:11 | INFO    | epoch 40 | batch 1780/4266 | loss 0.4274 | acc 0.9830 | lr 1.06e-06 | 126s
2026-09-17 23:47:12 | INFO    | epoch 40 | batch 1800/4266 | loss 0.4276 | acc 0.9829 | lr 1.06e-06 | 128s
2026-09-17 23:47:13 | INFO    | epoch 40 | batch 1820/4266 | loss 0.4274 | acc 0.9830 | lr 1.06e-06 | 129s
2026-09-17 23:47:15 | INFO    | epoch 40 | batch 1840/4266 | loss 0.4275 | acc 0.9829 | lr 1.05e-06 | 130s
2026-09-17 23:47:16 | INFO    | epoch 40 | batch 1860/4266 | loss 0.4275 | acc 0.9829 | lr 1.05e-06 | 132s
2026-09-17 23:47:18 | INFO    | epoch 40 | batch 1880/4266 | loss 0.4274 | acc 0.9829 | lr 1.05e-06 | 133s
2026-09-17 23:47:19 | INFO    | epoch 40 | batch 1900/4266 | loss 0.4275 | acc 0.9829 | lr 1.05e-06 | 135s
2026-09-17 23:47:20 | INFO    | epoch 40 | batch 1920/4266 | loss 0.4275 | acc 0.9830 | lr 1.05e-06 | 136s
2026-09-17 23:47:22 | INFO    | epoch 40 | batch 1940/4266 | loss 0.4275 | acc 0.9829 | lr 1.05e-06 | 138s
2026-09-17 23:47:23 | INFO    | epoch 40 | batch 1960/4266 | loss 0.4274 | acc 0.9830 | lr 1.05e-06 | 139s
2026-09-17 23:47:25 | INFO    | epoch 40 | batch 1980/4266 | loss 0.4274 | acc 0.9830 | lr 1.05e-06 | 140s
2026-09-17 23:47:26 | INFO    | epoch 40 | batch 2000/4266 | loss 0.4274 | acc 0.9829 | lr 1.05e-06 | 142s
2026-09-17 23:47:28 | INFO    | epoch 40 | batch 2020/4266 | loss 0.4274 | acc 0.9830 | lr 1.05e-06 | 143s
2026-09-17 23:47:29 | INFO    | epoch 40 | batch 2040/4266 | loss 0.4274 | acc 0.9830 | lr 1.05e-06 | 145s
2026-09-17 23:47:31 | INFO    | epoch 40 | batch 2060/4266 | loss 0.4274 | acc 0.9830 | lr 1.05e-06 | 146s
2026-09-17 23:47:32 | INFO    | epoch 40 | batch 2080/4266 | loss 0.4274 | acc 0.9830 | lr 1.04e-06 | 148s
2026-09-17 23:47:33 | INFO    | epoch 40 | batch 2100/4266 | loss 0.4275 | acc 0.9830 | lr 1.04e-06 | 149s
2026-09-17 23:47:35 | INFO    | epoch 40 | batch 2120/4266 | loss 0.4274 | acc 0.9830 | lr 1.04e-06 | 150s
2026-09-17 23:47:36 | INFO    | epoch 40 | batch 2140/4266 | loss 0.4274 | acc 0.9830 | lr 1.04e-06 | 152s
2026-09-17 23:47:38 | INFO    | epoch 40 | batch 2160/4266 | loss 0.4275 | acc 0.9830 | lr 1.04e-06 | 153s
2026-09-17 23:47:39 | INFO    | epoch 40 | batch 2180/4266 | loss 0.4276 | acc 0.9830 | lr 1.04e-06 | 155s
2026-09-17 23:47:41 | INFO    | epoch 40 | batch 2200/4266 | loss 0.4277 | acc 0.9829 | lr 1.04e-06 | 156s
2026-09-17 23:47:42 | INFO    | epoch 40 | batch 2220/4266 | loss 0.4276 | acc 0.9830 | lr 1.04e-06 | 158s
2026-09-17 23:47:44 | INFO    | epoch 40 | batch 2240/4266 | loss 0.4276 | acc 0.9829 | lr 1.04e-06 | 159s
2026-09-17 23:47:45 | INFO    | epoch 40 | batch 2260/4266 | loss 0.4276 | acc 0.9829 | lr 1.04e-06 | 161s
2026-09-17 23:47:46 | INFO    | epoch 40 | batch 2280/4266 | loss 0.4275 | acc 0.9829 | lr 1.04e-06 | 162s
2026-09-17 23:47:48 | INFO    | epoch 40 | batch 2300/4266 | loss 0.4276 | acc 0.9829 | lr 1.04e-06 | 163s
2026-09-17 23:47:49 | INFO    | epoch 40 | batch 2320/4266 | loss 0.4275 | acc 0.9830 | lr 1.04e-06 | 165s
2026-09-17 23:47:51 | INFO    | epoch 40 | batch 2340/4266 | loss 0.4276 | acc 0.9829 | lr 1.03e-06 | 166s
2026-09-17 23:47:52 | INFO    | epoch 40 | batch 2360/4266 | loss 0.4276 | acc 0.9829 | lr 1.03e-06 | 168s
2026-09-17 23:47:53 | INFO    | epoch 40 | batch 2380/4266 | loss 0.4276 | acc 0.9829 | lr 1.03e-06 | 169s
2026-09-17 23:47:55 | INFO    | epoch 40 | batch 2400/4266 | loss 0.4276 | acc 0.9829 | lr 1.03e-06 | 170s
2026-09-17 23:47:56 | INFO    | epoch 40 | batch 2420/4266 | loss 0.4276 | acc 0.9830 | lr 1.03e-06 | 172s
2026-09-17 23:47:58 | INFO    | epoch 40 | batch 2440/4266 | loss 0.4276 | acc 0.9829 | lr 1.03e-06 | 173s
2026-09-17 23:47:59 | INFO    | epoch 40 | batch 2460/4266 | loss 0.4277 | acc 0.9829 | lr 1.03e-06 | 175s
2026-09-17 23:48:00 | INFO    | epoch 40 | batch 2480/4266 | loss 0.4276 | acc 0.9829 | lr 1.03e-06 | 176s
2026-09-17 23:48:02 | INFO    | epoch 40 | batch 2500/4266 | loss 0.4277 | acc 0.9829 | lr 1.03e-06 | 177s
2026-09-17 23:48:03 | INFO    | epoch 40 | batch 2520/4266 | loss 0.4278 | acc 0.9828 | lr 1.03e-06 | 179s
2026-09-17 23:48:05 | INFO    | epoch 40 | batch 2540/4266 | loss 0.4280 | acc 0.9828 | lr 1.03e-06 | 180s
2026-09-17 23:48:06 | INFO    | epoch 40 | batch 2560/4266 | loss 0.4279 | acc 0.9828 | lr 1.03e-06 | 182s
2026-09-17 23:48:07 | INFO    | epoch 40 | batch 2580/4266 | loss 0.4279 | acc 0.9828 | lr 1.03e-06 | 183s
2026-09-17 23:48:09 | INFO    | epoch 40 | batch 2600/4266 | loss 0.4279 | acc 0.9828 | lr 1.03e-06 | 184s
2026-09-17 23:48:10 | INFO    | epoch 40 | batch 2620/4266 | loss 0.4277 | acc 0.9828 | lr 1.03e-06 | 186s
2026-09-17 23:48:12 | INFO    | epoch 40 | batch 2640/4266 | loss 0.4278 | acc 0.9828 | lr 1.02e-06 | 187s
2026-09-17 23:48:13 | INFO    | epoch 40 | batch 2660/4266 | loss 0.4277 | acc 0.9829 | lr 1.02e-06 | 189s
2026-09-17 23:48:14 | INFO    | epoch 40 | batch 2680/4266 | loss 0.4277 | acc 0.9829 | lr 1.02e-06 | 190s
2026-09-17 23:48:16 | INFO    | epoch 40 | batch 2700/4266 | loss 0.4276 | acc 0.9829 | lr 1.02e-06 | 191s
2026-09-17 23:48:17 | INFO    | epoch 40 | batch 2720/4266 | loss 0.4277 | acc 0.9829 | lr 1.02e-06 | 193s
2026-09-17 23:48:19 | INFO    | epoch 40 | batch 2740/4266 | loss 0.4277 | acc 0.9829 | lr 1.02e-06 | 194s
2026-09-17 23:48:20 | INFO    | epoch 40 | batch 2760/4266 | loss 0.4276 | acc 0.9829 | lr 1.02e-06 | 196s
2026-09-17 23:48:21 | INFO    | epoch 40 | batch 2780/4266 | loss 0.4277 | acc 0.9828 | lr 1.02e-06 | 197s
2026-09-17 23:48:23 | INFO    | epoch 40 | batch 2800/4266 | loss 0.4278 | acc 0.9828 | lr 1.02e-06 | 199s
2026-09-17 23:48:24 | INFO    | epoch 40 | batch 2820/4266 | loss 0.4277 | acc 0.9828 | lr 1.02e-06 | 200s
2026-09-17 23:48:26 | INFO    | epoch 40 | batch 2840/4266 | loss 0.4277 | acc 0.9828 | lr 1.02e-06 | 202s
2026-09-17 23:48:27 | INFO    | epoch 40 | batch 2860/4266 | loss 0.4277 | acc 0.9828 | lr 1.02e-06 | 203s
2026-09-17 23:48:29 | INFO    | epoch 40 | batch 2880/4266 | loss 0.4277 | acc 0.9828 | lr 1.02e-06 | 204s
2026-09-17 23:48:30 | INFO    | epoch 40 | batch 2900/4266 | loss 0.4277 | acc 0.9828 | lr 1.02e-06 | 206s
2026-09-17 23:48:32 | INFO    | epoch 40 | batch 2920/4266 | loss 0.4278 | acc 0.9828 | lr 1.02e-06 | 207s
2026-09-17 23:48:33 | INFO    | epoch 40 | batch 2940/4266 | loss 0.4277 | acc 0.9829 | lr 1.02e-06 | 209s
2026-09-17 23:48:35 | INFO    | epoch 40 | batch 2960/4266 | loss 0.4278 | acc 0.9828 | lr 1.02e-06 | 210s
2026-09-17 23:48:36 | INFO    | epoch 40 | batch 2980/4266 | loss 0.4277 | acc 0.9828 | lr 1.02e-06 | 212s
2026-09-17 23:48:38 | INFO    | epoch 40 | batch 3000/4266 | loss 0.4277 | acc 0.9829 | lr 1.01e-06 | 213s
2026-09-17 23:48:39 | INFO    | epoch 40 | batch 3020/4266 | loss 0.4277 | acc 0.9828 | lr 1.01e-06 | 215s
2026-09-17 23:48:41 | INFO    | epoch 40 | batch 3040/4266 | loss 0.4278 | acc 0.9828 | lr 1.01e-06 | 216s
2026-09-17 23:48:42 | INFO    | epoch 40 | batch 3060/4266 | loss 0.4278 | acc 0.9828 | lr 1.01e-06 | 218s
2026-09-17 23:48:43 | INFO    | epoch 40 | batch 3080/4266 | loss 0.4278 | acc 0.9828 | lr 1.01e-06 | 219s
2026-09-17 23:48:45 | INFO    | epoch 40 | batch 3100/4266 | loss 0.4278 | acc 0.9828 | lr 1.01e-06 | 220s
2026-09-17 23:48:46 | INFO    | epoch 40 | batch 3120/4266 | loss 0.4277 | acc 0.9828 | lr 1.01e-06 | 222s
2026-09-17 23:48:48 | INFO    | epoch 40 | batch 3140/4266 | loss 0.4277 | acc 0.9829 | lr 1.01e-06 | 223s
2026-09-17 23:48:49 | INFO    | epoch 40 | batch 3160/4266 | loss 0.4276 | acc 0.9829 | lr 1.01e-06 | 225s
2026-09-17 23:48:50 | INFO    | epoch 40 | batch 3180/4266 | loss 0.4276 | acc 0.9829 | lr 1.01e-06 | 226s
2026-09-17 23:48:52 | INFO    | epoch 40 | batch 3200/4266 | loss 0.4277 | acc 0.9829 | lr 1.01e-06 | 227s
2026-09-17 23:48:53 | INFO    | epoch 40 | batch 3220/4266 | loss 0.4276 | acc 0.9829 | lr 1.01e-06 | 229s
2026-09-17 23:48:55 | INFO    | epoch 40 | batch 3240/4266 | loss 0.4277 | acc 0.9829 | lr 1.01e-06 | 230s
2026-09-17 23:48:56 | INFO    | epoch 40 | batch 3260/4266 | loss 0.4277 | acc 0.9829 | lr 1.01e-06 | 232s
2026-09-17 23:48:57 | INFO    | epoch 40 | batch 3280/4266 | loss 0.4277 | acc 0.9829 | lr 1.01e-06 | 233s
2026-09-17 23:48:59 | INFO    | epoch 40 | batch 3300/4266 | loss 0.4277 | acc 0.9829 | lr 1.01e-06 | 235s
2026-09-17 23:49:00 | INFO    | epoch 40 | batch 3320/4266 | loss 0.4277 | acc 0.9828 | lr 1.01e-06 | 236s
2026-09-17 23:49:02 | INFO    | epoch 40 | batch 3340/4266 | loss 0.4278 | acc 0.9828 | lr 1.01e-06 | 237s
2026-09-17 23:49:03 | INFO    | epoch 40 | batch 3360/4266 | loss 0.4277 | acc 0.9829 | lr 1.01e-06 | 239s
2026-09-17 23:49:05 | INFO    | epoch 40 | batch 3380/4266 | loss 0.4276 | acc 0.9829 | lr 1.01e-06 | 240s
2026-09-17 23:49:06 | INFO    | epoch 40 | batch 3400/4266 | loss 0.4276 | acc 0.9830 | lr 1.01e-06 | 242s
2026-09-17 23:49:07 | INFO    | epoch 40 | batch 3420/4266 | loss 0.4275 | acc 0.9830 | lr 1.01e-06 | 243s
2026-09-17 23:49:09 | INFO    | epoch 40 | batch 3440/4266 | loss 0.4274 | acc 0.9830 | lr 1.01e-06 | 244s
2026-09-17 23:49:10 | INFO    | epoch 40 | batch 3460/4266 | loss 0.4275 | acc 0.9830 | lr 1.01e-06 | 246s
2026-09-17 23:49:12 | INFO    | epoch 40 | batch 3480/4266 | loss 0.4275 | acc 0.9829 | lr 1.01e-06 | 247s
2026-09-17 23:49:13 | INFO    | epoch 40 | batch 3500/4266 | loss 0.4276 | acc 0.9829 | lr 1.01e-06 | 249s
2026-09-17 23:49:14 | INFO    | epoch 40 | batch 3520/4266 | loss 0.4276 | acc 0.9829 | lr 1.01e-06 | 250s
2026-09-17 23:49:16 | INFO    | epoch 40 | batch 3540/4266 | loss 0.4275 | acc 0.9830 | lr 1.00e-06 | 251s
2026-09-17 23:49:17 | INFO    | epoch 40 | batch 3560/4266 | loss 0.4274 | acc 0.9830 | lr 1.00e-06 | 253s
2026-09-17 23:49:19 | INFO    | epoch 40 | batch 3580/4266 | loss 0.4274 | acc 0.9830 | lr 1.00e-06 | 254s
2026-09-17 23:49:20 | INFO    | epoch 40 | batch 3600/4266 | loss 0.4274 | acc 0.9830 | lr 1.00e-06 | 256s
2026-09-17 23:49:21 | INFO    | epoch 40 | batch 3620/4266 | loss 0.4274 | acc 0.9830 | lr 1.00e-06 | 257s
2026-09-17 23:49:23 | INFO    | epoch 40 | batch 3640/4266 | loss 0.4274 | acc 0.9829 | lr 1.00e-06 | 258s
2026-09-17 23:49:24 | INFO    | epoch 40 | batch 3660/4266 | loss 0.4275 | acc 0.9829 | lr 1.00e-06 | 260s
2026-09-17 23:49:26 | INFO    | epoch 40 | batch 3680/4266 | loss 0.4275 | acc 0.9829 | lr 1.00e-06 | 261s
2026-09-17 23:49:27 | INFO    | epoch 40 | batch 3700/4266 | loss 0.4274 | acc 0.9830 | lr 1.00e-06 | 263s
2026-09-17 23:49:29 | INFO    | epoch 40 | batch 3720/4266 | loss 0.4275 | acc 0.9829 | lr 1.00e-06 | 264s
2026-09-17 23:49:30 | INFO    | epoch 40 | batch 3740/4266 | loss 0.4274 | acc 0.9830 | lr 1.00e-06 | 266s
2026-09-17 23:49:32 | INFO    | epoch 40 | batch 3760/4266 | loss 0.4274 | acc 0.9830 | lr 1.00e-06 | 267s
2026-09-17 23:49:33 | INFO    | epoch 40 | batch 3780/4266 | loss 0.4275 | acc 0.9829 | lr 1.00e-06 | 269s
2026-09-17 23:49:34 | INFO    | epoch 40 | batch 3800/4266 | loss 0.4275 | acc 0.9830 | lr 1.00e-06 | 270s
2026-09-17 23:49:36 | INFO    | epoch 40 | batch 3820/4266 | loss 0.4276 | acc 0.9829 | lr 1.00e-06 | 271s
2026-09-17 23:49:37 | INFO    | epoch 40 | batch 3840/4266 | loss 0.4277 | acc 0.9828 | lr 1.00e-06 | 273s
2026-09-17 23:49:39 | INFO    | epoch 40 | batch 3860/4266 | loss 0.4277 | acc 0.9828 | lr 1.00e-06 | 274s
2026-09-17 23:49:40 | INFO    | epoch 40 | batch 3880/4266 | loss 0.4276 | acc 0.9829 | lr 1.00e-06 | 276s
2026-09-17 23:49:42 | INFO    | epoch 40 | batch 3900/4266 | loss 0.4276 | acc 0.9829 | lr 1.00e-06 | 277s
2026-09-17 23:49:43 | INFO    | epoch 40 | batch 3920/4266 | loss 0.4276 | acc 0.9829 | lr 1.00e-06 | 279s
2026-09-17 23:49:44 | INFO    | epoch 40 | batch 3940/4266 | loss 0.4276 | acc 0.9829 | lr 1.00e-06 | 280s
2026-09-17 23:49:46 | INFO    | epoch 40 | batch 3960/4266 | loss 0.4275 | acc 0.9829 | lr 1.00e-06 | 282s
2026-09-17 23:49:47 | INFO    | epoch 40 | batch 3980/4266 | loss 0.4276 | acc 0.9828 | lr 1.00e-06 | 283s
2026-09-17 23:49:49 | INFO    | epoch 40 | batch 4000/4266 | loss 0.4276 | acc 0.9828 | lr 1.00e-06 | 284s
2026-09-17 23:49:50 | INFO    | epoch 40 | batch 4020/4266 | loss 0.4276 | acc 0.9828 | lr 1.00e-06 | 286s
2026-09-17 23:49:52 | INFO    | epoch 40 | batch 4040/4266 | loss 0.4275 | acc 0.9829 | lr 1.00e-06 | 287s
2026-09-17 23:49:53 | INFO    | epoch 40 | batch 4060/4266 | loss 0.4275 | acc 0.9829 | lr 1.00e-06 | 289s
2026-09-17 23:49:55 | INFO    | epoch 40 | batch 4080/4266 | loss 0.4275 | acc 0.9829 | lr 1.00e-06 | 290s
2026-09-17 23:49:56 | INFO    | epoch 40 | batch 4100/4266 | loss 0.4275 | acc 0.9829 | lr 1.00e-06 | 292s
2026-09-17 23:49:58 | INFO    | epoch 40 | batch 4120/4266 | loss 0.4275 | acc 0.9829 | lr 1.00e-06 | 293s
2026-09-17 23:49:59 | INFO    | epoch 40 | batch 4140/4266 | loss 0.4275 | acc 0.9829 | lr 1.00e-06 | 295s
2026-09-17 23:50:00 | INFO    | epoch 40 | batch 4160/4266 | loss 0.4275 | acc 0.9828 | lr 1.00e-06 | 296s
2026-09-17 23:50:02 | INFO    | epoch 40 | batch 4180/4266 | loss 0.4276 | acc 0.9828 | lr 1.00e-06 | 297s
2026-09-17 23:50:03 | INFO    | epoch 40 | batch 4200/4266 | loss 0.4275 | acc 0.9828 | lr 1.00e-06 | 299s
2026-09-17 23:50:05 | INFO    | epoch 40 | batch 4220/4266 | loss 0.4275 | acc 0.9828 | lr 1.00e-06 | 300s
2026-09-17 23:50:06 | INFO    | epoch 40 | batch 4240/4266 | loss 0.4275 | acc 0.9828 | lr 1.00e-06 | 302s
2026-09-17 23:50:07 | INFO    | epoch 40 | batch 4260/4266 | loss 0.4275 | acc 0.9828 | lr 1.00e-06 | 303s
2026-09-17 23:50:08 | INFO    | epoch 40 | batch 4266/4266 | loss 0.4275 | acc 0.9828 | lr 1.00e-06 | 303s
2026-09-17 23:50:18 | INFO    | epoch 40/40 done in 313s | train loss 0.4275 | train running patch (aug): accuracy=0.9828 precision=0.9827 recall=0.9823 f1=0.9825
2026-09-17 23:50:18 | INFO    | epoch 40 train (eval, no aug) | loss 0.4191 | patch[7280]: accuracy=0.9856 precision=0.9854 recall=0.9858 f1=0.9856 | image[455]: accuracy=1.0000 precision=1.0000 recall=1.0000 f1=1.0000
2026-09-17 23:50:18 | INFO    | epoch 40 val | loss 1.2426 | patch[8448]: accuracy=0.6618 precision=0.6473 recall=0.6381 f1=0.6406 | image[96]: accuracy=0.7812 precision=0.7739 recall=0.7637 f1=0.7658
2026-09-17 23:50:18 | INFO    | val_patch_f1 = 0.6406 (best 0.6545 @ epoch 31)
2026-09-17 23:50:18 | INFO    | Training finished: best val_patch_f1=0.6545 at epoch 31
2026-09-17 23:50:18 | INFO    | Loaded model_best.pt (epoch 31) for final evaluation
2026-09-17 23:50:22 | INFO    | FINAL train | loss 0.4398 | patch[7280]: accuracy=0.9751 precision=0.9743 recall=0.9767 f1=0.9754 | image[455]: accuracy=1.0000 precision=1.0000 recall=1.0000 f1=1.0000
2026-09-17 23:50:22 | INFO    | FINAL train patch-level per class:
     class    prec     rec      f1      n
         G  0.9900  0.9612  0.9754   1648
        GP  0.9826  0.9629  0.9726   1696
         M  0.9543  0.9929  0.9732   1408
         T  0.9749  0.9804  0.9777   1584
     clear  0.9698  0.9862  0.9779    944
rows = true, cols = predicted
           G    GP     M     T clear
     G  1584     0    37     7    20
    GP     4  1633    21    32     6
     M     6     2  1398     1     1
     T     0    22     7  1553     2
 clear     6     5     2     0   931
2026-09-17 23:50:22 | INFO    | FINAL train image-level per class:
     class    prec     rec      f1      n
         G  1.0000  1.0000  1.0000    103
        GP  1.0000  1.0000  1.0000    106
         M  1.0000  1.0000  1.0000     88
         T  1.0000  1.0000  1.0000     99
     clear  1.0000  1.0000  1.0000     59
rows = true, cols = predicted
           G    GP     M     T clear
     G   103     0     0     0     0
    GP     0   106     0     0     0
     M     0     0    88     0     0
     T     0     0     0    99     0
 clear     0     0     0     0    59
2026-09-17 23:50:27 | INFO    | FINAL val | loss 1.1831 | patch[8448]: accuracy=0.6770 precision=0.6558 recall=0.6554 f1=0.6545 | image[96]: accuracy=0.7812 precision=0.7563 recall=0.7515 f1=0.7523
2026-09-17 23:50:27 | INFO    | FINAL val patch-level per class:
     class    prec     rec      f1      n
         G  0.6394  0.6431  0.6413   1936
        GP  0.7900  0.7092  0.7474   1936
         M  0.6864  0.7775  0.7291   1672
         T  0.7722  0.7446  0.7581   1848
     clear  0.3910  0.4025  0.3966   1056
rows = true, cols = predicted
           G    GP     M     T clear
     G  1245    31   264    41   355
    GP    28  1373    94   256   185
     M   182    32  1300    52   106
     T   106   256    94  1376    16
 clear   386    46   142    57   425
2026-09-17 23:50:27 | INFO    | FINAL val image-level per class:
     class    prec     rec      f1      n
         G  0.7200  0.8182  0.7660     22
        GP  0.9000  0.8182  0.8571     22
         M  0.8500  0.8947  0.8718     19
         T  0.8947  0.8095  0.8500     21
     clear  0.4167  0.4167  0.4167     12
rows = true, cols = predicted
           G    GP     M     T clear
     G    18     0     1     0     3
    GP     0    18     0     1     3
     M     1     0    17     0     1
     T     1     2     1    17     0
 clear     5     0     1     1     5
2026-09-17 23:50:36 | INFO    | FINAL test | loss 1.1705 | patch[9064]: accuracy=0.6733 precision=0.6750 recall=0.6682 f1=0.6656 | image[103]: accuracy=0.7573 precision=0.7675 recall=0.7506 f1=0.7470
2026-09-17 23:50:36 | INFO    | FINAL test patch-level per class:
     class    prec     rec      f1      n
         G  0.6180  0.7050  0.6587   2024
        GP  0.8513  0.5990  0.7032   2112
         M  0.6472  0.6869  0.6665   1760
         T  0.7747  0.7655  0.7701   1936
     clear  0.4839  0.5844  0.5294   1232
rows = true, cols = predicted
           G    GP     M     T clear
     G  1427     6   181    65   345
    GP    83  1265   178   298   288
     M   390    31  1209    63    67
     T    40   179   167  1482    68
 clear   369     5   133     5   720
2026-09-17 23:50:36 | INFO    | FINAL test image-level per class:
     class    prec     rec      f1      n
         G  0.6786  0.8261  0.7451     23
        GP  1.0000  0.6250  0.7692     24
         M  0.7895  0.7500  0.7692     20
         T  0.8696  0.9091  0.8889     22
     clear  0.5000  0.6429  0.5625     14
rows = true, cols = predicted
           G    GP     M     T clear
     G    19     0     0     0     4
    GP     1    15     2     2     4
     M     4     0    15     1     0
     T     0     0     1    20     1
 clear     4     0     1     0     9
2026-09-17 23:50:36 | INFO    | Total time: 12594s | results in logs/abl_overlap_train05_no_blur_20260917_202042
