2026-09-20 12:23:23 | INFO    | Run directory: logs/abl_p3_size256_20260920_122323
2026-09-20 12:23:23 | INFO    | Device: cuda | torch 2.8.0+cu128 | threads 10
2026-09-20 12:23:23 | INFO    | Seed: 42
2026-09-20 12:23:23 | INFO    | Classes (5): ['G', 'GP', 'M', 'T', 'clear']
2026-09-20 12:23:23 | INFO    | Split: regroup=False group_by=none counts={'train': {'images': 455, 'groups': None}, 'val': {'images': 96, 'groups': None}, 'test': {'images': 103, 'groups': None}}
2026-09-20 12:23:23 | INFO    | Patches: size 256 | train overlap 0.50 | eval overlap 0.00 | train patches/image/epoch None
2026-09-20 12:23:23 | INFO    | Train transform: RandomRotate90 -> RandomHorizontalFlip -> RandomVerticalFlip -> AddGaussianNoise -> Normalize
2026-09-20 12:23:23 | INFO    | Eval transform:  Normalize
2026-09-20 12:23:23 | INFO    | train      455 images, 100555 patches | images per class {'G': 103, 'GP': 106, 'M': 88, 'T': 99, 'clear': 59} | patches per class {'G': 22763, 'GP': 23426, 'M': 19448, 'T': 21879, 'clear': 13039}
2026-09-20 12:23:23 | INFO    | val        96 images, 6048 patches | images per class {'G': 22, 'GP': 22, 'M': 19, 'T': 21, 'clear': 12} | patches per class {'G': 1386, 'GP': 1386, 'M': 1197, 'T': 1323, 'clear': 756}
2026-09-20 12:23:23 | INFO    | test       103 images, 6489 patches | images per class {'G': 23, 'GP': 24, 'M': 20, 'T': 22, 'clear': 14} | patches per class {'G': 1449, 'GP': 1512, 'M': 1260, 'T': 1386, 'clear': 882}
2026-09-20 12:23:23 | INFO    | Datasets built in 0.2s
2026-09-20 12:23:23 | INFO    | Train patches per epoch: 100555 (3143 batches of 32)
2026-09-20 12:23:23 | INFO    | Train eval (no aug): every 1 epoch(s) on 7280 patches (16 per image)
2026-09-20 12:23:23 | INFO    | Model: fastvit_t8 | pretrained=True | params 3.26M (trainable 3.26M)
2026-09-20 12:23:23 | INFO    | Training 40 epochs | selection metric val_patch_f1 | patience 10 | amp True
2026-09-20 12:23:38 | INFO    | epoch 1 | batch 20/3143 | loss 1.6756 | acc 0.2094 | lr 1.00e-06 | 15s
2026-09-20 12:23:41 | INFO    | epoch 1 | batch 40/3143 | loss 1.6725 | acc 0.2039 | lr 1.00e-06 | 18s
2026-09-20 12:23:43 | INFO    | epoch 1 | batch 60/3143 | loss 1.6816 | acc 0.1979 | lr 1.00e-06 | 19s
2026-09-20 12:23:45 | INFO    | epoch 1 | batch 80/3143 | loss 1.6811 | acc 0.1918 | lr 1.29e-06 | 21s
2026-09-20 12:23:46 | INFO    | epoch 1 | batch 100/3143 | loss 1.6775 | acc 0.1975 | lr 1.61e-06 | 23s
2026-09-20 12:23:48 | INFO    | epoch 1 | batch 120/3143 | loss 1.6782 | acc 0.1971 | lr 1.92e-06 | 24s
2026-09-20 12:23:49 | INFO    | epoch 1 | batch 140/3143 | loss 1.6737 | acc 0.1971 | lr 2.24e-06 | 26s
2026-09-20 12:23:51 | INFO    | epoch 1 | batch 160/3143 | loss 1.6704 | acc 0.1971 | lr 2.56e-06 | 27s
2026-09-20 12:23:52 | INFO    | epoch 1 | batch 180/3143 | loss 1.6696 | acc 0.1990 | lr 2.88e-06 | 29s
2026-09-20 12:23:54 | INFO    | epoch 1 | batch 200/3143 | loss 1.6680 | acc 0.2000 | lr 3.20e-06 | 31s
2026-09-20 12:23:56 | INFO    | epoch 1 | batch 220/3143 | loss 1.6650 | acc 0.2031 | lr 3.52e-06 | 32s
2026-09-20 12:23:57 | INFO    | epoch 1 | batch 240/3143 | loss 1.6620 | acc 0.2051 | lr 3.83e-06 | 34s
2026-09-20 12:23:59 | INFO    | epoch 1 | batch 260/3143 | loss 1.6596 | acc 0.2024 | lr 4.15e-06 | 35s
2026-09-20 12:24:00 | INFO    | epoch 1 | batch 280/3143 | loss 1.6581 | acc 0.2031 | lr 4.47e-06 | 37s
2026-09-20 12:24:02 | INFO    | epoch 1 | batch 300/3143 | loss 1.6564 | acc 0.2039 | lr 4.79e-06 | 38s
2026-09-20 12:24:03 | INFO    | epoch 1 | batch 320/3143 | loss 1.6533 | acc 0.2062 | lr 5.11e-06 | 40s
2026-09-20 12:24:05 | INFO    | epoch 1 | batch 340/3143 | loss 1.6517 | acc 0.2078 | lr 5.42e-06 | 42s
2026-09-20 12:24:07 | INFO    | epoch 1 | batch 360/3143 | loss 1.6505 | acc 0.2080 | lr 5.74e-06 | 43s
2026-09-20 12:24:08 | INFO    | epoch 1 | batch 380/3143 | loss 1.6489 | acc 0.2095 | lr 6.06e-06 | 45s
2026-09-20 12:24:10 | INFO    | epoch 1 | batch 400/3143 | loss 1.6469 | acc 0.2108 | lr 6.38e-06 | 46s
2026-09-20 12:24:11 | INFO    | epoch 1 | batch 420/3143 | loss 1.6455 | acc 0.2118 | lr 6.70e-06 | 48s
2026-09-20 12:24:13 | INFO    | epoch 1 | batch 440/3143 | loss 1.6451 | acc 0.2121 | lr 7.02e-06 | 50s
2026-09-20 12:24:15 | INFO    | epoch 1 | batch 460/3143 | loss 1.6435 | acc 0.2128 | lr 7.33e-06 | 51s
2026-09-20 12:24:16 | INFO    | epoch 1 | batch 480/3143 | loss 1.6424 | acc 0.2145 | lr 7.65e-06 | 53s
2026-09-20 12:24:18 | INFO    | epoch 1 | batch 500/3143 | loss 1.6414 | acc 0.2158 | lr 7.97e-06 | 54s
2026-09-20 12:24:19 | INFO    | epoch 1 | batch 520/3143 | loss 1.6403 | acc 0.2157 | lr 8.29e-06 | 56s
2026-09-20 12:24:21 | INFO    | epoch 1 | batch 540/3143 | loss 1.6382 | acc 0.2181 | lr 8.61e-06 | 57s
2026-09-20 12:24:22 | INFO    | epoch 1 | batch 560/3143 | loss 1.6366 | acc 0.2197 | lr 8.92e-06 | 59s
2026-09-20 12:24:24 | INFO    | epoch 1 | batch 580/3143 | loss 1.6353 | acc 0.2204 | lr 9.24e-06 | 60s
2026-09-20 12:24:25 | INFO    | epoch 1 | batch 600/3143 | loss 1.6341 | acc 0.2223 | lr 9.56e-06 | 62s
2026-09-20 12:24:27 | INFO    | epoch 1 | batch 620/3143 | loss 1.6326 | acc 0.2236 | lr 9.88e-06 | 64s
2026-09-20 12:24:29 | INFO    | epoch 1 | batch 640/3143 | loss 1.6314 | acc 0.2257 | lr 1.02e-05 | 65s
2026-09-20 12:24:30 | INFO    | epoch 1 | batch 660/3143 | loss 1.6293 | acc 0.2282 | lr 1.05e-05 | 67s
2026-09-20 12:24:32 | INFO    | epoch 1 | batch 680/3143 | loss 1.6270 | acc 0.2308 | lr 1.08e-05 | 68s
2026-09-20 12:24:33 | INFO    | epoch 1 | batch 700/3143 | loss 1.6255 | acc 0.2331 | lr 1.12e-05 | 70s
2026-09-20 12:24:35 | INFO    | epoch 1 | batch 720/3143 | loss 1.6234 | acc 0.2352 | lr 1.15e-05 | 71s
2026-09-20 12:24:36 | INFO    | epoch 1 | batch 740/3143 | loss 1.6211 | acc 0.2375 | lr 1.18e-05 | 73s
2026-09-20 12:24:38 | INFO    | epoch 1 | batch 760/3143 | loss 1.6191 | acc 0.2395 | lr 1.21e-05 | 74s
2026-09-20 12:24:39 | INFO    | epoch 1 | batch 780/3143 | loss 1.6175 | acc 0.2408 | lr 1.24e-05 | 76s
2026-09-20 12:24:41 | INFO    | epoch 1 | batch 800/3143 | loss 1.6143 | acc 0.2433 | lr 1.27e-05 | 78s
2026-09-20 12:24:43 | INFO    | epoch 1 | batch 820/3143 | loss 1.6116 | acc 0.2452 | lr 1.31e-05 | 79s
2026-09-20 12:24:44 | INFO    | epoch 1 | batch 840/3143 | loss 1.6084 | acc 0.2470 | lr 1.34e-05 | 81s
2026-09-20 12:24:46 | INFO    | epoch 1 | batch 860/3143 | loss 1.6049 | acc 0.2500 | lr 1.37e-05 | 82s
2026-09-20 12:24:47 | INFO    | epoch 1 | batch 880/3143 | loss 1.6021 | acc 0.2519 | lr 1.40e-05 | 84s
2026-09-20 12:24:49 | INFO    | epoch 1 | batch 900/3143 | loss 1.5987 | acc 0.2548 | lr 1.43e-05 | 85s
2026-09-20 12:24:50 | INFO    | epoch 1 | batch 920/3143 | loss 1.5952 | acc 0.2567 | lr 1.47e-05 | 87s
2026-09-20 12:24:52 | INFO    | epoch 1 | batch 940/3143 | loss 1.5915 | acc 0.2597 | lr 1.50e-05 | 88s
2026-09-20 12:24:53 | INFO    | epoch 1 | batch 960/3143 | loss 1.5885 | acc 0.2617 | lr 1.53e-05 | 90s
2026-09-20 12:24:55 | INFO    | epoch 1 | batch 980/3143 | loss 1.5850 | acc 0.2644 | lr 1.56e-05 | 92s
2026-09-20 12:24:57 | INFO    | epoch 1 | batch 1000/3143 | loss 1.5811 | acc 0.2675 | lr 1.59e-05 | 93s
2026-09-20 12:24:58 | INFO    | epoch 1 | batch 1020/3143 | loss 1.5779 | acc 0.2699 | lr 1.62e-05 | 95s
2026-09-20 12:25:00 | INFO    | epoch 1 | batch 1040/3143 | loss 1.5748 | acc 0.2722 | lr 1.66e-05 | 96s
2026-09-20 12:25:01 | INFO    | epoch 1 | batch 1060/3143 | loss 1.5718 | acc 0.2737 | lr 1.69e-05 | 98s
2026-09-20 12:25:03 | INFO    | epoch 1 | batch 1080/3143 | loss 1.5680 | acc 0.2764 | lr 1.72e-05 | 99s
2026-09-20 12:25:04 | INFO    | epoch 1 | batch 1100/3143 | loss 1.5661 | acc 0.2779 | lr 1.75e-05 | 101s
2026-09-20 12:25:06 | INFO    | epoch 1 | batch 1120/3143 | loss 1.5628 | acc 0.2801 | lr 1.78e-05 | 103s
2026-09-20 12:25:08 | INFO    | epoch 1 | batch 1140/3143 | loss 1.5598 | acc 0.2823 | lr 1.82e-05 | 104s
2026-09-20 12:25:09 | INFO    | epoch 1 | batch 1160/3143 | loss 1.5570 | acc 0.2843 | lr 1.85e-05 | 106s
2026-09-20 12:25:11 | INFO    | epoch 1 | batch 1180/3143 | loss 1.5546 | acc 0.2856 | lr 1.88e-05 | 107s
2026-09-20 12:25:12 | INFO    | epoch 1 | batch 1200/3143 | loss 1.5518 | acc 0.2873 | lr 1.91e-05 | 109s
2026-09-20 12:25:14 | INFO    | epoch 1 | batch 1220/3143 | loss 1.5489 | acc 0.2895 | lr 1.94e-05 | 110s
2026-09-20 12:25:15 | INFO    | epoch 1 | batch 1240/3143 | loss 1.5459 | acc 0.2920 | lr 1.97e-05 | 112s
2026-09-20 12:25:17 | INFO    | epoch 1 | batch 1260/3143 | loss 1.5429 | acc 0.2946 | lr 2.01e-05 | 114s
2026-09-20 12:25:19 | INFO    | epoch 1 | batch 1280/3143 | loss 1.5404 | acc 0.2965 | lr 2.04e-05 | 115s
2026-09-20 12:25:20 | INFO    | epoch 1 | batch 1300/3143 | loss 1.5382 | acc 0.2975 | lr 2.07e-05 | 117s
2026-09-20 12:25:22 | INFO    | epoch 1 | batch 1320/3143 | loss 1.5355 | acc 0.2990 | lr 2.10e-05 | 118s
2026-09-20 12:25:23 | INFO    | epoch 1 | batch 1340/3143 | loss 1.5326 | acc 0.3014 | lr 2.13e-05 | 120s
2026-09-20 12:25:25 | INFO    | epoch 1 | batch 1360/3143 | loss 1.5297 | acc 0.3028 | lr 2.17e-05 | 121s
2026-09-20 12:25:26 | INFO    | epoch 1 | batch 1380/3143 | loss 1.5268 | acc 0.3047 | lr 2.20e-05 | 123s
2026-09-20 12:25:28 | INFO    | epoch 1 | batch 1400/3143 | loss 1.5250 | acc 0.3062 | lr 2.23e-05 | 125s
2026-09-20 12:25:30 | INFO    | epoch 1 | batch 1420/3143 | loss 1.5222 | acc 0.3080 | lr 2.26e-05 | 126s
2026-09-20 12:25:31 | INFO    | epoch 1 | batch 1440/3143 | loss 1.5197 | acc 0.3095 | lr 2.29e-05 | 128s
2026-09-20 12:25:33 | INFO    | epoch 1 | batch 1460/3143 | loss 1.5174 | acc 0.3112 | lr 2.32e-05 | 129s
2026-09-20 12:25:34 | INFO    | epoch 1 | batch 1480/3143 | loss 1.5147 | acc 0.3131 | lr 2.36e-05 | 131s
2026-09-20 12:25:36 | INFO    | epoch 1 | batch 1500/3143 | loss 1.5122 | acc 0.3151 | lr 2.39e-05 | 132s
2026-09-20 12:25:37 | INFO    | epoch 1 | batch 1520/3143 | loss 1.5098 | acc 0.3166 | lr 2.42e-05 | 134s
2026-09-20 12:25:39 | INFO    | epoch 1 | batch 1540/3143 | loss 1.5073 | acc 0.3179 | lr 2.45e-05 | 136s
2026-09-20 12:25:41 | INFO    | epoch 1 | batch 1560/3143 | loss 1.5051 | acc 0.3194 | lr 2.48e-05 | 137s
2026-09-20 12:25:42 | INFO    | epoch 1 | batch 1580/3143 | loss 1.5029 | acc 0.3209 | lr 2.52e-05 | 139s
2026-09-20 12:25:44 | INFO    | epoch 1 | batch 1600/3143 | loss 1.5006 | acc 0.3227 | lr 2.55e-05 | 140s
2026-09-20 12:25:45 | INFO    | epoch 1 | batch 1620/3143 | loss 1.4986 | acc 0.3243 | lr 2.58e-05 | 142s
2026-09-20 12:25:47 | INFO    | epoch 1 | batch 1640/3143 | loss 1.4965 | acc 0.3258 | lr 2.61e-05 | 143s
2026-09-20 12:25:48 | INFO    | epoch 1 | batch 1660/3143 | loss 1.4942 | acc 0.3271 | lr 2.64e-05 | 145s
2026-09-20 12:25:50 | INFO    | epoch 1 | batch 1680/3143 | loss 1.4922 | acc 0.3287 | lr 2.67e-05 | 147s
2026-09-20 12:25:52 | INFO    | epoch 1 | batch 1700/3143 | loss 1.4900 | acc 0.3301 | lr 2.71e-05 | 148s
2026-09-20 12:25:53 | INFO    | epoch 1 | batch 1720/3143 | loss 1.4877 | acc 0.3314 | lr 2.74e-05 | 150s
2026-09-20 12:25:55 | INFO    | epoch 1 | batch 1740/3143 | loss 1.4855 | acc 0.3329 | lr 2.77e-05 | 151s
2026-09-20 12:25:56 | INFO    | epoch 1 | batch 1760/3143 | loss 1.4835 | acc 0.3343 | lr 2.80e-05 | 153s
2026-09-20 12:25:58 | INFO    | epoch 1 | batch 1780/3143 | loss 1.4813 | acc 0.3359 | lr 2.83e-05 | 154s
2026-09-20 12:25:59 | INFO    | epoch 1 | batch 1800/3143 | loss 1.4792 | acc 0.3371 | lr 2.87e-05 | 156s
2026-09-20 12:26:01 | INFO    | epoch 1 | batch 1820/3143 | loss 1.4771 | acc 0.3387 | lr 2.90e-05 | 158s
2026-09-20 12:26:03 | INFO    | epoch 1 | batch 1840/3143 | loss 1.4754 | acc 0.3397 | lr 2.93e-05 | 159s
2026-09-20 12:26:04 | INFO    | epoch 1 | batch 1860/3143 | loss 1.4733 | acc 0.3412 | lr 2.96e-05 | 161s
2026-09-20 12:26:06 | INFO    | epoch 1 | batch 1880/3143 | loss 1.4716 | acc 0.3426 | lr 2.99e-05 | 162s
2026-09-20 12:26:07 | INFO    | epoch 1 | batch 1900/3143 | loss 1.4695 | acc 0.3439 | lr 3.02e-05 | 164s
2026-09-20 12:26:09 | INFO    | epoch 1 | batch 1920/3143 | loss 1.4677 | acc 0.3451 | lr 3.06e-05 | 166s
2026-09-20 12:26:11 | INFO    | epoch 1 | batch 1940/3143 | loss 1.4658 | acc 0.3466 | lr 3.09e-05 | 167s
2026-09-20 12:26:12 | INFO    | epoch 1 | batch 1960/3143 | loss 1.4641 | acc 0.3477 | lr 3.12e-05 | 169s
2026-09-20 12:26:14 | INFO    | epoch 1 | batch 1980/3143 | loss 1.4622 | acc 0.3489 | lr 3.15e-05 | 170s
2026-09-20 12:26:15 | INFO    | epoch 1 | batch 2000/3143 | loss 1.4602 | acc 0.3504 | lr 3.18e-05 | 172s
2026-09-20 12:26:17 | INFO    | epoch 1 | batch 2020/3143 | loss 1.4582 | acc 0.3514 | lr 3.22e-05 | 174s
2026-09-20 12:26:19 | INFO    | epoch 1 | batch 2040/3143 | loss 1.4564 | acc 0.3528 | lr 3.25e-05 | 175s
2026-09-20 12:26:20 | INFO    | epoch 1 | batch 2060/3143 | loss 1.4544 | acc 0.3540 | lr 3.28e-05 | 177s
2026-09-20 12:26:22 | INFO    | epoch 1 | batch 2080/3143 | loss 1.4526 | acc 0.3553 | lr 3.31e-05 | 178s
2026-09-20 12:26:23 | INFO    | epoch 1 | batch 2100/3143 | loss 1.4506 | acc 0.3566 | lr 3.34e-05 | 180s
2026-09-20 12:26:25 | INFO    | epoch 1 | batch 2120/3143 | loss 1.4491 | acc 0.3577 | lr 3.37e-05 | 181s
2026-09-20 12:26:26 | INFO    | epoch 1 | batch 2140/3143 | loss 1.4473 | acc 0.3590 | lr 3.41e-05 | 183s
2026-09-20 12:26:28 | INFO    | epoch 1 | batch 2160/3143 | loss 1.4457 | acc 0.3601 | lr 3.44e-05 | 185s
2026-09-20 12:26:30 | INFO    | epoch 1 | batch 2180/3143 | loss 1.4441 | acc 0.3612 | lr 3.47e-05 | 186s
2026-09-20 12:26:31 | INFO    | epoch 1 | batch 2200/3143 | loss 1.4425 | acc 0.3622 | lr 3.50e-05 | 188s
2026-09-20 12:26:33 | INFO    | epoch 1 | batch 2220/3143 | loss 1.4407 | acc 0.3634 | lr 3.53e-05 | 189s
2026-09-20 12:26:34 | INFO    | epoch 1 | batch 2240/3143 | loss 1.4391 | acc 0.3643 | lr 3.57e-05 | 191s
2026-09-20 12:26:36 | INFO    | epoch 1 | batch 2260/3143 | loss 1.4376 | acc 0.3652 | lr 3.60e-05 | 192s
2026-09-20 12:26:37 | INFO    | epoch 1 | batch 2280/3143 | loss 1.4360 | acc 0.3662 | lr 3.63e-05 | 194s
2026-09-20 12:26:39 | INFO    | epoch 1 | batch 2300/3143 | loss 1.4345 | acc 0.3674 | lr 3.66e-05 | 196s
2026-09-20 12:26:41 | INFO    | epoch 1 | batch 2320/3143 | loss 1.4327 | acc 0.3687 | lr 3.69e-05 | 197s
2026-09-20 12:26:42 | INFO    | epoch 1 | batch 2340/3143 | loss 1.4305 | acc 0.3701 | lr 3.72e-05 | 199s
2026-09-20 12:26:44 | INFO    | epoch 1 | batch 2360/3143 | loss 1.4290 | acc 0.3712 | lr 3.76e-05 | 200s
2026-09-20 12:26:45 | INFO    | epoch 1 | batch 2380/3143 | loss 1.4277 | acc 0.3722 | lr 3.79e-05 | 202s
2026-09-20 12:26:47 | INFO    | epoch 1 | batch 2400/3143 | loss 1.4260 | acc 0.3734 | lr 3.82e-05 | 203s
2026-09-20 12:26:49 | INFO    | epoch 1 | batch 2420/3143 | loss 1.4243 | acc 0.3748 | lr 3.85e-05 | 205s
2026-09-20 12:26:50 | INFO    | epoch 1 | batch 2440/3143 | loss 1.4226 | acc 0.3760 | lr 3.88e-05 | 207s
2026-09-20 12:26:52 | INFO    | epoch 1 | batch 2460/3143 | loss 1.4209 | acc 0.3772 | lr 3.92e-05 | 208s
2026-09-20 12:26:53 | INFO    | epoch 1 | batch 2480/3143 | loss 1.4193 | acc 0.3784 | lr 3.95e-05 | 210s
2026-09-20 12:26:55 | INFO    | epoch 1 | batch 2500/3143 | loss 1.4175 | acc 0.3795 | lr 3.98e-05 | 211s
2026-09-20 12:26:56 | INFO    | epoch 1 | batch 2520/3143 | loss 1.4159 | acc 0.3808 | lr 4.01e-05 | 213s
2026-09-20 12:26:58 | INFO    | epoch 1 | batch 2540/3143 | loss 1.4144 | acc 0.3819 | lr 4.04e-05 | 215s
2026-09-20 12:27:00 | INFO    | epoch 1 | batch 2560/3143 | loss 1.4125 | acc 0.3834 | lr 4.07e-05 | 216s
2026-09-20 12:27:01 | INFO    | epoch 1 | batch 2580/3143 | loss 1.4110 | acc 0.3843 | lr 4.11e-05 | 218s
2026-09-20 12:27:03 | INFO    | epoch 1 | batch 2600/3143 | loss 1.4095 | acc 0.3852 | lr 4.14e-05 | 219s
2026-09-20 12:27:04 | INFO    | epoch 1 | batch 2620/3143 | loss 1.4079 | acc 0.3864 | lr 4.17e-05 | 221s
2026-09-20 12:27:06 | INFO    | epoch 1 | batch 2640/3143 | loss 1.4065 | acc 0.3874 | lr 4.20e-05 | 222s
2026-09-20 12:27:08 | INFO    | epoch 1 | batch 2660/3143 | loss 1.4047 | acc 0.3886 | lr 4.23e-05 | 224s
2026-09-20 12:27:09 | INFO    | epoch 1 | batch 2680/3143 | loss 1.4032 | acc 0.3897 | lr 4.27e-05 | 226s
2026-09-20 12:27:11 | INFO    | epoch 1 | batch 2700/3143 | loss 1.4016 | acc 0.3909 | lr 4.30e-05 | 227s
2026-09-20 12:27:12 | INFO    | epoch 1 | batch 2720/3143 | loss 1.4000 | acc 0.3919 | lr 4.33e-05 | 229s
2026-09-20 12:27:14 | INFO    | epoch 1 | batch 2740/3143 | loss 1.3984 | acc 0.3932 | lr 4.36e-05 | 230s
2026-09-20 12:27:15 | INFO    | epoch 1 | batch 2760/3143 | loss 1.3967 | acc 0.3943 | lr 4.39e-05 | 232s
2026-09-20 12:27:17 | INFO    | epoch 1 | batch 2780/3143 | loss 1.3950 | acc 0.3955 | lr 4.42e-05 | 234s
2026-09-20 12:27:19 | INFO    | epoch 1 | batch 2800/3143 | loss 1.3934 | acc 0.3966 | lr 4.46e-05 | 235s
2026-09-20 12:27:20 | INFO    | epoch 1 | batch 2820/3143 | loss 1.3916 | acc 0.3979 | lr 4.49e-05 | 237s
2026-09-20 12:27:22 | INFO    | epoch 1 | batch 2840/3143 | loss 1.3899 | acc 0.3991 | lr 4.52e-05 | 238s
2026-09-20 12:27:23 | INFO    | epoch 1 | batch 2860/3143 | loss 1.3885 | acc 0.4000 | lr 4.55e-05 | 240s
2026-09-20 12:27:25 | INFO    | epoch 1 | batch 2880/3143 | loss 1.3869 | acc 0.4008 | lr 4.58e-05 | 242s
2026-09-20 12:27:27 | INFO    | epoch 1 | batch 2900/3143 | loss 1.3852 | acc 0.4020 | lr 4.62e-05 | 243s
2026-09-20 12:27:28 | INFO    | epoch 1 | batch 2920/3143 | loss 1.3835 | acc 0.4031 | lr 4.65e-05 | 245s
2026-09-20 12:27:30 | INFO    | epoch 1 | batch 2940/3143 | loss 1.3824 | acc 0.4040 | lr 4.68e-05 | 246s
2026-09-20 12:27:31 | INFO    | epoch 1 | batch 2960/3143 | loss 1.3813 | acc 0.4046 | lr 4.71e-05 | 248s
2026-09-20 12:27:33 | INFO    | epoch 1 | batch 2980/3143 | loss 1.3800 | acc 0.4054 | lr 4.74e-05 | 250s
2026-09-20 12:27:35 | INFO    | epoch 1 | batch 3000/3143 | loss 1.3784 | acc 0.4065 | lr 4.77e-05 | 251s
2026-09-20 12:27:36 | INFO    | epoch 1 | batch 3020/3143 | loss 1.3770 | acc 0.4076 | lr 4.81e-05 | 253s
2026-09-20 12:27:38 | INFO    | epoch 1 | batch 3040/3143 | loss 1.3756 | acc 0.4084 | lr 4.84e-05 | 254s
2026-09-20 12:27:39 | INFO    | epoch 1 | batch 3060/3143 | loss 1.3739 | acc 0.4094 | lr 4.87e-05 | 256s
2026-09-20 12:27:41 | INFO    | epoch 1 | batch 3080/3143 | loss 1.3725 | acc 0.4102 | lr 4.90e-05 | 258s
2026-09-20 12:27:43 | INFO    | epoch 1 | batch 3100/3143 | loss 1.3712 | acc 0.4111 | lr 4.93e-05 | 259s
2026-09-20 12:27:44 | INFO    | epoch 1 | batch 3120/3143 | loss 1.3696 | acc 0.4122 | lr 4.97e-05 | 261s
2026-09-20 12:27:46 | INFO    | epoch 1 | batch 3140/3143 | loss 1.3682 | acc 0.4131 | lr 5.00e-05 | 262s
2026-09-20 12:27:54 | INFO    | epoch 1 | batch 3143/3143 | loss 1.3680 | acc 0.4133 | lr 5.00e-05 | 270s
2026-09-20 12:28:08 | INFO    | epoch 1/40 done in 285s | train loss 1.3680 | train running patch (aug): accuracy=0.4133 precision=0.3875 recall=0.3816 f1=0.3712
2026-09-20 12:28:08 | INFO    | epoch 1 train (eval, no aug) | loss 1.0896 | patch[7280]: accuracy=0.5989 precision=0.5753 recall=0.5626 f1=0.5537 | image[455]: accuracy=0.6176 precision=0.6011 recall=0.5745 f1=0.5577
2026-09-20 12:28:08 | INFO    | epoch 1 val | loss 1.1483 | patch[6048]: accuracy=0.5799 precision=0.5355 recall=0.5427 f1=0.5251 | image[96]: accuracy=0.6146 precision=0.5712 recall=0.5697 f1=0.5441
2026-09-20 12:28:08 | INFO    | val_patch_f1 = 0.5251 (best 0.5251 @ epoch 1) *
2026-09-20 12:28:10 | INFO    | epoch 2 | batch 20/3143 | loss 1.1710 | acc 0.5594 | lr 5.03e-05 | 2s
2026-09-20 12:28:11 | INFO    | epoch 2 | batch 40/3143 | loss 1.1676 | acc 0.5563 | lr 5.07e-05 | 3s
2026-09-20 12:28:13 | INFO    | epoch 2 | batch 60/3143 | loss 1.1677 | acc 0.5563 | lr 5.10e-05 | 5s
2026-09-20 12:28:14 | INFO    | epoch 2 | batch 80/3143 | loss 1.1631 | acc 0.5559 | lr 5.13e-05 | 6s
2026-09-20 12:28:16 | INFO    | epoch 2 | batch 100/3143 | loss 1.1584 | acc 0.5575 | lr 5.16e-05 | 8s
2026-09-20 12:28:18 | INFO    | epoch 2 | batch 120/3143 | loss 1.1508 | acc 0.5617 | lr 5.19e-05 | 10s
2026-09-20 12:28:19 | INFO    | epoch 2 | batch 140/3143 | loss 1.1483 | acc 0.5656 | lr 5.22e-05 | 11s
2026-09-20 12:28:21 | INFO    | epoch 2 | batch 160/3143 | loss 1.1423 | acc 0.5662 | lr 5.26e-05 | 13s
2026-09-20 12:28:22 | INFO    | epoch 2 | batch 180/3143 | loss 1.1413 | acc 0.5675 | lr 5.29e-05 | 14s
2026-09-20 12:28:24 | INFO    | epoch 2 | batch 200/3143 | loss 1.1425 | acc 0.5681 | lr 5.32e-05 | 16s
2026-09-20 12:28:25 | INFO    | epoch 2 | batch 220/3143 | loss 1.1412 | acc 0.5683 | lr 5.35e-05 | 17s
2026-09-20 12:28:27 | INFO    | epoch 2 | batch 240/3143 | loss 1.1431 | acc 0.5671 | lr 5.38e-05 | 19s
2026-09-20 12:28:29 | INFO    | epoch 2 | batch 260/3143 | loss 1.1431 | acc 0.5654 | lr 5.42e-05 | 20s
2026-09-20 12:28:30 | INFO    | epoch 2 | batch 280/3143 | loss 1.1428 | acc 0.5663 | lr 5.45e-05 | 22s
2026-09-20 12:28:32 | INFO    | epoch 2 | batch 300/3143 | loss 1.1401 | acc 0.5686 | lr 5.48e-05 | 24s
2026-09-20 12:28:33 | INFO    | epoch 2 | batch 320/3143 | loss 1.1366 | acc 0.5706 | lr 5.51e-05 | 25s
2026-09-20 12:28:35 | INFO    | epoch 2 | batch 340/3143 | loss 1.1366 | acc 0.5707 | lr 5.54e-05 | 27s
2026-09-20 12:28:36 | INFO    | epoch 2 | batch 360/3143 | loss 1.1362 | acc 0.5704 | lr 5.57e-05 | 28s
2026-09-20 12:28:38 | INFO    | epoch 2 | batch 380/3143 | loss 1.1331 | acc 0.5715 | lr 5.61e-05 | 30s
2026-09-20 12:28:40 | INFO    | epoch 2 | batch 400/3143 | loss 1.1320 | acc 0.5737 | lr 5.64e-05 | 32s
2026-09-20 12:28:41 | INFO    | epoch 2 | batch 420/3143 | loss 1.1308 | acc 0.5740 | lr 5.67e-05 | 33s
2026-09-20 12:28:43 | INFO    | epoch 2 | batch 440/3143 | loss 1.1298 | acc 0.5741 | lr 5.70e-05 | 35s
2026-09-20 12:28:44 | INFO    | epoch 2 | batch 460/3143 | loss 1.1286 | acc 0.5752 | lr 5.73e-05 | 36s
2026-09-20 12:28:46 | INFO    | epoch 2 | batch 480/3143 | loss 1.1282 | acc 0.5753 | lr 5.77e-05 | 38s
2026-09-20 12:28:47 | INFO    | epoch 2 | batch 500/3143 | loss 1.1282 | acc 0.5747 | lr 5.80e-05 | 39s
2026-09-20 12:28:49 | INFO    | epoch 2 | batch 520/3143 | loss 1.1280 | acc 0.5753 | lr 5.83e-05 | 41s
2026-09-20 12:28:51 | INFO    | epoch 2 | batch 540/3143 | loss 1.1265 | acc 0.5762 | lr 5.86e-05 | 43s
2026-09-20 12:28:52 | INFO    | epoch 2 | batch 560/3143 | loss 1.1264 | acc 0.5762 | lr 5.89e-05 | 44s
2026-09-20 12:28:54 | INFO    | epoch 2 | batch 580/3143 | loss 1.1259 | acc 0.5766 | lr 5.92e-05 | 46s
2026-09-20 12:28:55 | INFO    | epoch 2 | batch 600/3143 | loss 1.1252 | acc 0.5779 | lr 5.96e-05 | 47s
2026-09-20 12:28:57 | INFO    | epoch 2 | batch 620/3143 | loss 1.1255 | acc 0.5780 | lr 5.99e-05 | 49s
2026-09-20 12:28:58 | INFO    | epoch 2 | batch 640/3143 | loss 1.1250 | acc 0.5789 | lr 6.02e-05 | 50s
2026-09-20 12:29:00 | INFO    | epoch 2 | batch 660/3143 | loss 1.1238 | acc 0.5793 | lr 6.05e-05 | 52s
2026-09-20 12:29:02 | INFO    | epoch 2 | batch 680/3143 | loss 1.1231 | acc 0.5794 | lr 6.08e-05 | 54s
2026-09-20 12:29:03 | INFO    | epoch 2 | batch 700/3143 | loss 1.1218 | acc 0.5802 | lr 6.12e-05 | 55s
2026-09-20 12:29:05 | INFO    | epoch 2 | batch 720/3143 | loss 1.1215 | acc 0.5802 | lr 6.15e-05 | 57s
2026-09-20 12:29:06 | INFO    | epoch 2 | batch 740/3143 | loss 1.1209 | acc 0.5800 | lr 6.18e-05 | 58s
2026-09-20 12:29:08 | INFO    | epoch 2 | batch 760/3143 | loss 1.1205 | acc 0.5803 | lr 6.21e-05 | 60s
2026-09-20 12:29:10 | INFO    | epoch 2 | batch 780/3143 | loss 1.1205 | acc 0.5802 | lr 6.24e-05 | 62s
2026-09-20 12:29:11 | INFO    | epoch 2 | batch 800/3143 | loss 1.1201 | acc 0.5805 | lr 6.27e-05 | 63s
2026-09-20 12:29:13 | INFO    | epoch 2 | batch 820/3143 | loss 1.1194 | acc 0.5806 | lr 6.31e-05 | 65s
2026-09-20 12:29:14 | INFO    | epoch 2 | batch 840/3143 | loss 1.1185 | acc 0.5813 | lr 6.34e-05 | 66s
2026-09-20 12:29:16 | INFO    | epoch 2 | batch 860/3143 | loss 1.1175 | acc 0.5819 | lr 6.37e-05 | 68s
2026-09-20 12:29:17 | INFO    | epoch 2 | batch 880/3143 | loss 1.1172 | acc 0.5822 | lr 6.40e-05 | 69s
2026-09-20 12:29:19 | INFO    | epoch 2 | batch 900/3143 | loss 1.1174 | acc 0.5820 | lr 6.43e-05 | 71s
2026-09-20 12:29:21 | INFO    | epoch 2 | batch 920/3143 | loss 1.1169 | acc 0.5826 | lr 6.47e-05 | 73s
2026-09-20 12:29:22 | INFO    | epoch 2 | batch 940/3143 | loss 1.1162 | acc 0.5832 | lr 6.50e-05 | 74s
2026-09-20 12:29:24 | INFO    | epoch 2 | batch 960/3143 | loss 1.1154 | acc 0.5837 | lr 6.53e-05 | 76s
2026-09-20 12:29:25 | INFO    | epoch 2 | batch 980/3143 | loss 1.1148 | acc 0.5845 | lr 6.56e-05 | 77s
2026-09-20 12:29:27 | INFO    | epoch 2 | batch 1000/3143 | loss 1.1150 | acc 0.5843 | lr 6.59e-05 | 79s
2026-09-20 12:29:29 | INFO    | epoch 2 | batch 1020/3143 | loss 1.1148 | acc 0.5841 | lr 6.62e-05 | 80s
2026-09-20 12:29:30 | INFO    | epoch 2 | batch 1040/3143 | loss 1.1143 | acc 0.5843 | lr 6.66e-05 | 82s
2026-09-20 12:29:32 | INFO    | epoch 2 | batch 1060/3143 | loss 1.1138 | acc 0.5841 | lr 6.69e-05 | 84s
2026-09-20 12:29:33 | INFO    | epoch 2 | batch 1080/3143 | loss 1.1127 | acc 0.5846 | lr 6.72e-05 | 85s
2026-09-20 12:29:35 | INFO    | epoch 2 | batch 1100/3143 | loss 1.1117 | acc 0.5855 | lr 6.75e-05 | 87s
2026-09-20 12:29:36 | INFO    | epoch 2 | batch 1120/3143 | loss 1.1107 | acc 0.5863 | lr 6.78e-05 | 88s
2026-09-20 12:29:38 | INFO    | epoch 2 | batch 1140/3143 | loss 1.1100 | acc 0.5870 | lr 6.82e-05 | 90s
2026-09-20 12:29:40 | INFO    | epoch 2 | batch 1160/3143 | loss 1.1092 | acc 0.5878 | lr 6.85e-05 | 92s
2026-09-20 12:29:41 | INFO    | epoch 2 | batch 1180/3143 | loss 1.1081 | acc 0.5891 | lr 6.88e-05 | 93s
2026-09-20 12:29:43 | INFO    | epoch 2 | batch 1200/3143 | loss 1.1078 | acc 0.5890 | lr 6.91e-05 | 95s
2026-09-20 12:29:44 | INFO    | epoch 2 | batch 1220/3143 | loss 1.1069 | acc 0.5898 | lr 6.94e-05 | 96s
2026-09-20 12:29:46 | INFO    | epoch 2 | batch 1240/3143 | loss 1.1061 | acc 0.5901 | lr 6.97e-05 | 98s
2026-09-20 12:29:47 | INFO    | epoch 2 | batch 1260/3143 | loss 1.1056 | acc 0.5907 | lr 7.01e-05 | 99s
2026-09-20 12:29:49 | INFO    | epoch 2 | batch 1280/3143 | loss 1.1049 | acc 0.5912 | lr 7.04e-05 | 101s
2026-09-20 12:29:51 | INFO    | epoch 2 | batch 1300/3143 | loss 1.1039 | acc 0.5917 | lr 7.07e-05 | 103s
2026-09-20 12:29:52 | INFO    | epoch 2 | batch 1320/3143 | loss 1.1028 | acc 0.5926 | lr 7.10e-05 | 104s
2026-09-20 12:29:54 | INFO    | epoch 2 | batch 1340/3143 | loss 1.1020 | acc 0.5929 | lr 7.13e-05 | 106s
2026-09-20 12:29:55 | INFO    | epoch 2 | batch 1360/3143 | loss 1.1012 | acc 0.5933 | lr 7.17e-05 | 107s
2026-09-20 12:29:57 | INFO    | epoch 2 | batch 1380/3143 | loss 1.1000 | acc 0.5943 | lr 7.20e-05 | 109s
2026-09-20 12:29:59 | INFO    | epoch 2 | batch 1400/3143 | loss 1.0995 | acc 0.5946 | lr 7.23e-05 | 110s
2026-09-20 12:30:00 | INFO    | epoch 2 | batch 1420/3143 | loss 1.0992 | acc 0.5951 | lr 7.26e-05 | 112s
2026-09-20 12:30:02 | INFO    | epoch 2 | batch 1440/3143 | loss 1.0981 | acc 0.5957 | lr 7.29e-05 | 114s
2026-09-20 12:30:03 | INFO    | epoch 2 | batch 1460/3143 | loss 1.0973 | acc 0.5960 | lr 7.32e-05 | 115s
2026-09-20 12:30:05 | INFO    | epoch 2 | batch 1480/3143 | loss 1.0971 | acc 0.5960 | lr 7.36e-05 | 117s
2026-09-20 12:30:06 | INFO    | epoch 2 | batch 1500/3143 | loss 1.0965 | acc 0.5964 | lr 7.39e-05 | 118s
2026-09-20 12:30:08 | INFO    | epoch 2 | batch 1520/3143 | loss 1.0959 | acc 0.5967 | lr 7.42e-05 | 120s
2026-09-20 12:30:10 | INFO    | epoch 2 | batch 1540/3143 | loss 1.0959 | acc 0.5969 | lr 7.45e-05 | 122s
2026-09-20 12:30:11 | INFO    | epoch 2 | batch 1560/3143 | loss 1.0954 | acc 0.5971 | lr 7.48e-05 | 123s
2026-09-20 12:30:13 | INFO    | epoch 2 | batch 1580/3143 | loss 1.0947 | acc 0.5974 | lr 7.52e-05 | 125s
2026-09-20 12:30:14 | INFO    | epoch 2 | batch 1600/3143 | loss 1.0939 | acc 0.5980 | lr 7.55e-05 | 126s
2026-09-20 12:30:16 | INFO    | epoch 2 | batch 1620/3143 | loss 1.0929 | acc 0.5987 | lr 7.58e-05 | 128s
2026-09-20 12:30:18 | INFO    | epoch 2 | batch 1640/3143 | loss 1.0919 | acc 0.5995 | lr 7.61e-05 | 130s
2026-09-20 12:30:19 | INFO    | epoch 2 | batch 1660/3143 | loss 1.0912 | acc 0.5999 | lr 7.64e-05 | 131s
2026-09-20 12:30:21 | INFO    | epoch 2 | batch 1680/3143 | loss 1.0904 | acc 0.6005 | lr 7.67e-05 | 133s
2026-09-20 12:30:22 | INFO    | epoch 2 | batch 1700/3143 | loss 1.0897 | acc 0.6009 | lr 7.71e-05 | 134s
2026-09-20 12:30:24 | INFO    | epoch 2 | batch 1720/3143 | loss 1.0886 | acc 0.6016 | lr 7.74e-05 | 136s
2026-09-20 12:30:26 | INFO    | epoch 2 | batch 1740/3143 | loss 1.0882 | acc 0.6018 | lr 7.77e-05 | 138s
2026-09-20 12:30:27 | INFO    | epoch 2 | batch 1760/3143 | loss 1.0878 | acc 0.6023 | lr 7.80e-05 | 139s
2026-09-20 12:30:29 | INFO    | epoch 2 | batch 1780/3143 | loss 1.0871 | acc 0.6028 | lr 7.83e-05 | 141s
2026-09-20 12:30:30 | INFO    | epoch 2 | batch 1800/3143 | loss 1.0867 | acc 0.6030 | lr 7.87e-05 | 142s
2026-09-20 12:30:32 | INFO    | epoch 2 | batch 1820/3143 | loss 1.0859 | acc 0.6035 | lr 7.90e-05 | 144s
2026-09-20 12:30:33 | INFO    | epoch 2 | batch 1840/3143 | loss 1.0853 | acc 0.6039 | lr 7.93e-05 | 145s
2026-09-20 12:30:35 | INFO    | epoch 2 | batch 1860/3143 | loss 1.0845 | acc 0.6045 | lr 7.96e-05 | 147s
2026-09-20 12:30:37 | INFO    | epoch 2 | batch 1880/3143 | loss 1.0837 | acc 0.6050 | lr 7.99e-05 | 149s
2026-09-20 12:30:38 | INFO    | epoch 2 | batch 1900/3143 | loss 1.0828 | acc 0.6055 | lr 8.02e-05 | 150s
2026-09-20 12:30:40 | INFO    | epoch 2 | batch 1920/3143 | loss 1.0824 | acc 0.6055 | lr 8.06e-05 | 152s
2026-09-20 12:30:41 | INFO    | epoch 2 | batch 1940/3143 | loss 1.0814 | acc 0.6062 | lr 8.09e-05 | 153s
2026-09-20 12:30:43 | INFO    | epoch 2 | batch 1960/3143 | loss 1.0804 | acc 0.6070 | lr 8.12e-05 | 155s
2026-09-20 12:30:44 | INFO    | epoch 2 | batch 1980/3143 | loss 1.0799 | acc 0.6074 | lr 8.15e-05 | 156s
2026-09-20 12:30:46 | INFO    | epoch 2 | batch 2000/3143 | loss 1.0788 | acc 0.6082 | lr 8.18e-05 | 158s
2026-09-20 12:30:48 | INFO    | epoch 2 | batch 2020/3143 | loss 1.0781 | acc 0.6089 | lr 8.22e-05 | 160s
2026-09-20 12:30:49 | INFO    | epoch 2 | batch 2040/3143 | loss 1.0774 | acc 0.6093 | lr 8.25e-05 | 161s
2026-09-20 12:30:51 | INFO    | epoch 2 | batch 2060/3143 | loss 1.0766 | acc 0.6100 | lr 8.28e-05 | 163s
2026-09-20 12:30:52 | INFO    | epoch 2 | batch 2080/3143 | loss 1.0758 | acc 0.6106 | lr 8.31e-05 | 164s
2026-09-20 12:30:54 | INFO    | epoch 2 | batch 2100/3143 | loss 1.0752 | acc 0.6110 | lr 8.34e-05 | 166s
2026-09-20 12:30:56 | INFO    | epoch 2 | batch 2120/3143 | loss 1.0747 | acc 0.6114 | lr 8.37e-05 | 167s
2026-09-20 12:30:57 | INFO    | epoch 2 | batch 2140/3143 | loss 1.0741 | acc 0.6119 | lr 8.41e-05 | 169s
2026-09-20 12:30:59 | INFO    | epoch 2 | batch 2160/3143 | loss 1.0736 | acc 0.6123 | lr 8.44e-05 | 171s
2026-09-20 12:31:00 | INFO    | epoch 2 | batch 2180/3143 | loss 1.0726 | acc 0.6129 | lr 8.47e-05 | 172s
2026-09-20 12:31:02 | INFO    | epoch 2 | batch 2200/3143 | loss 1.0714 | acc 0.6138 | lr 8.50e-05 | 174s
2026-09-20 12:31:03 | INFO    | epoch 2 | batch 2220/3143 | loss 1.0708 | acc 0.6142 | lr 8.53e-05 | 175s
2026-09-20 12:31:05 | INFO    | epoch 2 | batch 2240/3143 | loss 1.0703 | acc 0.6147 | lr 8.57e-05 | 177s
2026-09-20 12:31:07 | INFO    | epoch 2 | batch 2260/3143 | loss 1.0696 | acc 0.6153 | lr 8.60e-05 | 179s
2026-09-20 12:31:08 | INFO    | epoch 2 | batch 2280/3143 | loss 1.0688 | acc 0.6159 | lr 8.63e-05 | 180s
2026-09-20 12:31:10 | INFO    | epoch 2 | batch 2300/3143 | loss 1.0681 | acc 0.6163 | lr 8.66e-05 | 182s
2026-09-20 12:31:11 | INFO    | epoch 2 | batch 2320/3143 | loss 1.0672 | acc 0.6169 | lr 8.69e-05 | 183s
2026-09-20 12:31:13 | INFO    | epoch 2 | batch 2340/3143 | loss 1.0668 | acc 0.6173 | lr 8.72e-05 | 185s
2026-09-20 12:31:14 | INFO    | epoch 2 | batch 2360/3143 | loss 1.0658 | acc 0.6179 | lr 8.76e-05 | 186s
2026-09-20 12:31:16 | INFO    | epoch 2 | batch 2380/3143 | loss 1.0651 | acc 0.6183 | lr 8.79e-05 | 188s
2026-09-20 12:31:18 | INFO    | epoch 2 | batch 2400/3143 | loss 1.0647 | acc 0.6185 | lr 8.82e-05 | 190s
2026-09-20 12:31:19 | INFO    | epoch 2 | batch 2420/3143 | loss 1.0640 | acc 0.6191 | lr 8.85e-05 | 191s
2026-09-20 12:31:21 | INFO    | epoch 2 | batch 2440/3143 | loss 1.0639 | acc 0.6191 | lr 8.88e-05 | 193s
2026-09-20 12:31:22 | INFO    | epoch 2 | batch 2460/3143 | loss 1.0633 | acc 0.6196 | lr 8.92e-05 | 194s
2026-09-20 12:31:24 | INFO    | epoch 2 | batch 2480/3143 | loss 1.0625 | acc 0.6202 | lr 8.95e-05 | 196s
2026-09-20 12:31:26 | INFO    | epoch 2 | batch 2500/3143 | loss 1.0620 | acc 0.6207 | lr 8.98e-05 | 198s
2026-09-20 12:31:27 | INFO    | epoch 2 | batch 2520/3143 | loss 1.0612 | acc 0.6212 | lr 9.01e-05 | 199s
2026-09-20 12:31:29 | INFO    | epoch 2 | batch 2540/3143 | loss 1.0604 | acc 0.6217 | lr 9.04e-05 | 201s
2026-09-20 12:31:30 | INFO    | epoch 2 | batch 2560/3143 | loss 1.0597 | acc 0.6222 | lr 9.07e-05 | 202s
2026-09-20 12:31:32 | INFO    | epoch 2 | batch 2580/3143 | loss 1.0590 | acc 0.6227 | lr 9.11e-05 | 204s
2026-09-20 12:31:34 | INFO    | epoch 2 | batch 2600/3143 | loss 1.0582 | acc 0.6232 | lr 9.14e-05 | 206s
2026-09-20 12:31:35 | INFO    | epoch 2 | batch 2620/3143 | loss 1.0577 | acc 0.6237 | lr 9.17e-05 | 207s
2026-09-20 12:31:37 | INFO    | epoch 2 | batch 2640/3143 | loss 1.0569 | acc 0.6242 | lr 9.20e-05 | 209s
2026-09-20 12:31:38 | INFO    | epoch 2 | batch 2660/3143 | loss 1.0559 | acc 0.6248 | lr 9.23e-05 | 210s
2026-09-20 12:31:40 | INFO    | epoch 2 | batch 2680/3143 | loss 1.0554 | acc 0.6253 | lr 9.27e-05 | 212s
2026-09-20 12:31:41 | INFO    | epoch 2 | batch 2700/3143 | loss 1.0546 | acc 0.6258 | lr 9.30e-05 | 213s
2026-09-20 12:31:43 | INFO    | epoch 2 | batch 2720/3143 | loss 1.0539 | acc 0.6263 | lr 9.33e-05 | 215s
2026-09-20 12:31:45 | INFO    | epoch 2 | batch 2740/3143 | loss 1.0534 | acc 0.6268 | lr 9.36e-05 | 217s
2026-09-20 12:31:46 | INFO    | epoch 2 | batch 2760/3143 | loss 1.0530 | acc 0.6271 | lr 9.39e-05 | 218s
2026-09-20 12:31:48 | INFO    | epoch 2 | batch 2780/3143 | loss 1.0526 | acc 0.6275 | lr 9.42e-05 | 220s
2026-09-20 12:31:49 | INFO    | epoch 2 | batch 2800/3143 | loss 1.0523 | acc 0.6278 | lr 9.46e-05 | 221s
2026-09-20 12:31:51 | INFO    | epoch 2 | batch 2820/3143 | loss 1.0515 | acc 0.6283 | lr 9.49e-05 | 223s
2026-09-20 12:31:52 | INFO    | epoch 2 | batch 2840/3143 | loss 1.0513 | acc 0.6282 | lr 9.52e-05 | 224s
2026-09-20 12:31:54 | INFO    | epoch 2 | batch 2860/3143 | loss 1.0503 | acc 0.6287 | lr 9.55e-05 | 226s
2026-09-20 12:31:56 | INFO    | epoch 2 | batch 2880/3143 | loss 1.0494 | acc 0.6292 | lr 9.58e-05 | 228s
2026-09-20 12:31:57 | INFO    | epoch 2 | batch 2900/3143 | loss 1.0487 | acc 0.6297 | lr 9.62e-05 | 229s
2026-09-20 12:31:59 | INFO    | epoch 2 | batch 2920/3143 | loss 1.0483 | acc 0.6300 | lr 9.65e-05 | 231s
2026-09-20 12:32:00 | INFO    | epoch 2 | batch 2940/3143 | loss 1.0478 | acc 0.6304 | lr 9.68e-05 | 232s
2026-09-20 12:32:02 | INFO    | epoch 2 | batch 2960/3143 | loss 1.0473 | acc 0.6306 | lr 9.71e-05 | 234s
2026-09-20 12:32:04 | INFO    | epoch 2 | batch 2980/3143 | loss 1.0465 | acc 0.6311 | lr 9.74e-05 | 236s
2026-09-20 12:32:05 | INFO    | epoch 2 | batch 3000/3143 | loss 1.0461 | acc 0.6314 | lr 9.77e-05 | 237s
2026-09-20 12:32:07 | INFO    | epoch 2 | batch 3020/3143 | loss 1.0455 | acc 0.6320 | lr 9.81e-05 | 239s
2026-09-20 12:32:08 | INFO    | epoch 2 | batch 3040/3143 | loss 1.0446 | acc 0.6325 | lr 9.84e-05 | 240s
2026-09-20 12:32:10 | INFO    | epoch 2 | batch 3060/3143 | loss 1.0440 | acc 0.6329 | lr 9.87e-05 | 242s
2026-09-20 12:32:12 | INFO    | epoch 2 | batch 3080/3143 | loss 1.0435 | acc 0.6332 | lr 9.90e-05 | 244s
2026-09-20 12:32:13 | INFO    | epoch 2 | batch 3100/3143 | loss 1.0428 | acc 0.6336 | lr 9.93e-05 | 245s
2026-09-20 12:32:15 | INFO    | epoch 2 | batch 3120/3143 | loss 1.0420 | acc 0.6341 | lr 9.97e-05 | 247s
2026-09-20 12:32:16 | INFO    | epoch 2 | batch 3140/3143 | loss 1.0419 | acc 0.6341 | lr 1.00e-04 | 248s
2026-09-20 12:32:17 | INFO    | epoch 2 | batch 3143/3143 | loss 1.0419 | acc 0.6341 | lr 1.00e-04 | 248s
2026-09-20 12:32:28 | INFO    | epoch 2/40 done in 260s | train loss 1.0419 | train running patch (aug): accuracy=0.6341 precision=0.6214 recall=0.6074 f1=0.6086
2026-09-20 12:32:28 | INFO    | epoch 2 train (eval, no aug) | loss 0.9103 | patch[7280]: accuracy=0.7147 precision=0.7179 recall=0.7074 f1=0.7041 | image[455]: accuracy=0.7802 precision=0.7912 recall=0.7751 f1=0.7729
2026-09-20 12:32:28 | INFO    | epoch 2 val | loss 1.1222 | patch[6048]: accuracy=0.6106 precision=0.6051 recall=0.5920 f1=0.5910 | image[96]: accuracy=0.6667 precision=0.6668 recall=0.6425 f1=0.6453
2026-09-20 12:32:28 | INFO    | val_patch_f1 = 0.5910 (best 0.5910 @ epoch 2) *
2026-09-20 12:32:30 | INFO    | epoch 3 | batch 20/3143 | loss 0.9366 | acc 0.6859 | lr 1.00e-04 | 2s
2026-09-20 12:32:31 | INFO    | epoch 3 | batch 40/3143 | loss 0.9248 | acc 0.6945 | lr 1.00e-04 | 3s
2026-09-20 12:32:33 | INFO    | epoch 3 | batch 60/3143 | loss 0.9227 | acc 0.7021 | lr 1.00e-04 | 5s
2026-09-20 12:32:34 | INFO    | epoch 3 | batch 80/3143 | loss 0.9366 | acc 0.7016 | lr 1.00e-04 | 6s
2026-09-20 12:32:36 | INFO    | epoch 3 | batch 100/3143 | loss 0.9369 | acc 0.7025 | lr 1.00e-04 | 8s
2026-09-20 12:32:38 | INFO    | epoch 3 | batch 120/3143 | loss 0.9367 | acc 0.7031 | lr 1.00e-04 | 10s
2026-09-20 12:32:39 | INFO    | epoch 3 | batch 140/3143 | loss 0.9322 | acc 0.7069 | lr 1.00e-04 | 11s
2026-09-20 12:32:41 | INFO    | epoch 3 | batch 160/3143 | loss 0.9309 | acc 0.7070 | lr 1.00e-04 | 13s
2026-09-20 12:32:42 | INFO    | epoch 3 | batch 180/3143 | loss 0.9365 | acc 0.7043 | lr 1.00e-04 | 14s
2026-09-20 12:32:44 | INFO    | epoch 3 | batch 200/3143 | loss 0.9371 | acc 0.7041 | lr 1.00e-04 | 16s
2026-09-20 12:32:46 | INFO    | epoch 3 | batch 220/3143 | loss 0.9376 | acc 0.7050 | lr 1.00e-04 | 18s
2026-09-20 12:32:47 | INFO    | epoch 3 | batch 240/3143 | loss 0.9355 | acc 0.7049 | lr 1.00e-04 | 19s
2026-09-20 12:32:49 | INFO    | epoch 3 | batch 260/3143 | loss 0.9332 | acc 0.7077 | lr 1.00e-04 | 21s
2026-09-20 12:32:50 | INFO    | epoch 3 | batch 280/3143 | loss 0.9335 | acc 0.7067 | lr 1.00e-04 | 22s
2026-09-20 12:32:52 | INFO    | epoch 3 | batch 300/3143 | loss 0.9310 | acc 0.7080 | lr 1.00e-04 | 24s
2026-09-20 12:32:54 | INFO    | epoch 3 | batch 320/3143 | loss 0.9306 | acc 0.7076 | lr 1.00e-04 | 25s
2026-09-20 12:32:55 | INFO    | epoch 3 | batch 340/3143 | loss 0.9307 | acc 0.7074 | lr 1.00e-04 | 27s
2026-09-20 12:32:57 | INFO    | epoch 3 | batch 360/3143 | loss 0.9331 | acc 0.7062 | lr 1.00e-04 | 29s
2026-09-20 12:32:58 | INFO    | epoch 3 | batch 380/3143 | loss 0.9328 | acc 0.7068 | lr 1.00e-04 | 30s
2026-09-20 12:33:00 | INFO    | epoch 3 | batch 400/3143 | loss 0.9303 | acc 0.7082 | lr 1.00e-04 | 32s
2026-09-20 12:33:01 | INFO    | epoch 3 | batch 420/3143 | loss 0.9296 | acc 0.7083 | lr 1.00e-04 | 33s
2026-09-20 12:33:03 | INFO    | epoch 3 | batch 440/3143 | loss 0.9299 | acc 0.7081 | lr 1.00e-04 | 35s
2026-09-20 12:33:05 | INFO    | epoch 3 | batch 460/3143 | loss 0.9315 | acc 0.7065 | lr 1.00e-04 | 37s
2026-09-20 12:33:06 | INFO    | epoch 3 | batch 480/3143 | loss 0.9314 | acc 0.7064 | lr 1.00e-04 | 38s
2026-09-20 12:33:08 | INFO    | epoch 3 | batch 500/3143 | loss 0.9314 | acc 0.7057 | lr 1.00e-04 | 40s
2026-09-20 12:33:09 | INFO    | epoch 3 | batch 520/3143 | loss 0.9306 | acc 0.7063 | lr 1.00e-04 | 41s
2026-09-20 12:33:11 | INFO    | epoch 3 | batch 540/3143 | loss 0.9304 | acc 0.7064 | lr 1.00e-04 | 43s
2026-09-20 12:33:13 | INFO    | epoch 3 | batch 560/3143 | loss 0.9288 | acc 0.7079 | lr 1.00e-04 | 45s
2026-09-20 12:33:14 | INFO    | epoch 3 | batch 580/3143 | loss 0.9285 | acc 0.7077 | lr 1.00e-04 | 46s
2026-09-20 12:33:16 | INFO    | epoch 3 | batch 600/3143 | loss 0.9267 | acc 0.7088 | lr 1.00e-04 | 48s
2026-09-20 12:33:17 | INFO    | epoch 3 | batch 620/3143 | loss 0.9256 | acc 0.7093 | lr 1.00e-04 | 49s
2026-09-20 12:33:19 | INFO    | epoch 3 | batch 640/3143 | loss 0.9247 | acc 0.7096 | lr 1.00e-04 | 51s
2026-09-20 12:33:21 | INFO    | epoch 3 | batch 660/3143 | loss 0.9247 | acc 0.7099 | lr 1.00e-04 | 52s
2026-09-20 12:33:22 | INFO    | epoch 3 | batch 680/3143 | loss 0.9236 | acc 0.7105 | lr 1.00e-04 | 54s
2026-09-20 12:33:24 | INFO    | epoch 3 | batch 700/3143 | loss 0.9214 | acc 0.7119 | lr 1.00e-04 | 56s
2026-09-20 12:33:25 | INFO    | epoch 3 | batch 720/3143 | loss 0.9216 | acc 0.7119 | lr 1.00e-04 | 57s
2026-09-20 12:33:27 | INFO    | epoch 3 | batch 740/3143 | loss 0.9210 | acc 0.7122 | lr 1.00e-04 | 59s
2026-09-20 12:33:28 | INFO    | epoch 3 | batch 760/3143 | loss 0.9185 | acc 0.7136 | lr 1.00e-04 | 60s
2026-09-20 12:33:30 | INFO    | epoch 3 | batch 780/3143 | loss 0.9176 | acc 0.7143 | lr 1.00e-04 | 62s
2026-09-20 12:33:32 | INFO    | epoch 3 | batch 800/3143 | loss 0.9173 | acc 0.7139 | lr 1.00e-04 | 63s
2026-09-20 12:33:33 | INFO    | epoch 3 | batch 820/3143 | loss 0.9163 | acc 0.7144 | lr 1.00e-04 | 65s
2026-09-20 12:33:35 | INFO    | epoch 3 | batch 840/3143 | loss 0.9162 | acc 0.7142 | lr 1.00e-04 | 67s
2026-09-20 12:33:36 | INFO    | epoch 3 | batch 860/3143 | loss 0.9164 | acc 0.7142 | lr 1.00e-04 | 68s
2026-09-20 12:33:38 | INFO    | epoch 3 | batch 880/3143 | loss 0.9158 | acc 0.7145 | lr 1.00e-04 | 70s
2026-09-20 12:33:39 | INFO    | epoch 3 | batch 900/3143 | loss 0.9162 | acc 0.7144 | lr 1.00e-04 | 71s
2026-09-20 12:33:41 | INFO    | epoch 3 | batch 920/3143 | loss 0.9156 | acc 0.7147 | lr 1.00e-04 | 73s
2026-09-20 12:33:43 | INFO    | epoch 3 | batch 940/3143 | loss 0.9148 | acc 0.7154 | lr 1.00e-04 | 75s
2026-09-20 12:33:44 | INFO    | epoch 3 | batch 960/3143 | loss 0.9145 | acc 0.7153 | lr 1.00e-04 | 76s
2026-09-20 12:33:46 | INFO    | epoch 3 | batch 980/3143 | loss 0.9144 | acc 0.7156 | lr 1.00e-04 | 78s
2026-09-20 12:33:47 | INFO    | epoch 3 | batch 1000/3143 | loss 0.9133 | acc 0.7163 | lr 1.00e-04 | 79s
2026-09-20 12:33:49 | INFO    | epoch 3 | batch 1020/3143 | loss 0.9122 | acc 0.7167 | lr 1.00e-04 | 81s
2026-09-20 12:33:51 | INFO    | epoch 3 | batch 1040/3143 | loss 0.9121 | acc 0.7166 | lr 1.00e-04 | 82s
2026-09-20 12:33:52 | INFO    | epoch 3 | batch 1060/3143 | loss 0.9116 | acc 0.7170 | lr 1.00e-04 | 84s
2026-09-20 12:33:54 | INFO    | epoch 3 | batch 1080/3143 | loss 0.9111 | acc 0.7175 | lr 1.00e-04 | 86s
2026-09-20 12:33:55 | INFO    | epoch 3 | batch 1100/3143 | loss 0.9103 | acc 0.7180 | lr 1.00e-04 | 87s
2026-09-20 12:33:57 | INFO    | epoch 3 | batch 1120/3143 | loss 0.9096 | acc 0.7187 | lr 1.00e-04 | 89s
2026-09-20 12:33:58 | INFO    | epoch 3 | batch 1140/3143 | loss 0.9095 | acc 0.7189 | lr 1.00e-04 | 90s
2026-09-20 12:34:00 | INFO    | epoch 3 | batch 1160/3143 | loss 0.9089 | acc 0.7192 | lr 1.00e-04 | 92s
2026-09-20 12:34:02 | INFO    | epoch 3 | batch 1180/3143 | loss 0.9077 | acc 0.7201 | lr 1.00e-04 | 94s
2026-09-20 12:34:03 | INFO    | epoch 3 | batch 1200/3143 | loss 0.9074 | acc 0.7205 | lr 1.00e-04 | 95s
2026-09-20 12:34:05 | INFO    | epoch 3 | batch 1220/3143 | loss 0.9068 | acc 0.7210 | lr 1.00e-04 | 97s
2026-09-20 12:34:06 | INFO    | epoch 3 | batch 1240/3143 | loss 0.9058 | acc 0.7215 | lr 1.00e-04 | 98s
2026-09-20 12:34:08 | INFO    | epoch 3 | batch 1260/3143 | loss 0.9052 | acc 0.7218 | lr 1.00e-04 | 100s
2026-09-20 12:34:10 | INFO    | epoch 3 | batch 1280/3143 | loss 0.9046 | acc 0.7219 | lr 1.00e-04 | 102s
2026-09-20 12:34:11 | INFO    | epoch 3 | batch 1300/3143 | loss 0.9042 | acc 0.7219 | lr 1.00e-04 | 103s
2026-09-20 12:34:13 | INFO    | epoch 3 | batch 1320/3143 | loss 0.9032 | acc 0.7228 | lr 1.00e-04 | 105s
2026-09-20 12:34:14 | INFO    | epoch 3 | batch 1340/3143 | loss 0.9029 | acc 0.7228 | lr 1.00e-04 | 106s
2026-09-20 12:34:16 | INFO    | epoch 3 | batch 1360/3143 | loss 0.9024 | acc 0.7233 | lr 1.00e-04 | 108s
2026-09-20 12:34:18 | INFO    | epoch 3 | batch 1380/3143 | loss 0.9019 | acc 0.7235 | lr 1.00e-04 | 110s
2026-09-20 12:34:19 | INFO    | epoch 3 | batch 1400/3143 | loss 0.9014 | acc 0.7239 | lr 1.00e-04 | 111s
2026-09-20 12:34:21 | INFO    | epoch 3 | batch 1420/3143 | loss 0.9012 | acc 0.7239 | lr 1.00e-04 | 113s
2026-09-20 12:34:22 | INFO    | epoch 3 | batch 1440/3143 | loss 0.9007 | acc 0.7244 | lr 1.00e-04 | 114s
2026-09-20 12:34:24 | INFO    | epoch 3 | batch 1460/3143 | loss 0.9003 | acc 0.7246 | lr 1.00e-04 | 116s
2026-09-20 12:34:26 | INFO    | epoch 3 | batch 1480/3143 | loss 0.8999 | acc 0.7250 | lr 1.00e-04 | 117s
2026-09-20 12:34:27 | INFO    | epoch 3 | batch 1500/3143 | loss 0.8990 | acc 0.7257 | lr 1.00e-04 | 119s
2026-09-20 12:34:29 | INFO    | epoch 3 | batch 1520/3143 | loss 0.8983 | acc 0.7261 | lr 1.00e-04 | 121s
2026-09-20 12:34:30 | INFO    | epoch 3 | batch 1540/3143 | loss 0.8975 | acc 0.7267 | lr 1.00e-04 | 122s
2026-09-20 12:34:32 | INFO    | epoch 3 | batch 1560/3143 | loss 0.8978 | acc 0.7266 | lr 1.00e-04 | 124s
2026-09-20 12:34:33 | INFO    | epoch 3 | batch 1580/3143 | loss 0.8976 | acc 0.7268 | lr 1.00e-04 | 125s
2026-09-20 12:34:35 | INFO    | epoch 3 | batch 1600/3143 | loss 0.8972 | acc 0.7270 | lr 1.00e-04 | 127s
2026-09-20 12:34:37 | INFO    | epoch 3 | batch 1620/3143 | loss 0.8969 | acc 0.7271 | lr 1.00e-04 | 129s
2026-09-20 12:34:38 | INFO    | epoch 3 | batch 1640/3143 | loss 0.8964 | acc 0.7274 | lr 1.00e-04 | 130s
2026-09-20 12:34:40 | INFO    | epoch 3 | batch 1660/3143 | loss 0.8959 | acc 0.7276 | lr 1.00e-04 | 132s
2026-09-20 12:34:41 | INFO    | epoch 3 | batch 1680/3143 | loss 0.8953 | acc 0.7279 | lr 1.00e-04 | 133s
2026-09-20 12:34:43 | INFO    | epoch 3 | batch 1700/3143 | loss 0.8945 | acc 0.7283 | lr 1.00e-04 | 135s
2026-09-20 12:34:45 | INFO    | epoch 3 | batch 1720/3143 | loss 0.8938 | acc 0.7287 | lr 9.99e-05 | 136s
2026-09-20 12:34:46 | INFO    | epoch 3 | batch 1740/3143 | loss 0.8935 | acc 0.7288 | lr 9.99e-05 | 138s
2026-09-20 12:34:48 | INFO    | epoch 3 | batch 1760/3143 | loss 0.8927 | acc 0.7292 | lr 9.99e-05 | 140s
2026-09-20 12:34:49 | INFO    | epoch 3 | batch 1780/3143 | loss 0.8917 | acc 0.7298 | lr 9.99e-05 | 141s
2026-09-20 12:34:51 | INFO    | epoch 3 | batch 1800/3143 | loss 0.8912 | acc 0.7302 | lr 9.99e-05 | 143s
2026-09-20 12:34:52 | INFO    | epoch 3 | batch 1820/3143 | loss 0.8908 | acc 0.7304 | lr 9.99e-05 | 144s
2026-09-20 12:34:54 | INFO    | epoch 3 | batch 1840/3143 | loss 0.8902 | acc 0.7308 | lr 9.99e-05 | 146s
2026-09-20 12:34:56 | INFO    | epoch 3 | batch 1860/3143 | loss 0.8903 | acc 0.7310 | lr 9.99e-05 | 148s
2026-09-20 12:34:57 | INFO    | epoch 3 | batch 1880/3143 | loss 0.8905 | acc 0.7309 | lr 9.99e-05 | 149s
2026-09-20 12:34:59 | INFO    | epoch 3 | batch 1900/3143 | loss 0.8902 | acc 0.7310 | lr 9.99e-05 | 151s
2026-09-20 12:35:00 | INFO    | epoch 3 | batch 1920/3143 | loss 0.8899 | acc 0.7312 | lr 9.99e-05 | 152s
2026-09-20 12:35:02 | INFO    | epoch 3 | batch 1940/3143 | loss 0.8896 | acc 0.7316 | lr 9.99e-05 | 154s
2026-09-20 12:35:04 | INFO    | epoch 3 | batch 1960/3143 | loss 0.8887 | acc 0.7323 | lr 9.99e-05 | 155s
2026-09-20 12:35:05 | INFO    | epoch 3 | batch 1980/3143 | loss 0.8883 | acc 0.7324 | lr 9.99e-05 | 157s
2026-09-20 12:35:07 | INFO    | epoch 3 | batch 2000/3143 | loss 0.8879 | acc 0.7326 | lr 9.99e-05 | 159s
2026-09-20 12:35:08 | INFO    | epoch 3 | batch 2020/3143 | loss 0.8872 | acc 0.7330 | lr 9.99e-05 | 160s
2026-09-20 12:35:10 | INFO    | epoch 3 | batch 2040/3143 | loss 0.8874 | acc 0.7328 | lr 9.99e-05 | 162s
2026-09-20 12:35:12 | INFO    | epoch 3 | batch 2060/3143 | loss 0.8864 | acc 0.7333 | lr 9.99e-05 | 163s
2026-09-20 12:35:13 | INFO    | epoch 3 | batch 2080/3143 | loss 0.8858 | acc 0.7337 | lr 9.99e-05 | 165s
2026-09-20 12:35:15 | INFO    | epoch 3 | batch 2100/3143 | loss 0.8849 | acc 0.7342 | lr 9.99e-05 | 167s
2026-09-20 12:35:16 | INFO    | epoch 3 | batch 2120/3143 | loss 0.8848 | acc 0.7344 | lr 9.99e-05 | 168s
2026-09-20 12:35:18 | INFO    | epoch 3 | batch 2140/3143 | loss 0.8839 | acc 0.7350 | lr 9.99e-05 | 170s
2026-09-20 12:35:20 | INFO    | epoch 3 | batch 2160/3143 | loss 0.8839 | acc 0.7349 | lr 9.99e-05 | 171s
2026-09-20 12:35:21 | INFO    | epoch 3 | batch 2180/3143 | loss 0.8834 | acc 0.7354 | lr 9.99e-05 | 173s
2026-09-20 12:35:23 | INFO    | epoch 3 | batch 2200/3143 | loss 0.8830 | acc 0.7356 | lr 9.99e-05 | 175s
2026-09-20 12:35:24 | INFO    | epoch 3 | batch 2220/3143 | loss 0.8823 | acc 0.7360 | lr 9.99e-05 | 176s
2026-09-20 12:35:26 | INFO    | epoch 3 | batch 2240/3143 | loss 0.8818 | acc 0.7362 | lr 9.99e-05 | 178s
2026-09-20 12:35:27 | INFO    | epoch 3 | batch 2260/3143 | loss 0.8812 | acc 0.7366 | lr 9.99e-05 | 179s
2026-09-20 12:35:29 | INFO    | epoch 3 | batch 2280/3143 | loss 0.8807 | acc 0.7369 | lr 9.99e-05 | 181s
2026-09-20 12:35:31 | INFO    | epoch 3 | batch 2300/3143 | loss 0.8800 | acc 0.7374 | lr 9.99e-05 | 183s
2026-09-20 12:35:32 | INFO    | epoch 3 | batch 2320/3143 | loss 0.8794 | acc 0.7378 | lr 9.99e-05 | 184s
2026-09-20 12:35:34 | INFO    | epoch 3 | batch 2340/3143 | loss 0.8785 | acc 0.7384 | lr 9.99e-05 | 186s
2026-09-20 12:35:35 | INFO    | epoch 3 | batch 2360/3143 | loss 0.8782 | acc 0.7387 | lr 9.99e-05 | 187s
2026-09-20 12:35:37 | INFO    | epoch 3 | batch 2380/3143 | loss 0.8773 | acc 0.7392 | lr 9.99e-05 | 189s
2026-09-20 12:35:39 | INFO    | epoch 3 | batch 2400/3143 | loss 0.8771 | acc 0.7394 | lr 9.99e-05 | 190s
2026-09-20 12:35:40 | INFO    | epoch 3 | batch 2420/3143 | loss 0.8763 | acc 0.7397 | lr 9.99e-05 | 192s
2026-09-20 12:35:42 | INFO    | epoch 3 | batch 2440/3143 | loss 0.8755 | acc 0.7402 | lr 9.99e-05 | 194s
2026-09-20 12:35:43 | INFO    | epoch 3 | batch 2460/3143 | loss 0.8748 | acc 0.7406 | lr 9.99e-05 | 195s
2026-09-20 12:35:45 | INFO    | epoch 3 | batch 2480/3143 | loss 0.8739 | acc 0.7411 | lr 9.99e-05 | 197s
2026-09-20 12:35:46 | INFO    | epoch 3 | batch 2500/3143 | loss 0.8734 | acc 0.7413 | lr 9.99e-05 | 198s
2026-09-20 12:35:48 | INFO    | epoch 3 | batch 2520/3143 | loss 0.8730 | acc 0.7416 | lr 9.99e-05 | 200s
2026-09-20 12:35:50 | INFO    | epoch 3 | batch 2540/3143 | loss 0.8726 | acc 0.7418 | lr 9.99e-05 | 202s
2026-09-20 12:35:51 | INFO    | epoch 3 | batch 2560/3143 | loss 0.8722 | acc 0.7419 | lr 9.99e-05 | 203s
2026-09-20 12:35:53 | INFO    | epoch 3 | batch 2580/3143 | loss 0.8719 | acc 0.7422 | lr 9.99e-05 | 205s
2026-09-20 12:35:54 | INFO    | epoch 3 | batch 2600/3143 | loss 0.8714 | acc 0.7425 | lr 9.99e-05 | 206s
2026-09-20 12:35:56 | INFO    | epoch 3 | batch 2620/3143 | loss 0.8710 | acc 0.7427 | lr 9.99e-05 | 208s
2026-09-20 12:35:58 | INFO    | epoch 3 | batch 2640/3143 | loss 0.8707 | acc 0.7429 | lr 9.99e-05 | 209s
2026-09-20 12:35:59 | INFO    | epoch 3 | batch 2660/3143 | loss 0.8702 | acc 0.7431 | lr 9.99e-05 | 211s
2026-09-20 12:36:01 | INFO    | epoch 3 | batch 2680/3143 | loss 0.8694 | acc 0.7436 | lr 9.99e-05 | 213s
2026-09-20 12:36:02 | INFO    | epoch 3 | batch 2700/3143 | loss 0.8692 | acc 0.7438 | lr 9.99e-05 | 214s
2026-09-20 12:36:04 | INFO    | epoch 3 | batch 2720/3143 | loss 0.8690 | acc 0.7439 | lr 9.99e-05 | 216s
2026-09-20 12:36:05 | INFO    | epoch 3 | batch 2740/3143 | loss 0.8686 | acc 0.7441 | lr 9.99e-05 | 217s
2026-09-20 12:36:07 | INFO    | epoch 3 | batch 2760/3143 | loss 0.8682 | acc 0.7444 | lr 9.99e-05 | 219s
2026-09-20 12:36:09 | INFO    | epoch 3 | batch 2780/3143 | loss 0.8681 | acc 0.7444 | lr 9.99e-05 | 220s
2026-09-20 12:36:10 | INFO    | epoch 3 | batch 2800/3143 | loss 0.8674 | acc 0.7448 | lr 9.99e-05 | 222s
2026-09-20 12:36:12 | INFO    | epoch 3 | batch 2820/3143 | loss 0.8671 | acc 0.7450 | lr 9.99e-05 | 224s
2026-09-20 12:36:13 | INFO    | epoch 3 | batch 2840/3143 | loss 0.8667 | acc 0.7451 | lr 9.99e-05 | 225s
2026-09-20 12:36:15 | INFO    | epoch 3 | batch 2860/3143 | loss 0.8664 | acc 0.7453 | lr 9.99e-05 | 227s
2026-09-20 12:36:17 | INFO    | epoch 3 | batch 2880/3143 | loss 0.8657 | acc 0.7458 | lr 9.99e-05 | 228s
2026-09-20 12:36:18 | INFO    | epoch 3 | batch 2900/3143 | loss 0.8656 | acc 0.7460 | lr 9.99e-05 | 230s
2026-09-20 12:36:20 | INFO    | epoch 3 | batch 2920/3143 | loss 0.8653 | acc 0.7463 | lr 9.99e-05 | 232s
2026-09-20 12:36:21 | INFO    | epoch 3 | batch 2940/3143 | loss 0.8649 | acc 0.7465 | lr 9.99e-05 | 233s
2026-09-20 12:36:23 | INFO    | epoch 3 | batch 2960/3143 | loss 0.8643 | acc 0.7468 | lr 9.99e-05 | 235s
2026-09-20 12:36:24 | INFO    | epoch 3 | batch 2980/3143 | loss 0.8638 | acc 0.7473 | lr 9.98e-05 | 236s
2026-09-20 12:36:26 | INFO    | epoch 3 | batch 3000/3143 | loss 0.8635 | acc 0.7474 | lr 9.98e-05 | 238s
2026-09-20 12:36:28 | INFO    | epoch 3 | batch 3020/3143 | loss 0.8632 | acc 0.7475 | lr 9.98e-05 | 240s
2026-09-20 12:36:29 | INFO    | epoch 3 | batch 3040/3143 | loss 0.8630 | acc 0.7477 | lr 9.98e-05 | 241s
2026-09-20 12:36:31 | INFO    | epoch 3 | batch 3060/3143 | loss 0.8627 | acc 0.7478 | lr 9.98e-05 | 243s
2026-09-20 12:36:32 | INFO    | epoch 3 | batch 3080/3143 | loss 0.8624 | acc 0.7481 | lr 9.98e-05 | 244s
2026-09-20 12:36:34 | INFO    | epoch 3 | batch 3100/3143 | loss 0.8622 | acc 0.7481 | lr 9.98e-05 | 246s
2026-09-20 12:36:36 | INFO    | epoch 3 | batch 3120/3143 | loss 0.8619 | acc 0.7484 | lr 9.98e-05 | 247s
2026-09-20 12:36:37 | INFO    | epoch 3 | batch 3140/3143 | loss 0.8618 | acc 0.7485 | lr 9.98e-05 | 249s
2026-09-20 12:36:37 | INFO    | epoch 3 | batch 3143/3143 | loss 0.8617 | acc 0.7485 | lr 9.98e-05 | 249s
2026-09-20 12:36:49 | INFO    | epoch 3/40 done in 261s | train loss 0.8617 | train running patch (aug): accuracy=0.7485 precision=0.7435 recall=0.7329 f1=0.7364
2026-09-20 12:36:49 | INFO    | epoch 3 train (eval, no aug) | loss 0.6843 | patch[7280]: accuracy=0.8490 precision=0.8455 recall=0.8443 f1=0.8444 | image[455]: accuracy=0.9538 precision=0.9559 recall=0.9482 f1=0.9512
2026-09-20 12:36:49 | INFO    | epoch 3 val | loss 1.0709 | patch[6048]: accuracy=0.6397 precision=0.6175 recall=0.6145 f1=0.6156 | image[96]: accuracy=0.6875 precision=0.6666 recall=0.6559 f1=0.6595
2026-09-20 12:36:49 | INFO    | val_patch_f1 = 0.6156 (best 0.6156 @ epoch 3) *
2026-09-20 12:36:51 | INFO    | epoch 4 | batch 20/3143 | loss 0.7512 | acc 0.8156 | lr 9.98e-05 | 2s
2026-09-20 12:36:52 | INFO    | epoch 4 | batch 40/3143 | loss 0.7696 | acc 0.8047 | lr 9.98e-05 | 3s
2026-09-20 12:36:54 | INFO    | epoch 4 | batch 60/3143 | loss 0.7893 | acc 0.7927 | lr 9.98e-05 | 5s
2026-09-20 12:36:55 | INFO    | epoch 4 | batch 80/3143 | loss 0.8007 | acc 0.7812 | lr 9.98e-05 | 6s
2026-09-20 12:36:57 | INFO    | epoch 4 | batch 100/3143 | loss 0.7948 | acc 0.7819 | lr 9.98e-05 | 8s
2026-09-20 12:36:58 | INFO    | epoch 4 | batch 120/3143 | loss 0.7869 | acc 0.7870 | lr 9.98e-05 | 10s
2026-09-20 12:37:00 | INFO    | epoch 4 | batch 140/3143 | loss 0.7878 | acc 0.7850 | lr 9.98e-05 | 11s
2026-09-20 12:37:02 | INFO    | epoch 4 | batch 160/3143 | loss 0.7847 | acc 0.7871 | lr 9.98e-05 | 13s
2026-09-20 12:37:03 | INFO    | epoch 4 | batch 180/3143 | loss 0.7839 | acc 0.7872 | lr 9.98e-05 | 14s
2026-09-20 12:37:05 | INFO    | epoch 4 | batch 200/3143 | loss 0.7881 | acc 0.7853 | lr 9.98e-05 | 16s
2026-09-20 12:37:06 | INFO    | epoch 4 | batch 220/3143 | loss 0.7866 | acc 0.7868 | lr 9.98e-05 | 17s
2026-09-20 12:37:08 | INFO    | epoch 4 | batch 240/3143 | loss 0.7888 | acc 0.7870 | lr 9.98e-05 | 19s
2026-09-20 12:37:09 | INFO    | epoch 4 | batch 260/3143 | loss 0.7875 | acc 0.7882 | lr 9.98e-05 | 21s
2026-09-20 12:37:11 | INFO    | epoch 4 | batch 280/3143 | loss 0.7872 | acc 0.7894 | lr 9.98e-05 | 22s
2026-09-20 12:37:13 | INFO    | epoch 4 | batch 300/3143 | loss 0.7882 | acc 0.7891 | lr 9.98e-05 | 24s
2026-09-20 12:37:14 | INFO    | epoch 4 | batch 320/3143 | loss 0.7876 | acc 0.7897 | lr 9.98e-05 | 26s
2026-09-20 12:37:16 | INFO    | epoch 4 | batch 340/3143 | loss 0.7862 | acc 0.7905 | lr 9.98e-05 | 27s
2026-09-20 12:37:18 | INFO    | epoch 4 | batch 360/3143 | loss 0.7834 | acc 0.7924 | lr 9.98e-05 | 29s
2026-09-20 12:37:19 | INFO    | epoch 4 | batch 380/3143 | loss 0.7837 | acc 0.7928 | lr 9.98e-05 | 30s
2026-09-20 12:37:21 | INFO    | epoch 4 | batch 400/3143 | loss 0.7817 | acc 0.7940 | lr 9.98e-05 | 32s
2026-09-20 12:37:22 | INFO    | epoch 4 | batch 420/3143 | loss 0.7814 | acc 0.7943 | lr 9.98e-05 | 33s
2026-09-20 12:37:24 | INFO    | epoch 4 | batch 440/3143 | loss 0.7827 | acc 0.7934 | lr 9.98e-05 | 35s
2026-09-20 12:37:25 | INFO    | epoch 4 | batch 460/3143 | loss 0.7840 | acc 0.7929 | lr 9.98e-05 | 37s
2026-09-20 12:37:27 | INFO    | epoch 4 | batch 480/3143 | loss 0.7835 | acc 0.7932 | lr 9.98e-05 | 38s
2026-09-20 12:37:29 | INFO    | epoch 4 | batch 500/3143 | loss 0.7826 | acc 0.7939 | lr 9.98e-05 | 40s
2026-09-20 12:37:30 | INFO    | epoch 4 | batch 520/3143 | loss 0.7824 | acc 0.7944 | lr 9.98e-05 | 41s
2026-09-20 12:37:32 | INFO    | epoch 4 | batch 540/3143 | loss 0.7824 | acc 0.7946 | lr 9.98e-05 | 43s
2026-09-20 12:37:33 | INFO    | epoch 4 | batch 560/3143 | loss 0.7819 | acc 0.7948 | lr 9.98e-05 | 44s
2026-09-20 12:37:35 | INFO    | epoch 4 | batch 580/3143 | loss 0.7793 | acc 0.7963 | lr 9.98e-05 | 46s
2026-09-20 12:37:37 | INFO    | epoch 4 | batch 600/3143 | loss 0.7779 | acc 0.7976 | lr 9.98e-05 | 48s
2026-09-20 12:37:38 | INFO    | epoch 4 | batch 620/3143 | loss 0.7786 | acc 0.7971 | lr 9.98e-05 | 49s
2026-09-20 12:37:40 | INFO    | epoch 4 | batch 640/3143 | loss 0.7780 | acc 0.7977 | lr 9.98e-05 | 51s
2026-09-20 12:37:41 | INFO    | epoch 4 | batch 660/3143 | loss 0.7768 | acc 0.7991 | lr 9.98e-05 | 52s
2026-09-20 12:37:43 | INFO    | epoch 4 | batch 680/3143 | loss 0.7771 | acc 0.7985 | lr 9.97e-05 | 54s
2026-09-20 12:37:44 | INFO    | epoch 4 | batch 700/3143 | loss 0.7768 | acc 0.7988 | lr 9.97e-05 | 56s
2026-09-20 12:37:46 | INFO    | epoch 4 | batch 720/3143 | loss 0.7766 | acc 0.7987 | lr 9.97e-05 | 57s
2026-09-20 12:37:48 | INFO    | epoch 4 | batch 740/3143 | loss 0.7775 | acc 0.7984 | lr 9.97e-05 | 59s
2026-09-20 12:37:49 | INFO    | epoch 4 | batch 760/3143 | loss 0.7769 | acc 0.7988 | lr 9.97e-05 | 60s
2026-09-20 12:37:51 | INFO    | epoch 4 | batch 780/3143 | loss 0.7760 | acc 0.7992 | lr 9.97e-05 | 62s
2026-09-20 12:37:52 | INFO    | epoch 4 | batch 800/3143 | loss 0.7754 | acc 0.7996 | lr 9.97e-05 | 64s
2026-09-20 12:37:54 | INFO    | epoch 4 | batch 820/3143 | loss 0.7758 | acc 0.7995 | lr 9.97e-05 | 65s
2026-09-20 12:37:56 | INFO    | epoch 4 | batch 840/3143 | loss 0.7750 | acc 0.8000 | lr 9.97e-05 | 67s
2026-09-20 12:37:57 | INFO    | epoch 4 | batch 860/3143 | loss 0.7748 | acc 0.7999 | lr 9.97e-05 | 68s
2026-09-20 12:37:59 | INFO    | epoch 4 | batch 880/3143 | loss 0.7737 | acc 0.8005 | lr 9.97e-05 | 70s
2026-09-20 12:38:00 | INFO    | epoch 4 | batch 900/3143 | loss 0.7728 | acc 0.8006 | lr 9.97e-05 | 71s
2026-09-20 12:38:02 | INFO    | epoch 4 | batch 920/3143 | loss 0.7724 | acc 0.8007 | lr 9.97e-05 | 73s
2026-09-20 12:38:04 | INFO    | epoch 4 | batch 940/3143 | loss 0.7725 | acc 0.8007 | lr 9.97e-05 | 75s
2026-09-20 12:38:05 | INFO    | epoch 4 | batch 960/3143 | loss 0.7719 | acc 0.8012 | lr 9.97e-05 | 76s
2026-09-20 12:38:07 | INFO    | epoch 4 | batch 980/3143 | loss 0.7722 | acc 0.8011 | lr 9.97e-05 | 78s
2026-09-20 12:38:08 | INFO    | epoch 4 | batch 1000/3143 | loss 0.7711 | acc 0.8017 | lr 9.97e-05 | 79s
2026-09-20 12:38:10 | INFO    | epoch 4 | batch 1020/3143 | loss 0.7710 | acc 0.8019 | lr 9.97e-05 | 81s
2026-09-20 12:38:12 | INFO    | epoch 4 | batch 1040/3143 | loss 0.7714 | acc 0.8015 | lr 9.97e-05 | 83s
2026-09-20 12:38:13 | INFO    | epoch 4 | batch 1060/3143 | loss 0.7715 | acc 0.8015 | lr 9.97e-05 | 84s
2026-09-20 12:38:15 | INFO    | epoch 4 | batch 1080/3143 | loss 0.7712 | acc 0.8015 | lr 9.97e-05 | 86s
2026-09-20 12:38:16 | INFO    | epoch 4 | batch 1100/3143 | loss 0.7709 | acc 0.8017 | lr 9.97e-05 | 87s
2026-09-20 12:38:18 | INFO    | epoch 4 | batch 1120/3143 | loss 0.7710 | acc 0.8016 | lr 9.97e-05 | 89s
2026-09-20 12:38:19 | INFO    | epoch 4 | batch 1140/3143 | loss 0.7709 | acc 0.8016 | lr 9.97e-05 | 91s
2026-09-20 12:38:21 | INFO    | epoch 4 | batch 1160/3143 | loss 0.7705 | acc 0.8021 | lr 9.97e-05 | 92s
2026-09-20 12:38:23 | INFO    | epoch 4 | batch 1180/3143 | loss 0.7699 | acc 0.8024 | lr 9.97e-05 | 94s
2026-09-20 12:38:24 | INFO    | epoch 4 | batch 1200/3143 | loss 0.7695 | acc 0.8027 | lr 9.97e-05 | 95s
2026-09-20 12:38:26 | INFO    | epoch 4 | batch 1220/3143 | loss 0.7693 | acc 0.8029 | lr 9.97e-05 | 97s
2026-09-20 12:38:27 | INFO    | epoch 4 | batch 1240/3143 | loss 0.7693 | acc 0.8030 | lr 9.97e-05 | 98s
2026-09-20 12:38:29 | INFO    | epoch 4 | batch 1260/3143 | loss 0.7692 | acc 0.8030 | lr 9.97e-05 | 100s
2026-09-20 12:38:30 | INFO    | epoch 4 | batch 1280/3143 | loss 0.7692 | acc 0.8032 | lr 9.97e-05 | 102s
2026-09-20 12:38:32 | INFO    | epoch 4 | batch 1300/3143 | loss 0.7691 | acc 0.8033 | lr 9.97e-05 | 103s
2026-09-20 12:38:34 | INFO    | epoch 4 | batch 1320/3143 | loss 0.7683 | acc 0.8037 | lr 9.97e-05 | 105s
2026-09-20 12:38:35 | INFO    | epoch 4 | batch 1340/3143 | loss 0.7681 | acc 0.8039 | lr 9.97e-05 | 106s
2026-09-20 12:38:37 | INFO    | epoch 4 | batch 1360/3143 | loss 0.7677 | acc 0.8041 | lr 9.97e-05 | 108s
2026-09-20 12:38:38 | INFO    | epoch 4 | batch 1380/3143 | loss 0.7677 | acc 0.8041 | lr 9.97e-05 | 109s
2026-09-20 12:38:40 | INFO    | epoch 4 | batch 1400/3143 | loss 0.7671 | acc 0.8043 | lr 9.96e-05 | 111s
2026-09-20 12:38:41 | INFO    | epoch 4 | batch 1420/3143 | loss 0.7663 | acc 0.8047 | lr 9.96e-05 | 113s
2026-09-20 12:38:43 | INFO    | epoch 4 | batch 1440/3143 | loss 0.7657 | acc 0.8050 | lr 9.96e-05 | 114s
2026-09-20 12:38:45 | INFO    | epoch 4 | batch 1460/3143 | loss 0.7645 | acc 0.8055 | lr 9.96e-05 | 116s
2026-09-20 12:38:46 | INFO    | epoch 4 | batch 1480/3143 | loss 0.7646 | acc 0.8054 | lr 9.96e-05 | 117s
2026-09-20 12:38:48 | INFO    | epoch 4 | batch 1500/3143 | loss 0.7643 | acc 0.8057 | lr 9.96e-05 | 119s
2026-09-20 12:38:49 | INFO    | epoch 4 | batch 1520/3143 | loss 0.7642 | acc 0.8058 | lr 9.96e-05 | 120s
2026-09-20 12:38:51 | INFO    | epoch 4 | batch 1540/3143 | loss 0.7639 | acc 0.8060 | lr 9.96e-05 | 122s
2026-09-20 12:38:53 | INFO    | epoch 4 | batch 1560/3143 | loss 0.7635 | acc 0.8063 | lr 9.96e-05 | 124s
2026-09-20 12:38:54 | INFO    | epoch 4 | batch 1580/3143 | loss 0.7633 | acc 0.8064 | lr 9.96e-05 | 125s
2026-09-20 12:38:56 | INFO    | epoch 4 | batch 1600/3143 | loss 0.7630 | acc 0.8062 | lr 9.96e-05 | 127s
2026-09-20 12:38:57 | INFO    | epoch 4 | batch 1620/3143 | loss 0.7628 | acc 0.8064 | lr 9.96e-05 | 128s
2026-09-20 12:38:59 | INFO    | epoch 4 | batch 1640/3143 | loss 0.7622 | acc 0.8067 | lr 9.96e-05 | 130s
2026-09-20 12:39:00 | INFO    | epoch 4 | batch 1660/3143 | loss 0.7615 | acc 0.8071 | lr 9.96e-05 | 132s
2026-09-20 12:39:02 | INFO    | epoch 4 | batch 1680/3143 | loss 0.7613 | acc 0.8072 | lr 9.96e-05 | 133s
2026-09-20 12:39:04 | INFO    | epoch 4 | batch 1700/3143 | loss 0.7611 | acc 0.8073 | lr 9.96e-05 | 135s
2026-09-20 12:39:05 | INFO    | epoch 4 | batch 1720/3143 | loss 0.7606 | acc 0.8074 | lr 9.96e-05 | 136s
2026-09-20 12:39:07 | INFO    | epoch 4 | batch 1740/3143 | loss 0.7606 | acc 0.8074 | lr 9.96e-05 | 138s
2026-09-20 12:39:08 | INFO    | epoch 4 | batch 1760/3143 | loss 0.7602 | acc 0.8076 | lr 9.96e-05 | 140s
2026-09-20 12:39:10 | INFO    | epoch 4 | batch 1780/3143 | loss 0.7599 | acc 0.8077 | lr 9.96e-05 | 141s
2026-09-20 12:39:12 | INFO    | epoch 4 | batch 1800/3143 | loss 0.7592 | acc 0.8081 | lr 9.96e-05 | 143s
2026-09-20 12:39:13 | INFO    | epoch 4 | batch 1820/3143 | loss 0.7588 | acc 0.8083 | lr 9.96e-05 | 144s
2026-09-20 12:39:15 | INFO    | epoch 4 | batch 1840/3143 | loss 0.7589 | acc 0.8081 | lr 9.96e-05 | 146s
2026-09-20 12:39:16 | INFO    | epoch 4 | batch 1860/3143 | loss 0.7590 | acc 0.8080 | lr 9.96e-05 | 147s
2026-09-20 12:39:18 | INFO    | epoch 4 | batch 1880/3143 | loss 0.7584 | acc 0.8084 | lr 9.96e-05 | 149s
2026-09-20 12:39:20 | INFO    | epoch 4 | batch 1900/3143 | loss 0.7587 | acc 0.8083 | lr 9.96e-05 | 151s
2026-09-20 12:39:21 | INFO    | epoch 4 | batch 1920/3143 | loss 0.7584 | acc 0.8086 | lr 9.96e-05 | 152s
2026-09-20 12:39:23 | INFO    | epoch 4 | batch 1940/3143 | loss 0.7585 | acc 0.8085 | lr 9.96e-05 | 154s
2026-09-20 12:39:24 | INFO    | epoch 4 | batch 1960/3143 | loss 0.7584 | acc 0.8085 | lr 9.96e-05 | 155s
2026-09-20 12:39:26 | INFO    | epoch 4 | batch 1980/3143 | loss 0.7580 | acc 0.8086 | lr 9.96e-05 | 157s
2026-09-20 12:39:27 | INFO    | epoch 4 | batch 2000/3143 | loss 0.7577 | acc 0.8089 | lr 9.95e-05 | 159s
2026-09-20 12:39:29 | INFO    | epoch 4 | batch 2020/3143 | loss 0.7574 | acc 0.8090 | lr 9.95e-05 | 160s
2026-09-20 12:39:31 | INFO    | epoch 4 | batch 2040/3143 | loss 0.7566 | acc 0.8095 | lr 9.95e-05 | 162s
2026-09-20 12:39:32 | INFO    | epoch 4 | batch 2060/3143 | loss 0.7563 | acc 0.8096 | lr 9.95e-05 | 163s
2026-09-20 12:39:34 | INFO    | epoch 4 | batch 2080/3143 | loss 0.7560 | acc 0.8100 | lr 9.95e-05 | 165s
2026-09-20 12:39:35 | INFO    | epoch 4 | batch 2100/3143 | loss 0.7559 | acc 0.8100 | lr 9.95e-05 | 167s
2026-09-20 12:39:37 | INFO    | epoch 4 | batch 2120/3143 | loss 0.7558 | acc 0.8101 | lr 9.95e-05 | 168s
2026-09-20 12:39:39 | INFO    | epoch 4 | batch 2140/3143 | loss 0.7556 | acc 0.8102 | lr 9.95e-05 | 170s
2026-09-20 12:39:40 | INFO    | epoch 4 | batch 2160/3143 | loss 0.7552 | acc 0.8104 | lr 9.95e-05 | 171s
2026-09-20 12:39:42 | INFO    | epoch 4 | batch 2180/3143 | loss 0.7549 | acc 0.8105 | lr 9.95e-05 | 173s
2026-09-20 12:39:44 | INFO    | epoch 4 | batch 2200/3143 | loss 0.7545 | acc 0.8108 | lr 9.95e-05 | 175s
2026-09-20 12:39:45 | INFO    | epoch 4 | batch 2220/3143 | loss 0.7542 | acc 0.8110 | lr 9.95e-05 | 176s
2026-09-20 12:39:47 | INFO    | epoch 4 | batch 2240/3143 | loss 0.7541 | acc 0.8110 | lr 9.95e-05 | 178s
2026-09-20 12:39:48 | INFO    | epoch 4 | batch 2260/3143 | loss 0.7538 | acc 0.8112 | lr 9.95e-05 | 179s
2026-09-20 12:39:50 | INFO    | epoch 4 | batch 2280/3143 | loss 0.7534 | acc 0.8113 | lr 9.95e-05 | 181s
2026-09-20 12:39:51 | INFO    | epoch 4 | batch 2300/3143 | loss 0.7532 | acc 0.8114 | lr 9.95e-05 | 183s
2026-09-20 12:39:53 | INFO    | epoch 4 | batch 2320/3143 | loss 0.7528 | acc 0.8116 | lr 9.95e-05 | 184s
2026-09-20 12:39:55 | INFO    | epoch 4 | batch 2340/3143 | loss 0.7526 | acc 0.8117 | lr 9.95e-05 | 186s
2026-09-20 12:39:56 | INFO    | epoch 4 | batch 2360/3143 | loss 0.7524 | acc 0.8119 | lr 9.95e-05 | 187s
2026-09-20 12:39:58 | INFO    | epoch 4 | batch 2380/3143 | loss 0.7521 | acc 0.8121 | lr 9.95e-05 | 189s
2026-09-20 12:39:59 | INFO    | epoch 4 | batch 2400/3143 | loss 0.7521 | acc 0.8122 | lr 9.95e-05 | 190s
2026-09-20 12:40:01 | INFO    | epoch 4 | batch 2420/3143 | loss 0.7518 | acc 0.8123 | lr 9.95e-05 | 192s
2026-09-20 12:40:02 | INFO    | epoch 4 | batch 2440/3143 | loss 0.7518 | acc 0.8122 | lr 9.95e-05 | 194s
2026-09-20 12:40:04 | INFO    | epoch 4 | batch 2460/3143 | loss 0.7515 | acc 0.8124 | lr 9.95e-05 | 195s
2026-09-20 12:40:06 | INFO    | epoch 4 | batch 2480/3143 | loss 0.7512 | acc 0.8125 | lr 9.95e-05 | 197s
2026-09-20 12:40:07 | INFO    | epoch 4 | batch 2500/3143 | loss 0.7510 | acc 0.8126 | lr 9.95e-05 | 198s
2026-09-20 12:40:09 | INFO    | epoch 4 | batch 2520/3143 | loss 0.7507 | acc 0.8127 | lr 9.95e-05 | 200s
2026-09-20 12:40:10 | INFO    | epoch 4 | batch 2540/3143 | loss 0.7507 | acc 0.8128 | lr 9.94e-05 | 201s
2026-09-20 12:40:12 | INFO    | epoch 4 | batch 2560/3143 | loss 0.7505 | acc 0.8129 | lr 9.94e-05 | 203s
2026-09-20 12:40:14 | INFO    | epoch 4 | batch 2580/3143 | loss 0.7503 | acc 0.8130 | lr 9.94e-05 | 205s
2026-09-20 12:40:15 | INFO    | epoch 4 | batch 2600/3143 | loss 0.7498 | acc 0.8133 | lr 9.94e-05 | 206s
2026-09-20 12:40:17 | INFO    | epoch 4 | batch 2620/3143 | loss 0.7498 | acc 0.8133 | lr 9.94e-05 | 208s
2026-09-20 12:40:18 | INFO    | epoch 4 | batch 2640/3143 | loss 0.7495 | acc 0.8135 | lr 9.94e-05 | 209s
2026-09-20 12:40:20 | INFO    | epoch 4 | batch 2660/3143 | loss 0.7493 | acc 0.8137 | lr 9.94e-05 | 211s
2026-09-20 12:40:21 | INFO    | epoch 4 | batch 2680/3143 | loss 0.7494 | acc 0.8136 | lr 9.94e-05 | 213s
2026-09-20 12:40:23 | INFO    | epoch 4 | batch 2700/3143 | loss 0.7488 | acc 0.8140 | lr 9.94e-05 | 214s
2026-09-20 12:40:25 | INFO    | epoch 4 | batch 2720/3143 | loss 0.7488 | acc 0.8140 | lr 9.94e-05 | 216s
2026-09-20 12:40:26 | INFO    | epoch 4 | batch 2740/3143 | loss 0.7483 | acc 0.8142 | lr 9.94e-05 | 217s
2026-09-20 12:40:28 | INFO    | epoch 4 | batch 2760/3143 | loss 0.7483 | acc 0.8144 | lr 9.94e-05 | 219s
2026-09-20 12:40:29 | INFO    | epoch 4 | batch 2780/3143 | loss 0.7483 | acc 0.8143 | lr 9.94e-05 | 220s
2026-09-20 12:40:31 | INFO    | epoch 4 | batch 2800/3143 | loss 0.7482 | acc 0.8144 | lr 9.94e-05 | 222s
2026-09-20 12:40:32 | INFO    | epoch 4 | batch 2820/3143 | loss 0.7476 | acc 0.8147 | lr 9.94e-05 | 224s
2026-09-20 12:40:34 | INFO    | epoch 4 | batch 2840/3143 | loss 0.7476 | acc 0.8147 | lr 9.94e-05 | 225s
2026-09-20 12:40:36 | INFO    | epoch 4 | batch 2860/3143 | loss 0.7475 | acc 0.8148 | lr 9.94e-05 | 227s
2026-09-20 12:40:37 | INFO    | epoch 4 | batch 2880/3143 | loss 0.7476 | acc 0.8147 | lr 9.94e-05 | 228s
2026-09-20 12:40:39 | INFO    | epoch 4 | batch 2900/3143 | loss 0.7470 | acc 0.8151 | lr 9.94e-05 | 230s
2026-09-20 12:40:40 | INFO    | epoch 4 | batch 2920/3143 | loss 0.7467 | acc 0.8153 | lr 9.94e-05 | 231s
2026-09-20 12:40:42 | INFO    | epoch 4 | batch 2940/3143 | loss 0.7462 | acc 0.8155 | lr 9.94e-05 | 233s
2026-09-20 12:40:43 | INFO    | epoch 4 | batch 2960/3143 | loss 0.7463 | acc 0.8155 | lr 9.94e-05 | 235s
2026-09-20 12:40:45 | INFO    | epoch 4 | batch 2980/3143 | loss 0.7458 | acc 0.8158 | lr 9.94e-05 | 236s
2026-09-20 12:40:47 | INFO    | epoch 4 | batch 3000/3143 | loss 0.7454 | acc 0.8162 | lr 9.94e-05 | 238s
2026-09-20 12:40:48 | INFO    | epoch 4 | batch 3020/3143 | loss 0.7453 | acc 0.8162 | lr 9.94e-05 | 239s
2026-09-20 12:40:50 | INFO    | epoch 4 | batch 3040/3143 | loss 0.7452 | acc 0.8163 | lr 9.93e-05 | 241s
2026-09-20 12:40:51 | INFO    | epoch 4 | batch 3060/3143 | loss 0.7450 | acc 0.8164 | lr 9.93e-05 | 243s
2026-09-20 12:40:53 | INFO    | epoch 4 | batch 3080/3143 | loss 0.7448 | acc 0.8166 | lr 9.93e-05 | 244s
2026-09-20 12:40:55 | INFO    | epoch 4 | batch 3100/3143 | loss 0.7446 | acc 0.8166 | lr 9.93e-05 | 246s
2026-09-20 12:40:56 | INFO    | epoch 4 | batch 3120/3143 | loss 0.7446 | acc 0.8166 | lr 9.93e-05 | 247s
2026-09-20 12:40:58 | INFO    | epoch 4 | batch 3140/3143 | loss 0.7445 | acc 0.8167 | lr 9.93e-05 | 249s
2026-09-20 12:40:58 | INFO    | epoch 4 | batch 3143/3143 | loss 0.7444 | acc 0.8168 | lr 9.93e-05 | 249s
2026-09-20 12:41:09 | INFO    | epoch 4/40 done in 260s | train loss 0.7444 | train running patch (aug): accuracy=0.8168 precision=0.8136 recall=0.8069 f1=0.8097
2026-09-20 12:41:09 | INFO    | epoch 4 train (eval, no aug) | loss 0.6508 | patch[7280]: accuracy=0.8659 precision=0.8634 recall=0.8620 f1=0.8620 | image[455]: accuracy=0.9560 precision=0.9573 recall=0.9562 f1=0.9564
2026-09-20 12:41:09 | INFO    | epoch 4 val | loss 1.1549 | patch[6048]: accuracy=0.6381 precision=0.6122 recall=0.6134 f1=0.6111 | image[96]: accuracy=0.7083 precision=0.6733 recall=0.6784 f1=0.6722
2026-09-20 12:41:09 | INFO    | val_patch_f1 = 0.6111 (best 0.6156 @ epoch 3)
2026-09-20 12:41:11 | INFO    | epoch 5 | batch 20/3143 | loss 0.6847 | acc 0.8375 | lr 9.93e-05 | 2s
2026-09-20 12:41:13 | INFO    | epoch 5 | batch 40/3143 | loss 0.7031 | acc 0.8344 | lr 9.93e-05 | 3s
2026-09-20 12:41:14 | INFO    | epoch 5 | batch 60/3143 | loss 0.7010 | acc 0.8318 | lr 9.93e-05 | 5s
2026-09-20 12:41:16 | INFO    | epoch 5 | batch 80/3143 | loss 0.7034 | acc 0.8340 | lr 9.93e-05 | 6s
2026-09-20 12:41:17 | INFO    | epoch 5 | batch 100/3143 | loss 0.7025 | acc 0.8337 | lr 9.93e-05 | 8s
2026-09-20 12:41:19 | INFO    | epoch 5 | batch 120/3143 | loss 0.7077 | acc 0.8299 | lr 9.93e-05 | 10s
2026-09-20 12:41:20 | INFO    | epoch 5 | batch 140/3143 | loss 0.7066 | acc 0.8315 | lr 9.93e-05 | 11s
2026-09-20 12:41:22 | INFO    | epoch 5 | batch 160/3143 | loss 0.7068 | acc 0.8320 | lr 9.93e-05 | 13s
2026-09-20 12:41:24 | INFO    | epoch 5 | batch 180/3143 | loss 0.7045 | acc 0.8349 | lr 9.93e-05 | 14s
2026-09-20 12:41:25 | INFO    | epoch 5 | batch 200/3143 | loss 0.7039 | acc 0.8352 | lr 9.93e-05 | 16s
2026-09-20 12:41:27 | INFO    | epoch 5 | batch 220/3143 | loss 0.7042 | acc 0.8349 | lr 9.93e-05 | 17s
2026-09-20 12:41:28 | INFO    | epoch 5 | batch 240/3143 | loss 0.7030 | acc 0.8371 | lr 9.93e-05 | 19s
2026-09-20 12:41:30 | INFO    | epoch 5 | batch 260/3143 | loss 0.7023 | acc 0.8367 | lr 9.93e-05 | 21s
2026-09-20 12:41:31 | INFO    | epoch 5 | batch 280/3143 | loss 0.7026 | acc 0.8373 | lr 9.93e-05 | 22s
2026-09-20 12:41:33 | INFO    | epoch 5 | batch 300/3143 | loss 0.7025 | acc 0.8371 | lr 9.93e-05 | 24s
2026-09-20 12:41:35 | INFO    | epoch 5 | batch 320/3143 | loss 0.7024 | acc 0.8374 | lr 9.93e-05 | 25s
2026-09-20 12:41:36 | INFO    | epoch 5 | batch 340/3143 | loss 0.6995 | acc 0.8404 | lr 9.93e-05 | 27s
2026-09-20 12:41:38 | INFO    | epoch 5 | batch 360/3143 | loss 0.7002 | acc 0.8404 | lr 9.92e-05 | 28s
2026-09-20 12:41:39 | INFO    | epoch 5 | batch 380/3143 | loss 0.6986 | acc 0.8405 | lr 9.92e-05 | 30s
2026-09-20 12:41:41 | INFO    | epoch 5 | batch 400/3143 | loss 0.6986 | acc 0.8402 | lr 9.92e-05 | 32s
2026-09-20 12:41:42 | INFO    | epoch 5 | batch 420/3143 | loss 0.6996 | acc 0.8395 | lr 9.92e-05 | 33s
2026-09-20 12:41:44 | INFO    | epoch 5 | batch 440/3143 | loss 0.7006 | acc 0.8386 | lr 9.92e-05 | 35s
2026-09-20 12:41:46 | INFO    | epoch 5 | batch 460/3143 | loss 0.7028 | acc 0.8368 | lr 9.92e-05 | 36s
2026-09-20 12:41:47 | INFO    | epoch 5 | batch 480/3143 | loss 0.7033 | acc 0.8365 | lr 9.92e-05 | 38s
2026-09-20 12:41:49 | INFO    | epoch 5 | batch 500/3143 | loss 0.7034 | acc 0.8363 | lr 9.92e-05 | 39s
2026-09-20 12:41:50 | INFO    | epoch 5 | batch 520/3143 | loss 0.7022 | acc 0.8374 | lr 9.92e-05 | 41s
2026-09-20 12:41:52 | INFO    | epoch 5 | batch 540/3143 | loss 0.7031 | acc 0.8372 | lr 9.92e-05 | 43s
2026-09-20 12:41:53 | INFO    | epoch 5 | batch 560/3143 | loss 0.7024 | acc 0.8374 | lr 9.92e-05 | 44s
2026-09-20 12:41:55 | INFO    | epoch 5 | batch 580/3143 | loss 0.7010 | acc 0.8381 | lr 9.92e-05 | 46s
2026-09-20 12:41:57 | INFO    | epoch 5 | batch 600/3143 | loss 0.7008 | acc 0.8382 | lr 9.92e-05 | 47s
2026-09-20 12:41:58 | INFO    | epoch 5 | batch 620/3143 | loss 0.7004 | acc 0.8385 | lr 9.92e-05 | 49s
2026-09-20 12:42:00 | INFO    | epoch 5 | batch 640/3143 | loss 0.7003 | acc 0.8386 | lr 9.92e-05 | 50s
2026-09-20 12:42:01 | INFO    | epoch 5 | batch 660/3143 | loss 0.7002 | acc 0.8386 | lr 9.92e-05 | 52s
2026-09-20 12:42:03 | INFO    | epoch 5 | batch 680/3143 | loss 0.6989 | acc 0.8393 | lr 9.92e-05 | 54s
2026-09-20 12:42:04 | INFO    | epoch 5 | batch 700/3143 | loss 0.6991 | acc 0.8395 | lr 9.92e-05 | 55s
2026-09-20 12:42:06 | INFO    | epoch 5 | batch 720/3143 | loss 0.6985 | acc 0.8404 | lr 9.92e-05 | 57s
2026-09-20 12:42:08 | INFO    | epoch 5 | batch 740/3143 | loss 0.6993 | acc 0.8398 | lr 9.92e-05 | 58s
2026-09-20 12:42:09 | INFO    | epoch 5 | batch 760/3143 | loss 0.6994 | acc 0.8395 | lr 9.92e-05 | 60s
2026-09-20 12:42:11 | INFO    | epoch 5 | batch 780/3143 | loss 0.6984 | acc 0.8401 | lr 9.91e-05 | 61s
2026-09-20 12:42:12 | INFO    | epoch 5 | batch 800/3143 | loss 0.6978 | acc 0.8409 | lr 9.91e-05 | 63s
2026-09-20 12:42:14 | INFO    | epoch 5 | batch 820/3143 | loss 0.6977 | acc 0.8411 | lr 9.91e-05 | 65s
2026-09-20 12:42:16 | INFO    | epoch 5 | batch 840/3143 | loss 0.6967 | acc 0.8418 | lr 9.91e-05 | 66s
2026-09-20 12:42:17 | INFO    | epoch 5 | batch 860/3143 | loss 0.6964 | acc 0.8419 | lr 9.91e-05 | 68s
2026-09-20 12:42:19 | INFO    | epoch 5 | batch 880/3143 | loss 0.6955 | acc 0.8424 | lr 9.91e-05 | 69s
2026-09-20 12:42:20 | INFO    | epoch 5 | batch 900/3143 | loss 0.6960 | acc 0.8421 | lr 9.91e-05 | 71s
2026-09-20 12:42:22 | INFO    | epoch 5 | batch 920/3143 | loss 0.6948 | acc 0.8430 | lr 9.91e-05 | 73s
2026-09-20 12:42:23 | INFO    | epoch 5 | batch 940/3143 | loss 0.6940 | acc 0.8436 | lr 9.91e-05 | 74s
2026-09-20 12:42:25 | INFO    | epoch 5 | batch 960/3143 | loss 0.6934 | acc 0.8438 | lr 9.91e-05 | 76s
2026-09-20 12:42:27 | INFO    | epoch 5 | batch 980/3143 | loss 0.6934 | acc 0.8439 | lr 9.91e-05 | 77s
2026-09-20 12:42:28 | INFO    | epoch 5 | batch 1000/3143 | loss 0.6926 | acc 0.8444 | lr 9.91e-05 | 79s
2026-09-20 12:42:30 | INFO    | epoch 5 | batch 1020/3143 | loss 0.6927 | acc 0.8444 | lr 9.91e-05 | 80s
2026-09-20 12:42:31 | INFO    | epoch 5 | batch 1040/3143 | loss 0.6919 | acc 0.8451 | lr 9.91e-05 | 82s
2026-09-20 12:42:33 | INFO    | epoch 5 | batch 1060/3143 | loss 0.6920 | acc 0.8452 | lr 9.91e-05 | 84s
2026-09-20 12:42:34 | INFO    | epoch 5 | batch 1080/3143 | loss 0.6920 | acc 0.8452 | lr 9.91e-05 | 85s
2026-09-20 12:42:36 | INFO    | epoch 5 | batch 1100/3143 | loss 0.6913 | acc 0.8454 | lr 9.91e-05 | 87s
2026-09-20 12:42:38 | INFO    | epoch 5 | batch 1120/3143 | loss 0.6912 | acc 0.8456 | lr 9.91e-05 | 88s
2026-09-20 12:42:39 | INFO    | epoch 5 | batch 1140/3143 | loss 0.6914 | acc 0.8453 | lr 9.91e-05 | 90s
2026-09-20 12:42:41 | INFO    | epoch 5 | batch 1160/3143 | loss 0.6915 | acc 0.8452 | lr 9.91e-05 | 91s
2026-09-20 12:42:42 | INFO    | epoch 5 | batch 1180/3143 | loss 0.6918 | acc 0.8451 | lr 9.90e-05 | 93s
2026-09-20 12:42:44 | INFO    | epoch 5 | batch 1200/3143 | loss 0.6917 | acc 0.8449 | lr 9.90e-05 | 95s
2026-09-20 12:42:46 | INFO    | epoch 5 | batch 1220/3143 | loss 0.6916 | acc 0.8448 | lr 9.90e-05 | 96s
2026-09-20 12:42:47 | INFO    | epoch 5 | batch 1240/3143 | loss 0.6911 | acc 0.8451 | lr 9.90e-05 | 98s
2026-09-20 12:42:49 | INFO    | epoch 5 | batch 1260/3143 | loss 0.6913 | acc 0.8451 | lr 9.90e-05 | 99s
2026-09-20 12:42:50 | INFO    | epoch 5 | batch 1280/3143 | loss 0.6911 | acc 0.8453 | lr 9.90e-05 | 101s
2026-09-20 12:42:52 | INFO    | epoch 5 | batch 1300/3143 | loss 0.6913 | acc 0.8451 | lr 9.90e-05 | 102s
2026-09-20 12:42:53 | INFO    | epoch 5 | batch 1320/3143 | loss 0.6908 | acc 0.8453 | lr 9.90e-05 | 104s
2026-09-20 12:42:55 | INFO    | epoch 5 | batch 1340/3143 | loss 0.6912 | acc 0.8452 | lr 9.90e-05 | 106s
2026-09-20 12:42:57 | INFO    | epoch 5 | batch 1360/3143 | loss 0.6913 | acc 0.8451 | lr 9.90e-05 | 107s
2026-09-20 12:42:58 | INFO    | epoch 5 | batch 1380/3143 | loss 0.6909 | acc 0.8454 | lr 9.90e-05 | 109s
2026-09-20 12:43:00 | INFO    | epoch 5 | batch 1400/3143 | loss 0.6906 | acc 0.8457 | lr 9.90e-05 | 110s
2026-09-20 12:43:01 | INFO    | epoch 5 | batch 1420/3143 | loss 0.6900 | acc 0.8461 | lr 9.90e-05 | 112s
2026-09-20 12:43:03 | INFO    | epoch 5 | batch 1440/3143 | loss 0.6898 | acc 0.8462 | lr 9.90e-05 | 114s
2026-09-20 12:43:04 | INFO    | epoch 5 | batch 1460/3143 | loss 0.6896 | acc 0.8465 | lr 9.90e-05 | 115s
2026-09-20 12:43:06 | INFO    | epoch 5 | batch 1480/3143 | loss 0.6894 | acc 0.8466 | lr 9.90e-05 | 117s
2026-09-20 12:43:08 | INFO    | epoch 5 | batch 1500/3143 | loss 0.6891 | acc 0.8469 | lr 9.90e-05 | 118s
2026-09-20 12:43:09 | INFO    | epoch 5 | batch 1520/3143 | loss 0.6892 | acc 0.8469 | lr 9.90e-05 | 120s
2026-09-20 12:43:11 | INFO    | epoch 5 | batch 1540/3143 | loss 0.6886 | acc 0.8472 | lr 9.90e-05 | 121s
2026-09-20 12:43:12 | INFO    | epoch 5 | batch 1560/3143 | loss 0.6884 | acc 0.8474 | lr 9.89e-05 | 123s
2026-09-20 12:43:14 | INFO    | epoch 5 | batch 1580/3143 | loss 0.6885 | acc 0.8473 | lr 9.89e-05 | 125s
2026-09-20 12:43:15 | INFO    | epoch 5 | batch 1600/3143 | loss 0.6882 | acc 0.8474 | lr 9.89e-05 | 126s
2026-09-20 12:43:17 | INFO    | epoch 5 | batch 1620/3143 | loss 0.6881 | acc 0.8474 | lr 9.89e-05 | 128s
2026-09-20 12:43:19 | INFO    | epoch 5 | batch 1640/3143 | loss 0.6882 | acc 0.8473 | lr 9.89e-05 | 129s
2026-09-20 12:43:20 | INFO    | epoch 5 | batch 1660/3143 | loss 0.6879 | acc 0.8476 | lr 9.89e-05 | 131s
2026-09-20 12:43:22 | INFO    | epoch 5 | batch 1680/3143 | loss 0.6876 | acc 0.8478 | lr 9.89e-05 | 133s
2026-09-20 12:43:24 | INFO    | epoch 5 | batch 1700/3143 | loss 0.6872 | acc 0.8481 | lr 9.89e-05 | 134s
2026-09-20 12:43:25 | INFO    | epoch 5 | batch 1720/3143 | loss 0.6876 | acc 0.8478 | lr 9.89e-05 | 136s
2026-09-20 12:43:27 | INFO    | epoch 5 | batch 1740/3143 | loss 0.6873 | acc 0.8480 | lr 9.89e-05 | 137s
2026-09-20 12:43:28 | INFO    | epoch 5 | batch 1760/3143 | loss 0.6873 | acc 0.8479 | lr 9.89e-05 | 139s
2026-09-20 12:43:30 | INFO    | epoch 5 | batch 1780/3143 | loss 0.6870 | acc 0.8481 | lr 9.89e-05 | 141s
2026-09-20 12:43:31 | INFO    | epoch 5 | batch 1800/3143 | loss 0.6863 | acc 0.8485 | lr 9.89e-05 | 142s
2026-09-20 12:43:33 | INFO    | epoch 5 | batch 1820/3143 | loss 0.6865 | acc 0.8483 | lr 9.89e-05 | 144s
2026-09-20 12:43:35 | INFO    | epoch 5 | batch 1840/3143 | loss 0.6862 | acc 0.8483 | lr 9.89e-05 | 145s
2026-09-20 12:43:36 | INFO    | epoch 5 | batch 1860/3143 | loss 0.6860 | acc 0.8485 | lr 9.89e-05 | 147s
2026-09-20 12:43:38 | INFO    | epoch 5 | batch 1880/3143 | loss 0.6858 | acc 0.8486 | lr 9.89e-05 | 148s
2026-09-20 12:43:39 | INFO    | epoch 5 | batch 1900/3143 | loss 0.6853 | acc 0.8487 | lr 9.89e-05 | 150s
2026-09-20 12:43:41 | INFO    | epoch 5 | batch 1920/3143 | loss 0.6849 | acc 0.8490 | lr 9.89e-05 | 152s
2026-09-20 12:43:43 | INFO    | epoch 5 | batch 1940/3143 | loss 0.6850 | acc 0.8488 | lr 9.88e-05 | 153s
2026-09-20 12:43:44 | INFO    | epoch 5 | batch 1960/3143 | loss 0.6850 | acc 0.8489 | lr 9.88e-05 | 155s
2026-09-20 12:43:46 | INFO    | epoch 5 | batch 1980/3143 | loss 0.6851 | acc 0.8489 | lr 9.88e-05 | 156s
2026-09-20 12:43:47 | INFO    | epoch 5 | batch 2000/3143 | loss 0.6849 | acc 0.8490 | lr 9.88e-05 | 158s
2026-09-20 12:43:49 | INFO    | epoch 5 | batch 2020/3143 | loss 0.6851 | acc 0.8489 | lr 9.88e-05 | 160s
2026-09-20 12:43:50 | INFO    | epoch 5 | batch 2040/3143 | loss 0.6851 | acc 0.8490 | lr 9.88e-05 | 161s
2026-09-20 12:43:52 | INFO    | epoch 5 | batch 2060/3143 | loss 0.6848 | acc 0.8490 | lr 9.88e-05 | 163s
2026-09-20 12:43:54 | INFO    | epoch 5 | batch 2080/3143 | loss 0.6845 | acc 0.8492 | lr 9.88e-05 | 164s
2026-09-20 12:43:55 | INFO    | epoch 5 | batch 2100/3143 | loss 0.6846 | acc 0.8492 | lr 9.88e-05 | 166s
2026-09-20 12:43:57 | INFO    | epoch 5 | batch 2120/3143 | loss 0.6843 | acc 0.8494 | lr 9.88e-05 | 167s
2026-09-20 12:43:58 | INFO    | epoch 5 | batch 2140/3143 | loss 0.6840 | acc 0.8496 | lr 9.88e-05 | 169s
2026-09-20 12:44:00 | INFO    | epoch 5 | batch 2160/3143 | loss 0.6836 | acc 0.8499 | lr 9.88e-05 | 171s
2026-09-20 12:44:01 | INFO    | epoch 5 | batch 2180/3143 | loss 0.6834 | acc 0.8501 | lr 9.88e-05 | 172s
2026-09-20 12:44:03 | INFO    | epoch 5 | batch 2200/3143 | loss 0.6831 | acc 0.8502 | lr 9.88e-05 | 174s
2026-09-20 12:44:05 | INFO    | epoch 5 | batch 2220/3143 | loss 0.6828 | acc 0.8504 | lr 9.88e-05 | 175s
2026-09-20 12:44:06 | INFO    | epoch 5 | batch 2240/3143 | loss 0.6824 | acc 0.8506 | lr 9.88e-05 | 177s
2026-09-20 12:44:08 | INFO    | epoch 5 | batch 2260/3143 | loss 0.6831 | acc 0.8503 | lr 9.88e-05 | 178s
2026-09-20 12:44:09 | INFO    | epoch 5 | batch 2280/3143 | loss 0.6826 | acc 0.8505 | lr 9.87e-05 | 180s
2026-09-20 12:44:11 | INFO    | epoch 5 | batch 2300/3143 | loss 0.6822 | acc 0.8508 | lr 9.87e-05 | 182s
2026-09-20 12:44:13 | INFO    | epoch 5 | batch 2320/3143 | loss 0.6821 | acc 0.8508 | lr 9.87e-05 | 183s
2026-09-20 12:44:14 | INFO    | epoch 5 | batch 2340/3143 | loss 0.6819 | acc 0.8509 | lr 9.87e-05 | 185s
2026-09-20 12:44:16 | INFO    | epoch 5 | batch 2360/3143 | loss 0.6819 | acc 0.8508 | lr 9.87e-05 | 186s
2026-09-20 12:44:17 | INFO    | epoch 5 | batch 2380/3143 | loss 0.6812 | acc 0.8513 | lr 9.87e-05 | 188s
2026-09-20 12:44:19 | INFO    | epoch 5 | batch 2400/3143 | loss 0.6812 | acc 0.8513 | lr 9.87e-05 | 190s
2026-09-20 12:44:20 | INFO    | epoch 5 | batch 2420/3143 | loss 0.6810 | acc 0.8513 | lr 9.87e-05 | 191s
2026-09-20 12:44:22 | INFO    | epoch 5 | batch 2440/3143 | loss 0.6813 | acc 0.8512 | lr 9.87e-05 | 193s
2026-09-20 12:44:24 | INFO    | epoch 5 | batch 2460/3143 | loss 0.6810 | acc 0.8514 | lr 9.87e-05 | 194s
2026-09-20 12:44:25 | INFO    | epoch 5 | batch 2480/3143 | loss 0.6808 | acc 0.8516 | lr 9.87e-05 | 196s
2026-09-20 12:44:27 | INFO    | epoch 5 | batch 2500/3143 | loss 0.6807 | acc 0.8517 | lr 9.87e-05 | 197s
2026-09-20 12:44:28 | INFO    | epoch 5 | batch 2520/3143 | loss 0.6804 | acc 0.8518 | lr 9.87e-05 | 199s
2026-09-20 12:44:30 | INFO    | epoch 5 | batch 2540/3143 | loss 0.6802 | acc 0.8519 | lr 9.87e-05 | 201s
2026-09-20 12:44:31 | INFO    | epoch 5 | batch 2560/3143 | loss 0.6801 | acc 0.8519 | lr 9.87e-05 | 202s
2026-09-20 12:44:33 | INFO    | epoch 5 | batch 2580/3143 | loss 0.6797 | acc 0.8521 | lr 9.87e-05 | 204s
2026-09-20 12:44:35 | INFO    | epoch 5 | batch 2600/3143 | loss 0.6795 | acc 0.8522 | lr 9.87e-05 | 205s
2026-09-20 12:44:36 | INFO    | epoch 5 | batch 2620/3143 | loss 0.6792 | acc 0.8524 | lr 9.86e-05 | 207s
2026-09-20 12:44:38 | INFO    | epoch 5 | batch 2640/3143 | loss 0.6789 | acc 0.8526 | lr 9.86e-05 | 208s
2026-09-20 12:44:39 | INFO    | epoch 5 | batch 2660/3143 | loss 0.6789 | acc 0.8526 | lr 9.86e-05 | 210s
2026-09-20 12:44:41 | INFO    | epoch 5 | batch 2680/3143 | loss 0.6788 | acc 0.8526 | lr 9.86e-05 | 212s
2026-09-20 12:44:43 | INFO    | epoch 5 | batch 2700/3143 | loss 0.6791 | acc 0.8526 | lr 9.86e-05 | 213s
2026-09-20 12:44:44 | INFO    | epoch 5 | batch 2720/3143 | loss 0.6790 | acc 0.8527 | lr 9.86e-05 | 215s
2026-09-20 12:44:46 | INFO    | epoch 5 | batch 2740/3143 | loss 0.6788 | acc 0.8528 | lr 9.86e-05 | 216s
2026-09-20 12:44:47 | INFO    | epoch 5 | batch 2760/3143 | loss 0.6788 | acc 0.8527 | lr 9.86e-05 | 218s
2026-09-20 12:44:49 | INFO    | epoch 5 | batch 2780/3143 | loss 0.6789 | acc 0.8527 | lr 9.86e-05 | 220s
2026-09-20 12:44:50 | INFO    | epoch 5 | batch 2800/3143 | loss 0.6786 | acc 0.8528 | lr 9.86e-05 | 221s
2026-09-20 12:44:52 | INFO    | epoch 5 | batch 2820/3143 | loss 0.6783 | acc 0.8530 | lr 9.86e-05 | 223s
2026-09-20 12:44:54 | INFO    | epoch 5 | batch 2840/3143 | loss 0.6782 | acc 0.8531 | lr 9.86e-05 | 224s
2026-09-20 12:44:55 | INFO    | epoch 5 | batch 2860/3143 | loss 0.6779 | acc 0.8533 | lr 9.86e-05 | 226s
2026-09-20 12:44:57 | INFO    | epoch 5 | batch 2880/3143 | loss 0.6776 | acc 0.8534 | lr 9.86e-05 | 227s
2026-09-20 12:44:58 | INFO    | epoch 5 | batch 2900/3143 | loss 0.6776 | acc 0.8534 | lr 9.86e-05 | 229s
2026-09-20 12:45:00 | INFO    | epoch 5 | batch 2920/3143 | loss 0.6774 | acc 0.8535 | lr 9.86e-05 | 231s
2026-09-20 12:45:02 | INFO    | epoch 5 | batch 2940/3143 | loss 0.6772 | acc 0.8535 | lr 9.85e-05 | 232s
2026-09-20 12:45:03 | INFO    | epoch 5 | batch 2960/3143 | loss 0.6770 | acc 0.8536 | lr 9.85e-05 | 234s
2026-09-20 12:45:05 | INFO    | epoch 5 | batch 2980/3143 | loss 0.6769 | acc 0.8537 | lr 9.85e-05 | 235s
2026-09-20 12:45:06 | INFO    | epoch 5 | batch 3000/3143 | loss 0.6764 | acc 0.8539 | lr 9.85e-05 | 237s
2026-09-20 12:45:08 | INFO    | epoch 5 | batch 3020/3143 | loss 0.6765 | acc 0.8538 | lr 9.85e-05 | 239s
2026-09-20 12:45:09 | INFO    | epoch 5 | batch 3040/3143 | loss 0.6763 | acc 0.8539 | lr 9.85e-05 | 240s
2026-09-20 12:45:11 | INFO    | epoch 5 | batch 3060/3143 | loss 0.6759 | acc 0.8542 | lr 9.85e-05 | 242s
2026-09-20 12:45:13 | INFO    | epoch 5 | batch 3080/3143 | loss 0.6758 | acc 0.8543 | lr 9.85e-05 | 243s
2026-09-20 12:45:14 | INFO    | epoch 5 | batch 3100/3143 | loss 0.6759 | acc 0.8543 | lr 9.85e-05 | 245s
2026-09-20 12:45:16 | INFO    | epoch 5 | batch 3120/3143 | loss 0.6758 | acc 0.8542 | lr 9.85e-05 | 246s
2026-09-20 12:45:17 | INFO    | epoch 5 | batch 3140/3143 | loss 0.6754 | acc 0.8545 | lr 9.85e-05 | 248s
2026-09-20 12:45:18 | INFO    | epoch 5 | batch 3143/3143 | loss 0.6754 | acc 0.8545 | lr 9.85e-05 | 248s
2026-09-20 12:45:29 | INFO    | epoch 5/40 done in 260s | train loss 0.6754 | train running patch (aug): accuracy=0.8545 precision=0.8518 recall=0.8470 f1=0.8491
2026-09-20 12:45:29 | INFO    | epoch 5 train (eval, no aug) | loss 0.7036 | patch[7280]: accuracy=0.8387 precision=0.8444 recall=0.8345 f1=0.8352 | image[455]: accuracy=0.9165 precision=0.9317 recall=0.9141 f1=0.9165
2026-09-20 12:45:29 | INFO    | epoch 5 val | loss 1.2927 | patch[6048]: accuracy=0.5818 precision=0.5730 recall=0.5582 f1=0.5590 | image[96]: accuracy=0.6562 precision=0.6756 recall=0.6337 f1=0.6301
2026-09-20 12:45:29 | INFO    | val_patch_f1 = 0.5590 (best 0.6156 @ epoch 3)
2026-09-20 12:45:31 | INFO    | epoch 6 | batch 20/3143 | loss 0.5953 | acc 0.8906 | lr 9.85e-05 | 2s
2026-09-20 12:45:32 | INFO    | epoch 6 | batch 40/3143 | loss 0.6383 | acc 0.8711 | lr 9.85e-05 | 3s
2026-09-20 12:45:34 | INFO    | epoch 6 | batch 60/3143 | loss 0.6635 | acc 0.8594 | lr 9.85e-05 | 5s
2026-09-20 12:45:35 | INFO    | epoch 6 | batch 80/3143 | loss 0.6568 | acc 0.8621 | lr 9.85e-05 | 6s
2026-09-20 12:45:37 | INFO    | epoch 6 | batch 100/3143 | loss 0.6511 | acc 0.8659 | lr 9.85e-05 | 8s
2026-09-20 12:45:39 | INFO    | epoch 6 | batch 120/3143 | loss 0.6512 | acc 0.8661 | lr 9.84e-05 | 9s
2026-09-20 12:45:40 | INFO    | epoch 6 | batch 140/3143 | loss 0.6558 | acc 0.8636 | lr 9.84e-05 | 11s
2026-09-20 12:45:42 | INFO    | epoch 6 | batch 160/3143 | loss 0.6605 | acc 0.8605 | lr 9.84e-05 | 13s
2026-09-20 12:45:43 | INFO    | epoch 6 | batch 180/3143 | loss 0.6553 | acc 0.8641 | lr 9.84e-05 | 14s
2026-09-20 12:45:45 | INFO    | epoch 6 | batch 200/3143 | loss 0.6546 | acc 0.8627 | lr 9.84e-05 | 16s
2026-09-20 12:45:46 | INFO    | epoch 6 | batch 220/3143 | loss 0.6541 | acc 0.8642 | lr 9.84e-05 | 17s
2026-09-20 12:45:48 | INFO    | epoch 6 | batch 240/3143 | loss 0.6532 | acc 0.8638 | lr 9.84e-05 | 19s
2026-09-20 12:45:50 | INFO    | epoch 6 | batch 260/3143 | loss 0.6528 | acc 0.8641 | lr 9.84e-05 | 21s
2026-09-20 12:45:51 | INFO    | epoch 6 | batch 280/3143 | loss 0.6545 | acc 0.8628 | lr 9.84e-05 | 22s
2026-09-20 12:45:53 | INFO    | epoch 6 | batch 300/3143 | loss 0.6525 | acc 0.8635 | lr 9.84e-05 | 24s
2026-09-20 12:45:54 | INFO    | epoch 6 | batch 320/3143 | loss 0.6507 | acc 0.8650 | lr 9.84e-05 | 25s
2026-09-20 12:45:56 | INFO    | epoch 6 | batch 340/3143 | loss 0.6483 | acc 0.8665 | lr 9.84e-05 | 27s
2026-09-20 12:45:57 | INFO    | epoch 6 | batch 360/3143 | loss 0.6494 | acc 0.8665 | lr 9.84e-05 | 28s
2026-09-20 12:45:59 | INFO    | epoch 6 | batch 380/3143 | loss 0.6483 | acc 0.8672 | lr 9.84e-05 | 30s
2026-09-20 12:46:01 | INFO    | epoch 6 | batch 400/3143 | loss 0.6499 | acc 0.8667 | lr 9.84e-05 | 32s
2026-09-20 12:46:02 | INFO    | epoch 6 | batch 420/3143 | loss 0.6480 | acc 0.8679 | lr 9.83e-05 | 33s
2026-09-20 12:46:04 | INFO    | epoch 6 | batch 440/3143 | loss 0.6477 | acc 0.8682 | lr 9.83e-05 | 35s
2026-09-20 12:46:05 | INFO    | epoch 6 | batch 460/3143 | loss 0.6474 | acc 0.8688 | lr 9.83e-05 | 36s
2026-09-20 12:46:07 | INFO    | epoch 6 | batch 480/3143 | loss 0.6478 | acc 0.8684 | lr 9.83e-05 | 38s
2026-09-20 12:46:08 | INFO    | epoch 6 | batch 500/3143 | loss 0.6468 | acc 0.8691 | lr 9.83e-05 | 39s
2026-09-20 12:46:10 | INFO    | epoch 6 | batch 520/3143 | loss 0.6465 | acc 0.8697 | lr 9.83e-05 | 41s
2026-09-20 12:46:12 | INFO    | epoch 6 | batch 540/3143 | loss 0.6452 | acc 0.8707 | lr 9.83e-05 | 43s
2026-09-20 12:46:13 | INFO    | epoch 6 | batch 560/3143 | loss 0.6439 | acc 0.8710 | lr 9.83e-05 | 44s
2026-09-20 12:46:15 | INFO    | epoch 6 | batch 580/3143 | loss 0.6439 | acc 0.8710 | lr 9.83e-05 | 46s
2026-09-20 12:46:16 | INFO    | epoch 6 | batch 600/3143 | loss 0.6454 | acc 0.8701 | lr 9.83e-05 | 47s
2026-09-20 12:46:18 | INFO    | epoch 6 | batch 620/3143 | loss 0.6442 | acc 0.8710 | lr 9.83e-05 | 49s
2026-09-20 12:46:20 | INFO    | epoch 6 | batch 640/3143 | loss 0.6447 | acc 0.8702 | lr 9.83e-05 | 50s
2026-09-20 12:46:21 | INFO    | epoch 6 | batch 660/3143 | loss 0.6446 | acc 0.8699 | lr 9.83e-05 | 52s
2026-09-20 12:46:23 | INFO    | epoch 6 | batch 680/3143 | loss 0.6446 | acc 0.8703 | lr 9.83e-05 | 54s
2026-09-20 12:46:24 | INFO    | epoch 6 | batch 700/3143 | loss 0.6446 | acc 0.8701 | lr 9.83e-05 | 55s
2026-09-20 12:46:26 | INFO    | epoch 6 | batch 720/3143 | loss 0.6434 | acc 0.8708 | lr 9.82e-05 | 57s
2026-09-20 12:46:27 | INFO    | epoch 6 | batch 740/3143 | loss 0.6424 | acc 0.8715 | lr 9.82e-05 | 58s
2026-09-20 12:46:29 | INFO    | epoch 6 | batch 760/3143 | loss 0.6428 | acc 0.8714 | lr 9.82e-05 | 60s
2026-09-20 12:46:30 | INFO    | epoch 6 | batch 780/3143 | loss 0.6425 | acc 0.8716 | lr 9.82e-05 | 61s
2026-09-20 12:46:32 | INFO    | epoch 6 | batch 800/3143 | loss 0.6421 | acc 0.8718 | lr 9.82e-05 | 63s
2026-09-20 12:46:34 | INFO    | epoch 6 | batch 820/3143 | loss 0.6419 | acc 0.8717 | lr 9.82e-05 | 65s
2026-09-20 12:46:35 | INFO    | epoch 6 | batch 840/3143 | loss 0.6418 | acc 0.8716 | lr 9.82e-05 | 66s
2026-09-20 12:46:37 | INFO    | epoch 6 | batch 860/3143 | loss 0.6411 | acc 0.8723 | lr 9.82e-05 | 68s
2026-09-20 12:46:38 | INFO    | epoch 6 | batch 880/3143 | loss 0.6420 | acc 0.8717 | lr 9.82e-05 | 69s
2026-09-20 12:46:40 | INFO    | epoch 6 | batch 900/3143 | loss 0.6415 | acc 0.8720 | lr 9.82e-05 | 71s
2026-09-20 12:46:42 | INFO    | epoch 6 | batch 920/3143 | loss 0.6404 | acc 0.8724 | lr 9.82e-05 | 72s
2026-09-20 12:46:43 | INFO    | epoch 6 | batch 940/3143 | loss 0.6411 | acc 0.8721 | lr 9.82e-05 | 74s
2026-09-20 12:46:45 | INFO    | epoch 6 | batch 960/3143 | loss 0.6407 | acc 0.8726 | lr 9.82e-05 | 76s
2026-09-20 12:46:46 | INFO    | epoch 6 | batch 980/3143 | loss 0.6397 | acc 0.8733 | lr 9.82e-05 | 77s
2026-09-20 12:46:48 | INFO    | epoch 6 | batch 1000/3143 | loss 0.6394 | acc 0.8737 | lr 9.81e-05 | 79s
2026-09-20 12:46:49 | INFO    | epoch 6 | batch 1020/3143 | loss 0.6387 | acc 0.8740 | lr 9.81e-05 | 80s
2026-09-20 12:46:51 | INFO    | epoch 6 | batch 1040/3143 | loss 0.6389 | acc 0.8736 | lr 9.81e-05 | 82s
2026-09-20 12:46:53 | INFO    | epoch 6 | batch 1060/3143 | loss 0.6381 | acc 0.8741 | lr 9.81e-05 | 83s
2026-09-20 12:46:54 | INFO    | epoch 6 | batch 1080/3143 | loss 0.6381 | acc 0.8740 | lr 9.81e-05 | 85s
2026-09-20 12:46:56 | INFO    | epoch 6 | batch 1100/3143 | loss 0.6383 | acc 0.8740 | lr 9.81e-05 | 87s
2026-09-20 12:46:57 | INFO    | epoch 6 | batch 1120/3143 | loss 0.6379 | acc 0.8742 | lr 9.81e-05 | 88s
2026-09-20 12:46:59 | INFO    | epoch 6 | batch 1140/3143 | loss 0.6378 | acc 0.8742 | lr 9.81e-05 | 90s
2026-09-20 12:47:00 | INFO    | epoch 6 | batch 1160/3143 | loss 0.6372 | acc 0.8745 | lr 9.81e-05 | 91s
2026-09-20 12:47:02 | INFO    | epoch 6 | batch 1180/3143 | loss 0.6371 | acc 0.8747 | lr 9.81e-05 | 93s
2026-09-20 12:47:04 | INFO    | epoch 6 | batch 1200/3143 | loss 0.6371 | acc 0.8749 | lr 9.81e-05 | 95s
2026-09-20 12:47:05 | INFO    | epoch 6 | batch 1220/3143 | loss 0.6375 | acc 0.8747 | lr 9.81e-05 | 96s
2026-09-20 12:47:07 | INFO    | epoch 6 | batch 1240/3143 | loss 0.6370 | acc 0.8749 | lr 9.81e-05 | 98s
2026-09-20 12:47:08 | INFO    | epoch 6 | batch 1260/3143 | loss 0.6369 | acc 0.8752 | lr 9.81e-05 | 99s
2026-09-20 12:47:10 | INFO    | epoch 6 | batch 1280/3143 | loss 0.6360 | acc 0.8759 | lr 9.80e-05 | 101s
2026-09-20 12:47:12 | INFO    | epoch 6 | batch 1300/3143 | loss 0.6362 | acc 0.8758 | lr 9.80e-05 | 102s
2026-09-20 12:47:13 | INFO    | epoch 6 | batch 1320/3143 | loss 0.6361 | acc 0.8758 | lr 9.80e-05 | 104s
2026-09-20 12:47:15 | INFO    | epoch 6 | batch 1340/3143 | loss 0.6359 | acc 0.8758 | lr 9.80e-05 | 106s
2026-09-20 12:47:16 | INFO    | epoch 6 | batch 1360/3143 | loss 0.6358 | acc 0.8760 | lr 9.80e-05 | 107s
2026-09-20 12:47:18 | INFO    | epoch 6 | batch 1380/3143 | loss 0.6357 | acc 0.8764 | lr 9.80e-05 | 109s
2026-09-20 12:47:19 | INFO    | epoch 6 | batch 1400/3143 | loss 0.6356 | acc 0.8765 | lr 9.80e-05 | 110s
2026-09-20 12:47:21 | INFO    | epoch 6 | batch 1420/3143 | loss 0.6357 | acc 0.8764 | lr 9.80e-05 | 112s
2026-09-20 12:47:23 | INFO    | epoch 6 | batch 1440/3143 | loss 0.6354 | acc 0.8766 | lr 9.80e-05 | 114s
2026-09-20 12:47:24 | INFO    | epoch 6 | batch 1460/3143 | loss 0.6350 | acc 0.8768 | lr 9.80e-05 | 115s
2026-09-20 12:47:26 | INFO    | epoch 6 | batch 1480/3143 | loss 0.6346 | acc 0.8769 | lr 9.80e-05 | 117s
2026-09-20 12:47:27 | INFO    | epoch 6 | batch 1500/3143 | loss 0.6345 | acc 0.8771 | lr 9.80e-05 | 118s
2026-09-20 12:47:29 | INFO    | epoch 6 | batch 1520/3143 | loss 0.6341 | acc 0.8773 | lr 9.80e-05 | 120s
2026-09-20 12:47:30 | INFO    | epoch 6 | batch 1540/3143 | loss 0.6336 | acc 0.8774 | lr 9.80e-05 | 121s
2026-09-20 12:47:32 | INFO    | epoch 6 | batch 1560/3143 | loss 0.6334 | acc 0.8774 | lr 9.79e-05 | 123s
2026-09-20 12:47:34 | INFO    | epoch 6 | batch 1580/3143 | loss 0.6334 | acc 0.8774 | lr 9.79e-05 | 125s
2026-09-20 12:47:35 | INFO    | epoch 6 | batch 1600/3143 | loss 0.6333 | acc 0.8774 | lr 9.79e-05 | 126s
2026-09-20 12:47:37 | INFO    | epoch 6 | batch 1620/3143 | loss 0.6332 | acc 0.8774 | lr 9.79e-05 | 128s
2026-09-20 12:47:38 | INFO    | epoch 6 | batch 1640/3143 | loss 0.6331 | acc 0.8774 | lr 9.79e-05 | 129s
2026-09-20 12:47:40 | INFO    | epoch 6 | batch 1660/3143 | loss 0.6333 | acc 0.8774 | lr 9.79e-05 | 131s
2026-09-20 12:47:42 | INFO    | epoch 6 | batch 1680/3143 | loss 0.6329 | acc 0.8775 | lr 9.79e-05 | 132s
2026-09-20 12:47:43 | INFO    | epoch 6 | batch 1700/3143 | loss 0.6329 | acc 0.8775 | lr 9.79e-05 | 134s
2026-09-20 12:47:45 | INFO    | epoch 6 | batch 1720/3143 | loss 0.6327 | acc 0.8777 | lr 9.79e-05 | 136s
2026-09-20 12:47:46 | INFO    | epoch 6 | batch 1740/3143 | loss 0.6328 | acc 0.8778 | lr 9.79e-05 | 137s
2026-09-20 12:47:48 | INFO    | epoch 6 | batch 1760/3143 | loss 0.6326 | acc 0.8779 | lr 9.79e-05 | 139s
2026-09-20 12:47:49 | INFO    | epoch 6 | batch 1780/3143 | loss 0.6325 | acc 0.8780 | lr 9.79e-05 | 140s
2026-09-20 12:47:51 | INFO    | epoch 6 | batch 1800/3143 | loss 0.6321 | acc 0.8783 | lr 9.79e-05 | 142s
2026-09-20 12:47:53 | INFO    | epoch 6 | batch 1820/3143 | loss 0.6317 | acc 0.8785 | lr 9.78e-05 | 144s
2026-09-20 12:47:54 | INFO    | epoch 6 | batch 1840/3143 | loss 0.6316 | acc 0.8785 | lr 9.78e-05 | 145s
2026-09-20 12:47:56 | INFO    | epoch 6 | batch 1860/3143 | loss 0.6315 | acc 0.8785 | lr 9.78e-05 | 147s
2026-09-20 12:47:57 | INFO    | epoch 6 | batch 1880/3143 | loss 0.6315 | acc 0.8785 | lr 9.78e-05 | 148s
2026-09-20 12:47:59 | INFO    | epoch 6 | batch 1900/3143 | loss 0.6319 | acc 0.8783 | lr 9.78e-05 | 150s
2026-09-20 12:48:01 | INFO    | epoch 6 | batch 1920/3143 | loss 0.6320 | acc 0.8784 | lr 9.78e-05 | 151s
2026-09-20 12:48:02 | INFO    | epoch 6 | batch 1940/3143 | loss 0.6317 | acc 0.8785 | lr 9.78e-05 | 153s
2026-09-20 12:48:04 | INFO    | epoch 6 | batch 1960/3143 | loss 0.6317 | acc 0.8785 | lr 9.78e-05 | 155s
2026-09-20 12:48:05 | INFO    | epoch 6 | batch 1980/3143 | loss 0.6317 | acc 0.8785 | lr 9.78e-05 | 156s
2026-09-20 12:48:07 | INFO    | epoch 6 | batch 2000/3143 | loss 0.6317 | acc 0.8785 | lr 9.78e-05 | 158s
2026-09-20 12:48:08 | INFO    | epoch 6 | batch 2020/3143 | loss 0.6319 | acc 0.8783 | lr 9.78e-05 | 159s
2026-09-20 12:48:10 | INFO    | epoch 6 | batch 2040/3143 | loss 0.6319 | acc 0.8783 | lr 9.78e-05 | 161s
2026-09-20 12:48:12 | INFO    | epoch 6 | batch 2060/3143 | loss 0.6317 | acc 0.8785 | lr 9.78e-05 | 163s
2026-09-20 12:48:13 | INFO    | epoch 6 | batch 2080/3143 | loss 0.6315 | acc 0.8784 | lr 9.77e-05 | 164s
2026-09-20 12:48:15 | INFO    | epoch 6 | batch 2100/3143 | loss 0.6315 | acc 0.8783 | lr 9.77e-05 | 166s
2026-09-20 12:48:16 | INFO    | epoch 6 | batch 2120/3143 | loss 0.6315 | acc 0.8783 | lr 9.77e-05 | 167s
2026-09-20 12:48:18 | INFO    | epoch 6 | batch 2140/3143 | loss 0.6313 | acc 0.8783 | lr 9.77e-05 | 169s
2026-09-20 12:48:20 | INFO    | epoch 6 | batch 2160/3143 | loss 0.6314 | acc 0.8783 | lr 9.77e-05 | 170s
2026-09-20 12:48:21 | INFO    | epoch 6 | batch 2180/3143 | loss 0.6318 | acc 0.8782 | lr 9.77e-05 | 172s
2026-09-20 12:48:23 | INFO    | epoch 6 | batch 2200/3143 | loss 0.6316 | acc 0.8782 | lr 9.77e-05 | 174s
2026-09-20 12:48:24 | INFO    | epoch 6 | batch 2220/3143 | loss 0.6313 | acc 0.8783 | lr 9.77e-05 | 175s
2026-09-20 12:48:26 | INFO    | epoch 6 | batch 2240/3143 | loss 0.6311 | acc 0.8784 | lr 9.77e-05 | 177s
2026-09-20 12:48:27 | INFO    | epoch 6 | batch 2260/3143 | loss 0.6312 | acc 0.8783 | lr 9.77e-05 | 178s
2026-09-20 12:48:29 | INFO    | epoch 6 | batch 2280/3143 | loss 0.6311 | acc 0.8784 | lr 9.77e-05 | 180s
2026-09-20 12:48:31 | INFO    | epoch 6 | batch 2300/3143 | loss 0.6310 | acc 0.8783 | lr 9.77e-05 | 182s
2026-09-20 12:48:32 | INFO    | epoch 6 | batch 2320/3143 | loss 0.6310 | acc 0.8784 | lr 9.77e-05 | 183s
2026-09-20 12:48:34 | INFO    | epoch 6 | batch 2340/3143 | loss 0.6310 | acc 0.8784 | lr 9.76e-05 | 185s
2026-09-20 12:48:35 | INFO    | epoch 6 | batch 2360/3143 | loss 0.6310 | acc 0.8783 | lr 9.76e-05 | 186s
2026-09-20 12:48:37 | INFO    | epoch 6 | batch 2380/3143 | loss 0.6310 | acc 0.8782 | lr 9.76e-05 | 188s
2026-09-20 12:48:39 | INFO    | epoch 6 | batch 2400/3143 | loss 0.6310 | acc 0.8783 | lr 9.76e-05 | 189s
2026-09-20 12:48:40 | INFO    | epoch 6 | batch 2420/3143 | loss 0.6308 | acc 0.8785 | lr 9.76e-05 | 191s
2026-09-20 12:48:42 | INFO    | epoch 6 | batch 2440/3143 | loss 0.6307 | acc 0.8785 | lr 9.76e-05 | 193s
2026-09-20 12:48:43 | INFO    | epoch 6 | batch 2460/3143 | loss 0.6305 | acc 0.8787 | lr 9.76e-05 | 194s
2026-09-20 12:48:45 | INFO    | epoch 6 | batch 2480/3143 | loss 0.6304 | acc 0.8788 | lr 9.76e-05 | 196s
2026-09-20 12:48:46 | INFO    | epoch 6 | batch 2500/3143 | loss 0.6302 | acc 0.8790 | lr 9.76e-05 | 197s
2026-09-20 12:48:48 | INFO    | epoch 6 | batch 2520/3143 | loss 0.6299 | acc 0.8792 | lr 9.76e-05 | 199s
2026-09-20 12:48:50 | INFO    | epoch 6 | batch 2540/3143 | loss 0.6298 | acc 0.8792 | lr 9.76e-05 | 201s
2026-09-20 12:48:51 | INFO    | epoch 6 | batch 2560/3143 | loss 0.6299 | acc 0.8792 | lr 9.76e-05 | 202s
2026-09-20 12:48:53 | INFO    | epoch 6 | batch 2580/3143 | loss 0.6299 | acc 0.8792 | lr 9.76e-05 | 204s
2026-09-20 12:48:55 | INFO    | epoch 6 | batch 2600/3143 | loss 0.6294 | acc 0.8794 | lr 9.75e-05 | 205s
2026-09-20 12:48:56 | INFO    | epoch 6 | batch 2620/3143 | loss 0.6291 | acc 0.8796 | lr 9.75e-05 | 207s
2026-09-20 12:48:58 | INFO    | epoch 6 | batch 2640/3143 | loss 0.6293 | acc 0.8794 | lr 9.75e-05 | 209s
2026-09-20 12:48:59 | INFO    | epoch 6 | batch 2660/3143 | loss 0.6292 | acc 0.8795 | lr 9.75e-05 | 210s
2026-09-20 12:49:01 | INFO    | epoch 6 | batch 2680/3143 | loss 0.6291 | acc 0.8796 | lr 9.75e-05 | 212s
2026-09-20 12:49:03 | INFO    | epoch 6 | batch 2700/3143 | loss 0.6292 | acc 0.8796 | lr 9.75e-05 | 213s
2026-09-20 12:49:04 | INFO    | epoch 6 | batch 2720/3143 | loss 0.6290 | acc 0.8798 | lr 9.75e-05 | 215s
2026-09-20 12:49:06 | INFO    | epoch 6 | batch 2740/3143 | loss 0.6290 | acc 0.8798 | lr 9.75e-05 | 217s
2026-09-20 12:49:07 | INFO    | epoch 6 | batch 2760/3143 | loss 0.6286 | acc 0.8799 | lr 9.75e-05 | 218s
2026-09-20 12:49:09 | INFO    | epoch 6 | batch 2780/3143 | loss 0.6286 | acc 0.8800 | lr 9.75e-05 | 220s
2026-09-20 12:49:11 | INFO    | epoch 6 | batch 2800/3143 | loss 0.6287 | acc 0.8800 | lr 9.75e-05 | 222s
2026-09-20 12:49:12 | INFO    | epoch 6 | batch 2820/3143 | loss 0.6285 | acc 0.8801 | lr 9.75e-05 | 223s
2026-09-20 12:49:14 | INFO    | epoch 6 | batch 2840/3143 | loss 0.6282 | acc 0.8803 | lr 9.74e-05 | 225s
2026-09-20 12:49:15 | INFO    | epoch 6 | batch 2860/3143 | loss 0.6281 | acc 0.8803 | lr 9.74e-05 | 226s
2026-09-20 12:49:17 | INFO    | epoch 6 | batch 2880/3143 | loss 0.6279 | acc 0.8803 | lr 9.74e-05 | 228s
2026-09-20 12:49:19 | INFO    | epoch 6 | batch 2900/3143 | loss 0.6278 | acc 0.8804 | lr 9.74e-05 | 230s
2026-09-20 12:49:20 | INFO    | epoch 6 | batch 2920/3143 | loss 0.6280 | acc 0.8804 | lr 9.74e-05 | 231s
2026-09-20 12:49:22 | INFO    | epoch 6 | batch 2940/3143 | loss 0.6279 | acc 0.8804 | lr 9.74e-05 | 233s
2026-09-20 12:49:23 | INFO    | epoch 6 | batch 2960/3143 | loss 0.6280 | acc 0.8803 | lr 9.74e-05 | 234s
2026-09-20 12:49:25 | INFO    | epoch 6 | batch 2980/3143 | loss 0.6277 | acc 0.8805 | lr 9.74e-05 | 236s
2026-09-20 12:49:27 | INFO    | epoch 6 | batch 3000/3143 | loss 0.6276 | acc 0.8806 | lr 9.74e-05 | 237s
2026-09-20 12:49:28 | INFO    | epoch 6 | batch 3020/3143 | loss 0.6275 | acc 0.8807 | lr 9.74e-05 | 239s
2026-09-20 12:49:30 | INFO    | epoch 6 | batch 3040/3143 | loss 0.6273 | acc 0.8807 | lr 9.74e-05 | 241s
2026-09-20 12:49:31 | INFO    | epoch 6 | batch 3060/3143 | loss 0.6273 | acc 0.8807 | lr 9.74e-05 | 242s
2026-09-20 12:49:33 | INFO    | epoch 6 | batch 3080/3143 | loss 0.6273 | acc 0.8806 | lr 9.73e-05 | 244s
2026-09-20 12:49:34 | INFO    | epoch 6 | batch 3100/3143 | loss 0.6269 | acc 0.8809 | lr 9.73e-05 | 245s
2026-09-20 12:49:36 | INFO    | epoch 6 | batch 3120/3143 | loss 0.6265 | acc 0.8811 | lr 9.73e-05 | 247s
2026-09-20 12:49:38 | INFO    | epoch 6 | batch 3140/3143 | loss 0.6264 | acc 0.8812 | lr 9.73e-05 | 249s
2026-09-20 12:49:38 | INFO    | epoch 6 | batch 3143/3143 | loss 0.6266 | acc 0.8811 | lr 9.73e-05 | 249s
2026-09-20 12:49:49 | INFO    | epoch 6/40 done in 260s | train loss 0.6266 | train running patch (aug): accuracy=0.8811 precision=0.8791 recall=0.8755 f1=0.8771
2026-09-20 12:49:49 | INFO    | epoch 6 train (eval, no aug) | loss 0.5432 | patch[7280]: accuracy=0.9225 precision=0.9198 recall=0.9201 f1=0.9198 | image[455]: accuracy=0.9890 precision=0.9896 recall=0.9900 f1=0.9898
2026-09-20 12:49:49 | INFO    | epoch 6 val | loss 1.2156 | patch[6048]: accuracy=0.6362 precision=0.6167 recall=0.6135 f1=0.6143 | image[96]: accuracy=0.6875 precision=0.6702 recall=0.6640 f1=0.6649
2026-09-20 12:49:49 | INFO    | val_patch_f1 = 0.6143 (best 0.6156 @ epoch 3)
2026-09-20 12:49:51 | INFO    | epoch 7 | batch 20/3143 | loss 0.6259 | acc 0.8875 | lr 9.73e-05 | 2s
2026-09-20 12:49:52 | INFO    | epoch 7 | batch 40/3143 | loss 0.6266 | acc 0.8836 | lr 9.73e-05 | 3s
2026-09-20 12:49:54 | INFO    | epoch 7 | batch 60/3143 | loss 0.6186 | acc 0.8849 | lr 9.73e-05 | 5s
2026-09-20 12:49:56 | INFO    | epoch 7 | batch 80/3143 | loss 0.6158 | acc 0.8871 | lr 9.73e-05 | 6s
2026-09-20 12:49:57 | INFO    | epoch 7 | batch 100/3143 | loss 0.6149 | acc 0.8869 | lr 9.73e-05 | 8s
2026-09-20 12:49:59 | INFO    | epoch 7 | batch 120/3143 | loss 0.6096 | acc 0.8893 | lr 9.73e-05 | 10s
2026-09-20 12:50:00 | INFO    | epoch 7 | batch 140/3143 | loss 0.6075 | acc 0.8911 | lr 9.73e-05 | 11s
2026-09-20 12:50:02 | INFO    | epoch 7 | batch 160/3143 | loss 0.6058 | acc 0.8928 | lr 9.72e-05 | 13s
2026-09-20 12:50:04 | INFO    | epoch 7 | batch 180/3143 | loss 0.6080 | acc 0.8927 | lr 9.72e-05 | 14s
2026-09-20 12:50:05 | INFO    | epoch 7 | batch 200/3143 | loss 0.6064 | acc 0.8939 | lr 9.72e-05 | 16s
2026-09-20 12:50:07 | INFO    | epoch 7 | batch 220/3143 | loss 0.6061 | acc 0.8945 | lr 9.72e-05 | 17s
2026-09-20 12:50:08 | INFO    | epoch 7 | batch 240/3143 | loss 0.6045 | acc 0.8952 | lr 9.72e-05 | 19s
2026-09-20 12:50:10 | INFO    | epoch 7 | batch 260/3143 | loss 0.6057 | acc 0.8945 | lr 9.72e-05 | 21s
2026-09-20 12:50:11 | INFO    | epoch 7 | batch 280/3143 | loss 0.6046 | acc 0.8952 | lr 9.72e-05 | 22s
2026-09-20 12:50:13 | INFO    | epoch 7 | batch 300/3143 | loss 0.6044 | acc 0.8957 | lr 9.72e-05 | 24s
2026-09-20 12:50:15 | INFO    | epoch 7 | batch 320/3143 | loss 0.6055 | acc 0.8952 | lr 9.72e-05 | 25s
2026-09-20 12:50:16 | INFO    | epoch 7 | batch 340/3143 | loss 0.6049 | acc 0.8957 | lr 9.72e-05 | 27s
2026-09-20 12:50:18 | INFO    | epoch 7 | batch 360/3143 | loss 0.6070 | acc 0.8941 | lr 9.72e-05 | 29s
2026-09-20 12:50:19 | INFO    | epoch 7 | batch 380/3143 | loss 0.6068 | acc 0.8941 | lr 9.72e-05 | 30s
2026-09-20 12:50:21 | INFO    | epoch 7 | batch 400/3143 | loss 0.6068 | acc 0.8938 | lr 9.71e-05 | 32s
2026-09-20 12:50:23 | INFO    | epoch 7 | batch 420/3143 | loss 0.6074 | acc 0.8932 | lr 9.71e-05 | 33s
2026-09-20 12:50:24 | INFO    | epoch 7 | batch 440/3143 | loss 0.6071 | acc 0.8934 | lr 9.71e-05 | 35s
2026-09-20 12:50:26 | INFO    | epoch 7 | batch 460/3143 | loss 0.6065 | acc 0.8940 | lr 9.71e-05 | 37s
2026-09-20 12:50:27 | INFO    | epoch 7 | batch 480/3143 | loss 0.6071 | acc 0.8939 | lr 9.71e-05 | 38s
2026-09-20 12:50:29 | INFO    | epoch 7 | batch 500/3143 | loss 0.6062 | acc 0.8942 | lr 9.71e-05 | 40s
2026-09-20 12:50:31 | INFO    | epoch 7 | batch 520/3143 | loss 0.6050 | acc 0.8948 | lr 9.71e-05 | 41s
2026-09-20 12:50:32 | INFO    | epoch 7 | batch 540/3143 | loss 0.6064 | acc 0.8938 | lr 9.71e-05 | 43s
2026-09-20 12:50:34 | INFO    | epoch 7 | batch 560/3143 | loss 0.6063 | acc 0.8934 | lr 9.71e-05 | 45s
2026-09-20 12:50:35 | INFO    | epoch 7 | batch 580/3143 | loss 0.6062 | acc 0.8934 | lr 9.71e-05 | 46s
2026-09-20 12:50:37 | INFO    | epoch 7 | batch 600/3143 | loss 0.6064 | acc 0.8928 | lr 9.71e-05 | 48s
2026-09-20 12:50:39 | INFO    | epoch 7 | batch 620/3143 | loss 0.6064 | acc 0.8926 | lr 9.70e-05 | 49s
2026-09-20 12:50:40 | INFO    | epoch 7 | batch 640/3143 | loss 0.6067 | acc 0.8923 | lr 9.70e-05 | 51s
2026-09-20 12:50:42 | INFO    | epoch 7 | batch 660/3143 | loss 0.6069 | acc 0.8924 | lr 9.70e-05 | 52s
2026-09-20 12:50:43 | INFO    | epoch 7 | batch 680/3143 | loss 0.6062 | acc 0.8926 | lr 9.70e-05 | 54s
2026-09-20 12:50:45 | INFO    | epoch 7 | batch 700/3143 | loss 0.6058 | acc 0.8926 | lr 9.70e-05 | 56s
2026-09-20 12:50:46 | INFO    | epoch 7 | batch 720/3143 | loss 0.6046 | acc 0.8935 | lr 9.70e-05 | 57s
2026-09-20 12:50:48 | INFO    | epoch 7 | batch 740/3143 | loss 0.6043 | acc 0.8937 | lr 9.70e-05 | 59s
2026-09-20 12:50:50 | INFO    | epoch 7 | batch 760/3143 | loss 0.6048 | acc 0.8936 | lr 9.70e-05 | 60s
2026-09-20 12:50:51 | INFO    | epoch 7 | batch 780/3143 | loss 0.6040 | acc 0.8940 | lr 9.70e-05 | 62s
2026-09-20 12:50:53 | INFO    | epoch 7 | batch 800/3143 | loss 0.6047 | acc 0.8934 | lr 9.70e-05 | 64s
2026-09-20 12:50:54 | INFO    | epoch 7 | batch 820/3143 | loss 0.6045 | acc 0.8936 | lr 9.70e-05 | 65s
2026-09-20 12:50:56 | INFO    | epoch 7 | batch 840/3143 | loss 0.6047 | acc 0.8932 | lr 9.70e-05 | 67s
2026-09-20 12:50:57 | INFO    | epoch 7 | batch 860/3143 | loss 0.6053 | acc 0.8927 | lr 9.69e-05 | 68s
2026-09-20 12:50:59 | INFO    | epoch 7 | batch 880/3143 | loss 0.6047 | acc 0.8932 | lr 9.69e-05 | 70s
2026-09-20 12:51:01 | INFO    | epoch 7 | batch 900/3143 | loss 0.6052 | acc 0.8928 | lr 9.69e-05 | 71s
2026-09-20 12:51:02 | INFO    | epoch 7 | batch 920/3143 | loss 0.6049 | acc 0.8930 | lr 9.69e-05 | 73s
2026-09-20 12:51:04 | INFO    | epoch 7 | batch 940/3143 | loss 0.6051 | acc 0.8928 | lr 9.69e-05 | 75s
2026-09-20 12:51:05 | INFO    | epoch 7 | batch 960/3143 | loss 0.6049 | acc 0.8928 | lr 9.69e-05 | 76s
2026-09-20 12:51:07 | INFO    | epoch 7 | batch 980/3143 | loss 0.6046 | acc 0.8930 | lr 9.69e-05 | 78s
2026-09-20 12:51:09 | INFO    | epoch 7 | batch 1000/3143 | loss 0.6047 | acc 0.8929 | lr 9.69e-05 | 79s
2026-09-20 12:51:10 | INFO    | epoch 7 | batch 1020/3143 | loss 0.6046 | acc 0.8928 | lr 9.69e-05 | 81s
2026-09-20 12:51:12 | INFO    | epoch 7 | batch 1040/3143 | loss 0.6051 | acc 0.8924 | lr 9.69e-05 | 82s
2026-09-20 12:51:13 | INFO    | epoch 7 | batch 1060/3143 | loss 0.6048 | acc 0.8926 | lr 9.69e-05 | 84s
2026-09-20 12:51:15 | INFO    | epoch 7 | batch 1080/3143 | loss 0.6040 | acc 0.8929 | lr 9.68e-05 | 86s
2026-09-20 12:51:16 | INFO    | epoch 7 | batch 1100/3143 | loss 0.6039 | acc 0.8929 | lr 9.68e-05 | 87s
2026-09-20 12:51:18 | INFO    | epoch 7 | batch 1120/3143 | loss 0.6042 | acc 0.8928 | lr 9.68e-05 | 89s
2026-09-20 12:51:20 | INFO    | epoch 7 | batch 1140/3143 | loss 0.6034 | acc 0.8933 | lr 9.68e-05 | 90s
2026-09-20 12:51:21 | INFO    | epoch 7 | batch 1160/3143 | loss 0.6032 | acc 0.8934 | lr 9.68e-05 | 92s
2026-09-20 12:51:23 | INFO    | epoch 7 | batch 1180/3143 | loss 0.6032 | acc 0.8934 | lr 9.68e-05 | 93s
2026-09-20 12:51:24 | INFO    | epoch 7 | batch 1200/3143 | loss 0.6034 | acc 0.8934 | lr 9.68e-05 | 95s
2026-09-20 12:51:26 | INFO    | epoch 7 | batch 1220/3143 | loss 0.6033 | acc 0.8934 | lr 9.68e-05 | 97s
2026-09-20 12:51:27 | INFO    | epoch 7 | batch 1240/3143 | loss 0.6025 | acc 0.8940 | lr 9.68e-05 | 98s
2026-09-20 12:51:29 | INFO    | epoch 7 | batch 1260/3143 | loss 0.6023 | acc 0.8941 | lr 9.68e-05 | 100s
2026-09-20 12:51:31 | INFO    | epoch 7 | batch 1280/3143 | loss 0.6023 | acc 0.8940 | lr 9.68e-05 | 101s
2026-09-20 12:51:32 | INFO    | epoch 7 | batch 1300/3143 | loss 0.6023 | acc 0.8942 | lr 9.67e-05 | 103s
2026-09-20 12:51:34 | INFO    | epoch 7 | batch 1320/3143 | loss 0.6020 | acc 0.8943 | lr 9.67e-05 | 105s
2026-09-20 12:51:35 | INFO    | epoch 7 | batch 1340/3143 | loss 0.6020 | acc 0.8943 | lr 9.67e-05 | 106s
2026-09-20 12:51:37 | INFO    | epoch 7 | batch 1360/3143 | loss 0.6020 | acc 0.8942 | lr 9.67e-05 | 108s
2026-09-20 12:51:38 | INFO    | epoch 7 | batch 1380/3143 | loss 0.6022 | acc 0.8941 | lr 9.67e-05 | 109s
2026-09-20 12:51:40 | INFO    | epoch 7 | batch 1400/3143 | loss 0.6017 | acc 0.8943 | lr 9.67e-05 | 111s
2026-09-20 12:51:42 | INFO    | epoch 7 | batch 1420/3143 | loss 0.6012 | acc 0.8945 | lr 9.67e-05 | 112s
2026-09-20 12:51:43 | INFO    | epoch 7 | batch 1440/3143 | loss 0.6007 | acc 0.8947 | lr 9.67e-05 | 114s
2026-09-20 12:51:45 | INFO    | epoch 7 | batch 1460/3143 | loss 0.6007 | acc 0.8946 | lr 9.67e-05 | 116s
2026-09-20 12:51:46 | INFO    | epoch 7 | batch 1480/3143 | loss 0.6006 | acc 0.8947 | lr 9.67e-05 | 117s
2026-09-20 12:51:48 | INFO    | epoch 7 | batch 1500/3143 | loss 0.6005 | acc 0.8946 | lr 9.66e-05 | 119s
2026-09-20 12:51:49 | INFO    | epoch 7 | batch 1520/3143 | loss 0.6008 | acc 0.8944 | lr 9.66e-05 | 120s
2026-09-20 12:51:51 | INFO    | epoch 7 | batch 1540/3143 | loss 0.6008 | acc 0.8944 | lr 9.66e-05 | 122s
2026-09-20 12:51:53 | INFO    | epoch 7 | batch 1560/3143 | loss 0.6010 | acc 0.8942 | lr 9.66e-05 | 123s
2026-09-20 12:51:54 | INFO    | epoch 7 | batch 1580/3143 | loss 0.6015 | acc 0.8939 | lr 9.66e-05 | 125s
2026-09-20 12:51:56 | INFO    | epoch 7 | batch 1600/3143 | loss 0.6016 | acc 0.8940 | lr 9.66e-05 | 127s
2026-09-20 12:51:57 | INFO    | epoch 7 | batch 1620/3143 | loss 0.6017 | acc 0.8939 | lr 9.66e-05 | 128s
2026-09-20 12:51:59 | INFO    | epoch 7 | batch 1640/3143 | loss 0.6021 | acc 0.8938 | lr 9.66e-05 | 130s
2026-09-20 12:52:00 | INFO    | epoch 7 | batch 1660/3143 | loss 0.6023 | acc 0.8938 | lr 9.66e-05 | 131s
2026-09-20 12:52:02 | INFO    | epoch 7 | batch 1680/3143 | loss 0.6021 | acc 0.8939 | lr 9.66e-05 | 133s
2026-09-20 12:52:04 | INFO    | epoch 7 | batch 1700/3143 | loss 0.6018 | acc 0.8940 | lr 9.66e-05 | 134s
2026-09-20 12:52:05 | INFO    | epoch 7 | batch 1720/3143 | loss 0.6019 | acc 0.8940 | lr 9.65e-05 | 136s
2026-09-20 12:52:07 | INFO    | epoch 7 | batch 1740/3143 | loss 0.6021 | acc 0.8938 | lr 9.65e-05 | 138s
2026-09-20 12:52:08 | INFO    | epoch 7 | batch 1760/3143 | loss 0.6019 | acc 0.8939 | lr 9.65e-05 | 139s
2026-09-20 12:52:10 | INFO    | epoch 7 | batch 1780/3143 | loss 0.6021 | acc 0.8937 | lr 9.65e-05 | 141s
2026-09-20 12:52:11 | INFO    | epoch 7 | batch 1800/3143 | loss 0.6020 | acc 0.8937 | lr 9.65e-05 | 142s
2026-09-20 12:52:13 | INFO    | epoch 7 | batch 1820/3143 | loss 0.6016 | acc 0.8939 | lr 9.65e-05 | 144s
2026-09-20 12:52:15 | INFO    | epoch 7 | batch 1840/3143 | loss 0.6012 | acc 0.8941 | lr 9.65e-05 | 145s
2026-09-20 12:52:16 | INFO    | epoch 7 | batch 1860/3143 | loss 0.6010 | acc 0.8941 | lr 9.65e-05 | 147s
2026-09-20 12:52:18 | INFO    | epoch 7 | batch 1880/3143 | loss 0.6010 | acc 0.8941 | lr 9.65e-05 | 149s
2026-09-20 12:52:19 | INFO    | epoch 7 | batch 1900/3143 | loss 0.6007 | acc 0.8943 | lr 9.65e-05 | 150s
2026-09-20 12:52:21 | INFO    | epoch 7 | batch 1920/3143 | loss 0.6009 | acc 0.8943 | lr 9.64e-05 | 152s
2026-09-20 12:52:23 | INFO    | epoch 7 | batch 1940/3143 | loss 0.6008 | acc 0.8943 | lr 9.64e-05 | 153s
2026-09-20 12:52:24 | INFO    | epoch 7 | batch 1960/3143 | loss 0.6010 | acc 0.8942 | lr 9.64e-05 | 155s
2026-09-20 12:52:26 | INFO    | epoch 7 | batch 1980/3143 | loss 0.6008 | acc 0.8944 | lr 9.64e-05 | 156s
2026-09-20 12:52:27 | INFO    | epoch 7 | batch 2000/3143 | loss 0.6008 | acc 0.8943 | lr 9.64e-05 | 158s
2026-09-20 12:52:29 | INFO    | epoch 7 | batch 2020/3143 | loss 0.6005 | acc 0.8944 | lr 9.64e-05 | 160s
2026-09-20 12:52:30 | INFO    | epoch 7 | batch 2040/3143 | loss 0.6006 | acc 0.8944 | lr 9.64e-05 | 161s
2026-09-20 12:52:32 | INFO    | epoch 7 | batch 2060/3143 | loss 0.6004 | acc 0.8946 | lr 9.64e-05 | 163s
2026-09-20 12:52:34 | INFO    | epoch 7 | batch 2080/3143 | loss 0.6004 | acc 0.8945 | lr 9.64e-05 | 164s
2026-09-20 12:52:35 | INFO    | epoch 7 | batch 2100/3143 | loss 0.6003 | acc 0.8946 | lr 9.64e-05 | 166s
2026-09-20 12:52:37 | INFO    | epoch 7 | batch 2120/3143 | loss 0.6004 | acc 0.8946 | lr 9.63e-05 | 167s
2026-09-20 12:52:38 | INFO    | epoch 7 | batch 2140/3143 | loss 0.6003 | acc 0.8946 | lr 9.63e-05 | 169s
2026-09-20 12:52:40 | INFO    | epoch 7 | batch 2160/3143 | loss 0.6000 | acc 0.8947 | lr 9.63e-05 | 171s
2026-09-20 12:52:41 | INFO    | epoch 7 | batch 2180/3143 | loss 0.6000 | acc 0.8947 | lr 9.63e-05 | 172s
2026-09-20 12:52:43 | INFO    | epoch 7 | batch 2200/3143 | loss 0.6004 | acc 0.8946 | lr 9.63e-05 | 174s
2026-09-20 12:52:45 | INFO    | epoch 7 | batch 2220/3143 | loss 0.6002 | acc 0.8946 | lr 9.63e-05 | 175s
2026-09-20 12:52:46 | INFO    | epoch 7 | batch 2240/3143 | loss 0.5999 | acc 0.8948 | lr 9.63e-05 | 177s
2026-09-20 12:52:48 | INFO    | epoch 7 | batch 2260/3143 | loss 0.5996 | acc 0.8949 | lr 9.63e-05 | 179s
2026-09-20 12:52:49 | INFO    | epoch 7 | batch 2280/3143 | loss 0.5995 | acc 0.8950 | lr 9.63e-05 | 180s
2026-09-20 12:52:51 | INFO    | epoch 7 | batch 2300/3143 | loss 0.5996 | acc 0.8949 | lr 9.63e-05 | 182s
2026-09-20 12:52:53 | INFO    | epoch 7 | batch 2320/3143 | loss 0.5994 | acc 0.8951 | lr 9.63e-05 | 183s
2026-09-20 12:52:54 | INFO    | epoch 7 | batch 2340/3143 | loss 0.5990 | acc 0.8953 | lr 9.62e-05 | 185s
2026-09-20 12:52:56 | INFO    | epoch 7 | batch 2360/3143 | loss 0.5990 | acc 0.8953 | lr 9.62e-05 | 186s
2026-09-20 12:52:57 | INFO    | epoch 7 | batch 2380/3143 | loss 0.5989 | acc 0.8954 | lr 9.62e-05 | 188s
2026-09-20 12:52:59 | INFO    | epoch 7 | batch 2400/3143 | loss 0.5987 | acc 0.8955 | lr 9.62e-05 | 190s
2026-09-20 12:53:01 | INFO    | epoch 7 | batch 2420/3143 | loss 0.5985 | acc 0.8956 | lr 9.62e-05 | 191s
2026-09-20 12:53:02 | INFO    | epoch 7 | batch 2440/3143 | loss 0.5984 | acc 0.8956 | lr 9.62e-05 | 193s
2026-09-20 12:53:04 | INFO    | epoch 7 | batch 2460/3143 | loss 0.5982 | acc 0.8957 | lr 9.62e-05 | 195s
2026-09-20 12:53:05 | INFO    | epoch 7 | batch 2480/3143 | loss 0.5979 | acc 0.8958 | lr 9.62e-05 | 196s
2026-09-20 12:53:07 | INFO    | epoch 7 | batch 2500/3143 | loss 0.5978 | acc 0.8960 | lr 9.62e-05 | 198s
2026-09-20 12:53:08 | INFO    | epoch 7 | batch 2520/3143 | loss 0.5976 | acc 0.8961 | lr 9.62e-05 | 199s
2026-09-20 12:53:10 | INFO    | epoch 7 | batch 2540/3143 | loss 0.5973 | acc 0.8963 | lr 9.61e-05 | 201s
2026-09-20 12:53:12 | INFO    | epoch 7 | batch 2560/3143 | loss 0.5971 | acc 0.8963 | lr 9.61e-05 | 202s
2026-09-20 12:53:13 | INFO    | epoch 7 | batch 2580/3143 | loss 0.5969 | acc 0.8965 | lr 9.61e-05 | 204s
2026-09-20 12:53:15 | INFO    | epoch 7 | batch 2600/3143 | loss 0.5970 | acc 0.8965 | lr 9.61e-05 | 206s
2026-09-20 12:53:16 | INFO    | epoch 7 | batch 2620/3143 | loss 0.5970 | acc 0.8965 | lr 9.61e-05 | 207s
2026-09-20 12:53:18 | INFO    | epoch 7 | batch 2640/3143 | loss 0.5968 | acc 0.8965 | lr 9.61e-05 | 209s
2026-09-20 12:53:20 | INFO    | epoch 7 | batch 2660/3143 | loss 0.5968 | acc 0.8965 | lr 9.61e-05 | 210s
2026-09-20 12:53:21 | INFO    | epoch 7 | batch 2680/3143 | loss 0.5966 | acc 0.8967 | lr 9.61e-05 | 212s
2026-09-20 12:53:23 | INFO    | epoch 7 | batch 2700/3143 | loss 0.5966 | acc 0.8968 | lr 9.61e-05 | 213s
2026-09-20 12:53:24 | INFO    | epoch 7 | batch 2720/3143 | loss 0.5966 | acc 0.8968 | lr 9.60e-05 | 215s
2026-09-20 12:53:26 | INFO    | epoch 7 | batch 2740/3143 | loss 0.5965 | acc 0.8969 | lr 9.60e-05 | 217s
2026-09-20 12:53:27 | INFO    | epoch 7 | batch 2760/3143 | loss 0.5966 | acc 0.8968 | lr 9.60e-05 | 218s
2026-09-20 12:53:29 | INFO    | epoch 7 | batch 2780/3143 | loss 0.5966 | acc 0.8969 | lr 9.60e-05 | 220s
2026-09-20 12:53:31 | INFO    | epoch 7 | batch 2800/3143 | loss 0.5963 | acc 0.8970 | lr 9.60e-05 | 221s
2026-09-20 12:53:32 | INFO    | epoch 7 | batch 2820/3143 | loss 0.5962 | acc 0.8970 | lr 9.60e-05 | 223s
2026-09-20 12:53:34 | INFO    | epoch 7 | batch 2840/3143 | loss 0.5959 | acc 0.8972 | lr 9.60e-05 | 225s
2026-09-20 12:53:35 | INFO    | epoch 7 | batch 2860/3143 | loss 0.5959 | acc 0.8972 | lr 9.60e-05 | 226s
2026-09-20 12:53:37 | INFO    | epoch 7 | batch 2880/3143 | loss 0.5956 | acc 0.8973 | lr 9.60e-05 | 228s
2026-09-20 12:53:38 | INFO    | epoch 7 | batch 2900/3143 | loss 0.5955 | acc 0.8972 | lr 9.60e-05 | 229s
2026-09-20 12:53:40 | INFO    | epoch 7 | batch 2920/3143 | loss 0.5956 | acc 0.8972 | lr 9.59e-05 | 231s
2026-09-20 12:53:42 | INFO    | epoch 7 | batch 2940/3143 | loss 0.5953 | acc 0.8974 | lr 9.59e-05 | 232s
2026-09-20 12:53:43 | INFO    | epoch 7 | batch 2960/3143 | loss 0.5953 | acc 0.8974 | lr 9.59e-05 | 234s
2026-09-20 12:53:45 | INFO    | epoch 7 | batch 2980/3143 | loss 0.5953 | acc 0.8974 | lr 9.59e-05 | 236s
2026-09-20 12:53:46 | INFO    | epoch 7 | batch 3000/3143 | loss 0.5952 | acc 0.8975 | lr 9.59e-05 | 237s
2026-09-20 12:53:48 | INFO    | epoch 7 | batch 3020/3143 | loss 0.5952 | acc 0.8974 | lr 9.59e-05 | 239s
2026-09-20 12:53:49 | INFO    | epoch 7 | batch 3040/3143 | loss 0.5951 | acc 0.8975 | lr 9.59e-05 | 240s
2026-09-20 12:53:51 | INFO    | epoch 7 | batch 3060/3143 | loss 0.5949 | acc 0.8977 | lr 9.59e-05 | 242s
2026-09-20 12:53:53 | INFO    | epoch 7 | batch 3080/3143 | loss 0.5950 | acc 0.8976 | lr 9.59e-05 | 243s
2026-09-20 12:53:54 | INFO    | epoch 7 | batch 3100/3143 | loss 0.5948 | acc 0.8977 | lr 9.59e-05 | 245s
2026-09-20 12:53:56 | INFO    | epoch 7 | batch 3120/3143 | loss 0.5947 | acc 0.8977 | lr 9.58e-05 | 247s
2026-09-20 12:53:57 | INFO    | epoch 7 | batch 3140/3143 | loss 0.5945 | acc 0.8979 | lr 9.58e-05 | 248s
2026-09-20 12:53:58 | INFO    | epoch 7 | batch 3143/3143 | loss 0.5946 | acc 0.8979 | lr 9.58e-05 | 248s
2026-09-20 12:54:09 | INFO    | epoch 7/40 done in 260s | train loss 0.5946 | train running patch (aug): accuracy=0.8979 precision=0.8964 recall=0.8932 f1=0.8947
2026-09-20 12:54:09 | INFO    | epoch 7 train (eval, no aug) | loss 0.5092 | patch[7280]: accuracy=0.9401 precision=0.9386 recall=0.9381 f1=0.9382 | image[455]: accuracy=0.9978 precision=0.9981 recall=0.9966 f1=0.9974
2026-09-20 12:54:09 | INFO    | epoch 7 val | loss 1.1050 | patch[6048]: accuracy=0.6911 precision=0.6620 recall=0.6644 f1=0.6624 | image[96]: accuracy=0.7292 precision=0.7109 recall=0.7088 f1=0.7079
2026-09-20 12:54:09 | INFO    | val_patch_f1 = 0.6624 (best 0.6624 @ epoch 7) *
2026-09-20 12:54:11 | INFO    | epoch 8 | batch 20/3143 | loss 0.5772 | acc 0.9141 | lr 9.58e-05 | 2s
2026-09-20 12:54:12 | INFO    | epoch 8 | batch 40/3143 | loss 0.5689 | acc 0.9187 | lr 9.58e-05 | 3s
2026-09-20 12:54:14 | INFO    | epoch 8 | batch 60/3143 | loss 0.5715 | acc 0.9167 | lr 9.58e-05 | 5s
2026-09-20 12:54:16 | INFO    | epoch 8 | batch 80/3143 | loss 0.5698 | acc 0.9160 | lr 9.58e-05 | 7s
2026-09-20 12:54:17 | INFO    | epoch 8 | batch 100/3143 | loss 0.5734 | acc 0.9141 | lr 9.58e-05 | 8s
2026-09-20 12:54:19 | INFO    | epoch 8 | batch 120/3143 | loss 0.5734 | acc 0.9138 | lr 9.58e-05 | 10s
2026-09-20 12:54:20 | INFO    | epoch 8 | batch 140/3143 | loss 0.5700 | acc 0.9152 | lr 9.58e-05 | 11s
2026-09-20 12:54:22 | INFO    | epoch 8 | batch 160/3143 | loss 0.5712 | acc 0.9146 | lr 9.57e-05 | 13s
2026-09-20 12:54:24 | INFO    | epoch 8 | batch 180/3143 | loss 0.5750 | acc 0.9111 | lr 9.57e-05 | 14s
2026-09-20 12:54:25 | INFO    | epoch 8 | batch 200/3143 | loss 0.5739 | acc 0.9122 | lr 9.57e-05 | 16s
2026-09-20 12:54:27 | INFO    | epoch 8 | batch 220/3143 | loss 0.5744 | acc 0.9118 | lr 9.57e-05 | 18s
2026-09-20 12:54:28 | INFO    | epoch 8 | batch 240/3143 | loss 0.5735 | acc 0.9129 | lr 9.57e-05 | 19s
2026-09-20 12:54:30 | INFO    | epoch 8 | batch 260/3143 | loss 0.5723 | acc 0.9133 | lr 9.57e-05 | 21s
2026-09-20 12:54:31 | INFO    | epoch 8 | batch 280/3143 | loss 0.5727 | acc 0.9127 | lr 9.57e-05 | 22s
2026-09-20 12:54:33 | INFO    | epoch 8 | batch 300/3143 | loss 0.5744 | acc 0.9123 | lr 9.57e-05 | 24s
2026-09-20 12:54:35 | INFO    | epoch 8 | batch 320/3143 | loss 0.5759 | acc 0.9119 | lr 9.57e-05 | 25s
2026-09-20 12:54:36 | INFO    | epoch 8 | batch 340/3143 | loss 0.5776 | acc 0.9107 | lr 9.57e-05 | 27s
2026-09-20 12:54:38 | INFO    | epoch 8 | batch 360/3143 | loss 0.5778 | acc 0.9103 | lr 9.56e-05 | 29s
2026-09-20 12:54:39 | INFO    | epoch 8 | batch 380/3143 | loss 0.5788 | acc 0.9097 | lr 9.56e-05 | 30s
2026-09-20 12:54:41 | INFO    | epoch 8 | batch 400/3143 | loss 0.5771 | acc 0.9106 | lr 9.56e-05 | 32s
2026-09-20 12:54:42 | INFO    | epoch 8 | batch 420/3143 | loss 0.5766 | acc 0.9106 | lr 9.56e-05 | 33s
2026-09-20 12:54:44 | INFO    | epoch 8 | batch 440/3143 | loss 0.5755 | acc 0.9108 | lr 9.56e-05 | 35s
2026-09-20 12:54:46 | INFO    | epoch 8 | batch 460/3143 | loss 0.5737 | acc 0.9111 | lr 9.56e-05 | 37s
2026-09-20 12:54:47 | INFO    | epoch 8 | batch 480/3143 | loss 0.5743 | acc 0.9107 | lr 9.56e-05 | 38s
2026-09-20 12:54:49 | INFO    | epoch 8 | batch 500/3143 | loss 0.5749 | acc 0.9099 | lr 9.56e-05 | 40s
2026-09-20 12:54:50 | INFO    | epoch 8 | batch 520/3143 | loss 0.5748 | acc 0.9097 | lr 9.56e-05 | 41s
2026-09-20 12:54:52 | INFO    | epoch 8 | batch 540/3143 | loss 0.5752 | acc 0.9092 | lr 9.55e-05 | 43s
2026-09-20 12:54:53 | INFO    | epoch 8 | batch 560/3143 | loss 0.5744 | acc 0.9099 | lr 9.55e-05 | 44s
2026-09-20 12:54:55 | INFO    | epoch 8 | batch 580/3143 | loss 0.5741 | acc 0.9102 | lr 9.55e-05 | 46s
2026-09-20 12:54:57 | INFO    | epoch 8 | batch 600/3143 | loss 0.5732 | acc 0.9107 | lr 9.55e-05 | 47s
2026-09-20 12:54:58 | INFO    | epoch 8 | batch 620/3143 | loss 0.5726 | acc 0.9112 | lr 9.55e-05 | 49s
2026-09-20 12:55:00 | INFO    | epoch 8 | batch 640/3143 | loss 0.5717 | acc 0.9116 | lr 9.55e-05 | 51s
2026-09-20 12:55:01 | INFO    | epoch 8 | batch 660/3143 | loss 0.5712 | acc 0.9120 | lr 9.55e-05 | 52s
2026-09-20 12:55:03 | INFO    | epoch 8 | batch 680/3143 | loss 0.5715 | acc 0.9116 | lr 9.55e-05 | 54s
2026-09-20 12:55:05 | INFO    | epoch 8 | batch 700/3143 | loss 0.5716 | acc 0.9116 | lr 9.55e-05 | 55s
2026-09-20 12:55:06 | INFO    | epoch 8 | batch 720/3143 | loss 0.5716 | acc 0.9113 | lr 9.54e-05 | 57s
2026-09-20 12:55:08 | INFO    | epoch 8 | batch 740/3143 | loss 0.5713 | acc 0.9112 | lr 9.54e-05 | 59s
2026-09-20 12:55:09 | INFO    | epoch 8 | batch 760/3143 | loss 0.5710 | acc 0.9113 | lr 9.54e-05 | 60s
2026-09-20 12:55:11 | INFO    | epoch 8 | batch 780/3143 | loss 0.5716 | acc 0.9109 | lr 9.54e-05 | 62s
2026-09-20 12:55:12 | INFO    | epoch 8 | batch 800/3143 | loss 0.5716 | acc 0.9108 | lr 9.54e-05 | 63s
2026-09-20 12:55:14 | INFO    | epoch 8 | batch 820/3143 | loss 0.5722 | acc 0.9107 | lr 9.54e-05 | 65s
2026-09-20 12:55:16 | INFO    | epoch 8 | batch 840/3143 | loss 0.5723 | acc 0.9108 | lr 9.54e-05 | 67s
2026-09-20 12:55:17 | INFO    | epoch 8 | batch 860/3143 | loss 0.5720 | acc 0.9110 | lr 9.54e-05 | 68s
2026-09-20 12:55:19 | INFO    | epoch 8 | batch 880/3143 | loss 0.5724 | acc 0.9107 | lr 9.54e-05 | 70s
2026-09-20 12:55:21 | INFO    | epoch 8 | batch 900/3143 | loss 0.5720 | acc 0.9110 | lr 9.53e-05 | 71s
2026-09-20 12:55:22 | INFO    | epoch 8 | batch 920/3143 | loss 0.5720 | acc 0.9111 | lr 9.53e-05 | 73s
2026-09-20 12:55:24 | INFO    | epoch 8 | batch 940/3143 | loss 0.5714 | acc 0.9113 | lr 9.53e-05 | 75s
2026-09-20 12:55:25 | INFO    | epoch 8 | batch 960/3143 | loss 0.5717 | acc 0.9114 | lr 9.53e-05 | 76s
2026-09-20 12:55:27 | INFO    | epoch 8 | batch 980/3143 | loss 0.5715 | acc 0.9116 | lr 9.53e-05 | 78s
2026-09-20 12:55:28 | INFO    | epoch 8 | batch 1000/3143 | loss 0.5719 | acc 0.9114 | lr 9.53e-05 | 79s
2026-09-20 12:55:30 | INFO    | epoch 8 | batch 1020/3143 | loss 0.5717 | acc 0.9113 | lr 9.53e-05 | 81s
2026-09-20 12:55:32 | INFO    | epoch 8 | batch 1040/3143 | loss 0.5715 | acc 0.9115 | lr 9.53e-05 | 82s
2026-09-20 12:55:33 | INFO    | epoch 8 | batch 1060/3143 | loss 0.5718 | acc 0.9114 | lr 9.53e-05 | 84s
2026-09-20 12:55:35 | INFO    | epoch 8 | batch 1080/3143 | loss 0.5723 | acc 0.9113 | lr 9.52e-05 | 86s
2026-09-20 12:55:36 | INFO    | epoch 8 | batch 1100/3143 | loss 0.5723 | acc 0.9114 | lr 9.52e-05 | 87s
2026-09-20 12:55:38 | INFO    | epoch 8 | batch 1120/3143 | loss 0.5725 | acc 0.9110 | lr 9.52e-05 | 89s
2026-09-20 12:55:40 | INFO    | epoch 8 | batch 1140/3143 | loss 0.5722 | acc 0.9110 | lr 9.52e-05 | 90s
2026-09-20 12:55:41 | INFO    | epoch 8 | batch 1160/3143 | loss 0.5717 | acc 0.9112 | lr 9.52e-05 | 92s
2026-09-20 12:55:43 | INFO    | epoch 8 | batch 1180/3143 | loss 0.5718 | acc 0.9110 | lr 9.52e-05 | 94s
2026-09-20 12:55:45 | INFO    | epoch 8 | batch 1200/3143 | loss 0.5723 | acc 0.9109 | lr 9.52e-05 | 95s
2026-09-20 12:55:46 | INFO    | epoch 8 | batch 1220/3143 | loss 0.5724 | acc 0.9107 | lr 9.52e-05 | 97s
2026-09-20 12:55:48 | INFO    | epoch 8 | batch 1240/3143 | loss 0.5724 | acc 0.9108 | lr 9.52e-05 | 99s
2026-09-20 12:55:49 | INFO    | epoch 8 | batch 1260/3143 | loss 0.5726 | acc 0.9107 | lr 9.51e-05 | 100s
2026-09-20 12:55:51 | INFO    | epoch 8 | batch 1280/3143 | loss 0.5730 | acc 0.9106 | lr 9.51e-05 | 102s
2026-09-20 12:55:53 | INFO    | epoch 8 | batch 1300/3143 | loss 0.5729 | acc 0.9108 | lr 9.51e-05 | 103s
2026-09-20 12:55:54 | INFO    | epoch 8 | batch 1320/3143 | loss 0.5731 | acc 0.9106 | lr 9.51e-05 | 105s
2026-09-20 12:55:56 | INFO    | epoch 8 | batch 1340/3143 | loss 0.5726 | acc 0.9108 | lr 9.51e-05 | 107s
2026-09-20 12:55:57 | INFO    | epoch 8 | batch 1360/3143 | loss 0.5726 | acc 0.9108 | lr 9.51e-05 | 108s
2026-09-20 12:55:59 | INFO    | epoch 8 | batch 1380/3143 | loss 0.5727 | acc 0.9108 | lr 9.51e-05 | 110s
2026-09-20 12:56:00 | INFO    | epoch 8 | batch 1400/3143 | loss 0.5724 | acc 0.9111 | lr 9.51e-05 | 111s
2026-09-20 12:56:02 | INFO    | epoch 8 | batch 1420/3143 | loss 0.5723 | acc 0.9111 | lr 9.51e-05 | 113s
2026-09-20 12:56:04 | INFO    | epoch 8 | batch 1440/3143 | loss 0.5722 | acc 0.9112 | lr 9.50e-05 | 115s
2026-09-20 12:56:05 | INFO    | epoch 8 | batch 1460/3143 | loss 0.5727 | acc 0.9110 | lr 9.50e-05 | 116s
2026-09-20 12:56:07 | INFO    | epoch 8 | batch 1480/3143 | loss 0.5724 | acc 0.9110 | lr 9.50e-05 | 118s
2026-09-20 12:56:08 | INFO    | epoch 8 | batch 1500/3143 | loss 0.5722 | acc 0.9111 | lr 9.50e-05 | 119s
2026-09-20 12:56:10 | INFO    | epoch 8 | batch 1520/3143 | loss 0.5721 | acc 0.9111 | lr 9.50e-05 | 121s
2026-09-20 12:56:11 | INFO    | epoch 8 | batch 1540/3143 | loss 0.5723 | acc 0.9109 | lr 9.50e-05 | 122s
2026-09-20 12:56:13 | INFO    | epoch 8 | batch 1560/3143 | loss 0.5720 | acc 0.9110 | lr 9.50e-05 | 124s
2026-09-20 12:56:15 | INFO    | epoch 8 | batch 1580/3143 | loss 0.5718 | acc 0.9111 | lr 9.50e-05 | 126s
2026-09-20 12:56:16 | INFO    | epoch 8 | batch 1600/3143 | loss 0.5714 | acc 0.9112 | lr 9.50e-05 | 127s
2026-09-20 12:56:18 | INFO    | epoch 8 | batch 1620/3143 | loss 0.5718 | acc 0.9111 | lr 9.49e-05 | 129s
2026-09-20 12:56:19 | INFO    | epoch 8 | batch 1640/3143 | loss 0.5717 | acc 0.9112 | lr 9.49e-05 | 130s
2026-09-20 12:56:21 | INFO    | epoch 8 | batch 1660/3143 | loss 0.5716 | acc 0.9113 | lr 9.49e-05 | 132s
2026-09-20 12:56:23 | INFO    | epoch 8 | batch 1680/3143 | loss 0.5720 | acc 0.9112 | lr 9.49e-05 | 133s
2026-09-20 12:56:24 | INFO    | epoch 8 | batch 1700/3143 | loss 0.5719 | acc 0.9111 | lr 9.49e-05 | 135s
2026-09-20 12:56:26 | INFO    | epoch 8 | batch 1720/3143 | loss 0.5718 | acc 0.9111 | lr 9.49e-05 | 137s
2026-09-20 12:56:27 | INFO    | epoch 8 | batch 1740/3143 | loss 0.5720 | acc 0.9110 | lr 9.49e-05 | 138s
2026-09-20 12:56:29 | INFO    | epoch 8 | batch 1760/3143 | loss 0.5718 | acc 0.9112 | lr 9.49e-05 | 140s
2026-09-20 12:56:30 | INFO    | epoch 8 | batch 1780/3143 | loss 0.5720 | acc 0.9111 | lr 9.49e-05 | 141s
2026-09-20 12:56:32 | INFO    | epoch 8 | batch 1800/3143 | loss 0.5725 | acc 0.9110 | lr 9.48e-05 | 143s
2026-09-20 12:56:34 | INFO    | epoch 8 | batch 1820/3143 | loss 0.5728 | acc 0.9107 | lr 9.48e-05 | 145s
2026-09-20 12:56:35 | INFO    | epoch 8 | batch 1840/3143 | loss 0.5728 | acc 0.9108 | lr 9.48e-05 | 146s
2026-09-20 12:56:37 | INFO    | epoch 8 | batch 1860/3143 | loss 0.5726 | acc 0.9110 | lr 9.48e-05 | 148s
2026-09-20 12:56:38 | INFO    | epoch 8 | batch 1880/3143 | loss 0.5729 | acc 0.9109 | lr 9.48e-05 | 149s
2026-09-20 12:56:40 | INFO    | epoch 8 | batch 1900/3143 | loss 0.5727 | acc 0.9109 | lr 9.48e-05 | 151s
2026-09-20 12:56:42 | INFO    | epoch 8 | batch 1920/3143 | loss 0.5725 | acc 0.9111 | lr 9.48e-05 | 152s
2026-09-20 12:56:43 | INFO    | epoch 8 | batch 1940/3143 | loss 0.5723 | acc 0.9112 | lr 9.48e-05 | 154s
2026-09-20 12:56:45 | INFO    | epoch 8 | batch 1960/3143 | loss 0.5721 | acc 0.9113 | lr 9.47e-05 | 156s
2026-09-20 12:56:46 | INFO    | epoch 8 | batch 1980/3143 | loss 0.5720 | acc 0.9113 | lr 9.47e-05 | 157s
2026-09-20 12:56:48 | INFO    | epoch 8 | batch 2000/3143 | loss 0.5721 | acc 0.9113 | lr 9.47e-05 | 159s
2026-09-20 12:56:49 | INFO    | epoch 8 | batch 2020/3143 | loss 0.5724 | acc 0.9111 | lr 9.47e-05 | 160s
2026-09-20 12:56:51 | INFO    | epoch 8 | batch 2040/3143 | loss 0.5722 | acc 0.9113 | lr 9.47e-05 | 162s
2026-09-20 12:56:53 | INFO    | epoch 8 | batch 2060/3143 | loss 0.5721 | acc 0.9114 | lr 9.47e-05 | 164s
2026-09-20 12:56:54 | INFO    | epoch 8 | batch 2080/3143 | loss 0.5722 | acc 0.9114 | lr 9.47e-05 | 165s
2026-09-20 12:56:56 | INFO    | epoch 8 | batch 2100/3143 | loss 0.5724 | acc 0.9113 | lr 9.47e-05 | 167s
2026-09-20 12:56:57 | INFO    | epoch 8 | batch 2120/3143 | loss 0.5724 | acc 0.9111 | lr 9.47e-05 | 168s
2026-09-20 12:56:59 | INFO    | epoch 8 | batch 2140/3143 | loss 0.5724 | acc 0.9112 | lr 9.46e-05 | 170s
2026-09-20 12:57:01 | INFO    | epoch 8 | batch 2160/3143 | loss 0.5721 | acc 0.9113 | lr 9.46e-05 | 172s
2026-09-20 12:57:02 | INFO    | epoch 8 | batch 2180/3143 | loss 0.5722 | acc 0.9112 | lr 9.46e-05 | 173s
2026-09-20 12:57:04 | INFO    | epoch 8 | batch 2200/3143 | loss 0.5721 | acc 0.9112 | lr 9.46e-05 | 175s
2026-09-20 12:57:05 | INFO    | epoch 8 | batch 2220/3143 | loss 0.5720 | acc 0.9112 | lr 9.46e-05 | 176s
2026-09-20 12:57:07 | INFO    | epoch 8 | batch 2240/3143 | loss 0.5719 | acc 0.9114 | lr 9.46e-05 | 178s
2026-09-20 12:57:09 | INFO    | epoch 8 | batch 2260/3143 | loss 0.5719 | acc 0.9115 | lr 9.46e-05 | 179s
2026-09-20 12:57:10 | INFO    | epoch 8 | batch 2280/3143 | loss 0.5717 | acc 0.9116 | lr 9.46e-05 | 181s
2026-09-20 12:57:12 | INFO    | epoch 8 | batch 2300/3143 | loss 0.5717 | acc 0.9115 | lr 9.45e-05 | 183s
2026-09-20 12:57:13 | INFO    | epoch 8 | batch 2320/3143 | loss 0.5718 | acc 0.9114 | lr 9.45e-05 | 184s
2026-09-20 12:57:15 | INFO    | epoch 8 | batch 2340/3143 | loss 0.5718 | acc 0.9114 | lr 9.45e-05 | 186s
2026-09-20 12:57:16 | INFO    | epoch 8 | batch 2360/3143 | loss 0.5716 | acc 0.9114 | lr 9.45e-05 | 187s
2026-09-20 12:57:18 | INFO    | epoch 8 | batch 2380/3143 | loss 0.5716 | acc 0.9114 | lr 9.45e-05 | 189s
2026-09-20 12:57:20 | INFO    | epoch 8 | batch 2400/3143 | loss 0.5714 | acc 0.9115 | lr 9.45e-05 | 191s
2026-09-20 12:57:21 | INFO    | epoch 8 | batch 2420/3143 | loss 0.5713 | acc 0.9116 | lr 9.45e-05 | 192s
2026-09-20 12:57:23 | INFO    | epoch 8 | batch 2440/3143 | loss 0.5713 | acc 0.9116 | lr 9.45e-05 | 194s
2026-09-20 12:57:24 | INFO    | epoch 8 | batch 2460/3143 | loss 0.5711 | acc 0.9118 | lr 9.45e-05 | 195s
2026-09-20 12:57:26 | INFO    | epoch 8 | batch 2480/3143 | loss 0.5712 | acc 0.9117 | lr 9.44e-05 | 197s
2026-09-20 12:57:28 | INFO    | epoch 8 | batch 2500/3143 | loss 0.5715 | acc 0.9115 | lr 9.44e-05 | 198s
2026-09-20 12:57:29 | INFO    | epoch 8 | batch 2520/3143 | loss 0.5714 | acc 0.9115 | lr 9.44e-05 | 200s
2026-09-20 12:57:31 | INFO    | epoch 8 | batch 2540/3143 | loss 0.5714 | acc 0.9115 | lr 9.44e-05 | 202s
2026-09-20 12:57:32 | INFO    | epoch 8 | batch 2560/3143 | loss 0.5713 | acc 0.9115 | lr 9.44e-05 | 203s
2026-09-20 12:57:34 | INFO    | epoch 8 | batch 2580/3143 | loss 0.5714 | acc 0.9114 | lr 9.44e-05 | 205s
2026-09-20 12:57:35 | INFO    | epoch 8 | batch 2600/3143 | loss 0.5712 | acc 0.9115 | lr 9.44e-05 | 206s
2026-09-20 12:57:37 | INFO    | epoch 8 | batch 2620/3143 | loss 0.5713 | acc 0.9116 | lr 9.44e-05 | 208s
2026-09-20 12:57:39 | INFO    | epoch 8 | batch 2640/3143 | loss 0.5712 | acc 0.9116 | lr 9.43e-05 | 210s
2026-09-20 12:57:40 | INFO    | epoch 8 | batch 2660/3143 | loss 0.5711 | acc 0.9116 | lr 9.43e-05 | 211s
2026-09-20 12:57:42 | INFO    | epoch 8 | batch 2680/3143 | loss 0.5712 | acc 0.9115 | lr 9.43e-05 | 213s
2026-09-20 12:57:43 | INFO    | epoch 8 | batch 2700/3143 | loss 0.5709 | acc 0.9116 | lr 9.43e-05 | 214s
2026-09-20 12:57:45 | INFO    | epoch 8 | batch 2720/3143 | loss 0.5706 | acc 0.9118 | lr 9.43e-05 | 216s
2026-09-20 12:57:47 | INFO    | epoch 8 | batch 2740/3143 | loss 0.5707 | acc 0.9118 | lr 9.43e-05 | 217s
2026-09-20 12:57:48 | INFO    | epoch 8 | batch 2760/3143 | loss 0.5708 | acc 0.9118 | lr 9.43e-05 | 219s
2026-09-20 12:57:50 | INFO    | epoch 8 | batch 2780/3143 | loss 0.5708 | acc 0.9117 | lr 9.43e-05 | 221s
2026-09-20 12:57:51 | INFO    | epoch 8 | batch 2800/3143 | loss 0.5708 | acc 0.9117 | lr 9.42e-05 | 222s
2026-09-20 12:57:53 | INFO    | epoch 8 | batch 2820/3143 | loss 0.5706 | acc 0.9118 | lr 9.42e-05 | 224s
2026-09-20 12:57:54 | INFO    | epoch 8 | batch 2840/3143 | loss 0.5706 | acc 0.9118 | lr 9.42e-05 | 225s
2026-09-20 12:57:56 | INFO    | epoch 8 | batch 2860/3143 | loss 0.5705 | acc 0.9119 | lr 9.42e-05 | 227s
2026-09-20 12:57:58 | INFO    | epoch 8 | batch 2880/3143 | loss 0.5705 | acc 0.9119 | lr 9.42e-05 | 229s
2026-09-20 12:57:59 | INFO    | epoch 8 | batch 2900/3143 | loss 0.5705 | acc 0.9119 | lr 9.42e-05 | 230s
2026-09-20 12:58:01 | INFO    | epoch 8 | batch 2920/3143 | loss 0.5705 | acc 0.9118 | lr 9.42e-05 | 232s
2026-09-20 12:58:02 | INFO    | epoch 8 | batch 2940/3143 | loss 0.5704 | acc 0.9119 | lr 9.42e-05 | 233s
2026-09-20 12:58:04 | INFO    | epoch 8 | batch 2960/3143 | loss 0.5703 | acc 0.9119 | lr 9.41e-05 | 235s
2026-09-20 12:58:06 | INFO    | epoch 8 | batch 2980/3143 | loss 0.5703 | acc 0.9119 | lr 9.41e-05 | 237s
2026-09-20 12:58:07 | INFO    | epoch 8 | batch 3000/3143 | loss 0.5701 | acc 0.9120 | lr 9.41e-05 | 238s
2026-09-20 12:58:09 | INFO    | epoch 8 | batch 3020/3143 | loss 0.5700 | acc 0.9120 | lr 9.41e-05 | 240s
2026-09-20 12:58:10 | INFO    | epoch 8 | batch 3040/3143 | loss 0.5699 | acc 0.9120 | lr 9.41e-05 | 241s
2026-09-20 12:58:12 | INFO    | epoch 8 | batch 3060/3143 | loss 0.5700 | acc 0.9118 | lr 9.41e-05 | 243s
2026-09-20 12:58:14 | INFO    | epoch 8 | batch 3080/3143 | loss 0.5698 | acc 0.9119 | lr 9.41e-05 | 244s
2026-09-20 12:58:15 | INFO    | epoch 8 | batch 3100/3143 | loss 0.5698 | acc 0.9119 | lr 9.41e-05 | 246s
2026-09-20 12:58:17 | INFO    | epoch 8 | batch 3120/3143 | loss 0.5700 | acc 0.9118 | lr 9.40e-05 | 248s
2026-09-20 12:58:18 | INFO    | epoch 8 | batch 3140/3143 | loss 0.5700 | acc 0.9118 | lr 9.40e-05 | 249s
2026-09-20 12:58:19 | INFO    | epoch 8 | batch 3143/3143 | loss 0.5700 | acc 0.9118 | lr 9.40e-05 | 249s
2026-09-20 12:58:30 | INFO    | epoch 8/40 done in 261s | train loss 0.5700 | train running patch (aug): accuracy=0.9118 precision=0.9104 recall=0.9080 f1=0.9091
2026-09-20 12:58:30 | INFO    | epoch 8 train (eval, no aug) | loss 0.5050 | patch[7280]: accuracy=0.9459 precision=0.9494 recall=0.9434 f1=0.9454 | image[455]: accuracy=0.9912 precision=0.9927 recall=0.9905 f1=0.9915
2026-09-20 12:58:30 | INFO    | epoch 8 val | loss 1.1391 | patch[6048]: accuracy=0.6789 precision=0.6532 recall=0.6491 f1=0.6481 | image[96]: accuracy=0.7188 precision=0.6945 recall=0.6837 f1=0.6824
2026-09-20 12:58:30 | INFO    | val_patch_f1 = 0.6481 (best 0.6624 @ epoch 7)
2026-09-20 12:58:32 | INFO    | epoch 9 | batch 20/3143 | loss 0.5600 | acc 0.9109 | lr 9.40e-05 | 2s
2026-09-20 12:58:33 | INFO    | epoch 9 | batch 40/3143 | loss 0.5726 | acc 0.9078 | lr 9.40e-05 | 3s
2026-09-20 12:58:35 | INFO    | epoch 9 | batch 60/3143 | loss 0.5597 | acc 0.9172 | lr 9.40e-05 | 5s
2026-09-20 12:58:36 | INFO    | epoch 9 | batch 80/3143 | loss 0.5605 | acc 0.9145 | lr 9.40e-05 | 6s
2026-09-20 12:58:38 | INFO    | epoch 9 | batch 100/3143 | loss 0.5563 | acc 0.9172 | lr 9.40e-05 | 8s
2026-09-20 12:58:40 | INFO    | epoch 9 | batch 120/3143 | loss 0.5574 | acc 0.9172 | lr 9.40e-05 | 10s
2026-09-20 12:58:41 | INFO    | epoch 9 | batch 140/3143 | loss 0.5581 | acc 0.9170 | lr 9.39e-05 | 11s
2026-09-20 12:58:43 | INFO    | epoch 9 | batch 160/3143 | loss 0.5618 | acc 0.9150 | lr 9.39e-05 | 13s
2026-09-20 12:58:44 | INFO    | epoch 9 | batch 180/3143 | loss 0.5577 | acc 0.9177 | lr 9.39e-05 | 14s
2026-09-20 12:58:46 | INFO    | epoch 9 | batch 200/3143 | loss 0.5576 | acc 0.9177 | lr 9.39e-05 | 16s
2026-09-20 12:58:47 | INFO    | epoch 9 | batch 220/3143 | loss 0.5588 | acc 0.9166 | lr 9.39e-05 | 17s
2026-09-20 12:58:49 | INFO    | epoch 9 | batch 240/3143 | loss 0.5584 | acc 0.9176 | lr 9.39e-05 | 19s
2026-09-20 12:58:51 | INFO    | epoch 9 | batch 260/3143 | loss 0.5566 | acc 0.9186 | lr 9.39e-05 | 21s
2026-09-20 12:58:52 | INFO    | epoch 9 | batch 280/3143 | loss 0.5550 | acc 0.9194 | lr 9.39e-05 | 22s
2026-09-20 12:58:54 | INFO    | epoch 9 | batch 300/3143 | loss 0.5536 | acc 0.9205 | lr 9.38e-05 | 24s
2026-09-20 12:58:55 | INFO    | epoch 9 | batch 320/3143 | loss 0.5531 | acc 0.9209 | lr 9.38e-05 | 25s
2026-09-20 12:58:57 | INFO    | epoch 9 | batch 340/3143 | loss 0.5542 | acc 0.9202 | lr 9.38e-05 | 27s
2026-09-20 12:58:58 | INFO    | epoch 9 | batch 360/3143 | loss 0.5534 | acc 0.9209 | lr 9.38e-05 | 29s
2026-09-20 12:59:00 | INFO    | epoch 9 | batch 380/3143 | loss 0.5523 | acc 0.9214 | lr 9.38e-05 | 30s
2026-09-20 12:59:02 | INFO    | epoch 9 | batch 400/3143 | loss 0.5528 | acc 0.9215 | lr 9.38e-05 | 32s
2026-09-20 12:59:03 | INFO    | epoch 9 | batch 420/3143 | loss 0.5514 | acc 0.9223 | lr 9.38e-05 | 33s
2026-09-20 12:59:05 | INFO    | epoch 9 | batch 440/3143 | loss 0.5520 | acc 0.9219 | lr 9.38e-05 | 35s
2026-09-20 12:59:06 | INFO    | epoch 9 | batch 460/3143 | loss 0.5503 | acc 0.9226 | lr 9.37e-05 | 36s
2026-09-20 12:59:08 | INFO    | epoch 9 | batch 480/3143 | loss 0.5512 | acc 0.9226 | lr 9.37e-05 | 38s
2026-09-20 12:59:09 | INFO    | epoch 9 | batch 500/3143 | loss 0.5511 | acc 0.9223 | lr 9.37e-05 | 39s
2026-09-20 12:59:11 | INFO    | epoch 9 | batch 520/3143 | loss 0.5512 | acc 0.9218 | lr 9.37e-05 | 41s
2026-09-20 12:59:13 | INFO    | epoch 9 | batch 540/3143 | loss 0.5520 | acc 0.9216 | lr 9.37e-05 | 43s
2026-09-20 12:59:14 | INFO    | epoch 9 | batch 560/3143 | loss 0.5516 | acc 0.9218 | lr 9.37e-05 | 44s
2026-09-20 12:59:16 | INFO    | epoch 9 | batch 580/3143 | loss 0.5517 | acc 0.9216 | lr 9.37e-05 | 46s
2026-09-20 12:59:17 | INFO    | epoch 9 | batch 600/3143 | loss 0.5509 | acc 0.9222 | lr 9.37e-05 | 47s
2026-09-20 12:59:19 | INFO    | epoch 9 | batch 620/3143 | loss 0.5522 | acc 0.9215 | lr 9.36e-05 | 49s
2026-09-20 12:59:20 | INFO    | epoch 9 | batch 640/3143 | loss 0.5515 | acc 0.9215 | lr 9.36e-05 | 50s
2026-09-20 12:59:22 | INFO    | epoch 9 | batch 660/3143 | loss 0.5516 | acc 0.9215 | lr 9.36e-05 | 52s
2026-09-20 12:59:24 | INFO    | epoch 9 | batch 680/3143 | loss 0.5523 | acc 0.9211 | lr 9.36e-05 | 54s
2026-09-20 12:59:25 | INFO    | epoch 9 | batch 700/3143 | loss 0.5527 | acc 0.9214 | lr 9.36e-05 | 55s
2026-09-20 12:59:27 | INFO    | epoch 9 | batch 720/3143 | loss 0.5522 | acc 0.9215 | lr 9.36e-05 | 57s
2026-09-20 12:59:28 | INFO    | epoch 9 | batch 740/3143 | loss 0.5514 | acc 0.9221 | lr 9.36e-05 | 58s
2026-09-20 12:59:30 | INFO    | epoch 9 | batch 760/3143 | loss 0.5512 | acc 0.9220 | lr 9.36e-05 | 60s
2026-09-20 12:59:32 | INFO    | epoch 9 | batch 780/3143 | loss 0.5513 | acc 0.9221 | lr 9.35e-05 | 62s
2026-09-20 12:59:33 | INFO    | epoch 9 | batch 800/3143 | loss 0.5517 | acc 0.9218 | lr 9.35e-05 | 63s
2026-09-20 12:59:35 | INFO    | epoch 9 | batch 820/3143 | loss 0.5511 | acc 0.9223 | lr 9.35e-05 | 65s
2026-09-20 12:59:36 | INFO    | epoch 9 | batch 840/3143 | loss 0.5513 | acc 0.9221 | lr 9.35e-05 | 66s
2026-09-20 12:59:38 | INFO    | epoch 9 | batch 860/3143 | loss 0.5521 | acc 0.9217 | lr 9.35e-05 | 68s
2026-09-20 12:59:39 | INFO    | epoch 9 | batch 880/3143 | loss 0.5521 | acc 0.9219 | lr 9.35e-05 | 69s
2026-09-20 12:59:41 | INFO    | epoch 9 | batch 900/3143 | loss 0.5513 | acc 0.9224 | lr 9.35e-05 | 71s
2026-09-20 12:59:43 | INFO    | epoch 9 | batch 920/3143 | loss 0.5510 | acc 0.9226 | lr 9.35e-05 | 73s
2026-09-20 12:59:44 | INFO    | epoch 9 | batch 940/3143 | loss 0.5516 | acc 0.9222 | lr 9.34e-05 | 74s
2026-09-20 12:59:46 | INFO    | epoch 9 | batch 960/3143 | loss 0.5516 | acc 0.9223 | lr 9.34e-05 | 76s
2026-09-20 12:59:47 | INFO    | epoch 9 | batch 980/3143 | loss 0.5523 | acc 0.9218 | lr 9.34e-05 | 77s
2026-09-20 12:59:49 | INFO    | epoch 9 | batch 1000/3143 | loss 0.5521 | acc 0.9220 | lr 9.34e-05 | 79s
2026-09-20 12:59:51 | INFO    | epoch 9 | batch 1020/3143 | loss 0.5519 | acc 0.9219 | lr 9.34e-05 | 81s
2026-09-20 12:59:52 | INFO    | epoch 9 | batch 1040/3143 | loss 0.5516 | acc 0.9220 | lr 9.34e-05 | 82s
2026-09-20 12:59:54 | INFO    | epoch 9 | batch 1060/3143 | loss 0.5516 | acc 0.9220 | lr 9.34e-05 | 84s
2026-09-20 12:59:55 | INFO    | epoch 9 | batch 1080/3143 | loss 0.5509 | acc 0.9224 | lr 9.33e-05 | 85s
2026-09-20 12:59:57 | INFO    | epoch 9 | batch 1100/3143 | loss 0.5506 | acc 0.9225 | lr 9.33e-05 | 87s
2026-09-20 12:59:58 | INFO    | epoch 9 | batch 1120/3143 | loss 0.5508 | acc 0.9224 | lr 9.33e-05 | 89s
2026-09-20 13:00:00 | INFO    | epoch 9 | batch 1140/3143 | loss 0.5507 | acc 0.9224 | lr 9.33e-05 | 90s
2026-09-20 13:00:02 | INFO    | epoch 9 | batch 1160/3143 | loss 0.5507 | acc 0.9226 | lr 9.33e-05 | 92s
2026-09-20 13:00:03 | INFO    | epoch 9 | batch 1180/3143 | loss 0.5503 | acc 0.9228 | lr 9.33e-05 | 93s
2026-09-20 13:00:05 | INFO    | epoch 9 | batch 1200/3143 | loss 0.5509 | acc 0.9226 | lr 9.33e-05 | 95s
2026-09-20 13:00:06 | INFO    | epoch 9 | batch 1220/3143 | loss 0.5510 | acc 0.9224 | lr 9.33e-05 | 96s
2026-09-20 13:00:08 | INFO    | epoch 9 | batch 1240/3143 | loss 0.5510 | acc 0.9225 | lr 9.32e-05 | 98s
2026-09-20 13:00:09 | INFO    | epoch 9 | batch 1260/3143 | loss 0.5503 | acc 0.9228 | lr 9.32e-05 | 100s
2026-09-20 13:00:11 | INFO    | epoch 9 | batch 1280/3143 | loss 0.5502 | acc 0.9229 | lr 9.32e-05 | 101s
2026-09-20 13:00:13 | INFO    | epoch 9 | batch 1300/3143 | loss 0.5502 | acc 0.9229 | lr 9.32e-05 | 103s
2026-09-20 13:00:14 | INFO    | epoch 9 | batch 1320/3143 | loss 0.5503 | acc 0.9227 | lr 9.32e-05 | 104s
2026-09-20 13:00:16 | INFO    | epoch 9 | batch 1340/3143 | loss 0.5503 | acc 0.9226 | lr 9.32e-05 | 106s
2026-09-20 13:00:17 | INFO    | epoch 9 | batch 1360/3143 | loss 0.5504 | acc 0.9224 | lr 9.32e-05 | 108s
2026-09-20 13:00:19 | INFO    | epoch 9 | batch 1380/3143 | loss 0.5507 | acc 0.9223 | lr 9.32e-05 | 109s
2026-09-20 13:00:21 | INFO    | epoch 9 | batch 1400/3143 | loss 0.5505 | acc 0.9224 | lr 9.31e-05 | 111s
2026-09-20 13:00:22 | INFO    | epoch 9 | batch 1420/3143 | loss 0.5513 | acc 0.9220 | lr 9.31e-05 | 112s
2026-09-20 13:00:24 | INFO    | epoch 9 | batch 1440/3143 | loss 0.5510 | acc 0.9220 | lr 9.31e-05 | 114s
2026-09-20 13:00:25 | INFO    | epoch 9 | batch 1460/3143 | loss 0.5507 | acc 0.9223 | lr 9.31e-05 | 115s
2026-09-20 13:00:27 | INFO    | epoch 9 | batch 1480/3143 | loss 0.5511 | acc 0.9221 | lr 9.31e-05 | 117s
2026-09-20 13:00:29 | INFO    | epoch 9 | batch 1500/3143 | loss 0.5512 | acc 0.9220 | lr 9.31e-05 | 119s
2026-09-20 13:00:30 | INFO    | epoch 9 | batch 1520/3143 | loss 0.5515 | acc 0.9217 | lr 9.31e-05 | 120s
2026-09-20 13:00:32 | INFO    | epoch 9 | batch 1540/3143 | loss 0.5513 | acc 0.9219 | lr 9.30e-05 | 122s
2026-09-20 13:00:33 | INFO    | epoch 9 | batch 1560/3143 | loss 0.5512 | acc 0.9217 | lr 9.30e-05 | 123s
2026-09-20 13:00:35 | INFO    | epoch 9 | batch 1580/3143 | loss 0.5515 | acc 0.9216 | lr 9.30e-05 | 125s
2026-09-20 13:00:36 | INFO    | epoch 9 | batch 1600/3143 | loss 0.5516 | acc 0.9215 | lr 9.30e-05 | 126s
2026-09-20 13:00:38 | INFO    | epoch 9 | batch 1620/3143 | loss 0.5513 | acc 0.9217 | lr 9.30e-05 | 128s
2026-09-20 13:00:40 | INFO    | epoch 9 | batch 1640/3143 | loss 0.5512 | acc 0.9217 | lr 9.30e-05 | 130s
2026-09-20 13:00:41 | INFO    | epoch 9 | batch 1660/3143 | loss 0.5512 | acc 0.9218 | lr 9.30e-05 | 131s
2026-09-20 13:00:43 | INFO    | epoch 9 | batch 1680/3143 | loss 0.5510 | acc 0.9219 | lr 9.30e-05 | 133s
2026-09-20 13:00:44 | INFO    | epoch 9 | batch 1700/3143 | loss 0.5510 | acc 0.9219 | lr 9.29e-05 | 134s
2026-09-20 13:00:46 | INFO    | epoch 9 | batch 1720/3143 | loss 0.5510 | acc 0.9219 | lr 9.29e-05 | 136s
2026-09-20 13:00:47 | INFO    | epoch 9 | batch 1740/3143 | loss 0.5512 | acc 0.9218 | lr 9.29e-05 | 138s
2026-09-20 13:00:49 | INFO    | epoch 9 | batch 1760/3143 | loss 0.5513 | acc 0.9216 | lr 9.29e-05 | 139s
2026-09-20 13:00:51 | INFO    | epoch 9 | batch 1780/3143 | loss 0.5510 | acc 0.9219 | lr 9.29e-05 | 141s
2026-09-20 13:00:52 | INFO    | epoch 9 | batch 1800/3143 | loss 0.5510 | acc 0.9219 | lr 9.29e-05 | 142s
2026-09-20 13:00:54 | INFO    | epoch 9 | batch 1820/3143 | loss 0.5507 | acc 0.9220 | lr 9.29e-05 | 144s
2026-09-20 13:00:55 | INFO    | epoch 9 | batch 1840/3143 | loss 0.5506 | acc 0.9220 | lr 9.28e-05 | 145s
2026-09-20 13:00:57 | INFO    | epoch 9 | batch 1860/3143 | loss 0.5506 | acc 0.9221 | lr 9.28e-05 | 147s
2026-09-20 13:00:59 | INFO    | epoch 9 | batch 1880/3143 | loss 0.5505 | acc 0.9222 | lr 9.28e-05 | 149s
2026-09-20 13:01:00 | INFO    | epoch 9 | batch 1900/3143 | loss 0.5505 | acc 0.9221 | lr 9.28e-05 | 150s
2026-09-20 13:01:02 | INFO    | epoch 9 | batch 1920/3143 | loss 0.5506 | acc 0.9221 | lr 9.28e-05 | 152s
2026-09-20 13:01:03 | INFO    | epoch 9 | batch 1940/3143 | loss 0.5509 | acc 0.9219 | lr 9.28e-05 | 153s
2026-09-20 13:01:05 | INFO    | epoch 9 | batch 1960/3143 | loss 0.5510 | acc 0.9220 | lr 9.28e-05 | 155s
2026-09-20 13:01:06 | INFO    | epoch 9 | batch 1980/3143 | loss 0.5511 | acc 0.9220 | lr 9.27e-05 | 156s
2026-09-20 13:01:08 | INFO    | epoch 9 | batch 2000/3143 | loss 0.5510 | acc 0.9221 | lr 9.27e-05 | 158s
2026-09-20 13:01:10 | INFO    | epoch 9 | batch 2020/3143 | loss 0.5511 | acc 0.9220 | lr 9.27e-05 | 160s
2026-09-20 13:01:11 | INFO    | epoch 9 | batch 2040/3143 | loss 0.5510 | acc 0.9219 | lr 9.27e-05 | 161s
2026-09-20 13:01:13 | INFO    | epoch 9 | batch 2060/3143 | loss 0.5508 | acc 0.9221 | lr 9.27e-05 | 163s
2026-09-20 13:01:14 | INFO    | epoch 9 | batch 2080/3143 | loss 0.5505 | acc 0.9222 | lr 9.27e-05 | 164s
2026-09-20 13:01:16 | INFO    | epoch 9 | batch 2100/3143 | loss 0.5506 | acc 0.9222 | lr 9.27e-05 | 166s
2026-09-20 13:01:18 | INFO    | epoch 9 | batch 2120/3143 | loss 0.5501 | acc 0.9225 | lr 9.27e-05 | 168s
2026-09-20 13:01:19 | INFO    | epoch 9 | batch 2140/3143 | loss 0.5501 | acc 0.9224 | lr 9.26e-05 | 169s
2026-09-20 13:01:21 | INFO    | epoch 9 | batch 2160/3143 | loss 0.5498 | acc 0.9225 | lr 9.26e-05 | 171s
2026-09-20 13:01:22 | INFO    | epoch 9 | batch 2180/3143 | loss 0.5499 | acc 0.9225 | lr 9.26e-05 | 172s
2026-09-20 13:01:24 | INFO    | epoch 9 | batch 2200/3143 | loss 0.5500 | acc 0.9224 | lr 9.26e-05 | 174s
2026-09-20 13:01:25 | INFO    | epoch 9 | batch 2220/3143 | loss 0.5501 | acc 0.9224 | lr 9.26e-05 | 176s
2026-09-20 13:01:27 | INFO    | epoch 9 | batch 2240/3143 | loss 0.5500 | acc 0.9224 | lr 9.26e-05 | 177s
2026-09-20 13:01:29 | INFO    | epoch 9 | batch 2260/3143 | loss 0.5500 | acc 0.9225 | lr 9.26e-05 | 179s
2026-09-20 13:01:30 | INFO    | epoch 9 | batch 2280/3143 | loss 0.5501 | acc 0.9225 | lr 9.25e-05 | 180s
2026-09-20 13:01:32 | INFO    | epoch 9 | batch 2300/3143 | loss 0.5500 | acc 0.9225 | lr 9.25e-05 | 182s
2026-09-20 13:01:33 | INFO    | epoch 9 | batch 2320/3143 | loss 0.5498 | acc 0.9226 | lr 9.25e-05 | 183s
2026-09-20 13:01:35 | INFO    | epoch 9 | batch 2340/3143 | loss 0.5495 | acc 0.9227 | lr 9.25e-05 | 185s
2026-09-20 13:01:37 | INFO    | epoch 9 | batch 2360/3143 | loss 0.5493 | acc 0.9228 | lr 9.25e-05 | 187s
2026-09-20 13:01:38 | INFO    | epoch 9 | batch 2380/3143 | loss 0.5492 | acc 0.9229 | lr 9.25e-05 | 188s
2026-09-20 13:01:40 | INFO    | epoch 9 | batch 2400/3143 | loss 0.5492 | acc 0.9229 | lr 9.25e-05 | 190s
2026-09-20 13:01:41 | INFO    | epoch 9 | batch 2420/3143 | loss 0.5492 | acc 0.9228 | lr 9.24e-05 | 191s
2026-09-20 13:01:43 | INFO    | epoch 9 | batch 2440/3143 | loss 0.5491 | acc 0.9229 | lr 9.24e-05 | 193s
2026-09-20 13:01:44 | INFO    | epoch 9 | batch 2460/3143 | loss 0.5493 | acc 0.9229 | lr 9.24e-05 | 194s
2026-09-20 13:01:46 | INFO    | epoch 9 | batch 2480/3143 | loss 0.5494 | acc 0.9228 | lr 9.24e-05 | 196s
2026-09-20 13:01:48 | INFO    | epoch 9 | batch 2500/3143 | loss 0.5494 | acc 0.9227 | lr 9.24e-05 | 198s
2026-09-20 13:01:49 | INFO    | epoch 9 | batch 2520/3143 | loss 0.5493 | acc 0.9228 | lr 9.24e-05 | 199s
2026-09-20 13:01:51 | INFO    | epoch 9 | batch 2540/3143 | loss 0.5492 | acc 0.9229 | lr 9.24e-05 | 201s
2026-09-20 13:01:52 | INFO    | epoch 9 | batch 2560/3143 | loss 0.5492 | acc 0.9229 | lr 9.24e-05 | 202s
2026-09-20 13:01:54 | INFO    | epoch 9 | batch 2580/3143 | loss 0.5488 | acc 0.9231 | lr 9.23e-05 | 204s
2026-09-20 13:01:56 | INFO    | epoch 9 | batch 2600/3143 | loss 0.5490 | acc 0.9231 | lr 9.23e-05 | 206s
2026-09-20 13:01:57 | INFO    | epoch 9 | batch 2620/3143 | loss 0.5489 | acc 0.9231 | lr 9.23e-05 | 207s
2026-09-20 13:01:59 | INFO    | epoch 9 | batch 2640/3143 | loss 0.5489 | acc 0.9231 | lr 9.23e-05 | 209s
2026-09-20 13:02:00 | INFO    | epoch 9 | batch 2660/3143 | loss 0.5488 | acc 0.9232 | lr 9.23e-05 | 210s
2026-09-20 13:02:02 | INFO    | epoch 9 | batch 2680/3143 | loss 0.5488 | acc 0.9232 | lr 9.23e-05 | 212s
2026-09-20 13:02:03 | INFO    | epoch 9 | batch 2700/3143 | loss 0.5488 | acc 0.9232 | lr 9.23e-05 | 214s
2026-09-20 13:02:05 | INFO    | epoch 9 | batch 2720/3143 | loss 0.5487 | acc 0.9232 | lr 9.22e-05 | 215s
2026-09-20 13:02:07 | INFO    | epoch 9 | batch 2740/3143 | loss 0.5485 | acc 0.9233 | lr 9.22e-05 | 217s
2026-09-20 13:02:08 | INFO    | epoch 9 | batch 2760/3143 | loss 0.5486 | acc 0.9233 | lr 9.22e-05 | 218s
2026-09-20 13:02:10 | INFO    | epoch 9 | batch 2780/3143 | loss 0.5484 | acc 0.9234 | lr 9.22e-05 | 220s
2026-09-20 13:02:11 | INFO    | epoch 9 | batch 2800/3143 | loss 0.5488 | acc 0.9232 | lr 9.22e-05 | 221s
2026-09-20 13:02:13 | INFO    | epoch 9 | batch 2820/3143 | loss 0.5488 | acc 0.9232 | lr 9.22e-05 | 223s
2026-09-20 13:02:15 | INFO    | epoch 9 | batch 2840/3143 | loss 0.5485 | acc 0.9233 | lr 9.22e-05 | 225s
2026-09-20 13:02:16 | INFO    | epoch 9 | batch 2860/3143 | loss 0.5485 | acc 0.9234 | lr 9.21e-05 | 226s
2026-09-20 13:02:18 | INFO    | epoch 9 | batch 2880/3143 | loss 0.5483 | acc 0.9234 | lr 9.21e-05 | 228s
2026-09-20 13:02:19 | INFO    | epoch 9 | batch 2900/3143 | loss 0.5483 | acc 0.9234 | lr 9.21e-05 | 229s
2026-09-20 13:02:21 | INFO    | epoch 9 | batch 2920/3143 | loss 0.5482 | acc 0.9236 | lr 9.21e-05 | 231s
2026-09-20 13:02:22 | INFO    | epoch 9 | batch 2940/3143 | loss 0.5481 | acc 0.9236 | lr 9.21e-05 | 233s
2026-09-20 13:02:24 | INFO    | epoch 9 | batch 2960/3143 | loss 0.5481 | acc 0.9236 | lr 9.21e-05 | 234s
2026-09-20 13:02:26 | INFO    | epoch 9 | batch 2980/3143 | loss 0.5481 | acc 0.9235 | lr 9.21e-05 | 236s
2026-09-20 13:02:27 | INFO    | epoch 9 | batch 3000/3143 | loss 0.5479 | acc 0.9235 | lr 9.20e-05 | 237s
2026-09-20 13:02:29 | INFO    | epoch 9 | batch 3020/3143 | loss 0.5479 | acc 0.9235 | lr 9.20e-05 | 239s
2026-09-20 13:02:30 | INFO    | epoch 9 | batch 3040/3143 | loss 0.5478 | acc 0.9236 | lr 9.20e-05 | 240s
2026-09-20 13:02:32 | INFO    | epoch 9 | batch 3060/3143 | loss 0.5476 | acc 0.9237 | lr 9.20e-05 | 242s
2026-09-20 13:02:34 | INFO    | epoch 9 | batch 3080/3143 | loss 0.5475 | acc 0.9237 | lr 9.20e-05 | 244s
2026-09-20 13:02:35 | INFO    | epoch 9 | batch 3100/3143 | loss 0.5474 | acc 0.9238 | lr 9.20e-05 | 245s
2026-09-20 13:02:37 | INFO    | epoch 9 | batch 3120/3143 | loss 0.5475 | acc 0.9238 | lr 9.20e-05 | 247s
2026-09-20 13:02:38 | INFO    | epoch 9 | batch 3140/3143 | loss 0.5476 | acc 0.9237 | lr 9.19e-05 | 248s
2026-09-20 13:02:39 | INFO    | epoch 9 | batch 3143/3143 | loss 0.5476 | acc 0.9237 | lr 9.19e-05 | 249s
2026-09-20 13:02:50 | INFO    | epoch 9/40 done in 260s | train loss 0.5476 | train running patch (aug): accuracy=0.9237 precision=0.9225 recall=0.9204 f1=0.9214
2026-09-20 13:02:50 | INFO    | epoch 9 train (eval, no aug) | loss 0.5404 | patch[7280]: accuracy=0.9243 precision=0.9270 recall=0.9241 f1=0.9250 | image[455]: accuracy=0.9934 precision=0.9928 recall=0.9942 f1=0.9934
2026-09-20 13:02:50 | INFO    | epoch 9 val | loss 1.1727 | patch[6048]: accuracy=0.6763 precision=0.6521 recall=0.6543 f1=0.6506 | image[96]: accuracy=0.7292 precision=0.7170 recall=0.7192 f1=0.7118
2026-09-20 13:02:50 | INFO    | val_patch_f1 = 0.6506 (best 0.6624 @ epoch 7)
2026-09-20 13:02:52 | INFO    | epoch 10 | batch 20/3143 | loss 0.5435 | acc 0.9250 | lr 9.19e-05 | 2s
2026-09-20 13:02:53 | INFO    | epoch 10 | batch 40/3143 | loss 0.5446 | acc 0.9203 | lr 9.19e-05 | 3s
2026-09-20 13:02:55 | INFO    | epoch 10 | batch 60/3143 | loss 0.5440 | acc 0.9219 | lr 9.19e-05 | 5s
2026-09-20 13:02:56 | INFO    | epoch 10 | batch 80/3143 | loss 0.5367 | acc 0.9262 | lr 9.19e-05 | 6s
2026-09-20 13:02:58 | INFO    | epoch 10 | batch 100/3143 | loss 0.5387 | acc 0.9259 | lr 9.19e-05 | 8s
2026-09-20 13:02:59 | INFO    | epoch 10 | batch 120/3143 | loss 0.5388 | acc 0.9266 | lr 9.19e-05 | 10s
2026-09-20 13:03:01 | INFO    | epoch 10 | batch 140/3143 | loss 0.5453 | acc 0.9228 | lr 9.18e-05 | 11s
2026-09-20 13:03:03 | INFO    | epoch 10 | batch 160/3143 | loss 0.5443 | acc 0.9236 | lr 9.18e-05 | 13s
2026-09-20 13:03:04 | INFO    | epoch 10 | batch 180/3143 | loss 0.5426 | acc 0.9236 | lr 9.18e-05 | 14s
2026-09-20 13:03:06 | INFO    | epoch 10 | batch 200/3143 | loss 0.5429 | acc 0.9244 | lr 9.18e-05 | 16s
2026-09-20 13:03:07 | INFO    | epoch 10 | batch 220/3143 | loss 0.5425 | acc 0.9249 | lr 9.18e-05 | 17s
2026-09-20 13:03:09 | INFO    | epoch 10 | batch 240/3143 | loss 0.5430 | acc 0.9243 | lr 9.18e-05 | 19s
2026-09-20 13:03:10 | INFO    | epoch 10 | batch 260/3143 | loss 0.5417 | acc 0.9245 | lr 9.18e-05 | 21s
2026-09-20 13:03:12 | INFO    | epoch 10 | batch 280/3143 | loss 0.5449 | acc 0.9235 | lr 9.17e-05 | 22s
2026-09-20 13:03:14 | INFO    | epoch 10 | batch 300/3143 | loss 0.5469 | acc 0.9218 | lr 9.17e-05 | 24s
2026-09-20 13:03:15 | INFO    | epoch 10 | batch 320/3143 | loss 0.5463 | acc 0.9227 | lr 9.17e-05 | 25s
2026-09-20 13:03:17 | INFO    | epoch 10 | batch 340/3143 | loss 0.5468 | acc 0.9228 | lr 9.17e-05 | 27s
2026-09-20 13:03:18 | INFO    | epoch 10 | batch 360/3143 | loss 0.5471 | acc 0.9227 | lr 9.17e-05 | 28s
2026-09-20 13:03:20 | INFO    | epoch 10 | batch 380/3143 | loss 0.5472 | acc 0.9228 | lr 9.17e-05 | 30s
2026-09-20 13:03:22 | INFO    | epoch 10 | batch 400/3143 | loss 0.5463 | acc 0.9234 | lr 9.17e-05 | 32s
2026-09-20 13:03:23 | INFO    | epoch 10 | batch 420/3143 | loss 0.5451 | acc 0.9240 | lr 9.16e-05 | 33s
2026-09-20 13:03:25 | INFO    | epoch 10 | batch 440/3143 | loss 0.5453 | acc 0.9237 | lr 9.16e-05 | 35s
2026-09-20 13:03:26 | INFO    | epoch 10 | batch 460/3143 | loss 0.5441 | acc 0.9245 | lr 9.16e-05 | 36s
2026-09-20 13:03:28 | INFO    | epoch 10 | batch 480/3143 | loss 0.5439 | acc 0.9244 | lr 9.16e-05 | 38s
2026-09-20 13:03:29 | INFO    | epoch 10 | batch 500/3143 | loss 0.5419 | acc 0.9257 | lr 9.16e-05 | 39s
2026-09-20 13:03:31 | INFO    | epoch 10 | batch 520/3143 | loss 0.5430 | acc 0.9253 | lr 9.16e-05 | 41s
2026-09-20 13:03:33 | INFO    | epoch 10 | batch 540/3143 | loss 0.5425 | acc 0.9259 | lr 9.16e-05 | 43s
2026-09-20 13:03:34 | INFO    | epoch 10 | batch 560/3143 | loss 0.5417 | acc 0.9263 | lr 9.15e-05 | 44s
2026-09-20 13:03:36 | INFO    | epoch 10 | batch 580/3143 | loss 0.5421 | acc 0.9260 | lr 9.15e-05 | 46s
2026-09-20 13:03:37 | INFO    | epoch 10 | batch 600/3143 | loss 0.5421 | acc 0.9260 | lr 9.15e-05 | 47s
2026-09-20 13:03:39 | INFO    | epoch 10 | batch 620/3143 | loss 0.5416 | acc 0.9263 | lr 9.15e-05 | 49s
2026-09-20 13:03:40 | INFO    | epoch 10 | batch 640/3143 | loss 0.5415 | acc 0.9266 | lr 9.15e-05 | 51s
2026-09-20 13:03:42 | INFO    | epoch 10 | batch 660/3143 | loss 0.5405 | acc 0.9272 | lr 9.15e-05 | 52s
2026-09-20 13:03:44 | INFO    | epoch 10 | batch 680/3143 | loss 0.5405 | acc 0.9273 | lr 9.14e-05 | 54s
2026-09-20 13:03:45 | INFO    | epoch 10 | batch 700/3143 | loss 0.5414 | acc 0.9268 | lr 9.14e-05 | 55s
2026-09-20 13:03:47 | INFO    | epoch 10 | batch 720/3143 | loss 0.5411 | acc 0.9268 | lr 9.14e-05 | 57s
2026-09-20 13:03:48 | INFO    | epoch 10 | batch 740/3143 | loss 0.5415 | acc 0.9264 | lr 9.14e-05 | 58s
2026-09-20 13:03:50 | INFO    | epoch 10 | batch 760/3143 | loss 0.5409 | acc 0.9269 | lr 9.14e-05 | 60s
2026-09-20 13:03:51 | INFO    | epoch 10 | batch 780/3143 | loss 0.5404 | acc 0.9273 | lr 9.14e-05 | 62s
2026-09-20 13:03:53 | INFO    | epoch 10 | batch 800/3143 | loss 0.5410 | acc 0.9271 | lr 9.14e-05 | 63s
2026-09-20 13:03:55 | INFO    | epoch 10 | batch 820/3143 | loss 0.5412 | acc 0.9269 | lr 9.13e-05 | 65s
2026-09-20 13:03:56 | INFO    | epoch 10 | batch 840/3143 | loss 0.5401 | acc 0.9274 | lr 9.13e-05 | 66s
2026-09-20 13:03:58 | INFO    | epoch 10 | batch 860/3143 | loss 0.5400 | acc 0.9277 | lr 9.13e-05 | 68s
2026-09-20 13:03:59 | INFO    | epoch 10 | batch 880/3143 | loss 0.5396 | acc 0.9277 | lr 9.13e-05 | 69s
2026-09-20 13:04:01 | INFO    | epoch 10 | batch 900/3143 | loss 0.5392 | acc 0.9279 | lr 9.13e-05 | 71s
2026-09-20 13:04:03 | INFO    | epoch 10 | batch 920/3143 | loss 0.5390 | acc 0.9279 | lr 9.13e-05 | 73s
2026-09-20 13:04:04 | INFO    | epoch 10 | batch 940/3143 | loss 0.5393 | acc 0.9277 | lr 9.13e-05 | 74s
2026-09-20 13:04:06 | INFO    | epoch 10 | batch 960/3143 | loss 0.5391 | acc 0.9281 | lr 9.12e-05 | 76s
2026-09-20 13:04:07 | INFO    | epoch 10 | batch 980/3143 | loss 0.5392 | acc 0.9279 | lr 9.12e-05 | 77s
2026-09-20 13:04:09 | INFO    | epoch 10 | batch 1000/3143 | loss 0.5391 | acc 0.9279 | lr 9.12e-05 | 79s
2026-09-20 13:04:10 | INFO    | epoch 10 | batch 1020/3143 | loss 0.5388 | acc 0.9280 | lr 9.12e-05 | 81s
2026-09-20 13:04:12 | INFO    | epoch 10 | batch 1040/3143 | loss 0.5388 | acc 0.9281 | lr 9.12e-05 | 82s
2026-09-20 13:04:14 | INFO    | epoch 10 | batch 1060/3143 | loss 0.5388 | acc 0.9282 | lr 9.12e-05 | 84s
2026-09-20 13:04:15 | INFO    | epoch 10 | batch 1080/3143 | loss 0.5387 | acc 0.9281 | lr 9.12e-05 | 85s
2026-09-20 13:04:17 | INFO    | epoch 10 | batch 1100/3143 | loss 0.5381 | acc 0.9284 | lr 9.11e-05 | 87s
2026-09-20 13:04:18 | INFO    | epoch 10 | batch 1120/3143 | loss 0.5380 | acc 0.9284 | lr 9.11e-05 | 89s
2026-09-20 13:04:20 | INFO    | epoch 10 | batch 1140/3143 | loss 0.5382 | acc 0.9284 | lr 9.11e-05 | 90s
2026-09-20 13:04:22 | INFO    | epoch 10 | batch 1160/3143 | loss 0.5379 | acc 0.9286 | lr 9.11e-05 | 92s
2026-09-20 13:04:23 | INFO    | epoch 10 | batch 1180/3143 | loss 0.5378 | acc 0.9287 | lr 9.11e-05 | 93s
2026-09-20 13:04:25 | INFO    | epoch 10 | batch 1200/3143 | loss 0.5373 | acc 0.9288 | lr 9.11e-05 | 95s
2026-09-20 13:04:26 | INFO    | epoch 10 | batch 1220/3143 | loss 0.5364 | acc 0.9293 | lr 9.10e-05 | 96s
2026-09-20 13:04:28 | INFO    | epoch 10 | batch 1240/3143 | loss 0.5361 | acc 0.9294 | lr 9.10e-05 | 98s
2026-09-20 13:04:30 | INFO    | epoch 10 | batch 1260/3143 | loss 0.5362 | acc 0.9292 | lr 9.10e-05 | 100s
2026-09-20 13:04:31 | INFO    | epoch 10 | batch 1280/3143 | loss 0.5367 | acc 0.9290 | lr 9.10e-05 | 101s
2026-09-20 13:04:33 | INFO    | epoch 10 | batch 1300/3143 | loss 0.5365 | acc 0.9291 | lr 9.10e-05 | 103s
2026-09-20 13:04:34 | INFO    | epoch 10 | batch 1320/3143 | loss 0.5361 | acc 0.9293 | lr 9.10e-05 | 104s
2026-09-20 13:04:36 | INFO    | epoch 10 | batch 1340/3143 | loss 0.5360 | acc 0.9293 | lr 9.10e-05 | 106s
2026-09-20 13:04:37 | INFO    | epoch 10 | batch 1360/3143 | loss 0.5359 | acc 0.9293 | lr 9.09e-05 | 108s
2026-09-20 13:04:39 | INFO    | epoch 10 | batch 1380/3143 | loss 0.5359 | acc 0.9293 | lr 9.09e-05 | 109s
2026-09-20 13:04:41 | INFO    | epoch 10 | batch 1400/3143 | loss 0.5362 | acc 0.9292 | lr 9.09e-05 | 111s
2026-09-20 13:04:42 | INFO    | epoch 10 | batch 1420/3143 | loss 0.5364 | acc 0.9291 | lr 9.09e-05 | 112s
2026-09-20 13:04:44 | INFO    | epoch 10 | batch 1440/3143 | loss 0.5363 | acc 0.9290 | lr 9.09e-05 | 114s
2026-09-20 13:04:45 | INFO    | epoch 10 | batch 1460/3143 | loss 0.5362 | acc 0.9290 | lr 9.09e-05 | 115s
2026-09-20 13:04:47 | INFO    | epoch 10 | batch 1480/3143 | loss 0.5364 | acc 0.9289 | lr 9.09e-05 | 117s
2026-09-20 13:04:49 | INFO    | epoch 10 | batch 1500/3143 | loss 0.5362 | acc 0.9289 | lr 9.08e-05 | 119s
2026-09-20 13:04:50 | INFO    | epoch 10 | batch 1520/3143 | loss 0.5365 | acc 0.9286 | lr 9.08e-05 | 120s
2026-09-20 13:04:52 | INFO    | epoch 10 | batch 1540/3143 | loss 0.5360 | acc 0.9288 | lr 9.08e-05 | 122s
2026-09-20 13:04:53 | INFO    | epoch 10 | batch 1560/3143 | loss 0.5359 | acc 0.9287 | lr 9.08e-05 | 123s
2026-09-20 13:04:55 | INFO    | epoch 10 | batch 1580/3143 | loss 0.5360 | acc 0.9287 | lr 9.08e-05 | 125s
2026-09-20 13:04:56 | INFO    | epoch 10 | batch 1600/3143 | loss 0.5359 | acc 0.9288 | lr 9.08e-05 | 127s
2026-09-20 13:04:58 | INFO    | epoch 10 | batch 1620/3143 | loss 0.5359 | acc 0.9289 | lr 9.07e-05 | 128s
2026-09-20 13:05:00 | INFO    | epoch 10 | batch 1640/3143 | loss 0.5357 | acc 0.9290 | lr 9.07e-05 | 130s
2026-09-20 13:05:01 | INFO    | epoch 10 | batch 1660/3143 | loss 0.5359 | acc 0.9290 | lr 9.07e-05 | 131s
2026-09-20 13:05:03 | INFO    | epoch 10 | batch 1680/3143 | loss 0.5360 | acc 0.9290 | lr 9.07e-05 | 133s
2026-09-20 13:05:04 | INFO    | epoch 10 | batch 1700/3143 | loss 0.5360 | acc 0.9289 | lr 9.07e-05 | 134s
2026-09-20 13:05:06 | INFO    | epoch 10 | batch 1720/3143 | loss 0.5362 | acc 0.9289 | lr 9.07e-05 | 136s
2026-09-20 13:05:08 | INFO    | epoch 10 | batch 1740/3143 | loss 0.5361 | acc 0.9290 | lr 9.07e-05 | 138s
2026-09-20 13:05:09 | INFO    | epoch 10 | batch 1760/3143 | loss 0.5365 | acc 0.9288 | lr 9.06e-05 | 139s
2026-09-20 13:05:11 | INFO    | epoch 10 | batch 1780/3143 | loss 0.5367 | acc 0.9287 | lr 9.06e-05 | 141s
2026-09-20 13:05:12 | INFO    | epoch 10 | batch 1800/3143 | loss 0.5365 | acc 0.9288 | lr 9.06e-05 | 142s
2026-09-20 13:05:14 | INFO    | epoch 10 | batch 1820/3143 | loss 0.5366 | acc 0.9289 | lr 9.06e-05 | 144s
2026-09-20 13:05:15 | INFO    | epoch 10 | batch 1840/3143 | loss 0.5365 | acc 0.9290 | lr 9.06e-05 | 146s
2026-09-20 13:05:17 | INFO    | epoch 10 | batch 1860/3143 | loss 0.5364 | acc 0.9290 | lr 9.06e-05 | 147s
2026-09-20 13:05:19 | INFO    | epoch 10 | batch 1880/3143 | loss 0.5363 | acc 0.9292 | lr 9.06e-05 | 149s
2026-09-20 13:05:20 | INFO    | epoch 10 | batch 1900/3143 | loss 0.5362 | acc 0.9293 | lr 9.05e-05 | 150s
2026-09-20 13:05:22 | INFO    | epoch 10 | batch 1920/3143 | loss 0.5365 | acc 0.9291 | lr 9.05e-05 | 152s
2026-09-20 13:05:23 | INFO    | epoch 10 | batch 1940/3143 | loss 0.5365 | acc 0.9291 | lr 9.05e-05 | 154s
2026-09-20 13:05:25 | INFO    | epoch 10 | batch 1960/3143 | loss 0.5364 | acc 0.9292 | lr 9.05e-05 | 155s
2026-09-20 13:05:27 | INFO    | epoch 10 | batch 1980/3143 | loss 0.5366 | acc 0.9291 | lr 9.05e-05 | 157s
2026-09-20 13:05:28 | INFO    | epoch 10 | batch 2000/3143 | loss 0.5365 | acc 0.9292 | lr 9.05e-05 | 158s
2026-09-20 13:05:30 | INFO    | epoch 10 | batch 2020/3143 | loss 0.5366 | acc 0.9291 | lr 9.04e-05 | 160s
2026-09-20 13:05:31 | INFO    | epoch 10 | batch 2040/3143 | loss 0.5369 | acc 0.9289 | lr 9.04e-05 | 162s
2026-09-20 13:05:33 | INFO    | epoch 10 | batch 2060/3143 | loss 0.5366 | acc 0.9291 | lr 9.04e-05 | 163s
2026-09-20 13:05:35 | INFO    | epoch 10 | batch 2080/3143 | loss 0.5363 | acc 0.9292 | lr 9.04e-05 | 165s
2026-09-20 13:05:36 | INFO    | epoch 10 | batch 2100/3143 | loss 0.5362 | acc 0.9293 | lr 9.04e-05 | 166s
2026-09-20 13:05:38 | INFO    | epoch 10 | batch 2120/3143 | loss 0.5362 | acc 0.9292 | lr 9.04e-05 | 168s
2026-09-20 13:05:39 | INFO    | epoch 10 | batch 2140/3143 | loss 0.5363 | acc 0.9292 | lr 9.04e-05 | 170s
2026-09-20 13:05:41 | INFO    | epoch 10 | batch 2160/3143 | loss 0.5363 | acc 0.9292 | lr 9.03e-05 | 171s
2026-09-20 13:05:43 | INFO    | epoch 10 | batch 2180/3143 | loss 0.5364 | acc 0.9291 | lr 9.03e-05 | 173s
2026-09-20 13:05:44 | INFO    | epoch 10 | batch 2200/3143 | loss 0.5362 | acc 0.9293 | lr 9.03e-05 | 174s
2026-09-20 13:05:46 | INFO    | epoch 10 | batch 2220/3143 | loss 0.5363 | acc 0.9292 | lr 9.03e-05 | 176s
2026-09-20 13:05:47 | INFO    | epoch 10 | batch 2240/3143 | loss 0.5362 | acc 0.9291 | lr 9.03e-05 | 178s
2026-09-20 13:05:49 | INFO    | epoch 10 | batch 2260/3143 | loss 0.5365 | acc 0.9290 | lr 9.03e-05 | 179s
2026-09-20 13:05:51 | INFO    | epoch 10 | batch 2280/3143 | loss 0.5365 | acc 0.9290 | lr 9.02e-05 | 181s
2026-09-20 13:05:52 | INFO    | epoch 10 | batch 2300/3143 | loss 0.5362 | acc 0.9292 | lr 9.02e-05 | 182s
2026-09-20 13:05:54 | INFO    | epoch 10 | batch 2320/3143 | loss 0.5361 | acc 0.9293 | lr 9.02e-05 | 184s
2026-09-20 13:05:55 | INFO    | epoch 10 | batch 2340/3143 | loss 0.5359 | acc 0.9294 | lr 9.02e-05 | 186s
2026-09-20 13:05:57 | INFO    | epoch 10 | batch 2360/3143 | loss 0.5359 | acc 0.9293 | lr 9.02e-05 | 187s
2026-09-20 13:05:59 | INFO    | epoch 10 | batch 2380/3143 | loss 0.5359 | acc 0.9293 | lr 9.02e-05 | 189s
2026-09-20 13:06:00 | INFO    | epoch 10 | batch 2400/3143 | loss 0.5359 | acc 0.9293 | lr 9.01e-05 | 190s
2026-09-20 13:06:02 | INFO    | epoch 10 | batch 2420/3143 | loss 0.5358 | acc 0.9294 | lr 9.01e-05 | 192s
2026-09-20 13:06:03 | INFO    | epoch 10 | batch 2440/3143 | loss 0.5361 | acc 0.9293 | lr 9.01e-05 | 194s
2026-09-20 13:06:05 | INFO    | epoch 10 | batch 2460/3143 | loss 0.5357 | acc 0.9295 | lr 9.01e-05 | 195s
2026-09-20 13:06:07 | INFO    | epoch 10 | batch 2480/3143 | loss 0.5357 | acc 0.9295 | lr 9.01e-05 | 197s
2026-09-20 13:06:08 | INFO    | epoch 10 | batch 2500/3143 | loss 0.5357 | acc 0.9295 | lr 9.01e-05 | 198s
2026-09-20 13:06:10 | INFO    | epoch 10 | batch 2520/3143 | loss 0.5357 | acc 0.9296 | lr 9.01e-05 | 200s
2026-09-20 13:06:11 | INFO    | epoch 10 | batch 2540/3143 | loss 0.5357 | acc 0.9296 | lr 9.00e-05 | 201s
2026-09-20 13:06:13 | INFO    | epoch 10 | batch 2560/3143 | loss 0.5353 | acc 0.9297 | lr 9.00e-05 | 203s
2026-09-20 13:06:15 | INFO    | epoch 10 | batch 2580/3143 | loss 0.5354 | acc 0.9297 | lr 9.00e-05 | 205s
2026-09-20 13:06:16 | INFO    | epoch 10 | batch 2600/3143 | loss 0.5353 | acc 0.9297 | lr 9.00e-05 | 206s
2026-09-20 13:06:18 | INFO    | epoch 10 | batch 2620/3143 | loss 0.5354 | acc 0.9297 | lr 9.00e-05 | 208s
2026-09-20 13:06:19 | INFO    | epoch 10 | batch 2640/3143 | loss 0.5353 | acc 0.9297 | lr 9.00e-05 | 209s
2026-09-20 13:06:21 | INFO    | epoch 10 | batch 2660/3143 | loss 0.5353 | acc 0.9297 | lr 8.99e-05 | 211s
2026-09-20 13:06:23 | INFO    | epoch 10 | batch 2680/3143 | loss 0.5353 | acc 0.9295 | lr 8.99e-05 | 213s
2026-09-20 13:06:24 | INFO    | epoch 10 | batch 2700/3143 | loss 0.5352 | acc 0.9297 | lr 8.99e-05 | 214s
2026-09-20 13:06:26 | INFO    | epoch 10 | batch 2720/3143 | loss 0.5350 | acc 0.9298 | lr 8.99e-05 | 216s
2026-09-20 13:06:27 | INFO    | epoch 10 | batch 2740/3143 | loss 0.5347 | acc 0.9300 | lr 8.99e-05 | 217s
2026-09-20 13:06:29 | INFO    | epoch 10 | batch 2760/3143 | loss 0.5346 | acc 0.9301 | lr 8.99e-05 | 219s
2026-09-20 13:06:30 | INFO    | epoch 10 | batch 2780/3143 | loss 0.5346 | acc 0.9300 | lr 8.99e-05 | 221s
2026-09-20 13:06:32 | INFO    | epoch 10 | batch 2800/3143 | loss 0.5347 | acc 0.9300 | lr 8.98e-05 | 222s
2026-09-20 13:06:34 | INFO    | epoch 10 | batch 2820/3143 | loss 0.5348 | acc 0.9299 | lr 8.98e-05 | 224s
2026-09-20 13:06:35 | INFO    | epoch 10 | batch 2840/3143 | loss 0.5348 | acc 0.9299 | lr 8.98e-05 | 225s
2026-09-20 13:06:37 | INFO    | epoch 10 | batch 2860/3143 | loss 0.5347 | acc 0.9300 | lr 8.98e-05 | 227s
2026-09-20 13:06:38 | INFO    | epoch 10 | batch 2880/3143 | loss 0.5349 | acc 0.9299 | lr 8.98e-05 | 229s
2026-09-20 13:06:40 | INFO    | epoch 10 | batch 2900/3143 | loss 0.5350 | acc 0.9298 | lr 8.98e-05 | 230s
2026-09-20 13:06:42 | INFO    | epoch 10 | batch 2920/3143 | loss 0.5349 | acc 0.9298 | lr 8.97e-05 | 232s
2026-09-20 13:06:43 | INFO    | epoch 10 | batch 2940/3143 | loss 0.5348 | acc 0.9298 | lr 8.97e-05 | 233s
2026-09-20 13:06:45 | INFO    | epoch 10 | batch 2960/3143 | loss 0.5349 | acc 0.9298 | lr 8.97e-05 | 235s
2026-09-20 13:06:46 | INFO    | epoch 10 | batch 2980/3143 | loss 0.5348 | acc 0.9298 | lr 8.97e-05 | 236s
2026-09-20 13:06:48 | INFO    | epoch 10 | batch 3000/3143 | loss 0.5348 | acc 0.9298 | lr 8.97e-05 | 238s
2026-09-20 13:06:50 | INFO    | epoch 10 | batch 3020/3143 | loss 0.5348 | acc 0.9298 | lr 8.97e-05 | 240s
2026-09-20 13:06:51 | INFO    | epoch 10 | batch 3040/3143 | loss 0.5348 | acc 0.9298 | lr 8.96e-05 | 241s
2026-09-20 13:06:53 | INFO    | epoch 10 | batch 3060/3143 | loss 0.5347 | acc 0.9299 | lr 8.96e-05 | 243s
2026-09-20 13:06:54 | INFO    | epoch 10 | batch 3080/3143 | loss 0.5345 | acc 0.9300 | lr 8.96e-05 | 244s
2026-09-20 13:06:56 | INFO    | epoch 10 | batch 3100/3143 | loss 0.5345 | acc 0.9300 | lr 8.96e-05 | 246s
2026-09-20 13:06:58 | INFO    | epoch 10 | batch 3120/3143 | loss 0.5343 | acc 0.9301 | lr 8.96e-05 | 248s
2026-09-20 13:06:59 | INFO    | epoch 10 | batch 3140/3143 | loss 0.5342 | acc 0.9301 | lr 8.96e-05 | 249s
2026-09-20 13:06:59 | INFO    | epoch 10 | batch 3143/3143 | loss 0.5342 | acc 0.9301 | lr 8.96e-05 | 249s
2026-09-20 13:07:11 | INFO    | epoch 10/40 done in 261s | train loss 0.5342 | train running patch (aug): accuracy=0.9301 precision=0.9289 recall=0.9271 f1=0.9280
2026-09-20 13:07:11 | INFO    | epoch 10 train (eval, no aug) | loss 0.4768 | patch[7280]: accuracy=0.9566 precision=0.9546 recall=0.9564 f1=0.9552 | image[455]: accuracy=0.9978 precision=0.9980 recall=0.9981 f1=0.9980
2026-09-20 13:07:11 | INFO    | epoch 10 val | loss 1.1672 | patch[6048]: accuracy=0.6564 precision=0.6391 recall=0.6330 f1=0.6343 | image[96]: accuracy=0.7083 precision=0.6896 recall=0.6831 f1=0.6852
2026-09-20 13:07:11 | INFO    | val_patch_f1 = 0.6343 (best 0.6624 @ epoch 7)
2026-09-20 13:07:12 | INFO    | epoch 11 | batch 20/3143 | loss 0.4985 | acc 0.9484 | lr 8.95e-05 | 2s
2026-09-20 13:07:14 | INFO    | epoch 11 | batch 40/3143 | loss 0.5132 | acc 0.9359 | lr 8.95e-05 | 3s
2026-09-20 13:07:16 | INFO    | epoch 11 | batch 60/3143 | loss 0.5125 | acc 0.9385 | lr 8.95e-05 | 5s
2026-09-20 13:07:17 | INFO    | epoch 11 | batch 80/3143 | loss 0.5101 | acc 0.9406 | lr 8.95e-05 | 7s
2026-09-20 13:07:19 | INFO    | epoch 11 | batch 100/3143 | loss 0.5129 | acc 0.9406 | lr 8.95e-05 | 8s
2026-09-20 13:07:21 | INFO    | epoch 11 | batch 120/3143 | loss 0.5127 | acc 0.9401 | lr 8.95e-05 | 10s
2026-09-20 13:07:22 | INFO    | epoch 11 | batch 140/3143 | loss 0.5132 | acc 0.9397 | lr 8.95e-05 | 11s
2026-09-20 13:07:24 | INFO    | epoch 11 | batch 160/3143 | loss 0.5125 | acc 0.9395 | lr 8.94e-05 | 13s
2026-09-20 13:07:25 | INFO    | epoch 11 | batch 180/3143 | loss 0.5148 | acc 0.9387 | lr 8.94e-05 | 15s
2026-09-20 13:07:27 | INFO    | epoch 11 | batch 200/3143 | loss 0.5141 | acc 0.9397 | lr 8.94e-05 | 16s
2026-09-20 13:07:28 | INFO    | epoch 11 | batch 220/3143 | loss 0.5147 | acc 0.9403 | lr 8.94e-05 | 18s
2026-09-20 13:07:30 | INFO    | epoch 11 | batch 240/3143 | loss 0.5185 | acc 0.9384 | lr 8.94e-05 | 19s
2026-09-20 13:07:32 | INFO    | epoch 11 | batch 260/3143 | loss 0.5171 | acc 0.9388 | lr 8.94e-05 | 21s
2026-09-20 13:07:33 | INFO    | epoch 11 | batch 280/3143 | loss 0.5183 | acc 0.9383 | lr 8.93e-05 | 22s
2026-09-20 13:07:35 | INFO    | epoch 11 | batch 300/3143 | loss 0.5188 | acc 0.9378 | lr 8.93e-05 | 24s
2026-09-20 13:07:36 | INFO    | epoch 11 | batch 320/3143 | loss 0.5204 | acc 0.9367 | lr 8.93e-05 | 26s
2026-09-20 13:07:38 | INFO    | epoch 11 | batch 340/3143 | loss 0.5212 | acc 0.9366 | lr 8.93e-05 | 27s
2026-09-20 13:07:40 | INFO    | epoch 11 | batch 360/3143 | loss 0.5221 | acc 0.9360 | lr 8.93e-05 | 29s
2026-09-20 13:07:41 | INFO    | epoch 11 | batch 380/3143 | loss 0.5211 | acc 0.9363 | lr 8.93e-05 | 30s
2026-09-20 13:07:43 | INFO    | epoch 11 | batch 400/3143 | loss 0.5215 | acc 0.9356 | lr 8.92e-05 | 32s
2026-09-20 13:07:44 | INFO    | epoch 11 | batch 420/3143 | loss 0.5216 | acc 0.9356 | lr 8.92e-05 | 34s
2026-09-20 13:07:46 | INFO    | epoch 11 | batch 440/3143 | loss 0.5202 | acc 0.9363 | lr 8.92e-05 | 35s
2026-09-20 13:07:48 | INFO    | epoch 11 | batch 460/3143 | loss 0.5192 | acc 0.9366 | lr 8.92e-05 | 37s
2026-09-20 13:07:49 | INFO    | epoch 11 | batch 480/3143 | loss 0.5194 | acc 0.9366 | lr 8.92e-05 | 38s
2026-09-20 13:07:51 | INFO    | epoch 11 | batch 500/3143 | loss 0.5200 | acc 0.9364 | lr 8.92e-05 | 40s
2026-09-20 13:07:52 | INFO    | epoch 11 | batch 520/3143 | loss 0.5210 | acc 0.9359 | lr 8.91e-05 | 42s
2026-09-20 13:07:54 | INFO    | epoch 11 | batch 540/3143 | loss 0.5209 | acc 0.9361 | lr 8.91e-05 | 43s
2026-09-20 13:07:55 | INFO    | epoch 11 | batch 560/3143 | loss 0.5217 | acc 0.9357 | lr 8.91e-05 | 45s
2026-09-20 13:07:57 | INFO    | epoch 11 | batch 580/3143 | loss 0.5212 | acc 0.9360 | lr 8.91e-05 | 46s
2026-09-20 13:07:59 | INFO    | epoch 11 | batch 600/3143 | loss 0.5216 | acc 0.9360 | lr 8.91e-05 | 48s
2026-09-20 13:08:00 | INFO    | epoch 11 | batch 620/3143 | loss 0.5217 | acc 0.9358 | lr 8.91e-05 | 50s
2026-09-20 13:08:02 | INFO    | epoch 11 | batch 640/3143 | loss 0.5221 | acc 0.9359 | lr 8.90e-05 | 51s
2026-09-20 13:08:03 | INFO    | epoch 11 | batch 660/3143 | loss 0.5215 | acc 0.9361 | lr 8.90e-05 | 53s
2026-09-20 13:08:05 | INFO    | epoch 11 | batch 680/3143 | loss 0.5218 | acc 0.9361 | lr 8.90e-05 | 54s
2026-09-20 13:08:07 | INFO    | epoch 11 | batch 700/3143 | loss 0.5220 | acc 0.9359 | lr 8.90e-05 | 56s
2026-09-20 13:08:08 | INFO    | epoch 11 | batch 720/3143 | loss 0.5215 | acc 0.9362 | lr 8.90e-05 | 57s
2026-09-20 13:08:10 | INFO    | epoch 11 | batch 740/3143 | loss 0.5214 | acc 0.9364 | lr 8.90e-05 | 59s
2026-09-20 13:08:11 | INFO    | epoch 11 | batch 760/3143 | loss 0.5218 | acc 0.9362 | lr 8.89e-05 | 61s
2026-09-20 13:08:13 | INFO    | epoch 11 | batch 780/3143 | loss 0.5219 | acc 0.9362 | lr 8.89e-05 | 62s
2026-09-20 13:08:15 | INFO    | epoch 11 | batch 800/3143 | loss 0.5216 | acc 0.9363 | lr 8.89e-05 | 64s
2026-09-20 13:08:16 | INFO    | epoch 11 | batch 820/3143 | loss 0.5221 | acc 0.9362 | lr 8.89e-05 | 66s
2026-09-20 13:08:18 | INFO    | epoch 11 | batch 840/3143 | loss 0.5220 | acc 0.9363 | lr 8.89e-05 | 67s
2026-09-20 13:08:20 | INFO    | epoch 11 | batch 860/3143 | loss 0.5222 | acc 0.9362 | lr 8.89e-05 | 69s
2026-09-20 13:08:21 | INFO    | epoch 11 | batch 880/3143 | loss 0.5223 | acc 0.9361 | lr 8.88e-05 | 70s
2026-09-20 13:08:23 | INFO    | epoch 11 | batch 900/3143 | loss 0.5224 | acc 0.9361 | lr 8.88e-05 | 72s
2026-09-20 13:08:24 | INFO    | epoch 11 | batch 920/3143 | loss 0.5222 | acc 0.9362 | lr 8.88e-05 | 74s
2026-09-20 13:08:26 | INFO    | epoch 11 | batch 940/3143 | loss 0.5223 | acc 0.9363 | lr 8.88e-05 | 75s
2026-09-20 13:08:28 | INFO    | epoch 11 | batch 960/3143 | loss 0.5222 | acc 0.9365 | lr 8.88e-05 | 77s
2026-09-20 13:08:29 | INFO    | epoch 11 | batch 980/3143 | loss 0.5222 | acc 0.9366 | lr 8.88e-05 | 78s
2026-09-20 13:08:31 | INFO    | epoch 11 | batch 1000/3143 | loss 0.5225 | acc 0.9363 | lr 8.87e-05 | 80s
2026-09-20 13:08:32 | INFO    | epoch 11 | batch 1020/3143 | loss 0.5224 | acc 0.9363 | lr 8.87e-05 | 82s
2026-09-20 13:08:34 | INFO    | epoch 11 | batch 1040/3143 | loss 0.5223 | acc 0.9364 | lr 8.87e-05 | 83s
2026-09-20 13:08:36 | INFO    | epoch 11 | batch 1060/3143 | loss 0.5216 | acc 0.9369 | lr 8.87e-05 | 85s
2026-09-20 13:08:37 | INFO    | epoch 11 | batch 1080/3143 | loss 0.5220 | acc 0.9364 | lr 8.87e-05 | 86s
2026-09-20 13:08:39 | INFO    | epoch 11 | batch 1100/3143 | loss 0.5218 | acc 0.9364 | lr 8.87e-05 | 88s
2026-09-20 13:08:40 | INFO    | epoch 11 | batch 1120/3143 | loss 0.5213 | acc 0.9366 | lr 8.86e-05 | 90s
2026-09-20 13:08:42 | INFO    | epoch 11 | batch 1140/3143 | loss 0.5212 | acc 0.9366 | lr 8.86e-05 | 91s
2026-09-20 13:08:43 | INFO    | epoch 11 | batch 1160/3143 | loss 0.5216 | acc 0.9364 | lr 8.86e-05 | 93s
2026-09-20 13:08:45 | INFO    | epoch 11 | batch 1180/3143 | loss 0.5213 | acc 0.9365 | lr 8.86e-05 | 94s
2026-09-20 13:08:47 | INFO    | epoch 11 | batch 1200/3143 | loss 0.5212 | acc 0.9364 | lr 8.86e-05 | 96s
2026-09-20 13:08:48 | INFO    | epoch 11 | batch 1220/3143 | loss 0.5211 | acc 0.9365 | lr 8.86e-05 | 97s
2026-09-20 13:08:50 | INFO    | epoch 11 | batch 1240/3143 | loss 0.5209 | acc 0.9366 | lr 8.86e-05 | 99s
2026-09-20 13:08:51 | INFO    | epoch 11 | batch 1260/3143 | loss 0.5210 | acc 0.9366 | lr 8.85e-05 | 101s
2026-09-20 13:08:53 | INFO    | epoch 11 | batch 1280/3143 | loss 0.5212 | acc 0.9365 | lr 8.85e-05 | 102s
2026-09-20 13:08:55 | INFO    | epoch 11 | batch 1300/3143 | loss 0.5216 | acc 0.9363 | lr 8.85e-05 | 104s
2026-09-20 13:08:56 | INFO    | epoch 11 | batch 1320/3143 | loss 0.5217 | acc 0.9362 | lr 8.85e-05 | 105s
2026-09-20 13:08:58 | INFO    | epoch 11 | batch 1340/3143 | loss 0.5215 | acc 0.9363 | lr 8.85e-05 | 107s
2026-09-20 13:08:59 | INFO    | epoch 11 | batch 1360/3143 | loss 0.5213 | acc 0.9364 | lr 8.85e-05 | 109s
2026-09-20 13:09:01 | INFO    | epoch 11 | batch 1380/3143 | loss 0.5209 | acc 0.9367 | lr 8.84e-05 | 110s
2026-09-20 13:09:03 | INFO    | epoch 11 | batch 1400/3143 | loss 0.5206 | acc 0.9369 | lr 8.84e-05 | 112s
2026-09-20 13:09:04 | INFO    | epoch 11 | batch 1420/3143 | loss 0.5212 | acc 0.9368 | lr 8.84e-05 | 113s
2026-09-20 13:09:06 | INFO    | epoch 11 | batch 1440/3143 | loss 0.5213 | acc 0.9368 | lr 8.84e-05 | 115s
2026-09-20 13:09:07 | INFO    | epoch 11 | batch 1460/3143 | loss 0.5215 | acc 0.9367 | lr 8.84e-05 | 117s
2026-09-20 13:09:09 | INFO    | epoch 11 | batch 1480/3143 | loss 0.5212 | acc 0.9368 | lr 8.83e-05 | 118s
2026-09-20 13:09:11 | INFO    | epoch 11 | batch 1500/3143 | loss 0.5218 | acc 0.9366 | lr 8.83e-05 | 120s
2026-09-20 13:09:12 | INFO    | epoch 11 | batch 1520/3143 | loss 0.5215 | acc 0.9366 | lr 8.83e-05 | 121s
2026-09-20 13:09:14 | INFO    | epoch 11 | batch 1540/3143 | loss 0.5219 | acc 0.9364 | lr 8.83e-05 | 123s
2026-09-20 13:09:15 | INFO    | epoch 11 | batch 1560/3143 | loss 0.5216 | acc 0.9365 | lr 8.83e-05 | 125s
2026-09-20 13:09:17 | INFO    | epoch 11 | batch 1580/3143 | loss 0.5217 | acc 0.9365 | lr 8.83e-05 | 126s
2026-09-20 13:09:18 | INFO    | epoch 11 | batch 1600/3143 | loss 0.5216 | acc 0.9366 | lr 8.82e-05 | 128s
2026-09-20 13:09:20 | INFO    | epoch 11 | batch 1620/3143 | loss 0.5216 | acc 0.9364 | lr 8.82e-05 | 129s
2026-09-20 13:09:22 | INFO    | epoch 11 | batch 1640/3143 | loss 0.5214 | acc 0.9365 | lr 8.82e-05 | 131s
2026-09-20 13:09:23 | INFO    | epoch 11 | batch 1660/3143 | loss 0.5211 | acc 0.9366 | lr 8.82e-05 | 133s
2026-09-20 13:09:25 | INFO    | epoch 11 | batch 1680/3143 | loss 0.5211 | acc 0.9365 | lr 8.82e-05 | 134s
2026-09-20 13:09:26 | INFO    | epoch 11 | batch 1700/3143 | loss 0.5207 | acc 0.9368 | lr 8.82e-05 | 136s
2026-09-20 13:09:28 | INFO    | epoch 11 | batch 1720/3143 | loss 0.5205 | acc 0.9369 | lr 8.81e-05 | 137s
2026-09-20 13:09:30 | INFO    | epoch 11 | batch 1740/3143 | loss 0.5202 | acc 0.9370 | lr 8.81e-05 | 139s
2026-09-20 13:09:31 | INFO    | epoch 11 | batch 1760/3143 | loss 0.5200 | acc 0.9370 | lr 8.81e-05 | 140s
2026-09-20 13:09:33 | INFO    | epoch 11 | batch 1780/3143 | loss 0.5198 | acc 0.9371 | lr 8.81e-05 | 142s
2026-09-20 13:09:34 | INFO    | epoch 11 | batch 1800/3143 | loss 0.5197 | acc 0.9372 | lr 8.81e-05 | 144s
2026-09-20 13:09:36 | INFO    | epoch 11 | batch 1820/3143 | loss 0.5197 | acc 0.9372 | lr 8.81e-05 | 145s
2026-09-20 13:09:38 | INFO    | epoch 11 | batch 1840/3143 | loss 0.5197 | acc 0.9373 | lr 8.80e-05 | 147s
2026-09-20 13:09:39 | INFO    | epoch 11 | batch 1860/3143 | loss 0.5199 | acc 0.9371 | lr 8.80e-05 | 149s
2026-09-20 13:09:41 | INFO    | epoch 11 | batch 1880/3143 | loss 0.5198 | acc 0.9371 | lr 8.80e-05 | 150s
2026-09-20 13:09:43 | INFO    | epoch 11 | batch 1900/3143 | loss 0.5197 | acc 0.9371 | lr 8.80e-05 | 152s
2026-09-20 13:09:44 | INFO    | epoch 11 | batch 1920/3143 | loss 0.5195 | acc 0.9373 | lr 8.80e-05 | 153s
2026-09-20 13:09:46 | INFO    | epoch 11 | batch 1940/3143 | loss 0.5194 | acc 0.9375 | lr 8.80e-05 | 155s
2026-09-20 13:09:47 | INFO    | epoch 11 | batch 1960/3143 | loss 0.5195 | acc 0.9375 | lr 8.79e-05 | 157s
2026-09-20 13:09:49 | INFO    | epoch 11 | batch 1980/3143 | loss 0.5197 | acc 0.9374 | lr 8.79e-05 | 158s
2026-09-20 13:09:50 | INFO    | epoch 11 | batch 2000/3143 | loss 0.5196 | acc 0.9374 | lr 8.79e-05 | 160s
2026-09-20 13:09:52 | INFO    | epoch 11 | batch 2020/3143 | loss 0.5201 | acc 0.9372 | lr 8.79e-05 | 161s
2026-09-20 13:09:54 | INFO    | epoch 11 | batch 2040/3143 | loss 0.5199 | acc 0.9373 | lr 8.79e-05 | 163s
2026-09-20 13:09:55 | INFO    | epoch 11 | batch 2060/3143 | loss 0.5197 | acc 0.9374 | lr 8.79e-05 | 165s
2026-09-20 13:09:57 | INFO    | epoch 11 | batch 2080/3143 | loss 0.5195 | acc 0.9375 | lr 8.78e-05 | 166s
2026-09-20 13:09:58 | INFO    | epoch 11 | batch 2100/3143 | loss 0.5194 | acc 0.9375 | lr 8.78e-05 | 168s
2026-09-20 13:10:00 | INFO    | epoch 11 | batch 2120/3143 | loss 0.5193 | acc 0.9376 | lr 8.78e-05 | 169s
2026-09-20 13:10:02 | INFO    | epoch 11 | batch 2140/3143 | loss 0.5191 | acc 0.9377 | lr 8.78e-05 | 171s
2026-09-20 13:10:03 | INFO    | epoch 11 | batch 2160/3143 | loss 0.5191 | acc 0.9377 | lr 8.78e-05 | 173s
2026-09-20 13:10:05 | INFO    | epoch 11 | batch 2180/3143 | loss 0.5190 | acc 0.9379 | lr 8.78e-05 | 174s
2026-09-20 13:10:07 | INFO    | epoch 11 | batch 2200/3143 | loss 0.5189 | acc 0.9379 | lr 8.77e-05 | 176s
2026-09-20 13:10:08 | INFO    | epoch 11 | batch 2220/3143 | loss 0.5188 | acc 0.9379 | lr 8.77e-05 | 177s
2026-09-20 13:10:10 | INFO    | epoch 11 | batch 2240/3143 | loss 0.5190 | acc 0.9379 | lr 8.77e-05 | 179s
2026-09-20 13:10:11 | INFO    | epoch 11 | batch 2260/3143 | loss 0.5189 | acc 0.9379 | lr 8.77e-05 | 181s
2026-09-20 13:10:13 | INFO    | epoch 11 | batch 2280/3143 | loss 0.5189 | acc 0.9380 | lr 8.77e-05 | 182s
2026-09-20 13:10:15 | INFO    | epoch 11 | batch 2300/3143 | loss 0.5190 | acc 0.9380 | lr 8.77e-05 | 184s
2026-09-20 13:10:16 | INFO    | epoch 11 | batch 2320/3143 | loss 0.5191 | acc 0.9379 | lr 8.76e-05 | 185s
2026-09-20 13:10:18 | INFO    | epoch 11 | batch 2340/3143 | loss 0.5192 | acc 0.9379 | lr 8.76e-05 | 187s
2026-09-20 13:10:19 | INFO    | epoch 11 | batch 2360/3143 | loss 0.5193 | acc 0.9379 | lr 8.76e-05 | 189s
2026-09-20 13:10:21 | INFO    | epoch 11 | batch 2380/3143 | loss 0.5192 | acc 0.9379 | lr 8.76e-05 | 190s
2026-09-20 13:10:23 | INFO    | epoch 11 | batch 2400/3143 | loss 0.5192 | acc 0.9379 | lr 8.76e-05 | 192s
2026-09-20 13:10:24 | INFO    | epoch 11 | batch 2420/3143 | loss 0.5189 | acc 0.9381 | lr 8.75e-05 | 193s
2026-09-20 13:10:26 | INFO    | epoch 11 | batch 2440/3143 | loss 0.5189 | acc 0.9381 | lr 8.75e-05 | 195s
2026-09-20 13:10:27 | INFO    | epoch 11 | batch 2460/3143 | loss 0.5190 | acc 0.9381 | lr 8.75e-05 | 197s
2026-09-20 13:10:29 | INFO    | epoch 11 | batch 2480/3143 | loss 0.5190 | acc 0.9381 | lr 8.75e-05 | 198s
2026-09-20 13:10:31 | INFO    | epoch 11 | batch 2500/3143 | loss 0.5191 | acc 0.9380 | lr 8.75e-05 | 200s
2026-09-20 13:10:32 | INFO    | epoch 11 | batch 2520/3143 | loss 0.5192 | acc 0.9380 | lr 8.75e-05 | 201s
2026-09-20 13:10:34 | INFO    | epoch 11 | batch 2540/3143 | loss 0.5190 | acc 0.9381 | lr 8.74e-05 | 203s
2026-09-20 13:10:35 | INFO    | epoch 11 | batch 2560/3143 | loss 0.5190 | acc 0.9380 | lr 8.74e-05 | 205s
2026-09-20 13:10:37 | INFO    | epoch 11 | batch 2580/3143 | loss 0.5190 | acc 0.9379 | lr 8.74e-05 | 206s
2026-09-20 13:10:39 | INFO    | epoch 11 | batch 2600/3143 | loss 0.5190 | acc 0.9380 | lr 8.74e-05 | 208s
2026-09-20 13:10:40 | INFO    | epoch 11 | batch 2620/3143 | loss 0.5189 | acc 0.9381 | lr 8.74e-05 | 209s
2026-09-20 13:10:42 | INFO    | epoch 11 | batch 2640/3143 | loss 0.5190 | acc 0.9380 | lr 8.74e-05 | 211s
2026-09-20 13:10:43 | INFO    | epoch 11 | batch 2660/3143 | loss 0.5189 | acc 0.9381 | lr 8.73e-05 | 213s
2026-09-20 13:10:45 | INFO    | epoch 11 | batch 2680/3143 | loss 0.5188 | acc 0.9382 | lr 8.73e-05 | 214s
2026-09-20 13:10:46 | INFO    | epoch 11 | batch 2700/3143 | loss 0.5187 | acc 0.9382 | lr 8.73e-05 | 216s
2026-09-20 13:10:48 | INFO    | epoch 11 | batch 2720/3143 | loss 0.5188 | acc 0.9382 | lr 8.73e-05 | 217s
2026-09-20 13:10:50 | INFO    | epoch 11 | batch 2740/3143 | loss 0.5188 | acc 0.9383 | lr 8.73e-05 | 219s
2026-09-20 13:10:51 | INFO    | epoch 11 | batch 2760/3143 | loss 0.5191 | acc 0.9381 | lr 8.73e-05 | 221s
2026-09-20 13:10:53 | INFO    | epoch 11 | batch 2780/3143 | loss 0.5191 | acc 0.9380 | lr 8.72e-05 | 222s
2026-09-20 13:10:55 | INFO    | epoch 11 | batch 2800/3143 | loss 0.5190 | acc 0.9380 | lr 8.72e-05 | 224s
2026-09-20 13:10:56 | INFO    | epoch 11 | batch 2820/3143 | loss 0.5190 | acc 0.9380 | lr 8.72e-05 | 226s
2026-09-20 13:10:58 | INFO    | epoch 11 | batch 2840/3143 | loss 0.5190 | acc 0.9380 | lr 8.72e-05 | 227s
2026-09-20 13:11:00 | INFO    | epoch 11 | batch 2860/3143 | loss 0.5190 | acc 0.9381 | lr 8.72e-05 | 229s
2026-09-20 13:11:01 | INFO    | epoch 11 | batch 2880/3143 | loss 0.5189 | acc 0.9381 | lr 8.71e-05 | 230s
2026-09-20 13:11:03 | INFO    | epoch 11 | batch 2900/3143 | loss 0.5189 | acc 0.9381 | lr 8.71e-05 | 232s
2026-09-20 13:11:04 | INFO    | epoch 11 | batch 2920/3143 | loss 0.5191 | acc 0.9380 | lr 8.71e-05 | 234s
2026-09-20 13:11:06 | INFO    | epoch 11 | batch 2940/3143 | loss 0.5191 | acc 0.9380 | lr 8.71e-05 | 235s
2026-09-20 13:11:08 | INFO    | epoch 11 | batch 2960/3143 | loss 0.5190 | acc 0.9380 | lr 8.71e-05 | 237s
2026-09-20 13:11:09 | INFO    | epoch 11 | batch 2980/3143 | loss 0.5191 | acc 0.9379 | lr 8.71e-05 | 238s
2026-09-20 13:11:11 | INFO    | epoch 11 | batch 3000/3143 | loss 0.5189 | acc 0.9381 | lr 8.70e-05 | 240s
2026-09-20 13:11:12 | INFO    | epoch 11 | batch 3020/3143 | loss 0.5188 | acc 0.9382 | lr 8.70e-05 | 242s
2026-09-20 13:11:14 | INFO    | epoch 11 | batch 3040/3143 | loss 0.5188 | acc 0.9381 | lr 8.70e-05 | 243s
2026-09-20 13:11:16 | INFO    | epoch 11 | batch 3060/3143 | loss 0.5189 | acc 0.9381 | lr 8.70e-05 | 245s
2026-09-20 13:11:17 | INFO    | epoch 11 | batch 3080/3143 | loss 0.5188 | acc 0.9381 | lr 8.70e-05 | 246s
2026-09-20 13:11:19 | INFO    | epoch 11 | batch 3100/3143 | loss 0.5188 | acc 0.9381 | lr 8.70e-05 | 248s
2026-09-20 13:11:20 | INFO    | epoch 11 | batch 3120/3143 | loss 0.5188 | acc 0.9381 | lr 8.69e-05 | 250s
2026-09-20 13:11:22 | INFO    | epoch 11 | batch 3140/3143 | loss 0.5189 | acc 0.9381 | lr 8.69e-05 | 251s
2026-09-20 13:11:22 | INFO    | epoch 11 | batch 3143/3143 | loss 0.5189 | acc 0.9381 | lr 8.69e-05 | 251s
2026-09-20 13:11:34 | INFO    | epoch 11/40 done in 263s | train loss 0.5189 | train running patch (aug): accuracy=0.9381 precision=0.9371 recall=0.9354 f1=0.9362
2026-09-20 13:11:34 | INFO    | epoch 11 train (eval, no aug) | loss 0.4842 | patch[7280]: accuracy=0.9527 precision=0.9526 recall=0.9532 f1=0.9528 | image[455]: accuracy=0.9912 precision=0.9920 recall=0.9921 f1=0.9920
2026-09-20 13:11:34 | INFO    | epoch 11 val | loss 1.1379 | patch[6048]: accuracy=0.6832 precision=0.6599 recall=0.6616 f1=0.6583 | image[96]: accuracy=0.7396 precision=0.7160 recall=0.7137 f1=0.7118
2026-09-20 13:11:34 | INFO    | val_patch_f1 = 0.6583 (best 0.6624 @ epoch 7)
2026-09-20 13:11:35 | INFO    | epoch 12 | batch 20/3143 | loss 0.4924 | acc 0.9422 | lr 8.69e-05 | 2s
2026-09-20 13:11:37 | INFO    | epoch 12 | batch 40/3143 | loss 0.4873 | acc 0.9461 | lr 8.69e-05 | 3s
2026-09-20 13:11:38 | INFO    | epoch 12 | batch 60/3143 | loss 0.4967 | acc 0.9417 | lr 8.69e-05 | 5s
2026-09-20 13:11:40 | INFO    | epoch 12 | batch 80/3143 | loss 0.5104 | acc 0.9379 | lr 8.68e-05 | 6s
2026-09-20 13:11:42 | INFO    | epoch 12 | batch 100/3143 | loss 0.5121 | acc 0.9366 | lr 8.68e-05 | 8s
2026-09-20 13:11:43 | INFO    | epoch 12 | batch 120/3143 | loss 0.5103 | acc 0.9378 | lr 8.68e-05 | 9s
2026-09-20 13:11:45 | INFO    | epoch 12 | batch 140/3143 | loss 0.5062 | acc 0.9408 | lr 8.68e-05 | 11s
2026-09-20 13:11:46 | INFO    | epoch 12 | batch 160/3143 | loss 0.5069 | acc 0.9414 | lr 8.68e-05 | 13s
2026-09-20 13:11:48 | INFO    | epoch 12 | batch 180/3143 | loss 0.5083 | acc 0.9415 | lr 8.68e-05 | 14s
2026-09-20 13:11:49 | INFO    | epoch 12 | batch 200/3143 | loss 0.5086 | acc 0.9413 | lr 8.67e-05 | 16s
2026-09-20 13:11:51 | INFO    | epoch 12 | batch 220/3143 | loss 0.5083 | acc 0.9413 | lr 8.67e-05 | 17s
2026-09-20 13:11:53 | INFO    | epoch 12 | batch 240/3143 | loss 0.5068 | acc 0.9423 | lr 8.67e-05 | 19s
2026-09-20 13:11:54 | INFO    | epoch 12 | batch 260/3143 | loss 0.5054 | acc 0.9433 | lr 8.67e-05 | 21s
2026-09-20 13:11:56 | INFO    | epoch 12 | batch 280/3143 | loss 0.5055 | acc 0.9431 | lr 8.67e-05 | 22s
2026-09-20 13:11:57 | INFO    | epoch 12 | batch 300/3143 | loss 0.5035 | acc 0.9444 | lr 8.67e-05 | 24s
2026-09-20 13:11:59 | INFO    | epoch 12 | batch 320/3143 | loss 0.5041 | acc 0.9442 | lr 8.66e-05 | 25s
2026-09-20 13:12:00 | INFO    | epoch 12 | batch 340/3143 | loss 0.5075 | acc 0.9423 | lr 8.66e-05 | 27s
2026-09-20 13:12:02 | INFO    | epoch 12 | batch 360/3143 | loss 0.5072 | acc 0.9423 | lr 8.66e-05 | 28s
2026-09-20 13:12:04 | INFO    | epoch 12 | batch 380/3143 | loss 0.5059 | acc 0.9433 | lr 8.66e-05 | 30s
2026-09-20 13:12:05 | INFO    | epoch 12 | batch 400/3143 | loss 0.5060 | acc 0.9429 | lr 8.66e-05 | 32s
2026-09-20 13:12:07 | INFO    | epoch 12 | batch 420/3143 | loss 0.5061 | acc 0.9429 | lr 8.65e-05 | 33s
2026-09-20 13:12:08 | INFO    | epoch 12 | batch 440/3143 | loss 0.5074 | acc 0.9421 | lr 8.65e-05 | 35s
2026-09-20 13:12:10 | INFO    | epoch 12 | batch 460/3143 | loss 0.5070 | acc 0.9422 | lr 8.65e-05 | 36s
2026-09-20 13:12:11 | INFO    | epoch 12 | batch 480/3143 | loss 0.5072 | acc 0.9421 | lr 8.65e-05 | 38s
2026-09-20 13:12:13 | INFO    | epoch 12 | batch 500/3143 | loss 0.5068 | acc 0.9422 | lr 8.65e-05 | 39s
2026-09-20 13:12:15 | INFO    | epoch 12 | batch 520/3143 | loss 0.5063 | acc 0.9427 | lr 8.65e-05 | 41s
2026-09-20 13:12:16 | INFO    | epoch 12 | batch 540/3143 | loss 0.5066 | acc 0.9425 | lr 8.64e-05 | 43s
2026-09-20 13:12:18 | INFO    | epoch 12 | batch 560/3143 | loss 0.5064 | acc 0.9426 | lr 8.64e-05 | 44s
2026-09-20 13:12:19 | INFO    | epoch 12 | batch 580/3143 | loss 0.5057 | acc 0.9429 | lr 8.64e-05 | 46s
2026-09-20 13:12:21 | INFO    | epoch 12 | batch 600/3143 | loss 0.5059 | acc 0.9429 | lr 8.64e-05 | 47s
2026-09-20 13:12:23 | INFO    | epoch 12 | batch 620/3143 | loss 0.5069 | acc 0.9426 | lr 8.64e-05 | 49s
2026-09-20 13:12:24 | INFO    | epoch 12 | batch 640/3143 | loss 0.5079 | acc 0.9423 | lr 8.63e-05 | 50s
2026-09-20 13:12:26 | INFO    | epoch 12 | batch 660/3143 | loss 0.5078 | acc 0.9424 | lr 8.63e-05 | 52s
2026-09-20 13:12:27 | INFO    | epoch 12 | batch 680/3143 | loss 0.5074 | acc 0.9426 | lr 8.63e-05 | 54s
2026-09-20 13:12:29 | INFO    | epoch 12 | batch 700/3143 | loss 0.5072 | acc 0.9429 | lr 8.63e-05 | 55s
2026-09-20 13:12:30 | INFO    | epoch 12 | batch 720/3143 | loss 0.5075 | acc 0.9427 | lr 8.63e-05 | 57s
2026-09-20 13:12:32 | INFO    | epoch 12 | batch 740/3143 | loss 0.5078 | acc 0.9425 | lr 8.63e-05 | 58s
2026-09-20 13:12:34 | INFO    | epoch 12 | batch 760/3143 | loss 0.5075 | acc 0.9425 | lr 8.62e-05 | 60s
2026-09-20 13:12:35 | INFO    | epoch 12 | batch 780/3143 | loss 0.5076 | acc 0.9423 | lr 8.62e-05 | 62s
2026-09-20 13:12:37 | INFO    | epoch 12 | batch 800/3143 | loss 0.5081 | acc 0.9420 | lr 8.62e-05 | 63s
2026-09-20 13:12:38 | INFO    | epoch 12 | batch 820/3143 | loss 0.5084 | acc 0.9418 | lr 8.62e-05 | 65s
2026-09-20 13:12:40 | INFO    | epoch 12 | batch 840/3143 | loss 0.5084 | acc 0.9419 | lr 8.62e-05 | 66s
2026-09-20 13:12:41 | INFO    | epoch 12 | batch 860/3143 | loss 0.5086 | acc 0.9417 | lr 8.62e-05 | 68s
2026-09-20 13:12:43 | INFO    | epoch 12 | batch 880/3143 | loss 0.5085 | acc 0.9417 | lr 8.61e-05 | 69s
2026-09-20 13:12:45 | INFO    | epoch 12 | batch 900/3143 | loss 0.5081 | acc 0.9421 | lr 8.61e-05 | 71s
2026-09-20 13:12:46 | INFO    | epoch 12 | batch 920/3143 | loss 0.5076 | acc 0.9423 | lr 8.61e-05 | 73s
2026-09-20 13:12:48 | INFO    | epoch 12 | batch 940/3143 | loss 0.5077 | acc 0.9424 | lr 8.61e-05 | 74s
2026-09-20 13:12:49 | INFO    | epoch 12 | batch 960/3143 | loss 0.5076 | acc 0.9424 | lr 8.61e-05 | 76s
2026-09-20 13:12:51 | INFO    | epoch 12 | batch 980/3143 | loss 0.5073 | acc 0.9427 | lr 8.60e-05 | 77s
2026-09-20 13:12:52 | INFO    | epoch 12 | batch 1000/3143 | loss 0.5077 | acc 0.9424 | lr 8.60e-05 | 79s
2026-09-20 13:12:54 | INFO    | epoch 12 | batch 1020/3143 | loss 0.5080 | acc 0.9422 | lr 8.60e-05 | 80s
2026-09-20 13:12:56 | INFO    | epoch 12 | batch 1040/3143 | loss 0.5083 | acc 0.9422 | lr 8.60e-05 | 82s
2026-09-20 13:12:57 | INFO    | epoch 12 | batch 1060/3143 | loss 0.5082 | acc 0.9422 | lr 8.60e-05 | 84s
2026-09-20 13:12:59 | INFO    | epoch 12 | batch 1080/3143 | loss 0.5087 | acc 0.9420 | lr 8.60e-05 | 85s
2026-09-20 13:13:00 | INFO    | epoch 12 | batch 1100/3143 | loss 0.5084 | acc 0.9423 | lr 8.59e-05 | 87s
2026-09-20 13:13:02 | INFO    | epoch 12 | batch 1120/3143 | loss 0.5084 | acc 0.9422 | lr 8.59e-05 | 88s
2026-09-20 13:13:04 | INFO    | epoch 12 | batch 1140/3143 | loss 0.5086 | acc 0.9420 | lr 8.59e-05 | 90s
2026-09-20 13:13:05 | INFO    | epoch 12 | batch 1160/3143 | loss 0.5082 | acc 0.9422 | lr 8.59e-05 | 92s
2026-09-20 13:13:07 | INFO    | epoch 12 | batch 1180/3143 | loss 0.5088 | acc 0.9421 | lr 8.59e-05 | 93s
2026-09-20 13:13:08 | INFO    | epoch 12 | batch 1200/3143 | loss 0.5087 | acc 0.9422 | lr 8.58e-05 | 95s
2026-09-20 13:13:10 | INFO    | epoch 12 | batch 1220/3143 | loss 0.5086 | acc 0.9422 | lr 8.58e-05 | 96s
2026-09-20 13:13:11 | INFO    | epoch 12 | batch 1240/3143 | loss 0.5086 | acc 0.9422 | lr 8.58e-05 | 98s
2026-09-20 13:13:13 | INFO    | epoch 12 | batch 1260/3143 | loss 0.5087 | acc 0.9421 | lr 8.58e-05 | 99s
2026-09-20 13:13:15 | INFO    | epoch 12 | batch 1280/3143 | loss 0.5089 | acc 0.9420 | lr 8.58e-05 | 101s
2026-09-20 13:13:16 | INFO    | epoch 12 | batch 1300/3143 | loss 0.5087 | acc 0.9422 | lr 8.58e-05 | 103s
2026-09-20 13:13:18 | INFO    | epoch 12 | batch 1320/3143 | loss 0.5090 | acc 0.9420 | lr 8.57e-05 | 104s
2026-09-20 13:13:19 | INFO    | epoch 12 | batch 1340/3143 | loss 0.5093 | acc 0.9418 | lr 8.57e-05 | 106s
2026-09-20 13:13:21 | INFO    | epoch 12 | batch 1360/3143 | loss 0.5095 | acc 0.9417 | lr 8.57e-05 | 107s
2026-09-20 13:13:23 | INFO    | epoch 12 | batch 1380/3143 | loss 0.5093 | acc 0.9418 | lr 8.57e-05 | 109s
2026-09-20 13:13:24 | INFO    | epoch 12 | batch 1400/3143 | loss 0.5093 | acc 0.9417 | lr 8.57e-05 | 111s
2026-09-20 13:13:26 | INFO    | epoch 12 | batch 1420/3143 | loss 0.5093 | acc 0.9418 | lr 8.56e-05 | 112s
2026-09-20 13:13:27 | INFO    | epoch 12 | batch 1440/3143 | loss 0.5092 | acc 0.9418 | lr 8.56e-05 | 114s
2026-09-20 13:13:29 | INFO    | epoch 12 | batch 1460/3143 | loss 0.5090 | acc 0.9419 | lr 8.56e-05 | 115s
2026-09-20 13:13:31 | INFO    | epoch 12 | batch 1480/3143 | loss 0.5087 | acc 0.9421 | lr 8.56e-05 | 117s
2026-09-20 13:13:32 | INFO    | epoch 12 | batch 1500/3143 | loss 0.5088 | acc 0.9420 | lr 8.56e-05 | 119s
2026-09-20 13:13:34 | INFO    | epoch 12 | batch 1520/3143 | loss 0.5084 | acc 0.9423 | lr 8.55e-05 | 120s
2026-09-20 13:13:35 | INFO    | epoch 12 | batch 1540/3143 | loss 0.5083 | acc 0.9423 | lr 8.55e-05 | 122s
2026-09-20 13:13:37 | INFO    | epoch 12 | batch 1560/3143 | loss 0.5086 | acc 0.9422 | lr 8.55e-05 | 123s
2026-09-20 13:13:38 | INFO    | epoch 12 | batch 1580/3143 | loss 0.5083 | acc 0.9423 | lr 8.55e-05 | 125s
2026-09-20 13:13:40 | INFO    | epoch 12 | batch 1600/3143 | loss 0.5086 | acc 0.9421 | lr 8.55e-05 | 126s
2026-09-20 13:13:42 | INFO    | epoch 12 | batch 1620/3143 | loss 0.5085 | acc 0.9422 | lr 8.55e-05 | 128s
2026-09-20 13:13:43 | INFO    | epoch 12 | batch 1640/3143 | loss 0.5086 | acc 0.9422 | lr 8.54e-05 | 130s
2026-09-20 13:13:45 | INFO    | epoch 12 | batch 1660/3143 | loss 0.5085 | acc 0.9422 | lr 8.54e-05 | 131s
2026-09-20 13:13:46 | INFO    | epoch 12 | batch 1680/3143 | loss 0.5086 | acc 0.9422 | lr 8.54e-05 | 133s
2026-09-20 13:13:48 | INFO    | epoch 12 | batch 1700/3143 | loss 0.5090 | acc 0.9420 | lr 8.54e-05 | 134s
2026-09-20 13:13:50 | INFO    | epoch 12 | batch 1720/3143 | loss 0.5090 | acc 0.9420 | lr 8.54e-05 | 136s
2026-09-20 13:13:51 | INFO    | epoch 12 | batch 1740/3143 | loss 0.5090 | acc 0.9420 | lr 8.53e-05 | 138s
2026-09-20 13:13:53 | INFO    | epoch 12 | batch 1760/3143 | loss 0.5091 | acc 0.9420 | lr 8.53e-05 | 139s
2026-09-20 13:13:54 | INFO    | epoch 12 | batch 1780/3143 | loss 0.5093 | acc 0.9420 | lr 8.53e-05 | 141s
2026-09-20 13:13:56 | INFO    | epoch 12 | batch 1800/3143 | loss 0.5092 | acc 0.9420 | lr 8.53e-05 | 142s
2026-09-20 13:13:57 | INFO    | epoch 12 | batch 1820/3143 | loss 0.5092 | acc 0.9420 | lr 8.53e-05 | 144s
2026-09-20 13:13:59 | INFO    | epoch 12 | batch 1840/3143 | loss 0.5088 | acc 0.9422 | lr 8.53e-05 | 145s
2026-09-20 13:14:01 | INFO    | epoch 12 | batch 1860/3143 | loss 0.5088 | acc 0.9422 | lr 8.52e-05 | 147s
2026-09-20 13:14:02 | INFO    | epoch 12 | batch 1880/3143 | loss 0.5088 | acc 0.9422 | lr 8.52e-05 | 149s
2026-09-20 13:14:04 | INFO    | epoch 12 | batch 1900/3143 | loss 0.5089 | acc 0.9421 | lr 8.52e-05 | 150s
2026-09-20 13:14:05 | INFO    | epoch 12 | batch 1920/3143 | loss 0.5089 | acc 0.9421 | lr 8.52e-05 | 152s
2026-09-20 13:14:07 | INFO    | epoch 12 | batch 1940/3143 | loss 0.5088 | acc 0.9422 | lr 8.52e-05 | 153s
2026-09-20 13:14:09 | INFO    | epoch 12 | batch 1960/3143 | loss 0.5088 | acc 0.9421 | lr 8.51e-05 | 155s
2026-09-20 13:14:10 | INFO    | epoch 12 | batch 1980/3143 | loss 0.5086 | acc 0.9422 | lr 8.51e-05 | 157s
2026-09-20 13:14:12 | INFO    | epoch 12 | batch 2000/3143 | loss 0.5085 | acc 0.9423 | lr 8.51e-05 | 158s
2026-09-20 13:14:13 | INFO    | epoch 12 | batch 2020/3143 | loss 0.5085 | acc 0.9424 | lr 8.51e-05 | 160s
2026-09-20 13:14:15 | INFO    | epoch 12 | batch 2040/3143 | loss 0.5085 | acc 0.9424 | lr 8.51e-05 | 161s
2026-09-20 13:14:17 | INFO    | epoch 12 | batch 2060/3143 | loss 0.5083 | acc 0.9425 | lr 8.50e-05 | 163s
2026-09-20 13:14:18 | INFO    | epoch 12 | batch 2080/3143 | loss 0.5084 | acc 0.9424 | lr 8.50e-05 | 165s
2026-09-20 13:14:20 | INFO    | epoch 12 | batch 2100/3143 | loss 0.5083 | acc 0.9425 | lr 8.50e-05 | 166s
2026-09-20 13:14:21 | INFO    | epoch 12 | batch 2120/3143 | loss 0.5085 | acc 0.9424 | lr 8.50e-05 | 168s
2026-09-20 13:14:23 | INFO    | epoch 12 | batch 2140/3143 | loss 0.5085 | acc 0.9424 | lr 8.50e-05 | 169s
2026-09-20 13:14:25 | INFO    | epoch 12 | batch 2160/3143 | loss 0.5084 | acc 0.9424 | lr 8.50e-05 | 171s
2026-09-20 13:14:26 | INFO    | epoch 12 | batch 2180/3143 | loss 0.5087 | acc 0.9423 | lr 8.49e-05 | 173s
2026-09-20 13:14:28 | INFO    | epoch 12 | batch 2200/3143 | loss 0.5087 | acc 0.9423 | lr 8.49e-05 | 174s
2026-09-20 13:14:29 | INFO    | epoch 12 | batch 2220/3143 | loss 0.5090 | acc 0.9421 | lr 8.49e-05 | 176s
2026-09-20 13:14:31 | INFO    | epoch 12 | batch 2240/3143 | loss 0.5089 | acc 0.9422 | lr 8.49e-05 | 177s
2026-09-20 13:14:32 | INFO    | epoch 12 | batch 2260/3143 | loss 0.5091 | acc 0.9421 | lr 8.49e-05 | 179s
2026-09-20 13:14:34 | INFO    | epoch 12 | batch 2280/3143 | loss 0.5092 | acc 0.9421 | lr 8.48e-05 | 180s
2026-09-20 13:14:36 | INFO    | epoch 12 | batch 2300/3143 | loss 0.5090 | acc 0.9423 | lr 8.48e-05 | 182s
2026-09-20 13:14:37 | INFO    | epoch 12 | batch 2320/3143 | loss 0.5088 | acc 0.9425 | lr 8.48e-05 | 184s
2026-09-20 13:14:39 | INFO    | epoch 12 | batch 2340/3143 | loss 0.5086 | acc 0.9426 | lr 8.48e-05 | 185s
2026-09-20 13:14:40 | INFO    | epoch 12 | batch 2360/3143 | loss 0.5085 | acc 0.9427 | lr 8.48e-05 | 187s
2026-09-20 13:14:42 | INFO    | epoch 12 | batch 2380/3143 | loss 0.5088 | acc 0.9426 | lr 8.47e-05 | 188s
2026-09-20 13:14:44 | INFO    | epoch 12 | batch 2400/3143 | loss 0.5086 | acc 0.9427 | lr 8.47e-05 | 190s
2026-09-20 13:14:45 | INFO    | epoch 12 | batch 2420/3143 | loss 0.5086 | acc 0.9427 | lr 8.47e-05 | 191s
2026-09-20 13:14:47 | INFO    | epoch 12 | batch 2440/3143 | loss 0.5088 | acc 0.9426 | lr 8.47e-05 | 193s
2026-09-20 13:14:48 | INFO    | epoch 12 | batch 2460/3143 | loss 0.5089 | acc 0.9426 | lr 8.47e-05 | 195s
2026-09-20 13:14:50 | INFO    | epoch 12 | batch 2480/3143 | loss 0.5088 | acc 0.9426 | lr 8.47e-05 | 196s
2026-09-20 13:14:51 | INFO    | epoch 12 | batch 2500/3143 | loss 0.5086 | acc 0.9427 | lr 8.46e-05 | 198s
2026-09-20 13:14:53 | INFO    | epoch 12 | batch 2520/3143 | loss 0.5085 | acc 0.9428 | lr 8.46e-05 | 199s
2026-09-20 13:14:55 | INFO    | epoch 12 | batch 2540/3143 | loss 0.5085 | acc 0.9428 | lr 8.46e-05 | 201s
2026-09-20 13:14:56 | INFO    | epoch 12 | batch 2560/3143 | loss 0.5084 | acc 0.9428 | lr 8.46e-05 | 203s
2026-09-20 13:14:58 | INFO    | epoch 12 | batch 2580/3143 | loss 0.5085 | acc 0.9429 | lr 8.46e-05 | 204s
2026-09-20 13:14:59 | INFO    | epoch 12 | batch 2600/3143 | loss 0.5084 | acc 0.9429 | lr 8.45e-05 | 206s
2026-09-20 13:15:01 | INFO    | epoch 12 | batch 2620/3143 | loss 0.5084 | acc 0.9430 | lr 8.45e-05 | 207s
2026-09-20 13:15:03 | INFO    | epoch 12 | batch 2640/3143 | loss 0.5083 | acc 0.9430 | lr 8.45e-05 | 209s
2026-09-20 13:15:04 | INFO    | epoch 12 | batch 2660/3143 | loss 0.5082 | acc 0.9430 | lr 8.45e-05 | 211s
2026-09-20 13:15:06 | INFO    | epoch 12 | batch 2680/3143 | loss 0.5081 | acc 0.9431 | lr 8.45e-05 | 212s
2026-09-20 13:15:07 | INFO    | epoch 12 | batch 2700/3143 | loss 0.5082 | acc 0.9430 | lr 8.44e-05 | 214s
2026-09-20 13:15:09 | INFO    | epoch 12 | batch 2720/3143 | loss 0.5081 | acc 0.9431 | lr 8.44e-05 | 215s
2026-09-20 13:15:11 | INFO    | epoch 12 | batch 2740/3143 | loss 0.5081 | acc 0.9431 | lr 8.44e-05 | 217s
2026-09-20 13:15:12 | INFO    | epoch 12 | batch 2760/3143 | loss 0.5080 | acc 0.9431 | lr 8.44e-05 | 219s
2026-09-20 13:15:14 | INFO    | epoch 12 | batch 2780/3143 | loss 0.5079 | acc 0.9432 | lr 8.44e-05 | 220s
2026-09-20 13:15:15 | INFO    | epoch 12 | batch 2800/3143 | loss 0.5081 | acc 0.9431 | lr 8.44e-05 | 222s
2026-09-20 13:15:17 | INFO    | epoch 12 | batch 2820/3143 | loss 0.5080 | acc 0.9431 | lr 8.43e-05 | 223s
2026-09-20 13:15:19 | INFO    | epoch 12 | batch 2840/3143 | loss 0.5079 | acc 0.9432 | lr 8.43e-05 | 225s
2026-09-20 13:15:20 | INFO    | epoch 12 | batch 2860/3143 | loss 0.5079 | acc 0.9432 | lr 8.43e-05 | 227s
2026-09-20 13:15:22 | INFO    | epoch 12 | batch 2880/3143 | loss 0.5080 | acc 0.9431 | lr 8.43e-05 | 228s
2026-09-20 13:15:23 | INFO    | epoch 12 | batch 2900/3143 | loss 0.5082 | acc 0.9430 | lr 8.43e-05 | 230s
2026-09-20 13:15:25 | INFO    | epoch 12 | batch 2920/3143 | loss 0.5079 | acc 0.9430 | lr 8.42e-05 | 231s
2026-09-20 13:15:27 | INFO    | epoch 12 | batch 2940/3143 | loss 0.5080 | acc 0.9429 | lr 8.42e-05 | 233s
2026-09-20 13:15:28 | INFO    | epoch 12 | batch 2960/3143 | loss 0.5078 | acc 0.9431 | lr 8.42e-05 | 235s
2026-09-20 13:15:30 | INFO    | epoch 12 | batch 2980/3143 | loss 0.5077 | acc 0.9432 | lr 8.42e-05 | 236s
2026-09-20 13:15:31 | INFO    | epoch 12 | batch 3000/3143 | loss 0.5077 | acc 0.9432 | lr 8.42e-05 | 238s
2026-09-20 13:15:33 | INFO    | epoch 12 | batch 3020/3143 | loss 0.5078 | acc 0.9431 | lr 8.41e-05 | 239s
2026-09-20 13:15:35 | INFO    | epoch 12 | batch 3040/3143 | loss 0.5077 | acc 0.9432 | lr 8.41e-05 | 241s
2026-09-20 13:15:36 | INFO    | epoch 12 | batch 3060/3143 | loss 0.5076 | acc 0.9432 | lr 8.41e-05 | 242s
2026-09-20 13:15:38 | INFO    | epoch 12 | batch 3080/3143 | loss 0.5077 | acc 0.9432 | lr 8.41e-05 | 244s
2026-09-20 13:15:39 | INFO    | epoch 12 | batch 3100/3143 | loss 0.5077 | acc 0.9432 | lr 8.41e-05 | 246s
2026-09-20 13:15:41 | INFO    | epoch 12 | batch 3120/3143 | loss 0.5077 | acc 0.9432 | lr 8.40e-05 | 247s
2026-09-20 13:15:42 | INFO    | epoch 12 | batch 3140/3143 | loss 0.5075 | acc 0.9434 | lr 8.40e-05 | 249s
2026-09-20 13:15:43 | INFO    | epoch 12 | batch 3143/3143 | loss 0.5076 | acc 0.9433 | lr 8.40e-05 | 249s
2026-09-20 13:15:54 | INFO    | epoch 12/40 done in 260s | train loss 0.5076 | train running patch (aug): accuracy=0.9433 precision=0.9423 recall=0.9409 f1=0.9416
2026-09-20 13:15:54 | INFO    | epoch 12 train (eval, no aug) | loss 0.4327 | patch[7280]: accuracy=0.9794 precision=0.9775 recall=0.9795 f1=0.9785 | image[455]: accuracy=1.0000 precision=1.0000 recall=1.0000 f1=1.0000
2026-09-20 13:15:54 | INFO    | epoch 12 val | loss 1.1260 | patch[6048]: accuracy=0.6933 precision=0.6652 recall=0.6660 f1=0.6652 | image[96]: accuracy=0.7292 precision=0.6969 recall=0.6956 f1=0.6955
2026-09-20 13:15:54 | INFO    | val_patch_f1 = 0.6652 (best 0.6652 @ epoch 12) *
2026-09-20 13:15:56 | INFO    | epoch 13 | batch 20/3143 | loss 0.4987 | acc 0.9469 | lr 8.40e-05 | 2s
2026-09-20 13:15:57 | INFO    | epoch 13 | batch 40/3143 | loss 0.5173 | acc 0.9352 | lr 8.40e-05 | 3s
2026-09-20 13:15:59 | INFO    | epoch 13 | batch 60/3143 | loss 0.5070 | acc 0.9432 | lr 8.40e-05 | 5s
2026-09-20 13:16:01 | INFO    | epoch 13 | batch 80/3143 | loss 0.5056 | acc 0.9441 | lr 8.39e-05 | 6s
2026-09-20 13:16:02 | INFO    | epoch 13 | batch 100/3143 | loss 0.5012 | acc 0.9469 | lr 8.39e-05 | 8s
2026-09-20 13:16:04 | INFO    | epoch 13 | batch 120/3143 | loss 0.5004 | acc 0.9477 | lr 8.39e-05 | 10s
2026-09-20 13:16:05 | INFO    | epoch 13 | batch 140/3143 | loss 0.5016 | acc 0.9475 | lr 8.39e-05 | 11s
2026-09-20 13:16:07 | INFO    | epoch 13 | batch 160/3143 | loss 0.5035 | acc 0.9467 | lr 8.39e-05 | 13s
2026-09-20 13:16:08 | INFO    | epoch 13 | batch 180/3143 | loss 0.5037 | acc 0.9462 | lr 8.39e-05 | 14s
2026-09-20 13:16:10 | INFO    | epoch 13 | batch 200/3143 | loss 0.5007 | acc 0.9477 | lr 8.38e-05 | 16s
2026-09-20 13:16:12 | INFO    | epoch 13 | batch 220/3143 | loss 0.5027 | acc 0.9466 | lr 8.38e-05 | 17s
2026-09-20 13:16:13 | INFO    | epoch 13 | batch 240/3143 | loss 0.5016 | acc 0.9464 | lr 8.38e-05 | 19s
2026-09-20 13:16:15 | INFO    | epoch 13 | batch 260/3143 | loss 0.5013 | acc 0.9465 | lr 8.38e-05 | 21s
2026-09-20 13:16:16 | INFO    | epoch 13 | batch 280/3143 | loss 0.5009 | acc 0.9465 | lr 8.38e-05 | 22s
2026-09-20 13:16:18 | INFO    | epoch 13 | batch 300/3143 | loss 0.5022 | acc 0.9455 | lr 8.37e-05 | 24s
2026-09-20 13:16:19 | INFO    | epoch 13 | batch 320/3143 | loss 0.5043 | acc 0.9444 | lr 8.37e-05 | 25s
2026-09-20 13:16:21 | INFO    | epoch 13 | batch 340/3143 | loss 0.5030 | acc 0.9455 | lr 8.37e-05 | 27s
2026-09-20 13:16:23 | INFO    | epoch 13 | batch 360/3143 | loss 0.5022 | acc 0.9458 | lr 8.37e-05 | 28s
2026-09-20 13:16:24 | INFO    | epoch 13 | batch 380/3143 | loss 0.5019 | acc 0.9464 | lr 8.37e-05 | 30s
2026-09-20 13:16:26 | INFO    | epoch 13 | batch 400/3143 | loss 0.5017 | acc 0.9464 | lr 8.36e-05 | 32s
2026-09-20 13:16:27 | INFO    | epoch 13 | batch 420/3143 | loss 0.5007 | acc 0.9467 | lr 8.36e-05 | 33s
2026-09-20 13:16:29 | INFO    | epoch 13 | batch 440/3143 | loss 0.5005 | acc 0.9469 | lr 8.36e-05 | 35s
2026-09-20 13:16:30 | INFO    | epoch 13 | batch 460/3143 | loss 0.4998 | acc 0.9473 | lr 8.36e-05 | 36s
2026-09-20 13:16:32 | INFO    | epoch 13 | batch 480/3143 | loss 0.4989 | acc 0.9475 | lr 8.36e-05 | 38s
2026-09-20 13:16:34 | INFO    | epoch 13 | batch 500/3143 | loss 0.4996 | acc 0.9474 | lr 8.35e-05 | 39s
2026-09-20 13:16:35 | INFO    | epoch 13 | batch 520/3143 | loss 0.4994 | acc 0.9477 | lr 8.35e-05 | 41s
2026-09-20 13:16:37 | INFO    | epoch 13 | batch 540/3143 | loss 0.5000 | acc 0.9473 | lr 8.35e-05 | 43s
2026-09-20 13:16:38 | INFO    | epoch 13 | batch 560/3143 | loss 0.5004 | acc 0.9471 | lr 8.35e-05 | 44s
2026-09-20 13:16:40 | INFO    | epoch 13 | batch 580/3143 | loss 0.5004 | acc 0.9470 | lr 8.35e-05 | 46s
2026-09-20 13:16:41 | INFO    | epoch 13 | batch 600/3143 | loss 0.4999 | acc 0.9473 | lr 8.34e-05 | 47s
2026-09-20 13:16:43 | INFO    | epoch 13 | batch 620/3143 | loss 0.5000 | acc 0.9472 | lr 8.34e-05 | 49s
2026-09-20 13:16:45 | INFO    | epoch 13 | batch 640/3143 | loss 0.4993 | acc 0.9475 | lr 8.34e-05 | 50s
2026-09-20 13:16:46 | INFO    | epoch 13 | batch 660/3143 | loss 0.4996 | acc 0.9472 | lr 8.34e-05 | 52s
2026-09-20 13:16:48 | INFO    | epoch 13 | batch 680/3143 | loss 0.4990 | acc 0.9475 | lr 8.34e-05 | 54s
2026-09-20 13:16:49 | INFO    | epoch 13 | batch 700/3143 | loss 0.4987 | acc 0.9478 | lr 8.33e-05 | 55s
2026-09-20 13:16:51 | INFO    | epoch 13 | batch 720/3143 | loss 0.4990 | acc 0.9476 | lr 8.33e-05 | 57s
2026-09-20 13:16:52 | INFO    | epoch 13 | batch 740/3143 | loss 0.4985 | acc 0.9479 | lr 8.33e-05 | 58s
2026-09-20 13:16:54 | INFO    | epoch 13 | batch 760/3143 | loss 0.4988 | acc 0.9478 | lr 8.33e-05 | 60s
2026-09-20 13:16:56 | INFO    | epoch 13 | batch 780/3143 | loss 0.4996 | acc 0.9473 | lr 8.33e-05 | 61s
2026-09-20 13:16:57 | INFO    | epoch 13 | batch 800/3143 | loss 0.4997 | acc 0.9473 | lr 8.33e-05 | 63s
2026-09-20 13:16:59 | INFO    | epoch 13 | batch 820/3143 | loss 0.5000 | acc 0.9470 | lr 8.32e-05 | 65s
2026-09-20 13:17:00 | INFO    | epoch 13 | batch 840/3143 | loss 0.4996 | acc 0.9471 | lr 8.32e-05 | 66s
2026-09-20 13:17:02 | INFO    | epoch 13 | batch 860/3143 | loss 0.4994 | acc 0.9472 | lr 8.32e-05 | 68s
2026-09-20 13:17:04 | INFO    | epoch 13 | batch 880/3143 | loss 0.4997 | acc 0.9469 | lr 8.32e-05 | 69s
2026-09-20 13:17:05 | INFO    | epoch 13 | batch 900/3143 | loss 0.5003 | acc 0.9467 | lr 8.32e-05 | 71s
2026-09-20 13:17:07 | INFO    | epoch 13 | batch 920/3143 | loss 0.5004 | acc 0.9467 | lr 8.31e-05 | 72s
2026-09-20 13:17:08 | INFO    | epoch 13 | batch 940/3143 | loss 0.5001 | acc 0.9470 | lr 8.31e-05 | 74s
2026-09-20 13:17:10 | INFO    | epoch 13 | batch 960/3143 | loss 0.5002 | acc 0.9468 | lr 8.31e-05 | 76s
2026-09-20 13:17:11 | INFO    | epoch 13 | batch 980/3143 | loss 0.4998 | acc 0.9470 | lr 8.31e-05 | 77s
2026-09-20 13:17:13 | INFO    | epoch 13 | batch 1000/3143 | loss 0.5002 | acc 0.9467 | lr 8.31e-05 | 79s
2026-09-20 13:17:15 | INFO    | epoch 13 | batch 1020/3143 | loss 0.5001 | acc 0.9468 | lr 8.30e-05 | 80s
2026-09-20 13:17:16 | INFO    | epoch 13 | batch 1040/3143 | loss 0.5003 | acc 0.9468 | lr 8.30e-05 | 82s
2026-09-20 13:17:18 | INFO    | epoch 13 | batch 1060/3143 | loss 0.5005 | acc 0.9466 | lr 8.30e-05 | 84s
2026-09-20 13:17:19 | INFO    | epoch 13 | batch 1080/3143 | loss 0.5006 | acc 0.9466 | lr 8.30e-05 | 85s
2026-09-20 13:17:21 | INFO    | epoch 13 | batch 1100/3143 | loss 0.5010 | acc 0.9465 | lr 8.30e-05 | 87s
2026-09-20 13:17:23 | INFO    | epoch 13 | batch 1120/3143 | loss 0.5008 | acc 0.9465 | lr 8.29e-05 | 88s
2026-09-20 13:17:24 | INFO    | epoch 13 | batch 1140/3143 | loss 0.5004 | acc 0.9468 | lr 8.29e-05 | 90s
2026-09-20 13:17:26 | INFO    | epoch 13 | batch 1160/3143 | loss 0.5003 | acc 0.9468 | lr 8.29e-05 | 91s
2026-09-20 13:17:27 | INFO    | epoch 13 | batch 1180/3143 | loss 0.5003 | acc 0.9468 | lr 8.29e-05 | 93s
2026-09-20 13:17:29 | INFO    | epoch 13 | batch 1200/3143 | loss 0.5006 | acc 0.9465 | lr 8.29e-05 | 95s
2026-09-20 13:17:30 | INFO    | epoch 13 | batch 1220/3143 | loss 0.5006 | acc 0.9465 | lr 8.28e-05 | 96s
2026-09-20 13:17:32 | INFO    | epoch 13 | batch 1240/3143 | loss 0.5008 | acc 0.9464 | lr 8.28e-05 | 98s
2026-09-20 13:17:34 | INFO    | epoch 13 | batch 1260/3143 | loss 0.5008 | acc 0.9465 | lr 8.28e-05 | 99s
2026-09-20 13:17:35 | INFO    | epoch 13 | batch 1280/3143 | loss 0.5007 | acc 0.9466 | lr 8.28e-05 | 101s
2026-09-20 13:17:37 | INFO    | epoch 13 | batch 1300/3143 | loss 0.5006 | acc 0.9467 | lr 8.28e-05 | 103s
2026-09-20 13:17:38 | INFO    | epoch 13 | batch 1320/3143 | loss 0.5007 | acc 0.9466 | lr 8.27e-05 | 104s
2026-09-20 13:17:40 | INFO    | epoch 13 | batch 1340/3143 | loss 0.5006 | acc 0.9467 | lr 8.27e-05 | 106s
2026-09-20 13:17:41 | INFO    | epoch 13 | batch 1360/3143 | loss 0.5004 | acc 0.9468 | lr 8.27e-05 | 107s
2026-09-20 13:17:43 | INFO    | epoch 13 | batch 1380/3143 | loss 0.5000 | acc 0.9470 | lr 8.27e-05 | 109s
2026-09-20 13:17:45 | INFO    | epoch 13 | batch 1400/3143 | loss 0.5000 | acc 0.9471 | lr 8.27e-05 | 110s
2026-09-20 13:17:46 | INFO    | epoch 13 | batch 1420/3143 | loss 0.5001 | acc 0.9471 | lr 8.26e-05 | 112s
2026-09-20 13:17:48 | INFO    | epoch 13 | batch 1440/3143 | loss 0.5002 | acc 0.9469 | lr 8.26e-05 | 114s
2026-09-20 13:17:49 | INFO    | epoch 13 | batch 1460/3143 | loss 0.5001 | acc 0.9469 | lr 8.26e-05 | 115s
2026-09-20 13:17:51 | INFO    | epoch 13 | batch 1480/3143 | loss 0.5000 | acc 0.9470 | lr 8.26e-05 | 117s
2026-09-20 13:17:52 | INFO    | epoch 13 | batch 1500/3143 | loss 0.4999 | acc 0.9471 | lr 8.26e-05 | 118s
2026-09-20 13:17:54 | INFO    | epoch 13 | batch 1520/3143 | loss 0.5001 | acc 0.9469 | lr 8.25e-05 | 120s
2026-09-20 13:17:56 | INFO    | epoch 13 | batch 1540/3143 | loss 0.5003 | acc 0.9467 | lr 8.25e-05 | 121s
2026-09-20 13:17:57 | INFO    | epoch 13 | batch 1560/3143 | loss 0.5000 | acc 0.9469 | lr 8.25e-05 | 123s
2026-09-20 13:17:59 | INFO    | epoch 13 | batch 1580/3143 | loss 0.5001 | acc 0.9468 | lr 8.25e-05 | 125s
2026-09-20 13:18:00 | INFO    | epoch 13 | batch 1600/3143 | loss 0.5003 | acc 0.9467 | lr 8.25e-05 | 126s
2026-09-20 13:18:02 | INFO    | epoch 13 | batch 1620/3143 | loss 0.5002 | acc 0.9468 | lr 8.24e-05 | 128s
2026-09-20 13:18:04 | INFO    | epoch 13 | batch 1640/3143 | loss 0.5001 | acc 0.9469 | lr 8.24e-05 | 129s
2026-09-20 13:18:05 | INFO    | epoch 13 | batch 1660/3143 | loss 0.5002 | acc 0.9469 | lr 8.24e-05 | 131s
2026-09-20 13:18:07 | INFO    | epoch 13 | batch 1680/3143 | loss 0.5005 | acc 0.9467 | lr 8.24e-05 | 133s
2026-09-20 13:18:08 | INFO    | epoch 13 | batch 1700/3143 | loss 0.5007 | acc 0.9465 | lr 8.24e-05 | 134s
2026-09-20 13:18:10 | INFO    | epoch 13 | batch 1720/3143 | loss 0.5006 | acc 0.9466 | lr 8.23e-05 | 136s
2026-09-20 13:18:12 | INFO    | epoch 13 | batch 1740/3143 | loss 0.5005 | acc 0.9467 | lr 8.23e-05 | 137s
2026-09-20 13:18:13 | INFO    | epoch 13 | batch 1760/3143 | loss 0.5007 | acc 0.9466 | lr 8.23e-05 | 139s
2026-09-20 13:18:15 | INFO    | epoch 13 | batch 1780/3143 | loss 0.5007 | acc 0.9467 | lr 8.23e-05 | 140s
2026-09-20 13:18:16 | INFO    | epoch 13 | batch 1800/3143 | loss 0.5006 | acc 0.9466 | lr 8.23e-05 | 142s
2026-09-20 13:18:18 | INFO    | epoch 13 | batch 1820/3143 | loss 0.5006 | acc 0.9466 | lr 8.22e-05 | 144s
2026-09-20 13:18:20 | INFO    | epoch 13 | batch 1840/3143 | loss 0.5005 | acc 0.9466 | lr 8.22e-05 | 145s
2026-09-20 13:18:21 | INFO    | epoch 13 | batch 1860/3143 | loss 0.5004 | acc 0.9466 | lr 8.22e-05 | 147s
2026-09-20 13:18:23 | INFO    | epoch 13 | batch 1880/3143 | loss 0.5002 | acc 0.9467 | lr 8.22e-05 | 148s
2026-09-20 13:18:24 | INFO    | epoch 13 | batch 1900/3143 | loss 0.5001 | acc 0.9468 | lr 8.22e-05 | 150s
2026-09-20 13:18:26 | INFO    | epoch 13 | batch 1920/3143 | loss 0.5002 | acc 0.9467 | lr 8.21e-05 | 152s
2026-09-20 13:18:27 | INFO    | epoch 13 | batch 1940/3143 | loss 0.5002 | acc 0.9467 | lr 8.21e-05 | 153s
2026-09-20 13:18:29 | INFO    | epoch 13 | batch 1960/3143 | loss 0.5001 | acc 0.9468 | lr 8.21e-05 | 155s
2026-09-20 13:18:31 | INFO    | epoch 13 | batch 1980/3143 | loss 0.5003 | acc 0.9468 | lr 8.21e-05 | 156s
2026-09-20 13:18:32 | INFO    | epoch 13 | batch 2000/3143 | loss 0.5003 | acc 0.9469 | lr 8.21e-05 | 158s
2026-09-20 13:18:34 | INFO    | epoch 13 | batch 2020/3143 | loss 0.5002 | acc 0.9469 | lr 8.20e-05 | 160s
2026-09-20 13:18:35 | INFO    | epoch 13 | batch 2040/3143 | loss 0.5004 | acc 0.9469 | lr 8.20e-05 | 161s
2026-09-20 13:18:37 | INFO    | epoch 13 | batch 2060/3143 | loss 0.5003 | acc 0.9469 | lr 8.20e-05 | 163s
2026-09-20 13:18:39 | INFO    | epoch 13 | batch 2080/3143 | loss 0.5005 | acc 0.9468 | lr 8.20e-05 | 164s
2026-09-20 13:18:40 | INFO    | epoch 13 | batch 2100/3143 | loss 0.5003 | acc 0.9469 | lr 8.20e-05 | 166s
2026-09-20 13:18:42 | INFO    | epoch 13 | batch 2120/3143 | loss 0.5004 | acc 0.9468 | lr 8.19e-05 | 167s
2026-09-20 13:18:43 | INFO    | epoch 13 | batch 2140/3143 | loss 0.5004 | acc 0.9468 | lr 8.19e-05 | 169s
2026-09-20 13:18:45 | INFO    | epoch 13 | batch 2160/3143 | loss 0.5003 | acc 0.9469 | lr 8.19e-05 | 171s
2026-09-20 13:18:46 | INFO    | epoch 13 | batch 2180/3143 | loss 0.5002 | acc 0.9470 | lr 8.19e-05 | 172s
2026-09-20 13:18:48 | INFO    | epoch 13 | batch 2200/3143 | loss 0.4999 | acc 0.9471 | lr 8.19e-05 | 174s
2026-09-20 13:18:50 | INFO    | epoch 13 | batch 2220/3143 | loss 0.4998 | acc 0.9470 | lr 8.18e-05 | 175s
2026-09-20 13:18:51 | INFO    | epoch 13 | batch 2240/3143 | loss 0.4998 | acc 0.9470 | lr 8.18e-05 | 177s
2026-09-20 13:18:53 | INFO    | epoch 13 | batch 2260/3143 | loss 0.4999 | acc 0.9469 | lr 8.18e-05 | 179s
2026-09-20 13:18:54 | INFO    | epoch 13 | batch 2280/3143 | loss 0.5003 | acc 0.9467 | lr 8.18e-05 | 180s
2026-09-20 13:18:56 | INFO    | epoch 13 | batch 2300/3143 | loss 0.5001 | acc 0.9468 | lr 8.18e-05 | 182s
2026-09-20 13:18:58 | INFO    | epoch 13 | batch 2320/3143 | loss 0.5001 | acc 0.9468 | lr 8.17e-05 | 183s
2026-09-20 13:18:59 | INFO    | epoch 13 | batch 2340/3143 | loss 0.5001 | acc 0.9469 | lr 8.17e-05 | 185s
2026-09-20 13:19:01 | INFO    | epoch 13 | batch 2360/3143 | loss 0.5000 | acc 0.9469 | lr 8.17e-05 | 186s
2026-09-20 13:19:02 | INFO    | epoch 13 | batch 2380/3143 | loss 0.4999 | acc 0.9470 | lr 8.17e-05 | 188s
2026-09-20 13:19:04 | INFO    | epoch 13 | batch 2400/3143 | loss 0.4999 | acc 0.9470 | lr 8.17e-05 | 190s
2026-09-20 13:19:05 | INFO    | epoch 13 | batch 2420/3143 | loss 0.5000 | acc 0.9470 | lr 8.16e-05 | 191s
2026-09-20 13:19:07 | INFO    | epoch 13 | batch 2440/3143 | loss 0.5002 | acc 0.9470 | lr 8.16e-05 | 193s
2026-09-20 13:19:09 | INFO    | epoch 13 | batch 2460/3143 | loss 0.5001 | acc 0.9470 | lr 8.16e-05 | 194s
2026-09-20 13:19:10 | INFO    | epoch 13 | batch 2480/3143 | loss 0.5002 | acc 0.9469 | lr 8.16e-05 | 196s
2026-09-20 13:19:12 | INFO    | epoch 13 | batch 2500/3143 | loss 0.5002 | acc 0.9469 | lr 8.16e-05 | 198s
2026-09-20 13:19:13 | INFO    | epoch 13 | batch 2520/3143 | loss 0.5001 | acc 0.9469 | lr 8.15e-05 | 199s
2026-09-20 13:19:15 | INFO    | epoch 13 | batch 2540/3143 | loss 0.4999 | acc 0.9469 | lr 8.15e-05 | 201s
2026-09-20 13:19:17 | INFO    | epoch 13 | batch 2560/3143 | loss 0.4999 | acc 0.9469 | lr 8.15e-05 | 202s
2026-09-20 13:19:18 | INFO    | epoch 13 | batch 2580/3143 | loss 0.5001 | acc 0.9468 | lr 8.15e-05 | 204s
2026-09-20 13:19:20 | INFO    | epoch 13 | batch 2600/3143 | loss 0.5001 | acc 0.9468 | lr 8.15e-05 | 206s
2026-09-20 13:19:21 | INFO    | epoch 13 | batch 2620/3143 | loss 0.4998 | acc 0.9469 | lr 8.14e-05 | 207s
2026-09-20 13:19:23 | INFO    | epoch 13 | batch 2640/3143 | loss 0.4996 | acc 0.9471 | lr 8.14e-05 | 209s
2026-09-20 13:19:24 | INFO    | epoch 13 | batch 2660/3143 | loss 0.4997 | acc 0.9470 | lr 8.14e-05 | 210s
2026-09-20 13:19:26 | INFO    | epoch 13 | batch 2680/3143 | loss 0.4997 | acc 0.9471 | lr 8.14e-05 | 212s
2026-09-20 13:19:28 | INFO    | epoch 13 | batch 2700/3143 | loss 0.4998 | acc 0.9470 | lr 8.14e-05 | 213s
2026-09-20 13:19:29 | INFO    | epoch 13 | batch 2720/3143 | loss 0.4995 | acc 0.9472 | lr 8.13e-05 | 215s
2026-09-20 13:19:31 | INFO    | epoch 13 | batch 2740/3143 | loss 0.4994 | acc 0.9472 | lr 8.13e-05 | 217s
2026-09-20 13:19:32 | INFO    | epoch 13 | batch 2760/3143 | loss 0.4994 | acc 0.9472 | lr 8.13e-05 | 218s
2026-09-20 13:19:34 | INFO    | epoch 13 | batch 2780/3143 | loss 0.4994 | acc 0.9472 | lr 8.13e-05 | 220s
2026-09-20 13:19:36 | INFO    | epoch 13 | batch 2800/3143 | loss 0.4994 | acc 0.9472 | lr 8.13e-05 | 221s
2026-09-20 13:19:37 | INFO    | epoch 13 | batch 2820/3143 | loss 0.4994 | acc 0.9472 | lr 8.12e-05 | 223s
2026-09-20 13:19:39 | INFO    | epoch 13 | batch 2840/3143 | loss 0.4993 | acc 0.9472 | lr 8.12e-05 | 225s
2026-09-20 13:19:41 | INFO    | epoch 13 | batch 2860/3143 | loss 0.4992 | acc 0.9473 | lr 8.12e-05 | 226s
2026-09-20 13:19:42 | INFO    | epoch 13 | batch 2880/3143 | loss 0.4993 | acc 0.9472 | lr 8.12e-05 | 228s
2026-09-20 13:19:44 | INFO    | epoch 13 | batch 2900/3143 | loss 0.4992 | acc 0.9472 | lr 8.12e-05 | 230s
2026-09-20 13:19:45 | INFO    | epoch 13 | batch 2920/3143 | loss 0.4992 | acc 0.9472 | lr 8.11e-05 | 231s
2026-09-20 13:19:47 | INFO    | epoch 13 | batch 2940/3143 | loss 0.4994 | acc 0.9472 | lr 8.11e-05 | 233s
2026-09-20 13:19:48 | INFO    | epoch 13 | batch 2960/3143 | loss 0.4994 | acc 0.9472 | lr 8.11e-05 | 234s
2026-09-20 13:19:50 | INFO    | epoch 13 | batch 2980/3143 | loss 0.4993 | acc 0.9472 | lr 8.11e-05 | 236s
2026-09-20 13:19:52 | INFO    | epoch 13 | batch 3000/3143 | loss 0.4993 | acc 0.9473 | lr 8.11e-05 | 237s
2026-09-20 13:19:53 | INFO    | epoch 13 | batch 3020/3143 | loss 0.4993 | acc 0.9472 | lr 8.10e-05 | 239s
2026-09-20 13:19:55 | INFO    | epoch 13 | batch 3040/3143 | loss 0.4994 | acc 0.9472 | lr 8.10e-05 | 241s
2026-09-20 13:19:56 | INFO    | epoch 13 | batch 3060/3143 | loss 0.4993 | acc 0.9472 | lr 8.10e-05 | 242s
2026-09-20 13:19:58 | INFO    | epoch 13 | batch 3080/3143 | loss 0.4990 | acc 0.9473 | lr 8.10e-05 | 244s
2026-09-20 13:20:00 | INFO    | epoch 13 | batch 3100/3143 | loss 0.4991 | acc 0.9472 | lr 8.09e-05 | 245s
2026-09-20 13:20:01 | INFO    | epoch 13 | batch 3120/3143 | loss 0.4990 | acc 0.9473 | lr 8.09e-05 | 247s
2026-09-20 13:20:03 | INFO    | epoch 13 | batch 3140/3143 | loss 0.4989 | acc 0.9474 | lr 8.09e-05 | 249s
2026-09-20 13:20:03 | INFO    | epoch 13 | batch 3143/3143 | loss 0.4989 | acc 0.9474 | lr 8.09e-05 | 249s
2026-09-20 13:20:14 | INFO    | epoch 13/40 done in 260s | train loss 0.4989 | train running patch (aug): accuracy=0.9474 precision=0.9467 recall=0.9452 f1=0.9459
2026-09-20 13:20:14 | INFO    | epoch 13 train (eval, no aug) | loss 0.4443 | patch[7280]: accuracy=0.9739 precision=0.9728 recall=0.9719 f1=0.9723 | image[455]: accuracy=1.0000 precision=1.0000 recall=1.0000 f1=1.0000
2026-09-20 13:20:14 | INFO    | epoch 13 val | loss 1.1674 | patch[6048]: accuracy=0.6725 precision=0.6580 recall=0.6556 f1=0.6553 | image[96]: accuracy=0.7500 precision=0.7365 recall=0.7360 f1=0.7346
2026-09-20 13:20:14 | INFO    | val_patch_f1 = 0.6553 (best 0.6652 @ epoch 12)
2026-09-20 13:20:16 | INFO    | epoch 14 | batch 20/3143 | loss 0.4915 | acc 0.9563 | lr 8.09e-05 | 2s
2026-09-20 13:20:18 | INFO    | epoch 14 | batch 40/3143 | loss 0.4879 | acc 0.9570 | lr 8.09e-05 | 3s
2026-09-20 13:20:19 | INFO    | epoch 14 | batch 60/3143 | loss 0.4875 | acc 0.9573 | lr 8.08e-05 | 5s
2026-09-20 13:20:21 | INFO    | epoch 14 | batch 80/3143 | loss 0.4845 | acc 0.9574 | lr 8.08e-05 | 6s
2026-09-20 13:20:22 | INFO    | epoch 14 | batch 100/3143 | loss 0.4818 | acc 0.9594 | lr 8.08e-05 | 8s
2026-09-20 13:20:24 | INFO    | epoch 14 | batch 120/3143 | loss 0.4837 | acc 0.9576 | lr 8.08e-05 | 10s
2026-09-20 13:20:26 | INFO    | epoch 14 | batch 140/3143 | loss 0.4854 | acc 0.9563 | lr 8.08e-05 | 11s
2026-09-20 13:20:27 | INFO    | epoch 14 | batch 160/3143 | loss 0.4867 | acc 0.9555 | lr 8.07e-05 | 13s
2026-09-20 13:20:29 | INFO    | epoch 14 | batch 180/3143 | loss 0.4880 | acc 0.9550 | lr 8.07e-05 | 15s
2026-09-20 13:20:31 | INFO    | epoch 14 | batch 200/3143 | loss 0.4847 | acc 0.9561 | lr 8.07e-05 | 16s
2026-09-20 13:20:32 | INFO    | epoch 14 | batch 220/3143 | loss 0.4863 | acc 0.9548 | lr 8.07e-05 | 18s
2026-09-20 13:20:34 | INFO    | epoch 14 | batch 240/3143 | loss 0.4870 | acc 0.9543 | lr 8.07e-05 | 19s
2026-09-20 13:20:35 | INFO    | epoch 14 | batch 260/3143 | loss 0.4890 | acc 0.9534 | lr 8.06e-05 | 21s
2026-09-20 13:20:37 | INFO    | epoch 14 | batch 280/3143 | loss 0.4885 | acc 0.9538 | lr 8.06e-05 | 23s
2026-09-20 13:20:39 | INFO    | epoch 14 | batch 300/3143 | loss 0.4893 | acc 0.9529 | lr 8.06e-05 | 24s
2026-09-20 13:20:40 | INFO    | epoch 14 | batch 320/3143 | loss 0.4877 | acc 0.9535 | lr 8.06e-05 | 26s
2026-09-20 13:20:42 | INFO    | epoch 14 | batch 340/3143 | loss 0.4875 | acc 0.9536 | lr 8.06e-05 | 27s
2026-09-20 13:20:43 | INFO    | epoch 14 | batch 360/3143 | loss 0.4867 | acc 0.9540 | lr 8.05e-05 | 29s
2026-09-20 13:20:45 | INFO    | epoch 14 | batch 380/3143 | loss 0.4862 | acc 0.9540 | lr 8.05e-05 | 31s
2026-09-20 13:20:47 | INFO    | epoch 14 | batch 400/3143 | loss 0.4859 | acc 0.9544 | lr 8.05e-05 | 32s
2026-09-20 13:20:48 | INFO    | epoch 14 | batch 420/3143 | loss 0.4864 | acc 0.9539 | lr 8.05e-05 | 34s
2026-09-20 13:20:50 | INFO    | epoch 14 | batch 440/3143 | loss 0.4874 | acc 0.9536 | lr 8.04e-05 | 35s
2026-09-20 13:20:51 | INFO    | epoch 14 | batch 460/3143 | loss 0.4860 | acc 0.9543 | lr 8.04e-05 | 37s
2026-09-20 13:20:53 | INFO    | epoch 14 | batch 480/3143 | loss 0.4856 | acc 0.9546 | lr 8.04e-05 | 39s
2026-09-20 13:20:55 | INFO    | epoch 14 | batch 500/3143 | loss 0.4856 | acc 0.9548 | lr 8.04e-05 | 40s
2026-09-20 13:20:56 | INFO    | epoch 14 | batch 520/3143 | loss 0.4862 | acc 0.9544 | lr 8.04e-05 | 42s
2026-09-20 13:20:58 | INFO    | epoch 14 | batch 540/3143 | loss 0.4858 | acc 0.9547 | lr 8.03e-05 | 43s
2026-09-20 13:20:59 | INFO    | epoch 14 | batch 560/3143 | loss 0.4862 | acc 0.9545 | lr 8.03e-05 | 45s
2026-09-20 13:21:01 | INFO    | epoch 14 | batch 580/3143 | loss 0.4875 | acc 0.9538 | lr 8.03e-05 | 47s
2026-09-20 13:21:03 | INFO    | epoch 14 | batch 600/3143 | loss 0.4874 | acc 0.9537 | lr 8.03e-05 | 48s
2026-09-20 13:21:04 | INFO    | epoch 14 | batch 620/3143 | loss 0.4872 | acc 0.9538 | lr 8.03e-05 | 50s
2026-09-20 13:21:06 | INFO    | epoch 14 | batch 640/3143 | loss 0.4870 | acc 0.9541 | lr 8.02e-05 | 51s
2026-09-20 13:21:07 | INFO    | epoch 14 | batch 660/3143 | loss 0.4873 | acc 0.9538 | lr 8.02e-05 | 53s
2026-09-20 13:21:09 | INFO    | epoch 14 | batch 680/3143 | loss 0.4870 | acc 0.9541 | lr 8.02e-05 | 55s
2026-09-20 13:21:11 | INFO    | epoch 14 | batch 700/3143 | loss 0.4873 | acc 0.9539 | lr 8.02e-05 | 56s
2026-09-20 13:21:12 | INFO    | epoch 14 | batch 720/3143 | loss 0.4882 | acc 0.9535 | lr 8.02e-05 | 58s
2026-09-20 13:21:14 | INFO    | epoch 14 | batch 740/3143 | loss 0.4883 | acc 0.9535 | lr 8.01e-05 | 59s
2026-09-20 13:21:15 | INFO    | epoch 14 | batch 760/3143 | loss 0.4886 | acc 0.9534 | lr 8.01e-05 | 61s
2026-09-20 13:21:17 | INFO    | epoch 14 | batch 780/3143 | loss 0.4884 | acc 0.9536 | lr 8.01e-05 | 63s
2026-09-20 13:21:19 | INFO    | epoch 14 | batch 800/3143 | loss 0.4885 | acc 0.9536 | lr 8.01e-05 | 64s
2026-09-20 13:21:20 | INFO    | epoch 14 | batch 820/3143 | loss 0.4883 | acc 0.9537 | lr 8.01e-05 | 66s
2026-09-20 13:21:22 | INFO    | epoch 14 | batch 840/3143 | loss 0.4880 | acc 0.9538 | lr 8.00e-05 | 67s
2026-09-20 13:21:23 | INFO    | epoch 14 | batch 860/3143 | loss 0.4882 | acc 0.9537 | lr 8.00e-05 | 69s
2026-09-20 13:21:25 | INFO    | epoch 14 | batch 880/3143 | loss 0.4890 | acc 0.9533 | lr 8.00e-05 | 70s
2026-09-20 13:21:27 | INFO    | epoch 14 | batch 900/3143 | loss 0.4886 | acc 0.9536 | lr 8.00e-05 | 72s
2026-09-20 13:21:28 | INFO    | epoch 14 | batch 920/3143 | loss 0.4880 | acc 0.9537 | lr 7.99e-05 | 74s
2026-09-20 13:21:30 | INFO    | epoch 14 | batch 940/3143 | loss 0.4879 | acc 0.9538 | lr 7.99e-05 | 75s
2026-09-20 13:21:31 | INFO    | epoch 14 | batch 960/3143 | loss 0.4877 | acc 0.9539 | lr 7.99e-05 | 77s
2026-09-20 13:21:33 | INFO    | epoch 14 | batch 980/3143 | loss 0.4880 | acc 0.9538 | lr 7.99e-05 | 78s
2026-09-20 13:21:34 | INFO    | epoch 14 | batch 1000/3143 | loss 0.4886 | acc 0.9531 | lr 7.99e-05 | 80s
2026-09-20 13:21:36 | INFO    | epoch 14 | batch 1020/3143 | loss 0.4887 | acc 0.9532 | lr 7.98e-05 | 82s
2026-09-20 13:21:38 | INFO    | epoch 14 | batch 1040/3143 | loss 0.4892 | acc 0.9529 | lr 7.98e-05 | 83s
2026-09-20 13:21:39 | INFO    | epoch 14 | batch 1060/3143 | loss 0.4894 | acc 0.9528 | lr 7.98e-05 | 85s
2026-09-20 13:21:41 | INFO    | epoch 14 | batch 1080/3143 | loss 0.4893 | acc 0.9527 | lr 7.98e-05 | 86s
2026-09-20 13:21:42 | INFO    | epoch 14 | batch 1100/3143 | loss 0.4895 | acc 0.9525 | lr 7.98e-05 | 88s
2026-09-20 13:21:44 | INFO    | epoch 14 | batch 1120/3143 | loss 0.4894 | acc 0.9526 | lr 7.97e-05 | 90s
2026-09-20 13:21:46 | INFO    | epoch 14 | batch 1140/3143 | loss 0.4893 | acc 0.9526 | lr 7.97e-05 | 91s
2026-09-20 13:21:47 | INFO    | epoch 14 | batch 1160/3143 | loss 0.4893 | acc 0.9525 | lr 7.97e-05 | 93s
2026-09-20 13:21:49 | INFO    | epoch 14 | batch 1180/3143 | loss 0.4894 | acc 0.9525 | lr 7.97e-05 | 94s
2026-09-20 13:21:50 | INFO    | epoch 14 | batch 1200/3143 | loss 0.4894 | acc 0.9525 | lr 7.97e-05 | 96s
2026-09-20 13:21:52 | INFO    | epoch 14 | batch 1220/3143 | loss 0.4894 | acc 0.9526 | lr 7.96e-05 | 97s
2026-09-20 13:21:53 | INFO    | epoch 14 | batch 1240/3143 | loss 0.4897 | acc 0.9523 | lr 7.96e-05 | 99s
2026-09-20 13:21:55 | INFO    | epoch 14 | batch 1260/3143 | loss 0.4897 | acc 0.9523 | lr 7.96e-05 | 101s
2026-09-20 13:21:57 | INFO    | epoch 14 | batch 1280/3143 | loss 0.4896 | acc 0.9523 | lr 7.96e-05 | 102s
2026-09-20 13:21:58 | INFO    | epoch 14 | batch 1300/3143 | loss 0.4899 | acc 0.9522 | lr 7.96e-05 | 104s
2026-09-20 13:22:00 | INFO    | epoch 14 | batch 1320/3143 | loss 0.4902 | acc 0.9522 | lr 7.95e-05 | 105s
2026-09-20 13:22:01 | INFO    | epoch 14 | batch 1340/3143 | loss 0.4901 | acc 0.9523 | lr 7.95e-05 | 107s
2026-09-20 13:22:03 | INFO    | epoch 14 | batch 1360/3143 | loss 0.4900 | acc 0.9523 | lr 7.95e-05 | 109s
2026-09-20 13:22:05 | INFO    | epoch 14 | batch 1380/3143 | loss 0.4897 | acc 0.9526 | lr 7.95e-05 | 110s
2026-09-20 13:22:06 | INFO    | epoch 14 | batch 1400/3143 | loss 0.4897 | acc 0.9524 | lr 7.94e-05 | 112s
2026-09-20 13:22:08 | INFO    | epoch 14 | batch 1420/3143 | loss 0.4895 | acc 0.9526 | lr 7.94e-05 | 113s
2026-09-20 13:22:09 | INFO    | epoch 14 | batch 1440/3143 | loss 0.4892 | acc 0.9528 | lr 7.94e-05 | 115s
2026-09-20 13:22:11 | INFO    | epoch 14 | batch 1460/3143 | loss 0.4890 | acc 0.9530 | lr 7.94e-05 | 116s
2026-09-20 13:22:12 | INFO    | epoch 14 | batch 1480/3143 | loss 0.4887 | acc 0.9532 | lr 7.94e-05 | 118s
2026-09-20 13:22:14 | INFO    | epoch 14 | batch 1500/3143 | loss 0.4888 | acc 0.9531 | lr 7.93e-05 | 120s
2026-09-20 13:22:16 | INFO    | epoch 14 | batch 1520/3143 | loss 0.4890 | acc 0.9531 | lr 7.93e-05 | 121s
2026-09-20 13:22:17 | INFO    | epoch 14 | batch 1540/3143 | loss 0.4888 | acc 0.9532 | lr 7.93e-05 | 123s
2026-09-20 13:22:19 | INFO    | epoch 14 | batch 1560/3143 | loss 0.4888 | acc 0.9532 | lr 7.93e-05 | 124s
2026-09-20 13:22:20 | INFO    | epoch 14 | batch 1580/3143 | loss 0.4891 | acc 0.9531 | lr 7.93e-05 | 126s
2026-09-20 13:22:22 | INFO    | epoch 14 | batch 1600/3143 | loss 0.4894 | acc 0.9529 | lr 7.92e-05 | 128s
2026-09-20 13:22:24 | INFO    | epoch 14 | batch 1620/3143 | loss 0.4896 | acc 0.9528 | lr 7.92e-05 | 129s
2026-09-20 13:22:25 | INFO    | epoch 14 | batch 1640/3143 | loss 0.4896 | acc 0.9529 | lr 7.92e-05 | 131s
2026-09-20 13:22:27 | INFO    | epoch 14 | batch 1660/3143 | loss 0.4898 | acc 0.9527 | lr 7.92e-05 | 132s
2026-09-20 13:22:28 | INFO    | epoch 14 | batch 1680/3143 | loss 0.4899 | acc 0.9527 | lr 7.91e-05 | 134s
2026-09-20 13:22:30 | INFO    | epoch 14 | batch 1700/3143 | loss 0.4899 | acc 0.9526 | lr 7.91e-05 | 135s
2026-09-20 13:22:32 | INFO    | epoch 14 | batch 1720/3143 | loss 0.4899 | acc 0.9527 | lr 7.91e-05 | 137s
2026-09-20 13:22:33 | INFO    | epoch 14 | batch 1740/3143 | loss 0.4899 | acc 0.9526 | lr 7.91e-05 | 139s
2026-09-20 13:22:35 | INFO    | epoch 14 | batch 1760/3143 | loss 0.4903 | acc 0.9523 | lr 7.91e-05 | 140s
2026-09-20 13:22:36 | INFO    | epoch 14 | batch 1780/3143 | loss 0.4903 | acc 0.9522 | lr 7.90e-05 | 142s
2026-09-20 13:22:38 | INFO    | epoch 14 | batch 1800/3143 | loss 0.4903 | acc 0.9523 | lr 7.90e-05 | 143s
2026-09-20 13:22:39 | INFO    | epoch 14 | batch 1820/3143 | loss 0.4901 | acc 0.9522 | lr 7.90e-05 | 145s
2026-09-20 13:22:41 | INFO    | epoch 14 | batch 1840/3143 | loss 0.4899 | acc 0.9524 | lr 7.90e-05 | 147s
2026-09-20 13:22:43 | INFO    | epoch 14 | batch 1860/3143 | loss 0.4900 | acc 0.9524 | lr 7.90e-05 | 148s
2026-09-20 13:22:44 | INFO    | epoch 14 | batch 1880/3143 | loss 0.4900 | acc 0.9523 | lr 7.89e-05 | 150s
2026-09-20 13:22:46 | INFO    | epoch 14 | batch 1900/3143 | loss 0.4899 | acc 0.9523 | lr 7.89e-05 | 151s
2026-09-20 13:22:47 | INFO    | epoch 14 | batch 1920/3143 | loss 0.4901 | acc 0.9522 | lr 7.89e-05 | 153s
2026-09-20 13:22:49 | INFO    | epoch 14 | batch 1940/3143 | loss 0.4900 | acc 0.9523 | lr 7.89e-05 | 154s
2026-09-20 13:22:51 | INFO    | epoch 14 | batch 1960/3143 | loss 0.4901 | acc 0.9522 | lr 7.89e-05 | 156s
2026-09-20 13:22:52 | INFO    | epoch 14 | batch 1980/3143 | loss 0.4901 | acc 0.9522 | lr 7.88e-05 | 158s
2026-09-20 13:22:54 | INFO    | epoch 14 | batch 2000/3143 | loss 0.4900 | acc 0.9522 | lr 7.88e-05 | 159s
2026-09-20 13:22:55 | INFO    | epoch 14 | batch 2020/3143 | loss 0.4898 | acc 0.9523 | lr 7.88e-05 | 161s
2026-09-20 13:22:57 | INFO    | epoch 14 | batch 2040/3143 | loss 0.4900 | acc 0.9523 | lr 7.88e-05 | 162s
2026-09-20 13:22:58 | INFO    | epoch 14 | batch 2060/3143 | loss 0.4901 | acc 0.9522 | lr 7.87e-05 | 164s
2026-09-20 13:23:00 | INFO    | epoch 14 | batch 2080/3143 | loss 0.4900 | acc 0.9523 | lr 7.87e-05 | 166s
2026-09-20 13:23:02 | INFO    | epoch 14 | batch 2100/3143 | loss 0.4899 | acc 0.9524 | lr 7.87e-05 | 167s
2026-09-20 13:23:03 | INFO    | epoch 14 | batch 2120/3143 | loss 0.4901 | acc 0.9524 | lr 7.87e-05 | 169s
2026-09-20 13:23:05 | INFO    | epoch 14 | batch 2140/3143 | loss 0.4899 | acc 0.9524 | lr 7.87e-05 | 170s
2026-09-20 13:23:06 | INFO    | epoch 14 | batch 2160/3143 | loss 0.4899 | acc 0.9525 | lr 7.86e-05 | 172s
2026-09-20 13:23:08 | INFO    | epoch 14 | batch 2180/3143 | loss 0.4899 | acc 0.9525 | lr 7.86e-05 | 173s
2026-09-20 13:23:10 | INFO    | epoch 14 | batch 2200/3143 | loss 0.4896 | acc 0.9527 | lr 7.86e-05 | 175s
2026-09-20 13:23:11 | INFO    | epoch 14 | batch 2220/3143 | loss 0.4894 | acc 0.9528 | lr 7.86e-05 | 177s
2026-09-20 13:23:13 | INFO    | epoch 14 | batch 2240/3143 | loss 0.4895 | acc 0.9528 | lr 7.86e-05 | 178s
2026-09-20 13:23:14 | INFO    | epoch 14 | batch 2260/3143 | loss 0.4895 | acc 0.9528 | lr 7.85e-05 | 180s
2026-09-20 13:23:16 | INFO    | epoch 14 | batch 2280/3143 | loss 0.4896 | acc 0.9528 | lr 7.85e-05 | 181s
2026-09-20 13:23:17 | INFO    | epoch 14 | batch 2300/3143 | loss 0.4895 | acc 0.9528 | lr 7.85e-05 | 183s
2026-09-20 13:23:19 | INFO    | epoch 14 | batch 2320/3143 | loss 0.4894 | acc 0.9528 | lr 7.85e-05 | 185s
2026-09-20 13:23:21 | INFO    | epoch 14 | batch 2340/3143 | loss 0.4894 | acc 0.9528 | lr 7.84e-05 | 186s
2026-09-20 13:23:22 | INFO    | epoch 14 | batch 2360/3143 | loss 0.4895 | acc 0.9527 | lr 7.84e-05 | 188s
2026-09-20 13:23:24 | INFO    | epoch 14 | batch 2380/3143 | loss 0.4894 | acc 0.9527 | lr 7.84e-05 | 189s
2026-09-20 13:23:25 | INFO    | epoch 14 | batch 2400/3143 | loss 0.4893 | acc 0.9528 | lr 7.84e-05 | 191s
2026-09-20 13:23:27 | INFO    | epoch 14 | batch 2420/3143 | loss 0.4893 | acc 0.9529 | lr 7.84e-05 | 192s
2026-09-20 13:23:29 | INFO    | epoch 14 | batch 2440/3143 | loss 0.4893 | acc 0.9528 | lr 7.83e-05 | 194s
2026-09-20 13:23:30 | INFO    | epoch 14 | batch 2460/3143 | loss 0.4890 | acc 0.9529 | lr 7.83e-05 | 196s
2026-09-20 13:23:32 | INFO    | epoch 14 | batch 2480/3143 | loss 0.4890 | acc 0.9530 | lr 7.83e-05 | 197s
2026-09-20 13:23:33 | INFO    | epoch 14 | batch 2500/3143 | loss 0.4891 | acc 0.9529 | lr 7.83e-05 | 199s
2026-09-20 13:23:35 | INFO    | epoch 14 | batch 2520/3143 | loss 0.4890 | acc 0.9530 | lr 7.82e-05 | 200s
2026-09-20 13:23:36 | INFO    | epoch 14 | batch 2540/3143 | loss 0.4890 | acc 0.9529 | lr 7.82e-05 | 202s
2026-09-20 13:23:38 | INFO    | epoch 14 | batch 2560/3143 | loss 0.4889 | acc 0.9530 | lr 7.82e-05 | 204s
2026-09-20 13:23:40 | INFO    | epoch 14 | batch 2580/3143 | loss 0.4889 | acc 0.9530 | lr 7.82e-05 | 205s
2026-09-20 13:23:41 | INFO    | epoch 14 | batch 2600/3143 | loss 0.4888 | acc 0.9531 | lr 7.82e-05 | 207s
2026-09-20 13:23:43 | INFO    | epoch 14 | batch 2620/3143 | loss 0.4888 | acc 0.9531 | lr 7.81e-05 | 208s
2026-09-20 13:23:44 | INFO    | epoch 14 | batch 2640/3143 | loss 0.4888 | acc 0.9530 | lr 7.81e-05 | 210s
2026-09-20 13:23:46 | INFO    | epoch 14 | batch 2660/3143 | loss 0.4887 | acc 0.9531 | lr 7.81e-05 | 212s
2026-09-20 13:23:48 | INFO    | epoch 14 | batch 2680/3143 | loss 0.4887 | acc 0.9531 | lr 7.81e-05 | 213s
2026-09-20 13:23:49 | INFO    | epoch 14 | batch 2700/3143 | loss 0.4887 | acc 0.9531 | lr 7.81e-05 | 215s
2026-09-20 13:23:51 | INFO    | epoch 14 | batch 2720/3143 | loss 0.4886 | acc 0.9531 | lr 7.80e-05 | 216s
2026-09-20 13:23:53 | INFO    | epoch 14 | batch 2740/3143 | loss 0.4887 | acc 0.9531 | lr 7.80e-05 | 218s
2026-09-20 13:23:54 | INFO    | epoch 14 | batch 2760/3143 | loss 0.4889 | acc 0.9529 | lr 7.80e-05 | 220s
2026-09-20 13:23:56 | INFO    | epoch 14 | batch 2780/3143 | loss 0.4890 | acc 0.9529 | lr 7.80e-05 | 221s
2026-09-20 13:23:57 | INFO    | epoch 14 | batch 2800/3143 | loss 0.4889 | acc 0.9529 | lr 7.79e-05 | 223s
2026-09-20 13:23:59 | INFO    | epoch 14 | batch 2820/3143 | loss 0.4888 | acc 0.9530 | lr 7.79e-05 | 224s
2026-09-20 13:24:01 | INFO    | epoch 14 | batch 2840/3143 | loss 0.4889 | acc 0.9529 | lr 7.79e-05 | 226s
2026-09-20 13:24:02 | INFO    | epoch 14 | batch 2860/3143 | loss 0.4890 | acc 0.9529 | lr 7.79e-05 | 228s
2026-09-20 13:24:04 | INFO    | epoch 14 | batch 2880/3143 | loss 0.4891 | acc 0.9529 | lr 7.79e-05 | 229s
2026-09-20 13:24:05 | INFO    | epoch 14 | batch 2900/3143 | loss 0.4890 | acc 0.9530 | lr 7.78e-05 | 231s
2026-09-20 13:24:07 | INFO    | epoch 14 | batch 2920/3143 | loss 0.4889 | acc 0.9530 | lr 7.78e-05 | 232s
2026-09-20 13:24:08 | INFO    | epoch 14 | batch 2940/3143 | loss 0.4888 | acc 0.9531 | lr 7.78e-05 | 234s
2026-09-20 13:24:10 | INFO    | epoch 14 | batch 2960/3143 | loss 0.4889 | acc 0.9531 | lr 7.78e-05 | 236s
2026-09-20 13:24:12 | INFO    | epoch 14 | batch 2980/3143 | loss 0.4889 | acc 0.9531 | lr 7.78e-05 | 237s
2026-09-20 13:24:13 | INFO    | epoch 14 | batch 3000/3143 | loss 0.4888 | acc 0.9531 | lr 7.77e-05 | 239s
2026-09-20 13:24:15 | INFO    | epoch 14 | batch 3020/3143 | loss 0.4888 | acc 0.9531 | lr 7.77e-05 | 240s
2026-09-20 13:24:16 | INFO    | epoch 14 | batch 3040/3143 | loss 0.4887 | acc 0.9532 | lr 7.77e-05 | 242s
2026-09-20 13:24:18 | INFO    | epoch 14 | batch 3060/3143 | loss 0.4886 | acc 0.9533 | lr 7.77e-05 | 244s
2026-09-20 13:24:20 | INFO    | epoch 14 | batch 3080/3143 | loss 0.4886 | acc 0.9533 | lr 7.76e-05 | 245s
2026-09-20 13:24:21 | INFO    | epoch 14 | batch 3100/3143 | loss 0.4888 | acc 0.9531 | lr 7.76e-05 | 247s
2026-09-20 13:24:23 | INFO    | epoch 14 | batch 3120/3143 | loss 0.4887 | acc 0.9531 | lr 7.76e-05 | 248s
2026-09-20 13:24:24 | INFO    | epoch 14 | batch 3140/3143 | loss 0.4887 | acc 0.9531 | lr 7.76e-05 | 250s
2026-09-20 13:24:25 | INFO    | epoch 14 | batch 3143/3143 | loss 0.4887 | acc 0.9531 | lr 7.76e-05 | 250s
2026-09-20 13:24:36 | INFO    | epoch 14/40 done in 261s | train loss 0.4887 | train running patch (aug): accuracy=0.9531 precision=0.9524 recall=0.9514 f1=0.9519
2026-09-20 13:24:36 | INFO    | epoch 14 train (eval, no aug) | loss 0.4250 | patch[7280]: accuracy=0.9843 precision=0.9834 recall=0.9847 f1=0.9840 | image[455]: accuracy=1.0000 precision=1.0000 recall=1.0000 f1=1.0000
2026-09-20 13:24:36 | INFO    | epoch 14 val | loss 1.2045 | patch[6048]: accuracy=0.6667 precision=0.6454 recall=0.6438 f1=0.6435 | image[96]: accuracy=0.7500 precision=0.7377 recall=0.7350 f1=0.7335
2026-09-20 13:24:36 | INFO    | val_patch_f1 = 0.6435 (best 0.6652 @ epoch 12)
2026-09-20 13:24:38 | INFO    | epoch 15 | batch 20/3143 | loss 0.4692 | acc 0.9641 | lr 7.76e-05 | 2s
2026-09-20 13:24:39 | INFO    | epoch 15 | batch 40/3143 | loss 0.4709 | acc 0.9602 | lr 7.75e-05 | 3s
2026-09-20 13:24:41 | INFO    | epoch 15 | batch 60/3143 | loss 0.4634 | acc 0.9641 | lr 7.75e-05 | 5s
2026-09-20 13:24:42 | INFO    | epoch 15 | batch 80/3143 | loss 0.4731 | acc 0.9602 | lr 7.75e-05 | 6s
2026-09-20 13:24:44 | INFO    | epoch 15 | batch 100/3143 | loss 0.4755 | acc 0.9587 | lr 7.75e-05 | 8s
2026-09-20 13:24:45 | INFO    | epoch 15 | batch 120/3143 | loss 0.4764 | acc 0.9594 | lr 7.74e-05 | 10s
2026-09-20 13:24:47 | INFO    | epoch 15 | batch 140/3143 | loss 0.4741 | acc 0.9605 | lr 7.74e-05 | 11s
2026-09-20 13:24:49 | INFO    | epoch 15 | batch 160/3143 | loss 0.4741 | acc 0.9600 | lr 7.74e-05 | 13s
2026-09-20 13:24:50 | INFO    | epoch 15 | batch 180/3143 | loss 0.4773 | acc 0.9585 | lr 7.74e-05 | 14s
2026-09-20 13:24:52 | INFO    | epoch 15 | batch 200/3143 | loss 0.4782 | acc 0.9583 | lr 7.74e-05 | 16s
2026-09-20 13:24:53 | INFO    | epoch 15 | batch 220/3143 | loss 0.4781 | acc 0.9585 | lr 7.73e-05 | 17s
2026-09-20 13:24:55 | INFO    | epoch 15 | batch 240/3143 | loss 0.4792 | acc 0.9582 | lr 7.73e-05 | 19s
2026-09-20 13:24:57 | INFO    | epoch 15 | batch 260/3143 | loss 0.4819 | acc 0.9565 | lr 7.73e-05 | 21s
2026-09-20 13:24:58 | INFO    | epoch 15 | batch 280/3143 | loss 0.4816 | acc 0.9567 | lr 7.73e-05 | 22s
2026-09-20 13:25:00 | INFO    | epoch 15 | batch 300/3143 | loss 0.4814 | acc 0.9568 | lr 7.72e-05 | 24s
2026-09-20 13:25:01 | INFO    | epoch 15 | batch 320/3143 | loss 0.4814 | acc 0.9564 | lr 7.72e-05 | 26s
2026-09-20 13:25:03 | INFO    | epoch 15 | batch 340/3143 | loss 0.4818 | acc 0.9564 | lr 7.72e-05 | 27s
2026-09-20 13:25:05 | INFO    | epoch 15 | batch 360/3143 | loss 0.4829 | acc 0.9560 | lr 7.72e-05 | 29s
2026-09-20 13:25:06 | INFO    | epoch 15 | batch 380/3143 | loss 0.4830 | acc 0.9562 | lr 7.72e-05 | 30s
2026-09-20 13:25:08 | INFO    | epoch 15 | batch 400/3143 | loss 0.4827 | acc 0.9561 | lr 7.71e-05 | 32s
2026-09-20 13:25:10 | INFO    | epoch 15 | batch 420/3143 | loss 0.4818 | acc 0.9565 | lr 7.71e-05 | 34s
2026-09-20 13:25:11 | INFO    | epoch 15 | batch 440/3143 | loss 0.4818 | acc 0.9567 | lr 7.71e-05 | 35s
2026-09-20 13:25:13 | INFO    | epoch 15 | batch 460/3143 | loss 0.4826 | acc 0.9565 | lr 7.71e-05 | 37s
2026-09-20 13:25:14 | INFO    | epoch 15 | batch 480/3143 | loss 0.4823 | acc 0.9570 | lr 7.70e-05 | 38s
2026-09-20 13:25:16 | INFO    | epoch 15 | batch 500/3143 | loss 0.4820 | acc 0.9571 | lr 7.70e-05 | 40s
2026-09-20 13:25:18 | INFO    | epoch 15 | batch 520/3143 | loss 0.4826 | acc 0.9570 | lr 7.70e-05 | 42s
2026-09-20 13:25:19 | INFO    | epoch 15 | batch 540/3143 | loss 0.4837 | acc 0.9561 | lr 7.70e-05 | 43s
2026-09-20 13:25:21 | INFO    | epoch 15 | batch 560/3143 | loss 0.4838 | acc 0.9561 | lr 7.70e-05 | 45s
2026-09-20 13:25:22 | INFO    | epoch 15 | batch 580/3143 | loss 0.4841 | acc 0.9561 | lr 7.69e-05 | 46s
2026-09-20 13:25:24 | INFO    | epoch 15 | batch 600/3143 | loss 0.4837 | acc 0.9562 | lr 7.69e-05 | 48s
2026-09-20 13:25:25 | INFO    | epoch 15 | batch 620/3143 | loss 0.4842 | acc 0.9560 | lr 7.69e-05 | 50s
2026-09-20 13:25:27 | INFO    | epoch 15 | batch 640/3143 | loss 0.4844 | acc 0.9561 | lr 7.69e-05 | 51s
2026-09-20 13:25:29 | INFO    | epoch 15 | batch 660/3143 | loss 0.4841 | acc 0.9561 | lr 7.69e-05 | 53s
2026-09-20 13:25:30 | INFO    | epoch 15 | batch 680/3143 | loss 0.4840 | acc 0.9563 | lr 7.68e-05 | 54s
2026-09-20 13:25:32 | INFO    | epoch 15 | batch 700/3143 | loss 0.4839 | acc 0.9563 | lr 7.68e-05 | 56s
2026-09-20 13:25:33 | INFO    | epoch 15 | batch 720/3143 | loss 0.4842 | acc 0.9561 | lr 7.68e-05 | 58s
2026-09-20 13:25:35 | INFO    | epoch 15 | batch 740/3143 | loss 0.4841 | acc 0.9559 | lr 7.68e-05 | 59s
2026-09-20 13:25:37 | INFO    | epoch 15 | batch 760/3143 | loss 0.4838 | acc 0.9561 | lr 7.67e-05 | 61s
2026-09-20 13:25:38 | INFO    | epoch 15 | batch 780/3143 | loss 0.4843 | acc 0.9559 | lr 7.67e-05 | 62s
2026-09-20 13:25:40 | INFO    | epoch 15 | batch 800/3143 | loss 0.4849 | acc 0.9557 | lr 7.67e-05 | 64s
2026-09-20 13:25:41 | INFO    | epoch 15 | batch 820/3143 | loss 0.4849 | acc 0.9554 | lr 7.67e-05 | 65s
2026-09-20 13:25:43 | INFO    | epoch 15 | batch 840/3143 | loss 0.4847 | acc 0.9555 | lr 7.67e-05 | 67s
2026-09-20 13:25:44 | INFO    | epoch 15 | batch 860/3143 | loss 0.4845 | acc 0.9556 | lr 7.66e-05 | 69s
2026-09-20 13:25:46 | INFO    | epoch 15 | batch 880/3143 | loss 0.4846 | acc 0.9556 | lr 7.66e-05 | 70s
2026-09-20 13:25:48 | INFO    | epoch 15 | batch 900/3143 | loss 0.4846 | acc 0.9555 | lr 7.66e-05 | 72s
2026-09-20 13:25:49 | INFO    | epoch 15 | batch 920/3143 | loss 0.4848 | acc 0.9554 | lr 7.66e-05 | 73s
2026-09-20 13:25:51 | INFO    | epoch 15 | batch 940/3143 | loss 0.4847 | acc 0.9555 | lr 7.65e-05 | 75s
2026-09-20 13:25:52 | INFO    | epoch 15 | batch 960/3143 | loss 0.4843 | acc 0.9556 | lr 7.65e-05 | 76s
2026-09-20 13:25:54 | INFO    | epoch 15 | batch 980/3143 | loss 0.4839 | acc 0.9558 | lr 7.65e-05 | 78s
2026-09-20 13:25:56 | INFO    | epoch 15 | batch 1000/3143 | loss 0.4840 | acc 0.9555 | lr 7.65e-05 | 80s
2026-09-20 13:25:57 | INFO    | epoch 15 | batch 1020/3143 | loss 0.4838 | acc 0.9554 | lr 7.65e-05 | 81s
2026-09-20 13:25:59 | INFO    | epoch 15 | batch 1040/3143 | loss 0.4838 | acc 0.9555 | lr 7.64e-05 | 83s
2026-09-20 13:26:00 | INFO    | epoch 15 | batch 1060/3143 | loss 0.4840 | acc 0.9553 | lr 7.64e-05 | 84s
2026-09-20 13:26:02 | INFO    | epoch 15 | batch 1080/3143 | loss 0.4837 | acc 0.9555 | lr 7.64e-05 | 86s
2026-09-20 13:26:03 | INFO    | epoch 15 | batch 1100/3143 | loss 0.4838 | acc 0.9555 | lr 7.64e-05 | 88s
2026-09-20 13:26:05 | INFO    | epoch 15 | batch 1120/3143 | loss 0.4839 | acc 0.9554 | lr 7.63e-05 | 89s
2026-09-20 13:26:07 | INFO    | epoch 15 | batch 1140/3143 | loss 0.4839 | acc 0.9554 | lr 7.63e-05 | 91s
2026-09-20 13:26:08 | INFO    | epoch 15 | batch 1160/3143 | loss 0.4835 | acc 0.9555 | lr 7.63e-05 | 92s
2026-09-20 13:26:10 | INFO    | epoch 15 | batch 1180/3143 | loss 0.4832 | acc 0.9557 | lr 7.63e-05 | 94s
2026-09-20 13:26:11 | INFO    | epoch 15 | batch 1200/3143 | loss 0.4834 | acc 0.9557 | lr 7.63e-05 | 96s
2026-09-20 13:26:13 | INFO    | epoch 15 | batch 1220/3143 | loss 0.4835 | acc 0.9557 | lr 7.62e-05 | 97s
2026-09-20 13:26:15 | INFO    | epoch 15 | batch 1240/3143 | loss 0.4834 | acc 0.9557 | lr 7.62e-05 | 99s
2026-09-20 13:26:16 | INFO    | epoch 15 | batch 1260/3143 | loss 0.4834 | acc 0.9557 | lr 7.62e-05 | 100s
2026-09-20 13:26:18 | INFO    | epoch 15 | batch 1280/3143 | loss 0.4834 | acc 0.9557 | lr 7.62e-05 | 102s
2026-09-20 13:26:19 | INFO    | epoch 15 | batch 1300/3143 | loss 0.4834 | acc 0.9557 | lr 7.61e-05 | 104s
2026-09-20 13:26:21 | INFO    | epoch 15 | batch 1320/3143 | loss 0.4834 | acc 0.9557 | lr 7.61e-05 | 105s
2026-09-20 13:26:23 | INFO    | epoch 15 | batch 1340/3143 | loss 0.4830 | acc 0.9559 | lr 7.61e-05 | 107s
2026-09-20 13:26:24 | INFO    | epoch 15 | batch 1360/3143 | loss 0.4833 | acc 0.9557 | lr 7.61e-05 | 108s
2026-09-20 13:26:26 | INFO    | epoch 15 | batch 1380/3143 | loss 0.4832 | acc 0.9558 | lr 7.61e-05 | 110s
2026-09-20 13:26:27 | INFO    | epoch 15 | batch 1400/3143 | loss 0.4834 | acc 0.9558 | lr 7.60e-05 | 111s
2026-09-20 13:26:29 | INFO    | epoch 15 | batch 1420/3143 | loss 0.4833 | acc 0.9559 | lr 7.60e-05 | 113s
2026-09-20 13:26:31 | INFO    | epoch 15 | batch 1440/3143 | loss 0.4836 | acc 0.9558 | lr 7.60e-05 | 115s
2026-09-20 13:26:32 | INFO    | epoch 15 | batch 1460/3143 | loss 0.4835 | acc 0.9558 | lr 7.60e-05 | 116s
2026-09-20 13:26:34 | INFO    | epoch 15 | batch 1480/3143 | loss 0.4835 | acc 0.9557 | lr 7.59e-05 | 118s
2026-09-20 13:26:35 | INFO    | epoch 15 | batch 1500/3143 | loss 0.4833 | acc 0.9557 | lr 7.59e-05 | 119s
2026-09-20 13:26:37 | INFO    | epoch 15 | batch 1520/3143 | loss 0.4832 | acc 0.9557 | lr 7.59e-05 | 121s
2026-09-20 13:26:39 | INFO    | epoch 15 | batch 1540/3143 | loss 0.4835 | acc 0.9555 | lr 7.59e-05 | 123s
2026-09-20 13:26:40 | INFO    | epoch 15 | batch 1560/3143 | loss 0.4836 | acc 0.9554 | lr 7.59e-05 | 124s
2026-09-20 13:26:42 | INFO    | epoch 15 | batch 1580/3143 | loss 0.4839 | acc 0.9553 | lr 7.58e-05 | 126s
2026-09-20 13:26:43 | INFO    | epoch 15 | batch 1600/3143 | loss 0.4837 | acc 0.9554 | lr 7.58e-05 | 127s
2026-09-20 13:26:45 | INFO    | epoch 15 | batch 1620/3143 | loss 0.4838 | acc 0.9554 | lr 7.58e-05 | 129s
2026-09-20 13:26:47 | INFO    | epoch 15 | batch 1640/3143 | loss 0.4838 | acc 0.9554 | lr 7.58e-05 | 131s
2026-09-20 13:26:48 | INFO    | epoch 15 | batch 1660/3143 | loss 0.4835 | acc 0.9556 | lr 7.57e-05 | 132s
2026-09-20 13:26:50 | INFO    | epoch 15 | batch 1680/3143 | loss 0.4835 | acc 0.9556 | lr 7.57e-05 | 134s
2026-09-20 13:26:51 | INFO    | epoch 15 | batch 1700/3143 | loss 0.4837 | acc 0.9555 | lr 7.57e-05 | 135s
2026-09-20 13:26:53 | INFO    | epoch 15 | batch 1720/3143 | loss 0.4838 | acc 0.9555 | lr 7.57e-05 | 137s
2026-09-20 13:26:55 | INFO    | epoch 15 | batch 1740/3143 | loss 0.4838 | acc 0.9557 | lr 7.56e-05 | 139s
2026-09-20 13:26:56 | INFO    | epoch 15 | batch 1760/3143 | loss 0.4838 | acc 0.9556 | lr 7.56e-05 | 140s
2026-09-20 13:26:58 | INFO    | epoch 15 | batch 1780/3143 | loss 0.4835 | acc 0.9557 | lr 7.56e-05 | 142s
2026-09-20 13:26:59 | INFO    | epoch 15 | batch 1800/3143 | loss 0.4834 | acc 0.9557 | lr 7.56e-05 | 143s
2026-09-20 13:27:01 | INFO    | epoch 15 | batch 1820/3143 | loss 0.4835 | acc 0.9556 | lr 7.56e-05 | 145s
2026-09-20 13:27:03 | INFO    | epoch 15 | batch 1840/3143 | loss 0.4832 | acc 0.9557 | lr 7.55e-05 | 147s
2026-09-20 13:27:04 | INFO    | epoch 15 | batch 1860/3143 | loss 0.4830 | acc 0.9558 | lr 7.55e-05 | 148s
2026-09-20 13:27:06 | INFO    | epoch 15 | batch 1880/3143 | loss 0.4831 | acc 0.9558 | lr 7.55e-05 | 150s
2026-09-20 13:27:07 | INFO    | epoch 15 | batch 1900/3143 | loss 0.4829 | acc 0.9559 | lr 7.55e-05 | 152s
2026-09-20 13:27:09 | INFO    | epoch 15 | batch 1920/3143 | loss 0.4831 | acc 0.9559 | lr 7.54e-05 | 153s
2026-09-20 13:27:11 | INFO    | epoch 15 | batch 1940/3143 | loss 0.4832 | acc 0.9558 | lr 7.54e-05 | 155s
2026-09-20 13:27:12 | INFO    | epoch 15 | batch 1960/3143 | loss 0.4834 | acc 0.9557 | lr 7.54e-05 | 156s
2026-09-20 13:27:14 | INFO    | epoch 15 | batch 1980/3143 | loss 0.4833 | acc 0.9557 | lr 7.54e-05 | 158s
2026-09-20 13:27:15 | INFO    | epoch 15 | batch 2000/3143 | loss 0.4834 | acc 0.9557 | lr 7.54e-05 | 160s
2026-09-20 13:27:17 | INFO    | epoch 15 | batch 2020/3143 | loss 0.4834 | acc 0.9557 | lr 7.53e-05 | 161s
2026-09-20 13:27:19 | INFO    | epoch 15 | batch 2040/3143 | loss 0.4832 | acc 0.9557 | lr 7.53e-05 | 163s
2026-09-20 13:27:20 | INFO    | epoch 15 | batch 2060/3143 | loss 0.4831 | acc 0.9559 | lr 7.53e-05 | 164s
2026-09-20 13:27:22 | INFO    | epoch 15 | batch 2080/3143 | loss 0.4832 | acc 0.9558 | lr 7.53e-05 | 166s
2026-09-20 13:27:23 | INFO    | epoch 15 | batch 2100/3143 | loss 0.4833 | acc 0.9558 | lr 7.52e-05 | 168s
2026-09-20 13:27:25 | INFO    | epoch 15 | batch 2120/3143 | loss 0.4835 | acc 0.9558 | lr 7.52e-05 | 169s
2026-09-20 13:27:27 | INFO    | epoch 15 | batch 2140/3143 | loss 0.4836 | acc 0.9557 | lr 7.52e-05 | 171s
2026-09-20 13:27:28 | INFO    | epoch 15 | batch 2160/3143 | loss 0.4835 | acc 0.9558 | lr 7.52e-05 | 172s
2026-09-20 13:27:30 | INFO    | epoch 15 | batch 2180/3143 | loss 0.4835 | acc 0.9558 | lr 7.52e-05 | 174s
2026-09-20 13:27:32 | INFO    | epoch 15 | batch 2200/3143 | loss 0.4837 | acc 0.9557 | lr 7.51e-05 | 176s
2026-09-20 13:27:33 | INFO    | epoch 15 | batch 2220/3143 | loss 0.4834 | acc 0.9558 | lr 7.51e-05 | 177s
2026-09-20 13:27:35 | INFO    | epoch 15 | batch 2240/3143 | loss 0.4834 | acc 0.9559 | lr 7.51e-05 | 179s
2026-09-20 13:27:36 | INFO    | epoch 15 | batch 2260/3143 | loss 0.4834 | acc 0.9559 | lr 7.51e-05 | 181s
2026-09-20 13:27:38 | INFO    | epoch 15 | batch 2280/3143 | loss 0.4835 | acc 0.9558 | lr 7.50e-05 | 182s
2026-09-20 13:27:40 | INFO    | epoch 15 | batch 2300/3143 | loss 0.4835 | acc 0.9557 | lr 7.50e-05 | 184s
2026-09-20 13:27:41 | INFO    | epoch 15 | batch 2320/3143 | loss 0.4835 | acc 0.9557 | lr 7.50e-05 | 185s
2026-09-20 13:27:43 | INFO    | epoch 15 | batch 2340/3143 | loss 0.4837 | acc 0.9556 | lr 7.50e-05 | 187s
2026-09-20 13:27:44 | INFO    | epoch 15 | batch 2360/3143 | loss 0.4838 | acc 0.9556 | lr 7.50e-05 | 189s
2026-09-20 13:27:46 | INFO    | epoch 15 | batch 2380/3143 | loss 0.4837 | acc 0.9556 | lr 7.49e-05 | 190s
2026-09-20 13:27:48 | INFO    | epoch 15 | batch 2400/3143 | loss 0.4837 | acc 0.9556 | lr 7.49e-05 | 192s
2026-09-20 13:27:49 | INFO    | epoch 15 | batch 2420/3143 | loss 0.4837 | acc 0.9556 | lr 7.49e-05 | 193s
2026-09-20 13:27:51 | INFO    | epoch 15 | batch 2440/3143 | loss 0.4837 | acc 0.9556 | lr 7.49e-05 | 195s
2026-09-20 13:27:53 | INFO    | epoch 15 | batch 2460/3143 | loss 0.4836 | acc 0.9557 | lr 7.48e-05 | 197s
2026-09-20 13:27:54 | INFO    | epoch 15 | batch 2480/3143 | loss 0.4837 | acc 0.9557 | lr 7.48e-05 | 198s
2026-09-20 13:27:56 | INFO    | epoch 15 | batch 2500/3143 | loss 0.4836 | acc 0.9557 | lr 7.48e-05 | 200s
2026-09-20 13:27:57 | INFO    | epoch 15 | batch 2520/3143 | loss 0.4833 | acc 0.9559 | lr 7.48e-05 | 201s
2026-09-20 13:27:59 | INFO    | epoch 15 | batch 2540/3143 | loss 0.4834 | acc 0.9559 | lr 7.47e-05 | 203s
2026-09-20 13:28:01 | INFO    | epoch 15 | batch 2560/3143 | loss 0.4838 | acc 0.9557 | lr 7.47e-05 | 205s
2026-09-20 13:28:02 | INFO    | epoch 15 | batch 2580/3143 | loss 0.4838 | acc 0.9557 | lr 7.47e-05 | 206s
2026-09-20 13:28:04 | INFO    | epoch 15 | batch 2600/3143 | loss 0.4839 | acc 0.9557 | lr 7.47e-05 | 208s
2026-09-20 13:28:05 | INFO    | epoch 15 | batch 2620/3143 | loss 0.4839 | acc 0.9558 | lr 7.47e-05 | 209s
2026-09-20 13:28:07 | INFO    | epoch 15 | batch 2640/3143 | loss 0.4838 | acc 0.9558 | lr 7.46e-05 | 211s
2026-09-20 13:28:09 | INFO    | epoch 15 | batch 2660/3143 | loss 0.4840 | acc 0.9558 | lr 7.46e-05 | 213s
2026-09-20 13:28:10 | INFO    | epoch 15 | batch 2680/3143 | loss 0.4841 | acc 0.9557 | lr 7.46e-05 | 214s
2026-09-20 13:28:12 | INFO    | epoch 15 | batch 2700/3143 | loss 0.4841 | acc 0.9557 | lr 7.46e-05 | 216s
2026-09-20 13:28:13 | INFO    | epoch 15 | batch 2720/3143 | loss 0.4841 | acc 0.9557 | lr 7.45e-05 | 217s
2026-09-20 13:28:15 | INFO    | epoch 15 | batch 2740/3143 | loss 0.4841 | acc 0.9558 | lr 7.45e-05 | 219s
2026-09-20 13:28:17 | INFO    | epoch 15 | batch 2760/3143 | loss 0.4841 | acc 0.9558 | lr 7.45e-05 | 221s
2026-09-20 13:28:18 | INFO    | epoch 15 | batch 2780/3143 | loss 0.4839 | acc 0.9559 | lr 7.45e-05 | 222s
2026-09-20 13:28:20 | INFO    | epoch 15 | batch 2800/3143 | loss 0.4839 | acc 0.9559 | lr 7.45e-05 | 224s
2026-09-20 13:28:21 | INFO    | epoch 15 | batch 2820/3143 | loss 0.4837 | acc 0.9560 | lr 7.44e-05 | 225s
2026-09-20 13:28:23 | INFO    | epoch 15 | batch 2840/3143 | loss 0.4837 | acc 0.9560 | lr 7.44e-05 | 227s
2026-09-20 13:28:24 | INFO    | epoch 15 | batch 2860/3143 | loss 0.4835 | acc 0.9561 | lr 7.44e-05 | 229s
2026-09-20 13:28:26 | INFO    | epoch 15 | batch 2880/3143 | loss 0.4835 | acc 0.9560 | lr 7.44e-05 | 230s
2026-09-20 13:28:28 | INFO    | epoch 15 | batch 2900/3143 | loss 0.4836 | acc 0.9560 | lr 7.43e-05 | 232s
2026-09-20 13:28:29 | INFO    | epoch 15 | batch 2920/3143 | loss 0.4835 | acc 0.9561 | lr 7.43e-05 | 233s
2026-09-20 13:28:31 | INFO    | epoch 15 | batch 2940/3143 | loss 0.4834 | acc 0.9561 | lr 7.43e-05 | 235s
2026-09-20 13:28:32 | INFO    | epoch 15 | batch 2960/3143 | loss 0.4833 | acc 0.9562 | lr 7.43e-05 | 237s
2026-09-20 13:28:34 | INFO    | epoch 15 | batch 2980/3143 | loss 0.4833 | acc 0.9562 | lr 7.42e-05 | 238s
2026-09-20 13:28:36 | INFO    | epoch 15 | batch 3000/3143 | loss 0.4831 | acc 0.9562 | lr 7.42e-05 | 240s
2026-09-20 13:28:37 | INFO    | epoch 15 | batch 3020/3143 | loss 0.4830 | acc 0.9563 | lr 7.42e-05 | 241s
2026-09-20 13:28:39 | INFO    | epoch 15 | batch 3040/3143 | loss 0.4830 | acc 0.9563 | lr 7.42e-05 | 243s
2026-09-20 13:28:40 | INFO    | epoch 15 | batch 3060/3143 | loss 0.4828 | acc 0.9564 | lr 7.42e-05 | 244s
2026-09-20 13:28:42 | INFO    | epoch 15 | batch 3080/3143 | loss 0.4827 | acc 0.9564 | lr 7.41e-05 | 246s
2026-09-20 13:28:43 | INFO    | epoch 15 | batch 3100/3143 | loss 0.4826 | acc 0.9564 | lr 7.41e-05 | 248s
2026-09-20 13:28:45 | INFO    | epoch 15 | batch 3120/3143 | loss 0.4825 | acc 0.9565 | lr 7.41e-05 | 249s
2026-09-20 13:28:47 | INFO    | epoch 15 | batch 3140/3143 | loss 0.4825 | acc 0.9565 | lr 7.41e-05 | 251s
2026-09-20 13:28:47 | INFO    | epoch 15 | batch 3143/3143 | loss 0.4825 | acc 0.9565 | lr 7.41e-05 | 251s
2026-09-20 13:28:58 | INFO    | epoch 15/40 done in 262s | train loss 0.4825 | train running patch (aug): accuracy=0.9565 precision=0.9559 recall=0.9548 f1=0.9553
2026-09-20 13:28:58 | INFO    | epoch 15 train (eval, no aug) | loss 0.4200 | patch[7280]: accuracy=0.9860 precision=0.9856 recall=0.9847 f1=0.9851 | image[455]: accuracy=1.0000 precision=1.0000 recall=1.0000 f1=1.0000
2026-09-20 13:28:58 | INFO    | epoch 15 val | loss 1.1411 | patch[6048]: accuracy=0.6935 precision=0.6708 recall=0.6713 f1=0.6709 | image[96]: accuracy=0.7604 precision=0.7392 recall=0.7394 f1=0.7379
2026-09-20 13:28:58 | INFO    | val_patch_f1 = 0.6709 (best 0.6709 @ epoch 15) *
2026-09-20 13:29:00 | INFO    | epoch 16 | batch 20/3143 | loss 0.4700 | acc 0.9656 | lr 7.40e-05 | 2s
2026-09-20 13:29:02 | INFO    | epoch 16 | batch 40/3143 | loss 0.4749 | acc 0.9625 | lr 7.40e-05 | 3s
2026-09-20 13:29:03 | INFO    | epoch 16 | batch 60/3143 | loss 0.4788 | acc 0.9609 | lr 7.40e-05 | 5s
2026-09-20 13:29:05 | INFO    | epoch 16 | batch 80/3143 | loss 0.4716 | acc 0.9637 | lr 7.40e-05 | 6s
2026-09-20 13:29:06 | INFO    | epoch 16 | batch 100/3143 | loss 0.4738 | acc 0.9619 | lr 7.39e-05 | 8s
2026-09-20 13:29:08 | INFO    | epoch 16 | batch 120/3143 | loss 0.4736 | acc 0.9609 | lr 7.39e-05 | 10s
2026-09-20 13:29:10 | INFO    | epoch 16 | batch 140/3143 | loss 0.4736 | acc 0.9616 | lr 7.39e-05 | 11s
2026-09-20 13:29:11 | INFO    | epoch 16 | batch 160/3143 | loss 0.4778 | acc 0.9600 | lr 7.39e-05 | 13s
2026-09-20 13:29:13 | INFO    | epoch 16 | batch 180/3143 | loss 0.4763 | acc 0.9608 | lr 7.39e-05 | 14s
2026-09-20 13:29:14 | INFO    | epoch 16 | batch 200/3143 | loss 0.4799 | acc 0.9589 | lr 7.38e-05 | 16s
2026-09-20 13:29:16 | INFO    | epoch 16 | batch 220/3143 | loss 0.4802 | acc 0.9585 | lr 7.38e-05 | 18s
2026-09-20 13:29:18 | INFO    | epoch 16 | batch 240/3143 | loss 0.4816 | acc 0.9573 | lr 7.38e-05 | 19s
2026-09-20 13:29:19 | INFO    | epoch 16 | batch 260/3143 | loss 0.4815 | acc 0.9573 | lr 7.38e-05 | 21s
2026-09-20 13:29:21 | INFO    | epoch 16 | batch 280/3143 | loss 0.4815 | acc 0.9575 | lr 7.37e-05 | 22s
2026-09-20 13:29:22 | INFO    | epoch 16 | batch 300/3143 | loss 0.4814 | acc 0.9575 | lr 7.37e-05 | 24s
2026-09-20 13:29:24 | INFO    | epoch 16 | batch 320/3143 | loss 0.4815 | acc 0.9570 | lr 7.37e-05 | 25s
2026-09-20 13:29:25 | INFO    | epoch 16 | batch 340/3143 | loss 0.4807 | acc 0.9572 | lr 7.37e-05 | 27s
2026-09-20 13:29:27 | INFO    | epoch 16 | batch 360/3143 | loss 0.4806 | acc 0.9569 | lr 7.36e-05 | 29s
2026-09-20 13:29:29 | INFO    | epoch 16 | batch 380/3143 | loss 0.4807 | acc 0.9572 | lr 7.36e-05 | 30s
2026-09-20 13:29:30 | INFO    | epoch 16 | batch 400/3143 | loss 0.4802 | acc 0.9575 | lr 7.36e-05 | 32s
2026-09-20 13:29:32 | INFO    | epoch 16 | batch 420/3143 | loss 0.4792 | acc 0.9583 | lr 7.36e-05 | 33s
2026-09-20 13:29:33 | INFO    | epoch 16 | batch 440/3143 | loss 0.4797 | acc 0.9580 | lr 7.36e-05 | 35s
2026-09-20 13:29:35 | INFO    | epoch 16 | batch 460/3143 | loss 0.4794 | acc 0.9584 | lr 7.35e-05 | 37s
2026-09-20 13:29:37 | INFO    | epoch 16 | batch 480/3143 | loss 0.4806 | acc 0.9576 | lr 7.35e-05 | 38s
2026-09-20 13:29:38 | INFO    | epoch 16 | batch 500/3143 | loss 0.4807 | acc 0.9574 | lr 7.35e-05 | 40s
2026-09-20 13:29:40 | INFO    | epoch 16 | batch 520/3143 | loss 0.4800 | acc 0.9578 | lr 7.35e-05 | 41s
2026-09-20 13:29:41 | INFO    | epoch 16 | batch 540/3143 | loss 0.4802 | acc 0.9576 | lr 7.34e-05 | 43s
2026-09-20 13:29:43 | INFO    | epoch 16 | batch 560/3143 | loss 0.4801 | acc 0.9578 | lr 7.34e-05 | 45s
2026-09-20 13:29:44 | INFO    | epoch 16 | batch 580/3143 | loss 0.4799 | acc 0.9574 | lr 7.34e-05 | 46s
2026-09-20 13:29:46 | INFO    | epoch 16 | batch 600/3143 | loss 0.4787 | acc 0.9580 | lr 7.34e-05 | 48s
2026-09-20 13:29:48 | INFO    | epoch 16 | batch 620/3143 | loss 0.4791 | acc 0.9576 | lr 7.33e-05 | 49s
2026-09-20 13:29:49 | INFO    | epoch 16 | batch 640/3143 | loss 0.4790 | acc 0.9577 | lr 7.33e-05 | 51s
2026-09-20 13:29:51 | INFO    | epoch 16 | batch 660/3143 | loss 0.4789 | acc 0.9578 | lr 7.33e-05 | 52s
2026-09-20 13:29:52 | INFO    | epoch 16 | batch 680/3143 | loss 0.4778 | acc 0.9584 | lr 7.33e-05 | 54s
2026-09-20 13:29:54 | INFO    | epoch 16 | batch 700/3143 | loss 0.4784 | acc 0.9583 | lr 7.33e-05 | 56s
2026-09-20 13:29:56 | INFO    | epoch 16 | batch 720/3143 | loss 0.4783 | acc 0.9584 | lr 7.32e-05 | 57s
2026-09-20 13:29:57 | INFO    | epoch 16 | batch 740/3143 | loss 0.4783 | acc 0.9584 | lr 7.32e-05 | 59s
2026-09-20 13:29:59 | INFO    | epoch 16 | batch 760/3143 | loss 0.4781 | acc 0.9585 | lr 7.32e-05 | 60s
2026-09-20 13:30:00 | INFO    | epoch 16 | batch 780/3143 | loss 0.4778 | acc 0.9585 | lr 7.32e-05 | 62s
2026-09-20 13:30:02 | INFO    | epoch 16 | batch 800/3143 | loss 0.4777 | acc 0.9585 | lr 7.31e-05 | 64s
2026-09-20 13:30:03 | INFO    | epoch 16 | batch 820/3143 | loss 0.4770 | acc 0.9589 | lr 7.31e-05 | 65s
2026-09-20 13:30:05 | INFO    | epoch 16 | batch 840/3143 | loss 0.4775 | acc 0.9587 | lr 7.31e-05 | 67s
2026-09-20 13:30:07 | INFO    | epoch 16 | batch 860/3143 | loss 0.4781 | acc 0.9584 | lr 7.31e-05 | 68s
2026-09-20 13:30:08 | INFO    | epoch 16 | batch 880/3143 | loss 0.4782 | acc 0.9581 | lr 7.30e-05 | 70s
2026-09-20 13:30:10 | INFO    | epoch 16 | batch 900/3143 | loss 0.4780 | acc 0.9582 | lr 7.30e-05 | 71s
2026-09-20 13:30:11 | INFO    | epoch 16 | batch 920/3143 | loss 0.4780 | acc 0.9581 | lr 7.30e-05 | 73s
2026-09-20 13:30:13 | INFO    | epoch 16 | batch 940/3143 | loss 0.4778 | acc 0.9582 | lr 7.30e-05 | 75s
2026-09-20 13:30:15 | INFO    | epoch 16 | batch 960/3143 | loss 0.4777 | acc 0.9582 | lr 7.30e-05 | 76s
2026-09-20 13:30:16 | INFO    | epoch 16 | batch 980/3143 | loss 0.4780 | acc 0.9580 | lr 7.29e-05 | 78s
2026-09-20 13:30:18 | INFO    | epoch 16 | batch 1000/3143 | loss 0.4777 | acc 0.9581 | lr 7.29e-05 | 79s
2026-09-20 13:30:19 | INFO    | epoch 16 | batch 1020/3143 | loss 0.4780 | acc 0.9579 | lr 7.29e-05 | 81s
2026-09-20 13:30:21 | INFO    | epoch 16 | batch 1040/3143 | loss 0.4780 | acc 0.9581 | lr 7.29e-05 | 83s
2026-09-20 13:30:23 | INFO    | epoch 16 | batch 1060/3143 | loss 0.4783 | acc 0.9578 | lr 7.28e-05 | 84s
2026-09-20 13:30:24 | INFO    | epoch 16 | batch 1080/3143 | loss 0.4785 | acc 0.9578 | lr 7.28e-05 | 86s
2026-09-20 13:30:26 | INFO    | epoch 16 | batch 1100/3143 | loss 0.4785 | acc 0.9579 | lr 7.28e-05 | 87s
2026-09-20 13:30:27 | INFO    | epoch 16 | batch 1120/3143 | loss 0.4784 | acc 0.9579 | lr 7.28e-05 | 89s
2026-09-20 13:30:29 | INFO    | epoch 16 | batch 1140/3143 | loss 0.4782 | acc 0.9580 | lr 7.27e-05 | 90s
2026-09-20 13:30:30 | INFO    | epoch 16 | batch 1160/3143 | loss 0.4779 | acc 0.9582 | lr 7.27e-05 | 92s
2026-09-20 13:30:32 | INFO    | epoch 16 | batch 1180/3143 | loss 0.4776 | acc 0.9583 | lr 7.27e-05 | 94s
2026-09-20 13:30:34 | INFO    | epoch 16 | batch 1200/3143 | loss 0.4776 | acc 0.9583 | lr 7.27e-05 | 95s
2026-09-20 13:30:35 | INFO    | epoch 16 | batch 1220/3143 | loss 0.4773 | acc 0.9584 | lr 7.27e-05 | 97s
2026-09-20 13:30:37 | INFO    | epoch 16 | batch 1240/3143 | loss 0.4776 | acc 0.9583 | lr 7.26e-05 | 98s
2026-09-20 13:30:38 | INFO    | epoch 16 | batch 1260/3143 | loss 0.4777 | acc 0.9583 | lr 7.26e-05 | 100s
2026-09-20 13:30:40 | INFO    | epoch 16 | batch 1280/3143 | loss 0.4777 | acc 0.9583 | lr 7.26e-05 | 102s
2026-09-20 13:30:42 | INFO    | epoch 16 | batch 1300/3143 | loss 0.4775 | acc 0.9584 | lr 7.26e-05 | 103s
2026-09-20 13:30:43 | INFO    | epoch 16 | batch 1320/3143 | loss 0.4778 | acc 0.9585 | lr 7.25e-05 | 105s
2026-09-20 13:30:45 | INFO    | epoch 16 | batch 1340/3143 | loss 0.4777 | acc 0.9586 | lr 7.25e-05 | 106s
2026-09-20 13:30:46 | INFO    | epoch 16 | batch 1360/3143 | loss 0.4777 | acc 0.9586 | lr 7.25e-05 | 108s
2026-09-20 13:30:48 | INFO    | epoch 16 | batch 1380/3143 | loss 0.4781 | acc 0.9584 | lr 7.25e-05 | 109s
2026-09-20 13:30:49 | INFO    | epoch 16 | batch 1400/3143 | loss 0.4782 | acc 0.9583 | lr 7.24e-05 | 111s
2026-09-20 13:30:51 | INFO    | epoch 16 | batch 1420/3143 | loss 0.4779 | acc 0.9584 | lr 7.24e-05 | 113s
2026-09-20 13:30:53 | INFO    | epoch 16 | batch 1440/3143 | loss 0.4782 | acc 0.9582 | lr 7.24e-05 | 114s
2026-09-20 13:30:54 | INFO    | epoch 16 | batch 1460/3143 | loss 0.4780 | acc 0.9583 | lr 7.24e-05 | 116s
2026-09-20 13:30:56 | INFO    | epoch 16 | batch 1480/3143 | loss 0.4778 | acc 0.9585 | lr 7.23e-05 | 117s
2026-09-20 13:30:57 | INFO    | epoch 16 | batch 1500/3143 | loss 0.4778 | acc 0.9584 | lr 7.23e-05 | 119s
2026-09-20 13:30:59 | INFO    | epoch 16 | batch 1520/3143 | loss 0.4775 | acc 0.9586 | lr 7.23e-05 | 120s
2026-09-20 13:31:00 | INFO    | epoch 16 | batch 1540/3143 | loss 0.4776 | acc 0.9585 | lr 7.23e-05 | 122s
2026-09-20 13:31:02 | INFO    | epoch 16 | batch 1560/3143 | loss 0.4776 | acc 0.9585 | lr 7.23e-05 | 124s
2026-09-20 13:31:04 | INFO    | epoch 16 | batch 1580/3143 | loss 0.4777 | acc 0.9584 | lr 7.22e-05 | 125s
2026-09-20 13:31:05 | INFO    | epoch 16 | batch 1600/3143 | loss 0.4778 | acc 0.9583 | lr 7.22e-05 | 127s
2026-09-20 13:31:07 | INFO    | epoch 16 | batch 1620/3143 | loss 0.4779 | acc 0.9583 | lr 7.22e-05 | 128s
2026-09-20 13:31:08 | INFO    | epoch 16 | batch 1640/3143 | loss 0.4777 | acc 0.9584 | lr 7.22e-05 | 130s
2026-09-20 13:31:10 | INFO    | epoch 16 | batch 1660/3143 | loss 0.4777 | acc 0.9584 | lr 7.21e-05 | 132s
2026-09-20 13:31:12 | INFO    | epoch 16 | batch 1680/3143 | loss 0.4775 | acc 0.9585 | lr 7.21e-05 | 133s
2026-09-20 13:31:13 | INFO    | epoch 16 | batch 1700/3143 | loss 0.4777 | acc 0.9584 | lr 7.21e-05 | 135s
2026-09-20 13:31:15 | INFO    | epoch 16 | batch 1720/3143 | loss 0.4777 | acc 0.9585 | lr 7.21e-05 | 136s
2026-09-20 13:31:16 | INFO    | epoch 16 | batch 1740/3143 | loss 0.4778 | acc 0.9584 | lr 7.20e-05 | 138s
2026-09-20 13:31:18 | INFO    | epoch 16 | batch 1760/3143 | loss 0.4778 | acc 0.9584 | lr 7.20e-05 | 140s
2026-09-20 13:31:20 | INFO    | epoch 16 | batch 1780/3143 | loss 0.4777 | acc 0.9584 | lr 7.20e-05 | 141s
2026-09-20 13:31:21 | INFO    | epoch 16 | batch 1800/3143 | loss 0.4777 | acc 0.9584 | lr 7.20e-05 | 143s
2026-09-20 13:31:23 | INFO    | epoch 16 | batch 1820/3143 | loss 0.4775 | acc 0.9585 | lr 7.19e-05 | 144s
2026-09-20 13:31:24 | INFO    | epoch 16 | batch 1840/3143 | loss 0.4774 | acc 0.9586 | lr 7.19e-05 | 146s
2026-09-20 13:31:26 | INFO    | epoch 16 | batch 1860/3143 | loss 0.4773 | acc 0.9586 | lr 7.19e-05 | 147s
2026-09-20 13:31:27 | INFO    | epoch 16 | batch 1880/3143 | loss 0.4773 | acc 0.9586 | lr 7.19e-05 | 149s
2026-09-20 13:31:29 | INFO    | epoch 16 | batch 1900/3143 | loss 0.4773 | acc 0.9586 | lr 7.19e-05 | 151s
2026-09-20 13:31:31 | INFO    | epoch 16 | batch 1920/3143 | loss 0.4772 | acc 0.9586 | lr 7.18e-05 | 152s
2026-09-20 13:31:32 | INFO    | epoch 16 | batch 1940/3143 | loss 0.4772 | acc 0.9586 | lr 7.18e-05 | 154s
2026-09-20 13:31:34 | INFO    | epoch 16 | batch 1960/3143 | loss 0.4772 | acc 0.9587 | lr 7.18e-05 | 155s
2026-09-20 13:31:35 | INFO    | epoch 16 | batch 1980/3143 | loss 0.4772 | acc 0.9587 | lr 7.18e-05 | 157s
2026-09-20 13:31:37 | INFO    | epoch 16 | batch 2000/3143 | loss 0.4772 | acc 0.9587 | lr 7.17e-05 | 158s
2026-09-20 13:31:38 | INFO    | epoch 16 | batch 2020/3143 | loss 0.4771 | acc 0.9588 | lr 7.17e-05 | 160s
2026-09-20 13:31:40 | INFO    | epoch 16 | batch 2040/3143 | loss 0.4768 | acc 0.9589 | lr 7.17e-05 | 162s
2026-09-20 13:31:42 | INFO    | epoch 16 | batch 2060/3143 | loss 0.4767 | acc 0.9590 | lr 7.17e-05 | 163s
2026-09-20 13:31:43 | INFO    | epoch 16 | batch 2080/3143 | loss 0.4766 | acc 0.9590 | lr 7.16e-05 | 165s
2026-09-20 13:31:45 | INFO    | epoch 16 | batch 2100/3143 | loss 0.4767 | acc 0.9590 | lr 7.16e-05 | 166s
2026-09-20 13:31:46 | INFO    | epoch 16 | batch 2120/3143 | loss 0.4767 | acc 0.9590 | lr 7.16e-05 | 168s
2026-09-20 13:31:48 | INFO    | epoch 16 | batch 2140/3143 | loss 0.4766 | acc 0.9591 | lr 7.16e-05 | 170s
2026-09-20 13:31:49 | INFO    | epoch 16 | batch 2160/3143 | loss 0.4767 | acc 0.9591 | lr 7.15e-05 | 171s
2026-09-20 13:31:51 | INFO    | epoch 16 | batch 2180/3143 | loss 0.4766 | acc 0.9591 | lr 7.15e-05 | 173s
2026-09-20 13:31:53 | INFO    | epoch 16 | batch 2200/3143 | loss 0.4768 | acc 0.9590 | lr 7.15e-05 | 174s
2026-09-20 13:31:54 | INFO    | epoch 16 | batch 2220/3143 | loss 0.4768 | acc 0.9590 | lr 7.15e-05 | 176s
2026-09-20 13:31:56 | INFO    | epoch 16 | batch 2240/3143 | loss 0.4767 | acc 0.9590 | lr 7.15e-05 | 177s
2026-09-20 13:31:57 | INFO    | epoch 16 | batch 2260/3143 | loss 0.4764 | acc 0.9592 | lr 7.14e-05 | 179s
2026-09-20 13:31:59 | INFO    | epoch 16 | batch 2280/3143 | loss 0.4768 | acc 0.9590 | lr 7.14e-05 | 181s
2026-09-20 13:32:01 | INFO    | epoch 16 | batch 2300/3143 | loss 0.4768 | acc 0.9591 | lr 7.14e-05 | 182s
2026-09-20 13:32:02 | INFO    | epoch 16 | batch 2320/3143 | loss 0.4766 | acc 0.9591 | lr 7.14e-05 | 184s
2026-09-20 13:32:04 | INFO    | epoch 16 | batch 2340/3143 | loss 0.4764 | acc 0.9592 | lr 7.13e-05 | 185s
2026-09-20 13:32:05 | INFO    | epoch 16 | batch 2360/3143 | loss 0.4764 | acc 0.9593 | lr 7.13e-05 | 187s
2026-09-20 13:32:07 | INFO    | epoch 16 | batch 2380/3143 | loss 0.4764 | acc 0.9593 | lr 7.13e-05 | 188s
2026-09-20 13:32:08 | INFO    | epoch 16 | batch 2400/3143 | loss 0.4765 | acc 0.9593 | lr 7.13e-05 | 190s
2026-09-20 13:32:10 | INFO    | epoch 16 | batch 2420/3143 | loss 0.4766 | acc 0.9592 | lr 7.12e-05 | 192s
2026-09-20 13:32:12 | INFO    | epoch 16 | batch 2440/3143 | loss 0.4765 | acc 0.9593 | lr 7.12e-05 | 193s
2026-09-20 13:32:13 | INFO    | epoch 16 | batch 2460/3143 | loss 0.4765 | acc 0.9593 | lr 7.12e-05 | 195s
2026-09-20 13:32:15 | INFO    | epoch 16 | batch 2480/3143 | loss 0.4765 | acc 0.9593 | lr 7.12e-05 | 196s
2026-09-20 13:32:16 | INFO    | epoch 16 | batch 2500/3143 | loss 0.4765 | acc 0.9593 | lr 7.11e-05 | 198s
2026-09-20 13:32:18 | INFO    | epoch 16 | batch 2520/3143 | loss 0.4764 | acc 0.9593 | lr 7.11e-05 | 199s
2026-09-20 13:32:19 | INFO    | epoch 16 | batch 2540/3143 | loss 0.4763 | acc 0.9594 | lr 7.11e-05 | 201s
2026-09-20 13:32:21 | INFO    | epoch 16 | batch 2560/3143 | loss 0.4764 | acc 0.9594 | lr 7.11e-05 | 203s
2026-09-20 13:32:23 | INFO    | epoch 16 | batch 2580/3143 | loss 0.4764 | acc 0.9594 | lr 7.11e-05 | 204s
2026-09-20 13:32:24 | INFO    | epoch 16 | batch 2600/3143 | loss 0.4765 | acc 0.9593 | lr 7.10e-05 | 206s
2026-09-20 13:32:26 | INFO    | epoch 16 | batch 2620/3143 | loss 0.4763 | acc 0.9594 | lr 7.10e-05 | 207s
2026-09-20 13:32:27 | INFO    | epoch 16 | batch 2640/3143 | loss 0.4764 | acc 0.9594 | lr 7.10e-05 | 209s
2026-09-20 13:32:29 | INFO    | epoch 16 | batch 2660/3143 | loss 0.4764 | acc 0.9594 | lr 7.10e-05 | 211s
2026-09-20 13:32:31 | INFO    | epoch 16 | batch 2680/3143 | loss 0.4763 | acc 0.9594 | lr 7.09e-05 | 212s
2026-09-20 13:32:32 | INFO    | epoch 16 | batch 2700/3143 | loss 0.4762 | acc 0.9595 | lr 7.09e-05 | 214s
2026-09-20 13:32:34 | INFO    | epoch 16 | batch 2720/3143 | loss 0.4761 | acc 0.9595 | lr 7.09e-05 | 215s
2026-09-20 13:32:35 | INFO    | epoch 16 | batch 2740/3143 | loss 0.4761 | acc 0.9595 | lr 7.09e-05 | 217s
2026-09-20 13:32:37 | INFO    | epoch 16 | batch 2760/3143 | loss 0.4763 | acc 0.9595 | lr 7.08e-05 | 218s
2026-09-20 13:32:38 | INFO    | epoch 16 | batch 2780/3143 | loss 0.4762 | acc 0.9595 | lr 7.08e-05 | 220s
2026-09-20 13:32:40 | INFO    | epoch 16 | batch 2800/3143 | loss 0.4761 | acc 0.9595 | lr 7.08e-05 | 222s
2026-09-20 13:32:42 | INFO    | epoch 16 | batch 2820/3143 | loss 0.4761 | acc 0.9595 | lr 7.08e-05 | 223s
2026-09-20 13:32:43 | INFO    | epoch 16 | batch 2840/3143 | loss 0.4761 | acc 0.9595 | lr 7.07e-05 | 225s
2026-09-20 13:32:45 | INFO    | epoch 16 | batch 2860/3143 | loss 0.4761 | acc 0.9596 | lr 7.07e-05 | 226s
2026-09-20 13:32:46 | INFO    | epoch 16 | batch 2880/3143 | loss 0.4760 | acc 0.9596 | lr 7.07e-05 | 228s
2026-09-20 13:32:48 | INFO    | epoch 16 | batch 2900/3143 | loss 0.4759 | acc 0.9596 | lr 7.07e-05 | 229s
2026-09-20 13:32:49 | INFO    | epoch 16 | batch 2920/3143 | loss 0.4761 | acc 0.9595 | lr 7.06e-05 | 231s
2026-09-20 13:32:51 | INFO    | epoch 16 | batch 2940/3143 | loss 0.4761 | acc 0.9596 | lr 7.06e-05 | 233s
2026-09-20 13:32:53 | INFO    | epoch 16 | batch 2960/3143 | loss 0.4760 | acc 0.9596 | lr 7.06e-05 | 234s
2026-09-20 13:32:54 | INFO    | epoch 16 | batch 2980/3143 | loss 0.4761 | acc 0.9596 | lr 7.06e-05 | 236s
2026-09-20 13:32:56 | INFO    | epoch 16 | batch 3000/3143 | loss 0.4763 | acc 0.9595 | lr 7.06e-05 | 237s
2026-09-20 13:32:57 | INFO    | epoch 16 | batch 3020/3143 | loss 0.4761 | acc 0.9596 | lr 7.05e-05 | 239s
2026-09-20 13:32:59 | INFO    | epoch 16 | batch 3040/3143 | loss 0.4760 | acc 0.9597 | lr 7.05e-05 | 241s
2026-09-20 13:33:01 | INFO    | epoch 16 | batch 3060/3143 | loss 0.4759 | acc 0.9597 | lr 7.05e-05 | 242s
2026-09-20 13:33:02 | INFO    | epoch 16 | batch 3080/3143 | loss 0.4759 | acc 0.9597 | lr 7.05e-05 | 244s
2026-09-20 13:33:04 | INFO    | epoch 16 | batch 3100/3143 | loss 0.4758 | acc 0.9597 | lr 7.04e-05 | 245s
2026-09-20 13:33:05 | INFO    | epoch 16 | batch 3120/3143 | loss 0.4757 | acc 0.9598 | lr 7.04e-05 | 247s
2026-09-20 13:33:07 | INFO    | epoch 16 | batch 3140/3143 | loss 0.4756 | acc 0.9598 | lr 7.04e-05 | 249s
2026-09-20 13:33:07 | INFO    | epoch 16 | batch 3143/3143 | loss 0.4757 | acc 0.9598 | lr 7.04e-05 | 249s
2026-09-20 13:33:19 | INFO    | epoch 16/40 done in 260s | train loss 0.4757 | train running patch (aug): accuracy=0.9598 precision=0.9590 recall=0.9582 f1=0.9586
2026-09-20 13:33:19 | INFO    | epoch 16 train (eval, no aug) | loss 0.4178 | patch[7280]: accuracy=0.9874 precision=0.9877 recall=0.9863 f1=0.9870 | image[455]: accuracy=1.0000 precision=1.0000 recall=1.0000 f1=1.0000
2026-09-20 13:33:19 | INFO    | epoch 16 val | loss 1.1633 | patch[6048]: accuracy=0.6887 precision=0.6607 recall=0.6621 f1=0.6612 | image[96]: accuracy=0.7812 precision=0.7573 recall=0.7576 f1=0.7572
2026-09-20 13:33:19 | INFO    | val_patch_f1 = 0.6612 (best 0.6709 @ epoch 15)
2026-09-20 13:33:20 | INFO    | epoch 17 | batch 20/3143 | loss 0.4534 | acc 0.9750 | lr 7.04e-05 | 2s
2026-09-20 13:33:22 | INFO    | epoch 17 | batch 40/3143 | loss 0.4668 | acc 0.9625 | lr 7.03e-05 | 3s
2026-09-20 13:33:23 | INFO    | epoch 17 | batch 60/3143 | loss 0.4593 | acc 0.9672 | lr 7.03e-05 | 5s
2026-09-20 13:33:25 | INFO    | epoch 17 | batch 80/3143 | loss 0.4621 | acc 0.9648 | lr 7.03e-05 | 6s
2026-09-20 13:33:27 | INFO    | epoch 17 | batch 100/3143 | loss 0.4616 | acc 0.9663 | lr 7.03e-05 | 8s
2026-09-20 13:33:28 | INFO    | epoch 17 | batch 120/3143 | loss 0.4610 | acc 0.9669 | lr 7.02e-05 | 10s
2026-09-20 13:33:30 | INFO    | epoch 17 | batch 140/3143 | loss 0.4636 | acc 0.9661 | lr 7.02e-05 | 11s
2026-09-20 13:33:31 | INFO    | epoch 17 | batch 160/3143 | loss 0.4630 | acc 0.9666 | lr 7.02e-05 | 13s
2026-09-20 13:33:33 | INFO    | epoch 17 | batch 180/3143 | loss 0.4670 | acc 0.9649 | lr 7.02e-05 | 14s
2026-09-20 13:33:34 | INFO    | epoch 17 | batch 200/3143 | loss 0.4709 | acc 0.9628 | lr 7.01e-05 | 16s
2026-09-20 13:33:36 | INFO    | epoch 17 | batch 220/3143 | loss 0.4718 | acc 0.9622 | lr 7.01e-05 | 17s
2026-09-20 13:33:38 | INFO    | epoch 17 | batch 240/3143 | loss 0.4720 | acc 0.9624 | lr 7.01e-05 | 19s
2026-09-20 13:33:39 | INFO    | epoch 17 | batch 260/3143 | loss 0.4717 | acc 0.9630 | lr 7.01e-05 | 21s
2026-09-20 13:33:41 | INFO    | epoch 17 | batch 280/3143 | loss 0.4707 | acc 0.9636 | lr 7.00e-05 | 22s
2026-09-20 13:33:42 | INFO    | epoch 17 | batch 300/3143 | loss 0.4726 | acc 0.9626 | lr 7.00e-05 | 24s
2026-09-20 13:33:44 | INFO    | epoch 17 | batch 320/3143 | loss 0.4731 | acc 0.9622 | lr 7.00e-05 | 25s
2026-09-20 13:33:45 | INFO    | epoch 17 | batch 340/3143 | loss 0.4730 | acc 0.9625 | lr 7.00e-05 | 27s
2026-09-20 13:33:47 | INFO    | epoch 17 | batch 360/3143 | loss 0.4728 | acc 0.9626 | lr 7.00e-05 | 29s
2026-09-20 13:33:49 | INFO    | epoch 17 | batch 380/3143 | loss 0.4727 | acc 0.9625 | lr 6.99e-05 | 30s
2026-09-20 13:33:50 | INFO    | epoch 17 | batch 400/3143 | loss 0.4726 | acc 0.9623 | lr 6.99e-05 | 32s
2026-09-20 13:33:52 | INFO    | epoch 17 | batch 420/3143 | loss 0.4719 | acc 0.9626 | lr 6.99e-05 | 33s
2026-09-20 13:33:53 | INFO    | epoch 17 | batch 440/3143 | loss 0.4716 | acc 0.9629 | lr 6.99e-05 | 35s
2026-09-20 13:33:55 | INFO    | epoch 17 | batch 460/3143 | loss 0.4713 | acc 0.9628 | lr 6.98e-05 | 36s
2026-09-20 13:33:57 | INFO    | epoch 17 | batch 480/3143 | loss 0.4710 | acc 0.9630 | lr 6.98e-05 | 38s
2026-09-20 13:33:58 | INFO    | epoch 17 | batch 500/3143 | loss 0.4711 | acc 0.9629 | lr 6.98e-05 | 40s
2026-09-20 13:34:00 | INFO    | epoch 17 | batch 520/3143 | loss 0.4710 | acc 0.9629 | lr 6.98e-05 | 41s
2026-09-20 13:34:01 | INFO    | epoch 17 | batch 540/3143 | loss 0.4713 | acc 0.9627 | lr 6.97e-05 | 43s
2026-09-20 13:34:03 | INFO    | epoch 17 | batch 560/3143 | loss 0.4712 | acc 0.9627 | lr 6.97e-05 | 44s
2026-09-20 13:34:05 | INFO    | epoch 17 | batch 580/3143 | loss 0.4716 | acc 0.9624 | lr 6.97e-05 | 46s
2026-09-20 13:34:06 | INFO    | epoch 17 | batch 600/3143 | loss 0.4711 | acc 0.9625 | lr 6.97e-05 | 47s
2026-09-20 13:34:08 | INFO    | epoch 17 | batch 620/3143 | loss 0.4710 | acc 0.9627 | lr 6.96e-05 | 49s
2026-09-20 13:34:09 | INFO    | epoch 17 | batch 640/3143 | loss 0.4711 | acc 0.9625 | lr 6.96e-05 | 51s
2026-09-20 13:34:11 | INFO    | epoch 17 | batch 660/3143 | loss 0.4711 | acc 0.9625 | lr 6.96e-05 | 52s
2026-09-20 13:34:12 | INFO    | epoch 17 | batch 680/3143 | loss 0.4707 | acc 0.9627 | lr 6.96e-05 | 54s
2026-09-20 13:34:14 | INFO    | epoch 17 | batch 700/3143 | loss 0.4718 | acc 0.9624 | lr 6.95e-05 | 55s
2026-09-20 13:34:15 | INFO    | epoch 17 | batch 720/3143 | loss 0.4710 | acc 0.9629 | lr 6.95e-05 | 57s
2026-09-20 13:34:17 | INFO    | epoch 17 | batch 740/3143 | loss 0.4708 | acc 0.9630 | lr 6.95e-05 | 58s
2026-09-20 13:34:19 | INFO    | epoch 17 | batch 760/3143 | loss 0.4705 | acc 0.9630 | lr 6.95e-05 | 60s
2026-09-20 13:34:20 | INFO    | epoch 17 | batch 780/3143 | loss 0.4702 | acc 0.9631 | lr 6.94e-05 | 62s
2026-09-20 13:34:22 | INFO    | epoch 17 | batch 800/3143 | loss 0.4702 | acc 0.9630 | lr 6.94e-05 | 63s
2026-09-20 13:34:23 | INFO    | epoch 17 | batch 820/3143 | loss 0.4701 | acc 0.9630 | lr 6.94e-05 | 65s
2026-09-20 13:34:25 | INFO    | epoch 17 | batch 840/3143 | loss 0.4702 | acc 0.9631 | lr 6.94e-05 | 66s
2026-09-20 13:34:27 | INFO    | epoch 17 | batch 860/3143 | loss 0.4699 | acc 0.9632 | lr 6.94e-05 | 68s
2026-09-20 13:34:28 | INFO    | epoch 17 | batch 880/3143 | loss 0.4696 | acc 0.9634 | lr 6.93e-05 | 69s
2026-09-20 13:34:30 | INFO    | epoch 17 | batch 900/3143 | loss 0.4695 | acc 0.9634 | lr 6.93e-05 | 71s
2026-09-20 13:34:31 | INFO    | epoch 17 | batch 920/3143 | loss 0.4692 | acc 0.9636 | lr 6.93e-05 | 73s
2026-09-20 13:34:33 | INFO    | epoch 17 | batch 940/3143 | loss 0.4694 | acc 0.9635 | lr 6.93e-05 | 74s
2026-09-20 13:34:34 | INFO    | epoch 17 | batch 960/3143 | loss 0.4687 | acc 0.9638 | lr 6.92e-05 | 76s
2026-09-20 13:34:36 | INFO    | epoch 17 | batch 980/3143 | loss 0.4689 | acc 0.9637 | lr 6.92e-05 | 77s
2026-09-20 13:34:38 | INFO    | epoch 17 | batch 1000/3143 | loss 0.4688 | acc 0.9637 | lr 6.92e-05 | 79s
2026-09-20 13:34:39 | INFO    | epoch 17 | batch 1020/3143 | loss 0.4688 | acc 0.9637 | lr 6.92e-05 | 81s
2026-09-20 13:34:41 | INFO    | epoch 17 | batch 1040/3143 | loss 0.4685 | acc 0.9639 | lr 6.91e-05 | 82s
2026-09-20 13:34:42 | INFO    | epoch 17 | batch 1060/3143 | loss 0.4687 | acc 0.9638 | lr 6.91e-05 | 84s
2026-09-20 13:34:44 | INFO    | epoch 17 | batch 1080/3143 | loss 0.4684 | acc 0.9639 | lr 6.91e-05 | 85s
2026-09-20 13:34:45 | INFO    | epoch 17 | batch 1100/3143 | loss 0.4686 | acc 0.9638 | lr 6.91e-05 | 87s
2026-09-20 13:34:47 | INFO    | epoch 17 | batch 1120/3143 | loss 0.4687 | acc 0.9637 | lr 6.90e-05 | 88s
2026-09-20 13:34:49 | INFO    | epoch 17 | batch 1140/3143 | loss 0.4686 | acc 0.9637 | lr 6.90e-05 | 90s
2026-09-20 13:34:50 | INFO    | epoch 17 | batch 1160/3143 | loss 0.4685 | acc 0.9638 | lr 6.90e-05 | 92s
2026-09-20 13:34:52 | INFO    | epoch 17 | batch 1180/3143 | loss 0.4688 | acc 0.9637 | lr 6.90e-05 | 93s
2026-09-20 13:34:53 | INFO    | epoch 17 | batch 1200/3143 | loss 0.4688 | acc 0.9637 | lr 6.89e-05 | 95s
2026-09-20 13:34:55 | INFO    | epoch 17 | batch 1220/3143 | loss 0.4688 | acc 0.9637 | lr 6.89e-05 | 96s
2026-09-20 13:34:56 | INFO    | epoch 17 | batch 1240/3143 | loss 0.4685 | acc 0.9638 | lr 6.89e-05 | 98s
2026-09-20 13:34:58 | INFO    | epoch 17 | batch 1260/3143 | loss 0.4685 | acc 0.9638 | lr 6.89e-05 | 99s
2026-09-20 13:35:00 | INFO    | epoch 17 | batch 1280/3143 | loss 0.4688 | acc 0.9637 | lr 6.88e-05 | 101s
2026-09-20 13:35:01 | INFO    | epoch 17 | batch 1300/3143 | loss 0.4685 | acc 0.9638 | lr 6.88e-05 | 103s
2026-09-20 13:35:03 | INFO    | epoch 17 | batch 1320/3143 | loss 0.4682 | acc 0.9639 | lr 6.88e-05 | 104s
2026-09-20 13:35:04 | INFO    | epoch 17 | batch 1340/3143 | loss 0.4685 | acc 0.9639 | lr 6.88e-05 | 106s
2026-09-20 13:35:06 | INFO    | epoch 17 | batch 1360/3143 | loss 0.4682 | acc 0.9641 | lr 6.87e-05 | 107s
2026-09-20 13:35:08 | INFO    | epoch 17 | batch 1380/3143 | loss 0.4680 | acc 0.9642 | lr 6.87e-05 | 109s
2026-09-20 13:35:09 | INFO    | epoch 17 | batch 1400/3143 | loss 0.4680 | acc 0.9642 | lr 6.87e-05 | 111s
2026-09-20 13:35:11 | INFO    | epoch 17 | batch 1420/3143 | loss 0.4678 | acc 0.9642 | lr 6.87e-05 | 112s
2026-09-20 13:35:12 | INFO    | epoch 17 | batch 1440/3143 | loss 0.4678 | acc 0.9641 | lr 6.87e-05 | 114s
2026-09-20 13:35:14 | INFO    | epoch 17 | batch 1460/3143 | loss 0.4675 | acc 0.9642 | lr 6.86e-05 | 115s
2026-09-20 13:35:15 | INFO    | epoch 17 | batch 1480/3143 | loss 0.4675 | acc 0.9642 | lr 6.86e-05 | 117s
2026-09-20 13:35:17 | INFO    | epoch 17 | batch 1500/3143 | loss 0.4676 | acc 0.9642 | lr 6.86e-05 | 118s
2026-09-20 13:35:19 | INFO    | epoch 17 | batch 1520/3143 | loss 0.4678 | acc 0.9641 | lr 6.86e-05 | 120s
2026-09-20 13:35:20 | INFO    | epoch 17 | batch 1540/3143 | loss 0.4677 | acc 0.9641 | lr 6.85e-05 | 122s
2026-09-20 13:35:22 | INFO    | epoch 17 | batch 1560/3143 | loss 0.4679 | acc 0.9639 | lr 6.85e-05 | 123s
2026-09-20 13:35:23 | INFO    | epoch 17 | batch 1580/3143 | loss 0.4681 | acc 0.9638 | lr 6.85e-05 | 125s
2026-09-20 13:35:25 | INFO    | epoch 17 | batch 1600/3143 | loss 0.4681 | acc 0.9638 | lr 6.85e-05 | 126s
2026-09-20 13:35:26 | INFO    | epoch 17 | batch 1620/3143 | loss 0.4683 | acc 0.9637 | lr 6.84e-05 | 128s
2026-09-20 13:35:28 | INFO    | epoch 17 | batch 1640/3143 | loss 0.4680 | acc 0.9638 | lr 6.84e-05 | 129s
2026-09-20 13:35:30 | INFO    | epoch 17 | batch 1660/3143 | loss 0.4680 | acc 0.9638 | lr 6.84e-05 | 131s
2026-09-20 13:35:31 | INFO    | epoch 17 | batch 1680/3143 | loss 0.4680 | acc 0.9639 | lr 6.84e-05 | 133s
2026-09-20 13:35:33 | INFO    | epoch 17 | batch 1700/3143 | loss 0.4682 | acc 0.9637 | lr 6.83e-05 | 134s
2026-09-20 13:35:34 | INFO    | epoch 17 | batch 1720/3143 | loss 0.4682 | acc 0.9637 | lr 6.83e-05 | 136s
2026-09-20 13:35:36 | INFO    | epoch 17 | batch 1740/3143 | loss 0.4685 | acc 0.9635 | lr 6.83e-05 | 137s
2026-09-20 13:35:37 | INFO    | epoch 17 | batch 1760/3143 | loss 0.4688 | acc 0.9633 | lr 6.83e-05 | 139s
2026-09-20 13:35:39 | INFO    | epoch 17 | batch 1780/3143 | loss 0.4687 | acc 0.9633 | lr 6.82e-05 | 140s
2026-09-20 13:35:41 | INFO    | epoch 17 | batch 1800/3143 | loss 0.4689 | acc 0.9632 | lr 6.82e-05 | 142s
2026-09-20 13:35:42 | INFO    | epoch 17 | batch 1820/3143 | loss 0.4688 | acc 0.9632 | lr 6.82e-05 | 144s
2026-09-20 13:35:44 | INFO    | epoch 17 | batch 1840/3143 | loss 0.4687 | acc 0.9633 | lr 6.82e-05 | 145s
2026-09-20 13:35:45 | INFO    | epoch 17 | batch 1860/3143 | loss 0.4688 | acc 0.9633 | lr 6.81e-05 | 147s
2026-09-20 13:35:47 | INFO    | epoch 17 | batch 1880/3143 | loss 0.4686 | acc 0.9634 | lr 6.81e-05 | 148s
2026-09-20 13:35:48 | INFO    | epoch 17 | batch 1900/3143 | loss 0.4685 | acc 0.9635 | lr 6.81e-05 | 150s
2026-09-20 13:35:50 | INFO    | epoch 17 | batch 1920/3143 | loss 0.4688 | acc 0.9633 | lr 6.81e-05 | 151s
2026-09-20 13:35:52 | INFO    | epoch 17 | batch 1940/3143 | loss 0.4688 | acc 0.9632 | lr 6.80e-05 | 153s
2026-09-20 13:35:53 | INFO    | epoch 17 | batch 1960/3143 | loss 0.4689 | acc 0.9631 | lr 6.80e-05 | 155s
2026-09-20 13:35:55 | INFO    | epoch 17 | batch 1980/3143 | loss 0.4689 | acc 0.9632 | lr 6.80e-05 | 156s
2026-09-20 13:35:56 | INFO    | epoch 17 | batch 2000/3143 | loss 0.4688 | acc 0.9633 | lr 6.80e-05 | 158s
2026-09-20 13:35:58 | INFO    | epoch 17 | batch 2020/3143 | loss 0.4686 | acc 0.9634 | lr 6.79e-05 | 159s
2026-09-20 13:36:00 | INFO    | epoch 17 | batch 2040/3143 | loss 0.4685 | acc 0.9634 | lr 6.79e-05 | 161s
2026-09-20 13:36:01 | INFO    | epoch 17 | batch 2060/3143 | loss 0.4685 | acc 0.9635 | lr 6.79e-05 | 163s
2026-09-20 13:36:03 | INFO    | epoch 17 | batch 2080/3143 | loss 0.4682 | acc 0.9636 | lr 6.79e-05 | 164s
2026-09-20 13:36:04 | INFO    | epoch 17 | batch 2100/3143 | loss 0.4681 | acc 0.9637 | lr 6.79e-05 | 166s
2026-09-20 13:36:06 | INFO    | epoch 17 | batch 2120/3143 | loss 0.4682 | acc 0.9636 | lr 6.78e-05 | 167s
2026-09-20 13:36:07 | INFO    | epoch 17 | batch 2140/3143 | loss 0.4681 | acc 0.9636 | lr 6.78e-05 | 169s
2026-09-20 13:36:09 | INFO    | epoch 17 | batch 2160/3143 | loss 0.4682 | acc 0.9636 | lr 6.78e-05 | 170s
2026-09-20 13:36:11 | INFO    | epoch 17 | batch 2180/3143 | loss 0.4682 | acc 0.9635 | lr 6.78e-05 | 172s
2026-09-20 13:36:12 | INFO    | epoch 17 | batch 2200/3143 | loss 0.4682 | acc 0.9635 | lr 6.77e-05 | 174s
2026-09-20 13:36:14 | INFO    | epoch 17 | batch 2220/3143 | loss 0.4682 | acc 0.9635 | lr 6.77e-05 | 175s
2026-09-20 13:36:15 | INFO    | epoch 17 | batch 2240/3143 | loss 0.4681 | acc 0.9635 | lr 6.77e-05 | 177s
2026-09-20 13:36:17 | INFO    | epoch 17 | batch 2260/3143 | loss 0.4681 | acc 0.9635 | lr 6.77e-05 | 178s
2026-09-20 13:36:19 | INFO    | epoch 17 | batch 2280/3143 | loss 0.4681 | acc 0.9634 | lr 6.76e-05 | 180s
2026-09-20 13:36:20 | INFO    | epoch 17 | batch 2300/3143 | loss 0.4681 | acc 0.9634 | lr 6.76e-05 | 182s
2026-09-20 13:36:22 | INFO    | epoch 17 | batch 2320/3143 | loss 0.4681 | acc 0.9634 | lr 6.76e-05 | 183s
2026-09-20 13:36:23 | INFO    | epoch 17 | batch 2340/3143 | loss 0.4682 | acc 0.9634 | lr 6.76e-05 | 185s
2026-09-20 13:36:25 | INFO    | epoch 17 | batch 2360/3143 | loss 0.4681 | acc 0.9634 | lr 6.75e-05 | 186s
2026-09-20 13:36:27 | INFO    | epoch 17 | batch 2380/3143 | loss 0.4679 | acc 0.9635 | lr 6.75e-05 | 188s
2026-09-20 13:36:28 | INFO    | epoch 17 | batch 2400/3143 | loss 0.4681 | acc 0.9634 | lr 6.75e-05 | 190s
2026-09-20 13:36:30 | INFO    | epoch 17 | batch 2420/3143 | loss 0.4680 | acc 0.9635 | lr 6.75e-05 | 191s
2026-09-20 13:36:31 | INFO    | epoch 17 | batch 2440/3143 | loss 0.4679 | acc 0.9635 | lr 6.74e-05 | 193s
2026-09-20 13:36:33 | INFO    | epoch 17 | batch 2460/3143 | loss 0.4679 | acc 0.9635 | lr 6.74e-05 | 194s
2026-09-20 13:36:34 | INFO    | epoch 17 | batch 2480/3143 | loss 0.4679 | acc 0.9635 | lr 6.74e-05 | 196s
2026-09-20 13:36:36 | INFO    | epoch 17 | batch 2500/3143 | loss 0.4679 | acc 0.9635 | lr 6.74e-05 | 197s
2026-09-20 13:36:38 | INFO    | epoch 17 | batch 2520/3143 | loss 0.4679 | acc 0.9634 | lr 6.73e-05 | 199s
2026-09-20 13:36:39 | INFO    | epoch 17 | batch 2540/3143 | loss 0.4679 | acc 0.9634 | lr 6.73e-05 | 201s
2026-09-20 13:36:41 | INFO    | epoch 17 | batch 2560/3143 | loss 0.4678 | acc 0.9635 | lr 6.73e-05 | 202s
2026-09-20 13:36:42 | INFO    | epoch 17 | batch 2580/3143 | loss 0.4677 | acc 0.9635 | lr 6.73e-05 | 204s
2026-09-20 13:36:44 | INFO    | epoch 17 | batch 2600/3143 | loss 0.4675 | acc 0.9636 | lr 6.72e-05 | 205s
2026-09-20 13:36:45 | INFO    | epoch 17 | batch 2620/3143 | loss 0.4674 | acc 0.9637 | lr 6.72e-05 | 207s
2026-09-20 13:36:47 | INFO    | epoch 17 | batch 2640/3143 | loss 0.4675 | acc 0.9636 | lr 6.72e-05 | 208s
2026-09-20 13:36:49 | INFO    | epoch 17 | batch 2660/3143 | loss 0.4677 | acc 0.9635 | lr 6.72e-05 | 210s
2026-09-20 13:36:50 | INFO    | epoch 17 | batch 2680/3143 | loss 0.4677 | acc 0.9635 | lr 6.71e-05 | 212s
2026-09-20 13:36:52 | INFO    | epoch 17 | batch 2700/3143 | loss 0.4675 | acc 0.9635 | lr 6.71e-05 | 213s
2026-09-20 13:36:53 | INFO    | epoch 17 | batch 2720/3143 | loss 0.4675 | acc 0.9635 | lr 6.71e-05 | 215s
2026-09-20 13:36:55 | INFO    | epoch 17 | batch 2740/3143 | loss 0.4675 | acc 0.9635 | lr 6.71e-05 | 216s
2026-09-20 13:36:57 | INFO    | epoch 17 | batch 2760/3143 | loss 0.4676 | acc 0.9635 | lr 6.70e-05 | 218s
2026-09-20 13:36:58 | INFO    | epoch 17 | batch 2780/3143 | loss 0.4676 | acc 0.9634 | lr 6.70e-05 | 220s
2026-09-20 13:37:00 | INFO    | epoch 17 | batch 2800/3143 | loss 0.4676 | acc 0.9635 | lr 6.70e-05 | 221s
2026-09-20 13:37:01 | INFO    | epoch 17 | batch 2820/3143 | loss 0.4677 | acc 0.9635 | lr 6.70e-05 | 223s
2026-09-20 13:37:03 | INFO    | epoch 17 | batch 2840/3143 | loss 0.4676 | acc 0.9635 | lr 6.69e-05 | 224s
2026-09-20 13:37:05 | INFO    | epoch 17 | batch 2860/3143 | loss 0.4675 | acc 0.9635 | lr 6.69e-05 | 226s
2026-09-20 13:37:06 | INFO    | epoch 17 | batch 2880/3143 | loss 0.4675 | acc 0.9635 | lr 6.69e-05 | 228s
2026-09-20 13:37:08 | INFO    | epoch 17 | batch 2900/3143 | loss 0.4675 | acc 0.9635 | lr 6.69e-05 | 229s
2026-09-20 13:37:09 | INFO    | epoch 17 | batch 2920/3143 | loss 0.4673 | acc 0.9636 | lr 6.68e-05 | 231s
2026-09-20 13:37:11 | INFO    | epoch 17 | batch 2940/3143 | loss 0.4674 | acc 0.9636 | lr 6.68e-05 | 232s
2026-09-20 13:37:13 | INFO    | epoch 17 | batch 2960/3143 | loss 0.4675 | acc 0.9635 | lr 6.68e-05 | 234s
2026-09-20 13:37:14 | INFO    | epoch 17 | batch 2980/3143 | loss 0.4673 | acc 0.9637 | lr 6.68e-05 | 236s
2026-09-20 13:37:16 | INFO    | epoch 17 | batch 3000/3143 | loss 0.4673 | acc 0.9636 | lr 6.67e-05 | 237s
2026-09-20 13:37:17 | INFO    | epoch 17 | batch 3020/3143 | loss 0.4674 | acc 0.9636 | lr 6.67e-05 | 239s
2026-09-20 13:37:19 | INFO    | epoch 17 | batch 3040/3143 | loss 0.4674 | acc 0.9636 | lr 6.67e-05 | 240s
2026-09-20 13:37:21 | INFO    | epoch 17 | batch 3060/3143 | loss 0.4674 | acc 0.9636 | lr 6.67e-05 | 242s
2026-09-20 13:37:22 | INFO    | epoch 17 | batch 3080/3143 | loss 0.4673 | acc 0.9637 | lr 6.67e-05 | 244s
2026-09-20 13:37:24 | INFO    | epoch 17 | batch 3100/3143 | loss 0.4673 | acc 0.9637 | lr 6.66e-05 | 245s
2026-09-20 13:37:25 | INFO    | epoch 17 | batch 3120/3143 | loss 0.4674 | acc 0.9637 | lr 6.66e-05 | 247s
2026-09-20 13:37:27 | INFO    | epoch 17 | batch 3140/3143 | loss 0.4673 | acc 0.9637 | lr 6.66e-05 | 248s
2026-09-20 13:37:27 | INFO    | epoch 17 | batch 3143/3143 | loss 0.4674 | acc 0.9637 | lr 6.66e-05 | 249s
2026-09-20 13:37:39 | INFO    | epoch 17/40 done in 260s | train loss 0.4674 | train running patch (aug): accuracy=0.9637 precision=0.9629 recall=0.9623 f1=0.9626
2026-09-20 13:37:39 | INFO    | epoch 17 train (eval, no aug) | loss 0.4200 | patch[7280]: accuracy=0.9867 precision=0.9863 recall=0.9858 f1=0.9861 | image[455]: accuracy=1.0000 precision=1.0000 recall=1.0000 f1=1.0000
2026-09-20 13:37:39 | INFO    | epoch 17 val | loss 1.1697 | patch[6048]: accuracy=0.6895 precision=0.6662 recall=0.6678 f1=0.6651 | image[96]: accuracy=0.7604 precision=0.7317 recall=0.7323 f1=0.7310
2026-09-20 13:37:39 | INFO    | val_patch_f1 = 0.6651 (best 0.6709 @ epoch 15)
2026-09-20 13:37:40 | INFO    | epoch 18 | batch 20/3143 | loss 0.4733 | acc 0.9578 | lr 6.65e-05 | 2s
2026-09-20 13:37:42 | INFO    | epoch 18 | batch 40/3143 | loss 0.4707 | acc 0.9594 | lr 6.65e-05 | 3s
2026-09-20 13:37:43 | INFO    | epoch 18 | batch 60/3143 | loss 0.4682 | acc 0.9615 | lr 6.65e-05 | 5s
2026-09-20 13:37:45 | INFO    | epoch 18 | batch 80/3143 | loss 0.4631 | acc 0.9645 | lr 6.65e-05 | 6s
2026-09-20 13:37:47 | INFO    | epoch 18 | batch 100/3143 | loss 0.4642 | acc 0.9650 | lr 6.64e-05 | 8s
2026-09-20 13:37:48 | INFO    | epoch 18 | batch 120/3143 | loss 0.4615 | acc 0.9672 | lr 6.64e-05 | 10s
2026-09-20 13:37:50 | INFO    | epoch 18 | batch 140/3143 | loss 0.4610 | acc 0.9661 | lr 6.64e-05 | 11s
2026-09-20 13:37:51 | INFO    | epoch 18 | batch 160/3143 | loss 0.4628 | acc 0.9652 | lr 6.64e-05 | 13s
2026-09-20 13:37:53 | INFO    | epoch 18 | batch 180/3143 | loss 0.4628 | acc 0.9653 | lr 6.64e-05 | 14s
2026-09-20 13:37:55 | INFO    | epoch 18 | batch 200/3143 | loss 0.4627 | acc 0.9658 | lr 6.63e-05 | 16s
2026-09-20 13:37:56 | INFO    | epoch 18 | batch 220/3143 | loss 0.4640 | acc 0.9645 | lr 6.63e-05 | 17s
2026-09-20 13:37:58 | INFO    | epoch 18 | batch 240/3143 | loss 0.4636 | acc 0.9647 | lr 6.63e-05 | 19s
2026-09-20 13:37:59 | INFO    | epoch 18 | batch 260/3143 | loss 0.4634 | acc 0.9644 | lr 6.63e-05 | 21s
2026-09-20 13:38:01 | INFO    | epoch 18 | batch 280/3143 | loss 0.4632 | acc 0.9647 | lr 6.62e-05 | 22s
2026-09-20 13:38:03 | INFO    | epoch 18 | batch 300/3143 | loss 0.4628 | acc 0.9652 | lr 6.62e-05 | 24s
2026-09-20 13:38:04 | INFO    | epoch 18 | batch 320/3143 | loss 0.4629 | acc 0.9651 | lr 6.62e-05 | 25s
2026-09-20 13:38:06 | INFO    | epoch 18 | batch 340/3143 | loss 0.4622 | acc 0.9654 | lr 6.62e-05 | 27s
2026-09-20 13:38:07 | INFO    | epoch 18 | batch 360/3143 | loss 0.4618 | acc 0.9659 | lr 6.61e-05 | 29s
2026-09-20 13:38:09 | INFO    | epoch 18 | batch 380/3143 | loss 0.4617 | acc 0.9657 | lr 6.61e-05 | 30s
2026-09-20 13:38:10 | INFO    | epoch 18 | batch 400/3143 | loss 0.4610 | acc 0.9659 | lr 6.61e-05 | 32s
2026-09-20 13:38:12 | INFO    | epoch 18 | batch 420/3143 | loss 0.4619 | acc 0.9655 | lr 6.61e-05 | 33s
2026-09-20 13:38:14 | INFO    | epoch 18 | batch 440/3143 | loss 0.4622 | acc 0.9656 | lr 6.60e-05 | 35s
2026-09-20 13:38:15 | INFO    | epoch 18 | batch 460/3143 | loss 0.4620 | acc 0.9658 | lr 6.60e-05 | 36s
2026-09-20 13:38:17 | INFO    | epoch 18 | batch 480/3143 | loss 0.4619 | acc 0.9659 | lr 6.60e-05 | 38s
2026-09-20 13:38:18 | INFO    | epoch 18 | batch 500/3143 | loss 0.4613 | acc 0.9660 | lr 6.60e-05 | 40s
2026-09-20 13:38:20 | INFO    | epoch 18 | batch 520/3143 | loss 0.4617 | acc 0.9660 | lr 6.59e-05 | 41s
2026-09-20 13:38:22 | INFO    | epoch 18 | batch 540/3143 | loss 0.4615 | acc 0.9660 | lr 6.59e-05 | 43s
2026-09-20 13:38:23 | INFO    | epoch 18 | batch 560/3143 | loss 0.4609 | acc 0.9664 | lr 6.59e-05 | 44s
2026-09-20 13:38:25 | INFO    | epoch 18 | batch 580/3143 | loss 0.4608 | acc 0.9665 | lr 6.59e-05 | 46s
2026-09-20 13:38:26 | INFO    | epoch 18 | batch 600/3143 | loss 0.4606 | acc 0.9665 | lr 6.58e-05 | 48s
2026-09-20 13:38:28 | INFO    | epoch 18 | batch 620/3143 | loss 0.4610 | acc 0.9663 | lr 6.58e-05 | 49s
2026-09-20 13:38:29 | INFO    | epoch 18 | batch 640/3143 | loss 0.4609 | acc 0.9664 | lr 6.58e-05 | 51s
2026-09-20 13:38:31 | INFO    | epoch 18 | batch 660/3143 | loss 0.4607 | acc 0.9665 | lr 6.58e-05 | 52s
2026-09-20 13:38:33 | INFO    | epoch 18 | batch 680/3143 | loss 0.4606 | acc 0.9666 | lr 6.57e-05 | 54s
2026-09-20 13:38:34 | INFO    | epoch 18 | batch 700/3143 | loss 0.4603 | acc 0.9668 | lr 6.57e-05 | 55s
2026-09-20 13:38:36 | INFO    | epoch 18 | batch 720/3143 | loss 0.4607 | acc 0.9667 | lr 6.57e-05 | 57s
2026-09-20 13:38:37 | INFO    | epoch 18 | batch 740/3143 | loss 0.4614 | acc 0.9664 | lr 6.57e-05 | 59s
2026-09-20 13:38:39 | INFO    | epoch 18 | batch 760/3143 | loss 0.4616 | acc 0.9662 | lr 6.56e-05 | 60s
2026-09-20 13:38:40 | INFO    | epoch 18 | batch 780/3143 | loss 0.4616 | acc 0.9663 | lr 6.56e-05 | 62s
2026-09-20 13:38:42 | INFO    | epoch 18 | batch 800/3143 | loss 0.4621 | acc 0.9662 | lr 6.56e-05 | 63s
2026-09-20 13:38:44 | INFO    | epoch 18 | batch 820/3143 | loss 0.4619 | acc 0.9662 | lr 6.56e-05 | 65s
2026-09-20 13:38:45 | INFO    | epoch 18 | batch 840/3143 | loss 0.4623 | acc 0.9661 | lr 6.55e-05 | 66s
2026-09-20 13:38:47 | INFO    | epoch 18 | batch 860/3143 | loss 0.4623 | acc 0.9661 | lr 6.55e-05 | 68s
2026-09-20 13:38:48 | INFO    | epoch 18 | batch 880/3143 | loss 0.4629 | acc 0.9657 | lr 6.55e-05 | 70s
2026-09-20 13:38:50 | INFO    | epoch 18 | batch 900/3143 | loss 0.4627 | acc 0.9659 | lr 6.55e-05 | 71s
2026-09-20 13:38:51 | INFO    | epoch 18 | batch 920/3143 | loss 0.4629 | acc 0.9659 | lr 6.54e-05 | 73s
2026-09-20 13:38:53 | INFO    | epoch 18 | batch 940/3143 | loss 0.4624 | acc 0.9661 | lr 6.54e-05 | 74s
2026-09-20 13:38:55 | INFO    | epoch 18 | batch 960/3143 | loss 0.4626 | acc 0.9659 | lr 6.54e-05 | 76s
2026-09-20 13:38:56 | INFO    | epoch 18 | batch 980/3143 | loss 0.4628 | acc 0.9657 | lr 6.54e-05 | 78s
2026-09-20 13:38:58 | INFO    | epoch 18 | batch 1000/3143 | loss 0.4628 | acc 0.9656 | lr 6.53e-05 | 79s
2026-09-20 13:38:59 | INFO    | epoch 18 | batch 1020/3143 | loss 0.4629 | acc 0.9655 | lr 6.53e-05 | 81s
2026-09-20 13:39:01 | INFO    | epoch 18 | batch 1040/3143 | loss 0.4632 | acc 0.9652 | lr 6.53e-05 | 82s
2026-09-20 13:39:03 | INFO    | epoch 18 | batch 1060/3143 | loss 0.4631 | acc 0.9652 | lr 6.53e-05 | 84s
2026-09-20 13:39:04 | INFO    | epoch 18 | batch 1080/3143 | loss 0.4630 | acc 0.9653 | lr 6.52e-05 | 85s
2026-09-20 13:39:06 | INFO    | epoch 18 | batch 1100/3143 | loss 0.4630 | acc 0.9653 | lr 6.52e-05 | 87s
2026-09-20 13:39:07 | INFO    | epoch 18 | batch 1120/3143 | loss 0.4629 | acc 0.9654 | lr 6.52e-05 | 89s
2026-09-20 13:39:09 | INFO    | epoch 18 | batch 1140/3143 | loss 0.4625 | acc 0.9657 | lr 6.52e-05 | 90s
2026-09-20 13:39:10 | INFO    | epoch 18 | batch 1160/3143 | loss 0.4629 | acc 0.9656 | lr 6.51e-05 | 92s
2026-09-20 13:39:12 | INFO    | epoch 18 | batch 1180/3143 | loss 0.4629 | acc 0.9655 | lr 6.51e-05 | 93s
2026-09-20 13:39:14 | INFO    | epoch 18 | batch 1200/3143 | loss 0.4630 | acc 0.9655 | lr 6.51e-05 | 95s
2026-09-20 13:39:15 | INFO    | epoch 18 | batch 1220/3143 | loss 0.4629 | acc 0.9655 | lr 6.51e-05 | 97s
2026-09-20 13:39:17 | INFO    | epoch 18 | batch 1240/3143 | loss 0.4628 | acc 0.9655 | lr 6.50e-05 | 98s
2026-09-20 13:39:18 | INFO    | epoch 18 | batch 1260/3143 | loss 0.4628 | acc 0.9656 | lr 6.50e-05 | 100s
2026-09-20 13:39:20 | INFO    | epoch 18 | batch 1280/3143 | loss 0.4631 | acc 0.9655 | lr 6.50e-05 | 101s
2026-09-20 13:39:22 | INFO    | epoch 18 | batch 1300/3143 | loss 0.4630 | acc 0.9655 | lr 6.50e-05 | 103s
2026-09-20 13:39:23 | INFO    | epoch 18 | batch 1320/3143 | loss 0.4630 | acc 0.9656 | lr 6.49e-05 | 105s
2026-09-20 13:39:25 | INFO    | epoch 18 | batch 1340/3143 | loss 0.4635 | acc 0.9652 | lr 6.49e-05 | 106s
2026-09-20 13:39:26 | INFO    | epoch 18 | batch 1360/3143 | loss 0.4631 | acc 0.9654 | lr 6.49e-05 | 108s
2026-09-20 13:39:28 | INFO    | epoch 18 | batch 1380/3143 | loss 0.4632 | acc 0.9655 | lr 6.49e-05 | 109s
2026-09-20 13:39:29 | INFO    | epoch 18 | batch 1400/3143 | loss 0.4632 | acc 0.9654 | lr 6.48e-05 | 111s
2026-09-20 13:39:31 | INFO    | epoch 18 | batch 1420/3143 | loss 0.4630 | acc 0.9655 | lr 6.48e-05 | 112s
2026-09-20 13:39:33 | INFO    | epoch 18 | batch 1440/3143 | loss 0.4633 | acc 0.9653 | lr 6.48e-05 | 114s
2026-09-20 13:39:34 | INFO    | epoch 18 | batch 1460/3143 | loss 0.4633 | acc 0.9653 | lr 6.48e-05 | 116s
2026-09-20 13:39:36 | INFO    | epoch 18 | batch 1480/3143 | loss 0.4630 | acc 0.9654 | lr 6.47e-05 | 117s
2026-09-20 13:39:37 | INFO    | epoch 18 | batch 1500/3143 | loss 0.4631 | acc 0.9654 | lr 6.47e-05 | 119s
2026-09-20 13:39:39 | INFO    | epoch 18 | batch 1520/3143 | loss 0.4630 | acc 0.9655 | lr 6.47e-05 | 120s
2026-09-20 13:39:41 | INFO    | epoch 18 | batch 1540/3143 | loss 0.4629 | acc 0.9655 | lr 6.47e-05 | 122s
2026-09-20 13:39:42 | INFO    | epoch 18 | batch 1560/3143 | loss 0.4630 | acc 0.9654 | lr 6.46e-05 | 123s
2026-09-20 13:39:44 | INFO    | epoch 18 | batch 1580/3143 | loss 0.4630 | acc 0.9654 | lr 6.46e-05 | 125s
2026-09-20 13:39:45 | INFO    | epoch 18 | batch 1600/3143 | loss 0.4628 | acc 0.9656 | lr 6.46e-05 | 127s
2026-09-20 13:39:47 | INFO    | epoch 18 | batch 1620/3143 | loss 0.4625 | acc 0.9657 | lr 6.46e-05 | 128s
2026-09-20 13:39:48 | INFO    | epoch 18 | batch 1640/3143 | loss 0.4626 | acc 0.9657 | lr 6.45e-05 | 130s
2026-09-20 13:39:50 | INFO    | epoch 18 | batch 1660/3143 | loss 0.4626 | acc 0.9656 | lr 6.45e-05 | 131s
2026-09-20 13:39:52 | INFO    | epoch 18 | batch 1680/3143 | loss 0.4626 | acc 0.9657 | lr 6.45e-05 | 133s
2026-09-20 13:39:53 | INFO    | epoch 18 | batch 1700/3143 | loss 0.4625 | acc 0.9658 | lr 6.45e-05 | 135s
2026-09-20 13:39:55 | INFO    | epoch 18 | batch 1720/3143 | loss 0.4621 | acc 0.9660 | lr 6.44e-05 | 136s
2026-09-20 13:39:56 | INFO    | epoch 18 | batch 1740/3143 | loss 0.4622 | acc 0.9660 | lr 6.44e-05 | 138s
2026-09-20 13:39:58 | INFO    | epoch 18 | batch 1760/3143 | loss 0.4621 | acc 0.9660 | lr 6.44e-05 | 139s
2026-09-20 13:39:59 | INFO    | epoch 18 | batch 1780/3143 | loss 0.4619 | acc 0.9662 | lr 6.44e-05 | 141s
2026-09-20 13:40:01 | INFO    | epoch 18 | batch 1800/3143 | loss 0.4617 | acc 0.9662 | lr 6.43e-05 | 142s
2026-09-20 13:40:03 | INFO    | epoch 18 | batch 1820/3143 | loss 0.4618 | acc 0.9661 | lr 6.43e-05 | 144s
2026-09-20 13:40:04 | INFO    | epoch 18 | batch 1840/3143 | loss 0.4619 | acc 0.9662 | lr 6.43e-05 | 146s
2026-09-20 13:40:06 | INFO    | epoch 18 | batch 1860/3143 | loss 0.4620 | acc 0.9662 | lr 6.43e-05 | 147s
2026-09-20 13:40:07 | INFO    | epoch 18 | batch 1880/3143 | loss 0.4620 | acc 0.9662 | lr 6.42e-05 | 149s
2026-09-20 13:40:09 | INFO    | epoch 18 | batch 1900/3143 | loss 0.4620 | acc 0.9662 | lr 6.42e-05 | 150s
2026-09-20 13:40:11 | INFO    | epoch 18 | batch 1920/3143 | loss 0.4621 | acc 0.9661 | lr 6.42e-05 | 152s
2026-09-20 13:40:12 | INFO    | epoch 18 | batch 1940/3143 | loss 0.4621 | acc 0.9661 | lr 6.42e-05 | 153s
2026-09-20 13:40:14 | INFO    | epoch 18 | batch 1960/3143 | loss 0.4620 | acc 0.9661 | lr 6.41e-05 | 155s
2026-09-20 13:40:15 | INFO    | epoch 18 | batch 1980/3143 | loss 0.4619 | acc 0.9662 | lr 6.41e-05 | 157s
2026-09-20 13:40:17 | INFO    | epoch 18 | batch 2000/3143 | loss 0.4618 | acc 0.9661 | lr 6.41e-05 | 158s
2026-09-20 13:40:19 | INFO    | epoch 18 | batch 2020/3143 | loss 0.4618 | acc 0.9662 | lr 6.41e-05 | 160s
2026-09-20 13:40:20 | INFO    | epoch 18 | batch 2040/3143 | loss 0.4617 | acc 0.9662 | lr 6.40e-05 | 161s
2026-09-20 13:40:22 | INFO    | epoch 18 | batch 2060/3143 | loss 0.4617 | acc 0.9662 | lr 6.40e-05 | 163s
2026-09-20 13:40:23 | INFO    | epoch 18 | batch 2080/3143 | loss 0.4617 | acc 0.9663 | lr 6.40e-05 | 165s
2026-09-20 13:40:25 | INFO    | epoch 18 | batch 2100/3143 | loss 0.4617 | acc 0.9663 | lr 6.40e-05 | 166s
2026-09-20 13:40:26 | INFO    | epoch 18 | batch 2120/3143 | loss 0.4617 | acc 0.9662 | lr 6.39e-05 | 168s
2026-09-20 13:40:28 | INFO    | epoch 18 | batch 2140/3143 | loss 0.4618 | acc 0.9662 | lr 6.39e-05 | 169s
2026-09-20 13:40:30 | INFO    | epoch 18 | batch 2160/3143 | loss 0.4618 | acc 0.9662 | lr 6.39e-05 | 171s
2026-09-20 13:40:31 | INFO    | epoch 18 | batch 2180/3143 | loss 0.4618 | acc 0.9662 | lr 6.39e-05 | 173s
2026-09-20 13:40:33 | INFO    | epoch 18 | batch 2200/3143 | loss 0.4617 | acc 0.9662 | lr 6.38e-05 | 174s
2026-09-20 13:40:34 | INFO    | epoch 18 | batch 2220/3143 | loss 0.4616 | acc 0.9663 | lr 6.38e-05 | 176s
2026-09-20 13:40:36 | INFO    | epoch 18 | batch 2240/3143 | loss 0.4616 | acc 0.9663 | lr 6.38e-05 | 177s
2026-09-20 13:40:37 | INFO    | epoch 18 | batch 2260/3143 | loss 0.4616 | acc 0.9662 | lr 6.38e-05 | 179s
2026-09-20 13:40:39 | INFO    | epoch 18 | batch 2280/3143 | loss 0.4616 | acc 0.9662 | lr 6.37e-05 | 180s
2026-09-20 13:40:41 | INFO    | epoch 18 | batch 2300/3143 | loss 0.4615 | acc 0.9663 | lr 6.37e-05 | 182s
2026-09-20 13:40:42 | INFO    | epoch 18 | batch 2320/3143 | loss 0.4615 | acc 0.9662 | lr 6.37e-05 | 184s
2026-09-20 13:40:44 | INFO    | epoch 18 | batch 2340/3143 | loss 0.4617 | acc 0.9662 | lr 6.37e-05 | 185s
2026-09-20 13:40:45 | INFO    | epoch 18 | batch 2360/3143 | loss 0.4618 | acc 0.9661 | lr 6.36e-05 | 187s
2026-09-20 13:40:47 | INFO    | epoch 18 | batch 2380/3143 | loss 0.4619 | acc 0.9660 | lr 6.36e-05 | 188s
2026-09-20 13:40:48 | INFO    | epoch 18 | batch 2400/3143 | loss 0.4618 | acc 0.9660 | lr 6.36e-05 | 190s
2026-09-20 13:40:50 | INFO    | epoch 18 | batch 2420/3143 | loss 0.4620 | acc 0.9659 | lr 6.36e-05 | 191s
2026-09-20 13:40:52 | INFO    | epoch 18 | batch 2440/3143 | loss 0.4620 | acc 0.9659 | lr 6.35e-05 | 193s
2026-09-20 13:40:53 | INFO    | epoch 18 | batch 2460/3143 | loss 0.4621 | acc 0.9659 | lr 6.35e-05 | 195s
2026-09-20 13:40:55 | INFO    | epoch 18 | batch 2480/3143 | loss 0.4619 | acc 0.9660 | lr 6.35e-05 | 196s
2026-09-20 13:40:56 | INFO    | epoch 18 | batch 2500/3143 | loss 0.4618 | acc 0.9660 | lr 6.35e-05 | 198s
2026-09-20 13:40:58 | INFO    | epoch 18 | batch 2520/3143 | loss 0.4616 | acc 0.9661 | lr 6.34e-05 | 199s
2026-09-20 13:41:00 | INFO    | epoch 18 | batch 2540/3143 | loss 0.4618 | acc 0.9661 | lr 6.34e-05 | 201s
2026-09-20 13:41:01 | INFO    | epoch 18 | batch 2560/3143 | loss 0.4618 | acc 0.9660 | lr 6.34e-05 | 202s
2026-09-20 13:41:03 | INFO    | epoch 18 | batch 2580/3143 | loss 0.4618 | acc 0.9660 | lr 6.34e-05 | 204s
2026-09-20 13:41:04 | INFO    | epoch 18 | batch 2600/3143 | loss 0.4617 | acc 0.9661 | lr 6.33e-05 | 206s
2026-09-20 13:41:06 | INFO    | epoch 18 | batch 2620/3143 | loss 0.4617 | acc 0.9661 | lr 6.33e-05 | 207s
2026-09-20 13:41:07 | INFO    | epoch 18 | batch 2640/3143 | loss 0.4619 | acc 0.9661 | lr 6.33e-05 | 209s
2026-09-20 13:41:09 | INFO    | epoch 18 | batch 2660/3143 | loss 0.4618 | acc 0.9661 | lr 6.33e-05 | 210s
2026-09-20 13:41:11 | INFO    | epoch 18 | batch 2680/3143 | loss 0.4618 | acc 0.9661 | lr 6.32e-05 | 212s
2026-09-20 13:41:12 | INFO    | epoch 18 | batch 2700/3143 | loss 0.4618 | acc 0.9661 | lr 6.32e-05 | 214s
2026-09-20 13:41:14 | INFO    | epoch 18 | batch 2720/3143 | loss 0.4617 | acc 0.9661 | lr 6.32e-05 | 215s
2026-09-20 13:41:15 | INFO    | epoch 18 | batch 2740/3143 | loss 0.4618 | acc 0.9661 | lr 6.32e-05 | 217s
2026-09-20 13:41:17 | INFO    | epoch 18 | batch 2760/3143 | loss 0.4619 | acc 0.9661 | lr 6.31e-05 | 218s
2026-09-20 13:41:19 | INFO    | epoch 18 | batch 2780/3143 | loss 0.4618 | acc 0.9661 | lr 6.31e-05 | 220s
2026-09-20 13:41:20 | INFO    | epoch 18 | batch 2800/3143 | loss 0.4619 | acc 0.9660 | lr 6.31e-05 | 221s
2026-09-20 13:41:22 | INFO    | epoch 18 | batch 2820/3143 | loss 0.4620 | acc 0.9661 | lr 6.31e-05 | 223s
2026-09-20 13:41:23 | INFO    | epoch 18 | batch 2840/3143 | loss 0.4619 | acc 0.9661 | lr 6.30e-05 | 225s
2026-09-20 13:41:25 | INFO    | epoch 18 | batch 2860/3143 | loss 0.4618 | acc 0.9661 | lr 6.30e-05 | 226s
2026-09-20 13:41:26 | INFO    | epoch 18 | batch 2880/3143 | loss 0.4617 | acc 0.9662 | lr 6.30e-05 | 228s
2026-09-20 13:41:28 | INFO    | epoch 18 | batch 2900/3143 | loss 0.4618 | acc 0.9661 | lr 6.30e-05 | 229s
2026-09-20 13:41:30 | INFO    | epoch 18 | batch 2920/3143 | loss 0.4618 | acc 0.9661 | lr 6.29e-05 | 231s
2026-09-20 13:41:31 | INFO    | epoch 18 | batch 2940/3143 | loss 0.4617 | acc 0.9661 | lr 6.29e-05 | 233s
2026-09-20 13:41:33 | INFO    | epoch 18 | batch 2960/3143 | loss 0.4617 | acc 0.9661 | lr 6.29e-05 | 234s
2026-09-20 13:41:34 | INFO    | epoch 18 | batch 2980/3143 | loss 0.4616 | acc 0.9662 | lr 6.29e-05 | 236s
2026-09-20 13:41:36 | INFO    | epoch 18 | batch 3000/3143 | loss 0.4615 | acc 0.9662 | lr 6.28e-05 | 237s
2026-09-20 13:41:38 | INFO    | epoch 18 | batch 3020/3143 | loss 0.4615 | acc 0.9662 | lr 6.28e-05 | 239s
2026-09-20 13:41:39 | INFO    | epoch 18 | batch 3040/3143 | loss 0.4615 | acc 0.9662 | lr 6.28e-05 | 240s
2026-09-20 13:41:41 | INFO    | epoch 18 | batch 3060/3143 | loss 0.4614 | acc 0.9662 | lr 6.28e-05 | 242s
2026-09-20 13:41:42 | INFO    | epoch 18 | batch 3080/3143 | loss 0.4613 | acc 0.9663 | lr 6.27e-05 | 244s
2026-09-20 13:41:44 | INFO    | epoch 18 | batch 3100/3143 | loss 0.4613 | acc 0.9663 | lr 6.27e-05 | 245s
2026-09-20 13:41:45 | INFO    | epoch 18 | batch 3120/3143 | loss 0.4614 | acc 0.9662 | lr 6.27e-05 | 247s
2026-09-20 13:41:47 | INFO    | epoch 18 | batch 3140/3143 | loss 0.4614 | acc 0.9662 | lr 6.27e-05 | 248s
2026-09-20 13:41:47 | INFO    | epoch 18 | batch 3143/3143 | loss 0.4614 | acc 0.9662 | lr 6.27e-05 | 249s
2026-09-20 13:41:59 | INFO    | epoch 18/40 done in 260s | train loss 0.4614 | train running patch (aug): accuracy=0.9662 precision=0.9656 recall=0.9649 f1=0.9652
2026-09-20 13:41:59 | INFO    | epoch 18 train (eval, no aug) | loss 0.4118 | patch[7280]: accuracy=0.9891 precision=0.9893 recall=0.9881 f1=0.9887 | image[455]: accuracy=1.0000 precision=1.0000 recall=1.0000 f1=1.0000
2026-09-20 13:41:59 | INFO    | epoch 18 val | loss 1.1599 | patch[6048]: accuracy=0.6901 precision=0.6699 recall=0.6708 f1=0.6698 | image[96]: accuracy=0.7292 precision=0.7014 recall=0.7027 f1=0.7017
2026-09-20 13:41:59 | INFO    | val_patch_f1 = 0.6698 (best 0.6709 @ epoch 15)
2026-09-20 13:42:00 | INFO    | epoch 19 | batch 20/3143 | loss 0.4659 | acc 0.9594 | lr 6.26e-05 | 2s
2026-09-20 13:42:02 | INFO    | epoch 19 | batch 40/3143 | loss 0.4581 | acc 0.9672 | lr 6.26e-05 | 3s
2026-09-20 13:42:04 | INFO    | epoch 19 | batch 60/3143 | loss 0.4544 | acc 0.9693 | lr 6.26e-05 | 5s
2026-09-20 13:42:05 | INFO    | epoch 19 | batch 80/3143 | loss 0.4554 | acc 0.9695 | lr 6.26e-05 | 7s
2026-09-20 13:42:07 | INFO    | epoch 19 | batch 100/3143 | loss 0.4557 | acc 0.9694 | lr 6.25e-05 | 8s
2026-09-20 13:42:09 | INFO    | epoch 19 | batch 120/3143 | loss 0.4551 | acc 0.9693 | lr 6.25e-05 | 10s
2026-09-20 13:42:10 | INFO    | epoch 19 | batch 140/3143 | loss 0.4559 | acc 0.9692 | lr 6.25e-05 | 11s
2026-09-20 13:42:12 | INFO    | epoch 19 | batch 160/3143 | loss 0.4583 | acc 0.9680 | lr 6.24e-05 | 13s
2026-09-20 13:42:13 | INFO    | epoch 19 | batch 180/3143 | loss 0.4579 | acc 0.9677 | lr 6.24e-05 | 15s
2026-09-20 13:42:15 | INFO    | epoch 19 | batch 200/3143 | loss 0.4593 | acc 0.9669 | lr 6.24e-05 | 16s
2026-09-20 13:42:16 | INFO    | epoch 19 | batch 220/3143 | loss 0.4590 | acc 0.9672 | lr 6.24e-05 | 18s
2026-09-20 13:42:18 | INFO    | epoch 19 | batch 240/3143 | loss 0.4577 | acc 0.9677 | lr 6.23e-05 | 19s
2026-09-20 13:42:20 | INFO    | epoch 19 | batch 260/3143 | loss 0.4569 | acc 0.9681 | lr 6.23e-05 | 21s
2026-09-20 13:42:21 | INFO    | epoch 19 | batch 280/3143 | loss 0.4564 | acc 0.9685 | lr 6.23e-05 | 22s
2026-09-20 13:42:23 | INFO    | epoch 19 | batch 300/3143 | loss 0.4558 | acc 0.9690 | lr 6.23e-05 | 24s
2026-09-20 13:42:24 | INFO    | epoch 19 | batch 320/3143 | loss 0.4560 | acc 0.9688 | lr 6.22e-05 | 26s
2026-09-20 13:42:26 | INFO    | epoch 19 | batch 340/3143 | loss 0.4563 | acc 0.9687 | lr 6.22e-05 | 27s
2026-09-20 13:42:27 | INFO    | epoch 19 | batch 360/3143 | loss 0.4560 | acc 0.9689 | lr 6.22e-05 | 29s
2026-09-20 13:42:29 | INFO    | epoch 19 | batch 380/3143 | loss 0.4558 | acc 0.9691 | lr 6.22e-05 | 30s
2026-09-20 13:42:31 | INFO    | epoch 19 | batch 400/3143 | loss 0.4562 | acc 0.9689 | lr 6.21e-05 | 32s
2026-09-20 13:42:32 | INFO    | epoch 19 | batch 420/3143 | loss 0.4556 | acc 0.9690 | lr 6.21e-05 | 34s
2026-09-20 13:42:34 | INFO    | epoch 19 | batch 440/3143 | loss 0.4562 | acc 0.9688 | lr 6.21e-05 | 35s
2026-09-20 13:42:35 | INFO    | epoch 19 | batch 460/3143 | loss 0.4554 | acc 0.9692 | lr 6.21e-05 | 37s
2026-09-20 13:42:37 | INFO    | epoch 19 | batch 480/3143 | loss 0.4547 | acc 0.9695 | lr 6.20e-05 | 38s
2026-09-20 13:42:39 | INFO    | epoch 19 | batch 500/3143 | loss 0.4545 | acc 0.9694 | lr 6.20e-05 | 40s
2026-09-20 13:42:40 | INFO    | epoch 19 | batch 520/3143 | loss 0.4543 | acc 0.9697 | lr 6.20e-05 | 41s
2026-09-20 13:42:42 | INFO    | epoch 19 | batch 540/3143 | loss 0.4544 | acc 0.9696 | lr 6.20e-05 | 43s
2026-09-20 13:42:43 | INFO    | epoch 19 | batch 560/3143 | loss 0.4548 | acc 0.9695 | lr 6.19e-05 | 45s
2026-09-20 13:42:45 | INFO    | epoch 19 | batch 580/3143 | loss 0.4542 | acc 0.9698 | lr 6.19e-05 | 46s
2026-09-20 13:42:46 | INFO    | epoch 19 | batch 600/3143 | loss 0.4550 | acc 0.9695 | lr 6.19e-05 | 48s
2026-09-20 13:42:48 | INFO    | epoch 19 | batch 620/3143 | loss 0.4543 | acc 0.9698 | lr 6.19e-05 | 49s
2026-09-20 13:42:50 | INFO    | epoch 19 | batch 640/3143 | loss 0.4544 | acc 0.9695 | lr 6.18e-05 | 51s
2026-09-20 13:42:51 | INFO    | epoch 19 | batch 660/3143 | loss 0.4551 | acc 0.9694 | lr 6.18e-05 | 53s
2026-09-20 13:42:53 | INFO    | epoch 19 | batch 680/3143 | loss 0.4547 | acc 0.9695 | lr 6.18e-05 | 54s
2026-09-20 13:42:54 | INFO    | epoch 19 | batch 700/3143 | loss 0.4548 | acc 0.9695 | lr 6.18e-05 | 56s
2026-09-20 13:42:56 | INFO    | epoch 19 | batch 720/3143 | loss 0.4549 | acc 0.9696 | lr 6.17e-05 | 57s
2026-09-20 13:42:57 | INFO    | epoch 19 | batch 740/3143 | loss 0.4553 | acc 0.9696 | lr 6.17e-05 | 59s
2026-09-20 13:42:59 | INFO    | epoch 19 | batch 760/3143 | loss 0.4560 | acc 0.9692 | lr 6.17e-05 | 60s
2026-09-20 13:43:01 | INFO    | epoch 19 | batch 780/3143 | loss 0.4560 | acc 0.9692 | lr 6.17e-05 | 62s
2026-09-20 13:43:02 | INFO    | epoch 19 | batch 800/3143 | loss 0.4563 | acc 0.9691 | lr 6.16e-05 | 64s
2026-09-20 13:43:04 | INFO    | epoch 19 | batch 820/3143 | loss 0.4564 | acc 0.9690 | lr 6.16e-05 | 65s
2026-09-20 13:43:05 | INFO    | epoch 19 | batch 840/3143 | loss 0.4568 | acc 0.9687 | lr 6.16e-05 | 67s
2026-09-20 13:43:07 | INFO    | epoch 19 | batch 860/3143 | loss 0.4572 | acc 0.9686 | lr 6.16e-05 | 68s
2026-09-20 13:43:09 | INFO    | epoch 19 | batch 880/3143 | loss 0.4577 | acc 0.9683 | lr 6.15e-05 | 70s
2026-09-20 13:43:10 | INFO    | epoch 19 | batch 900/3143 | loss 0.4574 | acc 0.9684 | lr 6.15e-05 | 71s
2026-09-20 13:43:12 | INFO    | epoch 19 | batch 920/3143 | loss 0.4571 | acc 0.9685 | lr 6.15e-05 | 73s
2026-09-20 13:43:13 | INFO    | epoch 19 | batch 940/3143 | loss 0.4567 | acc 0.9688 | lr 6.15e-05 | 75s
2026-09-20 13:43:15 | INFO    | epoch 19 | batch 960/3143 | loss 0.4565 | acc 0.9688 | lr 6.14e-05 | 76s
2026-09-20 13:43:16 | INFO    | epoch 19 | batch 980/3143 | loss 0.4566 | acc 0.9688 | lr 6.14e-05 | 78s
2026-09-20 13:43:18 | INFO    | epoch 19 | batch 1000/3143 | loss 0.4567 | acc 0.9688 | lr 6.14e-05 | 79s
2026-09-20 13:43:20 | INFO    | epoch 19 | batch 1020/3143 | loss 0.4564 | acc 0.9689 | lr 6.14e-05 | 81s
2026-09-20 13:43:21 | INFO    | epoch 19 | batch 1040/3143 | loss 0.4565 | acc 0.9689 | lr 6.13e-05 | 83s
2026-09-20 13:43:23 | INFO    | epoch 19 | batch 1060/3143 | loss 0.4564 | acc 0.9690 | lr 6.13e-05 | 84s
2026-09-20 13:43:24 | INFO    | epoch 19 | batch 1080/3143 | loss 0.4563 | acc 0.9691 | lr 6.13e-05 | 86s
2026-09-20 13:43:26 | INFO    | epoch 19 | batch 1100/3143 | loss 0.4560 | acc 0.9691 | lr 6.13e-05 | 87s
2026-09-20 13:43:27 | INFO    | epoch 19 | batch 1120/3143 | loss 0.4559 | acc 0.9692 | lr 6.12e-05 | 89s
2026-09-20 13:43:29 | INFO    | epoch 19 | batch 1140/3143 | loss 0.4563 | acc 0.9689 | lr 6.12e-05 | 90s
2026-09-20 13:43:31 | INFO    | epoch 19 | batch 1160/3143 | loss 0.4566 | acc 0.9688 | lr 6.12e-05 | 92s
2026-09-20 13:43:32 | INFO    | epoch 19 | batch 1180/3143 | loss 0.4565 | acc 0.9689 | lr 6.12e-05 | 94s
2026-09-20 13:43:34 | INFO    | epoch 19 | batch 1200/3143 | loss 0.4565 | acc 0.9688 | lr 6.11e-05 | 95s
2026-09-20 13:43:35 | INFO    | epoch 19 | batch 1220/3143 | loss 0.4566 | acc 0.9687 | lr 6.11e-05 | 97s
2026-09-20 13:43:37 | INFO    | epoch 19 | batch 1240/3143 | loss 0.4565 | acc 0.9688 | lr 6.11e-05 | 98s
2026-09-20 13:43:38 | INFO    | epoch 19 | batch 1260/3143 | loss 0.4565 | acc 0.9688 | lr 6.11e-05 | 100s
2026-09-20 13:43:40 | INFO    | epoch 19 | batch 1280/3143 | loss 0.4564 | acc 0.9689 | lr 6.10e-05 | 101s
2026-09-20 13:43:42 | INFO    | epoch 19 | batch 1300/3143 | loss 0.4562 | acc 0.9691 | lr 6.10e-05 | 103s
2026-09-20 13:43:43 | INFO    | epoch 19 | batch 1320/3143 | loss 0.4563 | acc 0.9691 | lr 6.10e-05 | 105s
2026-09-20 13:43:45 | INFO    | epoch 19 | batch 1340/3143 | loss 0.4561 | acc 0.9692 | lr 6.10e-05 | 106s
2026-09-20 13:43:46 | INFO    | epoch 19 | batch 1360/3143 | loss 0.4563 | acc 0.9691 | lr 6.09e-05 | 108s
2026-09-20 13:43:48 | INFO    | epoch 19 | batch 1380/3143 | loss 0.4563 | acc 0.9691 | lr 6.09e-05 | 109s
2026-09-20 13:43:49 | INFO    | epoch 19 | batch 1400/3143 | loss 0.4562 | acc 0.9691 | lr 6.09e-05 | 111s
2026-09-20 13:43:51 | INFO    | epoch 19 | batch 1420/3143 | loss 0.4561 | acc 0.9692 | lr 6.09e-05 | 112s
2026-09-20 13:43:53 | INFO    | epoch 19 | batch 1440/3143 | loss 0.4559 | acc 0.9693 | lr 6.08e-05 | 114s
2026-09-20 13:43:54 | INFO    | epoch 19 | batch 1460/3143 | loss 0.4559 | acc 0.9692 | lr 6.08e-05 | 116s
2026-09-20 13:43:56 | INFO    | epoch 19 | batch 1480/3143 | loss 0.4557 | acc 0.9693 | lr 6.08e-05 | 117s
2026-09-20 13:43:58 | INFO    | epoch 19 | batch 1500/3143 | loss 0.4558 | acc 0.9692 | lr 6.07e-05 | 119s
2026-09-20 13:43:59 | INFO    | epoch 19 | batch 1520/3143 | loss 0.4559 | acc 0.9693 | lr 6.07e-05 | 120s
2026-09-20 13:44:01 | INFO    | epoch 19 | batch 1540/3143 | loss 0.4563 | acc 0.9691 | lr 6.07e-05 | 122s
2026-09-20 13:44:02 | INFO    | epoch 19 | batch 1560/3143 | loss 0.4566 | acc 0.9689 | lr 6.07e-05 | 124s
2026-09-20 13:44:04 | INFO    | epoch 19 | batch 1580/3143 | loss 0.4565 | acc 0.9689 | lr 6.06e-05 | 125s
2026-09-20 13:44:05 | INFO    | epoch 19 | batch 1600/3143 | loss 0.4566 | acc 0.9689 | lr 6.06e-05 | 127s
2026-09-20 13:44:07 | INFO    | epoch 19 | batch 1620/3143 | loss 0.4565 | acc 0.9688 | lr 6.06e-05 | 128s
2026-09-20 13:44:09 | INFO    | epoch 19 | batch 1640/3143 | loss 0.4566 | acc 0.9687 | lr 6.06e-05 | 130s
2026-09-20 13:44:10 | INFO    | epoch 19 | batch 1660/3143 | loss 0.4564 | acc 0.9688 | lr 6.05e-05 | 132s
2026-09-20 13:44:12 | INFO    | epoch 19 | batch 1680/3143 | loss 0.4564 | acc 0.9690 | lr 6.05e-05 | 133s
2026-09-20 13:44:13 | INFO    | epoch 19 | batch 1700/3143 | loss 0.4563 | acc 0.9690 | lr 6.05e-05 | 135s
2026-09-20 13:44:15 | INFO    | epoch 19 | batch 1720/3143 | loss 0.4566 | acc 0.9689 | lr 6.05e-05 | 136s
2026-09-20 13:44:16 | INFO    | epoch 19 | batch 1740/3143 | loss 0.4564 | acc 0.9690 | lr 6.04e-05 | 138s
2026-09-20 13:44:18 | INFO    | epoch 19 | batch 1760/3143 | loss 0.4563 | acc 0.9690 | lr 6.04e-05 | 139s
2026-09-20 13:44:20 | INFO    | epoch 19 | batch 1780/3143 | loss 0.4562 | acc 0.9691 | lr 6.04e-05 | 141s
2026-09-20 13:44:21 | INFO    | epoch 19 | batch 1800/3143 | loss 0.4563 | acc 0.9690 | lr 6.04e-05 | 143s
2026-09-20 13:44:23 | INFO    | epoch 19 | batch 1820/3143 | loss 0.4563 | acc 0.9689 | lr 6.03e-05 | 144s
2026-09-20 13:44:24 | INFO    | epoch 19 | batch 1840/3143 | loss 0.4566 | acc 0.9687 | lr 6.03e-05 | 146s
2026-09-20 13:44:26 | INFO    | epoch 19 | batch 1860/3143 | loss 0.4563 | acc 0.9689 | lr 6.03e-05 | 147s
2026-09-20 13:44:28 | INFO    | epoch 19 | batch 1880/3143 | loss 0.4562 | acc 0.9689 | lr 6.03e-05 | 149s
2026-09-20 13:44:29 | INFO    | epoch 19 | batch 1900/3143 | loss 0.4562 | acc 0.9689 | lr 6.02e-05 | 150s
2026-09-20 13:44:31 | INFO    | epoch 19 | batch 1920/3143 | loss 0.4563 | acc 0.9688 | lr 6.02e-05 | 152s
2026-09-20 13:44:32 | INFO    | epoch 19 | batch 1940/3143 | loss 0.4561 | acc 0.9689 | lr 6.02e-05 | 154s
2026-09-20 13:44:34 | INFO    | epoch 19 | batch 1960/3143 | loss 0.4562 | acc 0.9689 | lr 6.02e-05 | 155s
2026-09-20 13:44:35 | INFO    | epoch 19 | batch 1980/3143 | loss 0.4563 | acc 0.9688 | lr 6.01e-05 | 157s
2026-09-20 13:44:37 | INFO    | epoch 19 | batch 2000/3143 | loss 0.4565 | acc 0.9688 | lr 6.01e-05 | 158s
2026-09-20 13:44:39 | INFO    | epoch 19 | batch 2020/3143 | loss 0.4567 | acc 0.9687 | lr 6.01e-05 | 160s
2026-09-20 13:44:40 | INFO    | epoch 19 | batch 2040/3143 | loss 0.4564 | acc 0.9688 | lr 6.01e-05 | 162s
2026-09-20 13:44:42 | INFO    | epoch 19 | batch 2060/3143 | loss 0.4563 | acc 0.9688 | lr 6.00e-05 | 163s
2026-09-20 13:44:43 | INFO    | epoch 19 | batch 2080/3143 | loss 0.4564 | acc 0.9688 | lr 6.00e-05 | 165s
2026-09-20 13:44:45 | INFO    | epoch 19 | batch 2100/3143 | loss 0.4565 | acc 0.9688 | lr 6.00e-05 | 166s
2026-09-20 13:44:46 | INFO    | epoch 19 | batch 2120/3143 | loss 0.4565 | acc 0.9688 | lr 6.00e-05 | 168s
2026-09-20 13:44:48 | INFO    | epoch 19 | batch 2140/3143 | loss 0.4566 | acc 0.9687 | lr 5.99e-05 | 169s
2026-09-20 13:44:50 | INFO    | epoch 19 | batch 2160/3143 | loss 0.4565 | acc 0.9687 | lr 5.99e-05 | 171s
2026-09-20 13:44:51 | INFO    | epoch 19 | batch 2180/3143 | loss 0.4563 | acc 0.9688 | lr 5.99e-05 | 173s
2026-09-20 13:44:53 | INFO    | epoch 19 | batch 2200/3143 | loss 0.4564 | acc 0.9687 | lr 5.99e-05 | 174s
2026-09-20 13:44:54 | INFO    | epoch 19 | batch 2220/3143 | loss 0.4564 | acc 0.9687 | lr 5.98e-05 | 176s
2026-09-20 13:44:56 | INFO    | epoch 19 | batch 2240/3143 | loss 0.4564 | acc 0.9687 | lr 5.98e-05 | 177s
2026-09-20 13:44:58 | INFO    | epoch 19 | batch 2260/3143 | loss 0.4566 | acc 0.9686 | lr 5.98e-05 | 179s
2026-09-20 13:44:59 | INFO    | epoch 19 | batch 2280/3143 | loss 0.4564 | acc 0.9687 | lr 5.98e-05 | 181s
2026-09-20 13:45:01 | INFO    | epoch 19 | batch 2300/3143 | loss 0.4565 | acc 0.9687 | lr 5.97e-05 | 182s
2026-09-20 13:45:03 | INFO    | epoch 19 | batch 2320/3143 | loss 0.4566 | acc 0.9687 | lr 5.97e-05 | 184s
2026-09-20 13:45:04 | INFO    | epoch 19 | batch 2340/3143 | loss 0.4565 | acc 0.9687 | lr 5.97e-05 | 186s
2026-09-20 13:45:06 | INFO    | epoch 19 | batch 2360/3143 | loss 0.4565 | acc 0.9687 | lr 5.97e-05 | 187s
2026-09-20 13:45:07 | INFO    | epoch 19 | batch 2380/3143 | loss 0.4565 | acc 0.9687 | lr 5.96e-05 | 189s
2026-09-20 13:45:09 | INFO    | epoch 19 | batch 2400/3143 | loss 0.4566 | acc 0.9687 | lr 5.96e-05 | 190s
2026-09-20 13:45:11 | INFO    | epoch 19 | batch 2420/3143 | loss 0.4565 | acc 0.9687 | lr 5.96e-05 | 192s
2026-09-20 13:45:12 | INFO    | epoch 19 | batch 2440/3143 | loss 0.4565 | acc 0.9687 | lr 5.95e-05 | 194s
2026-09-20 13:45:14 | INFO    | epoch 19 | batch 2460/3143 | loss 0.4564 | acc 0.9688 | lr 5.95e-05 | 195s
2026-09-20 13:45:15 | INFO    | epoch 19 | batch 2480/3143 | loss 0.4565 | acc 0.9687 | lr 5.95e-05 | 197s
2026-09-20 13:45:17 | INFO    | epoch 19 | batch 2500/3143 | loss 0.4564 | acc 0.9687 | lr 5.95e-05 | 198s
2026-09-20 13:45:19 | INFO    | epoch 19 | batch 2520/3143 | loss 0.4562 | acc 0.9688 | lr 5.94e-05 | 200s
2026-09-20 13:45:20 | INFO    | epoch 19 | batch 2540/3143 | loss 0.4562 | acc 0.9688 | lr 5.94e-05 | 202s
2026-09-20 13:45:22 | INFO    | epoch 19 | batch 2560/3143 | loss 0.4562 | acc 0.9689 | lr 5.94e-05 | 203s
2026-09-20 13:45:23 | INFO    | epoch 19 | batch 2580/3143 | loss 0.4562 | acc 0.9689 | lr 5.94e-05 | 205s
2026-09-20 13:45:25 | INFO    | epoch 19 | batch 2600/3143 | loss 0.4563 | acc 0.9689 | lr 5.93e-05 | 206s
2026-09-20 13:45:27 | INFO    | epoch 19 | batch 2620/3143 | loss 0.4563 | acc 0.9689 | lr 5.93e-05 | 208s
2026-09-20 13:45:28 | INFO    | epoch 19 | batch 2640/3143 | loss 0.4563 | acc 0.9689 | lr 5.93e-05 | 210s
2026-09-20 13:45:30 | INFO    | epoch 19 | batch 2660/3143 | loss 0.4564 | acc 0.9688 | lr 5.93e-05 | 211s
2026-09-20 13:45:31 | INFO    | epoch 19 | batch 2680/3143 | loss 0.4566 | acc 0.9688 | lr 5.92e-05 | 213s
2026-09-20 13:45:33 | INFO    | epoch 19 | batch 2700/3143 | loss 0.4565 | acc 0.9688 | lr 5.92e-05 | 214s
2026-09-20 13:45:35 | INFO    | epoch 19 | batch 2720/3143 | loss 0.4565 | acc 0.9688 | lr 5.92e-05 | 216s
2026-09-20 13:45:36 | INFO    | epoch 19 | batch 2740/3143 | loss 0.4565 | acc 0.9688 | lr 5.92e-05 | 217s
2026-09-20 13:45:38 | INFO    | epoch 19 | batch 2760/3143 | loss 0.4566 | acc 0.9688 | lr 5.91e-05 | 219s
2026-09-20 13:45:39 | INFO    | epoch 19 | batch 2780/3143 | loss 0.4564 | acc 0.9689 | lr 5.91e-05 | 221s
2026-09-20 13:45:41 | INFO    | epoch 19 | batch 2800/3143 | loss 0.4563 | acc 0.9689 | lr 5.91e-05 | 222s
2026-09-20 13:45:43 | INFO    | epoch 19 | batch 2820/3143 | loss 0.4564 | acc 0.9689 | lr 5.91e-05 | 224s
2026-09-20 13:45:44 | INFO    | epoch 19 | batch 2840/3143 | loss 0.4564 | acc 0.9689 | lr 5.90e-05 | 225s
2026-09-20 13:45:46 | INFO    | epoch 19 | batch 2860/3143 | loss 0.4565 | acc 0.9689 | lr 5.90e-05 | 227s
2026-09-20 13:45:47 | INFO    | epoch 19 | batch 2880/3143 | loss 0.4565 | acc 0.9689 | lr 5.90e-05 | 229s
2026-09-20 13:45:49 | INFO    | epoch 19 | batch 2900/3143 | loss 0.4565 | acc 0.9689 | lr 5.90e-05 | 230s
2026-09-20 13:45:51 | INFO    | epoch 19 | batch 2920/3143 | loss 0.4564 | acc 0.9689 | lr 5.89e-05 | 232s
2026-09-20 13:45:52 | INFO    | epoch 19 | batch 2940/3143 | loss 0.4563 | acc 0.9690 | lr 5.89e-05 | 233s
2026-09-20 13:45:54 | INFO    | epoch 19 | batch 2960/3143 | loss 0.4563 | acc 0.9690 | lr 5.89e-05 | 235s
2026-09-20 13:45:55 | INFO    | epoch 19 | batch 2980/3143 | loss 0.4563 | acc 0.9690 | lr 5.89e-05 | 237s
2026-09-20 13:45:57 | INFO    | epoch 19 | batch 3000/3143 | loss 0.4562 | acc 0.9690 | lr 5.88e-05 | 238s
2026-09-20 13:45:58 | INFO    | epoch 19 | batch 3020/3143 | loss 0.4563 | acc 0.9689 | lr 5.88e-05 | 240s
2026-09-20 13:46:00 | INFO    | epoch 19 | batch 3040/3143 | loss 0.4564 | acc 0.9689 | lr 5.88e-05 | 241s
2026-09-20 13:46:02 | INFO    | epoch 19 | batch 3060/3143 | loss 0.4565 | acc 0.9688 | lr 5.88e-05 | 243s
2026-09-20 13:46:03 | INFO    | epoch 19 | batch 3080/3143 | loss 0.4564 | acc 0.9689 | lr 5.87e-05 | 245s
2026-09-20 13:46:05 | INFO    | epoch 19 | batch 3100/3143 | loss 0.4563 | acc 0.9689 | lr 5.87e-05 | 246s
2026-09-20 13:46:06 | INFO    | epoch 19 | batch 3120/3143 | loss 0.4562 | acc 0.9689 | lr 5.87e-05 | 248s
2026-09-20 13:46:08 | INFO    | epoch 19 | batch 3140/3143 | loss 0.4562 | acc 0.9690 | lr 5.87e-05 | 249s
2026-09-20 13:46:08 | INFO    | epoch 19 | batch 3143/3143 | loss 0.4563 | acc 0.9689 | lr 5.86e-05 | 250s
2026-09-20 13:46:20 | INFO    | epoch 19/40 done in 261s | train loss 0.4563 | train running patch (aug): accuracy=0.9689 precision=0.9684 recall=0.9677 f1=0.9681
2026-09-20 13:46:20 | INFO    | epoch 19 train (eval, no aug) | loss 0.4103 | patch[7280]: accuracy=0.9922 precision=0.9918 recall=0.9926 f1=0.9922 | image[455]: accuracy=1.0000 precision=1.0000 recall=1.0000 f1=1.0000
2026-09-20 13:46:20 | INFO    | epoch 19 val | loss 1.1970 | patch[6048]: accuracy=0.6761 precision=0.6529 recall=0.6552 f1=0.6536 | image[96]: accuracy=0.7292 precision=0.7081 recall=0.7103 f1=0.7080
2026-09-20 13:46:20 | INFO    | val_patch_f1 = 0.6536 (best 0.6709 @ epoch 15)
2026-09-20 13:46:21 | INFO    | epoch 20 | batch 20/3143 | loss 0.4402 | acc 0.9719 | lr 5.86e-05 | 2s
2026-09-20 13:46:23 | INFO    | epoch 20 | batch 40/3143 | loss 0.4392 | acc 0.9734 | lr 5.86e-05 | 3s
2026-09-20 13:46:24 | INFO    | epoch 20 | batch 60/3143 | loss 0.4407 | acc 0.9745 | lr 5.86e-05 | 5s
2026-09-20 13:46:26 | INFO    | epoch 20 | batch 80/3143 | loss 0.4416 | acc 0.9754 | lr 5.85e-05 | 6s
2026-09-20 13:46:28 | INFO    | epoch 20 | batch 100/3143 | loss 0.4400 | acc 0.9766 | lr 5.85e-05 | 8s
2026-09-20 13:46:29 | INFO    | epoch 20 | batch 120/3143 | loss 0.4379 | acc 0.9776 | lr 5.85e-05 | 10s
2026-09-20 13:46:31 | INFO    | epoch 20 | batch 140/3143 | loss 0.4385 | acc 0.9775 | lr 5.85e-05 | 11s
2026-09-20 13:46:32 | INFO    | epoch 20 | batch 160/3143 | loss 0.4388 | acc 0.9771 | lr 5.84e-05 | 13s
2026-09-20 13:46:34 | INFO    | epoch 20 | batch 180/3143 | loss 0.4380 | acc 0.9773 | lr 5.84e-05 | 14s
2026-09-20 13:46:36 | INFO    | epoch 20 | batch 200/3143 | loss 0.4378 | acc 0.9777 | lr 5.84e-05 | 16s
2026-09-20 13:46:37 | INFO    | epoch 20 | batch 220/3143 | loss 0.4381 | acc 0.9777 | lr 5.84e-05 | 18s
2026-09-20 13:46:39 | INFO    | epoch 20 | batch 240/3143 | loss 0.4385 | acc 0.9777 | lr 5.83e-05 | 19s
2026-09-20 13:46:40 | INFO    | epoch 20 | batch 260/3143 | loss 0.4409 | acc 0.9763 | lr 5.83e-05 | 21s
2026-09-20 13:46:42 | INFO    | epoch 20 | batch 280/3143 | loss 0.4414 | acc 0.9762 | lr 5.83e-05 | 22s
2026-09-20 13:46:44 | INFO    | epoch 20 | batch 300/3143 | loss 0.4438 | acc 0.9754 | lr 5.83e-05 | 24s
2026-09-20 13:46:45 | INFO    | epoch 20 | batch 320/3143 | loss 0.4445 | acc 0.9751 | lr 5.82e-05 | 26s
2026-09-20 13:46:47 | INFO    | epoch 20 | batch 340/3143 | loss 0.4470 | acc 0.9734 | lr 5.82e-05 | 27s
2026-09-20 13:46:48 | INFO    | epoch 20 | batch 360/3143 | loss 0.4466 | acc 0.9736 | lr 5.82e-05 | 29s
2026-09-20 13:46:50 | INFO    | epoch 20 | batch 380/3143 | loss 0.4471 | acc 0.9736 | lr 5.82e-05 | 30s
2026-09-20 13:46:52 | INFO    | epoch 20 | batch 400/3143 | loss 0.4471 | acc 0.9734 | lr 5.81e-05 | 32s
2026-09-20 13:46:53 | INFO    | epoch 20 | batch 420/3143 | loss 0.4471 | acc 0.9735 | lr 5.81e-05 | 33s
2026-09-20 13:46:55 | INFO    | epoch 20 | batch 440/3143 | loss 0.4474 | acc 0.9732 | lr 5.81e-05 | 35s
2026-09-20 13:46:56 | INFO    | epoch 20 | batch 460/3143 | loss 0.4486 | acc 0.9728 | lr 5.81e-05 | 37s
2026-09-20 13:46:58 | INFO    | epoch 20 | batch 480/3143 | loss 0.4496 | acc 0.9725 | lr 5.80e-05 | 38s
2026-09-20 13:46:59 | INFO    | epoch 20 | batch 500/3143 | loss 0.4500 | acc 0.9723 | lr 5.80e-05 | 40s
2026-09-20 13:47:01 | INFO    | epoch 20 | batch 520/3143 | loss 0.4496 | acc 0.9725 | lr 5.80e-05 | 41s
2026-09-20 13:47:03 | INFO    | epoch 20 | batch 540/3143 | loss 0.4496 | acc 0.9725 | lr 5.80e-05 | 43s
2026-09-20 13:47:04 | INFO    | epoch 20 | batch 560/3143 | loss 0.4497 | acc 0.9723 | lr 5.79e-05 | 45s
2026-09-20 13:47:06 | INFO    | epoch 20 | batch 580/3143 | loss 0.4498 | acc 0.9724 | lr 5.79e-05 | 46s
2026-09-20 13:47:07 | INFO    | epoch 20 | batch 600/3143 | loss 0.4505 | acc 0.9721 | lr 5.79e-05 | 48s
2026-09-20 13:47:09 | INFO    | epoch 20 | batch 620/3143 | loss 0.4508 | acc 0.9719 | lr 5.79e-05 | 49s
2026-09-20 13:47:11 | INFO    | epoch 20 | batch 640/3143 | loss 0.4510 | acc 0.9719 | lr 5.78e-05 | 51s
2026-09-20 13:47:12 | INFO    | epoch 20 | batch 660/3143 | loss 0.4512 | acc 0.9720 | lr 5.78e-05 | 53s
2026-09-20 13:47:14 | INFO    | epoch 20 | batch 680/3143 | loss 0.4513 | acc 0.9719 | lr 5.78e-05 | 54s
2026-09-20 13:47:15 | INFO    | epoch 20 | batch 700/3143 | loss 0.4509 | acc 0.9721 | lr 5.77e-05 | 56s
2026-09-20 13:47:17 | INFO    | epoch 20 | batch 720/3143 | loss 0.4511 | acc 0.9721 | lr 5.77e-05 | 57s
2026-09-20 13:47:18 | INFO    | epoch 20 | batch 740/3143 | loss 0.4511 | acc 0.9720 | lr 5.77e-05 | 59s
2026-09-20 13:47:20 | INFO    | epoch 20 | batch 760/3143 | loss 0.4516 | acc 0.9719 | lr 5.77e-05 | 60s
2026-09-20 13:47:22 | INFO    | epoch 20 | batch 780/3143 | loss 0.4518 | acc 0.9717 | lr 5.76e-05 | 62s
2026-09-20 13:47:23 | INFO    | epoch 20 | batch 800/3143 | loss 0.4513 | acc 0.9719 | lr 5.76e-05 | 64s
2026-09-20 13:47:25 | INFO    | epoch 20 | batch 820/3143 | loss 0.4517 | acc 0.9716 | lr 5.76e-05 | 65s
2026-09-20 13:47:26 | INFO    | epoch 20 | batch 840/3143 | loss 0.4521 | acc 0.9714 | lr 5.76e-05 | 67s
2026-09-20 13:47:28 | INFO    | epoch 20 | batch 860/3143 | loss 0.4521 | acc 0.9714 | lr 5.75e-05 | 68s
2026-09-20 13:47:30 | INFO    | epoch 20 | batch 880/3143 | loss 0.4521 | acc 0.9714 | lr 5.75e-05 | 70s
2026-09-20 13:47:31 | INFO    | epoch 20 | batch 900/3143 | loss 0.4523 | acc 0.9713 | lr 5.75e-05 | 71s
2026-09-20 13:47:33 | INFO    | epoch 20 | batch 920/3143 | loss 0.4523 | acc 0.9712 | lr 5.75e-05 | 73s
2026-09-20 13:47:34 | INFO    | epoch 20 | batch 940/3143 | loss 0.4524 | acc 0.9711 | lr 5.74e-05 | 75s
2026-09-20 13:47:36 | INFO    | epoch 20 | batch 960/3143 | loss 0.4524 | acc 0.9711 | lr 5.74e-05 | 76s
2026-09-20 13:47:37 | INFO    | epoch 20 | batch 980/3143 | loss 0.4523 | acc 0.9711 | lr 5.74e-05 | 78s
2026-09-20 13:47:39 | INFO    | epoch 20 | batch 1000/3143 | loss 0.4520 | acc 0.9712 | lr 5.74e-05 | 79s
2026-09-20 13:47:41 | INFO    | epoch 20 | batch 1020/3143 | loss 0.4520 | acc 0.9714 | lr 5.73e-05 | 81s
2026-09-20 13:47:42 | INFO    | epoch 20 | batch 1040/3143 | loss 0.4524 | acc 0.9712 | lr 5.73e-05 | 83s
2026-09-20 13:47:44 | INFO    | epoch 20 | batch 1060/3143 | loss 0.4524 | acc 0.9712 | lr 5.73e-05 | 84s
2026-09-20 13:47:45 | INFO    | epoch 20 | batch 1080/3143 | loss 0.4525 | acc 0.9711 | lr 5.73e-05 | 86s
2026-09-20 13:47:47 | INFO    | epoch 20 | batch 1100/3143 | loss 0.4524 | acc 0.9712 | lr 5.72e-05 | 87s
2026-09-20 13:47:48 | INFO    | epoch 20 | batch 1120/3143 | loss 0.4522 | acc 0.9714 | lr 5.72e-05 | 89s
2026-09-20 13:47:50 | INFO    | epoch 20 | batch 1140/3143 | loss 0.4523 | acc 0.9714 | lr 5.72e-05 | 90s
2026-09-20 13:47:52 | INFO    | epoch 20 | batch 1160/3143 | loss 0.4525 | acc 0.9713 | lr 5.72e-05 | 92s
2026-09-20 13:47:53 | INFO    | epoch 20 | batch 1180/3143 | loss 0.4525 | acc 0.9713 | lr 5.71e-05 | 94s
2026-09-20 13:47:55 | INFO    | epoch 20 | batch 1200/3143 | loss 0.4521 | acc 0.9714 | lr 5.71e-05 | 95s
2026-09-20 13:47:56 | INFO    | epoch 20 | batch 1220/3143 | loss 0.4523 | acc 0.9713 | lr 5.71e-05 | 97s
2026-09-20 13:47:58 | INFO    | epoch 20 | batch 1240/3143 | loss 0.4523 | acc 0.9714 | lr 5.71e-05 | 98s
2026-09-20 13:48:00 | INFO    | epoch 20 | batch 1260/3143 | loss 0.4524 | acc 0.9714 | lr 5.70e-05 | 100s
2026-09-20 13:48:01 | INFO    | epoch 20 | batch 1280/3143 | loss 0.4522 | acc 0.9715 | lr 5.70e-05 | 102s
2026-09-20 13:48:03 | INFO    | epoch 20 | batch 1300/3143 | loss 0.4522 | acc 0.9715 | lr 5.70e-05 | 103s
2026-09-20 13:48:04 | INFO    | epoch 20 | batch 1320/3143 | loss 0.4524 | acc 0.9714 | lr 5.69e-05 | 105s
2026-09-20 13:48:06 | INFO    | epoch 20 | batch 1340/3143 | loss 0.4525 | acc 0.9714 | lr 5.69e-05 | 106s
2026-09-20 13:48:07 | INFO    | epoch 20 | batch 1360/3143 | loss 0.4525 | acc 0.9713 | lr 5.69e-05 | 108s
2026-09-20 13:48:09 | INFO    | epoch 20 | batch 1380/3143 | loss 0.4524 | acc 0.9714 | lr 5.69e-05 | 109s
2026-09-20 13:48:11 | INFO    | epoch 20 | batch 1400/3143 | loss 0.4523 | acc 0.9715 | lr 5.68e-05 | 111s
2026-09-20 13:48:12 | INFO    | epoch 20 | batch 1420/3143 | loss 0.4527 | acc 0.9712 | lr 5.68e-05 | 113s
2026-09-20 13:48:14 | INFO    | epoch 20 | batch 1440/3143 | loss 0.4527 | acc 0.9713 | lr 5.68e-05 | 114s
2026-09-20 13:48:15 | INFO    | epoch 20 | batch 1460/3143 | loss 0.4526 | acc 0.9713 | lr 5.68e-05 | 116s
2026-09-20 13:48:17 | INFO    | epoch 20 | batch 1480/3143 | loss 0.4526 | acc 0.9713 | lr 5.67e-05 | 117s
2026-09-20 13:48:19 | INFO    | epoch 20 | batch 1500/3143 | loss 0.4527 | acc 0.9713 | lr 5.67e-05 | 119s
2026-09-20 13:48:20 | INFO    | epoch 20 | batch 1520/3143 | loss 0.4526 | acc 0.9713 | lr 5.67e-05 | 121s
2026-09-20 13:48:22 | INFO    | epoch 20 | batch 1540/3143 | loss 0.4525 | acc 0.9713 | lr 5.67e-05 | 122s
2026-09-20 13:48:23 | INFO    | epoch 20 | batch 1560/3143 | loss 0.4524 | acc 0.9714 | lr 5.66e-05 | 124s
2026-09-20 13:48:25 | INFO    | epoch 20 | batch 1580/3143 | loss 0.4522 | acc 0.9714 | lr 5.66e-05 | 125s
2026-09-20 13:48:26 | INFO    | epoch 20 | batch 1600/3143 | loss 0.4525 | acc 0.9712 | lr 5.66e-05 | 127s
2026-09-20 13:48:28 | INFO    | epoch 20 | batch 1620/3143 | loss 0.4523 | acc 0.9713 | lr 5.66e-05 | 128s
2026-09-20 13:48:30 | INFO    | epoch 20 | batch 1640/3143 | loss 0.4523 | acc 0.9713 | lr 5.65e-05 | 130s
2026-09-20 13:48:31 | INFO    | epoch 20 | batch 1660/3143 | loss 0.4521 | acc 0.9713 | lr 5.65e-05 | 132s
2026-09-20 13:48:33 | INFO    | epoch 20 | batch 1680/3143 | loss 0.4519 | acc 0.9714 | lr 5.65e-05 | 133s
2026-09-20 13:48:34 | INFO    | epoch 20 | batch 1700/3143 | loss 0.4520 | acc 0.9713 | lr 5.65e-05 | 135s
2026-09-20 13:48:36 | INFO    | epoch 20 | batch 1720/3143 | loss 0.4520 | acc 0.9713 | lr 5.64e-05 | 136s
2026-09-20 13:48:38 | INFO    | epoch 20 | batch 1740/3143 | loss 0.4522 | acc 0.9712 | lr 5.64e-05 | 138s
2026-09-20 13:48:39 | INFO    | epoch 20 | batch 1760/3143 | loss 0.4525 | acc 0.9710 | lr 5.64e-05 | 140s
2026-09-20 13:48:41 | INFO    | epoch 20 | batch 1780/3143 | loss 0.4522 | acc 0.9712 | lr 5.64e-05 | 141s
2026-09-20 13:48:42 | INFO    | epoch 20 | batch 1800/3143 | loss 0.4521 | acc 0.9712 | lr 5.63e-05 | 143s
2026-09-20 13:48:44 | INFO    | epoch 20 | batch 1820/3143 | loss 0.4523 | acc 0.9711 | lr 5.63e-05 | 144s
2026-09-20 13:48:46 | INFO    | epoch 20 | batch 1840/3143 | loss 0.4521 | acc 0.9712 | lr 5.63e-05 | 146s
2026-09-20 13:48:47 | INFO    | epoch 20 | batch 1860/3143 | loss 0.4521 | acc 0.9712 | lr 5.62e-05 | 147s
2026-09-20 13:48:49 | INFO    | epoch 20 | batch 1880/3143 | loss 0.4520 | acc 0.9712 | lr 5.62e-05 | 149s
2026-09-20 13:48:50 | INFO    | epoch 20 | batch 1900/3143 | loss 0.4521 | acc 0.9712 | lr 5.62e-05 | 151s
2026-09-20 13:48:52 | INFO    | epoch 20 | batch 1920/3143 | loss 0.4518 | acc 0.9713 | lr 5.62e-05 | 152s
2026-09-20 13:48:54 | INFO    | epoch 20 | batch 1940/3143 | loss 0.4518 | acc 0.9713 | lr 5.61e-05 | 154s
2026-09-20 13:48:55 | INFO    | epoch 20 | batch 1960/3143 | loss 0.4520 | acc 0.9712 | lr 5.61e-05 | 155s
2026-09-20 13:48:57 | INFO    | epoch 20 | batch 1980/3143 | loss 0.4522 | acc 0.9711 | lr 5.61e-05 | 157s
2026-09-20 13:48:58 | INFO    | epoch 20 | batch 2000/3143 | loss 0.4523 | acc 0.9711 | lr 5.61e-05 | 159s
2026-09-20 13:49:00 | INFO    | epoch 20 | batch 2020/3143 | loss 0.4524 | acc 0.9710 | lr 5.60e-05 | 160s
2026-09-20 13:49:02 | INFO    | epoch 20 | batch 2040/3143 | loss 0.4524 | acc 0.9710 | lr 5.60e-05 | 162s
2026-09-20 13:49:03 | INFO    | epoch 20 | batch 2060/3143 | loss 0.4524 | acc 0.9710 | lr 5.60e-05 | 163s
2026-09-20 13:49:05 | INFO    | epoch 20 | batch 2080/3143 | loss 0.4525 | acc 0.9709 | lr 5.60e-05 | 165s
2026-09-20 13:49:06 | INFO    | epoch 20 | batch 2100/3143 | loss 0.4526 | acc 0.9708 | lr 5.59e-05 | 167s
2026-09-20 13:49:08 | INFO    | epoch 20 | batch 2120/3143 | loss 0.4526 | acc 0.9708 | lr 5.59e-05 | 168s
2026-09-20 13:49:09 | INFO    | epoch 20 | batch 2140/3143 | loss 0.4526 | acc 0.9708 | lr 5.59e-05 | 170s
2026-09-20 13:49:11 | INFO    | epoch 20 | batch 2160/3143 | loss 0.4525 | acc 0.9708 | lr 5.59e-05 | 171s
2026-09-20 13:49:13 | INFO    | epoch 20 | batch 2180/3143 | loss 0.4526 | acc 0.9707 | lr 5.58e-05 | 173s
2026-09-20 13:49:14 | INFO    | epoch 20 | batch 2200/3143 | loss 0.4526 | acc 0.9707 | lr 5.58e-05 | 175s
2026-09-20 13:49:16 | INFO    | epoch 20 | batch 2220/3143 | loss 0.4525 | acc 0.9708 | lr 5.58e-05 | 176s
2026-09-20 13:49:17 | INFO    | epoch 20 | batch 2240/3143 | loss 0.4523 | acc 0.9709 | lr 5.58e-05 | 178s
2026-09-20 13:49:19 | INFO    | epoch 20 | batch 2260/3143 | loss 0.4523 | acc 0.9709 | lr 5.57e-05 | 179s
2026-09-20 13:49:21 | INFO    | epoch 20 | batch 2280/3143 | loss 0.4523 | acc 0.9708 | lr 5.57e-05 | 181s
2026-09-20 13:49:22 | INFO    | epoch 20 | batch 2300/3143 | loss 0.4522 | acc 0.9708 | lr 5.57e-05 | 183s
2026-09-20 13:49:24 | INFO    | epoch 20 | batch 2320/3143 | loss 0.4524 | acc 0.9707 | lr 5.57e-05 | 184s
2026-09-20 13:49:25 | INFO    | epoch 20 | batch 2340/3143 | loss 0.4524 | acc 0.9707 | lr 5.56e-05 | 186s
2026-09-20 13:49:27 | INFO    | epoch 20 | batch 2360/3143 | loss 0.4524 | acc 0.9707 | lr 5.56e-05 | 187s
2026-09-20 13:49:29 | INFO    | epoch 20 | batch 2380/3143 | loss 0.4523 | acc 0.9708 | lr 5.56e-05 | 189s
2026-09-20 13:49:30 | INFO    | epoch 20 | batch 2400/3143 | loss 0.4524 | acc 0.9708 | lr 5.56e-05 | 191s
2026-09-20 13:49:32 | INFO    | epoch 20 | batch 2420/3143 | loss 0.4525 | acc 0.9707 | lr 5.55e-05 | 192s
2026-09-20 13:49:33 | INFO    | epoch 20 | batch 2440/3143 | loss 0.4526 | acc 0.9707 | lr 5.55e-05 | 194s
2026-09-20 13:49:35 | INFO    | epoch 20 | batch 2460/3143 | loss 0.4526 | acc 0.9707 | lr 5.55e-05 | 195s
2026-09-20 13:49:36 | INFO    | epoch 20 | batch 2480/3143 | loss 0.4526 | acc 0.9707 | lr 5.54e-05 | 197s
2026-09-20 13:49:38 | INFO    | epoch 20 | batch 2500/3143 | loss 0.4526 | acc 0.9707 | lr 5.54e-05 | 198s
2026-09-20 13:49:40 | INFO    | epoch 20 | batch 2520/3143 | loss 0.4524 | acc 0.9707 | lr 5.54e-05 | 200s
2026-09-20 13:49:41 | INFO    | epoch 20 | batch 2540/3143 | loss 0.4523 | acc 0.9708 | lr 5.54e-05 | 202s
2026-09-20 13:49:43 | INFO    | epoch 20 | batch 2560/3143 | loss 0.4522 | acc 0.9707 | lr 5.53e-05 | 203s
2026-09-20 13:49:44 | INFO    | epoch 20 | batch 2580/3143 | loss 0.4521 | acc 0.9708 | lr 5.53e-05 | 205s
2026-09-20 13:49:46 | INFO    | epoch 20 | batch 2600/3143 | loss 0.4522 | acc 0.9708 | lr 5.53e-05 | 206s
2026-09-20 13:49:48 | INFO    | epoch 20 | batch 2620/3143 | loss 0.4521 | acc 0.9708 | lr 5.53e-05 | 208s
2026-09-20 13:49:49 | INFO    | epoch 20 | batch 2640/3143 | loss 0.4521 | acc 0.9708 | lr 5.52e-05 | 210s
2026-09-20 13:49:51 | INFO    | epoch 20 | batch 2660/3143 | loss 0.4521 | acc 0.9708 | lr 5.52e-05 | 211s
2026-09-20 13:49:52 | INFO    | epoch 20 | batch 2680/3143 | loss 0.4521 | acc 0.9708 | lr 5.52e-05 | 213s
2026-09-20 13:49:54 | INFO    | epoch 20 | batch 2700/3143 | loss 0.4521 | acc 0.9708 | lr 5.52e-05 | 214s
2026-09-20 13:49:55 | INFO    | epoch 20 | batch 2720/3143 | loss 0.4522 | acc 0.9708 | lr 5.51e-05 | 216s
2026-09-20 13:49:57 | INFO    | epoch 20 | batch 2740/3143 | loss 0.4522 | acc 0.9709 | lr 5.51e-05 | 217s
2026-09-20 13:49:59 | INFO    | epoch 20 | batch 2760/3143 | loss 0.4522 | acc 0.9708 | lr 5.51e-05 | 219s
2026-09-20 13:50:00 | INFO    | epoch 20 | batch 2780/3143 | loss 0.4523 | acc 0.9708 | lr 5.51e-05 | 221s
2026-09-20 13:50:02 | INFO    | epoch 20 | batch 2800/3143 | loss 0.4522 | acc 0.9708 | lr 5.50e-05 | 222s
2026-09-20 13:50:03 | INFO    | epoch 20 | batch 2820/3143 | loss 0.4522 | acc 0.9708 | lr 5.50e-05 | 224s
2026-09-20 13:50:05 | INFO    | epoch 20 | batch 2840/3143 | loss 0.4521 | acc 0.9708 | lr 5.50e-05 | 225s
2026-09-20 13:50:07 | INFO    | epoch 20 | batch 2860/3143 | loss 0.4521 | acc 0.9709 | lr 5.50e-05 | 227s
2026-09-20 13:50:08 | INFO    | epoch 20 | batch 2880/3143 | loss 0.4520 | acc 0.9709 | lr 5.49e-05 | 229s
2026-09-20 13:50:10 | INFO    | epoch 20 | batch 2900/3143 | loss 0.4519 | acc 0.9710 | lr 5.49e-05 | 230s
2026-09-20 13:50:11 | INFO    | epoch 20 | batch 2920/3143 | loss 0.4520 | acc 0.9709 | lr 5.49e-05 | 232s
2026-09-20 13:50:13 | INFO    | epoch 20 | batch 2940/3143 | loss 0.4520 | acc 0.9709 | lr 5.49e-05 | 233s
2026-09-20 13:50:15 | INFO    | epoch 20 | batch 2960/3143 | loss 0.4520 | acc 0.9709 | lr 5.48e-05 | 235s
2026-09-20 13:50:16 | INFO    | epoch 20 | batch 2980/3143 | loss 0.4521 | acc 0.9708 | lr 5.48e-05 | 237s
2026-09-20 13:50:18 | INFO    | epoch 20 | batch 3000/3143 | loss 0.4520 | acc 0.9708 | lr 5.48e-05 | 238s
2026-09-20 13:50:19 | INFO    | epoch 20 | batch 3020/3143 | loss 0.4519 | acc 0.9709 | lr 5.47e-05 | 240s
2026-09-20 13:50:21 | INFO    | epoch 20 | batch 3040/3143 | loss 0.4519 | acc 0.9709 | lr 5.47e-05 | 241s
2026-09-20 13:50:23 | INFO    | epoch 20 | batch 3060/3143 | loss 0.4518 | acc 0.9710 | lr 5.47e-05 | 243s
2026-09-20 13:50:24 | INFO    | epoch 20 | batch 3080/3143 | loss 0.4518 | acc 0.9710 | lr 5.47e-05 | 245s
2026-09-20 13:50:26 | INFO    | epoch 20 | batch 3100/3143 | loss 0.4518 | acc 0.9710 | lr 5.46e-05 | 246s
2026-09-20 13:50:27 | INFO    | epoch 20 | batch 3120/3143 | loss 0.4518 | acc 0.9710 | lr 5.46e-05 | 248s
2026-09-20 13:50:29 | INFO    | epoch 20 | batch 3140/3143 | loss 0.4517 | acc 0.9710 | lr 5.46e-05 | 249s
2026-09-20 13:50:29 | INFO    | epoch 20 | batch 3143/3143 | loss 0.4517 | acc 0.9711 | lr 5.46e-05 | 249s
2026-09-20 13:50:40 | INFO    | epoch 20/40 done in 261s | train loss 0.4517 | train running patch (aug): accuracy=0.9711 precision=0.9706 recall=0.9700 f1=0.9703
2026-09-20 13:50:40 | INFO    | epoch 20 train (eval, no aug) | loss 0.4190 | patch[7280]: accuracy=0.9871 precision=0.9862 recall=0.9870 f1=0.9866 | image[455]: accuracy=1.0000 precision=1.0000 recall=1.0000 f1=1.0000
2026-09-20 13:50:40 | INFO    | epoch 20 val | loss 1.2184 | patch[6048]: accuracy=0.6721 precision=0.6502 recall=0.6482 f1=0.6489 | image[96]: accuracy=0.7292 precision=0.7029 recall=0.7027 f1=0.7024
2026-09-20 13:50:40 | INFO    | val_patch_f1 = 0.6489 (best 0.6709 @ epoch 15)
2026-09-20 13:50:42 | INFO    | epoch 21 | batch 20/3143 | loss 0.4402 | acc 0.9750 | lr 5.46e-05 | 2s
2026-09-20 13:50:44 | INFO    | epoch 21 | batch 40/3143 | loss 0.4355 | acc 0.9781 | lr 5.45e-05 | 3s
2026-09-20 13:50:45 | INFO    | epoch 21 | batch 60/3143 | loss 0.4364 | acc 0.9766 | lr 5.45e-05 | 5s
2026-09-20 13:50:47 | INFO    | epoch 21 | batch 80/3143 | loss 0.4440 | acc 0.9742 | lr 5.45e-05 | 6s
2026-09-20 13:50:49 | INFO    | epoch 21 | batch 100/3143 | loss 0.4442 | acc 0.9744 | lr 5.45e-05 | 8s
2026-09-20 13:50:50 | INFO    | epoch 21 | batch 120/3143 | loss 0.4451 | acc 0.9747 | lr 5.44e-05 | 10s
2026-09-20 13:50:52 | INFO    | epoch 21 | batch 140/3143 | loss 0.4468 | acc 0.9734 | lr 5.44e-05 | 11s
2026-09-20 13:50:53 | INFO    | epoch 21 | batch 160/3143 | loss 0.4478 | acc 0.9729 | lr 5.44e-05 | 13s
2026-09-20 13:50:55 | INFO    | epoch 21 | batch 180/3143 | loss 0.4474 | acc 0.9729 | lr 5.44e-05 | 14s
2026-09-20 13:50:56 | INFO    | epoch 21 | batch 200/3143 | loss 0.4471 | acc 0.9734 | lr 5.43e-05 | 16s
2026-09-20 13:50:58 | INFO    | epoch 21 | batch 220/3143 | loss 0.4460 | acc 0.9743 | lr 5.43e-05 | 17s
2026-09-20 13:51:00 | INFO    | epoch 21 | batch 240/3143 | loss 0.4467 | acc 0.9738 | lr 5.43e-05 | 19s
2026-09-20 13:51:01 | INFO    | epoch 21 | batch 260/3143 | loss 0.4483 | acc 0.9731 | lr 5.43e-05 | 21s
2026-09-20 13:51:03 | INFO    | epoch 21 | batch 280/3143 | loss 0.4471 | acc 0.9737 | lr 5.42e-05 | 22s
2026-09-20 13:51:04 | INFO    | epoch 21 | batch 300/3143 | loss 0.4471 | acc 0.9733 | lr 5.42e-05 | 24s
2026-09-20 13:51:06 | INFO    | epoch 21 | batch 320/3143 | loss 0.4471 | acc 0.9731 | lr 5.42e-05 | 25s
2026-09-20 13:51:08 | INFO    | epoch 21 | batch 340/3143 | loss 0.4463 | acc 0.9736 | lr 5.41e-05 | 27s
2026-09-20 13:51:09 | INFO    | epoch 21 | batch 360/3143 | loss 0.4459 | acc 0.9738 | lr 5.41e-05 | 29s
2026-09-20 13:51:11 | INFO    | epoch 21 | batch 380/3143 | loss 0.4467 | acc 0.9734 | lr 5.41e-05 | 30s
2026-09-20 13:51:12 | INFO    | epoch 21 | batch 400/3143 | loss 0.4461 | acc 0.9737 | lr 5.41e-05 | 32s
2026-09-20 13:51:14 | INFO    | epoch 21 | batch 420/3143 | loss 0.4476 | acc 0.9728 | lr 5.40e-05 | 33s
2026-09-20 13:51:15 | INFO    | epoch 21 | batch 440/3143 | loss 0.4472 | acc 0.9729 | lr 5.40e-05 | 35s
2026-09-20 13:51:17 | INFO    | epoch 21 | batch 460/3143 | loss 0.4466 | acc 0.9734 | lr 5.40e-05 | 36s
2026-09-20 13:51:19 | INFO    | epoch 21 | batch 480/3143 | loss 0.4466 | acc 0.9731 | lr 5.40e-05 | 38s
2026-09-20 13:51:20 | INFO    | epoch 21 | batch 500/3143 | loss 0.4464 | acc 0.9733 | lr 5.39e-05 | 40s
2026-09-20 13:51:22 | INFO    | epoch 21 | batch 520/3143 | loss 0.4467 | acc 0.9732 | lr 5.39e-05 | 41s
2026-09-20 13:51:23 | INFO    | epoch 21 | batch 540/3143 | loss 0.4474 | acc 0.9729 | lr 5.39e-05 | 43s
2026-09-20 13:51:25 | INFO    | epoch 21 | batch 560/3143 | loss 0.4476 | acc 0.9730 | lr 5.39e-05 | 44s
2026-09-20 13:51:26 | INFO    | epoch 21 | batch 580/3143 | loss 0.4475 | acc 0.9730 | lr 5.38e-05 | 46s
2026-09-20 13:51:28 | INFO    | epoch 21 | batch 600/3143 | loss 0.4483 | acc 0.9727 | lr 5.38e-05 | 47s
2026-09-20 13:51:30 | INFO    | epoch 21 | batch 620/3143 | loss 0.4487 | acc 0.9727 | lr 5.38e-05 | 49s
2026-09-20 13:51:31 | INFO    | epoch 21 | batch 640/3143 | loss 0.4487 | acc 0.9728 | lr 5.38e-05 | 51s
2026-09-20 13:51:33 | INFO    | epoch 21 | batch 660/3143 | loss 0.4494 | acc 0.9723 | lr 5.37e-05 | 52s
2026-09-20 13:51:34 | INFO    | epoch 21 | batch 680/3143 | loss 0.4492 | acc 0.9725 | lr 5.37e-05 | 54s
2026-09-20 13:51:36 | INFO    | epoch 21 | batch 700/3143 | loss 0.4493 | acc 0.9724 | lr 5.37e-05 | 55s
2026-09-20 13:51:37 | INFO    | epoch 21 | batch 720/3143 | loss 0.4489 | acc 0.9727 | lr 5.37e-05 | 57s
2026-09-20 13:51:39 | INFO    | epoch 21 | batch 740/3143 | loss 0.4487 | acc 0.9728 | lr 5.36e-05 | 58s
2026-09-20 13:51:41 | INFO    | epoch 21 | batch 760/3143 | loss 0.4485 | acc 0.9728 | lr 5.36e-05 | 60s
2026-09-20 13:51:42 | INFO    | epoch 21 | batch 780/3143 | loss 0.4482 | acc 0.9730 | lr 5.36e-05 | 62s
2026-09-20 13:51:44 | INFO    | epoch 21 | batch 800/3143 | loss 0.4484 | acc 0.9727 | lr 5.35e-05 | 63s
2026-09-20 13:51:45 | INFO    | epoch 21 | batch 820/3143 | loss 0.4482 | acc 0.9728 | lr 5.35e-05 | 65s
2026-09-20 13:51:47 | INFO    | epoch 21 | batch 840/3143 | loss 0.4482 | acc 0.9728 | lr 5.35e-05 | 66s
2026-09-20 13:51:48 | INFO    | epoch 21 | batch 860/3143 | loss 0.4483 | acc 0.9727 | lr 5.35e-05 | 68s
2026-09-20 13:51:50 | INFO    | epoch 21 | batch 880/3143 | loss 0.4480 | acc 0.9729 | lr 5.34e-05 | 69s
2026-09-20 13:51:52 | INFO    | epoch 21 | batch 900/3143 | loss 0.4478 | acc 0.9730 | lr 5.34e-05 | 71s
2026-09-20 13:51:53 | INFO    | epoch 21 | batch 920/3143 | loss 0.4481 | acc 0.9728 | lr 5.34e-05 | 73s
2026-09-20 13:51:55 | INFO    | epoch 21 | batch 940/3143 | loss 0.4479 | acc 0.9729 | lr 5.34e-05 | 74s
2026-09-20 13:51:56 | INFO    | epoch 21 | batch 960/3143 | loss 0.4476 | acc 0.9731 | lr 5.33e-05 | 76s
2026-09-20 13:51:58 | INFO    | epoch 21 | batch 980/3143 | loss 0.4475 | acc 0.9732 | lr 5.33e-05 | 77s
2026-09-20 13:51:59 | INFO    | epoch 21 | batch 1000/3143 | loss 0.4473 | acc 0.9732 | lr 5.33e-05 | 79s
2026-09-20 13:52:01 | INFO    | epoch 21 | batch 1020/3143 | loss 0.4476 | acc 0.9731 | lr 5.33e-05 | 80s
2026-09-20 13:52:03 | INFO    | epoch 21 | batch 1040/3143 | loss 0.4476 | acc 0.9731 | lr 5.32e-05 | 82s
2026-09-20 13:52:04 | INFO    | epoch 21 | batch 1060/3143 | loss 0.4481 | acc 0.9731 | lr 5.32e-05 | 84s
2026-09-20 13:52:06 | INFO    | epoch 21 | batch 1080/3143 | loss 0.4480 | acc 0.9730 | lr 5.32e-05 | 85s
2026-09-20 13:52:07 | INFO    | epoch 21 | batch 1100/3143 | loss 0.4480 | acc 0.9730 | lr 5.32e-05 | 87s
2026-09-20 13:52:09 | INFO    | epoch 21 | batch 1120/3143 | loss 0.4478 | acc 0.9731 | lr 5.31e-05 | 88s
2026-09-20 13:52:10 | INFO    | epoch 21 | batch 1140/3143 | loss 0.4477 | acc 0.9732 | lr 5.31e-05 | 90s
2026-09-20 13:52:12 | INFO    | epoch 21 | batch 1160/3143 | loss 0.4475 | acc 0.9733 | lr 5.31e-05 | 91s
2026-09-20 13:52:14 | INFO    | epoch 21 | batch 1180/3143 | loss 0.4475 | acc 0.9733 | lr 5.31e-05 | 93s
2026-09-20 13:52:15 | INFO    | epoch 21 | batch 1200/3143 | loss 0.4473 | acc 0.9733 | lr 5.30e-05 | 95s
2026-09-20 13:52:17 | INFO    | epoch 21 | batch 1220/3143 | loss 0.4473 | acc 0.9734 | lr 5.30e-05 | 96s
2026-09-20 13:52:18 | INFO    | epoch 21 | batch 1240/3143 | loss 0.4471 | acc 0.9735 | lr 5.30e-05 | 98s
2026-09-20 13:52:20 | INFO    | epoch 21 | batch 1260/3143 | loss 0.4472 | acc 0.9736 | lr 5.30e-05 | 99s
2026-09-20 13:52:21 | INFO    | epoch 21 | batch 1280/3143 | loss 0.4471 | acc 0.9737 | lr 5.29e-05 | 101s
2026-09-20 13:52:23 | INFO    | epoch 21 | batch 1300/3143 | loss 0.4470 | acc 0.9737 | lr 5.29e-05 | 103s
2026-09-20 13:52:25 | INFO    | epoch 21 | batch 1320/3143 | loss 0.4470 | acc 0.9736 | lr 5.29e-05 | 104s
2026-09-20 13:52:26 | INFO    | epoch 21 | batch 1340/3143 | loss 0.4470 | acc 0.9736 | lr 5.28e-05 | 106s
2026-09-20 13:52:28 | INFO    | epoch 21 | batch 1360/3143 | loss 0.4469 | acc 0.9736 | lr 5.28e-05 | 107s
2026-09-20 13:52:29 | INFO    | epoch 21 | batch 1380/3143 | loss 0.4468 | acc 0.9736 | lr 5.28e-05 | 109s
2026-09-20 13:52:31 | INFO    | epoch 21 | batch 1400/3143 | loss 0.4468 | acc 0.9734 | lr 5.28e-05 | 110s
2026-09-20 13:52:32 | INFO    | epoch 21 | batch 1420/3143 | loss 0.4472 | acc 0.9733 | lr 5.27e-05 | 112s
2026-09-20 13:52:34 | INFO    | epoch 21 | batch 1440/3143 | loss 0.4471 | acc 0.9733 | lr 5.27e-05 | 114s
2026-09-20 13:52:36 | INFO    | epoch 21 | batch 1460/3143 | loss 0.4472 | acc 0.9733 | lr 5.27e-05 | 115s
2026-09-20 13:52:37 | INFO    | epoch 21 | batch 1480/3143 | loss 0.4470 | acc 0.9735 | lr 5.27e-05 | 117s
2026-09-20 13:52:39 | INFO    | epoch 21 | batch 1500/3143 | loss 0.4466 | acc 0.9736 | lr 5.26e-05 | 118s
2026-09-20 13:52:40 | INFO    | epoch 21 | batch 1520/3143 | loss 0.4465 | acc 0.9737 | lr 5.26e-05 | 120s
2026-09-20 13:52:42 | INFO    | epoch 21 | batch 1540/3143 | loss 0.4468 | acc 0.9736 | lr 5.26e-05 | 121s
2026-09-20 13:52:43 | INFO    | epoch 21 | batch 1560/3143 | loss 0.4467 | acc 0.9736 | lr 5.26e-05 | 123s
2026-09-20 13:52:45 | INFO    | epoch 21 | batch 1580/3143 | loss 0.4468 | acc 0.9735 | lr 5.25e-05 | 125s
2026-09-20 13:52:47 | INFO    | epoch 21 | batch 1600/3143 | loss 0.4467 | acc 0.9736 | lr 5.25e-05 | 126s
2026-09-20 13:52:48 | INFO    | epoch 21 | batch 1620/3143 | loss 0.4468 | acc 0.9735 | lr 5.25e-05 | 128s
2026-09-20 13:52:50 | INFO    | epoch 21 | batch 1640/3143 | loss 0.4466 | acc 0.9736 | lr 5.25e-05 | 129s
2026-09-20 13:52:51 | INFO    | epoch 21 | batch 1660/3143 | loss 0.4465 | acc 0.9737 | lr 5.24e-05 | 131s
2026-09-20 13:52:53 | INFO    | epoch 21 | batch 1680/3143 | loss 0.4469 | acc 0.9737 | lr 5.24e-05 | 132s
2026-09-20 13:52:55 | INFO    | epoch 21 | batch 1700/3143 | loss 0.4469 | acc 0.9737 | lr 5.24e-05 | 134s
2026-09-20 13:52:56 | INFO    | epoch 21 | batch 1720/3143 | loss 0.4470 | acc 0.9737 | lr 5.24e-05 | 136s
2026-09-20 13:52:58 | INFO    | epoch 21 | batch 1740/3143 | loss 0.4471 | acc 0.9735 | lr 5.23e-05 | 137s
2026-09-20 13:52:59 | INFO    | epoch 21 | batch 1760/3143 | loss 0.4471 | acc 0.9736 | lr 5.23e-05 | 139s
2026-09-20 13:53:01 | INFO    | epoch 21 | batch 1780/3143 | loss 0.4471 | acc 0.9736 | lr 5.23e-05 | 140s
2026-09-20 13:53:02 | INFO    | epoch 21 | batch 1800/3143 | loss 0.4471 | acc 0.9736 | lr 5.22e-05 | 142s
2026-09-20 13:53:04 | INFO    | epoch 21 | batch 1820/3143 | loss 0.4471 | acc 0.9736 | lr 5.22e-05 | 143s
2026-09-20 13:53:06 | INFO    | epoch 21 | batch 1840/3143 | loss 0.4472 | acc 0.9736 | lr 5.22e-05 | 145s
2026-09-20 13:53:07 | INFO    | epoch 21 | batch 1860/3143 | loss 0.4470 | acc 0.9737 | lr 5.22e-05 | 147s
2026-09-20 13:53:09 | INFO    | epoch 21 | batch 1880/3143 | loss 0.4471 | acc 0.9736 | lr 5.21e-05 | 148s
2026-09-20 13:53:10 | INFO    | epoch 21 | batch 1900/3143 | loss 0.4471 | acc 0.9737 | lr 5.21e-05 | 150s
2026-09-20 13:53:12 | INFO    | epoch 21 | batch 1920/3143 | loss 0.4471 | acc 0.9736 | lr 5.21e-05 | 151s
2026-09-20 13:53:13 | INFO    | epoch 21 | batch 1940/3143 | loss 0.4469 | acc 0.9737 | lr 5.21e-05 | 153s
2026-09-20 13:53:15 | INFO    | epoch 21 | batch 1960/3143 | loss 0.4470 | acc 0.9737 | lr 5.20e-05 | 155s
2026-09-20 13:53:17 | INFO    | epoch 21 | batch 1980/3143 | loss 0.4470 | acc 0.9736 | lr 5.20e-05 | 156s
2026-09-20 13:53:18 | INFO    | epoch 21 | batch 2000/3143 | loss 0.4471 | acc 0.9735 | lr 5.20e-05 | 158s
2026-09-20 13:53:20 | INFO    | epoch 21 | batch 2020/3143 | loss 0.4471 | acc 0.9735 | lr 5.20e-05 | 159s
2026-09-20 13:53:21 | INFO    | epoch 21 | batch 2040/3143 | loss 0.4471 | acc 0.9734 | lr 5.19e-05 | 161s
2026-09-20 13:53:23 | INFO    | epoch 21 | batch 2060/3143 | loss 0.4475 | acc 0.9732 | lr 5.19e-05 | 162s
2026-09-20 13:53:25 | INFO    | epoch 21 | batch 2080/3143 | loss 0.4475 | acc 0.9732 | lr 5.19e-05 | 164s
2026-09-20 13:53:26 | INFO    | epoch 21 | batch 2100/3143 | loss 0.4475 | acc 0.9732 | lr 5.19e-05 | 166s
2026-09-20 13:53:28 | INFO    | epoch 21 | batch 2120/3143 | loss 0.4473 | acc 0.9733 | lr 5.18e-05 | 167s
2026-09-20 13:53:29 | INFO    | epoch 21 | batch 2140/3143 | loss 0.4475 | acc 0.9731 | lr 5.18e-05 | 169s
2026-09-20 13:53:31 | INFO    | epoch 21 | batch 2160/3143 | loss 0.4475 | acc 0.9731 | lr 5.18e-05 | 170s
2026-09-20 13:53:32 | INFO    | epoch 21 | batch 2180/3143 | loss 0.4474 | acc 0.9731 | lr 5.18e-05 | 172s
2026-09-20 13:53:34 | INFO    | epoch 21 | batch 2200/3143 | loss 0.4473 | acc 0.9732 | lr 5.17e-05 | 174s
2026-09-20 13:53:36 | INFO    | epoch 21 | batch 2220/3143 | loss 0.4472 | acc 0.9732 | lr 5.17e-05 | 175s
2026-09-20 13:53:37 | INFO    | epoch 21 | batch 2240/3143 | loss 0.4473 | acc 0.9732 | lr 5.17e-05 | 177s
2026-09-20 13:53:39 | INFO    | epoch 21 | batch 2260/3143 | loss 0.4473 | acc 0.9733 | lr 5.16e-05 | 178s
2026-09-20 13:53:40 | INFO    | epoch 21 | batch 2280/3143 | loss 0.4475 | acc 0.9731 | lr 5.16e-05 | 180s
2026-09-20 13:53:42 | INFO    | epoch 21 | batch 2300/3143 | loss 0.4474 | acc 0.9731 | lr 5.16e-05 | 181s
2026-09-20 13:53:44 | INFO    | epoch 21 | batch 2320/3143 | loss 0.4474 | acc 0.9731 | lr 5.16e-05 | 183s
2026-09-20 13:53:45 | INFO    | epoch 21 | batch 2340/3143 | loss 0.4473 | acc 0.9731 | lr 5.15e-05 | 185s
2026-09-20 13:53:47 | INFO    | epoch 21 | batch 2360/3143 | loss 0.4474 | acc 0.9731 | lr 5.15e-05 | 186s
2026-09-20 13:53:48 | INFO    | epoch 21 | batch 2380/3143 | loss 0.4474 | acc 0.9731 | lr 5.15e-05 | 188s
2026-09-20 13:53:50 | INFO    | epoch 21 | batch 2400/3143 | loss 0.4473 | acc 0.9731 | lr 5.15e-05 | 189s
2026-09-20 13:53:51 | INFO    | epoch 21 | batch 2420/3143 | loss 0.4472 | acc 0.9732 | lr 5.14e-05 | 191s
2026-09-20 13:53:53 | INFO    | epoch 21 | batch 2440/3143 | loss 0.4472 | acc 0.9732 | lr 5.14e-05 | 193s
2026-09-20 13:53:55 | INFO    | epoch 21 | batch 2460/3143 | loss 0.4470 | acc 0.9733 | lr 5.14e-05 | 194s
2026-09-20 13:53:56 | INFO    | epoch 21 | batch 2480/3143 | loss 0.4470 | acc 0.9733 | lr 5.14e-05 | 196s
2026-09-20 13:53:58 | INFO    | epoch 21 | batch 2500/3143 | loss 0.4469 | acc 0.9733 | lr 5.13e-05 | 197s
2026-09-20 13:53:59 | INFO    | epoch 21 | batch 2520/3143 | loss 0.4469 | acc 0.9733 | lr 5.13e-05 | 199s
2026-09-20 13:54:01 | INFO    | epoch 21 | batch 2540/3143 | loss 0.4469 | acc 0.9733 | lr 5.13e-05 | 200s
2026-09-20 13:54:03 | INFO    | epoch 21 | batch 2560/3143 | loss 0.4468 | acc 0.9734 | lr 5.13e-05 | 202s
2026-09-20 13:54:04 | INFO    | epoch 21 | batch 2580/3143 | loss 0.4468 | acc 0.9734 | lr 5.12e-05 | 204s
2026-09-20 13:54:06 | INFO    | epoch 21 | batch 2600/3143 | loss 0.4468 | acc 0.9734 | lr 5.12e-05 | 205s
2026-09-20 13:54:07 | INFO    | epoch 21 | batch 2620/3143 | loss 0.4467 | acc 0.9734 | lr 5.12e-05 | 207s
2026-09-20 13:54:09 | INFO    | epoch 21 | batch 2640/3143 | loss 0.4467 | acc 0.9734 | lr 5.12e-05 | 208s
2026-09-20 13:54:11 | INFO    | epoch 21 | batch 2660/3143 | loss 0.4468 | acc 0.9733 | lr 5.11e-05 | 210s
2026-09-20 13:54:12 | INFO    | epoch 21 | batch 2680/3143 | loss 0.4467 | acc 0.9734 | lr 5.11e-05 | 212s
2026-09-20 13:54:14 | INFO    | epoch 21 | batch 2700/3143 | loss 0.4468 | acc 0.9733 | lr 5.11e-05 | 213s
2026-09-20 13:54:15 | INFO    | epoch 21 | batch 2720/3143 | loss 0.4468 | acc 0.9733 | lr 5.11e-05 | 215s
2026-09-20 13:54:17 | INFO    | epoch 21 | batch 2740/3143 | loss 0.4469 | acc 0.9733 | lr 5.10e-05 | 216s
2026-09-20 13:54:19 | INFO    | epoch 21 | batch 2760/3143 | loss 0.4469 | acc 0.9733 | lr 5.10e-05 | 218s
2026-09-20 13:54:20 | INFO    | epoch 21 | batch 2780/3143 | loss 0.4468 | acc 0.9733 | lr 5.10e-05 | 220s
2026-09-20 13:54:22 | INFO    | epoch 21 | batch 2800/3143 | loss 0.4468 | acc 0.9733 | lr 5.09e-05 | 221s
2026-09-20 13:54:23 | INFO    | epoch 21 | batch 2820/3143 | loss 0.4468 | acc 0.9733 | lr 5.09e-05 | 223s
2026-09-20 13:54:25 | INFO    | epoch 21 | batch 2840/3143 | loss 0.4468 | acc 0.9733 | lr 5.09e-05 | 224s
2026-09-20 13:54:26 | INFO    | epoch 21 | batch 2860/3143 | loss 0.4467 | acc 0.9733 | lr 5.09e-05 | 226s
2026-09-20 13:54:28 | INFO    | epoch 21 | batch 2880/3143 | loss 0.4468 | acc 0.9733 | lr 5.08e-05 | 228s
2026-09-20 13:54:30 | INFO    | epoch 21 | batch 2900/3143 | loss 0.4468 | acc 0.9733 | lr 5.08e-05 | 229s
2026-09-20 13:54:31 | INFO    | epoch 21 | batch 2920/3143 | loss 0.4468 | acc 0.9733 | lr 5.08e-05 | 231s
2026-09-20 13:54:33 | INFO    | epoch 21 | batch 2940/3143 | loss 0.4468 | acc 0.9733 | lr 5.08e-05 | 232s
2026-09-20 13:54:34 | INFO    | epoch 21 | batch 2960/3143 | loss 0.4468 | acc 0.9733 | lr 5.07e-05 | 234s
2026-09-20 13:54:36 | INFO    | epoch 21 | batch 2980/3143 | loss 0.4467 | acc 0.9733 | lr 5.07e-05 | 236s
2026-09-20 13:54:38 | INFO    | epoch 21 | batch 3000/3143 | loss 0.4468 | acc 0.9732 | lr 5.07e-05 | 237s
2026-09-20 13:54:39 | INFO    | epoch 21 | batch 3020/3143 | loss 0.4468 | acc 0.9733 | lr 5.07e-05 | 239s
2026-09-20 13:54:41 | INFO    | epoch 21 | batch 3040/3143 | loss 0.4469 | acc 0.9732 | lr 5.06e-05 | 240s
2026-09-20 13:54:42 | INFO    | epoch 21 | batch 3060/3143 | loss 0.4468 | acc 0.9733 | lr 5.06e-05 | 242s
2026-09-20 13:54:44 | INFO    | epoch 21 | batch 3080/3143 | loss 0.4468 | acc 0.9733 | lr 5.06e-05 | 243s
2026-09-20 13:54:46 | INFO    | epoch 21 | batch 3100/3143 | loss 0.4468 | acc 0.9732 | lr 5.06e-05 | 245s
2026-09-20 13:54:47 | INFO    | epoch 21 | batch 3120/3143 | loss 0.4468 | acc 0.9733 | lr 5.05e-05 | 247s
2026-09-20 13:54:49 | INFO    | epoch 21 | batch 3140/3143 | loss 0.4468 | acc 0.9733 | lr 5.05e-05 | 248s
2026-09-20 13:54:49 | INFO    | epoch 21 | batch 3143/3143 | loss 0.4469 | acc 0.9733 | lr 5.05e-05 | 248s
2026-09-20 13:55:00 | INFO    | epoch 21/40 done in 260s | train loss 0.4469 | train running patch (aug): accuracy=0.9733 precision=0.9728 recall=0.9722 f1=0.9725
2026-09-20 13:55:00 | INFO    | epoch 21 train (eval, no aug) | loss 0.4022 | patch[7280]: accuracy=0.9949 precision=0.9952 recall=0.9938 f1=0.9945 | image[455]: accuracy=1.0000 precision=1.0000 recall=1.0000 f1=1.0000
2026-09-20 13:55:00 | INFO    | epoch 21 val | loss 1.1984 | patch[6048]: accuracy=0.6862 precision=0.6586 recall=0.6589 f1=0.6587 | image[96]: accuracy=0.7188 precision=0.6978 recall=0.6936 f1=0.6951
2026-09-20 13:55:00 | INFO    | val_patch_f1 = 0.6587 (best 0.6709 @ epoch 15)
2026-09-20 13:55:02 | INFO    | epoch 22 | batch 20/3143 | loss 0.4418 | acc 0.9734 | lr 5.05e-05 | 2s
2026-09-20 13:55:04 | INFO    | epoch 22 | batch 40/3143 | loss 0.4432 | acc 0.9758 | lr 5.04e-05 | 3s
2026-09-20 13:55:05 | INFO    | epoch 22 | batch 60/3143 | loss 0.4391 | acc 0.9792 | lr 5.04e-05 | 5s
2026-09-20 13:55:07 | INFO    | epoch 22 | batch 80/3143 | loss 0.4383 | acc 0.9781 | lr 5.04e-05 | 6s
2026-09-20 13:55:08 | INFO    | epoch 22 | batch 100/3143 | loss 0.4394 | acc 0.9775 | lr 5.04e-05 | 8s
2026-09-20 13:55:10 | INFO    | epoch 22 | batch 120/3143 | loss 0.4407 | acc 0.9768 | lr 5.03e-05 | 10s
2026-09-20 13:55:12 | INFO    | epoch 22 | batch 140/3143 | loss 0.4434 | acc 0.9754 | lr 5.03e-05 | 11s
2026-09-20 13:55:13 | INFO    | epoch 22 | batch 160/3143 | loss 0.4439 | acc 0.9754 | lr 5.03e-05 | 13s
2026-09-20 13:55:15 | INFO    | epoch 22 | batch 180/3143 | loss 0.4442 | acc 0.9747 | lr 5.03e-05 | 14s
2026-09-20 13:55:16 | INFO    | epoch 22 | batch 200/3143 | loss 0.4460 | acc 0.9741 | lr 5.02e-05 | 16s
2026-09-20 13:55:18 | INFO    | epoch 22 | batch 220/3143 | loss 0.4451 | acc 0.9747 | lr 5.02e-05 | 18s
2026-09-20 13:55:19 | INFO    | epoch 22 | batch 240/3143 | loss 0.4455 | acc 0.9747 | lr 5.02e-05 | 19s
2026-09-20 13:55:21 | INFO    | epoch 22 | batch 260/3143 | loss 0.4445 | acc 0.9752 | lr 5.02e-05 | 21s
2026-09-20 13:55:23 | INFO    | epoch 22 | batch 280/3143 | loss 0.4438 | acc 0.9752 | lr 5.01e-05 | 22s
2026-09-20 13:55:24 | INFO    | epoch 22 | batch 300/3143 | loss 0.4437 | acc 0.9752 | lr 5.01e-05 | 24s
2026-09-20 13:55:26 | INFO    | epoch 22 | batch 320/3143 | loss 0.4423 | acc 0.9760 | lr 5.01e-05 | 25s
2026-09-20 13:55:27 | INFO    | epoch 22 | batch 340/3143 | loss 0.4431 | acc 0.9756 | lr 5.01e-05 | 27s
2026-09-20 13:55:29 | INFO    | epoch 22 | batch 360/3143 | loss 0.4445 | acc 0.9747 | lr 5.00e-05 | 29s
2026-09-20 13:55:30 | INFO    | epoch 22 | batch 380/3143 | loss 0.4438 | acc 0.9751 | lr 5.00e-05 | 30s
2026-09-20 13:55:32 | INFO    | epoch 22 | batch 400/3143 | loss 0.4429 | acc 0.9752 | lr 5.00e-05 | 32s
2026-09-20 13:55:34 | INFO    | epoch 22 | batch 420/3143 | loss 0.4435 | acc 0.9749 | lr 5.00e-05 | 33s
2026-09-20 13:55:35 | INFO    | epoch 22 | batch 440/3143 | loss 0.4432 | acc 0.9751 | lr 4.99e-05 | 35s
2026-09-20 13:55:37 | INFO    | epoch 22 | batch 460/3143 | loss 0.4445 | acc 0.9747 | lr 4.99e-05 | 36s
2026-09-20 13:55:38 | INFO    | epoch 22 | batch 480/3143 | loss 0.4446 | acc 0.9747 | lr 4.99e-05 | 38s
2026-09-20 13:55:40 | INFO    | epoch 22 | batch 500/3143 | loss 0.4447 | acc 0.9746 | lr 4.98e-05 | 40s
2026-09-20 13:55:42 | INFO    | epoch 22 | batch 520/3143 | loss 0.4446 | acc 0.9749 | lr 4.98e-05 | 41s
2026-09-20 13:55:43 | INFO    | epoch 22 | batch 540/3143 | loss 0.4446 | acc 0.9748 | lr 4.98e-05 | 43s
2026-09-20 13:55:45 | INFO    | epoch 22 | batch 560/3143 | loss 0.4441 | acc 0.9748 | lr 4.98e-05 | 44s
2026-09-20 13:55:46 | INFO    | epoch 22 | batch 580/3143 | loss 0.4436 | acc 0.9750 | lr 4.97e-05 | 46s
2026-09-20 13:55:48 | INFO    | epoch 22 | batch 600/3143 | loss 0.4430 | acc 0.9753 | lr 4.97e-05 | 48s
2026-09-20 13:55:49 | INFO    | epoch 22 | batch 620/3143 | loss 0.4426 | acc 0.9756 | lr 4.97e-05 | 49s
2026-09-20 13:55:51 | INFO    | epoch 22 | batch 640/3143 | loss 0.4425 | acc 0.9755 | lr 4.97e-05 | 51s
2026-09-20 13:55:53 | INFO    | epoch 22 | batch 660/3143 | loss 0.4429 | acc 0.9753 | lr 4.96e-05 | 52s
2026-09-20 13:55:54 | INFO    | epoch 22 | batch 680/3143 | loss 0.4430 | acc 0.9751 | lr 4.96e-05 | 54s
2026-09-20 13:55:56 | INFO    | epoch 22 | batch 700/3143 | loss 0.4427 | acc 0.9753 | lr 4.96e-05 | 55s
2026-09-20 13:55:57 | INFO    | epoch 22 | batch 720/3143 | loss 0.4428 | acc 0.9751 | lr 4.96e-05 | 57s
2026-09-20 13:55:59 | INFO    | epoch 22 | batch 740/3143 | loss 0.4426 | acc 0.9753 | lr 4.95e-05 | 59s
2026-09-20 13:56:00 | INFO    | epoch 22 | batch 760/3143 | loss 0.4434 | acc 0.9749 | lr 4.95e-05 | 60s
2026-09-20 13:56:02 | INFO    | epoch 22 | batch 780/3143 | loss 0.4432 | acc 0.9750 | lr 4.95e-05 | 62s
2026-09-20 13:56:04 | INFO    | epoch 22 | batch 800/3143 | loss 0.4433 | acc 0.9750 | lr 4.95e-05 | 63s
2026-09-20 13:56:05 | INFO    | epoch 22 | batch 820/3143 | loss 0.4433 | acc 0.9750 | lr 4.94e-05 | 65s
2026-09-20 13:56:07 | INFO    | epoch 22 | batch 840/3143 | loss 0.4431 | acc 0.9750 | lr 4.94e-05 | 66s
2026-09-20 13:56:08 | INFO    | epoch 22 | batch 860/3143 | loss 0.4431 | acc 0.9750 | lr 4.94e-05 | 68s
2026-09-20 13:56:10 | INFO    | epoch 22 | batch 880/3143 | loss 0.4434 | acc 0.9750 | lr 4.94e-05 | 70s
2026-09-20 13:56:12 | INFO    | epoch 22 | batch 900/3143 | loss 0.4434 | acc 0.9750 | lr 4.93e-05 | 71s
2026-09-20 13:56:13 | INFO    | epoch 22 | batch 920/3143 | loss 0.4434 | acc 0.9750 | lr 4.93e-05 | 73s
2026-09-20 13:56:15 | INFO    | epoch 22 | batch 940/3143 | loss 0.4435 | acc 0.9749 | lr 4.93e-05 | 74s
2026-09-20 13:56:16 | INFO    | epoch 22 | batch 960/3143 | loss 0.4435 | acc 0.9749 | lr 4.93e-05 | 76s
2026-09-20 13:56:18 | INFO    | epoch 22 | batch 980/3143 | loss 0.4434 | acc 0.9749 | lr 4.92e-05 | 78s
2026-09-20 13:56:20 | INFO    | epoch 22 | batch 1000/3143 | loss 0.4437 | acc 0.9747 | lr 4.92e-05 | 79s
2026-09-20 13:56:21 | INFO    | epoch 22 | batch 1020/3143 | loss 0.4442 | acc 0.9746 | lr 4.92e-05 | 81s
2026-09-20 13:56:23 | INFO    | epoch 22 | batch 1040/3143 | loss 0.4439 | acc 0.9746 | lr 4.91e-05 | 82s
2026-09-20 13:56:24 | INFO    | epoch 22 | batch 1060/3143 | loss 0.4440 | acc 0.9746 | lr 4.91e-05 | 84s
2026-09-20 13:56:26 | INFO    | epoch 22 | batch 1080/3143 | loss 0.4441 | acc 0.9745 | lr 4.91e-05 | 85s
2026-09-20 13:56:27 | INFO    | epoch 22 | batch 1100/3143 | loss 0.4439 | acc 0.9746 | lr 4.91e-05 | 87s
2026-09-20 13:56:29 | INFO    | epoch 22 | batch 1120/3143 | loss 0.4437 | acc 0.9747 | lr 4.90e-05 | 89s
2026-09-20 13:56:31 | INFO    | epoch 22 | batch 1140/3143 | loss 0.4437 | acc 0.9747 | lr 4.90e-05 | 90s
2026-09-20 13:56:32 | INFO    | epoch 22 | batch 1160/3143 | loss 0.4437 | acc 0.9747 | lr 4.90e-05 | 92s
2026-09-20 13:56:34 | INFO    | epoch 22 | batch 1180/3143 | loss 0.4436 | acc 0.9747 | lr 4.90e-05 | 93s
2026-09-20 13:56:35 | INFO    | epoch 22 | batch 1200/3143 | loss 0.4436 | acc 0.9748 | lr 4.89e-05 | 95s
2026-09-20 13:56:37 | INFO    | epoch 22 | batch 1220/3143 | loss 0.4435 | acc 0.9749 | lr 4.89e-05 | 96s
2026-09-20 13:56:38 | INFO    | epoch 22 | batch 1240/3143 | loss 0.4436 | acc 0.9748 | lr 4.89e-05 | 98s
2026-09-20 13:56:40 | INFO    | epoch 22 | batch 1260/3143 | loss 0.4439 | acc 0.9747 | lr 4.89e-05 | 100s
2026-09-20 13:56:42 | INFO    | epoch 22 | batch 1280/3143 | loss 0.4440 | acc 0.9747 | lr 4.88e-05 | 101s
2026-09-20 13:56:43 | INFO    | epoch 22 | batch 1300/3143 | loss 0.4440 | acc 0.9747 | lr 4.88e-05 | 103s
2026-09-20 13:56:45 | INFO    | epoch 22 | batch 1320/3143 | loss 0.4440 | acc 0.9748 | lr 4.88e-05 | 104s
2026-09-20 13:56:46 | INFO    | epoch 22 | batch 1340/3143 | loss 0.4442 | acc 0.9747 | lr 4.88e-05 | 106s
2026-09-20 13:56:48 | INFO    | epoch 22 | batch 1360/3143 | loss 0.4441 | acc 0.9747 | lr 4.87e-05 | 107s
2026-09-20 13:56:49 | INFO    | epoch 22 | batch 1380/3143 | loss 0.4440 | acc 0.9748 | lr 4.87e-05 | 109s
2026-09-20 13:56:51 | INFO    | epoch 22 | batch 1400/3143 | loss 0.4440 | acc 0.9749 | lr 4.87e-05 | 111s
2026-09-20 13:56:53 | INFO    | epoch 22 | batch 1420/3143 | loss 0.4441 | acc 0.9748 | lr 4.87e-05 | 112s
2026-09-20 13:56:54 | INFO    | epoch 22 | batch 1440/3143 | loss 0.4440 | acc 0.9750 | lr 4.86e-05 | 114s
2026-09-20 13:56:56 | INFO    | epoch 22 | batch 1460/3143 | loss 0.4437 | acc 0.9751 | lr 4.86e-05 | 115s
2026-09-20 13:56:57 | INFO    | epoch 22 | batch 1480/3143 | loss 0.4438 | acc 0.9750 | lr 4.86e-05 | 117s
2026-09-20 13:56:59 | INFO    | epoch 22 | batch 1500/3143 | loss 0.4435 | acc 0.9751 | lr 4.85e-05 | 119s
2026-09-20 13:57:00 | INFO    | epoch 22 | batch 1520/3143 | loss 0.4432 | acc 0.9753 | lr 4.85e-05 | 120s
2026-09-20 13:57:02 | INFO    | epoch 22 | batch 1540/3143 | loss 0.4434 | acc 0.9752 | lr 4.85e-05 | 122s
2026-09-20 13:57:04 | INFO    | epoch 22 | batch 1560/3143 | loss 0.4434 | acc 0.9752 | lr 4.85e-05 | 123s
2026-09-20 13:57:05 | INFO    | epoch 22 | batch 1580/3143 | loss 0.4435 | acc 0.9752 | lr 4.84e-05 | 125s
2026-09-20 13:57:07 | INFO    | epoch 22 | batch 1600/3143 | loss 0.4436 | acc 0.9751 | lr 4.84e-05 | 127s
2026-09-20 13:57:08 | INFO    | epoch 22 | batch 1620/3143 | loss 0.4433 | acc 0.9753 | lr 4.84e-05 | 128s
2026-09-20 13:57:10 | INFO    | epoch 22 | batch 1640/3143 | loss 0.4434 | acc 0.9752 | lr 4.84e-05 | 130s
2026-09-20 13:57:12 | INFO    | epoch 22 | batch 1660/3143 | loss 0.4434 | acc 0.9752 | lr 4.83e-05 | 131s
2026-09-20 13:57:13 | INFO    | epoch 22 | batch 1680/3143 | loss 0.4434 | acc 0.9753 | lr 4.83e-05 | 133s
2026-09-20 13:57:15 | INFO    | epoch 22 | batch 1700/3143 | loss 0.4432 | acc 0.9753 | lr 4.83e-05 | 134s
2026-09-20 13:57:16 | INFO    | epoch 22 | batch 1720/3143 | loss 0.4431 | acc 0.9753 | lr 4.83e-05 | 136s
2026-09-20 13:57:18 | INFO    | epoch 22 | batch 1740/3143 | loss 0.4431 | acc 0.9753 | lr 4.82e-05 | 138s
2026-09-20 13:57:20 | INFO    | epoch 22 | batch 1760/3143 | loss 0.4431 | acc 0.9753 | lr 4.82e-05 | 139s
2026-09-20 13:57:21 | INFO    | epoch 22 | batch 1780/3143 | loss 0.4431 | acc 0.9754 | lr 4.82e-05 | 141s
2026-09-20 13:57:23 | INFO    | epoch 22 | batch 1800/3143 | loss 0.4433 | acc 0.9753 | lr 4.82e-05 | 142s
2026-09-20 13:57:24 | INFO    | epoch 22 | batch 1820/3143 | loss 0.4433 | acc 0.9753 | lr 4.81e-05 | 144s
2026-09-20 13:57:26 | INFO    | epoch 22 | batch 1840/3143 | loss 0.4435 | acc 0.9752 | lr 4.81e-05 | 146s
2026-09-20 13:57:28 | INFO    | epoch 22 | batch 1860/3143 | loss 0.4434 | acc 0.9753 | lr 4.81e-05 | 147s
2026-09-20 13:57:29 | INFO    | epoch 22 | batch 1880/3143 | loss 0.4432 | acc 0.9753 | lr 4.81e-05 | 149s
2026-09-20 13:57:31 | INFO    | epoch 22 | batch 1900/3143 | loss 0.4431 | acc 0.9754 | lr 4.80e-05 | 150s
2026-09-20 13:57:32 | INFO    | epoch 22 | batch 1920/3143 | loss 0.4431 | acc 0.9755 | lr 4.80e-05 | 152s
2026-09-20 13:57:34 | INFO    | epoch 22 | batch 1940/3143 | loss 0.4430 | acc 0.9755 | lr 4.80e-05 | 154s
2026-09-20 13:57:35 | INFO    | epoch 22 | batch 1960/3143 | loss 0.4429 | acc 0.9755 | lr 4.79e-05 | 155s
2026-09-20 13:57:37 | INFO    | epoch 22 | batch 1980/3143 | loss 0.4431 | acc 0.9754 | lr 4.79e-05 | 157s
2026-09-20 13:57:39 | INFO    | epoch 22 | batch 2000/3143 | loss 0.4432 | acc 0.9754 | lr 4.79e-05 | 158s
2026-09-20 13:57:40 | INFO    | epoch 22 | batch 2020/3143 | loss 0.4432 | acc 0.9754 | lr 4.79e-05 | 160s
2026-09-20 13:57:42 | INFO    | epoch 22 | batch 2040/3143 | loss 0.4431 | acc 0.9754 | lr 4.78e-05 | 161s
2026-09-20 13:57:43 | INFO    | epoch 22 | batch 2060/3143 | loss 0.4430 | acc 0.9755 | lr 4.78e-05 | 163s
2026-09-20 13:57:45 | INFO    | epoch 22 | batch 2080/3143 | loss 0.4428 | acc 0.9756 | lr 4.78e-05 | 165s
2026-09-20 13:57:47 | INFO    | epoch 22 | batch 2100/3143 | loss 0.4428 | acc 0.9756 | lr 4.78e-05 | 166s
2026-09-20 13:57:48 | INFO    | epoch 22 | batch 2120/3143 | loss 0.4429 | acc 0.9755 | lr 4.77e-05 | 168s
2026-09-20 13:57:50 | INFO    | epoch 22 | batch 2140/3143 | loss 0.4428 | acc 0.9756 | lr 4.77e-05 | 169s
2026-09-20 13:57:51 | INFO    | epoch 22 | batch 2160/3143 | loss 0.4426 | acc 0.9757 | lr 4.77e-05 | 171s
2026-09-20 13:57:53 | INFO    | epoch 22 | batch 2180/3143 | loss 0.4427 | acc 0.9756 | lr 4.77e-05 | 173s
2026-09-20 13:57:54 | INFO    | epoch 22 | batch 2200/3143 | loss 0.4427 | acc 0.9756 | lr 4.76e-05 | 174s
2026-09-20 13:57:56 | INFO    | epoch 22 | batch 2220/3143 | loss 0.4428 | acc 0.9756 | lr 4.76e-05 | 176s
2026-09-20 13:57:58 | INFO    | epoch 22 | batch 2240/3143 | loss 0.4428 | acc 0.9756 | lr 4.76e-05 | 177s
2026-09-20 13:57:59 | INFO    | epoch 22 | batch 2260/3143 | loss 0.4428 | acc 0.9756 | lr 4.76e-05 | 179s
2026-09-20 13:58:01 | INFO    | epoch 22 | batch 2280/3143 | loss 0.4427 | acc 0.9756 | lr 4.75e-05 | 180s
2026-09-20 13:58:02 | INFO    | epoch 22 | batch 2300/3143 | loss 0.4428 | acc 0.9756 | lr 4.75e-05 | 182s
2026-09-20 13:58:04 | INFO    | epoch 22 | batch 2320/3143 | loss 0.4429 | acc 0.9755 | lr 4.75e-05 | 184s
2026-09-20 13:58:06 | INFO    | epoch 22 | batch 2340/3143 | loss 0.4428 | acc 0.9756 | lr 4.75e-05 | 185s
2026-09-20 13:58:07 | INFO    | epoch 22 | batch 2360/3143 | loss 0.4429 | acc 0.9756 | lr 4.74e-05 | 187s
2026-09-20 13:58:09 | INFO    | epoch 22 | batch 2380/3143 | loss 0.4429 | acc 0.9756 | lr 4.74e-05 | 188s
2026-09-20 13:58:10 | INFO    | epoch 22 | batch 2400/3143 | loss 0.4428 | acc 0.9757 | lr 4.74e-05 | 190s
2026-09-20 13:58:12 | INFO    | epoch 22 | batch 2420/3143 | loss 0.4428 | acc 0.9756 | lr 4.74e-05 | 192s
2026-09-20 13:58:14 | INFO    | epoch 22 | batch 2440/3143 | loss 0.4428 | acc 0.9757 | lr 4.73e-05 | 193s
2026-09-20 13:58:15 | INFO    | epoch 22 | batch 2460/3143 | loss 0.4427 | acc 0.9757 | lr 4.73e-05 | 195s
2026-09-20 13:58:17 | INFO    | epoch 22 | batch 2480/3143 | loss 0.4428 | acc 0.9757 | lr 4.73e-05 | 196s
2026-09-20 13:58:18 | INFO    | epoch 22 | batch 2500/3143 | loss 0.4427 | acc 0.9758 | lr 4.72e-05 | 198s
2026-09-20 13:58:20 | INFO    | epoch 22 | batch 2520/3143 | loss 0.4427 | acc 0.9758 | lr 4.72e-05 | 200s
2026-09-20 13:58:22 | INFO    | epoch 22 | batch 2540/3143 | loss 0.4426 | acc 0.9758 | lr 4.72e-05 | 201s
2026-09-20 13:58:23 | INFO    | epoch 22 | batch 2560/3143 | loss 0.4425 | acc 0.9759 | lr 4.72e-05 | 203s
2026-09-20 13:58:25 | INFO    | epoch 22 | batch 2580/3143 | loss 0.4426 | acc 0.9759 | lr 4.71e-05 | 204s
2026-09-20 13:58:26 | INFO    | epoch 22 | batch 2600/3143 | loss 0.4425 | acc 0.9759 | lr 4.71e-05 | 206s
2026-09-20 13:58:28 | INFO    | epoch 22 | batch 2620/3143 | loss 0.4425 | acc 0.9759 | lr 4.71e-05 | 208s
2026-09-20 13:58:29 | INFO    | epoch 22 | batch 2640/3143 | loss 0.4426 | acc 0.9759 | lr 4.71e-05 | 209s
2026-09-20 13:58:31 | INFO    | epoch 22 | batch 2660/3143 | loss 0.4426 | acc 0.9759 | lr 4.70e-05 | 211s
2026-09-20 13:58:33 | INFO    | epoch 22 | batch 2680/3143 | loss 0.4426 | acc 0.9759 | lr 4.70e-05 | 212s
2026-09-20 13:58:34 | INFO    | epoch 22 | batch 2700/3143 | loss 0.4425 | acc 0.9759 | lr 4.70e-05 | 214s
2026-09-20 13:58:36 | INFO    | epoch 22 | batch 2720/3143 | loss 0.4426 | acc 0.9759 | lr 4.70e-05 | 216s
2026-09-20 13:58:37 | INFO    | epoch 22 | batch 2740/3143 | loss 0.4426 | acc 0.9759 | lr 4.69e-05 | 217s
2026-09-20 13:58:39 | INFO    | epoch 22 | batch 2760/3143 | loss 0.4426 | acc 0.9758 | lr 4.69e-05 | 219s
2026-09-20 13:58:41 | INFO    | epoch 22 | batch 2780/3143 | loss 0.4426 | acc 0.9758 | lr 4.69e-05 | 220s
2026-09-20 13:58:42 | INFO    | epoch 22 | batch 2800/3143 | loss 0.4425 | acc 0.9759 | lr 4.69e-05 | 222s
2026-09-20 13:58:44 | INFO    | epoch 22 | batch 2820/3143 | loss 0.4425 | acc 0.9759 | lr 4.68e-05 | 223s
2026-09-20 13:58:45 | INFO    | epoch 22 | batch 2840/3143 | loss 0.4426 | acc 0.9758 | lr 4.68e-05 | 225s
2026-09-20 13:58:47 | INFO    | epoch 22 | batch 2860/3143 | loss 0.4426 | acc 0.9758 | lr 4.68e-05 | 227s
2026-09-20 13:58:48 | INFO    | epoch 22 | batch 2880/3143 | loss 0.4425 | acc 0.9759 | lr 4.68e-05 | 228s
2026-09-20 13:58:50 | INFO    | epoch 22 | batch 2900/3143 | loss 0.4424 | acc 0.9760 | lr 4.67e-05 | 230s
2026-09-20 13:58:52 | INFO    | epoch 22 | batch 2920/3143 | loss 0.4423 | acc 0.9761 | lr 4.67e-05 | 231s
2026-09-20 13:58:53 | INFO    | epoch 22 | batch 2940/3143 | loss 0.4422 | acc 0.9761 | lr 4.67e-05 | 233s
2026-09-20 13:58:55 | INFO    | epoch 22 | batch 2960/3143 | loss 0.4422 | acc 0.9760 | lr 4.66e-05 | 235s
2026-09-20 13:58:56 | INFO    | epoch 22 | batch 2980/3143 | loss 0.4422 | acc 0.9761 | lr 4.66e-05 | 236s
2026-09-20 13:58:58 | INFO    | epoch 22 | batch 3000/3143 | loss 0.4421 | acc 0.9761 | lr 4.66e-05 | 238s
2026-09-20 13:59:00 | INFO    | epoch 22 | batch 3020/3143 | loss 0.4421 | acc 0.9761 | lr 4.66e-05 | 239s
2026-09-20 13:59:01 | INFO    | epoch 22 | batch 3040/3143 | loss 0.4421 | acc 0.9761 | lr 4.65e-05 | 241s
2026-09-20 13:59:03 | INFO    | epoch 22 | batch 3060/3143 | loss 0.4422 | acc 0.9761 | lr 4.65e-05 | 242s
2026-09-20 13:59:04 | INFO    | epoch 22 | batch 3080/3143 | loss 0.4421 | acc 0.9761 | lr 4.65e-05 | 244s
2026-09-20 13:59:06 | INFO    | epoch 22 | batch 3100/3143 | loss 0.4421 | acc 0.9761 | lr 4.65e-05 | 246s
2026-09-20 13:59:08 | INFO    | epoch 22 | batch 3120/3143 | loss 0.4421 | acc 0.9761 | lr 4.64e-05 | 247s
2026-09-20 13:59:09 | INFO    | epoch 22 | batch 3140/3143 | loss 0.4422 | acc 0.9761 | lr 4.64e-05 | 249s
2026-09-20 13:59:09 | INFO    | epoch 22 | batch 3143/3143 | loss 0.4422 | acc 0.9761 | lr 4.64e-05 | 249s
2026-09-20 13:59:21 | INFO    | epoch 22/40 done in 260s | train loss 0.4422 | train running patch (aug): accuracy=0.9761 precision=0.9757 recall=0.9752 f1=0.9754
2026-09-20 13:59:21 | INFO    | epoch 22 train (eval, no aug) | loss 0.4076 | patch[7280]: accuracy=0.9919 precision=0.9914 recall=0.9921 f1=0.9917 | image[455]: accuracy=1.0000 precision=1.0000 recall=1.0000 f1=1.0000
2026-09-20 13:59:21 | INFO    | epoch 22 val | loss 1.1917 | patch[6048]: accuracy=0.6893 precision=0.6661 recall=0.6681 f1=0.6662 | image[96]: accuracy=0.7083 precision=0.6848 recall=0.6860 f1=0.6841
2026-09-20 13:59:21 | INFO    | val_patch_f1 = 0.6662 (best 0.6709 @ epoch 15)
2026-09-20 13:59:23 | INFO    | epoch 23 | batch 20/3143 | loss 0.4507 | acc 0.9719 | lr 4.64e-05 | 2s
2026-09-20 13:59:24 | INFO    | epoch 23 | batch 40/3143 | loss 0.4413 | acc 0.9766 | lr 4.64e-05 | 3s
2026-09-20 13:59:26 | INFO    | epoch 23 | batch 60/3143 | loss 0.4425 | acc 0.9755 | lr 4.63e-05 | 5s
2026-09-20 13:59:27 | INFO    | epoch 23 | batch 80/3143 | loss 0.4454 | acc 0.9742 | lr 4.63e-05 | 6s
2026-09-20 13:59:29 | INFO    | epoch 23 | batch 100/3143 | loss 0.4416 | acc 0.9769 | lr 4.63e-05 | 8s
2026-09-20 13:59:30 | INFO    | epoch 23 | batch 120/3143 | loss 0.4437 | acc 0.9768 | lr 4.63e-05 | 10s
2026-09-20 13:59:32 | INFO    | epoch 23 | batch 140/3143 | loss 0.4430 | acc 0.9775 | lr 4.62e-05 | 11s
2026-09-20 13:59:34 | INFO    | epoch 23 | batch 160/3143 | loss 0.4403 | acc 0.9781 | lr 4.62e-05 | 13s
2026-09-20 13:59:35 | INFO    | epoch 23 | batch 180/3143 | loss 0.4398 | acc 0.9781 | lr 4.62e-05 | 14s
2026-09-20 13:59:37 | INFO    | epoch 23 | batch 200/3143 | loss 0.4387 | acc 0.9786 | lr 4.62e-05 | 16s
2026-09-20 13:59:38 | INFO    | epoch 23 | batch 220/3143 | loss 0.4396 | acc 0.9780 | lr 4.61e-05 | 17s
2026-09-20 13:59:40 | INFO    | epoch 23 | batch 240/3143 | loss 0.4403 | acc 0.9777 | lr 4.61e-05 | 19s
2026-09-20 13:59:41 | INFO    | epoch 23 | batch 260/3143 | loss 0.4399 | acc 0.9775 | lr 4.61e-05 | 21s
2026-09-20 13:59:43 | INFO    | epoch 23 | batch 280/3143 | loss 0.4401 | acc 0.9773 | lr 4.60e-05 | 22s
2026-09-20 13:59:45 | INFO    | epoch 23 | batch 300/3143 | loss 0.4393 | acc 0.9775 | lr 4.60e-05 | 24s
2026-09-20 13:59:46 | INFO    | epoch 23 | batch 320/3143 | loss 0.4388 | acc 0.9777 | lr 4.60e-05 | 25s
2026-09-20 13:59:48 | INFO    | epoch 23 | batch 340/3143 | loss 0.4390 | acc 0.9780 | lr 4.60e-05 | 27s
2026-09-20 13:59:49 | INFO    | epoch 23 | batch 360/3143 | loss 0.4394 | acc 0.9780 | lr 4.59e-05 | 28s
2026-09-20 13:59:51 | INFO    | epoch 23 | batch 380/3143 | loss 0.4384 | acc 0.9788 | lr 4.59e-05 | 30s
2026-09-20 13:59:52 | INFO    | epoch 23 | batch 400/3143 | loss 0.4383 | acc 0.9788 | lr 4.59e-05 | 32s
2026-09-20 13:59:54 | INFO    | epoch 23 | batch 420/3143 | loss 0.4383 | acc 0.9787 | lr 4.59e-05 | 33s
2026-09-20 13:59:56 | INFO    | epoch 23 | batch 440/3143 | loss 0.4390 | acc 0.9783 | lr 4.58e-05 | 35s
2026-09-20 13:59:57 | INFO    | epoch 23 | batch 460/3143 | loss 0.4386 | acc 0.9785 | lr 4.58e-05 | 36s
2026-09-20 13:59:59 | INFO    | epoch 23 | batch 480/3143 | loss 0.4384 | acc 0.9786 | lr 4.58e-05 | 38s
2026-09-20 14:00:00 | INFO    | epoch 23 | batch 500/3143 | loss 0.4384 | acc 0.9786 | lr 4.58e-05 | 39s
2026-09-20 14:00:02 | INFO    | epoch 23 | batch 520/3143 | loss 0.4383 | acc 0.9788 | lr 4.57e-05 | 41s
2026-09-20 14:00:03 | INFO    | epoch 23 | batch 540/3143 | loss 0.4378 | acc 0.9790 | lr 4.57e-05 | 43s
2026-09-20 14:00:05 | INFO    | epoch 23 | batch 560/3143 | loss 0.4374 | acc 0.9792 | lr 4.57e-05 | 44s
2026-09-20 14:00:07 | INFO    | epoch 23 | batch 580/3143 | loss 0.4373 | acc 0.9793 | lr 4.57e-05 | 46s
2026-09-20 14:00:08 | INFO    | epoch 23 | batch 600/3143 | loss 0.4371 | acc 0.9793 | lr 4.56e-05 | 47s
2026-09-20 14:00:10 | INFO    | epoch 23 | batch 620/3143 | loss 0.4378 | acc 0.9788 | lr 4.56e-05 | 49s
2026-09-20 14:00:11 | INFO    | epoch 23 | batch 640/3143 | loss 0.4377 | acc 0.9789 | lr 4.56e-05 | 50s
2026-09-20 14:00:13 | INFO    | epoch 23 | batch 660/3143 | loss 0.4377 | acc 0.9788 | lr 4.56e-05 | 52s
2026-09-20 14:00:14 | INFO    | epoch 23 | batch 680/3143 | loss 0.4378 | acc 0.9788 | lr 4.55e-05 | 54s
2026-09-20 14:00:16 | INFO    | epoch 23 | batch 700/3143 | loss 0.4376 | acc 0.9788 | lr 4.55e-05 | 55s
2026-09-20 14:00:18 | INFO    | epoch 23 | batch 720/3143 | loss 0.4367 | acc 0.9793 | lr 4.55e-05 | 57s
2026-09-20 14:00:19 | INFO    | epoch 23 | batch 740/3143 | loss 0.4364 | acc 0.9794 | lr 4.55e-05 | 58s
2026-09-20 14:00:21 | INFO    | epoch 23 | batch 760/3143 | loss 0.4364 | acc 0.9794 | lr 4.54e-05 | 60s
2026-09-20 14:00:22 | INFO    | epoch 23 | batch 780/3143 | loss 0.4361 | acc 0.9796 | lr 4.54e-05 | 61s
2026-09-20 14:00:24 | INFO    | epoch 23 | batch 800/3143 | loss 0.4363 | acc 0.9794 | lr 4.54e-05 | 63s
2026-09-20 14:00:25 | INFO    | epoch 23 | batch 820/3143 | loss 0.4362 | acc 0.9793 | lr 4.53e-05 | 65s
2026-09-20 14:00:27 | INFO    | epoch 23 | batch 840/3143 | loss 0.4362 | acc 0.9794 | lr 4.53e-05 | 66s
2026-09-20 14:00:29 | INFO    | epoch 23 | batch 860/3143 | loss 0.4363 | acc 0.9794 | lr 4.53e-05 | 68s
2026-09-20 14:00:30 | INFO    | epoch 23 | batch 880/3143 | loss 0.4367 | acc 0.9792 | lr 4.53e-05 | 69s
2026-09-20 14:00:32 | INFO    | epoch 23 | batch 900/3143 | loss 0.4368 | acc 0.9792 | lr 4.52e-05 | 71s
2026-09-20 14:00:33 | INFO    | epoch 23 | batch 920/3143 | loss 0.4366 | acc 0.9792 | lr 4.52e-05 | 72s
2026-09-20 14:00:35 | INFO    | epoch 23 | batch 940/3143 | loss 0.4363 | acc 0.9793 | lr 4.52e-05 | 74s
2026-09-20 14:00:36 | INFO    | epoch 23 | batch 960/3143 | loss 0.4363 | acc 0.9793 | lr 4.52e-05 | 76s
2026-09-20 14:00:38 | INFO    | epoch 23 | batch 980/3143 | loss 0.4362 | acc 0.9792 | lr 4.51e-05 | 77s
2026-09-20 14:00:40 | INFO    | epoch 23 | batch 1000/3143 | loss 0.4362 | acc 0.9793 | lr 4.51e-05 | 79s
2026-09-20 14:00:41 | INFO    | epoch 23 | batch 1020/3143 | loss 0.4364 | acc 0.9792 | lr 4.51e-05 | 80s
2026-09-20 14:00:43 | INFO    | epoch 23 | batch 1040/3143 | loss 0.4365 | acc 0.9791 | lr 4.51e-05 | 82s
2026-09-20 14:00:44 | INFO    | epoch 23 | batch 1060/3143 | loss 0.4365 | acc 0.9791 | lr 4.50e-05 | 83s
2026-09-20 14:00:46 | INFO    | epoch 23 | batch 1080/3143 | loss 0.4367 | acc 0.9790 | lr 4.50e-05 | 85s
2026-09-20 14:00:47 | INFO    | epoch 23 | batch 1100/3143 | loss 0.4368 | acc 0.9789 | lr 4.50e-05 | 87s
2026-09-20 14:00:49 | INFO    | epoch 23 | batch 1120/3143 | loss 0.4368 | acc 0.9789 | lr 4.50e-05 | 88s
2026-09-20 14:00:51 | INFO    | epoch 23 | batch 1140/3143 | loss 0.4370 | acc 0.9788 | lr 4.49e-05 | 90s
2026-09-20 14:00:52 | INFO    | epoch 23 | batch 1160/3143 | loss 0.4367 | acc 0.9789 | lr 4.49e-05 | 91s
2026-09-20 14:00:54 | INFO    | epoch 23 | batch 1180/3143 | loss 0.4368 | acc 0.9790 | lr 4.49e-05 | 93s
2026-09-20 14:00:55 | INFO    | epoch 23 | batch 1200/3143 | loss 0.4368 | acc 0.9790 | lr 4.49e-05 | 94s
2026-09-20 14:00:57 | INFO    | epoch 23 | batch 1220/3143 | loss 0.4368 | acc 0.9789 | lr 4.48e-05 | 96s
2026-09-20 14:00:59 | INFO    | epoch 23 | batch 1240/3143 | loss 0.4369 | acc 0.9790 | lr 4.48e-05 | 98s
2026-09-20 14:01:00 | INFO    | epoch 23 | batch 1260/3143 | loss 0.4373 | acc 0.9789 | lr 4.48e-05 | 99s
2026-09-20 14:01:02 | INFO    | epoch 23 | batch 1280/3143 | loss 0.4370 | acc 0.9790 | lr 4.48e-05 | 101s
2026-09-20 14:01:03 | INFO    | epoch 23 | batch 1300/3143 | loss 0.4370 | acc 0.9791 | lr 4.47e-05 | 102s
2026-09-20 14:01:05 | INFO    | epoch 23 | batch 1320/3143 | loss 0.4370 | acc 0.9790 | lr 4.47e-05 | 104s
2026-09-20 14:01:06 | INFO    | epoch 23 | batch 1340/3143 | loss 0.4369 | acc 0.9790 | lr 4.47e-05 | 106s
2026-09-20 14:01:08 | INFO    | epoch 23 | batch 1360/3143 | loss 0.4372 | acc 0.9789 | lr 4.47e-05 | 107s
2026-09-20 14:01:10 | INFO    | epoch 23 | batch 1380/3143 | loss 0.4370 | acc 0.9789 | lr 4.46e-05 | 109s
2026-09-20 14:01:11 | INFO    | epoch 23 | batch 1400/3143 | loss 0.4371 | acc 0.9790 | lr 4.46e-05 | 110s
2026-09-20 14:01:13 | INFO    | epoch 23 | batch 1420/3143 | loss 0.4371 | acc 0.9789 | lr 4.46e-05 | 112s
2026-09-20 14:01:14 | INFO    | epoch 23 | batch 1440/3143 | loss 0.4373 | acc 0.9788 | lr 4.45e-05 | 113s
2026-09-20 14:01:16 | INFO    | epoch 23 | batch 1460/3143 | loss 0.4372 | acc 0.9789 | lr 4.45e-05 | 115s
2026-09-20 14:01:18 | INFO    | epoch 23 | batch 1480/3143 | loss 0.4372 | acc 0.9789 | lr 4.45e-05 | 117s
2026-09-20 14:01:19 | INFO    | epoch 23 | batch 1500/3143 | loss 0.4371 | acc 0.9789 | lr 4.45e-05 | 118s
2026-09-20 14:01:21 | INFO    | epoch 23 | batch 1520/3143 | loss 0.4370 | acc 0.9789 | lr 4.44e-05 | 120s
2026-09-20 14:01:22 | INFO    | epoch 23 | batch 1540/3143 | loss 0.4372 | acc 0.9788 | lr 4.44e-05 | 121s
2026-09-20 14:01:24 | INFO    | epoch 23 | batch 1560/3143 | loss 0.4372 | acc 0.9787 | lr 4.44e-05 | 123s
2026-09-20 14:01:26 | INFO    | epoch 23 | batch 1580/3143 | loss 0.4373 | acc 0.9787 | lr 4.44e-05 | 125s
2026-09-20 14:01:27 | INFO    | epoch 23 | batch 1600/3143 | loss 0.4373 | acc 0.9786 | lr 4.43e-05 | 126s
2026-09-20 14:01:29 | INFO    | epoch 23 | batch 1620/3143 | loss 0.4372 | acc 0.9786 | lr 4.43e-05 | 128s
2026-09-20 14:01:30 | INFO    | epoch 23 | batch 1640/3143 | loss 0.4373 | acc 0.9785 | lr 4.43e-05 | 129s
2026-09-20 14:01:32 | INFO    | epoch 23 | batch 1660/3143 | loss 0.4372 | acc 0.9786 | lr 4.43e-05 | 131s
2026-09-20 14:01:34 | INFO    | epoch 23 | batch 1680/3143 | loss 0.4372 | acc 0.9786 | lr 4.42e-05 | 133s
2026-09-20 14:01:35 | INFO    | epoch 23 | batch 1700/3143 | loss 0.4374 | acc 0.9785 | lr 4.42e-05 | 134s
2026-09-20 14:01:37 | INFO    | epoch 23 | batch 1720/3143 | loss 0.4373 | acc 0.9786 | lr 4.42e-05 | 136s
2026-09-20 14:01:38 | INFO    | epoch 23 | batch 1740/3143 | loss 0.4373 | acc 0.9786 | lr 4.42e-05 | 138s
2026-09-20 14:01:40 | INFO    | epoch 23 | batch 1760/3143 | loss 0.4374 | acc 0.9785 | lr 4.41e-05 | 139s
2026-09-20 14:01:42 | INFO    | epoch 23 | batch 1780/3143 | loss 0.4374 | acc 0.9784 | lr 4.41e-05 | 141s
2026-09-20 14:01:43 | INFO    | epoch 23 | batch 1800/3143 | loss 0.4375 | acc 0.9785 | lr 4.41e-05 | 142s
2026-09-20 14:01:45 | INFO    | epoch 23 | batch 1820/3143 | loss 0.4375 | acc 0.9784 | lr 4.41e-05 | 144s
2026-09-20 14:01:46 | INFO    | epoch 23 | batch 1840/3143 | loss 0.4375 | acc 0.9785 | lr 4.40e-05 | 146s
2026-09-20 14:01:48 | INFO    | epoch 23 | batch 1860/3143 | loss 0.4374 | acc 0.9785 | lr 4.40e-05 | 147s
2026-09-20 14:01:50 | INFO    | epoch 23 | batch 1880/3143 | loss 0.4375 | acc 0.9785 | lr 4.40e-05 | 149s
2026-09-20 14:01:51 | INFO    | epoch 23 | batch 1900/3143 | loss 0.4374 | acc 0.9785 | lr 4.40e-05 | 150s
2026-09-20 14:01:53 | INFO    | epoch 23 | batch 1920/3143 | loss 0.4374 | acc 0.9785 | lr 4.39e-05 | 152s
2026-09-20 14:01:54 | INFO    | epoch 23 | batch 1940/3143 | loss 0.4374 | acc 0.9785 | lr 4.39e-05 | 154s
2026-09-20 14:01:56 | INFO    | epoch 23 | batch 1960/3143 | loss 0.4377 | acc 0.9784 | lr 4.39e-05 | 155s
2026-09-20 14:01:58 | INFO    | epoch 23 | batch 1980/3143 | loss 0.4378 | acc 0.9783 | lr 4.38e-05 | 157s
2026-09-20 14:01:59 | INFO    | epoch 23 | batch 2000/3143 | loss 0.4377 | acc 0.9784 | lr 4.38e-05 | 158s
2026-09-20 14:02:01 | INFO    | epoch 23 | batch 2020/3143 | loss 0.4378 | acc 0.9783 | lr 4.38e-05 | 160s
2026-09-20 14:02:02 | INFO    | epoch 23 | batch 2040/3143 | loss 0.4377 | acc 0.9784 | lr 4.38e-05 | 161s
2026-09-20 14:02:04 | INFO    | epoch 23 | batch 2060/3143 | loss 0.4377 | acc 0.9784 | lr 4.37e-05 | 163s
2026-09-20 14:02:06 | INFO    | epoch 23 | batch 2080/3143 | loss 0.4376 | acc 0.9784 | lr 4.37e-05 | 165s
2026-09-20 14:02:07 | INFO    | epoch 23 | batch 2100/3143 | loss 0.4377 | acc 0.9783 | lr 4.37e-05 | 166s
2026-09-20 14:02:09 | INFO    | epoch 23 | batch 2120/3143 | loss 0.4375 | acc 0.9784 | lr 4.37e-05 | 168s
2026-09-20 14:02:10 | INFO    | epoch 23 | batch 2140/3143 | loss 0.4375 | acc 0.9784 | lr 4.36e-05 | 169s
2026-09-20 14:02:12 | INFO    | epoch 23 | batch 2160/3143 | loss 0.4376 | acc 0.9784 | lr 4.36e-05 | 171s
2026-09-20 14:02:13 | INFO    | epoch 23 | batch 2180/3143 | loss 0.4379 | acc 0.9783 | lr 4.36e-05 | 173s
2026-09-20 14:02:15 | INFO    | epoch 23 | batch 2200/3143 | loss 0.4381 | acc 0.9782 | lr 4.36e-05 | 174s
2026-09-20 14:02:17 | INFO    | epoch 23 | batch 2220/3143 | loss 0.4379 | acc 0.9783 | lr 4.35e-05 | 176s
2026-09-20 14:02:18 | INFO    | epoch 23 | batch 2240/3143 | loss 0.4378 | acc 0.9783 | lr 4.35e-05 | 177s
2026-09-20 14:02:20 | INFO    | epoch 23 | batch 2260/3143 | loss 0.4378 | acc 0.9783 | lr 4.35e-05 | 179s
2026-09-20 14:02:21 | INFO    | epoch 23 | batch 2280/3143 | loss 0.4377 | acc 0.9783 | lr 4.35e-05 | 181s
2026-09-20 14:02:23 | INFO    | epoch 23 | batch 2300/3143 | loss 0.4376 | acc 0.9783 | lr 4.34e-05 | 182s
2026-09-20 14:02:25 | INFO    | epoch 23 | batch 2320/3143 | loss 0.4376 | acc 0.9784 | lr 4.34e-05 | 184s
2026-09-20 14:02:26 | INFO    | epoch 23 | batch 2340/3143 | loss 0.4375 | acc 0.9784 | lr 4.34e-05 | 185s
2026-09-20 14:02:28 | INFO    | epoch 23 | batch 2360/3143 | loss 0.4375 | acc 0.9784 | lr 4.34e-05 | 187s
2026-09-20 14:02:29 | INFO    | epoch 23 | batch 2380/3143 | loss 0.4374 | acc 0.9785 | lr 4.33e-05 | 189s
2026-09-20 14:02:31 | INFO    | epoch 23 | batch 2400/3143 | loss 0.4375 | acc 0.9785 | lr 4.33e-05 | 190s
2026-09-20 14:02:33 | INFO    | epoch 23 | batch 2420/3143 | loss 0.4375 | acc 0.9785 | lr 4.33e-05 | 192s
2026-09-20 14:02:34 | INFO    | epoch 23 | batch 2440/3143 | loss 0.4374 | acc 0.9785 | lr 4.33e-05 | 193s
2026-09-20 14:02:36 | INFO    | epoch 23 | batch 2460/3143 | loss 0.4374 | acc 0.9785 | lr 4.32e-05 | 195s
2026-09-20 14:02:37 | INFO    | epoch 23 | batch 2480/3143 | loss 0.4375 | acc 0.9785 | lr 4.32e-05 | 196s
2026-09-20 14:02:39 | INFO    | epoch 23 | batch 2500/3143 | loss 0.4373 | acc 0.9785 | lr 4.32e-05 | 198s
2026-09-20 14:02:40 | INFO    | epoch 23 | batch 2520/3143 | loss 0.4374 | acc 0.9785 | lr 4.32e-05 | 200s
2026-09-20 14:02:42 | INFO    | epoch 23 | batch 2540/3143 | loss 0.4375 | acc 0.9784 | lr 4.31e-05 | 201s
2026-09-20 14:02:44 | INFO    | epoch 23 | batch 2560/3143 | loss 0.4375 | acc 0.9784 | lr 4.31e-05 | 203s
2026-09-20 14:02:45 | INFO    | epoch 23 | batch 2580/3143 | loss 0.4373 | acc 0.9785 | lr 4.31e-05 | 204s
2026-09-20 14:02:47 | INFO    | epoch 23 | batch 2600/3143 | loss 0.4373 | acc 0.9785 | lr 4.31e-05 | 206s
2026-09-20 14:02:48 | INFO    | epoch 23 | batch 2620/3143 | loss 0.4373 | acc 0.9785 | lr 4.30e-05 | 207s
2026-09-20 14:02:50 | INFO    | epoch 23 | batch 2640/3143 | loss 0.4372 | acc 0.9786 | lr 4.30e-05 | 209s
2026-09-20 14:02:51 | INFO    | epoch 23 | batch 2660/3143 | loss 0.4373 | acc 0.9785 | lr 4.30e-05 | 211s
2026-09-20 14:02:53 | INFO    | epoch 23 | batch 2680/3143 | loss 0.4373 | acc 0.9785 | lr 4.29e-05 | 212s
2026-09-20 14:02:55 | INFO    | epoch 23 | batch 2700/3143 | loss 0.4374 | acc 0.9784 | lr 4.29e-05 | 214s
2026-09-20 14:02:56 | INFO    | epoch 23 | batch 2720/3143 | loss 0.4375 | acc 0.9784 | lr 4.29e-05 | 215s
2026-09-20 14:02:58 | INFO    | epoch 23 | batch 2740/3143 | loss 0.4375 | acc 0.9784 | lr 4.29e-05 | 217s
2026-09-20 14:03:00 | INFO    | epoch 23 | batch 2760/3143 | loss 0.4375 | acc 0.9784 | lr 4.28e-05 | 219s
2026-09-20 14:03:01 | INFO    | epoch 23 | batch 2780/3143 | loss 0.4375 | acc 0.9783 | lr 4.28e-05 | 220s
2026-09-20 14:03:03 | INFO    | epoch 23 | batch 2800/3143 | loss 0.4375 | acc 0.9784 | lr 4.28e-05 | 222s
2026-09-20 14:03:04 | INFO    | epoch 23 | batch 2820/3143 | loss 0.4373 | acc 0.9784 | lr 4.28e-05 | 224s
2026-09-20 14:03:06 | INFO    | epoch 23 | batch 2840/3143 | loss 0.4373 | acc 0.9784 | lr 4.27e-05 | 225s
2026-09-20 14:03:08 | INFO    | epoch 23 | batch 2860/3143 | loss 0.4371 | acc 0.9785 | lr 4.27e-05 | 227s
2026-09-20 14:03:09 | INFO    | epoch 23 | batch 2880/3143 | loss 0.4371 | acc 0.9786 | lr 4.27e-05 | 228s
2026-09-20 14:03:11 | INFO    | epoch 23 | batch 2900/3143 | loss 0.4370 | acc 0.9786 | lr 4.27e-05 | 230s
2026-09-20 14:03:12 | INFO    | epoch 23 | batch 2920/3143 | loss 0.4371 | acc 0.9786 | lr 4.26e-05 | 232s
2026-09-20 14:03:14 | INFO    | epoch 23 | batch 2940/3143 | loss 0.4370 | acc 0.9786 | lr 4.26e-05 | 233s
2026-09-20 14:03:16 | INFO    | epoch 23 | batch 2960/3143 | loss 0.4369 | acc 0.9786 | lr 4.26e-05 | 235s
2026-09-20 14:03:17 | INFO    | epoch 23 | batch 2980/3143 | loss 0.4368 | acc 0.9787 | lr 4.26e-05 | 236s
2026-09-20 14:03:19 | INFO    | epoch 23 | batch 3000/3143 | loss 0.4368 | acc 0.9787 | lr 4.25e-05 | 238s
2026-09-20 14:03:20 | INFO    | epoch 23 | batch 3020/3143 | loss 0.4366 | acc 0.9787 | lr 4.25e-05 | 240s
2026-09-20 14:03:22 | INFO    | epoch 23 | batch 3040/3143 | loss 0.4366 | acc 0.9787 | lr 4.25e-05 | 241s
2026-09-20 14:03:24 | INFO    | epoch 23 | batch 3060/3143 | loss 0.4366 | acc 0.9787 | lr 4.25e-05 | 243s
2026-09-20 14:03:25 | INFO    | epoch 23 | batch 3080/3143 | loss 0.4366 | acc 0.9787 | lr 4.24e-05 | 244s
2026-09-20 14:03:27 | INFO    | epoch 23 | batch 3100/3143 | loss 0.4365 | acc 0.9787 | lr 4.24e-05 | 246s
2026-09-20 14:03:28 | INFO    | epoch 23 | batch 3120/3143 | loss 0.4365 | acc 0.9788 | lr 4.24e-05 | 248s
2026-09-20 14:03:30 | INFO    | epoch 23 | batch 3140/3143 | loss 0.4365 | acc 0.9788 | lr 4.24e-05 | 249s
2026-09-20 14:03:30 | INFO    | epoch 23 | batch 3143/3143 | loss 0.4365 | acc 0.9787 | lr 4.24e-05 | 249s
2026-09-20 14:03:42 | INFO    | epoch 23/40 done in 261s | train loss 0.4365 | train running patch (aug): accuracy=0.9787 precision=0.9784 recall=0.9778 f1=0.9781
2026-09-20 14:03:42 | INFO    | epoch 23 train (eval, no aug) | loss 0.4042 | patch[7280]: accuracy=0.9938 precision=0.9935 recall=0.9934 f1=0.9934 | image[455]: accuracy=1.0000 precision=1.0000 recall=1.0000 f1=1.0000
2026-09-20 14:03:42 | INFO    | epoch 23 val | loss 1.1612 | patch[6048]: accuracy=0.7050 precision=0.6823 recall=0.6802 f1=0.6811 | image[96]: accuracy=0.7500 precision=0.7276 recall=0.7209 f1=0.7230
2026-09-20 14:03:42 | INFO    | val_patch_f1 = 0.6811 (best 0.6811 @ epoch 23) *
2026-09-20 14:03:44 | INFO    | epoch 24 | batch 20/3143 | loss 0.4490 | acc 0.9719 | lr 4.23e-05 | 2s
2026-09-20 14:03:45 | INFO    | epoch 24 | batch 40/3143 | loss 0.4390 | acc 0.9773 | lr 4.23e-05 | 3s
2026-09-20 14:03:47 | INFO    | epoch 24 | batch 60/3143 | loss 0.4437 | acc 0.9745 | lr 4.23e-05 | 5s
2026-09-20 14:03:48 | INFO    | epoch 24 | batch 80/3143 | loss 0.4432 | acc 0.9754 | lr 4.22e-05 | 6s
2026-09-20 14:03:50 | INFO    | epoch 24 | batch 100/3143 | loss 0.4397 | acc 0.9772 | lr 4.22e-05 | 8s
2026-09-20 14:03:52 | INFO    | epoch 24 | batch 120/3143 | loss 0.4429 | acc 0.9758 | lr 4.22e-05 | 10s
2026-09-20 14:03:53 | INFO    | epoch 24 | batch 140/3143 | loss 0.4408 | acc 0.9763 | lr 4.22e-05 | 11s
2026-09-20 14:03:55 | INFO    | epoch 24 | batch 160/3143 | loss 0.4397 | acc 0.9768 | lr 4.21e-05 | 13s
2026-09-20 14:03:56 | INFO    | epoch 24 | batch 180/3143 | loss 0.4384 | acc 0.9771 | lr 4.21e-05 | 14s
2026-09-20 14:03:58 | INFO    | epoch 24 | batch 200/3143 | loss 0.4393 | acc 0.9769 | lr 4.21e-05 | 16s
2026-09-20 14:03:59 | INFO    | epoch 24 | batch 220/3143 | loss 0.4379 | acc 0.9776 | lr 4.21e-05 | 18s
2026-09-20 14:04:01 | INFO    | epoch 24 | batch 240/3143 | loss 0.4365 | acc 0.9783 | lr 4.20e-05 | 19s
2026-09-20 14:04:03 | INFO    | epoch 24 | batch 260/3143 | loss 0.4356 | acc 0.9787 | lr 4.20e-05 | 21s
2026-09-20 14:04:04 | INFO    | epoch 24 | batch 280/3143 | loss 0.4370 | acc 0.9785 | lr 4.20e-05 | 22s
2026-09-20 14:04:06 | INFO    | epoch 24 | batch 300/3143 | loss 0.4369 | acc 0.9783 | lr 4.20e-05 | 24s
2026-09-20 14:04:07 | INFO    | epoch 24 | batch 320/3143 | loss 0.4360 | acc 0.9788 | lr 4.19e-05 | 26s
2026-09-20 14:04:09 | INFO    | epoch 24 | batch 340/3143 | loss 0.4360 | acc 0.9790 | lr 4.19e-05 | 27s
2026-09-20 14:04:11 | INFO    | epoch 24 | batch 360/3143 | loss 0.4352 | acc 0.9794 | lr 4.19e-05 | 29s
2026-09-20 14:04:12 | INFO    | epoch 24 | batch 380/3143 | loss 0.4354 | acc 0.9794 | lr 4.19e-05 | 30s
2026-09-20 14:04:14 | INFO    | epoch 24 | batch 400/3143 | loss 0.4345 | acc 0.9798 | lr 4.18e-05 | 32s
2026-09-20 14:04:15 | INFO    | epoch 24 | batch 420/3143 | loss 0.4345 | acc 0.9801 | lr 4.18e-05 | 33s
2026-09-20 14:04:17 | INFO    | epoch 24 | batch 440/3143 | loss 0.4346 | acc 0.9801 | lr 4.18e-05 | 35s
2026-09-20 14:04:19 | INFO    | epoch 24 | batch 460/3143 | loss 0.4347 | acc 0.9800 | lr 4.18e-05 | 37s
2026-09-20 14:04:20 | INFO    | epoch 24 | batch 480/3143 | loss 0.4350 | acc 0.9799 | lr 4.17e-05 | 38s
2026-09-20 14:04:22 | INFO    | epoch 24 | batch 500/3143 | loss 0.4353 | acc 0.9797 | lr 4.17e-05 | 40s
2026-09-20 14:04:23 | INFO    | epoch 24 | batch 520/3143 | loss 0.4348 | acc 0.9799 | lr 4.17e-05 | 41s
2026-09-20 14:04:25 | INFO    | epoch 24 | batch 540/3143 | loss 0.4346 | acc 0.9800 | lr 4.17e-05 | 43s
2026-09-20 14:04:26 | INFO    | epoch 24 | batch 560/3143 | loss 0.4342 | acc 0.9802 | lr 4.16e-05 | 45s
2026-09-20 14:04:28 | INFO    | epoch 24 | batch 580/3143 | loss 0.4341 | acc 0.9803 | lr 4.16e-05 | 46s
2026-09-20 14:04:30 | INFO    | epoch 24 | batch 600/3143 | loss 0.4341 | acc 0.9802 | lr 4.16e-05 | 48s
2026-09-20 14:04:31 | INFO    | epoch 24 | batch 620/3143 | loss 0.4338 | acc 0.9805 | lr 4.16e-05 | 49s
2026-09-20 14:04:33 | INFO    | epoch 24 | batch 640/3143 | loss 0.4338 | acc 0.9806 | lr 4.15e-05 | 51s
2026-09-20 14:04:34 | INFO    | epoch 24 | batch 660/3143 | loss 0.4337 | acc 0.9806 | lr 4.15e-05 | 53s
2026-09-20 14:04:36 | INFO    | epoch 24 | batch 680/3143 | loss 0.4341 | acc 0.9805 | lr 4.15e-05 | 54s
2026-09-20 14:04:38 | INFO    | epoch 24 | batch 700/3143 | loss 0.4338 | acc 0.9805 | lr 4.15e-05 | 56s
2026-09-20 14:04:39 | INFO    | epoch 24 | batch 720/3143 | loss 0.4338 | acc 0.9805 | lr 4.14e-05 | 57s
2026-09-20 14:04:41 | INFO    | epoch 24 | batch 740/3143 | loss 0.4341 | acc 0.9804 | lr 4.14e-05 | 59s
2026-09-20 14:04:42 | INFO    | epoch 24 | batch 760/3143 | loss 0.4338 | acc 0.9806 | lr 4.14e-05 | 61s
2026-09-20 14:04:44 | INFO    | epoch 24 | batch 780/3143 | loss 0.4340 | acc 0.9804 | lr 4.14e-05 | 62s
2026-09-20 14:04:46 | INFO    | epoch 24 | batch 800/3143 | loss 0.4340 | acc 0.9805 | lr 4.13e-05 | 64s
2026-09-20 14:04:47 | INFO    | epoch 24 | batch 820/3143 | loss 0.4341 | acc 0.9804 | lr 4.13e-05 | 65s
2026-09-20 14:04:49 | INFO    | epoch 24 | batch 840/3143 | loss 0.4339 | acc 0.9806 | lr 4.13e-05 | 67s
2026-09-20 14:04:50 | INFO    | epoch 24 | batch 860/3143 | loss 0.4337 | acc 0.9807 | lr 4.13e-05 | 69s
2026-09-20 14:04:52 | INFO    | epoch 24 | batch 880/3143 | loss 0.4336 | acc 0.9808 | lr 4.12e-05 | 70s
2026-09-20 14:04:54 | INFO    | epoch 24 | batch 900/3143 | loss 0.4335 | acc 0.9809 | lr 4.12e-05 | 72s
2026-09-20 14:04:55 | INFO    | epoch 24 | batch 920/3143 | loss 0.4334 | acc 0.9810 | lr 4.12e-05 | 73s
2026-09-20 14:04:57 | INFO    | epoch 24 | batch 940/3143 | loss 0.4335 | acc 0.9809 | lr 4.11e-05 | 75s
2026-09-20 14:04:58 | INFO    | epoch 24 | batch 960/3143 | loss 0.4336 | acc 0.9808 | lr 4.11e-05 | 76s
2026-09-20 14:05:00 | INFO    | epoch 24 | batch 980/3143 | loss 0.4337 | acc 0.9807 | lr 4.11e-05 | 78s
2026-09-20 14:05:02 | INFO    | epoch 24 | batch 1000/3143 | loss 0.4339 | acc 0.9806 | lr 4.11e-05 | 80s
2026-09-20 14:05:03 | INFO    | epoch 24 | batch 1020/3143 | loss 0.4335 | acc 0.9808 | lr 4.10e-05 | 81s
2026-09-20 14:05:05 | INFO    | epoch 24 | batch 1040/3143 | loss 0.4335 | acc 0.9806 | lr 4.10e-05 | 83s
2026-09-20 14:05:06 | INFO    | epoch 24 | batch 1060/3143 | loss 0.4336 | acc 0.9804 | lr 4.10e-05 | 84s
2026-09-20 14:05:08 | INFO    | epoch 24 | batch 1080/3143 | loss 0.4341 | acc 0.9802 | lr 4.10e-05 | 86s
2026-09-20 14:05:09 | INFO    | epoch 24 | batch 1100/3143 | loss 0.4341 | acc 0.9802 | lr 4.09e-05 | 88s
2026-09-20 14:05:11 | INFO    | epoch 24 | batch 1120/3143 | loss 0.4344 | acc 0.9800 | lr 4.09e-05 | 89s
2026-09-20 14:05:13 | INFO    | epoch 24 | batch 1140/3143 | loss 0.4344 | acc 0.9800 | lr 4.09e-05 | 91s
2026-09-20 14:05:14 | INFO    | epoch 24 | batch 1160/3143 | loss 0.4344 | acc 0.9800 | lr 4.09e-05 | 92s
2026-09-20 14:05:16 | INFO    | epoch 24 | batch 1180/3143 | loss 0.4343 | acc 0.9801 | lr 4.08e-05 | 94s
2026-09-20 14:05:17 | INFO    | epoch 24 | batch 1200/3143 | loss 0.4344 | acc 0.9801 | lr 4.08e-05 | 95s
2026-09-20 14:05:19 | INFO    | epoch 24 | batch 1220/3143 | loss 0.4343 | acc 0.9801 | lr 4.08e-05 | 97s
2026-09-20 14:05:21 | INFO    | epoch 24 | batch 1240/3143 | loss 0.4344 | acc 0.9800 | lr 4.08e-05 | 99s
2026-09-20 14:05:22 | INFO    | epoch 24 | batch 1260/3143 | loss 0.4346 | acc 0.9799 | lr 4.07e-05 | 100s
2026-09-20 14:05:24 | INFO    | epoch 24 | batch 1280/3143 | loss 0.4348 | acc 0.9798 | lr 4.07e-05 | 102s
2026-09-20 14:05:25 | INFO    | epoch 24 | batch 1300/3143 | loss 0.4349 | acc 0.9797 | lr 4.07e-05 | 103s
2026-09-20 14:05:27 | INFO    | epoch 24 | batch 1320/3143 | loss 0.4352 | acc 0.9796 | lr 4.07e-05 | 105s
2026-09-20 14:05:29 | INFO    | epoch 24 | batch 1340/3143 | loss 0.4355 | acc 0.9795 | lr 4.06e-05 | 107s
2026-09-20 14:05:30 | INFO    | epoch 24 | batch 1360/3143 | loss 0.4354 | acc 0.9795 | lr 4.06e-05 | 108s
2026-09-20 14:05:32 | INFO    | epoch 24 | batch 1380/3143 | loss 0.4355 | acc 0.9794 | lr 4.06e-05 | 110s
2026-09-20 14:05:33 | INFO    | epoch 24 | batch 1400/3143 | loss 0.4357 | acc 0.9793 | lr 4.06e-05 | 111s
2026-09-20 14:05:35 | INFO    | epoch 24 | batch 1420/3143 | loss 0.4358 | acc 0.9792 | lr 4.05e-05 | 113s
2026-09-20 14:05:36 | INFO    | epoch 24 | batch 1440/3143 | loss 0.4357 | acc 0.9793 | lr 4.05e-05 | 115s
2026-09-20 14:05:38 | INFO    | epoch 24 | batch 1460/3143 | loss 0.4356 | acc 0.9793 | lr 4.05e-05 | 116s
2026-09-20 14:05:40 | INFO    | epoch 24 | batch 1480/3143 | loss 0.4357 | acc 0.9793 | lr 4.05e-05 | 118s
2026-09-20 14:05:41 | INFO    | epoch 24 | batch 1500/3143 | loss 0.4357 | acc 0.9793 | lr 4.04e-05 | 119s
2026-09-20 14:05:43 | INFO    | epoch 24 | batch 1520/3143 | loss 0.4358 | acc 0.9793 | lr 4.04e-05 | 121s
2026-09-20 14:05:44 | INFO    | epoch 24 | batch 1540/3143 | loss 0.4359 | acc 0.9793 | lr 4.04e-05 | 122s
2026-09-20 14:05:46 | INFO    | epoch 24 | batch 1560/3143 | loss 0.4360 | acc 0.9792 | lr 4.04e-05 | 124s
2026-09-20 14:05:47 | INFO    | epoch 24 | batch 1580/3143 | loss 0.4359 | acc 0.9793 | lr 4.03e-05 | 126s
2026-09-20 14:05:49 | INFO    | epoch 24 | batch 1600/3143 | loss 0.4359 | acc 0.9793 | lr 4.03e-05 | 127s
2026-09-20 14:05:51 | INFO    | epoch 24 | batch 1620/3143 | loss 0.4359 | acc 0.9793 | lr 4.03e-05 | 129s
2026-09-20 14:05:52 | INFO    | epoch 24 | batch 1640/3143 | loss 0.4360 | acc 0.9792 | lr 4.03e-05 | 130s
2026-09-20 14:05:54 | INFO    | epoch 24 | batch 1660/3143 | loss 0.4359 | acc 0.9793 | lr 4.02e-05 | 132s
2026-09-20 14:05:55 | INFO    | epoch 24 | batch 1680/3143 | loss 0.4360 | acc 0.9792 | lr 4.02e-05 | 133s
2026-09-20 14:05:57 | INFO    | epoch 24 | batch 1700/3143 | loss 0.4359 | acc 0.9793 | lr 4.02e-05 | 135s
2026-09-20 14:05:59 | INFO    | epoch 24 | batch 1720/3143 | loss 0.4361 | acc 0.9793 | lr 4.02e-05 | 137s
2026-09-20 14:06:00 | INFO    | epoch 24 | batch 1740/3143 | loss 0.4359 | acc 0.9794 | lr 4.01e-05 | 138s
2026-09-20 14:06:02 | INFO    | epoch 24 | batch 1760/3143 | loss 0.4358 | acc 0.9794 | lr 4.01e-05 | 140s
2026-09-20 14:06:03 | INFO    | epoch 24 | batch 1780/3143 | loss 0.4357 | acc 0.9794 | lr 4.01e-05 | 141s
2026-09-20 14:06:05 | INFO    | epoch 24 | batch 1800/3143 | loss 0.4356 | acc 0.9795 | lr 4.01e-05 | 143s
2026-09-20 14:06:06 | INFO    | epoch 24 | batch 1820/3143 | loss 0.4356 | acc 0.9795 | lr 4.00e-05 | 145s
2026-09-20 14:06:08 | INFO    | epoch 24 | batch 1840/3143 | loss 0.4356 | acc 0.9795 | lr 4.00e-05 | 146s
2026-09-20 14:06:10 | INFO    | epoch 24 | batch 1860/3143 | loss 0.4358 | acc 0.9794 | lr 4.00e-05 | 148s
2026-09-20 14:06:11 | INFO    | epoch 24 | batch 1880/3143 | loss 0.4358 | acc 0.9795 | lr 3.99e-05 | 149s
2026-09-20 14:06:13 | INFO    | epoch 24 | batch 1900/3143 | loss 0.4359 | acc 0.9794 | lr 3.99e-05 | 151s
2026-09-20 14:06:14 | INFO    | epoch 24 | batch 1920/3143 | loss 0.4359 | acc 0.9795 | lr 3.99e-05 | 152s
2026-09-20 14:06:16 | INFO    | epoch 24 | batch 1940/3143 | loss 0.4360 | acc 0.9794 | lr 3.99e-05 | 154s
2026-09-20 14:06:18 | INFO    | epoch 24 | batch 1960/3143 | loss 0.4359 | acc 0.9794 | lr 3.98e-05 | 156s
2026-09-20 14:06:19 | INFO    | epoch 24 | batch 1980/3143 | loss 0.4361 | acc 0.9793 | lr 3.98e-05 | 157s
2026-09-20 14:06:21 | INFO    | epoch 24 | batch 2000/3143 | loss 0.4362 | acc 0.9793 | lr 3.98e-05 | 159s
2026-09-20 14:06:22 | INFO    | epoch 24 | batch 2020/3143 | loss 0.4360 | acc 0.9793 | lr 3.98e-05 | 160s
2026-09-20 14:06:24 | INFO    | epoch 24 | batch 2040/3143 | loss 0.4360 | acc 0.9794 | lr 3.97e-05 | 162s
2026-09-20 14:06:26 | INFO    | epoch 24 | batch 2060/3143 | loss 0.4359 | acc 0.9794 | lr 3.97e-05 | 164s
2026-09-20 14:06:27 | INFO    | epoch 24 | batch 2080/3143 | loss 0.4358 | acc 0.9794 | lr 3.97e-05 | 165s
2026-09-20 14:06:29 | INFO    | epoch 24 | batch 2100/3143 | loss 0.4357 | acc 0.9795 | lr 3.97e-05 | 167s
2026-09-20 14:06:30 | INFO    | epoch 24 | batch 2120/3143 | loss 0.4360 | acc 0.9794 | lr 3.96e-05 | 168s
2026-09-20 14:06:32 | INFO    | epoch 24 | batch 2140/3143 | loss 0.4358 | acc 0.9794 | lr 3.96e-05 | 170s
2026-09-20 14:06:34 | INFO    | epoch 24 | batch 2160/3143 | loss 0.4358 | acc 0.9795 | lr 3.96e-05 | 172s
2026-09-20 14:06:35 | INFO    | epoch 24 | batch 2180/3143 | loss 0.4359 | acc 0.9795 | lr 3.96e-05 | 173s
2026-09-20 14:06:37 | INFO    | epoch 24 | batch 2200/3143 | loss 0.4359 | acc 0.9794 | lr 3.95e-05 | 175s
2026-09-20 14:06:38 | INFO    | epoch 24 | batch 2220/3143 | loss 0.4361 | acc 0.9793 | lr 3.95e-05 | 176s
2026-09-20 14:06:40 | INFO    | epoch 24 | batch 2240/3143 | loss 0.4361 | acc 0.9794 | lr 3.95e-05 | 178s
2026-09-20 14:06:41 | INFO    | epoch 24 | batch 2260/3143 | loss 0.4362 | acc 0.9793 | lr 3.95e-05 | 180s
2026-09-20 14:06:43 | INFO    | epoch 24 | batch 2280/3143 | loss 0.4362 | acc 0.9793 | lr 3.94e-05 | 181s
2026-09-20 14:06:45 | INFO    | epoch 24 | batch 2300/3143 | loss 0.4362 | acc 0.9794 | lr 3.94e-05 | 183s
2026-09-20 14:06:46 | INFO    | epoch 24 | batch 2320/3143 | loss 0.4361 | acc 0.9794 | lr 3.94e-05 | 184s
2026-09-20 14:06:48 | INFO    | epoch 24 | batch 2340/3143 | loss 0.4361 | acc 0.9794 | lr 3.94e-05 | 186s
2026-09-20 14:06:49 | INFO    | epoch 24 | batch 2360/3143 | loss 0.4361 | acc 0.9794 | lr 3.93e-05 | 187s
2026-09-20 14:06:51 | INFO    | epoch 24 | batch 2380/3143 | loss 0.4360 | acc 0.9794 | lr 3.93e-05 | 189s
2026-09-20 14:06:53 | INFO    | epoch 24 | batch 2400/3143 | loss 0.4361 | acc 0.9794 | lr 3.93e-05 | 191s
2026-09-20 14:06:54 | INFO    | epoch 24 | batch 2420/3143 | loss 0.4360 | acc 0.9794 | lr 3.93e-05 | 192s
2026-09-20 14:06:56 | INFO    | epoch 24 | batch 2440/3143 | loss 0.4360 | acc 0.9794 | lr 3.92e-05 | 194s
2026-09-20 14:06:57 | INFO    | epoch 24 | batch 2460/3143 | loss 0.4358 | acc 0.9794 | lr 3.92e-05 | 195s
2026-09-20 14:06:59 | INFO    | epoch 24 | batch 2480/3143 | loss 0.4359 | acc 0.9794 | lr 3.92e-05 | 197s
2026-09-20 14:07:01 | INFO    | epoch 24 | batch 2500/3143 | loss 0.4359 | acc 0.9794 | lr 3.92e-05 | 199s
2026-09-20 14:07:02 | INFO    | epoch 24 | batch 2520/3143 | loss 0.4359 | acc 0.9794 | lr 3.91e-05 | 200s
2026-09-20 14:07:04 | INFO    | epoch 24 | batch 2540/3143 | loss 0.4359 | acc 0.9794 | lr 3.91e-05 | 202s
2026-09-20 14:07:05 | INFO    | epoch 24 | batch 2560/3143 | loss 0.4359 | acc 0.9793 | lr 3.91e-05 | 203s
2026-09-20 14:07:07 | INFO    | epoch 24 | batch 2580/3143 | loss 0.4361 | acc 0.9793 | lr 3.91e-05 | 205s
2026-09-20 14:07:08 | INFO    | epoch 24 | batch 2600/3143 | loss 0.4360 | acc 0.9793 | lr 3.90e-05 | 207s
2026-09-20 14:07:10 | INFO    | epoch 24 | batch 2620/3143 | loss 0.4363 | acc 0.9792 | lr 3.90e-05 | 208s
2026-09-20 14:07:12 | INFO    | epoch 24 | batch 2640/3143 | loss 0.4363 | acc 0.9792 | lr 3.90e-05 | 210s
2026-09-20 14:07:13 | INFO    | epoch 24 | batch 2660/3143 | loss 0.4363 | acc 0.9792 | lr 3.90e-05 | 211s
2026-09-20 14:07:15 | INFO    | epoch 24 | batch 2680/3143 | loss 0.4362 | acc 0.9793 | lr 3.89e-05 | 213s
2026-09-20 14:07:16 | INFO    | epoch 24 | batch 2700/3143 | loss 0.4362 | acc 0.9792 | lr 3.89e-05 | 214s
2026-09-20 14:07:18 | INFO    | epoch 24 | batch 2720/3143 | loss 0.4362 | acc 0.9792 | lr 3.89e-05 | 216s
2026-09-20 14:07:20 | INFO    | epoch 24 | batch 2740/3143 | loss 0.4361 | acc 0.9792 | lr 3.89e-05 | 218s
2026-09-20 14:07:21 | INFO    | epoch 24 | batch 2760/3143 | loss 0.4362 | acc 0.9792 | lr 3.88e-05 | 219s
2026-09-20 14:07:23 | INFO    | epoch 24 | batch 2780/3143 | loss 0.4361 | acc 0.9792 | lr 3.88e-05 | 221s
2026-09-20 14:07:24 | INFO    | epoch 24 | batch 2800/3143 | loss 0.4361 | acc 0.9791 | lr 3.88e-05 | 222s
2026-09-20 14:07:26 | INFO    | epoch 24 | batch 2820/3143 | loss 0.4361 | acc 0.9791 | lr 3.88e-05 | 224s
2026-09-20 14:07:27 | INFO    | epoch 24 | batch 2840/3143 | loss 0.4361 | acc 0.9791 | lr 3.87e-05 | 226s
2026-09-20 14:07:29 | INFO    | epoch 24 | batch 2860/3143 | loss 0.4362 | acc 0.9790 | lr 3.87e-05 | 227s
2026-09-20 14:07:31 | INFO    | epoch 24 | batch 2880/3143 | loss 0.4362 | acc 0.9790 | lr 3.87e-05 | 229s
2026-09-20 14:07:32 | INFO    | epoch 24 | batch 2900/3143 | loss 0.4362 | acc 0.9790 | lr 3.87e-05 | 230s
2026-09-20 14:07:34 | INFO    | epoch 24 | batch 2920/3143 | loss 0.4362 | acc 0.9790 | lr 3.86e-05 | 232s
2026-09-20 14:07:35 | INFO    | epoch 24 | batch 2940/3143 | loss 0.4361 | acc 0.9791 | lr 3.86e-05 | 233s
2026-09-20 14:07:37 | INFO    | epoch 24 | batch 2960/3143 | loss 0.4361 | acc 0.9791 | lr 3.86e-05 | 235s
2026-09-20 14:07:39 | INFO    | epoch 24 | batch 2980/3143 | loss 0.4360 | acc 0.9792 | lr 3.86e-05 | 237s
2026-09-20 14:07:40 | INFO    | epoch 24 | batch 3000/3143 | loss 0.4359 | acc 0.9792 | lr 3.85e-05 | 238s
2026-09-20 14:07:42 | INFO    | epoch 24 | batch 3020/3143 | loss 0.4360 | acc 0.9792 | lr 3.85e-05 | 240s
2026-09-20 14:07:43 | INFO    | epoch 24 | batch 3040/3143 | loss 0.4360 | acc 0.9792 | lr 3.85e-05 | 241s
2026-09-20 14:07:45 | INFO    | epoch 24 | batch 3060/3143 | loss 0.4361 | acc 0.9791 | lr 3.85e-05 | 243s
2026-09-20 14:07:46 | INFO    | epoch 24 | batch 3080/3143 | loss 0.4361 | acc 0.9791 | lr 3.84e-05 | 244s
2026-09-20 14:07:48 | INFO    | epoch 24 | batch 3100/3143 | loss 0.4360 | acc 0.9792 | lr 3.84e-05 | 246s
2026-09-20 14:07:50 | INFO    | epoch 24 | batch 3120/3143 | loss 0.4362 | acc 0.9791 | lr 3.84e-05 | 248s
2026-09-20 14:07:51 | INFO    | epoch 24 | batch 3140/3143 | loss 0.4361 | acc 0.9791 | lr 3.84e-05 | 249s
2026-09-20 14:07:51 | INFO    | epoch 24 | batch 3143/3143 | loss 0.4361 | acc 0.9791 | lr 3.83e-05 | 249s
2026-09-20 14:08:03 | INFO    | epoch 24/40 done in 261s | train loss 0.4361 | train running patch (aug): accuracy=0.9791 precision=0.9790 recall=0.9783 f1=0.9787
2026-09-20 14:08:03 | INFO    | epoch 24 train (eval, no aug) | loss 0.3985 | patch[7280]: accuracy=0.9970 precision=0.9964 recall=0.9971 f1=0.9967 | image[455]: accuracy=1.0000 precision=1.0000 recall=1.0000 f1=1.0000
2026-09-20 14:08:03 | INFO    | epoch 24 val | loss 1.2043 | patch[6048]: accuracy=0.6896 precision=0.6665 recall=0.6670 f1=0.6663 | image[96]: accuracy=0.7188 precision=0.6910 recall=0.6860 f1=0.6881
2026-09-20 14:08:03 | INFO    | val_patch_f1 = 0.6663 (best 0.6811 @ epoch 23)
2026-09-20 14:08:05 | INFO    | epoch 25 | batch 20/3143 | loss 0.4410 | acc 0.9766 | lr 3.83e-05 | 2s
2026-09-20 14:08:06 | INFO    | epoch 25 | batch 40/3143 | loss 0.4350 | acc 0.9797 | lr 3.83e-05 | 3s
2026-09-20 14:08:08 | INFO    | epoch 25 | batch 60/3143 | loss 0.4381 | acc 0.9776 | lr 3.83e-05 | 5s
2026-09-20 14:08:09 | INFO    | epoch 25 | batch 80/3143 | loss 0.4366 | acc 0.9789 | lr 3.82e-05 | 7s
2026-09-20 14:08:11 | INFO    | epoch 25 | batch 100/3143 | loss 0.4342 | acc 0.9800 | lr 3.82e-05 | 8s
2026-09-20 14:08:13 | INFO    | epoch 25 | batch 120/3143 | loss 0.4316 | acc 0.9812 | lr 3.82e-05 | 10s
2026-09-20 14:08:14 | INFO    | epoch 25 | batch 140/3143 | loss 0.4325 | acc 0.9812 | lr 3.82e-05 | 11s
2026-09-20 14:08:16 | INFO    | epoch 25 | batch 160/3143 | loss 0.4335 | acc 0.9805 | lr 3.81e-05 | 13s
2026-09-20 14:08:17 | INFO    | epoch 25 | batch 180/3143 | loss 0.4332 | acc 0.9811 | lr 3.81e-05 | 15s
2026-09-20 14:08:19 | INFO    | epoch 25 | batch 200/3143 | loss 0.4321 | acc 0.9812 | lr 3.81e-05 | 16s
2026-09-20 14:08:21 | INFO    | epoch 25 | batch 220/3143 | loss 0.4316 | acc 0.9815 | lr 3.81e-05 | 18s
2026-09-20 14:08:22 | INFO    | epoch 25 | batch 240/3143 | loss 0.4309 | acc 0.9818 | lr 3.80e-05 | 20s
2026-09-20 14:08:24 | INFO    | epoch 25 | batch 260/3143 | loss 0.4317 | acc 0.9814 | lr 3.80e-05 | 21s
2026-09-20 14:08:26 | INFO    | epoch 25 | batch 280/3143 | loss 0.4323 | acc 0.9809 | lr 3.80e-05 | 23s
2026-09-20 14:08:27 | INFO    | epoch 25 | batch 300/3143 | loss 0.4327 | acc 0.9806 | lr 3.80e-05 | 24s
2026-09-20 14:08:29 | INFO    | epoch 25 | batch 320/3143 | loss 0.4325 | acc 0.9807 | lr 3.79e-05 | 26s
2026-09-20 14:08:30 | INFO    | epoch 25 | batch 340/3143 | loss 0.4329 | acc 0.9805 | lr 3.79e-05 | 28s
2026-09-20 14:08:32 | INFO    | epoch 25 | batch 360/3143 | loss 0.4333 | acc 0.9804 | lr 3.79e-05 | 29s
2026-09-20 14:08:33 | INFO    | epoch 25 | batch 380/3143 | loss 0.4325 | acc 0.9808 | lr 3.79e-05 | 31s
2026-09-20 14:08:35 | INFO    | epoch 25 | batch 400/3143 | loss 0.4327 | acc 0.9806 | lr 3.78e-05 | 32s
2026-09-20 14:08:37 | INFO    | epoch 25 | batch 420/3143 | loss 0.4330 | acc 0.9803 | lr 3.78e-05 | 34s
2026-09-20 14:08:38 | INFO    | epoch 25 | batch 440/3143 | loss 0.4343 | acc 0.9795 | lr 3.78e-05 | 35s
2026-09-20 14:08:40 | INFO    | epoch 25 | batch 460/3143 | loss 0.4344 | acc 0.9795 | lr 3.78e-05 | 37s
2026-09-20 14:08:41 | INFO    | epoch 25 | batch 480/3143 | loss 0.4342 | acc 0.9795 | lr 3.77e-05 | 39s
2026-09-20 14:08:43 | INFO    | epoch 25 | batch 500/3143 | loss 0.4350 | acc 0.9791 | lr 3.77e-05 | 40s
2026-09-20 14:08:45 | INFO    | epoch 25 | batch 520/3143 | loss 0.4351 | acc 0.9789 | lr 3.77e-05 | 42s
2026-09-20 14:08:46 | INFO    | epoch 25 | batch 540/3143 | loss 0.4350 | acc 0.9790 | lr 3.77e-05 | 43s
2026-09-20 14:08:48 | INFO    | epoch 25 | batch 560/3143 | loss 0.4347 | acc 0.9791 | lr 3.76e-05 | 45s
2026-09-20 14:08:49 | INFO    | epoch 25 | batch 580/3143 | loss 0.4344 | acc 0.9790 | lr 3.76e-05 | 46s
2026-09-20 14:08:51 | INFO    | epoch 25 | batch 600/3143 | loss 0.4341 | acc 0.9792 | lr 3.76e-05 | 48s
2026-09-20 14:08:52 | INFO    | epoch 25 | batch 620/3143 | loss 0.4340 | acc 0.9795 | lr 3.76e-05 | 50s
2026-09-20 14:08:54 | INFO    | epoch 25 | batch 640/3143 | loss 0.4341 | acc 0.9795 | lr 3.75e-05 | 51s
2026-09-20 14:08:56 | INFO    | epoch 25 | batch 660/3143 | loss 0.4344 | acc 0.9792 | lr 3.75e-05 | 53s
2026-09-20 14:08:57 | INFO    | epoch 25 | batch 680/3143 | loss 0.4341 | acc 0.9794 | lr 3.75e-05 | 54s
2026-09-20 14:08:59 | INFO    | epoch 25 | batch 700/3143 | loss 0.4338 | acc 0.9795 | lr 3.75e-05 | 56s
2026-09-20 14:09:00 | INFO    | epoch 25 | batch 720/3143 | loss 0.4337 | acc 0.9794 | lr 3.74e-05 | 57s
2026-09-20 14:09:02 | INFO    | epoch 25 | batch 740/3143 | loss 0.4335 | acc 0.9794 | lr 3.74e-05 | 59s
2026-09-20 14:09:04 | INFO    | epoch 25 | batch 760/3143 | loss 0.4335 | acc 0.9795 | lr 3.74e-05 | 61s
2026-09-20 14:09:05 | INFO    | epoch 25 | batch 780/3143 | loss 0.4336 | acc 0.9794 | lr 3.74e-05 | 62s
2026-09-20 14:09:07 | INFO    | epoch 25 | batch 800/3143 | loss 0.4336 | acc 0.9793 | lr 3.73e-05 | 64s
2026-09-20 14:09:08 | INFO    | epoch 25 | batch 820/3143 | loss 0.4332 | acc 0.9795 | lr 3.73e-05 | 65s
2026-09-20 14:09:10 | INFO    | epoch 25 | batch 840/3143 | loss 0.4337 | acc 0.9793 | lr 3.73e-05 | 67s
2026-09-20 14:09:11 | INFO    | epoch 25 | batch 860/3143 | loss 0.4337 | acc 0.9792 | lr 3.73e-05 | 69s
2026-09-20 14:09:13 | INFO    | epoch 25 | batch 880/3143 | loss 0.4333 | acc 0.9794 | lr 3.72e-05 | 70s
2026-09-20 14:09:15 | INFO    | epoch 25 | batch 900/3143 | loss 0.4332 | acc 0.9794 | lr 3.72e-05 | 72s
2026-09-20 14:09:16 | INFO    | epoch 25 | batch 920/3143 | loss 0.4333 | acc 0.9793 | lr 3.72e-05 | 73s
2026-09-20 14:09:18 | INFO    | epoch 25 | batch 940/3143 | loss 0.4334 | acc 0.9793 | lr 3.72e-05 | 75s
2026-09-20 14:09:19 | INFO    | epoch 25 | batch 960/3143 | loss 0.4335 | acc 0.9794 | lr 3.71e-05 | 77s
2026-09-20 14:09:21 | INFO    | epoch 25 | batch 980/3143 | loss 0.4336 | acc 0.9793 | lr 3.71e-05 | 78s
2026-09-20 14:09:23 | INFO    | epoch 25 | batch 1000/3143 | loss 0.4336 | acc 0.9793 | lr 3.71e-05 | 80s
2026-09-20 14:09:24 | INFO    | epoch 25 | batch 1020/3143 | loss 0.4335 | acc 0.9794 | lr 3.71e-05 | 81s
2026-09-20 14:09:26 | INFO    | epoch 25 | batch 1040/3143 | loss 0.4335 | acc 0.9794 | lr 3.70e-05 | 83s
2026-09-20 14:09:27 | INFO    | epoch 25 | batch 1060/3143 | loss 0.4337 | acc 0.9794 | lr 3.70e-05 | 84s
2026-09-20 14:09:29 | INFO    | epoch 25 | batch 1080/3143 | loss 0.4337 | acc 0.9793 | lr 3.70e-05 | 86s
2026-09-20 14:09:30 | INFO    | epoch 25 | batch 1100/3143 | loss 0.4335 | acc 0.9794 | lr 3.70e-05 | 88s
2026-09-20 14:09:32 | INFO    | epoch 25 | batch 1120/3143 | loss 0.4336 | acc 0.9793 | lr 3.69e-05 | 89s
2026-09-20 14:09:34 | INFO    | epoch 25 | batch 1140/3143 | loss 0.4334 | acc 0.9794 | lr 3.69e-05 | 91s
2026-09-20 14:09:35 | INFO    | epoch 25 | batch 1160/3143 | loss 0.4333 | acc 0.9795 | lr 3.69e-05 | 92s
2026-09-20 14:09:37 | INFO    | epoch 25 | batch 1180/3143 | loss 0.4332 | acc 0.9796 | lr 3.69e-05 | 94s
2026-09-20 14:09:39 | INFO    | epoch 25 | batch 1200/3143 | loss 0.4329 | acc 0.9798 | lr 3.68e-05 | 96s
2026-09-20 14:09:40 | INFO    | epoch 25 | batch 1220/3143 | loss 0.4326 | acc 0.9800 | lr 3.68e-05 | 97s
2026-09-20 14:09:42 | INFO    | epoch 25 | batch 1240/3143 | loss 0.4328 | acc 0.9798 | lr 3.68e-05 | 99s
2026-09-20 14:09:44 | INFO    | epoch 25 | batch 1260/3143 | loss 0.4329 | acc 0.9798 | lr 3.68e-05 | 101s
2026-09-20 14:09:45 | INFO    | epoch 25 | batch 1280/3143 | loss 0.4328 | acc 0.9799 | lr 3.67e-05 | 102s
2026-09-20 14:09:47 | INFO    | epoch 25 | batch 1300/3143 | loss 0.4326 | acc 0.9800 | lr 3.67e-05 | 104s
2026-09-20 14:09:49 | INFO    | epoch 25 | batch 1320/3143 | loss 0.4324 | acc 0.9801 | lr 3.67e-05 | 106s
2026-09-20 14:09:50 | INFO    | epoch 25 | batch 1340/3143 | loss 0.4325 | acc 0.9800 | lr 3.67e-05 | 107s
2026-09-20 14:09:52 | INFO    | epoch 25 | batch 1360/3143 | loss 0.4326 | acc 0.9800 | lr 3.66e-05 | 109s
2026-09-20 14:09:53 | INFO    | epoch 25 | batch 1380/3143 | loss 0.4325 | acc 0.9800 | lr 3.66e-05 | 110s
2026-09-20 14:09:55 | INFO    | epoch 25 | batch 1400/3143 | loss 0.4324 | acc 0.9800 | lr 3.66e-05 | 112s
2026-09-20 14:09:56 | INFO    | epoch 25 | batch 1420/3143 | loss 0.4326 | acc 0.9800 | lr 3.66e-05 | 114s
2026-09-20 14:09:58 | INFO    | epoch 25 | batch 1440/3143 | loss 0.4325 | acc 0.9800 | lr 3.65e-05 | 115s
2026-09-20 14:10:00 | INFO    | epoch 25 | batch 1460/3143 | loss 0.4323 | acc 0.9802 | lr 3.65e-05 | 117s
2026-09-20 14:10:01 | INFO    | epoch 25 | batch 1480/3143 | loss 0.4325 | acc 0.9801 | lr 3.65e-05 | 118s
2026-09-20 14:10:03 | INFO    | epoch 25 | batch 1500/3143 | loss 0.4324 | acc 0.9802 | lr 3.65e-05 | 120s
2026-09-20 14:10:04 | INFO    | epoch 25 | batch 1520/3143 | loss 0.4326 | acc 0.9800 | lr 3.64e-05 | 122s
2026-09-20 14:10:06 | INFO    | epoch 25 | batch 1540/3143 | loss 0.4325 | acc 0.9800 | lr 3.64e-05 | 123s
2026-09-20 14:10:08 | INFO    | epoch 25 | batch 1560/3143 | loss 0.4325 | acc 0.9801 | lr 3.64e-05 | 125s
2026-09-20 14:10:09 | INFO    | epoch 25 | batch 1580/3143 | loss 0.4325 | acc 0.9800 | lr 3.64e-05 | 126s
2026-09-20 14:10:11 | INFO    | epoch 25 | batch 1600/3143 | loss 0.4327 | acc 0.9800 | lr 3.63e-05 | 128s
2026-09-20 14:10:12 | INFO    | epoch 25 | batch 1620/3143 | loss 0.4325 | acc 0.9801 | lr 3.63e-05 | 129s
2026-09-20 14:10:14 | INFO    | epoch 25 | batch 1640/3143 | loss 0.4325 | acc 0.9801 | lr 3.63e-05 | 131s
2026-09-20 14:10:15 | INFO    | epoch 25 | batch 1660/3143 | loss 0.4324 | acc 0.9802 | lr 3.63e-05 | 133s
2026-09-20 14:10:17 | INFO    | epoch 25 | batch 1680/3143 | loss 0.4325 | acc 0.9801 | lr 3.62e-05 | 134s
2026-09-20 14:10:19 | INFO    | epoch 25 | batch 1700/3143 | loss 0.4324 | acc 0.9801 | lr 3.62e-05 | 136s
2026-09-20 14:10:20 | INFO    | epoch 25 | batch 1720/3143 | loss 0.4323 | acc 0.9802 | lr 3.62e-05 | 137s
2026-09-20 14:10:22 | INFO    | epoch 25 | batch 1740/3143 | loss 0.4322 | acc 0.9802 | lr 3.62e-05 | 139s
2026-09-20 14:10:23 | INFO    | epoch 25 | batch 1760/3143 | loss 0.4324 | acc 0.9801 | lr 3.61e-05 | 141s
2026-09-20 14:10:25 | INFO    | epoch 25 | batch 1780/3143 | loss 0.4323 | acc 0.9802 | lr 3.61e-05 | 142s
2026-09-20 14:10:27 | INFO    | epoch 25 | batch 1800/3143 | loss 0.4323 | acc 0.9802 | lr 3.61e-05 | 144s
2026-09-20 14:10:28 | INFO    | epoch 25 | batch 1820/3143 | loss 0.4323 | acc 0.9802 | lr 3.61e-05 | 145s
2026-09-20 14:10:30 | INFO    | epoch 25 | batch 1840/3143 | loss 0.4323 | acc 0.9802 | lr 3.60e-05 | 147s
2026-09-20 14:10:31 | INFO    | epoch 25 | batch 1860/3143 | loss 0.4323 | acc 0.9803 | lr 3.60e-05 | 148s
2026-09-20 14:10:33 | INFO    | epoch 25 | batch 1880/3143 | loss 0.4324 | acc 0.9803 | lr 3.60e-05 | 150s
2026-09-20 14:10:34 | INFO    | epoch 25 | batch 1900/3143 | loss 0.4325 | acc 0.9802 | lr 3.60e-05 | 152s
2026-09-20 14:10:36 | INFO    | epoch 25 | batch 1920/3143 | loss 0.4325 | acc 0.9802 | lr 3.59e-05 | 153s
2026-09-20 14:10:38 | INFO    | epoch 25 | batch 1940/3143 | loss 0.4324 | acc 0.9803 | lr 3.59e-05 | 155s
2026-09-20 14:10:39 | INFO    | epoch 25 | batch 1960/3143 | loss 0.4325 | acc 0.9802 | lr 3.59e-05 | 156s
2026-09-20 14:10:41 | INFO    | epoch 25 | batch 1980/3143 | loss 0.4324 | acc 0.9803 | lr 3.59e-05 | 158s
2026-09-20 14:10:42 | INFO    | epoch 25 | batch 2000/3143 | loss 0.4322 | acc 0.9804 | lr 3.58e-05 | 159s
2026-09-20 14:10:44 | INFO    | epoch 25 | batch 2020/3143 | loss 0.4321 | acc 0.9805 | lr 3.58e-05 | 161s
2026-09-20 14:10:45 | INFO    | epoch 25 | batch 2040/3143 | loss 0.4320 | acc 0.9805 | lr 3.58e-05 | 163s
2026-09-20 14:10:47 | INFO    | epoch 25 | batch 2060/3143 | loss 0.4319 | acc 0.9806 | lr 3.58e-05 | 164s
2026-09-20 14:10:49 | INFO    | epoch 25 | batch 2080/3143 | loss 0.4318 | acc 0.9807 | lr 3.57e-05 | 166s
2026-09-20 14:10:50 | INFO    | epoch 25 | batch 2100/3143 | loss 0.4319 | acc 0.9807 | lr 3.57e-05 | 167s
2026-09-20 14:10:52 | INFO    | epoch 25 | batch 2120/3143 | loss 0.4319 | acc 0.9807 | lr 3.57e-05 | 169s
2026-09-20 14:10:53 | INFO    | epoch 25 | batch 2140/3143 | loss 0.4319 | acc 0.9807 | lr 3.57e-05 | 171s
2026-09-20 14:10:55 | INFO    | epoch 25 | batch 2160/3143 | loss 0.4318 | acc 0.9808 | lr 3.56e-05 | 172s
2026-09-20 14:10:57 | INFO    | epoch 25 | batch 2180/3143 | loss 0.4317 | acc 0.9808 | lr 3.56e-05 | 174s
2026-09-20 14:10:58 | INFO    | epoch 25 | batch 2200/3143 | loss 0.4317 | acc 0.9808 | lr 3.56e-05 | 175s
2026-09-20 14:11:00 | INFO    | epoch 25 | batch 2220/3143 | loss 0.4316 | acc 0.9808 | lr 3.56e-05 | 177s
2026-09-20 14:11:01 | INFO    | epoch 25 | batch 2240/3143 | loss 0.4314 | acc 0.9809 | lr 3.55e-05 | 178s
2026-09-20 14:11:03 | INFO    | epoch 25 | batch 2260/3143 | loss 0.4315 | acc 0.9809 | lr 3.55e-05 | 180s
2026-09-20 14:11:04 | INFO    | epoch 25 | batch 2280/3143 | loss 0.4314 | acc 0.9809 | lr 3.55e-05 | 182s
2026-09-20 14:11:06 | INFO    | epoch 25 | batch 2300/3143 | loss 0.4313 | acc 0.9810 | lr 3.55e-05 | 183s
2026-09-20 14:11:08 | INFO    | epoch 25 | batch 2320/3143 | loss 0.4312 | acc 0.9810 | lr 3.54e-05 | 185s
2026-09-20 14:11:09 | INFO    | epoch 25 | batch 2340/3143 | loss 0.4313 | acc 0.9809 | lr 3.54e-05 | 186s
2026-09-20 14:11:11 | INFO    | epoch 25 | batch 2360/3143 | loss 0.4314 | acc 0.9809 | lr 3.54e-05 | 188s
2026-09-20 14:11:12 | INFO    | epoch 25 | batch 2380/3143 | loss 0.4315 | acc 0.9809 | lr 3.54e-05 | 190s
2026-09-20 14:11:14 | INFO    | epoch 25 | batch 2400/3143 | loss 0.4314 | acc 0.9809 | lr 3.53e-05 | 191s
2026-09-20 14:11:16 | INFO    | epoch 25 | batch 2420/3143 | loss 0.4314 | acc 0.9809 | lr 3.53e-05 | 193s
2026-09-20 14:11:17 | INFO    | epoch 25 | batch 2440/3143 | loss 0.4314 | acc 0.9810 | lr 3.53e-05 | 194s
2026-09-20 14:11:19 | INFO    | epoch 25 | batch 2460/3143 | loss 0.4313 | acc 0.9810 | lr 3.53e-05 | 196s
2026-09-20 14:11:20 | INFO    | epoch 25 | batch 2480/3143 | loss 0.4313 | acc 0.9810 | lr 3.52e-05 | 198s
2026-09-20 14:11:22 | INFO    | epoch 25 | batch 2500/3143 | loss 0.4313 | acc 0.9810 | lr 3.52e-05 | 199s
2026-09-20 14:11:24 | INFO    | epoch 25 | batch 2520/3143 | loss 0.4311 | acc 0.9811 | lr 3.52e-05 | 201s
2026-09-20 14:11:25 | INFO    | epoch 25 | batch 2540/3143 | loss 0.4312 | acc 0.9810 | lr 3.52e-05 | 202s
2026-09-20 14:11:27 | INFO    | epoch 25 | batch 2560/3143 | loss 0.4312 | acc 0.9810 | lr 3.51e-05 | 204s
2026-09-20 14:11:28 | INFO    | epoch 25 | batch 2580/3143 | loss 0.4312 | acc 0.9810 | lr 3.51e-05 | 205s
2026-09-20 14:11:30 | INFO    | epoch 25 | batch 2600/3143 | loss 0.4312 | acc 0.9810 | lr 3.51e-05 | 207s
2026-09-20 14:11:31 | INFO    | epoch 25 | batch 2620/3143 | loss 0.4313 | acc 0.9809 | lr 3.51e-05 | 209s
2026-09-20 14:11:33 | INFO    | epoch 25 | batch 2640/3143 | loss 0.4312 | acc 0.9810 | lr 3.50e-05 | 210s
2026-09-20 14:11:35 | INFO    | epoch 25 | batch 2660/3143 | loss 0.4311 | acc 0.9810 | lr 3.50e-05 | 212s
2026-09-20 14:11:36 | INFO    | epoch 25 | batch 2680/3143 | loss 0.4310 | acc 0.9810 | lr 3.50e-05 | 213s
2026-09-20 14:11:38 | INFO    | epoch 25 | batch 2700/3143 | loss 0.4310 | acc 0.9810 | lr 3.50e-05 | 215s
2026-09-20 14:11:39 | INFO    | epoch 25 | batch 2720/3143 | loss 0.4309 | acc 0.9811 | lr 3.49e-05 | 216s
2026-09-20 14:11:41 | INFO    | epoch 25 | batch 2740/3143 | loss 0.4309 | acc 0.9811 | lr 3.49e-05 | 218s
2026-09-20 14:11:42 | INFO    | epoch 25 | batch 2760/3143 | loss 0.4309 | acc 0.9812 | lr 3.49e-05 | 220s
2026-09-20 14:11:44 | INFO    | epoch 25 | batch 2780/3143 | loss 0.4309 | acc 0.9811 | lr 3.49e-05 | 221s
2026-09-20 14:11:46 | INFO    | epoch 25 | batch 2800/3143 | loss 0.4309 | acc 0.9811 | lr 3.49e-05 | 223s
2026-09-20 14:11:47 | INFO    | epoch 25 | batch 2820/3143 | loss 0.4309 | acc 0.9812 | lr 3.48e-05 | 224s
2026-09-20 14:11:49 | INFO    | epoch 25 | batch 2840/3143 | loss 0.4309 | acc 0.9812 | lr 3.48e-05 | 226s
2026-09-20 14:11:50 | INFO    | epoch 25 | batch 2860/3143 | loss 0.4309 | acc 0.9811 | lr 3.48e-05 | 227s
2026-09-20 14:11:52 | INFO    | epoch 25 | batch 2880/3143 | loss 0.4309 | acc 0.9811 | lr 3.48e-05 | 229s
2026-09-20 14:11:53 | INFO    | epoch 25 | batch 2900/3143 | loss 0.4310 | acc 0.9811 | lr 3.47e-05 | 231s
2026-09-20 14:11:55 | INFO    | epoch 25 | batch 2920/3143 | loss 0.4309 | acc 0.9811 | lr 3.47e-05 | 232s
2026-09-20 14:11:57 | INFO    | epoch 25 | batch 2940/3143 | loss 0.4310 | acc 0.9811 | lr 3.47e-05 | 234s
2026-09-20 14:11:58 | INFO    | epoch 25 | batch 2960/3143 | loss 0.4310 | acc 0.9811 | lr 3.47e-05 | 235s
2026-09-20 14:12:00 | INFO    | epoch 25 | batch 2980/3143 | loss 0.4310 | acc 0.9811 | lr 3.46e-05 | 237s
2026-09-20 14:12:01 | INFO    | epoch 25 | batch 3000/3143 | loss 0.4310 | acc 0.9811 | lr 3.46e-05 | 239s
2026-09-20 14:12:03 | INFO    | epoch 25 | batch 3020/3143 | loss 0.4310 | acc 0.9811 | lr 3.46e-05 | 240s
2026-09-20 14:12:05 | INFO    | epoch 25 | batch 3040/3143 | loss 0.4310 | acc 0.9811 | lr 3.46e-05 | 242s
2026-09-20 14:12:06 | INFO    | epoch 25 | batch 3060/3143 | loss 0.4309 | acc 0.9811 | lr 3.45e-05 | 243s
2026-09-20 14:12:08 | INFO    | epoch 25 | batch 3080/3143 | loss 0.4310 | acc 0.9811 | lr 3.45e-05 | 245s
2026-09-20 14:12:09 | INFO    | epoch 25 | batch 3100/3143 | loss 0.4309 | acc 0.9811 | lr 3.45e-05 | 246s
2026-09-20 14:12:11 | INFO    | epoch 25 | batch 3120/3143 | loss 0.4310 | acc 0.9811 | lr 3.45e-05 | 248s
2026-09-20 14:12:12 | INFO    | epoch 25 | batch 3140/3143 | loss 0.4309 | acc 0.9812 | lr 3.44e-05 | 250s
2026-09-20 14:12:13 | INFO    | epoch 25 | batch 3143/3143 | loss 0.4309 | acc 0.9812 | lr 3.44e-05 | 250s
2026-09-20 14:12:24 | INFO    | epoch 25/40 done in 261s | train loss 0.4309 | train running patch (aug): accuracy=0.9812 precision=0.9809 recall=0.9805 f1=0.9807
2026-09-20 14:12:24 | INFO    | epoch 25 train (eval, no aug) | loss 0.3968 | patch[7280]: accuracy=0.9968 precision=0.9966 recall=0.9968 f1=0.9967 | image[455]: accuracy=1.0000 precision=1.0000 recall=1.0000 f1=1.0000
2026-09-20 14:12:24 | INFO    | epoch 25 val | loss 1.1772 | patch[6048]: accuracy=0.6984 precision=0.6786 recall=0.6781 f1=0.6778 | image[96]: accuracy=0.7500 precision=0.7441 recall=0.7440 f1=0.7400
2026-09-20 14:12:24 | INFO    | val_patch_f1 = 0.6778 (best 0.6811 @ epoch 23)
2026-09-20 14:12:26 | INFO    | epoch 26 | batch 20/3143 | loss 0.4320 | acc 0.9859 | lr 3.44e-05 | 2s
2026-09-20 14:12:27 | INFO    | epoch 26 | batch 40/3143 | loss 0.4247 | acc 0.9859 | lr 3.44e-05 | 3s
2026-09-20 14:12:29 | INFO    | epoch 26 | batch 60/3143 | loss 0.4286 | acc 0.9839 | lr 3.44e-05 | 5s
2026-09-20 14:12:31 | INFO    | epoch 26 | batch 80/3143 | loss 0.4292 | acc 0.9832 | lr 3.43e-05 | 7s
2026-09-20 14:12:32 | INFO    | epoch 26 | batch 100/3143 | loss 0.4297 | acc 0.9828 | lr 3.43e-05 | 8s
2026-09-20 14:12:34 | INFO    | epoch 26 | batch 120/3143 | loss 0.4285 | acc 0.9836 | lr 3.43e-05 | 10s
2026-09-20 14:12:35 | INFO    | epoch 26 | batch 140/3143 | loss 0.4340 | acc 0.9812 | lr 3.43e-05 | 11s
2026-09-20 14:12:37 | INFO    | epoch 26 | batch 160/3143 | loss 0.4332 | acc 0.9814 | lr 3.42e-05 | 13s
2026-09-20 14:12:39 | INFO    | epoch 26 | batch 180/3143 | loss 0.4329 | acc 0.9812 | lr 3.42e-05 | 14s
2026-09-20 14:12:40 | INFO    | epoch 26 | batch 200/3143 | loss 0.4331 | acc 0.9811 | lr 3.42e-05 | 16s
2026-09-20 14:12:42 | INFO    | epoch 26 | batch 220/3143 | loss 0.4329 | acc 0.9812 | lr 3.42e-05 | 18s
2026-09-20 14:12:43 | INFO    | epoch 26 | batch 240/3143 | loss 0.4327 | acc 0.9811 | lr 3.41e-05 | 19s
2026-09-20 14:12:45 | INFO    | epoch 26 | batch 260/3143 | loss 0.4342 | acc 0.9805 | lr 3.41e-05 | 21s
2026-09-20 14:12:46 | INFO    | epoch 26 | batch 280/3143 | loss 0.4341 | acc 0.9807 | lr 3.41e-05 | 22s
2026-09-20 14:12:48 | INFO    | epoch 26 | batch 300/3143 | loss 0.4337 | acc 0.9808 | lr 3.41e-05 | 24s
2026-09-20 14:12:50 | INFO    | epoch 26 | batch 320/3143 | loss 0.4334 | acc 0.9808 | lr 3.40e-05 | 26s
2026-09-20 14:12:51 | INFO    | epoch 26 | batch 340/3143 | loss 0.4339 | acc 0.9807 | lr 3.40e-05 | 27s
2026-09-20 14:12:53 | INFO    | epoch 26 | batch 360/3143 | loss 0.4335 | acc 0.9808 | lr 3.40e-05 | 29s
2026-09-20 14:12:54 | INFO    | epoch 26 | batch 380/3143 | loss 0.4332 | acc 0.9811 | lr 3.40e-05 | 30s
2026-09-20 14:12:56 | INFO    | epoch 26 | batch 400/3143 | loss 0.4334 | acc 0.9811 | lr 3.39e-05 | 32s
2026-09-20 14:12:57 | INFO    | epoch 26 | batch 420/3143 | loss 0.4332 | acc 0.9814 | lr 3.39e-05 | 33s
2026-09-20 14:12:59 | INFO    | epoch 26 | batch 440/3143 | loss 0.4328 | acc 0.9815 | lr 3.39e-05 | 35s
2026-09-20 14:13:01 | INFO    | epoch 26 | batch 460/3143 | loss 0.4328 | acc 0.9814 | lr 3.39e-05 | 37s
2026-09-20 14:13:02 | INFO    | epoch 26 | batch 480/3143 | loss 0.4323 | acc 0.9817 | lr 3.38e-05 | 38s
2026-09-20 14:13:04 | INFO    | epoch 26 | batch 500/3143 | loss 0.4324 | acc 0.9816 | lr 3.38e-05 | 40s
2026-09-20 14:13:05 | INFO    | epoch 26 | batch 520/3143 | loss 0.4321 | acc 0.9818 | lr 3.38e-05 | 41s
2026-09-20 14:13:07 | INFO    | epoch 26 | batch 540/3143 | loss 0.4321 | acc 0.9818 | lr 3.38e-05 | 43s
2026-09-20 14:13:08 | INFO    | epoch 26 | batch 560/3143 | loss 0.4318 | acc 0.9819 | lr 3.37e-05 | 44s
2026-09-20 14:13:10 | INFO    | epoch 26 | batch 580/3143 | loss 0.4319 | acc 0.9820 | lr 3.37e-05 | 46s
2026-09-20 14:13:12 | INFO    | epoch 26 | batch 600/3143 | loss 0.4318 | acc 0.9820 | lr 3.37e-05 | 47s
2026-09-20 14:13:13 | INFO    | epoch 26 | batch 620/3143 | loss 0.4315 | acc 0.9822 | lr 3.37e-05 | 49s
2026-09-20 14:13:15 | INFO    | epoch 26 | batch 640/3143 | loss 0.4320 | acc 0.9819 | lr 3.36e-05 | 51s
2026-09-20 14:13:16 | INFO    | epoch 26 | batch 660/3143 | loss 0.4323 | acc 0.9817 | lr 3.36e-05 | 52s
2026-09-20 14:13:18 | INFO    | epoch 26 | batch 680/3143 | loss 0.4325 | acc 0.9816 | lr 3.36e-05 | 54s
2026-09-20 14:13:20 | INFO    | epoch 26 | batch 700/3143 | loss 0.4325 | acc 0.9814 | lr 3.36e-05 | 55s
2026-09-20 14:13:21 | INFO    | epoch 26 | batch 720/3143 | loss 0.4321 | acc 0.9816 | lr 3.35e-05 | 57s
2026-09-20 14:13:23 | INFO    | epoch 26 | batch 740/3143 | loss 0.4317 | acc 0.9818 | lr 3.35e-05 | 59s
2026-09-20 14:13:24 | INFO    | epoch 26 | batch 760/3143 | loss 0.4316 | acc 0.9817 | lr 3.35e-05 | 60s
2026-09-20 14:13:26 | INFO    | epoch 26 | batch 780/3143 | loss 0.4316 | acc 0.9818 | lr 3.35e-05 | 62s
2026-09-20 14:13:27 | INFO    | epoch 26 | batch 800/3143 | loss 0.4311 | acc 0.9821 | lr 3.34e-05 | 63s
2026-09-20 14:13:29 | INFO    | epoch 26 | batch 820/3143 | loss 0.4309 | acc 0.9822 | lr 3.34e-05 | 65s
2026-09-20 14:13:31 | INFO    | epoch 26 | batch 840/3143 | loss 0.4313 | acc 0.9821 | lr 3.34e-05 | 66s
2026-09-20 14:13:32 | INFO    | epoch 26 | batch 860/3143 | loss 0.4310 | acc 0.9822 | lr 3.34e-05 | 68s
2026-09-20 14:13:34 | INFO    | epoch 26 | batch 880/3143 | loss 0.4310 | acc 0.9821 | lr 3.33e-05 | 70s
2026-09-20 14:13:35 | INFO    | epoch 26 | batch 900/3143 | loss 0.4309 | acc 0.9823 | lr 3.33e-05 | 71s
2026-09-20 14:13:37 | INFO    | epoch 26 | batch 920/3143 | loss 0.4312 | acc 0.9820 | lr 3.33e-05 | 73s
2026-09-20 14:13:38 | INFO    | epoch 26 | batch 940/3143 | loss 0.4309 | acc 0.9820 | lr 3.33e-05 | 74s
2026-09-20 14:13:40 | INFO    | epoch 26 | batch 960/3143 | loss 0.4307 | acc 0.9821 | lr 3.33e-05 | 76s
2026-09-20 14:13:42 | INFO    | epoch 26 | batch 980/3143 | loss 0.4313 | acc 0.9817 | lr 3.32e-05 | 78s
2026-09-20 14:13:43 | INFO    | epoch 26 | batch 1000/3143 | loss 0.4311 | acc 0.9817 | lr 3.32e-05 | 79s
2026-09-20 14:13:45 | INFO    | epoch 26 | batch 1020/3143 | loss 0.4308 | acc 0.9819 | lr 3.32e-05 | 81s
2026-09-20 14:13:46 | INFO    | epoch 26 | batch 1040/3143 | loss 0.4308 | acc 0.9819 | lr 3.32e-05 | 82s
2026-09-20 14:13:48 | INFO    | epoch 26 | batch 1060/3143 | loss 0.4307 | acc 0.9820 | lr 3.31e-05 | 84s
2026-09-20 14:13:50 | INFO    | epoch 26 | batch 1080/3143 | loss 0.4309 | acc 0.9818 | lr 3.31e-05 | 85s
2026-09-20 14:13:51 | INFO    | epoch 26 | batch 1100/3143 | loss 0.4308 | acc 0.9818 | lr 3.31e-05 | 87s
2026-09-20 14:13:53 | INFO    | epoch 26 | batch 1120/3143 | loss 0.4306 | acc 0.9819 | lr 3.31e-05 | 89s
2026-09-20 14:13:54 | INFO    | epoch 26 | batch 1140/3143 | loss 0.4305 | acc 0.9819 | lr 3.30e-05 | 90s
2026-09-20 14:13:56 | INFO    | epoch 26 | batch 1160/3143 | loss 0.4303 | acc 0.9820 | lr 3.30e-05 | 92s
2026-09-20 14:13:58 | INFO    | epoch 26 | batch 1180/3143 | loss 0.4305 | acc 0.9820 | lr 3.30e-05 | 93s
2026-09-20 14:13:59 | INFO    | epoch 26 | batch 1200/3143 | loss 0.4304 | acc 0.9820 | lr 3.30e-05 | 95s
2026-09-20 14:14:01 | INFO    | epoch 26 | batch 1220/3143 | loss 0.4305 | acc 0.9819 | lr 3.29e-05 | 97s
2026-09-20 14:14:02 | INFO    | epoch 26 | batch 1240/3143 | loss 0.4306 | acc 0.9818 | lr 3.29e-05 | 98s
2026-09-20 14:14:04 | INFO    | epoch 26 | batch 1260/3143 | loss 0.4305 | acc 0.9818 | lr 3.29e-05 | 100s
2026-09-20 14:14:06 | INFO    | epoch 26 | batch 1280/3143 | loss 0.4305 | acc 0.9819 | lr 3.29e-05 | 101s
2026-09-20 14:14:07 | INFO    | epoch 26 | batch 1300/3143 | loss 0.4304 | acc 0.9819 | lr 3.28e-05 | 103s
2026-09-20 14:14:09 | INFO    | epoch 26 | batch 1320/3143 | loss 0.4303 | acc 0.9819 | lr 3.28e-05 | 105s
2026-09-20 14:14:10 | INFO    | epoch 26 | batch 1340/3143 | loss 0.4303 | acc 0.9819 | lr 3.28e-05 | 106s
2026-09-20 14:14:12 | INFO    | epoch 26 | batch 1360/3143 | loss 0.4302 | acc 0.9820 | lr 3.28e-05 | 108s
2026-09-20 14:14:13 | INFO    | epoch 26 | batch 1380/3143 | loss 0.4303 | acc 0.9820 | lr 3.27e-05 | 109s
2026-09-20 14:14:15 | INFO    | epoch 26 | batch 1400/3143 | loss 0.4305 | acc 0.9819 | lr 3.27e-05 | 111s
2026-09-20 14:14:17 | INFO    | epoch 26 | batch 1420/3143 | loss 0.4304 | acc 0.9820 | lr 3.27e-05 | 113s
2026-09-20 14:14:18 | INFO    | epoch 26 | batch 1440/3143 | loss 0.4303 | acc 0.9821 | lr 3.27e-05 | 114s
2026-09-20 14:14:20 | INFO    | epoch 26 | batch 1460/3143 | loss 0.4302 | acc 0.9821 | lr 3.26e-05 | 116s
2026-09-20 14:14:22 | INFO    | epoch 26 | batch 1480/3143 | loss 0.4301 | acc 0.9821 | lr 3.26e-05 | 117s
2026-09-20 14:14:23 | INFO    | epoch 26 | batch 1500/3143 | loss 0.4299 | acc 0.9822 | lr 3.26e-05 | 119s
2026-09-20 14:14:25 | INFO    | epoch 26 | batch 1520/3143 | loss 0.4299 | acc 0.9822 | lr 3.26e-05 | 121s
2026-09-20 14:14:26 | INFO    | epoch 26 | batch 1540/3143 | loss 0.4300 | acc 0.9821 | lr 3.25e-05 | 122s
2026-09-20 14:14:28 | INFO    | epoch 26 | batch 1560/3143 | loss 0.4300 | acc 0.9822 | lr 3.25e-05 | 124s
2026-09-20 14:14:30 | INFO    | epoch 26 | batch 1580/3143 | loss 0.4299 | acc 0.9822 | lr 3.25e-05 | 125s
2026-09-20 14:14:31 | INFO    | epoch 26 | batch 1600/3143 | loss 0.4299 | acc 0.9822 | lr 3.25e-05 | 127s
2026-09-20 14:14:33 | INFO    | epoch 26 | batch 1620/3143 | loss 0.4299 | acc 0.9821 | lr 3.24e-05 | 129s
2026-09-20 14:14:34 | INFO    | epoch 26 | batch 1640/3143 | loss 0.4299 | acc 0.9821 | lr 3.24e-05 | 130s
2026-09-20 14:14:36 | INFO    | epoch 26 | batch 1660/3143 | loss 0.4296 | acc 0.9822 | lr 3.24e-05 | 132s
2026-09-20 14:14:38 | INFO    | epoch 26 | batch 1680/3143 | loss 0.4299 | acc 0.9820 | lr 3.24e-05 | 133s
2026-09-20 14:14:39 | INFO    | epoch 26 | batch 1700/3143 | loss 0.4301 | acc 0.9819 | lr 3.24e-05 | 135s
2026-09-20 14:14:41 | INFO    | epoch 26 | batch 1720/3143 | loss 0.4303 | acc 0.9818 | lr 3.23e-05 | 137s
2026-09-20 14:14:42 | INFO    | epoch 26 | batch 1740/3143 | loss 0.4301 | acc 0.9820 | lr 3.23e-05 | 138s
2026-09-20 14:14:44 | INFO    | epoch 26 | batch 1760/3143 | loss 0.4300 | acc 0.9820 | lr 3.23e-05 | 140s
2026-09-20 14:14:45 | INFO    | epoch 26 | batch 1780/3143 | loss 0.4299 | acc 0.9821 | lr 3.23e-05 | 141s
2026-09-20 14:14:47 | INFO    | epoch 26 | batch 1800/3143 | loss 0.4299 | acc 0.9821 | lr 3.22e-05 | 143s
2026-09-20 14:14:49 | INFO    | epoch 26 | batch 1820/3143 | loss 0.4299 | acc 0.9821 | lr 3.22e-05 | 144s
2026-09-20 14:14:50 | INFO    | epoch 26 | batch 1840/3143 | loss 0.4299 | acc 0.9820 | lr 3.22e-05 | 146s
2026-09-20 14:14:52 | INFO    | epoch 26 | batch 1860/3143 | loss 0.4300 | acc 0.9820 | lr 3.22e-05 | 148s
2026-09-20 14:14:53 | INFO    | epoch 26 | batch 1880/3143 | loss 0.4301 | acc 0.9819 | lr 3.21e-05 | 149s
2026-09-20 14:14:55 | INFO    | epoch 26 | batch 1900/3143 | loss 0.4300 | acc 0.9819 | lr 3.21e-05 | 151s
2026-09-20 14:14:56 | INFO    | epoch 26 | batch 1920/3143 | loss 0.4299 | acc 0.9820 | lr 3.21e-05 | 152s
2026-09-20 14:14:58 | INFO    | epoch 26 | batch 1940/3143 | loss 0.4299 | acc 0.9820 | lr 3.21e-05 | 154s
2026-09-20 14:15:00 | INFO    | epoch 26 | batch 1960/3143 | loss 0.4301 | acc 0.9819 | lr 3.20e-05 | 155s
2026-09-20 14:15:01 | INFO    | epoch 26 | batch 1980/3143 | loss 0.4301 | acc 0.9820 | lr 3.20e-05 | 157s
2026-09-20 14:15:03 | INFO    | epoch 26 | batch 2000/3143 | loss 0.4301 | acc 0.9819 | lr 3.20e-05 | 159s
2026-09-20 14:15:04 | INFO    | epoch 26 | batch 2020/3143 | loss 0.4301 | acc 0.9820 | lr 3.20e-05 | 160s
2026-09-20 14:15:06 | INFO    | epoch 26 | batch 2040/3143 | loss 0.4299 | acc 0.9820 | lr 3.19e-05 | 162s
2026-09-20 14:15:08 | INFO    | epoch 26 | batch 2060/3143 | loss 0.4298 | acc 0.9821 | lr 3.19e-05 | 163s
2026-09-20 14:15:09 | INFO    | epoch 26 | batch 2080/3143 | loss 0.4299 | acc 0.9820 | lr 3.19e-05 | 165s
2026-09-20 14:15:11 | INFO    | epoch 26 | batch 2100/3143 | loss 0.4298 | acc 0.9821 | lr 3.19e-05 | 167s
2026-09-20 14:15:12 | INFO    | epoch 26 | batch 2120/3143 | loss 0.4296 | acc 0.9821 | lr 3.18e-05 | 168s
2026-09-20 14:15:14 | INFO    | epoch 26 | batch 2140/3143 | loss 0.4296 | acc 0.9822 | lr 3.18e-05 | 170s
2026-09-20 14:15:16 | INFO    | epoch 26 | batch 2160/3143 | loss 0.4296 | acc 0.9821 | lr 3.18e-05 | 171s
2026-09-20 14:15:17 | INFO    | epoch 26 | batch 2180/3143 | loss 0.4297 | acc 0.9821 | lr 3.18e-05 | 173s
2026-09-20 14:15:19 | INFO    | epoch 26 | batch 2200/3143 | loss 0.4296 | acc 0.9821 | lr 3.17e-05 | 175s
2026-09-20 14:15:20 | INFO    | epoch 26 | batch 2220/3143 | loss 0.4297 | acc 0.9820 | lr 3.17e-05 | 176s
2026-09-20 14:15:22 | INFO    | epoch 26 | batch 2240/3143 | loss 0.4298 | acc 0.9820 | lr 3.17e-05 | 178s
2026-09-20 14:15:23 | INFO    | epoch 26 | batch 2260/3143 | loss 0.4297 | acc 0.9821 | lr 3.17e-05 | 179s
2026-09-20 14:15:25 | INFO    | epoch 26 | batch 2280/3143 | loss 0.4296 | acc 0.9821 | lr 3.17e-05 | 181s
2026-09-20 14:15:27 | INFO    | epoch 26 | batch 2300/3143 | loss 0.4297 | acc 0.9821 | lr 3.16e-05 | 182s
2026-09-20 14:15:28 | INFO    | epoch 26 | batch 2320/3143 | loss 0.4296 | acc 0.9821 | lr 3.16e-05 | 184s
2026-09-20 14:15:30 | INFO    | epoch 26 | batch 2340/3143 | loss 0.4295 | acc 0.9821 | lr 3.16e-05 | 186s
2026-09-20 14:15:31 | INFO    | epoch 26 | batch 2360/3143 | loss 0.4296 | acc 0.9821 | lr 3.16e-05 | 187s
2026-09-20 14:15:33 | INFO    | epoch 26 | batch 2380/3143 | loss 0.4296 | acc 0.9821 | lr 3.15e-05 | 189s
2026-09-20 14:15:35 | INFO    | epoch 26 | batch 2400/3143 | loss 0.4296 | acc 0.9821 | lr 3.15e-05 | 190s
2026-09-20 14:15:36 | INFO    | epoch 26 | batch 2420/3143 | loss 0.4295 | acc 0.9821 | lr 3.15e-05 | 192s
2026-09-20 14:15:38 | INFO    | epoch 26 | batch 2440/3143 | loss 0.4294 | acc 0.9822 | lr 3.15e-05 | 194s
2026-09-20 14:15:39 | INFO    | epoch 26 | batch 2460/3143 | loss 0.4293 | acc 0.9822 | lr 3.14e-05 | 195s
2026-09-20 14:15:41 | INFO    | epoch 26 | batch 2480/3143 | loss 0.4294 | acc 0.9822 | lr 3.14e-05 | 197s
2026-09-20 14:15:43 | INFO    | epoch 26 | batch 2500/3143 | loss 0.4292 | acc 0.9823 | lr 3.14e-05 | 198s
2026-09-20 14:15:44 | INFO    | epoch 26 | batch 2520/3143 | loss 0.4292 | acc 0.9823 | lr 3.14e-05 | 200s
2026-09-20 14:15:46 | INFO    | epoch 26 | batch 2540/3143 | loss 0.4292 | acc 0.9823 | lr 3.13e-05 | 202s
2026-09-20 14:15:47 | INFO    | epoch 26 | batch 2560/3143 | loss 0.4293 | acc 0.9823 | lr 3.13e-05 | 203s
2026-09-20 14:15:49 | INFO    | epoch 26 | batch 2580/3143 | loss 0.4294 | acc 0.9823 | lr 3.13e-05 | 205s
2026-09-20 14:15:50 | INFO    | epoch 26 | batch 2600/3143 | loss 0.4294 | acc 0.9822 | lr 3.13e-05 | 206s
2026-09-20 14:15:52 | INFO    | epoch 26 | batch 2620/3143 | loss 0.4294 | acc 0.9822 | lr 3.12e-05 | 208s
2026-09-20 14:15:54 | INFO    | epoch 26 | batch 2640/3143 | loss 0.4294 | acc 0.9822 | lr 3.12e-05 | 209s
2026-09-20 14:15:55 | INFO    | epoch 26 | batch 2660/3143 | loss 0.4294 | acc 0.9822 | lr 3.12e-05 | 211s
2026-09-20 14:15:57 | INFO    | epoch 26 | batch 2680/3143 | loss 0.4293 | acc 0.9822 | lr 3.12e-05 | 213s
2026-09-20 14:15:58 | INFO    | epoch 26 | batch 2700/3143 | loss 0.4293 | acc 0.9823 | lr 3.11e-05 | 214s
2026-09-20 14:16:00 | INFO    | epoch 26 | batch 2720/3143 | loss 0.4293 | acc 0.9823 | lr 3.11e-05 | 216s
2026-09-20 14:16:02 | INFO    | epoch 26 | batch 2740/3143 | loss 0.4293 | acc 0.9823 | lr 3.11e-05 | 217s
2026-09-20 14:16:03 | INFO    | epoch 26 | batch 2760/3143 | loss 0.4294 | acc 0.9822 | lr 3.11e-05 | 219s
2026-09-20 14:16:05 | INFO    | epoch 26 | batch 2780/3143 | loss 0.4293 | acc 0.9823 | lr 3.10e-05 | 221s
2026-09-20 14:16:06 | INFO    | epoch 26 | batch 2800/3143 | loss 0.4293 | acc 0.9823 | lr 3.10e-05 | 222s
2026-09-20 14:16:08 | INFO    | epoch 26 | batch 2820/3143 | loss 0.4292 | acc 0.9823 | lr 3.10e-05 | 224s
2026-09-20 14:16:09 | INFO    | epoch 26 | batch 2840/3143 | loss 0.4293 | acc 0.9823 | lr 3.10e-05 | 225s
2026-09-20 14:16:11 | INFO    | epoch 26 | batch 2860/3143 | loss 0.4292 | acc 0.9823 | lr 3.10e-05 | 227s
2026-09-20 14:16:13 | INFO    | epoch 26 | batch 2880/3143 | loss 0.4292 | acc 0.9823 | lr 3.09e-05 | 228s
2026-09-20 14:16:14 | INFO    | epoch 26 | batch 2900/3143 | loss 0.4292 | acc 0.9823 | lr 3.09e-05 | 230s
2026-09-20 14:16:16 | INFO    | epoch 26 | batch 2920/3143 | loss 0.4293 | acc 0.9823 | lr 3.09e-05 | 232s
2026-09-20 14:16:17 | INFO    | epoch 26 | batch 2940/3143 | loss 0.4291 | acc 0.9823 | lr 3.09e-05 | 233s
2026-09-20 14:16:19 | INFO    | epoch 26 | batch 2960/3143 | loss 0.4292 | acc 0.9823 | lr 3.08e-05 | 235s
2026-09-20 14:16:21 | INFO    | epoch 26 | batch 2980/3143 | loss 0.4292 | acc 0.9823 | lr 3.08e-05 | 236s
2026-09-20 14:16:22 | INFO    | epoch 26 | batch 3000/3143 | loss 0.4292 | acc 0.9823 | lr 3.08e-05 | 238s
2026-09-20 14:16:24 | INFO    | epoch 26 | batch 3020/3143 | loss 0.4292 | acc 0.9823 | lr 3.08e-05 | 240s
2026-09-20 14:16:25 | INFO    | epoch 26 | batch 3040/3143 | loss 0.4292 | acc 0.9823 | lr 3.07e-05 | 241s
2026-09-20 14:16:27 | INFO    | epoch 26 | batch 3060/3143 | loss 0.4292 | acc 0.9823 | lr 3.07e-05 | 243s
2026-09-20 14:16:28 | INFO    | epoch 26 | batch 3080/3143 | loss 0.4293 | acc 0.9822 | lr 3.07e-05 | 244s
2026-09-20 14:16:30 | INFO    | epoch 26 | batch 3100/3143 | loss 0.4293 | acc 0.9822 | lr 3.07e-05 | 246s
2026-09-20 14:16:32 | INFO    | epoch 26 | batch 3120/3143 | loss 0.4292 | acc 0.9822 | lr 3.06e-05 | 248s
2026-09-20 14:16:33 | INFO    | epoch 26 | batch 3140/3143 | loss 0.4291 | acc 0.9823 | lr 3.06e-05 | 249s
2026-09-20 14:16:33 | INFO    | epoch 26 | batch 3143/3143 | loss 0.4291 | acc 0.9823 | lr 3.06e-05 | 249s
2026-09-20 14:16:45 | INFO    | epoch 26/40 done in 261s | train loss 0.4291 | train running patch (aug): accuracy=0.9823 precision=0.9821 recall=0.9816 f1=0.9818
2026-09-20 14:16:45 | INFO    | epoch 26 train (eval, no aug) | loss 0.3964 | patch[7280]: accuracy=0.9971 precision=0.9968 recall=0.9969 f1=0.9968 | image[455]: accuracy=1.0000 precision=1.0000 recall=1.0000 f1=1.0000
2026-09-20 14:16:45 | INFO    | epoch 26 val | loss 1.1683 | patch[6048]: accuracy=0.7016 precision=0.6776 recall=0.6788 f1=0.6776 | image[96]: accuracy=0.7812 precision=0.7494 recall=0.7500 f1=0.7492
2026-09-20 14:16:45 | INFO    | val_patch_f1 = 0.6776 (best 0.6811 @ epoch 23)
2026-09-20 14:16:47 | INFO    | epoch 27 | batch 20/3143 | loss 0.4202 | acc 0.9812 | lr 3.06e-05 | 2s
2026-09-20 14:16:48 | INFO    | epoch 27 | batch 40/3143 | loss 0.4174 | acc 0.9836 | lr 3.06e-05 | 3s
2026-09-20 14:16:50 | INFO    | epoch 27 | batch 60/3143 | loss 0.4210 | acc 0.9849 | lr 3.05e-05 | 5s
2026-09-20 14:16:51 | INFO    | epoch 27 | batch 80/3143 | loss 0.4221 | acc 0.9852 | lr 3.05e-05 | 6s
2026-09-20 14:16:53 | INFO    | epoch 27 | batch 100/3143 | loss 0.4191 | acc 0.9869 | lr 3.05e-05 | 8s
2026-09-20 14:16:54 | INFO    | epoch 27 | batch 120/3143 | loss 0.4191 | acc 0.9872 | lr 3.05e-05 | 10s
2026-09-20 14:16:56 | INFO    | epoch 27 | batch 140/3143 | loss 0.4196 | acc 0.9868 | lr 3.04e-05 | 11s
2026-09-20 14:16:58 | INFO    | epoch 27 | batch 160/3143 | loss 0.4193 | acc 0.9873 | lr 3.04e-05 | 13s
2026-09-20 14:16:59 | INFO    | epoch 27 | batch 180/3143 | loss 0.4185 | acc 0.9875 | lr 3.04e-05 | 14s
2026-09-20 14:17:01 | INFO    | epoch 27 | batch 200/3143 | loss 0.4195 | acc 0.9875 | lr 3.04e-05 | 16s
2026-09-20 14:17:02 | INFO    | epoch 27 | batch 220/3143 | loss 0.4202 | acc 0.9871 | lr 3.04e-05 | 17s
2026-09-20 14:17:04 | INFO    | epoch 27 | batch 240/3143 | loss 0.4196 | acc 0.9874 | lr 3.03e-05 | 19s
2026-09-20 14:17:05 | INFO    | epoch 27 | batch 260/3143 | loss 0.4194 | acc 0.9875 | lr 3.03e-05 | 21s
2026-09-20 14:17:07 | INFO    | epoch 27 | batch 280/3143 | loss 0.4197 | acc 0.9875 | lr 3.03e-05 | 22s
2026-09-20 14:17:09 | INFO    | epoch 27 | batch 300/3143 | loss 0.4212 | acc 0.9867 | lr 3.03e-05 | 24s
2026-09-20 14:17:10 | INFO    | epoch 27 | batch 320/3143 | loss 0.4218 | acc 0.9863 | lr 3.02e-05 | 25s
2026-09-20 14:17:12 | INFO    | epoch 27 | batch 340/3143 | loss 0.4223 | acc 0.9858 | lr 3.02e-05 | 27s
2026-09-20 14:17:13 | INFO    | epoch 27 | batch 360/3143 | loss 0.4221 | acc 0.9859 | lr 3.02e-05 | 29s
2026-09-20 14:17:15 | INFO    | epoch 27 | batch 380/3143 | loss 0.4223 | acc 0.9856 | lr 3.02e-05 | 30s
2026-09-20 14:17:17 | INFO    | epoch 27 | batch 400/3143 | loss 0.4218 | acc 0.9859 | lr 3.01e-05 | 32s
2026-09-20 14:17:18 | INFO    | epoch 27 | batch 420/3143 | loss 0.4221 | acc 0.9857 | lr 3.01e-05 | 33s
2026-09-20 14:17:20 | INFO    | epoch 27 | batch 440/3143 | loss 0.4222 | acc 0.9857 | lr 3.01e-05 | 35s
2026-09-20 14:17:21 | INFO    | epoch 27 | batch 460/3143 | loss 0.4221 | acc 0.9859 | lr 3.01e-05 | 36s
2026-09-20 14:17:23 | INFO    | epoch 27 | batch 480/3143 | loss 0.4227 | acc 0.9855 | lr 3.00e-05 | 38s
2026-09-20 14:17:25 | INFO    | epoch 27 | batch 500/3143 | loss 0.4221 | acc 0.9859 | lr 3.00e-05 | 40s
2026-09-20 14:17:26 | INFO    | epoch 27 | batch 520/3143 | loss 0.4219 | acc 0.9859 | lr 3.00e-05 | 41s
2026-09-20 14:17:28 | INFO    | epoch 27 | batch 540/3143 | loss 0.4221 | acc 0.9859 | lr 3.00e-05 | 43s
2026-09-20 14:17:29 | INFO    | epoch 27 | batch 560/3143 | loss 0.4218 | acc 0.9860 | lr 3.00e-05 | 44s
2026-09-20 14:17:31 | INFO    | epoch 27 | batch 580/3143 | loss 0.4215 | acc 0.9862 | lr 2.99e-05 | 46s
2026-09-20 14:17:32 | INFO    | epoch 27 | batch 600/3143 | loss 0.4218 | acc 0.9860 | lr 2.99e-05 | 48s
2026-09-20 14:17:34 | INFO    | epoch 27 | batch 620/3143 | loss 0.4218 | acc 0.9861 | lr 2.99e-05 | 49s
2026-09-20 14:17:36 | INFO    | epoch 27 | batch 640/3143 | loss 0.4221 | acc 0.9859 | lr 2.99e-05 | 51s
2026-09-20 14:17:37 | INFO    | epoch 27 | batch 660/3143 | loss 0.4221 | acc 0.9857 | lr 2.98e-05 | 52s
2026-09-20 14:17:39 | INFO    | epoch 27 | batch 680/3143 | loss 0.4228 | acc 0.9852 | lr 2.98e-05 | 54s
2026-09-20 14:17:40 | INFO    | epoch 27 | batch 700/3143 | loss 0.4229 | acc 0.9852 | lr 2.98e-05 | 55s
2026-09-20 14:17:42 | INFO    | epoch 27 | batch 720/3143 | loss 0.4227 | acc 0.9853 | lr 2.98e-05 | 57s
2026-09-20 14:17:44 | INFO    | epoch 27 | batch 740/3143 | loss 0.4230 | acc 0.9852 | lr 2.97e-05 | 59s
2026-09-20 14:17:45 | INFO    | epoch 27 | batch 760/3143 | loss 0.4233 | acc 0.9851 | lr 2.97e-05 | 60s
2026-09-20 14:17:47 | INFO    | epoch 27 | batch 780/3143 | loss 0.4236 | acc 0.9850 | lr 2.97e-05 | 62s
2026-09-20 14:17:48 | INFO    | epoch 27 | batch 800/3143 | loss 0.4238 | acc 0.9848 | lr 2.97e-05 | 63s
2026-09-20 14:17:50 | INFO    | epoch 27 | batch 820/3143 | loss 0.4237 | acc 0.9849 | lr 2.96e-05 | 65s
2026-09-20 14:17:51 | INFO    | epoch 27 | batch 840/3143 | loss 0.4235 | acc 0.9850 | lr 2.96e-05 | 67s
2026-09-20 14:17:53 | INFO    | epoch 27 | batch 860/3143 | loss 0.4235 | acc 0.9851 | lr 2.96e-05 | 68s
2026-09-20 14:17:55 | INFO    | epoch 27 | batch 880/3143 | loss 0.4234 | acc 0.9851 | lr 2.96e-05 | 70s
2026-09-20 14:17:56 | INFO    | epoch 27 | batch 900/3143 | loss 0.4236 | acc 0.9851 | lr 2.95e-05 | 71s
2026-09-20 14:17:58 | INFO    | epoch 27 | batch 920/3143 | loss 0.4236 | acc 0.9851 | lr 2.95e-05 | 73s
2026-09-20 14:17:59 | INFO    | epoch 27 | batch 940/3143 | loss 0.4236 | acc 0.9850 | lr 2.95e-05 | 75s
2026-09-20 14:18:01 | INFO    | epoch 27 | batch 960/3143 | loss 0.4236 | acc 0.9851 | lr 2.95e-05 | 76s
2026-09-20 14:18:03 | INFO    | epoch 27 | batch 980/3143 | loss 0.4235 | acc 0.9850 | lr 2.95e-05 | 78s
2026-09-20 14:18:04 | INFO    | epoch 27 | batch 1000/3143 | loss 0.4235 | acc 0.9851 | lr 2.94e-05 | 79s
2026-09-20 14:18:06 | INFO    | epoch 27 | batch 1020/3143 | loss 0.4235 | acc 0.9850 | lr 2.94e-05 | 81s
2026-09-20 14:18:07 | INFO    | epoch 27 | batch 1040/3143 | loss 0.4234 | acc 0.9851 | lr 2.94e-05 | 82s
2026-09-20 14:18:09 | INFO    | epoch 27 | batch 1060/3143 | loss 0.4232 | acc 0.9852 | lr 2.94e-05 | 84s
2026-09-20 14:18:11 | INFO    | epoch 27 | batch 1080/3143 | loss 0.4232 | acc 0.9852 | lr 2.93e-05 | 86s
2026-09-20 14:18:12 | INFO    | epoch 27 | batch 1100/3143 | loss 0.4233 | acc 0.9851 | lr 2.93e-05 | 87s
2026-09-20 14:18:14 | INFO    | epoch 27 | batch 1120/3143 | loss 0.4234 | acc 0.9851 | lr 2.93e-05 | 89s
2026-09-20 14:18:15 | INFO    | epoch 27 | batch 1140/3143 | loss 0.4234 | acc 0.9852 | lr 2.93e-05 | 90s
2026-09-20 14:18:17 | INFO    | epoch 27 | batch 1160/3143 | loss 0.4236 | acc 0.9851 | lr 2.92e-05 | 92s
2026-09-20 14:18:18 | INFO    | epoch 27 | batch 1180/3143 | loss 0.4237 | acc 0.9851 | lr 2.92e-05 | 94s
2026-09-20 14:18:20 | INFO    | epoch 27 | batch 1200/3143 | loss 0.4235 | acc 0.9852 | lr 2.92e-05 | 95s
2026-09-20 14:18:22 | INFO    | epoch 27 | batch 1220/3143 | loss 0.4235 | acc 0.9852 | lr 2.92e-05 | 97s
2026-09-20 14:18:23 | INFO    | epoch 27 | batch 1240/3143 | loss 0.4235 | acc 0.9852 | lr 2.91e-05 | 98s
2026-09-20 14:18:25 | INFO    | epoch 27 | batch 1260/3143 | loss 0.4237 | acc 0.9851 | lr 2.91e-05 | 100s
2026-09-20 14:18:26 | INFO    | epoch 27 | batch 1280/3143 | loss 0.4239 | acc 0.9850 | lr 2.91e-05 | 102s
2026-09-20 14:18:28 | INFO    | epoch 27 | batch 1300/3143 | loss 0.4241 | acc 0.9849 | lr 2.91e-05 | 103s
2026-09-20 14:18:29 | INFO    | epoch 27 | batch 1320/3143 | loss 0.4239 | acc 0.9849 | lr 2.91e-05 | 105s
2026-09-20 14:18:31 | INFO    | epoch 27 | batch 1340/3143 | loss 0.4240 | acc 0.9849 | lr 2.90e-05 | 106s
2026-09-20 14:18:33 | INFO    | epoch 27 | batch 1360/3143 | loss 0.4238 | acc 0.9850 | lr 2.90e-05 | 108s
2026-09-20 14:18:34 | INFO    | epoch 27 | batch 1380/3143 | loss 0.4236 | acc 0.9851 | lr 2.90e-05 | 109s
2026-09-20 14:18:36 | INFO    | epoch 27 | batch 1400/3143 | loss 0.4235 | acc 0.9852 | lr 2.90e-05 | 111s
2026-09-20 14:18:37 | INFO    | epoch 27 | batch 1420/3143 | loss 0.4235 | acc 0.9851 | lr 2.89e-05 | 113s
2026-09-20 14:18:39 | INFO    | epoch 27 | batch 1440/3143 | loss 0.4237 | acc 0.9850 | lr 2.89e-05 | 114s
2026-09-20 14:18:41 | INFO    | epoch 27 | batch 1460/3143 | loss 0.4237 | acc 0.9850 | lr 2.89e-05 | 116s
2026-09-20 14:18:42 | INFO    | epoch 27 | batch 1480/3143 | loss 0.4238 | acc 0.9849 | lr 2.89e-05 | 117s
2026-09-20 14:18:44 | INFO    | epoch 27 | batch 1500/3143 | loss 0.4238 | acc 0.9850 | lr 2.88e-05 | 119s
2026-09-20 14:18:45 | INFO    | epoch 27 | batch 1520/3143 | loss 0.4239 | acc 0.9849 | lr 2.88e-05 | 120s
2026-09-20 14:18:47 | INFO    | epoch 27 | batch 1540/3143 | loss 0.4238 | acc 0.9849 | lr 2.88e-05 | 122s
2026-09-20 14:18:48 | INFO    | epoch 27 | batch 1560/3143 | loss 0.4239 | acc 0.9850 | lr 2.88e-05 | 124s
2026-09-20 14:18:50 | INFO    | epoch 27 | batch 1580/3143 | loss 0.4240 | acc 0.9849 | lr 2.87e-05 | 125s
2026-09-20 14:18:52 | INFO    | epoch 27 | batch 1600/3143 | loss 0.4240 | acc 0.9850 | lr 2.87e-05 | 127s
2026-09-20 14:18:53 | INFO    | epoch 27 | batch 1620/3143 | loss 0.4240 | acc 0.9850 | lr 2.87e-05 | 128s
2026-09-20 14:18:55 | INFO    | epoch 27 | batch 1640/3143 | loss 0.4239 | acc 0.9850 | lr 2.87e-05 | 130s
2026-09-20 14:18:56 | INFO    | epoch 27 | batch 1660/3143 | loss 0.4238 | acc 0.9851 | lr 2.87e-05 | 132s
2026-09-20 14:18:58 | INFO    | epoch 27 | batch 1680/3143 | loss 0.4239 | acc 0.9850 | lr 2.86e-05 | 133s
2026-09-20 14:19:00 | INFO    | epoch 27 | batch 1700/3143 | loss 0.4239 | acc 0.9850 | lr 2.86e-05 | 135s
2026-09-20 14:19:01 | INFO    | epoch 27 | batch 1720/3143 | loss 0.4239 | acc 0.9850 | lr 2.86e-05 | 136s
2026-09-20 14:19:03 | INFO    | epoch 27 | batch 1740/3143 | loss 0.4239 | acc 0.9850 | lr 2.86e-05 | 138s
2026-09-20 14:19:04 | INFO    | epoch 27 | batch 1760/3143 | loss 0.4240 | acc 0.9850 | lr 2.85e-05 | 140s
2026-09-20 14:19:06 | INFO    | epoch 27 | batch 1780/3143 | loss 0.4239 | acc 0.9851 | lr 2.85e-05 | 141s
2026-09-20 14:19:08 | INFO    | epoch 27 | batch 1800/3143 | loss 0.4237 | acc 0.9851 | lr 2.85e-05 | 143s
2026-09-20 14:19:09 | INFO    | epoch 27 | batch 1820/3143 | loss 0.4238 | acc 0.9851 | lr 2.85e-05 | 144s
2026-09-20 14:19:11 | INFO    | epoch 27 | batch 1840/3143 | loss 0.4238 | acc 0.9851 | lr 2.84e-05 | 146s
2026-09-20 14:19:12 | INFO    | epoch 27 | batch 1860/3143 | loss 0.4239 | acc 0.9850 | lr 2.84e-05 | 148s
2026-09-20 14:19:14 | INFO    | epoch 27 | batch 1880/3143 | loss 0.4240 | acc 0.9849 | lr 2.84e-05 | 149s
2026-09-20 14:19:16 | INFO    | epoch 27 | batch 1900/3143 | loss 0.4240 | acc 0.9849 | lr 2.84e-05 | 151s
2026-09-20 14:19:17 | INFO    | epoch 27 | batch 1920/3143 | loss 0.4242 | acc 0.9848 | lr 2.84e-05 | 152s
2026-09-20 14:19:19 | INFO    | epoch 27 | batch 1940/3143 | loss 0.4243 | acc 0.9848 | lr 2.83e-05 | 154s
2026-09-20 14:19:20 | INFO    | epoch 27 | batch 1960/3143 | loss 0.4242 | acc 0.9849 | lr 2.83e-05 | 156s
2026-09-20 14:19:22 | INFO    | epoch 27 | batch 1980/3143 | loss 0.4241 | acc 0.9849 | lr 2.83e-05 | 157s
2026-09-20 14:19:24 | INFO    | epoch 27 | batch 2000/3143 | loss 0.4241 | acc 0.9849 | lr 2.83e-05 | 159s
2026-09-20 14:19:25 | INFO    | epoch 27 | batch 2020/3143 | loss 0.4242 | acc 0.9849 | lr 2.82e-05 | 160s
2026-09-20 14:19:27 | INFO    | epoch 27 | batch 2040/3143 | loss 0.4243 | acc 0.9848 | lr 2.82e-05 | 162s
2026-09-20 14:19:28 | INFO    | epoch 27 | batch 2060/3143 | loss 0.4243 | acc 0.9848 | lr 2.82e-05 | 164s
2026-09-20 14:19:30 | INFO    | epoch 27 | batch 2080/3143 | loss 0.4243 | acc 0.9848 | lr 2.82e-05 | 165s
2026-09-20 14:19:32 | INFO    | epoch 27 | batch 2100/3143 | loss 0.4242 | acc 0.9849 | lr 2.81e-05 | 167s
2026-09-20 14:19:33 | INFO    | epoch 27 | batch 2120/3143 | loss 0.4241 | acc 0.9850 | lr 2.81e-05 | 168s
2026-09-20 14:19:35 | INFO    | epoch 27 | batch 2140/3143 | loss 0.4242 | acc 0.9849 | lr 2.81e-05 | 170s
2026-09-20 14:19:36 | INFO    | epoch 27 | batch 2160/3143 | loss 0.4243 | acc 0.9849 | lr 2.81e-05 | 172s
2026-09-20 14:19:38 | INFO    | epoch 27 | batch 2180/3143 | loss 0.4244 | acc 0.9849 | lr 2.81e-05 | 173s
2026-09-20 14:19:40 | INFO    | epoch 27 | batch 2200/3143 | loss 0.4245 | acc 0.9848 | lr 2.80e-05 | 175s
2026-09-20 14:19:41 | INFO    | epoch 27 | batch 2220/3143 | loss 0.4244 | acc 0.9848 | lr 2.80e-05 | 176s
2026-09-20 14:19:43 | INFO    | epoch 27 | batch 2240/3143 | loss 0.4243 | acc 0.9848 | lr 2.80e-05 | 178s
2026-09-20 14:19:44 | INFO    | epoch 27 | batch 2260/3143 | loss 0.4244 | acc 0.9848 | lr 2.80e-05 | 179s
2026-09-20 14:19:46 | INFO    | epoch 27 | batch 2280/3143 | loss 0.4244 | acc 0.9848 | lr 2.79e-05 | 181s
2026-09-20 14:19:48 | INFO    | epoch 27 | batch 2300/3143 | loss 0.4243 | acc 0.9848 | lr 2.79e-05 | 183s
2026-09-20 14:19:49 | INFO    | epoch 27 | batch 2320/3143 | loss 0.4242 | acc 0.9849 | lr 2.79e-05 | 184s
2026-09-20 14:19:51 | INFO    | epoch 27 | batch 2340/3143 | loss 0.4242 | acc 0.9848 | lr 2.79e-05 | 186s
2026-09-20 14:19:52 | INFO    | epoch 27 | batch 2360/3143 | loss 0.4242 | acc 0.9849 | lr 2.78e-05 | 187s
2026-09-20 14:19:54 | INFO    | epoch 27 | batch 2380/3143 | loss 0.4242 | acc 0.9848 | lr 2.78e-05 | 189s
2026-09-20 14:19:56 | INFO    | epoch 27 | batch 2400/3143 | loss 0.4242 | acc 0.9848 | lr 2.78e-05 | 191s
2026-09-20 14:19:57 | INFO    | epoch 27 | batch 2420/3143 | loss 0.4242 | acc 0.9849 | lr 2.78e-05 | 192s
2026-09-20 14:19:59 | INFO    | epoch 27 | batch 2440/3143 | loss 0.4242 | acc 0.9848 | lr 2.77e-05 | 194s
2026-09-20 14:20:00 | INFO    | epoch 27 | batch 2460/3143 | loss 0.4241 | acc 0.9849 | lr 2.77e-05 | 195s
2026-09-20 14:20:02 | INFO    | epoch 27 | batch 2480/3143 | loss 0.4241 | acc 0.9849 | lr 2.77e-05 | 197s
2026-09-20 14:20:04 | INFO    | epoch 27 | batch 2500/3143 | loss 0.4241 | acc 0.9849 | lr 2.77e-05 | 199s
2026-09-20 14:20:05 | INFO    | epoch 27 | batch 2520/3143 | loss 0.4241 | acc 0.9849 | lr 2.77e-05 | 200s
2026-09-20 14:20:07 | INFO    | epoch 27 | batch 2540/3143 | loss 0.4241 | acc 0.9849 | lr 2.76e-05 | 202s
2026-09-20 14:20:08 | INFO    | epoch 27 | batch 2560/3143 | loss 0.4241 | acc 0.9849 | lr 2.76e-05 | 203s
2026-09-20 14:20:10 | INFO    | epoch 27 | batch 2580/3143 | loss 0.4241 | acc 0.9849 | lr 2.76e-05 | 205s
2026-09-20 14:20:11 | INFO    | epoch 27 | batch 2600/3143 | loss 0.4242 | acc 0.9849 | lr 2.76e-05 | 207s
2026-09-20 14:20:13 | INFO    | epoch 27 | batch 2620/3143 | loss 0.4241 | acc 0.9849 | lr 2.75e-05 | 208s
2026-09-20 14:20:15 | INFO    | epoch 27 | batch 2640/3143 | loss 0.4242 | acc 0.9849 | lr 2.75e-05 | 210s
2026-09-20 14:20:16 | INFO    | epoch 27 | batch 2660/3143 | loss 0.4243 | acc 0.9849 | lr 2.75e-05 | 211s
2026-09-20 14:20:18 | INFO    | epoch 27 | batch 2680/3143 | loss 0.4243 | acc 0.9848 | lr 2.75e-05 | 213s
2026-09-20 14:20:19 | INFO    | epoch 27 | batch 2700/3143 | loss 0.4243 | acc 0.9849 | lr 2.74e-05 | 215s
2026-09-20 14:20:21 | INFO    | epoch 27 | batch 2720/3143 | loss 0.4243 | acc 0.9849 | lr 2.74e-05 | 216s
2026-09-20 14:20:23 | INFO    | epoch 27 | batch 2740/3143 | loss 0.4242 | acc 0.9849 | lr 2.74e-05 | 218s
2026-09-20 14:20:24 | INFO    | epoch 27 | batch 2760/3143 | loss 0.4241 | acc 0.9850 | lr 2.74e-05 | 219s
2026-09-20 14:20:26 | INFO    | epoch 27 | batch 2780/3143 | loss 0.4242 | acc 0.9849 | lr 2.74e-05 | 221s
2026-09-20 14:20:27 | INFO    | epoch 27 | batch 2800/3143 | loss 0.4241 | acc 0.9850 | lr 2.73e-05 | 223s
2026-09-20 14:20:29 | INFO    | epoch 27 | batch 2820/3143 | loss 0.4241 | acc 0.9850 | lr 2.73e-05 | 224s
2026-09-20 14:20:31 | INFO    | epoch 27 | batch 2840/3143 | loss 0.4241 | acc 0.9850 | lr 2.73e-05 | 226s
2026-09-20 14:20:32 | INFO    | epoch 27 | batch 2860/3143 | loss 0.4240 | acc 0.9850 | lr 2.73e-05 | 227s
2026-09-20 14:20:34 | INFO    | epoch 27 | batch 2880/3143 | loss 0.4241 | acc 0.9850 | lr 2.72e-05 | 229s
2026-09-20 14:20:35 | INFO    | epoch 27 | batch 2900/3143 | loss 0.4242 | acc 0.9849 | lr 2.72e-05 | 231s
2026-09-20 14:20:37 | INFO    | epoch 27 | batch 2920/3143 | loss 0.4241 | acc 0.9850 | lr 2.72e-05 | 232s
2026-09-20 14:20:39 | INFO    | epoch 27 | batch 2940/3143 | loss 0.4241 | acc 0.9850 | lr 2.72e-05 | 234s
2026-09-20 14:20:40 | INFO    | epoch 27 | batch 2960/3143 | loss 0.4241 | acc 0.9850 | lr 2.72e-05 | 235s
2026-09-20 14:20:42 | INFO    | epoch 27 | batch 2980/3143 | loss 0.4241 | acc 0.9850 | lr 2.71e-05 | 237s
2026-09-20 14:20:43 | INFO    | epoch 27 | batch 3000/3143 | loss 0.4240 | acc 0.9850 | lr 2.71e-05 | 239s
2026-09-20 14:20:45 | INFO    | epoch 27 | batch 3020/3143 | loss 0.4240 | acc 0.9850 | lr 2.71e-05 | 240s
2026-09-20 14:20:47 | INFO    | epoch 27 | batch 3040/3143 | loss 0.4239 | acc 0.9850 | lr 2.71e-05 | 242s
2026-09-20 14:20:48 | INFO    | epoch 27 | batch 3060/3143 | loss 0.4241 | acc 0.9850 | lr 2.70e-05 | 243s
2026-09-20 14:20:50 | INFO    | epoch 27 | batch 3080/3143 | loss 0.4241 | acc 0.9850 | lr 2.70e-05 | 245s
2026-09-20 14:20:51 | INFO    | epoch 27 | batch 3100/3143 | loss 0.4242 | acc 0.9849 | lr 2.70e-05 | 247s
2026-09-20 14:20:53 | INFO    | epoch 27 | batch 3120/3143 | loss 0.4242 | acc 0.9849 | lr 2.70e-05 | 248s
2026-09-20 14:20:55 | INFO    | epoch 27 | batch 3140/3143 | loss 0.4243 | acc 0.9849 | lr 2.69e-05 | 250s
2026-09-20 14:20:55 | INFO    | epoch 27 | batch 3143/3143 | loss 0.4243 | acc 0.9849 | lr 2.69e-05 | 250s
2026-09-20 14:21:06 | INFO    | epoch 27/40 done in 261s | train loss 0.4243 | train running patch (aug): accuracy=0.9849 precision=0.9847 recall=0.9842 f1=0.9845
2026-09-20 14:21:06 | INFO    | epoch 27 train (eval, no aug) | loss 0.3960 | patch[7280]: accuracy=0.9977 precision=0.9975 recall=0.9976 f1=0.9975 | image[455]: accuracy=1.0000 precision=1.0000 recall=1.0000 f1=1.0000
2026-09-20 14:21:06 | INFO    | epoch 27 val | loss 1.1527 | patch[6048]: accuracy=0.7062 precision=0.6778 recall=0.6782 f1=0.6777 | image[96]: accuracy=0.7604 precision=0.7333 recall=0.7304 f1=0.7314
2026-09-20 14:21:06 | INFO    | val_patch_f1 = 0.6777 (best 0.6811 @ epoch 23)
2026-09-20 14:21:08 | INFO    | epoch 28 | batch 20/3143 | loss 0.4211 | acc 0.9844 | lr 2.69e-05 | 2s
2026-09-20 14:21:10 | INFO    | epoch 28 | batch 40/3143 | loss 0.4218 | acc 0.9852 | lr 2.69e-05 | 3s
2026-09-20 14:21:11 | INFO    | epoch 28 | batch 60/3143 | loss 0.4218 | acc 0.9839 | lr 2.69e-05 | 5s
2026-09-20 14:21:13 | INFO    | epoch 28 | batch 80/3143 | loss 0.4235 | acc 0.9836 | lr 2.68e-05 | 6s
2026-09-20 14:21:14 | INFO    | epoch 28 | batch 100/3143 | loss 0.4243 | acc 0.9834 | lr 2.68e-05 | 8s
2026-09-20 14:21:16 | INFO    | epoch 28 | batch 120/3143 | loss 0.4233 | acc 0.9844 | lr 2.68e-05 | 10s
2026-09-20 14:21:18 | INFO    | epoch 28 | batch 140/3143 | loss 0.4247 | acc 0.9842 | lr 2.68e-05 | 11s
2026-09-20 14:21:19 | INFO    | epoch 28 | batch 160/3143 | loss 0.4236 | acc 0.9844 | lr 2.68e-05 | 13s
2026-09-20 14:21:21 | INFO    | epoch 28 | batch 180/3143 | loss 0.4219 | acc 0.9854 | lr 2.67e-05 | 14s
2026-09-20 14:21:22 | INFO    | epoch 28 | batch 200/3143 | loss 0.4213 | acc 0.9859 | lr 2.67e-05 | 16s
2026-09-20 14:21:24 | INFO    | epoch 28 | batch 220/3143 | loss 0.4220 | acc 0.9858 | lr 2.67e-05 | 18s
2026-09-20 14:21:25 | INFO    | epoch 28 | batch 240/3143 | loss 0.4212 | acc 0.9859 | lr 2.67e-05 | 19s
2026-09-20 14:21:27 | INFO    | epoch 28 | batch 260/3143 | loss 0.4208 | acc 0.9863 | lr 2.66e-05 | 21s
2026-09-20 14:21:29 | INFO    | epoch 28 | batch 280/3143 | loss 0.4210 | acc 0.9860 | lr 2.66e-05 | 22s
2026-09-20 14:21:30 | INFO    | epoch 28 | batch 300/3143 | loss 0.4208 | acc 0.9860 | lr 2.66e-05 | 24s
2026-09-20 14:21:32 | INFO    | epoch 28 | batch 320/3143 | loss 0.4197 | acc 0.9864 | lr 2.66e-05 | 25s
2026-09-20 14:21:33 | INFO    | epoch 28 | batch 340/3143 | loss 0.4196 | acc 0.9867 | lr 2.66e-05 | 27s
2026-09-20 14:21:35 | INFO    | epoch 28 | batch 360/3143 | loss 0.4206 | acc 0.9861 | lr 2.65e-05 | 29s
2026-09-20 14:21:37 | INFO    | epoch 28 | batch 380/3143 | loss 0.4210 | acc 0.9859 | lr 2.65e-05 | 30s
2026-09-20 14:21:38 | INFO    | epoch 28 | batch 400/3143 | loss 0.4212 | acc 0.9859 | lr 2.65e-05 | 32s
2026-09-20 14:21:40 | INFO    | epoch 28 | batch 420/3143 | loss 0.4209 | acc 0.9861 | lr 2.65e-05 | 33s
2026-09-20 14:21:41 | INFO    | epoch 28 | batch 440/3143 | loss 0.4206 | acc 0.9863 | lr 2.64e-05 | 35s
2026-09-20 14:21:43 | INFO    | epoch 28 | batch 460/3143 | loss 0.4205 | acc 0.9863 | lr 2.64e-05 | 37s
2026-09-20 14:21:44 | INFO    | epoch 28 | batch 480/3143 | loss 0.4209 | acc 0.9862 | lr 2.64e-05 | 38s
2026-09-20 14:21:46 | INFO    | epoch 28 | batch 500/3143 | loss 0.4211 | acc 0.9862 | lr 2.64e-05 | 40s
2026-09-20 14:21:48 | INFO    | epoch 28 | batch 520/3143 | loss 0.4211 | acc 0.9860 | lr 2.63e-05 | 41s
2026-09-20 14:21:49 | INFO    | epoch 28 | batch 540/3143 | loss 0.4214 | acc 0.9858 | lr 2.63e-05 | 43s
2026-09-20 14:21:51 | INFO    | epoch 28 | batch 560/3143 | loss 0.4216 | acc 0.9857 | lr 2.63e-05 | 45s
2026-09-20 14:21:52 | INFO    | epoch 28 | batch 580/3143 | loss 0.4214 | acc 0.9857 | lr 2.63e-05 | 46s
2026-09-20 14:21:54 | INFO    | epoch 28 | batch 600/3143 | loss 0.4215 | acc 0.9857 | lr 2.63e-05 | 48s
2026-09-20 14:21:56 | INFO    | epoch 28 | batch 620/3143 | loss 0.4214 | acc 0.9858 | lr 2.62e-05 | 49s
2026-09-20 14:21:57 | INFO    | epoch 28 | batch 640/3143 | loss 0.4212 | acc 0.9859 | lr 2.62e-05 | 51s
2026-09-20 14:21:59 | INFO    | epoch 28 | batch 660/3143 | loss 0.4212 | acc 0.9859 | lr 2.62e-05 | 53s
2026-09-20 14:22:00 | INFO    | epoch 28 | batch 680/3143 | loss 0.4211 | acc 0.9859 | lr 2.62e-05 | 54s
2026-09-20 14:22:02 | INFO    | epoch 28 | batch 700/3143 | loss 0.4216 | acc 0.9857 | lr 2.61e-05 | 56s
2026-09-20 14:22:04 | INFO    | epoch 28 | batch 720/3143 | loss 0.4217 | acc 0.9856 | lr 2.61e-05 | 57s
2026-09-20 14:22:05 | INFO    | epoch 28 | batch 740/3143 | loss 0.4217 | acc 0.9856 | lr 2.61e-05 | 59s
2026-09-20 14:22:07 | INFO    | epoch 28 | batch 760/3143 | loss 0.4214 | acc 0.9857 | lr 2.61e-05 | 60s
2026-09-20 14:22:08 | INFO    | epoch 28 | batch 780/3143 | loss 0.4217 | acc 0.9857 | lr 2.61e-05 | 62s
2026-09-20 14:22:10 | INFO    | epoch 28 | batch 800/3143 | loss 0.4219 | acc 0.9856 | lr 2.60e-05 | 64s
2026-09-20 14:22:12 | INFO    | epoch 28 | batch 820/3143 | loss 0.4218 | acc 0.9856 | lr 2.60e-05 | 65s
2026-09-20 14:22:13 | INFO    | epoch 28 | batch 840/3143 | loss 0.4216 | acc 0.9858 | lr 2.60e-05 | 67s
2026-09-20 14:22:15 | INFO    | epoch 28 | batch 860/3143 | loss 0.4214 | acc 0.9858 | lr 2.60e-05 | 68s
2026-09-20 14:22:16 | INFO    | epoch 28 | batch 880/3143 | loss 0.4214 | acc 0.9859 | lr 2.59e-05 | 70s
2026-09-20 14:22:18 | INFO    | epoch 28 | batch 900/3143 | loss 0.4214 | acc 0.9859 | lr 2.59e-05 | 72s
2026-09-20 14:22:19 | INFO    | epoch 28 | batch 920/3143 | loss 0.4214 | acc 0.9860 | lr 2.59e-05 | 73s
2026-09-20 14:22:21 | INFO    | epoch 28 | batch 940/3143 | loss 0.4214 | acc 0.9860 | lr 2.59e-05 | 75s
2026-09-20 14:22:23 | INFO    | epoch 28 | batch 960/3143 | loss 0.4211 | acc 0.9862 | lr 2.58e-05 | 76s
2026-09-20 14:22:24 | INFO    | epoch 28 | batch 980/3143 | loss 0.4213 | acc 0.9861 | lr 2.58e-05 | 78s
2026-09-20 14:22:26 | INFO    | epoch 28 | batch 1000/3143 | loss 0.4214 | acc 0.9860 | lr 2.58e-05 | 79s
2026-09-20 14:22:27 | INFO    | epoch 28 | batch 1020/3143 | loss 0.4214 | acc 0.9860 | lr 2.58e-05 | 81s
2026-09-20 14:22:29 | INFO    | epoch 28 | batch 1040/3143 | loss 0.4212 | acc 0.9861 | lr 2.58e-05 | 83s
2026-09-20 14:22:30 | INFO    | epoch 28 | batch 1060/3143 | loss 0.4212 | acc 0.9861 | lr 2.57e-05 | 84s
2026-09-20 14:22:32 | INFO    | epoch 28 | batch 1080/3143 | loss 0.4214 | acc 0.9860 | lr 2.57e-05 | 86s
2026-09-20 14:22:34 | INFO    | epoch 28 | batch 1100/3143 | loss 0.4216 | acc 0.9858 | lr 2.57e-05 | 87s
2026-09-20 14:22:35 | INFO    | epoch 28 | batch 1120/3143 | loss 0.4220 | acc 0.9856 | lr 2.57e-05 | 89s
2026-09-20 14:22:37 | INFO    | epoch 28 | batch 1140/3143 | loss 0.4222 | acc 0.9856 | lr 2.56e-05 | 90s
2026-09-20 14:22:38 | INFO    | epoch 28 | batch 1160/3143 | loss 0.4222 | acc 0.9856 | lr 2.56e-05 | 92s
2026-09-20 14:22:40 | INFO    | epoch 28 | batch 1180/3143 | loss 0.4220 | acc 0.9857 | lr 2.56e-05 | 94s
2026-09-20 14:22:42 | INFO    | epoch 28 | batch 1200/3143 | loss 0.4220 | acc 0.9858 | lr 2.56e-05 | 95s
2026-09-20 14:22:43 | INFO    | epoch 28 | batch 1220/3143 | loss 0.4221 | acc 0.9857 | lr 2.56e-05 | 97s
2026-09-20 14:22:45 | INFO    | epoch 28 | batch 1240/3143 | loss 0.4220 | acc 0.9856 | lr 2.55e-05 | 98s
2026-09-20 14:22:46 | INFO    | epoch 28 | batch 1260/3143 | loss 0.4220 | acc 0.9856 | lr 2.55e-05 | 100s
2026-09-20 14:22:48 | INFO    | epoch 28 | batch 1280/3143 | loss 0.4220 | acc 0.9857 | lr 2.55e-05 | 101s
2026-09-20 14:22:49 | INFO    | epoch 28 | batch 1300/3143 | loss 0.4220 | acc 0.9857 | lr 2.55e-05 | 103s
2026-09-20 14:22:51 | INFO    | epoch 28 | batch 1320/3143 | loss 0.4221 | acc 0.9857 | lr 2.54e-05 | 105s
2026-09-20 14:22:53 | INFO    | epoch 28 | batch 1340/3143 | loss 0.4220 | acc 0.9858 | lr 2.54e-05 | 106s
2026-09-20 14:22:54 | INFO    | epoch 28 | batch 1360/3143 | loss 0.4220 | acc 0.9858 | lr 2.54e-05 | 108s
2026-09-20 14:22:56 | INFO    | epoch 28 | batch 1380/3143 | loss 0.4221 | acc 0.9858 | lr 2.54e-05 | 109s
2026-09-20 14:22:57 | INFO    | epoch 28 | batch 1400/3143 | loss 0.4221 | acc 0.9858 | lr 2.54e-05 | 111s
2026-09-20 14:22:59 | INFO    | epoch 28 | batch 1420/3143 | loss 0.4220 | acc 0.9858 | lr 2.53e-05 | 113s
2026-09-20 14:23:00 | INFO    | epoch 28 | batch 1440/3143 | loss 0.4220 | acc 0.9858 | lr 2.53e-05 | 114s
2026-09-20 14:23:02 | INFO    | epoch 28 | batch 1460/3143 | loss 0.4222 | acc 0.9857 | lr 2.53e-05 | 116s
2026-09-20 14:23:04 | INFO    | epoch 28 | batch 1480/3143 | loss 0.4221 | acc 0.9857 | lr 2.53e-05 | 117s
2026-09-20 14:23:05 | INFO    | epoch 28 | batch 1500/3143 | loss 0.4220 | acc 0.9858 | lr 2.52e-05 | 119s
2026-09-20 14:23:07 | INFO    | epoch 28 | batch 1520/3143 | loss 0.4223 | acc 0.9857 | lr 2.52e-05 | 120s
2026-09-20 14:23:08 | INFO    | epoch 28 | batch 1540/3143 | loss 0.4222 | acc 0.9858 | lr 2.52e-05 | 122s
2026-09-20 14:23:10 | INFO    | epoch 28 | batch 1560/3143 | loss 0.4221 | acc 0.9858 | lr 2.52e-05 | 124s
2026-09-20 14:23:11 | INFO    | epoch 28 | batch 1580/3143 | loss 0.4220 | acc 0.9858 | lr 2.52e-05 | 125s
2026-09-20 14:23:13 | INFO    | epoch 28 | batch 1600/3143 | loss 0.4218 | acc 0.9859 | lr 2.51e-05 | 127s
2026-09-20 14:23:15 | INFO    | epoch 28 | batch 1620/3143 | loss 0.4217 | acc 0.9860 | lr 2.51e-05 | 128s
2026-09-20 14:23:16 | INFO    | epoch 28 | batch 1640/3143 | loss 0.4217 | acc 0.9860 | lr 2.51e-05 | 130s
2026-09-20 14:23:18 | INFO    | epoch 28 | batch 1660/3143 | loss 0.4218 | acc 0.9860 | lr 2.51e-05 | 132s
2026-09-20 14:23:20 | INFO    | epoch 28 | batch 1680/3143 | loss 0.4218 | acc 0.9860 | lr 2.50e-05 | 133s
2026-09-20 14:23:21 | INFO    | epoch 28 | batch 1700/3143 | loss 0.4216 | acc 0.9861 | lr 2.50e-05 | 135s
2026-09-20 14:23:23 | INFO    | epoch 28 | batch 1720/3143 | loss 0.4214 | acc 0.9862 | lr 2.50e-05 | 136s
2026-09-20 14:23:24 | INFO    | epoch 28 | batch 1740/3143 | loss 0.4213 | acc 0.9862 | lr 2.50e-05 | 138s
2026-09-20 14:23:26 | INFO    | epoch 28 | batch 1760/3143 | loss 0.4212 | acc 0.9862 | lr 2.50e-05 | 140s
2026-09-20 14:23:27 | INFO    | epoch 28 | batch 1780/3143 | loss 0.4212 | acc 0.9862 | lr 2.49e-05 | 141s
2026-09-20 14:23:29 | INFO    | epoch 28 | batch 1800/3143 | loss 0.4212 | acc 0.9862 | lr 2.49e-05 | 143s
2026-09-20 14:23:31 | INFO    | epoch 28 | batch 1820/3143 | loss 0.4213 | acc 0.9862 | lr 2.49e-05 | 144s
2026-09-20 14:23:32 | INFO    | epoch 28 | batch 1840/3143 | loss 0.4213 | acc 0.9861 | lr 2.49e-05 | 146s
2026-09-20 14:23:34 | INFO    | epoch 28 | batch 1860/3143 | loss 0.4214 | acc 0.9860 | lr 2.48e-05 | 148s
2026-09-20 14:23:35 | INFO    | epoch 28 | batch 1880/3143 | loss 0.4216 | acc 0.9859 | lr 2.48e-05 | 149s
2026-09-20 14:23:37 | INFO    | epoch 28 | batch 1900/3143 | loss 0.4217 | acc 0.9859 | lr 2.48e-05 | 151s
2026-09-20 14:23:39 | INFO    | epoch 28 | batch 1920/3143 | loss 0.4216 | acc 0.9860 | lr 2.48e-05 | 152s
2026-09-20 14:23:40 | INFO    | epoch 28 | batch 1940/3143 | loss 0.4217 | acc 0.9859 | lr 2.48e-05 | 154s
2026-09-20 14:23:42 | INFO    | epoch 28 | batch 1960/3143 | loss 0.4218 | acc 0.9859 | lr 2.47e-05 | 155s
2026-09-20 14:23:43 | INFO    | epoch 28 | batch 1980/3143 | loss 0.4219 | acc 0.9858 | lr 2.47e-05 | 157s
2026-09-20 14:23:45 | INFO    | epoch 28 | batch 2000/3143 | loss 0.4219 | acc 0.9858 | lr 2.47e-05 | 159s
2026-09-20 14:23:46 | INFO    | epoch 28 | batch 2020/3143 | loss 0.4219 | acc 0.9859 | lr 2.47e-05 | 160s
2026-09-20 14:23:48 | INFO    | epoch 28 | batch 2040/3143 | loss 0.4220 | acc 0.9858 | lr 2.46e-05 | 162s
2026-09-20 14:23:50 | INFO    | epoch 28 | batch 2060/3143 | loss 0.4219 | acc 0.9858 | lr 2.46e-05 | 163s
2026-09-20 14:23:51 | INFO    | epoch 28 | batch 2080/3143 | loss 0.4217 | acc 0.9859 | lr 2.46e-05 | 165s
2026-09-20 14:23:53 | INFO    | epoch 28 | batch 2100/3143 | loss 0.4217 | acc 0.9859 | lr 2.46e-05 | 167s
2026-09-20 14:23:54 | INFO    | epoch 28 | batch 2120/3143 | loss 0.4216 | acc 0.9860 | lr 2.46e-05 | 168s
2026-09-20 14:23:56 | INFO    | epoch 28 | batch 2140/3143 | loss 0.4216 | acc 0.9860 | lr 2.45e-05 | 170s
2026-09-20 14:23:58 | INFO    | epoch 28 | batch 2160/3143 | loss 0.4215 | acc 0.9860 | lr 2.45e-05 | 171s
2026-09-20 14:23:59 | INFO    | epoch 28 | batch 2180/3143 | loss 0.4215 | acc 0.9860 | lr 2.45e-05 | 173s
2026-09-20 14:24:01 | INFO    | epoch 28 | batch 2200/3143 | loss 0.4214 | acc 0.9861 | lr 2.45e-05 | 174s
2026-09-20 14:24:02 | INFO    | epoch 28 | batch 2220/3143 | loss 0.4215 | acc 0.9860 | lr 2.44e-05 | 176s
2026-09-20 14:24:04 | INFO    | epoch 28 | batch 2240/3143 | loss 0.4216 | acc 0.9860 | lr 2.44e-05 | 178s
2026-09-20 14:24:06 | INFO    | epoch 28 | batch 2260/3143 | loss 0.4217 | acc 0.9860 | lr 2.44e-05 | 179s
2026-09-20 14:24:07 | INFO    | epoch 28 | batch 2280/3143 | loss 0.4217 | acc 0.9859 | lr 2.44e-05 | 181s
2026-09-20 14:24:09 | INFO    | epoch 28 | batch 2300/3143 | loss 0.4217 | acc 0.9859 | lr 2.44e-05 | 182s
2026-09-20 14:24:10 | INFO    | epoch 28 | batch 2320/3143 | loss 0.4217 | acc 0.9859 | lr 2.43e-05 | 184s
2026-09-20 14:24:12 | INFO    | epoch 28 | batch 2340/3143 | loss 0.4217 | acc 0.9859 | lr 2.43e-05 | 186s
2026-09-20 14:24:13 | INFO    | epoch 28 | batch 2360/3143 | loss 0.4217 | acc 0.9859 | lr 2.43e-05 | 187s
2026-09-20 14:24:15 | INFO    | epoch 28 | batch 2380/3143 | loss 0.4217 | acc 0.9859 | lr 2.43e-05 | 189s
2026-09-20 14:24:17 | INFO    | epoch 28 | batch 2400/3143 | loss 0.4217 | acc 0.9859 | lr 2.42e-05 | 190s
2026-09-20 14:24:18 | INFO    | epoch 28 | batch 2420/3143 | loss 0.4217 | acc 0.9859 | lr 2.42e-05 | 192s
2026-09-20 14:24:20 | INFO    | epoch 28 | batch 2440/3143 | loss 0.4216 | acc 0.9859 | lr 2.42e-05 | 193s
2026-09-20 14:24:21 | INFO    | epoch 28 | batch 2460/3143 | loss 0.4216 | acc 0.9859 | lr 2.42e-05 | 195s
2026-09-20 14:24:23 | INFO    | epoch 28 | batch 2480/3143 | loss 0.4216 | acc 0.9859 | lr 2.42e-05 | 197s
2026-09-20 14:24:25 | INFO    | epoch 28 | batch 2500/3143 | loss 0.4216 | acc 0.9859 | lr 2.41e-05 | 198s
2026-09-20 14:24:26 | INFO    | epoch 28 | batch 2520/3143 | loss 0.4218 | acc 0.9858 | lr 2.41e-05 | 200s
2026-09-20 14:24:28 | INFO    | epoch 28 | batch 2540/3143 | loss 0.4217 | acc 0.9859 | lr 2.41e-05 | 201s
2026-09-20 14:24:29 | INFO    | epoch 28 | batch 2560/3143 | loss 0.4216 | acc 0.9859 | lr 2.41e-05 | 203s
2026-09-20 14:24:31 | INFO    | epoch 28 | batch 2580/3143 | loss 0.4215 | acc 0.9860 | lr 2.40e-05 | 205s
2026-09-20 14:24:33 | INFO    | epoch 28 | batch 2600/3143 | loss 0.4216 | acc 0.9859 | lr 2.40e-05 | 206s
2026-09-20 14:24:34 | INFO    | epoch 28 | batch 2620/3143 | loss 0.4216 | acc 0.9860 | lr 2.40e-05 | 208s
2026-09-20 14:24:36 | INFO    | epoch 28 | batch 2640/3143 | loss 0.4216 | acc 0.9860 | lr 2.40e-05 | 209s
2026-09-20 14:24:37 | INFO    | epoch 28 | batch 2660/3143 | loss 0.4216 | acc 0.9859 | lr 2.40e-05 | 211s
2026-09-20 14:24:39 | INFO    | epoch 28 | batch 2680/3143 | loss 0.4217 | acc 0.9859 | lr 2.39e-05 | 213s
2026-09-20 14:24:40 | INFO    | epoch 28 | batch 2700/3143 | loss 0.4217 | acc 0.9859 | lr 2.39e-05 | 214s
2026-09-20 14:24:42 | INFO    | epoch 28 | batch 2720/3143 | loss 0.4217 | acc 0.9859 | lr 2.39e-05 | 216s
2026-09-20 14:24:44 | INFO    | epoch 28 | batch 2740/3143 | loss 0.4218 | acc 0.9859 | lr 2.39e-05 | 217s
2026-09-20 14:24:45 | INFO    | epoch 28 | batch 2760/3143 | loss 0.4217 | acc 0.9859 | lr 2.38e-05 | 219s
2026-09-20 14:24:47 | INFO    | epoch 28 | batch 2780/3143 | loss 0.4216 | acc 0.9859 | lr 2.38e-05 | 221s
2026-09-20 14:24:48 | INFO    | epoch 28 | batch 2800/3143 | loss 0.4216 | acc 0.9859 | lr 2.38e-05 | 222s
2026-09-20 14:24:50 | INFO    | epoch 28 | batch 2820/3143 | loss 0.4216 | acc 0.9860 | lr 2.38e-05 | 224s
2026-09-20 14:24:52 | INFO    | epoch 28 | batch 2840/3143 | loss 0.4216 | acc 0.9860 | lr 2.38e-05 | 225s
2026-09-20 14:24:53 | INFO    | epoch 28 | batch 2860/3143 | loss 0.4215 | acc 0.9860 | lr 2.37e-05 | 227s
2026-09-20 14:24:55 | INFO    | epoch 28 | batch 2880/3143 | loss 0.4214 | acc 0.9861 | lr 2.37e-05 | 228s
2026-09-20 14:24:56 | INFO    | epoch 28 | batch 2900/3143 | loss 0.4215 | acc 0.9860 | lr 2.37e-05 | 230s
2026-09-20 14:24:58 | INFO    | epoch 28 | batch 2920/3143 | loss 0.4215 | acc 0.9860 | lr 2.37e-05 | 232s
2026-09-20 14:25:00 | INFO    | epoch 28 | batch 2940/3143 | loss 0.4216 | acc 0.9860 | lr 2.36e-05 | 233s
2026-09-20 14:25:01 | INFO    | epoch 28 | batch 2960/3143 | loss 0.4217 | acc 0.9859 | lr 2.36e-05 | 235s
2026-09-20 14:25:03 | INFO    | epoch 28 | batch 2980/3143 | loss 0.4217 | acc 0.9859 | lr 2.36e-05 | 236s
2026-09-20 14:25:04 | INFO    | epoch 28 | batch 3000/3143 | loss 0.4217 | acc 0.9859 | lr 2.36e-05 | 238s
2026-09-20 14:25:06 | INFO    | epoch 28 | batch 3020/3143 | loss 0.4218 | acc 0.9859 | lr 2.36e-05 | 240s
2026-09-20 14:25:07 | INFO    | epoch 28 | batch 3040/3143 | loss 0.4218 | acc 0.9859 | lr 2.35e-05 | 241s
2026-09-20 14:25:09 | INFO    | epoch 28 | batch 3060/3143 | loss 0.4218 | acc 0.9859 | lr 2.35e-05 | 243s
2026-09-20 14:25:11 | INFO    | epoch 28 | batch 3080/3143 | loss 0.4218 | acc 0.9859 | lr 2.35e-05 | 244s
2026-09-20 14:25:12 | INFO    | epoch 28 | batch 3100/3143 | loss 0.4218 | acc 0.9859 | lr 2.35e-05 | 246s
2026-09-20 14:25:14 | INFO    | epoch 28 | batch 3120/3143 | loss 0.4217 | acc 0.9860 | lr 2.35e-05 | 248s
2026-09-20 14:25:15 | INFO    | epoch 28 | batch 3140/3143 | loss 0.4217 | acc 0.9860 | lr 2.34e-05 | 249s
2026-09-20 14:25:16 | INFO    | epoch 28 | batch 3143/3143 | loss 0.4216 | acc 0.9860 | lr 2.34e-05 | 249s
2026-09-20 14:25:27 | INFO    | epoch 28/40 done in 261s | train loss 0.4216 | train running patch (aug): accuracy=0.9860 precision=0.9859 recall=0.9855 f1=0.9857
2026-09-20 14:25:27 | INFO    | epoch 28 train (eval, no aug) | loss 0.3945 | patch[7280]: accuracy=0.9981 precision=0.9980 recall=0.9982 f1=0.9981 | image[455]: accuracy=1.0000 precision=1.0000 recall=1.0000 f1=1.0000
2026-09-20 14:25:27 | INFO    | epoch 28 val | loss 1.1816 | patch[6048]: accuracy=0.6973 precision=0.6740 recall=0.6739 f1=0.6736 | image[96]: accuracy=0.7292 precision=0.6984 recall=0.6966 f1=0.6969
2026-09-20 14:25:27 | INFO    | val_patch_f1 = 0.6736 (best 0.6811 @ epoch 23)
2026-09-20 14:25:29 | INFO    | epoch 29 | batch 20/3143 | loss 0.4196 | acc 0.9859 | lr 2.34e-05 | 2s
2026-09-20 14:25:30 | INFO    | epoch 29 | batch 40/3143 | loss 0.4314 | acc 0.9805 | lr 2.34e-05 | 3s
2026-09-20 14:25:32 | INFO    | epoch 29 | batch 60/3143 | loss 0.4309 | acc 0.9802 | lr 2.34e-05 | 5s
2026-09-20 14:25:34 | INFO    | epoch 29 | batch 80/3143 | loss 0.4291 | acc 0.9805 | lr 2.33e-05 | 7s
2026-09-20 14:25:35 | INFO    | epoch 29 | batch 100/3143 | loss 0.4268 | acc 0.9822 | lr 2.33e-05 | 8s
2026-09-20 14:25:37 | INFO    | epoch 29 | batch 120/3143 | loss 0.4253 | acc 0.9831 | lr 2.33e-05 | 10s
2026-09-20 14:25:38 | INFO    | epoch 29 | batch 140/3143 | loss 0.4254 | acc 0.9835 | lr 2.33e-05 | 11s
2026-09-20 14:25:40 | INFO    | epoch 29 | batch 160/3143 | loss 0.4261 | acc 0.9836 | lr 2.33e-05 | 13s
2026-09-20 14:25:42 | INFO    | epoch 29 | batch 180/3143 | loss 0.4255 | acc 0.9842 | lr 2.32e-05 | 14s
2026-09-20 14:25:43 | INFO    | epoch 29 | batch 200/3143 | loss 0.4249 | acc 0.9845 | lr 2.32e-05 | 16s
2026-09-20 14:25:45 | INFO    | epoch 29 | batch 220/3143 | loss 0.4239 | acc 0.9852 | lr 2.32e-05 | 18s
2026-09-20 14:25:46 | INFO    | epoch 29 | batch 240/3143 | loss 0.4233 | acc 0.9858 | lr 2.32e-05 | 19s
2026-09-20 14:25:48 | INFO    | epoch 29 | batch 260/3143 | loss 0.4221 | acc 0.9861 | lr 2.31e-05 | 21s
2026-09-20 14:25:50 | INFO    | epoch 29 | batch 280/3143 | loss 0.4219 | acc 0.9859 | lr 2.31e-05 | 22s
2026-09-20 14:25:51 | INFO    | epoch 29 | batch 300/3143 | loss 0.4207 | acc 0.9867 | lr 2.31e-05 | 24s
2026-09-20 14:25:53 | INFO    | epoch 29 | batch 320/3143 | loss 0.4202 | acc 0.9867 | lr 2.31e-05 | 26s
2026-09-20 14:25:54 | INFO    | epoch 29 | batch 340/3143 | loss 0.4203 | acc 0.9867 | lr 2.31e-05 | 27s
2026-09-20 14:25:56 | INFO    | epoch 29 | batch 360/3143 | loss 0.4199 | acc 0.9870 | lr 2.30e-05 | 29s
2026-09-20 14:25:58 | INFO    | epoch 29 | batch 380/3143 | loss 0.4191 | acc 0.9874 | lr 2.30e-05 | 30s
2026-09-20 14:25:59 | INFO    | epoch 29 | batch 400/3143 | loss 0.4189 | acc 0.9875 | lr 2.30e-05 | 32s
2026-09-20 14:26:01 | INFO    | epoch 29 | batch 420/3143 | loss 0.4185 | acc 0.9876 | lr 2.30e-05 | 34s
2026-09-20 14:26:02 | INFO    | epoch 29 | batch 440/3143 | loss 0.4184 | acc 0.9876 | lr 2.29e-05 | 35s
2026-09-20 14:26:04 | INFO    | epoch 29 | batch 460/3143 | loss 0.4192 | acc 0.9873 | lr 2.29e-05 | 37s
2026-09-20 14:26:06 | INFO    | epoch 29 | batch 480/3143 | loss 0.4194 | acc 0.9872 | lr 2.29e-05 | 38s
2026-09-20 14:26:07 | INFO    | epoch 29 | batch 500/3143 | loss 0.4191 | acc 0.9874 | lr 2.29e-05 | 40s
2026-09-20 14:26:09 | INFO    | epoch 29 | batch 520/3143 | loss 0.4191 | acc 0.9873 | lr 2.29e-05 | 42s
2026-09-20 14:26:10 | INFO    | epoch 29 | batch 540/3143 | loss 0.4188 | acc 0.9874 | lr 2.28e-05 | 43s
2026-09-20 14:26:12 | INFO    | epoch 29 | batch 560/3143 | loss 0.4190 | acc 0.9873 | lr 2.28e-05 | 45s
2026-09-20 14:26:14 | INFO    | epoch 29 | batch 580/3143 | loss 0.4186 | acc 0.9876 | lr 2.28e-05 | 46s
2026-09-20 14:26:15 | INFO    | epoch 29 | batch 600/3143 | loss 0.4184 | acc 0.9878 | lr 2.28e-05 | 48s
2026-09-20 14:26:17 | INFO    | epoch 29 | batch 620/3143 | loss 0.4186 | acc 0.9877 | lr 2.28e-05 | 50s
2026-09-20 14:26:18 | INFO    | epoch 29 | batch 640/3143 | loss 0.4186 | acc 0.9876 | lr 2.27e-05 | 51s
2026-09-20 14:26:20 | INFO    | epoch 29 | batch 660/3143 | loss 0.4185 | acc 0.9876 | lr 2.27e-05 | 53s
2026-09-20 14:26:22 | INFO    | epoch 29 | batch 680/3143 | loss 0.4183 | acc 0.9877 | lr 2.27e-05 | 54s
2026-09-20 14:26:23 | INFO    | epoch 29 | batch 700/3143 | loss 0.4183 | acc 0.9876 | lr 2.27e-05 | 56s
2026-09-20 14:26:25 | INFO    | epoch 29 | batch 720/3143 | loss 0.4186 | acc 0.9875 | lr 2.26e-05 | 58s
2026-09-20 14:26:26 | INFO    | epoch 29 | batch 740/3143 | loss 0.4185 | acc 0.9875 | lr 2.26e-05 | 59s
2026-09-20 14:26:28 | INFO    | epoch 29 | batch 760/3143 | loss 0.4185 | acc 0.9875 | lr 2.26e-05 | 61s
2026-09-20 14:26:30 | INFO    | epoch 29 | batch 780/3143 | loss 0.4185 | acc 0.9875 | lr 2.26e-05 | 62s
2026-09-20 14:26:31 | INFO    | epoch 29 | batch 800/3143 | loss 0.4190 | acc 0.9873 | lr 2.26e-05 | 64s
2026-09-20 14:26:33 | INFO    | epoch 29 | batch 820/3143 | loss 0.4188 | acc 0.9874 | lr 2.25e-05 | 66s
2026-09-20 14:26:34 | INFO    | epoch 29 | batch 840/3143 | loss 0.4189 | acc 0.9873 | lr 2.25e-05 | 67s
2026-09-20 14:26:36 | INFO    | epoch 29 | batch 860/3143 | loss 0.4190 | acc 0.9873 | lr 2.25e-05 | 69s
2026-09-20 14:26:37 | INFO    | epoch 29 | batch 880/3143 | loss 0.4190 | acc 0.9873 | lr 2.25e-05 | 70s
2026-09-20 14:26:39 | INFO    | epoch 29 | batch 900/3143 | loss 0.4191 | acc 0.9873 | lr 2.25e-05 | 72s
2026-09-20 14:26:41 | INFO    | epoch 29 | batch 920/3143 | loss 0.4191 | acc 0.9873 | lr 2.24e-05 | 74s
2026-09-20 14:26:42 | INFO    | epoch 29 | batch 940/3143 | loss 0.4191 | acc 0.9872 | lr 2.24e-05 | 75s
2026-09-20 14:26:44 | INFO    | epoch 29 | batch 960/3143 | loss 0.4190 | acc 0.9874 | lr 2.24e-05 | 77s
2026-09-20 14:26:45 | INFO    | epoch 29 | batch 980/3143 | loss 0.4187 | acc 0.9874 | lr 2.24e-05 | 78s
2026-09-20 14:26:47 | INFO    | epoch 29 | batch 1000/3143 | loss 0.4192 | acc 0.9872 | lr 2.23e-05 | 80s
2026-09-20 14:26:49 | INFO    | epoch 29 | batch 1020/3143 | loss 0.4191 | acc 0.9873 | lr 2.23e-05 | 81s
2026-09-20 14:26:50 | INFO    | epoch 29 | batch 1040/3143 | loss 0.4189 | acc 0.9874 | lr 2.23e-05 | 83s
2026-09-20 14:26:52 | INFO    | epoch 29 | batch 1060/3143 | loss 0.4190 | acc 0.9874 | lr 2.23e-05 | 85s
2026-09-20 14:26:53 | INFO    | epoch 29 | batch 1080/3143 | loss 0.4192 | acc 0.9873 | lr 2.23e-05 | 86s
2026-09-20 14:26:55 | INFO    | epoch 29 | batch 1100/3143 | loss 0.4193 | acc 0.9872 | lr 2.22e-05 | 88s
2026-09-20 14:26:56 | INFO    | epoch 29 | batch 1120/3143 | loss 0.4192 | acc 0.9872 | lr 2.22e-05 | 89s
2026-09-20 14:26:58 | INFO    | epoch 29 | batch 1140/3143 | loss 0.4191 | acc 0.9873 | lr 2.22e-05 | 91s
2026-09-20 14:27:00 | INFO    | epoch 29 | batch 1160/3143 | loss 0.4191 | acc 0.9873 | lr 2.22e-05 | 92s
2026-09-20 14:27:01 | INFO    | epoch 29 | batch 1180/3143 | loss 0.4191 | acc 0.9873 | lr 2.22e-05 | 94s
2026-09-20 14:27:03 | INFO    | epoch 29 | batch 1200/3143 | loss 0.4190 | acc 0.9873 | lr 2.21e-05 | 96s
2026-09-20 14:27:04 | INFO    | epoch 29 | batch 1220/3143 | loss 0.4189 | acc 0.9873 | lr 2.21e-05 | 97s
2026-09-20 14:27:06 | INFO    | epoch 29 | batch 1240/3143 | loss 0.4190 | acc 0.9873 | lr 2.21e-05 | 99s
2026-09-20 14:27:07 | INFO    | epoch 29 | batch 1260/3143 | loss 0.4191 | acc 0.9872 | lr 2.21e-05 | 100s
2026-09-20 14:27:09 | INFO    | epoch 29 | batch 1280/3143 | loss 0.4191 | acc 0.9872 | lr 2.20e-05 | 102s
2026-09-20 14:27:11 | INFO    | epoch 29 | batch 1300/3143 | loss 0.4190 | acc 0.9872 | lr 2.20e-05 | 104s
2026-09-20 14:27:12 | INFO    | epoch 29 | batch 1320/3143 | loss 0.4190 | acc 0.9872 | lr 2.20e-05 | 105s
2026-09-20 14:27:14 | INFO    | epoch 29 | batch 1340/3143 | loss 0.4190 | acc 0.9872 | lr 2.20e-05 | 107s
2026-09-20 14:27:15 | INFO    | epoch 29 | batch 1360/3143 | loss 0.4190 | acc 0.9872 | lr 2.20e-05 | 108s
2026-09-20 14:27:17 | INFO    | epoch 29 | batch 1380/3143 | loss 0.4191 | acc 0.9871 | lr 2.19e-05 | 110s
2026-09-20 14:27:19 | INFO    | epoch 29 | batch 1400/3143 | loss 0.4190 | acc 0.9872 | lr 2.19e-05 | 112s
2026-09-20 14:27:20 | INFO    | epoch 29 | batch 1420/3143 | loss 0.4190 | acc 0.9872 | lr 2.19e-05 | 113s
2026-09-20 14:27:22 | INFO    | epoch 29 | batch 1440/3143 | loss 0.4191 | acc 0.9871 | lr 2.19e-05 | 115s
2026-09-20 14:27:23 | INFO    | epoch 29 | batch 1460/3143 | loss 0.4190 | acc 0.9872 | lr 2.19e-05 | 116s
2026-09-20 14:27:25 | INFO    | epoch 29 | batch 1480/3143 | loss 0.4190 | acc 0.9872 | lr 2.18e-05 | 118s
2026-09-20 14:27:27 | INFO    | epoch 29 | batch 1500/3143 | loss 0.4189 | acc 0.9872 | lr 2.18e-05 | 119s
2026-09-20 14:27:28 | INFO    | epoch 29 | batch 1520/3143 | loss 0.4188 | acc 0.9872 | lr 2.18e-05 | 121s
2026-09-20 14:27:30 | INFO    | epoch 29 | batch 1540/3143 | loss 0.4188 | acc 0.9872 | lr 2.18e-05 | 123s
2026-09-20 14:27:31 | INFO    | epoch 29 | batch 1560/3143 | loss 0.4190 | acc 0.9871 | lr 2.17e-05 | 124s
2026-09-20 14:27:33 | INFO    | epoch 29 | batch 1580/3143 | loss 0.4189 | acc 0.9872 | lr 2.17e-05 | 126s
2026-09-20 14:27:34 | INFO    | epoch 29 | batch 1600/3143 | loss 0.4190 | acc 0.9872 | lr 2.17e-05 | 127s
2026-09-20 14:27:36 | INFO    | epoch 29 | batch 1620/3143 | loss 0.4190 | acc 0.9871 | lr 2.17e-05 | 129s
2026-09-20 14:27:38 | INFO    | epoch 29 | batch 1640/3143 | loss 0.4190 | acc 0.9872 | lr 2.17e-05 | 131s
2026-09-20 14:27:39 | INFO    | epoch 29 | batch 1660/3143 | loss 0.4191 | acc 0.9871 | lr 2.16e-05 | 132s
2026-09-20 14:27:41 | INFO    | epoch 29 | batch 1680/3143 | loss 0.4190 | acc 0.9871 | lr 2.16e-05 | 134s
2026-09-20 14:27:42 | INFO    | epoch 29 | batch 1700/3143 | loss 0.4189 | acc 0.9872 | lr 2.16e-05 | 135s
2026-09-20 14:27:44 | INFO    | epoch 29 | batch 1720/3143 | loss 0.4188 | acc 0.9872 | lr 2.16e-05 | 137s
2026-09-20 14:27:46 | INFO    | epoch 29 | batch 1740/3143 | loss 0.4188 | acc 0.9871 | lr 2.16e-05 | 138s
2026-09-20 14:27:47 | INFO    | epoch 29 | batch 1760/3143 | loss 0.4188 | acc 0.9872 | lr 2.15e-05 | 140s
2026-09-20 14:27:49 | INFO    | epoch 29 | batch 1780/3143 | loss 0.4188 | acc 0.9872 | lr 2.15e-05 | 142s
2026-09-20 14:27:50 | INFO    | epoch 29 | batch 1800/3143 | loss 0.4187 | acc 0.9872 | lr 2.15e-05 | 143s
2026-09-20 14:27:52 | INFO    | epoch 29 | batch 1820/3143 | loss 0.4187 | acc 0.9872 | lr 2.15e-05 | 145s
2026-09-20 14:27:54 | INFO    | epoch 29 | batch 1840/3143 | loss 0.4188 | acc 0.9872 | lr 2.15e-05 | 146s
2026-09-20 14:27:55 | INFO    | epoch 29 | batch 1860/3143 | loss 0.4187 | acc 0.9873 | lr 2.14e-05 | 148s
2026-09-20 14:27:57 | INFO    | epoch 29 | batch 1880/3143 | loss 0.4187 | acc 0.9873 | lr 2.14e-05 | 150s
2026-09-20 14:27:58 | INFO    | epoch 29 | batch 1900/3143 | loss 0.4187 | acc 0.9872 | lr 2.14e-05 | 151s
2026-09-20 14:28:00 | INFO    | epoch 29 | batch 1920/3143 | loss 0.4187 | acc 0.9873 | lr 2.14e-05 | 153s
2026-09-20 14:28:01 | INFO    | epoch 29 | batch 1940/3143 | loss 0.4186 | acc 0.9873 | lr 2.13e-05 | 154s
2026-09-20 14:28:03 | INFO    | epoch 29 | batch 1960/3143 | loss 0.4186 | acc 0.9874 | lr 2.13e-05 | 156s
2026-09-20 14:28:05 | INFO    | epoch 29 | batch 1980/3143 | loss 0.4185 | acc 0.9874 | lr 2.13e-05 | 158s
2026-09-20 14:28:06 | INFO    | epoch 29 | batch 2000/3143 | loss 0.4187 | acc 0.9873 | lr 2.13e-05 | 159s
2026-09-20 14:28:08 | INFO    | epoch 29 | batch 2020/3143 | loss 0.4185 | acc 0.9874 | lr 2.13e-05 | 161s
2026-09-20 14:28:09 | INFO    | epoch 29 | batch 2040/3143 | loss 0.4185 | acc 0.9874 | lr 2.12e-05 | 162s
2026-09-20 14:28:11 | INFO    | epoch 29 | batch 2060/3143 | loss 0.4185 | acc 0.9874 | lr 2.12e-05 | 164s
2026-09-20 14:28:13 | INFO    | epoch 29 | batch 2080/3143 | loss 0.4186 | acc 0.9873 | lr 2.12e-05 | 165s
2026-09-20 14:28:14 | INFO    | epoch 29 | batch 2100/3143 | loss 0.4184 | acc 0.9874 | lr 2.12e-05 | 167s
2026-09-20 14:28:16 | INFO    | epoch 29 | batch 2120/3143 | loss 0.4183 | acc 0.9875 | lr 2.12e-05 | 169s
2026-09-20 14:28:17 | INFO    | epoch 29 | batch 2140/3143 | loss 0.4184 | acc 0.9875 | lr 2.11e-05 | 170s
2026-09-20 14:28:19 | INFO    | epoch 29 | batch 2160/3143 | loss 0.4183 | acc 0.9875 | lr 2.11e-05 | 172s
2026-09-20 14:28:21 | INFO    | epoch 29 | batch 2180/3143 | loss 0.4183 | acc 0.9875 | lr 2.11e-05 | 173s
2026-09-20 14:28:22 | INFO    | epoch 29 | batch 2200/3143 | loss 0.4183 | acc 0.9875 | lr 2.11e-05 | 175s
2026-09-20 14:28:24 | INFO    | epoch 29 | batch 2220/3143 | loss 0.4183 | acc 0.9875 | lr 2.11e-05 | 177s
2026-09-20 14:28:25 | INFO    | epoch 29 | batch 2240/3143 | loss 0.4184 | acc 0.9874 | lr 2.10e-05 | 178s
2026-09-20 14:28:27 | INFO    | epoch 29 | batch 2260/3143 | loss 0.4184 | acc 0.9874 | lr 2.10e-05 | 180s
2026-09-20 14:28:28 | INFO    | epoch 29 | batch 2280/3143 | loss 0.4184 | acc 0.9874 | lr 2.10e-05 | 181s
2026-09-20 14:28:30 | INFO    | epoch 29 | batch 2300/3143 | loss 0.4184 | acc 0.9874 | lr 2.10e-05 | 183s
2026-09-20 14:28:32 | INFO    | epoch 29 | batch 2320/3143 | loss 0.4184 | acc 0.9874 | lr 2.09e-05 | 185s
2026-09-20 14:28:33 | INFO    | epoch 29 | batch 2340/3143 | loss 0.4185 | acc 0.9874 | lr 2.09e-05 | 186s
2026-09-20 14:28:35 | INFO    | epoch 29 | batch 2360/3143 | loss 0.4185 | acc 0.9874 | lr 2.09e-05 | 188s
2026-09-20 14:28:36 | INFO    | epoch 29 | batch 2380/3143 | loss 0.4185 | acc 0.9874 | lr 2.09e-05 | 189s
2026-09-20 14:28:38 | INFO    | epoch 29 | batch 2400/3143 | loss 0.4184 | acc 0.9874 | lr 2.09e-05 | 191s
2026-09-20 14:28:40 | INFO    | epoch 29 | batch 2420/3143 | loss 0.4186 | acc 0.9874 | lr 2.08e-05 | 193s
2026-09-20 14:28:41 | INFO    | epoch 29 | batch 2440/3143 | loss 0.4185 | acc 0.9874 | lr 2.08e-05 | 194s
2026-09-20 14:28:43 | INFO    | epoch 29 | batch 2460/3143 | loss 0.4185 | acc 0.9874 | lr 2.08e-05 | 196s
2026-09-20 14:28:44 | INFO    | epoch 29 | batch 2480/3143 | loss 0.4185 | acc 0.9874 | lr 2.08e-05 | 197s
2026-09-20 14:28:46 | INFO    | epoch 29 | batch 2500/3143 | loss 0.4185 | acc 0.9874 | lr 2.08e-05 | 199s
2026-09-20 14:28:48 | INFO    | epoch 29 | batch 2520/3143 | loss 0.4185 | acc 0.9874 | lr 2.07e-05 | 200s
2026-09-20 14:28:49 | INFO    | epoch 29 | batch 2540/3143 | loss 0.4184 | acc 0.9875 | lr 2.07e-05 | 202s
2026-09-20 14:28:51 | INFO    | epoch 29 | batch 2560/3143 | loss 0.4184 | acc 0.9875 | lr 2.07e-05 | 204s
2026-09-20 14:28:52 | INFO    | epoch 29 | batch 2580/3143 | loss 0.4184 | acc 0.9875 | lr 2.07e-05 | 205s
2026-09-20 14:28:54 | INFO    | epoch 29 | batch 2600/3143 | loss 0.4185 | acc 0.9875 | lr 2.07e-05 | 207s
2026-09-20 14:28:56 | INFO    | epoch 29 | batch 2620/3143 | loss 0.4185 | acc 0.9874 | lr 2.06e-05 | 208s
2026-09-20 14:28:57 | INFO    | epoch 29 | batch 2640/3143 | loss 0.4185 | acc 0.9874 | lr 2.06e-05 | 210s
2026-09-20 14:28:59 | INFO    | epoch 29 | batch 2660/3143 | loss 0.4186 | acc 0.9873 | lr 2.06e-05 | 212s
2026-09-20 14:29:00 | INFO    | epoch 29 | batch 2680/3143 | loss 0.4186 | acc 0.9874 | lr 2.06e-05 | 213s
2026-09-20 14:29:02 | INFO    | epoch 29 | batch 2700/3143 | loss 0.4187 | acc 0.9873 | lr 2.06e-05 | 215s
2026-09-20 14:29:04 | INFO    | epoch 29 | batch 2720/3143 | loss 0.4187 | acc 0.9873 | lr 2.05e-05 | 216s
2026-09-20 14:29:05 | INFO    | epoch 29 | batch 2740/3143 | loss 0.4187 | acc 0.9873 | lr 2.05e-05 | 218s
2026-09-20 14:29:07 | INFO    | epoch 29 | batch 2760/3143 | loss 0.4186 | acc 0.9874 | lr 2.05e-05 | 220s
2026-09-20 14:29:08 | INFO    | epoch 29 | batch 2780/3143 | loss 0.4186 | acc 0.9874 | lr 2.05e-05 | 221s
2026-09-20 14:29:10 | INFO    | epoch 29 | batch 2800/3143 | loss 0.4185 | acc 0.9874 | lr 2.05e-05 | 223s
2026-09-20 14:29:11 | INFO    | epoch 29 | batch 2820/3143 | loss 0.4185 | acc 0.9874 | lr 2.04e-05 | 224s
2026-09-20 14:29:13 | INFO    | epoch 29 | batch 2840/3143 | loss 0.4186 | acc 0.9874 | lr 2.04e-05 | 226s
2026-09-20 14:29:15 | INFO    | epoch 29 | batch 2860/3143 | loss 0.4186 | acc 0.9873 | lr 2.04e-05 | 228s
2026-09-20 14:29:16 | INFO    | epoch 29 | batch 2880/3143 | loss 0.4186 | acc 0.9874 | lr 2.04e-05 | 229s
2026-09-20 14:29:18 | INFO    | epoch 29 | batch 2900/3143 | loss 0.4187 | acc 0.9873 | lr 2.03e-05 | 231s
2026-09-20 14:29:19 | INFO    | epoch 29 | batch 2920/3143 | loss 0.4188 | acc 0.9873 | lr 2.03e-05 | 232s
2026-09-20 14:29:21 | INFO    | epoch 29 | batch 2940/3143 | loss 0.4188 | acc 0.9872 | lr 2.03e-05 | 234s
2026-09-20 14:29:23 | INFO    | epoch 29 | batch 2960/3143 | loss 0.4188 | acc 0.9873 | lr 2.03e-05 | 235s
2026-09-20 14:29:24 | INFO    | epoch 29 | batch 2980/3143 | loss 0.4188 | acc 0.9873 | lr 2.03e-05 | 237s
2026-09-20 14:29:26 | INFO    | epoch 29 | batch 3000/3143 | loss 0.4188 | acc 0.9872 | lr 2.02e-05 | 239s
2026-09-20 14:29:27 | INFO    | epoch 29 | batch 3020/3143 | loss 0.4188 | acc 0.9872 | lr 2.02e-05 | 240s
2026-09-20 14:29:29 | INFO    | epoch 29 | batch 3040/3143 | loss 0.4188 | acc 0.9872 | lr 2.02e-05 | 242s
2026-09-20 14:29:30 | INFO    | epoch 29 | batch 3060/3143 | loss 0.4188 | acc 0.9872 | lr 2.02e-05 | 243s
2026-09-20 14:29:32 | INFO    | epoch 29 | batch 3080/3143 | loss 0.4188 | acc 0.9872 | lr 2.02e-05 | 245s
2026-09-20 14:29:34 | INFO    | epoch 29 | batch 3100/3143 | loss 0.4187 | acc 0.9873 | lr 2.01e-05 | 247s
2026-09-20 14:29:35 | INFO    | epoch 29 | batch 3120/3143 | loss 0.4188 | acc 0.9872 | lr 2.01e-05 | 248s
2026-09-20 14:29:37 | INFO    | epoch 29 | batch 3140/3143 | loss 0.4189 | acc 0.9872 | lr 2.01e-05 | 250s
2026-09-20 14:29:37 | INFO    | epoch 29 | batch 3143/3143 | loss 0.4189 | acc 0.9872 | lr 2.01e-05 | 250s
2026-09-20 14:29:48 | INFO    | epoch 29/40 done in 261s | train loss 0.4189 | train running patch (aug): accuracy=0.9872 precision=0.9870 recall=0.9866 f1=0.9868
2026-09-20 14:29:48 | INFO    | epoch 29 train (eval, no aug) | loss 0.3944 | patch[7280]: accuracy=0.9986 precision=0.9983 recall=0.9986 f1=0.9985 | image[455]: accuracy=1.0000 precision=1.0000 recall=1.0000 f1=1.0000
2026-09-20 14:29:48 | INFO    | epoch 29 val | loss 1.2359 | patch[6048]: accuracy=0.6796 precision=0.6588 recall=0.6572 f1=0.6576 | image[96]: accuracy=0.7188 precision=0.6903 recall=0.6865 f1=0.6875
2026-09-20 14:29:48 | INFO    | val_patch_f1 = 0.6576 (best 0.6811 @ epoch 23)
2026-09-20 14:29:50 | INFO    | epoch 30 | batch 20/3143 | loss 0.4138 | acc 0.9844 | lr 2.01e-05 | 2s
2026-09-20 14:29:52 | INFO    | epoch 30 | batch 40/3143 | loss 0.4155 | acc 0.9867 | lr 2.01e-05 | 3s
2026-09-20 14:29:53 | INFO    | epoch 30 | batch 60/3143 | loss 0.4257 | acc 0.9823 | lr 2.00e-05 | 5s
2026-09-20 14:29:55 | INFO    | epoch 30 | batch 80/3143 | loss 0.4264 | acc 0.9824 | lr 2.00e-05 | 6s
2026-09-20 14:29:56 | INFO    | epoch 30 | batch 100/3143 | loss 0.4251 | acc 0.9838 | lr 2.00e-05 | 8s
2026-09-20 14:29:58 | INFO    | epoch 30 | batch 120/3143 | loss 0.4234 | acc 0.9846 | lr 2.00e-05 | 10s
2026-09-20 14:29:59 | INFO    | epoch 30 | batch 140/3143 | loss 0.4228 | acc 0.9844 | lr 2.00e-05 | 11s
2026-09-20 14:30:01 | INFO    | epoch 30 | batch 160/3143 | loss 0.4220 | acc 0.9848 | lr 1.99e-05 | 13s
2026-09-20 14:30:03 | INFO    | epoch 30 | batch 180/3143 | loss 0.4207 | acc 0.9854 | lr 1.99e-05 | 14s
2026-09-20 14:30:04 | INFO    | epoch 30 | batch 200/3143 | loss 0.4201 | acc 0.9858 | lr 1.99e-05 | 16s
2026-09-20 14:30:06 | INFO    | epoch 30 | batch 220/3143 | loss 0.4188 | acc 0.9866 | lr 1.99e-05 | 17s
2026-09-20 14:30:07 | INFO    | epoch 30 | batch 240/3143 | loss 0.4183 | acc 0.9868 | lr 1.99e-05 | 19s
2026-09-20 14:30:09 | INFO    | epoch 30 | batch 260/3143 | loss 0.4177 | acc 0.9871 | lr 1.98e-05 | 21s
2026-09-20 14:30:10 | INFO    | epoch 30 | batch 280/3143 | loss 0.4175 | acc 0.9872 | lr 1.98e-05 | 22s
2026-09-20 14:30:12 | INFO    | epoch 30 | batch 300/3143 | loss 0.4169 | acc 0.9875 | lr 1.98e-05 | 24s
2026-09-20 14:30:14 | INFO    | epoch 30 | batch 320/3143 | loss 0.4171 | acc 0.9875 | lr 1.98e-05 | 25s
2026-09-20 14:30:15 | INFO    | epoch 30 | batch 340/3143 | loss 0.4176 | acc 0.9872 | lr 1.97e-05 | 27s
2026-09-20 14:30:17 | INFO    | epoch 30 | batch 360/3143 | loss 0.4172 | acc 0.9876 | lr 1.97e-05 | 28s
2026-09-20 14:30:18 | INFO    | epoch 30 | batch 380/3143 | loss 0.4168 | acc 0.9878 | lr 1.97e-05 | 30s
2026-09-20 14:30:20 | INFO    | epoch 30 | batch 400/3143 | loss 0.4168 | acc 0.9880 | lr 1.97e-05 | 32s
2026-09-20 14:30:22 | INFO    | epoch 30 | batch 420/3143 | loss 0.4167 | acc 0.9881 | lr 1.97e-05 | 33s
2026-09-20 14:30:23 | INFO    | epoch 30 | batch 440/3143 | loss 0.4168 | acc 0.9881 | lr 1.96e-05 | 35s
2026-09-20 14:30:25 | INFO    | epoch 30 | batch 460/3143 | loss 0.4167 | acc 0.9882 | lr 1.96e-05 | 36s
2026-09-20 14:30:26 | INFO    | epoch 30 | batch 480/3143 | loss 0.4168 | acc 0.9882 | lr 1.96e-05 | 38s
2026-09-20 14:30:28 | INFO    | epoch 30 | batch 500/3143 | loss 0.4164 | acc 0.9883 | lr 1.96e-05 | 39s
2026-09-20 14:30:29 | INFO    | epoch 30 | batch 520/3143 | loss 0.4164 | acc 0.9883 | lr 1.96e-05 | 41s
2026-09-20 14:30:31 | INFO    | epoch 30 | batch 540/3143 | loss 0.4162 | acc 0.9884 | lr 1.95e-05 | 43s
2026-09-20 14:30:33 | INFO    | epoch 30 | batch 560/3143 | loss 0.4161 | acc 0.9884 | lr 1.95e-05 | 44s
2026-09-20 14:30:34 | INFO    | epoch 30 | batch 580/3143 | loss 0.4160 | acc 0.9885 | lr 1.95e-05 | 46s
2026-09-20 14:30:36 | INFO    | epoch 30 | batch 600/3143 | loss 0.4160 | acc 0.9885 | lr 1.95e-05 | 47s
2026-09-20 14:30:37 | INFO    | epoch 30 | batch 620/3143 | loss 0.4162 | acc 0.9884 | lr 1.95e-05 | 49s
2026-09-20 14:30:39 | INFO    | epoch 30 | batch 640/3143 | loss 0.4158 | acc 0.9886 | lr 1.94e-05 | 51s
2026-09-20 14:30:40 | INFO    | epoch 30 | batch 660/3143 | loss 0.4161 | acc 0.9885 | lr 1.94e-05 | 52s
2026-09-20 14:30:42 | INFO    | epoch 30 | batch 680/3143 | loss 0.4160 | acc 0.9886 | lr 1.94e-05 | 54s
2026-09-20 14:30:44 | INFO    | epoch 30 | batch 700/3143 | loss 0.4164 | acc 0.9885 | lr 1.94e-05 | 55s
2026-09-20 14:30:45 | INFO    | epoch 30 | batch 720/3143 | loss 0.4165 | acc 0.9885 | lr 1.94e-05 | 57s
2026-09-20 14:30:47 | INFO    | epoch 30 | batch 740/3143 | loss 0.4163 | acc 0.9886 | lr 1.93e-05 | 59s
2026-09-20 14:30:48 | INFO    | epoch 30 | batch 760/3143 | loss 0.4166 | acc 0.9884 | lr 1.93e-05 | 60s
2026-09-20 14:30:50 | INFO    | epoch 30 | batch 780/3143 | loss 0.4168 | acc 0.9883 | lr 1.93e-05 | 62s
2026-09-20 14:30:52 | INFO    | epoch 30 | batch 800/3143 | loss 0.4168 | acc 0.9883 | lr 1.93e-05 | 63s
2026-09-20 14:30:53 | INFO    | epoch 30 | batch 820/3143 | loss 0.4172 | acc 0.9881 | lr 1.93e-05 | 65s
2026-09-20 14:30:55 | INFO    | epoch 30 | batch 840/3143 | loss 0.4171 | acc 0.9880 | lr 1.92e-05 | 66s
2026-09-20 14:30:56 | INFO    | epoch 30 | batch 860/3143 | loss 0.4172 | acc 0.9879 | lr 1.92e-05 | 68s
2026-09-20 14:30:58 | INFO    | epoch 30 | batch 880/3143 | loss 0.4170 | acc 0.9881 | lr 1.92e-05 | 70s
2026-09-20 14:31:00 | INFO    | epoch 30 | batch 900/3143 | loss 0.4169 | acc 0.9881 | lr 1.92e-05 | 71s
2026-09-20 14:31:01 | INFO    | epoch 30 | batch 920/3143 | loss 0.4170 | acc 0.9881 | lr 1.92e-05 | 73s
2026-09-20 14:31:03 | INFO    | epoch 30 | batch 940/3143 | loss 0.4168 | acc 0.9882 | lr 1.91e-05 | 74s
2026-09-20 14:31:04 | INFO    | epoch 30 | batch 960/3143 | loss 0.4169 | acc 0.9882 | lr 1.91e-05 | 76s
2026-09-20 14:31:06 | INFO    | epoch 30 | batch 980/3143 | loss 0.4171 | acc 0.9881 | lr 1.91e-05 | 77s
2026-09-20 14:31:07 | INFO    | epoch 30 | batch 1000/3143 | loss 0.4169 | acc 0.9882 | lr 1.91e-05 | 79s
2026-09-20 14:31:09 | INFO    | epoch 30 | batch 1020/3143 | loss 0.4168 | acc 0.9882 | lr 1.91e-05 | 81s
2026-09-20 14:31:11 | INFO    | epoch 30 | batch 1040/3143 | loss 0.4170 | acc 0.9881 | lr 1.90e-05 | 82s
2026-09-20 14:31:12 | INFO    | epoch 30 | batch 1060/3143 | loss 0.4169 | acc 0.9881 | lr 1.90e-05 | 84s
2026-09-20 14:31:14 | INFO    | epoch 30 | batch 1080/3143 | loss 0.4169 | acc 0.9882 | lr 1.90e-05 | 85s
2026-09-20 14:31:15 | INFO    | epoch 30 | batch 1100/3143 | loss 0.4167 | acc 0.9883 | lr 1.90e-05 | 87s
2026-09-20 14:31:17 | INFO    | epoch 30 | batch 1120/3143 | loss 0.4169 | acc 0.9882 | lr 1.90e-05 | 89s
2026-09-20 14:31:19 | INFO    | epoch 30 | batch 1140/3143 | loss 0.4171 | acc 0.9881 | lr 1.89e-05 | 90s
2026-09-20 14:31:20 | INFO    | epoch 30 | batch 1160/3143 | loss 0.4172 | acc 0.9881 | lr 1.89e-05 | 92s
2026-09-20 14:31:22 | INFO    | epoch 30 | batch 1180/3143 | loss 0.4171 | acc 0.9881 | lr 1.89e-05 | 93s
2026-09-20 14:31:23 | INFO    | epoch 30 | batch 1200/3143 | loss 0.4171 | acc 0.9881 | lr 1.89e-05 | 95s
2026-09-20 14:31:25 | INFO    | epoch 30 | batch 1220/3143 | loss 0.4172 | acc 0.9881 | lr 1.89e-05 | 97s
2026-09-20 14:31:26 | INFO    | epoch 30 | batch 1240/3143 | loss 0.4172 | acc 0.9881 | lr 1.88e-05 | 98s
2026-09-20 14:31:28 | INFO    | epoch 30 | batch 1260/3143 | loss 0.4171 | acc 0.9882 | lr 1.88e-05 | 100s
2026-09-20 14:31:30 | INFO    | epoch 30 | batch 1280/3143 | loss 0.4171 | acc 0.9881 | lr 1.88e-05 | 101s
2026-09-20 14:31:31 | INFO    | epoch 30 | batch 1300/3143 | loss 0.4170 | acc 0.9882 | lr 1.88e-05 | 103s
2026-09-20 14:31:33 | INFO    | epoch 30 | batch 1320/3143 | loss 0.4172 | acc 0.9881 | lr 1.88e-05 | 104s
2026-09-20 14:31:34 | INFO    | epoch 30 | batch 1340/3143 | loss 0.4171 | acc 0.9882 | lr 1.87e-05 | 106s
2026-09-20 14:31:36 | INFO    | epoch 30 | batch 1360/3143 | loss 0.4170 | acc 0.9882 | lr 1.87e-05 | 108s
2026-09-20 14:31:38 | INFO    | epoch 30 | batch 1380/3143 | loss 0.4171 | acc 0.9882 | lr 1.87e-05 | 109s
2026-09-20 14:31:39 | INFO    | epoch 30 | batch 1400/3143 | loss 0.4170 | acc 0.9883 | lr 1.87e-05 | 111s
2026-09-20 14:31:41 | INFO    | epoch 30 | batch 1420/3143 | loss 0.4172 | acc 0.9882 | lr 1.87e-05 | 112s
2026-09-20 14:31:42 | INFO    | epoch 30 | batch 1440/3143 | loss 0.4172 | acc 0.9882 | lr 1.86e-05 | 114s
2026-09-20 14:31:44 | INFO    | epoch 30 | batch 1460/3143 | loss 0.4175 | acc 0.9880 | lr 1.86e-05 | 116s
2026-09-20 14:31:45 | INFO    | epoch 30 | batch 1480/3143 | loss 0.4175 | acc 0.9880 | lr 1.86e-05 | 117s
2026-09-20 14:31:47 | INFO    | epoch 30 | batch 1500/3143 | loss 0.4174 | acc 0.9881 | lr 1.86e-05 | 119s
2026-09-20 14:31:49 | INFO    | epoch 30 | batch 1520/3143 | loss 0.4172 | acc 0.9882 | lr 1.86e-05 | 120s
2026-09-20 14:31:50 | INFO    | epoch 30 | batch 1540/3143 | loss 0.4171 | acc 0.9882 | lr 1.85e-05 | 122s
2026-09-20 14:31:52 | INFO    | epoch 30 | batch 1560/3143 | loss 0.4172 | acc 0.9882 | lr 1.85e-05 | 123s
2026-09-20 14:31:53 | INFO    | epoch 30 | batch 1580/3143 | loss 0.4173 | acc 0.9882 | lr 1.85e-05 | 125s
2026-09-20 14:31:55 | INFO    | epoch 30 | batch 1600/3143 | loss 0.4173 | acc 0.9881 | lr 1.85e-05 | 127s
2026-09-20 14:31:56 | INFO    | epoch 30 | batch 1620/3143 | loss 0.4172 | acc 0.9882 | lr 1.85e-05 | 128s
2026-09-20 14:31:58 | INFO    | epoch 30 | batch 1640/3143 | loss 0.4173 | acc 0.9881 | lr 1.84e-05 | 130s
2026-09-20 14:32:00 | INFO    | epoch 30 | batch 1660/3143 | loss 0.4173 | acc 0.9881 | lr 1.84e-05 | 131s
2026-09-20 14:32:01 | INFO    | epoch 30 | batch 1680/3143 | loss 0.4173 | acc 0.9881 | lr 1.84e-05 | 133s
2026-09-20 14:32:03 | INFO    | epoch 30 | batch 1700/3143 | loss 0.4172 | acc 0.9882 | lr 1.84e-05 | 134s
2026-09-20 14:32:04 | INFO    | epoch 30 | batch 1720/3143 | loss 0.4172 | acc 0.9882 | lr 1.84e-05 | 136s
2026-09-20 14:32:06 | INFO    | epoch 30 | batch 1740/3143 | loss 0.4170 | acc 0.9883 | lr 1.83e-05 | 138s
2026-09-20 14:32:08 | INFO    | epoch 30 | batch 1760/3143 | loss 0.4170 | acc 0.9883 | lr 1.83e-05 | 139s
2026-09-20 14:32:09 | INFO    | epoch 30 | batch 1780/3143 | loss 0.4170 | acc 0.9882 | lr 1.83e-05 | 141s
2026-09-20 14:32:11 | INFO    | epoch 30 | batch 1800/3143 | loss 0.4170 | acc 0.9882 | lr 1.83e-05 | 142s
2026-09-20 14:32:12 | INFO    | epoch 30 | batch 1820/3143 | loss 0.4172 | acc 0.9881 | lr 1.83e-05 | 144s
2026-09-20 14:32:14 | INFO    | epoch 30 | batch 1840/3143 | loss 0.4172 | acc 0.9882 | lr 1.82e-05 | 145s
2026-09-20 14:32:15 | INFO    | epoch 30 | batch 1860/3143 | loss 0.4171 | acc 0.9882 | lr 1.82e-05 | 147s
2026-09-20 14:32:17 | INFO    | epoch 30 | batch 1880/3143 | loss 0.4171 | acc 0.9882 | lr 1.82e-05 | 149s
2026-09-20 14:32:19 | INFO    | epoch 30 | batch 1900/3143 | loss 0.4170 | acc 0.9883 | lr 1.82e-05 | 150s
2026-09-20 14:32:20 | INFO    | epoch 30 | batch 1920/3143 | loss 0.4170 | acc 0.9882 | lr 1.82e-05 | 152s
2026-09-20 14:32:22 | INFO    | epoch 30 | batch 1940/3143 | loss 0.4170 | acc 0.9882 | lr 1.81e-05 | 153s
2026-09-20 14:32:23 | INFO    | epoch 30 | batch 1960/3143 | loss 0.4169 | acc 0.9882 | lr 1.81e-05 | 155s
2026-09-20 14:32:25 | INFO    | epoch 30 | batch 1980/3143 | loss 0.4169 | acc 0.9882 | lr 1.81e-05 | 157s
2026-09-20 14:32:27 | INFO    | epoch 30 | batch 2000/3143 | loss 0.4167 | acc 0.9883 | lr 1.81e-05 | 158s
2026-09-20 14:32:28 | INFO    | epoch 30 | batch 2020/3143 | loss 0.4167 | acc 0.9883 | lr 1.81e-05 | 160s
2026-09-20 14:32:30 | INFO    | epoch 30 | batch 2040/3143 | loss 0.4167 | acc 0.9883 | lr 1.80e-05 | 161s
2026-09-20 14:32:31 | INFO    | epoch 30 | batch 2060/3143 | loss 0.4167 | acc 0.9883 | lr 1.80e-05 | 163s
2026-09-20 14:32:33 | INFO    | epoch 30 | batch 2080/3143 | loss 0.4167 | acc 0.9883 | lr 1.80e-05 | 165s
2026-09-20 14:32:34 | INFO    | epoch 30 | batch 2100/3143 | loss 0.4169 | acc 0.9883 | lr 1.80e-05 | 166s
2026-09-20 14:32:36 | INFO    | epoch 30 | batch 2120/3143 | loss 0.4169 | acc 0.9883 | lr 1.80e-05 | 168s
2026-09-20 14:32:38 | INFO    | epoch 30 | batch 2140/3143 | loss 0.4168 | acc 0.9883 | lr 1.79e-05 | 169s
2026-09-20 14:32:39 | INFO    | epoch 30 | batch 2160/3143 | loss 0.4170 | acc 0.9883 | lr 1.79e-05 | 171s
2026-09-20 14:32:41 | INFO    | epoch 30 | batch 2180/3143 | loss 0.4169 | acc 0.9883 | lr 1.79e-05 | 172s
2026-09-20 14:32:42 | INFO    | epoch 30 | batch 2200/3143 | loss 0.4168 | acc 0.9883 | lr 1.79e-05 | 174s
2026-09-20 14:32:44 | INFO    | epoch 30 | batch 2220/3143 | loss 0.4167 | acc 0.9883 | lr 1.79e-05 | 176s
2026-09-20 14:32:45 | INFO    | epoch 30 | batch 2240/3143 | loss 0.4167 | acc 0.9884 | lr 1.78e-05 | 177s
2026-09-20 14:32:47 | INFO    | epoch 30 | batch 2260/3143 | loss 0.4167 | acc 0.9883 | lr 1.78e-05 | 179s
2026-09-20 14:32:49 | INFO    | epoch 30 | batch 2280/3143 | loss 0.4168 | acc 0.9883 | lr 1.78e-05 | 180s
2026-09-20 14:32:50 | INFO    | epoch 30 | batch 2300/3143 | loss 0.4171 | acc 0.9882 | lr 1.78e-05 | 182s
2026-09-20 14:32:52 | INFO    | epoch 30 | batch 2320/3143 | loss 0.4171 | acc 0.9882 | lr 1.78e-05 | 183s
2026-09-20 14:32:53 | INFO    | epoch 30 | batch 2340/3143 | loss 0.4171 | acc 0.9882 | lr 1.78e-05 | 185s
2026-09-20 14:32:55 | INFO    | epoch 30 | batch 2360/3143 | loss 0.4171 | acc 0.9882 | lr 1.77e-05 | 187s
2026-09-20 14:32:56 | INFO    | epoch 30 | batch 2380/3143 | loss 0.4170 | acc 0.9882 | lr 1.77e-05 | 188s
2026-09-20 14:32:58 | INFO    | epoch 30 | batch 2400/3143 | loss 0.4170 | acc 0.9883 | lr 1.77e-05 | 190s
2026-09-20 14:33:00 | INFO    | epoch 30 | batch 2420/3143 | loss 0.4170 | acc 0.9883 | lr 1.77e-05 | 191s
2026-09-20 14:33:01 | INFO    | epoch 30 | batch 2440/3143 | loss 0.4170 | acc 0.9883 | lr 1.77e-05 | 193s
2026-09-20 14:33:03 | INFO    | epoch 30 | batch 2460/3143 | loss 0.4171 | acc 0.9882 | lr 1.76e-05 | 194s
2026-09-20 14:33:04 | INFO    | epoch 30 | batch 2480/3143 | loss 0.4172 | acc 0.9882 | lr 1.76e-05 | 196s
2026-09-20 14:33:06 | INFO    | epoch 30 | batch 2500/3143 | loss 0.4172 | acc 0.9882 | lr 1.76e-05 | 198s
2026-09-20 14:33:08 | INFO    | epoch 30 | batch 2520/3143 | loss 0.4171 | acc 0.9883 | lr 1.76e-05 | 199s
2026-09-20 14:33:09 | INFO    | epoch 30 | batch 2540/3143 | loss 0.4171 | acc 0.9883 | lr 1.76e-05 | 201s
2026-09-20 14:33:11 | INFO    | epoch 30 | batch 2560/3143 | loss 0.4171 | acc 0.9883 | lr 1.75e-05 | 202s
2026-09-20 14:33:12 | INFO    | epoch 30 | batch 2580/3143 | loss 0.4171 | acc 0.9883 | lr 1.75e-05 | 204s
2026-09-20 14:33:14 | INFO    | epoch 30 | batch 2600/3143 | loss 0.4171 | acc 0.9883 | lr 1.75e-05 | 205s
2026-09-20 14:33:15 | INFO    | epoch 30 | batch 2620/3143 | loss 0.4172 | acc 0.9882 | lr 1.75e-05 | 207s
2026-09-20 14:33:17 | INFO    | epoch 30 | batch 2640/3143 | loss 0.4171 | acc 0.9882 | lr 1.75e-05 | 209s
2026-09-20 14:33:19 | INFO    | epoch 30 | batch 2660/3143 | loss 0.4171 | acc 0.9883 | lr 1.74e-05 | 210s
2026-09-20 14:33:20 | INFO    | epoch 30 | batch 2680/3143 | loss 0.4171 | acc 0.9883 | lr 1.74e-05 | 212s
2026-09-20 14:33:22 | INFO    | epoch 30 | batch 2700/3143 | loss 0.4170 | acc 0.9883 | lr 1.74e-05 | 213s
2026-09-20 14:33:23 | INFO    | epoch 30 | batch 2720/3143 | loss 0.4169 | acc 0.9884 | lr 1.74e-05 | 215s
2026-09-20 14:33:25 | INFO    | epoch 30 | batch 2740/3143 | loss 0.4170 | acc 0.9883 | lr 1.74e-05 | 217s
2026-09-20 14:33:27 | INFO    | epoch 30 | batch 2760/3143 | loss 0.4171 | acc 0.9883 | lr 1.73e-05 | 218s
2026-09-20 14:33:28 | INFO    | epoch 30 | batch 2780/3143 | loss 0.4171 | acc 0.9883 | lr 1.73e-05 | 220s
2026-09-20 14:33:30 | INFO    | epoch 30 | batch 2800/3143 | loss 0.4171 | acc 0.9883 | lr 1.73e-05 | 221s
2026-09-20 14:33:31 | INFO    | epoch 30 | batch 2820/3143 | loss 0.4172 | acc 0.9883 | lr 1.73e-05 | 223s
2026-09-20 14:33:33 | INFO    | epoch 30 | batch 2840/3143 | loss 0.4172 | acc 0.9883 | lr 1.73e-05 | 225s
2026-09-20 14:33:34 | INFO    | epoch 30 | batch 2860/3143 | loss 0.4171 | acc 0.9883 | lr 1.72e-05 | 226s
2026-09-20 14:33:36 | INFO    | epoch 30 | batch 2880/3143 | loss 0.4172 | acc 0.9883 | lr 1.72e-05 | 228s
2026-09-20 14:33:38 | INFO    | epoch 30 | batch 2900/3143 | loss 0.4172 | acc 0.9883 | lr 1.72e-05 | 229s
2026-09-20 14:33:39 | INFO    | epoch 30 | batch 2920/3143 | loss 0.4172 | acc 0.9882 | lr 1.72e-05 | 231s
2026-09-20 14:33:41 | INFO    | epoch 30 | batch 2940/3143 | loss 0.4173 | acc 0.9882 | lr 1.72e-05 | 233s
2026-09-20 14:33:43 | INFO    | epoch 30 | batch 2960/3143 | loss 0.4173 | acc 0.9882 | lr 1.72e-05 | 234s
2026-09-20 14:33:44 | INFO    | epoch 30 | batch 2980/3143 | loss 0.4173 | acc 0.9882 | lr 1.71e-05 | 236s
2026-09-20 14:33:46 | INFO    | epoch 30 | batch 3000/3143 | loss 0.4173 | acc 0.9882 | lr 1.71e-05 | 238s
2026-09-20 14:33:48 | INFO    | epoch 30 | batch 3020/3143 | loss 0.4173 | acc 0.9882 | lr 1.71e-05 | 239s
2026-09-20 14:33:49 | INFO    | epoch 30 | batch 3040/3143 | loss 0.4172 | acc 0.9883 | lr 1.71e-05 | 241s
2026-09-20 14:33:51 | INFO    | epoch 30 | batch 3060/3143 | loss 0.4173 | acc 0.9883 | lr 1.71e-05 | 243s
2026-09-20 14:33:52 | INFO    | epoch 30 | batch 3080/3143 | loss 0.4172 | acc 0.9883 | lr 1.70e-05 | 244s
2026-09-20 14:33:54 | INFO    | epoch 30 | batch 3100/3143 | loss 0.4172 | acc 0.9883 | lr 1.70e-05 | 246s
2026-09-20 14:33:56 | INFO    | epoch 30 | batch 3120/3143 | loss 0.4172 | acc 0.9883 | lr 1.70e-05 | 247s
2026-09-20 14:33:57 | INFO    | epoch 30 | batch 3140/3143 | loss 0.4171 | acc 0.9884 | lr 1.70e-05 | 249s
2026-09-20 14:33:58 | INFO    | epoch 30 | batch 3143/3143 | loss 0.4171 | acc 0.9884 | lr 1.70e-05 | 249s
2026-09-20 14:34:09 | INFO    | epoch 30/40 done in 260s | train loss 0.4171 | train running patch (aug): accuracy=0.9884 precision=0.9884 recall=0.9879 f1=0.9881
2026-09-20 14:34:09 | INFO    | epoch 30 train (eval, no aug) | loss 0.3941 | patch[7280]: accuracy=0.9986 precision=0.9984 recall=0.9987 f1=0.9986 | image[455]: accuracy=1.0000 precision=1.0000 recall=1.0000 f1=1.0000
2026-09-20 14:34:09 | INFO    | epoch 30 val | loss 1.1994 | patch[6048]: accuracy=0.6969 precision=0.6734 recall=0.6734 f1=0.6728 | image[96]: accuracy=0.7188 precision=0.6863 recall=0.6860 f1=0.6858
2026-09-20 14:34:09 | INFO    | val_patch_f1 = 0.6728 (best 0.6811 @ epoch 23)
2026-09-20 14:34:11 | INFO    | epoch 31 | batch 20/3143 | loss 0.4236 | acc 0.9875 | lr 1.70e-05 | 2s
2026-09-20 14:34:12 | INFO    | epoch 31 | batch 40/3143 | loss 0.4174 | acc 0.9898 | lr 1.69e-05 | 3s
2026-09-20 14:34:14 | INFO    | epoch 31 | batch 60/3143 | loss 0.4146 | acc 0.9901 | lr 1.69e-05 | 5s
2026-09-20 14:34:15 | INFO    | epoch 31 | batch 80/3143 | loss 0.4122 | acc 0.9918 | lr 1.69e-05 | 6s
2026-09-20 14:34:17 | INFO    | epoch 31 | batch 100/3143 | loss 0.4106 | acc 0.9922 | lr 1.69e-05 | 8s
2026-09-20 14:34:19 | INFO    | epoch 31 | batch 120/3143 | loss 0.4086 | acc 0.9927 | lr 1.69e-05 | 10s
2026-09-20 14:34:20 | INFO    | epoch 31 | batch 140/3143 | loss 0.4093 | acc 0.9924 | lr 1.68e-05 | 11s
2026-09-20 14:34:22 | INFO    | epoch 31 | batch 160/3143 | loss 0.4130 | acc 0.9906 | lr 1.68e-05 | 13s
2026-09-20 14:34:23 | INFO    | epoch 31 | batch 180/3143 | loss 0.4131 | acc 0.9906 | lr 1.68e-05 | 14s
2026-09-20 14:34:25 | INFO    | epoch 31 | batch 200/3143 | loss 0.4157 | acc 0.9892 | lr 1.68e-05 | 16s
2026-09-20 14:34:26 | INFO    | epoch 31 | batch 220/3143 | loss 0.4153 | acc 0.9895 | lr 1.68e-05 | 17s
2026-09-20 14:34:28 | INFO    | epoch 31 | batch 240/3143 | loss 0.4147 | acc 0.9896 | lr 1.67e-05 | 19s
2026-09-20 14:34:30 | INFO    | epoch 31 | batch 260/3143 | loss 0.4149 | acc 0.9897 | lr 1.67e-05 | 21s
2026-09-20 14:34:31 | INFO    | epoch 31 | batch 280/3143 | loss 0.4146 | acc 0.9898 | lr 1.67e-05 | 22s
2026-09-20 14:34:33 | INFO    | epoch 31 | batch 300/3143 | loss 0.4145 | acc 0.9899 | lr 1.67e-05 | 24s
2026-09-20 14:34:34 | INFO    | epoch 31 | batch 320/3143 | loss 0.4139 | acc 0.9902 | lr 1.67e-05 | 25s
2026-09-20 14:34:36 | INFO    | epoch 31 | batch 340/3143 | loss 0.4132 | acc 0.9905 | lr 1.67e-05 | 27s
2026-09-20 14:34:38 | INFO    | epoch 31 | batch 360/3143 | loss 0.4145 | acc 0.9902 | lr 1.66e-05 | 29s
2026-09-20 14:34:39 | INFO    | epoch 31 | batch 380/3143 | loss 0.4147 | acc 0.9901 | lr 1.66e-05 | 30s
2026-09-20 14:34:41 | INFO    | epoch 31 | batch 400/3143 | loss 0.4143 | acc 0.9904 | lr 1.66e-05 | 32s
2026-09-20 14:34:42 | INFO    | epoch 31 | batch 420/3143 | loss 0.4139 | acc 0.9905 | lr 1.66e-05 | 33s
2026-09-20 14:34:44 | INFO    | epoch 31 | batch 440/3143 | loss 0.4139 | acc 0.9905 | lr 1.66e-05 | 35s
2026-09-20 14:34:45 | INFO    | epoch 31 | batch 460/3143 | loss 0.4138 | acc 0.9906 | lr 1.65e-05 | 36s
2026-09-20 14:34:47 | INFO    | epoch 31 | batch 480/3143 | loss 0.4150 | acc 0.9900 | lr 1.65e-05 | 38s
2026-09-20 14:34:49 | INFO    | epoch 31 | batch 500/3143 | loss 0.4152 | acc 0.9898 | lr 1.65e-05 | 40s
2026-09-20 14:34:50 | INFO    | epoch 31 | batch 520/3143 | loss 0.4149 | acc 0.9898 | lr 1.65e-05 | 41s
2026-09-20 14:34:52 | INFO    | epoch 31 | batch 540/3143 | loss 0.4145 | acc 0.9900 | lr 1.65e-05 | 43s
2026-09-20 14:34:53 | INFO    | epoch 31 | batch 560/3143 | loss 0.4151 | acc 0.9898 | lr 1.64e-05 | 44s
2026-09-20 14:34:55 | INFO    | epoch 31 | batch 580/3143 | loss 0.4156 | acc 0.9896 | lr 1.64e-05 | 46s
2026-09-20 14:34:56 | INFO    | epoch 31 | batch 600/3143 | loss 0.4158 | acc 0.9894 | lr 1.64e-05 | 48s
2026-09-20 14:34:58 | INFO    | epoch 31 | batch 620/3143 | loss 0.4160 | acc 0.9892 | lr 1.64e-05 | 49s
2026-09-20 14:35:00 | INFO    | epoch 31 | batch 640/3143 | loss 0.4160 | acc 0.9893 | lr 1.64e-05 | 51s
2026-09-20 14:35:01 | INFO    | epoch 31 | batch 660/3143 | loss 0.4164 | acc 0.9891 | lr 1.63e-05 | 52s
2026-09-20 14:35:03 | INFO    | epoch 31 | batch 680/3143 | loss 0.4167 | acc 0.9890 | lr 1.63e-05 | 54s
2026-09-20 14:35:04 | INFO    | epoch 31 | batch 700/3143 | loss 0.4166 | acc 0.9891 | lr 1.63e-05 | 55s
2026-09-20 14:35:06 | INFO    | epoch 31 | batch 720/3143 | loss 0.4163 | acc 0.9892 | lr 1.63e-05 | 57s
2026-09-20 14:35:08 | INFO    | epoch 31 | batch 740/3143 | loss 0.4163 | acc 0.9892 | lr 1.63e-05 | 59s
2026-09-20 14:35:09 | INFO    | epoch 31 | batch 760/3143 | loss 0.4162 | acc 0.9892 | lr 1.63e-05 | 60s
2026-09-20 14:35:11 | INFO    | epoch 31 | batch 780/3143 | loss 0.4160 | acc 0.9893 | lr 1.62e-05 | 62s
2026-09-20 14:35:12 | INFO    | epoch 31 | batch 800/3143 | loss 0.4162 | acc 0.9893 | lr 1.62e-05 | 63s
2026-09-20 14:35:14 | INFO    | epoch 31 | batch 820/3143 | loss 0.4159 | acc 0.9894 | lr 1.62e-05 | 65s
2026-09-20 14:35:16 | INFO    | epoch 31 | batch 840/3143 | loss 0.4159 | acc 0.9893 | lr 1.62e-05 | 67s
2026-09-20 14:35:17 | INFO    | epoch 31 | batch 860/3143 | loss 0.4158 | acc 0.9893 | lr 1.62e-05 | 68s
2026-09-20 14:35:19 | INFO    | epoch 31 | batch 880/3143 | loss 0.4159 | acc 0.9892 | lr 1.61e-05 | 70s
2026-09-20 14:35:20 | INFO    | epoch 31 | batch 900/3143 | loss 0.4157 | acc 0.9893 | lr 1.61e-05 | 71s
2026-09-20 14:35:22 | INFO    | epoch 31 | batch 920/3143 | loss 0.4159 | acc 0.9893 | lr 1.61e-05 | 73s
2026-09-20 14:35:24 | INFO    | epoch 31 | batch 940/3143 | loss 0.4160 | acc 0.9892 | lr 1.61e-05 | 75s
2026-09-20 14:35:25 | INFO    | epoch 31 | batch 960/3143 | loss 0.4160 | acc 0.9892 | lr 1.61e-05 | 76s
2026-09-20 14:35:27 | INFO    | epoch 31 | batch 980/3143 | loss 0.4160 | acc 0.9892 | lr 1.60e-05 | 78s
2026-09-20 14:35:28 | INFO    | epoch 31 | batch 1000/3143 | loss 0.4162 | acc 0.9890 | lr 1.60e-05 | 79s
2026-09-20 14:35:30 | INFO    | epoch 31 | batch 1020/3143 | loss 0.4160 | acc 0.9891 | lr 1.60e-05 | 81s
2026-09-20 14:35:32 | INFO    | epoch 31 | batch 1040/3143 | loss 0.4161 | acc 0.9890 | lr 1.60e-05 | 83s
2026-09-20 14:35:33 | INFO    | epoch 31 | batch 1060/3143 | loss 0.4158 | acc 0.9892 | lr 1.60e-05 | 84s
2026-09-20 14:35:35 | INFO    | epoch 31 | batch 1080/3143 | loss 0.4162 | acc 0.9890 | lr 1.60e-05 | 86s
2026-09-20 14:35:36 | INFO    | epoch 31 | batch 1100/3143 | loss 0.4162 | acc 0.9890 | lr 1.59e-05 | 87s
2026-09-20 14:35:38 | INFO    | epoch 31 | batch 1120/3143 | loss 0.4164 | acc 0.9889 | lr 1.59e-05 | 89s
2026-09-20 14:35:40 | INFO    | epoch 31 | batch 1140/3143 | loss 0.4164 | acc 0.9890 | lr 1.59e-05 | 91s
2026-09-20 14:35:41 | INFO    | epoch 31 | batch 1160/3143 | loss 0.4164 | acc 0.9888 | lr 1.59e-05 | 92s
2026-09-20 14:35:43 | INFO    | epoch 31 | batch 1180/3143 | loss 0.4168 | acc 0.9886 | lr 1.59e-05 | 94s
2026-09-20 14:35:44 | INFO    | epoch 31 | batch 1200/3143 | loss 0.4166 | acc 0.9887 | lr 1.58e-05 | 95s
2026-09-20 14:35:46 | INFO    | epoch 31 | batch 1220/3143 | loss 0.4167 | acc 0.9887 | lr 1.58e-05 | 97s
2026-09-20 14:35:47 | INFO    | epoch 31 | batch 1240/3143 | loss 0.4166 | acc 0.9887 | lr 1.58e-05 | 99s
2026-09-20 14:35:49 | INFO    | epoch 31 | batch 1260/3143 | loss 0.4166 | acc 0.9888 | lr 1.58e-05 | 100s
2026-09-20 14:35:51 | INFO    | epoch 31 | batch 1280/3143 | loss 0.4166 | acc 0.9888 | lr 1.58e-05 | 102s
2026-09-20 14:35:52 | INFO    | epoch 31 | batch 1300/3143 | loss 0.4164 | acc 0.9889 | lr 1.57e-05 | 103s
2026-09-20 14:35:54 | INFO    | epoch 31 | batch 1320/3143 | loss 0.4164 | acc 0.9888 | lr 1.57e-05 | 105s
2026-09-20 14:35:55 | INFO    | epoch 31 | batch 1340/3143 | loss 0.4163 | acc 0.9888 | lr 1.57e-05 | 107s
2026-09-20 14:35:57 | INFO    | epoch 31 | batch 1360/3143 | loss 0.4164 | acc 0.9888 | lr 1.57e-05 | 108s
2026-09-20 14:35:59 | INFO    | epoch 31 | batch 1380/3143 | loss 0.4164 | acc 0.9888 | lr 1.57e-05 | 110s
2026-09-20 14:36:00 | INFO    | epoch 31 | batch 1400/3143 | loss 0.4165 | acc 0.9888 | lr 1.57e-05 | 111s
2026-09-20 14:36:02 | INFO    | epoch 31 | batch 1420/3143 | loss 0.4166 | acc 0.9888 | lr 1.56e-05 | 113s
2026-09-20 14:36:03 | INFO    | epoch 31 | batch 1440/3143 | loss 0.4167 | acc 0.9887 | lr 1.56e-05 | 114s
2026-09-20 14:36:05 | INFO    | epoch 31 | batch 1460/3143 | loss 0.4166 | acc 0.9887 | lr 1.56e-05 | 116s
2026-09-20 14:36:07 | INFO    | epoch 31 | batch 1480/3143 | loss 0.4165 | acc 0.9888 | lr 1.56e-05 | 118s
2026-09-20 14:36:08 | INFO    | epoch 31 | batch 1500/3143 | loss 0.4164 | acc 0.9888 | lr 1.56e-05 | 119s
2026-09-20 14:36:10 | INFO    | epoch 31 | batch 1520/3143 | loss 0.4164 | acc 0.9888 | lr 1.55e-05 | 121s
2026-09-20 14:36:11 | INFO    | epoch 31 | batch 1540/3143 | loss 0.4165 | acc 0.9887 | lr 1.55e-05 | 123s
2026-09-20 14:36:13 | INFO    | epoch 31 | batch 1560/3143 | loss 0.4166 | acc 0.9887 | lr 1.55e-05 | 124s
2026-09-20 14:36:15 | INFO    | epoch 31 | batch 1580/3143 | loss 0.4168 | acc 0.9886 | lr 1.55e-05 | 126s
2026-09-20 14:36:16 | INFO    | epoch 31 | batch 1600/3143 | loss 0.4167 | acc 0.9887 | lr 1.55e-05 | 127s
2026-09-20 14:36:18 | INFO    | epoch 31 | batch 1620/3143 | loss 0.4168 | acc 0.9886 | lr 1.55e-05 | 129s
2026-09-20 14:36:20 | INFO    | epoch 31 | batch 1640/3143 | loss 0.4167 | acc 0.9887 | lr 1.54e-05 | 131s
2026-09-20 14:36:21 | INFO    | epoch 31 | batch 1660/3143 | loss 0.4165 | acc 0.9888 | lr 1.54e-05 | 132s
2026-09-20 14:36:23 | INFO    | epoch 31 | batch 1680/3143 | loss 0.4165 | acc 0.9887 | lr 1.54e-05 | 134s
2026-09-20 14:36:24 | INFO    | epoch 31 | batch 1700/3143 | loss 0.4168 | acc 0.9886 | lr 1.54e-05 | 135s
2026-09-20 14:36:26 | INFO    | epoch 31 | batch 1720/3143 | loss 0.4169 | acc 0.9885 | lr 1.54e-05 | 137s
2026-09-20 14:36:27 | INFO    | epoch 31 | batch 1740/3143 | loss 0.4168 | acc 0.9885 | lr 1.53e-05 | 138s
2026-09-20 14:36:29 | INFO    | epoch 31 | batch 1760/3143 | loss 0.4167 | acc 0.9886 | lr 1.53e-05 | 140s
2026-09-20 14:36:31 | INFO    | epoch 31 | batch 1780/3143 | loss 0.4166 | acc 0.9886 | lr 1.53e-05 | 142s
2026-09-20 14:36:32 | INFO    | epoch 31 | batch 1800/3143 | loss 0.4166 | acc 0.9886 | lr 1.53e-05 | 143s
2026-09-20 14:36:34 | INFO    | epoch 31 | batch 1820/3143 | loss 0.4166 | acc 0.9886 | lr 1.53e-05 | 145s
2026-09-20 14:36:35 | INFO    | epoch 31 | batch 1840/3143 | loss 0.4166 | acc 0.9886 | lr 1.53e-05 | 146s
2026-09-20 14:36:37 | INFO    | epoch 31 | batch 1860/3143 | loss 0.4165 | acc 0.9886 | lr 1.52e-05 | 148s
2026-09-20 14:36:39 | INFO    | epoch 31 | batch 1880/3143 | loss 0.4166 | acc 0.9885 | lr 1.52e-05 | 150s
2026-09-20 14:36:40 | INFO    | epoch 31 | batch 1900/3143 | loss 0.4165 | acc 0.9886 | lr 1.52e-05 | 151s
2026-09-20 14:36:42 | INFO    | epoch 31 | batch 1920/3143 | loss 0.4164 | acc 0.9886 | lr 1.52e-05 | 153s
2026-09-20 14:36:43 | INFO    | epoch 31 | batch 1940/3143 | loss 0.4164 | acc 0.9886 | lr 1.52e-05 | 154s
2026-09-20 14:36:45 | INFO    | epoch 31 | batch 1960/3143 | loss 0.4164 | acc 0.9886 | lr 1.51e-05 | 156s
2026-09-20 14:36:46 | INFO    | epoch 31 | batch 1980/3143 | loss 0.4165 | acc 0.9886 | lr 1.51e-05 | 157s
2026-09-20 14:36:48 | INFO    | epoch 31 | batch 2000/3143 | loss 0.4164 | acc 0.9886 | lr 1.51e-05 | 159s
2026-09-20 14:36:50 | INFO    | epoch 31 | batch 2020/3143 | loss 0.4164 | acc 0.9886 | lr 1.51e-05 | 161s
2026-09-20 14:36:51 | INFO    | epoch 31 | batch 2040/3143 | loss 0.4165 | acc 0.9886 | lr 1.51e-05 | 162s
2026-09-20 14:36:53 | INFO    | epoch 31 | batch 2060/3143 | loss 0.4165 | acc 0.9886 | lr 1.51e-05 | 164s
2026-09-20 14:36:54 | INFO    | epoch 31 | batch 2080/3143 | loss 0.4165 | acc 0.9886 | lr 1.50e-05 | 165s
2026-09-20 14:36:56 | INFO    | epoch 31 | batch 2100/3143 | loss 0.4164 | acc 0.9886 | lr 1.50e-05 | 167s
2026-09-20 14:36:58 | INFO    | epoch 31 | batch 2120/3143 | loss 0.4164 | acc 0.9887 | lr 1.50e-05 | 169s
2026-09-20 14:36:59 | INFO    | epoch 31 | batch 2140/3143 | loss 0.4164 | acc 0.9886 | lr 1.50e-05 | 170s
2026-09-20 14:37:01 | INFO    | epoch 31 | batch 2160/3143 | loss 0.4163 | acc 0.9886 | lr 1.50e-05 | 172s
2026-09-20 14:37:02 | INFO    | epoch 31 | batch 2180/3143 | loss 0.4163 | acc 0.9886 | lr 1.49e-05 | 173s
2026-09-20 14:37:04 | INFO    | epoch 31 | batch 2200/3143 | loss 0.4164 | acc 0.9886 | lr 1.49e-05 | 175s
2026-09-20 14:37:06 | INFO    | epoch 31 | batch 2220/3143 | loss 0.4164 | acc 0.9886 | lr 1.49e-05 | 177s
2026-09-20 14:37:07 | INFO    | epoch 31 | batch 2240/3143 | loss 0.4163 | acc 0.9886 | lr 1.49e-05 | 178s
2026-09-20 14:37:09 | INFO    | epoch 31 | batch 2260/3143 | loss 0.4163 | acc 0.9886 | lr 1.49e-05 | 180s
2026-09-20 14:37:10 | INFO    | epoch 31 | batch 2280/3143 | loss 0.4163 | acc 0.9887 | lr 1.49e-05 | 182s
2026-09-20 14:37:12 | INFO    | epoch 31 | batch 2300/3143 | loss 0.4162 | acc 0.9887 | lr 1.48e-05 | 183s
2026-09-20 14:37:14 | INFO    | epoch 31 | batch 2320/3143 | loss 0.4161 | acc 0.9887 | lr 1.48e-05 | 185s
2026-09-20 14:37:15 | INFO    | epoch 31 | batch 2340/3143 | loss 0.4160 | acc 0.9888 | lr 1.48e-05 | 186s
2026-09-20 14:37:17 | INFO    | epoch 31 | batch 2360/3143 | loss 0.4162 | acc 0.9887 | lr 1.48e-05 | 188s
2026-09-20 14:37:19 | INFO    | epoch 31 | batch 2380/3143 | loss 0.4162 | acc 0.9887 | lr 1.48e-05 | 190s
2026-09-20 14:37:20 | INFO    | epoch 31 | batch 2400/3143 | loss 0.4162 | acc 0.9887 | lr 1.47e-05 | 191s
2026-09-20 14:37:22 | INFO    | epoch 31 | batch 2420/3143 | loss 0.4162 | acc 0.9886 | lr 1.47e-05 | 193s
2026-09-20 14:37:23 | INFO    | epoch 31 | batch 2440/3143 | loss 0.4162 | acc 0.9887 | lr 1.47e-05 | 194s
2026-09-20 14:37:25 | INFO    | epoch 31 | batch 2460/3143 | loss 0.4162 | acc 0.9887 | lr 1.47e-05 | 196s
2026-09-20 14:37:27 | INFO    | epoch 31 | batch 2480/3143 | loss 0.4161 | acc 0.9887 | lr 1.47e-05 | 198s
2026-09-20 14:37:28 | INFO    | epoch 31 | batch 2500/3143 | loss 0.4162 | acc 0.9887 | lr 1.47e-05 | 199s
2026-09-20 14:37:30 | INFO    | epoch 31 | batch 2520/3143 | loss 0.4162 | acc 0.9887 | lr 1.46e-05 | 201s
2026-09-20 14:37:31 | INFO    | epoch 31 | batch 2540/3143 | loss 0.4162 | acc 0.9886 | lr 1.46e-05 | 202s
2026-09-20 14:37:33 | INFO    | epoch 31 | batch 2560/3143 | loss 0.4162 | acc 0.9886 | lr 1.46e-05 | 204s
2026-09-20 14:37:34 | INFO    | epoch 31 | batch 2580/3143 | loss 0.4162 | acc 0.9886 | lr 1.46e-05 | 205s
2026-09-20 14:37:36 | INFO    | epoch 31 | batch 2600/3143 | loss 0.4162 | acc 0.9886 | lr 1.46e-05 | 207s
2026-09-20 14:37:38 | INFO    | epoch 31 | batch 2620/3143 | loss 0.4163 | acc 0.9886 | lr 1.45e-05 | 209s
2026-09-20 14:37:39 | INFO    | epoch 31 | batch 2640/3143 | loss 0.4164 | acc 0.9886 | lr 1.45e-05 | 210s
2026-09-20 14:37:41 | INFO    | epoch 31 | batch 2660/3143 | loss 0.4162 | acc 0.9887 | lr 1.45e-05 | 212s
2026-09-20 14:37:42 | INFO    | epoch 31 | batch 2680/3143 | loss 0.4162 | acc 0.9886 | lr 1.45e-05 | 213s
2026-09-20 14:37:44 | INFO    | epoch 31 | batch 2700/3143 | loss 0.4163 | acc 0.9886 | lr 1.45e-05 | 215s
2026-09-20 14:37:45 | INFO    | epoch 31 | batch 2720/3143 | loss 0.4163 | acc 0.9886 | lr 1.45e-05 | 217s
2026-09-20 14:37:47 | INFO    | epoch 31 | batch 2740/3143 | loss 0.4162 | acc 0.9886 | lr 1.44e-05 | 218s
2026-09-20 14:37:49 | INFO    | epoch 31 | batch 2760/3143 | loss 0.4162 | acc 0.9886 | lr 1.44e-05 | 220s
2026-09-20 14:37:50 | INFO    | epoch 31 | batch 2780/3143 | loss 0.4162 | acc 0.9887 | lr 1.44e-05 | 221s
2026-09-20 14:37:52 | INFO    | epoch 31 | batch 2800/3143 | loss 0.4162 | acc 0.9886 | lr 1.44e-05 | 223s
2026-09-20 14:37:53 | INFO    | epoch 31 | batch 2820/3143 | loss 0.4163 | acc 0.9886 | lr 1.44e-05 | 224s
2026-09-20 14:37:55 | INFO    | epoch 31 | batch 2840/3143 | loss 0.4163 | acc 0.9887 | lr 1.44e-05 | 226s
2026-09-20 14:37:57 | INFO    | epoch 31 | batch 2860/3143 | loss 0.4162 | acc 0.9887 | lr 1.43e-05 | 228s
2026-09-20 14:37:58 | INFO    | epoch 31 | batch 2880/3143 | loss 0.4161 | acc 0.9887 | lr 1.43e-05 | 229s
2026-09-20 14:38:00 | INFO    | epoch 31 | batch 2900/3143 | loss 0.4161 | acc 0.9887 | lr 1.43e-05 | 231s
2026-09-20 14:38:01 | INFO    | epoch 31 | batch 2920/3143 | loss 0.4160 | acc 0.9888 | lr 1.43e-05 | 232s
2026-09-20 14:38:03 | INFO    | epoch 31 | batch 2940/3143 | loss 0.4161 | acc 0.9888 | lr 1.43e-05 | 234s
2026-09-20 14:38:04 | INFO    | epoch 31 | batch 2960/3143 | loss 0.4161 | acc 0.9888 | lr 1.42e-05 | 236s
2026-09-20 14:38:06 | INFO    | epoch 31 | batch 2980/3143 | loss 0.4160 | acc 0.9888 | lr 1.42e-05 | 237s
2026-09-20 14:38:08 | INFO    | epoch 31 | batch 3000/3143 | loss 0.4160 | acc 0.9888 | lr 1.42e-05 | 239s
2026-09-20 14:38:09 | INFO    | epoch 31 | batch 3020/3143 | loss 0.4161 | acc 0.9887 | lr 1.42e-05 | 240s
2026-09-20 14:38:11 | INFO    | epoch 31 | batch 3040/3143 | loss 0.4161 | acc 0.9887 | lr 1.42e-05 | 242s
2026-09-20 14:38:12 | INFO    | epoch 31 | batch 3060/3143 | loss 0.4161 | acc 0.9887 | lr 1.42e-05 | 243s
2026-09-20 14:38:14 | INFO    | epoch 31 | batch 3080/3143 | loss 0.4161 | acc 0.9887 | lr 1.41e-05 | 245s
2026-09-20 14:38:16 | INFO    | epoch 31 | batch 3100/3143 | loss 0.4161 | acc 0.9887 | lr 1.41e-05 | 247s
2026-09-20 14:38:17 | INFO    | epoch 31 | batch 3120/3143 | loss 0.4161 | acc 0.9886 | lr 1.41e-05 | 248s
2026-09-20 14:38:19 | INFO    | epoch 31 | batch 3140/3143 | loss 0.4161 | acc 0.9886 | lr 1.41e-05 | 250s
2026-09-20 14:38:19 | INFO    | epoch 31 | batch 3143/3143 | loss 0.4161 | acc 0.9886 | lr 1.41e-05 | 250s
2026-09-20 14:38:30 | INFO    | epoch 31/40 done in 261s | train loss 0.4161 | train running patch (aug): accuracy=0.9886 precision=0.9885 recall=0.9882 f1=0.9883
2026-09-20 14:38:30 | INFO    | epoch 31 train (eval, no aug) | loss 0.3919 | patch[7280]: accuracy=0.9996 precision=0.9996 recall=0.9995 f1=0.9996 | image[455]: accuracy=1.0000 precision=1.0000 recall=1.0000 f1=1.0000
2026-09-20 14:38:30 | INFO    | epoch 31 val | loss 1.1963 | patch[6048]: accuracy=0.6936 precision=0.6725 recall=0.6734 f1=0.6724 | image[96]: accuracy=0.7500 precision=0.7324 recall=0.7289 f1=0.7292
2026-09-20 14:38:30 | INFO    | val_patch_f1 = 0.6724 (best 0.6811 @ epoch 23)
2026-09-20 14:38:32 | INFO    | epoch 32 | batch 20/3143 | loss 0.4129 | acc 0.9922 | lr 1.41e-05 | 2s
2026-09-20 14:38:34 | INFO    | epoch 32 | batch 40/3143 | loss 0.4104 | acc 0.9938 | lr 1.40e-05 | 3s
2026-09-20 14:38:35 | INFO    | epoch 32 | batch 60/3143 | loss 0.4152 | acc 0.9906 | lr 1.40e-05 | 5s
2026-09-20 14:38:37 | INFO    | epoch 32 | batch 80/3143 | loss 0.4115 | acc 0.9926 | lr 1.40e-05 | 6s
2026-09-20 14:38:38 | INFO    | epoch 32 | batch 100/3143 | loss 0.4135 | acc 0.9912 | lr 1.40e-05 | 8s
2026-09-20 14:38:40 | INFO    | epoch 32 | batch 120/3143 | loss 0.4159 | acc 0.9896 | lr 1.40e-05 | 9s
2026-09-20 14:38:41 | INFO    | epoch 32 | batch 140/3143 | loss 0.4155 | acc 0.9895 | lr 1.40e-05 | 11s
2026-09-20 14:38:43 | INFO    | epoch 32 | batch 160/3143 | loss 0.4144 | acc 0.9898 | lr 1.39e-05 | 13s
2026-09-20 14:38:45 | INFO    | epoch 32 | batch 180/3143 | loss 0.4132 | acc 0.9905 | lr 1.39e-05 | 14s
2026-09-20 14:38:46 | INFO    | epoch 32 | batch 200/3143 | loss 0.4125 | acc 0.9908 | lr 1.39e-05 | 16s
2026-09-20 14:38:48 | INFO    | epoch 32 | batch 220/3143 | loss 0.4131 | acc 0.9905 | lr 1.39e-05 | 17s
2026-09-20 14:38:49 | INFO    | epoch 32 | batch 240/3143 | loss 0.4133 | acc 0.9905 | lr 1.39e-05 | 19s
2026-09-20 14:38:51 | INFO    | epoch 32 | batch 260/3143 | loss 0.4131 | acc 0.9905 | lr 1.39e-05 | 21s
2026-09-20 14:38:52 | INFO    | epoch 32 | batch 280/3143 | loss 0.4140 | acc 0.9902 | lr 1.38e-05 | 22s
2026-09-20 14:38:54 | INFO    | epoch 32 | batch 300/3143 | loss 0.4144 | acc 0.9901 | lr 1.38e-05 | 24s
2026-09-20 14:38:56 | INFO    | epoch 32 | batch 320/3143 | loss 0.4140 | acc 0.9902 | lr 1.38e-05 | 25s
2026-09-20 14:38:57 | INFO    | epoch 32 | batch 340/3143 | loss 0.4138 | acc 0.9903 | lr 1.38e-05 | 27s
2026-09-20 14:38:59 | INFO    | epoch 32 | batch 360/3143 | loss 0.4140 | acc 0.9902 | lr 1.38e-05 | 28s
2026-09-20 14:39:00 | INFO    | epoch 32 | batch 380/3143 | loss 0.4141 | acc 0.9901 | lr 1.37e-05 | 30s
2026-09-20 14:39:02 | INFO    | epoch 32 | batch 400/3143 | loss 0.4141 | acc 0.9902 | lr 1.37e-05 | 32s
2026-09-20 14:39:04 | INFO    | epoch 32 | batch 420/3143 | loss 0.4148 | acc 0.9897 | lr 1.37e-05 | 33s
2026-09-20 14:39:05 | INFO    | epoch 32 | batch 440/3143 | loss 0.4149 | acc 0.9896 | lr 1.37e-05 | 35s
2026-09-20 14:39:07 | INFO    | epoch 32 | batch 460/3143 | loss 0.4144 | acc 0.9897 | lr 1.37e-05 | 36s
2026-09-20 14:39:08 | INFO    | epoch 32 | batch 480/3143 | loss 0.4147 | acc 0.9896 | lr 1.37e-05 | 38s
2026-09-20 14:39:10 | INFO    | epoch 32 | batch 500/3143 | loss 0.4141 | acc 0.9899 | lr 1.36e-05 | 39s
2026-09-20 14:39:11 | INFO    | epoch 32 | batch 520/3143 | loss 0.4139 | acc 0.9901 | lr 1.36e-05 | 41s
2026-09-20 14:39:13 | INFO    | epoch 32 | batch 540/3143 | loss 0.4140 | acc 0.9900 | lr 1.36e-05 | 43s
2026-09-20 14:39:15 | INFO    | epoch 32 | batch 560/3143 | loss 0.4137 | acc 0.9902 | lr 1.36e-05 | 44s
2026-09-20 14:39:16 | INFO    | epoch 32 | batch 580/3143 | loss 0.4136 | acc 0.9901 | lr 1.36e-05 | 46s
2026-09-20 14:39:18 | INFO    | epoch 32 | batch 600/3143 | loss 0.4134 | acc 0.9902 | lr 1.36e-05 | 47s
2026-09-20 14:39:19 | INFO    | epoch 32 | batch 620/3143 | loss 0.4137 | acc 0.9901 | lr 1.35e-05 | 49s
2026-09-20 14:39:21 | INFO    | epoch 32 | batch 640/3143 | loss 0.4136 | acc 0.9901 | lr 1.35e-05 | 50s
2026-09-20 14:39:22 | INFO    | epoch 32 | batch 660/3143 | loss 0.4135 | acc 0.9902 | lr 1.35e-05 | 52s
2026-09-20 14:39:24 | INFO    | epoch 32 | batch 680/3143 | loss 0.4136 | acc 0.9900 | lr 1.35e-05 | 54s
2026-09-20 14:39:26 | INFO    | epoch 32 | batch 700/3143 | loss 0.4136 | acc 0.9900 | lr 1.35e-05 | 55s
2026-09-20 14:39:27 | INFO    | epoch 32 | batch 720/3143 | loss 0.4139 | acc 0.9898 | lr 1.35e-05 | 57s
2026-09-20 14:39:29 | INFO    | epoch 32 | batch 740/3143 | loss 0.4140 | acc 0.9898 | lr 1.34e-05 | 58s
2026-09-20 14:39:30 | INFO    | epoch 32 | batch 760/3143 | loss 0.4140 | acc 0.9898 | lr 1.34e-05 | 60s
2026-09-20 14:39:32 | INFO    | epoch 32 | batch 780/3143 | loss 0.4143 | acc 0.9896 | lr 1.34e-05 | 61s
2026-09-20 14:39:33 | INFO    | epoch 32 | batch 800/3143 | loss 0.4143 | acc 0.9895 | lr 1.34e-05 | 63s
2026-09-20 14:39:35 | INFO    | epoch 32 | batch 820/3143 | loss 0.4144 | acc 0.9895 | lr 1.34e-05 | 65s
2026-09-20 14:39:37 | INFO    | epoch 32 | batch 840/3143 | loss 0.4145 | acc 0.9894 | lr 1.33e-05 | 66s
2026-09-20 14:39:38 | INFO    | epoch 32 | batch 860/3143 | loss 0.4145 | acc 0.9894 | lr 1.33e-05 | 68s
2026-09-20 14:39:40 | INFO    | epoch 32 | batch 880/3143 | loss 0.4145 | acc 0.9895 | lr 1.33e-05 | 69s
2026-09-20 14:39:41 | INFO    | epoch 32 | batch 900/3143 | loss 0.4143 | acc 0.9896 | lr 1.33e-05 | 71s
2026-09-20 14:39:43 | INFO    | epoch 32 | batch 920/3143 | loss 0.4144 | acc 0.9895 | lr 1.33e-05 | 72s
2026-09-20 14:39:44 | INFO    | epoch 32 | batch 940/3143 | loss 0.4143 | acc 0.9895 | lr 1.33e-05 | 74s
2026-09-20 14:39:46 | INFO    | epoch 32 | batch 960/3143 | loss 0.4141 | acc 0.9896 | lr 1.32e-05 | 76s
2026-09-20 14:39:48 | INFO    | epoch 32 | batch 980/3143 | loss 0.4141 | acc 0.9897 | lr 1.32e-05 | 77s
2026-09-20 14:39:49 | INFO    | epoch 32 | batch 1000/3143 | loss 0.4140 | acc 0.9897 | lr 1.32e-05 | 79s
2026-09-20 14:39:51 | INFO    | epoch 32 | batch 1020/3143 | loss 0.4138 | acc 0.9897 | lr 1.32e-05 | 80s
2026-09-20 14:39:52 | INFO    | epoch 32 | batch 1040/3143 | loss 0.4136 | acc 0.9898 | lr 1.32e-05 | 82s
2026-09-20 14:39:54 | INFO    | epoch 32 | batch 1060/3143 | loss 0.4136 | acc 0.9899 | lr 1.32e-05 | 83s
2026-09-20 14:39:55 | INFO    | epoch 32 | batch 1080/3143 | loss 0.4136 | acc 0.9898 | lr 1.31e-05 | 85s
2026-09-20 14:39:57 | INFO    | epoch 32 | batch 1100/3143 | loss 0.4136 | acc 0.9898 | lr 1.31e-05 | 87s
2026-09-20 14:39:59 | INFO    | epoch 32 | batch 1120/3143 | loss 0.4137 | acc 0.9898 | lr 1.31e-05 | 88s
2026-09-20 14:40:00 | INFO    | epoch 32 | batch 1140/3143 | loss 0.4137 | acc 0.9898 | lr 1.31e-05 | 90s
2026-09-20 14:40:02 | INFO    | epoch 32 | batch 1160/3143 | loss 0.4136 | acc 0.9898 | lr 1.31e-05 | 91s
2026-09-20 14:40:03 | INFO    | epoch 32 | batch 1180/3143 | loss 0.4136 | acc 0.9898 | lr 1.31e-05 | 93s
2026-09-20 14:40:05 | INFO    | epoch 32 | batch 1200/3143 | loss 0.4137 | acc 0.9898 | lr 1.30e-05 | 95s
2026-09-20 14:40:06 | INFO    | epoch 32 | batch 1220/3143 | loss 0.4136 | acc 0.9899 | lr 1.30e-05 | 96s
2026-09-20 14:40:08 | INFO    | epoch 32 | batch 1240/3143 | loss 0.4135 | acc 0.9900 | lr 1.30e-05 | 98s
2026-09-20 14:40:10 | INFO    | epoch 32 | batch 1260/3143 | loss 0.4135 | acc 0.9900 | lr 1.30e-05 | 99s
2026-09-20 14:40:11 | INFO    | epoch 32 | batch 1280/3143 | loss 0.4135 | acc 0.9900 | lr 1.30e-05 | 101s
2026-09-20 14:40:13 | INFO    | epoch 32 | batch 1300/3143 | loss 0.4136 | acc 0.9899 | lr 1.30e-05 | 102s
2026-09-20 14:40:14 | INFO    | epoch 32 | batch 1320/3143 | loss 0.4138 | acc 0.9898 | lr 1.29e-05 | 104s
2026-09-20 14:40:16 | INFO    | epoch 32 | batch 1340/3143 | loss 0.4139 | acc 0.9898 | lr 1.29e-05 | 106s
2026-09-20 14:40:18 | INFO    | epoch 32 | batch 1360/3143 | loss 0.4141 | acc 0.9896 | lr 1.29e-05 | 107s
2026-09-20 14:40:19 | INFO    | epoch 32 | batch 1380/3143 | loss 0.4141 | acc 0.9896 | lr 1.29e-05 | 109s
2026-09-20 14:40:21 | INFO    | epoch 32 | batch 1400/3143 | loss 0.4139 | acc 0.9897 | lr 1.29e-05 | 110s
2026-09-20 14:40:22 | INFO    | epoch 32 | batch 1420/3143 | loss 0.4138 | acc 0.9897 | lr 1.29e-05 | 112s
2026-09-20 14:40:24 | INFO    | epoch 32 | batch 1440/3143 | loss 0.4138 | acc 0.9897 | lr 1.28e-05 | 113s
2026-09-20 14:40:25 | INFO    | epoch 32 | batch 1460/3143 | loss 0.4139 | acc 0.9896 | lr 1.28e-05 | 115s
2026-09-20 14:40:27 | INFO    | epoch 32 | batch 1480/3143 | loss 0.4139 | acc 0.9897 | lr 1.28e-05 | 117s
2026-09-20 14:40:29 | INFO    | epoch 32 | batch 1500/3143 | loss 0.4139 | acc 0.9897 | lr 1.28e-05 | 118s
2026-09-20 14:40:30 | INFO    | epoch 32 | batch 1520/3143 | loss 0.4139 | acc 0.9897 | lr 1.28e-05 | 120s
2026-09-20 14:40:32 | INFO    | epoch 32 | batch 1540/3143 | loss 0.4139 | acc 0.9897 | lr 1.28e-05 | 121s
2026-09-20 14:40:33 | INFO    | epoch 32 | batch 1560/3143 | loss 0.4138 | acc 0.9897 | lr 1.27e-05 | 123s
2026-09-20 14:40:35 | INFO    | epoch 32 | batch 1580/3143 | loss 0.4137 | acc 0.9898 | lr 1.27e-05 | 125s
2026-09-20 14:40:36 | INFO    | epoch 32 | batch 1600/3143 | loss 0.4136 | acc 0.9899 | lr 1.27e-05 | 126s
2026-09-20 14:40:38 | INFO    | epoch 32 | batch 1620/3143 | loss 0.4135 | acc 0.9899 | lr 1.27e-05 | 128s
2026-09-20 14:40:40 | INFO    | epoch 32 | batch 1640/3143 | loss 0.4135 | acc 0.9899 | lr 1.27e-05 | 129s
2026-09-20 14:40:41 | INFO    | epoch 32 | batch 1660/3143 | loss 0.4137 | acc 0.9899 | lr 1.27e-05 | 131s
2026-09-20 14:40:43 | INFO    | epoch 32 | batch 1680/3143 | loss 0.4137 | acc 0.9898 | lr 1.26e-05 | 132s
2026-09-20 14:40:44 | INFO    | epoch 32 | batch 1700/3143 | loss 0.4138 | acc 0.9898 | lr 1.26e-05 | 134s
2026-09-20 14:40:46 | INFO    | epoch 32 | batch 1720/3143 | loss 0.4139 | acc 0.9898 | lr 1.26e-05 | 136s
2026-09-20 14:40:47 | INFO    | epoch 32 | batch 1740/3143 | loss 0.4139 | acc 0.9898 | lr 1.26e-05 | 137s
2026-09-20 14:40:49 | INFO    | epoch 32 | batch 1760/3143 | loss 0.4138 | acc 0.9898 | lr 1.26e-05 | 139s
2026-09-20 14:40:51 | INFO    | epoch 32 | batch 1780/3143 | loss 0.4138 | acc 0.9898 | lr 1.26e-05 | 140s
2026-09-20 14:40:52 | INFO    | epoch 32 | batch 1800/3143 | loss 0.4138 | acc 0.9898 | lr 1.25e-05 | 142s
2026-09-20 14:40:54 | INFO    | epoch 32 | batch 1820/3143 | loss 0.4138 | acc 0.9898 | lr 1.25e-05 | 143s
2026-09-20 14:40:55 | INFO    | epoch 32 | batch 1840/3143 | loss 0.4139 | acc 0.9897 | lr 1.25e-05 | 145s
2026-09-20 14:40:57 | INFO    | epoch 32 | batch 1860/3143 | loss 0.4138 | acc 0.9898 | lr 1.25e-05 | 147s
2026-09-20 14:40:59 | INFO    | epoch 32 | batch 1880/3143 | loss 0.4138 | acc 0.9898 | lr 1.25e-05 | 148s
2026-09-20 14:41:00 | INFO    | epoch 32 | batch 1900/3143 | loss 0.4138 | acc 0.9898 | lr 1.25e-05 | 150s
2026-09-20 14:41:02 | INFO    | epoch 32 | batch 1920/3143 | loss 0.4139 | acc 0.9898 | lr 1.24e-05 | 151s
2026-09-20 14:41:03 | INFO    | epoch 32 | batch 1940/3143 | loss 0.4138 | acc 0.9898 | lr 1.24e-05 | 153s
2026-09-20 14:41:05 | INFO    | epoch 32 | batch 1960/3143 | loss 0.4138 | acc 0.9898 | lr 1.24e-05 | 155s
2026-09-20 14:41:07 | INFO    | epoch 32 | batch 1980/3143 | loss 0.4138 | acc 0.9898 | lr 1.24e-05 | 156s
2026-09-20 14:41:08 | INFO    | epoch 32 | batch 2000/3143 | loss 0.4138 | acc 0.9898 | lr 1.24e-05 | 158s
2026-09-20 14:41:10 | INFO    | epoch 32 | batch 2020/3143 | loss 0.4138 | acc 0.9898 | lr 1.24e-05 | 159s
2026-09-20 14:41:11 | INFO    | epoch 32 | batch 2040/3143 | loss 0.4138 | acc 0.9898 | lr 1.23e-05 | 161s
2026-09-20 14:41:13 | INFO    | epoch 32 | batch 2060/3143 | loss 0.4139 | acc 0.9897 | lr 1.23e-05 | 162s
2026-09-20 14:41:14 | INFO    | epoch 32 | batch 2080/3143 | loss 0.4138 | acc 0.9898 | lr 1.23e-05 | 164s
2026-09-20 14:41:16 | INFO    | epoch 32 | batch 2100/3143 | loss 0.4138 | acc 0.9898 | lr 1.23e-05 | 166s
2026-09-20 14:41:18 | INFO    | epoch 32 | batch 2120/3143 | loss 0.4138 | acc 0.9898 | lr 1.23e-05 | 167s
2026-09-20 14:41:19 | INFO    | epoch 32 | batch 2140/3143 | loss 0.4139 | acc 0.9897 | lr 1.23e-05 | 169s
2026-09-20 14:41:21 | INFO    | epoch 32 | batch 2160/3143 | loss 0.4140 | acc 0.9897 | lr 1.22e-05 | 170s
2026-09-20 14:41:22 | INFO    | epoch 32 | batch 2180/3143 | loss 0.4140 | acc 0.9897 | lr 1.22e-05 | 172s
2026-09-20 14:41:24 | INFO    | epoch 32 | batch 2200/3143 | loss 0.4139 | acc 0.9897 | lr 1.22e-05 | 174s
2026-09-20 14:41:26 | INFO    | epoch 32 | batch 2220/3143 | loss 0.4139 | acc 0.9897 | lr 1.22e-05 | 175s
2026-09-20 14:41:27 | INFO    | epoch 32 | batch 2240/3143 | loss 0.4138 | acc 0.9897 | lr 1.22e-05 | 177s
2026-09-20 14:41:29 | INFO    | epoch 32 | batch 2260/3143 | loss 0.4137 | acc 0.9898 | lr 1.22e-05 | 178s
2026-09-20 14:41:30 | INFO    | epoch 32 | batch 2280/3143 | loss 0.4138 | acc 0.9898 | lr 1.21e-05 | 180s
2026-09-20 14:41:32 | INFO    | epoch 32 | batch 2300/3143 | loss 0.4138 | acc 0.9898 | lr 1.21e-05 | 181s
2026-09-20 14:41:33 | INFO    | epoch 32 | batch 2320/3143 | loss 0.4137 | acc 0.9898 | lr 1.21e-05 | 183s
2026-09-20 14:41:35 | INFO    | epoch 32 | batch 2340/3143 | loss 0.4137 | acc 0.9898 | lr 1.21e-05 | 185s
2026-09-20 14:41:37 | INFO    | epoch 32 | batch 2360/3143 | loss 0.4136 | acc 0.9898 | lr 1.21e-05 | 186s
2026-09-20 14:41:38 | INFO    | epoch 32 | batch 2380/3143 | loss 0.4137 | acc 0.9898 | lr 1.21e-05 | 188s
2026-09-20 14:41:40 | INFO    | epoch 32 | batch 2400/3143 | loss 0.4137 | acc 0.9898 | lr 1.20e-05 | 189s
2026-09-20 14:41:41 | INFO    | epoch 32 | batch 2420/3143 | loss 0.4137 | acc 0.9898 | lr 1.20e-05 | 191s
2026-09-20 14:41:43 | INFO    | epoch 32 | batch 2440/3143 | loss 0.4137 | acc 0.9898 | lr 1.20e-05 | 192s
2026-09-20 14:41:44 | INFO    | epoch 32 | batch 2460/3143 | loss 0.4137 | acc 0.9898 | lr 1.20e-05 | 194s
2026-09-20 14:41:46 | INFO    | epoch 32 | batch 2480/3143 | loss 0.4136 | acc 0.9898 | lr 1.20e-05 | 196s
2026-09-20 14:41:48 | INFO    | epoch 32 | batch 2500/3143 | loss 0.4136 | acc 0.9899 | lr 1.20e-05 | 197s
2026-09-20 14:41:49 | INFO    | epoch 32 | batch 2520/3143 | loss 0.4136 | acc 0.9899 | lr 1.19e-05 | 199s
2026-09-20 14:41:51 | INFO    | epoch 32 | batch 2540/3143 | loss 0.4135 | acc 0.9899 | lr 1.19e-05 | 200s
2026-09-20 14:41:52 | INFO    | epoch 32 | batch 2560/3143 | loss 0.4135 | acc 0.9899 | lr 1.19e-05 | 202s
2026-09-20 14:41:54 | INFO    | epoch 32 | batch 2580/3143 | loss 0.4135 | acc 0.9899 | lr 1.19e-05 | 203s
2026-09-20 14:41:55 | INFO    | epoch 32 | batch 2600/3143 | loss 0.4136 | acc 0.9899 | lr 1.19e-05 | 205s
2026-09-20 14:41:57 | INFO    | epoch 32 | batch 2620/3143 | loss 0.4135 | acc 0.9899 | lr 1.19e-05 | 207s
2026-09-20 14:41:59 | INFO    | epoch 32 | batch 2640/3143 | loss 0.4135 | acc 0.9899 | lr 1.18e-05 | 208s
2026-09-20 14:42:00 | INFO    | epoch 32 | batch 2660/3143 | loss 0.4134 | acc 0.9899 | lr 1.18e-05 | 210s
2026-09-20 14:42:02 | INFO    | epoch 32 | batch 2680/3143 | loss 0.4134 | acc 0.9899 | lr 1.18e-05 | 211s
2026-09-20 14:42:03 | INFO    | epoch 32 | batch 2700/3143 | loss 0.4134 | acc 0.9899 | lr 1.18e-05 | 213s
2026-09-20 14:42:05 | INFO    | epoch 32 | batch 2720/3143 | loss 0.4134 | acc 0.9899 | lr 1.18e-05 | 215s
2026-09-20 14:42:06 | INFO    | epoch 32 | batch 2740/3143 | loss 0.4134 | acc 0.9900 | lr 1.18e-05 | 216s
2026-09-20 14:42:08 | INFO    | epoch 32 | batch 2760/3143 | loss 0.4133 | acc 0.9900 | lr 1.17e-05 | 218s
2026-09-20 14:42:10 | INFO    | epoch 32 | batch 2780/3143 | loss 0.4133 | acc 0.9899 | lr 1.17e-05 | 219s
2026-09-20 14:42:11 | INFO    | epoch 32 | batch 2800/3143 | loss 0.4133 | acc 0.9900 | lr 1.17e-05 | 221s
2026-09-20 14:42:13 | INFO    | epoch 32 | batch 2820/3143 | loss 0.4134 | acc 0.9899 | lr 1.17e-05 | 222s
2026-09-20 14:42:14 | INFO    | epoch 32 | batch 2840/3143 | loss 0.4134 | acc 0.9899 | lr 1.17e-05 | 224s
2026-09-20 14:42:16 | INFO    | epoch 32 | batch 2860/3143 | loss 0.4134 | acc 0.9899 | lr 1.17e-05 | 226s
2026-09-20 14:42:18 | INFO    | epoch 32 | batch 2880/3143 | loss 0.4135 | acc 0.9899 | lr 1.16e-05 | 227s
2026-09-20 14:42:19 | INFO    | epoch 32 | batch 2900/3143 | loss 0.4134 | acc 0.9899 | lr 1.16e-05 | 229s
2026-09-20 14:42:21 | INFO    | epoch 32 | batch 2920/3143 | loss 0.4133 | acc 0.9900 | lr 1.16e-05 | 230s
2026-09-20 14:42:22 | INFO    | epoch 32 | batch 2940/3143 | loss 0.4134 | acc 0.9900 | lr 1.16e-05 | 232s
2026-09-20 14:42:24 | INFO    | epoch 32 | batch 2960/3143 | loss 0.4134 | acc 0.9899 | lr 1.16e-05 | 233s
2026-09-20 14:42:25 | INFO    | epoch 32 | batch 2980/3143 | loss 0.4134 | acc 0.9900 | lr 1.16e-05 | 235s
2026-09-20 14:42:27 | INFO    | epoch 32 | batch 3000/3143 | loss 0.4134 | acc 0.9900 | lr 1.16e-05 | 237s
2026-09-20 14:42:29 | INFO    | epoch 32 | batch 3020/3143 | loss 0.4134 | acc 0.9900 | lr 1.15e-05 | 238s
2026-09-20 14:42:30 | INFO    | epoch 32 | batch 3040/3143 | loss 0.4134 | acc 0.9900 | lr 1.15e-05 | 240s
2026-09-20 14:42:32 | INFO    | epoch 32 | batch 3060/3143 | loss 0.4133 | acc 0.9900 | lr 1.15e-05 | 241s
2026-09-20 14:42:33 | INFO    | epoch 32 | batch 3080/3143 | loss 0.4134 | acc 0.9900 | lr 1.15e-05 | 243s
2026-09-20 14:42:35 | INFO    | epoch 32 | batch 3100/3143 | loss 0.4134 | acc 0.9900 | lr 1.15e-05 | 245s
2026-09-20 14:42:37 | INFO    | epoch 32 | batch 3120/3143 | loss 0.4134 | acc 0.9900 | lr 1.15e-05 | 246s
2026-09-20 14:42:38 | INFO    | epoch 32 | batch 3140/3143 | loss 0.4134 | acc 0.9899 | lr 1.14e-05 | 248s
2026-09-20 14:42:38 | INFO    | epoch 32 | batch 3143/3143 | loss 0.4134 | acc 0.9899 | lr 1.14e-05 | 248s
2026-09-20 14:42:50 | INFO    | epoch 32/40 done in 259s | train loss 0.4134 | train running patch (aug): accuracy=0.9899 precision=0.9898 recall=0.9895 f1=0.9897
2026-09-20 14:42:50 | INFO    | epoch 32 train (eval, no aug) | loss 0.3948 | patch[7280]: accuracy=0.9981 precision=0.9981 recall=0.9983 f1=0.9982 | image[455]: accuracy=1.0000 precision=1.0000 recall=1.0000 f1=1.0000
2026-09-20 14:42:50 | INFO    | epoch 32 val | loss 1.2140 | patch[6048]: accuracy=0.6921 precision=0.6715 recall=0.6718 f1=0.6710 | image[96]: accuracy=0.7188 precision=0.6888 recall=0.6860 f1=0.6861
2026-09-20 14:42:50 | INFO    | val_patch_f1 = 0.6710 (best 0.6811 @ epoch 23)
2026-09-20 14:42:51 | INFO    | epoch 33 | batch 20/3143 | loss 0.4121 | acc 0.9906 | lr 1.14e-05 | 2s
2026-09-20 14:42:53 | INFO    | epoch 33 | batch 40/3143 | loss 0.4144 | acc 0.9898 | lr 1.14e-05 | 3s
2026-09-20 14:42:55 | INFO    | epoch 33 | batch 60/3143 | loss 0.4133 | acc 0.9901 | lr 1.14e-05 | 5s
2026-09-20 14:42:56 | INFO    | epoch 33 | batch 80/3143 | loss 0.4136 | acc 0.9895 | lr 1.14e-05 | 6s
2026-09-20 14:42:58 | INFO    | epoch 33 | batch 100/3143 | loss 0.4127 | acc 0.9906 | lr 1.14e-05 | 8s
2026-09-20 14:42:59 | INFO    | epoch 33 | batch 120/3143 | loss 0.4134 | acc 0.9904 | lr 1.13e-05 | 10s
2026-09-20 14:43:01 | INFO    | epoch 33 | batch 140/3143 | loss 0.4133 | acc 0.9902 | lr 1.13e-05 | 11s
2026-09-20 14:43:02 | INFO    | epoch 33 | batch 160/3143 | loss 0.4122 | acc 0.9904 | lr 1.13e-05 | 13s
2026-09-20 14:43:04 | INFO    | epoch 33 | batch 180/3143 | loss 0.4117 | acc 0.9908 | lr 1.13e-05 | 14s
2026-09-20 14:43:06 | INFO    | epoch 33 | batch 200/3143 | loss 0.4112 | acc 0.9911 | lr 1.13e-05 | 16s
2026-09-20 14:43:07 | INFO    | epoch 33 | batch 220/3143 | loss 0.4112 | acc 0.9911 | lr 1.13e-05 | 18s
2026-09-20 14:43:09 | INFO    | epoch 33 | batch 240/3143 | loss 0.4113 | acc 0.9911 | lr 1.12e-05 | 19s
2026-09-20 14:43:10 | INFO    | epoch 33 | batch 260/3143 | loss 0.4113 | acc 0.9911 | lr 1.12e-05 | 21s
2026-09-20 14:43:12 | INFO    | epoch 33 | batch 280/3143 | loss 0.4110 | acc 0.9913 | lr 1.12e-05 | 22s
2026-09-20 14:43:14 | INFO    | epoch 33 | batch 300/3143 | loss 0.4114 | acc 0.9910 | lr 1.12e-05 | 24s
2026-09-20 14:43:15 | INFO    | epoch 33 | batch 320/3143 | loss 0.4115 | acc 0.9911 | lr 1.12e-05 | 25s
2026-09-20 14:43:17 | INFO    | epoch 33 | batch 340/3143 | loss 0.4115 | acc 0.9912 | lr 1.12e-05 | 27s
2026-09-20 14:43:18 | INFO    | epoch 33 | batch 360/3143 | loss 0.4114 | acc 0.9912 | lr 1.12e-05 | 29s
2026-09-20 14:43:20 | INFO    | epoch 33 | batch 380/3143 | loss 0.4114 | acc 0.9912 | lr 1.11e-05 | 30s
2026-09-20 14:43:22 | INFO    | epoch 33 | batch 400/3143 | loss 0.4111 | acc 0.9912 | lr 1.11e-05 | 32s
2026-09-20 14:43:23 | INFO    | epoch 33 | batch 420/3143 | loss 0.4110 | acc 0.9911 | lr 1.11e-05 | 33s
2026-09-20 14:43:25 | INFO    | epoch 33 | batch 440/3143 | loss 0.4106 | acc 0.9913 | lr 1.11e-05 | 35s
2026-09-20 14:43:26 | INFO    | epoch 33 | batch 460/3143 | loss 0.4101 | acc 0.9916 | lr 1.11e-05 | 37s
2026-09-20 14:43:28 | INFO    | epoch 33 | batch 480/3143 | loss 0.4100 | acc 0.9917 | lr 1.11e-05 | 38s
2026-09-20 14:43:29 | INFO    | epoch 33 | batch 500/3143 | loss 0.4103 | acc 0.9914 | lr 1.10e-05 | 40s
2026-09-20 14:43:31 | INFO    | epoch 33 | batch 520/3143 | loss 0.4106 | acc 0.9914 | lr 1.10e-05 | 41s
2026-09-20 14:43:33 | INFO    | epoch 33 | batch 540/3143 | loss 0.4106 | acc 0.9914 | lr 1.10e-05 | 43s
2026-09-20 14:43:34 | INFO    | epoch 33 | batch 560/3143 | loss 0.4106 | acc 0.9915 | lr 1.10e-05 | 45s
2026-09-20 14:43:36 | INFO    | epoch 33 | batch 580/3143 | loss 0.4110 | acc 0.9913 | lr 1.10e-05 | 46s
2026-09-20 14:43:37 | INFO    | epoch 33 | batch 600/3143 | loss 0.4112 | acc 0.9912 | lr 1.10e-05 | 48s
2026-09-20 14:43:39 | INFO    | epoch 33 | batch 620/3143 | loss 0.4113 | acc 0.9912 | lr 1.09e-05 | 49s
2026-09-20 14:43:41 | INFO    | epoch 33 | batch 640/3143 | loss 0.4112 | acc 0.9913 | lr 1.09e-05 | 51s
2026-09-20 14:43:42 | INFO    | epoch 33 | batch 660/3143 | loss 0.4111 | acc 0.9912 | lr 1.09e-05 | 52s
2026-09-20 14:43:44 | INFO    | epoch 33 | batch 680/3143 | loss 0.4111 | acc 0.9913 | lr 1.09e-05 | 54s
2026-09-20 14:43:45 | INFO    | epoch 33 | batch 700/3143 | loss 0.4109 | acc 0.9914 | lr 1.09e-05 | 56s
2026-09-20 14:43:47 | INFO    | epoch 33 | batch 720/3143 | loss 0.4111 | acc 0.9913 | lr 1.09e-05 | 57s
2026-09-20 14:43:48 | INFO    | epoch 33 | batch 740/3143 | loss 0.4112 | acc 0.9913 | lr 1.09e-05 | 59s
2026-09-20 14:43:50 | INFO    | epoch 33 | batch 760/3143 | loss 0.4116 | acc 0.9911 | lr 1.08e-05 | 60s
2026-09-20 14:43:52 | INFO    | epoch 33 | batch 780/3143 | loss 0.4117 | acc 0.9910 | lr 1.08e-05 | 62s
2026-09-20 14:43:53 | INFO    | epoch 33 | batch 800/3143 | loss 0.4117 | acc 0.9909 | lr 1.08e-05 | 64s
2026-09-20 14:43:55 | INFO    | epoch 33 | batch 820/3143 | loss 0.4116 | acc 0.9909 | lr 1.08e-05 | 65s
2026-09-20 14:43:56 | INFO    | epoch 33 | batch 840/3143 | loss 0.4117 | acc 0.9908 | lr 1.08e-05 | 67s
2026-09-20 14:43:58 | INFO    | epoch 33 | batch 860/3143 | loss 0.4118 | acc 0.9908 | lr 1.08e-05 | 68s
2026-09-20 14:44:00 | INFO    | epoch 33 | batch 880/3143 | loss 0.4119 | acc 0.9908 | lr 1.07e-05 | 70s
2026-09-20 14:44:01 | INFO    | epoch 33 | batch 900/3143 | loss 0.4120 | acc 0.9908 | lr 1.07e-05 | 72s
2026-09-20 14:44:03 | INFO    | epoch 33 | batch 920/3143 | loss 0.4120 | acc 0.9909 | lr 1.07e-05 | 73s
2026-09-20 14:44:04 | INFO    | epoch 33 | batch 940/3143 | loss 0.4122 | acc 0.9908 | lr 1.07e-05 | 75s
2026-09-20 14:44:06 | INFO    | epoch 33 | batch 960/3143 | loss 0.4120 | acc 0.9909 | lr 1.07e-05 | 76s
2026-09-20 14:44:08 | INFO    | epoch 33 | batch 980/3143 | loss 0.4118 | acc 0.9910 | lr 1.07e-05 | 78s
2026-09-20 14:44:09 | INFO    | epoch 33 | batch 1000/3143 | loss 0.4116 | acc 0.9910 | lr 1.07e-05 | 80s
2026-09-20 14:44:11 | INFO    | epoch 33 | batch 1020/3143 | loss 0.4115 | acc 0.9911 | lr 1.06e-05 | 81s
2026-09-20 14:44:13 | INFO    | epoch 33 | batch 1040/3143 | loss 0.4117 | acc 0.9910 | lr 1.06e-05 | 83s
2026-09-20 14:44:14 | INFO    | epoch 33 | batch 1060/3143 | loss 0.4116 | acc 0.9910 | lr 1.06e-05 | 85s
2026-09-20 14:44:16 | INFO    | epoch 33 | batch 1080/3143 | loss 0.4117 | acc 0.9910 | lr 1.06e-05 | 86s
2026-09-20 14:44:17 | INFO    | epoch 33 | batch 1100/3143 | loss 0.4117 | acc 0.9910 | lr 1.06e-05 | 88s
2026-09-20 14:44:19 | INFO    | epoch 33 | batch 1120/3143 | loss 0.4118 | acc 0.9909 | lr 1.06e-05 | 89s
2026-09-20 14:44:21 | INFO    | epoch 33 | batch 1140/3143 | loss 0.4116 | acc 0.9910 | lr 1.05e-05 | 91s
2026-09-20 14:44:22 | INFO    | epoch 33 | batch 1160/3143 | loss 0.4117 | acc 0.9909 | lr 1.05e-05 | 93s
2026-09-20 14:44:24 | INFO    | epoch 33 | batch 1180/3143 | loss 0.4117 | acc 0.9909 | lr 1.05e-05 | 94s
2026-09-20 14:44:25 | INFO    | epoch 33 | batch 1200/3143 | loss 0.4118 | acc 0.9908 | lr 1.05e-05 | 96s
2026-09-20 14:44:27 | INFO    | epoch 33 | batch 1220/3143 | loss 0.4118 | acc 0.9908 | lr 1.05e-05 | 97s
2026-09-20 14:44:29 | INFO    | epoch 33 | batch 1240/3143 | loss 0.4116 | acc 0.9909 | lr 1.05e-05 | 99s
2026-09-20 14:44:30 | INFO    | epoch 33 | batch 1260/3143 | loss 0.4115 | acc 0.9910 | lr 1.05e-05 | 100s
2026-09-20 14:44:32 | INFO    | epoch 33 | batch 1280/3143 | loss 0.4115 | acc 0.9910 | lr 1.04e-05 | 102s
2026-09-20 14:44:33 | INFO    | epoch 33 | batch 1300/3143 | loss 0.4115 | acc 0.9910 | lr 1.04e-05 | 104s
2026-09-20 14:44:35 | INFO    | epoch 33 | batch 1320/3143 | loss 0.4113 | acc 0.9910 | lr 1.04e-05 | 105s
2026-09-20 14:44:37 | INFO    | epoch 33 | batch 1340/3143 | loss 0.4114 | acc 0.9910 | lr 1.04e-05 | 107s
2026-09-20 14:44:38 | INFO    | epoch 33 | batch 1360/3143 | loss 0.4114 | acc 0.9910 | lr 1.04e-05 | 108s
2026-09-20 14:44:40 | INFO    | epoch 33 | batch 1380/3143 | loss 0.4114 | acc 0.9911 | lr 1.04e-05 | 110s
2026-09-20 14:44:41 | INFO    | epoch 33 | batch 1400/3143 | loss 0.4114 | acc 0.9910 | lr 1.03e-05 | 112s
2026-09-20 14:44:43 | INFO    | epoch 33 | batch 1420/3143 | loss 0.4113 | acc 0.9910 | lr 1.03e-05 | 113s
2026-09-20 14:44:44 | INFO    | epoch 33 | batch 1440/3143 | loss 0.4112 | acc 0.9910 | lr 1.03e-05 | 115s
2026-09-20 14:44:46 | INFO    | epoch 33 | batch 1460/3143 | loss 0.4113 | acc 0.9911 | lr 1.03e-05 | 116s
2026-09-20 14:44:48 | INFO    | epoch 33 | batch 1480/3143 | loss 0.4112 | acc 0.9911 | lr 1.03e-05 | 118s
2026-09-20 14:44:49 | INFO    | epoch 33 | batch 1500/3143 | loss 0.4112 | acc 0.9910 | lr 1.03e-05 | 119s
2026-09-20 14:44:51 | INFO    | epoch 33 | batch 1520/3143 | loss 0.4113 | acc 0.9910 | lr 1.03e-05 | 121s
2026-09-20 14:44:52 | INFO    | epoch 33 | batch 1540/3143 | loss 0.4111 | acc 0.9912 | lr 1.02e-05 | 123s
2026-09-20 14:44:54 | INFO    | epoch 33 | batch 1560/3143 | loss 0.4111 | acc 0.9912 | lr 1.02e-05 | 124s
2026-09-20 14:44:55 | INFO    | epoch 33 | batch 1580/3143 | loss 0.4112 | acc 0.9911 | lr 1.02e-05 | 126s
2026-09-20 14:44:57 | INFO    | epoch 33 | batch 1600/3143 | loss 0.4111 | acc 0.9912 | lr 1.02e-05 | 127s
2026-09-20 14:44:59 | INFO    | epoch 33 | batch 1620/3143 | loss 0.4111 | acc 0.9912 | lr 1.02e-05 | 129s
2026-09-20 14:45:00 | INFO    | epoch 33 | batch 1640/3143 | loss 0.4111 | acc 0.9911 | lr 1.02e-05 | 131s
2026-09-20 14:45:02 | INFO    | epoch 33 | batch 1660/3143 | loss 0.4111 | acc 0.9911 | lr 1.01e-05 | 132s
2026-09-20 14:45:03 | INFO    | epoch 33 | batch 1680/3143 | loss 0.4110 | acc 0.9911 | lr 1.01e-05 | 134s
2026-09-20 14:45:05 | INFO    | epoch 33 | batch 1700/3143 | loss 0.4112 | acc 0.9910 | lr 1.01e-05 | 135s
2026-09-20 14:45:07 | INFO    | epoch 33 | batch 1720/3143 | loss 0.4111 | acc 0.9911 | lr 1.01e-05 | 137s
2026-09-20 14:45:08 | INFO    | epoch 33 | batch 1740/3143 | loss 0.4110 | acc 0.9911 | lr 1.01e-05 | 139s
2026-09-20 14:45:10 | INFO    | epoch 33 | batch 1760/3143 | loss 0.4109 | acc 0.9912 | lr 1.01e-05 | 140s
2026-09-20 14:45:11 | INFO    | epoch 33 | batch 1780/3143 | loss 0.4109 | acc 0.9912 | lr 1.01e-05 | 142s
2026-09-20 14:45:13 | INFO    | epoch 33 | batch 1800/3143 | loss 0.4108 | acc 0.9912 | lr 1.00e-05 | 143s
2026-09-20 14:45:15 | INFO    | epoch 33 | batch 1820/3143 | loss 0.4108 | acc 0.9912 | lr 1.00e-05 | 145s
2026-09-20 14:45:16 | INFO    | epoch 33 | batch 1840/3143 | loss 0.4109 | acc 0.9911 | lr 1.00e-05 | 146s
2026-09-20 14:45:18 | INFO    | epoch 33 | batch 1860/3143 | loss 0.4110 | acc 0.9911 | lr 1.00e-05 | 148s
2026-09-20 14:45:19 | INFO    | epoch 33 | batch 1880/3143 | loss 0.4112 | acc 0.9910 | lr 9.98e-06 | 150s
2026-09-20 14:45:21 | INFO    | epoch 33 | batch 1900/3143 | loss 0.4113 | acc 0.9910 | lr 9.97e-06 | 151s
2026-09-20 14:45:23 | INFO    | epoch 33 | batch 1920/3143 | loss 0.4112 | acc 0.9910 | lr 9.95e-06 | 153s
2026-09-20 14:45:24 | INFO    | epoch 33 | batch 1940/3143 | loss 0.4113 | acc 0.9910 | lr 9.94e-06 | 154s
2026-09-20 14:45:26 | INFO    | epoch 33 | batch 1960/3143 | loss 0.4113 | acc 0.9910 | lr 9.92e-06 | 156s
2026-09-20 14:45:27 | INFO    | epoch 33 | batch 1980/3143 | loss 0.4112 | acc 0.9910 | lr 9.91e-06 | 158s
2026-09-20 14:45:29 | INFO    | epoch 33 | batch 2000/3143 | loss 0.4111 | acc 0.9910 | lr 9.89e-06 | 159s
2026-09-20 14:45:30 | INFO    | epoch 33 | batch 2020/3143 | loss 0.4111 | acc 0.9911 | lr 9.88e-06 | 161s
2026-09-20 14:45:32 | INFO    | epoch 33 | batch 2040/3143 | loss 0.4110 | acc 0.9911 | lr 9.86e-06 | 162s
2026-09-20 14:45:34 | INFO    | epoch 33 | batch 2060/3143 | loss 0.4111 | acc 0.9910 | lr 9.85e-06 | 164s
2026-09-20 14:45:35 | INFO    | epoch 33 | batch 2080/3143 | loss 0.4111 | acc 0.9910 | lr 9.83e-06 | 165s
2026-09-20 14:45:37 | INFO    | epoch 33 | batch 2100/3143 | loss 0.4112 | acc 0.9910 | lr 9.82e-06 | 167s
2026-09-20 14:45:38 | INFO    | epoch 33 | batch 2120/3143 | loss 0.4112 | acc 0.9910 | lr 9.80e-06 | 169s
2026-09-20 14:45:40 | INFO    | epoch 33 | batch 2140/3143 | loss 0.4111 | acc 0.9910 | lr 9.79e-06 | 170s
2026-09-20 14:45:41 | INFO    | epoch 33 | batch 2160/3143 | loss 0.4112 | acc 0.9909 | lr 9.77e-06 | 172s
2026-09-20 14:45:43 | INFO    | epoch 33 | batch 2180/3143 | loss 0.4113 | acc 0.9909 | lr 9.76e-06 | 173s
2026-09-20 14:45:45 | INFO    | epoch 33 | batch 2200/3143 | loss 0.4113 | acc 0.9909 | lr 9.74e-06 | 175s
2026-09-20 14:45:46 | INFO    | epoch 33 | batch 2220/3143 | loss 0.4113 | acc 0.9909 | lr 9.73e-06 | 176s
2026-09-20 14:45:48 | INFO    | epoch 33 | batch 2240/3143 | loss 0.4113 | acc 0.9909 | lr 9.71e-06 | 178s
2026-09-20 14:45:49 | INFO    | epoch 33 | batch 2260/3143 | loss 0.4114 | acc 0.9908 | lr 9.70e-06 | 180s
2026-09-20 14:45:51 | INFO    | epoch 33 | batch 2280/3143 | loss 0.4113 | acc 0.9909 | lr 9.69e-06 | 181s
2026-09-20 14:45:53 | INFO    | epoch 33 | batch 2300/3143 | loss 0.4113 | acc 0.9909 | lr 9.67e-06 | 183s
2026-09-20 14:45:54 | INFO    | epoch 33 | batch 2320/3143 | loss 0.4114 | acc 0.9909 | lr 9.66e-06 | 184s
2026-09-20 14:45:56 | INFO    | epoch 33 | batch 2340/3143 | loss 0.4113 | acc 0.9909 | lr 9.64e-06 | 186s
2026-09-20 14:45:57 | INFO    | epoch 33 | batch 2360/3143 | loss 0.4114 | acc 0.9909 | lr 9.63e-06 | 188s
2026-09-20 14:45:59 | INFO    | epoch 33 | batch 2380/3143 | loss 0.4114 | acc 0.9909 | lr 9.61e-06 | 189s
2026-09-20 14:46:00 | INFO    | epoch 33 | batch 2400/3143 | loss 0.4114 | acc 0.9908 | lr 9.60e-06 | 191s
2026-09-20 14:46:02 | INFO    | epoch 33 | batch 2420/3143 | loss 0.4113 | acc 0.9909 | lr 9.58e-06 | 192s
2026-09-20 14:46:04 | INFO    | epoch 33 | batch 2440/3143 | loss 0.4112 | acc 0.9909 | lr 9.57e-06 | 194s
2026-09-20 14:46:05 | INFO    | epoch 33 | batch 2460/3143 | loss 0.4112 | acc 0.9910 | lr 9.55e-06 | 195s
2026-09-20 14:46:07 | INFO    | epoch 33 | batch 2480/3143 | loss 0.4112 | acc 0.9909 | lr 9.54e-06 | 197s
2026-09-20 14:46:08 | INFO    | epoch 33 | batch 2500/3143 | loss 0.4112 | acc 0.9909 | lr 9.52e-06 | 199s
2026-09-20 14:46:10 | INFO    | epoch 33 | batch 2520/3143 | loss 0.4111 | acc 0.9910 | lr 9.51e-06 | 200s
2026-09-20 14:46:12 | INFO    | epoch 33 | batch 2540/3143 | loss 0.4111 | acc 0.9910 | lr 9.49e-06 | 202s
2026-09-20 14:46:13 | INFO    | epoch 33 | batch 2560/3143 | loss 0.4110 | acc 0.9910 | lr 9.48e-06 | 203s
2026-09-20 14:46:15 | INFO    | epoch 33 | batch 2580/3143 | loss 0.4111 | acc 0.9909 | lr 9.47e-06 | 205s
2026-09-20 14:46:16 | INFO    | epoch 33 | batch 2600/3143 | loss 0.4112 | acc 0.9909 | lr 9.45e-06 | 207s
2026-09-20 14:46:18 | INFO    | epoch 33 | batch 2620/3143 | loss 0.4111 | acc 0.9909 | lr 9.44e-06 | 208s
2026-09-20 14:46:19 | INFO    | epoch 33 | batch 2640/3143 | loss 0.4111 | acc 0.9910 | lr 9.42e-06 | 210s
2026-09-20 14:46:21 | INFO    | epoch 33 | batch 2660/3143 | loss 0.4111 | acc 0.9910 | lr 9.41e-06 | 211s
2026-09-20 14:46:23 | INFO    | epoch 33 | batch 2680/3143 | loss 0.4111 | acc 0.9909 | lr 9.39e-06 | 213s
2026-09-20 14:46:24 | INFO    | epoch 33 | batch 2700/3143 | loss 0.4111 | acc 0.9910 | lr 9.38e-06 | 215s
2026-09-20 14:46:26 | INFO    | epoch 33 | batch 2720/3143 | loss 0.4111 | acc 0.9909 | lr 9.36e-06 | 216s
2026-09-20 14:46:27 | INFO    | epoch 33 | batch 2740/3143 | loss 0.4111 | acc 0.9909 | lr 9.35e-06 | 218s
2026-09-20 14:46:29 | INFO    | epoch 33 | batch 2760/3143 | loss 0.4111 | acc 0.9909 | lr 9.34e-06 | 219s
2026-09-20 14:46:31 | INFO    | epoch 33 | batch 2780/3143 | loss 0.4111 | acc 0.9910 | lr 9.32e-06 | 221s
2026-09-20 14:46:32 | INFO    | epoch 33 | batch 2800/3143 | loss 0.4111 | acc 0.9910 | lr 9.31e-06 | 222s
2026-09-20 14:46:34 | INFO    | epoch 33 | batch 2820/3143 | loss 0.4111 | acc 0.9910 | lr 9.29e-06 | 224s
2026-09-20 14:46:35 | INFO    | epoch 33 | batch 2840/3143 | loss 0.4111 | acc 0.9910 | lr 9.28e-06 | 226s
2026-09-20 14:46:37 | INFO    | epoch 33 | batch 2860/3143 | loss 0.4111 | acc 0.9910 | lr 9.26e-06 | 227s
2026-09-20 14:46:38 | INFO    | epoch 33 | batch 2880/3143 | loss 0.4110 | acc 0.9910 | lr 9.25e-06 | 229s
2026-09-20 14:46:40 | INFO    | epoch 33 | batch 2900/3143 | loss 0.4111 | acc 0.9910 | lr 9.23e-06 | 230s
2026-09-20 14:46:42 | INFO    | epoch 33 | batch 2920/3143 | loss 0.4110 | acc 0.9910 | lr 9.22e-06 | 232s
2026-09-20 14:46:43 | INFO    | epoch 33 | batch 2940/3143 | loss 0.4110 | acc 0.9910 | lr 9.21e-06 | 234s
2026-09-20 14:46:45 | INFO    | epoch 33 | batch 2960/3143 | loss 0.4110 | acc 0.9910 | lr 9.19e-06 | 235s
2026-09-20 14:46:46 | INFO    | epoch 33 | batch 2980/3143 | loss 0.4112 | acc 0.9910 | lr 9.18e-06 | 237s
2026-09-20 14:46:48 | INFO    | epoch 33 | batch 3000/3143 | loss 0.4111 | acc 0.9910 | lr 9.16e-06 | 238s
2026-09-20 14:46:50 | INFO    | epoch 33 | batch 3020/3143 | loss 0.4112 | acc 0.9910 | lr 9.15e-06 | 240s
2026-09-20 14:46:51 | INFO    | epoch 33 | batch 3040/3143 | loss 0.4111 | acc 0.9910 | lr 9.13e-06 | 241s
2026-09-20 14:46:53 | INFO    | epoch 33 | batch 3060/3143 | loss 0.4111 | acc 0.9910 | lr 9.12e-06 | 243s
2026-09-20 14:46:54 | INFO    | epoch 33 | batch 3080/3143 | loss 0.4111 | acc 0.9909 | lr 9.11e-06 | 245s
2026-09-20 14:46:56 | INFO    | epoch 33 | batch 3100/3143 | loss 0.4112 | acc 0.9909 | lr 9.09e-06 | 246s
2026-09-20 14:46:57 | INFO    | epoch 33 | batch 3120/3143 | loss 0.4112 | acc 0.9909 | lr 9.08e-06 | 248s
2026-09-20 14:46:59 | INFO    | epoch 33 | batch 3140/3143 | loss 0.4111 | acc 0.9910 | lr 9.06e-06 | 249s
2026-09-20 14:46:59 | INFO    | epoch 33 | batch 3143/3143 | loss 0.4112 | acc 0.9910 | lr 9.06e-06 | 250s
2026-09-20 14:47:11 | INFO    | epoch 33/40 done in 261s | train loss 0.4112 | train running patch (aug): accuracy=0.9910 precision=0.9908 recall=0.9906 f1=0.9907
2026-09-20 14:47:11 | INFO    | epoch 33 train (eval, no aug) | loss 0.3919 | patch[7280]: accuracy=0.9995 precision=0.9994 recall=0.9994 f1=0.9994 | image[455]: accuracy=1.0000 precision=1.0000 recall=1.0000 f1=1.0000
2026-09-20 14:47:11 | INFO    | epoch 33 val | loss 1.1922 | patch[6048]: accuracy=0.7011 precision=0.6808 recall=0.6795 f1=0.6798 | image[96]: accuracy=0.7396 precision=0.7178 recall=0.7108 f1=0.7129
2026-09-20 14:47:11 | INFO    | val_patch_f1 = 0.6798 (best 0.6811 @ epoch 23)
2026-09-20 14:47:11 | INFO    | Early stopping: no val_patch_f1 improvement for 10 epochs
2026-09-20 14:47:11 | INFO    | Training finished: best val_patch_f1=0.6811 at epoch 23
2026-09-20 14:47:11 | INFO    | Loaded model_best.pt (epoch 23) for final evaluation
2026-09-20 14:47:17 | INFO    | FINAL train | loss 0.4042 | patch[7280]: accuracy=0.9938 precision=0.9935 recall=0.9934 f1=0.9934 | image[455]: accuracy=1.0000 precision=1.0000 recall=1.0000 f1=1.0000
2026-09-20 14:47:17 | INFO    | FINAL train patch-level per class:
     class    prec     rec      f1      n
         G  0.9915  0.9939  0.9927   1648
        GP  0.9947  0.9959  0.9953   1696
         M  0.9986  0.9922  0.9954   1408
         T  0.9943  0.9956  0.9950   1584
     clear  0.9884  0.9894  0.9889    944
rows = true, cols = predicted
           G    GP     M     T clear
     G  1638     0     1     1     8
    GP     0  1689     0     7     0
     M     8     0  1397     0     3
     T     0     7     0  1577     0
 clear     6     2     1     1   934
2026-09-20 14:47:17 | INFO    | FINAL train image-level per class:
     class    prec     rec      f1      n
         G  1.0000  1.0000  1.0000    103
        GP  1.0000  1.0000  1.0000    106
         M  1.0000  1.0000  1.0000     88
         T  1.0000  1.0000  1.0000     99
     clear  1.0000  1.0000  1.0000     59
rows = true, cols = predicted
           G    GP     M     T clear
     G   103     0     0     0     0
    GP     0   106     0     0     0
     M     0     0    88     0     0
     T     0     0     0    99     0
 clear     0     0     0     0    59
2026-09-20 14:47:22 | INFO    | FINAL val | loss 1.1612 | patch[6048]: accuracy=0.7050 precision=0.6823 recall=0.6802 f1=0.6811 | image[96]: accuracy=0.7500 precision=0.7276 recall=0.7209 f1=0.7230
2026-09-20 14:47:22 | INFO    | FINAL val patch-level per class:
     class    prec     rec      f1      n
         G  0.6781  0.7128  0.6950   1386
        GP  0.7883  0.7843  0.7863   1386
         M  0.7722  0.7335  0.7524   1197
         T  0.7462  0.7513  0.7488   1323
     clear  0.4266  0.4193  0.4229    756
rows = true, cols = predicted
           G    GP     M     T clear
     G   988    23   127    32   216
    GP    15  1087    19   156   109
     M   124    13   878    85    97
     T    74   198    53   994     4
 clear   256    58    60    65   317
2026-09-20 14:47:22 | INFO    | FINAL val image-level per class:
     class    prec     rec      f1      n
         G  0.7200  0.8182  0.7660     22
        GP  0.8571  0.8182  0.8372     22
         M  0.8824  0.7895  0.8333     19
         T  0.7619  0.7619  0.7619     21
     clear  0.4167  0.4167  0.4167     12
rows = true, cols = predicted
           G    GP     M     T clear
     G    18     0     1     0     3
    GP     0    18     0     1     3
     M     1     0    15     2     1
     T     1     3     1    16     0
 clear     5     0     0     2     5
2026-09-20 14:47:30 | INFO    | FINAL test | loss 1.1754 | patch[6489]: accuracy=0.6901 precision=0.6929 recall=0.6791 f1=0.6811 | image[103]: accuracy=0.7767 precision=0.7836 recall=0.7623 f1=0.7671
2026-09-20 14:47:30 | INFO    | FINAL test patch-level per class:
     class    prec     rec      f1      n
         G  0.5897  0.6715  0.6279   1449
        GP  0.8705  0.6938  0.7722   1512
         M  0.8168  0.6865  0.7460   1260
         T  0.7530  0.8052  0.7782   1386
     clear  0.4346  0.5385  0.4810    882
rows = true, cols = predicted
           G    GP     M     T clear
     G   973     0    46    48   382
    GP    60  1049    34   257   112
     M   252    16   865    57    70
     T    10   137    69  1116    54
 clear   355     3    45     4   475
2026-09-20 14:47:30 | INFO    | FINAL test image-level per class:
     class    prec     rec      f1      n
         G  0.6538  0.7391  0.6939     23
        GP  0.9500  0.7917  0.8636     24
         M  1.0000  0.8000  0.8889     20
         T  0.8696  0.9091  0.8889     22
     clear  0.4444  0.5714  0.5000     14
rows = true, cols = predicted
           G    GP     M     T clear
     G    17     0     0     0     6
    GP     0    19     0     3     2
     M     3     0    16     0     1
     T     0     1     0    20     1
 clear     6     0     0     0     8
2026-09-20 14:47:30 | INFO    | Total time: 8647s | results in logs/abl_p3_size256_20260920_122323
