2026-09-18 21:25:36 | INFO    | Run directory: logs/abl_p2_rot90_20260918_212536
2026-09-18 21:25:36 | INFO    | Device: cuda | torch 2.8.0+cu128 | threads 10
2026-09-18 21:25:36 | INFO    | Seed: 42
2026-09-18 21:25:36 | INFO    | Classes (5): ['G', 'GP', 'M', 'T', 'clear']
2026-09-18 21:25:36 | INFO    | Split: regroup=False group_by=none counts={'train': {'images': 455, 'groups': None}, 'val': {'images': 96, 'groups': None}, 'test': {'images': 103, 'groups': None}}
2026-09-18 21:25:36 | INFO    | Patches: size 224 | train overlap 0.50 | eval overlap 0.00 | train patches/image/epoch None
2026-09-18 21:25:36 | INFO    | Train transform: RandomRotate90 -> RandomHorizontalFlip -> RandomVerticalFlip -> AddGaussianNoise -> Normalize
2026-09-18 21:25:36 | INFO    | Eval transform:  Normalize
2026-09-18 21:25:36 | INFO    | train      455 images, 136500 patches | images per class {'G': 103, 'GP': 106, 'M': 88, 'T': 99, 'clear': 59} | patches per class {'G': 30900, 'GP': 31800, 'M': 26400, 'T': 29700, 'clear': 17700}
2026-09-18 21:25:36 | INFO    | val        96 images, 8448 patches | images per class {'G': 22, 'GP': 22, 'M': 19, 'T': 21, 'clear': 12} | patches per class {'G': 1936, 'GP': 1936, 'M': 1672, 'T': 1848, 'clear': 1056}
2026-09-18 21:25:36 | INFO    | test       103 images, 9064 patches | images per class {'G': 23, 'GP': 24, 'M': 20, 'T': 22, 'clear': 14} | patches per class {'G': 2024, 'GP': 2112, 'M': 1760, 'T': 1936, 'clear': 1232}
2026-09-18 21:25:36 | INFO    | Datasets built in 0.2s
2026-09-18 21:25:36 | INFO    | Train patches per epoch: 136500 (4266 batches of 32)
2026-09-18 21:25:36 | INFO    | Train eval (no aug): every 1 epoch(s) on 7280 patches (16 per image)
2026-09-18 21:25:37 | INFO    | Model: fastvit_t8 | pretrained=True | params 3.26M (trainable 3.26M)
2026-09-18 21:25:37 | INFO    | Training 40 epochs | selection metric val_patch_f1 | patience 10 | amp True
2026-09-18 21:25:49 | INFO    | epoch 1 | batch 20/4266 | loss 1.6817 | acc 0.2000 | lr 1.00e-06 | 12s
2026-09-18 21:25:51 | INFO    | epoch 1 | batch 40/4266 | loss 1.6695 | acc 0.1992 | lr 1.00e-06 | 15s
2026-09-18 21:25:53 | INFO    | epoch 1 | batch 60/4266 | loss 1.6641 | acc 0.2057 | lr 1.00e-06 | 16s
2026-09-18 21:25:55 | INFO    | epoch 1 | batch 80/4266 | loss 1.6658 | acc 0.2008 | lr 1.00e-06 | 18s
2026-09-18 21:25:56 | INFO    | epoch 1 | batch 100/4266 | loss 1.6636 | acc 0.2022 | lr 1.18e-06 | 19s
2026-09-18 21:25:57 | INFO    | epoch 1 | batch 120/4266 | loss 1.6617 | acc 0.2034 | lr 1.42e-06 | 20s
2026-09-18 21:25:59 | INFO    | epoch 1 | batch 140/4266 | loss 1.6604 | acc 0.2049 | lr 1.65e-06 | 22s
2026-09-18 21:26:00 | INFO    | epoch 1 | batch 160/4266 | loss 1.6615 | acc 0.2064 | lr 1.89e-06 | 23s
2026-09-18 21:26:02 | INFO    | epoch 1 | batch 180/4266 | loss 1.6619 | acc 0.2075 | lr 2.12e-06 | 25s
2026-09-18 21:26:03 | INFO    | epoch 1 | batch 200/4266 | loss 1.6594 | acc 0.2081 | lr 2.36e-06 | 26s
2026-09-18 21:26:04 | INFO    | epoch 1 | batch 220/4266 | loss 1.6572 | acc 0.2088 | lr 2.59e-06 | 28s
2026-09-18 21:26:06 | INFO    | epoch 1 | batch 240/4266 | loss 1.6563 | acc 0.2068 | lr 2.82e-06 | 29s
2026-09-18 21:26:07 | INFO    | epoch 1 | batch 260/4266 | loss 1.6547 | acc 0.2076 | lr 3.06e-06 | 30s
2026-09-18 21:26:08 | INFO    | epoch 1 | batch 280/4266 | loss 1.6530 | acc 0.2089 | lr 3.29e-06 | 32s
2026-09-18 21:26:10 | INFO    | epoch 1 | batch 300/4266 | loss 1.6510 | acc 0.2093 | lr 3.53e-06 | 33s
2026-09-18 21:26:11 | INFO    | epoch 1 | batch 320/4266 | loss 1.6493 | acc 0.2118 | lr 3.76e-06 | 34s
2026-09-18 21:26:12 | INFO    | epoch 1 | batch 340/4266 | loss 1.6485 | acc 0.2123 | lr 4.00e-06 | 36s
2026-09-18 21:26:14 | INFO    | epoch 1 | batch 360/4266 | loss 1.6464 | acc 0.2142 | lr 4.23e-06 | 37s
2026-09-18 21:26:15 | INFO    | epoch 1 | batch 380/4266 | loss 1.6453 | acc 0.2142 | lr 4.47e-06 | 38s
2026-09-18 21:26:17 | INFO    | epoch 1 | batch 400/4266 | loss 1.6447 | acc 0.2148 | lr 4.70e-06 | 40s
2026-09-18 21:26:18 | INFO    | epoch 1 | batch 420/4266 | loss 1.6439 | acc 0.2150 | lr 4.93e-06 | 41s
2026-09-18 21:26:19 | INFO    | epoch 1 | batch 440/4266 | loss 1.6436 | acc 0.2153 | lr 5.17e-06 | 42s
2026-09-18 21:26:21 | INFO    | epoch 1 | batch 460/4266 | loss 1.6425 | acc 0.2154 | lr 5.40e-06 | 44s
2026-09-18 21:26:22 | INFO    | epoch 1 | batch 480/4266 | loss 1.6417 | acc 0.2152 | lr 5.64e-06 | 45s
2026-09-18 21:26:23 | INFO    | epoch 1 | batch 500/4266 | loss 1.6403 | acc 0.2172 | lr 5.87e-06 | 46s
2026-09-18 21:26:25 | INFO    | epoch 1 | batch 520/4266 | loss 1.6397 | acc 0.2172 | lr 6.11e-06 | 48s
2026-09-18 21:26:26 | INFO    | epoch 1 | batch 540/4266 | loss 1.6388 | acc 0.2172 | lr 6.34e-06 | 49s
2026-09-18 21:26:27 | INFO    | epoch 1 | batch 560/4266 | loss 1.6379 | acc 0.2169 | lr 6.58e-06 | 50s
2026-09-18 21:26:29 | INFO    | epoch 1 | batch 580/4266 | loss 1.6368 | acc 0.2177 | lr 6.81e-06 | 52s
2026-09-18 21:26:30 | INFO    | epoch 1 | batch 600/4266 | loss 1.6360 | acc 0.2180 | lr 7.04e-06 | 53s
2026-09-18 21:26:31 | INFO    | epoch 1 | batch 620/4266 | loss 1.6346 | acc 0.2192 | lr 7.28e-06 | 54s
2026-09-18 21:26:33 | INFO    | epoch 1 | batch 640/4266 | loss 1.6331 | acc 0.2208 | lr 7.51e-06 | 56s
2026-09-18 21:26:34 | INFO    | epoch 1 | batch 660/4266 | loss 1.6323 | acc 0.2219 | lr 7.75e-06 | 57s
2026-09-18 21:26:35 | INFO    | epoch 1 | batch 680/4266 | loss 1.6314 | acc 0.2226 | lr 7.98e-06 | 58s
2026-09-18 21:26:37 | INFO    | epoch 1 | batch 700/4266 | loss 1.6305 | acc 0.2237 | lr 8.22e-06 | 60s
2026-09-18 21:26:38 | INFO    | epoch 1 | batch 720/4266 | loss 1.6295 | acc 0.2247 | lr 8.45e-06 | 61s
2026-09-18 21:26:39 | INFO    | epoch 1 | batch 740/4266 | loss 1.6282 | acc 0.2257 | lr 8.68e-06 | 63s
2026-09-18 21:26:41 | INFO    | epoch 1 | batch 760/4266 | loss 1.6272 | acc 0.2262 | lr 8.92e-06 | 64s
2026-09-18 21:26:42 | INFO    | epoch 1 | batch 780/4266 | loss 1.6265 | acc 0.2274 | lr 9.15e-06 | 65s
2026-09-18 21:26:44 | INFO    | epoch 1 | batch 800/4266 | loss 1.6253 | acc 0.2289 | lr 9.39e-06 | 67s
2026-09-18 21:26:45 | INFO    | epoch 1 | batch 820/4266 | loss 1.6238 | acc 0.2317 | lr 9.62e-06 | 68s
2026-09-18 21:26:46 | INFO    | epoch 1 | batch 840/4266 | loss 1.6225 | acc 0.2336 | lr 9.86e-06 | 69s
2026-09-18 21:26:48 | INFO    | epoch 1 | batch 860/4266 | loss 1.6211 | acc 0.2351 | lr 1.01e-05 | 71s
2026-09-18 21:26:49 | INFO    | epoch 1 | batch 880/4266 | loss 1.6197 | acc 0.2366 | lr 1.03e-05 | 72s
2026-09-18 21:26:50 | INFO    | epoch 1 | batch 900/4266 | loss 1.6185 | acc 0.2383 | lr 1.06e-05 | 73s
2026-09-18 21:26:52 | INFO    | epoch 1 | batch 920/4266 | loss 1.6162 | acc 0.2406 | lr 1.08e-05 | 75s
2026-09-18 21:26:53 | INFO    | epoch 1 | batch 940/4266 | loss 1.6141 | acc 0.2431 | lr 1.10e-05 | 76s
2026-09-18 21:26:55 | INFO    | epoch 1 | batch 960/4266 | loss 1.6116 | acc 0.2453 | lr 1.13e-05 | 78s
2026-09-18 21:26:56 | INFO    | epoch 1 | batch 980/4266 | loss 1.6090 | acc 0.2477 | lr 1.15e-05 | 79s
2026-09-18 21:26:58 | INFO    | epoch 1 | batch 1000/4266 | loss 1.6067 | acc 0.2496 | lr 1.17e-05 | 81s
2026-09-18 21:26:59 | INFO    | epoch 1 | batch 1020/4266 | loss 1.6042 | acc 0.2517 | lr 1.20e-05 | 82s
2026-09-18 21:27:00 | INFO    | epoch 1 | batch 1040/4266 | loss 1.6015 | acc 0.2538 | lr 1.22e-05 | 83s
2026-09-18 21:27:02 | INFO    | epoch 1 | batch 1060/4266 | loss 1.5987 | acc 0.2555 | lr 1.24e-05 | 85s
2026-09-18 21:27:03 | INFO    | epoch 1 | batch 1080/4266 | loss 1.5960 | acc 0.2571 | lr 1.27e-05 | 86s
2026-09-18 21:27:05 | INFO    | epoch 1 | batch 1100/4266 | loss 1.5937 | acc 0.2587 | lr 1.29e-05 | 88s
2026-09-18 21:27:06 | INFO    | epoch 1 | batch 1120/4266 | loss 1.5911 | acc 0.2608 | lr 1.31e-05 | 89s
2026-09-18 21:27:07 | INFO    | epoch 1 | batch 1140/4266 | loss 1.5885 | acc 0.2626 | lr 1.34e-05 | 90s
2026-09-18 21:27:09 | INFO    | epoch 1 | batch 1160/4266 | loss 1.5856 | acc 0.2645 | lr 1.36e-05 | 92s
2026-09-18 21:27:10 | INFO    | epoch 1 | batch 1180/4266 | loss 1.5831 | acc 0.2659 | lr 1.38e-05 | 93s
2026-09-18 21:27:12 | INFO    | epoch 1 | batch 1200/4266 | loss 1.5805 | acc 0.2677 | lr 1.41e-05 | 95s
2026-09-18 21:27:13 | INFO    | epoch 1 | batch 1220/4266 | loss 1.5782 | acc 0.2690 | lr 1.43e-05 | 96s
2026-09-18 21:27:14 | INFO    | epoch 1 | batch 1240/4266 | loss 1.5757 | acc 0.2702 | lr 1.45e-05 | 98s
2026-09-18 21:27:16 | INFO    | epoch 1 | batch 1260/4266 | loss 1.5726 | acc 0.2726 | lr 1.48e-05 | 99s
2026-09-18 21:27:17 | INFO    | epoch 1 | batch 1280/4266 | loss 1.5697 | acc 0.2746 | lr 1.50e-05 | 100s
2026-09-18 21:27:19 | INFO    | epoch 1 | batch 1300/4266 | loss 1.5677 | acc 0.2760 | lr 1.52e-05 | 102s
2026-09-18 21:27:20 | INFO    | epoch 1 | batch 1320/4266 | loss 1.5651 | acc 0.2779 | lr 1.55e-05 | 103s
2026-09-18 21:27:21 | INFO    | epoch 1 | batch 1340/4266 | loss 1.5626 | acc 0.2792 | lr 1.57e-05 | 104s
2026-09-18 21:27:23 | INFO    | epoch 1 | batch 1360/4266 | loss 1.5598 | acc 0.2809 | lr 1.60e-05 | 106s
2026-09-18 21:27:24 | INFO    | epoch 1 | batch 1380/4266 | loss 1.5575 | acc 0.2823 | lr 1.62e-05 | 107s
2026-09-18 21:27:25 | INFO    | epoch 1 | batch 1400/4266 | loss 1.5552 | acc 0.2842 | lr 1.64e-05 | 108s
2026-09-18 21:27:27 | INFO    | epoch 1 | batch 1420/4266 | loss 1.5527 | acc 0.2857 | lr 1.67e-05 | 110s
2026-09-18 21:27:28 | INFO    | epoch 1 | batch 1440/4266 | loss 1.5501 | acc 0.2878 | lr 1.69e-05 | 111s
2026-09-18 21:27:29 | INFO    | epoch 1 | batch 1460/4266 | loss 1.5478 | acc 0.2892 | lr 1.71e-05 | 113s
2026-09-18 21:27:31 | INFO    | epoch 1 | batch 1480/4266 | loss 1.5457 | acc 0.2904 | lr 1.74e-05 | 114s
2026-09-18 21:27:32 | INFO    | epoch 1 | batch 1500/4266 | loss 1.5433 | acc 0.2919 | lr 1.76e-05 | 115s
2026-09-18 21:27:34 | INFO    | epoch 1 | batch 1520/4266 | loss 1.5415 | acc 0.2932 | lr 1.78e-05 | 117s
2026-09-18 21:27:35 | INFO    | epoch 1 | batch 1540/4266 | loss 1.5392 | acc 0.2948 | lr 1.81e-05 | 118s
2026-09-18 21:27:36 | INFO    | epoch 1 | batch 1560/4266 | loss 1.5367 | acc 0.2966 | lr 1.83e-05 | 119s
2026-09-18 21:27:38 | INFO    | epoch 1 | batch 1580/4266 | loss 1.5346 | acc 0.2981 | lr 1.85e-05 | 121s
2026-09-18 21:27:39 | INFO    | epoch 1 | batch 1600/4266 | loss 1.5324 | acc 0.2997 | lr 1.88e-05 | 122s
2026-09-18 21:27:40 | INFO    | epoch 1 | batch 1620/4266 | loss 1.5304 | acc 0.3007 | lr 1.90e-05 | 123s
2026-09-18 21:27:42 | INFO    | epoch 1 | batch 1640/4266 | loss 1.5281 | acc 0.3021 | lr 1.92e-05 | 125s
2026-09-18 21:27:43 | INFO    | epoch 1 | batch 1660/4266 | loss 1.5263 | acc 0.3032 | lr 1.95e-05 | 126s
2026-09-18 21:27:44 | INFO    | epoch 1 | batch 1680/4266 | loss 1.5244 | acc 0.3045 | lr 1.97e-05 | 128s
2026-09-18 21:27:46 | INFO    | epoch 1 | batch 1700/4266 | loss 1.5221 | acc 0.3062 | lr 1.99e-05 | 129s
2026-09-18 21:27:47 | INFO    | epoch 1 | batch 1720/4266 | loss 1.5201 | acc 0.3078 | lr 2.02e-05 | 130s
2026-09-18 21:27:49 | INFO    | epoch 1 | batch 1740/4266 | loss 1.5183 | acc 0.3091 | lr 2.04e-05 | 132s
2026-09-18 21:27:50 | INFO    | epoch 1 | batch 1760/4266 | loss 1.5163 | acc 0.3107 | lr 2.06e-05 | 133s
2026-09-18 21:27:51 | INFO    | epoch 1 | batch 1780/4266 | loss 1.5143 | acc 0.3119 | lr 2.09e-05 | 134s
2026-09-18 21:27:53 | INFO    | epoch 1 | batch 1800/4266 | loss 1.5126 | acc 0.3127 | lr 2.11e-05 | 136s
2026-09-18 21:27:54 | INFO    | epoch 1 | batch 1820/4266 | loss 1.5109 | acc 0.3137 | lr 2.13e-05 | 137s
2026-09-18 21:27:56 | INFO    | epoch 1 | batch 1840/4266 | loss 1.5087 | acc 0.3151 | lr 2.16e-05 | 139s
2026-09-18 21:27:57 | INFO    | epoch 1 | batch 1860/4266 | loss 1.5068 | acc 0.3164 | lr 2.18e-05 | 140s
2026-09-18 21:27:58 | INFO    | epoch 1 | batch 1880/4266 | loss 1.5049 | acc 0.3175 | lr 2.20e-05 | 141s
2026-09-18 21:28:00 | INFO    | epoch 1 | batch 1900/4266 | loss 1.5030 | acc 0.3191 | lr 2.23e-05 | 143s
2026-09-18 21:28:01 | INFO    | epoch 1 | batch 1920/4266 | loss 1.5008 | acc 0.3206 | lr 2.25e-05 | 144s
2026-09-18 21:28:02 | INFO    | epoch 1 | batch 1940/4266 | loss 1.4988 | acc 0.3219 | lr 2.27e-05 | 145s
2026-09-18 21:28:04 | INFO    | epoch 1 | batch 1960/4266 | loss 1.4974 | acc 0.3226 | lr 2.30e-05 | 147s
2026-09-18 21:28:05 | INFO    | epoch 1 | batch 1980/4266 | loss 1.4957 | acc 0.3238 | lr 2.32e-05 | 148s
2026-09-18 21:28:07 | INFO    | epoch 1 | batch 2000/4266 | loss 1.4937 | acc 0.3251 | lr 2.35e-05 | 150s
2026-09-18 21:28:08 | INFO    | epoch 1 | batch 2020/4266 | loss 1.4917 | acc 0.3264 | lr 2.37e-05 | 151s
2026-09-18 21:28:09 | INFO    | epoch 1 | batch 2040/4266 | loss 1.4898 | acc 0.3278 | lr 2.39e-05 | 152s
2026-09-18 21:28:11 | INFO    | epoch 1 | batch 2060/4266 | loss 1.4879 | acc 0.3291 | lr 2.42e-05 | 154s
2026-09-18 21:28:12 | INFO    | epoch 1 | batch 2080/4266 | loss 1.4865 | acc 0.3302 | lr 2.44e-05 | 155s
2026-09-18 21:28:13 | INFO    | epoch 1 | batch 2100/4266 | loss 1.4844 | acc 0.3318 | lr 2.46e-05 | 156s
2026-09-18 21:28:15 | INFO    | epoch 1 | batch 2120/4266 | loss 1.4825 | acc 0.3332 | lr 2.49e-05 | 158s
2026-09-18 21:28:16 | INFO    | epoch 1 | batch 2140/4266 | loss 1.4809 | acc 0.3342 | lr 2.51e-05 | 159s
2026-09-18 21:28:18 | INFO    | epoch 1 | batch 2160/4266 | loss 1.4791 | acc 0.3357 | lr 2.53e-05 | 161s
2026-09-18 21:28:19 | INFO    | epoch 1 | batch 2180/4266 | loss 1.4772 | acc 0.3368 | lr 2.56e-05 | 162s
2026-09-18 21:28:20 | INFO    | epoch 1 | batch 2200/4266 | loss 1.4751 | acc 0.3383 | lr 2.58e-05 | 164s
2026-09-18 21:28:22 | INFO    | epoch 1 | batch 2220/4266 | loss 1.4737 | acc 0.3393 | lr 2.60e-05 | 165s
2026-09-18 21:28:23 | INFO    | epoch 1 | batch 2240/4266 | loss 1.4718 | acc 0.3406 | lr 2.63e-05 | 166s
2026-09-18 21:28:25 | INFO    | epoch 1 | batch 2260/4266 | loss 1.4701 | acc 0.3415 | lr 2.65e-05 | 168s
2026-09-18 21:28:26 | INFO    | epoch 1 | batch 2280/4266 | loss 1.4684 | acc 0.3428 | lr 2.67e-05 | 169s
2026-09-18 21:28:27 | INFO    | epoch 1 | batch 2300/4266 | loss 1.4668 | acc 0.3439 | lr 2.70e-05 | 170s
2026-09-18 21:28:29 | INFO    | epoch 1 | batch 2320/4266 | loss 1.4650 | acc 0.3451 | lr 2.72e-05 | 172s
2026-09-18 21:28:30 | INFO    | epoch 1 | batch 2340/4266 | loss 1.4634 | acc 0.3463 | lr 2.74e-05 | 173s
2026-09-18 21:28:31 | INFO    | epoch 1 | batch 2360/4266 | loss 1.4619 | acc 0.3472 | lr 2.77e-05 | 175s
2026-09-18 21:28:33 | INFO    | epoch 1 | batch 2380/4266 | loss 1.4605 | acc 0.3483 | lr 2.79e-05 | 176s
2026-09-18 21:28:34 | INFO    | epoch 1 | batch 2400/4266 | loss 1.4587 | acc 0.3494 | lr 2.81e-05 | 177s
2026-09-18 21:28:36 | INFO    | epoch 1 | batch 2420/4266 | loss 1.4570 | acc 0.3505 | lr 2.84e-05 | 179s
2026-09-18 21:28:37 | INFO    | epoch 1 | batch 2440/4266 | loss 1.4551 | acc 0.3518 | lr 2.86e-05 | 180s
2026-09-18 21:28:38 | INFO    | epoch 1 | batch 2460/4266 | loss 1.4532 | acc 0.3529 | lr 2.88e-05 | 181s
2026-09-18 21:28:40 | INFO    | epoch 1 | batch 2480/4266 | loss 1.4517 | acc 0.3539 | lr 2.91e-05 | 183s
2026-09-18 21:28:41 | INFO    | epoch 1 | batch 2500/4266 | loss 1.4500 | acc 0.3550 | lr 2.93e-05 | 184s
2026-09-18 21:28:42 | INFO    | epoch 1 | batch 2520/4266 | loss 1.4486 | acc 0.3561 | lr 2.95e-05 | 185s
2026-09-18 21:28:43 | INFO    | epoch 1 | batch 2540/4266 | loss 1.4471 | acc 0.3574 | lr 2.98e-05 | 186s
2026-09-18 21:28:45 | INFO    | epoch 1 | batch 2560/4266 | loss 1.4456 | acc 0.3583 | lr 3.00e-05 | 188s
2026-09-18 21:28:46 | INFO    | epoch 1 | batch 2580/4266 | loss 1.4444 | acc 0.3589 | lr 3.03e-05 | 189s
2026-09-18 21:28:48 | INFO    | epoch 1 | batch 2600/4266 | loss 1.4431 | acc 0.3597 | lr 3.05e-05 | 191s
2026-09-18 21:28:49 | INFO    | epoch 1 | batch 2620/4266 | loss 1.4413 | acc 0.3611 | lr 3.07e-05 | 192s
2026-09-18 21:28:50 | INFO    | epoch 1 | batch 2640/4266 | loss 1.4400 | acc 0.3619 | lr 3.10e-05 | 193s
2026-09-18 21:28:52 | INFO    | epoch 1 | batch 2660/4266 | loss 1.4385 | acc 0.3628 | lr 3.12e-05 | 195s
2026-09-18 21:28:53 | INFO    | epoch 1 | batch 2680/4266 | loss 1.4370 | acc 0.3639 | lr 3.14e-05 | 196s
2026-09-18 21:28:54 | INFO    | epoch 1 | batch 2700/4266 | loss 1.4359 | acc 0.3648 | lr 3.17e-05 | 198s
2026-09-18 21:28:56 | INFO    | epoch 1 | batch 2720/4266 | loss 1.4345 | acc 0.3659 | lr 3.19e-05 | 199s
2026-09-18 21:28:57 | INFO    | epoch 1 | batch 2740/4266 | loss 1.4329 | acc 0.3671 | lr 3.21e-05 | 200s
2026-09-18 21:28:59 | INFO    | epoch 1 | batch 2760/4266 | loss 1.4312 | acc 0.3681 | lr 3.24e-05 | 202s
2026-09-18 21:29:00 | INFO    | epoch 1 | batch 2780/4266 | loss 1.4299 | acc 0.3689 | lr 3.26e-05 | 203s
2026-09-18 21:29:01 | INFO    | epoch 1 | batch 2800/4266 | loss 1.4285 | acc 0.3699 | lr 3.28e-05 | 204s
2026-09-18 21:29:03 | INFO    | epoch 1 | batch 2820/4266 | loss 1.4269 | acc 0.3710 | lr 3.31e-05 | 206s
2026-09-18 21:29:04 | INFO    | epoch 1 | batch 2840/4266 | loss 1.4251 | acc 0.3721 | lr 3.33e-05 | 207s
2026-09-18 21:29:05 | INFO    | epoch 1 | batch 2860/4266 | loss 1.4235 | acc 0.3733 | lr 3.35e-05 | 209s
2026-09-18 21:29:07 | INFO    | epoch 1 | batch 2880/4266 | loss 1.4219 | acc 0.3742 | lr 3.38e-05 | 210s
2026-09-18 21:29:08 | INFO    | epoch 1 | batch 2900/4266 | loss 1.4205 | acc 0.3752 | lr 3.40e-05 | 211s
2026-09-18 21:29:10 | INFO    | epoch 1 | batch 2920/4266 | loss 1.4191 | acc 0.3762 | lr 3.42e-05 | 213s
2026-09-18 21:29:11 | INFO    | epoch 1 | batch 2940/4266 | loss 1.4178 | acc 0.3770 | lr 3.45e-05 | 214s
2026-09-18 21:29:12 | INFO    | epoch 1 | batch 2960/4266 | loss 1.4167 | acc 0.3779 | lr 3.47e-05 | 215s
2026-09-18 21:29:14 | INFO    | epoch 1 | batch 2980/4266 | loss 1.4153 | acc 0.3788 | lr 3.49e-05 | 217s
2026-09-18 21:29:15 | INFO    | epoch 1 | batch 3000/4266 | loss 1.4139 | acc 0.3796 | lr 3.52e-05 | 218s
2026-09-18 21:29:17 | INFO    | epoch 1 | batch 3020/4266 | loss 1.4122 | acc 0.3808 | lr 3.54e-05 | 220s
2026-09-18 21:29:18 | INFO    | epoch 1 | batch 3040/4266 | loss 1.4110 | acc 0.3816 | lr 3.56e-05 | 221s
2026-09-18 21:29:19 | INFO    | epoch 1 | batch 3060/4266 | loss 1.4094 | acc 0.3827 | lr 3.59e-05 | 222s
2026-09-18 21:29:21 | INFO    | epoch 1 | batch 3080/4266 | loss 1.4080 | acc 0.3837 | lr 3.61e-05 | 224s
2026-09-18 21:29:22 | INFO    | epoch 1 | batch 3100/4266 | loss 1.4068 | acc 0.3844 | lr 3.63e-05 | 225s
2026-09-18 21:29:23 | INFO    | epoch 1 | batch 3120/4266 | loss 1.4053 | acc 0.3854 | lr 3.66e-05 | 227s
2026-09-18 21:29:25 | INFO    | epoch 1 | batch 3140/4266 | loss 1.4039 | acc 0.3862 | lr 3.68e-05 | 228s
2026-09-18 21:29:26 | INFO    | epoch 1 | batch 3160/4266 | loss 1.4027 | acc 0.3869 | lr 3.70e-05 | 229s
2026-09-18 21:29:27 | INFO    | epoch 1 | batch 3180/4266 | loss 1.4015 | acc 0.3876 | lr 3.73e-05 | 231s
2026-09-18 21:29:29 | INFO    | epoch 1 | batch 3200/4266 | loss 1.4001 | acc 0.3887 | lr 3.75e-05 | 232s
2026-09-18 21:29:30 | INFO    | epoch 1 | batch 3220/4266 | loss 1.3988 | acc 0.3896 | lr 3.78e-05 | 233s
2026-09-18 21:29:32 | INFO    | epoch 1 | batch 3240/4266 | loss 1.3974 | acc 0.3906 | lr 3.80e-05 | 235s
2026-09-18 21:29:33 | INFO    | epoch 1 | batch 3260/4266 | loss 1.3960 | acc 0.3915 | lr 3.82e-05 | 236s
2026-09-18 21:29:34 | INFO    | epoch 1 | batch 3280/4266 | loss 1.3946 | acc 0.3923 | lr 3.85e-05 | 237s
2026-09-18 21:29:36 | INFO    | epoch 1 | batch 3300/4266 | loss 1.3933 | acc 0.3932 | lr 3.87e-05 | 239s
2026-09-18 21:29:37 | INFO    | epoch 1 | batch 3320/4266 | loss 1.3920 | acc 0.3941 | lr 3.89e-05 | 240s
2026-09-18 21:29:39 | INFO    | epoch 1 | batch 3340/4266 | loss 1.3907 | acc 0.3951 | lr 3.92e-05 | 242s
2026-09-18 21:29:40 | INFO    | epoch 1 | batch 3360/4266 | loss 1.3895 | acc 0.3958 | lr 3.94e-05 | 243s
2026-09-18 21:29:41 | INFO    | epoch 1 | batch 3380/4266 | loss 1.3885 | acc 0.3966 | lr 3.96e-05 | 244s
2026-09-18 21:29:43 | INFO    | epoch 1 | batch 3400/4266 | loss 1.3870 | acc 0.3976 | lr 3.99e-05 | 246s
2026-09-18 21:29:44 | INFO    | epoch 1 | batch 3420/4266 | loss 1.3860 | acc 0.3984 | lr 4.01e-05 | 247s
2026-09-18 21:29:45 | INFO    | epoch 1 | batch 3440/4266 | loss 1.3848 | acc 0.3993 | lr 4.03e-05 | 249s
2026-09-18 21:29:47 | INFO    | epoch 1 | batch 3460/4266 | loss 1.3836 | acc 0.4001 | lr 4.06e-05 | 250s
2026-09-18 21:29:48 | INFO    | epoch 1 | batch 3480/4266 | loss 1.3823 | acc 0.4010 | lr 4.08e-05 | 251s
2026-09-18 21:29:50 | INFO    | epoch 1 | batch 3500/4266 | loss 1.3811 | acc 0.4018 | lr 4.10e-05 | 253s
2026-09-18 21:29:51 | INFO    | epoch 1 | batch 3520/4266 | loss 1.3800 | acc 0.4025 | lr 4.13e-05 | 254s
2026-09-18 21:29:52 | INFO    | epoch 1 | batch 3540/4266 | loss 1.3786 | acc 0.4034 | lr 4.15e-05 | 255s
2026-09-18 21:29:54 | INFO    | epoch 1 | batch 3560/4266 | loss 1.3773 | acc 0.4043 | lr 4.17e-05 | 257s
2026-09-18 21:29:55 | INFO    | epoch 1 | batch 3580/4266 | loss 1.3761 | acc 0.4051 | lr 4.20e-05 | 258s
2026-09-18 21:29:57 | INFO    | epoch 1 | batch 3600/4266 | loss 1.3747 | acc 0.4061 | lr 4.22e-05 | 260s
2026-09-18 21:29:58 | INFO    | epoch 1 | batch 3620/4266 | loss 1.3735 | acc 0.4069 | lr 4.24e-05 | 261s
2026-09-18 21:29:59 | INFO    | epoch 1 | batch 3640/4266 | loss 1.3720 | acc 0.4079 | lr 4.27e-05 | 262s
2026-09-18 21:30:01 | INFO    | epoch 1 | batch 3660/4266 | loss 1.3708 | acc 0.4089 | lr 4.29e-05 | 264s
2026-09-18 21:30:02 | INFO    | epoch 1 | batch 3680/4266 | loss 1.3694 | acc 0.4098 | lr 4.31e-05 | 265s
2026-09-18 21:30:03 | INFO    | epoch 1 | batch 3700/4266 | loss 1.3682 | acc 0.4108 | lr 4.34e-05 | 266s
2026-09-18 21:30:05 | INFO    | epoch 1 | batch 3720/4266 | loss 1.3671 | acc 0.4114 | lr 4.36e-05 | 268s
2026-09-18 21:30:06 | INFO    | epoch 1 | batch 3740/4266 | loss 1.3660 | acc 0.4122 | lr 4.38e-05 | 269s
2026-09-18 21:30:07 | INFO    | epoch 1 | batch 3760/4266 | loss 1.3648 | acc 0.4131 | lr 4.41e-05 | 271s
2026-09-18 21:30:09 | INFO    | epoch 1 | batch 3780/4266 | loss 1.3636 | acc 0.4139 | lr 4.43e-05 | 272s
2026-09-18 21:30:10 | INFO    | epoch 1 | batch 3800/4266 | loss 1.3624 | acc 0.4148 | lr 4.45e-05 | 273s
2026-09-18 21:30:11 | INFO    | epoch 1 | batch 3820/4266 | loss 1.3615 | acc 0.4155 | lr 4.48e-05 | 275s
2026-09-18 21:30:13 | INFO    | epoch 1 | batch 3840/4266 | loss 1.3603 | acc 0.4164 | lr 4.50e-05 | 276s
2026-09-18 21:30:14 | INFO    | epoch 1 | batch 3860/4266 | loss 1.3589 | acc 0.4173 | lr 4.53e-05 | 277s
2026-09-18 21:30:16 | INFO    | epoch 1 | batch 3880/4266 | loss 1.3579 | acc 0.4181 | lr 4.55e-05 | 279s
2026-09-18 21:30:17 | INFO    | epoch 1 | batch 3900/4266 | loss 1.3569 | acc 0.4189 | lr 4.57e-05 | 280s
2026-09-18 21:30:18 | INFO    | epoch 1 | batch 3920/4266 | loss 1.3558 | acc 0.4196 | lr 4.60e-05 | 281s
2026-09-18 21:30:20 | INFO    | epoch 1 | batch 3940/4266 | loss 1.3545 | acc 0.4204 | lr 4.62e-05 | 283s
2026-09-18 21:30:21 | INFO    | epoch 1 | batch 3960/4266 | loss 1.3534 | acc 0.4211 | lr 4.64e-05 | 284s
2026-09-18 21:30:22 | INFO    | epoch 1 | batch 3980/4266 | loss 1.3522 | acc 0.4220 | lr 4.67e-05 | 285s
2026-09-18 21:30:24 | INFO    | epoch 1 | batch 4000/4266 | loss 1.3510 | acc 0.4228 | lr 4.69e-05 | 287s
2026-09-18 21:30:25 | INFO    | epoch 1 | batch 4020/4266 | loss 1.3499 | acc 0.4236 | lr 4.71e-05 | 288s
2026-09-18 21:30:26 | INFO    | epoch 1 | batch 4040/4266 | loss 1.3489 | acc 0.4243 | lr 4.74e-05 | 289s
2026-09-18 21:30:28 | INFO    | epoch 1 | batch 4060/4266 | loss 1.3480 | acc 0.4250 | lr 4.76e-05 | 291s
2026-09-18 21:30:29 | INFO    | epoch 1 | batch 4080/4266 | loss 1.3469 | acc 0.4257 | lr 4.78e-05 | 292s
2026-09-18 21:30:31 | INFO    | epoch 1 | batch 4100/4266 | loss 1.3458 | acc 0.4266 | lr 4.81e-05 | 294s
2026-09-18 21:30:32 | INFO    | epoch 1 | batch 4120/4266 | loss 1.3447 | acc 0.4273 | lr 4.83e-05 | 295s
2026-09-18 21:30:33 | INFO    | epoch 1 | batch 4140/4266 | loss 1.3439 | acc 0.4280 | lr 4.85e-05 | 296s
2026-09-18 21:30:35 | INFO    | epoch 1 | batch 4160/4266 | loss 1.3428 | acc 0.4286 | lr 4.88e-05 | 298s
2026-09-18 21:30:36 | INFO    | epoch 1 | batch 4180/4266 | loss 1.3417 | acc 0.4293 | lr 4.90e-05 | 299s
2026-09-18 21:30:37 | INFO    | epoch 1 | batch 4200/4266 | loss 1.3406 | acc 0.4301 | lr 4.92e-05 | 301s
2026-09-18 21:30:39 | INFO    | epoch 1 | batch 4220/4266 | loss 1.3396 | acc 0.4308 | lr 4.95e-05 | 302s
2026-09-18 21:30:40 | INFO    | epoch 1 | batch 4240/4266 | loss 1.3384 | acc 0.4316 | lr 4.97e-05 | 303s
2026-09-18 21:30:42 | INFO    | epoch 1 | batch 4260/4266 | loss 1.3375 | acc 0.4322 | lr 4.99e-05 | 305s
2026-09-18 21:30:51 | INFO    | epoch 1 | batch 4266/4266 | loss 1.3373 | acc 0.4324 | lr 5.00e-05 | 314s
2026-09-18 21:31:06 | INFO    | epoch 1/40 done in 329s | train loss 1.3373 | train running patch (aug): accuracy=0.4324 precision=0.4110 recall=0.4014 f1=0.3934
2026-09-18 21:31:06 | INFO    | epoch 1 train (eval, no aug) | loss 1.0536 | patch[7280]: accuracy=0.6284 precision=0.6214 recall=0.5958 f1=0.5927 | image[455]: accuracy=0.6857 precision=0.7024 recall=0.6495 f1=0.6469
2026-09-18 21:31:06 | INFO    | epoch 1 val | loss 1.1213 | patch[8448]: accuracy=0.6075 precision=0.5905 recall=0.5678 f1=0.5602 | image[96]: accuracy=0.6458 precision=0.7187 recall=0.6031 f1=0.5963
2026-09-18 21:31:06 | INFO    | val_patch_f1 = 0.5602 (best 0.5602 @ epoch 1) *
2026-09-18 21:31:08 | INFO    | epoch 2 | batch 20/4266 | loss 1.1482 | acc 0.5516 | lr 5.02e-05 | 1s
2026-09-18 21:31:09 | INFO    | epoch 2 | batch 40/4266 | loss 1.1414 | acc 0.5695 | lr 5.05e-05 | 3s
2026-09-18 21:31:10 | INFO    | epoch 2 | batch 60/4266 | loss 1.1307 | acc 0.5818 | lr 5.07e-05 | 4s
2026-09-18 21:31:12 | INFO    | epoch 2 | batch 80/4266 | loss 1.1195 | acc 0.5813 | lr 5.09e-05 | 6s
2026-09-18 21:31:13 | INFO    | epoch 2 | batch 100/4266 | loss 1.1185 | acc 0.5784 | lr 5.12e-05 | 7s
2026-09-18 21:31:15 | INFO    | epoch 2 | batch 120/4266 | loss 1.1211 | acc 0.5789 | lr 5.14e-05 | 8s
2026-09-18 21:31:16 | INFO    | epoch 2 | batch 140/4266 | loss 1.1146 | acc 0.5786 | lr 5.17e-05 | 10s
2026-09-18 21:31:17 | INFO    | epoch 2 | batch 160/4266 | loss 1.1140 | acc 0.5807 | lr 5.19e-05 | 11s
2026-09-18 21:31:19 | INFO    | epoch 2 | batch 180/4266 | loss 1.1132 | acc 0.5830 | lr 5.21e-05 | 13s
2026-09-18 21:31:20 | INFO    | epoch 2 | batch 200/4266 | loss 1.1137 | acc 0.5820 | lr 5.24e-05 | 14s
2026-09-18 21:31:22 | INFO    | epoch 2 | batch 220/4266 | loss 1.1111 | acc 0.5841 | lr 5.26e-05 | 15s
2026-09-18 21:31:23 | INFO    | epoch 2 | batch 240/4266 | loss 1.1113 | acc 0.5846 | lr 5.28e-05 | 17s
2026-09-18 21:31:24 | INFO    | epoch 2 | batch 260/4266 | loss 1.1096 | acc 0.5864 | lr 5.31e-05 | 18s
2026-09-18 21:31:26 | INFO    | epoch 2 | batch 280/4266 | loss 1.1076 | acc 0.5869 | lr 5.33e-05 | 20s
2026-09-18 21:31:27 | INFO    | epoch 2 | batch 300/4266 | loss 1.1075 | acc 0.5868 | lr 5.35e-05 | 21s
2026-09-18 21:31:29 | INFO    | epoch 2 | batch 320/4266 | loss 1.1075 | acc 0.5882 | lr 5.38e-05 | 22s
2026-09-18 21:31:30 | INFO    | epoch 2 | batch 340/4266 | loss 1.1040 | acc 0.5916 | lr 5.40e-05 | 24s
2026-09-18 21:31:31 | INFO    | epoch 2 | batch 360/4266 | loss 1.1015 | acc 0.5941 | lr 5.42e-05 | 25s
2026-09-18 21:31:33 | INFO    | epoch 2 | batch 380/4266 | loss 1.1028 | acc 0.5926 | lr 5.45e-05 | 27s
2026-09-18 21:31:34 | INFO    | epoch 2 | batch 400/4266 | loss 1.1024 | acc 0.5927 | lr 5.47e-05 | 28s
2026-09-18 21:31:35 | INFO    | epoch 2 | batch 420/4266 | loss 1.1010 | acc 0.5938 | lr 5.49e-05 | 29s
2026-09-18 21:31:37 | INFO    | epoch 2 | batch 440/4266 | loss 1.1006 | acc 0.5940 | lr 5.52e-05 | 31s
2026-09-18 21:31:38 | INFO    | epoch 2 | batch 460/4266 | loss 1.0986 | acc 0.5959 | lr 5.54e-05 | 32s
2026-09-18 21:31:40 | INFO    | epoch 2 | batch 480/4266 | loss 1.0970 | acc 0.5975 | lr 5.56e-05 | 34s
2026-09-18 21:31:41 | INFO    | epoch 2 | batch 500/4266 | loss 1.0973 | acc 0.5982 | lr 5.59e-05 | 35s
2026-09-18 21:31:42 | INFO    | epoch 2 | batch 520/4266 | loss 1.0963 | acc 0.5993 | lr 5.61e-05 | 36s
2026-09-18 21:31:44 | INFO    | epoch 2 | batch 540/4266 | loss 1.0957 | acc 0.5995 | lr 5.63e-05 | 38s
2026-09-18 21:31:45 | INFO    | epoch 2 | batch 560/4266 | loss 1.0955 | acc 0.5997 | lr 5.66e-05 | 39s
2026-09-18 21:31:47 | INFO    | epoch 2 | batch 580/4266 | loss 1.0947 | acc 0.6005 | lr 5.68e-05 | 40s
2026-09-18 21:31:48 | INFO    | epoch 2 | batch 600/4266 | loss 1.0943 | acc 0.6004 | lr 5.70e-05 | 42s
2026-09-18 21:31:49 | INFO    | epoch 2 | batch 620/4266 | loss 1.0934 | acc 0.6008 | lr 5.73e-05 | 43s
2026-09-18 21:31:51 | INFO    | epoch 2 | batch 640/4266 | loss 1.0932 | acc 0.6016 | lr 5.75e-05 | 45s
2026-09-18 21:31:52 | INFO    | epoch 2 | batch 660/4266 | loss 1.0928 | acc 0.6017 | lr 5.77e-05 | 46s
2026-09-18 21:31:53 | INFO    | epoch 2 | batch 680/4266 | loss 1.0924 | acc 0.6017 | lr 5.80e-05 | 47s
2026-09-18 21:31:55 | INFO    | epoch 2 | batch 700/4266 | loss 1.0914 | acc 0.6022 | lr 5.82e-05 | 49s
2026-09-18 21:31:56 | INFO    | epoch 2 | batch 720/4266 | loss 1.0908 | acc 0.6019 | lr 5.85e-05 | 50s
2026-09-18 21:31:58 | INFO    | epoch 2 | batch 740/4266 | loss 1.0902 | acc 0.6019 | lr 5.87e-05 | 51s
2026-09-18 21:31:59 | INFO    | epoch 2 | batch 760/4266 | loss 1.0896 | acc 0.6025 | lr 5.89e-05 | 53s
2026-09-18 21:32:00 | INFO    | epoch 2 | batch 780/4266 | loss 1.0884 | acc 0.6027 | lr 5.92e-05 | 54s
2026-09-18 21:32:02 | INFO    | epoch 2 | batch 800/4266 | loss 1.0881 | acc 0.6027 | lr 5.94e-05 | 56s
2026-09-18 21:32:03 | INFO    | epoch 2 | batch 820/4266 | loss 1.0870 | acc 0.6033 | lr 5.96e-05 | 57s
2026-09-18 21:32:04 | INFO    | epoch 2 | batch 840/4266 | loss 1.0867 | acc 0.6032 | lr 5.99e-05 | 58s
2026-09-18 21:32:06 | INFO    | epoch 2 | batch 860/4266 | loss 1.0860 | acc 0.6037 | lr 6.01e-05 | 60s
2026-09-18 21:32:07 | INFO    | epoch 2 | batch 880/4266 | loss 1.0856 | acc 0.6038 | lr 6.03e-05 | 61s
2026-09-18 21:32:09 | INFO    | epoch 2 | batch 900/4266 | loss 1.0848 | acc 0.6042 | lr 6.06e-05 | 63s
2026-09-18 21:32:10 | INFO    | epoch 2 | batch 920/4266 | loss 1.0847 | acc 0.6046 | lr 6.08e-05 | 64s
2026-09-18 21:32:11 | INFO    | epoch 2 | batch 940/4266 | loss 1.0847 | acc 0.6048 | lr 6.10e-05 | 65s
2026-09-18 21:32:13 | INFO    | epoch 2 | batch 960/4266 | loss 1.0841 | acc 0.6055 | lr 6.13e-05 | 67s
2026-09-18 21:32:14 | INFO    | epoch 2 | batch 980/4266 | loss 1.0834 | acc 0.6058 | lr 6.15e-05 | 68s
2026-09-18 21:32:16 | INFO    | epoch 2 | batch 1000/4266 | loss 1.0830 | acc 0.6059 | lr 6.17e-05 | 69s
2026-09-18 21:32:17 | INFO    | epoch 2 | batch 1020/4266 | loss 1.0829 | acc 0.6063 | lr 6.20e-05 | 71s
2026-09-18 21:32:18 | INFO    | epoch 2 | batch 1040/4266 | loss 1.0822 | acc 0.6067 | lr 6.22e-05 | 72s
2026-09-18 21:32:20 | INFO    | epoch 2 | batch 1060/4266 | loss 1.0818 | acc 0.6067 | lr 6.24e-05 | 74s
2026-09-18 21:32:21 | INFO    | epoch 2 | batch 1080/4266 | loss 1.0816 | acc 0.6073 | lr 6.27e-05 | 75s
2026-09-18 21:32:22 | INFO    | epoch 2 | batch 1100/4266 | loss 1.0804 | acc 0.6080 | lr 6.29e-05 | 76s
2026-09-18 21:32:24 | INFO    | epoch 2 | batch 1120/4266 | loss 1.0802 | acc 0.6083 | lr 6.31e-05 | 78s
2026-09-18 21:32:25 | INFO    | epoch 2 | batch 1140/4266 | loss 1.0796 | acc 0.6084 | lr 6.34e-05 | 79s
2026-09-18 21:32:26 | INFO    | epoch 2 | batch 1160/4266 | loss 1.0784 | acc 0.6095 | lr 6.36e-05 | 80s
2026-09-18 21:32:28 | INFO    | epoch 2 | batch 1180/4266 | loss 1.0785 | acc 0.6092 | lr 6.38e-05 | 82s
2026-09-18 21:32:29 | INFO    | epoch 2 | batch 1200/4266 | loss 1.0779 | acc 0.6093 | lr 6.41e-05 | 83s
2026-09-18 21:32:31 | INFO    | epoch 2 | batch 1220/4266 | loss 1.0778 | acc 0.6097 | lr 6.43e-05 | 85s
2026-09-18 21:32:32 | INFO    | epoch 2 | batch 1240/4266 | loss 1.0770 | acc 0.6104 | lr 6.45e-05 | 86s
2026-09-18 21:32:34 | INFO    | epoch 2 | batch 1260/4266 | loss 1.0768 | acc 0.6104 | lr 6.48e-05 | 87s
2026-09-18 21:32:35 | INFO    | epoch 2 | batch 1280/4266 | loss 1.0767 | acc 0.6104 | lr 6.50e-05 | 89s
2026-09-18 21:32:36 | INFO    | epoch 2 | batch 1300/4266 | loss 1.0755 | acc 0.6110 | lr 6.52e-05 | 90s
2026-09-18 21:32:38 | INFO    | epoch 2 | batch 1320/4266 | loss 1.0749 | acc 0.6112 | lr 6.55e-05 | 92s
2026-09-18 21:32:39 | INFO    | epoch 2 | batch 1340/4266 | loss 1.0746 | acc 0.6114 | lr 6.57e-05 | 93s
2026-09-18 21:32:41 | INFO    | epoch 2 | batch 1360/4266 | loss 1.0741 | acc 0.6120 | lr 6.60e-05 | 95s
2026-09-18 21:32:42 | INFO    | epoch 2 | batch 1380/4266 | loss 1.0747 | acc 0.6115 | lr 6.62e-05 | 96s
2026-09-18 21:32:44 | INFO    | epoch 2 | batch 1400/4266 | loss 1.0743 | acc 0.6116 | lr 6.64e-05 | 97s
2026-09-18 21:32:45 | INFO    | epoch 2 | batch 1420/4266 | loss 1.0734 | acc 0.6123 | lr 6.67e-05 | 99s
2026-09-18 21:32:46 | INFO    | epoch 2 | batch 1440/4266 | loss 1.0722 | acc 0.6132 | lr 6.69e-05 | 100s
2026-09-18 21:32:48 | INFO    | epoch 2 | batch 1460/4266 | loss 1.0720 | acc 0.6132 | lr 6.71e-05 | 102s
2026-09-18 21:32:49 | INFO    | epoch 2 | batch 1480/4266 | loss 1.0714 | acc 0.6135 | lr 6.74e-05 | 103s
2026-09-18 21:32:51 | INFO    | epoch 2 | batch 1500/4266 | loss 1.0707 | acc 0.6140 | lr 6.76e-05 | 105s
2026-09-18 21:32:52 | INFO    | epoch 2 | batch 1520/4266 | loss 1.0698 | acc 0.6148 | lr 6.78e-05 | 106s
2026-09-18 21:32:54 | INFO    | epoch 2 | batch 1540/4266 | loss 1.0689 | acc 0.6153 | lr 6.81e-05 | 108s
2026-09-18 21:32:55 | INFO    | epoch 2 | batch 1560/4266 | loss 1.0678 | acc 0.6160 | lr 6.83e-05 | 109s
2026-09-18 21:32:57 | INFO    | epoch 2 | batch 1580/4266 | loss 1.0673 | acc 0.6165 | lr 6.85e-05 | 110s
2026-09-18 21:32:58 | INFO    | epoch 2 | batch 1600/4266 | loss 1.0666 | acc 0.6171 | lr 6.88e-05 | 112s
2026-09-18 21:32:59 | INFO    | epoch 2 | batch 1620/4266 | loss 1.0659 | acc 0.6177 | lr 6.90e-05 | 113s
2026-09-18 21:33:01 | INFO    | epoch 2 | batch 1640/4266 | loss 1.0653 | acc 0.6181 | lr 6.92e-05 | 115s
2026-09-18 21:33:02 | INFO    | epoch 2 | batch 1660/4266 | loss 1.0651 | acc 0.6187 | lr 6.95e-05 | 116s
2026-09-18 21:33:04 | INFO    | epoch 2 | batch 1680/4266 | loss 1.0647 | acc 0.6190 | lr 6.97e-05 | 118s
2026-09-18 21:33:05 | INFO    | epoch 2 | batch 1700/4266 | loss 1.0642 | acc 0.6196 | lr 6.99e-05 | 119s
2026-09-18 21:33:07 | INFO    | epoch 2 | batch 1720/4266 | loss 1.0632 | acc 0.6203 | lr 7.02e-05 | 120s
2026-09-18 21:33:08 | INFO    | epoch 2 | batch 1740/4266 | loss 1.0626 | acc 0.6207 | lr 7.04e-05 | 122s
2026-09-18 21:33:09 | INFO    | epoch 2 | batch 1760/4266 | loss 1.0620 | acc 0.6210 | lr 7.06e-05 | 123s
2026-09-18 21:33:10 | INFO    | epoch 2 | batch 1780/4266 | loss 1.0615 | acc 0.6215 | lr 7.09e-05 | 124s
2026-09-18 21:33:12 | INFO    | epoch 2 | batch 1800/4266 | loss 1.0612 | acc 0.6218 | lr 7.11e-05 | 126s
2026-09-18 21:33:13 | INFO    | epoch 2 | batch 1820/4266 | loss 1.0607 | acc 0.6224 | lr 7.13e-05 | 127s
2026-09-18 21:33:15 | INFO    | epoch 2 | batch 1840/4266 | loss 1.0606 | acc 0.6225 | lr 7.16e-05 | 129s
2026-09-18 21:33:16 | INFO    | epoch 2 | batch 1860/4266 | loss 1.0602 | acc 0.6227 | lr 7.18e-05 | 130s
2026-09-18 21:33:18 | INFO    | epoch 2 | batch 1880/4266 | loss 1.0595 | acc 0.6233 | lr 7.20e-05 | 131s
2026-09-18 21:33:19 | INFO    | epoch 2 | batch 1900/4266 | loss 1.0590 | acc 0.6236 | lr 7.23e-05 | 133s
2026-09-18 21:33:20 | INFO    | epoch 2 | batch 1920/4266 | loss 1.0586 | acc 0.6240 | lr 7.25e-05 | 134s
2026-09-18 21:33:22 | INFO    | epoch 2 | batch 1940/4266 | loss 1.0583 | acc 0.6242 | lr 7.27e-05 | 136s
2026-09-18 21:33:23 | INFO    | epoch 2 | batch 1960/4266 | loss 1.0579 | acc 0.6248 | lr 7.30e-05 | 137s
2026-09-18 21:33:25 | INFO    | epoch 2 | batch 1980/4266 | loss 1.0576 | acc 0.6251 | lr 7.32e-05 | 139s
2026-09-18 21:33:26 | INFO    | epoch 2 | batch 2000/4266 | loss 1.0575 | acc 0.6251 | lr 7.35e-05 | 140s
2026-09-18 21:33:28 | INFO    | epoch 2 | batch 2020/4266 | loss 1.0576 | acc 0.6250 | lr 7.37e-05 | 141s
2026-09-18 21:33:29 | INFO    | epoch 2 | batch 2040/4266 | loss 1.0566 | acc 0.6256 | lr 7.39e-05 | 143s
2026-09-18 21:33:30 | INFO    | epoch 2 | batch 2060/4266 | loss 1.0562 | acc 0.6260 | lr 7.42e-05 | 144s
2026-09-18 21:33:32 | INFO    | epoch 2 | batch 2080/4266 | loss 1.0558 | acc 0.6262 | lr 7.44e-05 | 145s
2026-09-18 21:33:33 | INFO    | epoch 2 | batch 2100/4266 | loss 1.0552 | acc 0.6265 | lr 7.46e-05 | 147s
2026-09-18 21:33:34 | INFO    | epoch 2 | batch 2120/4266 | loss 1.0546 | acc 0.6271 | lr 7.49e-05 | 148s
2026-09-18 21:33:36 | INFO    | epoch 2 | batch 2140/4266 | loss 1.0542 | acc 0.6275 | lr 7.51e-05 | 150s
2026-09-18 21:33:37 | INFO    | epoch 2 | batch 2160/4266 | loss 1.0533 | acc 0.6281 | lr 7.53e-05 | 151s
2026-09-18 21:33:39 | INFO    | epoch 2 | batch 2180/4266 | loss 1.0531 | acc 0.6282 | lr 7.56e-05 | 152s
2026-09-18 21:33:40 | INFO    | epoch 2 | batch 2200/4266 | loss 1.0527 | acc 0.6286 | lr 7.58e-05 | 154s
2026-09-18 21:33:41 | INFO    | epoch 2 | batch 2220/4266 | loss 1.0524 | acc 0.6288 | lr 7.60e-05 | 155s
2026-09-18 21:33:43 | INFO    | epoch 2 | batch 2240/4266 | loss 1.0521 | acc 0.6289 | lr 7.63e-05 | 157s
2026-09-18 21:33:44 | INFO    | epoch 2 | batch 2260/4266 | loss 1.0514 | acc 0.6292 | lr 7.65e-05 | 158s
2026-09-18 21:33:46 | INFO    | epoch 2 | batch 2280/4266 | loss 1.0508 | acc 0.6296 | lr 7.67e-05 | 159s
2026-09-18 21:33:47 | INFO    | epoch 2 | batch 2300/4266 | loss 1.0505 | acc 0.6298 | lr 7.70e-05 | 161s
2026-09-18 21:33:48 | INFO    | epoch 2 | batch 2320/4266 | loss 1.0497 | acc 0.6303 | lr 7.72e-05 | 162s
2026-09-18 21:33:50 | INFO    | epoch 2 | batch 2340/4266 | loss 1.0494 | acc 0.6305 | lr 7.74e-05 | 164s
2026-09-18 21:33:51 | INFO    | epoch 2 | batch 2360/4266 | loss 1.0487 | acc 0.6310 | lr 7.77e-05 | 165s
2026-09-18 21:33:52 | INFO    | epoch 2 | batch 2380/4266 | loss 1.0484 | acc 0.6312 | lr 7.79e-05 | 166s
2026-09-18 21:33:54 | INFO    | epoch 2 | batch 2400/4266 | loss 1.0481 | acc 0.6314 | lr 7.81e-05 | 168s
2026-09-18 21:33:55 | INFO    | epoch 2 | batch 2420/4266 | loss 1.0476 | acc 0.6316 | lr 7.84e-05 | 169s
2026-09-18 21:33:57 | INFO    | epoch 2 | batch 2440/4266 | loss 1.0470 | acc 0.6320 | lr 7.86e-05 | 170s
2026-09-18 21:33:58 | INFO    | epoch 2 | batch 2460/4266 | loss 1.0465 | acc 0.6324 | lr 7.88e-05 | 172s
2026-09-18 21:33:59 | INFO    | epoch 2 | batch 2480/4266 | loss 1.0461 | acc 0.6327 | lr 7.91e-05 | 173s
2026-09-18 21:34:01 | INFO    | epoch 2 | batch 2500/4266 | loss 1.0455 | acc 0.6329 | lr 7.93e-05 | 174s
2026-09-18 21:34:02 | INFO    | epoch 2 | batch 2520/4266 | loss 1.0449 | acc 0.6332 | lr 7.95e-05 | 176s
2026-09-18 21:34:03 | INFO    | epoch 2 | batch 2540/4266 | loss 1.0446 | acc 0.6334 | lr 7.98e-05 | 177s
2026-09-18 21:34:05 | INFO    | epoch 2 | batch 2560/4266 | loss 1.0442 | acc 0.6335 | lr 8.00e-05 | 178s
2026-09-18 21:34:06 | INFO    | epoch 2 | batch 2580/4266 | loss 1.0439 | acc 0.6339 | lr 8.03e-05 | 180s
2026-09-18 21:34:07 | INFO    | epoch 2 | batch 2600/4266 | loss 1.0437 | acc 0.6341 | lr 8.05e-05 | 181s
2026-09-18 21:34:09 | INFO    | epoch 2 | batch 2620/4266 | loss 1.0430 | acc 0.6345 | lr 8.07e-05 | 182s
2026-09-18 21:34:10 | INFO    | epoch 2 | batch 2640/4266 | loss 1.0428 | acc 0.6345 | lr 8.10e-05 | 184s
2026-09-18 21:34:11 | INFO    | epoch 2 | batch 2660/4266 | loss 1.0422 | acc 0.6349 | lr 8.12e-05 | 185s
2026-09-18 21:34:13 | INFO    | epoch 2 | batch 2680/4266 | loss 1.0415 | acc 0.6354 | lr 8.14e-05 | 187s
2026-09-18 21:34:14 | INFO    | epoch 2 | batch 2700/4266 | loss 1.0408 | acc 0.6358 | lr 8.17e-05 | 188s
2026-09-18 21:34:15 | INFO    | epoch 2 | batch 2720/4266 | loss 1.0407 | acc 0.6360 | lr 8.19e-05 | 189s
2026-09-18 21:34:17 | INFO    | epoch 2 | batch 2740/4266 | loss 1.0401 | acc 0.6365 | lr 8.21e-05 | 191s
2026-09-18 21:34:18 | INFO    | epoch 2 | batch 2760/4266 | loss 1.0394 | acc 0.6370 | lr 8.24e-05 | 192s
2026-09-18 21:34:20 | INFO    | epoch 2 | batch 2780/4266 | loss 1.0387 | acc 0.6374 | lr 8.26e-05 | 193s
2026-09-18 21:34:21 | INFO    | epoch 2 | batch 2800/4266 | loss 1.0384 | acc 0.6378 | lr 8.28e-05 | 195s
2026-09-18 21:34:22 | INFO    | epoch 2 | batch 2820/4266 | loss 1.0378 | acc 0.6381 | lr 8.31e-05 | 196s
2026-09-18 21:34:24 | INFO    | epoch 2 | batch 2840/4266 | loss 1.0372 | acc 0.6385 | lr 8.33e-05 | 198s
2026-09-18 21:34:25 | INFO    | epoch 2 | batch 2860/4266 | loss 1.0369 | acc 0.6385 | lr 8.35e-05 | 199s
2026-09-18 21:34:27 | INFO    | epoch 2 | batch 2880/4266 | loss 1.0363 | acc 0.6390 | lr 8.38e-05 | 200s
2026-09-18 21:34:28 | INFO    | epoch 2 | batch 2900/4266 | loss 1.0355 | acc 0.6392 | lr 8.40e-05 | 202s
2026-09-18 21:34:29 | INFO    | epoch 2 | batch 2920/4266 | loss 1.0350 | acc 0.6396 | lr 8.42e-05 | 203s
2026-09-18 21:34:31 | INFO    | epoch 2 | batch 2940/4266 | loss 1.0345 | acc 0.6399 | lr 8.45e-05 | 205s
2026-09-18 21:34:32 | INFO    | epoch 2 | batch 2960/4266 | loss 1.0341 | acc 0.6403 | lr 8.47e-05 | 206s
2026-09-18 21:34:34 | INFO    | epoch 2 | batch 2980/4266 | loss 1.0335 | acc 0.6406 | lr 8.49e-05 | 208s
2026-09-18 21:34:35 | INFO    | epoch 2 | batch 3000/4266 | loss 1.0330 | acc 0.6409 | lr 8.52e-05 | 209s
2026-09-18 21:34:37 | INFO    | epoch 2 | batch 3020/4266 | loss 1.0324 | acc 0.6412 | lr 8.54e-05 | 210s
2026-09-18 21:34:38 | INFO    | epoch 2 | batch 3040/4266 | loss 1.0318 | acc 0.6416 | lr 8.56e-05 | 212s
2026-09-18 21:34:39 | INFO    | epoch 2 | batch 3060/4266 | loss 1.0313 | acc 0.6420 | lr 8.59e-05 | 213s
2026-09-18 21:34:41 | INFO    | epoch 2 | batch 3080/4266 | loss 1.0309 | acc 0.6422 | lr 8.61e-05 | 215s
2026-09-18 21:34:42 | INFO    | epoch 2 | batch 3100/4266 | loss 1.0303 | acc 0.6424 | lr 8.63e-05 | 216s
2026-09-18 21:34:44 | INFO    | epoch 2 | batch 3120/4266 | loss 1.0296 | acc 0.6430 | lr 8.66e-05 | 218s
2026-09-18 21:34:45 | INFO    | epoch 2 | batch 3140/4266 | loss 1.0291 | acc 0.6432 | lr 8.68e-05 | 219s
2026-09-18 21:34:46 | INFO    | epoch 2 | batch 3160/4266 | loss 1.0286 | acc 0.6434 | lr 8.70e-05 | 220s
2026-09-18 21:34:48 | INFO    | epoch 2 | batch 3180/4266 | loss 1.0282 | acc 0.6436 | lr 8.73e-05 | 222s
2026-09-18 21:34:49 | INFO    | epoch 2 | batch 3200/4266 | loss 1.0277 | acc 0.6439 | lr 8.75e-05 | 223s
2026-09-18 21:34:51 | INFO    | epoch 2 | batch 3220/4266 | loss 1.0276 | acc 0.6439 | lr 8.78e-05 | 225s
2026-09-18 21:34:52 | INFO    | epoch 2 | batch 3240/4266 | loss 1.0272 | acc 0.6442 | lr 8.80e-05 | 226s
2026-09-18 21:34:54 | INFO    | epoch 2 | batch 3260/4266 | loss 1.0266 | acc 0.6445 | lr 8.82e-05 | 227s
2026-09-18 21:34:55 | INFO    | epoch 2 | batch 3280/4266 | loss 1.0262 | acc 0.6447 | lr 8.85e-05 | 229s
2026-09-18 21:34:56 | INFO    | epoch 2 | batch 3300/4266 | loss 1.0257 | acc 0.6450 | lr 8.87e-05 | 230s
2026-09-18 21:34:58 | INFO    | epoch 2 | batch 3320/4266 | loss 1.0253 | acc 0.6452 | lr 8.89e-05 | 232s
2026-09-18 21:34:59 | INFO    | epoch 2 | batch 3340/4266 | loss 1.0250 | acc 0.6455 | lr 8.92e-05 | 233s
2026-09-18 21:35:01 | INFO    | epoch 2 | batch 3360/4266 | loss 1.0244 | acc 0.6458 | lr 8.94e-05 | 234s
2026-09-18 21:35:02 | INFO    | epoch 2 | batch 3380/4266 | loss 1.0240 | acc 0.6460 | lr 8.96e-05 | 236s
2026-09-18 21:35:03 | INFO    | epoch 2 | batch 3400/4266 | loss 1.0236 | acc 0.6462 | lr 8.99e-05 | 237s
2026-09-18 21:35:05 | INFO    | epoch 2 | batch 3420/4266 | loss 1.0229 | acc 0.6466 | lr 9.01e-05 | 239s
2026-09-18 21:35:06 | INFO    | epoch 2 | batch 3440/4266 | loss 1.0225 | acc 0.6469 | lr 9.03e-05 | 240s
2026-09-18 21:35:08 | INFO    | epoch 2 | batch 3460/4266 | loss 1.0222 | acc 0.6471 | lr 9.06e-05 | 241s
2026-09-18 21:35:09 | INFO    | epoch 2 | batch 3480/4266 | loss 1.0217 | acc 0.6475 | lr 9.08e-05 | 243s
2026-09-18 21:35:10 | INFO    | epoch 2 | batch 3500/4266 | loss 1.0210 | acc 0.6479 | lr 9.10e-05 | 244s
2026-09-18 21:35:12 | INFO    | epoch 2 | batch 3520/4266 | loss 1.0206 | acc 0.6480 | lr 9.13e-05 | 246s
2026-09-18 21:35:13 | INFO    | epoch 2 | batch 3540/4266 | loss 1.0200 | acc 0.6485 | lr 9.15e-05 | 247s
2026-09-18 21:35:15 | INFO    | epoch 2 | batch 3560/4266 | loss 1.0196 | acc 0.6487 | lr 9.17e-05 | 248s
2026-09-18 21:35:16 | INFO    | epoch 2 | batch 3580/4266 | loss 1.0192 | acc 0.6490 | lr 9.20e-05 | 250s
2026-09-18 21:35:17 | INFO    | epoch 2 | batch 3600/4266 | loss 1.0189 | acc 0.6493 | lr 9.22e-05 | 251s
2026-09-18 21:35:19 | INFO    | epoch 2 | batch 3620/4266 | loss 1.0185 | acc 0.6495 | lr 9.24e-05 | 253s
2026-09-18 21:35:20 | INFO    | epoch 2 | batch 3640/4266 | loss 1.0181 | acc 0.6499 | lr 9.27e-05 | 254s
2026-09-18 21:35:21 | INFO    | epoch 2 | batch 3660/4266 | loss 1.0176 | acc 0.6503 | lr 9.29e-05 | 255s
2026-09-18 21:35:23 | INFO    | epoch 2 | batch 3680/4266 | loss 1.0172 | acc 0.6505 | lr 9.31e-05 | 257s
2026-09-18 21:35:24 | INFO    | epoch 2 | batch 3700/4266 | loss 1.0169 | acc 0.6507 | lr 9.34e-05 | 258s
2026-09-18 21:35:26 | INFO    | epoch 2 | batch 3720/4266 | loss 1.0164 | acc 0.6510 | lr 9.36e-05 | 259s
2026-09-18 21:35:27 | INFO    | epoch 2 | batch 3740/4266 | loss 1.0161 | acc 0.6512 | lr 9.38e-05 | 261s
2026-09-18 21:35:28 | INFO    | epoch 2 | batch 3760/4266 | loss 1.0156 | acc 0.6515 | lr 9.41e-05 | 262s
2026-09-18 21:35:30 | INFO    | epoch 2 | batch 3780/4266 | loss 1.0150 | acc 0.6518 | lr 9.43e-05 | 264s
2026-09-18 21:35:31 | INFO    | epoch 2 | batch 3800/4266 | loss 1.0146 | acc 0.6521 | lr 9.45e-05 | 265s
2026-09-18 21:35:33 | INFO    | epoch 2 | batch 3820/4266 | loss 1.0141 | acc 0.6523 | lr 9.48e-05 | 266s
2026-09-18 21:35:34 | INFO    | epoch 2 | batch 3840/4266 | loss 1.0135 | acc 0.6527 | lr 9.50e-05 | 268s
2026-09-18 21:35:35 | INFO    | epoch 2 | batch 3860/4266 | loss 1.0128 | acc 0.6531 | lr 9.53e-05 | 269s
2026-09-18 21:35:37 | INFO    | epoch 2 | batch 3880/4266 | loss 1.0122 | acc 0.6536 | lr 9.55e-05 | 271s
2026-09-18 21:35:38 | INFO    | epoch 2 | batch 3900/4266 | loss 1.0117 | acc 0.6538 | lr 9.57e-05 | 272s
2026-09-18 21:35:40 | INFO    | epoch 2 | batch 3920/4266 | loss 1.0113 | acc 0.6541 | lr 9.60e-05 | 273s
2026-09-18 21:35:41 | INFO    | epoch 2 | batch 3940/4266 | loss 1.0108 | acc 0.6544 | lr 9.62e-05 | 275s
2026-09-18 21:35:42 | INFO    | epoch 2 | batch 3960/4266 | loss 1.0103 | acc 0.6548 | lr 9.64e-05 | 276s
2026-09-18 21:35:44 | INFO    | epoch 2 | batch 3980/4266 | loss 1.0097 | acc 0.6551 | lr 9.67e-05 | 278s
2026-09-18 21:35:45 | INFO    | epoch 2 | batch 4000/4266 | loss 1.0096 | acc 0.6553 | lr 9.69e-05 | 279s
2026-09-18 21:35:47 | INFO    | epoch 2 | batch 4020/4266 | loss 1.0089 | acc 0.6557 | lr 9.71e-05 | 280s
2026-09-18 21:35:48 | INFO    | epoch 2 | batch 4040/4266 | loss 1.0084 | acc 0.6560 | lr 9.74e-05 | 282s
2026-09-18 21:35:49 | INFO    | epoch 2 | batch 4060/4266 | loss 1.0080 | acc 0.6563 | lr 9.76e-05 | 283s
2026-09-18 21:35:51 | INFO    | epoch 2 | batch 4080/4266 | loss 1.0075 | acc 0.6566 | lr 9.78e-05 | 285s
2026-09-18 21:35:52 | INFO    | epoch 2 | batch 4100/4266 | loss 1.0070 | acc 0.6568 | lr 9.81e-05 | 286s
2026-09-18 21:35:53 | INFO    | epoch 2 | batch 4120/4266 | loss 1.0066 | acc 0.6571 | lr 9.83e-05 | 287s
2026-09-18 21:35:55 | INFO    | epoch 2 | batch 4140/4266 | loss 1.0065 | acc 0.6572 | lr 9.85e-05 | 289s
2026-09-18 21:35:56 | INFO    | epoch 2 | batch 4160/4266 | loss 1.0063 | acc 0.6574 | lr 9.88e-05 | 290s
2026-09-18 21:35:58 | INFO    | epoch 2 | batch 4180/4266 | loss 1.0059 | acc 0.6576 | lr 9.90e-05 | 292s
2026-09-18 21:35:59 | INFO    | epoch 2 | batch 4200/4266 | loss 1.0056 | acc 0.6579 | lr 9.92e-05 | 293s
2026-09-18 21:36:00 | INFO    | epoch 2 | batch 4220/4266 | loss 1.0052 | acc 0.6580 | lr 9.95e-05 | 294s
2026-09-18 21:36:02 | INFO    | epoch 2 | batch 4240/4266 | loss 1.0047 | acc 0.6583 | lr 9.97e-05 | 296s
2026-09-18 21:36:03 | INFO    | epoch 2 | batch 4260/4266 | loss 1.0042 | acc 0.6587 | lr 9.99e-05 | 297s
2026-09-18 21:36:04 | INFO    | epoch 2 | batch 4266/4266 | loss 1.0041 | acc 0.6587 | lr 1.00e-04 | 297s
2026-09-18 21:36:13 | INFO    | epoch 2/40 done in 307s | train loss 1.0041 | train running patch (aug): accuracy=0.6587 precision=0.6483 recall=0.6355 f1=0.6377
2026-09-18 21:36:13 | INFO    | epoch 2 train (eval, no aug) | loss 0.8122 | patch[7280]: accuracy=0.7720 precision=0.7728 recall=0.7546 f1=0.7596 | image[455]: accuracy=0.8527 precision=0.8550 recall=0.8397 f1=0.8448
2026-09-18 21:36:13 | INFO    | epoch 2 val | loss 1.0821 | patch[8448]: accuracy=0.6263 precision=0.5987 recall=0.5894 f1=0.5899 | image[96]: accuracy=0.6458 precision=0.6113 recall=0.6025 f1=0.6018
2026-09-18 21:36:13 | INFO    | val_patch_f1 = 0.5899 (best 0.5899 @ epoch 2) *
2026-09-18 21:36:15 | INFO    | epoch 3 | batch 20/4266 | loss 0.9104 | acc 0.7203 | lr 1.00e-04 | 1s
2026-09-18 21:36:16 | INFO    | epoch 3 | batch 40/4266 | loss 0.9018 | acc 0.7312 | lr 1.00e-04 | 3s
2026-09-18 21:36:18 | INFO    | epoch 3 | batch 60/4266 | loss 0.9071 | acc 0.7240 | lr 1.00e-04 | 4s
2026-09-18 21:36:19 | INFO    | epoch 3 | batch 80/4266 | loss 0.9054 | acc 0.7273 | lr 1.00e-04 | 6s
2026-09-18 21:36:20 | INFO    | epoch 3 | batch 100/4266 | loss 0.9014 | acc 0.7291 | lr 1.00e-04 | 7s
2026-09-18 21:36:22 | INFO    | epoch 3 | batch 120/4266 | loss 0.8995 | acc 0.7263 | lr 1.00e-04 | 8s
2026-09-18 21:36:23 | INFO    | epoch 3 | batch 140/4266 | loss 0.8997 | acc 0.7288 | lr 1.00e-04 | 10s
2026-09-18 21:36:25 | INFO    | epoch 3 | batch 160/4266 | loss 0.8956 | acc 0.7316 | lr 1.00e-04 | 11s
2026-09-18 21:36:26 | INFO    | epoch 3 | batch 180/4266 | loss 0.8952 | acc 0.7304 | lr 1.00e-04 | 13s
2026-09-18 21:36:27 | INFO    | epoch 3 | batch 200/4266 | loss 0.8968 | acc 0.7319 | lr 1.00e-04 | 14s
2026-09-18 21:36:29 | INFO    | epoch 3 | batch 220/4266 | loss 0.8970 | acc 0.7324 | lr 1.00e-04 | 15s
2026-09-18 21:36:30 | INFO    | epoch 3 | batch 240/4266 | loss 0.8976 | acc 0.7322 | lr 1.00e-04 | 17s
2026-09-18 21:36:32 | INFO    | epoch 3 | batch 260/4266 | loss 0.8955 | acc 0.7316 | lr 1.00e-04 | 18s
2026-09-18 21:36:33 | INFO    | epoch 3 | batch 280/4266 | loss 0.8991 | acc 0.7297 | lr 1.00e-04 | 20s
2026-09-18 21:36:35 | INFO    | epoch 3 | batch 300/4266 | loss 0.9001 | acc 0.7295 | lr 1.00e-04 | 21s
2026-09-18 21:36:36 | INFO    | epoch 3 | batch 320/4266 | loss 0.9003 | acc 0.7276 | lr 1.00e-04 | 23s
2026-09-18 21:36:37 | INFO    | epoch 3 | batch 340/4266 | loss 0.9002 | acc 0.7270 | lr 1.00e-04 | 24s
2026-09-18 21:36:39 | INFO    | epoch 3 | batch 360/4266 | loss 0.9010 | acc 0.7254 | lr 1.00e-04 | 25s
2026-09-18 21:36:40 | INFO    | epoch 3 | batch 380/4266 | loss 0.9032 | acc 0.7244 | lr 1.00e-04 | 27s
2026-09-18 21:36:42 | INFO    | epoch 3 | batch 400/4266 | loss 0.9032 | acc 0.7244 | lr 1.00e-04 | 28s
2026-09-18 21:36:43 | INFO    | epoch 3 | batch 420/4266 | loss 0.9001 | acc 0.7263 | lr 1.00e-04 | 30s
2026-09-18 21:36:44 | INFO    | epoch 3 | batch 440/4266 | loss 0.8992 | acc 0.7263 | lr 1.00e-04 | 31s
2026-09-18 21:36:46 | INFO    | epoch 3 | batch 460/4266 | loss 0.8973 | acc 0.7285 | lr 1.00e-04 | 32s
2026-09-18 21:36:47 | INFO    | epoch 3 | batch 480/4266 | loss 0.8971 | acc 0.7285 | lr 1.00e-04 | 34s
2026-09-18 21:36:49 | INFO    | epoch 3 | batch 500/4266 | loss 0.8986 | acc 0.7278 | lr 1.00e-04 | 35s
2026-09-18 21:36:50 | INFO    | epoch 3 | batch 520/4266 | loss 0.8962 | acc 0.7292 | lr 1.00e-04 | 36s
2026-09-18 21:36:51 | INFO    | epoch 3 | batch 540/4266 | loss 0.8945 | acc 0.7296 | lr 1.00e-04 | 38s
2026-09-18 21:36:53 | INFO    | epoch 3 | batch 560/4266 | loss 0.8941 | acc 0.7299 | lr 1.00e-04 | 39s
2026-09-18 21:36:54 | INFO    | epoch 3 | batch 580/4266 | loss 0.8938 | acc 0.7303 | lr 1.00e-04 | 41s
2026-09-18 21:36:55 | INFO    | epoch 3 | batch 600/4266 | loss 0.8925 | acc 0.7307 | lr 1.00e-04 | 42s
2026-09-18 21:36:57 | INFO    | epoch 3 | batch 620/4266 | loss 0.8920 | acc 0.7310 | lr 1.00e-04 | 43s
2026-09-18 21:36:58 | INFO    | epoch 3 | batch 640/4266 | loss 0.8928 | acc 0.7303 | lr 1.00e-04 | 45s
2026-09-18 21:36:59 | INFO    | epoch 3 | batch 660/4266 | loss 0.8929 | acc 0.7302 | lr 1.00e-04 | 46s
2026-09-18 21:37:01 | INFO    | epoch 3 | batch 680/4266 | loss 0.8906 | acc 0.7317 | lr 1.00e-04 | 47s
2026-09-18 21:37:02 | INFO    | epoch 3 | batch 700/4266 | loss 0.8910 | acc 0.7310 | lr 1.00e-04 | 49s
2026-09-18 21:37:04 | INFO    | epoch 3 | batch 720/4266 | loss 0.8893 | acc 0.7316 | lr 1.00e-04 | 50s
2026-09-18 21:37:05 | INFO    | epoch 3 | batch 740/4266 | loss 0.8891 | acc 0.7318 | lr 1.00e-04 | 52s
2026-09-18 21:37:06 | INFO    | epoch 3 | batch 760/4266 | loss 0.8891 | acc 0.7317 | lr 1.00e-04 | 53s
2026-09-18 21:37:08 | INFO    | epoch 3 | batch 780/4266 | loss 0.8878 | acc 0.7323 | lr 1.00e-04 | 54s
2026-09-18 21:37:09 | INFO    | epoch 3 | batch 800/4266 | loss 0.8860 | acc 0.7336 | lr 1.00e-04 | 56s
2026-09-18 21:37:11 | INFO    | epoch 3 | batch 820/4266 | loss 0.8860 | acc 0.7335 | lr 1.00e-04 | 57s
2026-09-18 21:37:12 | INFO    | epoch 3 | batch 840/4266 | loss 0.8853 | acc 0.7338 | lr 1.00e-04 | 58s
2026-09-18 21:37:13 | INFO    | epoch 3 | batch 860/4266 | loss 0.8840 | acc 0.7348 | lr 1.00e-04 | 60s
2026-09-18 21:37:15 | INFO    | epoch 3 | batch 880/4266 | loss 0.8836 | acc 0.7350 | lr 1.00e-04 | 61s
2026-09-18 21:37:16 | INFO    | epoch 3 | batch 900/4266 | loss 0.8836 | acc 0.7352 | lr 1.00e-04 | 63s
2026-09-18 21:37:17 | INFO    | epoch 3 | batch 920/4266 | loss 0.8829 | acc 0.7355 | lr 1.00e-04 | 64s
2026-09-18 21:37:19 | INFO    | epoch 3 | batch 940/4266 | loss 0.8825 | acc 0.7358 | lr 1.00e-04 | 65s
2026-09-18 21:37:20 | INFO    | epoch 3 | batch 960/4266 | loss 0.8818 | acc 0.7363 | lr 1.00e-04 | 67s
2026-09-18 21:37:21 | INFO    | epoch 3 | batch 980/4266 | loss 0.8807 | acc 0.7370 | lr 1.00e-04 | 68s
2026-09-18 21:37:23 | INFO    | epoch 3 | batch 1000/4266 | loss 0.8808 | acc 0.7370 | lr 1.00e-04 | 69s
2026-09-18 21:37:24 | INFO    | epoch 3 | batch 1020/4266 | loss 0.8816 | acc 0.7366 | lr 1.00e-04 | 71s
2026-09-18 21:37:26 | INFO    | epoch 3 | batch 1040/4266 | loss 0.8821 | acc 0.7361 | lr 1.00e-04 | 72s
2026-09-18 21:37:27 | INFO    | epoch 3 | batch 1060/4266 | loss 0.8818 | acc 0.7362 | lr 1.00e-04 | 73s
2026-09-18 21:37:28 | INFO    | epoch 3 | batch 1080/4266 | loss 0.8817 | acc 0.7364 | lr 1.00e-04 | 75s
2026-09-18 21:37:30 | INFO    | epoch 3 | batch 1100/4266 | loss 0.8810 | acc 0.7368 | lr 1.00e-04 | 76s
2026-09-18 21:37:31 | INFO    | epoch 3 | batch 1120/4266 | loss 0.8807 | acc 0.7369 | lr 1.00e-04 | 78s
2026-09-18 21:37:33 | INFO    | epoch 3 | batch 1140/4266 | loss 0.8795 | acc 0.7375 | lr 1.00e-04 | 79s
2026-09-18 21:37:34 | INFO    | epoch 3 | batch 1160/4266 | loss 0.8785 | acc 0.7379 | lr 1.00e-04 | 81s
2026-09-18 21:37:35 | INFO    | epoch 3 | batch 1180/4266 | loss 0.8785 | acc 0.7378 | lr 1.00e-04 | 82s
2026-09-18 21:37:37 | INFO    | epoch 3 | batch 1200/4266 | loss 0.8785 | acc 0.7376 | lr 1.00e-04 | 83s
2026-09-18 21:37:38 | INFO    | epoch 3 | batch 1220/4266 | loss 0.8782 | acc 0.7377 | lr 1.00e-04 | 85s
2026-09-18 21:37:40 | INFO    | epoch 3 | batch 1240/4266 | loss 0.8776 | acc 0.7381 | lr 1.00e-04 | 86s
2026-09-18 21:37:41 | INFO    | epoch 3 | batch 1260/4266 | loss 0.8773 | acc 0.7383 | lr 1.00e-04 | 88s
2026-09-18 21:37:43 | INFO    | epoch 3 | batch 1280/4266 | loss 0.8767 | acc 0.7388 | lr 1.00e-04 | 89s
2026-09-18 21:37:44 | INFO    | epoch 3 | batch 1300/4266 | loss 0.8765 | acc 0.7390 | lr 1.00e-04 | 91s
2026-09-18 21:37:45 | INFO    | epoch 3 | batch 1320/4266 | loss 0.8755 | acc 0.7396 | lr 1.00e-04 | 92s
2026-09-18 21:37:47 | INFO    | epoch 3 | batch 1340/4266 | loss 0.8752 | acc 0.7396 | lr 1.00e-04 | 93s
2026-09-18 21:37:48 | INFO    | epoch 3 | batch 1360/4266 | loss 0.8750 | acc 0.7398 | lr 1.00e-04 | 95s
2026-09-18 21:37:49 | INFO    | epoch 3 | batch 1380/4266 | loss 0.8746 | acc 0.7399 | lr 1.00e-04 | 96s
2026-09-18 21:37:51 | INFO    | epoch 3 | batch 1400/4266 | loss 0.8741 | acc 0.7403 | lr 1.00e-04 | 97s
2026-09-18 21:37:52 | INFO    | epoch 3 | batch 1420/4266 | loss 0.8740 | acc 0.7403 | lr 1.00e-04 | 99s
2026-09-18 21:37:54 | INFO    | epoch 3 | batch 1440/4266 | loss 0.8735 | acc 0.7406 | lr 1.00e-04 | 100s
2026-09-18 21:37:55 | INFO    | epoch 3 | batch 1460/4266 | loss 0.8732 | acc 0.7407 | lr 1.00e-04 | 102s
2026-09-18 21:37:57 | INFO    | epoch 3 | batch 1480/4266 | loss 0.8729 | acc 0.7411 | lr 1.00e-04 | 103s
2026-09-18 21:37:58 | INFO    | epoch 3 | batch 1500/4266 | loss 0.8722 | acc 0.7414 | lr 1.00e-04 | 104s
2026-09-18 21:37:59 | INFO    | epoch 3 | batch 1520/4266 | loss 0.8719 | acc 0.7416 | lr 1.00e-04 | 106s
2026-09-18 21:38:01 | INFO    | epoch 3 | batch 1540/4266 | loss 0.8714 | acc 0.7419 | lr 1.00e-04 | 107s
2026-09-18 21:38:02 | INFO    | epoch 3 | batch 1560/4266 | loss 0.8712 | acc 0.7421 | lr 1.00e-04 | 109s
2026-09-18 21:38:03 | INFO    | epoch 3 | batch 1580/4266 | loss 0.8703 | acc 0.7428 | lr 1.00e-04 | 110s
2026-09-18 21:38:05 | INFO    | epoch 3 | batch 1600/4266 | loss 0.8698 | acc 0.7429 | lr 1.00e-04 | 111s
2026-09-18 21:38:06 | INFO    | epoch 3 | batch 1620/4266 | loss 0.8698 | acc 0.7428 | lr 1.00e-04 | 113s
2026-09-18 21:38:07 | INFO    | epoch 3 | batch 1640/4266 | loss 0.8696 | acc 0.7430 | lr 1.00e-04 | 114s
2026-09-18 21:38:09 | INFO    | epoch 3 | batch 1660/4266 | loss 0.8688 | acc 0.7434 | lr 1.00e-04 | 115s
2026-09-18 21:38:10 | INFO    | epoch 3 | batch 1680/4266 | loss 0.8687 | acc 0.7433 | lr 1.00e-04 | 117s
2026-09-18 21:38:12 | INFO    | epoch 3 | batch 1700/4266 | loss 0.8683 | acc 0.7436 | lr 1.00e-04 | 118s
2026-09-18 21:38:13 | INFO    | epoch 3 | batch 1720/4266 | loss 0.8672 | acc 0.7442 | lr 1.00e-04 | 119s
2026-09-18 21:38:14 | INFO    | epoch 3 | batch 1740/4266 | loss 0.8675 | acc 0.7440 | lr 1.00e-04 | 121s
2026-09-18 21:38:16 | INFO    | epoch 3 | batch 1760/4266 | loss 0.8678 | acc 0.7440 | lr 1.00e-04 | 122s
2026-09-18 21:38:17 | INFO    | epoch 3 | batch 1780/4266 | loss 0.8674 | acc 0.7441 | lr 1.00e-04 | 124s
2026-09-18 21:38:18 | INFO    | epoch 3 | batch 1800/4266 | loss 0.8673 | acc 0.7442 | lr 1.00e-04 | 125s
2026-09-18 21:38:20 | INFO    | epoch 3 | batch 1820/4266 | loss 0.8666 | acc 0.7446 | lr 1.00e-04 | 126s
2026-09-18 21:38:21 | INFO    | epoch 3 | batch 1840/4266 | loss 0.8662 | acc 0.7447 | lr 1.00e-04 | 128s
2026-09-18 21:38:23 | INFO    | epoch 3 | batch 1860/4266 | loss 0.8657 | acc 0.7452 | lr 1.00e-04 | 129s
2026-09-18 21:38:24 | INFO    | epoch 3 | batch 1880/4266 | loss 0.8657 | acc 0.7451 | lr 1.00e-04 | 131s
2026-09-18 21:38:25 | INFO    | epoch 3 | batch 1900/4266 | loss 0.8656 | acc 0.7453 | lr 1.00e-04 | 132s
2026-09-18 21:38:27 | INFO    | epoch 3 | batch 1920/4266 | loss 0.8654 | acc 0.7454 | lr 1.00e-04 | 133s
2026-09-18 21:38:28 | INFO    | epoch 3 | batch 1940/4266 | loss 0.8656 | acc 0.7454 | lr 1.00e-04 | 135s
2026-09-18 21:38:30 | INFO    | epoch 3 | batch 1960/4266 | loss 0.8653 | acc 0.7455 | lr 1.00e-04 | 136s
2026-09-18 21:38:31 | INFO    | epoch 3 | batch 1980/4266 | loss 0.8652 | acc 0.7456 | lr 1.00e-04 | 138s
2026-09-18 21:38:32 | INFO    | epoch 3 | batch 2000/4266 | loss 0.8648 | acc 0.7458 | lr 1.00e-04 | 139s
2026-09-18 21:38:34 | INFO    | epoch 3 | batch 2020/4266 | loss 0.8642 | acc 0.7461 | lr 1.00e-04 | 140s
2026-09-18 21:38:35 | INFO    | epoch 3 | batch 2040/4266 | loss 0.8637 | acc 0.7464 | lr 1.00e-04 | 142s
2026-09-18 21:38:37 | INFO    | epoch 3 | batch 2060/4266 | loss 0.8630 | acc 0.7468 | lr 1.00e-04 | 143s
2026-09-18 21:38:38 | INFO    | epoch 3 | batch 2080/4266 | loss 0.8621 | acc 0.7473 | lr 1.00e-04 | 145s
2026-09-18 21:38:39 | INFO    | epoch 3 | batch 2100/4266 | loss 0.8618 | acc 0.7476 | lr 1.00e-04 | 146s
2026-09-18 21:38:41 | INFO    | epoch 3 | batch 2120/4266 | loss 0.8614 | acc 0.7477 | lr 1.00e-04 | 147s
2026-09-18 21:38:42 | INFO    | epoch 3 | batch 2140/4266 | loss 0.8609 | acc 0.7480 | lr 1.00e-04 | 149s
2026-09-18 21:38:44 | INFO    | epoch 3 | batch 2160/4266 | loss 0.8608 | acc 0.7481 | lr 1.00e-04 | 150s
2026-09-18 21:38:45 | INFO    | epoch 3 | batch 2180/4266 | loss 0.8605 | acc 0.7484 | lr 1.00e-04 | 151s
2026-09-18 21:38:46 | INFO    | epoch 3 | batch 2200/4266 | loss 0.8601 | acc 0.7486 | lr 1.00e-04 | 153s
2026-09-18 21:38:48 | INFO    | epoch 3 | batch 2220/4266 | loss 0.8598 | acc 0.7487 | lr 1.00e-04 | 154s
2026-09-18 21:38:49 | INFO    | epoch 3 | batch 2240/4266 | loss 0.8597 | acc 0.7487 | lr 1.00e-04 | 156s
2026-09-18 21:38:51 | INFO    | epoch 3 | batch 2260/4266 | loss 0.8594 | acc 0.7488 | lr 1.00e-04 | 157s
2026-09-18 21:38:52 | INFO    | epoch 3 | batch 2280/4266 | loss 0.8594 | acc 0.7487 | lr 1.00e-04 | 159s
2026-09-18 21:38:54 | INFO    | epoch 3 | batch 2300/4266 | loss 0.8591 | acc 0.7488 | lr 1.00e-04 | 160s
2026-09-18 21:38:55 | INFO    | epoch 3 | batch 2320/4266 | loss 0.8590 | acc 0.7488 | lr 9.99e-05 | 162s
2026-09-18 21:38:56 | INFO    | epoch 3 | batch 2340/4266 | loss 0.8587 | acc 0.7489 | lr 9.99e-05 | 163s
2026-09-18 21:38:58 | INFO    | epoch 3 | batch 2360/4266 | loss 0.8586 | acc 0.7488 | lr 9.99e-05 | 164s
2026-09-18 21:38:59 | INFO    | epoch 3 | batch 2380/4266 | loss 0.8583 | acc 0.7489 | lr 9.99e-05 | 166s
2026-09-18 21:39:00 | INFO    | epoch 3 | batch 2400/4266 | loss 0.8580 | acc 0.7491 | lr 9.99e-05 | 167s
2026-09-18 21:39:02 | INFO    | epoch 3 | batch 2420/4266 | loss 0.8577 | acc 0.7492 | lr 9.99e-05 | 168s
2026-09-18 21:39:03 | INFO    | epoch 3 | batch 2440/4266 | loss 0.8576 | acc 0.7491 | lr 9.99e-05 | 170s
2026-09-18 21:39:04 | INFO    | epoch 3 | batch 2460/4266 | loss 0.8573 | acc 0.7493 | lr 9.99e-05 | 171s
2026-09-18 21:39:06 | INFO    | epoch 3 | batch 2480/4266 | loss 0.8567 | acc 0.7496 | lr 9.99e-05 | 172s
2026-09-18 21:39:07 | INFO    | epoch 3 | batch 2500/4266 | loss 0.8562 | acc 0.7500 | lr 9.99e-05 | 174s
2026-09-18 21:39:09 | INFO    | epoch 3 | batch 2520/4266 | loss 0.8559 | acc 0.7501 | lr 9.99e-05 | 175s
2026-09-18 21:39:10 | INFO    | epoch 3 | batch 2540/4266 | loss 0.8556 | acc 0.7503 | lr 9.99e-05 | 177s
2026-09-18 21:39:12 | INFO    | epoch 3 | batch 2560/4266 | loss 0.8553 | acc 0.7505 | lr 9.99e-05 | 178s
2026-09-18 21:39:13 | INFO    | epoch 3 | batch 2580/4266 | loss 0.8551 | acc 0.7507 | lr 9.99e-05 | 180s
2026-09-18 21:39:14 | INFO    | epoch 3 | batch 2600/4266 | loss 0.8548 | acc 0.7511 | lr 9.99e-05 | 181s
2026-09-18 21:39:16 | INFO    | epoch 3 | batch 2620/4266 | loss 0.8545 | acc 0.7512 | lr 9.99e-05 | 182s
2026-09-18 21:39:17 | INFO    | epoch 3 | batch 2640/4266 | loss 0.8542 | acc 0.7514 | lr 9.99e-05 | 184s
2026-09-18 21:39:19 | INFO    | epoch 3 | batch 2660/4266 | loss 0.8540 | acc 0.7516 | lr 9.99e-05 | 185s
2026-09-18 21:39:20 | INFO    | epoch 3 | batch 2680/4266 | loss 0.8536 | acc 0.7518 | lr 9.99e-05 | 187s
2026-09-18 21:39:22 | INFO    | epoch 3 | batch 2700/4266 | loss 0.8530 | acc 0.7521 | lr 9.99e-05 | 188s
2026-09-18 21:39:23 | INFO    | epoch 3 | batch 2720/4266 | loss 0.8528 | acc 0.7522 | lr 9.99e-05 | 190s
2026-09-18 21:39:24 | INFO    | epoch 3 | batch 2740/4266 | loss 0.8525 | acc 0.7524 | lr 9.99e-05 | 191s
2026-09-18 21:39:26 | INFO    | epoch 3 | batch 2760/4266 | loss 0.8517 | acc 0.7528 | lr 9.99e-05 | 192s
2026-09-18 21:39:27 | INFO    | epoch 3 | batch 2780/4266 | loss 0.8513 | acc 0.7530 | lr 9.99e-05 | 194s
2026-09-18 21:39:29 | INFO    | epoch 3 | batch 2800/4266 | loss 0.8512 | acc 0.7531 | lr 9.99e-05 | 195s
2026-09-18 21:39:30 | INFO    | epoch 3 | batch 2820/4266 | loss 0.8507 | acc 0.7533 | lr 9.99e-05 | 197s
2026-09-18 21:39:32 | INFO    | epoch 3 | batch 2840/4266 | loss 0.8503 | acc 0.7534 | lr 9.99e-05 | 198s
2026-09-18 21:39:33 | INFO    | epoch 3 | batch 2860/4266 | loss 0.8499 | acc 0.7538 | lr 9.99e-05 | 200s
2026-09-18 21:39:34 | INFO    | epoch 3 | batch 2880/4266 | loss 0.8495 | acc 0.7539 | lr 9.99e-05 | 201s
2026-09-18 21:39:36 | INFO    | epoch 3 | batch 2900/4266 | loss 0.8492 | acc 0.7540 | lr 9.99e-05 | 202s
2026-09-18 21:39:37 | INFO    | epoch 3 | batch 2920/4266 | loss 0.8487 | acc 0.7545 | lr 9.99e-05 | 204s
2026-09-18 21:39:39 | INFO    | epoch 3 | batch 2940/4266 | loss 0.8482 | acc 0.7547 | lr 9.99e-05 | 205s
2026-09-18 21:39:40 | INFO    | epoch 3 | batch 2960/4266 | loss 0.8478 | acc 0.7548 | lr 9.99e-05 | 207s
2026-09-18 21:39:42 | INFO    | epoch 3 | batch 2980/4266 | loss 0.8474 | acc 0.7551 | lr 9.99e-05 | 208s
2026-09-18 21:39:43 | INFO    | epoch 3 | batch 3000/4266 | loss 0.8469 | acc 0.7553 | lr 9.99e-05 | 210s
2026-09-18 21:39:44 | INFO    | epoch 3 | batch 3020/4266 | loss 0.8466 | acc 0.7555 | lr 9.99e-05 | 211s
2026-09-18 21:39:46 | INFO    | epoch 3 | batch 3040/4266 | loss 0.8463 | acc 0.7557 | lr 9.99e-05 | 212s
2026-09-18 21:39:47 | INFO    | epoch 3 | batch 3060/4266 | loss 0.8460 | acc 0.7558 | lr 9.99e-05 | 214s
2026-09-18 21:39:49 | INFO    | epoch 3 | batch 3080/4266 | loss 0.8454 | acc 0.7562 | lr 9.99e-05 | 215s
2026-09-18 21:39:50 | INFO    | epoch 3 | batch 3100/4266 | loss 0.8449 | acc 0.7565 | lr 9.99e-05 | 217s
2026-09-18 21:39:52 | INFO    | epoch 3 | batch 3120/4266 | loss 0.8444 | acc 0.7567 | lr 9.99e-05 | 218s
2026-09-18 21:39:53 | INFO    | epoch 3 | batch 3140/4266 | loss 0.8441 | acc 0.7569 | lr 9.99e-05 | 220s
2026-09-18 21:39:54 | INFO    | epoch 3 | batch 3160/4266 | loss 0.8440 | acc 0.7569 | lr 9.99e-05 | 221s
2026-09-18 21:39:56 | INFO    | epoch 3 | batch 3180/4266 | loss 0.8438 | acc 0.7571 | lr 9.99e-05 | 222s
2026-09-18 21:39:57 | INFO    | epoch 3 | batch 3200/4266 | loss 0.8437 | acc 0.7571 | lr 9.99e-05 | 224s
2026-09-18 21:39:59 | INFO    | epoch 3 | batch 3220/4266 | loss 0.8432 | acc 0.7574 | lr 9.99e-05 | 225s
2026-09-18 21:40:00 | INFO    | epoch 3 | batch 3240/4266 | loss 0.8428 | acc 0.7577 | lr 9.99e-05 | 227s
2026-09-18 21:40:02 | INFO    | epoch 3 | batch 3260/4266 | loss 0.8423 | acc 0.7580 | lr 9.99e-05 | 228s
2026-09-18 21:40:03 | INFO    | epoch 3 | batch 3280/4266 | loss 0.8421 | acc 0.7581 | lr 9.99e-05 | 230s
2026-09-18 21:40:04 | INFO    | epoch 3 | batch 3300/4266 | loss 0.8418 | acc 0.7582 | lr 9.99e-05 | 231s
2026-09-18 21:40:06 | INFO    | epoch 3 | batch 3320/4266 | loss 0.8417 | acc 0.7583 | lr 9.99e-05 | 232s
2026-09-18 21:40:07 | INFO    | epoch 3 | batch 3340/4266 | loss 0.8413 | acc 0.7586 | lr 9.99e-05 | 234s
2026-09-18 21:40:09 | INFO    | epoch 3 | batch 3360/4266 | loss 0.8408 | acc 0.7589 | lr 9.99e-05 | 235s
2026-09-18 21:40:10 | INFO    | epoch 3 | batch 3380/4266 | loss 0.8406 | acc 0.7590 | lr 9.99e-05 | 237s
2026-09-18 21:40:11 | INFO    | epoch 3 | batch 3400/4266 | loss 0.8403 | acc 0.7592 | lr 9.99e-05 | 238s
2026-09-18 21:40:13 | INFO    | epoch 3 | batch 3420/4266 | loss 0.8402 | acc 0.7593 | lr 9.99e-05 | 239s
2026-09-18 21:40:14 | INFO    | epoch 3 | batch 3440/4266 | loss 0.8398 | acc 0.7595 | lr 9.99e-05 | 241s
2026-09-18 21:40:16 | INFO    | epoch 3 | batch 3460/4266 | loss 0.8396 | acc 0.7596 | lr 9.99e-05 | 242s
2026-09-18 21:40:17 | INFO    | epoch 3 | batch 3480/4266 | loss 0.8391 | acc 0.7599 | lr 9.99e-05 | 244s
2026-09-18 21:40:18 | INFO    | epoch 3 | batch 3500/4266 | loss 0.8388 | acc 0.7602 | lr 9.99e-05 | 245s
2026-09-18 21:40:20 | INFO    | epoch 3 | batch 3520/4266 | loss 0.8385 | acc 0.7604 | lr 9.99e-05 | 246s
2026-09-18 21:40:21 | INFO    | epoch 3 | batch 3540/4266 | loss 0.8382 | acc 0.7606 | lr 9.99e-05 | 248s
2026-09-18 21:40:22 | INFO    | epoch 3 | batch 3560/4266 | loss 0.8380 | acc 0.7607 | lr 9.99e-05 | 249s
2026-09-18 21:40:24 | INFO    | epoch 3 | batch 3580/4266 | loss 0.8376 | acc 0.7611 | lr 9.99e-05 | 250s
2026-09-18 21:40:25 | INFO    | epoch 3 | batch 3600/4266 | loss 0.8373 | acc 0.7612 | lr 9.99e-05 | 252s
2026-09-18 21:40:27 | INFO    | epoch 3 | batch 3620/4266 | loss 0.8369 | acc 0.7614 | lr 9.99e-05 | 253s
2026-09-18 21:40:28 | INFO    | epoch 3 | batch 3640/4266 | loss 0.8364 | acc 0.7617 | lr 9.99e-05 | 255s
2026-09-18 21:40:29 | INFO    | epoch 3 | batch 3660/4266 | loss 0.8359 | acc 0.7620 | lr 9.99e-05 | 256s
2026-09-18 21:40:31 | INFO    | epoch 3 | batch 3680/4266 | loss 0.8354 | acc 0.7623 | lr 9.99e-05 | 257s
2026-09-18 21:40:32 | INFO    | epoch 3 | batch 3700/4266 | loss 0.8352 | acc 0.7624 | lr 9.99e-05 | 259s
2026-09-18 21:40:34 | INFO    | epoch 3 | batch 3720/4266 | loss 0.8350 | acc 0.7626 | lr 9.99e-05 | 260s
2026-09-18 21:40:35 | INFO    | epoch 3 | batch 3740/4266 | loss 0.8348 | acc 0.7628 | lr 9.99e-05 | 261s
2026-09-18 21:40:36 | INFO    | epoch 3 | batch 3760/4266 | loss 0.8343 | acc 0.7631 | lr 9.99e-05 | 263s
2026-09-18 21:40:38 | INFO    | epoch 3 | batch 3780/4266 | loss 0.8339 | acc 0.7634 | lr 9.99e-05 | 264s
2026-09-18 21:40:39 | INFO    | epoch 3 | batch 3800/4266 | loss 0.8336 | acc 0.7636 | lr 9.99e-05 | 266s
2026-09-18 21:40:41 | INFO    | epoch 3 | batch 3820/4266 | loss 0.8334 | acc 0.7636 | lr 9.99e-05 | 267s
2026-09-18 21:40:42 | INFO    | epoch 3 | batch 3840/4266 | loss 0.8331 | acc 0.7638 | lr 9.99e-05 | 268s
2026-09-18 21:40:43 | INFO    | epoch 3 | batch 3860/4266 | loss 0.8326 | acc 0.7640 | lr 9.99e-05 | 270s
2026-09-18 21:40:45 | INFO    | epoch 3 | batch 3880/4266 | loss 0.8323 | acc 0.7642 | lr 9.99e-05 | 271s
2026-09-18 21:40:46 | INFO    | epoch 3 | batch 3900/4266 | loss 0.8320 | acc 0.7644 | lr 9.99e-05 | 273s
2026-09-18 21:40:48 | INFO    | epoch 3 | batch 3920/4266 | loss 0.8317 | acc 0.7646 | lr 9.99e-05 | 274s
2026-09-18 21:40:49 | INFO    | epoch 3 | batch 3940/4266 | loss 0.8314 | acc 0.7648 | lr 9.99e-05 | 276s
2026-09-18 21:40:50 | INFO    | epoch 3 | batch 3960/4266 | loss 0.8310 | acc 0.7650 | lr 9.99e-05 | 277s
2026-09-18 21:40:52 | INFO    | epoch 3 | batch 3980/4266 | loss 0.8306 | acc 0.7651 | lr 9.99e-05 | 278s
2026-09-18 21:40:53 | INFO    | epoch 3 | batch 4000/4266 | loss 0.8303 | acc 0.7652 | lr 9.99e-05 | 280s
2026-09-18 21:40:54 | INFO    | epoch 3 | batch 4020/4266 | loss 0.8298 | acc 0.7656 | lr 9.98e-05 | 281s
2026-09-18 21:40:56 | INFO    | epoch 3 | batch 4040/4266 | loss 0.8296 | acc 0.7657 | lr 9.98e-05 | 282s
2026-09-18 21:40:57 | INFO    | epoch 3 | batch 4060/4266 | loss 0.8292 | acc 0.7659 | lr 9.98e-05 | 284s
2026-09-18 21:40:59 | INFO    | epoch 3 | batch 4080/4266 | loss 0.8292 | acc 0.7659 | lr 9.98e-05 | 285s
2026-09-18 21:41:00 | INFO    | epoch 3 | batch 4100/4266 | loss 0.8288 | acc 0.7662 | lr 9.98e-05 | 287s
2026-09-18 21:41:01 | INFO    | epoch 3 | batch 4120/4266 | loss 0.8287 | acc 0.7663 | lr 9.98e-05 | 288s
2026-09-18 21:41:03 | INFO    | epoch 3 | batch 4140/4266 | loss 0.8285 | acc 0.7665 | lr 9.98e-05 | 289s
2026-09-18 21:41:04 | INFO    | epoch 3 | batch 4160/4266 | loss 0.8283 | acc 0.7665 | lr 9.98e-05 | 291s
2026-09-18 21:41:05 | INFO    | epoch 3 | batch 4180/4266 | loss 0.8283 | acc 0.7665 | lr 9.98e-05 | 292s
2026-09-18 21:41:07 | INFO    | epoch 3 | batch 4200/4266 | loss 0.8280 | acc 0.7668 | lr 9.98e-05 | 293s
2026-09-18 21:41:08 | INFO    | epoch 3 | batch 4220/4266 | loss 0.8279 | acc 0.7668 | lr 9.98e-05 | 295s
2026-09-18 21:41:10 | INFO    | epoch 3 | batch 4240/4266 | loss 0.8276 | acc 0.7670 | lr 9.98e-05 | 296s
2026-09-18 21:41:11 | INFO    | epoch 3 | batch 4260/4266 | loss 0.8272 | acc 0.7671 | lr 9.98e-05 | 298s
2026-09-18 21:41:11 | INFO    | epoch 3 | batch 4266/4266 | loss 0.8271 | acc 0.7672 | lr 9.98e-05 | 298s
2026-09-18 21:41:21 | INFO    | epoch 3/40 done in 308s | train loss 0.8271 | train running patch (aug): accuracy=0.7672 precision=0.7627 recall=0.7535 f1=0.7569
2026-09-18 21:41:21 | INFO    | epoch 3 train (eval, no aug) | loss 0.7080 | patch[7280]: accuracy=0.8297 precision=0.8322 recall=0.8288 f1=0.8241 | image[455]: accuracy=0.9187 precision=0.9222 recall=0.9212 f1=0.9170
2026-09-18 21:41:21 | INFO    | epoch 3 val | loss 1.1585 | patch[8448]: accuracy=0.6095 precision=0.6086 recall=0.5842 f1=0.5879 | image[96]: accuracy=0.6875 precision=0.7001 recall=0.6630 f1=0.6711
2026-09-18 21:41:21 | INFO    | val_patch_f1 = 0.5879 (best 0.5899 @ epoch 2)
2026-09-18 21:41:23 | INFO    | epoch 4 | batch 20/4266 | loss 0.7847 | acc 0.7984 | lr 9.98e-05 | 1s
2026-09-18 21:41:24 | INFO    | epoch 4 | batch 40/4266 | loss 0.7675 | acc 0.8055 | lr 9.98e-05 | 3s
2026-09-18 21:41:25 | INFO    | epoch 4 | batch 60/4266 | loss 0.7679 | acc 0.8042 | lr 9.98e-05 | 4s
2026-09-18 21:41:27 | INFO    | epoch 4 | batch 80/4266 | loss 0.7655 | acc 0.8051 | lr 9.98e-05 | 6s
2026-09-18 21:41:28 | INFO    | epoch 4 | batch 100/4266 | loss 0.7613 | acc 0.8081 | lr 9.98e-05 | 7s
2026-09-18 21:41:29 | INFO    | epoch 4 | batch 120/4266 | loss 0.7571 | acc 0.8086 | lr 9.98e-05 | 8s
2026-09-18 21:41:31 | INFO    | epoch 4 | batch 140/4266 | loss 0.7575 | acc 0.8074 | lr 9.98e-05 | 10s
2026-09-18 21:41:32 | INFO    | epoch 4 | batch 160/4266 | loss 0.7597 | acc 0.8063 | lr 9.98e-05 | 11s
2026-09-18 21:41:33 | INFO    | epoch 4 | batch 180/4266 | loss 0.7596 | acc 0.8066 | lr 9.98e-05 | 12s
2026-09-18 21:41:35 | INFO    | epoch 4 | batch 200/4266 | loss 0.7618 | acc 0.8056 | lr 9.98e-05 | 14s
2026-09-18 21:41:36 | INFO    | epoch 4 | batch 220/4266 | loss 0.7581 | acc 0.8082 | lr 9.98e-05 | 15s
2026-09-18 21:41:38 | INFO    | epoch 4 | batch 240/4266 | loss 0.7557 | acc 0.8096 | lr 9.98e-05 | 16s
2026-09-18 21:41:39 | INFO    | epoch 4 | batch 260/4266 | loss 0.7570 | acc 0.8093 | lr 9.98e-05 | 18s
2026-09-18 21:41:40 | INFO    | epoch 4 | batch 280/4266 | loss 0.7544 | acc 0.8112 | lr 9.98e-05 | 19s
2026-09-18 21:41:42 | INFO    | epoch 4 | batch 300/4266 | loss 0.7553 | acc 0.8097 | lr 9.98e-05 | 21s
2026-09-18 21:41:43 | INFO    | epoch 4 | batch 320/4266 | loss 0.7556 | acc 0.8097 | lr 9.98e-05 | 22s
2026-09-18 21:41:45 | INFO    | epoch 4 | batch 340/4266 | loss 0.7564 | acc 0.8100 | lr 9.98e-05 | 24s
2026-09-18 21:41:46 | INFO    | epoch 4 | batch 360/4266 | loss 0.7542 | acc 0.8114 | lr 9.98e-05 | 25s
2026-09-18 21:41:47 | INFO    | epoch 4 | batch 380/4266 | loss 0.7555 | acc 0.8104 | lr 9.98e-05 | 26s
2026-09-18 21:41:49 | INFO    | epoch 4 | batch 400/4266 | loss 0.7555 | acc 0.8106 | lr 9.98e-05 | 28s
2026-09-18 21:41:50 | INFO    | epoch 4 | batch 420/4266 | loss 0.7553 | acc 0.8110 | lr 9.98e-05 | 29s
2026-09-18 21:41:52 | INFO    | epoch 4 | batch 440/4266 | loss 0.7535 | acc 0.8113 | lr 9.98e-05 | 30s
2026-09-18 21:41:53 | INFO    | epoch 4 | batch 460/4266 | loss 0.7520 | acc 0.8116 | lr 9.98e-05 | 32s
2026-09-18 21:41:54 | INFO    | epoch 4 | batch 480/4266 | loss 0.7515 | acc 0.8118 | lr 9.98e-05 | 33s
2026-09-18 21:41:56 | INFO    | epoch 4 | batch 500/4266 | loss 0.7511 | acc 0.8117 | lr 9.98e-05 | 35s
2026-09-18 21:41:57 | INFO    | epoch 4 | batch 520/4266 | loss 0.7507 | acc 0.8114 | lr 9.98e-05 | 36s
2026-09-18 21:41:58 | INFO    | epoch 4 | batch 540/4266 | loss 0.7501 | acc 0.8117 | lr 9.98e-05 | 37s
2026-09-18 21:42:00 | INFO    | epoch 4 | batch 560/4266 | loss 0.7499 | acc 0.8121 | lr 9.98e-05 | 39s
2026-09-18 21:42:01 | INFO    | epoch 4 | batch 580/4266 | loss 0.7487 | acc 0.8132 | lr 9.98e-05 | 40s
2026-09-18 21:42:02 | INFO    | epoch 4 | batch 600/4266 | loss 0.7486 | acc 0.8134 | lr 9.98e-05 | 41s
2026-09-18 21:42:04 | INFO    | epoch 4 | batch 620/4266 | loss 0.7491 | acc 0.8137 | lr 9.98e-05 | 43s
2026-09-18 21:42:05 | INFO    | epoch 4 | batch 640/4266 | loss 0.7494 | acc 0.8135 | lr 9.98e-05 | 44s
2026-09-18 21:42:07 | INFO    | epoch 4 | batch 660/4266 | loss 0.7486 | acc 0.8143 | lr 9.98e-05 | 45s
2026-09-18 21:42:08 | INFO    | epoch 4 | batch 680/4266 | loss 0.7481 | acc 0.8147 | lr 9.98e-05 | 47s
2026-09-18 21:42:09 | INFO    | epoch 4 | batch 700/4266 | loss 0.7475 | acc 0.8151 | lr 9.98e-05 | 48s
2026-09-18 21:42:11 | INFO    | epoch 4 | batch 720/4266 | loss 0.7472 | acc 0.8152 | lr 9.98e-05 | 50s
2026-09-18 21:42:12 | INFO    | epoch 4 | batch 740/4266 | loss 0.7467 | acc 0.8155 | lr 9.98e-05 | 51s
2026-09-18 21:42:14 | INFO    | epoch 4 | batch 760/4266 | loss 0.7482 | acc 0.8147 | lr 9.98e-05 | 52s
2026-09-18 21:42:15 | INFO    | epoch 4 | batch 780/4266 | loss 0.7484 | acc 0.8146 | lr 9.98e-05 | 54s
2026-09-18 21:42:16 | INFO    | epoch 4 | batch 800/4266 | loss 0.7485 | acc 0.8144 | lr 9.98e-05 | 55s
2026-09-18 21:42:18 | INFO    | epoch 4 | batch 820/4266 | loss 0.7484 | acc 0.8145 | lr 9.98e-05 | 56s
2026-09-18 21:42:19 | INFO    | epoch 4 | batch 840/4266 | loss 0.7484 | acc 0.8141 | lr 9.98e-05 | 58s
2026-09-18 21:42:20 | INFO    | epoch 4 | batch 860/4266 | loss 0.7476 | acc 0.8145 | lr 9.98e-05 | 59s
2026-09-18 21:42:22 | INFO    | epoch 4 | batch 880/4266 | loss 0.7475 | acc 0.8141 | lr 9.98e-05 | 61s
2026-09-18 21:42:23 | INFO    | epoch 4 | batch 900/4266 | loss 0.7490 | acc 0.8133 | lr 9.98e-05 | 62s
2026-09-18 21:42:24 | INFO    | epoch 4 | batch 920/4266 | loss 0.7488 | acc 0.8136 | lr 9.98e-05 | 63s
2026-09-18 21:42:26 | INFO    | epoch 4 | batch 940/4266 | loss 0.7481 | acc 0.8142 | lr 9.97e-05 | 65s
2026-09-18 21:42:27 | INFO    | epoch 4 | batch 960/4266 | loss 0.7471 | acc 0.8149 | lr 9.97e-05 | 66s
2026-09-18 21:42:29 | INFO    | epoch 4 | batch 980/4266 | loss 0.7474 | acc 0.8146 | lr 9.97e-05 | 67s
2026-09-18 21:42:30 | INFO    | epoch 4 | batch 1000/4266 | loss 0.7470 | acc 0.8149 | lr 9.97e-05 | 69s
2026-09-18 21:42:31 | INFO    | epoch 4 | batch 1020/4266 | loss 0.7470 | acc 0.8150 | lr 9.97e-05 | 70s
2026-09-18 21:42:33 | INFO    | epoch 4 | batch 1040/4266 | loss 0.7465 | acc 0.8154 | lr 9.97e-05 | 72s
2026-09-18 21:42:34 | INFO    | epoch 4 | batch 1060/4266 | loss 0.7464 | acc 0.8157 | lr 9.97e-05 | 73s
2026-09-18 21:42:35 | INFO    | epoch 4 | batch 1080/4266 | loss 0.7461 | acc 0.8155 | lr 9.97e-05 | 74s
2026-09-18 21:42:37 | INFO    | epoch 4 | batch 1100/4266 | loss 0.7460 | acc 0.8154 | lr 9.97e-05 | 76s
2026-09-18 21:42:38 | INFO    | epoch 4 | batch 1120/4266 | loss 0.7457 | acc 0.8156 | lr 9.97e-05 | 77s
2026-09-18 21:42:40 | INFO    | epoch 4 | batch 1140/4266 | loss 0.7458 | acc 0.8157 | lr 9.97e-05 | 79s
2026-09-18 21:42:41 | INFO    | epoch 4 | batch 1160/4266 | loss 0.7454 | acc 0.8158 | lr 9.97e-05 | 80s
2026-09-18 21:42:43 | INFO    | epoch 4 | batch 1180/4266 | loss 0.7452 | acc 0.8159 | lr 9.97e-05 | 81s
2026-09-18 21:42:44 | INFO    | epoch 4 | batch 1200/4266 | loss 0.7454 | acc 0.8154 | lr 9.97e-05 | 83s
2026-09-18 21:42:45 | INFO    | epoch 4 | batch 1220/4266 | loss 0.7449 | acc 0.8157 | lr 9.97e-05 | 84s
2026-09-18 21:42:47 | INFO    | epoch 4 | batch 1240/4266 | loss 0.7451 | acc 0.8158 | lr 9.97e-05 | 86s
2026-09-18 21:42:48 | INFO    | epoch 4 | batch 1260/4266 | loss 0.7451 | acc 0.8158 | lr 9.97e-05 | 87s
2026-09-18 21:42:50 | INFO    | epoch 4 | batch 1280/4266 | loss 0.7448 | acc 0.8159 | lr 9.97e-05 | 88s
2026-09-18 21:42:51 | INFO    | epoch 4 | batch 1300/4266 | loss 0.7447 | acc 0.8158 | lr 9.97e-05 | 90s
2026-09-18 21:42:52 | INFO    | epoch 4 | batch 1320/4266 | loss 0.7446 | acc 0.8159 | lr 9.97e-05 | 91s
2026-09-18 21:42:54 | INFO    | epoch 4 | batch 1340/4266 | loss 0.7452 | acc 0.8154 | lr 9.97e-05 | 93s
2026-09-18 21:42:55 | INFO    | epoch 4 | batch 1360/4266 | loss 0.7447 | acc 0.8156 | lr 9.97e-05 | 94s
2026-09-18 21:42:56 | INFO    | epoch 4 | batch 1380/4266 | loss 0.7447 | acc 0.8155 | lr 9.97e-05 | 95s
2026-09-18 21:42:58 | INFO    | epoch 4 | batch 1400/4266 | loss 0.7447 | acc 0.8154 | lr 9.97e-05 | 97s
2026-09-18 21:42:59 | INFO    | epoch 4 | batch 1420/4266 | loss 0.7447 | acc 0.8158 | lr 9.97e-05 | 98s
2026-09-18 21:43:01 | INFO    | epoch 4 | batch 1440/4266 | loss 0.7444 | acc 0.8157 | lr 9.97e-05 | 99s
2026-09-18 21:43:02 | INFO    | epoch 4 | batch 1460/4266 | loss 0.7442 | acc 0.8161 | lr 9.97e-05 | 101s
2026-09-18 21:43:03 | INFO    | epoch 4 | batch 1480/4266 | loss 0.7437 | acc 0.8165 | lr 9.97e-05 | 102s
2026-09-18 21:43:05 | INFO    | epoch 4 | batch 1500/4266 | loss 0.7432 | acc 0.8169 | lr 9.97e-05 | 104s
2026-09-18 21:43:06 | INFO    | epoch 4 | batch 1520/4266 | loss 0.7425 | acc 0.8174 | lr 9.97e-05 | 105s
2026-09-18 21:43:07 | INFO    | epoch 4 | batch 1540/4266 | loss 0.7420 | acc 0.8177 | lr 9.97e-05 | 106s
2026-09-18 21:43:09 | INFO    | epoch 4 | batch 1560/4266 | loss 0.7419 | acc 0.8177 | lr 9.97e-05 | 108s
2026-09-18 21:43:10 | INFO    | epoch 4 | batch 1580/4266 | loss 0.7420 | acc 0.8177 | lr 9.97e-05 | 109s
2026-09-18 21:43:12 | INFO    | epoch 4 | batch 1600/4266 | loss 0.7419 | acc 0.8177 | lr 9.97e-05 | 111s
2026-09-18 21:43:13 | INFO    | epoch 4 | batch 1620/4266 | loss 0.7416 | acc 0.8178 | lr 9.97e-05 | 112s
2026-09-18 21:43:14 | INFO    | epoch 4 | batch 1640/4266 | loss 0.7410 | acc 0.8180 | lr 9.97e-05 | 113s
2026-09-18 21:43:16 | INFO    | epoch 4 | batch 1660/4266 | loss 0.7409 | acc 0.8181 | lr 9.97e-05 | 115s
2026-09-18 21:43:17 | INFO    | epoch 4 | batch 1680/4266 | loss 0.7406 | acc 0.8182 | lr 9.97e-05 | 116s
2026-09-18 21:43:19 | INFO    | epoch 4 | batch 1700/4266 | loss 0.7400 | acc 0.8185 | lr 9.97e-05 | 118s
2026-09-18 21:43:20 | INFO    | epoch 4 | batch 1720/4266 | loss 0.7394 | acc 0.8188 | lr 9.97e-05 | 119s
2026-09-18 21:43:22 | INFO    | epoch 4 | batch 1740/4266 | loss 0.7391 | acc 0.8189 | lr 9.97e-05 | 120s
2026-09-18 21:43:23 | INFO    | epoch 4 | batch 1760/4266 | loss 0.7390 | acc 0.8190 | lr 9.97e-05 | 122s
2026-09-18 21:43:24 | INFO    | epoch 4 | batch 1780/4266 | loss 0.7388 | acc 0.8191 | lr 9.97e-05 | 123s
2026-09-18 21:43:26 | INFO    | epoch 4 | batch 1800/4266 | loss 0.7387 | acc 0.8192 | lr 9.97e-05 | 125s
2026-09-18 21:43:27 | INFO    | epoch 4 | batch 1820/4266 | loss 0.7383 | acc 0.8194 | lr 9.97e-05 | 126s
2026-09-18 21:43:29 | INFO    | epoch 4 | batch 1840/4266 | loss 0.7378 | acc 0.8199 | lr 9.97e-05 | 127s
2026-09-18 21:43:30 | INFO    | epoch 4 | batch 1860/4266 | loss 0.7377 | acc 0.8198 | lr 9.97e-05 | 129s
2026-09-18 21:43:31 | INFO    | epoch 4 | batch 1880/4266 | loss 0.7377 | acc 0.8197 | lr 9.96e-05 | 130s
2026-09-18 21:43:33 | INFO    | epoch 4 | batch 1900/4266 | loss 0.7383 | acc 0.8194 | lr 9.96e-05 | 132s
2026-09-18 21:43:34 | INFO    | epoch 4 | batch 1920/4266 | loss 0.7380 | acc 0.8194 | lr 9.96e-05 | 133s
2026-09-18 21:43:36 | INFO    | epoch 4 | batch 1940/4266 | loss 0.7382 | acc 0.8193 | lr 9.96e-05 | 134s
2026-09-18 21:43:37 | INFO    | epoch 4 | batch 1960/4266 | loss 0.7378 | acc 0.8195 | lr 9.96e-05 | 136s
2026-09-18 21:43:38 | INFO    | epoch 4 | batch 1980/4266 | loss 0.7375 | acc 0.8198 | lr 9.96e-05 | 137s
2026-09-18 21:43:40 | INFO    | epoch 4 | batch 2000/4266 | loss 0.7373 | acc 0.8200 | lr 9.96e-05 | 139s
2026-09-18 21:43:41 | INFO    | epoch 4 | batch 2020/4266 | loss 0.7370 | acc 0.8201 | lr 9.96e-05 | 140s
2026-09-18 21:43:43 | INFO    | epoch 4 | batch 2040/4266 | loss 0.7373 | acc 0.8201 | lr 9.96e-05 | 142s
2026-09-18 21:43:44 | INFO    | epoch 4 | batch 2060/4266 | loss 0.7367 | acc 0.8203 | lr 9.96e-05 | 143s
2026-09-18 21:43:46 | INFO    | epoch 4 | batch 2080/4266 | loss 0.7364 | acc 0.8204 | lr 9.96e-05 | 144s
2026-09-18 21:43:47 | INFO    | epoch 4 | batch 2100/4266 | loss 0.7360 | acc 0.8206 | lr 9.96e-05 | 146s
2026-09-18 21:43:48 | INFO    | epoch 4 | batch 2120/4266 | loss 0.7363 | acc 0.8203 | lr 9.96e-05 | 147s
2026-09-18 21:43:50 | INFO    | epoch 4 | batch 2140/4266 | loss 0.7360 | acc 0.8205 | lr 9.96e-05 | 149s
2026-09-18 21:43:51 | INFO    | epoch 4 | batch 2160/4266 | loss 0.7358 | acc 0.8206 | lr 9.96e-05 | 150s
2026-09-18 21:43:53 | INFO    | epoch 4 | batch 2180/4266 | loss 0.7357 | acc 0.8207 | lr 9.96e-05 | 152s
2026-09-18 21:43:54 | INFO    | epoch 4 | batch 2200/4266 | loss 0.7355 | acc 0.8209 | lr 9.96e-05 | 153s
2026-09-18 21:43:55 | INFO    | epoch 4 | batch 2220/4266 | loss 0.7353 | acc 0.8211 | lr 9.96e-05 | 154s
2026-09-18 21:43:57 | INFO    | epoch 4 | batch 2240/4266 | loss 0.7350 | acc 0.8212 | lr 9.96e-05 | 156s
2026-09-18 21:43:58 | INFO    | epoch 4 | batch 2260/4266 | loss 0.7349 | acc 0.8212 | lr 9.96e-05 | 157s
2026-09-18 21:44:00 | INFO    | epoch 4 | batch 2280/4266 | loss 0.7345 | acc 0.8214 | lr 9.96e-05 | 158s
2026-09-18 21:44:01 | INFO    | epoch 4 | batch 2300/4266 | loss 0.7345 | acc 0.8213 | lr 9.96e-05 | 160s
2026-09-18 21:44:02 | INFO    | epoch 4 | batch 2320/4266 | loss 0.7345 | acc 0.8213 | lr 9.96e-05 | 161s
2026-09-18 21:44:04 | INFO    | epoch 4 | batch 2340/4266 | loss 0.7340 | acc 0.8215 | lr 9.96e-05 | 163s
2026-09-18 21:44:05 | INFO    | epoch 4 | batch 2360/4266 | loss 0.7340 | acc 0.8215 | lr 9.96e-05 | 164s
2026-09-18 21:44:06 | INFO    | epoch 4 | batch 2380/4266 | loss 0.7337 | acc 0.8218 | lr 9.96e-05 | 165s
2026-09-18 21:44:08 | INFO    | epoch 4 | batch 2400/4266 | loss 0.7332 | acc 0.8221 | lr 9.96e-05 | 167s
2026-09-18 21:44:09 | INFO    | epoch 4 | batch 2420/4266 | loss 0.7328 | acc 0.8223 | lr 9.96e-05 | 168s
2026-09-18 21:44:11 | INFO    | epoch 4 | batch 2440/4266 | loss 0.7327 | acc 0.8224 | lr 9.96e-05 | 169s
2026-09-18 21:44:12 | INFO    | epoch 4 | batch 2460/4266 | loss 0.7325 | acc 0.8226 | lr 9.96e-05 | 171s
2026-09-18 21:44:13 | INFO    | epoch 4 | batch 2480/4266 | loss 0.7323 | acc 0.8228 | lr 9.96e-05 | 172s
2026-09-18 21:44:15 | INFO    | epoch 4 | batch 2500/4266 | loss 0.7318 | acc 0.8230 | lr 9.96e-05 | 174s
2026-09-18 21:44:16 | INFO    | epoch 4 | batch 2520/4266 | loss 0.7318 | acc 0.8232 | lr 9.96e-05 | 175s
2026-09-18 21:44:18 | INFO    | epoch 4 | batch 2540/4266 | loss 0.7316 | acc 0.8231 | lr 9.96e-05 | 177s
2026-09-18 21:44:19 | INFO    | epoch 4 | batch 2560/4266 | loss 0.7314 | acc 0.8233 | lr 9.96e-05 | 178s
2026-09-18 21:44:21 | INFO    | epoch 4 | batch 2580/4266 | loss 0.7311 | acc 0.8234 | lr 9.96e-05 | 179s
2026-09-18 21:44:22 | INFO    | epoch 4 | batch 2600/4266 | loss 0.7310 | acc 0.8233 | lr 9.96e-05 | 181s
2026-09-18 21:44:24 | INFO    | epoch 4 | batch 2620/4266 | loss 0.7306 | acc 0.8236 | lr 9.96e-05 | 182s
2026-09-18 21:44:25 | INFO    | epoch 4 | batch 2640/4266 | loss 0.7304 | acc 0.8236 | lr 9.96e-05 | 184s
2026-09-18 21:44:26 | INFO    | epoch 4 | batch 2660/4266 | loss 0.7300 | acc 0.8238 | lr 9.96e-05 | 185s
2026-09-18 21:44:28 | INFO    | epoch 4 | batch 2680/4266 | loss 0.7301 | acc 0.8238 | lr 9.96e-05 | 187s
2026-09-18 21:44:29 | INFO    | epoch 4 | batch 2700/4266 | loss 0.7298 | acc 0.8240 | lr 9.95e-05 | 188s
2026-09-18 21:44:31 | INFO    | epoch 4 | batch 2720/4266 | loss 0.7298 | acc 0.8241 | lr 9.95e-05 | 190s
2026-09-18 21:44:32 | INFO    | epoch 4 | batch 2740/4266 | loss 0.7297 | acc 0.8243 | lr 9.95e-05 | 191s
2026-09-18 21:44:34 | INFO    | epoch 4 | batch 2760/4266 | loss 0.7296 | acc 0.8243 | lr 9.95e-05 | 192s
2026-09-18 21:44:35 | INFO    | epoch 4 | batch 2780/4266 | loss 0.7294 | acc 0.8244 | lr 9.95e-05 | 194s
2026-09-18 21:44:36 | INFO    | epoch 4 | batch 2800/4266 | loss 0.7292 | acc 0.8245 | lr 9.95e-05 | 195s
2026-09-18 21:44:38 | INFO    | epoch 4 | batch 2820/4266 | loss 0.7290 | acc 0.8246 | lr 9.95e-05 | 197s
2026-09-18 21:44:39 | INFO    | epoch 4 | batch 2840/4266 | loss 0.7290 | acc 0.8246 | lr 9.95e-05 | 198s
2026-09-18 21:44:41 | INFO    | epoch 4 | batch 2860/4266 | loss 0.7291 | acc 0.8245 | lr 9.95e-05 | 200s
2026-09-18 21:44:42 | INFO    | epoch 4 | batch 2880/4266 | loss 0.7290 | acc 0.8246 | lr 9.95e-05 | 201s
2026-09-18 21:44:44 | INFO    | epoch 4 | batch 2900/4266 | loss 0.7288 | acc 0.8246 | lr 9.95e-05 | 202s
2026-09-18 21:44:45 | INFO    | epoch 4 | batch 2920/4266 | loss 0.7288 | acc 0.8246 | lr 9.95e-05 | 204s
2026-09-18 21:44:46 | INFO    | epoch 4 | batch 2940/4266 | loss 0.7287 | acc 0.8246 | lr 9.95e-05 | 205s
2026-09-18 21:44:48 | INFO    | epoch 4 | batch 2960/4266 | loss 0.7287 | acc 0.8246 | lr 9.95e-05 | 207s
2026-09-18 21:44:49 | INFO    | epoch 4 | batch 2980/4266 | loss 0.7286 | acc 0.8247 | lr 9.95e-05 | 208s
2026-09-18 21:44:51 | INFO    | epoch 4 | batch 3000/4266 | loss 0.7287 | acc 0.8246 | lr 9.95e-05 | 210s
2026-09-18 21:44:52 | INFO    | epoch 4 | batch 3020/4266 | loss 0.7284 | acc 0.8247 | lr 9.95e-05 | 211s
2026-09-18 21:44:54 | INFO    | epoch 4 | batch 3040/4266 | loss 0.7281 | acc 0.8249 | lr 9.95e-05 | 212s
2026-09-18 21:44:55 | INFO    | epoch 4 | batch 3060/4266 | loss 0.7279 | acc 0.8250 | lr 9.95e-05 | 214s
2026-09-18 21:44:56 | INFO    | epoch 4 | batch 3080/4266 | loss 0.7277 | acc 0.8253 | lr 9.95e-05 | 215s
2026-09-18 21:44:58 | INFO    | epoch 4 | batch 3100/4266 | loss 0.7276 | acc 0.8254 | lr 9.95e-05 | 217s
2026-09-18 21:44:59 | INFO    | epoch 4 | batch 3120/4266 | loss 0.7273 | acc 0.8255 | lr 9.95e-05 | 218s
2026-09-18 21:45:01 | INFO    | epoch 4 | batch 3140/4266 | loss 0.7271 | acc 0.8256 | lr 9.95e-05 | 220s
2026-09-18 21:45:02 | INFO    | epoch 4 | batch 3160/4266 | loss 0.7270 | acc 0.8257 | lr 9.95e-05 | 221s
2026-09-18 21:45:03 | INFO    | epoch 4 | batch 3180/4266 | loss 0.7267 | acc 0.8260 | lr 9.95e-05 | 222s
2026-09-18 21:45:05 | INFO    | epoch 4 | batch 3200/4266 | loss 0.7266 | acc 0.8259 | lr 9.95e-05 | 224s
2026-09-18 21:45:06 | INFO    | epoch 4 | batch 3220/4266 | loss 0.7262 | acc 0.8261 | lr 9.95e-05 | 225s
2026-09-18 21:45:08 | INFO    | epoch 4 | batch 3240/4266 | loss 0.7260 | acc 0.8261 | lr 9.95e-05 | 227s
2026-09-18 21:45:09 | INFO    | epoch 4 | batch 3260/4266 | loss 0.7255 | acc 0.8263 | lr 9.95e-05 | 228s
2026-09-18 21:45:10 | INFO    | epoch 4 | batch 3280/4266 | loss 0.7253 | acc 0.8263 | lr 9.95e-05 | 229s
2026-09-18 21:45:12 | INFO    | epoch 4 | batch 3300/4266 | loss 0.7251 | acc 0.8265 | lr 9.95e-05 | 231s
2026-09-18 21:45:13 | INFO    | epoch 4 | batch 3320/4266 | loss 0.7249 | acc 0.8268 | lr 9.95e-05 | 232s
2026-09-18 21:45:15 | INFO    | epoch 4 | batch 3340/4266 | loss 0.7247 | acc 0.8268 | lr 9.95e-05 | 233s
2026-09-18 21:45:16 | INFO    | epoch 4 | batch 3360/4266 | loss 0.7244 | acc 0.8269 | lr 9.95e-05 | 235s
2026-09-18 21:45:17 | INFO    | epoch 4 | batch 3380/4266 | loss 0.7242 | acc 0.8270 | lr 9.95e-05 | 236s
2026-09-18 21:45:19 | INFO    | epoch 4 | batch 3400/4266 | loss 0.7242 | acc 0.8270 | lr 9.95e-05 | 238s
2026-09-18 21:45:20 | INFO    | epoch 4 | batch 3420/4266 | loss 0.7241 | acc 0.8271 | lr 9.95e-05 | 239s
2026-09-18 21:45:22 | INFO    | epoch 4 | batch 3440/4266 | loss 0.7241 | acc 0.8271 | lr 9.94e-05 | 241s
2026-09-18 21:45:23 | INFO    | epoch 4 | batch 3460/4266 | loss 0.7241 | acc 0.8271 | lr 9.94e-05 | 242s
2026-09-18 21:45:24 | INFO    | epoch 4 | batch 3480/4266 | loss 0.7241 | acc 0.8271 | lr 9.94e-05 | 243s
2026-09-18 21:45:26 | INFO    | epoch 4 | batch 3500/4266 | loss 0.7240 | acc 0.8272 | lr 9.94e-05 | 245s
2026-09-18 21:45:27 | INFO    | epoch 4 | batch 3520/4266 | loss 0.7237 | acc 0.8274 | lr 9.94e-05 | 246s
2026-09-18 21:45:29 | INFO    | epoch 4 | batch 3540/4266 | loss 0.7235 | acc 0.8275 | lr 9.94e-05 | 248s
2026-09-18 21:45:30 | INFO    | epoch 4 | batch 3560/4266 | loss 0.7233 | acc 0.8276 | lr 9.94e-05 | 249s
2026-09-18 21:45:32 | INFO    | epoch 4 | batch 3580/4266 | loss 0.7233 | acc 0.8276 | lr 9.94e-05 | 251s
2026-09-18 21:45:33 | INFO    | epoch 4 | batch 3600/4266 | loss 0.7232 | acc 0.8277 | lr 9.94e-05 | 252s
2026-09-18 21:45:35 | INFO    | epoch 4 | batch 3620/4266 | loss 0.7232 | acc 0.8277 | lr 9.94e-05 | 254s
2026-09-18 21:45:36 | INFO    | epoch 4 | batch 3640/4266 | loss 0.7234 | acc 0.8276 | lr 9.94e-05 | 255s
2026-09-18 21:45:38 | INFO    | epoch 4 | batch 3660/4266 | loss 0.7233 | acc 0.8277 | lr 9.94e-05 | 256s
2026-09-18 21:45:39 | INFO    | epoch 4 | batch 3680/4266 | loss 0.7229 | acc 0.8279 | lr 9.94e-05 | 258s
2026-09-18 21:45:40 | INFO    | epoch 4 | batch 3700/4266 | loss 0.7227 | acc 0.8280 | lr 9.94e-05 | 259s
2026-09-18 21:45:42 | INFO    | epoch 4 | batch 3720/4266 | loss 0.7225 | acc 0.8281 | lr 9.94e-05 | 260s
2026-09-18 21:45:43 | INFO    | epoch 4 | batch 3740/4266 | loss 0.7222 | acc 0.8283 | lr 9.94e-05 | 262s
2026-09-18 21:45:44 | INFO    | epoch 4 | batch 3760/4266 | loss 0.7217 | acc 0.8286 | lr 9.94e-05 | 263s
2026-09-18 21:45:46 | INFO    | epoch 4 | batch 3780/4266 | loss 0.7217 | acc 0.8286 | lr 9.94e-05 | 265s
2026-09-18 21:45:47 | INFO    | epoch 4 | batch 3800/4266 | loss 0.7213 | acc 0.8288 | lr 9.94e-05 | 266s
2026-09-18 21:45:49 | INFO    | epoch 4 | batch 3820/4266 | loss 0.7210 | acc 0.8290 | lr 9.94e-05 | 267s
2026-09-18 21:45:50 | INFO    | epoch 4 | batch 3840/4266 | loss 0.7206 | acc 0.8293 | lr 9.94e-05 | 269s
2026-09-18 21:45:51 | INFO    | epoch 4 | batch 3860/4266 | loss 0.7205 | acc 0.8294 | lr 9.94e-05 | 270s
2026-09-18 21:45:53 | INFO    | epoch 4 | batch 3880/4266 | loss 0.7202 | acc 0.8295 | lr 9.94e-05 | 272s
2026-09-18 21:45:54 | INFO    | epoch 4 | batch 3900/4266 | loss 0.7201 | acc 0.8296 | lr 9.94e-05 | 273s
2026-09-18 21:45:56 | INFO    | epoch 4 | batch 3920/4266 | loss 0.7198 | acc 0.8298 | lr 9.94e-05 | 274s
2026-09-18 21:45:57 | INFO    | epoch 4 | batch 3940/4266 | loss 0.7196 | acc 0.8299 | lr 9.94e-05 | 276s
2026-09-18 21:45:58 | INFO    | epoch 4 | batch 3960/4266 | loss 0.7195 | acc 0.8300 | lr 9.94e-05 | 277s
2026-09-18 21:46:00 | INFO    | epoch 4 | batch 3980/4266 | loss 0.7193 | acc 0.8300 | lr 9.94e-05 | 279s
2026-09-18 21:46:01 | INFO    | epoch 4 | batch 4000/4266 | loss 0.7193 | acc 0.8301 | lr 9.94e-05 | 280s
2026-09-18 21:46:03 | INFO    | epoch 4 | batch 4020/4266 | loss 0.7190 | acc 0.8302 | lr 9.94e-05 | 281s
2026-09-18 21:46:04 | INFO    | epoch 4 | batch 4040/4266 | loss 0.7189 | acc 0.8303 | lr 9.94e-05 | 283s
2026-09-18 21:46:05 | INFO    | epoch 4 | batch 4060/4266 | loss 0.7188 | acc 0.8303 | lr 9.94e-05 | 284s
2026-09-18 21:46:07 | INFO    | epoch 4 | batch 4080/4266 | loss 0.7187 | acc 0.8304 | lr 9.94e-05 | 285s
2026-09-18 21:46:08 | INFO    | epoch 4 | batch 4100/4266 | loss 0.7185 | acc 0.8305 | lr 9.94e-05 | 287s
2026-09-18 21:46:09 | INFO    | epoch 4 | batch 4120/4266 | loss 0.7183 | acc 0.8306 | lr 9.93e-05 | 288s
2026-09-18 21:46:11 | INFO    | epoch 4 | batch 4140/4266 | loss 0.7183 | acc 0.8307 | lr 9.93e-05 | 290s
2026-09-18 21:46:12 | INFO    | epoch 4 | batch 4160/4266 | loss 0.7180 | acc 0.8309 | lr 9.93e-05 | 291s
2026-09-18 21:46:13 | INFO    | epoch 4 | batch 4180/4266 | loss 0.7179 | acc 0.8309 | lr 9.93e-05 | 292s
2026-09-18 21:46:15 | INFO    | epoch 4 | batch 4200/4266 | loss 0.7178 | acc 0.8310 | lr 9.93e-05 | 294s
2026-09-18 21:46:16 | INFO    | epoch 4 | batch 4220/4266 | loss 0.7177 | acc 0.8311 | lr 9.93e-05 | 295s
2026-09-18 21:46:17 | INFO    | epoch 4 | batch 4240/4266 | loss 0.7175 | acc 0.8311 | lr 9.93e-05 | 296s
2026-09-18 21:46:19 | INFO    | epoch 4 | batch 4260/4266 | loss 0.7171 | acc 0.8314 | lr 9.93e-05 | 298s
2026-09-18 21:46:19 | INFO    | epoch 4 | batch 4266/4266 | loss 0.7171 | acc 0.8315 | lr 9.93e-05 | 298s
2026-09-18 21:46:29 | INFO    | epoch 4/40 done in 308s | train loss 0.7171 | train running patch (aug): accuracy=0.8315 precision=0.8287 recall=0.8231 f1=0.8255
2026-09-18 21:46:29 | INFO    | epoch 4 train (eval, no aug) | loss 0.6617 | patch[7280]: accuracy=0.8559 precision=0.8648 recall=0.8474 f1=0.8527 | image[455]: accuracy=0.9451 precision=0.9525 recall=0.9356 f1=0.9411
2026-09-18 21:46:29 | INFO    | epoch 4 val | loss 1.1292 | patch[8448]: accuracy=0.6551 precision=0.6262 recall=0.6264 f1=0.6241 | image[96]: accuracy=0.6875 precision=0.6494 recall=0.6497 f1=0.6472
2026-09-18 21:46:29 | INFO    | val_patch_f1 = 0.6241 (best 0.6241 @ epoch 4) *
2026-09-18 21:46:31 | INFO    | epoch 5 | batch 20/4266 | loss 0.6568 | acc 0.8703 | lr 9.93e-05 | 1s
2026-09-18 21:46:32 | INFO    | epoch 5 | batch 40/4266 | loss 0.6779 | acc 0.8609 | lr 9.93e-05 | 3s
2026-09-18 21:46:33 | INFO    | epoch 5 | batch 60/4266 | loss 0.6706 | acc 0.8604 | lr 9.93e-05 | 4s
2026-09-18 21:46:35 | INFO    | epoch 5 | batch 80/4266 | loss 0.6715 | acc 0.8605 | lr 9.93e-05 | 6s
2026-09-18 21:46:36 | INFO    | epoch 5 | batch 100/4266 | loss 0.6763 | acc 0.8591 | lr 9.93e-05 | 7s
2026-09-18 21:46:38 | INFO    | epoch 5 | batch 120/4266 | loss 0.6739 | acc 0.8596 | lr 9.93e-05 | 8s
2026-09-18 21:46:39 | INFO    | epoch 5 | batch 140/4266 | loss 0.6738 | acc 0.8592 | lr 9.93e-05 | 10s
2026-09-18 21:46:40 | INFO    | epoch 5 | batch 160/4266 | loss 0.6731 | acc 0.8604 | lr 9.93e-05 | 11s
2026-09-18 21:46:42 | INFO    | epoch 5 | batch 180/4266 | loss 0.6721 | acc 0.8604 | lr 9.93e-05 | 12s
2026-09-18 21:46:43 | INFO    | epoch 5 | batch 200/4266 | loss 0.6737 | acc 0.8603 | lr 9.93e-05 | 14s
2026-09-18 21:46:44 | INFO    | epoch 5 | batch 220/4266 | loss 0.6746 | acc 0.8581 | lr 9.93e-05 | 15s
2026-09-18 21:46:46 | INFO    | epoch 5 | batch 240/4266 | loss 0.6729 | acc 0.8590 | lr 9.93e-05 | 17s
2026-09-18 21:46:47 | INFO    | epoch 5 | batch 260/4266 | loss 0.6736 | acc 0.8584 | lr 9.93e-05 | 18s
2026-09-18 21:46:48 | INFO    | epoch 5 | batch 280/4266 | loss 0.6754 | acc 0.8584 | lr 9.93e-05 | 19s
2026-09-18 21:46:50 | INFO    | epoch 5 | batch 300/4266 | loss 0.6740 | acc 0.8578 | lr 9.93e-05 | 21s
2026-09-18 21:46:51 | INFO    | epoch 5 | batch 320/4266 | loss 0.6720 | acc 0.8587 | lr 9.93e-05 | 22s
2026-09-18 21:46:53 | INFO    | epoch 5 | batch 340/4266 | loss 0.6710 | acc 0.8594 | lr 9.93e-05 | 24s
2026-09-18 21:46:54 | INFO    | epoch 5 | batch 360/4266 | loss 0.6696 | acc 0.8603 | lr 9.93e-05 | 25s
2026-09-18 21:46:55 | INFO    | epoch 5 | batch 380/4266 | loss 0.6710 | acc 0.8590 | lr 9.93e-05 | 26s
2026-09-18 21:46:57 | INFO    | epoch 5 | batch 400/4266 | loss 0.6705 | acc 0.8591 | lr 9.93e-05 | 28s
2026-09-18 21:46:58 | INFO    | epoch 5 | batch 420/4266 | loss 0.6710 | acc 0.8587 | lr 9.93e-05 | 29s
2026-09-18 21:47:00 | INFO    | epoch 5 | batch 440/4266 | loss 0.6696 | acc 0.8596 | lr 9.93e-05 | 30s
2026-09-18 21:47:01 | INFO    | epoch 5 | batch 460/4266 | loss 0.6693 | acc 0.8600 | lr 9.93e-05 | 32s
2026-09-18 21:47:02 | INFO    | epoch 5 | batch 480/4266 | loss 0.6679 | acc 0.8609 | lr 9.92e-05 | 33s
2026-09-18 21:47:04 | INFO    | epoch 5 | batch 500/4266 | loss 0.6684 | acc 0.8605 | lr 9.92e-05 | 35s
2026-09-18 21:47:05 | INFO    | epoch 5 | batch 520/4266 | loss 0.6698 | acc 0.8591 | lr 9.92e-05 | 36s
2026-09-18 21:47:07 | INFO    | epoch 5 | batch 540/4266 | loss 0.6683 | acc 0.8596 | lr 9.92e-05 | 37s
2026-09-18 21:47:08 | INFO    | epoch 5 | batch 560/4266 | loss 0.6691 | acc 0.8593 | lr 9.92e-05 | 39s
2026-09-18 21:47:09 | INFO    | epoch 5 | batch 580/4266 | loss 0.6694 | acc 0.8596 | lr 9.92e-05 | 40s
2026-09-18 21:47:11 | INFO    | epoch 5 | batch 600/4266 | loss 0.6707 | acc 0.8589 | lr 9.92e-05 | 42s
2026-09-18 21:47:12 | INFO    | epoch 5 | batch 620/4266 | loss 0.6697 | acc 0.8593 | lr 9.92e-05 | 43s
2026-09-18 21:47:13 | INFO    | epoch 5 | batch 640/4266 | loss 0.6694 | acc 0.8589 | lr 9.92e-05 | 44s
2026-09-18 21:47:15 | INFO    | epoch 5 | batch 660/4266 | loss 0.6691 | acc 0.8587 | lr 9.92e-05 | 46s
2026-09-18 21:47:16 | INFO    | epoch 5 | batch 680/4266 | loss 0.6690 | acc 0.8587 | lr 9.92e-05 | 47s
2026-09-18 21:47:17 | INFO    | epoch 5 | batch 700/4266 | loss 0.6685 | acc 0.8584 | lr 9.92e-05 | 48s
2026-09-18 21:47:19 | INFO    | epoch 5 | batch 720/4266 | loss 0.6682 | acc 0.8583 | lr 9.92e-05 | 50s
2026-09-18 21:47:20 | INFO    | epoch 5 | batch 740/4266 | loss 0.6682 | acc 0.8578 | lr 9.92e-05 | 51s
2026-09-18 21:47:21 | INFO    | epoch 5 | batch 760/4266 | loss 0.6683 | acc 0.8579 | lr 9.92e-05 | 52s
2026-09-18 21:47:23 | INFO    | epoch 5 | batch 780/4266 | loss 0.6696 | acc 0.8572 | lr 9.92e-05 | 54s
2026-09-18 21:47:24 | INFO    | epoch 5 | batch 800/4266 | loss 0.6701 | acc 0.8569 | lr 9.92e-05 | 55s
2026-09-18 21:47:25 | INFO    | epoch 5 | batch 820/4266 | loss 0.6697 | acc 0.8573 | lr 9.92e-05 | 56s
2026-09-18 21:47:27 | INFO    | epoch 5 | batch 840/4266 | loss 0.6696 | acc 0.8575 | lr 9.92e-05 | 58s
2026-09-18 21:47:28 | INFO    | epoch 5 | batch 860/4266 | loss 0.6698 | acc 0.8574 | lr 9.92e-05 | 59s
2026-09-18 21:47:30 | INFO    | epoch 5 | batch 880/4266 | loss 0.6690 | acc 0.8579 | lr 9.92e-05 | 61s
2026-09-18 21:47:31 | INFO    | epoch 5 | batch 900/4266 | loss 0.6682 | acc 0.8586 | lr 9.92e-05 | 62s
2026-09-18 21:47:32 | INFO    | epoch 5 | batch 920/4266 | loss 0.6677 | acc 0.8590 | lr 9.92e-05 | 63s
2026-09-18 21:47:34 | INFO    | epoch 5 | batch 940/4266 | loss 0.6663 | acc 0.8597 | lr 9.92e-05 | 65s
2026-09-18 21:47:35 | INFO    | epoch 5 | batch 960/4266 | loss 0.6662 | acc 0.8597 | lr 9.92e-05 | 66s
2026-09-18 21:47:36 | INFO    | epoch 5 | batch 980/4266 | loss 0.6662 | acc 0.8598 | lr 9.92e-05 | 67s
2026-09-18 21:47:38 | INFO    | epoch 5 | batch 1000/4266 | loss 0.6662 | acc 0.8599 | lr 9.92e-05 | 69s
2026-09-18 21:47:39 | INFO    | epoch 5 | batch 1020/4266 | loss 0.6659 | acc 0.8602 | lr 9.92e-05 | 70s
2026-09-18 21:47:41 | INFO    | epoch 5 | batch 1040/4266 | loss 0.6654 | acc 0.8602 | lr 9.92e-05 | 71s
2026-09-18 21:47:42 | INFO    | epoch 5 | batch 1060/4266 | loss 0.6658 | acc 0.8600 | lr 9.91e-05 | 73s
2026-09-18 21:47:43 | INFO    | epoch 5 | batch 1080/4266 | loss 0.6659 | acc 0.8599 | lr 9.91e-05 | 74s
2026-09-18 21:47:45 | INFO    | epoch 5 | batch 1100/4266 | loss 0.6655 | acc 0.8603 | lr 9.91e-05 | 76s
2026-09-18 21:47:46 | INFO    | epoch 5 | batch 1120/4266 | loss 0.6652 | acc 0.8605 | lr 9.91e-05 | 77s
2026-09-18 21:47:47 | INFO    | epoch 5 | batch 1140/4266 | loss 0.6647 | acc 0.8610 | lr 9.91e-05 | 78s
2026-09-18 21:47:49 | INFO    | epoch 5 | batch 1160/4266 | loss 0.6653 | acc 0.8607 | lr 9.91e-05 | 80s
2026-09-18 21:47:50 | INFO    | epoch 5 | batch 1180/4266 | loss 0.6650 | acc 0.8610 | lr 9.91e-05 | 81s
2026-09-18 21:47:52 | INFO    | epoch 5 | batch 1200/4266 | loss 0.6650 | acc 0.8611 | lr 9.91e-05 | 83s
2026-09-18 21:47:53 | INFO    | epoch 5 | batch 1220/4266 | loss 0.6647 | acc 0.8611 | lr 9.91e-05 | 84s
2026-09-18 21:47:54 | INFO    | epoch 5 | batch 1240/4266 | loss 0.6642 | acc 0.8615 | lr 9.91e-05 | 85s
2026-09-18 21:47:56 | INFO    | epoch 5 | batch 1260/4266 | loss 0.6633 | acc 0.8618 | lr 9.91e-05 | 87s
2026-09-18 21:47:57 | INFO    | epoch 5 | batch 1280/4266 | loss 0.6636 | acc 0.8615 | lr 9.91e-05 | 88s
2026-09-18 21:47:59 | INFO    | epoch 5 | batch 1300/4266 | loss 0.6635 | acc 0.8616 | lr 9.91e-05 | 89s
2026-09-18 21:48:00 | INFO    | epoch 5 | batch 1320/4266 | loss 0.6636 | acc 0.8615 | lr 9.91e-05 | 91s
2026-09-18 21:48:01 | INFO    | epoch 5 | batch 1340/4266 | loss 0.6631 | acc 0.8618 | lr 9.91e-05 | 92s
2026-09-18 21:48:03 | INFO    | epoch 5 | batch 1360/4266 | loss 0.6635 | acc 0.8616 | lr 9.91e-05 | 94s
2026-09-18 21:48:04 | INFO    | epoch 5 | batch 1380/4266 | loss 0.6638 | acc 0.8614 | lr 9.91e-05 | 95s
2026-09-18 21:48:06 | INFO    | epoch 5 | batch 1400/4266 | loss 0.6641 | acc 0.8611 | lr 9.91e-05 | 97s
2026-09-18 21:48:07 | INFO    | epoch 5 | batch 1420/4266 | loss 0.6633 | acc 0.8616 | lr 9.91e-05 | 98s
2026-09-18 21:48:09 | INFO    | epoch 5 | batch 1440/4266 | loss 0.6636 | acc 0.8615 | lr 9.91e-05 | 99s
2026-09-18 21:48:10 | INFO    | epoch 5 | batch 1460/4266 | loss 0.6636 | acc 0.8612 | lr 9.91e-05 | 101s
2026-09-18 21:48:11 | INFO    | epoch 5 | batch 1480/4266 | loss 0.6631 | acc 0.8616 | lr 9.91e-05 | 102s
2026-09-18 21:48:13 | INFO    | epoch 5 | batch 1500/4266 | loss 0.6633 | acc 0.8614 | lr 9.91e-05 | 104s
2026-09-18 21:48:14 | INFO    | epoch 5 | batch 1520/4266 | loss 0.6632 | acc 0.8615 | lr 9.91e-05 | 105s
2026-09-18 21:48:15 | INFO    | epoch 5 | batch 1540/4266 | loss 0.6635 | acc 0.8613 | lr 9.91e-05 | 106s
2026-09-18 21:48:17 | INFO    | epoch 5 | batch 1560/4266 | loss 0.6632 | acc 0.8615 | lr 9.91e-05 | 108s
2026-09-18 21:48:18 | INFO    | epoch 5 | batch 1580/4266 | loss 0.6635 | acc 0.8614 | lr 9.91e-05 | 109s
2026-09-18 21:48:20 | INFO    | epoch 5 | batch 1600/4266 | loss 0.6632 | acc 0.8615 | lr 9.90e-05 | 110s
2026-09-18 21:48:21 | INFO    | epoch 5 | batch 1620/4266 | loss 0.6630 | acc 0.8617 | lr 9.90e-05 | 112s
2026-09-18 21:48:22 | INFO    | epoch 5 | batch 1640/4266 | loss 0.6629 | acc 0.8620 | lr 9.90e-05 | 113s
2026-09-18 21:48:24 | INFO    | epoch 5 | batch 1660/4266 | loss 0.6625 | acc 0.8622 | lr 9.90e-05 | 115s
2026-09-18 21:48:25 | INFO    | epoch 5 | batch 1680/4266 | loss 0.6630 | acc 0.8618 | lr 9.90e-05 | 116s
2026-09-18 21:48:27 | INFO    | epoch 5 | batch 1700/4266 | loss 0.6631 | acc 0.8616 | lr 9.90e-05 | 117s
2026-09-18 21:48:28 | INFO    | epoch 5 | batch 1720/4266 | loss 0.6630 | acc 0.8616 | lr 9.90e-05 | 119s
2026-09-18 21:48:29 | INFO    | epoch 5 | batch 1740/4266 | loss 0.6629 | acc 0.8615 | lr 9.90e-05 | 120s
2026-09-18 21:48:31 | INFO    | epoch 5 | batch 1760/4266 | loss 0.6628 | acc 0.8617 | lr 9.90e-05 | 122s
2026-09-18 21:48:32 | INFO    | epoch 5 | batch 1780/4266 | loss 0.6627 | acc 0.8617 | lr 9.90e-05 | 123s
2026-09-18 21:48:34 | INFO    | epoch 5 | batch 1800/4266 | loss 0.6626 | acc 0.8618 | lr 9.90e-05 | 125s
2026-09-18 21:48:35 | INFO    | epoch 5 | batch 1820/4266 | loss 0.6626 | acc 0.8617 | lr 9.90e-05 | 126s
2026-09-18 21:48:37 | INFO    | epoch 5 | batch 1840/4266 | loss 0.6625 | acc 0.8617 | lr 9.90e-05 | 127s
2026-09-18 21:48:38 | INFO    | epoch 5 | batch 1860/4266 | loss 0.6623 | acc 0.8618 | lr 9.90e-05 | 129s
2026-09-18 21:48:39 | INFO    | epoch 5 | batch 1880/4266 | loss 0.6620 | acc 0.8619 | lr 9.90e-05 | 130s
2026-09-18 21:48:41 | INFO    | epoch 5 | batch 1900/4266 | loss 0.6617 | acc 0.8621 | lr 9.90e-05 | 132s
2026-09-18 21:48:42 | INFO    | epoch 5 | batch 1920/4266 | loss 0.6612 | acc 0.8623 | lr 9.90e-05 | 133s
2026-09-18 21:48:44 | INFO    | epoch 5 | batch 1940/4266 | loss 0.6608 | acc 0.8625 | lr 9.90e-05 | 134s
2026-09-18 21:48:45 | INFO    | epoch 5 | batch 1960/4266 | loss 0.6607 | acc 0.8626 | lr 9.90e-05 | 136s
2026-09-18 21:48:46 | INFO    | epoch 5 | batch 1980/4266 | loss 0.6605 | acc 0.8628 | lr 9.90e-05 | 137s
2026-09-18 21:48:48 | INFO    | epoch 5 | batch 2000/4266 | loss 0.6603 | acc 0.8629 | lr 9.90e-05 | 139s
2026-09-18 21:48:49 | INFO    | epoch 5 | batch 2020/4266 | loss 0.6601 | acc 0.8630 | lr 9.90e-05 | 140s
2026-09-18 21:48:51 | INFO    | epoch 5 | batch 2040/4266 | loss 0.6600 | acc 0.8631 | lr 9.90e-05 | 141s
2026-09-18 21:48:52 | INFO    | epoch 5 | batch 2060/4266 | loss 0.6603 | acc 0.8630 | lr 9.90e-05 | 143s
2026-09-18 21:48:53 | INFO    | epoch 5 | batch 2080/4266 | loss 0.6604 | acc 0.8629 | lr 9.90e-05 | 144s
2026-09-18 21:48:55 | INFO    | epoch 5 | batch 2100/4266 | loss 0.6602 | acc 0.8631 | lr 9.90e-05 | 146s
2026-09-18 21:48:56 | INFO    | epoch 5 | batch 2120/4266 | loss 0.6598 | acc 0.8634 | lr 9.89e-05 | 147s
2026-09-18 21:48:58 | INFO    | epoch 5 | batch 2140/4266 | loss 0.6597 | acc 0.8634 | lr 9.89e-05 | 148s
2026-09-18 21:48:59 | INFO    | epoch 5 | batch 2160/4266 | loss 0.6600 | acc 0.8632 | lr 9.89e-05 | 150s
2026-09-18 21:49:00 | INFO    | epoch 5 | batch 2180/4266 | loss 0.6601 | acc 0.8630 | lr 9.89e-05 | 151s
2026-09-18 21:49:02 | INFO    | epoch 5 | batch 2200/4266 | loss 0.6599 | acc 0.8631 | lr 9.89e-05 | 152s
2026-09-18 21:49:03 | INFO    | epoch 5 | batch 2220/4266 | loss 0.6599 | acc 0.8631 | lr 9.89e-05 | 154s
2026-09-18 21:49:04 | INFO    | epoch 5 | batch 2240/4266 | loss 0.6599 | acc 0.8630 | lr 9.89e-05 | 155s
2026-09-18 21:49:06 | INFO    | epoch 5 | batch 2260/4266 | loss 0.6601 | acc 0.8630 | lr 9.89e-05 | 157s
2026-09-18 21:49:07 | INFO    | epoch 5 | batch 2280/4266 | loss 0.6601 | acc 0.8628 | lr 9.89e-05 | 158s
2026-09-18 21:49:08 | INFO    | epoch 5 | batch 2300/4266 | loss 0.6601 | acc 0.8629 | lr 9.89e-05 | 159s
2026-09-18 21:49:10 | INFO    | epoch 5 | batch 2320/4266 | loss 0.6599 | acc 0.8631 | lr 9.89e-05 | 161s
2026-09-18 21:49:11 | INFO    | epoch 5 | batch 2340/4266 | loss 0.6598 | acc 0.8631 | lr 9.89e-05 | 162s
2026-09-18 21:49:12 | INFO    | epoch 5 | batch 2360/4266 | loss 0.6596 | acc 0.8632 | lr 9.89e-05 | 163s
2026-09-18 21:49:14 | INFO    | epoch 5 | batch 2380/4266 | loss 0.6598 | acc 0.8633 | lr 9.89e-05 | 165s
2026-09-18 21:49:15 | INFO    | epoch 5 | batch 2400/4266 | loss 0.6601 | acc 0.8630 | lr 9.89e-05 | 166s
2026-09-18 21:49:16 | INFO    | epoch 5 | batch 2420/4266 | loss 0.6600 | acc 0.8631 | lr 9.89e-05 | 167s
2026-09-18 21:49:18 | INFO    | epoch 5 | batch 2440/4266 | loss 0.6601 | acc 0.8629 | lr 9.89e-05 | 169s
2026-09-18 21:49:19 | INFO    | epoch 5 | batch 2460/4266 | loss 0.6599 | acc 0.8630 | lr 9.89e-05 | 170s
2026-09-18 21:49:21 | INFO    | epoch 5 | batch 2480/4266 | loss 0.6595 | acc 0.8633 | lr 9.89e-05 | 171s
2026-09-18 21:49:22 | INFO    | epoch 5 | batch 2500/4266 | loss 0.6594 | acc 0.8634 | lr 9.89e-05 | 173s
2026-09-18 21:49:23 | INFO    | epoch 5 | batch 2520/4266 | loss 0.6594 | acc 0.8634 | lr 9.89e-05 | 174s
2026-09-18 21:49:25 | INFO    | epoch 5 | batch 2540/4266 | loss 0.6594 | acc 0.8634 | lr 9.89e-05 | 176s
2026-09-18 21:49:26 | INFO    | epoch 5 | batch 2560/4266 | loss 0.6592 | acc 0.8635 | lr 9.89e-05 | 177s
2026-09-18 21:49:27 | INFO    | epoch 5 | batch 2580/4266 | loss 0.6588 | acc 0.8636 | lr 9.89e-05 | 178s
2026-09-18 21:49:29 | INFO    | epoch 5 | batch 2600/4266 | loss 0.6588 | acc 0.8637 | lr 9.89e-05 | 180s
2026-09-18 21:49:30 | INFO    | epoch 5 | batch 2620/4266 | loss 0.6583 | acc 0.8640 | lr 9.88e-05 | 181s
2026-09-18 21:49:32 | INFO    | epoch 5 | batch 2640/4266 | loss 0.6584 | acc 0.8639 | lr 9.88e-05 | 182s
2026-09-18 21:49:33 | INFO    | epoch 5 | batch 2660/4266 | loss 0.6583 | acc 0.8639 | lr 9.88e-05 | 184s
2026-09-18 21:49:34 | INFO    | epoch 5 | batch 2680/4266 | loss 0.6580 | acc 0.8641 | lr 9.88e-05 | 185s
2026-09-18 21:49:36 | INFO    | epoch 5 | batch 2700/4266 | loss 0.6578 | acc 0.8641 | lr 9.88e-05 | 187s
2026-09-18 21:49:37 | INFO    | epoch 5 | batch 2720/4266 | loss 0.6578 | acc 0.8641 | lr 9.88e-05 | 188s
2026-09-18 21:49:39 | INFO    | epoch 5 | batch 2740/4266 | loss 0.6576 | acc 0.8642 | lr 9.88e-05 | 190s
2026-09-18 21:49:40 | INFO    | epoch 5 | batch 2760/4266 | loss 0.6575 | acc 0.8642 | lr 9.88e-05 | 191s
2026-09-18 21:49:41 | INFO    | epoch 5 | batch 2780/4266 | loss 0.6573 | acc 0.8643 | lr 9.88e-05 | 192s
2026-09-18 21:49:43 | INFO    | epoch 5 | batch 2800/4266 | loss 0.6573 | acc 0.8643 | lr 9.88e-05 | 194s
2026-09-18 21:49:44 | INFO    | epoch 5 | batch 2820/4266 | loss 0.6573 | acc 0.8643 | lr 9.88e-05 | 195s
2026-09-18 21:49:46 | INFO    | epoch 5 | batch 2840/4266 | loss 0.6571 | acc 0.8643 | lr 9.88e-05 | 196s
2026-09-18 21:49:47 | INFO    | epoch 5 | batch 2860/4266 | loss 0.6573 | acc 0.8641 | lr 9.88e-05 | 198s
2026-09-18 21:49:48 | INFO    | epoch 5 | batch 2880/4266 | loss 0.6571 | acc 0.8642 | lr 9.88e-05 | 199s
2026-09-18 21:49:49 | INFO    | epoch 5 | batch 2900/4266 | loss 0.6570 | acc 0.8644 | lr 9.88e-05 | 200s
2026-09-18 21:49:51 | INFO    | epoch 5 | batch 2920/4266 | loss 0.6569 | acc 0.8644 | lr 9.88e-05 | 202s
2026-09-18 21:49:52 | INFO    | epoch 5 | batch 2940/4266 | loss 0.6570 | acc 0.8644 | lr 9.88e-05 | 203s
2026-09-18 21:49:53 | INFO    | epoch 5 | batch 2960/4266 | loss 0.6571 | acc 0.8643 | lr 9.88e-05 | 204s
2026-09-18 21:49:55 | INFO    | epoch 5 | batch 2980/4266 | loss 0.6571 | acc 0.8643 | lr 9.88e-05 | 206s
2026-09-18 21:49:56 | INFO    | epoch 5 | batch 3000/4266 | loss 0.6570 | acc 0.8643 | lr 9.88e-05 | 207s
2026-09-18 21:49:57 | INFO    | epoch 5 | batch 3020/4266 | loss 0.6571 | acc 0.8642 | lr 9.88e-05 | 208s
2026-09-18 21:49:59 | INFO    | epoch 5 | batch 3040/4266 | loss 0.6572 | acc 0.8640 | lr 9.88e-05 | 210s
2026-09-18 21:50:00 | INFO    | epoch 5 | batch 3060/4266 | loss 0.6573 | acc 0.8640 | lr 9.88e-05 | 211s
2026-09-18 21:50:01 | INFO    | epoch 5 | batch 3080/4266 | loss 0.6571 | acc 0.8640 | lr 9.88e-05 | 212s
2026-09-18 21:50:03 | INFO    | epoch 5 | batch 3100/4266 | loss 0.6572 | acc 0.8640 | lr 9.87e-05 | 213s
2026-09-18 21:50:04 | INFO    | epoch 5 | batch 3120/4266 | loss 0.6571 | acc 0.8640 | lr 9.87e-05 | 215s
2026-09-18 21:50:05 | INFO    | epoch 5 | batch 3140/4266 | loss 0.6570 | acc 0.8640 | lr 9.87e-05 | 216s
2026-09-18 21:50:07 | INFO    | epoch 5 | batch 3160/4266 | loss 0.6568 | acc 0.8641 | lr 9.87e-05 | 218s
2026-09-18 21:50:08 | INFO    | epoch 5 | batch 3180/4266 | loss 0.6569 | acc 0.8641 | lr 9.87e-05 | 219s
2026-09-18 21:50:09 | INFO    | epoch 5 | batch 3200/4266 | loss 0.6571 | acc 0.8640 | lr 9.87e-05 | 220s
2026-09-18 21:50:11 | INFO    | epoch 5 | batch 3220/4266 | loss 0.6572 | acc 0.8640 | lr 9.87e-05 | 222s
2026-09-18 21:50:12 | INFO    | epoch 5 | batch 3240/4266 | loss 0.6570 | acc 0.8640 | lr 9.87e-05 | 223s
2026-09-18 21:50:14 | INFO    | epoch 5 | batch 3260/4266 | loss 0.6569 | acc 0.8641 | lr 9.87e-05 | 224s
2026-09-18 21:50:15 | INFO    | epoch 5 | batch 3280/4266 | loss 0.6567 | acc 0.8642 | lr 9.87e-05 | 226s
2026-09-18 21:50:16 | INFO    | epoch 5 | batch 3300/4266 | loss 0.6568 | acc 0.8642 | lr 9.87e-05 | 227s
2026-09-18 21:50:18 | INFO    | epoch 5 | batch 3320/4266 | loss 0.6566 | acc 0.8643 | lr 9.87e-05 | 229s
2026-09-18 21:50:19 | INFO    | epoch 5 | batch 3340/4266 | loss 0.6565 | acc 0.8643 | lr 9.87e-05 | 230s
2026-09-18 21:50:20 | INFO    | epoch 5 | batch 3360/4266 | loss 0.6566 | acc 0.8643 | lr 9.87e-05 | 231s
2026-09-18 21:50:22 | INFO    | epoch 5 | batch 3380/4266 | loss 0.6565 | acc 0.8644 | lr 9.87e-05 | 233s
2026-09-18 21:50:23 | INFO    | epoch 5 | batch 3400/4266 | loss 0.6565 | acc 0.8644 | lr 9.87e-05 | 234s
2026-09-18 21:50:24 | INFO    | epoch 5 | batch 3420/4266 | loss 0.6564 | acc 0.8644 | lr 9.87e-05 | 235s
2026-09-18 21:50:26 | INFO    | epoch 5 | batch 3440/4266 | loss 0.6561 | acc 0.8645 | lr 9.87e-05 | 237s
2026-09-18 21:50:27 | INFO    | epoch 5 | batch 3460/4266 | loss 0.6560 | acc 0.8646 | lr 9.87e-05 | 238s
2026-09-18 21:50:29 | INFO    | epoch 5 | batch 3480/4266 | loss 0.6559 | acc 0.8646 | lr 9.87e-05 | 239s
2026-09-18 21:50:30 | INFO    | epoch 5 | batch 3500/4266 | loss 0.6558 | acc 0.8647 | lr 9.87e-05 | 241s
2026-09-18 21:50:31 | INFO    | epoch 5 | batch 3520/4266 | loss 0.6556 | acc 0.8648 | lr 9.87e-05 | 242s
2026-09-18 21:50:33 | INFO    | epoch 5 | batch 3540/4266 | loss 0.6555 | acc 0.8649 | lr 9.87e-05 | 244s
2026-09-18 21:50:34 | INFO    | epoch 5 | batch 3560/4266 | loss 0.6553 | acc 0.8650 | lr 9.86e-05 | 245s
2026-09-18 21:50:35 | INFO    | epoch 5 | batch 3580/4266 | loss 0.6551 | acc 0.8652 | lr 9.86e-05 | 246s
2026-09-18 21:50:37 | INFO    | epoch 5 | batch 3600/4266 | loss 0.6550 | acc 0.8652 | lr 9.86e-05 | 248s
2026-09-18 21:50:38 | INFO    | epoch 5 | batch 3620/4266 | loss 0.6551 | acc 0.8651 | lr 9.86e-05 | 249s
2026-09-18 21:50:40 | INFO    | epoch 5 | batch 3640/4266 | loss 0.6550 | acc 0.8651 | lr 9.86e-05 | 251s
2026-09-18 21:50:41 | INFO    | epoch 5 | batch 3660/4266 | loss 0.6548 | acc 0.8652 | lr 9.86e-05 | 252s
2026-09-18 21:50:42 | INFO    | epoch 5 | batch 3680/4266 | loss 0.6546 | acc 0.8654 | lr 9.86e-05 | 253s
2026-09-18 21:50:44 | INFO    | epoch 5 | batch 3700/4266 | loss 0.6544 | acc 0.8655 | lr 9.86e-05 | 255s
2026-09-18 21:50:45 | INFO    | epoch 5 | batch 3720/4266 | loss 0.6542 | acc 0.8656 | lr 9.86e-05 | 256s
2026-09-18 21:50:47 | INFO    | epoch 5 | batch 3740/4266 | loss 0.6541 | acc 0.8656 | lr 9.86e-05 | 258s
2026-09-18 21:50:48 | INFO    | epoch 5 | batch 3760/4266 | loss 0.6542 | acc 0.8656 | lr 9.86e-05 | 259s
2026-09-18 21:50:50 | INFO    | epoch 5 | batch 3780/4266 | loss 0.6540 | acc 0.8657 | lr 9.86e-05 | 260s
2026-09-18 21:50:51 | INFO    | epoch 5 | batch 3800/4266 | loss 0.6540 | acc 0.8658 | lr 9.86e-05 | 262s
2026-09-18 21:50:52 | INFO    | epoch 5 | batch 3820/4266 | loss 0.6537 | acc 0.8659 | lr 9.86e-05 | 263s
2026-09-18 21:50:54 | INFO    | epoch 5 | batch 3840/4266 | loss 0.6537 | acc 0.8659 | lr 9.86e-05 | 265s
2026-09-18 21:50:55 | INFO    | epoch 5 | batch 3860/4266 | loss 0.6535 | acc 0.8660 | lr 9.86e-05 | 266s
2026-09-18 21:50:57 | INFO    | epoch 5 | batch 3880/4266 | loss 0.6535 | acc 0.8661 | lr 9.86e-05 | 267s
2026-09-18 21:50:58 | INFO    | epoch 5 | batch 3900/4266 | loss 0.6533 | acc 0.8662 | lr 9.86e-05 | 269s
2026-09-18 21:50:59 | INFO    | epoch 5 | batch 3920/4266 | loss 0.6533 | acc 0.8662 | lr 9.86e-05 | 270s
2026-09-18 21:51:01 | INFO    | epoch 5 | batch 3940/4266 | loss 0.6533 | acc 0.8662 | lr 9.86e-05 | 272s
2026-09-18 21:51:02 | INFO    | epoch 5 | batch 3960/4266 | loss 0.6532 | acc 0.8663 | lr 9.86e-05 | 273s
2026-09-18 21:51:04 | INFO    | epoch 5 | batch 3980/4266 | loss 0.6533 | acc 0.8662 | lr 9.86e-05 | 274s
2026-09-18 21:51:05 | INFO    | epoch 5 | batch 4000/4266 | loss 0.6532 | acc 0.8663 | lr 9.85e-05 | 276s
2026-09-18 21:51:06 | INFO    | epoch 5 | batch 4020/4266 | loss 0.6531 | acc 0.8663 | lr 9.85e-05 | 277s
2026-09-18 21:51:08 | INFO    | epoch 5 | batch 4040/4266 | loss 0.6531 | acc 0.8663 | lr 9.85e-05 | 278s
2026-09-18 21:51:09 | INFO    | epoch 5 | batch 4060/4266 | loss 0.6531 | acc 0.8663 | lr 9.85e-05 | 280s
2026-09-18 21:51:10 | INFO    | epoch 5 | batch 4080/4266 | loss 0.6530 | acc 0.8664 | lr 9.85e-05 | 281s
2026-09-18 21:51:12 | INFO    | epoch 5 | batch 4100/4266 | loss 0.6529 | acc 0.8665 | lr 9.85e-05 | 283s
2026-09-18 21:51:13 | INFO    | epoch 5 | batch 4120/4266 | loss 0.6527 | acc 0.8666 | lr 9.85e-05 | 284s
2026-09-18 21:51:14 | INFO    | epoch 5 | batch 4140/4266 | loss 0.6525 | acc 0.8667 | lr 9.85e-05 | 285s
2026-09-18 21:51:16 | INFO    | epoch 5 | batch 4160/4266 | loss 0.6525 | acc 0.8666 | lr 9.85e-05 | 287s
2026-09-18 21:51:17 | INFO    | epoch 5 | batch 4180/4266 | loss 0.6524 | acc 0.8667 | lr 9.85e-05 | 288s
2026-09-18 21:51:19 | INFO    | epoch 5 | batch 4200/4266 | loss 0.6523 | acc 0.8668 | lr 9.85e-05 | 289s
2026-09-18 21:51:20 | INFO    | epoch 5 | batch 4220/4266 | loss 0.6522 | acc 0.8669 | lr 9.85e-05 | 291s
2026-09-18 21:51:21 | INFO    | epoch 5 | batch 4240/4266 | loss 0.6520 | acc 0.8670 | lr 9.85e-05 | 292s
2026-09-18 21:51:23 | INFO    | epoch 5 | batch 4260/4266 | loss 0.6519 | acc 0.8671 | lr 9.85e-05 | 294s
2026-09-18 21:51:23 | INFO    | epoch 5 | batch 4266/4266 | loss 0.6520 | acc 0.8670 | lr 9.85e-05 | 294s
2026-09-18 21:51:33 | INFO    | epoch 5/40 done in 304s | train loss 0.6520 | train running patch (aug): accuracy=0.8670 precision=0.8646 recall=0.8609 f1=0.8626
2026-09-18 21:51:33 | INFO    | epoch 5 train (eval, no aug) | loss 0.5812 | patch[7280]: accuracy=0.9000 precision=0.9034 recall=0.8959 f1=0.8990 | image[455]: accuracy=0.9780 precision=0.9810 recall=0.9746 f1=0.9773
2026-09-18 21:51:33 | INFO    | epoch 5 val | loss 1.1783 | patch[8448]: accuracy=0.6452 precision=0.6180 recall=0.6171 f1=0.6161 | image[96]: accuracy=0.6875 precision=0.6597 recall=0.6582 f1=0.6562
2026-09-18 21:51:33 | INFO    | val_patch_f1 = 0.6161 (best 0.6241 @ epoch 4)
2026-09-18 21:51:34 | INFO    | epoch 6 | batch 20/4266 | loss 0.6193 | acc 0.8875 | lr 9.85e-05 | 1s
2026-09-18 21:51:36 | INFO    | epoch 6 | batch 40/4266 | loss 0.6265 | acc 0.8820 | lr 9.85e-05 | 3s
2026-09-18 21:51:37 | INFO    | epoch 6 | batch 60/4266 | loss 0.6245 | acc 0.8833 | lr 9.85e-05 | 4s
2026-09-18 21:51:39 | INFO    | epoch 6 | batch 80/4266 | loss 0.6185 | acc 0.8863 | lr 9.85e-05 | 6s
2026-09-18 21:51:40 | INFO    | epoch 6 | batch 100/4266 | loss 0.6212 | acc 0.8859 | lr 9.85e-05 | 7s
2026-09-18 21:51:41 | INFO    | epoch 6 | batch 120/4266 | loss 0.6245 | acc 0.8820 | lr 9.85e-05 | 8s
2026-09-18 21:51:43 | INFO    | epoch 6 | batch 140/4266 | loss 0.6294 | acc 0.8795 | lr 9.85e-05 | 10s
2026-09-18 21:51:44 | INFO    | epoch 6 | batch 160/4266 | loss 0.6332 | acc 0.8777 | lr 9.84e-05 | 11s
2026-09-18 21:51:45 | INFO    | epoch 6 | batch 180/4266 | loss 0.6314 | acc 0.8792 | lr 9.84e-05 | 13s
2026-09-18 21:51:47 | INFO    | epoch 6 | batch 200/4266 | loss 0.6316 | acc 0.8777 | lr 9.84e-05 | 14s
2026-09-18 21:51:48 | INFO    | epoch 6 | batch 220/4266 | loss 0.6298 | acc 0.8798 | lr 9.84e-05 | 15s
2026-09-18 21:51:50 | INFO    | epoch 6 | batch 240/4266 | loss 0.6279 | acc 0.8814 | lr 9.84e-05 | 17s
2026-09-18 21:51:51 | INFO    | epoch 6 | batch 260/4266 | loss 0.6272 | acc 0.8819 | lr 9.84e-05 | 18s
2026-09-18 21:51:53 | INFO    | epoch 6 | batch 280/4266 | loss 0.6268 | acc 0.8814 | lr 9.84e-05 | 20s
2026-09-18 21:51:54 | INFO    | epoch 6 | batch 300/4266 | loss 0.6287 | acc 0.8794 | lr 9.84e-05 | 21s
2026-09-18 21:51:55 | INFO    | epoch 6 | batch 320/4266 | loss 0.6274 | acc 0.8804 | lr 9.84e-05 | 22s
2026-09-18 21:51:57 | INFO    | epoch 6 | batch 340/4266 | loss 0.6277 | acc 0.8799 | lr 9.84e-05 | 24s
2026-09-18 21:51:58 | INFO    | epoch 6 | batch 360/4266 | loss 0.6278 | acc 0.8799 | lr 9.84e-05 | 25s
2026-09-18 21:51:59 | INFO    | epoch 6 | batch 380/4266 | loss 0.6266 | acc 0.8808 | lr 9.84e-05 | 26s
2026-09-18 21:52:01 | INFO    | epoch 6 | batch 400/4266 | loss 0.6262 | acc 0.8808 | lr 9.84e-05 | 28s
2026-09-18 21:52:02 | INFO    | epoch 6 | batch 420/4266 | loss 0.6258 | acc 0.8807 | lr 9.84e-05 | 29s
2026-09-18 21:52:03 | INFO    | epoch 6 | batch 440/4266 | loss 0.6280 | acc 0.8798 | lr 9.84e-05 | 31s
2026-09-18 21:52:05 | INFO    | epoch 6 | batch 460/4266 | loss 0.6275 | acc 0.8796 | lr 9.84e-05 | 32s
2026-09-18 21:52:06 | INFO    | epoch 6 | batch 480/4266 | loss 0.6269 | acc 0.8799 | lr 9.84e-05 | 33s
2026-09-18 21:52:07 | INFO    | epoch 6 | batch 500/4266 | loss 0.6269 | acc 0.8796 | lr 9.84e-05 | 35s
2026-09-18 21:52:09 | INFO    | epoch 6 | batch 520/4266 | loss 0.6261 | acc 0.8803 | lr 9.84e-05 | 36s
2026-09-18 21:52:10 | INFO    | epoch 6 | batch 540/4266 | loss 0.6252 | acc 0.8809 | lr 9.84e-05 | 37s
2026-09-18 21:52:12 | INFO    | epoch 6 | batch 560/4266 | loss 0.6252 | acc 0.8811 | lr 9.84e-05 | 39s
2026-09-18 21:52:13 | INFO    | epoch 6 | batch 580/4266 | loss 0.6239 | acc 0.8821 | lr 9.83e-05 | 40s
2026-09-18 21:52:14 | INFO    | epoch 6 | batch 600/4266 | loss 0.6233 | acc 0.8825 | lr 9.83e-05 | 41s
2026-09-18 21:52:16 | INFO    | epoch 6 | batch 620/4266 | loss 0.6225 | acc 0.8829 | lr 9.83e-05 | 43s
2026-09-18 21:52:17 | INFO    | epoch 6 | batch 640/4266 | loss 0.6224 | acc 0.8832 | lr 9.83e-05 | 44s
2026-09-18 21:52:18 | INFO    | epoch 6 | batch 660/4266 | loss 0.6217 | acc 0.8838 | lr 9.83e-05 | 46s
2026-09-18 21:52:20 | INFO    | epoch 6 | batch 680/4266 | loss 0.6226 | acc 0.8832 | lr 9.83e-05 | 47s
2026-09-18 21:52:21 | INFO    | epoch 6 | batch 700/4266 | loss 0.6224 | acc 0.8833 | lr 9.83e-05 | 48s
2026-09-18 21:52:23 | INFO    | epoch 6 | batch 720/4266 | loss 0.6215 | acc 0.8838 | lr 9.83e-05 | 50s
2026-09-18 21:52:24 | INFO    | epoch 6 | batch 740/4266 | loss 0.6222 | acc 0.8827 | lr 9.83e-05 | 51s
2026-09-18 21:52:25 | INFO    | epoch 6 | batch 760/4266 | loss 0.6224 | acc 0.8824 | lr 9.83e-05 | 52s
2026-09-18 21:52:27 | INFO    | epoch 6 | batch 780/4266 | loss 0.6221 | acc 0.8825 | lr 9.83e-05 | 54s
2026-09-18 21:52:28 | INFO    | epoch 6 | batch 800/4266 | loss 0.6213 | acc 0.8831 | lr 9.83e-05 | 55s
2026-09-18 21:52:29 | INFO    | epoch 6 | batch 820/4266 | loss 0.6206 | acc 0.8834 | lr 9.83e-05 | 56s
2026-09-18 21:52:31 | INFO    | epoch 6 | batch 840/4266 | loss 0.6205 | acc 0.8835 | lr 9.83e-05 | 58s
2026-09-18 21:52:32 | INFO    | epoch 6 | batch 860/4266 | loss 0.6202 | acc 0.8835 | lr 9.83e-05 | 59s
2026-09-18 21:52:34 | INFO    | epoch 6 | batch 880/4266 | loss 0.6194 | acc 0.8839 | lr 9.83e-05 | 61s
2026-09-18 21:52:35 | INFO    | epoch 6 | batch 900/4266 | loss 0.6189 | acc 0.8843 | lr 9.83e-05 | 62s
2026-09-18 21:52:36 | INFO    | epoch 6 | batch 920/4266 | loss 0.6186 | acc 0.8844 | lr 9.83e-05 | 63s
2026-09-18 21:52:38 | INFO    | epoch 6 | batch 940/4266 | loss 0.6194 | acc 0.8839 | lr 9.83e-05 | 65s
2026-09-18 21:52:39 | INFO    | epoch 6 | batch 960/4266 | loss 0.6193 | acc 0.8839 | lr 9.83e-05 | 66s
2026-09-18 21:52:41 | INFO    | epoch 6 | batch 980/4266 | loss 0.6188 | acc 0.8844 | lr 9.82e-05 | 68s
2026-09-18 21:52:42 | INFO    | epoch 6 | batch 1000/4266 | loss 0.6197 | acc 0.8839 | lr 9.82e-05 | 69s
2026-09-18 21:52:43 | INFO    | epoch 6 | batch 1020/4266 | loss 0.6197 | acc 0.8841 | lr 9.82e-05 | 70s
2026-09-18 21:52:45 | INFO    | epoch 6 | batch 1040/4266 | loss 0.6197 | acc 0.8841 | lr 9.82e-05 | 72s
2026-09-18 21:52:46 | INFO    | epoch 6 | batch 1060/4266 | loss 0.6192 | acc 0.8844 | lr 9.82e-05 | 73s
2026-09-18 21:52:48 | INFO    | epoch 6 | batch 1080/4266 | loss 0.6201 | acc 0.8840 | lr 9.82e-05 | 75s
2026-09-18 21:52:49 | INFO    | epoch 6 | batch 1100/4266 | loss 0.6203 | acc 0.8840 | lr 9.82e-05 | 76s
2026-09-18 21:52:50 | INFO    | epoch 6 | batch 1120/4266 | loss 0.6201 | acc 0.8842 | lr 9.82e-05 | 77s
2026-09-18 21:52:52 | INFO    | epoch 6 | batch 1140/4266 | loss 0.6199 | acc 0.8845 | lr 9.82e-05 | 79s
2026-09-18 21:52:53 | INFO    | epoch 6 | batch 1160/4266 | loss 0.6201 | acc 0.8845 | lr 9.82e-05 | 80s
2026-09-18 21:52:55 | INFO    | epoch 6 | batch 1180/4266 | loss 0.6201 | acc 0.8843 | lr 9.82e-05 | 82s
2026-09-18 21:52:56 | INFO    | epoch 6 | batch 1200/4266 | loss 0.6195 | acc 0.8846 | lr 9.82e-05 | 83s
2026-09-18 21:52:57 | INFO    | epoch 6 | batch 1220/4266 | loss 0.6195 | acc 0.8845 | lr 9.82e-05 | 85s
2026-09-18 21:52:59 | INFO    | epoch 6 | batch 1240/4266 | loss 0.6192 | acc 0.8846 | lr 9.82e-05 | 86s
2026-09-18 21:53:00 | INFO    | epoch 6 | batch 1260/4266 | loss 0.6192 | acc 0.8845 | lr 9.82e-05 | 87s
2026-09-18 21:53:02 | INFO    | epoch 6 | batch 1280/4266 | loss 0.6188 | acc 0.8848 | lr 9.82e-05 | 89s
2026-09-18 21:53:03 | INFO    | epoch 6 | batch 1300/4266 | loss 0.6190 | acc 0.8847 | lr 9.82e-05 | 90s
2026-09-18 21:53:04 | INFO    | epoch 6 | batch 1320/4266 | loss 0.6187 | acc 0.8849 | lr 9.82e-05 | 92s
2026-09-18 21:53:06 | INFO    | epoch 6 | batch 1340/4266 | loss 0.6184 | acc 0.8851 | lr 9.82e-05 | 93s
2026-09-18 21:53:07 | INFO    | epoch 6 | batch 1360/4266 | loss 0.6178 | acc 0.8855 | lr 9.81e-05 | 94s
2026-09-18 21:53:09 | INFO    | epoch 6 | batch 1380/4266 | loss 0.6176 | acc 0.8856 | lr 9.81e-05 | 96s
2026-09-18 21:53:10 | INFO    | epoch 6 | batch 1400/4266 | loss 0.6173 | acc 0.8859 | lr 9.81e-05 | 97s
2026-09-18 21:53:11 | INFO    | epoch 6 | batch 1420/4266 | loss 0.6170 | acc 0.8860 | lr 9.81e-05 | 99s
2026-09-18 21:53:13 | INFO    | epoch 6 | batch 1440/4266 | loss 0.6167 | acc 0.8861 | lr 9.81e-05 | 100s
2026-09-18 21:53:14 | INFO    | epoch 6 | batch 1460/4266 | loss 0.6162 | acc 0.8864 | lr 9.81e-05 | 101s
2026-09-18 21:53:16 | INFO    | epoch 6 | batch 1480/4266 | loss 0.6165 | acc 0.8861 | lr 9.81e-05 | 103s
2026-09-18 21:53:17 | INFO    | epoch 6 | batch 1500/4266 | loss 0.6168 | acc 0.8859 | lr 9.81e-05 | 104s
2026-09-18 21:53:18 | INFO    | epoch 6 | batch 1520/4266 | loss 0.6169 | acc 0.8860 | lr 9.81e-05 | 105s
2026-09-18 21:53:20 | INFO    | epoch 6 | batch 1540/4266 | loss 0.6166 | acc 0.8861 | lr 9.81e-05 | 107s
2026-09-18 21:53:21 | INFO    | epoch 6 | batch 1560/4266 | loss 0.6165 | acc 0.8863 | lr 9.81e-05 | 108s
2026-09-18 21:53:22 | INFO    | epoch 6 | batch 1580/4266 | loss 0.6168 | acc 0.8862 | lr 9.81e-05 | 109s
2026-09-18 21:53:24 | INFO    | epoch 6 | batch 1600/4266 | loss 0.6171 | acc 0.8860 | lr 9.81e-05 | 111s
2026-09-18 21:53:25 | INFO    | epoch 6 | batch 1620/4266 | loss 0.6169 | acc 0.8860 | lr 9.81e-05 | 112s
2026-09-18 21:53:26 | INFO    | epoch 6 | batch 1640/4266 | loss 0.6167 | acc 0.8861 | lr 9.81e-05 | 114s
2026-09-18 21:53:28 | INFO    | epoch 6 | batch 1660/4266 | loss 0.6166 | acc 0.8861 | lr 9.81e-05 | 115s
2026-09-18 21:53:29 | INFO    | epoch 6 | batch 1680/4266 | loss 0.6167 | acc 0.8860 | lr 9.81e-05 | 116s
2026-09-18 21:53:31 | INFO    | epoch 6 | batch 1700/4266 | loss 0.6166 | acc 0.8860 | lr 9.81e-05 | 118s
2026-09-18 21:53:32 | INFO    | epoch 6 | batch 1720/4266 | loss 0.6165 | acc 0.8860 | lr 9.81e-05 | 119s
2026-09-18 21:53:33 | INFO    | epoch 6 | batch 1740/4266 | loss 0.6167 | acc 0.8860 | lr 9.80e-05 | 120s
2026-09-18 21:53:35 | INFO    | epoch 6 | batch 1760/4266 | loss 0.6165 | acc 0.8861 | lr 9.80e-05 | 122s
2026-09-18 21:53:36 | INFO    | epoch 6 | batch 1780/4266 | loss 0.6164 | acc 0.8861 | lr 9.80e-05 | 123s
2026-09-18 21:53:37 | INFO    | epoch 6 | batch 1800/4266 | loss 0.6163 | acc 0.8862 | lr 9.80e-05 | 125s
2026-09-18 21:53:39 | INFO    | epoch 6 | batch 1820/4266 | loss 0.6162 | acc 0.8864 | lr 9.80e-05 | 126s
2026-09-18 21:53:40 | INFO    | epoch 6 | batch 1840/4266 | loss 0.6160 | acc 0.8866 | lr 9.80e-05 | 127s
2026-09-18 21:53:42 | INFO    | epoch 6 | batch 1860/4266 | loss 0.6163 | acc 0.8865 | lr 9.80e-05 | 129s
2026-09-18 21:53:43 | INFO    | epoch 6 | batch 1880/4266 | loss 0.6162 | acc 0.8864 | lr 9.80e-05 | 130s
2026-09-18 21:53:44 | INFO    | epoch 6 | batch 1900/4266 | loss 0.6164 | acc 0.8864 | lr 9.80e-05 | 131s
2026-09-18 21:53:46 | INFO    | epoch 6 | batch 1920/4266 | loss 0.6160 | acc 0.8867 | lr 9.80e-05 | 133s
2026-09-18 21:53:47 | INFO    | epoch 6 | batch 1940/4266 | loss 0.6162 | acc 0.8865 | lr 9.80e-05 | 134s
2026-09-18 21:53:48 | INFO    | epoch 6 | batch 1960/4266 | loss 0.6164 | acc 0.8863 | lr 9.80e-05 | 136s
2026-09-18 21:53:50 | INFO    | epoch 6 | batch 1980/4266 | loss 0.6164 | acc 0.8862 | lr 9.80e-05 | 137s
2026-09-18 21:53:51 | INFO    | epoch 6 | batch 2000/4266 | loss 0.6164 | acc 0.8863 | lr 9.80e-05 | 138s
2026-09-18 21:53:53 | INFO    | epoch 6 | batch 2020/4266 | loss 0.6164 | acc 0.8863 | lr 9.80e-05 | 140s
2026-09-18 21:53:54 | INFO    | epoch 6 | batch 2040/4266 | loss 0.6161 | acc 0.8865 | lr 9.80e-05 | 141s
2026-09-18 21:53:55 | INFO    | epoch 6 | batch 2060/4266 | loss 0.6160 | acc 0.8867 | lr 9.80e-05 | 143s
2026-09-18 21:53:57 | INFO    | epoch 6 | batch 2080/4266 | loss 0.6162 | acc 0.8864 | lr 9.80e-05 | 144s
2026-09-18 21:53:58 | INFO    | epoch 6 | batch 2100/4266 | loss 0.6159 | acc 0.8866 | lr 9.80e-05 | 145s
2026-09-18 21:54:00 | INFO    | epoch 6 | batch 2120/4266 | loss 0.6158 | acc 0.8867 | lr 9.79e-05 | 147s
2026-09-18 21:54:01 | INFO    | epoch 6 | batch 2140/4266 | loss 0.6155 | acc 0.8870 | lr 9.79e-05 | 148s
2026-09-18 21:54:02 | INFO    | epoch 6 | batch 2160/4266 | loss 0.6152 | acc 0.8871 | lr 9.79e-05 | 149s
2026-09-18 21:54:04 | INFO    | epoch 6 | batch 2180/4266 | loss 0.6150 | acc 0.8871 | lr 9.79e-05 | 151s
2026-09-18 21:54:05 | INFO    | epoch 6 | batch 2200/4266 | loss 0.6153 | acc 0.8870 | lr 9.79e-05 | 152s
2026-09-18 21:54:06 | INFO    | epoch 6 | batch 2220/4266 | loss 0.6153 | acc 0.8870 | lr 9.79e-05 | 153s
2026-09-18 21:54:08 | INFO    | epoch 6 | batch 2240/4266 | loss 0.6150 | acc 0.8872 | lr 9.79e-05 | 155s
2026-09-18 21:54:09 | INFO    | epoch 6 | batch 2260/4266 | loss 0.6148 | acc 0.8872 | lr 9.79e-05 | 156s
2026-09-18 21:54:10 | INFO    | epoch 6 | batch 2280/4266 | loss 0.6146 | acc 0.8873 | lr 9.79e-05 | 158s
2026-09-18 21:54:12 | INFO    | epoch 6 | batch 2300/4266 | loss 0.6144 | acc 0.8875 | lr 9.79e-05 | 159s
2026-09-18 21:54:13 | INFO    | epoch 6 | batch 2320/4266 | loss 0.6143 | acc 0.8877 | lr 9.79e-05 | 160s
2026-09-18 21:54:14 | INFO    | epoch 6 | batch 2340/4266 | loss 0.6144 | acc 0.8877 | lr 9.79e-05 | 162s
2026-09-18 21:54:16 | INFO    | epoch 6 | batch 2360/4266 | loss 0.6141 | acc 0.8879 | lr 9.79e-05 | 163s
2026-09-18 21:54:17 | INFO    | epoch 6 | batch 2380/4266 | loss 0.6140 | acc 0.8879 | lr 9.79e-05 | 164s
2026-09-18 21:54:19 | INFO    | epoch 6 | batch 2400/4266 | loss 0.6140 | acc 0.8879 | lr 9.79e-05 | 166s
2026-09-18 21:54:20 | INFO    | epoch 6 | batch 2420/4266 | loss 0.6140 | acc 0.8879 | lr 9.79e-05 | 167s
2026-09-18 21:54:21 | INFO    | epoch 6 | batch 2440/4266 | loss 0.6138 | acc 0.8879 | lr 9.79e-05 | 168s
2026-09-18 21:54:23 | INFO    | epoch 6 | batch 2460/4266 | loss 0.6137 | acc 0.8880 | lr 9.79e-05 | 170s
2026-09-18 21:54:24 | INFO    | epoch 6 | batch 2480/4266 | loss 0.6137 | acc 0.8880 | lr 9.78e-05 | 171s
2026-09-18 21:54:25 | INFO    | epoch 6 | batch 2500/4266 | loss 0.6138 | acc 0.8880 | lr 9.78e-05 | 173s
2026-09-18 21:54:27 | INFO    | epoch 6 | batch 2520/4266 | loss 0.6138 | acc 0.8879 | lr 9.78e-05 | 174s
2026-09-18 21:54:28 | INFO    | epoch 6 | batch 2540/4266 | loss 0.6138 | acc 0.8879 | lr 9.78e-05 | 175s
2026-09-18 21:54:30 | INFO    | epoch 6 | batch 2560/4266 | loss 0.6137 | acc 0.8879 | lr 9.78e-05 | 177s
2026-09-18 21:54:31 | INFO    | epoch 6 | batch 2580/4266 | loss 0.6135 | acc 0.8880 | lr 9.78e-05 | 178s
2026-09-18 21:54:33 | INFO    | epoch 6 | batch 2600/4266 | loss 0.6133 | acc 0.8881 | lr 9.78e-05 | 180s
2026-09-18 21:54:34 | INFO    | epoch 6 | batch 2620/4266 | loss 0.6134 | acc 0.8880 | lr 9.78e-05 | 181s
2026-09-18 21:54:35 | INFO    | epoch 6 | batch 2640/4266 | loss 0.6133 | acc 0.8881 | lr 9.78e-05 | 182s
2026-09-18 21:54:37 | INFO    | epoch 6 | batch 2660/4266 | loss 0.6131 | acc 0.8881 | lr 9.78e-05 | 184s
2026-09-18 21:54:38 | INFO    | epoch 6 | batch 2680/4266 | loss 0.6128 | acc 0.8882 | lr 9.78e-05 | 185s
2026-09-18 21:54:40 | INFO    | epoch 6 | batch 2700/4266 | loss 0.6128 | acc 0.8882 | lr 9.78e-05 | 187s
2026-09-18 21:54:41 | INFO    | epoch 6 | batch 2720/4266 | loss 0.6130 | acc 0.8881 | lr 9.78e-05 | 188s
2026-09-18 21:54:42 | INFO    | epoch 6 | batch 2740/4266 | loss 0.6128 | acc 0.8883 | lr 9.78e-05 | 189s
2026-09-18 21:54:44 | INFO    | epoch 6 | batch 2760/4266 | loss 0.6129 | acc 0.8883 | lr 9.78e-05 | 191s
2026-09-18 21:54:45 | INFO    | epoch 6 | batch 2780/4266 | loss 0.6127 | acc 0.8884 | lr 9.78e-05 | 192s
2026-09-18 21:54:47 | INFO    | epoch 6 | batch 2800/4266 | loss 0.6125 | acc 0.8885 | lr 9.78e-05 | 194s
2026-09-18 21:54:48 | INFO    | epoch 6 | batch 2820/4266 | loss 0.6125 | acc 0.8885 | lr 9.77e-05 | 195s
2026-09-18 21:54:49 | INFO    | epoch 6 | batch 2840/4266 | loss 0.6126 | acc 0.8884 | lr 9.77e-05 | 197s
2026-09-18 21:54:51 | INFO    | epoch 6 | batch 2860/4266 | loss 0.6127 | acc 0.8884 | lr 9.77e-05 | 198s
2026-09-18 21:54:52 | INFO    | epoch 6 | batch 2880/4266 | loss 0.6125 | acc 0.8885 | lr 9.77e-05 | 199s
2026-09-18 21:54:54 | INFO    | epoch 6 | batch 2900/4266 | loss 0.6121 | acc 0.8887 | lr 9.77e-05 | 201s
2026-09-18 21:54:55 | INFO    | epoch 6 | batch 2920/4266 | loss 0.6119 | acc 0.8888 | lr 9.77e-05 | 202s
2026-09-18 21:54:57 | INFO    | epoch 6 | batch 2940/4266 | loss 0.6117 | acc 0.8890 | lr 9.77e-05 | 204s
2026-09-18 21:54:58 | INFO    | epoch 6 | batch 2960/4266 | loss 0.6117 | acc 0.8890 | lr 9.77e-05 | 205s
2026-09-18 21:54:59 | INFO    | epoch 6 | batch 2980/4266 | loss 0.6118 | acc 0.8889 | lr 9.77e-05 | 207s
2026-09-18 21:55:01 | INFO    | epoch 6 | batch 3000/4266 | loss 0.6117 | acc 0.8890 | lr 9.77e-05 | 208s
2026-09-18 21:55:02 | INFO    | epoch 6 | batch 3020/4266 | loss 0.6118 | acc 0.8889 | lr 9.77e-05 | 209s
2026-09-18 21:55:04 | INFO    | epoch 6 | batch 3040/4266 | loss 0.6120 | acc 0.8888 | lr 9.77e-05 | 211s
2026-09-18 21:55:05 | INFO    | epoch 6 | batch 3060/4266 | loss 0.6118 | acc 0.8890 | lr 9.77e-05 | 212s
2026-09-18 21:55:06 | INFO    | epoch 6 | batch 3080/4266 | loss 0.6117 | acc 0.8891 | lr 9.77e-05 | 213s
2026-09-18 21:55:08 | INFO    | epoch 6 | batch 3100/4266 | loss 0.6117 | acc 0.8891 | lr 9.77e-05 | 215s
2026-09-18 21:55:09 | INFO    | epoch 6 | batch 3120/4266 | loss 0.6117 | acc 0.8891 | lr 9.77e-05 | 216s
2026-09-18 21:55:11 | INFO    | epoch 6 | batch 3140/4266 | loss 0.6116 | acc 0.8891 | lr 9.77e-05 | 218s
2026-09-18 21:55:12 | INFO    | epoch 6 | batch 3160/4266 | loss 0.6117 | acc 0.8891 | lr 9.77e-05 | 219s
2026-09-18 21:55:13 | INFO    | epoch 6 | batch 3180/4266 | loss 0.6116 | acc 0.8892 | lr 9.76e-05 | 220s
2026-09-18 21:55:15 | INFO    | epoch 6 | batch 3200/4266 | loss 0.6116 | acc 0.8892 | lr 9.76e-05 | 222s
2026-09-18 21:55:16 | INFO    | epoch 6 | batch 3220/4266 | loss 0.6117 | acc 0.8891 | lr 9.76e-05 | 223s
2026-09-18 21:55:17 | INFO    | epoch 6 | batch 3240/4266 | loss 0.6116 | acc 0.8891 | lr 9.76e-05 | 225s
2026-09-18 21:55:19 | INFO    | epoch 6 | batch 3260/4266 | loss 0.6115 | acc 0.8892 | lr 9.76e-05 | 226s
2026-09-18 21:55:20 | INFO    | epoch 6 | batch 3280/4266 | loss 0.6115 | acc 0.8892 | lr 9.76e-05 | 227s
2026-09-18 21:55:22 | INFO    | epoch 6 | batch 3300/4266 | loss 0.6116 | acc 0.8891 | lr 9.76e-05 | 229s
2026-09-18 21:55:23 | INFO    | epoch 6 | batch 3320/4266 | loss 0.6115 | acc 0.8892 | lr 9.76e-05 | 230s
2026-09-18 21:55:24 | INFO    | epoch 6 | batch 3340/4266 | loss 0.6116 | acc 0.8892 | lr 9.76e-05 | 231s
2026-09-18 21:55:26 | INFO    | epoch 6 | batch 3360/4266 | loss 0.6114 | acc 0.8894 | lr 9.76e-05 | 233s
2026-09-18 21:55:27 | INFO    | epoch 6 | batch 3380/4266 | loss 0.6115 | acc 0.8894 | lr 9.76e-05 | 234s
2026-09-18 21:55:29 | INFO    | epoch 6 | batch 3400/4266 | loss 0.6115 | acc 0.8893 | lr 9.76e-05 | 236s
2026-09-18 21:55:30 | INFO    | epoch 6 | batch 3420/4266 | loss 0.6114 | acc 0.8894 | lr 9.76e-05 | 237s
2026-09-18 21:55:31 | INFO    | epoch 6 | batch 3440/4266 | loss 0.6115 | acc 0.8893 | lr 9.76e-05 | 238s
2026-09-18 21:55:33 | INFO    | epoch 6 | batch 3460/4266 | loss 0.6113 | acc 0.8894 | lr 9.76e-05 | 240s
2026-09-18 21:55:34 | INFO    | epoch 6 | batch 3480/4266 | loss 0.6113 | acc 0.8894 | lr 9.76e-05 | 241s
2026-09-18 21:55:35 | INFO    | epoch 6 | batch 3500/4266 | loss 0.6115 | acc 0.8893 | lr 9.76e-05 | 242s
2026-09-18 21:55:37 | INFO    | epoch 6 | batch 3520/4266 | loss 0.6115 | acc 0.8892 | lr 9.75e-05 | 244s
2026-09-18 21:55:38 | INFO    | epoch 6 | batch 3540/4266 | loss 0.6116 | acc 0.8893 | lr 9.75e-05 | 245s
2026-09-18 21:55:39 | INFO    | epoch 6 | batch 3560/4266 | loss 0.6114 | acc 0.8894 | lr 9.75e-05 | 247s
2026-09-18 21:55:41 | INFO    | epoch 6 | batch 3580/4266 | loss 0.6112 | acc 0.8894 | lr 9.75e-05 | 248s
2026-09-18 21:55:42 | INFO    | epoch 6 | batch 3600/4266 | loss 0.6111 | acc 0.8895 | lr 9.75e-05 | 249s
2026-09-18 21:55:44 | INFO    | epoch 6 | batch 3620/4266 | loss 0.6109 | acc 0.8896 | lr 9.75e-05 | 251s
2026-09-18 21:55:45 | INFO    | epoch 6 | batch 3640/4266 | loss 0.6110 | acc 0.8896 | lr 9.75e-05 | 252s
2026-09-18 21:55:46 | INFO    | epoch 6 | batch 3660/4266 | loss 0.6109 | acc 0.8896 | lr 9.75e-05 | 253s
2026-09-18 21:55:48 | INFO    | epoch 6 | batch 3680/4266 | loss 0.6108 | acc 0.8897 | lr 9.75e-05 | 255s
2026-09-18 21:55:49 | INFO    | epoch 6 | batch 3700/4266 | loss 0.6107 | acc 0.8897 | lr 9.75e-05 | 256s
2026-09-18 21:55:50 | INFO    | epoch 6 | batch 3720/4266 | loss 0.6107 | acc 0.8897 | lr 9.75e-05 | 257s
2026-09-18 21:55:52 | INFO    | epoch 6 | batch 3740/4266 | loss 0.6107 | acc 0.8898 | lr 9.75e-05 | 259s
2026-09-18 21:55:53 | INFO    | epoch 6 | batch 3760/4266 | loss 0.6104 | acc 0.8899 | lr 9.75e-05 | 260s
2026-09-18 21:55:55 | INFO    | epoch 6 | batch 3780/4266 | loss 0.6104 | acc 0.8899 | lr 9.75e-05 | 262s
2026-09-18 21:55:56 | INFO    | epoch 6 | batch 3800/4266 | loss 0.6102 | acc 0.8900 | lr 9.75e-05 | 263s
2026-09-18 21:55:57 | INFO    | epoch 6 | batch 3820/4266 | loss 0.6101 | acc 0.8901 | lr 9.75e-05 | 264s
2026-09-18 21:55:59 | INFO    | epoch 6 | batch 3840/4266 | loss 0.6101 | acc 0.8901 | lr 9.74e-05 | 266s
2026-09-18 21:56:00 | INFO    | epoch 6 | batch 3860/4266 | loss 0.6100 | acc 0.8902 | lr 9.74e-05 | 267s
2026-09-18 21:56:01 | INFO    | epoch 6 | batch 3880/4266 | loss 0.6099 | acc 0.8901 | lr 9.74e-05 | 268s
2026-09-18 21:56:03 | INFO    | epoch 6 | batch 3900/4266 | loss 0.6099 | acc 0.8902 | lr 9.74e-05 | 270s
2026-09-18 21:56:04 | INFO    | epoch 6 | batch 3920/4266 | loss 0.6099 | acc 0.8902 | lr 9.74e-05 | 271s
2026-09-18 21:56:05 | INFO    | epoch 6 | batch 3940/4266 | loss 0.6100 | acc 0.8901 | lr 9.74e-05 | 272s
2026-09-18 21:56:07 | INFO    | epoch 6 | batch 3960/4266 | loss 0.6100 | acc 0.8902 | lr 9.74e-05 | 274s
2026-09-18 21:56:08 | INFO    | epoch 6 | batch 3980/4266 | loss 0.6099 | acc 0.8902 | lr 9.74e-05 | 275s
2026-09-18 21:56:09 | INFO    | epoch 6 | batch 4000/4266 | loss 0.6097 | acc 0.8903 | lr 9.74e-05 | 276s
2026-09-18 21:56:11 | INFO    | epoch 6 | batch 4020/4266 | loss 0.6096 | acc 0.8903 | lr 9.74e-05 | 278s
2026-09-18 21:56:12 | INFO    | epoch 6 | batch 4040/4266 | loss 0.6095 | acc 0.8905 | lr 9.74e-05 | 279s
2026-09-18 21:56:13 | INFO    | epoch 6 | batch 4060/4266 | loss 0.6095 | acc 0.8904 | lr 9.74e-05 | 281s
2026-09-18 21:56:15 | INFO    | epoch 6 | batch 4080/4266 | loss 0.6093 | acc 0.8905 | lr 9.74e-05 | 282s
2026-09-18 21:56:16 | INFO    | epoch 6 | batch 4100/4266 | loss 0.6091 | acc 0.8906 | lr 9.74e-05 | 283s
2026-09-18 21:56:18 | INFO    | epoch 6 | batch 4120/4266 | loss 0.6090 | acc 0.8906 | lr 9.74e-05 | 285s
2026-09-18 21:56:19 | INFO    | epoch 6 | batch 4140/4266 | loss 0.6090 | acc 0.8906 | lr 9.74e-05 | 286s
2026-09-18 21:56:20 | INFO    | epoch 6 | batch 4160/4266 | loss 0.6090 | acc 0.8906 | lr 9.74e-05 | 287s
2026-09-18 21:56:22 | INFO    | epoch 6 | batch 4180/4266 | loss 0.6088 | acc 0.8907 | lr 9.73e-05 | 289s
2026-09-18 21:56:23 | INFO    | epoch 6 | batch 4200/4266 | loss 0.6088 | acc 0.8906 | lr 9.73e-05 | 290s
2026-09-18 21:56:24 | INFO    | epoch 6 | batch 4220/4266 | loss 0.6088 | acc 0.8905 | lr 9.73e-05 | 292s
2026-09-18 21:56:26 | INFO    | epoch 6 | batch 4240/4266 | loss 0.6087 | acc 0.8906 | lr 9.73e-05 | 293s
2026-09-18 21:56:27 | INFO    | epoch 6 | batch 4260/4266 | loss 0.6086 | acc 0.8907 | lr 9.73e-05 | 294s
2026-09-18 21:56:28 | INFO    | epoch 6 | batch 4266/4266 | loss 0.6086 | acc 0.8907 | lr 9.73e-05 | 295s
2026-09-18 21:56:37 | INFO    | epoch 6/40 done in 304s | train loss 0.6086 | train running patch (aug): accuracy=0.8907 precision=0.8890 recall=0.8857 f1=0.8872
2026-09-18 21:56:37 | INFO    | epoch 6 train (eval, no aug) | loss 0.5077 | patch[7280]: accuracy=0.9422 precision=0.9403 recall=0.9422 f1=0.9409 | image[455]: accuracy=0.9956 precision=0.9944 recall=0.9961 f1=0.9952
2026-09-18 21:56:37 | INFO    | epoch 6 val | loss 1.1298 | patch[8448]: accuracy=0.6696 precision=0.6446 recall=0.6458 f1=0.6443 | image[96]: accuracy=0.7500 precision=0.7324 recall=0.7289 f1=0.7289
2026-09-18 21:56:37 | INFO    | val_patch_f1 = 0.6443 (best 0.6443 @ epoch 6) *
2026-09-18 21:56:39 | INFO    | epoch 7 | batch 20/4266 | loss 0.5969 | acc 0.8969 | lr 9.73e-05 | 2s
2026-09-18 21:56:40 | INFO    | epoch 7 | batch 40/4266 | loss 0.5916 | acc 0.9047 | lr 9.73e-05 | 3s
2026-09-18 21:56:42 | INFO    | epoch 7 | batch 60/4266 | loss 0.5872 | acc 0.9099 | lr 9.73e-05 | 4s
2026-09-18 21:56:43 | INFO    | epoch 7 | batch 80/4266 | loss 0.5851 | acc 0.9078 | lr 9.73e-05 | 6s
2026-09-18 21:56:45 | INFO    | epoch 7 | batch 100/4266 | loss 0.5867 | acc 0.9056 | lr 9.73e-05 | 7s
2026-09-18 21:56:46 | INFO    | epoch 7 | batch 120/4266 | loss 0.5871 | acc 0.9047 | lr 9.73e-05 | 9s
2026-09-18 21:56:47 | INFO    | epoch 7 | batch 140/4266 | loss 0.5914 | acc 0.9025 | lr 9.73e-05 | 10s
2026-09-18 21:56:49 | INFO    | epoch 7 | batch 160/4266 | loss 0.5907 | acc 0.9029 | lr 9.73e-05 | 11s
2026-09-18 21:56:50 | INFO    | epoch 7 | batch 180/4266 | loss 0.5917 | acc 0.9023 | lr 9.73e-05 | 13s
2026-09-18 21:56:52 | INFO    | epoch 7 | batch 200/4266 | loss 0.5909 | acc 0.9019 | lr 9.73e-05 | 14s
2026-09-18 21:56:53 | INFO    | epoch 7 | batch 220/4266 | loss 0.5912 | acc 0.9028 | lr 9.72e-05 | 15s
2026-09-18 21:56:54 | INFO    | epoch 7 | batch 240/4266 | loss 0.5919 | acc 0.9013 | lr 9.72e-05 | 17s
2026-09-18 21:56:56 | INFO    | epoch 7 | batch 260/4266 | loss 0.5903 | acc 0.9023 | lr 9.72e-05 | 18s
2026-09-18 21:56:57 | INFO    | epoch 7 | batch 280/4266 | loss 0.5923 | acc 0.9003 | lr 9.72e-05 | 20s
2026-09-18 21:56:59 | INFO    | epoch 7 | batch 300/4266 | loss 0.5908 | acc 0.9010 | lr 9.72e-05 | 21s
2026-09-18 21:57:00 | INFO    | epoch 7 | batch 320/4266 | loss 0.5931 | acc 0.8995 | lr 9.72e-05 | 22s
2026-09-18 21:57:01 | INFO    | epoch 7 | batch 340/4266 | loss 0.5930 | acc 0.8988 | lr 9.72e-05 | 24s
2026-09-18 21:57:03 | INFO    | epoch 7 | batch 360/4266 | loss 0.5941 | acc 0.8990 | lr 9.72e-05 | 25s
2026-09-18 21:57:04 | INFO    | epoch 7 | batch 380/4266 | loss 0.5934 | acc 0.8986 | lr 9.72e-05 | 26s
2026-09-18 21:57:05 | INFO    | epoch 7 | batch 400/4266 | loss 0.5937 | acc 0.8987 | lr 9.72e-05 | 28s
2026-09-18 21:57:07 | INFO    | epoch 7 | batch 420/4266 | loss 0.5943 | acc 0.8981 | lr 9.72e-05 | 29s
2026-09-18 21:57:08 | INFO    | epoch 7 | batch 440/4266 | loss 0.5947 | acc 0.8979 | lr 9.72e-05 | 31s
2026-09-18 21:57:10 | INFO    | epoch 7 | batch 460/4266 | loss 0.5938 | acc 0.8982 | lr 9.72e-05 | 32s
2026-09-18 21:57:11 | INFO    | epoch 7 | batch 480/4266 | loss 0.5933 | acc 0.8979 | lr 9.72e-05 | 33s
2026-09-18 21:57:12 | INFO    | epoch 7 | batch 500/4266 | loss 0.5926 | acc 0.8985 | lr 9.72e-05 | 35s
2026-09-18 21:57:14 | INFO    | epoch 7 | batch 520/4266 | loss 0.5924 | acc 0.8985 | lr 9.72e-05 | 36s
2026-09-18 21:57:15 | INFO    | epoch 7 | batch 540/4266 | loss 0.5923 | acc 0.8986 | lr 9.71e-05 | 37s
2026-09-18 21:57:16 | INFO    | epoch 7 | batch 560/4266 | loss 0.5920 | acc 0.8988 | lr 9.71e-05 | 39s
2026-09-18 21:57:18 | INFO    | epoch 7 | batch 580/4266 | loss 0.5910 | acc 0.8991 | lr 9.71e-05 | 40s
2026-09-18 21:57:19 | INFO    | epoch 7 | batch 600/4266 | loss 0.5905 | acc 0.8997 | lr 9.71e-05 | 42s
2026-09-18 21:57:20 | INFO    | epoch 7 | batch 620/4266 | loss 0.5902 | acc 0.9004 | lr 9.71e-05 | 43s
2026-09-18 21:57:22 | INFO    | epoch 7 | batch 640/4266 | loss 0.5893 | acc 0.9012 | lr 9.71e-05 | 44s
2026-09-18 21:57:23 | INFO    | epoch 7 | batch 660/4266 | loss 0.5898 | acc 0.9008 | lr 9.71e-05 | 46s
2026-09-18 21:57:24 | INFO    | epoch 7 | batch 680/4266 | loss 0.5899 | acc 0.9006 | lr 9.71e-05 | 47s
2026-09-18 21:57:26 | INFO    | epoch 7 | batch 700/4266 | loss 0.5892 | acc 0.9009 | lr 9.71e-05 | 48s
2026-09-18 21:57:27 | INFO    | epoch 7 | batch 720/4266 | loss 0.5903 | acc 0.9002 | lr 9.71e-05 | 50s
2026-09-18 21:57:29 | INFO    | epoch 7 | batch 740/4266 | loss 0.5894 | acc 0.9009 | lr 9.71e-05 | 51s
2026-09-18 21:57:30 | INFO    | epoch 7 | batch 760/4266 | loss 0.5884 | acc 0.9015 | lr 9.71e-05 | 52s
2026-09-18 21:57:31 | INFO    | epoch 7 | batch 780/4266 | loss 0.5883 | acc 0.9015 | lr 9.71e-05 | 54s
2026-09-18 21:57:33 | INFO    | epoch 7 | batch 800/4266 | loss 0.5887 | acc 0.9013 | lr 9.71e-05 | 55s
2026-09-18 21:57:34 | INFO    | epoch 7 | batch 820/4266 | loss 0.5884 | acc 0.9016 | lr 9.71e-05 | 57s
2026-09-18 21:57:35 | INFO    | epoch 7 | batch 840/4266 | loss 0.5883 | acc 0.9016 | lr 9.71e-05 | 58s
2026-09-18 21:57:37 | INFO    | epoch 7 | batch 860/4266 | loss 0.5876 | acc 0.9019 | lr 9.70e-05 | 59s
2026-09-18 21:57:38 | INFO    | epoch 7 | batch 880/4266 | loss 0.5877 | acc 0.9019 | lr 9.70e-05 | 61s
2026-09-18 21:57:40 | INFO    | epoch 7 | batch 900/4266 | loss 0.5875 | acc 0.9019 | lr 9.70e-05 | 62s
2026-09-18 21:57:41 | INFO    | epoch 7 | batch 920/4266 | loss 0.5870 | acc 0.9020 | lr 9.70e-05 | 64s
2026-09-18 21:57:42 | INFO    | epoch 7 | batch 940/4266 | loss 0.5878 | acc 0.9018 | lr 9.70e-05 | 65s
2026-09-18 21:57:44 | INFO    | epoch 7 | batch 960/4266 | loss 0.5881 | acc 0.9017 | lr 9.70e-05 | 66s
2026-09-18 21:57:45 | INFO    | epoch 7 | batch 980/4266 | loss 0.5876 | acc 0.9020 | lr 9.70e-05 | 68s
2026-09-18 21:57:47 | INFO    | epoch 7 | batch 1000/4266 | loss 0.5871 | acc 0.9026 | lr 9.70e-05 | 69s
2026-09-18 21:57:48 | INFO    | epoch 7 | batch 1020/4266 | loss 0.5868 | acc 0.9029 | lr 9.70e-05 | 70s
2026-09-18 21:57:49 | INFO    | epoch 7 | batch 1040/4266 | loss 0.5868 | acc 0.9027 | lr 9.70e-05 | 72s
2026-09-18 21:57:51 | INFO    | epoch 7 | batch 1060/4266 | loss 0.5869 | acc 0.9027 | lr 9.70e-05 | 73s
2026-09-18 21:57:52 | INFO    | epoch 7 | batch 1080/4266 | loss 0.5874 | acc 0.9025 | lr 9.70e-05 | 75s
2026-09-18 21:57:54 | INFO    | epoch 7 | batch 1100/4266 | loss 0.5871 | acc 0.9026 | lr 9.70e-05 | 76s
2026-09-18 21:57:55 | INFO    | epoch 7 | batch 1120/4266 | loss 0.5868 | acc 0.9030 | lr 9.70e-05 | 77s
2026-09-18 21:57:56 | INFO    | epoch 7 | batch 1140/4266 | loss 0.5870 | acc 0.9030 | lr 9.70e-05 | 79s
2026-09-18 21:57:58 | INFO    | epoch 7 | batch 1160/4266 | loss 0.5873 | acc 0.9027 | lr 9.69e-05 | 80s
2026-09-18 21:57:59 | INFO    | epoch 7 | batch 1180/4266 | loss 0.5868 | acc 0.9032 | lr 9.69e-05 | 82s
2026-09-18 21:58:00 | INFO    | epoch 7 | batch 1200/4266 | loss 0.5866 | acc 0.9034 | lr 9.69e-05 | 83s
2026-09-18 21:58:02 | INFO    | epoch 7 | batch 1220/4266 | loss 0.5864 | acc 0.9034 | lr 9.69e-05 | 84s
2026-09-18 21:58:03 | INFO    | epoch 7 | batch 1240/4266 | loss 0.5869 | acc 0.9030 | lr 9.69e-05 | 86s
2026-09-18 21:58:05 | INFO    | epoch 7 | batch 1260/4266 | loss 0.5871 | acc 0.9027 | lr 9.69e-05 | 87s
2026-09-18 21:58:06 | INFO    | epoch 7 | batch 1280/4266 | loss 0.5875 | acc 0.9022 | lr 9.69e-05 | 88s
2026-09-18 21:58:07 | INFO    | epoch 7 | batch 1300/4266 | loss 0.5874 | acc 0.9022 | lr 9.69e-05 | 90s
2026-09-18 21:58:09 | INFO    | epoch 7 | batch 1320/4266 | loss 0.5873 | acc 0.9022 | lr 9.69e-05 | 91s
2026-09-18 21:58:10 | INFO    | epoch 7 | batch 1340/4266 | loss 0.5874 | acc 0.9022 | lr 9.69e-05 | 92s
2026-09-18 21:58:11 | INFO    | epoch 7 | batch 1360/4266 | loss 0.5878 | acc 0.9020 | lr 9.69e-05 | 94s
2026-09-18 21:58:13 | INFO    | epoch 7 | batch 1380/4266 | loss 0.5878 | acc 0.9020 | lr 9.69e-05 | 95s
2026-09-18 21:58:14 | INFO    | epoch 7 | batch 1400/4266 | loss 0.5874 | acc 0.9021 | lr 9.69e-05 | 97s
2026-09-18 21:58:16 | INFO    | epoch 7 | batch 1420/4266 | loss 0.5872 | acc 0.9022 | lr 9.69e-05 | 98s
2026-09-18 21:58:17 | INFO    | epoch 7 | batch 1440/4266 | loss 0.5872 | acc 0.9022 | lr 9.69e-05 | 99s
2026-09-18 21:58:18 | INFO    | epoch 7 | batch 1460/4266 | loss 0.5869 | acc 0.9024 | lr 9.68e-05 | 101s
2026-09-18 21:58:20 | INFO    | epoch 7 | batch 1480/4266 | loss 0.5868 | acc 0.9025 | lr 9.68e-05 | 102s
2026-09-18 21:58:21 | INFO    | epoch 7 | batch 1500/4266 | loss 0.5869 | acc 0.9026 | lr 9.68e-05 | 104s
2026-09-18 21:58:22 | INFO    | epoch 7 | batch 1520/4266 | loss 0.5868 | acc 0.9027 | lr 9.68e-05 | 105s
2026-09-18 21:58:24 | INFO    | epoch 7 | batch 1540/4266 | loss 0.5864 | acc 0.9029 | lr 9.68e-05 | 106s
2026-09-18 21:58:25 | INFO    | epoch 7 | batch 1560/4266 | loss 0.5860 | acc 0.9030 | lr 9.68e-05 | 108s
2026-09-18 21:58:27 | INFO    | epoch 7 | batch 1580/4266 | loss 0.5858 | acc 0.9029 | lr 9.68e-05 | 109s
2026-09-18 21:58:28 | INFO    | epoch 7 | batch 1600/4266 | loss 0.5854 | acc 0.9032 | lr 9.68e-05 | 110s
2026-09-18 21:58:29 | INFO    | epoch 7 | batch 1620/4266 | loss 0.5849 | acc 0.9035 | lr 9.68e-05 | 112s
2026-09-18 21:58:31 | INFO    | epoch 7 | batch 1640/4266 | loss 0.5851 | acc 0.9035 | lr 9.68e-05 | 113s
2026-09-18 21:58:32 | INFO    | epoch 7 | batch 1660/4266 | loss 0.5849 | acc 0.9035 | lr 9.68e-05 | 115s
2026-09-18 21:58:34 | INFO    | epoch 7 | batch 1680/4266 | loss 0.5845 | acc 0.9037 | lr 9.68e-05 | 116s
2026-09-18 21:58:35 | INFO    | epoch 7 | batch 1700/4266 | loss 0.5841 | acc 0.9039 | lr 9.68e-05 | 118s
2026-09-18 21:58:36 | INFO    | epoch 7 | batch 1720/4266 | loss 0.5839 | acc 0.9041 | lr 9.68e-05 | 119s
2026-09-18 21:58:38 | INFO    | epoch 7 | batch 1740/4266 | loss 0.5839 | acc 0.9042 | lr 9.67e-05 | 120s
2026-09-18 21:58:39 | INFO    | epoch 7 | batch 1760/4266 | loss 0.5836 | acc 0.9044 | lr 9.67e-05 | 122s
2026-09-18 21:58:41 | INFO    | epoch 7 | batch 1780/4266 | loss 0.5837 | acc 0.9044 | lr 9.67e-05 | 123s
2026-09-18 21:58:42 | INFO    | epoch 7 | batch 1800/4266 | loss 0.5836 | acc 0.9044 | lr 9.67e-05 | 125s
2026-09-18 21:58:43 | INFO    | epoch 7 | batch 1820/4266 | loss 0.5834 | acc 0.9044 | lr 9.67e-05 | 126s
2026-09-18 21:58:45 | INFO    | epoch 7 | batch 1840/4266 | loss 0.5836 | acc 0.9042 | lr 9.67e-05 | 127s
2026-09-18 21:58:46 | INFO    | epoch 7 | batch 1860/4266 | loss 0.5836 | acc 0.9042 | lr 9.67e-05 | 129s
2026-09-18 21:58:48 | INFO    | epoch 7 | batch 1880/4266 | loss 0.5840 | acc 0.9040 | lr 9.67e-05 | 130s
2026-09-18 21:58:49 | INFO    | epoch 7 | batch 1900/4266 | loss 0.5839 | acc 0.9039 | lr 9.67e-05 | 132s
2026-09-18 21:58:50 | INFO    | epoch 7 | batch 1920/4266 | loss 0.5835 | acc 0.9041 | lr 9.67e-05 | 133s
2026-09-18 21:58:52 | INFO    | epoch 7 | batch 1940/4266 | loss 0.5837 | acc 0.9039 | lr 9.67e-05 | 134s
2026-09-18 21:58:53 | INFO    | epoch 7 | batch 1960/4266 | loss 0.5835 | acc 0.9040 | lr 9.67e-05 | 136s
2026-09-18 21:58:55 | INFO    | epoch 7 | batch 1980/4266 | loss 0.5832 | acc 0.9042 | lr 9.67e-05 | 137s
2026-09-18 21:58:56 | INFO    | epoch 7 | batch 2000/4266 | loss 0.5830 | acc 0.9044 | lr 9.67e-05 | 139s
2026-09-18 21:58:57 | INFO    | epoch 7 | batch 2020/4266 | loss 0.5833 | acc 0.9043 | lr 9.67e-05 | 140s
2026-09-18 21:58:59 | INFO    | epoch 7 | batch 2040/4266 | loss 0.5829 | acc 0.9046 | lr 9.66e-05 | 141s
2026-09-18 21:59:00 | INFO    | epoch 7 | batch 2060/4266 | loss 0.5832 | acc 0.9045 | lr 9.66e-05 | 143s
2026-09-18 21:59:02 | INFO    | epoch 7 | batch 2080/4266 | loss 0.5831 | acc 0.9045 | lr 9.66e-05 | 144s
2026-09-18 21:59:03 | INFO    | epoch 7 | batch 2100/4266 | loss 0.5834 | acc 0.9044 | lr 9.66e-05 | 146s
2026-09-18 21:59:04 | INFO    | epoch 7 | batch 2120/4266 | loss 0.5831 | acc 0.9046 | lr 9.66e-05 | 147s
2026-09-18 21:59:06 | INFO    | epoch 7 | batch 2140/4266 | loss 0.5831 | acc 0.9046 | lr 9.66e-05 | 148s
2026-09-18 21:59:07 | INFO    | epoch 7 | batch 2160/4266 | loss 0.5829 | acc 0.9047 | lr 9.66e-05 | 150s
2026-09-18 21:59:09 | INFO    | epoch 7 | batch 2180/4266 | loss 0.5830 | acc 0.9046 | lr 9.66e-05 | 151s
2026-09-18 21:59:10 | INFO    | epoch 7 | batch 2200/4266 | loss 0.5829 | acc 0.9046 | lr 9.66e-05 | 153s
2026-09-18 21:59:12 | INFO    | epoch 7 | batch 2220/4266 | loss 0.5832 | acc 0.9044 | lr 9.66e-05 | 154s
2026-09-18 21:59:13 | INFO    | epoch 7 | batch 2240/4266 | loss 0.5831 | acc 0.9045 | lr 9.66e-05 | 155s
2026-09-18 21:59:14 | INFO    | epoch 7 | batch 2260/4266 | loss 0.5830 | acc 0.9046 | lr 9.66e-05 | 157s
2026-09-18 21:59:16 | INFO    | epoch 7 | batch 2280/4266 | loss 0.5828 | acc 0.9047 | lr 9.66e-05 | 158s
2026-09-18 21:59:17 | INFO    | epoch 7 | batch 2300/4266 | loss 0.5825 | acc 0.9049 | lr 9.66e-05 | 160s
2026-09-18 21:59:19 | INFO    | epoch 7 | batch 2320/4266 | loss 0.5824 | acc 0.9049 | lr 9.65e-05 | 161s
2026-09-18 21:59:20 | INFO    | epoch 7 | batch 2340/4266 | loss 0.5823 | acc 0.9050 | lr 9.65e-05 | 162s
2026-09-18 21:59:21 | INFO    | epoch 7 | batch 2360/4266 | loss 0.5822 | acc 0.9050 | lr 9.65e-05 | 164s
2026-09-18 21:59:23 | INFO    | epoch 7 | batch 2380/4266 | loss 0.5820 | acc 0.9051 | lr 9.65e-05 | 165s
2026-09-18 21:59:24 | INFO    | epoch 7 | batch 2400/4266 | loss 0.5820 | acc 0.9050 | lr 9.65e-05 | 167s
2026-09-18 21:59:25 | INFO    | epoch 7 | batch 2420/4266 | loss 0.5816 | acc 0.9053 | lr 9.65e-05 | 168s
2026-09-18 21:59:27 | INFO    | epoch 7 | batch 2440/4266 | loss 0.5813 | acc 0.9055 | lr 9.65e-05 | 169s
2026-09-18 21:59:28 | INFO    | epoch 7 | batch 2460/4266 | loss 0.5812 | acc 0.9056 | lr 9.65e-05 | 171s
2026-09-18 21:59:30 | INFO    | epoch 7 | batch 2480/4266 | loss 0.5815 | acc 0.9055 | lr 9.65e-05 | 172s
2026-09-18 21:59:31 | INFO    | epoch 7 | batch 2500/4266 | loss 0.5811 | acc 0.9057 | lr 9.65e-05 | 174s
2026-09-18 21:59:32 | INFO    | epoch 7 | batch 2520/4266 | loss 0.5812 | acc 0.9057 | lr 9.65e-05 | 175s
2026-09-18 21:59:34 | INFO    | epoch 7 | batch 2540/4266 | loss 0.5813 | acc 0.9055 | lr 9.65e-05 | 176s
2026-09-18 21:59:35 | INFO    | epoch 7 | batch 2560/4266 | loss 0.5813 | acc 0.9055 | lr 9.65e-05 | 178s
2026-09-18 21:59:37 | INFO    | epoch 7 | batch 2580/4266 | loss 0.5810 | acc 0.9057 | lr 9.65e-05 | 179s
2026-09-18 21:59:38 | INFO    | epoch 7 | batch 2600/4266 | loss 0.5807 | acc 0.9059 | lr 9.64e-05 | 181s
2026-09-18 21:59:39 | INFO    | epoch 7 | batch 2620/4266 | loss 0.5808 | acc 0.9058 | lr 9.64e-05 | 182s
2026-09-18 21:59:41 | INFO    | epoch 7 | batch 2640/4266 | loss 0.5809 | acc 0.9058 | lr 9.64e-05 | 183s
2026-09-18 21:59:42 | INFO    | epoch 7 | batch 2660/4266 | loss 0.5806 | acc 0.9060 | lr 9.64e-05 | 185s
2026-09-18 21:59:44 | INFO    | epoch 7 | batch 2680/4266 | loss 0.5808 | acc 0.9060 | lr 9.64e-05 | 186s
2026-09-18 21:59:45 | INFO    | epoch 7 | batch 2700/4266 | loss 0.5807 | acc 0.9061 | lr 9.64e-05 | 188s
2026-09-18 21:59:46 | INFO    | epoch 7 | batch 2720/4266 | loss 0.5805 | acc 0.9063 | lr 9.64e-05 | 189s
2026-09-18 21:59:48 | INFO    | epoch 7 | batch 2740/4266 | loss 0.5806 | acc 0.9063 | lr 9.64e-05 | 190s
2026-09-18 21:59:49 | INFO    | epoch 7 | batch 2760/4266 | loss 0.5808 | acc 0.9061 | lr 9.64e-05 | 192s
2026-09-18 21:59:51 | INFO    | epoch 7 | batch 2780/4266 | loss 0.5806 | acc 0.9061 | lr 9.64e-05 | 193s
2026-09-18 21:59:52 | INFO    | epoch 7 | batch 2800/4266 | loss 0.5806 | acc 0.9061 | lr 9.64e-05 | 194s
2026-09-18 21:59:53 | INFO    | epoch 7 | batch 2820/4266 | loss 0.5807 | acc 0.9061 | lr 9.64e-05 | 196s
2026-09-18 21:59:55 | INFO    | epoch 7 | batch 2840/4266 | loss 0.5809 | acc 0.9060 | lr 9.64e-05 | 197s
2026-09-18 21:59:56 | INFO    | epoch 7 | batch 2860/4266 | loss 0.5810 | acc 0.9059 | lr 9.64e-05 | 199s
2026-09-18 21:59:57 | INFO    | epoch 7 | batch 2880/4266 | loss 0.5809 | acc 0.9059 | lr 9.63e-05 | 200s
2026-09-18 21:59:59 | INFO    | epoch 7 | batch 2900/4266 | loss 0.5807 | acc 0.9060 | lr 9.63e-05 | 201s
2026-09-18 22:00:00 | INFO    | epoch 7 | batch 2920/4266 | loss 0.5807 | acc 0.9061 | lr 9.63e-05 | 203s
2026-09-18 22:00:02 | INFO    | epoch 7 | batch 2940/4266 | loss 0.5805 | acc 0.9062 | lr 9.63e-05 | 204s
2026-09-18 22:00:03 | INFO    | epoch 7 | batch 2960/4266 | loss 0.5806 | acc 0.9062 | lr 9.63e-05 | 205s
2026-09-18 22:00:04 | INFO    | epoch 7 | batch 2980/4266 | loss 0.5804 | acc 0.9063 | lr 9.63e-05 | 207s
2026-09-18 22:00:06 | INFO    | epoch 7 | batch 3000/4266 | loss 0.5805 | acc 0.9062 | lr 9.63e-05 | 208s
2026-09-18 22:00:07 | INFO    | epoch 7 | batch 3020/4266 | loss 0.5804 | acc 0.9062 | lr 9.63e-05 | 210s
2026-09-18 22:00:09 | INFO    | epoch 7 | batch 3040/4266 | loss 0.5804 | acc 0.9062 | lr 9.63e-05 | 211s
2026-09-18 22:00:10 | INFO    | epoch 7 | batch 3060/4266 | loss 0.5803 | acc 0.9062 | lr 9.63e-05 | 212s
2026-09-18 22:00:11 | INFO    | epoch 7 | batch 3080/4266 | loss 0.5802 | acc 0.9063 | lr 9.63e-05 | 214s
2026-09-18 22:00:13 | INFO    | epoch 7 | batch 3100/4266 | loss 0.5802 | acc 0.9063 | lr 9.63e-05 | 215s
2026-09-18 22:00:14 | INFO    | epoch 7 | batch 3120/4266 | loss 0.5804 | acc 0.9061 | lr 9.63e-05 | 217s
2026-09-18 22:00:16 | INFO    | epoch 7 | batch 3140/4266 | loss 0.5804 | acc 0.9061 | lr 9.63e-05 | 218s
2026-09-18 22:00:17 | INFO    | epoch 7 | batch 3160/4266 | loss 0.5804 | acc 0.9061 | lr 9.62e-05 | 219s
2026-09-18 22:00:18 | INFO    | epoch 7 | batch 3180/4266 | loss 0.5803 | acc 0.9062 | lr 9.62e-05 | 221s
2026-09-18 22:00:20 | INFO    | epoch 7 | batch 3200/4266 | loss 0.5801 | acc 0.9063 | lr 9.62e-05 | 222s
2026-09-18 22:00:21 | INFO    | epoch 7 | batch 3220/4266 | loss 0.5799 | acc 0.9065 | lr 9.62e-05 | 223s
2026-09-18 22:00:22 | INFO    | epoch 7 | batch 3240/4266 | loss 0.5799 | acc 0.9065 | lr 9.62e-05 | 225s
2026-09-18 22:00:24 | INFO    | epoch 7 | batch 3260/4266 | loss 0.5799 | acc 0.9065 | lr 9.62e-05 | 226s
2026-09-18 22:00:25 | INFO    | epoch 7 | batch 3280/4266 | loss 0.5798 | acc 0.9066 | lr 9.62e-05 | 228s
2026-09-18 22:00:27 | INFO    | epoch 7 | batch 3300/4266 | loss 0.5798 | acc 0.9066 | lr 9.62e-05 | 229s
2026-09-18 22:00:28 | INFO    | epoch 7 | batch 3320/4266 | loss 0.5799 | acc 0.9066 | lr 9.62e-05 | 230s
2026-09-18 22:00:29 | INFO    | epoch 7 | batch 3340/4266 | loss 0.5799 | acc 0.9066 | lr 9.62e-05 | 232s
2026-09-18 22:00:31 | INFO    | epoch 7 | batch 3360/4266 | loss 0.5799 | acc 0.9067 | lr 9.62e-05 | 233s
2026-09-18 22:00:32 | INFO    | epoch 7 | batch 3380/4266 | loss 0.5796 | acc 0.9068 | lr 9.62e-05 | 234s
2026-09-18 22:00:33 | INFO    | epoch 7 | batch 3400/4266 | loss 0.5794 | acc 0.9070 | lr 9.62e-05 | 236s
2026-09-18 22:00:35 | INFO    | epoch 7 | batch 3420/4266 | loss 0.5792 | acc 0.9071 | lr 9.62e-05 | 237s
2026-09-18 22:00:36 | INFO    | epoch 7 | batch 3440/4266 | loss 0.5794 | acc 0.9069 | lr 9.61e-05 | 239s
2026-09-18 22:00:38 | INFO    | epoch 7 | batch 3460/4266 | loss 0.5793 | acc 0.9068 | lr 9.61e-05 | 240s
2026-09-18 22:00:39 | INFO    | epoch 7 | batch 3480/4266 | loss 0.5792 | acc 0.9069 | lr 9.61e-05 | 241s
2026-09-18 22:00:40 | INFO    | epoch 7 | batch 3500/4266 | loss 0.5792 | acc 0.9069 | lr 9.61e-05 | 243s
2026-09-18 22:00:42 | INFO    | epoch 7 | batch 3520/4266 | loss 0.5792 | acc 0.9069 | lr 9.61e-05 | 244s
2026-09-18 22:00:43 | INFO    | epoch 7 | batch 3540/4266 | loss 0.5790 | acc 0.9070 | lr 9.61e-05 | 246s
2026-09-18 22:00:44 | INFO    | epoch 7 | batch 3560/4266 | loss 0.5789 | acc 0.9070 | lr 9.61e-05 | 247s
2026-09-18 22:00:46 | INFO    | epoch 7 | batch 3580/4266 | loss 0.5789 | acc 0.9070 | lr 9.61e-05 | 248s
2026-09-18 22:00:47 | INFO    | epoch 7 | batch 3600/4266 | loss 0.5788 | acc 0.9070 | lr 9.61e-05 | 250s
2026-09-18 22:00:49 | INFO    | epoch 7 | batch 3620/4266 | loss 0.5788 | acc 0.9070 | lr 9.61e-05 | 251s
2026-09-18 22:00:50 | INFO    | epoch 7 | batch 3640/4266 | loss 0.5788 | acc 0.9070 | lr 9.61e-05 | 253s
2026-09-18 22:00:52 | INFO    | epoch 7 | batch 3660/4266 | loss 0.5787 | acc 0.9071 | lr 9.61e-05 | 254s
2026-09-18 22:00:53 | INFO    | epoch 7 | batch 3680/4266 | loss 0.5784 | acc 0.9073 | lr 9.61e-05 | 256s
2026-09-18 22:00:54 | INFO    | epoch 7 | batch 3700/4266 | loss 0.5786 | acc 0.9071 | lr 9.60e-05 | 257s
2026-09-18 22:00:56 | INFO    | epoch 7 | batch 3720/4266 | loss 0.5786 | acc 0.9071 | lr 9.60e-05 | 258s
2026-09-18 22:00:57 | INFO    | epoch 7 | batch 3740/4266 | loss 0.5786 | acc 0.9071 | lr 9.60e-05 | 260s
2026-09-18 22:00:59 | INFO    | epoch 7 | batch 3760/4266 | loss 0.5784 | acc 0.9072 | lr 9.60e-05 | 261s
2026-09-18 22:01:00 | INFO    | epoch 7 | batch 3780/4266 | loss 0.5783 | acc 0.9073 | lr 9.60e-05 | 262s
2026-09-18 22:01:01 | INFO    | epoch 7 | batch 3800/4266 | loss 0.5781 | acc 0.9074 | lr 9.60e-05 | 264s
2026-09-18 22:01:03 | INFO    | epoch 7 | batch 3820/4266 | loss 0.5781 | acc 0.9074 | lr 9.60e-05 | 265s
2026-09-18 22:01:04 | INFO    | epoch 7 | batch 3840/4266 | loss 0.5781 | acc 0.9074 | lr 9.60e-05 | 267s
2026-09-18 22:01:05 | INFO    | epoch 7 | batch 3860/4266 | loss 0.5779 | acc 0.9075 | lr 9.60e-05 | 268s
2026-09-18 22:01:07 | INFO    | epoch 7 | batch 3880/4266 | loss 0.5780 | acc 0.9075 | lr 9.60e-05 | 269s
2026-09-18 22:01:08 | INFO    | epoch 7 | batch 3900/4266 | loss 0.5780 | acc 0.9074 | lr 9.60e-05 | 271s
2026-09-18 22:01:10 | INFO    | epoch 7 | batch 3920/4266 | loss 0.5777 | acc 0.9075 | lr 9.60e-05 | 272s
2026-09-18 22:01:11 | INFO    | epoch 7 | batch 3940/4266 | loss 0.5778 | acc 0.9076 | lr 9.60e-05 | 274s
2026-09-18 22:01:12 | INFO    | epoch 7 | batch 3960/4266 | loss 0.5779 | acc 0.9075 | lr 9.59e-05 | 275s
2026-09-18 22:01:14 | INFO    | epoch 7 | batch 3980/4266 | loss 0.5777 | acc 0.9076 | lr 9.59e-05 | 276s
2026-09-18 22:01:15 | INFO    | epoch 7 | batch 4000/4266 | loss 0.5776 | acc 0.9077 | lr 9.59e-05 | 278s
2026-09-18 22:01:17 | INFO    | epoch 7 | batch 4020/4266 | loss 0.5775 | acc 0.9077 | lr 9.59e-05 | 279s
2026-09-18 22:01:18 | INFO    | epoch 7 | batch 4040/4266 | loss 0.5775 | acc 0.9077 | lr 9.59e-05 | 280s
2026-09-18 22:01:19 | INFO    | epoch 7 | batch 4060/4266 | loss 0.5776 | acc 0.9076 | lr 9.59e-05 | 282s
2026-09-18 22:01:21 | INFO    | epoch 7 | batch 4080/4266 | loss 0.5776 | acc 0.9076 | lr 9.59e-05 | 283s
2026-09-18 22:01:22 | INFO    | epoch 7 | batch 4100/4266 | loss 0.5774 | acc 0.9077 | lr 9.59e-05 | 285s
2026-09-18 22:01:23 | INFO    | epoch 7 | batch 4120/4266 | loss 0.5774 | acc 0.9077 | lr 9.59e-05 | 286s
2026-09-18 22:01:25 | INFO    | epoch 7 | batch 4140/4266 | loss 0.5772 | acc 0.9078 | lr 9.59e-05 | 287s
2026-09-18 22:01:26 | INFO    | epoch 7 | batch 4160/4266 | loss 0.5771 | acc 0.9079 | lr 9.59e-05 | 289s
2026-09-18 22:01:28 | INFO    | epoch 7 | batch 4180/4266 | loss 0.5770 | acc 0.9079 | lr 9.59e-05 | 290s
2026-09-18 22:01:29 | INFO    | epoch 7 | batch 4200/4266 | loss 0.5769 | acc 0.9080 | lr 9.59e-05 | 292s
2026-09-18 22:01:30 | INFO    | epoch 7 | batch 4220/4266 | loss 0.5767 | acc 0.9081 | lr 9.58e-05 | 293s
2026-09-18 22:01:32 | INFO    | epoch 7 | batch 4240/4266 | loss 0.5767 | acc 0.9081 | lr 9.58e-05 | 294s
2026-09-18 22:01:33 | INFO    | epoch 7 | batch 4260/4266 | loss 0.5765 | acc 0.9082 | lr 9.58e-05 | 296s
2026-09-18 22:01:34 | INFO    | epoch 7 | batch 4266/4266 | loss 0.5765 | acc 0.9082 | lr 9.58e-05 | 296s
2026-09-18 22:01:43 | INFO    | epoch 7/40 done in 306s | train loss 0.5765 | train running patch (aug): accuracy=0.9082 precision=0.9068 recall=0.9043 f1=0.9055
2026-09-18 22:01:43 | INFO    | epoch 7 train (eval, no aug) | loss 0.5123 | patch[7280]: accuracy=0.9390 precision=0.9392 recall=0.9390 f1=0.9388 | image[455]: accuracy=0.9978 precision=0.9978 recall=0.9981 f1=0.9979
2026-09-18 22:01:43 | INFO    | epoch 7 val | loss 1.1904 | patch[8448]: accuracy=0.6496 precision=0.6223 recall=0.6267 f1=0.6229 | image[96]: accuracy=0.7083 precision=0.6752 recall=0.6788 f1=0.6748
2026-09-18 22:01:43 | INFO    | val_patch_f1 = 0.6229 (best 0.6443 @ epoch 6)
2026-09-18 22:01:45 | INFO    | epoch 8 | batch 20/4266 | loss 0.5541 | acc 0.9156 | lr 9.58e-05 | 1s
2026-09-18 22:01:46 | INFO    | epoch 8 | batch 40/4266 | loss 0.5441 | acc 0.9242 | lr 9.58e-05 | 3s
2026-09-18 22:01:48 | INFO    | epoch 8 | batch 60/4266 | loss 0.5498 | acc 0.9214 | lr 9.58e-05 | 4s
2026-09-18 22:01:49 | INFO    | epoch 8 | batch 80/4266 | loss 0.5569 | acc 0.9168 | lr 9.58e-05 | 6s
2026-09-18 22:01:50 | INFO    | epoch 8 | batch 100/4266 | loss 0.5582 | acc 0.9181 | lr 9.58e-05 | 7s
2026-09-18 22:01:52 | INFO    | epoch 8 | batch 120/4266 | loss 0.5592 | acc 0.9174 | lr 9.58e-05 | 8s
2026-09-18 22:01:53 | INFO    | epoch 8 | batch 140/4266 | loss 0.5599 | acc 0.9158 | lr 9.58e-05 | 10s
2026-09-18 22:01:55 | INFO    | epoch 8 | batch 160/4266 | loss 0.5596 | acc 0.9164 | lr 9.58e-05 | 11s
2026-09-18 22:01:56 | INFO    | epoch 8 | batch 180/4266 | loss 0.5624 | acc 0.9151 | lr 9.58e-05 | 13s
2026-09-18 22:01:57 | INFO    | epoch 8 | batch 200/4266 | loss 0.5619 | acc 0.9152 | lr 9.58e-05 | 14s
2026-09-18 22:01:59 | INFO    | epoch 8 | batch 220/4266 | loss 0.5618 | acc 0.9152 | lr 9.57e-05 | 15s
2026-09-18 22:02:00 | INFO    | epoch 8 | batch 240/4266 | loss 0.5633 | acc 0.9142 | lr 9.57e-05 | 17s
2026-09-18 22:02:01 | INFO    | epoch 8 | batch 260/4266 | loss 0.5637 | acc 0.9143 | lr 9.57e-05 | 18s
2026-09-18 22:02:03 | INFO    | epoch 8 | batch 280/4266 | loss 0.5631 | acc 0.9147 | lr 9.57e-05 | 19s
2026-09-18 22:02:04 | INFO    | epoch 8 | batch 300/4266 | loss 0.5632 | acc 0.9147 | lr 9.57e-05 | 21s
2026-09-18 22:02:05 | INFO    | epoch 8 | batch 320/4266 | loss 0.5645 | acc 0.9141 | lr 9.57e-05 | 22s
2026-09-18 22:02:07 | INFO    | epoch 8 | batch 340/4266 | loss 0.5653 | acc 0.9143 | lr 9.57e-05 | 23s
2026-09-18 22:02:08 | INFO    | epoch 8 | batch 360/4266 | loss 0.5656 | acc 0.9140 | lr 9.57e-05 | 25s
2026-09-18 22:02:10 | INFO    | epoch 8 | batch 380/4266 | loss 0.5654 | acc 0.9141 | lr 9.57e-05 | 26s
2026-09-18 22:02:11 | INFO    | epoch 8 | batch 400/4266 | loss 0.5642 | acc 0.9150 | lr 9.57e-05 | 28s
2026-09-18 22:02:12 | INFO    | epoch 8 | batch 420/4266 | loss 0.5643 | acc 0.9150 | lr 9.57e-05 | 29s
2026-09-18 22:02:14 | INFO    | epoch 8 | batch 440/4266 | loss 0.5642 | acc 0.9151 | lr 9.57e-05 | 30s
2026-09-18 22:02:15 | INFO    | epoch 8 | batch 460/4266 | loss 0.5627 | acc 0.9162 | lr 9.57e-05 | 32s
2026-09-18 22:02:16 | INFO    | epoch 8 | batch 480/4266 | loss 0.5629 | acc 0.9156 | lr 9.56e-05 | 33s
2026-09-18 22:02:18 | INFO    | epoch 8 | batch 500/4266 | loss 0.5631 | acc 0.9157 | lr 9.56e-05 | 34s
2026-09-18 22:02:19 | INFO    | epoch 8 | batch 520/4266 | loss 0.5627 | acc 0.9159 | lr 9.56e-05 | 36s
2026-09-18 22:02:21 | INFO    | epoch 8 | batch 540/4266 | loss 0.5613 | acc 0.9164 | lr 9.56e-05 | 37s
2026-09-18 22:02:22 | INFO    | epoch 8 | batch 560/4266 | loss 0.5600 | acc 0.9171 | lr 9.56e-05 | 39s
2026-09-18 22:02:23 | INFO    | epoch 8 | batch 580/4266 | loss 0.5598 | acc 0.9173 | lr 9.56e-05 | 40s
2026-09-18 22:02:25 | INFO    | epoch 8 | batch 600/4266 | loss 0.5603 | acc 0.9170 | lr 9.56e-05 | 41s
2026-09-18 22:02:26 | INFO    | epoch 8 | batch 620/4266 | loss 0.5604 | acc 0.9171 | lr 9.56e-05 | 43s
2026-09-18 22:02:28 | INFO    | epoch 8 | batch 640/4266 | loss 0.5617 | acc 0.9163 | lr 9.56e-05 | 44s
2026-09-18 22:02:29 | INFO    | epoch 8 | batch 660/4266 | loss 0.5628 | acc 0.9153 | lr 9.56e-05 | 46s
2026-09-18 22:02:31 | INFO    | epoch 8 | batch 680/4266 | loss 0.5632 | acc 0.9150 | lr 9.56e-05 | 47s
2026-09-18 22:02:32 | INFO    | epoch 8 | batch 700/4266 | loss 0.5631 | acc 0.9153 | lr 9.56e-05 | 49s
2026-09-18 22:02:33 | INFO    | epoch 8 | batch 720/4266 | loss 0.5642 | acc 0.9145 | lr 9.55e-05 | 50s
2026-09-18 22:02:35 | INFO    | epoch 8 | batch 740/4266 | loss 0.5647 | acc 0.9145 | lr 9.55e-05 | 51s
2026-09-18 22:02:36 | INFO    | epoch 8 | batch 760/4266 | loss 0.5644 | acc 0.9148 | lr 9.55e-05 | 53s
2026-09-18 22:02:38 | INFO    | epoch 8 | batch 780/4266 | loss 0.5646 | acc 0.9147 | lr 9.55e-05 | 54s
2026-09-18 22:02:39 | INFO    | epoch 8 | batch 800/4266 | loss 0.5650 | acc 0.9144 | lr 9.55e-05 | 56s
2026-09-18 22:02:40 | INFO    | epoch 8 | batch 820/4266 | loss 0.5649 | acc 0.9143 | lr 9.55e-05 | 57s
2026-09-18 22:02:42 | INFO    | epoch 8 | batch 840/4266 | loss 0.5650 | acc 0.9141 | lr 9.55e-05 | 58s
2026-09-18 22:02:43 | INFO    | epoch 8 | batch 860/4266 | loss 0.5656 | acc 0.9138 | lr 9.55e-05 | 60s
2026-09-18 22:02:44 | INFO    | epoch 8 | batch 880/4266 | loss 0.5651 | acc 0.9140 | lr 9.55e-05 | 61s
2026-09-18 22:02:46 | INFO    | epoch 8 | batch 900/4266 | loss 0.5652 | acc 0.9139 | lr 9.55e-05 | 62s
2026-09-18 22:02:47 | INFO    | epoch 8 | batch 920/4266 | loss 0.5647 | acc 0.9141 | lr 9.55e-05 | 64s
2026-09-18 22:02:49 | INFO    | epoch 8 | batch 940/4266 | loss 0.5645 | acc 0.9142 | lr 9.55e-05 | 65s
2026-09-18 22:02:50 | INFO    | epoch 8 | batch 960/4266 | loss 0.5644 | acc 0.9144 | lr 9.55e-05 | 67s
2026-09-18 22:02:51 | INFO    | epoch 8 | batch 980/4266 | loss 0.5637 | acc 0.9147 | lr 9.54e-05 | 68s
2026-09-18 22:02:53 | INFO    | epoch 8 | batch 1000/4266 | loss 0.5637 | acc 0.9147 | lr 9.54e-05 | 69s
2026-09-18 22:02:54 | INFO    | epoch 8 | batch 1020/4266 | loss 0.5641 | acc 0.9146 | lr 9.54e-05 | 71s
2026-09-18 22:02:55 | INFO    | epoch 8 | batch 1040/4266 | loss 0.5634 | acc 0.9149 | lr 9.54e-05 | 72s
2026-09-18 22:02:57 | INFO    | epoch 8 | batch 1060/4266 | loss 0.5631 | acc 0.9150 | lr 9.54e-05 | 74s
2026-09-18 22:02:58 | INFO    | epoch 8 | batch 1080/4266 | loss 0.5633 | acc 0.9148 | lr 9.54e-05 | 75s
2026-09-18 22:03:00 | INFO    | epoch 8 | batch 1100/4266 | loss 0.5635 | acc 0.9149 | lr 9.54e-05 | 76s
2026-09-18 22:03:01 | INFO    | epoch 8 | batch 1120/4266 | loss 0.5636 | acc 0.9149 | lr 9.54e-05 | 78s
2026-09-18 22:03:03 | INFO    | epoch 8 | batch 1140/4266 | loss 0.5636 | acc 0.9148 | lr 9.54e-05 | 79s
2026-09-18 22:03:04 | INFO    | epoch 8 | batch 1160/4266 | loss 0.5632 | acc 0.9151 | lr 9.54e-05 | 81s
2026-09-18 22:03:05 | INFO    | epoch 8 | batch 1180/4266 | loss 0.5624 | acc 0.9156 | lr 9.54e-05 | 82s
2026-09-18 22:03:07 | INFO    | epoch 8 | batch 1200/4266 | loss 0.5620 | acc 0.9158 | lr 9.54e-05 | 83s
2026-09-18 22:03:08 | INFO    | epoch 8 | batch 1220/4266 | loss 0.5618 | acc 0.9160 | lr 9.53e-05 | 85s
2026-09-18 22:03:10 | INFO    | epoch 8 | batch 1240/4266 | loss 0.5619 | acc 0.9160 | lr 9.53e-05 | 86s
2026-09-18 22:03:11 | INFO    | epoch 8 | batch 1260/4266 | loss 0.5613 | acc 0.9163 | lr 9.53e-05 | 88s
2026-09-18 22:03:12 | INFO    | epoch 8 | batch 1280/4266 | loss 0.5615 | acc 0.9164 | lr 9.53e-05 | 89s
2026-09-18 22:03:14 | INFO    | epoch 8 | batch 1300/4266 | loss 0.5611 | acc 0.9165 | lr 9.53e-05 | 90s
2026-09-18 22:03:15 | INFO    | epoch 8 | batch 1320/4266 | loss 0.5611 | acc 0.9167 | lr 9.53e-05 | 92s
2026-09-18 22:03:17 | INFO    | epoch 8 | batch 1340/4266 | loss 0.5611 | acc 0.9167 | lr 9.53e-05 | 93s
2026-09-18 22:03:18 | INFO    | epoch 8 | batch 1360/4266 | loss 0.5616 | acc 0.9166 | lr 9.53e-05 | 95s
2026-09-18 22:03:19 | INFO    | epoch 8 | batch 1380/4266 | loss 0.5614 | acc 0.9167 | lr 9.53e-05 | 96s
2026-09-18 22:03:21 | INFO    | epoch 8 | batch 1400/4266 | loss 0.5613 | acc 0.9168 | lr 9.53e-05 | 97s
2026-09-18 22:03:22 | INFO    | epoch 8 | batch 1420/4266 | loss 0.5614 | acc 0.9167 | lr 9.53e-05 | 99s
2026-09-18 22:03:23 | INFO    | epoch 8 | batch 1440/4266 | loss 0.5611 | acc 0.9168 | lr 9.53e-05 | 100s
2026-09-18 22:03:25 | INFO    | epoch 8 | batch 1460/4266 | loss 0.5608 | acc 0.9169 | lr 9.53e-05 | 101s
2026-09-18 22:03:26 | INFO    | epoch 8 | batch 1480/4266 | loss 0.5606 | acc 0.9169 | lr 9.52e-05 | 103s
2026-09-18 22:03:27 | INFO    | epoch 8 | batch 1500/4266 | loss 0.5605 | acc 0.9170 | lr 9.52e-05 | 104s
2026-09-18 22:03:29 | INFO    | epoch 8 | batch 1520/4266 | loss 0.5605 | acc 0.9168 | lr 9.52e-05 | 105s
2026-09-18 22:03:30 | INFO    | epoch 8 | batch 1540/4266 | loss 0.5606 | acc 0.9168 | lr 9.52e-05 | 107s
2026-09-18 22:03:32 | INFO    | epoch 8 | batch 1560/4266 | loss 0.5607 | acc 0.9166 | lr 9.52e-05 | 108s
2026-09-18 22:03:33 | INFO    | epoch 8 | batch 1580/4266 | loss 0.5602 | acc 0.9169 | lr 9.52e-05 | 110s
2026-09-18 22:03:34 | INFO    | epoch 8 | batch 1600/4266 | loss 0.5600 | acc 0.9171 | lr 9.52e-05 | 111s
2026-09-18 22:03:36 | INFO    | epoch 8 | batch 1620/4266 | loss 0.5604 | acc 0.9169 | lr 9.52e-05 | 112s
2026-09-18 22:03:37 | INFO    | epoch 8 | batch 1640/4266 | loss 0.5604 | acc 0.9169 | lr 9.52e-05 | 114s
2026-09-18 22:03:39 | INFO    | epoch 8 | batch 1660/4266 | loss 0.5602 | acc 0.9169 | lr 9.52e-05 | 115s
2026-09-18 22:03:40 | INFO    | epoch 8 | batch 1680/4266 | loss 0.5602 | acc 0.9171 | lr 9.52e-05 | 117s
2026-09-18 22:03:41 | INFO    | epoch 8 | batch 1700/4266 | loss 0.5599 | acc 0.9171 | lr 9.52e-05 | 118s
2026-09-18 22:03:43 | INFO    | epoch 8 | batch 1720/4266 | loss 0.5600 | acc 0.9171 | lr 9.51e-05 | 119s
2026-09-18 22:03:44 | INFO    | epoch 8 | batch 1740/4266 | loss 0.5598 | acc 0.9172 | lr 9.51e-05 | 121s
2026-09-18 22:03:46 | INFO    | epoch 8 | batch 1760/4266 | loss 0.5595 | acc 0.9173 | lr 9.51e-05 | 122s
2026-09-18 22:03:47 | INFO    | epoch 8 | batch 1780/4266 | loss 0.5595 | acc 0.9173 | lr 9.51e-05 | 124s
2026-09-18 22:03:49 | INFO    | epoch 8 | batch 1800/4266 | loss 0.5593 | acc 0.9172 | lr 9.51e-05 | 125s
2026-09-18 22:03:50 | INFO    | epoch 8 | batch 1820/4266 | loss 0.5594 | acc 0.9172 | lr 9.51e-05 | 127s
2026-09-18 22:03:51 | INFO    | epoch 8 | batch 1840/4266 | loss 0.5593 | acc 0.9172 | lr 9.51e-05 | 128s
2026-09-18 22:03:53 | INFO    | epoch 8 | batch 1860/4266 | loss 0.5594 | acc 0.9172 | lr 9.51e-05 | 129s
2026-09-18 22:03:54 | INFO    | epoch 8 | batch 1880/4266 | loss 0.5595 | acc 0.9172 | lr 9.51e-05 | 131s
2026-09-18 22:03:56 | INFO    | epoch 8 | batch 1900/4266 | loss 0.5597 | acc 0.9172 | lr 9.51e-05 | 132s
2026-09-18 22:03:57 | INFO    | epoch 8 | batch 1920/4266 | loss 0.5595 | acc 0.9173 | lr 9.51e-05 | 134s
2026-09-18 22:03:58 | INFO    | epoch 8 | batch 1940/4266 | loss 0.5592 | acc 0.9175 | lr 9.51e-05 | 135s
2026-09-18 22:04:00 | INFO    | epoch 8 | batch 1960/4266 | loss 0.5594 | acc 0.9174 | lr 9.50e-05 | 136s
2026-09-18 22:04:01 | INFO    | epoch 8 | batch 1980/4266 | loss 0.5600 | acc 0.9171 | lr 9.50e-05 | 138s
2026-09-18 22:04:02 | INFO    | epoch 8 | batch 2000/4266 | loss 0.5597 | acc 0.9173 | lr 9.50e-05 | 139s
2026-09-18 22:04:04 | INFO    | epoch 8 | batch 2020/4266 | loss 0.5595 | acc 0.9174 | lr 9.50e-05 | 140s
2026-09-18 22:04:05 | INFO    | epoch 8 | batch 2040/4266 | loss 0.5593 | acc 0.9175 | lr 9.50e-05 | 142s
2026-09-18 22:04:07 | INFO    | epoch 8 | batch 2060/4266 | loss 0.5593 | acc 0.9175 | lr 9.50e-05 | 143s
2026-09-18 22:04:08 | INFO    | epoch 8 | batch 2080/4266 | loss 0.5596 | acc 0.9174 | lr 9.50e-05 | 145s
2026-09-18 22:04:09 | INFO    | epoch 8 | batch 2100/4266 | loss 0.5593 | acc 0.9176 | lr 9.50e-05 | 146s
2026-09-18 22:04:11 | INFO    | epoch 8 | batch 2120/4266 | loss 0.5594 | acc 0.9177 | lr 9.50e-05 | 147s
2026-09-18 22:04:12 | INFO    | epoch 8 | batch 2140/4266 | loss 0.5596 | acc 0.9175 | lr 9.50e-05 | 149s
2026-09-18 22:04:13 | INFO    | epoch 8 | batch 2160/4266 | loss 0.5594 | acc 0.9176 | lr 9.50e-05 | 150s
2026-09-18 22:04:15 | INFO    | epoch 8 | batch 2180/4266 | loss 0.5593 | acc 0.9175 | lr 9.50e-05 | 151s
2026-09-18 22:04:16 | INFO    | epoch 8 | batch 2200/4266 | loss 0.5593 | acc 0.9175 | lr 9.49e-05 | 153s
2026-09-18 22:04:17 | INFO    | epoch 8 | batch 2220/4266 | loss 0.5592 | acc 0.9175 | lr 9.49e-05 | 154s
2026-09-18 22:04:19 | INFO    | epoch 8 | batch 2240/4266 | loss 0.5594 | acc 0.9174 | lr 9.49e-05 | 155s
2026-09-18 22:04:20 | INFO    | epoch 8 | batch 2260/4266 | loss 0.5593 | acc 0.9174 | lr 9.49e-05 | 157s
2026-09-18 22:04:21 | INFO    | epoch 8 | batch 2280/4266 | loss 0.5595 | acc 0.9173 | lr 9.49e-05 | 158s
2026-09-18 22:04:23 | INFO    | epoch 8 | batch 2300/4266 | loss 0.5592 | acc 0.9174 | lr 9.49e-05 | 159s
2026-09-18 22:04:24 | INFO    | epoch 8 | batch 2320/4266 | loss 0.5592 | acc 0.9174 | lr 9.49e-05 | 161s
2026-09-18 22:04:25 | INFO    | epoch 8 | batch 2340/4266 | loss 0.5592 | acc 0.9174 | lr 9.49e-05 | 162s
2026-09-18 22:04:27 | INFO    | epoch 8 | batch 2360/4266 | loss 0.5591 | acc 0.9174 | lr 9.49e-05 | 163s
2026-09-18 22:04:28 | INFO    | epoch 8 | batch 2380/4266 | loss 0.5592 | acc 0.9175 | lr 9.49e-05 | 165s
2026-09-18 22:04:29 | INFO    | epoch 8 | batch 2400/4266 | loss 0.5592 | acc 0.9174 | lr 9.49e-05 | 166s
2026-09-18 22:04:31 | INFO    | epoch 8 | batch 2420/4266 | loss 0.5590 | acc 0.9174 | lr 9.48e-05 | 167s
2026-09-18 22:04:32 | INFO    | epoch 8 | batch 2440/4266 | loss 0.5590 | acc 0.9173 | lr 9.48e-05 | 169s
2026-09-18 22:04:33 | INFO    | epoch 8 | batch 2460/4266 | loss 0.5590 | acc 0.9172 | lr 9.48e-05 | 170s
2026-09-18 22:04:35 | INFO    | epoch 8 | batch 2480/4266 | loss 0.5590 | acc 0.9173 | lr 9.48e-05 | 171s
2026-09-18 22:04:36 | INFO    | epoch 8 | batch 2500/4266 | loss 0.5588 | acc 0.9173 | lr 9.48e-05 | 173s
2026-09-18 22:04:37 | INFO    | epoch 8 | batch 2520/4266 | loss 0.5588 | acc 0.9174 | lr 9.48e-05 | 174s
2026-09-18 22:04:39 | INFO    | epoch 8 | batch 2540/4266 | loss 0.5587 | acc 0.9174 | lr 9.48e-05 | 175s
2026-09-18 22:04:40 | INFO    | epoch 8 | batch 2560/4266 | loss 0.5586 | acc 0.9175 | lr 9.48e-05 | 177s
2026-09-18 22:04:41 | INFO    | epoch 8 | batch 2580/4266 | loss 0.5586 | acc 0.9174 | lr 9.48e-05 | 178s
2026-09-18 22:04:43 | INFO    | epoch 8 | batch 2600/4266 | loss 0.5585 | acc 0.9176 | lr 9.48e-05 | 180s
2026-09-18 22:04:44 | INFO    | epoch 8 | batch 2620/4266 | loss 0.5583 | acc 0.9177 | lr 9.48e-05 | 181s
2026-09-18 22:04:46 | INFO    | epoch 8 | batch 2640/4266 | loss 0.5583 | acc 0.9176 | lr 9.48e-05 | 182s
2026-09-18 22:04:47 | INFO    | epoch 8 | batch 2660/4266 | loss 0.5582 | acc 0.9177 | lr 9.47e-05 | 184s
2026-09-18 22:04:48 | INFO    | epoch 8 | batch 2680/4266 | loss 0.5583 | acc 0.9176 | lr 9.47e-05 | 185s
2026-09-18 22:04:50 | INFO    | epoch 8 | batch 2700/4266 | loss 0.5583 | acc 0.9176 | lr 9.47e-05 | 186s
2026-09-18 22:04:51 | INFO    | epoch 8 | batch 2720/4266 | loss 0.5582 | acc 0.9177 | lr 9.47e-05 | 188s
2026-09-18 22:04:52 | INFO    | epoch 8 | batch 2740/4266 | loss 0.5581 | acc 0.9178 | lr 9.47e-05 | 189s
2026-09-18 22:04:54 | INFO    | epoch 8 | batch 2760/4266 | loss 0.5582 | acc 0.9177 | lr 9.47e-05 | 190s
2026-09-18 22:04:55 | INFO    | epoch 8 | batch 2780/4266 | loss 0.5582 | acc 0.9176 | lr 9.47e-05 | 192s
2026-09-18 22:04:57 | INFO    | epoch 8 | batch 2800/4266 | loss 0.5583 | acc 0.9176 | lr 9.47e-05 | 193s
2026-09-18 22:04:58 | INFO    | epoch 8 | batch 2820/4266 | loss 0.5581 | acc 0.9177 | lr 9.47e-05 | 195s
2026-09-18 22:05:00 | INFO    | epoch 8 | batch 2840/4266 | loss 0.5582 | acc 0.9176 | lr 9.47e-05 | 196s
2026-09-18 22:05:01 | INFO    | epoch 8 | batch 2860/4266 | loss 0.5581 | acc 0.9176 | lr 9.47e-05 | 198s
2026-09-18 22:05:02 | INFO    | epoch 8 | batch 2880/4266 | loss 0.5580 | acc 0.9177 | lr 9.47e-05 | 199s
2026-09-18 22:05:04 | INFO    | epoch 8 | batch 2900/4266 | loss 0.5580 | acc 0.9177 | lr 9.46e-05 | 201s
2026-09-18 22:05:05 | INFO    | epoch 8 | batch 2920/4266 | loss 0.5580 | acc 0.9178 | lr 9.46e-05 | 202s
2026-09-18 22:05:07 | INFO    | epoch 8 | batch 2940/4266 | loss 0.5579 | acc 0.9179 | lr 9.46e-05 | 203s
2026-09-18 22:05:08 | INFO    | epoch 8 | batch 2960/4266 | loss 0.5578 | acc 0.9179 | lr 9.46e-05 | 205s
2026-09-18 22:05:10 | INFO    | epoch 8 | batch 2980/4266 | loss 0.5576 | acc 0.9180 | lr 9.46e-05 | 206s
2026-09-18 22:05:11 | INFO    | epoch 8 | batch 3000/4266 | loss 0.5577 | acc 0.9179 | lr 9.46e-05 | 208s
2026-09-18 22:05:12 | INFO    | epoch 8 | batch 3020/4266 | loss 0.5576 | acc 0.9180 | lr 9.46e-05 | 209s
2026-09-18 22:05:14 | INFO    | epoch 8 | batch 3040/4266 | loss 0.5577 | acc 0.9179 | lr 9.46e-05 | 210s
2026-09-18 22:05:15 | INFO    | epoch 8 | batch 3060/4266 | loss 0.5578 | acc 0.9178 | lr 9.46e-05 | 212s
2026-09-18 22:05:17 | INFO    | epoch 8 | batch 3080/4266 | loss 0.5578 | acc 0.9178 | lr 9.46e-05 | 213s
2026-09-18 22:05:18 | INFO    | epoch 8 | batch 3100/4266 | loss 0.5577 | acc 0.9179 | lr 9.46e-05 | 215s
2026-09-18 22:05:19 | INFO    | epoch 8 | batch 3120/4266 | loss 0.5576 | acc 0.9179 | lr 9.45e-05 | 216s
2026-09-18 22:05:21 | INFO    | epoch 8 | batch 3140/4266 | loss 0.5576 | acc 0.9179 | lr 9.45e-05 | 217s
2026-09-18 22:05:22 | INFO    | epoch 8 | batch 3160/4266 | loss 0.5578 | acc 0.9178 | lr 9.45e-05 | 219s
2026-09-18 22:05:24 | INFO    | epoch 8 | batch 3180/4266 | loss 0.5577 | acc 0.9178 | lr 9.45e-05 | 220s
2026-09-18 22:05:25 | INFO    | epoch 8 | batch 3200/4266 | loss 0.5578 | acc 0.9178 | lr 9.45e-05 | 222s
2026-09-18 22:05:26 | INFO    | epoch 8 | batch 3220/4266 | loss 0.5578 | acc 0.9178 | lr 9.45e-05 | 223s
2026-09-18 22:05:28 | INFO    | epoch 8 | batch 3240/4266 | loss 0.5578 | acc 0.9177 | lr 9.45e-05 | 224s
2026-09-18 22:05:29 | INFO    | epoch 8 | batch 3260/4266 | loss 0.5577 | acc 0.9178 | lr 9.45e-05 | 226s
2026-09-18 22:05:31 | INFO    | epoch 8 | batch 3280/4266 | loss 0.5577 | acc 0.9178 | lr 9.45e-05 | 227s
2026-09-18 22:05:32 | INFO    | epoch 8 | batch 3300/4266 | loss 0.5577 | acc 0.9178 | lr 9.45e-05 | 229s
2026-09-18 22:05:34 | INFO    | epoch 8 | batch 3320/4266 | loss 0.5578 | acc 0.9178 | lr 9.45e-05 | 230s
2026-09-18 22:05:35 | INFO    | epoch 8 | batch 3340/4266 | loss 0.5576 | acc 0.9178 | lr 9.44e-05 | 232s
2026-09-18 22:05:36 | INFO    | epoch 8 | batch 3360/4266 | loss 0.5575 | acc 0.9178 | lr 9.44e-05 | 233s
2026-09-18 22:05:38 | INFO    | epoch 8 | batch 3380/4266 | loss 0.5574 | acc 0.9178 | lr 9.44e-05 | 234s
2026-09-18 22:05:39 | INFO    | epoch 8 | batch 3400/4266 | loss 0.5574 | acc 0.9178 | lr 9.44e-05 | 236s
2026-09-18 22:05:41 | INFO    | epoch 8 | batch 3420/4266 | loss 0.5574 | acc 0.9178 | lr 9.44e-05 | 237s
2026-09-18 22:05:42 | INFO    | epoch 8 | batch 3440/4266 | loss 0.5574 | acc 0.9178 | lr 9.44e-05 | 239s
2026-09-18 22:05:43 | INFO    | epoch 8 | batch 3460/4266 | loss 0.5573 | acc 0.9180 | lr 9.44e-05 | 240s
2026-09-18 22:05:45 | INFO    | epoch 8 | batch 3480/4266 | loss 0.5573 | acc 0.9180 | lr 9.44e-05 | 242s
2026-09-18 22:05:46 | INFO    | epoch 8 | batch 3500/4266 | loss 0.5574 | acc 0.9179 | lr 9.44e-05 | 243s
2026-09-18 22:05:48 | INFO    | epoch 8 | batch 3520/4266 | loss 0.5573 | acc 0.9180 | lr 9.44e-05 | 244s
2026-09-18 22:05:49 | INFO    | epoch 8 | batch 3540/4266 | loss 0.5573 | acc 0.9180 | lr 9.44e-05 | 246s
2026-09-18 22:05:51 | INFO    | epoch 8 | batch 3560/4266 | loss 0.5573 | acc 0.9180 | lr 9.44e-05 | 247s
2026-09-18 22:05:52 | INFO    | epoch 8 | batch 3580/4266 | loss 0.5574 | acc 0.9180 | lr 9.43e-05 | 249s
2026-09-18 22:05:53 | INFO    | epoch 8 | batch 3600/4266 | loss 0.5573 | acc 0.9180 | lr 9.43e-05 | 250s
2026-09-18 22:05:55 | INFO    | epoch 8 | batch 3620/4266 | loss 0.5573 | acc 0.9180 | lr 9.43e-05 | 252s
2026-09-18 22:05:56 | INFO    | epoch 8 | batch 3640/4266 | loss 0.5572 | acc 0.9180 | lr 9.43e-05 | 253s
2026-09-18 22:05:58 | INFO    | epoch 8 | batch 3660/4266 | loss 0.5570 | acc 0.9181 | lr 9.43e-05 | 254s
2026-09-18 22:05:59 | INFO    | epoch 8 | batch 3680/4266 | loss 0.5571 | acc 0.9181 | lr 9.43e-05 | 256s
2026-09-18 22:06:01 | INFO    | epoch 8 | batch 3700/4266 | loss 0.5571 | acc 0.9181 | lr 9.43e-05 | 257s
2026-09-18 22:06:02 | INFO    | epoch 8 | batch 3720/4266 | loss 0.5572 | acc 0.9180 | lr 9.43e-05 | 259s
2026-09-18 22:06:03 | INFO    | epoch 8 | batch 3740/4266 | loss 0.5572 | acc 0.9180 | lr 9.43e-05 | 260s
2026-09-18 22:06:05 | INFO    | epoch 8 | batch 3760/4266 | loss 0.5571 | acc 0.9181 | lr 9.43e-05 | 261s
2026-09-18 22:06:06 | INFO    | epoch 8 | batch 3780/4266 | loss 0.5568 | acc 0.9183 | lr 9.43e-05 | 263s
2026-09-18 22:06:08 | INFO    | epoch 8 | batch 3800/4266 | loss 0.5569 | acc 0.9182 | lr 9.42e-05 | 264s
2026-09-18 22:06:09 | INFO    | epoch 8 | batch 3820/4266 | loss 0.5568 | acc 0.9183 | lr 9.42e-05 | 266s
2026-09-18 22:06:10 | INFO    | epoch 8 | batch 3840/4266 | loss 0.5569 | acc 0.9182 | lr 9.42e-05 | 267s
2026-09-18 22:06:12 | INFO    | epoch 8 | batch 3860/4266 | loss 0.5568 | acc 0.9183 | lr 9.42e-05 | 268s
2026-09-18 22:06:13 | INFO    | epoch 8 | batch 3880/4266 | loss 0.5570 | acc 0.9182 | lr 9.42e-05 | 270s
2026-09-18 22:06:15 | INFO    | epoch 8 | batch 3900/4266 | loss 0.5571 | acc 0.9182 | lr 9.42e-05 | 271s
2026-09-18 22:06:16 | INFO    | epoch 8 | batch 3920/4266 | loss 0.5570 | acc 0.9183 | lr 9.42e-05 | 273s
2026-09-18 22:06:18 | INFO    | epoch 8 | batch 3940/4266 | loss 0.5570 | acc 0.9183 | lr 9.42e-05 | 274s
2026-09-18 22:06:19 | INFO    | epoch 8 | batch 3960/4266 | loss 0.5568 | acc 0.9183 | lr 9.42e-05 | 276s
2026-09-18 22:06:20 | INFO    | epoch 8 | batch 3980/4266 | loss 0.5567 | acc 0.9184 | lr 9.42e-05 | 277s
2026-09-18 22:06:22 | INFO    | epoch 8 | batch 4000/4266 | loss 0.5566 | acc 0.9185 | lr 9.42e-05 | 278s
2026-09-18 22:06:23 | INFO    | epoch 8 | batch 4020/4266 | loss 0.5566 | acc 0.9185 | lr 9.41e-05 | 280s
2026-09-18 22:06:24 | INFO    | epoch 8 | batch 4040/4266 | loss 0.5566 | acc 0.9184 | lr 9.41e-05 | 281s
2026-09-18 22:06:26 | INFO    | epoch 8 | batch 4060/4266 | loss 0.5564 | acc 0.9185 | lr 9.41e-05 | 282s
2026-09-18 22:06:27 | INFO    | epoch 8 | batch 4080/4266 | loss 0.5564 | acc 0.9186 | lr 9.41e-05 | 284s
2026-09-18 22:06:28 | INFO    | epoch 8 | batch 4100/4266 | loss 0.5562 | acc 0.9187 | lr 9.41e-05 | 285s
2026-09-18 22:06:30 | INFO    | epoch 8 | batch 4120/4266 | loss 0.5561 | acc 0.9187 | lr 9.41e-05 | 286s
2026-09-18 22:06:31 | INFO    | epoch 8 | batch 4140/4266 | loss 0.5560 | acc 0.9187 | lr 9.41e-05 | 288s
2026-09-18 22:06:33 | INFO    | epoch 8 | batch 4160/4266 | loss 0.5560 | acc 0.9188 | lr 9.41e-05 | 289s
2026-09-18 22:06:34 | INFO    | epoch 8 | batch 4180/4266 | loss 0.5559 | acc 0.9188 | lr 9.41e-05 | 291s
2026-09-18 22:06:36 | INFO    | epoch 8 | batch 4200/4266 | loss 0.5557 | acc 0.9189 | lr 9.41e-05 | 292s
2026-09-18 22:06:37 | INFO    | epoch 8 | batch 4220/4266 | loss 0.5557 | acc 0.9189 | lr 9.41e-05 | 294s
2026-09-18 22:06:38 | INFO    | epoch 8 | batch 4240/4266 | loss 0.5556 | acc 0.9189 | lr 9.40e-05 | 295s
2026-09-18 22:06:40 | INFO    | epoch 8 | batch 4260/4266 | loss 0.5556 | acc 0.9190 | lr 9.40e-05 | 296s
2026-09-18 22:06:40 | INFO    | epoch 8 | batch 4266/4266 | loss 0.5556 | acc 0.9190 | lr 9.40e-05 | 297s
2026-09-18 22:06:50 | INFO    | epoch 8/40 done in 307s | train loss 0.5556 | train running patch (aug): accuracy=0.9190 precision=0.9179 recall=0.9158 f1=0.9168
2026-09-18 22:06:50 | INFO    | epoch 8 train (eval, no aug) | loss 0.4791 | patch[7280]: accuracy=0.9574 precision=0.9584 recall=0.9557 f1=0.9568 | image[455]: accuracy=0.9956 precision=0.9962 recall=0.9946 f1=0.9954
2026-09-18 22:06:50 | INFO    | epoch 8 val | loss 1.1486 | patch[8448]: accuracy=0.6760 precision=0.6517 recall=0.6476 f1=0.6477 | image[96]: accuracy=0.7292 precision=0.7000 recall=0.6966 f1=0.6964
2026-09-18 22:06:50 | INFO    | val_patch_f1 = 0.6477 (best 0.6477 @ epoch 8) *
2026-09-18 22:06:52 | INFO    | epoch 9 | batch 20/4266 | loss 0.5158 | acc 0.9531 | lr 9.40e-05 | 1s
2026-09-18 22:06:53 | INFO    | epoch 9 | batch 40/4266 | loss 0.5428 | acc 0.9297 | lr 9.40e-05 | 3s
2026-09-18 22:06:54 | INFO    | epoch 9 | batch 60/4266 | loss 0.5355 | acc 0.9302 | lr 9.40e-05 | 4s
2026-09-18 22:06:56 | INFO    | epoch 9 | batch 80/4266 | loss 0.5384 | acc 0.9297 | lr 9.40e-05 | 6s
2026-09-18 22:06:57 | INFO    | epoch 9 | batch 100/4266 | loss 0.5339 | acc 0.9325 | lr 9.40e-05 | 7s
2026-09-18 22:06:58 | INFO    | epoch 9 | batch 120/4266 | loss 0.5307 | acc 0.9339 | lr 9.40e-05 | 8s
2026-09-18 22:07:00 | INFO    | epoch 9 | batch 140/4266 | loss 0.5297 | acc 0.9335 | lr 9.40e-05 | 10s
2026-09-18 22:07:01 | INFO    | epoch 9 | batch 160/4266 | loss 0.5341 | acc 0.9313 | lr 9.40e-05 | 11s
2026-09-18 22:07:03 | INFO    | epoch 9 | batch 180/4266 | loss 0.5367 | acc 0.9302 | lr 9.40e-05 | 12s
2026-09-18 22:07:04 | INFO    | epoch 9 | batch 200/4266 | loss 0.5360 | acc 0.9303 | lr 9.39e-05 | 14s
2026-09-18 22:07:05 | INFO    | epoch 9 | batch 220/4266 | loss 0.5355 | acc 0.9305 | lr 9.39e-05 | 15s
2026-09-18 22:07:07 | INFO    | epoch 9 | batch 240/4266 | loss 0.5355 | acc 0.9302 | lr 9.39e-05 | 17s
2026-09-18 22:07:08 | INFO    | epoch 9 | batch 260/4266 | loss 0.5368 | acc 0.9288 | lr 9.39e-05 | 18s
2026-09-18 22:07:10 | INFO    | epoch 9 | batch 280/4266 | loss 0.5381 | acc 0.9283 | lr 9.39e-05 | 19s
2026-09-18 22:07:11 | INFO    | epoch 9 | batch 300/4266 | loss 0.5404 | acc 0.9270 | lr 9.39e-05 | 21s
2026-09-18 22:07:12 | INFO    | epoch 9 | batch 320/4266 | loss 0.5400 | acc 0.9271 | lr 9.39e-05 | 22s
2026-09-18 22:07:14 | INFO    | epoch 9 | batch 340/4266 | loss 0.5392 | acc 0.9275 | lr 9.39e-05 | 24s
2026-09-18 22:07:15 | INFO    | epoch 9 | batch 360/4266 | loss 0.5396 | acc 0.9280 | lr 9.39e-05 | 25s
2026-09-18 22:07:17 | INFO    | epoch 9 | batch 380/4266 | loss 0.5400 | acc 0.9276 | lr 9.39e-05 | 26s
2026-09-18 22:07:18 | INFO    | epoch 9 | batch 400/4266 | loss 0.5414 | acc 0.9263 | lr 9.39e-05 | 28s
2026-09-18 22:07:19 | INFO    | epoch 9 | batch 420/4266 | loss 0.5414 | acc 0.9260 | lr 9.38e-05 | 29s
2026-09-18 22:07:21 | INFO    | epoch 9 | batch 440/4266 | loss 0.5417 | acc 0.9255 | lr 9.38e-05 | 31s
2026-09-18 22:07:22 | INFO    | epoch 9 | batch 460/4266 | loss 0.5418 | acc 0.9255 | lr 9.38e-05 | 32s
2026-09-18 22:07:24 | INFO    | epoch 9 | batch 480/4266 | loss 0.5421 | acc 0.9255 | lr 9.38e-05 | 33s
2026-09-18 22:07:25 | INFO    | epoch 9 | batch 500/4266 | loss 0.5422 | acc 0.9258 | lr 9.38e-05 | 35s
2026-09-18 22:07:26 | INFO    | epoch 9 | batch 520/4266 | loss 0.5430 | acc 0.9258 | lr 9.38e-05 | 36s
2026-09-18 22:07:28 | INFO    | epoch 9 | batch 540/4266 | loss 0.5438 | acc 0.9251 | lr 9.38e-05 | 38s
2026-09-18 22:07:29 | INFO    | epoch 9 | batch 560/4266 | loss 0.5432 | acc 0.9253 | lr 9.38e-05 | 39s
2026-09-18 22:07:31 | INFO    | epoch 9 | batch 580/4266 | loss 0.5429 | acc 0.9254 | lr 9.38e-05 | 41s
2026-09-18 22:07:32 | INFO    | epoch 9 | batch 600/4266 | loss 0.5424 | acc 0.9257 | lr 9.38e-05 | 42s
2026-09-18 22:07:33 | INFO    | epoch 9 | batch 620/4266 | loss 0.5427 | acc 0.9255 | lr 9.37e-05 | 43s
2026-09-18 22:07:35 | INFO    | epoch 9 | batch 640/4266 | loss 0.5427 | acc 0.9255 | lr 9.37e-05 | 45s
2026-09-18 22:07:36 | INFO    | epoch 9 | batch 660/4266 | loss 0.5430 | acc 0.9253 | lr 9.37e-05 | 46s
2026-09-18 22:07:38 | INFO    | epoch 9 | batch 680/4266 | loss 0.5428 | acc 0.9253 | lr 9.37e-05 | 48s
2026-09-18 22:07:39 | INFO    | epoch 9 | batch 700/4266 | loss 0.5424 | acc 0.9254 | lr 9.37e-05 | 49s
2026-09-18 22:07:40 | INFO    | epoch 9 | batch 720/4266 | loss 0.5417 | acc 0.9257 | lr 9.37e-05 | 50s
2026-09-18 22:07:42 | INFO    | epoch 9 | batch 740/4266 | loss 0.5424 | acc 0.9253 | lr 9.37e-05 | 52s
2026-09-18 22:07:43 | INFO    | epoch 9 | batch 760/4266 | loss 0.5418 | acc 0.9257 | lr 9.37e-05 | 53s
2026-09-18 22:07:45 | INFO    | epoch 9 | batch 780/4266 | loss 0.5414 | acc 0.9257 | lr 9.37e-05 | 55s
2026-09-18 22:07:46 | INFO    | epoch 9 | batch 800/4266 | loss 0.5408 | acc 0.9258 | lr 9.37e-05 | 56s
2026-09-18 22:07:48 | INFO    | epoch 9 | batch 820/4266 | loss 0.5411 | acc 0.9257 | lr 9.37e-05 | 58s
2026-09-18 22:07:49 | INFO    | epoch 9 | batch 840/4266 | loss 0.5411 | acc 0.9258 | lr 9.36e-05 | 59s
2026-09-18 22:07:50 | INFO    | epoch 9 | batch 860/4266 | loss 0.5408 | acc 0.9259 | lr 9.36e-05 | 60s
2026-09-18 22:07:52 | INFO    | epoch 9 | batch 880/4266 | loss 0.5405 | acc 0.9262 | lr 9.36e-05 | 62s
2026-09-18 22:07:53 | INFO    | epoch 9 | batch 900/4266 | loss 0.5402 | acc 0.9264 | lr 9.36e-05 | 63s
2026-09-18 22:07:55 | INFO    | epoch 9 | batch 920/4266 | loss 0.5404 | acc 0.9264 | lr 9.36e-05 | 65s
2026-09-18 22:07:56 | INFO    | epoch 9 | batch 940/4266 | loss 0.5406 | acc 0.9263 | lr 9.36e-05 | 66s
2026-09-18 22:07:57 | INFO    | epoch 9 | batch 960/4266 | loss 0.5400 | acc 0.9266 | lr 9.36e-05 | 67s
2026-09-18 22:07:59 | INFO    | epoch 9 | batch 980/4266 | loss 0.5403 | acc 0.9266 | lr 9.36e-05 | 69s
2026-09-18 22:08:00 | INFO    | epoch 9 | batch 1000/4266 | loss 0.5406 | acc 0.9264 | lr 9.36e-05 | 70s
2026-09-18 22:08:02 | INFO    | epoch 9 | batch 1020/4266 | loss 0.5412 | acc 0.9259 | lr 9.36e-05 | 72s
2026-09-18 22:08:03 | INFO    | epoch 9 | batch 1040/4266 | loss 0.5415 | acc 0.9257 | lr 9.36e-05 | 73s
2026-09-18 22:08:04 | INFO    | epoch 9 | batch 1060/4266 | loss 0.5417 | acc 0.9256 | lr 9.35e-05 | 74s
2026-09-18 22:08:06 | INFO    | epoch 9 | batch 1080/4266 | loss 0.5413 | acc 0.9257 | lr 9.35e-05 | 76s
2026-09-18 22:08:07 | INFO    | epoch 9 | batch 1100/4266 | loss 0.5412 | acc 0.9257 | lr 9.35e-05 | 77s
2026-09-18 22:08:09 | INFO    | epoch 9 | batch 1120/4266 | loss 0.5410 | acc 0.9258 | lr 9.35e-05 | 79s
2026-09-18 22:08:10 | INFO    | epoch 9 | batch 1140/4266 | loss 0.5410 | acc 0.9259 | lr 9.35e-05 | 80s
2026-09-18 22:08:11 | INFO    | epoch 9 | batch 1160/4266 | loss 0.5411 | acc 0.9258 | lr 9.35e-05 | 81s
2026-09-18 22:08:13 | INFO    | epoch 9 | batch 1180/4266 | loss 0.5412 | acc 0.9257 | lr 9.35e-05 | 83s
2026-09-18 22:08:14 | INFO    | epoch 9 | batch 1200/4266 | loss 0.5411 | acc 0.9257 | lr 9.35e-05 | 84s
2026-09-18 22:08:16 | INFO    | epoch 9 | batch 1220/4266 | loss 0.5408 | acc 0.9259 | lr 9.35e-05 | 86s
2026-09-18 22:08:17 | INFO    | epoch 9 | batch 1240/4266 | loss 0.5404 | acc 0.9262 | lr 9.35e-05 | 87s
2026-09-18 22:08:18 | INFO    | epoch 9 | batch 1260/4266 | loss 0.5404 | acc 0.9263 | lr 9.34e-05 | 88s
2026-09-18 22:08:20 | INFO    | epoch 9 | batch 1280/4266 | loss 0.5403 | acc 0.9263 | lr 9.34e-05 | 90s
2026-09-18 22:08:21 | INFO    | epoch 9 | batch 1300/4266 | loss 0.5403 | acc 0.9262 | lr 9.34e-05 | 91s
2026-09-18 22:08:23 | INFO    | epoch 9 | batch 1320/4266 | loss 0.5403 | acc 0.9263 | lr 9.34e-05 | 93s
2026-09-18 22:08:24 | INFO    | epoch 9 | batch 1340/4266 | loss 0.5400 | acc 0.9265 | lr 9.34e-05 | 94s
2026-09-18 22:08:26 | INFO    | epoch 9 | batch 1360/4266 | loss 0.5397 | acc 0.9268 | lr 9.34e-05 | 95s
2026-09-18 22:08:27 | INFO    | epoch 9 | batch 1380/4266 | loss 0.5396 | acc 0.9269 | lr 9.34e-05 | 97s
2026-09-18 22:08:28 | INFO    | epoch 9 | batch 1400/4266 | loss 0.5397 | acc 0.9269 | lr 9.34e-05 | 98s
2026-09-18 22:08:30 | INFO    | epoch 9 | batch 1420/4266 | loss 0.5394 | acc 0.9271 | lr 9.34e-05 | 100s
2026-09-18 22:08:31 | INFO    | epoch 9 | batch 1440/4266 | loss 0.5396 | acc 0.9268 | lr 9.34e-05 | 101s
2026-09-18 22:08:33 | INFO    | epoch 9 | batch 1460/4266 | loss 0.5391 | acc 0.9272 | lr 9.34e-05 | 102s
2026-09-18 22:08:34 | INFO    | epoch 9 | batch 1480/4266 | loss 0.5394 | acc 0.9271 | lr 9.33e-05 | 104s
2026-09-18 22:08:35 | INFO    | epoch 9 | batch 1500/4266 | loss 0.5390 | acc 0.9272 | lr 9.33e-05 | 105s
2026-09-18 22:08:37 | INFO    | epoch 9 | batch 1520/4266 | loss 0.5389 | acc 0.9273 | lr 9.33e-05 | 107s
2026-09-18 22:08:38 | INFO    | epoch 9 | batch 1540/4266 | loss 0.5390 | acc 0.9273 | lr 9.33e-05 | 108s
2026-09-18 22:08:39 | INFO    | epoch 9 | batch 1560/4266 | loss 0.5385 | acc 0.9275 | lr 9.33e-05 | 109s
2026-09-18 22:08:41 | INFO    | epoch 9 | batch 1580/4266 | loss 0.5386 | acc 0.9275 | lr 9.33e-05 | 111s
2026-09-18 22:08:42 | INFO    | epoch 9 | batch 1600/4266 | loss 0.5383 | acc 0.9276 | lr 9.33e-05 | 112s
2026-09-18 22:08:44 | INFO    | epoch 9 | batch 1620/4266 | loss 0.5388 | acc 0.9273 | lr 9.33e-05 | 113s
2026-09-18 22:08:45 | INFO    | epoch 9 | batch 1640/4266 | loss 0.5387 | acc 0.9274 | lr 9.33e-05 | 115s
2026-09-18 22:08:46 | INFO    | epoch 9 | batch 1660/4266 | loss 0.5390 | acc 0.9272 | lr 9.33e-05 | 116s
2026-09-18 22:08:48 | INFO    | epoch 9 | batch 1680/4266 | loss 0.5388 | acc 0.9274 | lr 9.32e-05 | 118s
2026-09-18 22:08:49 | INFO    | epoch 9 | batch 1700/4266 | loss 0.5389 | acc 0.9274 | lr 9.32e-05 | 119s
2026-09-18 22:08:50 | INFO    | epoch 9 | batch 1720/4266 | loss 0.5391 | acc 0.9274 | lr 9.32e-05 | 120s
2026-09-18 22:08:52 | INFO    | epoch 9 | batch 1740/4266 | loss 0.5388 | acc 0.9275 | lr 9.32e-05 | 122s
2026-09-18 22:08:53 | INFO    | epoch 9 | batch 1760/4266 | loss 0.5389 | acc 0.9273 | lr 9.32e-05 | 123s
2026-09-18 22:08:54 | INFO    | epoch 9 | batch 1780/4266 | loss 0.5389 | acc 0.9274 | lr 9.32e-05 | 124s
2026-09-18 22:08:56 | INFO    | epoch 9 | batch 1800/4266 | loss 0.5390 | acc 0.9273 | lr 9.32e-05 | 126s
2026-09-18 22:08:57 | INFO    | epoch 9 | batch 1820/4266 | loss 0.5389 | acc 0.9274 | lr 9.32e-05 | 127s
2026-09-18 22:08:59 | INFO    | epoch 9 | batch 1840/4266 | loss 0.5389 | acc 0.9274 | lr 9.32e-05 | 128s
2026-09-18 22:09:00 | INFO    | epoch 9 | batch 1860/4266 | loss 0.5391 | acc 0.9273 | lr 9.32e-05 | 130s
2026-09-18 22:09:01 | INFO    | epoch 9 | batch 1880/4266 | loss 0.5392 | acc 0.9274 | lr 9.31e-05 | 131s
2026-09-18 22:09:03 | INFO    | epoch 9 | batch 1900/4266 | loss 0.5392 | acc 0.9273 | lr 9.31e-05 | 132s
2026-09-18 22:09:04 | INFO    | epoch 9 | batch 1920/4266 | loss 0.5389 | acc 0.9274 | lr 9.31e-05 | 134s
2026-09-18 22:09:05 | INFO    | epoch 9 | batch 1940/4266 | loss 0.5389 | acc 0.9274 | lr 9.31e-05 | 135s
2026-09-18 22:09:07 | INFO    | epoch 9 | batch 1960/4266 | loss 0.5391 | acc 0.9273 | lr 9.31e-05 | 137s
2026-09-18 22:09:08 | INFO    | epoch 9 | batch 1980/4266 | loss 0.5389 | acc 0.9275 | lr 9.31e-05 | 138s
2026-09-18 22:09:09 | INFO    | epoch 9 | batch 2000/4266 | loss 0.5392 | acc 0.9272 | lr 9.31e-05 | 139s
2026-09-18 22:09:11 | INFO    | epoch 9 | batch 2020/4266 | loss 0.5390 | acc 0.9274 | lr 9.31e-05 | 141s
2026-09-18 22:09:12 | INFO    | epoch 9 | batch 2040/4266 | loss 0.5391 | acc 0.9275 | lr 9.31e-05 | 142s
2026-09-18 22:09:13 | INFO    | epoch 9 | batch 2060/4266 | loss 0.5390 | acc 0.9276 | lr 9.31e-05 | 143s
2026-09-18 22:09:15 | INFO    | epoch 9 | batch 2080/4266 | loss 0.5389 | acc 0.9276 | lr 9.30e-05 | 145s
2026-09-18 22:09:16 | INFO    | epoch 9 | batch 2100/4266 | loss 0.5389 | acc 0.9276 | lr 9.30e-05 | 146s
2026-09-18 22:09:18 | INFO    | epoch 9 | batch 2120/4266 | loss 0.5386 | acc 0.9278 | lr 9.30e-05 | 148s
2026-09-18 22:09:19 | INFO    | epoch 9 | batch 2140/4266 | loss 0.5385 | acc 0.9278 | lr 9.30e-05 | 149s
2026-09-18 22:09:20 | INFO    | epoch 9 | batch 2160/4266 | loss 0.5385 | acc 0.9279 | lr 9.30e-05 | 150s
2026-09-18 22:09:22 | INFO    | epoch 9 | batch 2180/4266 | loss 0.5384 | acc 0.9279 | lr 9.30e-05 | 152s
2026-09-18 22:09:23 | INFO    | epoch 9 | batch 2200/4266 | loss 0.5385 | acc 0.9279 | lr 9.30e-05 | 153s
2026-09-18 22:09:24 | INFO    | epoch 9 | batch 2220/4266 | loss 0.5382 | acc 0.9281 | lr 9.30e-05 | 154s
2026-09-18 22:09:26 | INFO    | epoch 9 | batch 2240/4266 | loss 0.5383 | acc 0.9281 | lr 9.30e-05 | 156s
2026-09-18 22:09:27 | INFO    | epoch 9 | batch 2260/4266 | loss 0.5385 | acc 0.9280 | lr 9.30e-05 | 157s
2026-09-18 22:09:29 | INFO    | epoch 9 | batch 2280/4266 | loss 0.5384 | acc 0.9281 | lr 9.30e-05 | 158s
2026-09-18 22:09:30 | INFO    | epoch 9 | batch 2300/4266 | loss 0.5386 | acc 0.9280 | lr 9.29e-05 | 160s
2026-09-18 22:09:31 | INFO    | epoch 9 | batch 2320/4266 | loss 0.5386 | acc 0.9279 | lr 9.29e-05 | 161s
2026-09-18 22:09:33 | INFO    | epoch 9 | batch 2340/4266 | loss 0.5386 | acc 0.9279 | lr 9.29e-05 | 163s
2026-09-18 22:09:34 | INFO    | epoch 9 | batch 2360/4266 | loss 0.5386 | acc 0.9279 | lr 9.29e-05 | 164s
2026-09-18 22:09:36 | INFO    | epoch 9 | batch 2380/4266 | loss 0.5385 | acc 0.9280 | lr 9.29e-05 | 166s
2026-09-18 22:09:37 | INFO    | epoch 9 | batch 2400/4266 | loss 0.5385 | acc 0.9280 | lr 9.29e-05 | 167s
2026-09-18 22:09:39 | INFO    | epoch 9 | batch 2420/4266 | loss 0.5382 | acc 0.9282 | lr 9.29e-05 | 168s
2026-09-18 22:09:40 | INFO    | epoch 9 | batch 2440/4266 | loss 0.5384 | acc 0.9280 | lr 9.29e-05 | 170s
2026-09-18 22:09:41 | INFO    | epoch 9 | batch 2460/4266 | loss 0.5389 | acc 0.9278 | lr 9.29e-05 | 171s
2026-09-18 22:09:43 | INFO    | epoch 9 | batch 2480/4266 | loss 0.5389 | acc 0.9278 | lr 9.29e-05 | 173s
2026-09-18 22:09:44 | INFO    | epoch 9 | batch 2500/4266 | loss 0.5391 | acc 0.9277 | lr 9.28e-05 | 174s
2026-09-18 22:09:45 | INFO    | epoch 9 | batch 2520/4266 | loss 0.5390 | acc 0.9277 | lr 9.28e-05 | 175s
2026-09-18 22:09:47 | INFO    | epoch 9 | batch 2540/4266 | loss 0.5390 | acc 0.9278 | lr 9.28e-05 | 177s
2026-09-18 22:09:48 | INFO    | epoch 9 | batch 2560/4266 | loss 0.5388 | acc 0.9278 | lr 9.28e-05 | 178s
2026-09-18 22:09:50 | INFO    | epoch 9 | batch 2580/4266 | loss 0.5389 | acc 0.9277 | lr 9.28e-05 | 180s
2026-09-18 22:09:51 | INFO    | epoch 9 | batch 2600/4266 | loss 0.5388 | acc 0.9277 | lr 9.28e-05 | 181s
2026-09-18 22:09:52 | INFO    | epoch 9 | batch 2620/4266 | loss 0.5391 | acc 0.9275 | lr 9.28e-05 | 182s
2026-09-18 22:09:54 | INFO    | epoch 9 | batch 2640/4266 | loss 0.5390 | acc 0.9276 | lr 9.28e-05 | 184s
2026-09-18 22:09:55 | INFO    | epoch 9 | batch 2660/4266 | loss 0.5391 | acc 0.9275 | lr 9.28e-05 | 185s
2026-09-18 22:09:57 | INFO    | epoch 9 | batch 2680/4266 | loss 0.5391 | acc 0.9276 | lr 9.28e-05 | 187s
2026-09-18 22:09:58 | INFO    | epoch 9 | batch 2700/4266 | loss 0.5392 | acc 0.9276 | lr 9.27e-05 | 188s
2026-09-18 22:09:59 | INFO    | epoch 9 | batch 2720/4266 | loss 0.5391 | acc 0.9276 | lr 9.27e-05 | 189s
2026-09-18 22:10:01 | INFO    | epoch 9 | batch 2740/4266 | loss 0.5392 | acc 0.9276 | lr 9.27e-05 | 191s
2026-09-18 22:10:02 | INFO    | epoch 9 | batch 2760/4266 | loss 0.5390 | acc 0.9276 | lr 9.27e-05 | 192s
2026-09-18 22:10:04 | INFO    | epoch 9 | batch 2780/4266 | loss 0.5388 | acc 0.9278 | lr 9.27e-05 | 193s
2026-09-18 22:10:05 | INFO    | epoch 9 | batch 2800/4266 | loss 0.5386 | acc 0.9279 | lr 9.27e-05 | 195s
2026-09-18 22:10:06 | INFO    | epoch 9 | batch 2820/4266 | loss 0.5386 | acc 0.9279 | lr 9.27e-05 | 196s
2026-09-18 22:10:08 | INFO    | epoch 9 | batch 2840/4266 | loss 0.5385 | acc 0.9279 | lr 9.27e-05 | 197s
2026-09-18 22:10:09 | INFO    | epoch 9 | batch 2860/4266 | loss 0.5385 | acc 0.9278 | lr 9.27e-05 | 199s
2026-09-18 22:10:10 | INFO    | epoch 9 | batch 2880/4266 | loss 0.5386 | acc 0.9278 | lr 9.27e-05 | 200s
2026-09-18 22:10:12 | INFO    | epoch 9 | batch 2900/4266 | loss 0.5386 | acc 0.9278 | lr 9.26e-05 | 201s
2026-09-18 22:10:13 | INFO    | epoch 9 | batch 2920/4266 | loss 0.5386 | acc 0.9278 | lr 9.26e-05 | 203s
2026-09-18 22:10:14 | INFO    | epoch 9 | batch 2940/4266 | loss 0.5383 | acc 0.9280 | lr 9.26e-05 | 204s
2026-09-18 22:10:16 | INFO    | epoch 9 | batch 2960/4266 | loss 0.5382 | acc 0.9280 | lr 9.26e-05 | 206s
2026-09-18 22:10:17 | INFO    | epoch 9 | batch 2980/4266 | loss 0.5381 | acc 0.9281 | lr 9.26e-05 | 207s
2026-09-18 22:10:19 | INFO    | epoch 9 | batch 3000/4266 | loss 0.5380 | acc 0.9281 | lr 9.26e-05 | 209s
2026-09-18 22:10:20 | INFO    | epoch 9 | batch 3020/4266 | loss 0.5380 | acc 0.9282 | lr 9.26e-05 | 210s
2026-09-18 22:10:22 | INFO    | epoch 9 | batch 3040/4266 | loss 0.5380 | acc 0.9282 | lr 9.26e-05 | 211s
2026-09-18 22:10:23 | INFO    | epoch 9 | batch 3060/4266 | loss 0.5379 | acc 0.9283 | lr 9.26e-05 | 213s
2026-09-18 22:10:24 | INFO    | epoch 9 | batch 3080/4266 | loss 0.5377 | acc 0.9283 | lr 9.26e-05 | 214s
2026-09-18 22:10:26 | INFO    | epoch 9 | batch 3100/4266 | loss 0.5377 | acc 0.9284 | lr 9.25e-05 | 216s
2026-09-18 22:10:27 | INFO    | epoch 9 | batch 3120/4266 | loss 0.5375 | acc 0.9285 | lr 9.25e-05 | 217s
2026-09-18 22:10:29 | INFO    | epoch 9 | batch 3140/4266 | loss 0.5376 | acc 0.9284 | lr 9.25e-05 | 219s
2026-09-18 22:10:30 | INFO    | epoch 9 | batch 3160/4266 | loss 0.5376 | acc 0.9284 | lr 9.25e-05 | 220s
2026-09-18 22:10:32 | INFO    | epoch 9 | batch 3180/4266 | loss 0.5377 | acc 0.9284 | lr 9.25e-05 | 221s
2026-09-18 22:10:33 | INFO    | epoch 9 | batch 3200/4266 | loss 0.5377 | acc 0.9284 | lr 9.25e-05 | 223s
2026-09-18 22:10:34 | INFO    | epoch 9 | batch 3220/4266 | loss 0.5376 | acc 0.9285 | lr 9.25e-05 | 224s
2026-09-18 22:10:36 | INFO    | epoch 9 | batch 3240/4266 | loss 0.5374 | acc 0.9285 | lr 9.25e-05 | 226s
2026-09-18 22:10:37 | INFO    | epoch 9 | batch 3260/4266 | loss 0.5373 | acc 0.9286 | lr 9.25e-05 | 227s
2026-09-18 22:10:39 | INFO    | epoch 9 | batch 3280/4266 | loss 0.5372 | acc 0.9287 | lr 9.24e-05 | 229s
2026-09-18 22:10:40 | INFO    | epoch 9 | batch 3300/4266 | loss 0.5374 | acc 0.9286 | lr 9.24e-05 | 230s
2026-09-18 22:10:41 | INFO    | epoch 9 | batch 3320/4266 | loss 0.5377 | acc 0.9285 | lr 9.24e-05 | 231s
2026-09-18 22:10:43 | INFO    | epoch 9 | batch 3340/4266 | loss 0.5376 | acc 0.9285 | lr 9.24e-05 | 233s
2026-09-18 22:10:44 | INFO    | epoch 9 | batch 3360/4266 | loss 0.5375 | acc 0.9286 | lr 9.24e-05 | 234s
2026-09-18 22:10:46 | INFO    | epoch 9 | batch 3380/4266 | loss 0.5375 | acc 0.9286 | lr 9.24e-05 | 236s
2026-09-18 22:10:47 | INFO    | epoch 9 | batch 3400/4266 | loss 0.5373 | acc 0.9287 | lr 9.24e-05 | 237s
2026-09-18 22:10:48 | INFO    | epoch 9 | batch 3420/4266 | loss 0.5372 | acc 0.9287 | lr 9.24e-05 | 238s
2026-09-18 22:10:50 | INFO    | epoch 9 | batch 3440/4266 | loss 0.5372 | acc 0.9288 | lr 9.24e-05 | 240s
2026-09-18 22:10:51 | INFO    | epoch 9 | batch 3460/4266 | loss 0.5372 | acc 0.9287 | lr 9.24e-05 | 241s
2026-09-18 22:10:52 | INFO    | epoch 9 | batch 3480/4266 | loss 0.5372 | acc 0.9287 | lr 9.23e-05 | 242s
2026-09-18 22:10:54 | INFO    | epoch 9 | batch 3500/4266 | loss 0.5374 | acc 0.9287 | lr 9.23e-05 | 244s
2026-09-18 22:10:55 | INFO    | epoch 9 | batch 3520/4266 | loss 0.5373 | acc 0.9287 | lr 9.23e-05 | 245s
2026-09-18 22:10:56 | INFO    | epoch 9 | batch 3540/4266 | loss 0.5374 | acc 0.9287 | lr 9.23e-05 | 246s
2026-09-18 22:10:58 | INFO    | epoch 9 | batch 3560/4266 | loss 0.5374 | acc 0.9286 | lr 9.23e-05 | 248s
2026-09-18 22:10:59 | INFO    | epoch 9 | batch 3580/4266 | loss 0.5374 | acc 0.9286 | lr 9.23e-05 | 249s
2026-09-18 22:11:01 | INFO    | epoch 9 | batch 3600/4266 | loss 0.5373 | acc 0.9287 | lr 9.23e-05 | 251s
2026-09-18 22:11:02 | INFO    | epoch 9 | batch 3620/4266 | loss 0.5373 | acc 0.9287 | lr 9.23e-05 | 252s
2026-09-18 22:11:03 | INFO    | epoch 9 | batch 3640/4266 | loss 0.5372 | acc 0.9287 | lr 9.23e-05 | 253s
2026-09-18 22:11:05 | INFO    | epoch 9 | batch 3660/4266 | loss 0.5372 | acc 0.9287 | lr 9.23e-05 | 255s
2026-09-18 22:11:06 | INFO    | epoch 9 | batch 3680/4266 | loss 0.5371 | acc 0.9288 | lr 9.22e-05 | 256s
2026-09-18 22:11:07 | INFO    | epoch 9 | batch 3700/4266 | loss 0.5369 | acc 0.9289 | lr 9.22e-05 | 257s
2026-09-18 22:11:09 | INFO    | epoch 9 | batch 3720/4266 | loss 0.5371 | acc 0.9288 | lr 9.22e-05 | 259s
2026-09-18 22:11:10 | INFO    | epoch 9 | batch 3740/4266 | loss 0.5371 | acc 0.9288 | lr 9.22e-05 | 260s
2026-09-18 22:11:11 | INFO    | epoch 9 | batch 3760/4266 | loss 0.5371 | acc 0.9288 | lr 9.22e-05 | 261s
2026-09-18 22:11:13 | INFO    | epoch 9 | batch 3780/4266 | loss 0.5371 | acc 0.9288 | lr 9.22e-05 | 263s
2026-09-18 22:11:14 | INFO    | epoch 9 | batch 3800/4266 | loss 0.5370 | acc 0.9288 | lr 9.22e-05 | 264s
2026-09-18 22:11:15 | INFO    | epoch 9 | batch 3820/4266 | loss 0.5370 | acc 0.9289 | lr 9.22e-05 | 265s
2026-09-18 22:11:17 | INFO    | epoch 9 | batch 3840/4266 | loss 0.5369 | acc 0.9288 | lr 9.22e-05 | 267s
2026-09-18 22:11:18 | INFO    | epoch 9 | batch 3860/4266 | loss 0.5368 | acc 0.9289 | lr 9.22e-05 | 268s
2026-09-18 22:11:20 | INFO    | epoch 9 | batch 3880/4266 | loss 0.5367 | acc 0.9290 | lr 9.21e-05 | 269s
2026-09-18 22:11:21 | INFO    | epoch 9 | batch 3900/4266 | loss 0.5366 | acc 0.9290 | lr 9.21e-05 | 271s
2026-09-18 22:11:22 | INFO    | epoch 9 | batch 3920/4266 | loss 0.5366 | acc 0.9290 | lr 9.21e-05 | 272s
2026-09-18 22:11:24 | INFO    | epoch 9 | batch 3940/4266 | loss 0.5365 | acc 0.9290 | lr 9.21e-05 | 274s
2026-09-18 22:11:25 | INFO    | epoch 9 | batch 3960/4266 | loss 0.5364 | acc 0.9291 | lr 9.21e-05 | 275s
2026-09-18 22:11:26 | INFO    | epoch 9 | batch 3980/4266 | loss 0.5363 | acc 0.9291 | lr 9.21e-05 | 276s
2026-09-18 22:11:28 | INFO    | epoch 9 | batch 4000/4266 | loss 0.5364 | acc 0.9290 | lr 9.21e-05 | 278s
2026-09-18 22:11:29 | INFO    | epoch 9 | batch 4020/4266 | loss 0.5364 | acc 0.9291 | lr 9.21e-05 | 279s
2026-09-18 22:11:31 | INFO    | epoch 9 | batch 4040/4266 | loss 0.5364 | acc 0.9290 | lr 9.21e-05 | 280s
2026-09-18 22:11:32 | INFO    | epoch 9 | batch 4060/4266 | loss 0.5366 | acc 0.9290 | lr 9.20e-05 | 282s
2026-09-18 22:11:33 | INFO    | epoch 9 | batch 4080/4266 | loss 0.5364 | acc 0.9290 | lr 9.20e-05 | 283s
2026-09-18 22:11:35 | INFO    | epoch 9 | batch 4100/4266 | loss 0.5363 | acc 0.9291 | lr 9.20e-05 | 285s
2026-09-18 22:11:36 | INFO    | epoch 9 | batch 4120/4266 | loss 0.5363 | acc 0.9291 | lr 9.20e-05 | 286s
2026-09-18 22:11:37 | INFO    | epoch 9 | batch 4140/4266 | loss 0.5361 | acc 0.9292 | lr 9.20e-05 | 287s
2026-09-18 22:11:39 | INFO    | epoch 9 | batch 4160/4266 | loss 0.5362 | acc 0.9291 | lr 9.20e-05 | 289s
2026-09-18 22:11:40 | INFO    | epoch 9 | batch 4180/4266 | loss 0.5363 | acc 0.9291 | lr 9.20e-05 | 290s
2026-09-18 22:11:42 | INFO    | epoch 9 | batch 4200/4266 | loss 0.5362 | acc 0.9291 | lr 9.20e-05 | 292s
2026-09-18 22:11:43 | INFO    | epoch 9 | batch 4220/4266 | loss 0.5363 | acc 0.9290 | lr 9.20e-05 | 293s
2026-09-18 22:11:44 | INFO    | epoch 9 | batch 4240/4266 | loss 0.5363 | acc 0.9290 | lr 9.20e-05 | 294s
2026-09-18 22:11:46 | INFO    | epoch 9 | batch 4260/4266 | loss 0.5361 | acc 0.9291 | lr 9.19e-05 | 296s
2026-09-18 22:11:46 | INFO    | epoch 9 | batch 4266/4266 | loss 0.5362 | acc 0.9291 | lr 9.19e-05 | 296s
2026-09-18 22:11:56 | INFO    | epoch 9/40 done in 306s | train loss 0.5362 | train running patch (aug): accuracy=0.9291 precision=0.9280 recall=0.9264 f1=0.9272
2026-09-18 22:11:56 | INFO    | epoch 9 train (eval, no aug) | loss 0.4765 | patch[7280]: accuracy=0.9574 precision=0.9587 recall=0.9568 f1=0.9577 | image[455]: accuracy=0.9956 precision=0.9963 recall=0.9946 f1=0.9954
2026-09-18 22:11:56 | INFO    | epoch 9 val | loss 1.1607 | patch[8448]: accuracy=0.6787 precision=0.6601 recall=0.6613 f1=0.6594 | image[96]: accuracy=0.7292 precision=0.7269 recall=0.7263 f1=0.7165
2026-09-18 22:11:56 | INFO    | val_patch_f1 = 0.6594 (best 0.6594 @ epoch 9) *
2026-09-18 22:11:58 | INFO    | epoch 10 | batch 20/4266 | loss 0.5358 | acc 0.9266 | lr 9.19e-05 | 1s
2026-09-18 22:11:59 | INFO    | epoch 10 | batch 40/4266 | loss 0.5418 | acc 0.9266 | lr 9.19e-05 | 3s
2026-09-18 22:12:00 | INFO    | epoch 10 | batch 60/4266 | loss 0.5331 | acc 0.9323 | lr 9.19e-05 | 4s
2026-09-18 22:12:02 | INFO    | epoch 10 | batch 80/4266 | loss 0.5307 | acc 0.9340 | lr 9.19e-05 | 6s
2026-09-18 22:12:03 | INFO    | epoch 10 | batch 100/4266 | loss 0.5284 | acc 0.9341 | lr 9.19e-05 | 7s
2026-09-18 22:12:05 | INFO    | epoch 10 | batch 120/4266 | loss 0.5295 | acc 0.9339 | lr 9.19e-05 | 8s
2026-09-18 22:12:06 | INFO    | epoch 10 | batch 140/4266 | loss 0.5235 | acc 0.9375 | lr 9.19e-05 | 10s
2026-09-18 22:12:07 | INFO    | epoch 10 | batch 160/4266 | loss 0.5257 | acc 0.9367 | lr 9.19e-05 | 11s
2026-09-18 22:12:09 | INFO    | epoch 10 | batch 180/4266 | loss 0.5259 | acc 0.9370 | lr 9.18e-05 | 13s
2026-09-18 22:12:10 | INFO    | epoch 10 | batch 200/4266 | loss 0.5257 | acc 0.9359 | lr 9.18e-05 | 14s
2026-09-18 22:12:11 | INFO    | epoch 10 | batch 220/4266 | loss 0.5266 | acc 0.9349 | lr 9.18e-05 | 15s
2026-09-18 22:12:13 | INFO    | epoch 10 | batch 240/4266 | loss 0.5248 | acc 0.9363 | lr 9.18e-05 | 17s
2026-09-18 22:12:14 | INFO    | epoch 10 | batch 260/4266 | loss 0.5269 | acc 0.9356 | lr 9.18e-05 | 18s
2026-09-18 22:12:15 | INFO    | epoch 10 | batch 280/4266 | loss 0.5265 | acc 0.9358 | lr 9.18e-05 | 19s
2026-09-18 22:12:17 | INFO    | epoch 10 | batch 300/4266 | loss 0.5267 | acc 0.9354 | lr 9.18e-05 | 21s
2026-09-18 22:12:18 | INFO    | epoch 10 | batch 320/4266 | loss 0.5268 | acc 0.9351 | lr 9.18e-05 | 22s
2026-09-18 22:12:20 | INFO    | epoch 10 | batch 340/4266 | loss 0.5276 | acc 0.9349 | lr 9.18e-05 | 24s
2026-09-18 22:12:21 | INFO    | epoch 10 | batch 360/4266 | loss 0.5264 | acc 0.9352 | lr 9.17e-05 | 25s
2026-09-18 22:12:23 | INFO    | epoch 10 | batch 380/4266 | loss 0.5261 | acc 0.9356 | lr 9.17e-05 | 26s
2026-09-18 22:12:24 | INFO    | epoch 10 | batch 400/4266 | loss 0.5256 | acc 0.9357 | lr 9.17e-05 | 28s
2026-09-18 22:12:25 | INFO    | epoch 10 | batch 420/4266 | loss 0.5254 | acc 0.9359 | lr 9.17e-05 | 29s
2026-09-18 22:12:27 | INFO    | epoch 10 | batch 440/4266 | loss 0.5252 | acc 0.9355 | lr 9.17e-05 | 31s
2026-09-18 22:12:28 | INFO    | epoch 10 | batch 460/4266 | loss 0.5246 | acc 0.9361 | lr 9.17e-05 | 32s
2026-09-18 22:12:30 | INFO    | epoch 10 | batch 480/4266 | loss 0.5233 | acc 0.9363 | lr 9.17e-05 | 33s
2026-09-18 22:12:31 | INFO    | epoch 10 | batch 500/4266 | loss 0.5228 | acc 0.9364 | lr 9.17e-05 | 35s
2026-09-18 22:12:32 | INFO    | epoch 10 | batch 520/4266 | loss 0.5238 | acc 0.9361 | lr 9.17e-05 | 36s
2026-09-18 22:12:34 | INFO    | epoch 10 | batch 540/4266 | loss 0.5235 | acc 0.9359 | lr 9.17e-05 | 38s
2026-09-18 22:12:35 | INFO    | epoch 10 | batch 560/4266 | loss 0.5233 | acc 0.9359 | lr 9.16e-05 | 39s
2026-09-18 22:12:37 | INFO    | epoch 10 | batch 580/4266 | loss 0.5231 | acc 0.9363 | lr 9.16e-05 | 41s
2026-09-18 22:12:38 | INFO    | epoch 10 | batch 600/4266 | loss 0.5233 | acc 0.9362 | lr 9.16e-05 | 42s
2026-09-18 22:12:40 | INFO    | epoch 10 | batch 620/4266 | loss 0.5235 | acc 0.9361 | lr 9.16e-05 | 43s
2026-09-18 22:12:41 | INFO    | epoch 10 | batch 640/4266 | loss 0.5237 | acc 0.9361 | lr 9.16e-05 | 45s
2026-09-18 22:12:42 | INFO    | epoch 10 | batch 660/4266 | loss 0.5236 | acc 0.9359 | lr 9.16e-05 | 46s
2026-09-18 22:12:44 | INFO    | epoch 10 | batch 680/4266 | loss 0.5241 | acc 0.9358 | lr 9.16e-05 | 47s
2026-09-18 22:12:45 | INFO    | epoch 10 | batch 700/4266 | loss 0.5254 | acc 0.9350 | lr 9.16e-05 | 49s
2026-09-18 22:12:46 | INFO    | epoch 10 | batch 720/4266 | loss 0.5249 | acc 0.9356 | lr 9.16e-05 | 50s
2026-09-18 22:12:48 | INFO    | epoch 10 | batch 740/4266 | loss 0.5251 | acc 0.9353 | lr 9.15e-05 | 52s
2026-09-18 22:12:49 | INFO    | epoch 10 | batch 760/4266 | loss 0.5255 | acc 0.9352 | lr 9.15e-05 | 53s
2026-09-18 22:12:51 | INFO    | epoch 10 | batch 780/4266 | loss 0.5255 | acc 0.9349 | lr 9.15e-05 | 54s
2026-09-18 22:12:52 | INFO    | epoch 10 | batch 800/4266 | loss 0.5250 | acc 0.9350 | lr 9.15e-05 | 56s
2026-09-18 22:12:54 | INFO    | epoch 10 | batch 820/4266 | loss 0.5245 | acc 0.9353 | lr 9.15e-05 | 57s
2026-09-18 22:12:55 | INFO    | epoch 10 | batch 840/4266 | loss 0.5241 | acc 0.9354 | lr 9.15e-05 | 59s
2026-09-18 22:12:56 | INFO    | epoch 10 | batch 860/4266 | loss 0.5234 | acc 0.9358 | lr 9.15e-05 | 60s
2026-09-18 22:12:58 | INFO    | epoch 10 | batch 880/4266 | loss 0.5241 | acc 0.9354 | lr 9.15e-05 | 61s
2026-09-18 22:12:59 | INFO    | epoch 10 | batch 900/4266 | loss 0.5239 | acc 0.9355 | lr 9.15e-05 | 63s
2026-09-18 22:13:00 | INFO    | epoch 10 | batch 920/4266 | loss 0.5235 | acc 0.9358 | lr 9.15e-05 | 64s
2026-09-18 22:13:02 | INFO    | epoch 10 | batch 940/4266 | loss 0.5239 | acc 0.9355 | lr 9.14e-05 | 66s
2026-09-18 22:13:03 | INFO    | epoch 10 | batch 960/4266 | loss 0.5239 | acc 0.9357 | lr 9.14e-05 | 67s
2026-09-18 22:13:04 | INFO    | epoch 10 | batch 980/4266 | loss 0.5241 | acc 0.9355 | lr 9.14e-05 | 68s
2026-09-18 22:13:06 | INFO    | epoch 10 | batch 1000/4266 | loss 0.5240 | acc 0.9355 | lr 9.14e-05 | 70s
2026-09-18 22:13:07 | INFO    | epoch 10 | batch 1020/4266 | loss 0.5242 | acc 0.9354 | lr 9.14e-05 | 71s
2026-09-18 22:13:09 | INFO    | epoch 10 | batch 1040/4266 | loss 0.5238 | acc 0.9355 | lr 9.14e-05 | 72s
2026-09-18 22:13:10 | INFO    | epoch 10 | batch 1060/4266 | loss 0.5234 | acc 0.9358 | lr 9.14e-05 | 74s
2026-09-18 22:13:11 | INFO    | epoch 10 | batch 1080/4266 | loss 0.5234 | acc 0.9359 | lr 9.14e-05 | 75s
2026-09-18 22:13:13 | INFO    | epoch 10 | batch 1100/4266 | loss 0.5238 | acc 0.9358 | lr 9.14e-05 | 76s
2026-09-18 22:13:14 | INFO    | epoch 10 | batch 1120/4266 | loss 0.5242 | acc 0.9355 | lr 9.13e-05 | 78s
2026-09-18 22:13:15 | INFO    | epoch 10 | batch 1140/4266 | loss 0.5244 | acc 0.9351 | lr 9.13e-05 | 79s
2026-09-18 22:13:17 | INFO    | epoch 10 | batch 1160/4266 | loss 0.5245 | acc 0.9350 | lr 9.13e-05 | 80s
2026-09-18 22:13:18 | INFO    | epoch 10 | batch 1180/4266 | loss 0.5243 | acc 0.9353 | lr 9.13e-05 | 82s
2026-09-18 22:13:19 | INFO    | epoch 10 | batch 1200/4266 | loss 0.5242 | acc 0.9353 | lr 9.13e-05 | 83s
2026-09-18 22:13:21 | INFO    | epoch 10 | batch 1220/4266 | loss 0.5238 | acc 0.9356 | lr 9.13e-05 | 85s
2026-09-18 22:13:22 | INFO    | epoch 10 | batch 1240/4266 | loss 0.5235 | acc 0.9357 | lr 9.13e-05 | 86s
2026-09-18 22:13:23 | INFO    | epoch 10 | batch 1260/4266 | loss 0.5238 | acc 0.9355 | lr 9.13e-05 | 87s
2026-09-18 22:13:25 | INFO    | epoch 10 | batch 1280/4266 | loss 0.5241 | acc 0.9355 | lr 9.13e-05 | 89s
2026-09-18 22:13:26 | INFO    | epoch 10 | batch 1300/4266 | loss 0.5239 | acc 0.9356 | lr 9.12e-05 | 90s
2026-09-18 22:13:28 | INFO    | epoch 10 | batch 1320/4266 | loss 0.5239 | acc 0.9355 | lr 9.12e-05 | 91s
2026-09-18 22:13:29 | INFO    | epoch 10 | batch 1340/4266 | loss 0.5237 | acc 0.9357 | lr 9.12e-05 | 93s
2026-09-18 22:13:30 | INFO    | epoch 10 | batch 1360/4266 | loss 0.5235 | acc 0.9357 | lr 9.12e-05 | 94s
2026-09-18 22:13:32 | INFO    | epoch 10 | batch 1380/4266 | loss 0.5235 | acc 0.9357 | lr 9.12e-05 | 96s
2026-09-18 22:13:33 | INFO    | epoch 10 | batch 1400/4266 | loss 0.5236 | acc 0.9356 | lr 9.12e-05 | 97s
2026-09-18 22:13:35 | INFO    | epoch 10 | batch 1420/4266 | loss 0.5236 | acc 0.9355 | lr 9.12e-05 | 98s
2026-09-18 22:13:36 | INFO    | epoch 10 | batch 1440/4266 | loss 0.5235 | acc 0.9356 | lr 9.12e-05 | 100s
2026-09-18 22:13:37 | INFO    | epoch 10 | batch 1460/4266 | loss 0.5236 | acc 0.9355 | lr 9.12e-05 | 101s
2026-09-18 22:13:39 | INFO    | epoch 10 | batch 1480/4266 | loss 0.5237 | acc 0.9354 | lr 9.11e-05 | 103s
2026-09-18 22:13:40 | INFO    | epoch 10 | batch 1500/4266 | loss 0.5237 | acc 0.9354 | lr 9.11e-05 | 104s
2026-09-18 22:13:42 | INFO    | epoch 10 | batch 1520/4266 | loss 0.5237 | acc 0.9354 | lr 9.11e-05 | 105s
2026-09-18 22:13:43 | INFO    | epoch 10 | batch 1540/4266 | loss 0.5234 | acc 0.9356 | lr 9.11e-05 | 107s
2026-09-18 22:13:44 | INFO    | epoch 10 | batch 1560/4266 | loss 0.5232 | acc 0.9357 | lr 9.11e-05 | 108s
2026-09-18 22:13:46 | INFO    | epoch 10 | batch 1580/4266 | loss 0.5235 | acc 0.9356 | lr 9.11e-05 | 110s
2026-09-18 22:13:47 | INFO    | epoch 10 | batch 1600/4266 | loss 0.5238 | acc 0.9353 | lr 9.11e-05 | 111s
2026-09-18 22:13:48 | INFO    | epoch 10 | batch 1620/4266 | loss 0.5243 | acc 0.9350 | lr 9.11e-05 | 112s
2026-09-18 22:13:50 | INFO    | epoch 10 | batch 1640/4266 | loss 0.5241 | acc 0.9352 | lr 9.11e-05 | 114s
2026-09-18 22:13:51 | INFO    | epoch 10 | batch 1660/4266 | loss 0.5243 | acc 0.9351 | lr 9.10e-05 | 115s
2026-09-18 22:13:53 | INFO    | epoch 10 | batch 1680/4266 | loss 0.5243 | acc 0.9351 | lr 9.10e-05 | 116s
2026-09-18 22:13:54 | INFO    | epoch 10 | batch 1700/4266 | loss 0.5243 | acc 0.9351 | lr 9.10e-05 | 118s
2026-09-18 22:13:55 | INFO    | epoch 10 | batch 1720/4266 | loss 0.5242 | acc 0.9351 | lr 9.10e-05 | 119s
2026-09-18 22:13:57 | INFO    | epoch 10 | batch 1740/4266 | loss 0.5246 | acc 0.9349 | lr 9.10e-05 | 121s
2026-09-18 22:13:58 | INFO    | epoch 10 | batch 1760/4266 | loss 0.5244 | acc 0.9350 | lr 9.10e-05 | 122s
2026-09-18 22:14:00 | INFO    | epoch 10 | batch 1780/4266 | loss 0.5245 | acc 0.9350 | lr 9.10e-05 | 123s
2026-09-18 22:14:01 | INFO    | epoch 10 | batch 1800/4266 | loss 0.5244 | acc 0.9350 | lr 9.10e-05 | 125s
2026-09-18 22:14:02 | INFO    | epoch 10 | batch 1820/4266 | loss 0.5243 | acc 0.9350 | lr 9.10e-05 | 126s
2026-09-18 22:14:04 | INFO    | epoch 10 | batch 1840/4266 | loss 0.5244 | acc 0.9349 | lr 9.09e-05 | 127s
2026-09-18 22:14:05 | INFO    | epoch 10 | batch 1860/4266 | loss 0.5241 | acc 0.9350 | lr 9.09e-05 | 129s
2026-09-18 22:14:06 | INFO    | epoch 10 | batch 1880/4266 | loss 0.5242 | acc 0.9350 | lr 9.09e-05 | 130s
2026-09-18 22:14:08 | INFO    | epoch 10 | batch 1900/4266 | loss 0.5242 | acc 0.9350 | lr 9.09e-05 | 131s
2026-09-18 22:14:09 | INFO    | epoch 10 | batch 1920/4266 | loss 0.5238 | acc 0.9351 | lr 9.09e-05 | 133s
2026-09-18 22:14:10 | INFO    | epoch 10 | batch 1940/4266 | loss 0.5238 | acc 0.9350 | lr 9.09e-05 | 134s
2026-09-18 22:14:12 | INFO    | epoch 10 | batch 1960/4266 | loss 0.5236 | acc 0.9351 | lr 9.09e-05 | 135s
2026-09-18 22:14:13 | INFO    | epoch 10 | batch 1980/4266 | loss 0.5233 | acc 0.9352 | lr 9.09e-05 | 137s
2026-09-18 22:14:14 | INFO    | epoch 10 | batch 2000/4266 | loss 0.5233 | acc 0.9353 | lr 9.09e-05 | 138s
2026-09-18 22:14:16 | INFO    | epoch 10 | batch 2020/4266 | loss 0.5235 | acc 0.9353 | lr 9.08e-05 | 139s
2026-09-18 22:14:17 | INFO    | epoch 10 | batch 2040/4266 | loss 0.5235 | acc 0.9352 | lr 9.08e-05 | 141s
2026-09-18 22:14:18 | INFO    | epoch 10 | batch 2060/4266 | loss 0.5235 | acc 0.9353 | lr 9.08e-05 | 142s
2026-09-18 22:14:20 | INFO    | epoch 10 | batch 2080/4266 | loss 0.5237 | acc 0.9351 | lr 9.08e-05 | 144s
2026-09-18 22:14:21 | INFO    | epoch 10 | batch 2100/4266 | loss 0.5239 | acc 0.9350 | lr 9.08e-05 | 145s
2026-09-18 22:14:22 | INFO    | epoch 10 | batch 2120/4266 | loss 0.5241 | acc 0.9348 | lr 9.08e-05 | 146s
2026-09-18 22:14:24 | INFO    | epoch 10 | batch 2140/4266 | loss 0.5243 | acc 0.9347 | lr 9.08e-05 | 148s
2026-09-18 22:14:25 | INFO    | epoch 10 | batch 2160/4266 | loss 0.5241 | acc 0.9348 | lr 9.08e-05 | 149s
2026-09-18 22:14:26 | INFO    | epoch 10 | batch 2180/4266 | loss 0.5242 | acc 0.9347 | lr 9.08e-05 | 150s
2026-09-18 22:14:28 | INFO    | epoch 10 | batch 2200/4266 | loss 0.5244 | acc 0.9346 | lr 9.07e-05 | 152s
2026-09-18 22:14:29 | INFO    | epoch 10 | batch 2220/4266 | loss 0.5245 | acc 0.9345 | lr 9.07e-05 | 153s
2026-09-18 22:14:31 | INFO    | epoch 10 | batch 2240/4266 | loss 0.5243 | acc 0.9346 | lr 9.07e-05 | 154s
2026-09-18 22:14:32 | INFO    | epoch 10 | batch 2260/4266 | loss 0.5241 | acc 0.9348 | lr 9.07e-05 | 156s
2026-09-18 22:14:33 | INFO    | epoch 10 | batch 2280/4266 | loss 0.5241 | acc 0.9349 | lr 9.07e-05 | 157s
2026-09-18 22:14:35 | INFO    | epoch 10 | batch 2300/4266 | loss 0.5240 | acc 0.9349 | lr 9.07e-05 | 158s
2026-09-18 22:14:36 | INFO    | epoch 10 | batch 2320/4266 | loss 0.5242 | acc 0.9348 | lr 9.07e-05 | 160s
2026-09-18 22:14:37 | INFO    | epoch 10 | batch 2340/4266 | loss 0.5243 | acc 0.9347 | lr 9.07e-05 | 161s
2026-09-18 22:14:39 | INFO    | epoch 10 | batch 2360/4266 | loss 0.5244 | acc 0.9347 | lr 9.07e-05 | 163s
2026-09-18 22:14:40 | INFO    | epoch 10 | batch 2380/4266 | loss 0.5244 | acc 0.9347 | lr 9.06e-05 | 164s
2026-09-18 22:14:42 | INFO    | epoch 10 | batch 2400/4266 | loss 0.5245 | acc 0.9346 | lr 9.06e-05 | 165s
2026-09-18 22:14:43 | INFO    | epoch 10 | batch 2420/4266 | loss 0.5245 | acc 0.9347 | lr 9.06e-05 | 167s
2026-09-18 22:14:44 | INFO    | epoch 10 | batch 2440/4266 | loss 0.5246 | acc 0.9346 | lr 9.06e-05 | 168s
2026-09-18 22:14:46 | INFO    | epoch 10 | batch 2460/4266 | loss 0.5247 | acc 0.9345 | lr 9.06e-05 | 170s
2026-09-18 22:14:47 | INFO    | epoch 10 | batch 2480/4266 | loss 0.5246 | acc 0.9345 | lr 9.06e-05 | 171s
2026-09-18 22:14:49 | INFO    | epoch 10 | batch 2500/4266 | loss 0.5245 | acc 0.9345 | lr 9.06e-05 | 172s
2026-09-18 22:14:50 | INFO    | epoch 10 | batch 2520/4266 | loss 0.5245 | acc 0.9345 | lr 9.06e-05 | 174s
2026-09-18 22:14:51 | INFO    | epoch 10 | batch 2540/4266 | loss 0.5244 | acc 0.9345 | lr 9.06e-05 | 175s
2026-09-18 22:14:53 | INFO    | epoch 10 | batch 2560/4266 | loss 0.5244 | acc 0.9346 | lr 9.05e-05 | 177s
2026-09-18 22:14:54 | INFO    | epoch 10 | batch 2580/4266 | loss 0.5243 | acc 0.9347 | lr 9.05e-05 | 178s
2026-09-18 22:14:56 | INFO    | epoch 10 | batch 2600/4266 | loss 0.5246 | acc 0.9346 | lr 9.05e-05 | 179s
2026-09-18 22:14:57 | INFO    | epoch 10 | batch 2620/4266 | loss 0.5245 | acc 0.9347 | lr 9.05e-05 | 181s
2026-09-18 22:14:58 | INFO    | epoch 10 | batch 2640/4266 | loss 0.5243 | acc 0.9348 | lr 9.05e-05 | 182s
2026-09-18 22:15:00 | INFO    | epoch 10 | batch 2660/4266 | loss 0.5242 | acc 0.9348 | lr 9.05e-05 | 184s
2026-09-18 22:15:01 | INFO    | epoch 10 | batch 2680/4266 | loss 0.5243 | acc 0.9348 | lr 9.05e-05 | 185s
2026-09-18 22:15:03 | INFO    | epoch 10 | batch 2700/4266 | loss 0.5243 | acc 0.9349 | lr 9.05e-05 | 186s
2026-09-18 22:15:04 | INFO    | epoch 10 | batch 2720/4266 | loss 0.5243 | acc 0.9348 | lr 9.05e-05 | 188s
2026-09-18 22:15:05 | INFO    | epoch 10 | batch 2740/4266 | loss 0.5244 | acc 0.9347 | lr 9.04e-05 | 189s
2026-09-18 22:15:07 | INFO    | epoch 10 | batch 2760/4266 | loss 0.5245 | acc 0.9347 | lr 9.04e-05 | 191s
2026-09-18 22:15:08 | INFO    | epoch 10 | batch 2780/4266 | loss 0.5245 | acc 0.9347 | lr 9.04e-05 | 192s
2026-09-18 22:15:09 | INFO    | epoch 10 | batch 2800/4266 | loss 0.5245 | acc 0.9347 | lr 9.04e-05 | 193s
2026-09-18 22:15:11 | INFO    | epoch 10 | batch 2820/4266 | loss 0.5246 | acc 0.9346 | lr 9.04e-05 | 195s
2026-09-18 22:15:12 | INFO    | epoch 10 | batch 2840/4266 | loss 0.5246 | acc 0.9346 | lr 9.04e-05 | 196s
2026-09-18 22:15:14 | INFO    | epoch 10 | batch 2860/4266 | loss 0.5247 | acc 0.9346 | lr 9.04e-05 | 198s
2026-09-18 22:15:15 | INFO    | epoch 10 | batch 2880/4266 | loss 0.5248 | acc 0.9345 | lr 9.04e-05 | 199s
2026-09-18 22:15:16 | INFO    | epoch 10 | batch 2900/4266 | loss 0.5250 | acc 0.9345 | lr 9.04e-05 | 200s
2026-09-18 22:15:18 | INFO    | epoch 10 | batch 2920/4266 | loss 0.5250 | acc 0.9345 | lr 9.03e-05 | 202s
2026-09-18 22:15:19 | INFO    | epoch 10 | batch 2940/4266 | loss 0.5249 | acc 0.9345 | lr 9.03e-05 | 203s
2026-09-18 22:15:21 | INFO    | epoch 10 | batch 2960/4266 | loss 0.5247 | acc 0.9346 | lr 9.03e-05 | 204s
2026-09-18 22:15:22 | INFO    | epoch 10 | batch 2980/4266 | loss 0.5246 | acc 0.9347 | lr 9.03e-05 | 206s
2026-09-18 22:15:23 | INFO    | epoch 10 | batch 3000/4266 | loss 0.5244 | acc 0.9348 | lr 9.03e-05 | 207s
2026-09-18 22:15:25 | INFO    | epoch 10 | batch 3020/4266 | loss 0.5243 | acc 0.9349 | lr 9.03e-05 | 209s
2026-09-18 22:15:26 | INFO    | epoch 10 | batch 3040/4266 | loss 0.5242 | acc 0.9349 | lr 9.03e-05 | 210s
2026-09-18 22:15:27 | INFO    | epoch 10 | batch 3060/4266 | loss 0.5243 | acc 0.9349 | lr 9.03e-05 | 211s
2026-09-18 22:15:29 | INFO    | epoch 10 | batch 3080/4266 | loss 0.5243 | acc 0.9350 | lr 9.03e-05 | 213s
2026-09-18 22:15:30 | INFO    | epoch 10 | batch 3100/4266 | loss 0.5244 | acc 0.9350 | lr 9.02e-05 | 214s
2026-09-18 22:15:32 | INFO    | epoch 10 | batch 3120/4266 | loss 0.5243 | acc 0.9350 | lr 9.02e-05 | 215s
2026-09-18 22:15:33 | INFO    | epoch 10 | batch 3140/4266 | loss 0.5245 | acc 0.9348 | lr 9.02e-05 | 217s
2026-09-18 22:15:34 | INFO    | epoch 10 | batch 3160/4266 | loss 0.5244 | acc 0.9349 | lr 9.02e-05 | 218s
2026-09-18 22:15:36 | INFO    | epoch 10 | batch 3180/4266 | loss 0.5244 | acc 0.9349 | lr 9.02e-05 | 220s
2026-09-18 22:15:37 | INFO    | epoch 10 | batch 3200/4266 | loss 0.5245 | acc 0.9348 | lr 9.02e-05 | 221s
2026-09-18 22:15:39 | INFO    | epoch 10 | batch 3220/4266 | loss 0.5245 | acc 0.9349 | lr 9.02e-05 | 223s
2026-09-18 22:15:40 | INFO    | epoch 10 | batch 3240/4266 | loss 0.5242 | acc 0.9350 | lr 9.02e-05 | 224s
2026-09-18 22:15:42 | INFO    | epoch 10 | batch 3260/4266 | loss 0.5241 | acc 0.9350 | lr 9.01e-05 | 225s
2026-09-18 22:15:43 | INFO    | epoch 10 | batch 3280/4266 | loss 0.5242 | acc 0.9349 | lr 9.01e-05 | 227s
2026-09-18 22:15:44 | INFO    | epoch 10 | batch 3300/4266 | loss 0.5242 | acc 0.9349 | lr 9.01e-05 | 228s
2026-09-18 22:15:46 | INFO    | epoch 10 | batch 3320/4266 | loss 0.5242 | acc 0.9349 | lr 9.01e-05 | 230s
2026-09-18 22:15:47 | INFO    | epoch 10 | batch 3340/4266 | loss 0.5242 | acc 0.9349 | lr 9.01e-05 | 231s
2026-09-18 22:15:49 | INFO    | epoch 10 | batch 3360/4266 | loss 0.5242 | acc 0.9349 | lr 9.01e-05 | 232s
2026-09-18 22:15:50 | INFO    | epoch 10 | batch 3380/4266 | loss 0.5240 | acc 0.9350 | lr 9.01e-05 | 234s
2026-09-18 22:15:51 | INFO    | epoch 10 | batch 3400/4266 | loss 0.5241 | acc 0.9350 | lr 9.01e-05 | 235s
2026-09-18 22:15:53 | INFO    | epoch 10 | batch 3420/4266 | loss 0.5241 | acc 0.9350 | lr 9.01e-05 | 237s
2026-09-18 22:15:54 | INFO    | epoch 10 | batch 3440/4266 | loss 0.5240 | acc 0.9350 | lr 9.00e-05 | 238s
2026-09-18 22:15:56 | INFO    | epoch 10 | batch 3460/4266 | loss 0.5239 | acc 0.9351 | lr 9.00e-05 | 240s
2026-09-18 22:15:57 | INFO    | epoch 10 | batch 3480/4266 | loss 0.5239 | acc 0.9351 | lr 9.00e-05 | 241s
2026-09-18 22:15:58 | INFO    | epoch 10 | batch 3500/4266 | loss 0.5239 | acc 0.9351 | lr 9.00e-05 | 242s
2026-09-18 22:16:00 | INFO    | epoch 10 | batch 3520/4266 | loss 0.5239 | acc 0.9352 | lr 9.00e-05 | 244s
2026-09-18 22:16:01 | INFO    | epoch 10 | batch 3540/4266 | loss 0.5238 | acc 0.9352 | lr 9.00e-05 | 245s
2026-09-18 22:16:03 | INFO    | epoch 10 | batch 3560/4266 | loss 0.5238 | acc 0.9352 | lr 9.00e-05 | 246s
2026-09-18 22:16:04 | INFO    | epoch 10 | batch 3580/4266 | loss 0.5236 | acc 0.9353 | lr 9.00e-05 | 248s
2026-09-18 22:16:05 | INFO    | epoch 10 | batch 3600/4266 | loss 0.5236 | acc 0.9353 | lr 9.00e-05 | 249s
2026-09-18 22:16:07 | INFO    | epoch 10 | batch 3620/4266 | loss 0.5234 | acc 0.9354 | lr 8.99e-05 | 251s
2026-09-18 22:16:08 | INFO    | epoch 10 | batch 3640/4266 | loss 0.5233 | acc 0.9354 | lr 8.99e-05 | 252s
2026-09-18 22:16:10 | INFO    | epoch 10 | batch 3660/4266 | loss 0.5233 | acc 0.9355 | lr 8.99e-05 | 254s
2026-09-18 22:16:11 | INFO    | epoch 10 | batch 3680/4266 | loss 0.5234 | acc 0.9354 | lr 8.99e-05 | 255s
2026-09-18 22:16:13 | INFO    | epoch 10 | batch 3700/4266 | loss 0.5233 | acc 0.9354 | lr 8.99e-05 | 256s
2026-09-18 22:16:14 | INFO    | epoch 10 | batch 3720/4266 | loss 0.5233 | acc 0.9355 | lr 8.99e-05 | 258s
2026-09-18 22:16:15 | INFO    | epoch 10 | batch 3740/4266 | loss 0.5234 | acc 0.9354 | lr 8.99e-05 | 259s
2026-09-18 22:16:17 | INFO    | epoch 10 | batch 3760/4266 | loss 0.5234 | acc 0.9354 | lr 8.99e-05 | 261s
2026-09-18 22:16:18 | INFO    | epoch 10 | batch 3780/4266 | loss 0.5233 | acc 0.9354 | lr 8.98e-05 | 262s
2026-09-18 22:16:20 | INFO    | epoch 10 | batch 3800/4266 | loss 0.5232 | acc 0.9355 | lr 8.98e-05 | 263s
2026-09-18 22:16:21 | INFO    | epoch 10 | batch 3820/4266 | loss 0.5230 | acc 0.9356 | lr 8.98e-05 | 265s
2026-09-18 22:16:22 | INFO    | epoch 10 | batch 3840/4266 | loss 0.5230 | acc 0.9356 | lr 8.98e-05 | 266s
2026-09-18 22:16:24 | INFO    | epoch 10 | batch 3860/4266 | loss 0.5230 | acc 0.9356 | lr 8.98e-05 | 268s
2026-09-18 22:16:25 | INFO    | epoch 10 | batch 3880/4266 | loss 0.5232 | acc 0.9355 | lr 8.98e-05 | 269s
2026-09-18 22:16:26 | INFO    | epoch 10 | batch 3900/4266 | loss 0.5231 | acc 0.9355 | lr 8.98e-05 | 270s
2026-09-18 22:16:28 | INFO    | epoch 10 | batch 3920/4266 | loss 0.5230 | acc 0.9355 | lr 8.98e-05 | 272s
2026-09-18 22:16:29 | INFO    | epoch 10 | batch 3940/4266 | loss 0.5229 | acc 0.9356 | lr 8.98e-05 | 273s
2026-09-18 22:16:31 | INFO    | epoch 10 | batch 3960/4266 | loss 0.5229 | acc 0.9356 | lr 8.97e-05 | 275s
2026-09-18 22:16:32 | INFO    | epoch 10 | batch 3980/4266 | loss 0.5229 | acc 0.9356 | lr 8.97e-05 | 276s
2026-09-18 22:16:34 | INFO    | epoch 10 | batch 4000/4266 | loss 0.5230 | acc 0.9356 | lr 8.97e-05 | 277s
2026-09-18 22:16:35 | INFO    | epoch 10 | batch 4020/4266 | loss 0.5228 | acc 0.9357 | lr 8.97e-05 | 279s
2026-09-18 22:16:36 | INFO    | epoch 10 | batch 4040/4266 | loss 0.5228 | acc 0.9357 | lr 8.97e-05 | 280s
2026-09-18 22:16:38 | INFO    | epoch 10 | batch 4060/4266 | loss 0.5230 | acc 0.9356 | lr 8.97e-05 | 282s
2026-09-18 22:16:39 | INFO    | epoch 10 | batch 4080/4266 | loss 0.5229 | acc 0.9356 | lr 8.97e-05 | 283s
2026-09-18 22:16:41 | INFO    | epoch 10 | batch 4100/4266 | loss 0.5228 | acc 0.9356 | lr 8.97e-05 | 284s
2026-09-18 22:16:42 | INFO    | epoch 10 | batch 4120/4266 | loss 0.5229 | acc 0.9356 | lr 8.96e-05 | 286s
2026-09-18 22:16:43 | INFO    | epoch 10 | batch 4140/4266 | loss 0.5228 | acc 0.9356 | lr 8.96e-05 | 287s
2026-09-18 22:16:45 | INFO    | epoch 10 | batch 4160/4266 | loss 0.5229 | acc 0.9356 | lr 8.96e-05 | 289s
2026-09-18 22:16:46 | INFO    | epoch 10 | batch 4180/4266 | loss 0.5230 | acc 0.9356 | lr 8.96e-05 | 290s
2026-09-18 22:16:48 | INFO    | epoch 10 | batch 4200/4266 | loss 0.5230 | acc 0.9356 | lr 8.96e-05 | 292s
2026-09-18 22:16:49 | INFO    | epoch 10 | batch 4220/4266 | loss 0.5229 | acc 0.9356 | lr 8.96e-05 | 293s
2026-09-18 22:16:51 | INFO    | epoch 10 | batch 4240/4266 | loss 0.5229 | acc 0.9356 | lr 8.96e-05 | 294s
2026-09-18 22:16:52 | INFO    | epoch 10 | batch 4260/4266 | loss 0.5229 | acc 0.9356 | lr 8.96e-05 | 296s
2026-09-18 22:16:52 | INFO    | epoch 10 | batch 4266/4266 | loss 0.5229 | acc 0.9356 | lr 8.96e-05 | 296s
2026-09-18 22:17:02 | INFO    | epoch 10/40 done in 306s | train loss 0.5229 | train running patch (aug): accuracy=0.9356 precision=0.9347 recall=0.9332 f1=0.9339
2026-09-18 22:17:02 | INFO    | epoch 10 train (eval, no aug) | loss 0.4540 | patch[7280]: accuracy=0.9694 precision=0.9688 recall=0.9700 f1=0.9694 | image[455]: accuracy=1.0000 precision=1.0000 recall=1.0000 f1=1.0000
2026-09-18 22:17:02 | INFO    | epoch 10 val | loss 1.1328 | patch[8448]: accuracy=0.6804 precision=0.6579 recall=0.6589 f1=0.6583 | image[96]: accuracy=0.6979 precision=0.6752 recall=0.6740 f1=0.6744
2026-09-18 22:17:02 | INFO    | val_patch_f1 = 0.6583 (best 0.6594 @ epoch 9)
2026-09-18 22:17:04 | INFO    | epoch 11 | batch 20/4266 | loss 0.5143 | acc 0.9375 | lr 8.96e-05 | 1s
2026-09-18 22:17:05 | INFO    | epoch 11 | batch 40/4266 | loss 0.5188 | acc 0.9398 | lr 8.95e-05 | 3s
2026-09-18 22:17:06 | INFO    | epoch 11 | batch 60/4266 | loss 0.5171 | acc 0.9437 | lr 8.95e-05 | 4s
2026-09-18 22:17:08 | INFO    | epoch 11 | batch 80/4266 | loss 0.5114 | acc 0.9453 | lr 8.95e-05 | 6s
2026-09-18 22:17:09 | INFO    | epoch 11 | batch 100/4266 | loss 0.5112 | acc 0.9437 | lr 8.95e-05 | 7s
2026-09-18 22:17:11 | INFO    | epoch 11 | batch 120/4266 | loss 0.5152 | acc 0.9409 | lr 8.95e-05 | 8s
2026-09-18 22:17:12 | INFO    | epoch 11 | batch 140/4266 | loss 0.5150 | acc 0.9417 | lr 8.95e-05 | 10s
2026-09-18 22:17:13 | INFO    | epoch 11 | batch 160/4266 | loss 0.5154 | acc 0.9420 | lr 8.95e-05 | 11s
2026-09-18 22:17:15 | INFO    | epoch 11 | batch 180/4266 | loss 0.5182 | acc 0.9399 | lr 8.95e-05 | 12s
2026-09-18 22:17:16 | INFO    | epoch 11 | batch 200/4266 | loss 0.5171 | acc 0.9403 | lr 8.94e-05 | 14s
2026-09-18 22:17:17 | INFO    | epoch 11 | batch 220/4266 | loss 0.5180 | acc 0.9396 | lr 8.94e-05 | 15s
2026-09-18 22:17:19 | INFO    | epoch 11 | batch 240/4266 | loss 0.5182 | acc 0.9395 | lr 8.94e-05 | 17s
2026-09-18 22:17:20 | INFO    | epoch 11 | batch 260/4266 | loss 0.5176 | acc 0.9398 | lr 8.94e-05 | 18s
2026-09-18 22:17:21 | INFO    | epoch 11 | batch 280/4266 | loss 0.5185 | acc 0.9394 | lr 8.94e-05 | 19s
2026-09-18 22:17:23 | INFO    | epoch 11 | batch 300/4266 | loss 0.5191 | acc 0.9393 | lr 8.94e-05 | 21s
2026-09-18 22:17:24 | INFO    | epoch 11 | batch 320/4266 | loss 0.5174 | acc 0.9397 | lr 8.94e-05 | 22s
2026-09-18 22:17:26 | INFO    | epoch 11 | batch 340/4266 | loss 0.5175 | acc 0.9394 | lr 8.94e-05 | 23s
2026-09-18 22:17:27 | INFO    | epoch 11 | batch 360/4266 | loss 0.5166 | acc 0.9397 | lr 8.93e-05 | 25s
2026-09-18 22:17:28 | INFO    | epoch 11 | batch 380/4266 | loss 0.5175 | acc 0.9396 | lr 8.93e-05 | 26s
2026-09-18 22:17:29 | INFO    | epoch 11 | batch 400/4266 | loss 0.5177 | acc 0.9399 | lr 8.93e-05 | 27s
2026-09-18 22:17:31 | INFO    | epoch 11 | batch 420/4266 | loss 0.5167 | acc 0.9401 | lr 8.93e-05 | 29s
2026-09-18 22:17:32 | INFO    | epoch 11 | batch 440/4266 | loss 0.5170 | acc 0.9396 | lr 8.93e-05 | 30s
2026-09-18 22:17:33 | INFO    | epoch 11 | batch 460/4266 | loss 0.5165 | acc 0.9397 | lr 8.93e-05 | 31s
2026-09-18 22:17:35 | INFO    | epoch 11 | batch 480/4266 | loss 0.5164 | acc 0.9393 | lr 8.93e-05 | 33s
2026-09-18 22:17:36 | INFO    | epoch 11 | batch 500/4266 | loss 0.5157 | acc 0.9397 | lr 8.93e-05 | 34s
2026-09-18 22:17:38 | INFO    | epoch 11 | batch 520/4266 | loss 0.5155 | acc 0.9398 | lr 8.93e-05 | 35s
2026-09-18 22:17:39 | INFO    | epoch 11 | batch 540/4266 | loss 0.5153 | acc 0.9397 | lr 8.92e-05 | 37s
2026-09-18 22:17:40 | INFO    | epoch 11 | batch 560/4266 | loss 0.5151 | acc 0.9398 | lr 8.92e-05 | 38s
2026-09-18 22:17:42 | INFO    | epoch 11 | batch 580/4266 | loss 0.5158 | acc 0.9396 | lr 8.92e-05 | 39s
2026-09-18 22:17:43 | INFO    | epoch 11 | batch 600/4266 | loss 0.5158 | acc 0.9397 | lr 8.92e-05 | 41s
2026-09-18 22:17:44 | INFO    | epoch 11 | batch 620/4266 | loss 0.5150 | acc 0.9401 | lr 8.92e-05 | 42s
2026-09-18 22:17:46 | INFO    | epoch 11 | batch 640/4266 | loss 0.5147 | acc 0.9403 | lr 8.92e-05 | 43s
2026-09-18 22:17:47 | INFO    | epoch 11 | batch 660/4266 | loss 0.5150 | acc 0.9402 | lr 8.92e-05 | 45s
2026-09-18 22:17:48 | INFO    | epoch 11 | batch 680/4266 | loss 0.5142 | acc 0.9408 | lr 8.92e-05 | 46s
2026-09-18 22:17:50 | INFO    | epoch 11 | batch 700/4266 | loss 0.5144 | acc 0.9404 | lr 8.91e-05 | 48s
2026-09-18 22:17:51 | INFO    | epoch 11 | batch 720/4266 | loss 0.5144 | acc 0.9404 | lr 8.91e-05 | 49s
2026-09-18 22:17:53 | INFO    | epoch 11 | batch 740/4266 | loss 0.5149 | acc 0.9403 | lr 8.91e-05 | 50s
2026-09-18 22:17:54 | INFO    | epoch 11 | batch 760/4266 | loss 0.5144 | acc 0.9408 | lr 8.91e-05 | 52s
2026-09-18 22:17:55 | INFO    | epoch 11 | batch 780/4266 | loss 0.5144 | acc 0.9407 | lr 8.91e-05 | 53s
2026-09-18 22:17:57 | INFO    | epoch 11 | batch 800/4266 | loss 0.5145 | acc 0.9408 | lr 8.91e-05 | 54s
2026-09-18 22:17:58 | INFO    | epoch 11 | batch 820/4266 | loss 0.5145 | acc 0.9409 | lr 8.91e-05 | 56s
2026-09-18 22:17:59 | INFO    | epoch 11 | batch 840/4266 | loss 0.5143 | acc 0.9412 | lr 8.91e-05 | 57s
2026-09-18 22:18:01 | INFO    | epoch 11 | batch 860/4266 | loss 0.5141 | acc 0.9413 | lr 8.91e-05 | 58s
2026-09-18 22:18:02 | INFO    | epoch 11 | batch 880/4266 | loss 0.5145 | acc 0.9411 | lr 8.90e-05 | 60s
2026-09-18 22:18:03 | INFO    | epoch 11 | batch 900/4266 | loss 0.5148 | acc 0.9409 | lr 8.90e-05 | 61s
2026-09-18 22:18:05 | INFO    | epoch 11 | batch 920/4266 | loss 0.5147 | acc 0.9410 | lr 8.90e-05 | 62s
2026-09-18 22:18:06 | INFO    | epoch 11 | batch 940/4266 | loss 0.5148 | acc 0.9410 | lr 8.90e-05 | 64s
2026-09-18 22:18:07 | INFO    | epoch 11 | batch 960/4266 | loss 0.5155 | acc 0.9404 | lr 8.90e-05 | 65s
2026-09-18 22:18:09 | INFO    | epoch 11 | batch 980/4266 | loss 0.5152 | acc 0.9405 | lr 8.90e-05 | 67s
2026-09-18 22:18:10 | INFO    | epoch 11 | batch 1000/4266 | loss 0.5153 | acc 0.9404 | lr 8.90e-05 | 68s
2026-09-18 22:18:12 | INFO    | epoch 11 | batch 1020/4266 | loss 0.5155 | acc 0.9404 | lr 8.90e-05 | 69s
2026-09-18 22:18:13 | INFO    | epoch 11 | batch 1040/4266 | loss 0.5152 | acc 0.9404 | lr 8.89e-05 | 71s
2026-09-18 22:18:15 | INFO    | epoch 11 | batch 1060/4266 | loss 0.5153 | acc 0.9404 | lr 8.89e-05 | 72s
2026-09-18 22:18:16 | INFO    | epoch 11 | batch 1080/4266 | loss 0.5152 | acc 0.9404 | lr 8.89e-05 | 74s
2026-09-18 22:18:17 | INFO    | epoch 11 | batch 1100/4266 | loss 0.5151 | acc 0.9406 | lr 8.89e-05 | 75s
2026-09-18 22:18:19 | INFO    | epoch 11 | batch 1120/4266 | loss 0.5145 | acc 0.9408 | lr 8.89e-05 | 77s
2026-09-18 22:18:20 | INFO    | epoch 11 | batch 1140/4266 | loss 0.5147 | acc 0.9405 | lr 8.89e-05 | 78s
2026-09-18 22:18:22 | INFO    | epoch 11 | batch 1160/4266 | loss 0.5149 | acc 0.9405 | lr 8.89e-05 | 79s
2026-09-18 22:18:23 | INFO    | epoch 11 | batch 1180/4266 | loss 0.5151 | acc 0.9404 | lr 8.89e-05 | 81s
2026-09-18 22:18:24 | INFO    | epoch 11 | batch 1200/4266 | loss 0.5151 | acc 0.9404 | lr 8.88e-05 | 82s
2026-09-18 22:18:26 | INFO    | epoch 11 | batch 1220/4266 | loss 0.5152 | acc 0.9402 | lr 8.88e-05 | 84s
2026-09-18 22:18:27 | INFO    | epoch 11 | batch 1240/4266 | loss 0.5152 | acc 0.9402 | lr 8.88e-05 | 85s
2026-09-18 22:18:29 | INFO    | epoch 11 | batch 1260/4266 | loss 0.5150 | acc 0.9403 | lr 8.88e-05 | 87s
2026-09-18 22:18:30 | INFO    | epoch 11 | batch 1280/4266 | loss 0.5145 | acc 0.9406 | lr 8.88e-05 | 88s
2026-09-18 22:18:32 | INFO    | epoch 11 | batch 1300/4266 | loss 0.5147 | acc 0.9404 | lr 8.88e-05 | 89s
2026-09-18 22:18:33 | INFO    | epoch 11 | batch 1320/4266 | loss 0.5146 | acc 0.9403 | lr 8.88e-05 | 91s
2026-09-18 22:18:35 | INFO    | epoch 11 | batch 1340/4266 | loss 0.5148 | acc 0.9403 | lr 8.88e-05 | 92s
2026-09-18 22:18:36 | INFO    | epoch 11 | batch 1360/4266 | loss 0.5147 | acc 0.9405 | lr 8.87e-05 | 94s
2026-09-18 22:18:37 | INFO    | epoch 11 | batch 1380/4266 | loss 0.5150 | acc 0.9401 | lr 8.87e-05 | 95s
2026-09-18 22:18:39 | INFO    | epoch 11 | batch 1400/4266 | loss 0.5148 | acc 0.9403 | lr 8.87e-05 | 97s
2026-09-18 22:18:40 | INFO    | epoch 11 | batch 1420/4266 | loss 0.5150 | acc 0.9401 | lr 8.87e-05 | 98s
2026-09-18 22:18:42 | INFO    | epoch 11 | batch 1440/4266 | loss 0.5147 | acc 0.9401 | lr 8.87e-05 | 100s
2026-09-18 22:18:43 | INFO    | epoch 11 | batch 1460/4266 | loss 0.5149 | acc 0.9400 | lr 8.87e-05 | 101s
2026-09-18 22:18:45 | INFO    | epoch 11 | batch 1480/4266 | loss 0.5149 | acc 0.9398 | lr 8.87e-05 | 102s
2026-09-18 22:18:46 | INFO    | epoch 11 | batch 1500/4266 | loss 0.5148 | acc 0.9398 | lr 8.87e-05 | 104s
2026-09-18 22:18:48 | INFO    | epoch 11 | batch 1520/4266 | loss 0.5149 | acc 0.9398 | lr 8.87e-05 | 105s
2026-09-18 22:18:49 | INFO    | epoch 11 | batch 1540/4266 | loss 0.5144 | acc 0.9401 | lr 8.86e-05 | 107s
2026-09-18 22:18:50 | INFO    | epoch 11 | batch 1560/4266 | loss 0.5144 | acc 0.9401 | lr 8.86e-05 | 108s
2026-09-18 22:18:52 | INFO    | epoch 11 | batch 1580/4266 | loss 0.5143 | acc 0.9400 | lr 8.86e-05 | 110s
2026-09-18 22:18:53 | INFO    | epoch 11 | batch 1600/4266 | loss 0.5144 | acc 0.9400 | lr 8.86e-05 | 111s
2026-09-18 22:18:55 | INFO    | epoch 11 | batch 1620/4266 | loss 0.5143 | acc 0.9401 | lr 8.86e-05 | 112s
2026-09-18 22:18:56 | INFO    | epoch 11 | batch 1640/4266 | loss 0.5142 | acc 0.9402 | lr 8.86e-05 | 114s
2026-09-18 22:18:57 | INFO    | epoch 11 | batch 1660/4266 | loss 0.5142 | acc 0.9401 | lr 8.86e-05 | 115s
2026-09-18 22:18:59 | INFO    | epoch 11 | batch 1680/4266 | loss 0.5143 | acc 0.9400 | lr 8.86e-05 | 117s
2026-09-18 22:19:00 | INFO    | epoch 11 | batch 1700/4266 | loss 0.5142 | acc 0.9401 | lr 8.85e-05 | 118s
2026-09-18 22:19:02 | INFO    | epoch 11 | batch 1720/4266 | loss 0.5140 | acc 0.9402 | lr 8.85e-05 | 119s
2026-09-18 22:19:03 | INFO    | epoch 11 | batch 1740/4266 | loss 0.5139 | acc 0.9403 | lr 8.85e-05 | 121s
2026-09-18 22:19:04 | INFO    | epoch 11 | batch 1760/4266 | loss 0.5139 | acc 0.9404 | lr 8.85e-05 | 122s
2026-09-18 22:19:06 | INFO    | epoch 11 | batch 1780/4266 | loss 0.5139 | acc 0.9405 | lr 8.85e-05 | 123s
2026-09-18 22:19:07 | INFO    | epoch 11 | batch 1800/4266 | loss 0.5135 | acc 0.9407 | lr 8.85e-05 | 125s
2026-09-18 22:19:09 | INFO    | epoch 11 | batch 1820/4266 | loss 0.5134 | acc 0.9407 | lr 8.85e-05 | 126s
2026-09-18 22:19:10 | INFO    | epoch 11 | batch 1840/4266 | loss 0.5136 | acc 0.9406 | lr 8.85e-05 | 128s
2026-09-18 22:19:11 | INFO    | epoch 11 | batch 1860/4266 | loss 0.5138 | acc 0.9405 | lr 8.84e-05 | 129s
2026-09-18 22:19:13 | INFO    | epoch 11 | batch 1880/4266 | loss 0.5137 | acc 0.9405 | lr 8.84e-05 | 131s
2026-09-18 22:19:14 | INFO    | epoch 11 | batch 1900/4266 | loss 0.5134 | acc 0.9406 | lr 8.84e-05 | 132s
2026-09-18 22:19:15 | INFO    | epoch 11 | batch 1920/4266 | loss 0.5139 | acc 0.9404 | lr 8.84e-05 | 133s
2026-09-18 22:19:17 | INFO    | epoch 11 | batch 1940/4266 | loss 0.5139 | acc 0.9405 | lr 8.84e-05 | 135s
2026-09-18 22:19:18 | INFO    | epoch 11 | batch 1960/4266 | loss 0.5140 | acc 0.9404 | lr 8.84e-05 | 136s
2026-09-18 22:19:19 | INFO    | epoch 11 | batch 1980/4266 | loss 0.5143 | acc 0.9401 | lr 8.84e-05 | 137s
2026-09-18 22:19:21 | INFO    | epoch 11 | batch 2000/4266 | loss 0.5145 | acc 0.9399 | lr 8.84e-05 | 139s
2026-09-18 22:19:22 | INFO    | epoch 11 | batch 2020/4266 | loss 0.5145 | acc 0.9399 | lr 8.83e-05 | 140s
2026-09-18 22:19:24 | INFO    | epoch 11 | batch 2040/4266 | loss 0.5145 | acc 0.9399 | lr 8.83e-05 | 141s
2026-09-18 22:19:25 | INFO    | epoch 11 | batch 2060/4266 | loss 0.5146 | acc 0.9398 | lr 8.83e-05 | 143s
2026-09-18 22:19:26 | INFO    | epoch 11 | batch 2080/4266 | loss 0.5149 | acc 0.9396 | lr 8.83e-05 | 144s
2026-09-18 22:19:28 | INFO    | epoch 11 | batch 2100/4266 | loss 0.5148 | acc 0.9397 | lr 8.83e-05 | 146s
2026-09-18 22:19:29 | INFO    | epoch 11 | batch 2120/4266 | loss 0.5148 | acc 0.9397 | lr 8.83e-05 | 147s
2026-09-18 22:19:31 | INFO    | epoch 11 | batch 2140/4266 | loss 0.5148 | acc 0.9397 | lr 8.83e-05 | 148s
2026-09-18 22:19:32 | INFO    | epoch 11 | batch 2160/4266 | loss 0.5145 | acc 0.9398 | lr 8.83e-05 | 150s
2026-09-18 22:19:33 | INFO    | epoch 11 | batch 2180/4266 | loss 0.5145 | acc 0.9398 | lr 8.82e-05 | 151s
2026-09-18 22:19:35 | INFO    | epoch 11 | batch 2200/4266 | loss 0.5146 | acc 0.9397 | lr 8.82e-05 | 152s
2026-09-18 22:19:36 | INFO    | epoch 11 | batch 2220/4266 | loss 0.5145 | acc 0.9398 | lr 8.82e-05 | 154s
2026-09-18 22:19:37 | INFO    | epoch 11 | batch 2240/4266 | loss 0.5142 | acc 0.9399 | lr 8.82e-05 | 155s
2026-09-18 22:19:39 | INFO    | epoch 11 | batch 2260/4266 | loss 0.5140 | acc 0.9399 | lr 8.82e-05 | 157s
2026-09-18 22:19:40 | INFO    | epoch 11 | batch 2280/4266 | loss 0.5137 | acc 0.9402 | lr 8.82e-05 | 158s
2026-09-18 22:19:42 | INFO    | epoch 11 | batch 2300/4266 | loss 0.5135 | acc 0.9403 | lr 8.82e-05 | 159s
2026-09-18 22:19:43 | INFO    | epoch 11 | batch 2320/4266 | loss 0.5134 | acc 0.9403 | lr 8.82e-05 | 161s
2026-09-18 22:19:44 | INFO    | epoch 11 | batch 2340/4266 | loss 0.5133 | acc 0.9403 | lr 8.81e-05 | 162s
2026-09-18 22:19:46 | INFO    | epoch 11 | batch 2360/4266 | loss 0.5134 | acc 0.9403 | lr 8.81e-05 | 164s
2026-09-18 22:19:47 | INFO    | epoch 11 | batch 2380/4266 | loss 0.5132 | acc 0.9404 | lr 8.81e-05 | 165s
2026-09-18 22:19:49 | INFO    | epoch 11 | batch 2400/4266 | loss 0.5131 | acc 0.9404 | lr 8.81e-05 | 166s
2026-09-18 22:19:50 | INFO    | epoch 11 | batch 2420/4266 | loss 0.5132 | acc 0.9404 | lr 8.81e-05 | 168s
2026-09-18 22:19:51 | INFO    | epoch 11 | batch 2440/4266 | loss 0.5132 | acc 0.9403 | lr 8.81e-05 | 169s
2026-09-18 22:19:53 | INFO    | epoch 11 | batch 2460/4266 | loss 0.5132 | acc 0.9403 | lr 8.81e-05 | 171s
2026-09-18 22:19:54 | INFO    | epoch 11 | batch 2480/4266 | loss 0.5130 | acc 0.9403 | lr 8.81e-05 | 172s
2026-09-18 22:19:56 | INFO    | epoch 11 | batch 2500/4266 | loss 0.5131 | acc 0.9403 | lr 8.80e-05 | 173s
2026-09-18 22:19:57 | INFO    | epoch 11 | batch 2520/4266 | loss 0.5131 | acc 0.9403 | lr 8.80e-05 | 175s
2026-09-18 22:19:58 | INFO    | epoch 11 | batch 2540/4266 | loss 0.5130 | acc 0.9403 | lr 8.80e-05 | 176s
2026-09-18 22:20:00 | INFO    | epoch 11 | batch 2560/4266 | loss 0.5128 | acc 0.9405 | lr 8.80e-05 | 177s
2026-09-18 22:20:01 | INFO    | epoch 11 | batch 2580/4266 | loss 0.5127 | acc 0.9405 | lr 8.80e-05 | 179s
2026-09-18 22:20:02 | INFO    | epoch 11 | batch 2600/4266 | loss 0.5127 | acc 0.9405 | lr 8.80e-05 | 180s
2026-09-18 22:20:04 | INFO    | epoch 11 | batch 2620/4266 | loss 0.5128 | acc 0.9405 | lr 8.80e-05 | 181s
2026-09-18 22:20:05 | INFO    | epoch 11 | batch 2640/4266 | loss 0.5128 | acc 0.9405 | lr 8.80e-05 | 183s
2026-09-18 22:20:06 | INFO    | epoch 11 | batch 2660/4266 | loss 0.5129 | acc 0.9404 | lr 8.79e-05 | 184s
2026-09-18 22:20:08 | INFO    | epoch 11 | batch 2680/4266 | loss 0.5129 | acc 0.9404 | lr 8.79e-05 | 185s
2026-09-18 22:20:09 | INFO    | epoch 11 | batch 2700/4266 | loss 0.5129 | acc 0.9404 | lr 8.79e-05 | 187s
2026-09-18 22:20:10 | INFO    | epoch 11 | batch 2720/4266 | loss 0.5130 | acc 0.9403 | lr 8.79e-05 | 188s
2026-09-18 22:20:12 | INFO    | epoch 11 | batch 2740/4266 | loss 0.5129 | acc 0.9404 | lr 8.79e-05 | 190s
2026-09-18 22:20:13 | INFO    | epoch 11 | batch 2760/4266 | loss 0.5129 | acc 0.9403 | lr 8.79e-05 | 191s
2026-09-18 22:20:15 | INFO    | epoch 11 | batch 2780/4266 | loss 0.5129 | acc 0.9403 | lr 8.79e-05 | 192s
2026-09-18 22:20:16 | INFO    | epoch 11 | batch 2800/4266 | loss 0.5130 | acc 0.9402 | lr 8.79e-05 | 194s
2026-09-18 22:20:17 | INFO    | epoch 11 | batch 2820/4266 | loss 0.5130 | acc 0.9402 | lr 8.78e-05 | 195s
2026-09-18 22:20:19 | INFO    | epoch 11 | batch 2840/4266 | loss 0.5131 | acc 0.9403 | lr 8.78e-05 | 196s
2026-09-18 22:20:20 | INFO    | epoch 11 | batch 2860/4266 | loss 0.5131 | acc 0.9402 | lr 8.78e-05 | 198s
2026-09-18 22:20:21 | INFO    | epoch 11 | batch 2880/4266 | loss 0.5129 | acc 0.9404 | lr 8.78e-05 | 199s
2026-09-18 22:20:23 | INFO    | epoch 11 | batch 2900/4266 | loss 0.5128 | acc 0.9404 | lr 8.78e-05 | 201s
2026-09-18 22:20:24 | INFO    | epoch 11 | batch 2920/4266 | loss 0.5129 | acc 0.9404 | lr 8.78e-05 | 202s
2026-09-18 22:20:26 | INFO    | epoch 11 | batch 2940/4266 | loss 0.5128 | acc 0.9405 | lr 8.78e-05 | 203s
2026-09-18 22:20:27 | INFO    | epoch 11 | batch 2960/4266 | loss 0.5125 | acc 0.9405 | lr 8.78e-05 | 205s
2026-09-18 22:20:28 | INFO    | epoch 11 | batch 2980/4266 | loss 0.5124 | acc 0.9406 | lr 8.77e-05 | 206s
2026-09-18 22:20:30 | INFO    | epoch 11 | batch 3000/4266 | loss 0.5124 | acc 0.9405 | lr 8.77e-05 | 208s
2026-09-18 22:20:31 | INFO    | epoch 11 | batch 3020/4266 | loss 0.5123 | acc 0.9406 | lr 8.77e-05 | 209s
2026-09-18 22:20:33 | INFO    | epoch 11 | batch 3040/4266 | loss 0.5121 | acc 0.9406 | lr 8.77e-05 | 210s
2026-09-18 22:20:34 | INFO    | epoch 11 | batch 3060/4266 | loss 0.5123 | acc 0.9406 | lr 8.77e-05 | 212s
2026-09-18 22:20:35 | INFO    | epoch 11 | batch 3080/4266 | loss 0.5121 | acc 0.9406 | lr 8.77e-05 | 213s
2026-09-18 22:20:37 | INFO    | epoch 11 | batch 3100/4266 | loss 0.5120 | acc 0.9407 | lr 8.77e-05 | 215s
2026-09-18 22:20:38 | INFO    | epoch 11 | batch 3120/4266 | loss 0.5119 | acc 0.9408 | lr 8.77e-05 | 216s
2026-09-18 22:20:40 | INFO    | epoch 11 | batch 3140/4266 | loss 0.5119 | acc 0.9408 | lr 8.76e-05 | 217s
2026-09-18 22:20:41 | INFO    | epoch 11 | batch 3160/4266 | loss 0.5118 | acc 0.9408 | lr 8.76e-05 | 219s
2026-09-18 22:20:42 | INFO    | epoch 11 | batch 3180/4266 | loss 0.5117 | acc 0.9409 | lr 8.76e-05 | 220s
2026-09-18 22:20:44 | INFO    | epoch 11 | batch 3200/4266 | loss 0.5117 | acc 0.9408 | lr 8.76e-05 | 222s
2026-09-18 22:20:45 | INFO    | epoch 11 | batch 3220/4266 | loss 0.5115 | acc 0.9409 | lr 8.76e-05 | 223s
2026-09-18 22:20:47 | INFO    | epoch 11 | batch 3240/4266 | loss 0.5114 | acc 0.9409 | lr 8.76e-05 | 224s
2026-09-18 22:20:48 | INFO    | epoch 11 | batch 3260/4266 | loss 0.5114 | acc 0.9410 | lr 8.76e-05 | 226s
2026-09-18 22:20:49 | INFO    | epoch 11 | batch 3280/4266 | loss 0.5114 | acc 0.9409 | lr 8.76e-05 | 227s
2026-09-18 22:20:51 | INFO    | epoch 11 | batch 3300/4266 | loss 0.5114 | acc 0.9409 | lr 8.75e-05 | 229s
2026-09-18 22:20:52 | INFO    | epoch 11 | batch 3320/4266 | loss 0.5114 | acc 0.9409 | lr 8.75e-05 | 230s
2026-09-18 22:20:54 | INFO    | epoch 11 | batch 3340/4266 | loss 0.5113 | acc 0.9410 | lr 8.75e-05 | 232s
2026-09-18 22:20:55 | INFO    | epoch 11 | batch 3360/4266 | loss 0.5113 | acc 0.9410 | lr 8.75e-05 | 233s
2026-09-18 22:20:56 | INFO    | epoch 11 | batch 3380/4266 | loss 0.5113 | acc 0.9410 | lr 8.75e-05 | 234s
2026-09-18 22:20:58 | INFO    | epoch 11 | batch 3400/4266 | loss 0.5113 | acc 0.9410 | lr 8.75e-05 | 236s
2026-09-18 22:20:59 | INFO    | epoch 11 | batch 3420/4266 | loss 0.5113 | acc 0.9410 | lr 8.75e-05 | 237s
2026-09-18 22:21:01 | INFO    | epoch 11 | batch 3440/4266 | loss 0.5113 | acc 0.9410 | lr 8.75e-05 | 239s
2026-09-18 22:21:02 | INFO    | epoch 11 | batch 3460/4266 | loss 0.5113 | acc 0.9410 | lr 8.74e-05 | 240s
2026-09-18 22:21:04 | INFO    | epoch 11 | batch 3480/4266 | loss 0.5114 | acc 0.9410 | lr 8.74e-05 | 241s
2026-09-18 22:21:05 | INFO    | epoch 11 | batch 3500/4266 | loss 0.5114 | acc 0.9410 | lr 8.74e-05 | 243s
2026-09-18 22:21:06 | INFO    | epoch 11 | batch 3520/4266 | loss 0.5113 | acc 0.9410 | lr 8.74e-05 | 244s
2026-09-18 22:21:08 | INFO    | epoch 11 | batch 3540/4266 | loss 0.5115 | acc 0.9409 | lr 8.74e-05 | 245s
2026-09-18 22:21:09 | INFO    | epoch 11 | batch 3560/4266 | loss 0.5113 | acc 0.9410 | lr 8.74e-05 | 247s
2026-09-18 22:21:10 | INFO    | epoch 11 | batch 3580/4266 | loss 0.5113 | acc 0.9410 | lr 8.74e-05 | 248s
2026-09-18 22:21:12 | INFO    | epoch 11 | batch 3600/4266 | loss 0.5113 | acc 0.9410 | lr 8.73e-05 | 250s
2026-09-18 22:21:13 | INFO    | epoch 11 | batch 3620/4266 | loss 0.5115 | acc 0.9409 | lr 8.73e-05 | 251s
2026-09-18 22:21:15 | INFO    | epoch 11 | batch 3640/4266 | loss 0.5115 | acc 0.9408 | lr 8.73e-05 | 252s
2026-09-18 22:21:16 | INFO    | epoch 11 | batch 3660/4266 | loss 0.5115 | acc 0.9408 | lr 8.73e-05 | 254s
2026-09-18 22:21:18 | INFO    | epoch 11 | batch 3680/4266 | loss 0.5114 | acc 0.9409 | lr 8.73e-05 | 255s
2026-09-18 22:21:19 | INFO    | epoch 11 | batch 3700/4266 | loss 0.5113 | acc 0.9409 | lr 8.73e-05 | 257s
2026-09-18 22:21:20 | INFO    | epoch 11 | batch 3720/4266 | loss 0.5113 | acc 0.9409 | lr 8.73e-05 | 258s
2026-09-18 22:21:22 | INFO    | epoch 11 | batch 3740/4266 | loss 0.5112 | acc 0.9410 | lr 8.73e-05 | 260s
2026-09-18 22:21:23 | INFO    | epoch 11 | batch 3760/4266 | loss 0.5111 | acc 0.9410 | lr 8.72e-05 | 261s
2026-09-18 22:21:25 | INFO    | epoch 11 | batch 3780/4266 | loss 0.5112 | acc 0.9409 | lr 8.72e-05 | 262s
2026-09-18 22:21:26 | INFO    | epoch 11 | batch 3800/4266 | loss 0.5112 | acc 0.9409 | lr 8.72e-05 | 264s
2026-09-18 22:21:27 | INFO    | epoch 11 | batch 3820/4266 | loss 0.5113 | acc 0.9409 | lr 8.72e-05 | 265s
2026-09-18 22:21:29 | INFO    | epoch 11 | batch 3840/4266 | loss 0.5112 | acc 0.9410 | lr 8.72e-05 | 267s
2026-09-18 22:21:30 | INFO    | epoch 11 | batch 3860/4266 | loss 0.5111 | acc 0.9410 | lr 8.72e-05 | 268s
2026-09-18 22:21:32 | INFO    | epoch 11 | batch 3880/4266 | loss 0.5111 | acc 0.9410 | lr 8.72e-05 | 269s
2026-09-18 22:21:33 | INFO    | epoch 11 | batch 3900/4266 | loss 0.5112 | acc 0.9409 | lr 8.72e-05 | 271s
2026-09-18 22:21:34 | INFO    | epoch 11 | batch 3920/4266 | loss 0.5112 | acc 0.9409 | lr 8.71e-05 | 272s
2026-09-18 22:21:36 | INFO    | epoch 11 | batch 3940/4266 | loss 0.5112 | acc 0.9409 | lr 8.71e-05 | 273s
2026-09-18 22:21:37 | INFO    | epoch 11 | batch 3960/4266 | loss 0.5111 | acc 0.9410 | lr 8.71e-05 | 275s
2026-09-18 22:21:38 | INFO    | epoch 11 | batch 3980/4266 | loss 0.5111 | acc 0.9410 | lr 8.71e-05 | 276s
2026-09-18 22:21:40 | INFO    | epoch 11 | batch 4000/4266 | loss 0.5112 | acc 0.9409 | lr 8.71e-05 | 278s
2026-09-18 22:21:41 | INFO    | epoch 11 | batch 4020/4266 | loss 0.5112 | acc 0.9409 | lr 8.71e-05 | 279s
2026-09-18 22:21:43 | INFO    | epoch 11 | batch 4040/4266 | loss 0.5113 | acc 0.9409 | lr 8.71e-05 | 280s
2026-09-18 22:21:44 | INFO    | epoch 11 | batch 4060/4266 | loss 0.5114 | acc 0.9408 | lr 8.71e-05 | 282s
2026-09-18 22:21:45 | INFO    | epoch 11 | batch 4080/4266 | loss 0.5114 | acc 0.9408 | lr 8.70e-05 | 283s
2026-09-18 22:21:47 | INFO    | epoch 11 | batch 4100/4266 | loss 0.5113 | acc 0.9409 | lr 8.70e-05 | 284s
2026-09-18 22:21:48 | INFO    | epoch 11 | batch 4120/4266 | loss 0.5114 | acc 0.9409 | lr 8.70e-05 | 286s
2026-09-18 22:21:49 | INFO    | epoch 11 | batch 4140/4266 | loss 0.5114 | acc 0.9408 | lr 8.70e-05 | 287s
2026-09-18 22:21:51 | INFO    | epoch 11 | batch 4160/4266 | loss 0.5114 | acc 0.9409 | lr 8.70e-05 | 288s
2026-09-18 22:21:52 | INFO    | epoch 11 | batch 4180/4266 | loss 0.5114 | acc 0.9409 | lr 8.70e-05 | 290s
2026-09-18 22:21:54 | INFO    | epoch 11 | batch 4200/4266 | loss 0.5113 | acc 0.9409 | lr 8.70e-05 | 291s
2026-09-18 22:21:55 | INFO    | epoch 11 | batch 4220/4266 | loss 0.5112 | acc 0.9410 | lr 8.69e-05 | 293s
2026-09-18 22:21:56 | INFO    | epoch 11 | batch 4240/4266 | loss 0.5113 | acc 0.9410 | lr 8.69e-05 | 294s
2026-09-18 22:21:58 | INFO    | epoch 11 | batch 4260/4266 | loss 0.5112 | acc 0.9410 | lr 8.69e-05 | 295s
2026-09-18 22:21:58 | INFO    | epoch 11 | batch 4266/4266 | loss 0.5112 | acc 0.9411 | lr 8.69e-05 | 296s
2026-09-18 22:22:08 | INFO    | epoch 11/40 done in 306s | train loss 0.5112 | train running patch (aug): accuracy=0.9411 precision=0.9402 recall=0.9389 f1=0.9395
2026-09-18 22:22:08 | INFO    | epoch 11 train (eval, no aug) | loss 0.4872 | patch[7280]: accuracy=0.9525 precision=0.9533 recall=0.9544 f1=0.9534 | image[455]: accuracy=0.9934 precision=0.9941 recall=0.9928 f1=0.9934
2026-09-18 22:22:08 | INFO    | epoch 11 val | loss 1.1634 | patch[8448]: accuracy=0.6797 precision=0.6571 recall=0.6596 f1=0.6557 | image[96]: accuracy=0.7083 precision=0.6921 recall=0.6935 f1=0.6894
2026-09-18 22:22:08 | INFO    | val_patch_f1 = 0.6557 (best 0.6594 @ epoch 9)
2026-09-18 22:22:09 | INFO    | epoch 12 | batch 20/4266 | loss 0.4991 | acc 0.9484 | lr 8.69e-05 | 1s
2026-09-18 22:22:11 | INFO    | epoch 12 | batch 40/4266 | loss 0.4958 | acc 0.9523 | lr 8.69e-05 | 3s
2026-09-18 22:22:12 | INFO    | epoch 12 | batch 60/4266 | loss 0.4952 | acc 0.9516 | lr 8.69e-05 | 4s
2026-09-18 22:22:13 | INFO    | epoch 12 | batch 80/4266 | loss 0.4941 | acc 0.9535 | lr 8.69e-05 | 6s
2026-09-18 22:22:15 | INFO    | epoch 12 | batch 100/4266 | loss 0.4930 | acc 0.9537 | lr 8.69e-05 | 7s
2026-09-18 22:22:16 | INFO    | epoch 12 | batch 120/4266 | loss 0.4970 | acc 0.9500 | lr 8.68e-05 | 8s
2026-09-18 22:22:17 | INFO    | epoch 12 | batch 140/4266 | loss 0.4960 | acc 0.9509 | lr 8.68e-05 | 10s
2026-09-18 22:22:19 | INFO    | epoch 12 | batch 160/4266 | loss 0.4950 | acc 0.9506 | lr 8.68e-05 | 11s
2026-09-18 22:22:20 | INFO    | epoch 12 | batch 180/4266 | loss 0.4951 | acc 0.9503 | lr 8.68e-05 | 12s
2026-09-18 22:22:21 | INFO    | epoch 12 | batch 200/4266 | loss 0.4953 | acc 0.9498 | lr 8.68e-05 | 13s
2026-09-18 22:22:23 | INFO    | epoch 12 | batch 220/4266 | loss 0.4985 | acc 0.9479 | lr 8.68e-05 | 15s
2026-09-18 22:22:24 | INFO    | epoch 12 | batch 240/4266 | loss 0.4976 | acc 0.9490 | lr 8.68e-05 | 16s
2026-09-18 22:22:25 | INFO    | epoch 12 | batch 260/4266 | loss 0.4980 | acc 0.9488 | lr 8.67e-05 | 17s
2026-09-18 22:22:27 | INFO    | epoch 12 | batch 280/4266 | loss 0.4974 | acc 0.9491 | lr 8.67e-05 | 19s
2026-09-18 22:22:28 | INFO    | epoch 12 | batch 300/4266 | loss 0.4974 | acc 0.9497 | lr 8.67e-05 | 20s
2026-09-18 22:22:29 | INFO    | epoch 12 | batch 320/4266 | loss 0.4986 | acc 0.9494 | lr 8.67e-05 | 22s
2026-09-18 22:22:31 | INFO    | epoch 12 | batch 340/4266 | loss 0.4980 | acc 0.9495 | lr 8.67e-05 | 23s
2026-09-18 22:22:32 | INFO    | epoch 12 | batch 360/4266 | loss 0.4974 | acc 0.9498 | lr 8.67e-05 | 24s
2026-09-18 22:22:34 | INFO    | epoch 12 | batch 380/4266 | loss 0.4976 | acc 0.9495 | lr 8.67e-05 | 26s
2026-09-18 22:22:35 | INFO    | epoch 12 | batch 400/4266 | loss 0.4990 | acc 0.9490 | lr 8.67e-05 | 27s
2026-09-18 22:22:36 | INFO    | epoch 12 | batch 420/4266 | loss 0.4979 | acc 0.9496 | lr 8.66e-05 | 28s
2026-09-18 22:22:38 | INFO    | epoch 12 | batch 440/4266 | loss 0.4982 | acc 0.9491 | lr 8.66e-05 | 30s
2026-09-18 22:22:39 | INFO    | epoch 12 | batch 460/4266 | loss 0.4979 | acc 0.9494 | lr 8.66e-05 | 31s
2026-09-18 22:22:40 | INFO    | epoch 12 | batch 480/4266 | loss 0.4980 | acc 0.9493 | lr 8.66e-05 | 32s
2026-09-18 22:22:42 | INFO    | epoch 12 | batch 500/4266 | loss 0.4988 | acc 0.9489 | lr 8.66e-05 | 34s
2026-09-18 22:22:43 | INFO    | epoch 12 | batch 520/4266 | loss 0.4983 | acc 0.9487 | lr 8.66e-05 | 35s
2026-09-18 22:22:44 | INFO    | epoch 12 | batch 540/4266 | loss 0.4985 | acc 0.9487 | lr 8.66e-05 | 36s
2026-09-18 22:22:46 | INFO    | epoch 12 | batch 560/4266 | loss 0.4978 | acc 0.9491 | lr 8.66e-05 | 38s
2026-09-18 22:22:47 | INFO    | epoch 12 | batch 580/4266 | loss 0.4979 | acc 0.9485 | lr 8.65e-05 | 39s
2026-09-18 22:22:48 | INFO    | epoch 12 | batch 600/4266 | loss 0.4979 | acc 0.9484 | lr 8.65e-05 | 40s
2026-09-18 22:22:50 | INFO    | epoch 12 | batch 620/4266 | loss 0.4979 | acc 0.9483 | lr 8.65e-05 | 42s
2026-09-18 22:22:51 | INFO    | epoch 12 | batch 640/4266 | loss 0.4986 | acc 0.9480 | lr 8.65e-05 | 43s
2026-09-18 22:22:52 | INFO    | epoch 12 | batch 660/4266 | loss 0.4990 | acc 0.9478 | lr 8.65e-05 | 45s
2026-09-18 22:22:54 | INFO    | epoch 12 | batch 680/4266 | loss 0.4990 | acc 0.9477 | lr 8.65e-05 | 46s
2026-09-18 22:22:55 | INFO    | epoch 12 | batch 700/4266 | loss 0.4986 | acc 0.9480 | lr 8.65e-05 | 47s
2026-09-18 22:22:56 | INFO    | epoch 12 | batch 720/4266 | loss 0.4986 | acc 0.9482 | lr 8.64e-05 | 49s
2026-09-18 22:22:58 | INFO    | epoch 12 | batch 740/4266 | loss 0.4985 | acc 0.9481 | lr 8.64e-05 | 50s
2026-09-18 22:22:59 | INFO    | epoch 12 | batch 760/4266 | loss 0.4997 | acc 0.9477 | lr 8.64e-05 | 51s
2026-09-18 22:23:00 | INFO    | epoch 12 | batch 780/4266 | loss 0.5000 | acc 0.9474 | lr 8.64e-05 | 53s
2026-09-18 22:23:02 | INFO    | epoch 12 | batch 800/4266 | loss 0.5001 | acc 0.9473 | lr 8.64e-05 | 54s
2026-09-18 22:23:03 | INFO    | epoch 12 | batch 820/4266 | loss 0.5005 | acc 0.9470 | lr 8.64e-05 | 55s
2026-09-18 22:23:05 | INFO    | epoch 12 | batch 840/4266 | loss 0.5007 | acc 0.9468 | lr 8.64e-05 | 57s
2026-09-18 22:23:06 | INFO    | epoch 12 | batch 860/4266 | loss 0.5005 | acc 0.9472 | lr 8.64e-05 | 58s
2026-09-18 22:23:07 | INFO    | epoch 12 | batch 880/4266 | loss 0.5000 | acc 0.9477 | lr 8.63e-05 | 60s
2026-09-18 22:23:09 | INFO    | epoch 12 | batch 900/4266 | loss 0.4997 | acc 0.9476 | lr 8.63e-05 | 61s
2026-09-18 22:23:10 | INFO    | epoch 12 | batch 920/4266 | loss 0.4992 | acc 0.9479 | lr 8.63e-05 | 62s
2026-09-18 22:23:12 | INFO    | epoch 12 | batch 940/4266 | loss 0.4990 | acc 0.9482 | lr 8.63e-05 | 64s
2026-09-18 22:23:13 | INFO    | epoch 12 | batch 960/4266 | loss 0.4990 | acc 0.9482 | lr 8.63e-05 | 65s
2026-09-18 22:23:14 | INFO    | epoch 12 | batch 980/4266 | loss 0.4989 | acc 0.9484 | lr 8.63e-05 | 66s
2026-09-18 22:23:16 | INFO    | epoch 12 | batch 1000/4266 | loss 0.4992 | acc 0.9483 | lr 8.63e-05 | 68s
2026-09-18 22:23:17 | INFO    | epoch 12 | batch 1020/4266 | loss 0.4993 | acc 0.9483 | lr 8.62e-05 | 69s
2026-09-18 22:23:18 | INFO    | epoch 12 | batch 1040/4266 | loss 0.4988 | acc 0.9484 | lr 8.62e-05 | 70s
2026-09-18 22:23:20 | INFO    | epoch 12 | batch 1060/4266 | loss 0.4991 | acc 0.9484 | lr 8.62e-05 | 72s
2026-09-18 22:23:21 | INFO    | epoch 12 | batch 1080/4266 | loss 0.4988 | acc 0.9486 | lr 8.62e-05 | 73s
2026-09-18 22:23:22 | INFO    | epoch 12 | batch 1100/4266 | loss 0.4988 | acc 0.9486 | lr 8.62e-05 | 74s
2026-09-18 22:23:24 | INFO    | epoch 12 | batch 1120/4266 | loss 0.4991 | acc 0.9483 | lr 8.62e-05 | 76s
2026-09-18 22:23:25 | INFO    | epoch 12 | batch 1140/4266 | loss 0.4990 | acc 0.9485 | lr 8.62e-05 | 77s
2026-09-18 22:23:26 | INFO    | epoch 12 | batch 1160/4266 | loss 0.4988 | acc 0.9486 | lr 8.62e-05 | 79s
2026-09-18 22:23:28 | INFO    | epoch 12 | batch 1180/4266 | loss 0.4990 | acc 0.9485 | lr 8.61e-05 | 80s
2026-09-18 22:23:29 | INFO    | epoch 12 | batch 1200/4266 | loss 0.4997 | acc 0.9481 | lr 8.61e-05 | 81s
2026-09-18 22:23:31 | INFO    | epoch 12 | batch 1220/4266 | loss 0.4997 | acc 0.9480 | lr 8.61e-05 | 83s
2026-09-18 22:23:32 | INFO    | epoch 12 | batch 1240/4266 | loss 0.4997 | acc 0.9480 | lr 8.61e-05 | 84s
2026-09-18 22:23:33 | INFO    | epoch 12 | batch 1260/4266 | loss 0.5003 | acc 0.9476 | lr 8.61e-05 | 85s
2026-09-18 22:23:35 | INFO    | epoch 12 | batch 1280/4266 | loss 0.5000 | acc 0.9477 | lr 8.61e-05 | 87s
2026-09-18 22:23:36 | INFO    | epoch 12 | batch 1300/4266 | loss 0.5000 | acc 0.9478 | lr 8.61e-05 | 88s
2026-09-18 22:23:37 | INFO    | epoch 12 | batch 1320/4266 | loss 0.5003 | acc 0.9477 | lr 8.60e-05 | 90s
2026-09-18 22:23:39 | INFO    | epoch 12 | batch 1340/4266 | loss 0.5002 | acc 0.9478 | lr 8.60e-05 | 91s
2026-09-18 22:23:40 | INFO    | epoch 12 | batch 1360/4266 | loss 0.5006 | acc 0.9476 | lr 8.60e-05 | 92s
2026-09-18 22:23:42 | INFO    | epoch 12 | batch 1380/4266 | loss 0.5001 | acc 0.9478 | lr 8.60e-05 | 94s
2026-09-18 22:23:43 | INFO    | epoch 12 | batch 1400/4266 | loss 0.5005 | acc 0.9477 | lr 8.60e-05 | 95s
2026-09-18 22:23:44 | INFO    | epoch 12 | batch 1420/4266 | loss 0.5006 | acc 0.9476 | lr 8.60e-05 | 96s
2026-09-18 22:23:46 | INFO    | epoch 12 | batch 1440/4266 | loss 0.5003 | acc 0.9478 | lr 8.60e-05 | 98s
2026-09-18 22:23:47 | INFO    | epoch 12 | batch 1460/4266 | loss 0.5002 | acc 0.9479 | lr 8.60e-05 | 99s
2026-09-18 22:23:48 | INFO    | epoch 12 | batch 1480/4266 | loss 0.5001 | acc 0.9480 | lr 8.59e-05 | 100s
2026-09-18 22:23:50 | INFO    | epoch 12 | batch 1500/4266 | loss 0.5003 | acc 0.9477 | lr 8.59e-05 | 102s
2026-09-18 22:23:51 | INFO    | epoch 12 | batch 1520/4266 | loss 0.5001 | acc 0.9479 | lr 8.59e-05 | 103s
2026-09-18 22:23:52 | INFO    | epoch 12 | batch 1540/4266 | loss 0.4999 | acc 0.9479 | lr 8.59e-05 | 105s
2026-09-18 22:23:54 | INFO    | epoch 12 | batch 1560/4266 | loss 0.4999 | acc 0.9478 | lr 8.59e-05 | 106s
2026-09-18 22:23:55 | INFO    | epoch 12 | batch 1580/4266 | loss 0.4997 | acc 0.9479 | lr 8.59e-05 | 107s
2026-09-18 22:23:57 | INFO    | epoch 12 | batch 1600/4266 | loss 0.4996 | acc 0.9481 | lr 8.59e-05 | 109s
2026-09-18 22:23:58 | INFO    | epoch 12 | batch 1620/4266 | loss 0.4991 | acc 0.9483 | lr 8.58e-05 | 110s
2026-09-18 22:23:59 | INFO    | epoch 12 | batch 1640/4266 | loss 0.4994 | acc 0.9482 | lr 8.58e-05 | 111s
2026-09-18 22:24:01 | INFO    | epoch 12 | batch 1660/4266 | loss 0.4994 | acc 0.9482 | lr 8.58e-05 | 113s
2026-09-18 22:24:02 | INFO    | epoch 12 | batch 1680/4266 | loss 0.4992 | acc 0.9483 | lr 8.58e-05 | 114s
2026-09-18 22:24:03 | INFO    | epoch 12 | batch 1700/4266 | loss 0.4993 | acc 0.9482 | lr 8.58e-05 | 116s
2026-09-18 22:24:05 | INFO    | epoch 12 | batch 1720/4266 | loss 0.4993 | acc 0.9482 | lr 8.58e-05 | 117s
2026-09-18 22:24:06 | INFO    | epoch 12 | batch 1740/4266 | loss 0.4992 | acc 0.9482 | lr 8.58e-05 | 118s
2026-09-18 22:24:07 | INFO    | epoch 12 | batch 1760/4266 | loss 0.4992 | acc 0.9482 | lr 8.58e-05 | 120s
2026-09-18 22:24:09 | INFO    | epoch 12 | batch 1780/4266 | loss 0.4991 | acc 0.9483 | lr 8.57e-05 | 121s
2026-09-18 22:24:10 | INFO    | epoch 12 | batch 1800/4266 | loss 0.4990 | acc 0.9483 | lr 8.57e-05 | 122s
2026-09-18 22:24:11 | INFO    | epoch 12 | batch 1820/4266 | loss 0.4992 | acc 0.9483 | lr 8.57e-05 | 124s
2026-09-18 22:24:13 | INFO    | epoch 12 | batch 1840/4266 | loss 0.4991 | acc 0.9484 | lr 8.57e-05 | 125s
2026-09-18 22:24:14 | INFO    | epoch 12 | batch 1860/4266 | loss 0.4991 | acc 0.9484 | lr 8.57e-05 | 126s
2026-09-18 22:24:16 | INFO    | epoch 12 | batch 1880/4266 | loss 0.4991 | acc 0.9483 | lr 8.57e-05 | 128s
2026-09-18 22:24:17 | INFO    | epoch 12 | batch 1900/4266 | loss 0.4994 | acc 0.9481 | lr 8.57e-05 | 129s
2026-09-18 22:24:18 | INFO    | epoch 12 | batch 1920/4266 | loss 0.4995 | acc 0.9480 | lr 8.56e-05 | 130s
2026-09-18 22:24:20 | INFO    | epoch 12 | batch 1940/4266 | loss 0.4992 | acc 0.9482 | lr 8.56e-05 | 132s
2026-09-18 22:24:21 | INFO    | epoch 12 | batch 1960/4266 | loss 0.4991 | acc 0.9482 | lr 8.56e-05 | 133s
2026-09-18 22:24:22 | INFO    | epoch 12 | batch 1980/4266 | loss 0.4990 | acc 0.9482 | lr 8.56e-05 | 134s
2026-09-18 22:24:24 | INFO    | epoch 12 | batch 2000/4266 | loss 0.4988 | acc 0.9483 | lr 8.56e-05 | 136s
2026-09-18 22:24:25 | INFO    | epoch 12 | batch 2020/4266 | loss 0.4986 | acc 0.9484 | lr 8.56e-05 | 137s
2026-09-18 22:24:26 | INFO    | epoch 12 | batch 2040/4266 | loss 0.4988 | acc 0.9484 | lr 8.56e-05 | 139s
2026-09-18 22:24:28 | INFO    | epoch 12 | batch 2060/4266 | loss 0.4988 | acc 0.9484 | lr 8.56e-05 | 140s
2026-09-18 22:24:29 | INFO    | epoch 12 | batch 2080/4266 | loss 0.4986 | acc 0.9484 | lr 8.55e-05 | 141s
2026-09-18 22:24:30 | INFO    | epoch 12 | batch 2100/4266 | loss 0.4989 | acc 0.9483 | lr 8.55e-05 | 143s
2026-09-18 22:24:32 | INFO    | epoch 12 | batch 2120/4266 | loss 0.4989 | acc 0.9483 | lr 8.55e-05 | 144s
2026-09-18 22:24:33 | INFO    | epoch 12 | batch 2140/4266 | loss 0.4989 | acc 0.9483 | lr 8.55e-05 | 145s
2026-09-18 22:24:35 | INFO    | epoch 12 | batch 2160/4266 | loss 0.4989 | acc 0.9482 | lr 8.55e-05 | 147s
2026-09-18 22:24:36 | INFO    | epoch 12 | batch 2180/4266 | loss 0.4989 | acc 0.9482 | lr 8.55e-05 | 148s
2026-09-18 22:24:37 | INFO    | epoch 12 | batch 2200/4266 | loss 0.4990 | acc 0.9482 | lr 8.55e-05 | 149s
2026-09-18 22:24:39 | INFO    | epoch 12 | batch 2220/4266 | loss 0.4989 | acc 0.9482 | lr 8.54e-05 | 151s
2026-09-18 22:24:40 | INFO    | epoch 12 | batch 2240/4266 | loss 0.4989 | acc 0.9482 | lr 8.54e-05 | 152s
2026-09-18 22:24:42 | INFO    | epoch 12 | batch 2260/4266 | loss 0.4990 | acc 0.9483 | lr 8.54e-05 | 154s
2026-09-18 22:24:43 | INFO    | epoch 12 | batch 2280/4266 | loss 0.4990 | acc 0.9482 | lr 8.54e-05 | 155s
2026-09-18 22:24:44 | INFO    | epoch 12 | batch 2300/4266 | loss 0.4990 | acc 0.9482 | lr 8.54e-05 | 156s
2026-09-18 22:24:46 | INFO    | epoch 12 | batch 2320/4266 | loss 0.4987 | acc 0.9484 | lr 8.54e-05 | 158s
2026-09-18 22:24:47 | INFO    | epoch 12 | batch 2340/4266 | loss 0.4989 | acc 0.9483 | lr 8.54e-05 | 159s
2026-09-18 22:24:48 | INFO    | epoch 12 | batch 2360/4266 | loss 0.4990 | acc 0.9481 | lr 8.53e-05 | 161s
2026-09-18 22:24:50 | INFO    | epoch 12 | batch 2380/4266 | loss 0.4989 | acc 0.9482 | lr 8.53e-05 | 162s
2026-09-18 22:24:51 | INFO    | epoch 12 | batch 2400/4266 | loss 0.4989 | acc 0.9481 | lr 8.53e-05 | 163s
2026-09-18 22:24:53 | INFO    | epoch 12 | batch 2420/4266 | loss 0.4989 | acc 0.9481 | lr 8.53e-05 | 165s
2026-09-18 22:24:54 | INFO    | epoch 12 | batch 2440/4266 | loss 0.4988 | acc 0.9482 | lr 8.53e-05 | 166s
2026-09-18 22:24:56 | INFO    | epoch 12 | batch 2460/4266 | loss 0.4987 | acc 0.9482 | lr 8.53e-05 | 168s
2026-09-18 22:24:57 | INFO    | epoch 12 | batch 2480/4266 | loss 0.4989 | acc 0.9481 | lr 8.53e-05 | 169s
2026-09-18 22:24:58 | INFO    | epoch 12 | batch 2500/4266 | loss 0.4990 | acc 0.9481 | lr 8.53e-05 | 170s
2026-09-18 22:25:00 | INFO    | epoch 12 | batch 2520/4266 | loss 0.4989 | acc 0.9482 | lr 8.52e-05 | 172s
2026-09-18 22:25:01 | INFO    | epoch 12 | batch 2540/4266 | loss 0.4990 | acc 0.9481 | lr 8.52e-05 | 173s
2026-09-18 22:25:03 | INFO    | epoch 12 | batch 2560/4266 | loss 0.4991 | acc 0.9481 | lr 8.52e-05 | 175s
2026-09-18 22:25:04 | INFO    | epoch 12 | batch 2580/4266 | loss 0.4992 | acc 0.9480 | lr 8.52e-05 | 176s
2026-09-18 22:25:05 | INFO    | epoch 12 | batch 2600/4266 | loss 0.4992 | acc 0.9480 | lr 8.52e-05 | 178s
2026-09-18 22:25:07 | INFO    | epoch 12 | batch 2620/4266 | loss 0.4992 | acc 0.9480 | lr 8.52e-05 | 179s
2026-09-18 22:25:08 | INFO    | epoch 12 | batch 2640/4266 | loss 0.4991 | acc 0.9480 | lr 8.52e-05 | 180s
2026-09-18 22:25:10 | INFO    | epoch 12 | batch 2660/4266 | loss 0.4991 | acc 0.9480 | lr 8.51e-05 | 182s
2026-09-18 22:25:11 | INFO    | epoch 12 | batch 2680/4266 | loss 0.4991 | acc 0.9480 | lr 8.51e-05 | 183s
2026-09-18 22:25:12 | INFO    | epoch 12 | batch 2700/4266 | loss 0.4992 | acc 0.9480 | lr 8.51e-05 | 185s
2026-09-18 22:25:14 | INFO    | epoch 12 | batch 2720/4266 | loss 0.4993 | acc 0.9479 | lr 8.51e-05 | 186s
2026-09-18 22:25:15 | INFO    | epoch 12 | batch 2740/4266 | loss 0.4993 | acc 0.9478 | lr 8.51e-05 | 187s
2026-09-18 22:25:17 | INFO    | epoch 12 | batch 2760/4266 | loss 0.4995 | acc 0.9477 | lr 8.51e-05 | 189s
2026-09-18 22:25:18 | INFO    | epoch 12 | batch 2780/4266 | loss 0.4994 | acc 0.9478 | lr 8.51e-05 | 190s
2026-09-18 22:25:19 | INFO    | epoch 12 | batch 2800/4266 | loss 0.4994 | acc 0.9478 | lr 8.50e-05 | 191s
2026-09-18 22:25:21 | INFO    | epoch 12 | batch 2820/4266 | loss 0.4993 | acc 0.9478 | lr 8.50e-05 | 193s
2026-09-18 22:25:22 | INFO    | epoch 12 | batch 2840/4266 | loss 0.4993 | acc 0.9478 | lr 8.50e-05 | 194s
2026-09-18 22:25:23 | INFO    | epoch 12 | batch 2860/4266 | loss 0.4991 | acc 0.9478 | lr 8.50e-05 | 196s
2026-09-18 22:25:25 | INFO    | epoch 12 | batch 2880/4266 | loss 0.4992 | acc 0.9478 | lr 8.50e-05 | 197s
2026-09-18 22:25:26 | INFO    | epoch 12 | batch 2900/4266 | loss 0.4993 | acc 0.9477 | lr 8.50e-05 | 198s
2026-09-18 22:25:28 | INFO    | epoch 12 | batch 2920/4266 | loss 0.4994 | acc 0.9476 | lr 8.50e-05 | 200s
2026-09-18 22:25:29 | INFO    | epoch 12 | batch 2940/4266 | loss 0.4994 | acc 0.9476 | lr 8.50e-05 | 201s
2026-09-18 22:25:30 | INFO    | epoch 12 | batch 2960/4266 | loss 0.4996 | acc 0.9476 | lr 8.49e-05 | 202s
2026-09-18 22:25:32 | INFO    | epoch 12 | batch 2980/4266 | loss 0.4998 | acc 0.9475 | lr 8.49e-05 | 204s
2026-09-18 22:25:33 | INFO    | epoch 12 | batch 3000/4266 | loss 0.4998 | acc 0.9475 | lr 8.49e-05 | 205s
2026-09-18 22:25:34 | INFO    | epoch 12 | batch 3020/4266 | loss 0.4997 | acc 0.9475 | lr 8.49e-05 | 207s
2026-09-18 22:25:36 | INFO    | epoch 12 | batch 3040/4266 | loss 0.4996 | acc 0.9475 | lr 8.49e-05 | 208s
2026-09-18 22:25:37 | INFO    | epoch 12 | batch 3060/4266 | loss 0.4998 | acc 0.9474 | lr 8.49e-05 | 209s
2026-09-18 22:25:39 | INFO    | epoch 12 | batch 3080/4266 | loss 0.4999 | acc 0.9473 | lr 8.49e-05 | 211s
2026-09-18 22:25:40 | INFO    | epoch 12 | batch 3100/4266 | loss 0.4999 | acc 0.9473 | lr 8.48e-05 | 212s
2026-09-18 22:25:41 | INFO    | epoch 12 | batch 3120/4266 | loss 0.5001 | acc 0.9472 | lr 8.48e-05 | 213s
2026-09-18 22:25:43 | INFO    | epoch 12 | batch 3140/4266 | loss 0.5001 | acc 0.9472 | lr 8.48e-05 | 215s
2026-09-18 22:25:44 | INFO    | epoch 12 | batch 3160/4266 | loss 0.5002 | acc 0.9472 | lr 8.48e-05 | 216s
2026-09-18 22:25:46 | INFO    | epoch 12 | batch 3180/4266 | loss 0.5002 | acc 0.9472 | lr 8.48e-05 | 218s
2026-09-18 22:25:47 | INFO    | epoch 12 | batch 3200/4266 | loss 0.5001 | acc 0.9472 | lr 8.48e-05 | 219s
2026-09-18 22:25:48 | INFO    | epoch 12 | batch 3220/4266 | loss 0.5001 | acc 0.9472 | lr 8.48e-05 | 220s
2026-09-18 22:25:50 | INFO    | epoch 12 | batch 3240/4266 | loss 0.5000 | acc 0.9473 | lr 8.47e-05 | 222s
2026-09-18 22:25:51 | INFO    | epoch 12 | batch 3260/4266 | loss 0.5001 | acc 0.9473 | lr 8.47e-05 | 223s
2026-09-18 22:25:53 | INFO    | epoch 12 | batch 3280/4266 | loss 0.5000 | acc 0.9474 | lr 8.47e-05 | 225s
2026-09-18 22:25:54 | INFO    | epoch 12 | batch 3300/4266 | loss 0.5000 | acc 0.9473 | lr 8.47e-05 | 226s
2026-09-18 22:25:55 | INFO    | epoch 12 | batch 3320/4266 | loss 0.5000 | acc 0.9474 | lr 8.47e-05 | 228s
2026-09-18 22:25:57 | INFO    | epoch 12 | batch 3340/4266 | loss 0.4999 | acc 0.9474 | lr 8.47e-05 | 229s
2026-09-18 22:25:58 | INFO    | epoch 12 | batch 3360/4266 | loss 0.4999 | acc 0.9473 | lr 8.47e-05 | 230s
2026-09-18 22:26:00 | INFO    | epoch 12 | batch 3380/4266 | loss 0.4999 | acc 0.9474 | lr 8.46e-05 | 232s
2026-09-18 22:26:01 | INFO    | epoch 12 | batch 3400/4266 | loss 0.4998 | acc 0.9474 | lr 8.46e-05 | 233s
2026-09-18 22:26:02 | INFO    | epoch 12 | batch 3420/4266 | loss 0.4998 | acc 0.9474 | lr 8.46e-05 | 234s
2026-09-18 22:26:04 | INFO    | epoch 12 | batch 3440/4266 | loss 0.4998 | acc 0.9475 | lr 8.46e-05 | 236s
2026-09-18 22:26:05 | INFO    | epoch 12 | batch 3460/4266 | loss 0.4999 | acc 0.9474 | lr 8.46e-05 | 237s
2026-09-18 22:26:06 | INFO    | epoch 12 | batch 3480/4266 | loss 0.4999 | acc 0.9474 | lr 8.46e-05 | 238s
2026-09-18 22:26:08 | INFO    | epoch 12 | batch 3500/4266 | loss 0.4998 | acc 0.9474 | lr 8.46e-05 | 240s
2026-09-18 22:26:09 | INFO    | epoch 12 | batch 3520/4266 | loss 0.4999 | acc 0.9474 | lr 8.45e-05 | 241s
2026-09-18 22:26:10 | INFO    | epoch 12 | batch 3540/4266 | loss 0.4997 | acc 0.9474 | lr 8.45e-05 | 243s
2026-09-18 22:26:12 | INFO    | epoch 12 | batch 3560/4266 | loss 0.4998 | acc 0.9474 | lr 8.45e-05 | 244s
2026-09-18 22:26:13 | INFO    | epoch 12 | batch 3580/4266 | loss 0.4996 | acc 0.9475 | lr 8.45e-05 | 245s
2026-09-18 22:26:14 | INFO    | epoch 12 | batch 3600/4266 | loss 0.4996 | acc 0.9475 | lr 8.45e-05 | 247s
2026-09-18 22:26:16 | INFO    | epoch 12 | batch 3620/4266 | loss 0.4996 | acc 0.9474 | lr 8.45e-05 | 248s
2026-09-18 22:26:17 | INFO    | epoch 12 | batch 3640/4266 | loss 0.4995 | acc 0.9475 | lr 8.45e-05 | 249s
2026-09-18 22:26:18 | INFO    | epoch 12 | batch 3660/4266 | loss 0.4996 | acc 0.9475 | lr 8.45e-05 | 250s
2026-09-18 22:26:20 | INFO    | epoch 12 | batch 3680/4266 | loss 0.4996 | acc 0.9474 | lr 8.44e-05 | 252s
2026-09-18 22:26:21 | INFO    | epoch 12 | batch 3700/4266 | loss 0.4996 | acc 0.9474 | lr 8.44e-05 | 253s
2026-09-18 22:26:22 | INFO    | epoch 12 | batch 3720/4266 | loss 0.4996 | acc 0.9474 | lr 8.44e-05 | 254s
2026-09-18 22:26:24 | INFO    | epoch 12 | batch 3740/4266 | loss 0.4997 | acc 0.9474 | lr 8.44e-05 | 256s
2026-09-18 22:26:25 | INFO    | epoch 12 | batch 3760/4266 | loss 0.4995 | acc 0.9474 | lr 8.44e-05 | 257s
2026-09-18 22:26:26 | INFO    | epoch 12 | batch 3780/4266 | loss 0.4994 | acc 0.9475 | lr 8.44e-05 | 258s
2026-09-18 22:26:27 | INFO    | epoch 12 | batch 3800/4266 | loss 0.4992 | acc 0.9475 | lr 8.44e-05 | 260s
2026-09-18 22:26:29 | INFO    | epoch 12 | batch 3820/4266 | loss 0.4992 | acc 0.9476 | lr 8.43e-05 | 261s
2026-09-18 22:26:30 | INFO    | epoch 12 | batch 3840/4266 | loss 0.4993 | acc 0.9475 | lr 8.43e-05 | 262s
2026-09-18 22:26:32 | INFO    | epoch 12 | batch 3860/4266 | loss 0.4994 | acc 0.9475 | lr 8.43e-05 | 264s
2026-09-18 22:26:33 | INFO    | epoch 12 | batch 3880/4266 | loss 0.4993 | acc 0.9475 | lr 8.43e-05 | 265s
2026-09-18 22:26:34 | INFO    | epoch 12 | batch 3900/4266 | loss 0.4995 | acc 0.9474 | lr 8.43e-05 | 266s
2026-09-18 22:26:36 | INFO    | epoch 12 | batch 3920/4266 | loss 0.4994 | acc 0.9474 | lr 8.43e-05 | 268s
2026-09-18 22:26:37 | INFO    | epoch 12 | batch 3940/4266 | loss 0.4994 | acc 0.9474 | lr 8.43e-05 | 269s
2026-09-18 22:26:39 | INFO    | epoch 12 | batch 3960/4266 | loss 0.4995 | acc 0.9474 | lr 8.42e-05 | 271s
2026-09-18 22:26:40 | INFO    | epoch 12 | batch 3980/4266 | loss 0.4995 | acc 0.9474 | lr 8.42e-05 | 272s
2026-09-18 22:26:41 | INFO    | epoch 12 | batch 4000/4266 | loss 0.4996 | acc 0.9473 | lr 8.42e-05 | 273s
2026-09-18 22:26:43 | INFO    | epoch 12 | batch 4020/4266 | loss 0.4996 | acc 0.9474 | lr 8.42e-05 | 275s
2026-09-18 22:26:44 | INFO    | epoch 12 | batch 4040/4266 | loss 0.4996 | acc 0.9474 | lr 8.42e-05 | 276s
2026-09-18 22:26:46 | INFO    | epoch 12 | batch 4060/4266 | loss 0.4997 | acc 0.9474 | lr 8.42e-05 | 278s
2026-09-18 22:26:47 | INFO    | epoch 12 | batch 4080/4266 | loss 0.4996 | acc 0.9474 | lr 8.42e-05 | 279s
2026-09-18 22:26:48 | INFO    | epoch 12 | batch 4100/4266 | loss 0.4997 | acc 0.9474 | lr 8.41e-05 | 280s
2026-09-18 22:26:50 | INFO    | epoch 12 | batch 4120/4266 | loss 0.4996 | acc 0.9474 | lr 8.41e-05 | 282s
2026-09-18 22:26:51 | INFO    | epoch 12 | batch 4140/4266 | loss 0.4996 | acc 0.9474 | lr 8.41e-05 | 283s
2026-09-18 22:26:53 | INFO    | epoch 12 | batch 4160/4266 | loss 0.4996 | acc 0.9474 | lr 8.41e-05 | 285s
2026-09-18 22:26:54 | INFO    | epoch 12 | batch 4180/4266 | loss 0.4996 | acc 0.9474 | lr 8.41e-05 | 286s
2026-09-18 22:26:55 | INFO    | epoch 12 | batch 4200/4266 | loss 0.4994 | acc 0.9475 | lr 8.41e-05 | 287s
2026-09-18 22:26:57 | INFO    | epoch 12 | batch 4220/4266 | loss 0.4995 | acc 0.9475 | lr 8.41e-05 | 289s
2026-09-18 22:26:58 | INFO    | epoch 12 | batch 4240/4266 | loss 0.4995 | acc 0.9475 | lr 8.40e-05 | 290s
2026-09-18 22:26:59 | INFO    | epoch 12 | batch 4260/4266 | loss 0.4994 | acc 0.9475 | lr 8.40e-05 | 291s
2026-09-18 22:27:00 | INFO    | epoch 12 | batch 4266/4266 | loss 0.4995 | acc 0.9475 | lr 8.40e-05 | 292s
2026-09-18 22:27:10 | INFO    | epoch 12/40 done in 302s | train loss 0.4995 | train running patch (aug): accuracy=0.9475 precision=0.9465 recall=0.9455 f1=0.9460
2026-09-18 22:27:10 | INFO    | epoch 12 train (eval, no aug) | loss 0.4388 | patch[7280]: accuracy=0.9758 precision=0.9755 recall=0.9753 f1=0.9754 | image[455]: accuracy=1.0000 precision=1.0000 recall=1.0000 f1=1.0000
2026-09-18 22:27:10 | INFO    | epoch 12 val | loss 1.1400 | patch[8448]: accuracy=0.6909 precision=0.6699 recall=0.6697 f1=0.6698 | image[96]: accuracy=0.7500 precision=0.7291 recall=0.7285 f1=0.7279
2026-09-18 22:27:10 | INFO    | val_patch_f1 = 0.6698 (best 0.6698 @ epoch 12) *
2026-09-18 22:27:11 | INFO    | epoch 13 | batch 20/4266 | loss 0.5192 | acc 0.9344 | lr 8.40e-05 | 1s
2026-09-18 22:27:13 | INFO    | epoch 13 | batch 40/4266 | loss 0.5126 | acc 0.9445 | lr 8.40e-05 | 3s
2026-09-18 22:27:14 | INFO    | epoch 13 | batch 60/4266 | loss 0.4999 | acc 0.9500 | lr 8.40e-05 | 4s
2026-09-18 22:27:15 | INFO    | epoch 13 | batch 80/4266 | loss 0.4944 | acc 0.9539 | lr 8.40e-05 | 6s
2026-09-18 22:27:17 | INFO    | epoch 13 | batch 100/4266 | loss 0.4898 | acc 0.9553 | lr 8.40e-05 | 7s
2026-09-18 22:27:18 | INFO    | epoch 13 | batch 120/4266 | loss 0.4901 | acc 0.9557 | lr 8.39e-05 | 8s
2026-09-18 22:27:19 | INFO    | epoch 13 | batch 140/4266 | loss 0.4883 | acc 0.9569 | lr 8.39e-05 | 10s
2026-09-18 22:27:21 | INFO    | epoch 13 | batch 160/4266 | loss 0.4868 | acc 0.9580 | lr 8.39e-05 | 11s
2026-09-18 22:27:22 | INFO    | epoch 13 | batch 180/4266 | loss 0.4894 | acc 0.9564 | lr 8.39e-05 | 12s
2026-09-18 22:27:23 | INFO    | epoch 13 | batch 200/4266 | loss 0.4903 | acc 0.9556 | lr 8.39e-05 | 14s
2026-09-18 22:27:25 | INFO    | epoch 13 | batch 220/4266 | loss 0.4917 | acc 0.9543 | lr 8.39e-05 | 15s
2026-09-18 22:27:26 | INFO    | epoch 13 | batch 240/4266 | loss 0.4923 | acc 0.9536 | lr 8.39e-05 | 16s
2026-09-18 22:27:27 | INFO    | epoch 13 | batch 260/4266 | loss 0.4916 | acc 0.9543 | lr 8.38e-05 | 18s
2026-09-18 22:27:29 | INFO    | epoch 13 | batch 280/4266 | loss 0.4929 | acc 0.9530 | lr 8.38e-05 | 19s
2026-09-18 22:27:30 | INFO    | epoch 13 | batch 300/4266 | loss 0.4927 | acc 0.9530 | lr 8.38e-05 | 20s
2026-09-18 22:27:31 | INFO    | epoch 13 | batch 320/4266 | loss 0.4940 | acc 0.9529 | lr 8.38e-05 | 22s
2026-09-18 22:27:33 | INFO    | epoch 13 | batch 340/4266 | loss 0.4942 | acc 0.9529 | lr 8.38e-05 | 23s
2026-09-18 22:27:34 | INFO    | epoch 13 | batch 360/4266 | loss 0.4931 | acc 0.9532 | lr 8.38e-05 | 25s
2026-09-18 22:27:36 | INFO    | epoch 13 | batch 380/4266 | loss 0.4942 | acc 0.9530 | lr 8.38e-05 | 26s
2026-09-18 22:27:37 | INFO    | epoch 13 | batch 400/4266 | loss 0.4925 | acc 0.9541 | lr 8.37e-05 | 27s
2026-09-18 22:27:38 | INFO    | epoch 13 | batch 420/4266 | loss 0.4922 | acc 0.9540 | lr 8.37e-05 | 29s
2026-09-18 22:27:40 | INFO    | epoch 13 | batch 440/4266 | loss 0.4923 | acc 0.9538 | lr 8.37e-05 | 30s
2026-09-18 22:27:41 | INFO    | epoch 13 | batch 460/4266 | loss 0.4922 | acc 0.9540 | lr 8.37e-05 | 31s
2026-09-18 22:27:42 | INFO    | epoch 13 | batch 480/4266 | loss 0.4918 | acc 0.9539 | lr 8.37e-05 | 33s
2026-09-18 22:27:44 | INFO    | epoch 13 | batch 500/4266 | loss 0.4923 | acc 0.9537 | lr 8.37e-05 | 34s
2026-09-18 22:27:45 | INFO    | epoch 13 | batch 520/4266 | loss 0.4914 | acc 0.9540 | lr 8.37e-05 | 36s
2026-09-18 22:27:47 | INFO    | epoch 13 | batch 540/4266 | loss 0.4915 | acc 0.9537 | lr 8.36e-05 | 37s
2026-09-18 22:27:48 | INFO    | epoch 13 | batch 560/4266 | loss 0.4912 | acc 0.9538 | lr 8.36e-05 | 38s
2026-09-18 22:27:49 | INFO    | epoch 13 | batch 580/4266 | loss 0.4911 | acc 0.9536 | lr 8.36e-05 | 40s
2026-09-18 22:27:51 | INFO    | epoch 13 | batch 600/4266 | loss 0.4909 | acc 0.9537 | lr 8.36e-05 | 41s
2026-09-18 22:27:52 | INFO    | epoch 13 | batch 620/4266 | loss 0.4914 | acc 0.9535 | lr 8.36e-05 | 43s
2026-09-18 22:27:54 | INFO    | epoch 13 | batch 640/4266 | loss 0.4913 | acc 0.9534 | lr 8.36e-05 | 44s
2026-09-18 22:27:55 | INFO    | epoch 13 | batch 660/4266 | loss 0.4910 | acc 0.9536 | lr 8.36e-05 | 45s
2026-09-18 22:27:56 | INFO    | epoch 13 | batch 680/4266 | loss 0.4916 | acc 0.9531 | lr 8.35e-05 | 47s
2026-09-18 22:27:58 | INFO    | epoch 13 | batch 700/4266 | loss 0.4911 | acc 0.9533 | lr 8.35e-05 | 48s
2026-09-18 22:27:59 | INFO    | epoch 13 | batch 720/4266 | loss 0.4914 | acc 0.9532 | lr 8.35e-05 | 50s
2026-09-18 22:28:01 | INFO    | epoch 13 | batch 740/4266 | loss 0.4916 | acc 0.9530 | lr 8.35e-05 | 51s
2026-09-18 22:28:02 | INFO    | epoch 13 | batch 760/4266 | loss 0.4913 | acc 0.9532 | lr 8.35e-05 | 52s
2026-09-18 22:28:03 | INFO    | epoch 13 | batch 780/4266 | loss 0.4911 | acc 0.9533 | lr 8.35e-05 | 54s
2026-09-18 22:28:05 | INFO    | epoch 13 | batch 800/4266 | loss 0.4910 | acc 0.9535 | lr 8.35e-05 | 55s
2026-09-18 22:28:06 | INFO    | epoch 13 | batch 820/4266 | loss 0.4909 | acc 0.9535 | lr 8.34e-05 | 56s
2026-09-18 22:28:07 | INFO    | epoch 13 | batch 840/4266 | loss 0.4909 | acc 0.9535 | lr 8.34e-05 | 58s
2026-09-18 22:28:09 | INFO    | epoch 13 | batch 860/4266 | loss 0.4911 | acc 0.9533 | lr 8.34e-05 | 59s
2026-09-18 22:28:10 | INFO    | epoch 13 | batch 880/4266 | loss 0.4916 | acc 0.9532 | lr 8.34e-05 | 60s
2026-09-18 22:28:11 | INFO    | epoch 13 | batch 900/4266 | loss 0.4918 | acc 0.9528 | lr 8.34e-05 | 62s
2026-09-18 22:28:13 | INFO    | epoch 13 | batch 920/4266 | loss 0.4922 | acc 0.9524 | lr 8.34e-05 | 63s
2026-09-18 22:28:14 | INFO    | epoch 13 | batch 940/4266 | loss 0.4926 | acc 0.9521 | lr 8.34e-05 | 64s
2026-09-18 22:28:15 | INFO    | epoch 13 | batch 960/4266 | loss 0.4928 | acc 0.9519 | lr 8.33e-05 | 66s
2026-09-18 22:28:17 | INFO    | epoch 13 | batch 980/4266 | loss 0.4929 | acc 0.9516 | lr 8.33e-05 | 67s
2026-09-18 22:28:18 | INFO    | epoch 13 | batch 1000/4266 | loss 0.4923 | acc 0.9519 | lr 8.33e-05 | 68s
2026-09-18 22:28:19 | INFO    | epoch 13 | batch 1020/4266 | loss 0.4922 | acc 0.9520 | lr 8.33e-05 | 70s
2026-09-18 22:28:21 | INFO    | epoch 13 | batch 1040/4266 | loss 0.4925 | acc 0.9519 | lr 8.33e-05 | 71s
2026-09-18 22:28:22 | INFO    | epoch 13 | batch 1060/4266 | loss 0.4923 | acc 0.9520 | lr 8.33e-05 | 73s
2026-09-18 22:28:24 | INFO    | epoch 13 | batch 1080/4266 | loss 0.4923 | acc 0.9520 | lr 8.33e-05 | 74s
2026-09-18 22:28:25 | INFO    | epoch 13 | batch 1100/4266 | loss 0.4919 | acc 0.9522 | lr 8.32e-05 | 75s
2026-09-18 22:28:26 | INFO    | epoch 13 | batch 1120/4266 | loss 0.4923 | acc 0.9520 | lr 8.32e-05 | 77s
2026-09-18 22:28:28 | INFO    | epoch 13 | batch 1140/4266 | loss 0.4923 | acc 0.9520 | lr 8.32e-05 | 78s
2026-09-18 22:28:29 | INFO    | epoch 13 | batch 1160/4266 | loss 0.4920 | acc 0.9521 | lr 8.32e-05 | 79s
2026-09-18 22:28:30 | INFO    | epoch 13 | batch 1180/4266 | loss 0.4921 | acc 0.9521 | lr 8.32e-05 | 81s
2026-09-18 22:28:32 | INFO    | epoch 13 | batch 1200/4266 | loss 0.4920 | acc 0.9522 | lr 8.32e-05 | 82s
2026-09-18 22:28:33 | INFO    | epoch 13 | batch 1220/4266 | loss 0.4923 | acc 0.9520 | lr 8.32e-05 | 83s
2026-09-18 22:28:34 | INFO    | epoch 13 | batch 1240/4266 | loss 0.4923 | acc 0.9521 | lr 8.31e-05 | 85s
2026-09-18 22:28:36 | INFO    | epoch 13 | batch 1260/4266 | loss 0.4921 | acc 0.9522 | lr 8.31e-05 | 86s
2026-09-18 22:28:37 | INFO    | epoch 13 | batch 1280/4266 | loss 0.4922 | acc 0.9521 | lr 8.31e-05 | 88s
2026-09-18 22:28:39 | INFO    | epoch 13 | batch 1300/4266 | loss 0.4922 | acc 0.9521 | lr 8.31e-05 | 89s
2026-09-18 22:28:40 | INFO    | epoch 13 | batch 1320/4266 | loss 0.4921 | acc 0.9522 | lr 8.31e-05 | 90s
2026-09-18 22:28:41 | INFO    | epoch 13 | batch 1340/4266 | loss 0.4925 | acc 0.9519 | lr 8.31e-05 | 92s
2026-09-18 22:28:43 | INFO    | epoch 13 | batch 1360/4266 | loss 0.4926 | acc 0.9517 | lr 8.31e-05 | 93s
2026-09-18 22:28:44 | INFO    | epoch 13 | batch 1380/4266 | loss 0.4928 | acc 0.9516 | lr 8.30e-05 | 94s
2026-09-18 22:28:46 | INFO    | epoch 13 | batch 1400/4266 | loss 0.4930 | acc 0.9514 | lr 8.30e-05 | 96s
2026-09-18 22:28:47 | INFO    | epoch 13 | batch 1420/4266 | loss 0.4927 | acc 0.9516 | lr 8.30e-05 | 97s
2026-09-18 22:28:48 | INFO    | epoch 13 | batch 1440/4266 | loss 0.4926 | acc 0.9515 | lr 8.30e-05 | 99s
2026-09-18 22:28:50 | INFO    | epoch 13 | batch 1460/4266 | loss 0.4923 | acc 0.9516 | lr 8.30e-05 | 100s
2026-09-18 22:28:51 | INFO    | epoch 13 | batch 1480/4266 | loss 0.4924 | acc 0.9516 | lr 8.30e-05 | 101s
2026-09-18 22:28:52 | INFO    | epoch 13 | batch 1500/4266 | loss 0.4925 | acc 0.9515 | lr 8.30e-05 | 103s
2026-09-18 22:28:54 | INFO    | epoch 13 | batch 1520/4266 | loss 0.4931 | acc 0.9513 | lr 8.29e-05 | 104s
2026-09-18 22:28:55 | INFO    | epoch 13 | batch 1540/4266 | loss 0.4933 | acc 0.9511 | lr 8.29e-05 | 106s
2026-09-18 22:28:57 | INFO    | epoch 13 | batch 1560/4266 | loss 0.4930 | acc 0.9512 | lr 8.29e-05 | 107s
2026-09-18 22:28:58 | INFO    | epoch 13 | batch 1580/4266 | loss 0.4931 | acc 0.9511 | lr 8.29e-05 | 108s
2026-09-18 22:28:59 | INFO    | epoch 13 | batch 1600/4266 | loss 0.4928 | acc 0.9512 | lr 8.29e-05 | 110s
2026-09-18 22:29:01 | INFO    | epoch 13 | batch 1620/4266 | loss 0.4929 | acc 0.9512 | lr 8.29e-05 | 111s
2026-09-18 22:29:02 | INFO    | epoch 13 | batch 1640/4266 | loss 0.4927 | acc 0.9512 | lr 8.29e-05 | 112s
2026-09-18 22:29:04 | INFO    | epoch 13 | batch 1660/4266 | loss 0.4927 | acc 0.9513 | lr 8.28e-05 | 114s
2026-09-18 22:29:05 | INFO    | epoch 13 | batch 1680/4266 | loss 0.4925 | acc 0.9513 | lr 8.28e-05 | 115s
2026-09-18 22:29:06 | INFO    | epoch 13 | batch 1700/4266 | loss 0.4925 | acc 0.9513 | lr 8.28e-05 | 117s
2026-09-18 22:29:08 | INFO    | epoch 13 | batch 1720/4266 | loss 0.4923 | acc 0.9514 | lr 8.28e-05 | 118s
2026-09-18 22:29:09 | INFO    | epoch 13 | batch 1740/4266 | loss 0.4924 | acc 0.9514 | lr 8.28e-05 | 119s
2026-09-18 22:29:10 | INFO    | epoch 13 | batch 1760/4266 | loss 0.4925 | acc 0.9513 | lr 8.28e-05 | 121s
2026-09-18 22:29:12 | INFO    | epoch 13 | batch 1780/4266 | loss 0.4928 | acc 0.9511 | lr 8.27e-05 | 122s
2026-09-18 22:29:13 | INFO    | epoch 13 | batch 1800/4266 | loss 0.4927 | acc 0.9510 | lr 8.27e-05 | 123s
2026-09-18 22:29:15 | INFO    | epoch 13 | batch 1820/4266 | loss 0.4932 | acc 0.9507 | lr 8.27e-05 | 125s
2026-09-18 22:29:16 | INFO    | epoch 13 | batch 1840/4266 | loss 0.4932 | acc 0.9506 | lr 8.27e-05 | 126s
2026-09-18 22:29:18 | INFO    | epoch 13 | batch 1860/4266 | loss 0.4930 | acc 0.9508 | lr 8.27e-05 | 128s
2026-09-18 22:29:19 | INFO    | epoch 13 | batch 1880/4266 | loss 0.4929 | acc 0.9509 | lr 8.27e-05 | 129s
2026-09-18 22:29:20 | INFO    | epoch 13 | batch 1900/4266 | loss 0.4929 | acc 0.9509 | lr 8.27e-05 | 131s
2026-09-18 22:29:22 | INFO    | epoch 13 | batch 1920/4266 | loss 0.4927 | acc 0.9510 | lr 8.26e-05 | 132s
2026-09-18 22:29:23 | INFO    | epoch 13 | batch 1940/4266 | loss 0.4928 | acc 0.9510 | lr 8.26e-05 | 134s
2026-09-18 22:29:25 | INFO    | epoch 13 | batch 1960/4266 | loss 0.4927 | acc 0.9511 | lr 8.26e-05 | 135s
2026-09-18 22:29:26 | INFO    | epoch 13 | batch 1980/4266 | loss 0.4927 | acc 0.9510 | lr 8.26e-05 | 137s
2026-09-18 22:29:28 | INFO    | epoch 13 | batch 2000/4266 | loss 0.4928 | acc 0.9509 | lr 8.26e-05 | 138s
2026-09-18 22:29:29 | INFO    | epoch 13 | batch 2020/4266 | loss 0.4927 | acc 0.9509 | lr 8.26e-05 | 139s
2026-09-18 22:29:30 | INFO    | epoch 13 | batch 2040/4266 | loss 0.4926 | acc 0.9510 | lr 8.26e-05 | 141s
2026-09-18 22:29:32 | INFO    | epoch 13 | batch 2060/4266 | loss 0.4924 | acc 0.9510 | lr 8.25e-05 | 142s
2026-09-18 22:29:33 | INFO    | epoch 13 | batch 2080/4266 | loss 0.4924 | acc 0.9510 | lr 8.25e-05 | 143s
2026-09-18 22:29:35 | INFO    | epoch 13 | batch 2100/4266 | loss 0.4923 | acc 0.9511 | lr 8.25e-05 | 145s
2026-09-18 22:29:36 | INFO    | epoch 13 | batch 2120/4266 | loss 0.4920 | acc 0.9513 | lr 8.25e-05 | 146s
2026-09-18 22:29:37 | INFO    | epoch 13 | batch 2140/4266 | loss 0.4921 | acc 0.9512 | lr 8.25e-05 | 148s
2026-09-18 22:29:39 | INFO    | epoch 13 | batch 2160/4266 | loss 0.4920 | acc 0.9513 | lr 8.25e-05 | 149s
2026-09-18 22:29:40 | INFO    | epoch 13 | batch 2180/4266 | loss 0.4920 | acc 0.9512 | lr 8.25e-05 | 151s
2026-09-18 22:29:42 | INFO    | epoch 13 | batch 2200/4266 | loss 0.4921 | acc 0.9511 | lr 8.24e-05 | 152s
2026-09-18 22:29:43 | INFO    | epoch 13 | batch 2220/4266 | loss 0.4919 | acc 0.9512 | lr 8.24e-05 | 153s
2026-09-18 22:29:44 | INFO    | epoch 13 | batch 2240/4266 | loss 0.4919 | acc 0.9512 | lr 8.24e-05 | 155s
2026-09-18 22:29:46 | INFO    | epoch 13 | batch 2260/4266 | loss 0.4920 | acc 0.9511 | lr 8.24e-05 | 156s
2026-09-18 22:29:47 | INFO    | epoch 13 | batch 2280/4266 | loss 0.4920 | acc 0.9511 | lr 8.24e-05 | 158s
2026-09-18 22:29:49 | INFO    | epoch 13 | batch 2300/4266 | loss 0.4921 | acc 0.9511 | lr 8.24e-05 | 159s
2026-09-18 22:29:50 | INFO    | epoch 13 | batch 2320/4266 | loss 0.4922 | acc 0.9511 | lr 8.24e-05 | 160s
2026-09-18 22:29:51 | INFO    | epoch 13 | batch 2340/4266 | loss 0.4921 | acc 0.9510 | lr 8.23e-05 | 162s
2026-09-18 22:29:53 | INFO    | epoch 13 | batch 2360/4266 | loss 0.4920 | acc 0.9511 | lr 8.23e-05 | 163s
2026-09-18 22:29:54 | INFO    | epoch 13 | batch 2380/4266 | loss 0.4921 | acc 0.9511 | lr 8.23e-05 | 165s
2026-09-18 22:29:56 | INFO    | epoch 13 | batch 2400/4266 | loss 0.4921 | acc 0.9511 | lr 8.23e-05 | 166s
2026-09-18 22:29:57 | INFO    | epoch 13 | batch 2420/4266 | loss 0.4923 | acc 0.9509 | lr 8.23e-05 | 167s
2026-09-18 22:29:58 | INFO    | epoch 13 | batch 2440/4266 | loss 0.4924 | acc 0.9509 | lr 8.23e-05 | 169s
2026-09-18 22:30:00 | INFO    | epoch 13 | batch 2460/4266 | loss 0.4923 | acc 0.9511 | lr 8.23e-05 | 170s
2026-09-18 22:30:01 | INFO    | epoch 13 | batch 2480/4266 | loss 0.4923 | acc 0.9510 | lr 8.22e-05 | 171s
2026-09-18 22:30:02 | INFO    | epoch 13 | batch 2500/4266 | loss 0.4923 | acc 0.9511 | lr 8.22e-05 | 173s
2026-09-18 22:30:04 | INFO    | epoch 13 | batch 2520/4266 | loss 0.4921 | acc 0.9512 | lr 8.22e-05 | 174s
2026-09-18 22:30:05 | INFO    | epoch 13 | batch 2540/4266 | loss 0.4921 | acc 0.9512 | lr 8.22e-05 | 176s
2026-09-18 22:30:07 | INFO    | epoch 13 | batch 2560/4266 | loss 0.4922 | acc 0.9511 | lr 8.22e-05 | 177s
2026-09-18 22:30:08 | INFO    | epoch 13 | batch 2580/4266 | loss 0.4923 | acc 0.9511 | lr 8.22e-05 | 178s
2026-09-18 22:30:09 | INFO    | epoch 13 | batch 2600/4266 | loss 0.4922 | acc 0.9512 | lr 8.21e-05 | 180s
2026-09-18 22:30:11 | INFO    | epoch 13 | batch 2620/4266 | loss 0.4920 | acc 0.9513 | lr 8.21e-05 | 181s
2026-09-18 22:30:12 | INFO    | epoch 13 | batch 2640/4266 | loss 0.4920 | acc 0.9513 | lr 8.21e-05 | 183s
2026-09-18 22:30:14 | INFO    | epoch 13 | batch 2660/4266 | loss 0.4919 | acc 0.9512 | lr 8.21e-05 | 184s
2026-09-18 22:30:15 | INFO    | epoch 13 | batch 2680/4266 | loss 0.4918 | acc 0.9513 | lr 8.21e-05 | 185s
2026-09-18 22:30:16 | INFO    | epoch 13 | batch 2700/4266 | loss 0.4918 | acc 0.9512 | lr 8.21e-05 | 187s
2026-09-18 22:30:18 | INFO    | epoch 13 | batch 2720/4266 | loss 0.4919 | acc 0.9512 | lr 8.21e-05 | 188s
2026-09-18 22:30:19 | INFO    | epoch 13 | batch 2740/4266 | loss 0.4919 | acc 0.9513 | lr 8.20e-05 | 190s
2026-09-18 22:30:21 | INFO    | epoch 13 | batch 2760/4266 | loss 0.4918 | acc 0.9513 | lr 8.20e-05 | 191s
2026-09-18 22:30:22 | INFO    | epoch 13 | batch 2780/4266 | loss 0.4918 | acc 0.9512 | lr 8.20e-05 | 192s
2026-09-18 22:30:23 | INFO    | epoch 13 | batch 2800/4266 | loss 0.4919 | acc 0.9512 | lr 8.20e-05 | 194s
2026-09-18 22:30:25 | INFO    | epoch 13 | batch 2820/4266 | loss 0.4919 | acc 0.9512 | lr 8.20e-05 | 195s
2026-09-18 22:30:26 | INFO    | epoch 13 | batch 2840/4266 | loss 0.4918 | acc 0.9512 | lr 8.20e-05 | 197s
2026-09-18 22:30:28 | INFO    | epoch 13 | batch 2860/4266 | loss 0.4918 | acc 0.9513 | lr 8.20e-05 | 198s
2026-09-18 22:30:29 | INFO    | epoch 13 | batch 2880/4266 | loss 0.4918 | acc 0.9513 | lr 8.19e-05 | 199s
2026-09-18 22:30:31 | INFO    | epoch 13 | batch 2900/4266 | loss 0.4918 | acc 0.9513 | lr 8.19e-05 | 201s
2026-09-18 22:30:32 | INFO    | epoch 13 | batch 2920/4266 | loss 0.4920 | acc 0.9512 | lr 8.19e-05 | 202s
2026-09-18 22:30:33 | INFO    | epoch 13 | batch 2940/4266 | loss 0.4919 | acc 0.9513 | lr 8.19e-05 | 204s
2026-09-18 22:30:35 | INFO    | epoch 13 | batch 2960/4266 | loss 0.4917 | acc 0.9514 | lr 8.19e-05 | 205s
2026-09-18 22:30:36 | INFO    | epoch 13 | batch 2980/4266 | loss 0.4917 | acc 0.9513 | lr 8.19e-05 | 207s
2026-09-18 22:30:38 | INFO    | epoch 13 | batch 3000/4266 | loss 0.4917 | acc 0.9513 | lr 8.19e-05 | 208s
2026-09-18 22:30:39 | INFO    | epoch 13 | batch 3020/4266 | loss 0.4916 | acc 0.9513 | lr 8.18e-05 | 209s
2026-09-18 22:30:41 | INFO    | epoch 13 | batch 3040/4266 | loss 0.4915 | acc 0.9513 | lr 8.18e-05 | 211s
2026-09-18 22:30:42 | INFO    | epoch 13 | batch 3060/4266 | loss 0.4914 | acc 0.9513 | lr 8.18e-05 | 212s
2026-09-18 22:30:43 | INFO    | epoch 13 | batch 3080/4266 | loss 0.4914 | acc 0.9514 | lr 8.18e-05 | 214s
2026-09-18 22:30:45 | INFO    | epoch 13 | batch 3100/4266 | loss 0.4915 | acc 0.9514 | lr 8.18e-05 | 215s
2026-09-18 22:30:46 | INFO    | epoch 13 | batch 3120/4266 | loss 0.4915 | acc 0.9514 | lr 8.18e-05 | 217s
2026-09-18 22:30:48 | INFO    | epoch 13 | batch 3140/4266 | loss 0.4914 | acc 0.9513 | lr 8.17e-05 | 218s
2026-09-18 22:30:49 | INFO    | epoch 13 | batch 3160/4266 | loss 0.4915 | acc 0.9513 | lr 8.17e-05 | 219s
2026-09-18 22:30:51 | INFO    | epoch 13 | batch 3180/4266 | loss 0.4914 | acc 0.9513 | lr 8.17e-05 | 221s
2026-09-18 22:30:52 | INFO    | epoch 13 | batch 3200/4266 | loss 0.4914 | acc 0.9513 | lr 8.17e-05 | 222s
2026-09-18 22:30:53 | INFO    | epoch 13 | batch 3220/4266 | loss 0.4914 | acc 0.9513 | lr 8.17e-05 | 224s
2026-09-18 22:30:55 | INFO    | epoch 13 | batch 3240/4266 | loss 0.4912 | acc 0.9514 | lr 8.17e-05 | 225s
2026-09-18 22:30:56 | INFO    | epoch 13 | batch 3260/4266 | loss 0.4913 | acc 0.9513 | lr 8.17e-05 | 227s
2026-09-18 22:30:58 | INFO    | epoch 13 | batch 3280/4266 | loss 0.4913 | acc 0.9513 | lr 8.16e-05 | 228s
2026-09-18 22:30:59 | INFO    | epoch 13 | batch 3300/4266 | loss 0.4912 | acc 0.9514 | lr 8.16e-05 | 229s
2026-09-18 22:31:01 | INFO    | epoch 13 | batch 3320/4266 | loss 0.4911 | acc 0.9515 | lr 8.16e-05 | 231s
2026-09-18 22:31:02 | INFO    | epoch 13 | batch 3340/4266 | loss 0.4912 | acc 0.9515 | lr 8.16e-05 | 232s
2026-09-18 22:31:03 | INFO    | epoch 13 | batch 3360/4266 | loss 0.4913 | acc 0.9515 | lr 8.16e-05 | 234s
2026-09-18 22:31:05 | INFO    | epoch 13 | batch 3380/4266 | loss 0.4912 | acc 0.9515 | lr 8.16e-05 | 235s
2026-09-18 22:31:06 | INFO    | epoch 13 | batch 3400/4266 | loss 0.4910 | acc 0.9516 | lr 8.16e-05 | 237s
2026-09-18 22:31:08 | INFO    | epoch 13 | batch 3420/4266 | loss 0.4910 | acc 0.9516 | lr 8.15e-05 | 238s
2026-09-18 22:31:09 | INFO    | epoch 13 | batch 3440/4266 | loss 0.4909 | acc 0.9516 | lr 8.15e-05 | 240s
2026-09-18 22:31:11 | INFO    | epoch 13 | batch 3460/4266 | loss 0.4910 | acc 0.9516 | lr 8.15e-05 | 241s
2026-09-18 22:31:12 | INFO    | epoch 13 | batch 3480/4266 | loss 0.4910 | acc 0.9516 | lr 8.15e-05 | 242s
2026-09-18 22:31:13 | INFO    | epoch 13 | batch 3500/4266 | loss 0.4909 | acc 0.9517 | lr 8.15e-05 | 244s
2026-09-18 22:31:15 | INFO    | epoch 13 | batch 3520/4266 | loss 0.4909 | acc 0.9517 | lr 8.15e-05 | 245s
2026-09-18 22:31:16 | INFO    | epoch 13 | batch 3540/4266 | loss 0.4910 | acc 0.9516 | lr 8.15e-05 | 247s
2026-09-18 22:31:18 | INFO    | epoch 13 | batch 3560/4266 | loss 0.4910 | acc 0.9516 | lr 8.14e-05 | 248s
2026-09-18 22:31:19 | INFO    | epoch 13 | batch 3580/4266 | loss 0.4910 | acc 0.9516 | lr 8.14e-05 | 250s
2026-09-18 22:31:21 | INFO    | epoch 13 | batch 3600/4266 | loss 0.4909 | acc 0.9517 | lr 8.14e-05 | 251s
2026-09-18 22:31:22 | INFO    | epoch 13 | batch 3620/4266 | loss 0.4910 | acc 0.9516 | lr 8.14e-05 | 252s
2026-09-18 22:31:24 | INFO    | epoch 13 | batch 3640/4266 | loss 0.4911 | acc 0.9516 | lr 8.14e-05 | 254s
2026-09-18 22:31:25 | INFO    | epoch 13 | batch 3660/4266 | loss 0.4911 | acc 0.9516 | lr 8.14e-05 | 255s
2026-09-18 22:31:26 | INFO    | epoch 13 | batch 3680/4266 | loss 0.4910 | acc 0.9516 | lr 8.13e-05 | 257s
2026-09-18 22:31:28 | INFO    | epoch 13 | batch 3700/4266 | loss 0.4911 | acc 0.9515 | lr 8.13e-05 | 258s
2026-09-18 22:31:29 | INFO    | epoch 13 | batch 3720/4266 | loss 0.4911 | acc 0.9515 | lr 8.13e-05 | 260s
2026-09-18 22:31:31 | INFO    | epoch 13 | batch 3740/4266 | loss 0.4910 | acc 0.9516 | lr 8.13e-05 | 261s
2026-09-18 22:31:32 | INFO    | epoch 13 | batch 3760/4266 | loss 0.4910 | acc 0.9516 | lr 8.13e-05 | 263s
2026-09-18 22:31:34 | INFO    | epoch 13 | batch 3780/4266 | loss 0.4910 | acc 0.9516 | lr 8.13e-05 | 264s
2026-09-18 22:31:35 | INFO    | epoch 13 | batch 3800/4266 | loss 0.4909 | acc 0.9517 | lr 8.13e-05 | 265s
2026-09-18 22:31:37 | INFO    | epoch 13 | batch 3820/4266 | loss 0.4909 | acc 0.9517 | lr 8.12e-05 | 267s
2026-09-18 22:31:38 | INFO    | epoch 13 | batch 3840/4266 | loss 0.4910 | acc 0.9516 | lr 8.12e-05 | 268s
2026-09-18 22:31:39 | INFO    | epoch 13 | batch 3860/4266 | loss 0.4910 | acc 0.9516 | lr 8.12e-05 | 270s
2026-09-18 22:31:41 | INFO    | epoch 13 | batch 3880/4266 | loss 0.4909 | acc 0.9517 | lr 8.12e-05 | 271s
2026-09-18 22:31:42 | INFO    | epoch 13 | batch 3900/4266 | loss 0.4909 | acc 0.9517 | lr 8.12e-05 | 273s
2026-09-18 22:31:44 | INFO    | epoch 13 | batch 3920/4266 | loss 0.4910 | acc 0.9516 | lr 8.12e-05 | 274s
2026-09-18 22:31:45 | INFO    | epoch 13 | batch 3940/4266 | loss 0.4910 | acc 0.9516 | lr 8.11e-05 | 276s
2026-09-18 22:31:47 | INFO    | epoch 13 | batch 3960/4266 | loss 0.4910 | acc 0.9516 | lr 8.11e-05 | 277s
2026-09-18 22:31:48 | INFO    | epoch 13 | batch 3980/4266 | loss 0.4909 | acc 0.9517 | lr 8.11e-05 | 278s
2026-09-18 22:31:49 | INFO    | epoch 13 | batch 4000/4266 | loss 0.4908 | acc 0.9517 | lr 8.11e-05 | 280s
2026-09-18 22:31:51 | INFO    | epoch 13 | batch 4020/4266 | loss 0.4907 | acc 0.9518 | lr 8.11e-05 | 281s
2026-09-18 22:31:52 | INFO    | epoch 13 | batch 4040/4266 | loss 0.4906 | acc 0.9518 | lr 8.11e-05 | 283s
2026-09-18 22:31:54 | INFO    | epoch 13 | batch 4060/4266 | loss 0.4906 | acc 0.9518 | lr 8.11e-05 | 284s
2026-09-18 22:31:55 | INFO    | epoch 13 | batch 4080/4266 | loss 0.4907 | acc 0.9518 | lr 8.10e-05 | 286s
2026-09-18 22:31:57 | INFO    | epoch 13 | batch 4100/4266 | loss 0.4908 | acc 0.9518 | lr 8.10e-05 | 287s
2026-09-18 22:31:58 | INFO    | epoch 13 | batch 4120/4266 | loss 0.4907 | acc 0.9518 | lr 8.10e-05 | 288s
2026-09-18 22:31:59 | INFO    | epoch 13 | batch 4140/4266 | loss 0.4906 | acc 0.9518 | lr 8.10e-05 | 290s
2026-09-18 22:32:01 | INFO    | epoch 13 | batch 4160/4266 | loss 0.4905 | acc 0.9519 | lr 8.10e-05 | 291s
2026-09-18 22:32:02 | INFO    | epoch 13 | batch 4180/4266 | loss 0.4904 | acc 0.9520 | lr 8.10e-05 | 293s
2026-09-18 22:32:04 | INFO    | epoch 13 | batch 4200/4266 | loss 0.4903 | acc 0.9520 | lr 8.10e-05 | 294s
2026-09-18 22:32:05 | INFO    | epoch 13 | batch 4220/4266 | loss 0.4904 | acc 0.9520 | lr 8.09e-05 | 295s
2026-09-18 22:32:06 | INFO    | epoch 13 | batch 4240/4266 | loss 0.4905 | acc 0.9519 | lr 8.09e-05 | 297s
2026-09-18 22:32:08 | INFO    | epoch 13 | batch 4260/4266 | loss 0.4906 | acc 0.9519 | lr 8.09e-05 | 298s
2026-09-18 22:32:08 | INFO    | epoch 13 | batch 4266/4266 | loss 0.4907 | acc 0.9519 | lr 8.09e-05 | 298s
2026-09-18 22:32:18 | INFO    | epoch 13/40 done in 308s | train loss 0.4907 | train running patch (aug): accuracy=0.9519 precision=0.9514 recall=0.9501 f1=0.9507
2026-09-18 22:32:18 | INFO    | epoch 13 train (eval, no aug) | loss 0.4550 | patch[7280]: accuracy=0.9688 precision=0.9660 recall=0.9701 f1=0.9679 | image[455]: accuracy=1.0000 precision=1.0000 recall=1.0000 f1=1.0000
2026-09-18 22:32:18 | INFO    | epoch 13 val | loss 1.2025 | patch[8448]: accuracy=0.6664 precision=0.6518 recall=0.6508 f1=0.6497 | image[96]: accuracy=0.7292 precision=0.7167 recall=0.7117 f1=0.7105
2026-09-18 22:32:18 | INFO    | val_patch_f1 = 0.6497 (best 0.6698 @ epoch 12)
2026-09-18 22:32:19 | INFO    | epoch 14 | batch 20/4266 | loss 0.4706 | acc 0.9672 | lr 8.09e-05 | 1s
2026-09-18 22:32:21 | INFO    | epoch 14 | batch 40/4266 | loss 0.4771 | acc 0.9656 | lr 8.09e-05 | 3s
2026-09-18 22:32:22 | INFO    | epoch 14 | batch 60/4266 | loss 0.4790 | acc 0.9620 | lr 8.09e-05 | 4s
2026-09-18 22:32:23 | INFO    | epoch 14 | batch 80/4266 | loss 0.4796 | acc 0.9629 | lr 8.08e-05 | 6s
2026-09-18 22:32:25 | INFO    | epoch 14 | batch 100/4266 | loss 0.4805 | acc 0.9619 | lr 8.08e-05 | 7s
2026-09-18 22:32:26 | INFO    | epoch 14 | batch 120/4266 | loss 0.4808 | acc 0.9620 | lr 8.08e-05 | 8s
2026-09-18 22:32:27 | INFO    | epoch 14 | batch 140/4266 | loss 0.4851 | acc 0.9587 | lr 8.08e-05 | 10s
2026-09-18 22:32:29 | INFO    | epoch 14 | batch 160/4266 | loss 0.4856 | acc 0.9582 | lr 8.08e-05 | 11s
2026-09-18 22:32:30 | INFO    | epoch 14 | batch 180/4266 | loss 0.4851 | acc 0.9589 | lr 8.08e-05 | 12s
2026-09-18 22:32:32 | INFO    | epoch 14 | batch 200/4266 | loss 0.4873 | acc 0.9573 | lr 8.08e-05 | 14s
2026-09-18 22:32:33 | INFO    | epoch 14 | batch 220/4266 | loss 0.4855 | acc 0.9582 | lr 8.07e-05 | 15s
2026-09-18 22:32:34 | INFO    | epoch 14 | batch 240/4266 | loss 0.4853 | acc 0.9577 | lr 8.07e-05 | 17s
2026-09-18 22:32:36 | INFO    | epoch 14 | batch 260/4266 | loss 0.4851 | acc 0.9575 | lr 8.07e-05 | 18s
2026-09-18 22:32:37 | INFO    | epoch 14 | batch 280/4266 | loss 0.4821 | acc 0.9589 | lr 8.07e-05 | 19s
2026-09-18 22:32:39 | INFO    | epoch 14 | batch 300/4266 | loss 0.4811 | acc 0.9592 | lr 8.07e-05 | 21s
2026-09-18 22:32:40 | INFO    | epoch 14 | batch 320/4266 | loss 0.4811 | acc 0.9593 | lr 8.07e-05 | 22s
2026-09-18 22:32:41 | INFO    | epoch 14 | batch 340/4266 | loss 0.4821 | acc 0.9585 | lr 8.06e-05 | 24s
2026-09-18 22:32:43 | INFO    | epoch 14 | batch 360/4266 | loss 0.4820 | acc 0.9582 | lr 8.06e-05 | 25s
2026-09-18 22:32:44 | INFO    | epoch 14 | batch 380/4266 | loss 0.4825 | acc 0.9576 | lr 8.06e-05 | 26s
2026-09-18 22:32:46 | INFO    | epoch 14 | batch 400/4266 | loss 0.4824 | acc 0.9579 | lr 8.06e-05 | 28s
2026-09-18 22:32:47 | INFO    | epoch 14 | batch 420/4266 | loss 0.4831 | acc 0.9573 | lr 8.06e-05 | 29s
2026-09-18 22:32:48 | INFO    | epoch 14 | batch 440/4266 | loss 0.4830 | acc 0.9576 | lr 8.06e-05 | 31s
2026-09-18 22:32:50 | INFO    | epoch 14 | batch 460/4266 | loss 0.4831 | acc 0.9576 | lr 8.06e-05 | 32s
2026-09-18 22:32:51 | INFO    | epoch 14 | batch 480/4266 | loss 0.4824 | acc 0.9576 | lr 8.05e-05 | 33s
2026-09-18 22:32:53 | INFO    | epoch 14 | batch 500/4266 | loss 0.4814 | acc 0.9583 | lr 8.05e-05 | 35s
2026-09-18 22:32:54 | INFO    | epoch 14 | batch 520/4266 | loss 0.4812 | acc 0.9579 | lr 8.05e-05 | 36s
2026-09-18 22:32:55 | INFO    | epoch 14 | batch 540/4266 | loss 0.4825 | acc 0.9568 | lr 8.05e-05 | 38s
2026-09-18 22:32:57 | INFO    | epoch 14 | batch 560/4266 | loss 0.4832 | acc 0.9565 | lr 8.05e-05 | 39s
2026-09-18 22:32:58 | INFO    | epoch 14 | batch 580/4266 | loss 0.4828 | acc 0.9568 | lr 8.05e-05 | 40s
2026-09-18 22:32:59 | INFO    | epoch 14 | batch 600/4266 | loss 0.4835 | acc 0.9564 | lr 8.04e-05 | 42s
2026-09-18 22:33:01 | INFO    | epoch 14 | batch 620/4266 | loss 0.4845 | acc 0.9558 | lr 8.04e-05 | 43s
2026-09-18 22:33:02 | INFO    | epoch 14 | batch 640/4266 | loss 0.4845 | acc 0.9557 | lr 8.04e-05 | 44s
2026-09-18 22:33:03 | INFO    | epoch 14 | batch 660/4266 | loss 0.4841 | acc 0.9560 | lr 8.04e-05 | 46s
2026-09-18 22:33:05 | INFO    | epoch 14 | batch 680/4266 | loss 0.4838 | acc 0.9563 | lr 8.04e-05 | 47s
2026-09-18 22:33:06 | INFO    | epoch 14 | batch 700/4266 | loss 0.4844 | acc 0.9559 | lr 8.04e-05 | 48s
2026-09-18 22:33:08 | INFO    | epoch 14 | batch 720/4266 | loss 0.4844 | acc 0.9559 | lr 8.04e-05 | 50s
2026-09-18 22:33:09 | INFO    | epoch 14 | batch 740/4266 | loss 0.4846 | acc 0.9554 | lr 8.03e-05 | 51s
2026-09-18 22:33:10 | INFO    | epoch 14 | batch 760/4266 | loss 0.4849 | acc 0.9553 | lr 8.03e-05 | 53s
2026-09-18 22:33:12 | INFO    | epoch 14 | batch 780/4266 | loss 0.4853 | acc 0.9551 | lr 8.03e-05 | 54s
2026-09-18 22:33:13 | INFO    | epoch 14 | batch 800/4266 | loss 0.4849 | acc 0.9553 | lr 8.03e-05 | 55s
2026-09-18 22:33:14 | INFO    | epoch 14 | batch 820/4266 | loss 0.4846 | acc 0.9554 | lr 8.03e-05 | 57s
2026-09-18 22:33:16 | INFO    | epoch 14 | batch 840/4266 | loss 0.4848 | acc 0.9554 | lr 8.03e-05 | 58s
2026-09-18 22:33:17 | INFO    | epoch 14 | batch 860/4266 | loss 0.4844 | acc 0.9555 | lr 8.02e-05 | 59s
2026-09-18 22:33:19 | INFO    | epoch 14 | batch 880/4266 | loss 0.4846 | acc 0.9553 | lr 8.02e-05 | 61s
2026-09-18 22:33:20 | INFO    | epoch 14 | batch 900/4266 | loss 0.4842 | acc 0.9555 | lr 8.02e-05 | 62s
2026-09-18 22:33:21 | INFO    | epoch 14 | batch 920/4266 | loss 0.4839 | acc 0.9556 | lr 8.02e-05 | 64s
2026-09-18 22:33:23 | INFO    | epoch 14 | batch 940/4266 | loss 0.4838 | acc 0.9557 | lr 8.02e-05 | 65s
2026-09-18 22:33:24 | INFO    | epoch 14 | batch 960/4266 | loss 0.4835 | acc 0.9558 | lr 8.02e-05 | 66s
2026-09-18 22:33:26 | INFO    | epoch 14 | batch 980/4266 | loss 0.4837 | acc 0.9557 | lr 8.02e-05 | 68s
2026-09-18 22:33:27 | INFO    | epoch 14 | batch 1000/4266 | loss 0.4835 | acc 0.9557 | lr 8.01e-05 | 69s
2026-09-18 22:33:28 | INFO    | epoch 14 | batch 1020/4266 | loss 0.4834 | acc 0.9558 | lr 8.01e-05 | 71s
2026-09-18 22:33:30 | INFO    | epoch 14 | batch 1040/4266 | loss 0.4835 | acc 0.9559 | lr 8.01e-05 | 72s
2026-09-18 22:33:31 | INFO    | epoch 14 | batch 1060/4266 | loss 0.4832 | acc 0.9561 | lr 8.01e-05 | 73s
2026-09-18 22:33:33 | INFO    | epoch 14 | batch 1080/4266 | loss 0.4831 | acc 0.9561 | lr 8.01e-05 | 75s
2026-09-18 22:33:34 | INFO    | epoch 14 | batch 1100/4266 | loss 0.4831 | acc 0.9559 | lr 8.01e-05 | 76s
2026-09-18 22:33:35 | INFO    | epoch 14 | batch 1120/4266 | loss 0.4829 | acc 0.9560 | lr 8.00e-05 | 78s
2026-09-18 22:33:37 | INFO    | epoch 14 | batch 1140/4266 | loss 0.4832 | acc 0.9559 | lr 8.00e-05 | 79s
2026-09-18 22:33:38 | INFO    | epoch 14 | batch 1160/4266 | loss 0.4834 | acc 0.9557 | lr 8.00e-05 | 80s
2026-09-18 22:33:40 | INFO    | epoch 14 | batch 1180/4266 | loss 0.4832 | acc 0.9559 | lr 8.00e-05 | 82s
2026-09-18 22:33:41 | INFO    | epoch 14 | batch 1200/4266 | loss 0.4831 | acc 0.9558 | lr 8.00e-05 | 83s
2026-09-18 22:33:42 | INFO    | epoch 14 | batch 1220/4266 | loss 0.4834 | acc 0.9557 | lr 8.00e-05 | 85s
2026-09-18 22:33:44 | INFO    | epoch 14 | batch 1240/4266 | loss 0.4838 | acc 0.9556 | lr 8.00e-05 | 86s
2026-09-18 22:33:45 | INFO    | epoch 14 | batch 1260/4266 | loss 0.4836 | acc 0.9557 | lr 7.99e-05 | 87s
2026-09-18 22:33:47 | INFO    | epoch 14 | batch 1280/4266 | loss 0.4835 | acc 0.9557 | lr 7.99e-05 | 89s
2026-09-18 22:33:48 | INFO    | epoch 14 | batch 1300/4266 | loss 0.4836 | acc 0.9557 | lr 7.99e-05 | 90s
2026-09-18 22:33:49 | INFO    | epoch 14 | batch 1320/4266 | loss 0.4835 | acc 0.9557 | lr 7.99e-05 | 92s
2026-09-18 22:33:51 | INFO    | epoch 14 | batch 1340/4266 | loss 0.4836 | acc 0.9556 | lr 7.99e-05 | 93s
2026-09-18 22:33:52 | INFO    | epoch 14 | batch 1360/4266 | loss 0.4836 | acc 0.9557 | lr 7.99e-05 | 94s
2026-09-18 22:33:54 | INFO    | epoch 14 | batch 1380/4266 | loss 0.4837 | acc 0.9555 | lr 7.98e-05 | 96s
2026-09-18 22:33:55 | INFO    | epoch 14 | batch 1400/4266 | loss 0.4835 | acc 0.9556 | lr 7.98e-05 | 97s
2026-09-18 22:33:56 | INFO    | epoch 14 | batch 1420/4266 | loss 0.4836 | acc 0.9555 | lr 7.98e-05 | 99s
2026-09-18 22:33:58 | INFO    | epoch 14 | batch 1440/4266 | loss 0.4835 | acc 0.9555 | lr 7.98e-05 | 100s
2026-09-18 22:33:59 | INFO    | epoch 14 | batch 1460/4266 | loss 0.4836 | acc 0.9556 | lr 7.98e-05 | 101s
2026-09-18 22:34:00 | INFO    | epoch 14 | batch 1480/4266 | loss 0.4833 | acc 0.9557 | lr 7.98e-05 | 103s
2026-09-18 22:34:02 | INFO    | epoch 14 | batch 1500/4266 | loss 0.4831 | acc 0.9558 | lr 7.98e-05 | 104s
2026-09-18 22:34:03 | INFO    | epoch 14 | batch 1520/4266 | loss 0.4832 | acc 0.9557 | lr 7.97e-05 | 105s
2026-09-18 22:34:04 | INFO    | epoch 14 | batch 1540/4266 | loss 0.4830 | acc 0.9558 | lr 7.97e-05 | 107s
2026-09-18 22:34:06 | INFO    | epoch 14 | batch 1560/4266 | loss 0.4831 | acc 0.9557 | lr 7.97e-05 | 108s
2026-09-18 22:34:07 | INFO    | epoch 14 | batch 1580/4266 | loss 0.4833 | acc 0.9556 | lr 7.97e-05 | 109s
2026-09-18 22:34:08 | INFO    | epoch 14 | batch 1600/4266 | loss 0.4833 | acc 0.9557 | lr 7.97e-05 | 111s
2026-09-18 22:34:10 | INFO    | epoch 14 | batch 1620/4266 | loss 0.4837 | acc 0.9556 | lr 7.97e-05 | 112s
2026-09-18 22:34:11 | INFO    | epoch 14 | batch 1640/4266 | loss 0.4836 | acc 0.9556 | lr 7.96e-05 | 113s
2026-09-18 22:34:13 | INFO    | epoch 14 | batch 1660/4266 | loss 0.4836 | acc 0.9554 | lr 7.96e-05 | 115s
2026-09-18 22:34:14 | INFO    | epoch 14 | batch 1680/4266 | loss 0.4836 | acc 0.9554 | lr 7.96e-05 | 116s
2026-09-18 22:34:15 | INFO    | epoch 14 | batch 1700/4266 | loss 0.4836 | acc 0.9554 | lr 7.96e-05 | 118s
2026-09-18 22:34:17 | INFO    | epoch 14 | batch 1720/4266 | loss 0.4839 | acc 0.9553 | lr 7.96e-05 | 119s
2026-09-18 22:34:18 | INFO    | epoch 14 | batch 1740/4266 | loss 0.4840 | acc 0.9553 | lr 7.96e-05 | 120s
2026-09-18 22:34:19 | INFO    | epoch 14 | batch 1760/4266 | loss 0.4841 | acc 0.9552 | lr 7.96e-05 | 122s
2026-09-18 22:34:21 | INFO    | epoch 14 | batch 1780/4266 | loss 0.4840 | acc 0.9552 | lr 7.95e-05 | 123s
2026-09-18 22:34:22 | INFO    | epoch 14 | batch 1800/4266 | loss 0.4842 | acc 0.9552 | lr 7.95e-05 | 124s
2026-09-18 22:34:24 | INFO    | epoch 14 | batch 1820/4266 | loss 0.4843 | acc 0.9551 | lr 7.95e-05 | 126s
2026-09-18 22:34:25 | INFO    | epoch 14 | batch 1840/4266 | loss 0.4842 | acc 0.9551 | lr 7.95e-05 | 127s
2026-09-18 22:34:26 | INFO    | epoch 14 | batch 1860/4266 | loss 0.4841 | acc 0.9551 | lr 7.95e-05 | 129s
2026-09-18 22:34:28 | INFO    | epoch 14 | batch 1880/4266 | loss 0.4841 | acc 0.9552 | lr 7.95e-05 | 130s
2026-09-18 22:34:29 | INFO    | epoch 14 | batch 1900/4266 | loss 0.4839 | acc 0.9553 | lr 7.94e-05 | 131s
2026-09-18 22:34:31 | INFO    | epoch 14 | batch 1920/4266 | loss 0.4836 | acc 0.9555 | lr 7.94e-05 | 133s
2026-09-18 22:34:32 | INFO    | epoch 14 | batch 1940/4266 | loss 0.4837 | acc 0.9553 | lr 7.94e-05 | 134s
2026-09-18 22:34:33 | INFO    | epoch 14 | batch 1960/4266 | loss 0.4838 | acc 0.9553 | lr 7.94e-05 | 136s
2026-09-18 22:34:35 | INFO    | epoch 14 | batch 1980/4266 | loss 0.4841 | acc 0.9552 | lr 7.94e-05 | 137s
2026-09-18 22:34:36 | INFO    | epoch 14 | batch 2000/4266 | loss 0.4843 | acc 0.9551 | lr 7.94e-05 | 138s
2026-09-18 22:34:38 | INFO    | epoch 14 | batch 2020/4266 | loss 0.4840 | acc 0.9552 | lr 7.94e-05 | 140s
2026-09-18 22:34:39 | INFO    | epoch 14 | batch 2040/4266 | loss 0.4839 | acc 0.9553 | lr 7.93e-05 | 141s
2026-09-18 22:34:40 | INFO    | epoch 14 | batch 2060/4266 | loss 0.4841 | acc 0.9551 | lr 7.93e-05 | 143s
2026-09-18 22:34:42 | INFO    | epoch 14 | batch 2080/4266 | loss 0.4839 | acc 0.9552 | lr 7.93e-05 | 144s
2026-09-18 22:34:43 | INFO    | epoch 14 | batch 2100/4266 | loss 0.4838 | acc 0.9553 | lr 7.93e-05 | 145s
2026-09-18 22:34:45 | INFO    | epoch 14 | batch 2120/4266 | loss 0.4838 | acc 0.9552 | lr 7.93e-05 | 147s
2026-09-18 22:34:46 | INFO    | epoch 14 | batch 2140/4266 | loss 0.4838 | acc 0.9552 | lr 7.93e-05 | 148s
2026-09-18 22:34:47 | INFO    | epoch 14 | batch 2160/4266 | loss 0.4837 | acc 0.9552 | lr 7.92e-05 | 150s
2026-09-18 22:34:49 | INFO    | epoch 14 | batch 2180/4266 | loss 0.4839 | acc 0.9551 | lr 7.92e-05 | 151s
2026-09-18 22:34:50 | INFO    | epoch 14 | batch 2200/4266 | loss 0.4838 | acc 0.9552 | lr 7.92e-05 | 152s
2026-09-18 22:34:52 | INFO    | epoch 14 | batch 2220/4266 | loss 0.4837 | acc 0.9553 | lr 7.92e-05 | 154s
2026-09-18 22:34:53 | INFO    | epoch 14 | batch 2240/4266 | loss 0.4836 | acc 0.9553 | lr 7.92e-05 | 155s
2026-09-18 22:34:54 | INFO    | epoch 14 | batch 2260/4266 | loss 0.4836 | acc 0.9553 | lr 7.92e-05 | 157s
2026-09-18 22:34:56 | INFO    | epoch 14 | batch 2280/4266 | loss 0.4836 | acc 0.9553 | lr 7.91e-05 | 158s
2026-09-18 22:34:57 | INFO    | epoch 14 | batch 2300/4266 | loss 0.4836 | acc 0.9553 | lr 7.91e-05 | 159s
2026-09-18 22:34:59 | INFO    | epoch 14 | batch 2320/4266 | loss 0.4835 | acc 0.9553 | lr 7.91e-05 | 161s
2026-09-18 22:35:00 | INFO    | epoch 14 | batch 2340/4266 | loss 0.4837 | acc 0.9552 | lr 7.91e-05 | 162s
2026-09-18 22:35:01 | INFO    | epoch 14 | batch 2360/4266 | loss 0.4837 | acc 0.9552 | lr 7.91e-05 | 164s
2026-09-18 22:35:03 | INFO    | epoch 14 | batch 2380/4266 | loss 0.4838 | acc 0.9551 | lr 7.91e-05 | 165s
2026-09-18 22:35:04 | INFO    | epoch 14 | batch 2400/4266 | loss 0.4838 | acc 0.9551 | lr 7.91e-05 | 166s
2026-09-18 22:35:06 | INFO    | epoch 14 | batch 2420/4266 | loss 0.4842 | acc 0.9549 | lr 7.90e-05 | 168s
2026-09-18 22:35:07 | INFO    | epoch 14 | batch 2440/4266 | loss 0.4841 | acc 0.9550 | lr 7.90e-05 | 169s
2026-09-18 22:35:08 | INFO    | epoch 14 | batch 2460/4266 | loss 0.4841 | acc 0.9550 | lr 7.90e-05 | 171s
2026-09-18 22:35:10 | INFO    | epoch 14 | batch 2480/4266 | loss 0.4843 | acc 0.9548 | lr 7.90e-05 | 172s
2026-09-18 22:35:11 | INFO    | epoch 14 | batch 2500/4266 | loss 0.4841 | acc 0.9549 | lr 7.90e-05 | 173s
2026-09-18 22:35:13 | INFO    | epoch 14 | batch 2520/4266 | loss 0.4841 | acc 0.9549 | lr 7.90e-05 | 175s
2026-09-18 22:35:14 | INFO    | epoch 14 | batch 2540/4266 | loss 0.4843 | acc 0.9548 | lr 7.89e-05 | 176s
2026-09-18 22:35:15 | INFO    | epoch 14 | batch 2560/4266 | loss 0.4844 | acc 0.9547 | lr 7.89e-05 | 177s
2026-09-18 22:35:17 | INFO    | epoch 14 | batch 2580/4266 | loss 0.4844 | acc 0.9547 | lr 7.89e-05 | 179s
2026-09-18 22:35:18 | INFO    | epoch 14 | batch 2600/4266 | loss 0.4843 | acc 0.9548 | lr 7.89e-05 | 180s
2026-09-18 22:35:19 | INFO    | epoch 14 | batch 2620/4266 | loss 0.4843 | acc 0.9548 | lr 7.89e-05 | 182s
2026-09-18 22:35:21 | INFO    | epoch 14 | batch 2640/4266 | loss 0.4843 | acc 0.9547 | lr 7.89e-05 | 183s
2026-09-18 22:35:22 | INFO    | epoch 14 | batch 2660/4266 | loss 0.4843 | acc 0.9547 | lr 7.89e-05 | 184s
2026-09-18 22:35:24 | INFO    | epoch 14 | batch 2680/4266 | loss 0.4842 | acc 0.9547 | lr 7.88e-05 | 186s
2026-09-18 22:35:25 | INFO    | epoch 14 | batch 2700/4266 | loss 0.4845 | acc 0.9547 | lr 7.88e-05 | 187s
2026-09-18 22:35:26 | INFO    | epoch 14 | batch 2720/4266 | loss 0.4845 | acc 0.9546 | lr 7.88e-05 | 189s
2026-09-18 22:35:28 | INFO    | epoch 14 | batch 2740/4266 | loss 0.4845 | acc 0.9547 | lr 7.88e-05 | 190s
2026-09-18 22:35:29 | INFO    | epoch 14 | batch 2760/4266 | loss 0.4844 | acc 0.9547 | lr 7.88e-05 | 191s
2026-09-18 22:35:30 | INFO    | epoch 14 | batch 2780/4266 | loss 0.4844 | acc 0.9548 | lr 7.88e-05 | 193s
2026-09-18 22:35:32 | INFO    | epoch 14 | batch 2800/4266 | loss 0.4842 | acc 0.9548 | lr 7.87e-05 | 194s
2026-09-18 22:35:33 | INFO    | epoch 14 | batch 2820/4266 | loss 0.4842 | acc 0.9549 | lr 7.87e-05 | 195s
2026-09-18 22:35:35 | INFO    | epoch 14 | batch 2840/4266 | loss 0.4842 | acc 0.9548 | lr 7.87e-05 | 197s
2026-09-18 22:35:36 | INFO    | epoch 14 | batch 2860/4266 | loss 0.4843 | acc 0.9548 | lr 7.87e-05 | 198s
2026-09-18 22:35:37 | INFO    | epoch 14 | batch 2880/4266 | loss 0.4842 | acc 0.9549 | lr 7.87e-05 | 200s
2026-09-18 22:35:39 | INFO    | epoch 14 | batch 2900/4266 | loss 0.4840 | acc 0.9550 | lr 7.87e-05 | 201s
2026-09-18 22:35:40 | INFO    | epoch 14 | batch 2920/4266 | loss 0.4841 | acc 0.9549 | lr 7.86e-05 | 203s
2026-09-18 22:35:42 | INFO    | epoch 14 | batch 2940/4266 | loss 0.4843 | acc 0.9548 | lr 7.86e-05 | 204s
2026-09-18 22:35:43 | INFO    | epoch 14 | batch 2960/4266 | loss 0.4844 | acc 0.9548 | lr 7.86e-05 | 205s
2026-09-18 22:35:45 | INFO    | epoch 14 | batch 2980/4266 | loss 0.4846 | acc 0.9547 | lr 7.86e-05 | 207s
2026-09-18 22:35:46 | INFO    | epoch 14 | batch 3000/4266 | loss 0.4845 | acc 0.9548 | lr 7.86e-05 | 208s
2026-09-18 22:35:47 | INFO    | epoch 14 | batch 3020/4266 | loss 0.4844 | acc 0.9548 | lr 7.86e-05 | 209s
2026-09-18 22:35:49 | INFO    | epoch 14 | batch 3040/4266 | loss 0.4843 | acc 0.9549 | lr 7.86e-05 | 211s
2026-09-18 22:35:50 | INFO    | epoch 14 | batch 3060/4266 | loss 0.4841 | acc 0.9551 | lr 7.85e-05 | 212s
2026-09-18 22:35:52 | INFO    | epoch 14 | batch 3080/4266 | loss 0.4840 | acc 0.9550 | lr 7.85e-05 | 214s
2026-09-18 22:35:53 | INFO    | epoch 14 | batch 3100/4266 | loss 0.4841 | acc 0.9550 | lr 7.85e-05 | 215s
2026-09-18 22:35:54 | INFO    | epoch 14 | batch 3120/4266 | loss 0.4841 | acc 0.9550 | lr 7.85e-05 | 217s
2026-09-18 22:35:56 | INFO    | epoch 14 | batch 3140/4266 | loss 0.4841 | acc 0.9550 | lr 7.85e-05 | 218s
2026-09-18 22:35:57 | INFO    | epoch 14 | batch 3160/4266 | loss 0.4841 | acc 0.9551 | lr 7.85e-05 | 219s
2026-09-18 22:35:59 | INFO    | epoch 14 | batch 3180/4266 | loss 0.4842 | acc 0.9550 | lr 7.84e-05 | 221s
2026-09-18 22:36:00 | INFO    | epoch 14 | batch 3200/4266 | loss 0.4842 | acc 0.9550 | lr 7.84e-05 | 222s
2026-09-18 22:36:01 | INFO    | epoch 14 | batch 3220/4266 | loss 0.4841 | acc 0.9551 | lr 7.84e-05 | 223s
2026-09-18 22:36:03 | INFO    | epoch 14 | batch 3240/4266 | loss 0.4840 | acc 0.9551 | lr 7.84e-05 | 225s
2026-09-18 22:36:04 | INFO    | epoch 14 | batch 3260/4266 | loss 0.4840 | acc 0.9552 | lr 7.84e-05 | 226s
2026-09-18 22:36:05 | INFO    | epoch 14 | batch 3280/4266 | loss 0.4839 | acc 0.9552 | lr 7.84e-05 | 228s
2026-09-18 22:36:07 | INFO    | epoch 14 | batch 3300/4266 | loss 0.4837 | acc 0.9554 | lr 7.83e-05 | 229s
2026-09-18 22:36:08 | INFO    | epoch 14 | batch 3320/4266 | loss 0.4838 | acc 0.9553 | lr 7.83e-05 | 230s
2026-09-18 22:36:09 | INFO    | epoch 14 | batch 3340/4266 | loss 0.4839 | acc 0.9553 | lr 7.83e-05 | 232s
2026-09-18 22:36:11 | INFO    | epoch 14 | batch 3360/4266 | loss 0.4839 | acc 0.9553 | lr 7.83e-05 | 233s
2026-09-18 22:36:12 | INFO    | epoch 14 | batch 3380/4266 | loss 0.4838 | acc 0.9553 | lr 7.83e-05 | 234s
2026-09-18 22:36:14 | INFO    | epoch 14 | batch 3400/4266 | loss 0.4838 | acc 0.9554 | lr 7.83e-05 | 236s
2026-09-18 22:36:15 | INFO    | epoch 14 | batch 3420/4266 | loss 0.4838 | acc 0.9554 | lr 7.82e-05 | 237s
2026-09-18 22:36:16 | INFO    | epoch 14 | batch 3440/4266 | loss 0.4838 | acc 0.9553 | lr 7.82e-05 | 239s
2026-09-18 22:36:18 | INFO    | epoch 14 | batch 3460/4266 | loss 0.4836 | acc 0.9554 | lr 7.82e-05 | 240s
2026-09-18 22:36:19 | INFO    | epoch 14 | batch 3480/4266 | loss 0.4835 | acc 0.9555 | lr 7.82e-05 | 241s
2026-09-18 22:36:20 | INFO    | epoch 14 | batch 3500/4266 | loss 0.4835 | acc 0.9555 | lr 7.82e-05 | 243s
2026-09-18 22:36:22 | INFO    | epoch 14 | batch 3520/4266 | loss 0.4834 | acc 0.9556 | lr 7.82e-05 | 244s
2026-09-18 22:36:23 | INFO    | epoch 14 | batch 3540/4266 | loss 0.4835 | acc 0.9555 | lr 7.82e-05 | 245s
2026-09-18 22:36:25 | INFO    | epoch 14 | batch 3560/4266 | loss 0.4835 | acc 0.9555 | lr 7.81e-05 | 247s
2026-09-18 22:36:26 | INFO    | epoch 14 | batch 3580/4266 | loss 0.4837 | acc 0.9554 | lr 7.81e-05 | 248s
2026-09-18 22:36:27 | INFO    | epoch 14 | batch 3600/4266 | loss 0.4837 | acc 0.9554 | lr 7.81e-05 | 249s
2026-09-18 22:36:29 | INFO    | epoch 14 | batch 3620/4266 | loss 0.4836 | acc 0.9555 | lr 7.81e-05 | 251s
2026-09-18 22:36:30 | INFO    | epoch 14 | batch 3640/4266 | loss 0.4836 | acc 0.9555 | lr 7.81e-05 | 252s
2026-09-18 22:36:31 | INFO    | epoch 14 | batch 3660/4266 | loss 0.4837 | acc 0.9555 | lr 7.81e-05 | 254s
2026-09-18 22:36:33 | INFO    | epoch 14 | batch 3680/4266 | loss 0.4836 | acc 0.9555 | lr 7.80e-05 | 255s
2026-09-18 22:36:34 | INFO    | epoch 14 | batch 3700/4266 | loss 0.4836 | acc 0.9555 | lr 7.80e-05 | 256s
2026-09-18 22:36:36 | INFO    | epoch 14 | batch 3720/4266 | loss 0.4836 | acc 0.9555 | lr 7.80e-05 | 258s
2026-09-18 22:36:37 | INFO    | epoch 14 | batch 3740/4266 | loss 0.4835 | acc 0.9556 | lr 7.80e-05 | 259s
2026-09-18 22:36:38 | INFO    | epoch 14 | batch 3760/4266 | loss 0.4835 | acc 0.9556 | lr 7.80e-05 | 261s
2026-09-18 22:36:40 | INFO    | epoch 14 | batch 3780/4266 | loss 0.4836 | acc 0.9555 | lr 7.80e-05 | 262s
2026-09-18 22:36:41 | INFO    | epoch 14 | batch 3800/4266 | loss 0.4834 | acc 0.9556 | lr 7.79e-05 | 263s
2026-09-18 22:36:43 | INFO    | epoch 14 | batch 3820/4266 | loss 0.4834 | acc 0.9557 | lr 7.79e-05 | 265s
2026-09-18 22:36:44 | INFO    | epoch 14 | batch 3840/4266 | loss 0.4833 | acc 0.9557 | lr 7.79e-05 | 266s
2026-09-18 22:36:45 | INFO    | epoch 14 | batch 3860/4266 | loss 0.4832 | acc 0.9558 | lr 7.79e-05 | 267s
2026-09-18 22:36:47 | INFO    | epoch 14 | batch 3880/4266 | loss 0.4831 | acc 0.9558 | lr 7.79e-05 | 269s
2026-09-18 22:36:48 | INFO    | epoch 14 | batch 3900/4266 | loss 0.4833 | acc 0.9557 | lr 7.79e-05 | 270s
2026-09-18 22:36:49 | INFO    | epoch 14 | batch 3920/4266 | loss 0.4834 | acc 0.9557 | lr 7.79e-05 | 272s
2026-09-18 22:36:51 | INFO    | epoch 14 | batch 3940/4266 | loss 0.4835 | acc 0.9556 | lr 7.78e-05 | 273s
2026-09-18 22:36:52 | INFO    | epoch 14 | batch 3960/4266 | loss 0.4835 | acc 0.9556 | lr 7.78e-05 | 274s
2026-09-18 22:36:54 | INFO    | epoch 14 | batch 3980/4266 | loss 0.4835 | acc 0.9556 | lr 7.78e-05 | 276s
2026-09-18 22:36:55 | INFO    | epoch 14 | batch 4000/4266 | loss 0.4835 | acc 0.9556 | lr 7.78e-05 | 277s
2026-09-18 22:36:56 | INFO    | epoch 14 | batch 4020/4266 | loss 0.4834 | acc 0.9556 | lr 7.78e-05 | 279s
2026-09-18 22:36:58 | INFO    | epoch 14 | batch 4040/4266 | loss 0.4835 | acc 0.9556 | lr 7.78e-05 | 280s
2026-09-18 22:36:59 | INFO    | epoch 14 | batch 4060/4266 | loss 0.4836 | acc 0.9555 | lr 7.77e-05 | 281s
2026-09-18 22:37:01 | INFO    | epoch 14 | batch 4080/4266 | loss 0.4836 | acc 0.9555 | lr 7.77e-05 | 283s
2026-09-18 22:37:02 | INFO    | epoch 14 | batch 4100/4266 | loss 0.4835 | acc 0.9555 | lr 7.77e-05 | 284s
2026-09-18 22:37:04 | INFO    | epoch 14 | batch 4120/4266 | loss 0.4833 | acc 0.9556 | lr 7.77e-05 | 286s
2026-09-18 22:37:05 | INFO    | epoch 14 | batch 4140/4266 | loss 0.4833 | acc 0.9557 | lr 7.77e-05 | 287s
2026-09-18 22:37:06 | INFO    | epoch 14 | batch 4160/4266 | loss 0.4831 | acc 0.9557 | lr 7.77e-05 | 289s
2026-09-18 22:37:08 | INFO    | epoch 14 | batch 4180/4266 | loss 0.4831 | acc 0.9557 | lr 7.76e-05 | 290s
2026-09-18 22:37:09 | INFO    | epoch 14 | batch 4200/4266 | loss 0.4831 | acc 0.9558 | lr 7.76e-05 | 291s
2026-09-18 22:37:10 | INFO    | epoch 14 | batch 4220/4266 | loss 0.4830 | acc 0.9558 | lr 7.76e-05 | 293s
2026-09-18 22:37:12 | INFO    | epoch 14 | batch 4240/4266 | loss 0.4831 | acc 0.9558 | lr 7.76e-05 | 294s
2026-09-18 22:37:13 | INFO    | epoch 14 | batch 4260/4266 | loss 0.4831 | acc 0.9558 | lr 7.76e-05 | 295s
2026-09-18 22:37:14 | INFO    | epoch 14 | batch 4266/4266 | loss 0.4831 | acc 0.9558 | lr 7.76e-05 | 296s
2026-09-18 22:37:23 | INFO    | epoch 14/40 done in 305s | train loss 0.4831 | train running patch (aug): accuracy=0.9558 precision=0.9550 recall=0.9542 f1=0.9546
2026-09-18 22:37:23 | INFO    | epoch 14 train (eval, no aug) | loss 0.4307 | patch[7280]: accuracy=0.9823 precision=0.9821 recall=0.9820 f1=0.9820 | image[455]: accuracy=1.0000 precision=1.0000 recall=1.0000 f1=1.0000
2026-09-18 22:37:23 | INFO    | epoch 14 val | loss 1.1527 | patch[8448]: accuracy=0.6849 precision=0.6587 recall=0.6571 f1=0.6576 | image[96]: accuracy=0.7500 precision=0.7196 recall=0.7119 f1=0.7118
2026-09-18 22:37:23 | INFO    | val_patch_f1 = 0.6576 (best 0.6698 @ epoch 12)
2026-09-18 22:37:25 | INFO    | epoch 15 | batch 20/4266 | loss 0.5038 | acc 0.9406 | lr 7.76e-05 | 1s
2026-09-18 22:37:26 | INFO    | epoch 15 | batch 40/4266 | loss 0.4851 | acc 0.9555 | lr 7.75e-05 | 3s
2026-09-18 22:37:28 | INFO    | epoch 15 | batch 60/4266 | loss 0.4790 | acc 0.9583 | lr 7.75e-05 | 4s
2026-09-18 22:37:29 | INFO    | epoch 15 | batch 80/4266 | loss 0.4787 | acc 0.9578 | lr 7.75e-05 | 6s
2026-09-18 22:37:30 | INFO    | epoch 15 | batch 100/4266 | loss 0.4806 | acc 0.9575 | lr 7.75e-05 | 7s
2026-09-18 22:37:32 | INFO    | epoch 15 | batch 120/4266 | loss 0.4782 | acc 0.9586 | lr 7.75e-05 | 8s
2026-09-18 22:37:33 | INFO    | epoch 15 | batch 140/4266 | loss 0.4778 | acc 0.9580 | lr 7.75e-05 | 10s
2026-09-18 22:37:35 | INFO    | epoch 15 | batch 160/4266 | loss 0.4778 | acc 0.9572 | lr 7.74e-05 | 11s
2026-09-18 22:37:36 | INFO    | epoch 15 | batch 180/4266 | loss 0.4795 | acc 0.9556 | lr 7.74e-05 | 12s
2026-09-18 22:37:37 | INFO    | epoch 15 | batch 200/4266 | loss 0.4832 | acc 0.9539 | lr 7.74e-05 | 14s
2026-09-18 22:37:39 | INFO    | epoch 15 | batch 220/4266 | loss 0.4828 | acc 0.9543 | lr 7.74e-05 | 15s
2026-09-18 22:37:40 | INFO    | epoch 15 | batch 240/4266 | loss 0.4801 | acc 0.9555 | lr 7.74e-05 | 17s
2026-09-18 22:37:41 | INFO    | epoch 15 | batch 260/4266 | loss 0.4799 | acc 0.9558 | lr 7.74e-05 | 18s
2026-09-18 22:37:43 | INFO    | epoch 15 | batch 280/4266 | loss 0.4786 | acc 0.9561 | lr 7.73e-05 | 19s
2026-09-18 22:37:44 | INFO    | epoch 15 | batch 300/4266 | loss 0.4779 | acc 0.9561 | lr 7.73e-05 | 21s
2026-09-18 22:37:46 | INFO    | epoch 15 | batch 320/4266 | loss 0.4788 | acc 0.9556 | lr 7.73e-05 | 22s
2026-09-18 22:37:47 | INFO    | epoch 15 | batch 340/4266 | loss 0.4779 | acc 0.9564 | lr 7.73e-05 | 24s
2026-09-18 22:37:48 | INFO    | epoch 15 | batch 360/4266 | loss 0.4766 | acc 0.9573 | lr 7.73e-05 | 25s
2026-09-18 22:37:50 | INFO    | epoch 15 | batch 380/4266 | loss 0.4772 | acc 0.9571 | lr 7.73e-05 | 27s
2026-09-18 22:37:51 | INFO    | epoch 15 | batch 400/4266 | loss 0.4770 | acc 0.9570 | lr 7.73e-05 | 28s
2026-09-18 22:37:53 | INFO    | epoch 15 | batch 420/4266 | loss 0.4767 | acc 0.9572 | lr 7.72e-05 | 29s
2026-09-18 22:37:54 | INFO    | epoch 15 | batch 440/4266 | loss 0.4767 | acc 0.9571 | lr 7.72e-05 | 31s
2026-09-18 22:37:56 | INFO    | epoch 15 | batch 460/4266 | loss 0.4780 | acc 0.9566 | lr 7.72e-05 | 32s
2026-09-18 22:37:57 | INFO    | epoch 15 | batch 480/4266 | loss 0.4783 | acc 0.9567 | lr 7.72e-05 | 34s
2026-09-18 22:37:58 | INFO    | epoch 15 | batch 500/4266 | loss 0.4779 | acc 0.9571 | lr 7.72e-05 | 35s
2026-09-18 22:38:00 | INFO    | epoch 15 | batch 520/4266 | loss 0.4786 | acc 0.9566 | lr 7.72e-05 | 37s
2026-09-18 22:38:01 | INFO    | epoch 15 | batch 540/4266 | loss 0.4781 | acc 0.9569 | lr 7.71e-05 | 38s
2026-09-18 22:38:03 | INFO    | epoch 15 | batch 560/4266 | loss 0.4778 | acc 0.9572 | lr 7.71e-05 | 39s
2026-09-18 22:38:04 | INFO    | epoch 15 | batch 580/4266 | loss 0.4784 | acc 0.9570 | lr 7.71e-05 | 41s
2026-09-18 22:38:06 | INFO    | epoch 15 | batch 600/4266 | loss 0.4780 | acc 0.9573 | lr 7.71e-05 | 42s
2026-09-18 22:38:07 | INFO    | epoch 15 | batch 620/4266 | loss 0.4786 | acc 0.9571 | lr 7.71e-05 | 44s
2026-09-18 22:38:08 | INFO    | epoch 15 | batch 640/4266 | loss 0.4789 | acc 0.9571 | lr 7.71e-05 | 45s
2026-09-18 22:38:10 | INFO    | epoch 15 | batch 660/4266 | loss 0.4783 | acc 0.9573 | lr 7.70e-05 | 46s
2026-09-18 22:38:11 | INFO    | epoch 15 | batch 680/4266 | loss 0.4782 | acc 0.9574 | lr 7.70e-05 | 48s
2026-09-18 22:38:12 | INFO    | epoch 15 | batch 700/4266 | loss 0.4781 | acc 0.9574 | lr 7.70e-05 | 49s
2026-09-18 22:38:14 | INFO    | epoch 15 | batch 720/4266 | loss 0.4776 | acc 0.9578 | lr 7.70e-05 | 50s
2026-09-18 22:38:15 | INFO    | epoch 15 | batch 740/4266 | loss 0.4775 | acc 0.9579 | lr 7.70e-05 | 52s
2026-09-18 22:38:17 | INFO    | epoch 15 | batch 760/4266 | loss 0.4776 | acc 0.9577 | lr 7.70e-05 | 53s
2026-09-18 22:38:18 | INFO    | epoch 15 | batch 780/4266 | loss 0.4773 | acc 0.9579 | lr 7.69e-05 | 55s
2026-09-18 22:38:19 | INFO    | epoch 15 | batch 800/4266 | loss 0.4776 | acc 0.9578 | lr 7.69e-05 | 56s
2026-09-18 22:38:21 | INFO    | epoch 15 | batch 820/4266 | loss 0.4777 | acc 0.9579 | lr 7.69e-05 | 57s
2026-09-18 22:38:22 | INFO    | epoch 15 | batch 840/4266 | loss 0.4783 | acc 0.9578 | lr 7.69e-05 | 59s
2026-09-18 22:38:23 | INFO    | epoch 15 | batch 860/4266 | loss 0.4773 | acc 0.9583 | lr 7.69e-05 | 60s
2026-09-18 22:38:25 | INFO    | epoch 15 | batch 880/4266 | loss 0.4771 | acc 0.9585 | lr 7.69e-05 | 61s
2026-09-18 22:38:26 | INFO    | epoch 15 | batch 900/4266 | loss 0.4774 | acc 0.9584 | lr 7.68e-05 | 63s
2026-09-18 22:38:28 | INFO    | epoch 15 | batch 920/4266 | loss 0.4774 | acc 0.9584 | lr 7.68e-05 | 64s
2026-09-18 22:38:29 | INFO    | epoch 15 | batch 940/4266 | loss 0.4774 | acc 0.9585 | lr 7.68e-05 | 66s
2026-09-18 22:38:30 | INFO    | epoch 15 | batch 960/4266 | loss 0.4779 | acc 0.9581 | lr 7.68e-05 | 67s
2026-09-18 22:38:32 | INFO    | epoch 15 | batch 980/4266 | loss 0.4781 | acc 0.9581 | lr 7.68e-05 | 68s
2026-09-18 22:38:33 | INFO    | epoch 15 | batch 1000/4266 | loss 0.4782 | acc 0.9579 | lr 7.68e-05 | 70s
2026-09-18 22:38:35 | INFO    | epoch 15 | batch 1020/4266 | loss 0.4782 | acc 0.9578 | lr 7.67e-05 | 71s
2026-09-18 22:38:36 | INFO    | epoch 15 | batch 1040/4266 | loss 0.4780 | acc 0.9580 | lr 7.67e-05 | 72s
2026-09-18 22:38:37 | INFO    | epoch 15 | batch 1060/4266 | loss 0.4776 | acc 0.9581 | lr 7.67e-05 | 74s
2026-09-18 22:38:39 | INFO    | epoch 15 | batch 1080/4266 | loss 0.4774 | acc 0.9582 | lr 7.67e-05 | 75s
2026-09-18 22:38:40 | INFO    | epoch 15 | batch 1100/4266 | loss 0.4770 | acc 0.9584 | lr 7.67e-05 | 77s
2026-09-18 22:38:42 | INFO    | epoch 15 | batch 1120/4266 | loss 0.4772 | acc 0.9582 | lr 7.67e-05 | 78s
2026-09-18 22:38:43 | INFO    | epoch 15 | batch 1140/4266 | loss 0.4770 | acc 0.9583 | lr 7.67e-05 | 80s
2026-09-18 22:38:44 | INFO    | epoch 15 | batch 1160/4266 | loss 0.4771 | acc 0.9581 | lr 7.66e-05 | 81s
2026-09-18 22:38:46 | INFO    | epoch 15 | batch 1180/4266 | loss 0.4770 | acc 0.9582 | lr 7.66e-05 | 82s
2026-09-18 22:38:47 | INFO    | epoch 15 | batch 1200/4266 | loss 0.4770 | acc 0.9582 | lr 7.66e-05 | 84s
2026-09-18 22:38:48 | INFO    | epoch 15 | batch 1220/4266 | loss 0.4775 | acc 0.9581 | lr 7.66e-05 | 85s
2026-09-18 22:38:50 | INFO    | epoch 15 | batch 1240/4266 | loss 0.4774 | acc 0.9582 | lr 7.66e-05 | 86s
2026-09-18 22:38:51 | INFO    | epoch 15 | batch 1260/4266 | loss 0.4774 | acc 0.9582 | lr 7.66e-05 | 88s
2026-09-18 22:38:53 | INFO    | epoch 15 | batch 1280/4266 | loss 0.4770 | acc 0.9583 | lr 7.65e-05 | 89s
2026-09-18 22:38:54 | INFO    | epoch 15 | batch 1300/4266 | loss 0.4771 | acc 0.9583 | lr 7.65e-05 | 91s
2026-09-18 22:38:55 | INFO    | epoch 15 | batch 1320/4266 | loss 0.4773 | acc 0.9582 | lr 7.65e-05 | 92s
2026-09-18 22:38:57 | INFO    | epoch 15 | batch 1340/4266 | loss 0.4772 | acc 0.9582 | lr 7.65e-05 | 93s
2026-09-18 22:38:58 | INFO    | epoch 15 | batch 1360/4266 | loss 0.4772 | acc 0.9584 | lr 7.65e-05 | 95s
2026-09-18 22:38:59 | INFO    | epoch 15 | batch 1380/4266 | loss 0.4770 | acc 0.9585 | lr 7.65e-05 | 96s
2026-09-18 22:39:01 | INFO    | epoch 15 | batch 1400/4266 | loss 0.4769 | acc 0.9585 | lr 7.64e-05 | 97s
2026-09-18 22:39:02 | INFO    | epoch 15 | batch 1420/4266 | loss 0.4771 | acc 0.9584 | lr 7.64e-05 | 99s
2026-09-18 22:39:03 | INFO    | epoch 15 | batch 1440/4266 | loss 0.4772 | acc 0.9583 | lr 7.64e-05 | 100s
2026-09-18 22:39:05 | INFO    | epoch 15 | batch 1460/4266 | loss 0.4769 | acc 0.9584 | lr 7.64e-05 | 101s
2026-09-18 22:39:06 | INFO    | epoch 15 | batch 1480/4266 | loss 0.4772 | acc 0.9583 | lr 7.64e-05 | 103s
2026-09-18 22:39:08 | INFO    | epoch 15 | batch 1500/4266 | loss 0.4772 | acc 0.9583 | lr 7.64e-05 | 104s
2026-09-18 22:39:09 | INFO    | epoch 15 | batch 1520/4266 | loss 0.4770 | acc 0.9584 | lr 7.63e-05 | 105s
2026-09-18 22:39:10 | INFO    | epoch 15 | batch 1540/4266 | loss 0.4770 | acc 0.9585 | lr 7.63e-05 | 107s
2026-09-18 22:39:12 | INFO    | epoch 15 | batch 1560/4266 | loss 0.4766 | acc 0.9587 | lr 7.63e-05 | 108s
2026-09-18 22:39:13 | INFO    | epoch 15 | batch 1580/4266 | loss 0.4764 | acc 0.9588 | lr 7.63e-05 | 110s
2026-09-18 22:39:14 | INFO    | epoch 15 | batch 1600/4266 | loss 0.4765 | acc 0.9587 | lr 7.63e-05 | 111s
2026-09-18 22:39:16 | INFO    | epoch 15 | batch 1620/4266 | loss 0.4764 | acc 0.9587 | lr 7.63e-05 | 112s
2026-09-18 22:39:17 | INFO    | epoch 15 | batch 1640/4266 | loss 0.4765 | acc 0.9587 | lr 7.62e-05 | 114s
2026-09-18 22:39:18 | INFO    | epoch 15 | batch 1660/4266 | loss 0.4762 | acc 0.9588 | lr 7.62e-05 | 115s
2026-09-18 22:39:20 | INFO    | epoch 15 | batch 1680/4266 | loss 0.4764 | acc 0.9588 | lr 7.62e-05 | 116s
2026-09-18 22:39:21 | INFO    | epoch 15 | batch 1700/4266 | loss 0.4765 | acc 0.9587 | lr 7.62e-05 | 118s
2026-09-18 22:39:22 | INFO    | epoch 15 | batch 1720/4266 | loss 0.4764 | acc 0.9587 | lr 7.62e-05 | 119s
2026-09-18 22:39:24 | INFO    | epoch 15 | batch 1740/4266 | loss 0.4764 | acc 0.9588 | lr 7.62e-05 | 120s
2026-09-18 22:39:25 | INFO    | epoch 15 | batch 1760/4266 | loss 0.4768 | acc 0.9585 | lr 7.61e-05 | 122s
2026-09-18 22:39:26 | INFO    | epoch 15 | batch 1780/4266 | loss 0.4768 | acc 0.9585 | lr 7.61e-05 | 123s
2026-09-18 22:39:28 | INFO    | epoch 15 | batch 1800/4266 | loss 0.4770 | acc 0.9585 | lr 7.61e-05 | 124s
2026-09-18 22:39:29 | INFO    | epoch 15 | batch 1820/4266 | loss 0.4770 | acc 0.9584 | lr 7.61e-05 | 126s
2026-09-18 22:39:30 | INFO    | epoch 15 | batch 1840/4266 | loss 0.4768 | acc 0.9585 | lr 7.61e-05 | 127s
2026-09-18 22:39:32 | INFO    | epoch 15 | batch 1860/4266 | loss 0.4768 | acc 0.9584 | lr 7.61e-05 | 128s
2026-09-18 22:39:33 | INFO    | epoch 15 | batch 1880/4266 | loss 0.4773 | acc 0.9581 | lr 7.60e-05 | 130s
2026-09-18 22:39:35 | INFO    | epoch 15 | batch 1900/4266 | loss 0.4773 | acc 0.9581 | lr 7.60e-05 | 131s
2026-09-18 22:39:36 | INFO    | epoch 15 | batch 1920/4266 | loss 0.4774 | acc 0.9580 | lr 7.60e-05 | 133s
2026-09-18 22:39:37 | INFO    | epoch 15 | batch 1940/4266 | loss 0.4773 | acc 0.9580 | lr 7.60e-05 | 134s
2026-09-18 22:39:39 | INFO    | epoch 15 | batch 1960/4266 | loss 0.4773 | acc 0.9581 | lr 7.60e-05 | 135s
2026-09-18 22:39:40 | INFO    | epoch 15 | batch 1980/4266 | loss 0.4772 | acc 0.9581 | lr 7.60e-05 | 137s
2026-09-18 22:39:42 | INFO    | epoch 15 | batch 2000/4266 | loss 0.4775 | acc 0.9580 | lr 7.59e-05 | 138s
2026-09-18 22:39:43 | INFO    | epoch 15 | batch 2020/4266 | loss 0.4776 | acc 0.9579 | lr 7.59e-05 | 139s
2026-09-18 22:39:44 | INFO    | epoch 15 | batch 2040/4266 | loss 0.4776 | acc 0.9579 | lr 7.59e-05 | 141s
2026-09-18 22:39:46 | INFO    | epoch 15 | batch 2060/4266 | loss 0.4775 | acc 0.9579 | lr 7.59e-05 | 142s
2026-09-18 22:39:47 | INFO    | epoch 15 | batch 2080/4266 | loss 0.4773 | acc 0.9581 | lr 7.59e-05 | 144s
2026-09-18 22:39:48 | INFO    | epoch 15 | batch 2100/4266 | loss 0.4773 | acc 0.9582 | lr 7.59e-05 | 145s
2026-09-18 22:39:50 | INFO    | epoch 15 | batch 2120/4266 | loss 0.4773 | acc 0.9582 | lr 7.58e-05 | 146s
2026-09-18 22:39:51 | INFO    | epoch 15 | batch 2140/4266 | loss 0.4773 | acc 0.9582 | lr 7.58e-05 | 148s
2026-09-18 22:39:53 | INFO    | epoch 15 | batch 2160/4266 | loss 0.4774 | acc 0.9581 | lr 7.58e-05 | 149s
2026-09-18 22:39:54 | INFO    | epoch 15 | batch 2180/4266 | loss 0.4773 | acc 0.9582 | lr 7.58e-05 | 151s
2026-09-18 22:39:55 | INFO    | epoch 15 | batch 2200/4266 | loss 0.4774 | acc 0.9581 | lr 7.58e-05 | 152s
2026-09-18 22:39:57 | INFO    | epoch 15 | batch 2220/4266 | loss 0.4772 | acc 0.9582 | lr 7.58e-05 | 153s
2026-09-18 22:39:58 | INFO    | epoch 15 | batch 2240/4266 | loss 0.4774 | acc 0.9581 | lr 7.58e-05 | 155s
2026-09-18 22:40:00 | INFO    | epoch 15 | batch 2260/4266 | loss 0.4773 | acc 0.9582 | lr 7.57e-05 | 156s
2026-09-18 22:40:01 | INFO    | epoch 15 | batch 2280/4266 | loss 0.4775 | acc 0.9581 | lr 7.57e-05 | 157s
2026-09-18 22:40:02 | INFO    | epoch 15 | batch 2300/4266 | loss 0.4773 | acc 0.9582 | lr 7.57e-05 | 159s
2026-09-18 22:40:04 | INFO    | epoch 15 | batch 2320/4266 | loss 0.4772 | acc 0.9582 | lr 7.57e-05 | 160s
2026-09-18 22:40:05 | INFO    | epoch 15 | batch 2340/4266 | loss 0.4772 | acc 0.9582 | lr 7.57e-05 | 162s
2026-09-18 22:40:06 | INFO    | epoch 15 | batch 2360/4266 | loss 0.4772 | acc 0.9582 | lr 7.57e-05 | 163s
2026-09-18 22:40:08 | INFO    | epoch 15 | batch 2380/4266 | loss 0.4772 | acc 0.9582 | lr 7.56e-05 | 164s
2026-09-18 22:40:09 | INFO    | epoch 15 | batch 2400/4266 | loss 0.4772 | acc 0.9581 | lr 7.56e-05 | 166s
2026-09-18 22:40:11 | INFO    | epoch 15 | batch 2420/4266 | loss 0.4772 | acc 0.9581 | lr 7.56e-05 | 167s
2026-09-18 22:40:12 | INFO    | epoch 15 | batch 2440/4266 | loss 0.4771 | acc 0.9581 | lr 7.56e-05 | 168s
2026-09-18 22:40:13 | INFO    | epoch 15 | batch 2460/4266 | loss 0.4770 | acc 0.9582 | lr 7.56e-05 | 170s
2026-09-18 22:40:15 | INFO    | epoch 15 | batch 2480/4266 | loss 0.4771 | acc 0.9581 | lr 7.56e-05 | 171s
2026-09-18 22:40:16 | INFO    | epoch 15 | batch 2500/4266 | loss 0.4770 | acc 0.9582 | lr 7.55e-05 | 173s
2026-09-18 22:40:17 | INFO    | epoch 15 | batch 2520/4266 | loss 0.4768 | acc 0.9583 | lr 7.55e-05 | 174s
2026-09-18 22:40:19 | INFO    | epoch 15 | batch 2540/4266 | loss 0.4770 | acc 0.9583 | lr 7.55e-05 | 175s
2026-09-18 22:40:20 | INFO    | epoch 15 | batch 2560/4266 | loss 0.4770 | acc 0.9582 | lr 7.55e-05 | 177s
2026-09-18 22:40:22 | INFO    | epoch 15 | batch 2580/4266 | loss 0.4770 | acc 0.9582 | lr 7.55e-05 | 178s
2026-09-18 22:40:23 | INFO    | epoch 15 | batch 2600/4266 | loss 0.4770 | acc 0.9582 | lr 7.55e-05 | 180s
2026-09-18 22:40:24 | INFO    | epoch 15 | batch 2620/4266 | loss 0.4770 | acc 0.9582 | lr 7.54e-05 | 181s
2026-09-18 22:40:26 | INFO    | epoch 15 | batch 2640/4266 | loss 0.4771 | acc 0.9581 | lr 7.54e-05 | 182s
2026-09-18 22:40:27 | INFO    | epoch 15 | batch 2660/4266 | loss 0.4773 | acc 0.9581 | lr 7.54e-05 | 184s
2026-09-18 22:40:28 | INFO    | epoch 15 | batch 2680/4266 | loss 0.4773 | acc 0.9580 | lr 7.54e-05 | 185s
2026-09-18 22:40:30 | INFO    | epoch 15 | batch 2700/4266 | loss 0.4774 | acc 0.9580 | lr 7.54e-05 | 186s
2026-09-18 22:40:31 | INFO    | epoch 15 | batch 2720/4266 | loss 0.4775 | acc 0.9580 | lr 7.54e-05 | 188s
2026-09-18 22:40:33 | INFO    | epoch 15 | batch 2740/4266 | loss 0.4775 | acc 0.9579 | lr 7.53e-05 | 189s
2026-09-18 22:40:34 | INFO    | epoch 15 | batch 2760/4266 | loss 0.4775 | acc 0.9580 | lr 7.53e-05 | 190s
2026-09-18 22:40:35 | INFO    | epoch 15 | batch 2780/4266 | loss 0.4776 | acc 0.9579 | lr 7.53e-05 | 192s
2026-09-18 22:40:37 | INFO    | epoch 15 | batch 2800/4266 | loss 0.4775 | acc 0.9580 | lr 7.53e-05 | 193s
2026-09-18 22:40:38 | INFO    | epoch 15 | batch 2820/4266 | loss 0.4774 | acc 0.9580 | lr 7.53e-05 | 195s
2026-09-18 22:40:39 | INFO    | epoch 15 | batch 2840/4266 | loss 0.4774 | acc 0.9581 | lr 7.53e-05 | 196s
2026-09-18 22:40:41 | INFO    | epoch 15 | batch 2860/4266 | loss 0.4775 | acc 0.9581 | lr 7.52e-05 | 197s
2026-09-18 22:40:42 | INFO    | epoch 15 | batch 2880/4266 | loss 0.4775 | acc 0.9581 | lr 7.52e-05 | 199s
2026-09-18 22:40:44 | INFO    | epoch 15 | batch 2900/4266 | loss 0.4774 | acc 0.9581 | lr 7.52e-05 | 200s
2026-09-18 22:40:45 | INFO    | epoch 15 | batch 2920/4266 | loss 0.4773 | acc 0.9581 | lr 7.52e-05 | 202s
2026-09-18 22:40:46 | INFO    | epoch 15 | batch 2940/4266 | loss 0.4772 | acc 0.9582 | lr 7.52e-05 | 203s
2026-09-18 22:40:48 | INFO    | epoch 15 | batch 2960/4266 | loss 0.4772 | acc 0.9582 | lr 7.52e-05 | 204s
2026-09-18 22:40:49 | INFO    | epoch 15 | batch 2980/4266 | loss 0.4772 | acc 0.9582 | lr 7.51e-05 | 206s
2026-09-18 22:40:51 | INFO    | epoch 15 | batch 3000/4266 | loss 0.4773 | acc 0.9582 | lr 7.51e-05 | 207s
2026-09-18 22:40:52 | INFO    | epoch 15 | batch 3020/4266 | loss 0.4773 | acc 0.9582 | lr 7.51e-05 | 209s
2026-09-18 22:40:53 | INFO    | epoch 15 | batch 3040/4266 | loss 0.4772 | acc 0.9582 | lr 7.51e-05 | 210s
2026-09-18 22:40:55 | INFO    | epoch 15 | batch 3060/4266 | loss 0.4772 | acc 0.9583 | lr 7.51e-05 | 211s
2026-09-18 22:40:56 | INFO    | epoch 15 | batch 3080/4266 | loss 0.4770 | acc 0.9584 | lr 7.51e-05 | 213s
2026-09-18 22:40:58 | INFO    | epoch 15 | batch 3100/4266 | loss 0.4771 | acc 0.9583 | lr 7.50e-05 | 214s
2026-09-18 22:40:59 | INFO    | epoch 15 | batch 3120/4266 | loss 0.4772 | acc 0.9582 | lr 7.50e-05 | 216s
2026-09-18 22:41:00 | INFO    | epoch 15 | batch 3140/4266 | loss 0.4772 | acc 0.9582 | lr 7.50e-05 | 217s
2026-09-18 22:41:02 | INFO    | epoch 15 | batch 3160/4266 | loss 0.4771 | acc 0.9583 | lr 7.50e-05 | 218s
2026-09-18 22:41:03 | INFO    | epoch 15 | batch 3180/4266 | loss 0.4772 | acc 0.9583 | lr 7.50e-05 | 220s
2026-09-18 22:41:05 | INFO    | epoch 15 | batch 3200/4266 | loss 0.4771 | acc 0.9584 | lr 7.50e-05 | 221s
2026-09-18 22:41:06 | INFO    | epoch 15 | batch 3220/4266 | loss 0.4770 | acc 0.9584 | lr 7.49e-05 | 223s
2026-09-18 22:41:07 | INFO    | epoch 15 | batch 3240/4266 | loss 0.4770 | acc 0.9584 | lr 7.49e-05 | 224s
2026-09-18 22:41:09 | INFO    | epoch 15 | batch 3260/4266 | loss 0.4771 | acc 0.9584 | lr 7.49e-05 | 225s
2026-09-18 22:41:10 | INFO    | epoch 15 | batch 3280/4266 | loss 0.4770 | acc 0.9584 | lr 7.49e-05 | 227s
2026-09-18 22:41:11 | INFO    | epoch 15 | batch 3300/4266 | loss 0.4770 | acc 0.9584 | lr 7.49e-05 | 228s
2026-09-18 22:41:13 | INFO    | epoch 15 | batch 3320/4266 | loss 0.4769 | acc 0.9585 | lr 7.49e-05 | 229s
2026-09-18 22:41:14 | INFO    | epoch 15 | batch 3340/4266 | loss 0.4770 | acc 0.9584 | lr 7.48e-05 | 231s
2026-09-18 22:41:15 | INFO    | epoch 15 | batch 3360/4266 | loss 0.4769 | acc 0.9584 | lr 7.48e-05 | 232s
2026-09-18 22:41:17 | INFO    | epoch 15 | batch 3380/4266 | loss 0.4770 | acc 0.9584 | lr 7.48e-05 | 233s
2026-09-18 22:41:18 | INFO    | epoch 15 | batch 3400/4266 | loss 0.4769 | acc 0.9584 | lr 7.48e-05 | 235s
2026-09-18 22:41:20 | INFO    | epoch 15 | batch 3420/4266 | loss 0.4770 | acc 0.9583 | lr 7.48e-05 | 236s
2026-09-18 22:41:21 | INFO    | epoch 15 | batch 3440/4266 | loss 0.4769 | acc 0.9583 | lr 7.48e-05 | 238s
2026-09-18 22:41:22 | INFO    | epoch 15 | batch 3460/4266 | loss 0.4769 | acc 0.9583 | lr 7.47e-05 | 239s
2026-09-18 22:41:24 | INFO    | epoch 15 | batch 3480/4266 | loss 0.4769 | acc 0.9583 | lr 7.47e-05 | 240s
2026-09-18 22:41:25 | INFO    | epoch 15 | batch 3500/4266 | loss 0.4771 | acc 0.9582 | lr 7.47e-05 | 242s
2026-09-18 22:41:26 | INFO    | epoch 15 | batch 3520/4266 | loss 0.4772 | acc 0.9581 | lr 7.47e-05 | 243s
2026-09-18 22:41:28 | INFO    | epoch 15 | batch 3540/4266 | loss 0.4772 | acc 0.9582 | lr 7.47e-05 | 244s
2026-09-18 22:41:29 | INFO    | epoch 15 | batch 3560/4266 | loss 0.4772 | acc 0.9581 | lr 7.47e-05 | 246s
2026-09-18 22:41:31 | INFO    | epoch 15 | batch 3580/4266 | loss 0.4771 | acc 0.9582 | lr 7.46e-05 | 247s
2026-09-18 22:41:32 | INFO    | epoch 15 | batch 3600/4266 | loss 0.4772 | acc 0.9582 | lr 7.46e-05 | 248s
2026-09-18 22:41:33 | INFO    | epoch 15 | batch 3620/4266 | loss 0.4772 | acc 0.9581 | lr 7.46e-05 | 250s
2026-09-18 22:41:35 | INFO    | epoch 15 | batch 3640/4266 | loss 0.4773 | acc 0.9581 | lr 7.46e-05 | 251s
2026-09-18 22:41:36 | INFO    | epoch 15 | batch 3660/4266 | loss 0.4772 | acc 0.9581 | lr 7.46e-05 | 253s
2026-09-18 22:41:37 | INFO    | epoch 15 | batch 3680/4266 | loss 0.4772 | acc 0.9581 | lr 7.46e-05 | 254s
2026-09-18 22:41:39 | INFO    | epoch 15 | batch 3700/4266 | loss 0.4773 | acc 0.9581 | lr 7.45e-05 | 255s
2026-09-18 22:41:40 | INFO    | epoch 15 | batch 3720/4266 | loss 0.4773 | acc 0.9581 | lr 7.45e-05 | 257s
2026-09-18 22:41:42 | INFO    | epoch 15 | batch 3740/4266 | loss 0.4773 | acc 0.9581 | lr 7.45e-05 | 258s
2026-09-18 22:41:43 | INFO    | epoch 15 | batch 3760/4266 | loss 0.4772 | acc 0.9581 | lr 7.45e-05 | 260s
2026-09-18 22:41:44 | INFO    | epoch 15 | batch 3780/4266 | loss 0.4772 | acc 0.9581 | lr 7.45e-05 | 261s
2026-09-18 22:41:46 | INFO    | epoch 15 | batch 3800/4266 | loss 0.4772 | acc 0.9582 | lr 7.45e-05 | 262s
2026-09-18 22:41:47 | INFO    | epoch 15 | batch 3820/4266 | loss 0.4771 | acc 0.9582 | lr 7.44e-05 | 264s
2026-09-18 22:41:48 | INFO    | epoch 15 | batch 3840/4266 | loss 0.4771 | acc 0.9582 | lr 7.44e-05 | 265s
2026-09-18 22:41:50 | INFO    | epoch 15 | batch 3860/4266 | loss 0.4771 | acc 0.9582 | lr 7.44e-05 | 266s
2026-09-18 22:41:51 | INFO    | epoch 15 | batch 3880/4266 | loss 0.4770 | acc 0.9583 | lr 7.44e-05 | 268s
2026-09-18 22:41:53 | INFO    | epoch 15 | batch 3900/4266 | loss 0.4771 | acc 0.9582 | lr 7.44e-05 | 269s
2026-09-18 22:41:54 | INFO    | epoch 15 | batch 3920/4266 | loss 0.4771 | acc 0.9581 | lr 7.44e-05 | 271s
2026-09-18 22:41:55 | INFO    | epoch 15 | batch 3940/4266 | loss 0.4771 | acc 0.9581 | lr 7.43e-05 | 272s
2026-09-18 22:41:57 | INFO    | epoch 15 | batch 3960/4266 | loss 0.4771 | acc 0.9582 | lr 7.43e-05 | 273s
2026-09-18 22:41:58 | INFO    | epoch 15 | batch 3980/4266 | loss 0.4772 | acc 0.9581 | lr 7.43e-05 | 275s
2026-09-18 22:42:00 | INFO    | epoch 15 | batch 4000/4266 | loss 0.4772 | acc 0.9582 | lr 7.43e-05 | 276s
2026-09-18 22:42:01 | INFO    | epoch 15 | batch 4020/4266 | loss 0.4773 | acc 0.9582 | lr 7.43e-05 | 278s
2026-09-18 22:42:02 | INFO    | epoch 15 | batch 4040/4266 | loss 0.4772 | acc 0.9582 | lr 7.42e-05 | 279s
2026-09-18 22:42:04 | INFO    | epoch 15 | batch 4060/4266 | loss 0.4772 | acc 0.9582 | lr 7.42e-05 | 280s
2026-09-18 22:42:05 | INFO    | epoch 15 | batch 4080/4266 | loss 0.4772 | acc 0.9582 | lr 7.42e-05 | 282s
2026-09-18 22:42:07 | INFO    | epoch 15 | batch 4100/4266 | loss 0.4772 | acc 0.9582 | lr 7.42e-05 | 283s
2026-09-18 22:42:08 | INFO    | epoch 15 | batch 4120/4266 | loss 0.4772 | acc 0.9582 | lr 7.42e-05 | 284s
2026-09-18 22:42:09 | INFO    | epoch 15 | batch 4140/4266 | loss 0.4772 | acc 0.9583 | lr 7.42e-05 | 286s
2026-09-18 22:42:11 | INFO    | epoch 15 | batch 4160/4266 | loss 0.4772 | acc 0.9582 | lr 7.41e-05 | 287s
2026-09-18 22:42:12 | INFO    | epoch 15 | batch 4180/4266 | loss 0.4772 | acc 0.9582 | lr 7.41e-05 | 289s
2026-09-18 22:42:13 | INFO    | epoch 15 | batch 4200/4266 | loss 0.4772 | acc 0.9582 | lr 7.41e-05 | 290s
2026-09-18 22:42:15 | INFO    | epoch 15 | batch 4220/4266 | loss 0.4772 | acc 0.9582 | lr 7.41e-05 | 291s
2026-09-18 22:42:16 | INFO    | epoch 15 | batch 4240/4266 | loss 0.4770 | acc 0.9583 | lr 7.41e-05 | 293s
2026-09-18 22:42:17 | INFO    | epoch 15 | batch 4260/4266 | loss 0.4770 | acc 0.9583 | lr 7.41e-05 | 294s
2026-09-18 22:42:18 | INFO    | epoch 15 | batch 4266/4266 | loss 0.4769 | acc 0.9583 | lr 7.41e-05 | 294s
2026-09-18 22:42:28 | INFO    | epoch 15/40 done in 304s | train loss 0.4769 | train running patch (aug): accuracy=0.9583 precision=0.9577 recall=0.9570 f1=0.9574
2026-09-18 22:42:28 | INFO    | epoch 15 train (eval, no aug) | loss 0.4367 | patch[7280]: accuracy=0.9779 precision=0.9774 recall=0.9789 f1=0.9781 | image[455]: accuracy=1.0000 precision=1.0000 recall=1.0000 f1=1.0000
2026-09-18 22:42:28 | INFO    | epoch 15 val | loss 1.1567 | patch[8448]: accuracy=0.6867 precision=0.6646 recall=0.6611 f1=0.6621 | image[96]: accuracy=0.7292 precision=0.6948 recall=0.6970 f1=0.6950
2026-09-18 22:42:28 | INFO    | val_patch_f1 = 0.6621 (best 0.6698 @ epoch 12)
2026-09-18 22:42:29 | INFO    | epoch 16 | batch 20/4266 | loss 0.4508 | acc 0.9719 | lr 7.40e-05 | 1s
2026-09-18 22:42:30 | INFO    | epoch 16 | batch 40/4266 | loss 0.4475 | acc 0.9734 | lr 7.40e-05 | 3s
2026-09-18 22:42:32 | INFO    | epoch 16 | batch 60/4266 | loss 0.4598 | acc 0.9661 | lr 7.40e-05 | 4s
2026-09-18 22:42:33 | INFO    | epoch 16 | batch 80/4266 | loss 0.4659 | acc 0.9648 | lr 7.40e-05 | 6s
2026-09-18 22:42:35 | INFO    | epoch 16 | batch 100/4266 | loss 0.4676 | acc 0.9647 | lr 7.40e-05 | 7s
2026-09-18 22:42:36 | INFO    | epoch 16 | batch 120/4266 | loss 0.4663 | acc 0.9643 | lr 7.40e-05 | 8s
2026-09-18 22:42:37 | INFO    | epoch 16 | batch 140/4266 | loss 0.4654 | acc 0.9645 | lr 7.39e-05 | 10s
2026-09-18 22:42:39 | INFO    | epoch 16 | batch 160/4266 | loss 0.4691 | acc 0.9627 | lr 7.39e-05 | 11s
2026-09-18 22:42:40 | INFO    | epoch 16 | batch 180/4266 | loss 0.4694 | acc 0.9627 | lr 7.39e-05 | 12s
2026-09-18 22:42:42 | INFO    | epoch 16 | batch 200/4266 | loss 0.4693 | acc 0.9630 | lr 7.39e-05 | 14s
2026-09-18 22:42:43 | INFO    | epoch 16 | batch 220/4266 | loss 0.4683 | acc 0.9635 | lr 7.39e-05 | 15s
2026-09-18 22:42:44 | INFO    | epoch 16 | batch 240/4266 | loss 0.4684 | acc 0.9632 | lr 7.39e-05 | 17s
2026-09-18 22:42:46 | INFO    | epoch 16 | batch 260/4266 | loss 0.4685 | acc 0.9633 | lr 7.38e-05 | 18s
2026-09-18 22:42:47 | INFO    | epoch 16 | batch 280/4266 | loss 0.4685 | acc 0.9637 | lr 7.38e-05 | 19s
2026-09-18 22:42:48 | INFO    | epoch 16 | batch 300/4266 | loss 0.4699 | acc 0.9631 | lr 7.38e-05 | 21s
2026-09-18 22:42:50 | INFO    | epoch 16 | batch 320/4266 | loss 0.4706 | acc 0.9625 | lr 7.38e-05 | 22s
2026-09-18 22:42:51 | INFO    | epoch 16 | batch 340/4266 | loss 0.4702 | acc 0.9625 | lr 7.38e-05 | 23s
2026-09-18 22:42:52 | INFO    | epoch 16 | batch 360/4266 | loss 0.4709 | acc 0.9624 | lr 7.38e-05 | 25s
2026-09-18 22:42:54 | INFO    | epoch 16 | batch 380/4266 | loss 0.4700 | acc 0.9630 | lr 7.37e-05 | 26s
2026-09-18 22:42:55 | INFO    | epoch 16 | batch 400/4266 | loss 0.4714 | acc 0.9626 | lr 7.37e-05 | 28s
2026-09-18 22:42:57 | INFO    | epoch 16 | batch 420/4266 | loss 0.4717 | acc 0.9622 | lr 7.37e-05 | 29s
2026-09-18 22:42:58 | INFO    | epoch 16 | batch 440/4266 | loss 0.4719 | acc 0.9621 | lr 7.37e-05 | 30s
2026-09-18 22:42:59 | INFO    | epoch 16 | batch 460/4266 | loss 0.4713 | acc 0.9624 | lr 7.37e-05 | 32s
2026-09-18 22:43:01 | INFO    | epoch 16 | batch 480/4266 | loss 0.4714 | acc 0.9624 | lr 7.37e-05 | 33s
2026-09-18 22:43:02 | INFO    | epoch 16 | batch 500/4266 | loss 0.4706 | acc 0.9627 | lr 7.36e-05 | 34s
2026-09-18 22:43:04 | INFO    | epoch 16 | batch 520/4266 | loss 0.4711 | acc 0.9626 | lr 7.36e-05 | 36s
2026-09-18 22:43:05 | INFO    | epoch 16 | batch 540/4266 | loss 0.4720 | acc 0.9622 | lr 7.36e-05 | 37s
2026-09-18 22:43:06 | INFO    | epoch 16 | batch 560/4266 | loss 0.4714 | acc 0.9627 | lr 7.36e-05 | 39s
2026-09-18 22:43:08 | INFO    | epoch 16 | batch 580/4266 | loss 0.4706 | acc 0.9632 | lr 7.36e-05 | 40s
2026-09-18 22:43:09 | INFO    | epoch 16 | batch 600/4266 | loss 0.4705 | acc 0.9634 | lr 7.36e-05 | 42s
2026-09-18 22:43:11 | INFO    | epoch 16 | batch 620/4266 | loss 0.4704 | acc 0.9634 | lr 7.35e-05 | 43s
2026-09-18 22:43:12 | INFO    | epoch 16 | batch 640/4266 | loss 0.4703 | acc 0.9632 | lr 7.35e-05 | 44s
2026-09-18 22:43:13 | INFO    | epoch 16 | batch 660/4266 | loss 0.4703 | acc 0.9634 | lr 7.35e-05 | 46s
2026-09-18 22:43:15 | INFO    | epoch 16 | batch 680/4266 | loss 0.4708 | acc 0.9633 | lr 7.35e-05 | 47s
2026-09-18 22:43:16 | INFO    | epoch 16 | batch 700/4266 | loss 0.4710 | acc 0.9632 | lr 7.35e-05 | 48s
2026-09-18 22:43:17 | INFO    | epoch 16 | batch 720/4266 | loss 0.4715 | acc 0.9628 | lr 7.34e-05 | 50s
2026-09-18 22:43:19 | INFO    | epoch 16 | batch 740/4266 | loss 0.4714 | acc 0.9628 | lr 7.34e-05 | 51s
2026-09-18 22:43:20 | INFO    | epoch 16 | batch 760/4266 | loss 0.4717 | acc 0.9625 | lr 7.34e-05 | 52s
2026-09-18 22:43:21 | INFO    | epoch 16 | batch 780/4266 | loss 0.4723 | acc 0.9623 | lr 7.34e-05 | 54s
2026-09-18 22:43:23 | INFO    | epoch 16 | batch 800/4266 | loss 0.4719 | acc 0.9625 | lr 7.34e-05 | 55s
2026-09-18 22:43:24 | INFO    | epoch 16 | batch 820/4266 | loss 0.4724 | acc 0.9623 | lr 7.34e-05 | 56s
2026-09-18 22:43:25 | INFO    | epoch 16 | batch 840/4266 | loss 0.4724 | acc 0.9624 | lr 7.33e-05 | 58s
2026-09-18 22:43:27 | INFO    | epoch 16 | batch 860/4266 | loss 0.4724 | acc 0.9623 | lr 7.33e-05 | 59s
2026-09-18 22:43:28 | INFO    | epoch 16 | batch 880/4266 | loss 0.4723 | acc 0.9623 | lr 7.33e-05 | 60s
2026-09-18 22:43:29 | INFO    | epoch 16 | batch 900/4266 | loss 0.4724 | acc 0.9622 | lr 7.33e-05 | 62s
2026-09-18 22:43:31 | INFO    | epoch 16 | batch 920/4266 | loss 0.4724 | acc 0.9622 | lr 7.33e-05 | 63s
2026-09-18 22:43:32 | INFO    | epoch 16 | batch 940/4266 | loss 0.4722 | acc 0.9623 | lr 7.33e-05 | 64s
2026-09-18 22:43:33 | INFO    | epoch 16 | batch 960/4266 | loss 0.4724 | acc 0.9622 | lr 7.32e-05 | 66s
2026-09-18 22:43:35 | INFO    | epoch 16 | batch 980/4266 | loss 0.4722 | acc 0.9624 | lr 7.32e-05 | 67s
2026-09-18 22:43:36 | INFO    | epoch 16 | batch 1000/4266 | loss 0.4719 | acc 0.9626 | lr 7.32e-05 | 69s
2026-09-18 22:43:38 | INFO    | epoch 16 | batch 1020/4266 | loss 0.4717 | acc 0.9627 | lr 7.32e-05 | 70s
2026-09-18 22:43:39 | INFO    | epoch 16 | batch 1040/4266 | loss 0.4717 | acc 0.9626 | lr 7.32e-05 | 71s
2026-09-18 22:43:40 | INFO    | epoch 16 | batch 1060/4266 | loss 0.4718 | acc 0.9626 | lr 7.32e-05 | 73s
2026-09-18 22:43:42 | INFO    | epoch 16 | batch 1080/4266 | loss 0.4716 | acc 0.9626 | lr 7.31e-05 | 74s
2026-09-18 22:43:43 | INFO    | epoch 16 | batch 1100/4266 | loss 0.4718 | acc 0.9625 | lr 7.31e-05 | 75s
2026-09-18 22:43:45 | INFO    | epoch 16 | batch 1120/4266 | loss 0.4717 | acc 0.9626 | lr 7.31e-05 | 77s
2026-09-18 22:43:46 | INFO    | epoch 16 | batch 1140/4266 | loss 0.4714 | acc 0.9627 | lr 7.31e-05 | 78s
2026-09-18 22:43:47 | INFO    | epoch 16 | batch 1160/4266 | loss 0.4716 | acc 0.9625 | lr 7.31e-05 | 80s
2026-09-18 22:43:49 | INFO    | epoch 16 | batch 1180/4266 | loss 0.4718 | acc 0.9624 | lr 7.31e-05 | 81s
2026-09-18 22:43:50 | INFO    | epoch 16 | batch 1200/4266 | loss 0.4718 | acc 0.9623 | lr 7.30e-05 | 82s
2026-09-18 22:43:51 | INFO    | epoch 16 | batch 1220/4266 | loss 0.4720 | acc 0.9622 | lr 7.30e-05 | 84s
2026-09-18 22:43:53 | INFO    | epoch 16 | batch 1240/4266 | loss 0.4719 | acc 0.9620 | lr 7.30e-05 | 85s
2026-09-18 22:43:54 | INFO    | epoch 16 | batch 1260/4266 | loss 0.4719 | acc 0.9621 | lr 7.30e-05 | 87s
2026-09-18 22:43:56 | INFO    | epoch 16 | batch 1280/4266 | loss 0.4717 | acc 0.9622 | lr 7.30e-05 | 88s
2026-09-18 22:43:57 | INFO    | epoch 16 | batch 1300/4266 | loss 0.4718 | acc 0.9621 | lr 7.30e-05 | 89s
2026-09-18 22:43:59 | INFO    | epoch 16 | batch 1320/4266 | loss 0.4717 | acc 0.9621 | lr 7.29e-05 | 91s
2026-09-18 22:44:00 | INFO    | epoch 16 | batch 1340/4266 | loss 0.4716 | acc 0.9623 | lr 7.29e-05 | 92s
2026-09-18 22:44:01 | INFO    | epoch 16 | batch 1360/4266 | loss 0.4716 | acc 0.9621 | lr 7.29e-05 | 94s
2026-09-18 22:44:03 | INFO    | epoch 16 | batch 1380/4266 | loss 0.4714 | acc 0.9623 | lr 7.29e-05 | 95s
2026-09-18 22:44:04 | INFO    | epoch 16 | batch 1400/4266 | loss 0.4716 | acc 0.9621 | lr 7.29e-05 | 97s
2026-09-18 22:44:06 | INFO    | epoch 16 | batch 1420/4266 | loss 0.4714 | acc 0.9623 | lr 7.29e-05 | 98s
2026-09-18 22:44:07 | INFO    | epoch 16 | batch 1440/4266 | loss 0.4713 | acc 0.9624 | lr 7.28e-05 | 99s
2026-09-18 22:44:08 | INFO    | epoch 16 | batch 1460/4266 | loss 0.4714 | acc 0.9624 | lr 7.28e-05 | 101s
2026-09-18 22:44:10 | INFO    | epoch 16 | batch 1480/4266 | loss 0.4713 | acc 0.9624 | lr 7.28e-05 | 102s
2026-09-18 22:44:11 | INFO    | epoch 16 | batch 1500/4266 | loss 0.4714 | acc 0.9623 | lr 7.28e-05 | 104s
2026-09-18 22:44:13 | INFO    | epoch 16 | batch 1520/4266 | loss 0.4714 | acc 0.9623 | lr 7.28e-05 | 105s
2026-09-18 22:44:14 | INFO    | epoch 16 | batch 1540/4266 | loss 0.4713 | acc 0.9623 | lr 7.27e-05 | 106s
2026-09-18 22:44:16 | INFO    | epoch 16 | batch 1560/4266 | loss 0.4713 | acc 0.9622 | lr 7.27e-05 | 108s
2026-09-18 22:44:17 | INFO    | epoch 16 | batch 1580/4266 | loss 0.4715 | acc 0.9621 | lr 7.27e-05 | 109s
2026-09-18 22:44:18 | INFO    | epoch 16 | batch 1600/4266 | loss 0.4713 | acc 0.9621 | lr 7.27e-05 | 111s
2026-09-18 22:44:20 | INFO    | epoch 16 | batch 1620/4266 | loss 0.4713 | acc 0.9621 | lr 7.27e-05 | 112s
2026-09-18 22:44:21 | INFO    | epoch 16 | batch 1640/4266 | loss 0.4712 | acc 0.9622 | lr 7.27e-05 | 114s
2026-09-18 22:44:23 | INFO    | epoch 16 | batch 1660/4266 | loss 0.4712 | acc 0.9622 | lr 7.26e-05 | 115s
2026-09-18 22:44:24 | INFO    | epoch 16 | batch 1680/4266 | loss 0.4711 | acc 0.9623 | lr 7.26e-05 | 117s
2026-09-18 22:44:26 | INFO    | epoch 16 | batch 1700/4266 | loss 0.4713 | acc 0.9623 | lr 7.26e-05 | 118s
2026-09-18 22:44:27 | INFO    | epoch 16 | batch 1720/4266 | loss 0.4712 | acc 0.9624 | lr 7.26e-05 | 119s
2026-09-18 22:44:28 | INFO    | epoch 16 | batch 1740/4266 | loss 0.4709 | acc 0.9625 | lr 7.26e-05 | 121s
2026-09-18 22:44:30 | INFO    | epoch 16 | batch 1760/4266 | loss 0.4708 | acc 0.9626 | lr 7.26e-05 | 122s
2026-09-18 22:44:31 | INFO    | epoch 16 | batch 1780/4266 | loss 0.4709 | acc 0.9625 | lr 7.25e-05 | 124s
2026-09-18 22:44:33 | INFO    | epoch 16 | batch 1800/4266 | loss 0.4711 | acc 0.9624 | lr 7.25e-05 | 125s
2026-09-18 22:44:34 | INFO    | epoch 16 | batch 1820/4266 | loss 0.4711 | acc 0.9624 | lr 7.25e-05 | 126s
2026-09-18 22:44:36 | INFO    | epoch 16 | batch 1840/4266 | loss 0.4712 | acc 0.9623 | lr 7.25e-05 | 128s
2026-09-18 22:44:37 | INFO    | epoch 16 | batch 1860/4266 | loss 0.4714 | acc 0.9623 | lr 7.25e-05 | 129s
2026-09-18 22:44:38 | INFO    | epoch 16 | batch 1880/4266 | loss 0.4714 | acc 0.9622 | lr 7.25e-05 | 131s
2026-09-18 22:44:40 | INFO    | epoch 16 | batch 1900/4266 | loss 0.4714 | acc 0.9622 | lr 7.24e-05 | 132s
2026-09-18 22:44:41 | INFO    | epoch 16 | batch 1920/4266 | loss 0.4715 | acc 0.9621 | lr 7.24e-05 | 134s
2026-09-18 22:44:43 | INFO    | epoch 16 | batch 1940/4266 | loss 0.4715 | acc 0.9621 | lr 7.24e-05 | 135s
2026-09-18 22:44:44 | INFO    | epoch 16 | batch 1960/4266 | loss 0.4715 | acc 0.9621 | lr 7.24e-05 | 136s
2026-09-18 22:44:45 | INFO    | epoch 16 | batch 1980/4266 | loss 0.4714 | acc 0.9622 | lr 7.24e-05 | 138s
2026-09-18 22:44:47 | INFO    | epoch 16 | batch 2000/4266 | loss 0.4714 | acc 0.9620 | lr 7.24e-05 | 139s
2026-09-18 22:44:48 | INFO    | epoch 16 | batch 2020/4266 | loss 0.4714 | acc 0.9620 | lr 7.23e-05 | 140s
2026-09-18 22:44:50 | INFO    | epoch 16 | batch 2040/4266 | loss 0.4716 | acc 0.9619 | lr 7.23e-05 | 142s
2026-09-18 22:44:51 | INFO    | epoch 16 | batch 2060/4266 | loss 0.4715 | acc 0.9620 | lr 7.23e-05 | 143s
2026-09-18 22:44:53 | INFO    | epoch 16 | batch 2080/4266 | loss 0.4713 | acc 0.9620 | lr 7.23e-05 | 145s
2026-09-18 22:44:54 | INFO    | epoch 16 | batch 2100/4266 | loss 0.4714 | acc 0.9619 | lr 7.23e-05 | 146s
2026-09-18 22:44:55 | INFO    | epoch 16 | batch 2120/4266 | loss 0.4714 | acc 0.9619 | lr 7.23e-05 | 148s
2026-09-18 22:44:57 | INFO    | epoch 16 | batch 2140/4266 | loss 0.4715 | acc 0.9618 | lr 7.22e-05 | 149s
2026-09-18 22:44:58 | INFO    | epoch 16 | batch 2160/4266 | loss 0.4716 | acc 0.9617 | lr 7.22e-05 | 150s
2026-09-18 22:44:59 | INFO    | epoch 16 | batch 2180/4266 | loss 0.4716 | acc 0.9618 | lr 7.22e-05 | 152s
2026-09-18 22:45:01 | INFO    | epoch 16 | batch 2200/4266 | loss 0.4714 | acc 0.9618 | lr 7.22e-05 | 153s
2026-09-18 22:45:02 | INFO    | epoch 16 | batch 2220/4266 | loss 0.4715 | acc 0.9618 | lr 7.22e-05 | 154s
2026-09-18 22:45:03 | INFO    | epoch 16 | batch 2240/4266 | loss 0.4715 | acc 0.9618 | lr 7.21e-05 | 156s
2026-09-18 22:45:05 | INFO    | epoch 16 | batch 2260/4266 | loss 0.4716 | acc 0.9618 | lr 7.21e-05 | 157s
2026-09-18 22:45:06 | INFO    | epoch 16 | batch 2280/4266 | loss 0.4716 | acc 0.9618 | lr 7.21e-05 | 159s
2026-09-18 22:45:08 | INFO    | epoch 16 | batch 2300/4266 | loss 0.4714 | acc 0.9619 | lr 7.21e-05 | 160s
2026-09-18 22:45:09 | INFO    | epoch 16 | batch 2320/4266 | loss 0.4714 | acc 0.9619 | lr 7.21e-05 | 161s
2026-09-18 22:45:10 | INFO    | epoch 16 | batch 2340/4266 | loss 0.4715 | acc 0.9619 | lr 7.21e-05 | 163s
2026-09-18 22:45:12 | INFO    | epoch 16 | batch 2360/4266 | loss 0.4715 | acc 0.9619 | lr 7.20e-05 | 164s
2026-09-18 22:45:13 | INFO    | epoch 16 | batch 2380/4266 | loss 0.4717 | acc 0.9617 | lr 7.20e-05 | 165s
2026-09-18 22:45:14 | INFO    | epoch 16 | batch 2400/4266 | loss 0.4718 | acc 0.9617 | lr 7.20e-05 | 167s
2026-09-18 22:45:16 | INFO    | epoch 16 | batch 2420/4266 | loss 0.4716 | acc 0.9618 | lr 7.20e-05 | 168s
2026-09-18 22:45:17 | INFO    | epoch 16 | batch 2440/4266 | loss 0.4715 | acc 0.9619 | lr 7.20e-05 | 169s
2026-09-18 22:45:18 | INFO    | epoch 16 | batch 2460/4266 | loss 0.4714 | acc 0.9619 | lr 7.20e-05 | 171s
2026-09-18 22:45:20 | INFO    | epoch 16 | batch 2480/4266 | loss 0.4717 | acc 0.9617 | lr 7.19e-05 | 172s
2026-09-18 22:45:21 | INFO    | epoch 16 | batch 2500/4266 | loss 0.4717 | acc 0.9617 | lr 7.19e-05 | 174s
2026-09-18 22:45:23 | INFO    | epoch 16 | batch 2520/4266 | loss 0.4717 | acc 0.9616 | lr 7.19e-05 | 175s
2026-09-18 22:45:24 | INFO    | epoch 16 | batch 2540/4266 | loss 0.4717 | acc 0.9617 | lr 7.19e-05 | 176s
2026-09-18 22:45:25 | INFO    | epoch 16 | batch 2560/4266 | loss 0.4716 | acc 0.9617 | lr 7.19e-05 | 178s
2026-09-18 22:45:27 | INFO    | epoch 16 | batch 2580/4266 | loss 0.4715 | acc 0.9617 | lr 7.19e-05 | 179s
2026-09-18 22:45:28 | INFO    | epoch 16 | batch 2600/4266 | loss 0.4716 | acc 0.9616 | lr 7.18e-05 | 180s
2026-09-18 22:45:29 | INFO    | epoch 16 | batch 2620/4266 | loss 0.4716 | acc 0.9616 | lr 7.18e-05 | 182s
2026-09-18 22:45:31 | INFO    | epoch 16 | batch 2640/4266 | loss 0.4716 | acc 0.9616 | lr 7.18e-05 | 183s
2026-09-18 22:45:32 | INFO    | epoch 16 | batch 2660/4266 | loss 0.4715 | acc 0.9616 | lr 7.18e-05 | 184s
2026-09-18 22:45:33 | INFO    | epoch 16 | batch 2680/4266 | loss 0.4714 | acc 0.9617 | lr 7.18e-05 | 186s
2026-09-18 22:45:35 | INFO    | epoch 16 | batch 2700/4266 | loss 0.4712 | acc 0.9618 | lr 7.18e-05 | 187s
2026-09-18 22:45:36 | INFO    | epoch 16 | batch 2720/4266 | loss 0.4712 | acc 0.9618 | lr 7.17e-05 | 189s
2026-09-18 22:45:38 | INFO    | epoch 16 | batch 2740/4266 | loss 0.4711 | acc 0.9619 | lr 7.17e-05 | 190s
2026-09-18 22:45:39 | INFO    | epoch 16 | batch 2760/4266 | loss 0.4710 | acc 0.9619 | lr 7.17e-05 | 191s
2026-09-18 22:45:40 | INFO    | epoch 16 | batch 2780/4266 | loss 0.4708 | acc 0.9620 | lr 7.17e-05 | 193s
2026-09-18 22:45:42 | INFO    | epoch 16 | batch 2800/4266 | loss 0.4709 | acc 0.9620 | lr 7.17e-05 | 194s
2026-09-18 22:45:43 | INFO    | epoch 16 | batch 2820/4266 | loss 0.4709 | acc 0.9620 | lr 7.16e-05 | 195s
2026-09-18 22:45:44 | INFO    | epoch 16 | batch 2840/4266 | loss 0.4709 | acc 0.9620 | lr 7.16e-05 | 197s
2026-09-18 22:45:46 | INFO    | epoch 16 | batch 2860/4266 | loss 0.4709 | acc 0.9620 | lr 7.16e-05 | 198s
2026-09-18 22:45:47 | INFO    | epoch 16 | batch 2880/4266 | loss 0.4709 | acc 0.9620 | lr 7.16e-05 | 200s
2026-09-18 22:45:49 | INFO    | epoch 16 | batch 2900/4266 | loss 0.4710 | acc 0.9620 | lr 7.16e-05 | 201s
2026-09-18 22:45:50 | INFO    | epoch 16 | batch 2920/4266 | loss 0.4709 | acc 0.9620 | lr 7.16e-05 | 202s
2026-09-18 22:45:51 | INFO    | epoch 16 | batch 2940/4266 | loss 0.4708 | acc 0.9621 | lr 7.15e-05 | 204s
2026-09-18 22:45:53 | INFO    | epoch 16 | batch 2960/4266 | loss 0.4707 | acc 0.9621 | lr 7.15e-05 | 205s
2026-09-18 22:45:54 | INFO    | epoch 16 | batch 2980/4266 | loss 0.4706 | acc 0.9621 | lr 7.15e-05 | 207s
2026-09-18 22:45:56 | INFO    | epoch 16 | batch 3000/4266 | loss 0.4707 | acc 0.9620 | lr 7.15e-05 | 208s
2026-09-18 22:45:57 | INFO    | epoch 16 | batch 3020/4266 | loss 0.4706 | acc 0.9621 | lr 7.15e-05 | 209s
2026-09-18 22:45:58 | INFO    | epoch 16 | batch 3040/4266 | loss 0.4706 | acc 0.9621 | lr 7.15e-05 | 211s
2026-09-18 22:46:00 | INFO    | epoch 16 | batch 3060/4266 | loss 0.4706 | acc 0.9621 | lr 7.14e-05 | 212s
2026-09-18 22:46:01 | INFO    | epoch 16 | batch 3080/4266 | loss 0.4707 | acc 0.9620 | lr 7.14e-05 | 213s
2026-09-18 22:46:02 | INFO    | epoch 16 | batch 3100/4266 | loss 0.4709 | acc 0.9619 | lr 7.14e-05 | 215s
2026-09-18 22:46:04 | INFO    | epoch 16 | batch 3120/4266 | loss 0.4708 | acc 0.9619 | lr 7.14e-05 | 216s
2026-09-18 22:46:05 | INFO    | epoch 16 | batch 3140/4266 | loss 0.4709 | acc 0.9619 | lr 7.14e-05 | 217s
2026-09-18 22:46:06 | INFO    | epoch 16 | batch 3160/4266 | loss 0.4710 | acc 0.9618 | lr 7.14e-05 | 219s
2026-09-18 22:46:08 | INFO    | epoch 16 | batch 3180/4266 | loss 0.4710 | acc 0.9618 | lr 7.13e-05 | 220s
2026-09-18 22:46:09 | INFO    | epoch 16 | batch 3200/4266 | loss 0.4709 | acc 0.9618 | lr 7.13e-05 | 221s
2026-09-18 22:46:10 | INFO    | epoch 16 | batch 3220/4266 | loss 0.4710 | acc 0.9618 | lr 7.13e-05 | 223s
2026-09-18 22:46:12 | INFO    | epoch 16 | batch 3240/4266 | loss 0.4710 | acc 0.9617 | lr 7.13e-05 | 224s
2026-09-18 22:46:13 | INFO    | epoch 16 | batch 3260/4266 | loss 0.4710 | acc 0.9617 | lr 7.13e-05 | 226s
2026-09-18 22:46:15 | INFO    | epoch 16 | batch 3280/4266 | loss 0.4710 | acc 0.9617 | lr 7.12e-05 | 227s
2026-09-18 22:46:16 | INFO    | epoch 16 | batch 3300/4266 | loss 0.4710 | acc 0.9618 | lr 7.12e-05 | 228s
2026-09-18 22:46:17 | INFO    | epoch 16 | batch 3320/4266 | loss 0.4709 | acc 0.9619 | lr 7.12e-05 | 230s
2026-09-18 22:46:19 | INFO    | epoch 16 | batch 3340/4266 | loss 0.4708 | acc 0.9619 | lr 7.12e-05 | 231s
2026-09-18 22:46:20 | INFO    | epoch 16 | batch 3360/4266 | loss 0.4708 | acc 0.9619 | lr 7.12e-05 | 233s
2026-09-18 22:46:22 | INFO    | epoch 16 | batch 3380/4266 | loss 0.4710 | acc 0.9618 | lr 7.12e-05 | 234s
2026-09-18 22:46:23 | INFO    | epoch 16 | batch 3400/4266 | loss 0.4710 | acc 0.9618 | lr 7.11e-05 | 235s
2026-09-18 22:46:24 | INFO    | epoch 16 | batch 3420/4266 | loss 0.4710 | acc 0.9617 | lr 7.11e-05 | 237s
2026-09-18 22:46:26 | INFO    | epoch 16 | batch 3440/4266 | loss 0.4710 | acc 0.9618 | lr 7.11e-05 | 238s
2026-09-18 22:46:27 | INFO    | epoch 16 | batch 3460/4266 | loss 0.4709 | acc 0.9618 | lr 7.11e-05 | 239s
2026-09-18 22:46:28 | INFO    | epoch 16 | batch 3480/4266 | loss 0.4709 | acc 0.9618 | lr 7.11e-05 | 241s
2026-09-18 22:46:30 | INFO    | epoch 16 | batch 3500/4266 | loss 0.4709 | acc 0.9618 | lr 7.11e-05 | 242s
2026-09-18 22:46:31 | INFO    | epoch 16 | batch 3520/4266 | loss 0.4709 | acc 0.9618 | lr 7.10e-05 | 244s
2026-09-18 22:46:33 | INFO    | epoch 16 | batch 3540/4266 | loss 0.4709 | acc 0.9619 | lr 7.10e-05 | 245s
2026-09-18 22:46:34 | INFO    | epoch 16 | batch 3560/4266 | loss 0.4708 | acc 0.9619 | lr 7.10e-05 | 246s
2026-09-18 22:46:35 | INFO    | epoch 16 | batch 3580/4266 | loss 0.4708 | acc 0.9620 | lr 7.10e-05 | 248s
2026-09-18 22:46:37 | INFO    | epoch 16 | batch 3600/4266 | loss 0.4708 | acc 0.9619 | lr 7.10e-05 | 249s
2026-09-18 22:46:38 | INFO    | epoch 16 | batch 3620/4266 | loss 0.4708 | acc 0.9619 | lr 7.09e-05 | 251s
2026-09-18 22:46:40 | INFO    | epoch 16 | batch 3640/4266 | loss 0.4708 | acc 0.9619 | lr 7.09e-05 | 252s
2026-09-18 22:46:41 | INFO    | epoch 16 | batch 3660/4266 | loss 0.4708 | acc 0.9619 | lr 7.09e-05 | 253s
2026-09-18 22:46:42 | INFO    | epoch 16 | batch 3680/4266 | loss 0.4708 | acc 0.9619 | lr 7.09e-05 | 255s
2026-09-18 22:46:44 | INFO    | epoch 16 | batch 3700/4266 | loss 0.4709 | acc 0.9618 | lr 7.09e-05 | 256s
2026-09-18 22:46:45 | INFO    | epoch 16 | batch 3720/4266 | loss 0.4708 | acc 0.9618 | lr 7.09e-05 | 258s
2026-09-18 22:46:47 | INFO    | epoch 16 | batch 3740/4266 | loss 0.4707 | acc 0.9619 | lr 7.08e-05 | 259s
2026-09-18 22:46:48 | INFO    | epoch 16 | batch 3760/4266 | loss 0.4707 | acc 0.9619 | lr 7.08e-05 | 260s
2026-09-18 22:46:49 | INFO    | epoch 16 | batch 3780/4266 | loss 0.4707 | acc 0.9619 | lr 7.08e-05 | 262s
2026-09-18 22:46:51 | INFO    | epoch 16 | batch 3800/4266 | loss 0.4707 | acc 0.9619 | lr 7.08e-05 | 263s
2026-09-18 22:46:52 | INFO    | epoch 16 | batch 3820/4266 | loss 0.4708 | acc 0.9618 | lr 7.08e-05 | 264s
2026-09-18 22:46:53 | INFO    | epoch 16 | batch 3840/4266 | loss 0.4708 | acc 0.9618 | lr 7.08e-05 | 266s
2026-09-18 22:46:55 | INFO    | epoch 16 | batch 3860/4266 | loss 0.4708 | acc 0.9618 | lr 7.07e-05 | 267s
2026-09-18 22:46:56 | INFO    | epoch 16 | batch 3880/4266 | loss 0.4708 | acc 0.9618 | lr 7.07e-05 | 269s
2026-09-18 22:46:58 | INFO    | epoch 16 | batch 3900/4266 | loss 0.4707 | acc 0.9619 | lr 7.07e-05 | 270s
2026-09-18 22:46:59 | INFO    | epoch 16 | batch 3920/4266 | loss 0.4707 | acc 0.9619 | lr 7.07e-05 | 271s
2026-09-18 22:47:00 | INFO    | epoch 16 | batch 3940/4266 | loss 0.4708 | acc 0.9618 | lr 7.07e-05 | 273s
2026-09-18 22:47:02 | INFO    | epoch 16 | batch 3960/4266 | loss 0.4707 | acc 0.9618 | lr 7.07e-05 | 274s
2026-09-18 22:47:03 | INFO    | epoch 16 | batch 3980/4266 | loss 0.4707 | acc 0.9618 | lr 7.06e-05 | 275s
2026-09-18 22:47:04 | INFO    | epoch 16 | batch 4000/4266 | loss 0.4706 | acc 0.9619 | lr 7.06e-05 | 277s
2026-09-18 22:47:06 | INFO    | epoch 16 | batch 4020/4266 | loss 0.4706 | acc 0.9618 | lr 7.06e-05 | 278s
2026-09-18 22:47:07 | INFO    | epoch 16 | batch 4040/4266 | loss 0.4705 | acc 0.9619 | lr 7.06e-05 | 279s
2026-09-18 22:47:09 | INFO    | epoch 16 | batch 4060/4266 | loss 0.4706 | acc 0.9619 | lr 7.06e-05 | 281s
2026-09-18 22:47:10 | INFO    | epoch 16 | batch 4080/4266 | loss 0.4705 | acc 0.9619 | lr 7.05e-05 | 282s
2026-09-18 22:47:11 | INFO    | epoch 16 | batch 4100/4266 | loss 0.4705 | acc 0.9619 | lr 7.05e-05 | 284s
2026-09-18 22:47:13 | INFO    | epoch 16 | batch 4120/4266 | loss 0.4705 | acc 0.9619 | lr 7.05e-05 | 285s
2026-09-18 22:47:14 | INFO    | epoch 16 | batch 4140/4266 | loss 0.4706 | acc 0.9619 | lr 7.05e-05 | 286s
2026-09-18 22:47:15 | INFO    | epoch 16 | batch 4160/4266 | loss 0.4705 | acc 0.9619 | lr 7.05e-05 | 288s
2026-09-18 22:47:17 | INFO    | epoch 16 | batch 4180/4266 | loss 0.4703 | acc 0.9620 | lr 7.05e-05 | 289s
2026-09-18 22:47:18 | INFO    | epoch 16 | batch 4200/4266 | loss 0.4703 | acc 0.9620 | lr 7.04e-05 | 291s
2026-09-18 22:47:20 | INFO    | epoch 16 | batch 4220/4266 | loss 0.4703 | acc 0.9620 | lr 7.04e-05 | 292s
2026-09-18 22:47:21 | INFO    | epoch 16 | batch 4240/4266 | loss 0.4703 | acc 0.9620 | lr 7.04e-05 | 293s
2026-09-18 22:47:22 | INFO    | epoch 16 | batch 4260/4266 | loss 0.4704 | acc 0.9619 | lr 7.04e-05 | 295s
2026-09-18 22:47:23 | INFO    | epoch 16 | batch 4266/4266 | loss 0.4704 | acc 0.9619 | lr 7.04e-05 | 295s
2026-09-18 22:47:32 | INFO    | epoch 16/40 done in 305s | train loss 0.4704 | train running patch (aug): accuracy=0.9619 precision=0.9614 recall=0.9605 f1=0.9609
2026-09-18 22:47:32 | INFO    | epoch 16 train (eval, no aug) | loss 0.4245 | patch[7280]: accuracy=0.9828 precision=0.9828 recall=0.9822 f1=0.9825 | image[455]: accuracy=1.0000 precision=1.0000 recall=1.0000 f1=1.0000
2026-09-18 22:47:32 | INFO    | epoch 16 val | loss 1.1825 | patch[8448]: accuracy=0.6832 precision=0.6593 recall=0.6608 f1=0.6593 | image[96]: accuracy=0.7188 precision=0.6922 recall=0.6955 f1=0.6931
2026-09-18 22:47:32 | INFO    | val_patch_f1 = 0.6593 (best 0.6698 @ epoch 12)
2026-09-18 22:47:34 | INFO    | epoch 17 | batch 20/4266 | loss 0.4534 | acc 0.9703 | lr 7.04e-05 | 1s
2026-09-18 22:47:35 | INFO    | epoch 17 | batch 40/4266 | loss 0.4645 | acc 0.9625 | lr 7.03e-05 | 3s
2026-09-18 22:47:37 | INFO    | epoch 17 | batch 60/4266 | loss 0.4608 | acc 0.9651 | lr 7.03e-05 | 4s
2026-09-18 22:47:38 | INFO    | epoch 17 | batch 80/4266 | loss 0.4681 | acc 0.9629 | lr 7.03e-05 | 6s
2026-09-18 22:47:39 | INFO    | epoch 17 | batch 100/4266 | loss 0.4684 | acc 0.9637 | lr 7.03e-05 | 7s
2026-09-18 22:47:41 | INFO    | epoch 17 | batch 120/4266 | loss 0.4675 | acc 0.9633 | lr 7.03e-05 | 8s
2026-09-18 22:47:42 | INFO    | epoch 17 | batch 140/4266 | loss 0.4649 | acc 0.9650 | lr 7.03e-05 | 10s
2026-09-18 22:47:44 | INFO    | epoch 17 | batch 160/4266 | loss 0.4634 | acc 0.9658 | lr 7.02e-05 | 11s
2026-09-18 22:47:45 | INFO    | epoch 17 | batch 180/4266 | loss 0.4651 | acc 0.9651 | lr 7.02e-05 | 13s
2026-09-18 22:47:46 | INFO    | epoch 17 | batch 200/4266 | loss 0.4653 | acc 0.9653 | lr 7.02e-05 | 14s
2026-09-18 22:47:48 | INFO    | epoch 17 | batch 220/4266 | loss 0.4662 | acc 0.9648 | lr 7.02e-05 | 15s
2026-09-18 22:47:49 | INFO    | epoch 17 | batch 240/4266 | loss 0.4662 | acc 0.9645 | lr 7.02e-05 | 17s
2026-09-18 22:47:51 | INFO    | epoch 17 | batch 260/4266 | loss 0.4659 | acc 0.9644 | lr 7.02e-05 | 18s
2026-09-18 22:47:52 | INFO    | epoch 17 | batch 280/4266 | loss 0.4644 | acc 0.9651 | lr 7.01e-05 | 20s
2026-09-18 22:47:53 | INFO    | epoch 17 | batch 300/4266 | loss 0.4651 | acc 0.9648 | lr 7.01e-05 | 21s
2026-09-18 22:47:55 | INFO    | epoch 17 | batch 320/4266 | loss 0.4652 | acc 0.9644 | lr 7.01e-05 | 22s
2026-09-18 22:47:56 | INFO    | epoch 17 | batch 340/4266 | loss 0.4649 | acc 0.9646 | lr 7.01e-05 | 24s
2026-09-18 22:47:58 | INFO    | epoch 17 | batch 360/4266 | loss 0.4655 | acc 0.9645 | lr 7.01e-05 | 25s
2026-09-18 22:47:59 | INFO    | epoch 17 | batch 380/4266 | loss 0.4659 | acc 0.9641 | lr 7.00e-05 | 27s
2026-09-18 22:48:00 | INFO    | epoch 17 | batch 400/4266 | loss 0.4662 | acc 0.9637 | lr 7.00e-05 | 28s
2026-09-18 22:48:02 | INFO    | epoch 17 | batch 420/4266 | loss 0.4657 | acc 0.9641 | lr 7.00e-05 | 29s
2026-09-18 22:48:03 | INFO    | epoch 17 | batch 440/4266 | loss 0.4657 | acc 0.9641 | lr 7.00e-05 | 31s
2026-09-18 22:48:05 | INFO    | epoch 17 | batch 460/4266 | loss 0.4654 | acc 0.9642 | lr 7.00e-05 | 32s
2026-09-18 22:48:06 | INFO    | epoch 17 | batch 480/4266 | loss 0.4656 | acc 0.9641 | lr 7.00e-05 | 34s
2026-09-18 22:48:07 | INFO    | epoch 17 | batch 500/4266 | loss 0.4656 | acc 0.9638 | lr 6.99e-05 | 35s
2026-09-18 22:48:09 | INFO    | epoch 17 | batch 520/4266 | loss 0.4663 | acc 0.9635 | lr 6.99e-05 | 36s
2026-09-18 22:48:10 | INFO    | epoch 17 | batch 540/4266 | loss 0.4662 | acc 0.9634 | lr 6.99e-05 | 38s
2026-09-18 22:48:12 | INFO    | epoch 17 | batch 560/4266 | loss 0.4664 | acc 0.9634 | lr 6.99e-05 | 39s
2026-09-18 22:48:13 | INFO    | epoch 17 | batch 580/4266 | loss 0.4668 | acc 0.9635 | lr 6.99e-05 | 41s
2026-09-18 22:48:15 | INFO    | epoch 17 | batch 600/4266 | loss 0.4658 | acc 0.9642 | lr 6.99e-05 | 42s
2026-09-18 22:48:16 | INFO    | epoch 17 | batch 620/4266 | loss 0.4661 | acc 0.9642 | lr 6.98e-05 | 43s
2026-09-18 22:48:17 | INFO    | epoch 17 | batch 640/4266 | loss 0.4664 | acc 0.9640 | lr 6.98e-05 | 45s
2026-09-18 22:48:19 | INFO    | epoch 17 | batch 660/4266 | loss 0.4668 | acc 0.9640 | lr 6.98e-05 | 46s
2026-09-18 22:48:20 | INFO    | epoch 17 | batch 680/4266 | loss 0.4662 | acc 0.9642 | lr 6.98e-05 | 48s
2026-09-18 22:48:22 | INFO    | epoch 17 | batch 700/4266 | loss 0.4661 | acc 0.9642 | lr 6.98e-05 | 49s
2026-09-18 22:48:23 | INFO    | epoch 17 | batch 720/4266 | loss 0.4663 | acc 0.9641 | lr 6.97e-05 | 50s
2026-09-18 22:48:24 | INFO    | epoch 17 | batch 740/4266 | loss 0.4664 | acc 0.9640 | lr 6.97e-05 | 52s
2026-09-18 22:48:26 | INFO    | epoch 17 | batch 760/4266 | loss 0.4656 | acc 0.9644 | lr 6.97e-05 | 53s
2026-09-18 22:48:27 | INFO    | epoch 17 | batch 780/4266 | loss 0.4659 | acc 0.9642 | lr 6.97e-05 | 55s
2026-09-18 22:48:28 | INFO    | epoch 17 | batch 800/4266 | loss 0.4660 | acc 0.9643 | lr 6.97e-05 | 56s
2026-09-18 22:48:30 | INFO    | epoch 17 | batch 820/4266 | loss 0.4658 | acc 0.9644 | lr 6.97e-05 | 57s
2026-09-18 22:48:31 | INFO    | epoch 17 | batch 840/4266 | loss 0.4662 | acc 0.9642 | lr 6.96e-05 | 59s
2026-09-18 22:48:33 | INFO    | epoch 17 | batch 860/4266 | loss 0.4662 | acc 0.9643 | lr 6.96e-05 | 60s
2026-09-18 22:48:34 | INFO    | epoch 17 | batch 880/4266 | loss 0.4662 | acc 0.9645 | lr 6.96e-05 | 62s
2026-09-18 22:48:36 | INFO    | epoch 17 | batch 900/4266 | loss 0.4659 | acc 0.9646 | lr 6.96e-05 | 63s
2026-09-18 22:48:37 | INFO    | epoch 17 | batch 920/4266 | loss 0.4661 | acc 0.9645 | lr 6.96e-05 | 65s
2026-09-18 22:48:38 | INFO    | epoch 17 | batch 940/4266 | loss 0.4659 | acc 0.9645 | lr 6.96e-05 | 66s
2026-09-18 22:48:40 | INFO    | epoch 17 | batch 960/4266 | loss 0.4662 | acc 0.9645 | lr 6.95e-05 | 67s
2026-09-18 22:48:41 | INFO    | epoch 17 | batch 980/4266 | loss 0.4662 | acc 0.9645 | lr 6.95e-05 | 69s
2026-09-18 22:48:43 | INFO    | epoch 17 | batch 1000/4266 | loss 0.4665 | acc 0.9644 | lr 6.95e-05 | 70s
2026-09-18 22:48:44 | INFO    | epoch 17 | batch 1020/4266 | loss 0.4663 | acc 0.9643 | lr 6.95e-05 | 72s
2026-09-18 22:48:45 | INFO    | epoch 17 | batch 1040/4266 | loss 0.4662 | acc 0.9643 | lr 6.95e-05 | 73s
2026-09-18 22:48:47 | INFO    | epoch 17 | batch 1060/4266 | loss 0.4663 | acc 0.9644 | lr 6.94e-05 | 74s
2026-09-18 22:48:48 | INFO    | epoch 17 | batch 1080/4266 | loss 0.4665 | acc 0.9643 | lr 6.94e-05 | 76s
2026-09-18 22:48:49 | INFO    | epoch 17 | batch 1100/4266 | loss 0.4663 | acc 0.9644 | lr 6.94e-05 | 77s
2026-09-18 22:48:51 | INFO    | epoch 17 | batch 1120/4266 | loss 0.4667 | acc 0.9642 | lr 6.94e-05 | 78s
2026-09-18 22:48:52 | INFO    | epoch 17 | batch 1140/4266 | loss 0.4668 | acc 0.9641 | lr 6.94e-05 | 80s
2026-09-18 22:48:54 | INFO    | epoch 17 | batch 1160/4266 | loss 0.4666 | acc 0.9640 | lr 6.94e-05 | 81s
2026-09-18 22:48:55 | INFO    | epoch 17 | batch 1180/4266 | loss 0.4667 | acc 0.9640 | lr 6.93e-05 | 82s
2026-09-18 22:48:56 | INFO    | epoch 17 | batch 1200/4266 | loss 0.4669 | acc 0.9639 | lr 6.93e-05 | 84s
2026-09-18 22:48:58 | INFO    | epoch 17 | batch 1220/4266 | loss 0.4671 | acc 0.9637 | lr 6.93e-05 | 85s
2026-09-18 22:48:59 | INFO    | epoch 17 | batch 1240/4266 | loss 0.4677 | acc 0.9634 | lr 6.93e-05 | 87s
2026-09-18 22:49:00 | INFO    | epoch 17 | batch 1260/4266 | loss 0.4673 | acc 0.9635 | lr 6.93e-05 | 88s
2026-09-18 22:49:02 | INFO    | epoch 17 | batch 1280/4266 | loss 0.4671 | acc 0.9636 | lr 6.93e-05 | 89s
2026-09-18 22:49:03 | INFO    | epoch 17 | batch 1300/4266 | loss 0.4672 | acc 0.9636 | lr 6.92e-05 | 91s
2026-09-18 22:49:04 | INFO    | epoch 17 | batch 1320/4266 | loss 0.4674 | acc 0.9635 | lr 6.92e-05 | 92s
2026-09-18 22:49:06 | INFO    | epoch 17 | batch 1340/4266 | loss 0.4674 | acc 0.9635 | lr 6.92e-05 | 93s
2026-09-18 22:49:07 | INFO    | epoch 17 | batch 1360/4266 | loss 0.4676 | acc 0.9633 | lr 6.92e-05 | 95s
2026-09-18 22:49:09 | INFO    | epoch 17 | batch 1380/4266 | loss 0.4675 | acc 0.9633 | lr 6.92e-05 | 96s
2026-09-18 22:49:10 | INFO    | epoch 17 | batch 1400/4266 | loss 0.4676 | acc 0.9632 | lr 6.91e-05 | 97s
2026-09-18 22:49:11 | INFO    | epoch 17 | batch 1420/4266 | loss 0.4679 | acc 0.9631 | lr 6.91e-05 | 99s
2026-09-18 22:49:13 | INFO    | epoch 17 | batch 1440/4266 | loss 0.4680 | acc 0.9630 | lr 6.91e-05 | 100s
2026-09-18 22:49:14 | INFO    | epoch 17 | batch 1460/4266 | loss 0.4681 | acc 0.9630 | lr 6.91e-05 | 102s
2026-09-18 22:49:15 | INFO    | epoch 17 | batch 1480/4266 | loss 0.4681 | acc 0.9630 | lr 6.91e-05 | 103s
2026-09-18 22:49:17 | INFO    | epoch 17 | batch 1500/4266 | loss 0.4680 | acc 0.9632 | lr 6.91e-05 | 104s
2026-09-18 22:49:18 | INFO    | epoch 17 | batch 1520/4266 | loss 0.4679 | acc 0.9633 | lr 6.90e-05 | 106s
2026-09-18 22:49:19 | INFO    | epoch 17 | batch 1540/4266 | loss 0.4679 | acc 0.9632 | lr 6.90e-05 | 107s
2026-09-18 22:49:21 | INFO    | epoch 17 | batch 1560/4266 | loss 0.4680 | acc 0.9632 | lr 6.90e-05 | 108s
2026-09-18 22:49:22 | INFO    | epoch 17 | batch 1580/4266 | loss 0.4679 | acc 0.9633 | lr 6.90e-05 | 110s
2026-09-18 22:49:24 | INFO    | epoch 17 | batch 1600/4266 | loss 0.4679 | acc 0.9633 | lr 6.90e-05 | 111s
2026-09-18 22:49:25 | INFO    | epoch 17 | batch 1620/4266 | loss 0.4679 | acc 0.9633 | lr 6.90e-05 | 113s
2026-09-18 22:49:26 | INFO    | epoch 17 | batch 1640/4266 | loss 0.4681 | acc 0.9632 | lr 6.89e-05 | 114s
2026-09-18 22:49:28 | INFO    | epoch 17 | batch 1660/4266 | loss 0.4679 | acc 0.9633 | lr 6.89e-05 | 115s
2026-09-18 22:49:29 | INFO    | epoch 17 | batch 1680/4266 | loss 0.4680 | acc 0.9632 | lr 6.89e-05 | 117s
2026-09-18 22:49:31 | INFO    | epoch 17 | batch 1700/4266 | loss 0.4679 | acc 0.9633 | lr 6.89e-05 | 118s
2026-09-18 22:49:32 | INFO    | epoch 17 | batch 1720/4266 | loss 0.4678 | acc 0.9634 | lr 6.89e-05 | 119s
2026-09-18 22:49:33 | INFO    | epoch 17 | batch 1740/4266 | loss 0.4677 | acc 0.9634 | lr 6.88e-05 | 121s
2026-09-18 22:49:35 | INFO    | epoch 17 | batch 1760/4266 | loss 0.4678 | acc 0.9633 | lr 6.88e-05 | 122s
2026-09-18 22:49:36 | INFO    | epoch 17 | batch 1780/4266 | loss 0.4675 | acc 0.9634 | lr 6.88e-05 | 124s
2026-09-18 22:49:38 | INFO    | epoch 17 | batch 1800/4266 | loss 0.4671 | acc 0.9636 | lr 6.88e-05 | 125s
2026-09-18 22:49:39 | INFO    | epoch 17 | batch 1820/4266 | loss 0.4672 | acc 0.9636 | lr 6.88e-05 | 126s
2026-09-18 22:49:40 | INFO    | epoch 17 | batch 1840/4266 | loss 0.4670 | acc 0.9637 | lr 6.88e-05 | 128s
2026-09-18 22:49:42 | INFO    | epoch 17 | batch 1860/4266 | loss 0.4669 | acc 0.9637 | lr 6.87e-05 | 129s
2026-09-18 22:49:43 | INFO    | epoch 17 | batch 1880/4266 | loss 0.4669 | acc 0.9637 | lr 6.87e-05 | 131s
2026-09-18 22:49:44 | INFO    | epoch 17 | batch 1900/4266 | loss 0.4669 | acc 0.9638 | lr 6.87e-05 | 132s
2026-09-18 22:49:46 | INFO    | epoch 17 | batch 1920/4266 | loss 0.4669 | acc 0.9637 | lr 6.87e-05 | 133s
2026-09-18 22:49:47 | INFO    | epoch 17 | batch 1940/4266 | loss 0.4667 | acc 0.9638 | lr 6.87e-05 | 135s
2026-09-18 22:49:49 | INFO    | epoch 17 | batch 1960/4266 | loss 0.4671 | acc 0.9636 | lr 6.86e-05 | 136s
2026-09-18 22:49:50 | INFO    | epoch 17 | batch 1980/4266 | loss 0.4673 | acc 0.9635 | lr 6.86e-05 | 138s
2026-09-18 22:49:52 | INFO    | epoch 17 | batch 2000/4266 | loss 0.4672 | acc 0.9635 | lr 6.86e-05 | 139s
2026-09-18 22:49:53 | INFO    | epoch 17 | batch 2020/4266 | loss 0.4673 | acc 0.9636 | lr 6.86e-05 | 141s
2026-09-18 22:49:54 | INFO    | epoch 17 | batch 2040/4266 | loss 0.4673 | acc 0.9635 | lr 6.86e-05 | 142s
2026-09-18 22:49:56 | INFO    | epoch 17 | batch 2060/4266 | loss 0.4672 | acc 0.9636 | lr 6.86e-05 | 143s
2026-09-18 22:49:57 | INFO    | epoch 17 | batch 2080/4266 | loss 0.4673 | acc 0.9636 | lr 6.85e-05 | 145s
2026-09-18 22:49:59 | INFO    | epoch 17 | batch 2100/4266 | loss 0.4672 | acc 0.9636 | lr 6.85e-05 | 146s
2026-09-18 22:50:00 | INFO    | epoch 17 | batch 2120/4266 | loss 0.4673 | acc 0.9635 | lr 6.85e-05 | 148s
2026-09-18 22:50:01 | INFO    | epoch 17 | batch 2140/4266 | loss 0.4672 | acc 0.9635 | lr 6.85e-05 | 149s
2026-09-18 22:50:03 | INFO    | epoch 17 | batch 2160/4266 | loss 0.4670 | acc 0.9636 | lr 6.85e-05 | 150s
2026-09-18 22:50:04 | INFO    | epoch 17 | batch 2180/4266 | loss 0.4670 | acc 0.9636 | lr 6.85e-05 | 152s
2026-09-18 22:50:05 | INFO    | epoch 17 | batch 2200/4266 | loss 0.4671 | acc 0.9635 | lr 6.84e-05 | 153s
2026-09-18 22:50:07 | INFO    | epoch 17 | batch 2220/4266 | loss 0.4670 | acc 0.9636 | lr 6.84e-05 | 154s
2026-09-18 22:50:08 | INFO    | epoch 17 | batch 2240/4266 | loss 0.4669 | acc 0.9636 | lr 6.84e-05 | 156s
2026-09-18 22:50:09 | INFO    | epoch 17 | batch 2260/4266 | loss 0.4669 | acc 0.9637 | lr 6.84e-05 | 157s
2026-09-18 22:50:11 | INFO    | epoch 17 | batch 2280/4266 | loss 0.4668 | acc 0.9637 | lr 6.84e-05 | 158s
2026-09-18 22:50:12 | INFO    | epoch 17 | batch 2300/4266 | loss 0.4668 | acc 0.9637 | lr 6.83e-05 | 160s
2026-09-18 22:50:13 | INFO    | epoch 17 | batch 2320/4266 | loss 0.4667 | acc 0.9638 | lr 6.83e-05 | 161s
2026-09-18 22:50:15 | INFO    | epoch 17 | batch 2340/4266 | loss 0.4666 | acc 0.9638 | lr 6.83e-05 | 162s
2026-09-18 22:50:16 | INFO    | epoch 17 | batch 2360/4266 | loss 0.4667 | acc 0.9638 | lr 6.83e-05 | 164s
2026-09-18 22:50:18 | INFO    | epoch 17 | batch 2380/4266 | loss 0.4667 | acc 0.9638 | lr 6.83e-05 | 165s
2026-09-18 22:50:19 | INFO    | epoch 17 | batch 2400/4266 | loss 0.4668 | acc 0.9637 | lr 6.83e-05 | 167s
2026-09-18 22:50:20 | INFO    | epoch 17 | batch 2420/4266 | loss 0.4668 | acc 0.9637 | lr 6.82e-05 | 168s
2026-09-18 22:50:22 | INFO    | epoch 17 | batch 2440/4266 | loss 0.4669 | acc 0.9637 | lr 6.82e-05 | 169s
2026-09-18 22:50:23 | INFO    | epoch 17 | batch 2460/4266 | loss 0.4669 | acc 0.9638 | lr 6.82e-05 | 171s
2026-09-18 22:50:24 | INFO    | epoch 17 | batch 2480/4266 | loss 0.4668 | acc 0.9639 | lr 6.82e-05 | 172s
2026-09-18 22:50:26 | INFO    | epoch 17 | batch 2500/4266 | loss 0.4669 | acc 0.9638 | lr 6.82e-05 | 173s
2026-09-18 22:50:27 | INFO    | epoch 17 | batch 2520/4266 | loss 0.4668 | acc 0.9638 | lr 6.81e-05 | 175s
2026-09-18 22:50:28 | INFO    | epoch 17 | batch 2540/4266 | loss 0.4667 | acc 0.9639 | lr 6.81e-05 | 176s
2026-09-18 22:50:30 | INFO    | epoch 17 | batch 2560/4266 | loss 0.4665 | acc 0.9639 | lr 6.81e-05 | 177s
2026-09-18 22:50:31 | INFO    | epoch 17 | batch 2580/4266 | loss 0.4665 | acc 0.9640 | lr 6.81e-05 | 179s
2026-09-18 22:50:33 | INFO    | epoch 17 | batch 2600/4266 | loss 0.4664 | acc 0.9641 | lr 6.81e-05 | 180s
2026-09-18 22:50:34 | INFO    | epoch 17 | batch 2620/4266 | loss 0.4663 | acc 0.9642 | lr 6.81e-05 | 182s
2026-09-18 22:50:35 | INFO    | epoch 17 | batch 2640/4266 | loss 0.4662 | acc 0.9642 | lr 6.80e-05 | 183s
2026-09-18 22:50:37 | INFO    | epoch 17 | batch 2660/4266 | loss 0.4663 | acc 0.9641 | lr 6.80e-05 | 184s
2026-09-18 22:50:38 | INFO    | epoch 17 | batch 2680/4266 | loss 0.4664 | acc 0.9641 | lr 6.80e-05 | 186s
2026-09-18 22:50:40 | INFO    | epoch 17 | batch 2700/4266 | loss 0.4665 | acc 0.9640 | lr 6.80e-05 | 187s
2026-09-18 22:50:41 | INFO    | epoch 17 | batch 2720/4266 | loss 0.4667 | acc 0.9640 | lr 6.80e-05 | 189s
2026-09-18 22:50:42 | INFO    | epoch 17 | batch 2740/4266 | loss 0.4665 | acc 0.9640 | lr 6.79e-05 | 190s
2026-09-18 22:50:44 | INFO    | epoch 17 | batch 2760/4266 | loss 0.4666 | acc 0.9640 | lr 6.79e-05 | 191s
2026-09-18 22:50:45 | INFO    | epoch 17 | batch 2780/4266 | loss 0.4666 | acc 0.9640 | lr 6.79e-05 | 193s
2026-09-18 22:50:47 | INFO    | epoch 17 | batch 2800/4266 | loss 0.4667 | acc 0.9640 | lr 6.79e-05 | 194s
2026-09-18 22:50:48 | INFO    | epoch 17 | batch 2820/4266 | loss 0.4668 | acc 0.9640 | lr 6.79e-05 | 196s
2026-09-18 22:50:49 | INFO    | epoch 17 | batch 2840/4266 | loss 0.4668 | acc 0.9639 | lr 6.79e-05 | 197s
2026-09-18 22:50:51 | INFO    | epoch 17 | batch 2860/4266 | loss 0.4667 | acc 0.9640 | lr 6.78e-05 | 198s
2026-09-18 22:50:52 | INFO    | epoch 17 | batch 2880/4266 | loss 0.4666 | acc 0.9640 | lr 6.78e-05 | 200s
2026-09-18 22:50:53 | INFO    | epoch 17 | batch 2900/4266 | loss 0.4665 | acc 0.9640 | lr 6.78e-05 | 201s
2026-09-18 22:50:55 | INFO    | epoch 17 | batch 2920/4266 | loss 0.4665 | acc 0.9640 | lr 6.78e-05 | 202s
2026-09-18 22:50:56 | INFO    | epoch 17 | batch 2940/4266 | loss 0.4665 | acc 0.9640 | lr 6.78e-05 | 204s
2026-09-18 22:50:58 | INFO    | epoch 17 | batch 2960/4266 | loss 0.4665 | acc 0.9640 | lr 6.78e-05 | 205s
2026-09-18 22:50:59 | INFO    | epoch 17 | batch 2980/4266 | loss 0.4667 | acc 0.9639 | lr 6.77e-05 | 207s
2026-09-18 22:51:00 | INFO    | epoch 17 | batch 3000/4266 | loss 0.4667 | acc 0.9639 | lr 6.77e-05 | 208s
2026-09-18 22:51:02 | INFO    | epoch 17 | batch 3020/4266 | loss 0.4668 | acc 0.9638 | lr 6.77e-05 | 209s
2026-09-18 22:51:03 | INFO    | epoch 17 | batch 3040/4266 | loss 0.4669 | acc 0.9638 | lr 6.77e-05 | 211s
2026-09-18 22:51:05 | INFO    | epoch 17 | batch 3060/4266 | loss 0.4668 | acc 0.9639 | lr 6.77e-05 | 212s
2026-09-18 22:51:06 | INFO    | epoch 17 | batch 3080/4266 | loss 0.4668 | acc 0.9639 | lr 6.76e-05 | 214s
2026-09-18 22:51:08 | INFO    | epoch 17 | batch 3100/4266 | loss 0.4667 | acc 0.9640 | lr 6.76e-05 | 215s
2026-09-18 22:51:09 | INFO    | epoch 17 | batch 3120/4266 | loss 0.4667 | acc 0.9640 | lr 6.76e-05 | 216s
2026-09-18 22:51:10 | INFO    | epoch 17 | batch 3140/4266 | loss 0.4667 | acc 0.9640 | lr 6.76e-05 | 218s
2026-09-18 22:51:12 | INFO    | epoch 17 | batch 3160/4266 | loss 0.4667 | acc 0.9640 | lr 6.76e-05 | 219s
2026-09-18 22:51:13 | INFO    | epoch 17 | batch 3180/4266 | loss 0.4667 | acc 0.9640 | lr 6.76e-05 | 221s
2026-09-18 22:51:15 | INFO    | epoch 17 | batch 3200/4266 | loss 0.4668 | acc 0.9639 | lr 6.75e-05 | 222s
2026-09-18 22:51:16 | INFO    | epoch 17 | batch 3220/4266 | loss 0.4670 | acc 0.9638 | lr 6.75e-05 | 224s
2026-09-18 22:51:17 | INFO    | epoch 17 | batch 3240/4266 | loss 0.4669 | acc 0.9638 | lr 6.75e-05 | 225s
2026-09-18 22:51:19 | INFO    | epoch 17 | batch 3260/4266 | loss 0.4670 | acc 0.9637 | lr 6.75e-05 | 226s
2026-09-18 22:51:20 | INFO    | epoch 17 | batch 3280/4266 | loss 0.4671 | acc 0.9636 | lr 6.75e-05 | 228s
2026-09-18 22:51:21 | INFO    | epoch 17 | batch 3300/4266 | loss 0.4672 | acc 0.9635 | lr 6.74e-05 | 229s
2026-09-18 22:51:23 | INFO    | epoch 17 | batch 3320/4266 | loss 0.4671 | acc 0.9635 | lr 6.74e-05 | 230s
2026-09-18 22:51:24 | INFO    | epoch 17 | batch 3340/4266 | loss 0.4670 | acc 0.9636 | lr 6.74e-05 | 232s
2026-09-18 22:51:26 | INFO    | epoch 17 | batch 3360/4266 | loss 0.4669 | acc 0.9637 | lr 6.74e-05 | 233s
2026-09-18 22:51:27 | INFO    | epoch 17 | batch 3380/4266 | loss 0.4669 | acc 0.9636 | lr 6.74e-05 | 235s
2026-09-18 22:51:29 | INFO    | epoch 17 | batch 3400/4266 | loss 0.4669 | acc 0.9636 | lr 6.74e-05 | 236s
2026-09-18 22:51:30 | INFO    | epoch 17 | batch 3420/4266 | loss 0.4668 | acc 0.9637 | lr 6.73e-05 | 237s
2026-09-18 22:51:31 | INFO    | epoch 17 | batch 3440/4266 | loss 0.4669 | acc 0.9636 | lr 6.73e-05 | 239s
2026-09-18 22:51:33 | INFO    | epoch 17 | batch 3460/4266 | loss 0.4668 | acc 0.9636 | lr 6.73e-05 | 240s
2026-09-18 22:51:34 | INFO    | epoch 17 | batch 3480/4266 | loss 0.4668 | acc 0.9637 | lr 6.73e-05 | 242s
2026-09-18 22:51:36 | INFO    | epoch 17 | batch 3500/4266 | loss 0.4668 | acc 0.9636 | lr 6.73e-05 | 243s
2026-09-18 22:51:37 | INFO    | epoch 17 | batch 3520/4266 | loss 0.4667 | acc 0.9637 | lr 6.72e-05 | 245s
2026-09-18 22:51:38 | INFO    | epoch 17 | batch 3540/4266 | loss 0.4667 | acc 0.9637 | lr 6.72e-05 | 246s
2026-09-18 22:51:40 | INFO    | epoch 17 | batch 3560/4266 | loss 0.4667 | acc 0.9637 | lr 6.72e-05 | 247s
2026-09-18 22:51:41 | INFO    | epoch 17 | batch 3580/4266 | loss 0.4666 | acc 0.9637 | lr 6.72e-05 | 249s
2026-09-18 22:51:42 | INFO    | epoch 17 | batch 3600/4266 | loss 0.4665 | acc 0.9637 | lr 6.72e-05 | 250s
2026-09-18 22:51:44 | INFO    | epoch 17 | batch 3620/4266 | loss 0.4664 | acc 0.9638 | lr 6.72e-05 | 251s
2026-09-18 22:51:45 | INFO    | epoch 17 | batch 3640/4266 | loss 0.4664 | acc 0.9638 | lr 6.71e-05 | 253s
2026-09-18 22:51:47 | INFO    | epoch 17 | batch 3660/4266 | loss 0.4664 | acc 0.9637 | lr 6.71e-05 | 254s
2026-09-18 22:51:48 | INFO    | epoch 17 | batch 3680/4266 | loss 0.4663 | acc 0.9638 | lr 6.71e-05 | 256s
2026-09-18 22:51:49 | INFO    | epoch 17 | batch 3700/4266 | loss 0.4664 | acc 0.9638 | lr 6.71e-05 | 257s
2026-09-18 22:51:51 | INFO    | epoch 17 | batch 3720/4266 | loss 0.4664 | acc 0.9638 | lr 6.71e-05 | 258s
2026-09-18 22:51:52 | INFO    | epoch 17 | batch 3740/4266 | loss 0.4664 | acc 0.9638 | lr 6.70e-05 | 260s
2026-09-18 22:51:54 | INFO    | epoch 17 | batch 3760/4266 | loss 0.4664 | acc 0.9638 | lr 6.70e-05 | 261s
2026-09-18 22:51:55 | INFO    | epoch 17 | batch 3780/4266 | loss 0.4663 | acc 0.9639 | lr 6.70e-05 | 263s
2026-09-18 22:51:57 | INFO    | epoch 17 | batch 3800/4266 | loss 0.4662 | acc 0.9639 | lr 6.70e-05 | 264s
2026-09-18 22:51:58 | INFO    | epoch 17 | batch 3820/4266 | loss 0.4661 | acc 0.9640 | lr 6.70e-05 | 266s
2026-09-18 22:51:59 | INFO    | epoch 17 | batch 3840/4266 | loss 0.4661 | acc 0.9640 | lr 6.70e-05 | 267s
2026-09-18 22:52:01 | INFO    | epoch 17 | batch 3860/4266 | loss 0.4661 | acc 0.9640 | lr 6.69e-05 | 268s
2026-09-18 22:52:02 | INFO    | epoch 17 | batch 3880/4266 | loss 0.4660 | acc 0.9640 | lr 6.69e-05 | 270s
2026-09-18 22:52:04 | INFO    | epoch 17 | batch 3900/4266 | loss 0.4660 | acc 0.9640 | lr 6.69e-05 | 271s
2026-09-18 22:52:05 | INFO    | epoch 17 | batch 3920/4266 | loss 0.4660 | acc 0.9641 | lr 6.69e-05 | 272s
2026-09-18 22:52:06 | INFO    | epoch 17 | batch 3940/4266 | loss 0.4659 | acc 0.9641 | lr 6.69e-05 | 274s
2026-09-18 22:52:08 | INFO    | epoch 17 | batch 3960/4266 | loss 0.4657 | acc 0.9642 | lr 6.68e-05 | 275s
2026-09-18 22:52:09 | INFO    | epoch 17 | batch 3980/4266 | loss 0.4657 | acc 0.9642 | lr 6.68e-05 | 277s
2026-09-18 22:52:10 | INFO    | epoch 17 | batch 4000/4266 | loss 0.4656 | acc 0.9642 | lr 6.68e-05 | 278s
2026-09-18 22:52:12 | INFO    | epoch 17 | batch 4020/4266 | loss 0.4655 | acc 0.9643 | lr 6.68e-05 | 279s
2026-09-18 22:52:13 | INFO    | epoch 17 | batch 4040/4266 | loss 0.4655 | acc 0.9643 | lr 6.68e-05 | 281s
2026-09-18 22:52:15 | INFO    | epoch 17 | batch 4060/4266 | loss 0.4655 | acc 0.9643 | lr 6.68e-05 | 282s
2026-09-18 22:52:16 | INFO    | epoch 17 | batch 4080/4266 | loss 0.4654 | acc 0.9643 | lr 6.67e-05 | 284s
2026-09-18 22:52:17 | INFO    | epoch 17 | batch 4100/4266 | loss 0.4654 | acc 0.9643 | lr 6.67e-05 | 285s
2026-09-18 22:52:19 | INFO    | epoch 17 | batch 4120/4266 | loss 0.4654 | acc 0.9643 | lr 6.67e-05 | 286s
2026-09-18 22:52:20 | INFO    | epoch 17 | batch 4140/4266 | loss 0.4653 | acc 0.9644 | lr 6.67e-05 | 288s
2026-09-18 22:52:22 | INFO    | epoch 17 | batch 4160/4266 | loss 0.4653 | acc 0.9644 | lr 6.67e-05 | 289s
2026-09-18 22:52:23 | INFO    | epoch 17 | batch 4180/4266 | loss 0.4655 | acc 0.9643 | lr 6.67e-05 | 291s
2026-09-18 22:52:24 | INFO    | epoch 17 | batch 4200/4266 | loss 0.4655 | acc 0.9643 | lr 6.66e-05 | 292s
2026-09-18 22:52:26 | INFO    | epoch 17 | batch 4220/4266 | loss 0.4656 | acc 0.9643 | lr 6.66e-05 | 293s
2026-09-18 22:52:27 | INFO    | epoch 17 | batch 4240/4266 | loss 0.4656 | acc 0.9643 | lr 6.66e-05 | 295s
2026-09-18 22:52:29 | INFO    | epoch 17 | batch 4260/4266 | loss 0.4657 | acc 0.9642 | lr 6.66e-05 | 296s
2026-09-18 22:52:29 | INFO    | epoch 17 | batch 4266/4266 | loss 0.4657 | acc 0.9642 | lr 6.66e-05 | 297s
2026-09-18 22:52:39 | INFO    | epoch 17/40 done in 306s | train loss 0.4657 | train running patch (aug): accuracy=0.9642 precision=0.9634 recall=0.9631 f1=0.9633
2026-09-18 22:52:39 | INFO    | epoch 17 train (eval, no aug) | loss 0.4574 | patch[7280]: accuracy=0.9680 precision=0.9681 recall=0.9668 f1=0.9674 | image[455]: accuracy=1.0000 precision=1.0000 recall=1.0000 f1=1.0000
2026-09-18 22:52:39 | INFO    | epoch 17 val | loss 1.2171 | patch[8448]: accuracy=0.6690 precision=0.6396 recall=0.6392 f1=0.6385 | image[96]: accuracy=0.7292 precision=0.6836 recall=0.6880 f1=0.6850
2026-09-18 22:52:39 | INFO    | val_patch_f1 = 0.6385 (best 0.6698 @ epoch 12)
2026-09-18 22:52:40 | INFO    | epoch 18 | batch 20/4266 | loss 0.4515 | acc 0.9734 | lr 6.66e-05 | 1s
2026-09-18 22:52:42 | INFO    | epoch 18 | batch 40/4266 | loss 0.4607 | acc 0.9672 | lr 6.65e-05 | 3s
2026-09-18 22:52:43 | INFO    | epoch 18 | batch 60/4266 | loss 0.4709 | acc 0.9641 | lr 6.65e-05 | 4s
2026-09-18 22:52:45 | INFO    | epoch 18 | batch 80/4266 | loss 0.4655 | acc 0.9645 | lr 6.65e-05 | 6s
2026-09-18 22:52:46 | INFO    | epoch 18 | batch 100/4266 | loss 0.4657 | acc 0.9647 | lr 6.65e-05 | 7s
2026-09-18 22:52:47 | INFO    | epoch 18 | batch 120/4266 | loss 0.4605 | acc 0.9672 | lr 6.65e-05 | 8s
2026-09-18 22:52:49 | INFO    | epoch 18 | batch 140/4266 | loss 0.4591 | acc 0.9679 | lr 6.64e-05 | 10s
2026-09-18 22:52:50 | INFO    | epoch 18 | batch 160/4266 | loss 0.4577 | acc 0.9676 | lr 6.64e-05 | 11s
2026-09-18 22:52:51 | INFO    | epoch 18 | batch 180/4266 | loss 0.4565 | acc 0.9682 | lr 6.64e-05 | 13s
2026-09-18 22:52:53 | INFO    | epoch 18 | batch 200/4266 | loss 0.4586 | acc 0.9666 | lr 6.64e-05 | 14s
2026-09-18 22:52:54 | INFO    | epoch 18 | batch 220/4266 | loss 0.4588 | acc 0.9672 | lr 6.64e-05 | 15s
2026-09-18 22:52:56 | INFO    | epoch 18 | batch 240/4266 | loss 0.4584 | acc 0.9676 | lr 6.64e-05 | 17s
2026-09-18 22:52:57 | INFO    | epoch 18 | batch 260/4266 | loss 0.4577 | acc 0.9675 | lr 6.63e-05 | 18s
2026-09-18 22:52:58 | INFO    | epoch 18 | batch 280/4266 | loss 0.4573 | acc 0.9683 | lr 6.63e-05 | 19s
2026-09-18 22:53:00 | INFO    | epoch 18 | batch 300/4266 | loss 0.4570 | acc 0.9688 | lr 6.63e-05 | 21s
2026-09-18 22:53:01 | INFO    | epoch 18 | batch 320/4266 | loss 0.4566 | acc 0.9690 | lr 6.63e-05 | 22s
2026-09-18 22:53:02 | INFO    | epoch 18 | batch 340/4266 | loss 0.4567 | acc 0.9688 | lr 6.63e-05 | 23s
2026-09-18 22:53:04 | INFO    | epoch 18 | batch 360/4266 | loss 0.4561 | acc 0.9693 | lr 6.62e-05 | 25s
2026-09-18 22:53:05 | INFO    | epoch 18 | batch 380/4266 | loss 0.4585 | acc 0.9680 | lr 6.62e-05 | 26s
2026-09-18 22:53:06 | INFO    | epoch 18 | batch 400/4266 | loss 0.4594 | acc 0.9677 | lr 6.62e-05 | 27s
2026-09-18 22:53:08 | INFO    | epoch 18 | batch 420/4266 | loss 0.4592 | acc 0.9678 | lr 6.62e-05 | 29s
2026-09-18 22:53:09 | INFO    | epoch 18 | batch 440/4266 | loss 0.4586 | acc 0.9680 | lr 6.62e-05 | 30s
2026-09-18 22:53:10 | INFO    | epoch 18 | batch 460/4266 | loss 0.4595 | acc 0.9675 | lr 6.62e-05 | 32s
2026-09-18 22:53:12 | INFO    | epoch 18 | batch 480/4266 | loss 0.4606 | acc 0.9669 | lr 6.61e-05 | 33s
2026-09-18 22:53:13 | INFO    | epoch 18 | batch 500/4266 | loss 0.4600 | acc 0.9673 | lr 6.61e-05 | 34s
2026-09-18 22:53:14 | INFO    | epoch 18 | batch 520/4266 | loss 0.4596 | acc 0.9673 | lr 6.61e-05 | 36s
2026-09-18 22:53:16 | INFO    | epoch 18 | batch 540/4266 | loss 0.4599 | acc 0.9669 | lr 6.61e-05 | 37s
2026-09-18 22:53:17 | INFO    | epoch 18 | batch 560/4266 | loss 0.4595 | acc 0.9672 | lr 6.61e-05 | 38s
2026-09-18 22:53:18 | INFO    | epoch 18 | batch 580/4266 | loss 0.4596 | acc 0.9673 | lr 6.60e-05 | 40s
2026-09-18 22:53:20 | INFO    | epoch 18 | batch 600/4266 | loss 0.4597 | acc 0.9672 | lr 6.60e-05 | 41s
2026-09-18 22:53:21 | INFO    | epoch 18 | batch 620/4266 | loss 0.4593 | acc 0.9673 | lr 6.60e-05 | 42s
2026-09-18 22:53:22 | INFO    | epoch 18 | batch 640/4266 | loss 0.4596 | acc 0.9671 | lr 6.60e-05 | 44s
2026-09-18 22:53:24 | INFO    | epoch 18 | batch 660/4266 | loss 0.4594 | acc 0.9675 | lr 6.60e-05 | 45s
2026-09-18 22:53:25 | INFO    | epoch 18 | batch 680/4266 | loss 0.4594 | acc 0.9675 | lr 6.60e-05 | 46s
2026-09-18 22:53:27 | INFO    | epoch 18 | batch 700/4266 | loss 0.4592 | acc 0.9675 | lr 6.59e-05 | 48s
2026-09-18 22:53:28 | INFO    | epoch 18 | batch 720/4266 | loss 0.4592 | acc 0.9674 | lr 6.59e-05 | 49s
2026-09-18 22:53:29 | INFO    | epoch 18 | batch 740/4266 | loss 0.4595 | acc 0.9673 | lr 6.59e-05 | 51s
2026-09-18 22:53:31 | INFO    | epoch 18 | batch 760/4266 | loss 0.4594 | acc 0.9672 | lr 6.59e-05 | 52s
2026-09-18 22:53:32 | INFO    | epoch 18 | batch 780/4266 | loss 0.4591 | acc 0.9672 | lr 6.59e-05 | 53s
2026-09-18 22:53:34 | INFO    | epoch 18 | batch 800/4266 | loss 0.4588 | acc 0.9673 | lr 6.58e-05 | 55s
2026-09-18 22:53:35 | INFO    | epoch 18 | batch 820/4266 | loss 0.4584 | acc 0.9676 | lr 6.58e-05 | 56s
2026-09-18 22:53:36 | INFO    | epoch 18 | batch 840/4266 | loss 0.4587 | acc 0.9674 | lr 6.58e-05 | 58s
2026-09-18 22:53:38 | INFO    | epoch 18 | batch 860/4266 | loss 0.4585 | acc 0.9675 | lr 6.58e-05 | 59s
2026-09-18 22:53:39 | INFO    | epoch 18 | batch 880/4266 | loss 0.4587 | acc 0.9674 | lr 6.58e-05 | 60s
2026-09-18 22:53:41 | INFO    | epoch 18 | batch 900/4266 | loss 0.4587 | acc 0.9675 | lr 6.58e-05 | 62s
2026-09-18 22:53:42 | INFO    | epoch 18 | batch 920/4266 | loss 0.4590 | acc 0.9674 | lr 6.57e-05 | 63s
2026-09-18 22:53:43 | INFO    | epoch 18 | batch 940/4266 | loss 0.4591 | acc 0.9674 | lr 6.57e-05 | 64s
2026-09-18 22:53:45 | INFO    | epoch 18 | batch 960/4266 | loss 0.4593 | acc 0.9674 | lr 6.57e-05 | 66s
2026-09-18 22:53:46 | INFO    | epoch 18 | batch 980/4266 | loss 0.4597 | acc 0.9672 | lr 6.57e-05 | 67s
2026-09-18 22:53:47 | INFO    | epoch 18 | batch 1000/4266 | loss 0.4592 | acc 0.9673 | lr 6.57e-05 | 69s
2026-09-18 22:53:49 | INFO    | epoch 18 | batch 1020/4266 | loss 0.4593 | acc 0.9672 | lr 6.56e-05 | 70s
2026-09-18 22:53:50 | INFO    | epoch 18 | batch 1040/4266 | loss 0.4600 | acc 0.9669 | lr 6.56e-05 | 71s
2026-09-18 22:53:52 | INFO    | epoch 18 | batch 1060/4266 | loss 0.4602 | acc 0.9670 | lr 6.56e-05 | 73s
2026-09-18 22:53:53 | INFO    | epoch 18 | batch 1080/4266 | loss 0.4603 | acc 0.9669 | lr 6.56e-05 | 74s
2026-09-18 22:53:54 | INFO    | epoch 18 | batch 1100/4266 | loss 0.4603 | acc 0.9670 | lr 6.56e-05 | 75s
2026-09-18 22:53:56 | INFO    | epoch 18 | batch 1120/4266 | loss 0.4601 | acc 0.9671 | lr 6.56e-05 | 77s
2026-09-18 22:53:57 | INFO    | epoch 18 | batch 1140/4266 | loss 0.4603 | acc 0.9669 | lr 6.55e-05 | 78s
2026-09-18 22:53:58 | INFO    | epoch 18 | batch 1160/4266 | loss 0.4604 | acc 0.9669 | lr 6.55e-05 | 80s
2026-09-18 22:54:00 | INFO    | epoch 18 | batch 1180/4266 | loss 0.4606 | acc 0.9668 | lr 6.55e-05 | 81s
2026-09-18 22:54:01 | INFO    | epoch 18 | batch 1200/4266 | loss 0.4611 | acc 0.9666 | lr 6.55e-05 | 82s
2026-09-18 22:54:02 | INFO    | epoch 18 | batch 1220/4266 | loss 0.4611 | acc 0.9666 | lr 6.55e-05 | 84s
2026-09-18 22:54:04 | INFO    | epoch 18 | batch 1240/4266 | loss 0.4610 | acc 0.9666 | lr 6.54e-05 | 85s
2026-09-18 22:54:05 | INFO    | epoch 18 | batch 1260/4266 | loss 0.4611 | acc 0.9665 | lr 6.54e-05 | 86s
2026-09-18 22:54:06 | INFO    | epoch 18 | batch 1280/4266 | loss 0.4610 | acc 0.9667 | lr 6.54e-05 | 88s
2026-09-18 22:54:08 | INFO    | epoch 18 | batch 1300/4266 | loss 0.4611 | acc 0.9667 | lr 6.54e-05 | 89s
2026-09-18 22:54:09 | INFO    | epoch 18 | batch 1320/4266 | loss 0.4612 | acc 0.9667 | lr 6.54e-05 | 90s
2026-09-18 22:54:10 | INFO    | epoch 18 | batch 1340/4266 | loss 0.4614 | acc 0.9666 | lr 6.54e-05 | 92s
2026-09-18 22:54:12 | INFO    | epoch 18 | batch 1360/4266 | loss 0.4612 | acc 0.9667 | lr 6.53e-05 | 93s
2026-09-18 22:54:13 | INFO    | epoch 18 | batch 1380/4266 | loss 0.4609 | acc 0.9668 | lr 6.53e-05 | 94s
2026-09-18 22:54:15 | INFO    | epoch 18 | batch 1400/4266 | loss 0.4606 | acc 0.9670 | lr 6.53e-05 | 96s
2026-09-18 22:54:16 | INFO    | epoch 18 | batch 1420/4266 | loss 0.4606 | acc 0.9670 | lr 6.53e-05 | 97s
2026-09-18 22:54:17 | INFO    | epoch 18 | batch 1440/4266 | loss 0.4607 | acc 0.9670 | lr 6.53e-05 | 98s
2026-09-18 22:54:19 | INFO    | epoch 18 | batch 1460/4266 | loss 0.4608 | acc 0.9669 | lr 6.52e-05 | 100s
2026-09-18 22:54:20 | INFO    | epoch 18 | batch 1480/4266 | loss 0.4605 | acc 0.9671 | lr 6.52e-05 | 101s
2026-09-18 22:54:21 | INFO    | epoch 18 | batch 1500/4266 | loss 0.4605 | acc 0.9671 | lr 6.52e-05 | 102s
2026-09-18 22:54:23 | INFO    | epoch 18 | batch 1520/4266 | loss 0.4602 | acc 0.9673 | lr 6.52e-05 | 104s
2026-09-18 22:54:24 | INFO    | epoch 18 | batch 1540/4266 | loss 0.4602 | acc 0.9673 | lr 6.52e-05 | 105s
2026-09-18 22:54:25 | INFO    | epoch 18 | batch 1560/4266 | loss 0.4603 | acc 0.9672 | lr 6.52e-05 | 106s
2026-09-18 22:54:27 | INFO    | epoch 18 | batch 1580/4266 | loss 0.4604 | acc 0.9672 | lr 6.51e-05 | 108s
2026-09-18 22:54:28 | INFO    | epoch 18 | batch 1600/4266 | loss 0.4607 | acc 0.9671 | lr 6.51e-05 | 109s
2026-09-18 22:54:29 | INFO    | epoch 18 | batch 1620/4266 | loss 0.4607 | acc 0.9671 | lr 6.51e-05 | 111s
2026-09-18 22:54:31 | INFO    | epoch 18 | batch 1640/4266 | loss 0.4608 | acc 0.9671 | lr 6.51e-05 | 112s
2026-09-18 22:54:32 | INFO    | epoch 18 | batch 1660/4266 | loss 0.4606 | acc 0.9671 | lr 6.51e-05 | 113s
2026-09-18 22:54:34 | INFO    | epoch 18 | batch 1680/4266 | loss 0.4608 | acc 0.9671 | lr 6.50e-05 | 115s
2026-09-18 22:54:35 | INFO    | epoch 18 | batch 1700/4266 | loss 0.4608 | acc 0.9671 | lr 6.50e-05 | 116s
2026-09-18 22:54:36 | INFO    | epoch 18 | batch 1720/4266 | loss 0.4605 | acc 0.9673 | lr 6.50e-05 | 117s
2026-09-18 22:54:38 | INFO    | epoch 18 | batch 1740/4266 | loss 0.4606 | acc 0.9672 | lr 6.50e-05 | 119s
2026-09-18 22:54:39 | INFO    | epoch 18 | batch 1760/4266 | loss 0.4604 | acc 0.9673 | lr 6.50e-05 | 120s
2026-09-18 22:54:40 | INFO    | epoch 18 | batch 1780/4266 | loss 0.4604 | acc 0.9674 | lr 6.49e-05 | 121s
2026-09-18 22:54:42 | INFO    | epoch 18 | batch 1800/4266 | loss 0.4606 | acc 0.9673 | lr 6.49e-05 | 123s
2026-09-18 22:54:43 | INFO    | epoch 18 | batch 1820/4266 | loss 0.4606 | acc 0.9672 | lr 6.49e-05 | 124s
2026-09-18 22:54:44 | INFO    | epoch 18 | batch 1840/4266 | loss 0.4606 | acc 0.9672 | lr 6.49e-05 | 126s
2026-09-18 22:54:46 | INFO    | epoch 18 | batch 1860/4266 | loss 0.4608 | acc 0.9670 | lr 6.49e-05 | 127s
2026-09-18 22:54:47 | INFO    | epoch 18 | batch 1880/4266 | loss 0.4608 | acc 0.9670 | lr 6.49e-05 | 128s
2026-09-18 22:54:49 | INFO    | epoch 18 | batch 1900/4266 | loss 0.4608 | acc 0.9669 | lr 6.48e-05 | 130s
2026-09-18 22:54:50 | INFO    | epoch 18 | batch 1920/4266 | loss 0.4605 | acc 0.9670 | lr 6.48e-05 | 131s
2026-09-18 22:54:51 | INFO    | epoch 18 | batch 1940/4266 | loss 0.4605 | acc 0.9670 | lr 6.48e-05 | 132s
2026-09-18 22:54:53 | INFO    | epoch 18 | batch 1960/4266 | loss 0.4606 | acc 0.9669 | lr 6.48e-05 | 134s
2026-09-18 22:54:54 | INFO    | epoch 18 | batch 1980/4266 | loss 0.4607 | acc 0.9668 | lr 6.48e-05 | 135s
2026-09-18 22:54:56 | INFO    | epoch 18 | batch 2000/4266 | loss 0.4607 | acc 0.9669 | lr 6.47e-05 | 137s
2026-09-18 22:54:57 | INFO    | epoch 18 | batch 2020/4266 | loss 0.4607 | acc 0.9669 | lr 6.47e-05 | 138s
2026-09-18 22:54:58 | INFO    | epoch 18 | batch 2040/4266 | loss 0.4607 | acc 0.9669 | lr 6.47e-05 | 139s
2026-09-18 22:55:00 | INFO    | epoch 18 | batch 2060/4266 | loss 0.4609 | acc 0.9669 | lr 6.47e-05 | 141s
2026-09-18 22:55:01 | INFO    | epoch 18 | batch 2080/4266 | loss 0.4608 | acc 0.9669 | lr 6.47e-05 | 142s
2026-09-18 22:55:02 | INFO    | epoch 18 | batch 2100/4266 | loss 0.4607 | acc 0.9670 | lr 6.47e-05 | 144s
2026-09-18 22:55:04 | INFO    | epoch 18 | batch 2120/4266 | loss 0.4607 | acc 0.9670 | lr 6.46e-05 | 145s
2026-09-18 22:55:05 | INFO    | epoch 18 | batch 2140/4266 | loss 0.4606 | acc 0.9670 | lr 6.46e-05 | 146s
2026-09-18 22:55:06 | INFO    | epoch 18 | batch 2160/4266 | loss 0.4606 | acc 0.9670 | lr 6.46e-05 | 148s
2026-09-18 22:55:08 | INFO    | epoch 18 | batch 2180/4266 | loss 0.4606 | acc 0.9669 | lr 6.46e-05 | 149s
2026-09-18 22:55:09 | INFO    | epoch 18 | batch 2200/4266 | loss 0.4608 | acc 0.9669 | lr 6.46e-05 | 150s
2026-09-18 22:55:11 | INFO    | epoch 18 | batch 2220/4266 | loss 0.4608 | acc 0.9668 | lr 6.45e-05 | 152s
2026-09-18 22:55:12 | INFO    | epoch 18 | batch 2240/4266 | loss 0.4610 | acc 0.9667 | lr 6.45e-05 | 153s
2026-09-18 22:55:13 | INFO    | epoch 18 | batch 2260/4266 | loss 0.4610 | acc 0.9667 | lr 6.45e-05 | 154s
2026-09-18 22:55:15 | INFO    | epoch 18 | batch 2280/4266 | loss 0.4609 | acc 0.9667 | lr 6.45e-05 | 156s
2026-09-18 22:55:16 | INFO    | epoch 18 | batch 2300/4266 | loss 0.4608 | acc 0.9668 | lr 6.45e-05 | 157s
2026-09-18 22:55:17 | INFO    | epoch 18 | batch 2320/4266 | loss 0.4608 | acc 0.9668 | lr 6.45e-05 | 158s
2026-09-18 22:55:19 | INFO    | epoch 18 | batch 2340/4266 | loss 0.4608 | acc 0.9668 | lr 6.44e-05 | 160s
2026-09-18 22:55:20 | INFO    | epoch 18 | batch 2360/4266 | loss 0.4608 | acc 0.9668 | lr 6.44e-05 | 161s
2026-09-18 22:55:22 | INFO    | epoch 18 | batch 2380/4266 | loss 0.4610 | acc 0.9667 | lr 6.44e-05 | 163s
2026-09-18 22:55:23 | INFO    | epoch 18 | batch 2400/4266 | loss 0.4608 | acc 0.9668 | lr 6.44e-05 | 164s
2026-09-18 22:55:24 | INFO    | epoch 18 | batch 2420/4266 | loss 0.4608 | acc 0.9669 | lr 6.44e-05 | 165s
2026-09-18 22:55:26 | INFO    | epoch 18 | batch 2440/4266 | loss 0.4609 | acc 0.9668 | lr 6.43e-05 | 167s
2026-09-18 22:55:27 | INFO    | epoch 18 | batch 2460/4266 | loss 0.4610 | acc 0.9667 | lr 6.43e-05 | 168s
2026-09-18 22:55:28 | INFO    | epoch 18 | batch 2480/4266 | loss 0.4612 | acc 0.9667 | lr 6.43e-05 | 170s
2026-09-18 22:55:30 | INFO    | epoch 18 | batch 2500/4266 | loss 0.4611 | acc 0.9667 | lr 6.43e-05 | 171s
2026-09-18 22:55:31 | INFO    | epoch 18 | batch 2520/4266 | loss 0.4611 | acc 0.9667 | lr 6.43e-05 | 172s
2026-09-18 22:55:33 | INFO    | epoch 18 | batch 2540/4266 | loss 0.4612 | acc 0.9666 | lr 6.42e-05 | 174s
2026-09-18 22:55:34 | INFO    | epoch 18 | batch 2560/4266 | loss 0.4613 | acc 0.9666 | lr 6.42e-05 | 175s
2026-09-18 22:55:35 | INFO    | epoch 18 | batch 2580/4266 | loss 0.4612 | acc 0.9666 | lr 6.42e-05 | 176s
2026-09-18 22:55:37 | INFO    | epoch 18 | batch 2600/4266 | loss 0.4613 | acc 0.9665 | lr 6.42e-05 | 178s
2026-09-18 22:55:38 | INFO    | epoch 18 | batch 2620/4266 | loss 0.4613 | acc 0.9664 | lr 6.42e-05 | 179s
2026-09-18 22:55:39 | INFO    | epoch 18 | batch 2640/4266 | loss 0.4613 | acc 0.9665 | lr 6.42e-05 | 181s
2026-09-18 22:55:41 | INFO    | epoch 18 | batch 2660/4266 | loss 0.4613 | acc 0.9664 | lr 6.41e-05 | 182s
2026-09-18 22:55:42 | INFO    | epoch 18 | batch 2680/4266 | loss 0.4612 | acc 0.9665 | lr 6.41e-05 | 183s
2026-09-18 22:55:44 | INFO    | epoch 18 | batch 2700/4266 | loss 0.4613 | acc 0.9665 | lr 6.41e-05 | 185s
2026-09-18 22:55:45 | INFO    | epoch 18 | batch 2720/4266 | loss 0.4612 | acc 0.9665 | lr 6.41e-05 | 186s
2026-09-18 22:55:46 | INFO    | epoch 18 | batch 2740/4266 | loss 0.4610 | acc 0.9666 | lr 6.41e-05 | 187s
2026-09-18 22:55:48 | INFO    | epoch 18 | batch 2760/4266 | loss 0.4610 | acc 0.9666 | lr 6.40e-05 | 189s
2026-09-18 22:55:49 | INFO    | epoch 18 | batch 2780/4266 | loss 0.4610 | acc 0.9666 | lr 6.40e-05 | 190s
2026-09-18 22:55:50 | INFO    | epoch 18 | batch 2800/4266 | loss 0.4609 | acc 0.9666 | lr 6.40e-05 | 192s
2026-09-18 22:55:52 | INFO    | epoch 18 | batch 2820/4266 | loss 0.4609 | acc 0.9666 | lr 6.40e-05 | 193s
2026-09-18 22:55:53 | INFO    | epoch 18 | batch 2840/4266 | loss 0.4611 | acc 0.9665 | lr 6.40e-05 | 194s
2026-09-18 22:55:55 | INFO    | epoch 18 | batch 2860/4266 | loss 0.4610 | acc 0.9665 | lr 6.40e-05 | 196s
2026-09-18 22:55:56 | INFO    | epoch 18 | batch 2880/4266 | loss 0.4610 | acc 0.9665 | lr 6.39e-05 | 197s
2026-09-18 22:55:58 | INFO    | epoch 18 | batch 2900/4266 | loss 0.4611 | acc 0.9665 | lr 6.39e-05 | 199s
2026-09-18 22:55:59 | INFO    | epoch 18 | batch 2920/4266 | loss 0.4611 | acc 0.9665 | lr 6.39e-05 | 200s
2026-09-18 22:56:00 | INFO    | epoch 18 | batch 2940/4266 | loss 0.4610 | acc 0.9665 | lr 6.39e-05 | 201s
2026-09-18 22:56:02 | INFO    | epoch 18 | batch 2960/4266 | loss 0.4609 | acc 0.9666 | lr 6.39e-05 | 203s
2026-09-18 22:56:03 | INFO    | epoch 18 | batch 2980/4266 | loss 0.4608 | acc 0.9667 | lr 6.38e-05 | 204s
2026-09-18 22:56:04 | INFO    | epoch 18 | batch 3000/4266 | loss 0.4606 | acc 0.9668 | lr 6.38e-05 | 206s
2026-09-18 22:56:06 | INFO    | epoch 18 | batch 3020/4266 | loss 0.4606 | acc 0.9668 | lr 6.38e-05 | 207s
2026-09-18 22:56:07 | INFO    | epoch 18 | batch 3040/4266 | loss 0.4605 | acc 0.9668 | lr 6.38e-05 | 208s
2026-09-18 22:56:08 | INFO    | epoch 18 | batch 3060/4266 | loss 0.4605 | acc 0.9668 | lr 6.38e-05 | 210s
2026-09-18 22:56:10 | INFO    | epoch 18 | batch 3080/4266 | loss 0.4604 | acc 0.9669 | lr 6.38e-05 | 211s
2026-09-18 22:56:11 | INFO    | epoch 18 | batch 3100/4266 | loss 0.4603 | acc 0.9669 | lr 6.37e-05 | 212s
2026-09-18 22:56:13 | INFO    | epoch 18 | batch 3120/4266 | loss 0.4603 | acc 0.9669 | lr 6.37e-05 | 214s
2026-09-18 22:56:14 | INFO    | epoch 18 | batch 3140/4266 | loss 0.4604 | acc 0.9669 | lr 6.37e-05 | 215s
2026-09-18 22:56:15 | INFO    | epoch 18 | batch 3160/4266 | loss 0.4603 | acc 0.9670 | lr 6.37e-05 | 216s
2026-09-18 22:56:17 | INFO    | epoch 18 | batch 3180/4266 | loss 0.4605 | acc 0.9669 | lr 6.37e-05 | 218s
2026-09-18 22:56:18 | INFO    | epoch 18 | batch 3200/4266 | loss 0.4604 | acc 0.9669 | lr 6.36e-05 | 219s
2026-09-18 22:56:19 | INFO    | epoch 18 | batch 3220/4266 | loss 0.4604 | acc 0.9670 | lr 6.36e-05 | 221s
2026-09-18 22:56:21 | INFO    | epoch 18 | batch 3240/4266 | loss 0.4603 | acc 0.9670 | lr 6.36e-05 | 222s
2026-09-18 22:56:22 | INFO    | epoch 18 | batch 3260/4266 | loss 0.4602 | acc 0.9671 | lr 6.36e-05 | 223s
2026-09-18 22:56:23 | INFO    | epoch 18 | batch 3280/4266 | loss 0.4602 | acc 0.9671 | lr 6.36e-05 | 225s
2026-09-18 22:56:25 | INFO    | epoch 18 | batch 3300/4266 | loss 0.4603 | acc 0.9670 | lr 6.35e-05 | 226s
2026-09-18 22:56:26 | INFO    | epoch 18 | batch 3320/4266 | loss 0.4602 | acc 0.9671 | lr 6.35e-05 | 227s
2026-09-18 22:56:27 | INFO    | epoch 18 | batch 3340/4266 | loss 0.4603 | acc 0.9671 | lr 6.35e-05 | 229s
2026-09-18 22:56:29 | INFO    | epoch 18 | batch 3360/4266 | loss 0.4603 | acc 0.9670 | lr 6.35e-05 | 230s
2026-09-18 22:56:30 | INFO    | epoch 18 | batch 3380/4266 | loss 0.4603 | acc 0.9671 | lr 6.35e-05 | 231s
2026-09-18 22:56:32 | INFO    | epoch 18 | batch 3400/4266 | loss 0.4603 | acc 0.9671 | lr 6.35e-05 | 233s
2026-09-18 22:56:33 | INFO    | epoch 18 | batch 3420/4266 | loss 0.4603 | acc 0.9671 | lr 6.34e-05 | 234s
2026-09-18 22:56:34 | INFO    | epoch 18 | batch 3440/4266 | loss 0.4603 | acc 0.9670 | lr 6.34e-05 | 236s
2026-09-18 22:56:36 | INFO    | epoch 18 | batch 3460/4266 | loss 0.4603 | acc 0.9670 | lr 6.34e-05 | 237s
2026-09-18 22:56:37 | INFO    | epoch 18 | batch 3480/4266 | loss 0.4604 | acc 0.9670 | lr 6.34e-05 | 239s
2026-09-18 22:56:39 | INFO    | epoch 18 | batch 3500/4266 | loss 0.4605 | acc 0.9670 | lr 6.34e-05 | 240s
2026-09-18 22:56:40 | INFO    | epoch 18 | batch 3520/4266 | loss 0.4605 | acc 0.9669 | lr 6.33e-05 | 241s
2026-09-18 22:56:42 | INFO    | epoch 18 | batch 3540/4266 | loss 0.4606 | acc 0.9669 | lr 6.33e-05 | 243s
2026-09-18 22:56:43 | INFO    | epoch 18 | batch 3560/4266 | loss 0.4606 | acc 0.9669 | lr 6.33e-05 | 244s
2026-09-18 22:56:44 | INFO    | epoch 18 | batch 3580/4266 | loss 0.4607 | acc 0.9668 | lr 6.33e-05 | 245s
2026-09-18 22:56:46 | INFO    | epoch 18 | batch 3600/4266 | loss 0.4606 | acc 0.9669 | lr 6.33e-05 | 247s
2026-09-18 22:56:47 | INFO    | epoch 18 | batch 3620/4266 | loss 0.4606 | acc 0.9668 | lr 6.33e-05 | 248s
2026-09-18 22:56:48 | INFO    | epoch 18 | batch 3640/4266 | loss 0.4605 | acc 0.9669 | lr 6.32e-05 | 250s
2026-09-18 22:56:50 | INFO    | epoch 18 | batch 3660/4266 | loss 0.4604 | acc 0.9669 | lr 6.32e-05 | 251s
2026-09-18 22:56:51 | INFO    | epoch 18 | batch 3680/4266 | loss 0.4604 | acc 0.9669 | lr 6.32e-05 | 252s
2026-09-18 22:56:53 | INFO    | epoch 18 | batch 3700/4266 | loss 0.4603 | acc 0.9670 | lr 6.32e-05 | 254s
2026-09-18 22:56:54 | INFO    | epoch 18 | batch 3720/4266 | loss 0.4604 | acc 0.9670 | lr 6.32e-05 | 255s
2026-09-18 22:56:56 | INFO    | epoch 18 | batch 3740/4266 | loss 0.4604 | acc 0.9670 | lr 6.31e-05 | 257s
2026-09-18 22:56:57 | INFO    | epoch 18 | batch 3760/4266 | loss 0.4604 | acc 0.9670 | lr 6.31e-05 | 258s
2026-09-18 22:56:59 | INFO    | epoch 18 | batch 3780/4266 | loss 0.4604 | acc 0.9669 | lr 6.31e-05 | 260s
2026-09-18 22:57:00 | INFO    | epoch 18 | batch 3800/4266 | loss 0.4604 | acc 0.9670 | lr 6.31e-05 | 261s
2026-09-18 22:57:01 | INFO    | epoch 18 | batch 3820/4266 | loss 0.4603 | acc 0.9670 | lr 6.31e-05 | 263s
2026-09-18 22:57:03 | INFO    | epoch 18 | batch 3840/4266 | loss 0.4603 | acc 0.9670 | lr 6.30e-05 | 264s
2026-09-18 22:57:04 | INFO    | epoch 18 | batch 3860/4266 | loss 0.4604 | acc 0.9670 | lr 6.30e-05 | 265s
2026-09-18 22:57:06 | INFO    | epoch 18 | batch 3880/4266 | loss 0.4604 | acc 0.9670 | lr 6.30e-05 | 267s
2026-09-18 22:57:07 | INFO    | epoch 18 | batch 3900/4266 | loss 0.4604 | acc 0.9670 | lr 6.30e-05 | 268s
2026-09-18 22:57:09 | INFO    | epoch 18 | batch 3920/4266 | loss 0.4604 | acc 0.9670 | lr 6.30e-05 | 270s
2026-09-18 22:57:10 | INFO    | epoch 18 | batch 3940/4266 | loss 0.4604 | acc 0.9670 | lr 6.30e-05 | 271s
2026-09-18 22:57:12 | INFO    | epoch 18 | batch 3960/4266 | loss 0.4603 | acc 0.9671 | lr 6.29e-05 | 273s
2026-09-18 22:57:13 | INFO    | epoch 18 | batch 3980/4266 | loss 0.4603 | acc 0.9671 | lr 6.29e-05 | 274s
2026-09-18 22:57:14 | INFO    | epoch 18 | batch 4000/4266 | loss 0.4602 | acc 0.9671 | lr 6.29e-05 | 276s
2026-09-18 22:57:16 | INFO    | epoch 18 | batch 4020/4266 | loss 0.4602 | acc 0.9671 | lr 6.29e-05 | 277s
2026-09-18 22:57:17 | INFO    | epoch 18 | batch 4040/4266 | loss 0.4603 | acc 0.9671 | lr 6.29e-05 | 278s
2026-09-18 22:57:19 | INFO    | epoch 18 | batch 4060/4266 | loss 0.4603 | acc 0.9670 | lr 6.28e-05 | 280s
2026-09-18 22:57:20 | INFO    | epoch 18 | batch 4080/4266 | loss 0.4603 | acc 0.9670 | lr 6.28e-05 | 281s
2026-09-18 22:57:21 | INFO    | epoch 18 | batch 4100/4266 | loss 0.4604 | acc 0.9670 | lr 6.28e-05 | 282s
2026-09-18 22:57:23 | INFO    | epoch 18 | batch 4120/4266 | loss 0.4604 | acc 0.9670 | lr 6.28e-05 | 284s
2026-09-18 22:57:24 | INFO    | epoch 18 | batch 4140/4266 | loss 0.4603 | acc 0.9670 | lr 6.28e-05 | 285s
2026-09-18 22:57:26 | INFO    | epoch 18 | batch 4160/4266 | loss 0.4603 | acc 0.9670 | lr 6.28e-05 | 287s
2026-09-18 22:57:27 | INFO    | epoch 18 | batch 4180/4266 | loss 0.4603 | acc 0.9670 | lr 6.27e-05 | 288s
2026-09-18 22:57:28 | INFO    | epoch 18 | batch 4200/4266 | loss 0.4603 | acc 0.9670 | lr 6.27e-05 | 290s
2026-09-18 22:57:30 | INFO    | epoch 18 | batch 4220/4266 | loss 0.4602 | acc 0.9670 | lr 6.27e-05 | 291s
2026-09-18 22:57:31 | INFO    | epoch 18 | batch 4240/4266 | loss 0.4602 | acc 0.9670 | lr 6.27e-05 | 292s
2026-09-18 22:57:33 | INFO    | epoch 18 | batch 4260/4266 | loss 0.4602 | acc 0.9670 | lr 6.27e-05 | 294s
2026-09-18 22:57:33 | INFO    | epoch 18 | batch 4266/4266 | loss 0.4603 | acc 0.9670 | lr 6.27e-05 | 294s
2026-09-18 22:57:43 | INFO    | epoch 18/40 done in 304s | train loss 0.4603 | train running patch (aug): accuracy=0.9670 precision=0.9664 recall=0.9658 f1=0.9661
2026-09-18 22:57:43 | INFO    | epoch 18 train (eval, no aug) | loss 0.4201 | patch[7280]: accuracy=0.9832 precision=0.9830 recall=0.9830 f1=0.9829 | image[455]: accuracy=1.0000 precision=1.0000 recall=1.0000 f1=1.0000
2026-09-18 22:57:43 | INFO    | epoch 18 val | loss 1.1523 | patch[8448]: accuracy=0.6950 precision=0.6766 recall=0.6741 f1=0.6746 | image[96]: accuracy=0.7396 precision=0.7244 recall=0.7184 f1=0.7195
2026-09-18 22:57:43 | INFO    | val_patch_f1 = 0.6746 (best 0.6746 @ epoch 18) *
2026-09-18 22:57:45 | INFO    | epoch 19 | batch 20/4266 | loss 0.4555 | acc 0.9750 | lr 6.26e-05 | 2s
2026-09-18 22:57:46 | INFO    | epoch 19 | batch 40/4266 | loss 0.4486 | acc 0.9750 | lr 6.26e-05 | 3s
2026-09-18 22:57:47 | INFO    | epoch 19 | batch 60/4266 | loss 0.4526 | acc 0.9729 | lr 6.26e-05 | 4s
2026-09-18 22:57:49 | INFO    | epoch 19 | batch 80/4266 | loss 0.4557 | acc 0.9703 | lr 6.26e-05 | 6s
2026-09-18 22:57:50 | INFO    | epoch 19 | batch 100/4266 | loss 0.4567 | acc 0.9694 | lr 6.26e-05 | 7s
2026-09-18 22:57:52 | INFO    | epoch 19 | batch 120/4266 | loss 0.4554 | acc 0.9703 | lr 6.25e-05 | 9s
2026-09-18 22:57:53 | INFO    | epoch 19 | batch 140/4266 | loss 0.4570 | acc 0.9694 | lr 6.25e-05 | 10s
2026-09-18 22:57:55 | INFO    | epoch 19 | batch 160/4266 | loss 0.4561 | acc 0.9703 | lr 6.25e-05 | 12s
2026-09-18 22:57:56 | INFO    | epoch 19 | batch 180/4266 | loss 0.4589 | acc 0.9679 | lr 6.25e-05 | 13s
2026-09-18 22:57:57 | INFO    | epoch 19 | batch 200/4266 | loss 0.4574 | acc 0.9686 | lr 6.25e-05 | 14s
2026-09-18 22:57:59 | INFO    | epoch 19 | batch 220/4266 | loss 0.4564 | acc 0.9688 | lr 6.24e-05 | 16s
2026-09-18 22:58:00 | INFO    | epoch 19 | batch 240/4266 | loss 0.4571 | acc 0.9680 | lr 6.24e-05 | 17s
2026-09-18 22:58:02 | INFO    | epoch 19 | batch 260/4266 | loss 0.4569 | acc 0.9683 | lr 6.24e-05 | 19s
2026-09-18 22:58:03 | INFO    | epoch 19 | batch 280/4266 | loss 0.4558 | acc 0.9689 | lr 6.24e-05 | 20s
2026-09-18 22:58:04 | INFO    | epoch 19 | batch 300/4266 | loss 0.4549 | acc 0.9695 | lr 6.24e-05 | 21s
2026-09-18 22:58:06 | INFO    | epoch 19 | batch 320/4266 | loss 0.4539 | acc 0.9698 | lr 6.24e-05 | 23s
2026-09-18 22:58:07 | INFO    | epoch 19 | batch 340/4266 | loss 0.4534 | acc 0.9699 | lr 6.23e-05 | 24s
2026-09-18 22:58:09 | INFO    | epoch 19 | batch 360/4266 | loss 0.4540 | acc 0.9694 | lr 6.23e-05 | 26s
2026-09-18 22:58:10 | INFO    | epoch 19 | batch 380/4266 | loss 0.4540 | acc 0.9695 | lr 6.23e-05 | 27s
2026-09-18 22:58:11 | INFO    | epoch 19 | batch 400/4266 | loss 0.4549 | acc 0.9691 | lr 6.23e-05 | 28s
2026-09-18 22:58:13 | INFO    | epoch 19 | batch 420/4266 | loss 0.4555 | acc 0.9685 | lr 6.23e-05 | 30s
2026-09-18 22:58:14 | INFO    | epoch 19 | batch 440/4266 | loss 0.4554 | acc 0.9683 | lr 6.22e-05 | 31s
2026-09-18 22:58:15 | INFO    | epoch 19 | batch 460/4266 | loss 0.4548 | acc 0.9685 | lr 6.22e-05 | 32s
2026-09-18 22:58:17 | INFO    | epoch 19 | batch 480/4266 | loss 0.4545 | acc 0.9688 | lr 6.22e-05 | 34s
2026-09-18 22:58:18 | INFO    | epoch 19 | batch 500/4266 | loss 0.4544 | acc 0.9689 | lr 6.22e-05 | 35s
2026-09-18 22:58:19 | INFO    | epoch 19 | batch 520/4266 | loss 0.4563 | acc 0.9681 | lr 6.22e-05 | 36s
2026-09-18 22:58:21 | INFO    | epoch 19 | batch 540/4266 | loss 0.4567 | acc 0.9678 | lr 6.21e-05 | 38s
2026-09-18 22:58:22 | INFO    | epoch 19 | batch 560/4266 | loss 0.4567 | acc 0.9677 | lr 6.21e-05 | 39s
2026-09-18 22:58:24 | INFO    | epoch 19 | batch 580/4266 | loss 0.4565 | acc 0.9678 | lr 6.21e-05 | 41s
2026-09-18 22:58:25 | INFO    | epoch 19 | batch 600/4266 | loss 0.4560 | acc 0.9680 | lr 6.21e-05 | 42s
2026-09-18 22:58:26 | INFO    | epoch 19 | batch 620/4266 | loss 0.4563 | acc 0.9679 | lr 6.21e-05 | 43s
2026-09-18 22:58:28 | INFO    | epoch 19 | batch 640/4266 | loss 0.4560 | acc 0.9682 | lr 6.21e-05 | 45s
2026-09-18 22:58:29 | INFO    | epoch 19 | batch 660/4266 | loss 0.4562 | acc 0.9680 | lr 6.20e-05 | 46s
2026-09-18 22:58:30 | INFO    | epoch 19 | batch 680/4266 | loss 0.4564 | acc 0.9679 | lr 6.20e-05 | 47s
2026-09-18 22:58:32 | INFO    | epoch 19 | batch 700/4266 | loss 0.4564 | acc 0.9679 | lr 6.20e-05 | 49s
2026-09-18 22:58:33 | INFO    | epoch 19 | batch 720/4266 | loss 0.4560 | acc 0.9682 | lr 6.20e-05 | 50s
2026-09-18 22:58:35 | INFO    | epoch 19 | batch 740/4266 | loss 0.4560 | acc 0.9682 | lr 6.20e-05 | 51s
2026-09-18 22:58:36 | INFO    | epoch 19 | batch 760/4266 | loss 0.4562 | acc 0.9681 | lr 6.19e-05 | 53s
2026-09-18 22:58:37 | INFO    | epoch 19 | batch 780/4266 | loss 0.4562 | acc 0.9681 | lr 6.19e-05 | 54s
2026-09-18 22:58:39 | INFO    | epoch 19 | batch 800/4266 | loss 0.4561 | acc 0.9680 | lr 6.19e-05 | 56s
2026-09-18 22:58:40 | INFO    | epoch 19 | batch 820/4266 | loss 0.4559 | acc 0.9682 | lr 6.19e-05 | 57s
2026-09-18 22:58:42 | INFO    | epoch 19 | batch 840/4266 | loss 0.4561 | acc 0.9680 | lr 6.19e-05 | 58s
2026-09-18 22:58:43 | INFO    | epoch 19 | batch 860/4266 | loss 0.4564 | acc 0.9678 | lr 6.19e-05 | 60s
2026-09-18 22:58:44 | INFO    | epoch 19 | batch 880/4266 | loss 0.4561 | acc 0.9681 | lr 6.18e-05 | 61s
2026-09-18 22:58:46 | INFO    | epoch 19 | batch 900/4266 | loss 0.4561 | acc 0.9682 | lr 6.18e-05 | 63s
2026-09-18 22:58:47 | INFO    | epoch 19 | batch 920/4266 | loss 0.4567 | acc 0.9679 | lr 6.18e-05 | 64s
2026-09-18 22:58:48 | INFO    | epoch 19 | batch 940/4266 | loss 0.4572 | acc 0.9676 | lr 6.18e-05 | 65s
2026-09-18 22:58:50 | INFO    | epoch 19 | batch 960/4266 | loss 0.4577 | acc 0.9673 | lr 6.18e-05 | 67s
2026-09-18 22:58:51 | INFO    | epoch 19 | batch 980/4266 | loss 0.4575 | acc 0.9674 | lr 6.17e-05 | 68s
2026-09-18 22:58:52 | INFO    | epoch 19 | batch 1000/4266 | loss 0.4575 | acc 0.9673 | lr 6.17e-05 | 69s
2026-09-18 22:58:54 | INFO    | epoch 19 | batch 1020/4266 | loss 0.4577 | acc 0.9672 | lr 6.17e-05 | 71s
2026-09-18 22:58:55 | INFO    | epoch 19 | batch 1040/4266 | loss 0.4576 | acc 0.9673 | lr 6.17e-05 | 72s
2026-09-18 22:58:56 | INFO    | epoch 19 | batch 1060/4266 | loss 0.4581 | acc 0.9672 | lr 6.17e-05 | 73s
2026-09-18 22:58:58 | INFO    | epoch 19 | batch 1080/4266 | loss 0.4579 | acc 0.9673 | lr 6.16e-05 | 75s
2026-09-18 22:58:59 | INFO    | epoch 19 | batch 1100/4266 | loss 0.4575 | acc 0.9676 | lr 6.16e-05 | 76s
2026-09-18 22:59:00 | INFO    | epoch 19 | batch 1120/4266 | loss 0.4572 | acc 0.9678 | lr 6.16e-05 | 77s
2026-09-18 22:59:02 | INFO    | epoch 19 | batch 1140/4266 | loss 0.4569 | acc 0.9680 | lr 6.16e-05 | 79s
2026-09-18 22:59:03 | INFO    | epoch 19 | batch 1160/4266 | loss 0.4568 | acc 0.9680 | lr 6.16e-05 | 80s
2026-09-18 22:59:04 | INFO    | epoch 19 | batch 1180/4266 | loss 0.4569 | acc 0.9680 | lr 6.16e-05 | 81s
2026-09-18 22:59:06 | INFO    | epoch 19 | batch 1200/4266 | loss 0.4575 | acc 0.9678 | lr 6.15e-05 | 83s
2026-09-18 22:59:07 | INFO    | epoch 19 | batch 1220/4266 | loss 0.4573 | acc 0.9679 | lr 6.15e-05 | 84s
2026-09-18 22:59:08 | INFO    | epoch 19 | batch 1240/4266 | loss 0.4570 | acc 0.9681 | lr 6.15e-05 | 85s
2026-09-18 22:59:10 | INFO    | epoch 19 | batch 1260/4266 | loss 0.4570 | acc 0.9681 | lr 6.15e-05 | 87s
2026-09-18 22:59:11 | INFO    | epoch 19 | batch 1280/4266 | loss 0.4573 | acc 0.9679 | lr 6.15e-05 | 88s
2026-09-18 22:59:13 | INFO    | epoch 19 | batch 1300/4266 | loss 0.4574 | acc 0.9679 | lr 6.14e-05 | 90s
2026-09-18 22:59:14 | INFO    | epoch 19 | batch 1320/4266 | loss 0.4574 | acc 0.9679 | lr 6.14e-05 | 91s
2026-09-18 22:59:15 | INFO    | epoch 19 | batch 1340/4266 | loss 0.4576 | acc 0.9678 | lr 6.14e-05 | 92s
2026-09-18 22:59:17 | INFO    | epoch 19 | batch 1360/4266 | loss 0.4576 | acc 0.9679 | lr 6.14e-05 | 94s
2026-09-18 22:59:18 | INFO    | epoch 19 | batch 1380/4266 | loss 0.4576 | acc 0.9678 | lr 6.14e-05 | 95s
2026-09-18 22:59:19 | INFO    | epoch 19 | batch 1400/4266 | loss 0.4574 | acc 0.9680 | lr 6.13e-05 | 96s
2026-09-18 22:59:21 | INFO    | epoch 19 | batch 1420/4266 | loss 0.4573 | acc 0.9681 | lr 6.13e-05 | 98s
2026-09-18 22:59:22 | INFO    | epoch 19 | batch 1440/4266 | loss 0.4574 | acc 0.9680 | lr 6.13e-05 | 99s
2026-09-18 22:59:24 | INFO    | epoch 19 | batch 1460/4266 | loss 0.4573 | acc 0.9681 | lr 6.13e-05 | 101s
2026-09-18 22:59:25 | INFO    | epoch 19 | batch 1480/4266 | loss 0.4573 | acc 0.9680 | lr 6.13e-05 | 102s
2026-09-18 22:59:26 | INFO    | epoch 19 | batch 1500/4266 | loss 0.4572 | acc 0.9679 | lr 6.13e-05 | 103s
2026-09-18 22:59:28 | INFO    | epoch 19 | batch 1520/4266 | loss 0.4571 | acc 0.9681 | lr 6.12e-05 | 105s
2026-09-18 22:59:29 | INFO    | epoch 19 | batch 1540/4266 | loss 0.4574 | acc 0.9679 | lr 6.12e-05 | 106s
2026-09-18 22:59:30 | INFO    | epoch 19 | batch 1560/4266 | loss 0.4572 | acc 0.9680 | lr 6.12e-05 | 107s
2026-09-18 22:59:32 | INFO    | epoch 19 | batch 1580/4266 | loss 0.4572 | acc 0.9680 | lr 6.12e-05 | 109s
2026-09-18 22:59:33 | INFO    | epoch 19 | batch 1600/4266 | loss 0.4573 | acc 0.9679 | lr 6.12e-05 | 110s
2026-09-18 22:59:35 | INFO    | epoch 19 | batch 1620/4266 | loss 0.4572 | acc 0.9680 | lr 6.11e-05 | 112s
2026-09-18 22:59:36 | INFO    | epoch 19 | batch 1640/4266 | loss 0.4570 | acc 0.9681 | lr 6.11e-05 | 113s
2026-09-18 22:59:37 | INFO    | epoch 19 | batch 1660/4266 | loss 0.4570 | acc 0.9681 | lr 6.11e-05 | 114s
2026-09-18 22:59:39 | INFO    | epoch 19 | batch 1680/4266 | loss 0.4571 | acc 0.9681 | lr 6.11e-05 | 116s
2026-09-18 22:59:40 | INFO    | epoch 19 | batch 1700/4266 | loss 0.4567 | acc 0.9683 | lr 6.11e-05 | 117s
2026-09-18 22:59:42 | INFO    | epoch 19 | batch 1720/4266 | loss 0.4566 | acc 0.9684 | lr 6.10e-05 | 119s
2026-09-18 22:59:43 | INFO    | epoch 19 | batch 1740/4266 | loss 0.4565 | acc 0.9685 | lr 6.10e-05 | 120s
2026-09-18 22:59:44 | INFO    | epoch 19 | batch 1760/4266 | loss 0.4565 | acc 0.9685 | lr 6.10e-05 | 121s
2026-09-18 22:59:46 | INFO    | epoch 19 | batch 1780/4266 | loss 0.4567 | acc 0.9684 | lr 6.10e-05 | 123s
2026-09-18 22:59:47 | INFO    | epoch 19 | batch 1800/4266 | loss 0.4569 | acc 0.9684 | lr 6.10e-05 | 124s
2026-09-18 22:59:48 | INFO    | epoch 19 | batch 1820/4266 | loss 0.4569 | acc 0.9684 | lr 6.10e-05 | 125s
2026-09-18 22:59:50 | INFO    | epoch 19 | batch 1840/4266 | loss 0.4566 | acc 0.9685 | lr 6.09e-05 | 127s
2026-09-18 22:59:51 | INFO    | epoch 19 | batch 1860/4266 | loss 0.4567 | acc 0.9685 | lr 6.09e-05 | 128s
2026-09-18 22:59:52 | INFO    | epoch 19 | batch 1880/4266 | loss 0.4567 | acc 0.9684 | lr 6.09e-05 | 129s
2026-09-18 22:59:54 | INFO    | epoch 19 | batch 1900/4266 | loss 0.4567 | acc 0.9685 | lr 6.09e-05 | 131s
2026-09-18 22:59:55 | INFO    | epoch 19 | batch 1920/4266 | loss 0.4568 | acc 0.9685 | lr 6.09e-05 | 132s
2026-09-18 22:59:57 | INFO    | epoch 19 | batch 1940/4266 | loss 0.4569 | acc 0.9684 | lr 6.08e-05 | 134s
2026-09-18 22:59:58 | INFO    | epoch 19 | batch 1960/4266 | loss 0.4570 | acc 0.9684 | lr 6.08e-05 | 135s
2026-09-18 23:00:00 | INFO    | epoch 19 | batch 1980/4266 | loss 0.4570 | acc 0.9684 | lr 6.08e-05 | 136s
2026-09-18 23:00:01 | INFO    | epoch 19 | batch 2000/4266 | loss 0.4571 | acc 0.9683 | lr 6.08e-05 | 138s
2026-09-18 23:00:02 | INFO    | epoch 19 | batch 2020/4266 | loss 0.4569 | acc 0.9683 | lr 6.08e-05 | 139s
2026-09-18 23:00:04 | INFO    | epoch 19 | batch 2040/4266 | loss 0.4569 | acc 0.9684 | lr 6.07e-05 | 141s
2026-09-18 23:00:05 | INFO    | epoch 19 | batch 2060/4266 | loss 0.4569 | acc 0.9684 | lr 6.07e-05 | 142s
2026-09-18 23:00:06 | INFO    | epoch 19 | batch 2080/4266 | loss 0.4570 | acc 0.9684 | lr 6.07e-05 | 143s
2026-09-18 23:00:08 | INFO    | epoch 19 | batch 2100/4266 | loss 0.4570 | acc 0.9684 | lr 6.07e-05 | 145s
2026-09-18 23:00:09 | INFO    | epoch 19 | batch 2120/4266 | loss 0.4569 | acc 0.9685 | lr 6.07e-05 | 146s
2026-09-18 23:00:11 | INFO    | epoch 19 | batch 2140/4266 | loss 0.4569 | acc 0.9685 | lr 6.07e-05 | 148s
2026-09-18 23:00:12 | INFO    | epoch 19 | batch 2160/4266 | loss 0.4569 | acc 0.9685 | lr 6.06e-05 | 149s
2026-09-18 23:00:13 | INFO    | epoch 19 | batch 2180/4266 | loss 0.4570 | acc 0.9685 | lr 6.06e-05 | 150s
2026-09-18 23:00:15 | INFO    | epoch 19 | batch 2200/4266 | loss 0.4570 | acc 0.9684 | lr 6.06e-05 | 152s
2026-09-18 23:00:16 | INFO    | epoch 19 | batch 2220/4266 | loss 0.4569 | acc 0.9685 | lr 6.06e-05 | 153s
2026-09-18 23:00:18 | INFO    | epoch 19 | batch 2240/4266 | loss 0.4568 | acc 0.9685 | lr 6.06e-05 | 155s
2026-09-18 23:00:19 | INFO    | epoch 19 | batch 2260/4266 | loss 0.4568 | acc 0.9685 | lr 6.05e-05 | 156s
2026-09-18 23:00:20 | INFO    | epoch 19 | batch 2280/4266 | loss 0.4565 | acc 0.9687 | lr 6.05e-05 | 157s
2026-09-18 23:00:22 | INFO    | epoch 19 | batch 2300/4266 | loss 0.4565 | acc 0.9687 | lr 6.05e-05 | 159s
2026-09-18 23:00:23 | INFO    | epoch 19 | batch 2320/4266 | loss 0.4564 | acc 0.9687 | lr 6.05e-05 | 160s
2026-09-18 23:00:25 | INFO    | epoch 19 | batch 2340/4266 | loss 0.4565 | acc 0.9686 | lr 6.05e-05 | 162s
2026-09-18 23:00:26 | INFO    | epoch 19 | batch 2360/4266 | loss 0.4564 | acc 0.9686 | lr 6.04e-05 | 163s
2026-09-18 23:00:27 | INFO    | epoch 19 | batch 2380/4266 | loss 0.4564 | acc 0.9686 | lr 6.04e-05 | 164s
2026-09-18 23:00:29 | INFO    | epoch 19 | batch 2400/4266 | loss 0.4564 | acc 0.9686 | lr 6.04e-05 | 166s
2026-09-18 23:00:30 | INFO    | epoch 19 | batch 2420/4266 | loss 0.4564 | acc 0.9686 | lr 6.04e-05 | 167s
2026-09-18 23:00:32 | INFO    | epoch 19 | batch 2440/4266 | loss 0.4564 | acc 0.9686 | lr 6.04e-05 | 169s
2026-09-18 23:00:33 | INFO    | epoch 19 | batch 2460/4266 | loss 0.4563 | acc 0.9686 | lr 6.04e-05 | 170s
2026-09-18 23:00:34 | INFO    | epoch 19 | batch 2480/4266 | loss 0.4564 | acc 0.9686 | lr 6.03e-05 | 171s
2026-09-18 23:00:36 | INFO    | epoch 19 | batch 2500/4266 | loss 0.4563 | acc 0.9687 | lr 6.03e-05 | 173s
2026-09-18 23:00:37 | INFO    | epoch 19 | batch 2520/4266 | loss 0.4561 | acc 0.9687 | lr 6.03e-05 | 174s
2026-09-18 23:00:39 | INFO    | epoch 19 | batch 2540/4266 | loss 0.4562 | acc 0.9688 | lr 6.03e-05 | 176s
2026-09-18 23:00:40 | INFO    | epoch 19 | batch 2560/4266 | loss 0.4563 | acc 0.9687 | lr 6.03e-05 | 177s
2026-09-18 23:00:41 | INFO    | epoch 19 | batch 2580/4266 | loss 0.4562 | acc 0.9687 | lr 6.02e-05 | 178s
2026-09-18 23:00:43 | INFO    | epoch 19 | batch 2600/4266 | loss 0.4563 | acc 0.9686 | lr 6.02e-05 | 180s
2026-09-18 23:00:44 | INFO    | epoch 19 | batch 2620/4266 | loss 0.4563 | acc 0.9687 | lr 6.02e-05 | 181s
2026-09-18 23:00:46 | INFO    | epoch 19 | batch 2640/4266 | loss 0.4561 | acc 0.9688 | lr 6.02e-05 | 183s
2026-09-18 23:00:47 | INFO    | epoch 19 | batch 2660/4266 | loss 0.4561 | acc 0.9688 | lr 6.02e-05 | 184s
2026-09-18 23:00:48 | INFO    | epoch 19 | batch 2680/4266 | loss 0.4561 | acc 0.9688 | lr 6.01e-05 | 185s
2026-09-18 23:00:50 | INFO    | epoch 19 | batch 2700/4266 | loss 0.4560 | acc 0.9688 | lr 6.01e-05 | 187s
2026-09-18 23:00:51 | INFO    | epoch 19 | batch 2720/4266 | loss 0.4559 | acc 0.9689 | lr 6.01e-05 | 188s
2026-09-18 23:00:53 | INFO    | epoch 19 | batch 2740/4266 | loss 0.4562 | acc 0.9688 | lr 6.01e-05 | 190s
2026-09-18 23:00:54 | INFO    | epoch 19 | batch 2760/4266 | loss 0.4562 | acc 0.9688 | lr 6.01e-05 | 191s
2026-09-18 23:00:55 | INFO    | epoch 19 | batch 2780/4266 | loss 0.4562 | acc 0.9688 | lr 6.00e-05 | 192s
2026-09-18 23:00:57 | INFO    | epoch 19 | batch 2800/4266 | loss 0.4562 | acc 0.9688 | lr 6.00e-05 | 194s
2026-09-18 23:00:58 | INFO    | epoch 19 | batch 2820/4266 | loss 0.4563 | acc 0.9688 | lr 6.00e-05 | 195s
2026-09-18 23:01:00 | INFO    | epoch 19 | batch 2840/4266 | loss 0.4561 | acc 0.9688 | lr 6.00e-05 | 197s
2026-09-18 23:01:01 | INFO    | epoch 19 | batch 2860/4266 | loss 0.4562 | acc 0.9689 | lr 6.00e-05 | 198s
2026-09-18 23:01:02 | INFO    | epoch 19 | batch 2880/4266 | loss 0.4561 | acc 0.9689 | lr 6.00e-05 | 199s
2026-09-18 23:01:04 | INFO    | epoch 19 | batch 2900/4266 | loss 0.4563 | acc 0.9688 | lr 5.99e-05 | 201s
2026-09-18 23:01:05 | INFO    | epoch 19 | batch 2920/4266 | loss 0.4562 | acc 0.9688 | lr 5.99e-05 | 202s
2026-09-18 23:01:06 | INFO    | epoch 19 | batch 2940/4266 | loss 0.4561 | acc 0.9688 | lr 5.99e-05 | 203s
2026-09-18 23:01:08 | INFO    | epoch 19 | batch 2960/4266 | loss 0.4560 | acc 0.9688 | lr 5.99e-05 | 205s
2026-09-18 23:01:09 | INFO    | epoch 19 | batch 2980/4266 | loss 0.4561 | acc 0.9688 | lr 5.99e-05 | 206s
2026-09-18 23:01:11 | INFO    | epoch 19 | batch 3000/4266 | loss 0.4561 | acc 0.9688 | lr 5.98e-05 | 208s
2026-09-18 23:01:12 | INFO    | epoch 19 | batch 3020/4266 | loss 0.4559 | acc 0.9689 | lr 5.98e-05 | 209s
2026-09-18 23:01:13 | INFO    | epoch 19 | batch 3040/4266 | loss 0.4560 | acc 0.9689 | lr 5.98e-05 | 210s
2026-09-18 23:01:15 | INFO    | epoch 19 | batch 3060/4266 | loss 0.4561 | acc 0.9688 | lr 5.98e-05 | 212s
2026-09-18 23:01:16 | INFO    | epoch 19 | batch 3080/4266 | loss 0.4561 | acc 0.9689 | lr 5.98e-05 | 213s
2026-09-18 23:01:17 | INFO    | epoch 19 | batch 3100/4266 | loss 0.4561 | acc 0.9689 | lr 5.97e-05 | 214s
2026-09-18 23:01:19 | INFO    | epoch 19 | batch 3120/4266 | loss 0.4561 | acc 0.9689 | lr 5.97e-05 | 216s
2026-09-18 23:01:20 | INFO    | epoch 19 | batch 3140/4266 | loss 0.4560 | acc 0.9689 | lr 5.97e-05 | 217s
2026-09-18 23:01:21 | INFO    | epoch 19 | batch 3160/4266 | loss 0.4560 | acc 0.9689 | lr 5.97e-05 | 218s
2026-09-18 23:01:23 | INFO    | epoch 19 | batch 3180/4266 | loss 0.4560 | acc 0.9690 | lr 5.97e-05 | 220s
2026-09-18 23:01:24 | INFO    | epoch 19 | batch 3200/4266 | loss 0.4559 | acc 0.9690 | lr 5.97e-05 | 221s
2026-09-18 23:01:26 | INFO    | epoch 19 | batch 3220/4266 | loss 0.4560 | acc 0.9689 | lr 5.96e-05 | 223s
2026-09-18 23:01:27 | INFO    | epoch 19 | batch 3240/4266 | loss 0.4560 | acc 0.9689 | lr 5.96e-05 | 224s
2026-09-18 23:01:29 | INFO    | epoch 19 | batch 3260/4266 | loss 0.4560 | acc 0.9690 | lr 5.96e-05 | 225s
2026-09-18 23:01:30 | INFO    | epoch 19 | batch 3280/4266 | loss 0.4559 | acc 0.9690 | lr 5.96e-05 | 227s
2026-09-18 23:01:31 | INFO    | epoch 19 | batch 3300/4266 | loss 0.4557 | acc 0.9690 | lr 5.96e-05 | 228s
2026-09-18 23:01:33 | INFO    | epoch 19 | batch 3320/4266 | loss 0.4557 | acc 0.9691 | lr 5.95e-05 | 230s
2026-09-18 23:01:34 | INFO    | epoch 19 | batch 3340/4266 | loss 0.4556 | acc 0.9691 | lr 5.95e-05 | 231s
2026-09-18 23:01:36 | INFO    | epoch 19 | batch 3360/4266 | loss 0.4555 | acc 0.9692 | lr 5.95e-05 | 233s
2026-09-18 23:01:37 | INFO    | epoch 19 | batch 3380/4266 | loss 0.4554 | acc 0.9692 | lr 5.95e-05 | 234s
2026-09-18 23:01:38 | INFO    | epoch 19 | batch 3400/4266 | loss 0.4553 | acc 0.9693 | lr 5.95e-05 | 235s
2026-09-18 23:01:40 | INFO    | epoch 19 | batch 3420/4266 | loss 0.4552 | acc 0.9693 | lr 5.94e-05 | 237s
2026-09-18 23:01:41 | INFO    | epoch 19 | batch 3440/4266 | loss 0.4554 | acc 0.9693 | lr 5.94e-05 | 238s
2026-09-18 23:01:43 | INFO    | epoch 19 | batch 3460/4266 | loss 0.4553 | acc 0.9693 | lr 5.94e-05 | 240s
2026-09-18 23:01:44 | INFO    | epoch 19 | batch 3480/4266 | loss 0.4553 | acc 0.9693 | lr 5.94e-05 | 241s
2026-09-18 23:01:45 | INFO    | epoch 19 | batch 3500/4266 | loss 0.4553 | acc 0.9693 | lr 5.94e-05 | 242s
2026-09-18 23:01:47 | INFO    | epoch 19 | batch 3520/4266 | loss 0.4552 | acc 0.9693 | lr 5.94e-05 | 244s
2026-09-18 23:01:48 | INFO    | epoch 19 | batch 3540/4266 | loss 0.4552 | acc 0.9694 | lr 5.93e-05 | 245s
2026-09-18 23:01:50 | INFO    | epoch 19 | batch 3560/4266 | loss 0.4552 | acc 0.9694 | lr 5.93e-05 | 247s
2026-09-18 23:01:51 | INFO    | epoch 19 | batch 3580/4266 | loss 0.4552 | acc 0.9693 | lr 5.93e-05 | 248s
2026-09-18 23:01:53 | INFO    | epoch 19 | batch 3600/4266 | loss 0.4552 | acc 0.9693 | lr 5.93e-05 | 250s
2026-09-18 23:01:54 | INFO    | epoch 19 | batch 3620/4266 | loss 0.4552 | acc 0.9694 | lr 5.93e-05 | 251s
2026-09-18 23:01:55 | INFO    | epoch 19 | batch 3640/4266 | loss 0.4553 | acc 0.9693 | lr 5.92e-05 | 252s
2026-09-18 23:01:57 | INFO    | epoch 19 | batch 3660/4266 | loss 0.4552 | acc 0.9693 | lr 5.92e-05 | 254s
2026-09-18 23:01:58 | INFO    | epoch 19 | batch 3680/4266 | loss 0.4551 | acc 0.9694 | lr 5.92e-05 | 255s
2026-09-18 23:02:00 | INFO    | epoch 19 | batch 3700/4266 | loss 0.4551 | acc 0.9694 | lr 5.92e-05 | 257s
2026-09-18 23:02:01 | INFO    | epoch 19 | batch 3720/4266 | loss 0.4551 | acc 0.9694 | lr 5.92e-05 | 258s
2026-09-18 23:02:02 | INFO    | epoch 19 | batch 3740/4266 | loss 0.4551 | acc 0.9694 | lr 5.91e-05 | 259s
2026-09-18 23:02:04 | INFO    | epoch 19 | batch 3760/4266 | loss 0.4551 | acc 0.9694 | lr 5.91e-05 | 261s
2026-09-18 23:02:05 | INFO    | epoch 19 | batch 3780/4266 | loss 0.4551 | acc 0.9694 | lr 5.91e-05 | 262s
2026-09-18 23:02:06 | INFO    | epoch 19 | batch 3800/4266 | loss 0.4550 | acc 0.9694 | lr 5.91e-05 | 263s
2026-09-18 23:02:08 | INFO    | epoch 19 | batch 3820/4266 | loss 0.4551 | acc 0.9694 | lr 5.91e-05 | 265s
2026-09-18 23:02:09 | INFO    | epoch 19 | batch 3840/4266 | loss 0.4550 | acc 0.9694 | lr 5.91e-05 | 266s
2026-09-18 23:02:11 | INFO    | epoch 19 | batch 3860/4266 | loss 0.4551 | acc 0.9694 | lr 5.90e-05 | 268s
2026-09-18 23:02:12 | INFO    | epoch 19 | batch 3880/4266 | loss 0.4552 | acc 0.9694 | lr 5.90e-05 | 269s
2026-09-18 23:02:13 | INFO    | epoch 19 | batch 3900/4266 | loss 0.4550 | acc 0.9694 | lr 5.90e-05 | 270s
2026-09-18 23:02:15 | INFO    | epoch 19 | batch 3920/4266 | loss 0.4550 | acc 0.9695 | lr 5.90e-05 | 272s
2026-09-18 23:02:16 | INFO    | epoch 19 | batch 3940/4266 | loss 0.4550 | acc 0.9695 | lr 5.90e-05 | 273s
2026-09-18 23:02:18 | INFO    | epoch 19 | batch 3960/4266 | loss 0.4550 | acc 0.9694 | lr 5.89e-05 | 275s
2026-09-18 23:02:19 | INFO    | epoch 19 | batch 3980/4266 | loss 0.4550 | acc 0.9694 | lr 5.89e-05 | 276s
2026-09-18 23:02:20 | INFO    | epoch 19 | batch 4000/4266 | loss 0.4551 | acc 0.9694 | lr 5.89e-05 | 277s
2026-09-18 23:02:22 | INFO    | epoch 19 | batch 4020/4266 | loss 0.4551 | acc 0.9694 | lr 5.89e-05 | 279s
2026-09-18 23:02:23 | INFO    | epoch 19 | batch 4040/4266 | loss 0.4550 | acc 0.9694 | lr 5.89e-05 | 280s
2026-09-18 23:02:25 | INFO    | epoch 19 | batch 4060/4266 | loss 0.4551 | acc 0.9694 | lr 5.88e-05 | 282s
2026-09-18 23:02:26 | INFO    | epoch 19 | batch 4080/4266 | loss 0.4551 | acc 0.9694 | lr 5.88e-05 | 283s
2026-09-18 23:02:27 | INFO    | epoch 19 | batch 4100/4266 | loss 0.4550 | acc 0.9694 | lr 5.88e-05 | 284s
2026-09-18 23:02:29 | INFO    | epoch 19 | batch 4120/4266 | loss 0.4550 | acc 0.9694 | lr 5.88e-05 | 286s
2026-09-18 23:02:30 | INFO    | epoch 19 | batch 4140/4266 | loss 0.4549 | acc 0.9695 | lr 5.88e-05 | 287s
2026-09-18 23:02:32 | INFO    | epoch 19 | batch 4160/4266 | loss 0.4550 | acc 0.9694 | lr 5.87e-05 | 289s
2026-09-18 23:02:33 | INFO    | epoch 19 | batch 4180/4266 | loss 0.4549 | acc 0.9695 | lr 5.87e-05 | 290s
2026-09-18 23:02:34 | INFO    | epoch 19 | batch 4200/4266 | loss 0.4548 | acc 0.9695 | lr 5.87e-05 | 291s
2026-09-18 23:02:36 | INFO    | epoch 19 | batch 4220/4266 | loss 0.4547 | acc 0.9695 | lr 5.87e-05 | 293s
2026-09-18 23:02:37 | INFO    | epoch 19 | batch 4240/4266 | loss 0.4547 | acc 0.9696 | lr 5.87e-05 | 294s
2026-09-18 23:02:38 | INFO    | epoch 19 | batch 4260/4266 | loss 0.4547 | acc 0.9696 | lr 5.87e-05 | 295s
2026-09-18 23:02:39 | INFO    | epoch 19 | batch 4266/4266 | loss 0.4547 | acc 0.9696 | lr 5.86e-05 | 296s
2026-09-18 23:02:49 | INFO    | epoch 19/40 done in 306s | train loss 0.4547 | train running patch (aug): accuracy=0.9696 precision=0.9691 recall=0.9686 f1=0.9689
2026-09-18 23:02:49 | INFO    | epoch 19 train (eval, no aug) | loss 0.4234 | patch[7280]: accuracy=0.9842 precision=0.9838 recall=0.9835 f1=0.9836 | image[455]: accuracy=0.9978 precision=0.9981 recall=0.9980 f1=0.9980
2026-09-18 23:02:49 | INFO    | epoch 19 val | loss 1.2077 | patch[8448]: accuracy=0.6809 precision=0.6548 recall=0.6534 f1=0.6531 | image[96]: accuracy=0.7500 precision=0.7256 recall=0.7204 f1=0.7195
2026-09-18 23:02:49 | INFO    | val_patch_f1 = 0.6531 (best 0.6746 @ epoch 18)
2026-09-18 23:02:50 | INFO    | epoch 20 | batch 20/4266 | loss 0.4646 | acc 0.9641 | lr 5.86e-05 | 1s
2026-09-18 23:02:52 | INFO    | epoch 20 | batch 40/4266 | loss 0.4523 | acc 0.9703 | lr 5.86e-05 | 3s
2026-09-18 23:02:53 | INFO    | epoch 20 | batch 60/4266 | loss 0.4565 | acc 0.9693 | lr 5.86e-05 | 4s
2026-09-18 23:02:54 | INFO    | epoch 20 | batch 80/4266 | loss 0.4618 | acc 0.9660 | lr 5.86e-05 | 6s
2026-09-18 23:02:56 | INFO    | epoch 20 | batch 100/4266 | loss 0.4599 | acc 0.9666 | lr 5.86e-05 | 7s
2026-09-18 23:02:57 | INFO    | epoch 20 | batch 120/4266 | loss 0.4630 | acc 0.9654 | lr 5.85e-05 | 8s
2026-09-18 23:02:58 | INFO    | epoch 20 | batch 140/4266 | loss 0.4583 | acc 0.9676 | lr 5.85e-05 | 10s
2026-09-18 23:03:00 | INFO    | epoch 20 | batch 160/4266 | loss 0.4576 | acc 0.9680 | lr 5.85e-05 | 11s
2026-09-18 23:03:01 | INFO    | epoch 20 | batch 180/4266 | loss 0.4582 | acc 0.9681 | lr 5.85e-05 | 13s
2026-09-18 23:03:03 | INFO    | epoch 20 | batch 200/4266 | loss 0.4559 | acc 0.9689 | lr 5.85e-05 | 14s
2026-09-18 23:03:04 | INFO    | epoch 20 | batch 220/4266 | loss 0.4549 | acc 0.9690 | lr 5.84e-05 | 15s
2026-09-18 23:03:05 | INFO    | epoch 20 | batch 240/4266 | loss 0.4573 | acc 0.9682 | lr 5.84e-05 | 17s
2026-09-18 23:03:07 | INFO    | epoch 20 | batch 260/4266 | loss 0.4559 | acc 0.9691 | lr 5.84e-05 | 18s
2026-09-18 23:03:08 | INFO    | epoch 20 | batch 280/4266 | loss 0.4561 | acc 0.9690 | lr 5.84e-05 | 19s
2026-09-18 23:03:09 | INFO    | epoch 20 | batch 300/4266 | loss 0.4560 | acc 0.9693 | lr 5.84e-05 | 21s
2026-09-18 23:03:11 | INFO    | epoch 20 | batch 320/4266 | loss 0.4558 | acc 0.9695 | lr 5.83e-05 | 22s
2026-09-18 23:03:12 | INFO    | epoch 20 | batch 340/4266 | loss 0.4558 | acc 0.9697 | lr 5.83e-05 | 23s
2026-09-18 23:03:13 | INFO    | epoch 20 | batch 360/4266 | loss 0.4554 | acc 0.9700 | lr 5.83e-05 | 25s
2026-09-18 23:03:15 | INFO    | epoch 20 | batch 380/4266 | loss 0.4545 | acc 0.9706 | lr 5.83e-05 | 26s
2026-09-18 23:03:16 | INFO    | epoch 20 | batch 400/4266 | loss 0.4540 | acc 0.9708 | lr 5.83e-05 | 27s
2026-09-18 23:03:17 | INFO    | epoch 20 | batch 420/4266 | loss 0.4547 | acc 0.9703 | lr 5.82e-05 | 29s
2026-09-18 23:03:19 | INFO    | epoch 20 | batch 440/4266 | loss 0.4551 | acc 0.9703 | lr 5.82e-05 | 30s
2026-09-18 23:03:20 | INFO    | epoch 20 | batch 460/4266 | loss 0.4552 | acc 0.9704 | lr 5.82e-05 | 31s
2026-09-18 23:03:21 | INFO    | epoch 20 | batch 480/4266 | loss 0.4553 | acc 0.9702 | lr 5.82e-05 | 33s
2026-09-18 23:03:23 | INFO    | epoch 20 | batch 500/4266 | loss 0.4554 | acc 0.9701 | lr 5.82e-05 | 34s
2026-09-18 23:03:24 | INFO    | epoch 20 | batch 520/4266 | loss 0.4548 | acc 0.9706 | lr 5.82e-05 | 35s
2026-09-18 23:03:25 | INFO    | epoch 20 | batch 540/4266 | loss 0.4549 | acc 0.9704 | lr 5.81e-05 | 37s
2026-09-18 23:03:27 | INFO    | epoch 20 | batch 560/4266 | loss 0.4547 | acc 0.9705 | lr 5.81e-05 | 38s
2026-09-18 23:03:28 | INFO    | epoch 20 | batch 580/4266 | loss 0.4550 | acc 0.9706 | lr 5.81e-05 | 39s
2026-09-18 23:03:30 | INFO    | epoch 20 | batch 600/4266 | loss 0.4556 | acc 0.9703 | lr 5.81e-05 | 41s
2026-09-18 23:03:31 | INFO    | epoch 20 | batch 620/4266 | loss 0.4557 | acc 0.9701 | lr 5.81e-05 | 42s
2026-09-18 23:03:32 | INFO    | epoch 20 | batch 640/4266 | loss 0.4554 | acc 0.9701 | lr 5.80e-05 | 44s
2026-09-18 23:03:34 | INFO    | epoch 20 | batch 660/4266 | loss 0.4549 | acc 0.9703 | lr 5.80e-05 | 45s
2026-09-18 23:03:35 | INFO    | epoch 20 | batch 680/4266 | loss 0.4550 | acc 0.9703 | lr 5.80e-05 | 46s
2026-09-18 23:03:36 | INFO    | epoch 20 | batch 700/4266 | loss 0.4548 | acc 0.9704 | lr 5.80e-05 | 48s
2026-09-18 23:03:38 | INFO    | epoch 20 | batch 720/4266 | loss 0.4547 | acc 0.9705 | lr 5.80e-05 | 49s
2026-09-18 23:03:39 | INFO    | epoch 20 | batch 740/4266 | loss 0.4545 | acc 0.9705 | lr 5.79e-05 | 51s
2026-09-18 23:03:41 | INFO    | epoch 20 | batch 760/4266 | loss 0.4548 | acc 0.9703 | lr 5.79e-05 | 52s
2026-09-18 23:03:42 | INFO    | epoch 20 | batch 780/4266 | loss 0.4547 | acc 0.9703 | lr 5.79e-05 | 53s
2026-09-18 23:03:43 | INFO    | epoch 20 | batch 800/4266 | loss 0.4546 | acc 0.9703 | lr 5.79e-05 | 55s
2026-09-18 23:03:45 | INFO    | epoch 20 | batch 820/4266 | loss 0.4547 | acc 0.9702 | lr 5.79e-05 | 56s
2026-09-18 23:03:46 | INFO    | epoch 20 | batch 840/4266 | loss 0.4544 | acc 0.9703 | lr 5.79e-05 | 57s
2026-09-18 23:03:47 | INFO    | epoch 20 | batch 860/4266 | loss 0.4541 | acc 0.9704 | lr 5.78e-05 | 59s
2026-09-18 23:03:49 | INFO    | epoch 20 | batch 880/4266 | loss 0.4538 | acc 0.9706 | lr 5.78e-05 | 60s
2026-09-18 23:03:50 | INFO    | epoch 20 | batch 900/4266 | loss 0.4538 | acc 0.9706 | lr 5.78e-05 | 62s
2026-09-18 23:03:52 | INFO    | epoch 20 | batch 920/4266 | loss 0.4539 | acc 0.9705 | lr 5.78e-05 | 63s
2026-09-18 23:03:53 | INFO    | epoch 20 | batch 940/4266 | loss 0.4541 | acc 0.9704 | lr 5.78e-05 | 64s
2026-09-18 23:03:54 | INFO    | epoch 20 | batch 960/4266 | loss 0.4543 | acc 0.9701 | lr 5.77e-05 | 66s
2026-09-18 23:03:56 | INFO    | epoch 20 | batch 980/4266 | loss 0.4541 | acc 0.9702 | lr 5.77e-05 | 67s
2026-09-18 23:03:57 | INFO    | epoch 20 | batch 1000/4266 | loss 0.4540 | acc 0.9703 | lr 5.77e-05 | 68s
2026-09-18 23:03:58 | INFO    | epoch 20 | batch 1020/4266 | loss 0.4542 | acc 0.9701 | lr 5.77e-05 | 70s
2026-09-18 23:04:00 | INFO    | epoch 20 | batch 1040/4266 | loss 0.4538 | acc 0.9703 | lr 5.77e-05 | 71s
2026-09-18 23:04:01 | INFO    | epoch 20 | batch 1060/4266 | loss 0.4535 | acc 0.9705 | lr 5.76e-05 | 73s
2026-09-18 23:04:03 | INFO    | epoch 20 | batch 1080/4266 | loss 0.4534 | acc 0.9705 | lr 5.76e-05 | 74s
2026-09-18 23:04:04 | INFO    | epoch 20 | batch 1100/4266 | loss 0.4533 | acc 0.9705 | lr 5.76e-05 | 75s
2026-09-18 23:04:05 | INFO    | epoch 20 | batch 1120/4266 | loss 0.4531 | acc 0.9706 | lr 5.76e-05 | 77s
2026-09-18 23:04:07 | INFO    | epoch 20 | batch 1140/4266 | loss 0.4530 | acc 0.9706 | lr 5.76e-05 | 78s
2026-09-18 23:04:08 | INFO    | epoch 20 | batch 1160/4266 | loss 0.4528 | acc 0.9708 | lr 5.75e-05 | 79s
2026-09-18 23:04:09 | INFO    | epoch 20 | batch 1180/4266 | loss 0.4527 | acc 0.9709 | lr 5.75e-05 | 81s
2026-09-18 23:04:11 | INFO    | epoch 20 | batch 1200/4266 | loss 0.4530 | acc 0.9706 | lr 5.75e-05 | 82s
2026-09-18 23:04:12 | INFO    | epoch 20 | batch 1220/4266 | loss 0.4530 | acc 0.9706 | lr 5.75e-05 | 83s
2026-09-18 23:04:13 | INFO    | epoch 20 | batch 1240/4266 | loss 0.4529 | acc 0.9707 | lr 5.75e-05 | 85s
2026-09-18 23:04:15 | INFO    | epoch 20 | batch 1260/4266 | loss 0.4530 | acc 0.9706 | lr 5.75e-05 | 86s
2026-09-18 23:04:16 | INFO    | epoch 20 | batch 1280/4266 | loss 0.4530 | acc 0.9706 | lr 5.74e-05 | 87s
2026-09-18 23:04:17 | INFO    | epoch 20 | batch 1300/4266 | loss 0.4529 | acc 0.9706 | lr 5.74e-05 | 89s
2026-09-18 23:04:19 | INFO    | epoch 20 | batch 1320/4266 | loss 0.4528 | acc 0.9707 | lr 5.74e-05 | 90s
2026-09-18 23:04:20 | INFO    | epoch 20 | batch 1340/4266 | loss 0.4529 | acc 0.9706 | lr 5.74e-05 | 91s
2026-09-18 23:04:21 | INFO    | epoch 20 | batch 1360/4266 | loss 0.4528 | acc 0.9707 | lr 5.74e-05 | 93s
2026-09-18 23:04:22 | INFO    | epoch 20 | batch 1380/4266 | loss 0.4524 | acc 0.9709 | lr 5.73e-05 | 94s
2026-09-18 23:04:24 | INFO    | epoch 20 | batch 1400/4266 | loss 0.4524 | acc 0.9709 | lr 5.73e-05 | 95s
2026-09-18 23:04:25 | INFO    | epoch 20 | batch 1420/4266 | loss 0.4521 | acc 0.9711 | lr 5.73e-05 | 96s
2026-09-18 23:04:26 | INFO    | epoch 20 | batch 1440/4266 | loss 0.4524 | acc 0.9710 | lr 5.73e-05 | 98s
2026-09-18 23:04:28 | INFO    | epoch 20 | batch 1460/4266 | loss 0.4525 | acc 0.9709 | lr 5.73e-05 | 99s
2026-09-18 23:04:29 | INFO    | epoch 20 | batch 1480/4266 | loss 0.4524 | acc 0.9710 | lr 5.72e-05 | 100s
2026-09-18 23:04:30 | INFO    | epoch 20 | batch 1500/4266 | loss 0.4524 | acc 0.9710 | lr 5.72e-05 | 102s
2026-09-18 23:04:32 | INFO    | epoch 20 | batch 1520/4266 | loss 0.4525 | acc 0.9709 | lr 5.72e-05 | 103s
2026-09-18 23:04:33 | INFO    | epoch 20 | batch 1540/4266 | loss 0.4524 | acc 0.9709 | lr 5.72e-05 | 104s
2026-09-18 23:04:34 | INFO    | epoch 20 | batch 1560/4266 | loss 0.4522 | acc 0.9710 | lr 5.72e-05 | 106s
2026-09-18 23:04:36 | INFO    | epoch 20 | batch 1580/4266 | loss 0.4520 | acc 0.9711 | lr 5.71e-05 | 107s
2026-09-18 23:04:37 | INFO    | epoch 20 | batch 1600/4266 | loss 0.4519 | acc 0.9711 | lr 5.71e-05 | 109s
2026-09-18 23:04:39 | INFO    | epoch 20 | batch 1620/4266 | loss 0.4518 | acc 0.9712 | lr 5.71e-05 | 110s
2026-09-18 23:04:40 | INFO    | epoch 20 | batch 1640/4266 | loss 0.4519 | acc 0.9712 | lr 5.71e-05 | 112s
2026-09-18 23:04:42 | INFO    | epoch 20 | batch 1660/4266 | loss 0.4516 | acc 0.9713 | lr 5.71e-05 | 113s
2026-09-18 23:04:43 | INFO    | epoch 20 | batch 1680/4266 | loss 0.4517 | acc 0.9712 | lr 5.71e-05 | 114s
2026-09-18 23:04:44 | INFO    | epoch 20 | batch 1700/4266 | loss 0.4519 | acc 0.9711 | lr 5.70e-05 | 116s
2026-09-18 23:04:46 | INFO    | epoch 20 | batch 1720/4266 | loss 0.4520 | acc 0.9710 | lr 5.70e-05 | 117s
2026-09-18 23:04:47 | INFO    | epoch 20 | batch 1740/4266 | loss 0.4519 | acc 0.9710 | lr 5.70e-05 | 118s
2026-09-18 23:04:48 | INFO    | epoch 20 | batch 1760/4266 | loss 0.4518 | acc 0.9711 | lr 5.70e-05 | 120s
2026-09-18 23:04:50 | INFO    | epoch 20 | batch 1780/4266 | loss 0.4518 | acc 0.9712 | lr 5.70e-05 | 121s
2026-09-18 23:04:51 | INFO    | epoch 20 | batch 1800/4266 | loss 0.4519 | acc 0.9711 | lr 5.69e-05 | 123s
2026-09-18 23:04:53 | INFO    | epoch 20 | batch 1820/4266 | loss 0.4518 | acc 0.9711 | lr 5.69e-05 | 124s
2026-09-18 23:04:54 | INFO    | epoch 20 | batch 1840/4266 | loss 0.4518 | acc 0.9712 | lr 5.69e-05 | 125s
2026-09-18 23:04:55 | INFO    | epoch 20 | batch 1860/4266 | loss 0.4518 | acc 0.9712 | lr 5.69e-05 | 127s
2026-09-18 23:04:57 | INFO    | epoch 20 | batch 1880/4266 | loss 0.4516 | acc 0.9713 | lr 5.69e-05 | 128s
2026-09-18 23:04:58 | INFO    | epoch 20 | batch 1900/4266 | loss 0.4514 | acc 0.9714 | lr 5.68e-05 | 130s
2026-09-18 23:05:00 | INFO    | epoch 20 | batch 1920/4266 | loss 0.4516 | acc 0.9713 | lr 5.68e-05 | 131s
2026-09-18 23:05:01 | INFO    | epoch 20 | batch 1940/4266 | loss 0.4516 | acc 0.9713 | lr 5.68e-05 | 132s
2026-09-18 23:05:02 | INFO    | epoch 20 | batch 1960/4266 | loss 0.4516 | acc 0.9712 | lr 5.68e-05 | 134s
2026-09-18 23:05:04 | INFO    | epoch 20 | batch 1980/4266 | loss 0.4519 | acc 0.9711 | lr 5.68e-05 | 135s
2026-09-18 23:05:05 | INFO    | epoch 20 | batch 2000/4266 | loss 0.4519 | acc 0.9711 | lr 5.67e-05 | 136s
2026-09-18 23:05:06 | INFO    | epoch 20 | batch 2020/4266 | loss 0.4519 | acc 0.9711 | lr 5.67e-05 | 138s
2026-09-18 23:05:08 | INFO    | epoch 20 | batch 2040/4266 | loss 0.4519 | acc 0.9711 | lr 5.67e-05 | 139s
2026-09-18 23:05:09 | INFO    | epoch 20 | batch 2060/4266 | loss 0.4519 | acc 0.9711 | lr 5.67e-05 | 141s
2026-09-18 23:05:11 | INFO    | epoch 20 | batch 2080/4266 | loss 0.4520 | acc 0.9710 | lr 5.67e-05 | 142s
2026-09-18 23:05:12 | INFO    | epoch 20 | batch 2100/4266 | loss 0.4521 | acc 0.9710 | lr 5.67e-05 | 143s
2026-09-18 23:05:13 | INFO    | epoch 20 | batch 2120/4266 | loss 0.4520 | acc 0.9710 | lr 5.66e-05 | 145s
2026-09-18 23:05:15 | INFO    | epoch 20 | batch 2140/4266 | loss 0.4518 | acc 0.9711 | lr 5.66e-05 | 146s
2026-09-18 23:05:16 | INFO    | epoch 20 | batch 2160/4266 | loss 0.4519 | acc 0.9710 | lr 5.66e-05 | 147s
2026-09-18 23:05:17 | INFO    | epoch 20 | batch 2180/4266 | loss 0.4521 | acc 0.9710 | lr 5.66e-05 | 149s
2026-09-18 23:05:19 | INFO    | epoch 20 | batch 2200/4266 | loss 0.4521 | acc 0.9709 | lr 5.66e-05 | 150s
2026-09-18 23:05:20 | INFO    | epoch 20 | batch 2220/4266 | loss 0.4519 | acc 0.9710 | lr 5.65e-05 | 152s
2026-09-18 23:05:22 | INFO    | epoch 20 | batch 2240/4266 | loss 0.4518 | acc 0.9711 | lr 5.65e-05 | 153s
2026-09-18 23:05:23 | INFO    | epoch 20 | batch 2260/4266 | loss 0.4517 | acc 0.9712 | lr 5.65e-05 | 154s
2026-09-18 23:05:24 | INFO    | epoch 20 | batch 2280/4266 | loss 0.4517 | acc 0.9712 | lr 5.65e-05 | 156s
2026-09-18 23:05:26 | INFO    | epoch 20 | batch 2300/4266 | loss 0.4518 | acc 0.9711 | lr 5.65e-05 | 157s
2026-09-18 23:05:27 | INFO    | epoch 20 | batch 2320/4266 | loss 0.4518 | acc 0.9711 | lr 5.64e-05 | 158s
2026-09-18 23:05:28 | INFO    | epoch 20 | batch 2340/4266 | loss 0.4519 | acc 0.9711 | lr 5.64e-05 | 160s
2026-09-18 23:05:30 | INFO    | epoch 20 | batch 2360/4266 | loss 0.4520 | acc 0.9710 | lr 5.64e-05 | 161s
2026-09-18 23:05:31 | INFO    | epoch 20 | batch 2380/4266 | loss 0.4520 | acc 0.9711 | lr 5.64e-05 | 163s
2026-09-18 23:05:33 | INFO    | epoch 20 | batch 2400/4266 | loss 0.4518 | acc 0.9712 | lr 5.64e-05 | 164s
2026-09-18 23:05:34 | INFO    | epoch 20 | batch 2420/4266 | loss 0.4516 | acc 0.9712 | lr 5.63e-05 | 165s
2026-09-18 23:05:35 | INFO    | epoch 20 | batch 2440/4266 | loss 0.4516 | acc 0.9713 | lr 5.63e-05 | 167s
2026-09-18 23:05:37 | INFO    | epoch 20 | batch 2460/4266 | loss 0.4517 | acc 0.9712 | lr 5.63e-05 | 168s
2026-09-18 23:05:38 | INFO    | epoch 20 | batch 2480/4266 | loss 0.4515 | acc 0.9713 | lr 5.63e-05 | 170s
2026-09-18 23:05:40 | INFO    | epoch 20 | batch 2500/4266 | loss 0.4516 | acc 0.9713 | lr 5.63e-05 | 171s
2026-09-18 23:05:41 | INFO    | epoch 20 | batch 2520/4266 | loss 0.4515 | acc 0.9713 | lr 5.63e-05 | 172s
2026-09-18 23:05:42 | INFO    | epoch 20 | batch 2540/4266 | loss 0.4514 | acc 0.9714 | lr 5.62e-05 | 174s
2026-09-18 23:05:44 | INFO    | epoch 20 | batch 2560/4266 | loss 0.4515 | acc 0.9713 | lr 5.62e-05 | 175s
2026-09-18 23:05:45 | INFO    | epoch 20 | batch 2580/4266 | loss 0.4512 | acc 0.9715 | lr 5.62e-05 | 177s
2026-09-18 23:05:47 | INFO    | epoch 20 | batch 2600/4266 | loss 0.4511 | acc 0.9715 | lr 5.62e-05 | 178s
2026-09-18 23:05:48 | INFO    | epoch 20 | batch 2620/4266 | loss 0.4511 | acc 0.9715 | lr 5.62e-05 | 179s
2026-09-18 23:05:49 | INFO    | epoch 20 | batch 2640/4266 | loss 0.4511 | acc 0.9715 | lr 5.61e-05 | 181s
2026-09-18 23:05:51 | INFO    | epoch 20 | batch 2660/4266 | loss 0.4510 | acc 0.9716 | lr 5.61e-05 | 182s
2026-09-18 23:05:52 | INFO    | epoch 20 | batch 2680/4266 | loss 0.4510 | acc 0.9717 | lr 5.61e-05 | 183s
2026-09-18 23:05:54 | INFO    | epoch 20 | batch 2700/4266 | loss 0.4509 | acc 0.9717 | lr 5.61e-05 | 185s
2026-09-18 23:05:55 | INFO    | epoch 20 | batch 2720/4266 | loss 0.4508 | acc 0.9718 | lr 5.61e-05 | 186s
2026-09-18 23:05:56 | INFO    | epoch 20 | batch 2740/4266 | loss 0.4507 | acc 0.9718 | lr 5.60e-05 | 188s
2026-09-18 23:05:58 | INFO    | epoch 20 | batch 2760/4266 | loss 0.4506 | acc 0.9719 | lr 5.60e-05 | 189s
2026-09-18 23:05:59 | INFO    | epoch 20 | batch 2780/4266 | loss 0.4505 | acc 0.9719 | lr 5.60e-05 | 190s
2026-09-18 23:06:01 | INFO    | epoch 20 | batch 2800/4266 | loss 0.4505 | acc 0.9719 | lr 5.60e-05 | 192s
2026-09-18 23:06:02 | INFO    | epoch 20 | batch 2820/4266 | loss 0.4503 | acc 0.9720 | lr 5.60e-05 | 193s
2026-09-18 23:06:03 | INFO    | epoch 20 | batch 2840/4266 | loss 0.4502 | acc 0.9720 | lr 5.59e-05 | 195s
2026-09-18 23:06:05 | INFO    | epoch 20 | batch 2860/4266 | loss 0.4502 | acc 0.9721 | lr 5.59e-05 | 196s
2026-09-18 23:06:06 | INFO    | epoch 20 | batch 2880/4266 | loss 0.4502 | acc 0.9721 | lr 5.59e-05 | 198s
2026-09-18 23:06:08 | INFO    | epoch 20 | batch 2900/4266 | loss 0.4500 | acc 0.9722 | lr 5.59e-05 | 199s
2026-09-18 23:06:09 | INFO    | epoch 20 | batch 2920/4266 | loss 0.4500 | acc 0.9721 | lr 5.59e-05 | 200s
2026-09-18 23:06:10 | INFO    | epoch 20 | batch 2940/4266 | loss 0.4500 | acc 0.9721 | lr 5.59e-05 | 202s
2026-09-18 23:06:12 | INFO    | epoch 20 | batch 2960/4266 | loss 0.4501 | acc 0.9720 | lr 5.58e-05 | 203s
2026-09-18 23:06:13 | INFO    | epoch 20 | batch 2980/4266 | loss 0.4502 | acc 0.9719 | lr 5.58e-05 | 205s
2026-09-18 23:06:15 | INFO    | epoch 20 | batch 3000/4266 | loss 0.4503 | acc 0.9719 | lr 5.58e-05 | 206s
2026-09-18 23:06:16 | INFO    | epoch 20 | batch 3020/4266 | loss 0.4503 | acc 0.9719 | lr 5.58e-05 | 207s
2026-09-18 23:06:17 | INFO    | epoch 20 | batch 3040/4266 | loss 0.4502 | acc 0.9719 | lr 5.58e-05 | 209s
2026-09-18 23:06:19 | INFO    | epoch 20 | batch 3060/4266 | loss 0.4502 | acc 0.9719 | lr 5.57e-05 | 210s
2026-09-18 23:06:20 | INFO    | epoch 20 | batch 3080/4266 | loss 0.4503 | acc 0.9719 | lr 5.57e-05 | 212s
2026-09-18 23:06:22 | INFO    | epoch 20 | batch 3100/4266 | loss 0.4504 | acc 0.9718 | lr 5.57e-05 | 213s
2026-09-18 23:06:23 | INFO    | epoch 20 | batch 3120/4266 | loss 0.4505 | acc 0.9718 | lr 5.57e-05 | 215s
2026-09-18 23:06:25 | INFO    | epoch 20 | batch 3140/4266 | loss 0.4505 | acc 0.9719 | lr 5.57e-05 | 216s
2026-09-18 23:06:26 | INFO    | epoch 20 | batch 3160/4266 | loss 0.4506 | acc 0.9718 | lr 5.56e-05 | 217s
2026-09-18 23:06:27 | INFO    | epoch 20 | batch 3180/4266 | loss 0.4505 | acc 0.9719 | lr 5.56e-05 | 219s
2026-09-18 23:06:29 | INFO    | epoch 20 | batch 3200/4266 | loss 0.4504 | acc 0.9719 | lr 5.56e-05 | 220s
2026-09-18 23:06:30 | INFO    | epoch 20 | batch 3220/4266 | loss 0.4504 | acc 0.9719 | lr 5.56e-05 | 222s
2026-09-18 23:06:32 | INFO    | epoch 20 | batch 3240/4266 | loss 0.4504 | acc 0.9719 | lr 5.56e-05 | 223s
2026-09-18 23:06:33 | INFO    | epoch 20 | batch 3260/4266 | loss 0.4506 | acc 0.9718 | lr 5.55e-05 | 224s
2026-09-18 23:06:34 | INFO    | epoch 20 | batch 3280/4266 | loss 0.4506 | acc 0.9719 | lr 5.55e-05 | 226s
2026-09-18 23:06:36 | INFO    | epoch 20 | batch 3300/4266 | loss 0.4505 | acc 0.9719 | lr 5.55e-05 | 227s
2026-09-18 23:06:37 | INFO    | epoch 20 | batch 3320/4266 | loss 0.4505 | acc 0.9719 | lr 5.55e-05 | 229s
2026-09-18 23:06:39 | INFO    | epoch 20 | batch 3340/4266 | loss 0.4504 | acc 0.9720 | lr 5.55e-05 | 230s
2026-09-18 23:06:40 | INFO    | epoch 20 | batch 3360/4266 | loss 0.4505 | acc 0.9719 | lr 5.55e-05 | 231s
2026-09-18 23:06:42 | INFO    | epoch 20 | batch 3380/4266 | loss 0.4505 | acc 0.9719 | lr 5.54e-05 | 233s
2026-09-18 23:06:43 | INFO    | epoch 20 | batch 3400/4266 | loss 0.4505 | acc 0.9719 | lr 5.54e-05 | 234s
2026-09-18 23:06:44 | INFO    | epoch 20 | batch 3420/4266 | loss 0.4505 | acc 0.9719 | lr 5.54e-05 | 236s
2026-09-18 23:06:46 | INFO    | epoch 20 | batch 3440/4266 | loss 0.4505 | acc 0.9719 | lr 5.54e-05 | 237s
2026-09-18 23:06:47 | INFO    | epoch 20 | batch 3460/4266 | loss 0.4504 | acc 0.9719 | lr 5.54e-05 | 238s
2026-09-18 23:06:48 | INFO    | epoch 20 | batch 3480/4266 | loss 0.4505 | acc 0.9719 | lr 5.53e-05 | 240s
2026-09-18 23:06:50 | INFO    | epoch 20 | batch 3500/4266 | loss 0.4506 | acc 0.9718 | lr 5.53e-05 | 241s
2026-09-18 23:06:51 | INFO    | epoch 20 | batch 3520/4266 | loss 0.4505 | acc 0.9719 | lr 5.53e-05 | 243s
2026-09-18 23:06:53 | INFO    | epoch 20 | batch 3540/4266 | loss 0.4505 | acc 0.9719 | lr 5.53e-05 | 244s
2026-09-18 23:06:54 | INFO    | epoch 20 | batch 3560/4266 | loss 0.4505 | acc 0.9719 | lr 5.53e-05 | 245s
2026-09-18 23:06:55 | INFO    | epoch 20 | batch 3580/4266 | loss 0.4504 | acc 0.9719 | lr 5.52e-05 | 247s
2026-09-18 23:06:57 | INFO    | epoch 20 | batch 3600/4266 | loss 0.4503 | acc 0.9720 | lr 5.52e-05 | 248s
2026-09-18 23:06:58 | INFO    | epoch 20 | batch 3620/4266 | loss 0.4504 | acc 0.9719 | lr 5.52e-05 | 249s
2026-09-18 23:06:59 | INFO    | epoch 20 | batch 3640/4266 | loss 0.4504 | acc 0.9719 | lr 5.52e-05 | 251s
2026-09-18 23:07:01 | INFO    | epoch 20 | batch 3660/4266 | loss 0.4504 | acc 0.9719 | lr 5.52e-05 | 252s
2026-09-18 23:07:02 | INFO    | epoch 20 | batch 3680/4266 | loss 0.4503 | acc 0.9719 | lr 5.51e-05 | 253s
2026-09-18 23:07:03 | INFO    | epoch 20 | batch 3700/4266 | loss 0.4503 | acc 0.9719 | lr 5.51e-05 | 255s
2026-09-18 23:07:05 | INFO    | epoch 20 | batch 3720/4266 | loss 0.4503 | acc 0.9719 | lr 5.51e-05 | 256s
2026-09-18 23:07:06 | INFO    | epoch 20 | batch 3740/4266 | loss 0.4503 | acc 0.9719 | lr 5.51e-05 | 258s
2026-09-18 23:07:08 | INFO    | epoch 20 | batch 3760/4266 | loss 0.4504 | acc 0.9719 | lr 5.51e-05 | 259s
2026-09-18 23:07:09 | INFO    | epoch 20 | batch 3780/4266 | loss 0.4503 | acc 0.9719 | lr 5.51e-05 | 260s
2026-09-18 23:07:10 | INFO    | epoch 20 | batch 3800/4266 | loss 0.4504 | acc 0.9719 | lr 5.50e-05 | 262s
2026-09-18 23:07:12 | INFO    | epoch 20 | batch 3820/4266 | loss 0.4503 | acc 0.9719 | lr 5.50e-05 | 263s
2026-09-18 23:07:13 | INFO    | epoch 20 | batch 3840/4266 | loss 0.4504 | acc 0.9719 | lr 5.50e-05 | 264s
2026-09-18 23:07:14 | INFO    | epoch 20 | batch 3860/4266 | loss 0.4505 | acc 0.9718 | lr 5.50e-05 | 266s
2026-09-18 23:07:16 | INFO    | epoch 20 | batch 3880/4266 | loss 0.4505 | acc 0.9719 | lr 5.50e-05 | 267s
2026-09-18 23:07:17 | INFO    | epoch 20 | batch 3900/4266 | loss 0.4504 | acc 0.9719 | lr 5.49e-05 | 268s
2026-09-18 23:07:18 | INFO    | epoch 20 | batch 3920/4266 | loss 0.4505 | acc 0.9719 | lr 5.49e-05 | 270s
2026-09-18 23:07:20 | INFO    | epoch 20 | batch 3940/4266 | loss 0.4505 | acc 0.9719 | lr 5.49e-05 | 271s
2026-09-18 23:07:21 | INFO    | epoch 20 | batch 3960/4266 | loss 0.4505 | acc 0.9719 | lr 5.49e-05 | 272s
2026-09-18 23:07:22 | INFO    | epoch 20 | batch 3980/4266 | loss 0.4506 | acc 0.9718 | lr 5.49e-05 | 274s
2026-09-18 23:07:24 | INFO    | epoch 20 | batch 4000/4266 | loss 0.4505 | acc 0.9718 | lr 5.48e-05 | 275s
2026-09-18 23:07:25 | INFO    | epoch 20 | batch 4020/4266 | loss 0.4505 | acc 0.9719 | lr 5.48e-05 | 277s
2026-09-18 23:07:27 | INFO    | epoch 20 | batch 4040/4266 | loss 0.4506 | acc 0.9718 | lr 5.48e-05 | 278s
2026-09-18 23:07:28 | INFO    | epoch 20 | batch 4060/4266 | loss 0.4506 | acc 0.9718 | lr 5.48e-05 | 279s
2026-09-18 23:07:29 | INFO    | epoch 20 | batch 4080/4266 | loss 0.4505 | acc 0.9718 | lr 5.48e-05 | 281s
2026-09-18 23:07:31 | INFO    | epoch 20 | batch 4100/4266 | loss 0.4505 | acc 0.9719 | lr 5.47e-05 | 282s
2026-09-18 23:07:32 | INFO    | epoch 20 | batch 4120/4266 | loss 0.4505 | acc 0.9719 | lr 5.47e-05 | 283s
2026-09-18 23:07:33 | INFO    | epoch 20 | batch 4140/4266 | loss 0.4504 | acc 0.9719 | lr 5.47e-05 | 285s
2026-09-18 23:07:35 | INFO    | epoch 20 | batch 4160/4266 | loss 0.4504 | acc 0.9720 | lr 5.47e-05 | 286s
2026-09-18 23:07:36 | INFO    | epoch 20 | batch 4180/4266 | loss 0.4503 | acc 0.9720 | lr 5.47e-05 | 287s
2026-09-18 23:07:37 | INFO    | epoch 20 | batch 4200/4266 | loss 0.4503 | acc 0.9720 | lr 5.47e-05 | 289s
2026-09-18 23:07:39 | INFO    | epoch 20 | batch 4220/4266 | loss 0.4504 | acc 0.9720 | lr 5.46e-05 | 290s
2026-09-18 23:07:40 | INFO    | epoch 20 | batch 4240/4266 | loss 0.4504 | acc 0.9720 | lr 5.46e-05 | 292s
2026-09-18 23:07:42 | INFO    | epoch 20 | batch 4260/4266 | loss 0.4503 | acc 0.9720 | lr 5.46e-05 | 293s
2026-09-18 23:07:42 | INFO    | epoch 20 | batch 4266/4266 | loss 0.4503 | acc 0.9720 | lr 5.46e-05 | 293s
2026-09-18 23:07:52 | INFO    | epoch 20/40 done in 303s | train loss 0.4503 | train running patch (aug): accuracy=0.9720 precision=0.9715 recall=0.9711 f1=0.9713
2026-09-18 23:07:52 | INFO    | epoch 20 train (eval, no aug) | loss 0.4078 | patch[7280]: accuracy=0.9918 precision=0.9917 recall=0.9917 f1=0.9917 | image[455]: accuracy=1.0000 precision=1.0000 recall=1.0000 f1=1.0000
2026-09-18 23:07:52 | INFO    | epoch 20 val | loss 1.2337 | patch[8448]: accuracy=0.6764 precision=0.6511 recall=0.6485 f1=0.6494 | image[96]: accuracy=0.7188 precision=0.6893 recall=0.6860 f1=0.6872
2026-09-18 23:07:52 | INFO    | val_patch_f1 = 0.6494 (best 0.6746 @ epoch 18)
2026-09-18 23:07:53 | INFO    | epoch 21 | batch 20/4266 | loss 0.4539 | acc 0.9750 | lr 5.46e-05 | 1s
2026-09-18 23:07:55 | INFO    | epoch 21 | batch 40/4266 | loss 0.4553 | acc 0.9727 | lr 5.45e-05 | 3s
2026-09-18 23:07:56 | INFO    | epoch 21 | batch 60/4266 | loss 0.4619 | acc 0.9688 | lr 5.45e-05 | 4s
2026-09-18 23:07:58 | INFO    | epoch 21 | batch 80/4266 | loss 0.4564 | acc 0.9707 | lr 5.45e-05 | 6s
2026-09-18 23:07:59 | INFO    | epoch 21 | batch 100/4266 | loss 0.4562 | acc 0.9706 | lr 5.45e-05 | 7s
2026-09-18 23:08:00 | INFO    | epoch 21 | batch 120/4266 | loss 0.4598 | acc 0.9682 | lr 5.45e-05 | 8s
2026-09-18 23:08:02 | INFO    | epoch 21 | batch 140/4266 | loss 0.4572 | acc 0.9696 | lr 5.45e-05 | 10s
2026-09-18 23:08:03 | INFO    | epoch 21 | batch 160/4266 | loss 0.4561 | acc 0.9707 | lr 5.44e-05 | 11s
2026-09-18 23:08:04 | INFO    | epoch 21 | batch 180/4266 | loss 0.4562 | acc 0.9707 | lr 5.44e-05 | 12s
2026-09-18 23:08:06 | INFO    | epoch 21 | batch 200/4266 | loss 0.4572 | acc 0.9697 | lr 5.44e-05 | 14s
2026-09-18 23:08:07 | INFO    | epoch 21 | batch 220/4266 | loss 0.4568 | acc 0.9693 | lr 5.44e-05 | 15s
2026-09-18 23:08:09 | INFO    | epoch 21 | batch 240/4266 | loss 0.4554 | acc 0.9702 | lr 5.44e-05 | 17s
2026-09-18 23:08:10 | INFO    | epoch 21 | batch 260/4266 | loss 0.4564 | acc 0.9700 | lr 5.43e-05 | 18s
2026-09-18 23:08:11 | INFO    | epoch 21 | batch 280/4266 | loss 0.4573 | acc 0.9691 | lr 5.43e-05 | 19s
2026-09-18 23:08:13 | INFO    | epoch 21 | batch 300/4266 | loss 0.4582 | acc 0.9685 | lr 5.43e-05 | 21s
2026-09-18 23:08:14 | INFO    | epoch 21 | batch 320/4266 | loss 0.4578 | acc 0.9686 | lr 5.43e-05 | 22s
2026-09-18 23:08:15 | INFO    | epoch 21 | batch 340/4266 | loss 0.4568 | acc 0.9689 | lr 5.43e-05 | 23s
2026-09-18 23:08:17 | INFO    | epoch 21 | batch 360/4266 | loss 0.4558 | acc 0.9694 | lr 5.42e-05 | 25s
2026-09-18 23:08:18 | INFO    | epoch 21 | batch 380/4266 | loss 0.4560 | acc 0.9696 | lr 5.42e-05 | 26s
2026-09-18 23:08:20 | INFO    | epoch 21 | batch 400/4266 | loss 0.4551 | acc 0.9699 | lr 5.42e-05 | 28s
2026-09-18 23:08:21 | INFO    | epoch 21 | batch 420/4266 | loss 0.4550 | acc 0.9699 | lr 5.42e-05 | 29s
2026-09-18 23:08:22 | INFO    | epoch 21 | batch 440/4266 | loss 0.4550 | acc 0.9701 | lr 5.42e-05 | 30s
2026-09-18 23:08:24 | INFO    | epoch 21 | batch 460/4266 | loss 0.4548 | acc 0.9699 | lr 5.41e-05 | 32s
2026-09-18 23:08:25 | INFO    | epoch 21 | batch 480/4266 | loss 0.4541 | acc 0.9701 | lr 5.41e-05 | 33s
2026-09-18 23:08:27 | INFO    | epoch 21 | batch 500/4266 | loss 0.4532 | acc 0.9705 | lr 5.41e-05 | 35s
2026-09-18 23:08:28 | INFO    | epoch 21 | batch 520/4266 | loss 0.4525 | acc 0.9708 | lr 5.41e-05 | 36s
2026-09-18 23:08:29 | INFO    | epoch 21 | batch 540/4266 | loss 0.4520 | acc 0.9711 | lr 5.41e-05 | 37s
2026-09-18 23:08:31 | INFO    | epoch 21 | batch 560/4266 | loss 0.4516 | acc 0.9713 | lr 5.41e-05 | 39s
2026-09-18 23:08:32 | INFO    | epoch 21 | batch 580/4266 | loss 0.4512 | acc 0.9714 | lr 5.40e-05 | 40s
2026-09-18 23:08:33 | INFO    | epoch 21 | batch 600/4266 | loss 0.4513 | acc 0.9715 | lr 5.40e-05 | 41s
2026-09-18 23:08:35 | INFO    | epoch 21 | batch 620/4266 | loss 0.4509 | acc 0.9717 | lr 5.40e-05 | 43s
2026-09-18 23:08:36 | INFO    | epoch 21 | batch 640/4266 | loss 0.4509 | acc 0.9718 | lr 5.40e-05 | 44s
2026-09-18 23:08:38 | INFO    | epoch 21 | batch 660/4266 | loss 0.4506 | acc 0.9720 | lr 5.40e-05 | 46s
2026-09-18 23:08:39 | INFO    | epoch 21 | batch 680/4266 | loss 0.4506 | acc 0.9721 | lr 5.39e-05 | 47s
2026-09-18 23:08:40 | INFO    | epoch 21 | batch 700/4266 | loss 0.4505 | acc 0.9721 | lr 5.39e-05 | 48s
2026-09-18 23:08:42 | INFO    | epoch 21 | batch 720/4266 | loss 0.4507 | acc 0.9719 | lr 5.39e-05 | 50s
2026-09-18 23:08:43 | INFO    | epoch 21 | batch 740/4266 | loss 0.4504 | acc 0.9720 | lr 5.39e-05 | 51s
2026-09-18 23:08:44 | INFO    | epoch 21 | batch 760/4266 | loss 0.4500 | acc 0.9723 | lr 5.39e-05 | 52s
2026-09-18 23:08:46 | INFO    | epoch 21 | batch 780/4266 | loss 0.4500 | acc 0.9722 | lr 5.38e-05 | 54s
2026-09-18 23:08:47 | INFO    | epoch 21 | batch 800/4266 | loss 0.4498 | acc 0.9725 | lr 5.38e-05 | 55s
2026-09-18 23:08:48 | INFO    | epoch 21 | batch 820/4266 | loss 0.4499 | acc 0.9724 | lr 5.38e-05 | 57s
2026-09-18 23:08:50 | INFO    | epoch 21 | batch 840/4266 | loss 0.4498 | acc 0.9725 | lr 5.38e-05 | 58s
2026-09-18 23:08:51 | INFO    | epoch 21 | batch 860/4266 | loss 0.4497 | acc 0.9726 | lr 5.38e-05 | 59s
2026-09-18 23:08:53 | INFO    | epoch 21 | batch 880/4266 | loss 0.4496 | acc 0.9725 | lr 5.37e-05 | 61s
2026-09-18 23:08:54 | INFO    | epoch 21 | batch 900/4266 | loss 0.4496 | acc 0.9726 | lr 5.37e-05 | 62s
2026-09-18 23:08:56 | INFO    | epoch 21 | batch 920/4266 | loss 0.4495 | acc 0.9727 | lr 5.37e-05 | 64s
2026-09-18 23:08:57 | INFO    | epoch 21 | batch 940/4266 | loss 0.4492 | acc 0.9729 | lr 5.37e-05 | 65s
2026-09-18 23:08:58 | INFO    | epoch 21 | batch 960/4266 | loss 0.4494 | acc 0.9729 | lr 5.37e-05 | 66s
2026-09-18 23:09:00 | INFO    | epoch 21 | batch 980/4266 | loss 0.4489 | acc 0.9731 | lr 5.37e-05 | 68s
2026-09-18 23:09:01 | INFO    | epoch 21 | batch 1000/4266 | loss 0.4485 | acc 0.9733 | lr 5.36e-05 | 69s
2026-09-18 23:09:02 | INFO    | epoch 21 | batch 1020/4266 | loss 0.4483 | acc 0.9735 | lr 5.36e-05 | 71s
2026-09-18 23:09:04 | INFO    | epoch 21 | batch 1040/4266 | loss 0.4481 | acc 0.9735 | lr 5.36e-05 | 72s
2026-09-18 23:09:05 | INFO    | epoch 21 | batch 1060/4266 | loss 0.4482 | acc 0.9735 | lr 5.36e-05 | 73s
2026-09-18 23:09:07 | INFO    | epoch 21 | batch 1080/4266 | loss 0.4481 | acc 0.9735 | lr 5.36e-05 | 75s
2026-09-18 23:09:08 | INFO    | epoch 21 | batch 1100/4266 | loss 0.4482 | acc 0.9735 | lr 5.35e-05 | 76s
2026-09-18 23:09:09 | INFO    | epoch 21 | batch 1120/4266 | loss 0.4482 | acc 0.9734 | lr 5.35e-05 | 77s
2026-09-18 23:09:11 | INFO    | epoch 21 | batch 1140/4266 | loss 0.4484 | acc 0.9732 | lr 5.35e-05 | 79s
2026-09-18 23:09:12 | INFO    | epoch 21 | batch 1160/4266 | loss 0.4485 | acc 0.9731 | lr 5.35e-05 | 80s
2026-09-18 23:09:14 | INFO    | epoch 21 | batch 1180/4266 | loss 0.4483 | acc 0.9733 | lr 5.35e-05 | 82s
2026-09-18 23:09:15 | INFO    | epoch 21 | batch 1200/4266 | loss 0.4483 | acc 0.9733 | lr 5.34e-05 | 83s
2026-09-18 23:09:16 | INFO    | epoch 21 | batch 1220/4266 | loss 0.4482 | acc 0.9732 | lr 5.34e-05 | 84s
2026-09-18 23:09:18 | INFO    | epoch 21 | batch 1240/4266 | loss 0.4481 | acc 0.9733 | lr 5.34e-05 | 86s
2026-09-18 23:09:19 | INFO    | epoch 21 | batch 1260/4266 | loss 0.4481 | acc 0.9734 | lr 5.34e-05 | 87s
2026-09-18 23:09:20 | INFO    | epoch 21 | batch 1280/4266 | loss 0.4480 | acc 0.9734 | lr 5.34e-05 | 89s
2026-09-18 23:09:22 | INFO    | epoch 21 | batch 1300/4266 | loss 0.4478 | acc 0.9734 | lr 5.33e-05 | 90s
2026-09-18 23:09:23 | INFO    | epoch 21 | batch 1320/4266 | loss 0.4479 | acc 0.9733 | lr 5.33e-05 | 91s
2026-09-18 23:09:25 | INFO    | epoch 21 | batch 1340/4266 | loss 0.4482 | acc 0.9732 | lr 5.33e-05 | 93s
2026-09-18 23:09:26 | INFO    | epoch 21 | batch 1360/4266 | loss 0.4484 | acc 0.9730 | lr 5.33e-05 | 94s
2026-09-18 23:09:27 | INFO    | epoch 21 | batch 1380/4266 | loss 0.4483 | acc 0.9731 | lr 5.33e-05 | 95s
2026-09-18 23:09:29 | INFO    | epoch 21 | batch 1400/4266 | loss 0.4482 | acc 0.9731 | lr 5.32e-05 | 97s
2026-09-18 23:09:30 | INFO    | epoch 21 | batch 1420/4266 | loss 0.4482 | acc 0.9730 | lr 5.32e-05 | 98s
2026-09-18 23:09:31 | INFO    | epoch 21 | batch 1440/4266 | loss 0.4485 | acc 0.9730 | lr 5.32e-05 | 99s
2026-09-18 23:09:33 | INFO    | epoch 21 | batch 1460/4266 | loss 0.4484 | acc 0.9730 | lr 5.32e-05 | 101s
2026-09-18 23:09:34 | INFO    | epoch 21 | batch 1480/4266 | loss 0.4486 | acc 0.9729 | lr 5.32e-05 | 102s
2026-09-18 23:09:36 | INFO    | epoch 21 | batch 1500/4266 | loss 0.4486 | acc 0.9729 | lr 5.32e-05 | 104s
2026-09-18 23:09:37 | INFO    | epoch 21 | batch 1520/4266 | loss 0.4484 | acc 0.9730 | lr 5.31e-05 | 105s
2026-09-18 23:09:38 | INFO    | epoch 21 | batch 1540/4266 | loss 0.4481 | acc 0.9732 | lr 5.31e-05 | 106s
2026-09-18 23:09:40 | INFO    | epoch 21 | batch 1560/4266 | loss 0.4480 | acc 0.9731 | lr 5.31e-05 | 108s
2026-09-18 23:09:41 | INFO    | epoch 21 | batch 1580/4266 | loss 0.4479 | acc 0.9732 | lr 5.31e-05 | 109s
2026-09-18 23:09:42 | INFO    | epoch 21 | batch 1600/4266 | loss 0.4479 | acc 0.9732 | lr 5.31e-05 | 110s
2026-09-18 23:09:44 | INFO    | epoch 21 | batch 1620/4266 | loss 0.4479 | acc 0.9732 | lr 5.30e-05 | 112s
2026-09-18 23:09:45 | INFO    | epoch 21 | batch 1640/4266 | loss 0.4479 | acc 0.9732 | lr 5.30e-05 | 113s
2026-09-18 23:09:46 | INFO    | epoch 21 | batch 1660/4266 | loss 0.4477 | acc 0.9733 | lr 5.30e-05 | 114s
2026-09-18 23:09:48 | INFO    | epoch 21 | batch 1680/4266 | loss 0.4476 | acc 0.9733 | lr 5.30e-05 | 116s
2026-09-18 23:09:49 | INFO    | epoch 21 | batch 1700/4266 | loss 0.4476 | acc 0.9733 | lr 5.30e-05 | 117s
2026-09-18 23:09:50 | INFO    | epoch 21 | batch 1720/4266 | loss 0.4475 | acc 0.9734 | lr 5.29e-05 | 118s
2026-09-18 23:09:52 | INFO    | epoch 21 | batch 1740/4266 | loss 0.4478 | acc 0.9732 | lr 5.29e-05 | 120s
2026-09-18 23:09:53 | INFO    | epoch 21 | batch 1760/4266 | loss 0.4477 | acc 0.9732 | lr 5.29e-05 | 121s
2026-09-18 23:09:54 | INFO    | epoch 21 | batch 1780/4266 | loss 0.4478 | acc 0.9732 | lr 5.29e-05 | 123s
2026-09-18 23:09:56 | INFO    | epoch 21 | batch 1800/4266 | loss 0.4479 | acc 0.9731 | lr 5.29e-05 | 124s
2026-09-18 23:09:57 | INFO    | epoch 21 | batch 1820/4266 | loss 0.4481 | acc 0.9731 | lr 5.28e-05 | 125s
2026-09-18 23:09:59 | INFO    | epoch 21 | batch 1840/4266 | loss 0.4484 | acc 0.9729 | lr 5.28e-05 | 127s
2026-09-18 23:10:00 | INFO    | epoch 21 | batch 1860/4266 | loss 0.4484 | acc 0.9730 | lr 5.28e-05 | 128s
2026-09-18 23:10:01 | INFO    | epoch 21 | batch 1880/4266 | loss 0.4483 | acc 0.9731 | lr 5.28e-05 | 130s
2026-09-18 23:10:03 | INFO    | epoch 21 | batch 1900/4266 | loss 0.4483 | acc 0.9730 | lr 5.28e-05 | 131s
2026-09-18 23:10:04 | INFO    | epoch 21 | batch 1920/4266 | loss 0.4483 | acc 0.9730 | lr 5.27e-05 | 132s
2026-09-18 23:10:06 | INFO    | epoch 21 | batch 1940/4266 | loss 0.4483 | acc 0.9731 | lr 5.27e-05 | 134s
2026-09-18 23:10:07 | INFO    | epoch 21 | batch 1960/4266 | loss 0.4485 | acc 0.9730 | lr 5.27e-05 | 135s
2026-09-18 23:10:08 | INFO    | epoch 21 | batch 1980/4266 | loss 0.4483 | acc 0.9730 | lr 5.27e-05 | 136s
2026-09-18 23:10:10 | INFO    | epoch 21 | batch 2000/4266 | loss 0.4482 | acc 0.9730 | lr 5.27e-05 | 138s
2026-09-18 23:10:11 | INFO    | epoch 21 | batch 2020/4266 | loss 0.4484 | acc 0.9729 | lr 5.27e-05 | 139s
2026-09-18 23:10:13 | INFO    | epoch 21 | batch 2040/4266 | loss 0.4483 | acc 0.9730 | lr 5.26e-05 | 141s
2026-09-18 23:10:14 | INFO    | epoch 21 | batch 2060/4266 | loss 0.4483 | acc 0.9730 | lr 5.26e-05 | 142s
2026-09-18 23:10:15 | INFO    | epoch 21 | batch 2080/4266 | loss 0.4482 | acc 0.9731 | lr 5.26e-05 | 143s
2026-09-18 23:10:17 | INFO    | epoch 21 | batch 2100/4266 | loss 0.4484 | acc 0.9731 | lr 5.26e-05 | 145s
2026-09-18 23:10:18 | INFO    | epoch 21 | batch 2120/4266 | loss 0.4483 | acc 0.9731 | lr 5.26e-05 | 146s
2026-09-18 23:10:19 | INFO    | epoch 21 | batch 2140/4266 | loss 0.4483 | acc 0.9730 | lr 5.25e-05 | 147s
2026-09-18 23:10:21 | INFO    | epoch 21 | batch 2160/4266 | loss 0.4481 | acc 0.9732 | lr 5.25e-05 | 149s
2026-09-18 23:10:22 | INFO    | epoch 21 | batch 2180/4266 | loss 0.4480 | acc 0.9732 | lr 5.25e-05 | 150s
2026-09-18 23:10:23 | INFO    | epoch 21 | batch 2200/4266 | loss 0.4480 | acc 0.9732 | lr 5.25e-05 | 151s
2026-09-18 23:10:25 | INFO    | epoch 21 | batch 2220/4266 | loss 0.4480 | acc 0.9733 | lr 5.25e-05 | 153s
2026-09-18 23:10:26 | INFO    | epoch 21 | batch 2240/4266 | loss 0.4478 | acc 0.9733 | lr 5.24e-05 | 154s
2026-09-18 23:10:28 | INFO    | epoch 21 | batch 2260/4266 | loss 0.4478 | acc 0.9733 | lr 5.24e-05 | 156s
2026-09-18 23:10:29 | INFO    | epoch 21 | batch 2280/4266 | loss 0.4477 | acc 0.9734 | lr 5.24e-05 | 157s
2026-09-18 23:10:30 | INFO    | epoch 21 | batch 2300/4266 | loss 0.4478 | acc 0.9734 | lr 5.24e-05 | 158s
2026-09-18 23:10:32 | INFO    | epoch 21 | batch 2320/4266 | loss 0.4475 | acc 0.9736 | lr 5.24e-05 | 160s
2026-09-18 23:10:33 | INFO    | epoch 21 | batch 2340/4266 | loss 0.4475 | acc 0.9736 | lr 5.23e-05 | 161s
2026-09-18 23:10:34 | INFO    | epoch 21 | batch 2360/4266 | loss 0.4476 | acc 0.9736 | lr 5.23e-05 | 162s
2026-09-18 23:10:36 | INFO    | epoch 21 | batch 2380/4266 | loss 0.4476 | acc 0.9736 | lr 5.23e-05 | 164s
2026-09-18 23:10:37 | INFO    | epoch 21 | batch 2400/4266 | loss 0.4476 | acc 0.9737 | lr 5.23e-05 | 165s
2026-09-18 23:10:39 | INFO    | epoch 21 | batch 2420/4266 | loss 0.4475 | acc 0.9736 | lr 5.23e-05 | 167s
2026-09-18 23:10:40 | INFO    | epoch 21 | batch 2440/4266 | loss 0.4475 | acc 0.9736 | lr 5.23e-05 | 168s
2026-09-18 23:10:41 | INFO    | epoch 21 | batch 2460/4266 | loss 0.4474 | acc 0.9737 | lr 5.22e-05 | 169s
2026-09-18 23:10:43 | INFO    | epoch 21 | batch 2480/4266 | loss 0.4475 | acc 0.9736 | lr 5.22e-05 | 171s
2026-09-18 23:10:44 | INFO    | epoch 21 | batch 2500/4266 | loss 0.4476 | acc 0.9736 | lr 5.22e-05 | 172s
2026-09-18 23:10:46 | INFO    | epoch 21 | batch 2520/4266 | loss 0.4477 | acc 0.9736 | lr 5.22e-05 | 174s
2026-09-18 23:10:47 | INFO    | epoch 21 | batch 2540/4266 | loss 0.4477 | acc 0.9735 | lr 5.22e-05 | 175s
2026-09-18 23:10:48 | INFO    | epoch 21 | batch 2560/4266 | loss 0.4476 | acc 0.9736 | lr 5.21e-05 | 176s
2026-09-18 23:10:50 | INFO    | epoch 21 | batch 2580/4266 | loss 0.4474 | acc 0.9737 | lr 5.21e-05 | 178s
2026-09-18 23:10:51 | INFO    | epoch 21 | batch 2600/4266 | loss 0.4475 | acc 0.9736 | lr 5.21e-05 | 179s
2026-09-18 23:10:53 | INFO    | epoch 21 | batch 2620/4266 | loss 0.4474 | acc 0.9736 | lr 5.21e-05 | 181s
2026-09-18 23:10:54 | INFO    | epoch 21 | batch 2640/4266 | loss 0.4475 | acc 0.9736 | lr 5.21e-05 | 182s
2026-09-18 23:10:55 | INFO    | epoch 21 | batch 2660/4266 | loss 0.4474 | acc 0.9737 | lr 5.20e-05 | 183s
2026-09-18 23:10:57 | INFO    | epoch 21 | batch 2680/4266 | loss 0.4473 | acc 0.9737 | lr 5.20e-05 | 185s
2026-09-18 23:10:58 | INFO    | epoch 21 | batch 2700/4266 | loss 0.4474 | acc 0.9736 | lr 5.20e-05 | 186s
2026-09-18 23:11:00 | INFO    | epoch 21 | batch 2720/4266 | loss 0.4472 | acc 0.9737 | lr 5.20e-05 | 188s
2026-09-18 23:11:01 | INFO    | epoch 21 | batch 2740/4266 | loss 0.4471 | acc 0.9738 | lr 5.20e-05 | 189s
2026-09-18 23:11:03 | INFO    | epoch 21 | batch 2760/4266 | loss 0.4471 | acc 0.9738 | lr 5.19e-05 | 191s
2026-09-18 23:11:04 | INFO    | epoch 21 | batch 2780/4266 | loss 0.4473 | acc 0.9738 | lr 5.19e-05 | 192s
2026-09-18 23:11:06 | INFO    | epoch 21 | batch 2800/4266 | loss 0.4472 | acc 0.9738 | lr 5.19e-05 | 194s
2026-09-18 23:11:07 | INFO    | epoch 21 | batch 2820/4266 | loss 0.4472 | acc 0.9738 | lr 5.19e-05 | 195s
2026-09-18 23:11:08 | INFO    | epoch 21 | batch 2840/4266 | loss 0.4472 | acc 0.9738 | lr 5.19e-05 | 196s
2026-09-18 23:11:10 | INFO    | epoch 21 | batch 2860/4266 | loss 0.4472 | acc 0.9738 | lr 5.18e-05 | 198s
2026-09-18 23:11:11 | INFO    | epoch 21 | batch 2880/4266 | loss 0.4473 | acc 0.9738 | lr 5.18e-05 | 199s
2026-09-18 23:11:12 | INFO    | epoch 21 | batch 2900/4266 | loss 0.4473 | acc 0.9738 | lr 5.18e-05 | 200s
2026-09-18 23:11:14 | INFO    | epoch 21 | batch 2920/4266 | loss 0.4473 | acc 0.9738 | lr 5.18e-05 | 202s
2026-09-18 23:11:15 | INFO    | epoch 21 | batch 2940/4266 | loss 0.4473 | acc 0.9737 | lr 5.18e-05 | 203s
2026-09-18 23:11:16 | INFO    | epoch 21 | batch 2960/4266 | loss 0.4472 | acc 0.9738 | lr 5.18e-05 | 205s
2026-09-18 23:11:18 | INFO    | epoch 21 | batch 2980/4266 | loss 0.4471 | acc 0.9738 | lr 5.17e-05 | 206s
2026-09-18 23:11:19 | INFO    | epoch 21 | batch 3000/4266 | loss 0.4472 | acc 0.9738 | lr 5.17e-05 | 207s
2026-09-18 23:11:21 | INFO    | epoch 21 | batch 3020/4266 | loss 0.4472 | acc 0.9738 | lr 5.17e-05 | 209s
2026-09-18 23:11:22 | INFO    | epoch 21 | batch 3040/4266 | loss 0.4473 | acc 0.9738 | lr 5.17e-05 | 210s
2026-09-18 23:11:23 | INFO    | epoch 21 | batch 3060/4266 | loss 0.4472 | acc 0.9738 | lr 5.17e-05 | 211s
2026-09-18 23:11:25 | INFO    | epoch 21 | batch 3080/4266 | loss 0.4472 | acc 0.9738 | lr 5.16e-05 | 213s
2026-09-18 23:11:26 | INFO    | epoch 21 | batch 3100/4266 | loss 0.4473 | acc 0.9738 | lr 5.16e-05 | 214s
2026-09-18 23:11:27 | INFO    | epoch 21 | batch 3120/4266 | loss 0.4472 | acc 0.9738 | lr 5.16e-05 | 215s
2026-09-18 23:11:29 | INFO    | epoch 21 | batch 3140/4266 | loss 0.4474 | acc 0.9738 | lr 5.16e-05 | 217s
2026-09-18 23:11:30 | INFO    | epoch 21 | batch 3160/4266 | loss 0.4473 | acc 0.9738 | lr 5.16e-05 | 218s
2026-09-18 23:11:32 | INFO    | epoch 21 | batch 3180/4266 | loss 0.4473 | acc 0.9738 | lr 5.15e-05 | 220s
2026-09-18 23:11:33 | INFO    | epoch 21 | batch 3200/4266 | loss 0.4473 | acc 0.9738 | lr 5.15e-05 | 221s
2026-09-18 23:11:34 | INFO    | epoch 21 | batch 3220/4266 | loss 0.4473 | acc 0.9738 | lr 5.15e-05 | 222s
2026-09-18 23:11:36 | INFO    | epoch 21 | batch 3240/4266 | loss 0.4473 | acc 0.9739 | lr 5.15e-05 | 224s
2026-09-18 23:11:37 | INFO    | epoch 21 | batch 3260/4266 | loss 0.4473 | acc 0.9738 | lr 5.15e-05 | 225s
2026-09-18 23:11:38 | INFO    | epoch 21 | batch 3280/4266 | loss 0.4472 | acc 0.9739 | lr 5.14e-05 | 226s
2026-09-18 23:11:40 | INFO    | epoch 21 | batch 3300/4266 | loss 0.4471 | acc 0.9739 | lr 5.14e-05 | 228s
2026-09-18 23:11:41 | INFO    | epoch 21 | batch 3320/4266 | loss 0.4471 | acc 0.9739 | lr 5.14e-05 | 229s
2026-09-18 23:11:43 | INFO    | epoch 21 | batch 3340/4266 | loss 0.4471 | acc 0.9740 | lr 5.14e-05 | 231s
2026-09-18 23:11:44 | INFO    | epoch 21 | batch 3360/4266 | loss 0.4471 | acc 0.9739 | lr 5.14e-05 | 232s
2026-09-18 23:11:45 | INFO    | epoch 21 | batch 3380/4266 | loss 0.4471 | acc 0.9739 | lr 5.13e-05 | 233s
2026-09-18 23:11:47 | INFO    | epoch 21 | batch 3400/4266 | loss 0.4470 | acc 0.9739 | lr 5.13e-05 | 235s
2026-09-18 23:11:48 | INFO    | epoch 21 | batch 3420/4266 | loss 0.4470 | acc 0.9740 | lr 5.13e-05 | 236s
2026-09-18 23:11:50 | INFO    | epoch 21 | batch 3440/4266 | loss 0.4470 | acc 0.9740 | lr 5.13e-05 | 238s
2026-09-18 23:11:51 | INFO    | epoch 21 | batch 3460/4266 | loss 0.4471 | acc 0.9740 | lr 5.13e-05 | 239s
2026-09-18 23:11:52 | INFO    | epoch 21 | batch 3480/4266 | loss 0.4470 | acc 0.9740 | lr 5.13e-05 | 240s
2026-09-18 23:11:54 | INFO    | epoch 21 | batch 3500/4266 | loss 0.4470 | acc 0.9740 | lr 5.12e-05 | 242s
2026-09-18 23:11:55 | INFO    | epoch 21 | batch 3520/4266 | loss 0.4469 | acc 0.9740 | lr 5.12e-05 | 243s
2026-09-18 23:11:56 | INFO    | epoch 21 | batch 3540/4266 | loss 0.4468 | acc 0.9741 | lr 5.12e-05 | 244s
2026-09-18 23:11:58 | INFO    | epoch 21 | batch 3560/4266 | loss 0.4467 | acc 0.9741 | lr 5.12e-05 | 246s
2026-09-18 23:11:59 | INFO    | epoch 21 | batch 3580/4266 | loss 0.4466 | acc 0.9742 | lr 5.12e-05 | 247s
2026-09-18 23:12:01 | INFO    | epoch 21 | batch 3600/4266 | loss 0.4466 | acc 0.9742 | lr 5.11e-05 | 249s
2026-09-18 23:12:02 | INFO    | epoch 21 | batch 3620/4266 | loss 0.4467 | acc 0.9741 | lr 5.11e-05 | 250s
2026-09-18 23:12:03 | INFO    | epoch 21 | batch 3640/4266 | loss 0.4467 | acc 0.9741 | lr 5.11e-05 | 251s
2026-09-18 23:12:05 | INFO    | epoch 21 | batch 3660/4266 | loss 0.4466 | acc 0.9741 | lr 5.11e-05 | 253s
2026-09-18 23:12:06 | INFO    | epoch 21 | batch 3680/4266 | loss 0.4466 | acc 0.9741 | lr 5.11e-05 | 254s
2026-09-18 23:12:07 | INFO    | epoch 21 | batch 3700/4266 | loss 0.4467 | acc 0.9741 | lr 5.10e-05 | 255s
2026-09-18 23:12:09 | INFO    | epoch 21 | batch 3720/4266 | loss 0.4467 | acc 0.9741 | lr 5.10e-05 | 257s
2026-09-18 23:12:10 | INFO    | epoch 21 | batch 3740/4266 | loss 0.4467 | acc 0.9741 | lr 5.10e-05 | 258s
2026-09-18 23:12:11 | INFO    | epoch 21 | batch 3760/4266 | loss 0.4469 | acc 0.9740 | lr 5.10e-05 | 260s
2026-09-18 23:12:13 | INFO    | epoch 21 | batch 3780/4266 | loss 0.4469 | acc 0.9740 | lr 5.10e-05 | 261s
2026-09-18 23:12:14 | INFO    | epoch 21 | batch 3800/4266 | loss 0.4468 | acc 0.9740 | lr 5.09e-05 | 262s
2026-09-18 23:12:16 | INFO    | epoch 21 | batch 3820/4266 | loss 0.4469 | acc 0.9739 | lr 5.09e-05 | 264s
2026-09-18 23:12:17 | INFO    | epoch 21 | batch 3840/4266 | loss 0.4468 | acc 0.9740 | lr 5.09e-05 | 265s
2026-09-18 23:12:18 | INFO    | epoch 21 | batch 3860/4266 | loss 0.4468 | acc 0.9740 | lr 5.09e-05 | 266s
2026-09-18 23:12:20 | INFO    | epoch 21 | batch 3880/4266 | loss 0.4467 | acc 0.9740 | lr 5.09e-05 | 268s
2026-09-18 23:12:21 | INFO    | epoch 21 | batch 3900/4266 | loss 0.4467 | acc 0.9740 | lr 5.09e-05 | 269s
2026-09-18 23:12:22 | INFO    | epoch 21 | batch 3920/4266 | loss 0.4467 | acc 0.9741 | lr 5.08e-05 | 270s
2026-09-18 23:12:24 | INFO    | epoch 21 | batch 3940/4266 | loss 0.4466 | acc 0.9741 | lr 5.08e-05 | 272s
2026-09-18 23:12:25 | INFO    | epoch 21 | batch 3960/4266 | loss 0.4466 | acc 0.9741 | lr 5.08e-05 | 273s
2026-09-18 23:12:26 | INFO    | epoch 21 | batch 3980/4266 | loss 0.4466 | acc 0.9741 | lr 5.08e-05 | 274s
2026-09-18 23:12:28 | INFO    | epoch 21 | batch 4000/4266 | loss 0.4465 | acc 0.9742 | lr 5.08e-05 | 276s
2026-09-18 23:12:29 | INFO    | epoch 21 | batch 4020/4266 | loss 0.4466 | acc 0.9742 | lr 5.07e-05 | 277s
2026-09-18 23:12:30 | INFO    | epoch 21 | batch 4040/4266 | loss 0.4466 | acc 0.9741 | lr 5.07e-05 | 278s
2026-09-18 23:12:32 | INFO    | epoch 21 | batch 4060/4266 | loss 0.4466 | acc 0.9742 | lr 5.07e-05 | 280s
2026-09-18 23:12:33 | INFO    | epoch 21 | batch 4080/4266 | loss 0.4465 | acc 0.9742 | lr 5.07e-05 | 281s
2026-09-18 23:12:34 | INFO    | epoch 21 | batch 4100/4266 | loss 0.4465 | acc 0.9742 | lr 5.07e-05 | 283s
2026-09-18 23:12:36 | INFO    | epoch 21 | batch 4120/4266 | loss 0.4464 | acc 0.9743 | lr 5.06e-05 | 284s
2026-09-18 23:12:37 | INFO    | epoch 21 | batch 4140/4266 | loss 0.4464 | acc 0.9743 | lr 5.06e-05 | 285s
2026-09-18 23:12:39 | INFO    | epoch 21 | batch 4160/4266 | loss 0.4464 | acc 0.9743 | lr 5.06e-05 | 287s
2026-09-18 23:12:40 | INFO    | epoch 21 | batch 4180/4266 | loss 0.4465 | acc 0.9742 | lr 5.06e-05 | 288s
2026-09-18 23:12:42 | INFO    | epoch 21 | batch 4200/4266 | loss 0.4465 | acc 0.9743 | lr 5.06e-05 | 290s
2026-09-18 23:12:43 | INFO    | epoch 21 | batch 4220/4266 | loss 0.4466 | acc 0.9742 | lr 5.05e-05 | 291s
2026-09-18 23:12:44 | INFO    | epoch 21 | batch 4240/4266 | loss 0.4466 | acc 0.9742 | lr 5.05e-05 | 292s
2026-09-18 23:12:46 | INFO    | epoch 21 | batch 4260/4266 | loss 0.4466 | acc 0.9742 | lr 5.05e-05 | 294s
2026-09-18 23:12:46 | INFO    | epoch 21 | batch 4266/4266 | loss 0.4466 | acc 0.9742 | lr 5.05e-05 | 294s
2026-09-18 23:12:56 | INFO    | epoch 21/40 done in 304s | train loss 0.4466 | train running patch (aug): accuracy=0.9742 precision=0.9738 recall=0.9735 f1=0.9736
2026-09-18 23:12:56 | INFO    | epoch 21 train (eval, no aug) | loss 0.4070 | patch[7280]: accuracy=0.9922 precision=0.9919 recall=0.9921 f1=0.9920 | image[455]: accuracy=1.0000 precision=1.0000 recall=1.0000 f1=1.0000
2026-09-18 23:12:56 | INFO    | epoch 21 val | loss 1.1641 | patch[8448]: accuracy=0.6979 precision=0.6758 recall=0.6743 f1=0.6745 | image[96]: accuracy=0.7292 precision=0.7024 recall=0.7027 f1=0.7021
2026-09-18 23:12:56 | INFO    | val_patch_f1 = 0.6745 (best 0.6746 @ epoch 18)
2026-09-18 23:12:57 | INFO    | epoch 22 | batch 20/4266 | loss 0.4509 | acc 0.9719 | lr 5.05e-05 | 1s
2026-09-18 23:12:59 | INFO    | epoch 22 | batch 40/4266 | loss 0.4432 | acc 0.9766 | lr 5.05e-05 | 3s
2026-09-18 23:13:00 | INFO    | epoch 22 | batch 60/4266 | loss 0.4398 | acc 0.9766 | lr 5.04e-05 | 4s
2026-09-18 23:13:02 | INFO    | epoch 22 | batch 80/4266 | loss 0.4383 | acc 0.9781 | lr 5.04e-05 | 6s
2026-09-18 23:13:03 | INFO    | epoch 22 | batch 100/4266 | loss 0.4417 | acc 0.9759 | lr 5.04e-05 | 7s
2026-09-18 23:13:04 | INFO    | epoch 22 | batch 120/4266 | loss 0.4421 | acc 0.9760 | lr 5.04e-05 | 8s
2026-09-18 23:13:06 | INFO    | epoch 22 | batch 140/4266 | loss 0.4405 | acc 0.9766 | lr 5.04e-05 | 10s
2026-09-18 23:13:07 | INFO    | epoch 22 | batch 160/4266 | loss 0.4388 | acc 0.9779 | lr 5.03e-05 | 11s
2026-09-18 23:13:08 | INFO    | epoch 22 | batch 180/4266 | loss 0.4393 | acc 0.9781 | lr 5.03e-05 | 12s
2026-09-18 23:13:10 | INFO    | epoch 22 | batch 200/4266 | loss 0.4407 | acc 0.9772 | lr 5.03e-05 | 14s
2026-09-18 23:13:11 | INFO    | epoch 22 | batch 220/4266 | loss 0.4403 | acc 0.9776 | lr 5.03e-05 | 15s
2026-09-18 23:13:13 | INFO    | epoch 22 | batch 240/4266 | loss 0.4407 | acc 0.9771 | lr 5.03e-05 | 17s
2026-09-18 23:13:14 | INFO    | epoch 22 | batch 260/4266 | loss 0.4402 | acc 0.9772 | lr 5.03e-05 | 18s
2026-09-18 23:13:15 | INFO    | epoch 22 | batch 280/4266 | loss 0.4399 | acc 0.9773 | lr 5.02e-05 | 19s
2026-09-18 23:13:17 | INFO    | epoch 22 | batch 300/4266 | loss 0.4415 | acc 0.9767 | lr 5.02e-05 | 21s
2026-09-18 23:13:18 | INFO    | epoch 22 | batch 320/4266 | loss 0.4418 | acc 0.9765 | lr 5.02e-05 | 22s
2026-09-18 23:13:20 | INFO    | epoch 22 | batch 340/4266 | loss 0.4422 | acc 0.9760 | lr 5.02e-05 | 24s
2026-09-18 23:13:21 | INFO    | epoch 22 | batch 360/4266 | loss 0.4423 | acc 0.9756 | lr 5.02e-05 | 25s
2026-09-18 23:13:22 | INFO    | epoch 22 | batch 380/4266 | loss 0.4438 | acc 0.9751 | lr 5.01e-05 | 27s
2026-09-18 23:13:24 | INFO    | epoch 22 | batch 400/4266 | loss 0.4430 | acc 0.9755 | lr 5.01e-05 | 28s
2026-09-18 23:13:25 | INFO    | epoch 22 | batch 420/4266 | loss 0.4431 | acc 0.9758 | lr 5.01e-05 | 29s
2026-09-18 23:13:27 | INFO    | epoch 22 | batch 440/4266 | loss 0.4440 | acc 0.9757 | lr 5.01e-05 | 31s
2026-09-18 23:13:28 | INFO    | epoch 22 | batch 460/4266 | loss 0.4440 | acc 0.9755 | lr 5.01e-05 | 32s
2026-09-18 23:13:29 | INFO    | epoch 22 | batch 480/4266 | loss 0.4443 | acc 0.9753 | lr 5.00e-05 | 33s
2026-09-18 23:13:31 | INFO    | epoch 22 | batch 500/4266 | loss 0.4448 | acc 0.9749 | lr 5.00e-05 | 35s
2026-09-18 23:13:32 | INFO    | epoch 22 | batch 520/4266 | loss 0.4443 | acc 0.9751 | lr 5.00e-05 | 36s
2026-09-18 23:13:33 | INFO    | epoch 22 | batch 540/4266 | loss 0.4443 | acc 0.9752 | lr 5.00e-05 | 37s
2026-09-18 23:13:35 | INFO    | epoch 22 | batch 560/4266 | loss 0.4447 | acc 0.9748 | lr 5.00e-05 | 39s
2026-09-18 23:13:36 | INFO    | epoch 22 | batch 580/4266 | loss 0.4450 | acc 0.9746 | lr 4.99e-05 | 40s
2026-09-18 23:13:37 | INFO    | epoch 22 | batch 600/4266 | loss 0.4447 | acc 0.9748 | lr 4.99e-05 | 41s
2026-09-18 23:13:39 | INFO    | epoch 22 | batch 620/4266 | loss 0.4453 | acc 0.9745 | lr 4.99e-05 | 43s
2026-09-18 23:13:40 | INFO    | epoch 22 | batch 640/4266 | loss 0.4456 | acc 0.9744 | lr 4.99e-05 | 44s
2026-09-18 23:13:42 | INFO    | epoch 22 | batch 660/4266 | loss 0.4450 | acc 0.9748 | lr 4.99e-05 | 46s
2026-09-18 23:13:43 | INFO    | epoch 22 | batch 680/4266 | loss 0.4448 | acc 0.9749 | lr 4.98e-05 | 47s
2026-09-18 23:13:44 | INFO    | epoch 22 | batch 700/4266 | loss 0.4449 | acc 0.9750 | lr 4.98e-05 | 48s
2026-09-18 23:13:46 | INFO    | epoch 22 | batch 720/4266 | loss 0.4450 | acc 0.9749 | lr 4.98e-05 | 50s
2026-09-18 23:13:47 | INFO    | epoch 22 | batch 740/4266 | loss 0.4451 | acc 0.9749 | lr 4.98e-05 | 51s
2026-09-18 23:13:48 | INFO    | epoch 22 | batch 760/4266 | loss 0.4446 | acc 0.9751 | lr 4.98e-05 | 52s
2026-09-18 23:13:50 | INFO    | epoch 22 | batch 780/4266 | loss 0.4446 | acc 0.9750 | lr 4.98e-05 | 54s
2026-09-18 23:13:51 | INFO    | epoch 22 | batch 800/4266 | loss 0.4442 | acc 0.9752 | lr 4.97e-05 | 55s
2026-09-18 23:13:52 | INFO    | epoch 22 | batch 820/4266 | loss 0.4442 | acc 0.9752 | lr 4.97e-05 | 56s
2026-09-18 23:13:54 | INFO    | epoch 22 | batch 840/4266 | loss 0.4438 | acc 0.9752 | lr 4.97e-05 | 58s
2026-09-18 23:13:55 | INFO    | epoch 22 | batch 860/4266 | loss 0.4439 | acc 0.9751 | lr 4.97e-05 | 59s
2026-09-18 23:13:56 | INFO    | epoch 22 | batch 880/4266 | loss 0.4434 | acc 0.9754 | lr 4.97e-05 | 61s
2026-09-18 23:13:58 | INFO    | epoch 22 | batch 900/4266 | loss 0.4436 | acc 0.9752 | lr 4.96e-05 | 62s
2026-09-18 23:13:59 | INFO    | epoch 22 | batch 920/4266 | loss 0.4435 | acc 0.9752 | lr 4.96e-05 | 63s
2026-09-18 23:14:01 | INFO    | epoch 22 | batch 940/4266 | loss 0.4435 | acc 0.9752 | lr 4.96e-05 | 65s
2026-09-18 23:14:02 | INFO    | epoch 22 | batch 960/4266 | loss 0.4439 | acc 0.9750 | lr 4.96e-05 | 66s
2026-09-18 23:14:03 | INFO    | epoch 22 | batch 980/4266 | loss 0.4440 | acc 0.9749 | lr 4.96e-05 | 67s
2026-09-18 23:14:05 | INFO    | epoch 22 | batch 1000/4266 | loss 0.4438 | acc 0.9751 | lr 4.95e-05 | 69s
2026-09-18 23:14:06 | INFO    | epoch 22 | batch 1020/4266 | loss 0.4436 | acc 0.9752 | lr 4.95e-05 | 70s
2026-09-18 23:14:07 | INFO    | epoch 22 | batch 1040/4266 | loss 0.4436 | acc 0.9752 | lr 4.95e-05 | 71s
2026-09-18 23:14:09 | INFO    | epoch 22 | batch 1060/4266 | loss 0.4433 | acc 0.9753 | lr 4.95e-05 | 73s
2026-09-18 23:14:10 | INFO    | epoch 22 | batch 1080/4266 | loss 0.4433 | acc 0.9753 | lr 4.95e-05 | 74s
2026-09-18 23:14:11 | INFO    | epoch 22 | batch 1100/4266 | loss 0.4432 | acc 0.9753 | lr 4.94e-05 | 75s
2026-09-18 23:14:13 | INFO    | epoch 22 | batch 1120/4266 | loss 0.4433 | acc 0.9752 | lr 4.94e-05 | 77s
2026-09-18 23:14:14 | INFO    | epoch 22 | batch 1140/4266 | loss 0.4432 | acc 0.9753 | lr 4.94e-05 | 78s
2026-09-18 23:14:15 | INFO    | epoch 22 | batch 1160/4266 | loss 0.4429 | acc 0.9754 | lr 4.94e-05 | 80s
2026-09-18 23:14:17 | INFO    | epoch 22 | batch 1180/4266 | loss 0.4428 | acc 0.9754 | lr 4.94e-05 | 81s
2026-09-18 23:14:18 | INFO    | epoch 22 | batch 1200/4266 | loss 0.4425 | acc 0.9755 | lr 4.93e-05 | 82s
2026-09-18 23:14:20 | INFO    | epoch 22 | batch 1220/4266 | loss 0.4426 | acc 0.9755 | lr 4.93e-05 | 84s
2026-09-18 23:14:21 | INFO    | epoch 22 | batch 1240/4266 | loss 0.4428 | acc 0.9754 | lr 4.93e-05 | 85s
2026-09-18 23:14:22 | INFO    | epoch 22 | batch 1260/4266 | loss 0.4427 | acc 0.9755 | lr 4.93e-05 | 86s
2026-09-18 23:14:24 | INFO    | epoch 22 | batch 1280/4266 | loss 0.4424 | acc 0.9756 | lr 4.93e-05 | 88s
2026-09-18 23:14:25 | INFO    | epoch 22 | batch 1300/4266 | loss 0.4421 | acc 0.9758 | lr 4.93e-05 | 89s
2026-09-18 23:14:26 | INFO    | epoch 22 | batch 1320/4266 | loss 0.4422 | acc 0.9758 | lr 4.92e-05 | 90s
2026-09-18 23:14:28 | INFO    | epoch 22 | batch 1340/4266 | loss 0.4420 | acc 0.9760 | lr 4.92e-05 | 92s
2026-09-18 23:14:29 | INFO    | epoch 22 | batch 1360/4266 | loss 0.4419 | acc 0.9761 | lr 4.92e-05 | 93s
2026-09-18 23:14:30 | INFO    | epoch 22 | batch 1380/4266 | loss 0.4417 | acc 0.9760 | lr 4.92e-05 | 94s
2026-09-18 23:14:32 | INFO    | epoch 22 | batch 1400/4266 | loss 0.4418 | acc 0.9760 | lr 4.92e-05 | 96s
2026-09-18 23:14:33 | INFO    | epoch 22 | batch 1420/4266 | loss 0.4416 | acc 0.9762 | lr 4.91e-05 | 97s
2026-09-18 23:14:34 | INFO    | epoch 22 | batch 1440/4266 | loss 0.4418 | acc 0.9761 | lr 4.91e-05 | 98s
2026-09-18 23:14:36 | INFO    | epoch 22 | batch 1460/4266 | loss 0.4417 | acc 0.9762 | lr 4.91e-05 | 100s
2026-09-18 23:14:37 | INFO    | epoch 22 | batch 1480/4266 | loss 0.4416 | acc 0.9762 | lr 4.91e-05 | 101s
2026-09-18 23:14:38 | INFO    | epoch 22 | batch 1500/4266 | loss 0.4416 | acc 0.9762 | lr 4.91e-05 | 102s
2026-09-18 23:14:40 | INFO    | epoch 22 | batch 1520/4266 | loss 0.4416 | acc 0.9763 | lr 4.90e-05 | 104s
2026-09-18 23:14:41 | INFO    | epoch 22 | batch 1540/4266 | loss 0.4417 | acc 0.9762 | lr 4.90e-05 | 105s
2026-09-18 23:14:42 | INFO    | epoch 22 | batch 1560/4266 | loss 0.4415 | acc 0.9763 | lr 4.90e-05 | 107s
2026-09-18 23:14:44 | INFO    | epoch 22 | batch 1580/4266 | loss 0.4413 | acc 0.9763 | lr 4.90e-05 | 108s
2026-09-18 23:14:45 | INFO    | epoch 22 | batch 1600/4266 | loss 0.4413 | acc 0.9763 | lr 4.90e-05 | 109s
2026-09-18 23:14:47 | INFO    | epoch 22 | batch 1620/4266 | loss 0.4411 | acc 0.9764 | lr 4.89e-05 | 111s
2026-09-18 23:14:48 | INFO    | epoch 22 | batch 1640/4266 | loss 0.4411 | acc 0.9764 | lr 4.89e-05 | 112s
2026-09-18 23:14:49 | INFO    | epoch 22 | batch 1660/4266 | loss 0.4413 | acc 0.9763 | lr 4.89e-05 | 113s
2026-09-18 23:14:51 | INFO    | epoch 22 | batch 1680/4266 | loss 0.4413 | acc 0.9762 | lr 4.89e-05 | 115s
2026-09-18 23:14:52 | INFO    | epoch 22 | batch 1700/4266 | loss 0.4415 | acc 0.9761 | lr 4.89e-05 | 116s
2026-09-18 23:14:54 | INFO    | epoch 22 | batch 1720/4266 | loss 0.4415 | acc 0.9761 | lr 4.89e-05 | 118s
2026-09-18 23:14:55 | INFO    | epoch 22 | batch 1740/4266 | loss 0.4417 | acc 0.9759 | lr 4.88e-05 | 119s
2026-09-18 23:14:56 | INFO    | epoch 22 | batch 1760/4266 | loss 0.4417 | acc 0.9760 | lr 4.88e-05 | 120s
2026-09-18 23:14:58 | INFO    | epoch 22 | batch 1780/4266 | loss 0.4417 | acc 0.9760 | lr 4.88e-05 | 122s
2026-09-18 23:14:59 | INFO    | epoch 22 | batch 1800/4266 | loss 0.4417 | acc 0.9760 | lr 4.88e-05 | 123s
2026-09-18 23:15:00 | INFO    | epoch 22 | batch 1820/4266 | loss 0.4418 | acc 0.9760 | lr 4.88e-05 | 124s
2026-09-18 23:15:02 | INFO    | epoch 22 | batch 1840/4266 | loss 0.4419 | acc 0.9760 | lr 4.87e-05 | 126s
2026-09-18 23:15:03 | INFO    | epoch 22 | batch 1860/4266 | loss 0.4419 | acc 0.9760 | lr 4.87e-05 | 127s
2026-09-18 23:15:04 | INFO    | epoch 22 | batch 1880/4266 | loss 0.4418 | acc 0.9761 | lr 4.87e-05 | 128s
2026-09-18 23:15:06 | INFO    | epoch 22 | batch 1900/4266 | loss 0.4419 | acc 0.9761 | lr 4.87e-05 | 130s
2026-09-18 23:15:07 | INFO    | epoch 22 | batch 1920/4266 | loss 0.4419 | acc 0.9760 | lr 4.87e-05 | 131s
2026-09-18 23:15:08 | INFO    | epoch 22 | batch 1940/4266 | loss 0.4419 | acc 0.9759 | lr 4.86e-05 | 132s
2026-09-18 23:15:10 | INFO    | epoch 22 | batch 1960/4266 | loss 0.4419 | acc 0.9759 | lr 4.86e-05 | 134s
2026-09-18 23:15:11 | INFO    | epoch 22 | batch 1980/4266 | loss 0.4419 | acc 0.9759 | lr 4.86e-05 | 135s
2026-09-18 23:15:12 | INFO    | epoch 22 | batch 2000/4266 | loss 0.4418 | acc 0.9760 | lr 4.86e-05 | 136s
2026-09-18 23:15:14 | INFO    | epoch 22 | batch 2020/4266 | loss 0.4418 | acc 0.9760 | lr 4.86e-05 | 138s
2026-09-18 23:15:15 | INFO    | epoch 22 | batch 2040/4266 | loss 0.4418 | acc 0.9760 | lr 4.85e-05 | 139s
2026-09-18 23:15:16 | INFO    | epoch 22 | batch 2060/4266 | loss 0.4418 | acc 0.9760 | lr 4.85e-05 | 141s
2026-09-18 23:15:18 | INFO    | epoch 22 | batch 2080/4266 | loss 0.4419 | acc 0.9759 | lr 4.85e-05 | 142s
2026-09-18 23:15:19 | INFO    | epoch 22 | batch 2100/4266 | loss 0.4418 | acc 0.9760 | lr 4.85e-05 | 143s
2026-09-18 23:15:20 | INFO    | epoch 22 | batch 2120/4266 | loss 0.4417 | acc 0.9760 | lr 4.85e-05 | 145s
2026-09-18 23:15:22 | INFO    | epoch 22 | batch 2140/4266 | loss 0.4417 | acc 0.9761 | lr 4.84e-05 | 146s
2026-09-18 23:15:23 | INFO    | epoch 22 | batch 2160/4266 | loss 0.4416 | acc 0.9761 | lr 4.84e-05 | 147s
2026-09-18 23:15:25 | INFO    | epoch 22 | batch 2180/4266 | loss 0.4417 | acc 0.9761 | lr 4.84e-05 | 149s
2026-09-18 23:15:26 | INFO    | epoch 22 | batch 2200/4266 | loss 0.4416 | acc 0.9761 | lr 4.84e-05 | 150s
2026-09-18 23:15:27 | INFO    | epoch 22 | batch 2220/4266 | loss 0.4415 | acc 0.9762 | lr 4.84e-05 | 151s
2026-09-18 23:15:29 | INFO    | epoch 22 | batch 2240/4266 | loss 0.4415 | acc 0.9762 | lr 4.84e-05 | 153s
2026-09-18 23:15:30 | INFO    | epoch 22 | batch 2260/4266 | loss 0.4415 | acc 0.9762 | lr 4.83e-05 | 154s
2026-09-18 23:15:31 | INFO    | epoch 22 | batch 2280/4266 | loss 0.4415 | acc 0.9761 | lr 4.83e-05 | 155s
2026-09-18 23:15:33 | INFO    | epoch 22 | batch 2300/4266 | loss 0.4415 | acc 0.9761 | lr 4.83e-05 | 157s
2026-09-18 23:15:34 | INFO    | epoch 22 | batch 2320/4266 | loss 0.4413 | acc 0.9762 | lr 4.83e-05 | 158s
2026-09-18 23:15:36 | INFO    | epoch 22 | batch 2340/4266 | loss 0.4413 | acc 0.9762 | lr 4.83e-05 | 160s
2026-09-18 23:15:37 | INFO    | epoch 22 | batch 2360/4266 | loss 0.4413 | acc 0.9762 | lr 4.82e-05 | 161s
2026-09-18 23:15:38 | INFO    | epoch 22 | batch 2380/4266 | loss 0.4414 | acc 0.9761 | lr 4.82e-05 | 162s
2026-09-18 23:15:40 | INFO    | epoch 22 | batch 2400/4266 | loss 0.4414 | acc 0.9762 | lr 4.82e-05 | 164s
2026-09-18 23:15:41 | INFO    | epoch 22 | batch 2420/4266 | loss 0.4413 | acc 0.9762 | lr 4.82e-05 | 165s
2026-09-18 23:15:43 | INFO    | epoch 22 | batch 2440/4266 | loss 0.4415 | acc 0.9761 | lr 4.82e-05 | 167s
2026-09-18 23:15:44 | INFO    | epoch 22 | batch 2460/4266 | loss 0.4416 | acc 0.9760 | lr 4.81e-05 | 168s
2026-09-18 23:15:45 | INFO    | epoch 22 | batch 2480/4266 | loss 0.4414 | acc 0.9761 | lr 4.81e-05 | 169s
2026-09-18 23:15:47 | INFO    | epoch 22 | batch 2500/4266 | loss 0.4413 | acc 0.9761 | lr 4.81e-05 | 171s
2026-09-18 23:15:48 | INFO    | epoch 22 | batch 2520/4266 | loss 0.4414 | acc 0.9761 | lr 4.81e-05 | 172s
2026-09-18 23:15:49 | INFO    | epoch 22 | batch 2540/4266 | loss 0.4414 | acc 0.9762 | lr 4.81e-05 | 174s
2026-09-18 23:15:51 | INFO    | epoch 22 | batch 2560/4266 | loss 0.4415 | acc 0.9761 | lr 4.80e-05 | 175s
2026-09-18 23:15:52 | INFO    | epoch 22 | batch 2580/4266 | loss 0.4414 | acc 0.9762 | lr 4.80e-05 | 176s
2026-09-18 23:15:54 | INFO    | epoch 22 | batch 2600/4266 | loss 0.4415 | acc 0.9762 | lr 4.80e-05 | 178s
2026-09-18 23:15:55 | INFO    | epoch 22 | batch 2620/4266 | loss 0.4414 | acc 0.9762 | lr 4.80e-05 | 179s
2026-09-18 23:15:56 | INFO    | epoch 22 | batch 2640/4266 | loss 0.4415 | acc 0.9762 | lr 4.80e-05 | 180s
2026-09-18 23:15:58 | INFO    | epoch 22 | batch 2660/4266 | loss 0.4414 | acc 0.9761 | lr 4.79e-05 | 182s
2026-09-18 23:15:59 | INFO    | epoch 22 | batch 2680/4266 | loss 0.4415 | acc 0.9761 | lr 4.79e-05 | 183s
2026-09-18 23:16:00 | INFO    | epoch 22 | batch 2700/4266 | loss 0.4415 | acc 0.9761 | lr 4.79e-05 | 185s
2026-09-18 23:16:02 | INFO    | epoch 22 | batch 2720/4266 | loss 0.4413 | acc 0.9762 | lr 4.79e-05 | 186s
2026-09-18 23:16:03 | INFO    | epoch 22 | batch 2740/4266 | loss 0.4413 | acc 0.9762 | lr 4.79e-05 | 187s
2026-09-18 23:16:05 | INFO    | epoch 22 | batch 2760/4266 | loss 0.4413 | acc 0.9762 | lr 4.79e-05 | 189s
2026-09-18 23:16:06 | INFO    | epoch 22 | batch 2780/4266 | loss 0.4412 | acc 0.9762 | lr 4.78e-05 | 190s
2026-09-18 23:16:07 | INFO    | epoch 22 | batch 2800/4266 | loss 0.4413 | acc 0.9762 | lr 4.78e-05 | 191s
2026-09-18 23:16:09 | INFO    | epoch 22 | batch 2820/4266 | loss 0.4413 | acc 0.9762 | lr 4.78e-05 | 193s
2026-09-18 23:16:10 | INFO    | epoch 22 | batch 2840/4266 | loss 0.4414 | acc 0.9762 | lr 4.78e-05 | 194s
2026-09-18 23:16:12 | INFO    | epoch 22 | batch 2860/4266 | loss 0.4414 | acc 0.9761 | lr 4.78e-05 | 196s
2026-09-18 23:16:13 | INFO    | epoch 22 | batch 2880/4266 | loss 0.4416 | acc 0.9761 | lr 4.77e-05 | 197s
2026-09-18 23:16:14 | INFO    | epoch 22 | batch 2900/4266 | loss 0.4416 | acc 0.9761 | lr 4.77e-05 | 198s
2026-09-18 23:16:16 | INFO    | epoch 22 | batch 2920/4266 | loss 0.4417 | acc 0.9760 | lr 4.77e-05 | 200s
2026-09-18 23:16:17 | INFO    | epoch 22 | batch 2940/4266 | loss 0.4418 | acc 0.9760 | lr 4.77e-05 | 201s
2026-09-18 23:16:19 | INFO    | epoch 22 | batch 2960/4266 | loss 0.4418 | acc 0.9760 | lr 4.77e-05 | 203s
2026-09-18 23:16:20 | INFO    | epoch 22 | batch 2980/4266 | loss 0.4419 | acc 0.9759 | lr 4.76e-05 | 204s
2026-09-18 23:16:21 | INFO    | epoch 22 | batch 3000/4266 | loss 0.4419 | acc 0.9759 | lr 4.76e-05 | 205s
2026-09-18 23:16:23 | INFO    | epoch 22 | batch 3020/4266 | loss 0.4420 | acc 0.9759 | lr 4.76e-05 | 207s
2026-09-18 23:16:24 | INFO    | epoch 22 | batch 3040/4266 | loss 0.4421 | acc 0.9758 | lr 4.76e-05 | 208s
2026-09-18 23:16:25 | INFO    | epoch 22 | batch 3060/4266 | loss 0.4422 | acc 0.9758 | lr 4.76e-05 | 209s
2026-09-18 23:16:27 | INFO    | epoch 22 | batch 3080/4266 | loss 0.4422 | acc 0.9758 | lr 4.75e-05 | 211s
2026-09-18 23:16:28 | INFO    | epoch 22 | batch 3100/4266 | loss 0.4421 | acc 0.9759 | lr 4.75e-05 | 212s
2026-09-18 23:16:30 | INFO    | epoch 22 | batch 3120/4266 | loss 0.4421 | acc 0.9758 | lr 4.75e-05 | 214s
2026-09-18 23:16:31 | INFO    | epoch 22 | batch 3140/4266 | loss 0.4421 | acc 0.9758 | lr 4.75e-05 | 215s
2026-09-18 23:16:32 | INFO    | epoch 22 | batch 3160/4266 | loss 0.4420 | acc 0.9759 | lr 4.75e-05 | 216s
2026-09-18 23:16:34 | INFO    | epoch 22 | batch 3180/4266 | loss 0.4420 | acc 0.9759 | lr 4.75e-05 | 218s
2026-09-18 23:16:35 | INFO    | epoch 22 | batch 3200/4266 | loss 0.4421 | acc 0.9759 | lr 4.74e-05 | 219s
2026-09-18 23:16:36 | INFO    | epoch 22 | batch 3220/4266 | loss 0.4420 | acc 0.9760 | lr 4.74e-05 | 221s
2026-09-18 23:16:38 | INFO    | epoch 22 | batch 3240/4266 | loss 0.4420 | acc 0.9760 | lr 4.74e-05 | 222s
2026-09-18 23:16:39 | INFO    | epoch 22 | batch 3260/4266 | loss 0.4419 | acc 0.9760 | lr 4.74e-05 | 223s
2026-09-18 23:16:41 | INFO    | epoch 22 | batch 3280/4266 | loss 0.4419 | acc 0.9760 | lr 4.74e-05 | 225s
2026-09-18 23:16:42 | INFO    | epoch 22 | batch 3300/4266 | loss 0.4420 | acc 0.9760 | lr 4.73e-05 | 226s
2026-09-18 23:16:43 | INFO    | epoch 22 | batch 3320/4266 | loss 0.4419 | acc 0.9760 | lr 4.73e-05 | 227s
2026-09-18 23:16:45 | INFO    | epoch 22 | batch 3340/4266 | loss 0.4419 | acc 0.9759 | lr 4.73e-05 | 229s
2026-09-18 23:16:46 | INFO    | epoch 22 | batch 3360/4266 | loss 0.4420 | acc 0.9759 | lr 4.73e-05 | 230s
2026-09-18 23:16:47 | INFO    | epoch 22 | batch 3380/4266 | loss 0.4421 | acc 0.9759 | lr 4.73e-05 | 231s
2026-09-18 23:16:49 | INFO    | epoch 22 | batch 3400/4266 | loss 0.4420 | acc 0.9759 | lr 4.72e-05 | 233s
2026-09-18 23:16:50 | INFO    | epoch 22 | batch 3420/4266 | loss 0.4420 | acc 0.9759 | lr 4.72e-05 | 234s
2026-09-18 23:16:52 | INFO    | epoch 22 | batch 3440/4266 | loss 0.4420 | acc 0.9759 | lr 4.72e-05 | 236s
2026-09-18 23:16:53 | INFO    | epoch 22 | batch 3460/4266 | loss 0.4420 | acc 0.9759 | lr 4.72e-05 | 237s
2026-09-18 23:16:54 | INFO    | epoch 22 | batch 3480/4266 | loss 0.4420 | acc 0.9760 | lr 4.72e-05 | 238s
2026-09-18 23:16:56 | INFO    | epoch 22 | batch 3500/4266 | loss 0.4420 | acc 0.9759 | lr 4.71e-05 | 240s
2026-09-18 23:16:57 | INFO    | epoch 22 | batch 3520/4266 | loss 0.4421 | acc 0.9759 | lr 4.71e-05 | 241s
2026-09-18 23:16:59 | INFO    | epoch 22 | batch 3540/4266 | loss 0.4420 | acc 0.9759 | lr 4.71e-05 | 243s
2026-09-18 23:17:00 | INFO    | epoch 22 | batch 3560/4266 | loss 0.4420 | acc 0.9759 | lr 4.71e-05 | 244s
2026-09-18 23:17:01 | INFO    | epoch 22 | batch 3580/4266 | loss 0.4421 | acc 0.9759 | lr 4.71e-05 | 245s
2026-09-18 23:17:03 | INFO    | epoch 22 | batch 3600/4266 | loss 0.4422 | acc 0.9759 | lr 4.70e-05 | 247s
2026-09-18 23:17:04 | INFO    | epoch 22 | batch 3620/4266 | loss 0.4422 | acc 0.9759 | lr 4.70e-05 | 248s
2026-09-18 23:17:05 | INFO    | epoch 22 | batch 3640/4266 | loss 0.4420 | acc 0.9759 | lr 4.70e-05 | 249s
2026-09-18 23:17:07 | INFO    | epoch 22 | batch 3660/4266 | loss 0.4421 | acc 0.9759 | lr 4.70e-05 | 251s
2026-09-18 23:17:08 | INFO    | epoch 22 | batch 3680/4266 | loss 0.4420 | acc 0.9759 | lr 4.70e-05 | 252s
2026-09-18 23:17:10 | INFO    | epoch 22 | batch 3700/4266 | loss 0.4421 | acc 0.9759 | lr 4.70e-05 | 254s
2026-09-18 23:17:11 | INFO    | epoch 22 | batch 3720/4266 | loss 0.4421 | acc 0.9758 | lr 4.69e-05 | 255s
2026-09-18 23:17:12 | INFO    | epoch 22 | batch 3740/4266 | loss 0.4422 | acc 0.9758 | lr 4.69e-05 | 256s
2026-09-18 23:17:14 | INFO    | epoch 22 | batch 3760/4266 | loss 0.4421 | acc 0.9759 | lr 4.69e-05 | 258s
2026-09-18 23:17:15 | INFO    | epoch 22 | batch 3780/4266 | loss 0.4421 | acc 0.9759 | lr 4.69e-05 | 259s
2026-09-18 23:17:16 | INFO    | epoch 22 | batch 3800/4266 | loss 0.4420 | acc 0.9759 | lr 4.69e-05 | 260s
2026-09-18 23:17:18 | INFO    | epoch 22 | batch 3820/4266 | loss 0.4419 | acc 0.9759 | lr 4.68e-05 | 262s
2026-09-18 23:17:19 | INFO    | epoch 22 | batch 3840/4266 | loss 0.4419 | acc 0.9759 | lr 4.68e-05 | 263s
2026-09-18 23:17:20 | INFO    | epoch 22 | batch 3860/4266 | loss 0.4420 | acc 0.9759 | lr 4.68e-05 | 265s
2026-09-18 23:17:22 | INFO    | epoch 22 | batch 3880/4266 | loss 0.4419 | acc 0.9760 | lr 4.68e-05 | 266s
2026-09-18 23:17:23 | INFO    | epoch 22 | batch 3900/4266 | loss 0.4419 | acc 0.9760 | lr 4.68e-05 | 267s
2026-09-18 23:17:25 | INFO    | epoch 22 | batch 3920/4266 | loss 0.4418 | acc 0.9760 | lr 4.67e-05 | 269s
2026-09-18 23:17:26 | INFO    | epoch 22 | batch 3940/4266 | loss 0.4418 | acc 0.9760 | lr 4.67e-05 | 270s
2026-09-18 23:17:27 | INFO    | epoch 22 | batch 3960/4266 | loss 0.4418 | acc 0.9761 | lr 4.67e-05 | 271s
2026-09-18 23:17:29 | INFO    | epoch 22 | batch 3980/4266 | loss 0.4419 | acc 0.9760 | lr 4.67e-05 | 273s
2026-09-18 23:17:30 | INFO    | epoch 22 | batch 4000/4266 | loss 0.4418 | acc 0.9760 | lr 4.67e-05 | 274s
2026-09-18 23:17:31 | INFO    | epoch 22 | batch 4020/4266 | loss 0.4418 | acc 0.9760 | lr 4.66e-05 | 275s
2026-09-18 23:17:33 | INFO    | epoch 22 | batch 4040/4266 | loss 0.4418 | acc 0.9760 | lr 4.66e-05 | 277s
2026-09-18 23:17:34 | INFO    | epoch 22 | batch 4060/4266 | loss 0.4417 | acc 0.9760 | lr 4.66e-05 | 278s
2026-09-18 23:17:36 | INFO    | epoch 22 | batch 4080/4266 | loss 0.4418 | acc 0.9760 | lr 4.66e-05 | 280s
2026-09-18 23:17:37 | INFO    | epoch 22 | batch 4100/4266 | loss 0.4417 | acc 0.9760 | lr 4.66e-05 | 281s
2026-09-18 23:17:38 | INFO    | epoch 22 | batch 4120/4266 | loss 0.4418 | acc 0.9760 | lr 4.66e-05 | 282s
2026-09-18 23:17:40 | INFO    | epoch 22 | batch 4140/4266 | loss 0.4418 | acc 0.9760 | lr 4.65e-05 | 284s
2026-09-18 23:17:41 | INFO    | epoch 22 | batch 4160/4266 | loss 0.4418 | acc 0.9761 | lr 4.65e-05 | 285s
2026-09-18 23:17:42 | INFO    | epoch 22 | batch 4180/4266 | loss 0.4418 | acc 0.9761 | lr 4.65e-05 | 286s
2026-09-18 23:17:44 | INFO    | epoch 22 | batch 4200/4266 | loss 0.4417 | acc 0.9761 | lr 4.65e-05 | 288s
2026-09-18 23:17:45 | INFO    | epoch 22 | batch 4220/4266 | loss 0.4418 | acc 0.9761 | lr 4.65e-05 | 289s
2026-09-18 23:17:47 | INFO    | epoch 22 | batch 4240/4266 | loss 0.4418 | acc 0.9760 | lr 4.64e-05 | 291s
2026-09-18 23:17:48 | INFO    | epoch 22 | batch 4260/4266 | loss 0.4417 | acc 0.9761 | lr 4.64e-05 | 292s
2026-09-18 23:17:48 | INFO    | epoch 22 | batch 4266/4266 | loss 0.4417 | acc 0.9761 | lr 4.64e-05 | 292s
2026-09-18 23:17:58 | INFO    | epoch 22/40 done in 302s | train loss 0.4417 | train running patch (aug): accuracy=0.9761 precision=0.9759 recall=0.9752 f1=0.9755
2026-09-18 23:17:58 | INFO    | epoch 22 train (eval, no aug) | loss 0.4045 | patch[7280]: accuracy=0.9941 precision=0.9942 recall=0.9940 f1=0.9941 | image[455]: accuracy=1.0000 precision=1.0000 recall=1.0000 f1=1.0000
2026-09-18 23:17:58 | INFO    | epoch 22 val | loss 1.1666 | patch[8448]: accuracy=0.7009 precision=0.6779 recall=0.6757 f1=0.6759 | image[96]: accuracy=0.7604 precision=0.7363 recall=0.7314 f1=0.7308
2026-09-18 23:17:58 | INFO    | val_patch_f1 = 0.6759 (best 0.6759 @ epoch 22) *
2026-09-18 23:18:00 | INFO    | epoch 23 | batch 20/4266 | loss 0.4407 | acc 0.9750 | lr 4.64e-05 | 1s
2026-09-18 23:18:01 | INFO    | epoch 23 | batch 40/4266 | loss 0.4310 | acc 0.9805 | lr 4.64e-05 | 3s
2026-09-18 23:18:02 | INFO    | epoch 23 | batch 60/4266 | loss 0.4331 | acc 0.9786 | lr 4.64e-05 | 4s
2026-09-18 23:18:04 | INFO    | epoch 23 | batch 80/4266 | loss 0.4331 | acc 0.9785 | lr 4.63e-05 | 6s
2026-09-18 23:18:05 | INFO    | epoch 23 | batch 100/4266 | loss 0.4353 | acc 0.9775 | lr 4.63e-05 | 7s
2026-09-18 23:18:07 | INFO    | epoch 23 | batch 120/4266 | loss 0.4367 | acc 0.9771 | lr 4.63e-05 | 8s
2026-09-18 23:18:08 | INFO    | epoch 23 | batch 140/4266 | loss 0.4356 | acc 0.9781 | lr 4.63e-05 | 10s
2026-09-18 23:18:09 | INFO    | epoch 23 | batch 160/4266 | loss 0.4359 | acc 0.9779 | lr 4.63e-05 | 11s
2026-09-18 23:18:11 | INFO    | epoch 23 | batch 180/4266 | loss 0.4350 | acc 0.9788 | lr 4.62e-05 | 12s
2026-09-18 23:18:12 | INFO    | epoch 23 | batch 200/4266 | loss 0.4384 | acc 0.9773 | lr 4.62e-05 | 14s
2026-09-18 23:18:13 | INFO    | epoch 23 | batch 220/4266 | loss 0.4402 | acc 0.9770 | lr 4.62e-05 | 15s
2026-09-18 23:18:15 | INFO    | epoch 23 | batch 240/4266 | loss 0.4411 | acc 0.9767 | lr 4.62e-05 | 16s
2026-09-18 23:18:16 | INFO    | epoch 23 | batch 260/4266 | loss 0.4405 | acc 0.9770 | lr 4.62e-05 | 18s
2026-09-18 23:18:17 | INFO    | epoch 23 | batch 280/4266 | loss 0.4398 | acc 0.9775 | lr 4.61e-05 | 19s
2026-09-18 23:18:19 | INFO    | epoch 23 | batch 300/4266 | loss 0.4392 | acc 0.9776 | lr 4.61e-05 | 21s
2026-09-18 23:18:20 | INFO    | epoch 23 | batch 320/4266 | loss 0.4386 | acc 0.9778 | lr 4.61e-05 | 22s
2026-09-18 23:18:21 | INFO    | epoch 23 | batch 340/4266 | loss 0.4377 | acc 0.9784 | lr 4.61e-05 | 23s
2026-09-18 23:18:23 | INFO    | epoch 23 | batch 360/4266 | loss 0.4384 | acc 0.9780 | lr 4.61e-05 | 25s
2026-09-18 23:18:24 | INFO    | epoch 23 | batch 380/4266 | loss 0.4383 | acc 0.9780 | lr 4.60e-05 | 26s
2026-09-18 23:18:26 | INFO    | epoch 23 | batch 400/4266 | loss 0.4378 | acc 0.9782 | lr 4.60e-05 | 27s
2026-09-18 23:18:27 | INFO    | epoch 23 | batch 420/4266 | loss 0.4379 | acc 0.9783 | lr 4.60e-05 | 29s
2026-09-18 23:18:28 | INFO    | epoch 23 | batch 440/4266 | loss 0.4372 | acc 0.9787 | lr 4.60e-05 | 30s
2026-09-18 23:18:30 | INFO    | epoch 23 | batch 460/4266 | loss 0.4374 | acc 0.9787 | lr 4.60e-05 | 32s
2026-09-18 23:18:31 | INFO    | epoch 23 | batch 480/4266 | loss 0.4371 | acc 0.9787 | lr 4.60e-05 | 33s
2026-09-18 23:18:32 | INFO    | epoch 23 | batch 500/4266 | loss 0.4369 | acc 0.9788 | lr 4.59e-05 | 34s
2026-09-18 23:18:34 | INFO    | epoch 23 | batch 520/4266 | loss 0.4366 | acc 0.9788 | lr 4.59e-05 | 36s
2026-09-18 23:18:35 | INFO    | epoch 23 | batch 540/4266 | loss 0.4370 | acc 0.9786 | lr 4.59e-05 | 37s
2026-09-18 23:18:37 | INFO    | epoch 23 | batch 560/4266 | loss 0.4379 | acc 0.9783 | lr 4.59e-05 | 38s
2026-09-18 23:18:38 | INFO    | epoch 23 | batch 580/4266 | loss 0.4385 | acc 0.9780 | lr 4.59e-05 | 40s
2026-09-18 23:18:39 | INFO    | epoch 23 | batch 600/4266 | loss 0.4383 | acc 0.9781 | lr 4.58e-05 | 41s
2026-09-18 23:18:41 | INFO    | epoch 23 | batch 620/4266 | loss 0.4381 | acc 0.9781 | lr 4.58e-05 | 43s
2026-09-18 23:18:42 | INFO    | epoch 23 | batch 640/4266 | loss 0.4375 | acc 0.9784 | lr 4.58e-05 | 44s
2026-09-18 23:18:44 | INFO    | epoch 23 | batch 660/4266 | loss 0.4375 | acc 0.9785 | lr 4.58e-05 | 45s
2026-09-18 23:18:45 | INFO    | epoch 23 | batch 680/4266 | loss 0.4371 | acc 0.9787 | lr 4.58e-05 | 47s
2026-09-18 23:18:46 | INFO    | epoch 23 | batch 700/4266 | loss 0.4370 | acc 0.9788 | lr 4.57e-05 | 48s
2026-09-18 23:18:48 | INFO    | epoch 23 | batch 720/4266 | loss 0.4371 | acc 0.9786 | lr 4.57e-05 | 50s
2026-09-18 23:18:49 | INFO    | epoch 23 | batch 740/4266 | loss 0.4373 | acc 0.9785 | lr 4.57e-05 | 51s
2026-09-18 23:18:51 | INFO    | epoch 23 | batch 760/4266 | loss 0.4379 | acc 0.9782 | lr 4.57e-05 | 53s
2026-09-18 23:18:52 | INFO    | epoch 23 | batch 780/4266 | loss 0.4376 | acc 0.9783 | lr 4.57e-05 | 54s
2026-09-18 23:18:54 | INFO    | epoch 23 | batch 800/4266 | loss 0.4380 | acc 0.9782 | lr 4.56e-05 | 56s
2026-09-18 23:18:55 | INFO    | epoch 23 | batch 820/4266 | loss 0.4385 | acc 0.9779 | lr 4.56e-05 | 57s
2026-09-18 23:18:56 | INFO    | epoch 23 | batch 840/4266 | loss 0.4389 | acc 0.9777 | lr 4.56e-05 | 58s
2026-09-18 23:18:58 | INFO    | epoch 23 | batch 860/4266 | loss 0.4389 | acc 0.9777 | lr 4.56e-05 | 60s
2026-09-18 23:18:59 | INFO    | epoch 23 | batch 880/4266 | loss 0.4390 | acc 0.9775 | lr 4.56e-05 | 61s
2026-09-18 23:19:01 | INFO    | epoch 23 | batch 900/4266 | loss 0.4389 | acc 0.9775 | lr 4.56e-05 | 62s
2026-09-18 23:19:02 | INFO    | epoch 23 | batch 920/4266 | loss 0.4390 | acc 0.9775 | lr 4.55e-05 | 64s
2026-09-18 23:19:03 | INFO    | epoch 23 | batch 940/4266 | loss 0.4390 | acc 0.9775 | lr 4.55e-05 | 65s
2026-09-18 23:19:05 | INFO    | epoch 23 | batch 960/4266 | loss 0.4393 | acc 0.9773 | lr 4.55e-05 | 67s
2026-09-18 23:19:06 | INFO    | epoch 23 | batch 980/4266 | loss 0.4393 | acc 0.9773 | lr 4.55e-05 | 68s
2026-09-18 23:19:08 | INFO    | epoch 23 | batch 1000/4266 | loss 0.4394 | acc 0.9773 | lr 4.55e-05 | 70s
2026-09-18 23:19:09 | INFO    | epoch 23 | batch 1020/4266 | loss 0.4392 | acc 0.9774 | lr 4.54e-05 | 71s
2026-09-18 23:19:11 | INFO    | epoch 23 | batch 1040/4266 | loss 0.4392 | acc 0.9775 | lr 4.54e-05 | 72s
2026-09-18 23:19:12 | INFO    | epoch 23 | batch 1060/4266 | loss 0.4389 | acc 0.9776 | lr 4.54e-05 | 74s
2026-09-18 23:19:13 | INFO    | epoch 23 | batch 1080/4266 | loss 0.4389 | acc 0.9776 | lr 4.54e-05 | 75s
2026-09-18 23:19:15 | INFO    | epoch 23 | batch 1100/4266 | loss 0.4384 | acc 0.9778 | lr 4.54e-05 | 77s
2026-09-18 23:19:16 | INFO    | epoch 23 | batch 1120/4266 | loss 0.4389 | acc 0.9777 | lr 4.53e-05 | 78s
2026-09-18 23:19:18 | INFO    | epoch 23 | batch 1140/4266 | loss 0.4393 | acc 0.9775 | lr 4.53e-05 | 79s
2026-09-18 23:19:19 | INFO    | epoch 23 | batch 1160/4266 | loss 0.4392 | acc 0.9776 | lr 4.53e-05 | 81s
2026-09-18 23:19:21 | INFO    | epoch 23 | batch 1180/4266 | loss 0.4394 | acc 0.9775 | lr 4.53e-05 | 82s
2026-09-18 23:19:22 | INFO    | epoch 23 | batch 1200/4266 | loss 0.4394 | acc 0.9774 | lr 4.53e-05 | 84s
2026-09-18 23:19:23 | INFO    | epoch 23 | batch 1220/4266 | loss 0.4393 | acc 0.9774 | lr 4.52e-05 | 85s
2026-09-18 23:19:25 | INFO    | epoch 23 | batch 1240/4266 | loss 0.4392 | acc 0.9774 | lr 4.52e-05 | 87s
2026-09-18 23:19:26 | INFO    | epoch 23 | batch 1260/4266 | loss 0.4392 | acc 0.9774 | lr 4.52e-05 | 88s
2026-09-18 23:19:28 | INFO    | epoch 23 | batch 1280/4266 | loss 0.4391 | acc 0.9774 | lr 4.52e-05 | 89s
2026-09-18 23:19:29 | INFO    | epoch 23 | batch 1300/4266 | loss 0.4393 | acc 0.9773 | lr 4.52e-05 | 91s
2026-09-18 23:19:30 | INFO    | epoch 23 | batch 1320/4266 | loss 0.4392 | acc 0.9773 | lr 4.52e-05 | 92s
2026-09-18 23:19:32 | INFO    | epoch 23 | batch 1340/4266 | loss 0.4390 | acc 0.9774 | lr 4.51e-05 | 94s
2026-09-18 23:19:33 | INFO    | epoch 23 | batch 1360/4266 | loss 0.4388 | acc 0.9776 | lr 4.51e-05 | 95s
2026-09-18 23:19:35 | INFO    | epoch 23 | batch 1380/4266 | loss 0.4390 | acc 0.9775 | lr 4.51e-05 | 96s
2026-09-18 23:19:36 | INFO    | epoch 23 | batch 1400/4266 | loss 0.4390 | acc 0.9775 | lr 4.51e-05 | 98s
2026-09-18 23:19:37 | INFO    | epoch 23 | batch 1420/4266 | loss 0.4388 | acc 0.9776 | lr 4.51e-05 | 99s
2026-09-18 23:19:39 | INFO    | epoch 23 | batch 1440/4266 | loss 0.4387 | acc 0.9776 | lr 4.50e-05 | 101s
2026-09-18 23:19:40 | INFO    | epoch 23 | batch 1460/4266 | loss 0.4388 | acc 0.9776 | lr 4.50e-05 | 102s
2026-09-18 23:19:42 | INFO    | epoch 23 | batch 1480/4266 | loss 0.4386 | acc 0.9777 | lr 4.50e-05 | 104s
2026-09-18 23:19:43 | INFO    | epoch 23 | batch 1500/4266 | loss 0.4385 | acc 0.9778 | lr 4.50e-05 | 105s
2026-09-18 23:19:45 | INFO    | epoch 23 | batch 1520/4266 | loss 0.4388 | acc 0.9777 | lr 4.50e-05 | 106s
2026-09-18 23:19:46 | INFO    | epoch 23 | batch 1540/4266 | loss 0.4390 | acc 0.9776 | lr 4.49e-05 | 108s
2026-09-18 23:19:47 | INFO    | epoch 23 | batch 1560/4266 | loss 0.4392 | acc 0.9776 | lr 4.49e-05 | 109s
2026-09-18 23:19:49 | INFO    | epoch 23 | batch 1580/4266 | loss 0.4391 | acc 0.9776 | lr 4.49e-05 | 111s
2026-09-18 23:19:50 | INFO    | epoch 23 | batch 1600/4266 | loss 0.4391 | acc 0.9776 | lr 4.49e-05 | 112s
2026-09-18 23:19:52 | INFO    | epoch 23 | batch 1620/4266 | loss 0.4394 | acc 0.9775 | lr 4.49e-05 | 114s
2026-09-18 23:19:53 | INFO    | epoch 23 | batch 1640/4266 | loss 0.4393 | acc 0.9775 | lr 4.48e-05 | 115s
2026-09-18 23:19:55 | INFO    | epoch 23 | batch 1660/4266 | loss 0.4392 | acc 0.9776 | lr 4.48e-05 | 116s
2026-09-18 23:19:56 | INFO    | epoch 23 | batch 1680/4266 | loss 0.4394 | acc 0.9774 | lr 4.48e-05 | 118s
2026-09-18 23:19:57 | INFO    | epoch 23 | batch 1700/4266 | loss 0.4394 | acc 0.9774 | lr 4.48e-05 | 119s
2026-09-18 23:19:59 | INFO    | epoch 23 | batch 1720/4266 | loss 0.4393 | acc 0.9775 | lr 4.48e-05 | 121s
2026-09-18 23:20:00 | INFO    | epoch 23 | batch 1740/4266 | loss 0.4392 | acc 0.9775 | lr 4.48e-05 | 122s
2026-09-18 23:20:02 | INFO    | epoch 23 | batch 1760/4266 | loss 0.4391 | acc 0.9776 | lr 4.47e-05 | 123s
2026-09-18 23:20:03 | INFO    | epoch 23 | batch 1780/4266 | loss 0.4389 | acc 0.9777 | lr 4.47e-05 | 125s
2026-09-18 23:20:04 | INFO    | epoch 23 | batch 1800/4266 | loss 0.4391 | acc 0.9776 | lr 4.47e-05 | 126s
2026-09-18 23:20:06 | INFO    | epoch 23 | batch 1820/4266 | loss 0.4391 | acc 0.9775 | lr 4.47e-05 | 128s
2026-09-18 23:20:07 | INFO    | epoch 23 | batch 1840/4266 | loss 0.4392 | acc 0.9775 | lr 4.47e-05 | 129s
2026-09-18 23:20:09 | INFO    | epoch 23 | batch 1860/4266 | loss 0.4391 | acc 0.9775 | lr 4.46e-05 | 130s
2026-09-18 23:20:10 | INFO    | epoch 23 | batch 1880/4266 | loss 0.4391 | acc 0.9775 | lr 4.46e-05 | 132s
2026-09-18 23:20:11 | INFO    | epoch 23 | batch 1900/4266 | loss 0.4391 | acc 0.9775 | lr 4.46e-05 | 133s
2026-09-18 23:20:13 | INFO    | epoch 23 | batch 1920/4266 | loss 0.4391 | acc 0.9775 | lr 4.46e-05 | 135s
2026-09-18 23:20:14 | INFO    | epoch 23 | batch 1940/4266 | loss 0.4390 | acc 0.9775 | lr 4.46e-05 | 136s
2026-09-18 23:20:16 | INFO    | epoch 23 | batch 1960/4266 | loss 0.4391 | acc 0.9775 | lr 4.45e-05 | 137s
2026-09-18 23:20:17 | INFO    | epoch 23 | batch 1980/4266 | loss 0.4392 | acc 0.9775 | lr 4.45e-05 | 139s
2026-09-18 23:20:18 | INFO    | epoch 23 | batch 2000/4266 | loss 0.4393 | acc 0.9774 | lr 4.45e-05 | 140s
2026-09-18 23:20:20 | INFO    | epoch 23 | batch 2020/4266 | loss 0.4392 | acc 0.9774 | lr 4.45e-05 | 141s
2026-09-18 23:20:21 | INFO    | epoch 23 | batch 2040/4266 | loss 0.4392 | acc 0.9774 | lr 4.45e-05 | 143s
2026-09-18 23:20:22 | INFO    | epoch 23 | batch 2060/4266 | loss 0.4392 | acc 0.9775 | lr 4.44e-05 | 144s
2026-09-18 23:20:24 | INFO    | epoch 23 | batch 2080/4266 | loss 0.4392 | acc 0.9775 | lr 4.44e-05 | 145s
2026-09-18 23:20:25 | INFO    | epoch 23 | batch 2100/4266 | loss 0.4391 | acc 0.9775 | lr 4.44e-05 | 147s
2026-09-18 23:20:26 | INFO    | epoch 23 | batch 2120/4266 | loss 0.4391 | acc 0.9775 | lr 4.44e-05 | 148s
2026-09-18 23:20:28 | INFO    | epoch 23 | batch 2140/4266 | loss 0.4392 | acc 0.9775 | lr 4.44e-05 | 149s
2026-09-18 23:20:29 | INFO    | epoch 23 | batch 2160/4266 | loss 0.4391 | acc 0.9775 | lr 4.44e-05 | 151s
2026-09-18 23:20:30 | INFO    | epoch 23 | batch 2180/4266 | loss 0.4391 | acc 0.9775 | lr 4.43e-05 | 152s
2026-09-18 23:20:32 | INFO    | epoch 23 | batch 2200/4266 | loss 0.4391 | acc 0.9775 | lr 4.43e-05 | 154s
2026-09-18 23:20:33 | INFO    | epoch 23 | batch 2220/4266 | loss 0.4390 | acc 0.9775 | lr 4.43e-05 | 155s
2026-09-18 23:20:35 | INFO    | epoch 23 | batch 2240/4266 | loss 0.4390 | acc 0.9775 | lr 4.43e-05 | 156s
2026-09-18 23:20:36 | INFO    | epoch 23 | batch 2260/4266 | loss 0.4391 | acc 0.9775 | lr 4.43e-05 | 158s
2026-09-18 23:20:37 | INFO    | epoch 23 | batch 2280/4266 | loss 0.4390 | acc 0.9775 | lr 4.42e-05 | 159s
2026-09-18 23:20:39 | INFO    | epoch 23 | batch 2300/4266 | loss 0.4390 | acc 0.9776 | lr 4.42e-05 | 161s
2026-09-18 23:20:40 | INFO    | epoch 23 | batch 2320/4266 | loss 0.4389 | acc 0.9776 | lr 4.42e-05 | 162s
2026-09-18 23:20:42 | INFO    | epoch 23 | batch 2340/4266 | loss 0.4389 | acc 0.9776 | lr 4.42e-05 | 163s
2026-09-18 23:20:43 | INFO    | epoch 23 | batch 2360/4266 | loss 0.4388 | acc 0.9776 | lr 4.42e-05 | 165s
2026-09-18 23:20:44 | INFO    | epoch 23 | batch 2380/4266 | loss 0.4387 | acc 0.9777 | lr 4.41e-05 | 166s
2026-09-18 23:20:46 | INFO    | epoch 23 | batch 2400/4266 | loss 0.4386 | acc 0.9777 | lr 4.41e-05 | 167s
2026-09-18 23:20:47 | INFO    | epoch 23 | batch 2420/4266 | loss 0.4385 | acc 0.9778 | lr 4.41e-05 | 169s
2026-09-18 23:20:48 | INFO    | epoch 23 | batch 2440/4266 | loss 0.4384 | acc 0.9779 | lr 4.41e-05 | 170s
2026-09-18 23:20:50 | INFO    | epoch 23 | batch 2460/4266 | loss 0.4385 | acc 0.9779 | lr 4.41e-05 | 172s
2026-09-18 23:20:51 | INFO    | epoch 23 | batch 2480/4266 | loss 0.4386 | acc 0.9778 | lr 4.40e-05 | 173s
2026-09-18 23:20:53 | INFO    | epoch 23 | batch 2500/4266 | loss 0.4385 | acc 0.9778 | lr 4.40e-05 | 174s
2026-09-18 23:20:54 | INFO    | epoch 23 | batch 2520/4266 | loss 0.4384 | acc 0.9779 | lr 4.40e-05 | 176s
2026-09-18 23:20:55 | INFO    | epoch 23 | batch 2540/4266 | loss 0.4383 | acc 0.9779 | lr 4.40e-05 | 177s
2026-09-18 23:20:57 | INFO    | epoch 23 | batch 2560/4266 | loss 0.4384 | acc 0.9778 | lr 4.40e-05 | 179s
2026-09-18 23:20:58 | INFO    | epoch 23 | batch 2580/4266 | loss 0.4384 | acc 0.9778 | lr 4.40e-05 | 180s
2026-09-18 23:21:00 | INFO    | epoch 23 | batch 2600/4266 | loss 0.4385 | acc 0.9778 | lr 4.39e-05 | 181s
2026-09-18 23:21:01 | INFO    | epoch 23 | batch 2620/4266 | loss 0.4385 | acc 0.9779 | lr 4.39e-05 | 183s
2026-09-18 23:21:02 | INFO    | epoch 23 | batch 2640/4266 | loss 0.4385 | acc 0.9778 | lr 4.39e-05 | 184s
2026-09-18 23:21:04 | INFO    | epoch 23 | batch 2660/4266 | loss 0.4385 | acc 0.9778 | lr 4.39e-05 | 185s
2026-09-18 23:21:05 | INFO    | epoch 23 | batch 2680/4266 | loss 0.4385 | acc 0.9779 | lr 4.39e-05 | 187s
2026-09-18 23:21:06 | INFO    | epoch 23 | batch 2700/4266 | loss 0.4385 | acc 0.9779 | lr 4.38e-05 | 188s
2026-09-18 23:21:08 | INFO    | epoch 23 | batch 2720/4266 | loss 0.4386 | acc 0.9778 | lr 4.38e-05 | 190s
2026-09-18 23:21:09 | INFO    | epoch 23 | batch 2740/4266 | loss 0.4385 | acc 0.9778 | lr 4.38e-05 | 191s
2026-09-18 23:21:11 | INFO    | epoch 23 | batch 2760/4266 | loss 0.4385 | acc 0.9779 | lr 4.38e-05 | 192s
2026-09-18 23:21:12 | INFO    | epoch 23 | batch 2780/4266 | loss 0.4385 | acc 0.9778 | lr 4.38e-05 | 194s
2026-09-18 23:21:13 | INFO    | epoch 23 | batch 2800/4266 | loss 0.4386 | acc 0.9778 | lr 4.37e-05 | 195s
2026-09-18 23:21:15 | INFO    | epoch 23 | batch 2820/4266 | loss 0.4385 | acc 0.9778 | lr 4.37e-05 | 197s
2026-09-18 23:21:16 | INFO    | epoch 23 | batch 2840/4266 | loss 0.4385 | acc 0.9778 | lr 4.37e-05 | 198s
2026-09-18 23:21:18 | INFO    | epoch 23 | batch 2860/4266 | loss 0.4383 | acc 0.9779 | lr 4.37e-05 | 199s
2026-09-18 23:21:19 | INFO    | epoch 23 | batch 2880/4266 | loss 0.4383 | acc 0.9779 | lr 4.37e-05 | 201s
2026-09-18 23:21:21 | INFO    | epoch 23 | batch 2900/4266 | loss 0.4382 | acc 0.9780 | lr 4.36e-05 | 202s
2026-09-18 23:21:22 | INFO    | epoch 23 | batch 2920/4266 | loss 0.4383 | acc 0.9779 | lr 4.36e-05 | 204s
2026-09-18 23:21:23 | INFO    | epoch 23 | batch 2940/4266 | loss 0.4382 | acc 0.9780 | lr 4.36e-05 | 205s
2026-09-18 23:21:25 | INFO    | epoch 23 | batch 2960/4266 | loss 0.4383 | acc 0.9780 | lr 4.36e-05 | 207s
2026-09-18 23:21:26 | INFO    | epoch 23 | batch 2980/4266 | loss 0.4383 | acc 0.9780 | lr 4.36e-05 | 208s
2026-09-18 23:21:28 | INFO    | epoch 23 | batch 3000/4266 | loss 0.4383 | acc 0.9780 | lr 4.36e-05 | 209s
2026-09-18 23:21:29 | INFO    | epoch 23 | batch 3020/4266 | loss 0.4383 | acc 0.9780 | lr 4.35e-05 | 211s
2026-09-18 23:21:30 | INFO    | epoch 23 | batch 3040/4266 | loss 0.4383 | acc 0.9780 | lr 4.35e-05 | 212s
2026-09-18 23:21:32 | INFO    | epoch 23 | batch 3060/4266 | loss 0.4383 | acc 0.9780 | lr 4.35e-05 | 214s
2026-09-18 23:21:33 | INFO    | epoch 23 | batch 3080/4266 | loss 0.4384 | acc 0.9779 | lr 4.35e-05 | 215s
2026-09-18 23:21:35 | INFO    | epoch 23 | batch 3100/4266 | loss 0.4384 | acc 0.9779 | lr 4.35e-05 | 216s
2026-09-18 23:21:36 | INFO    | epoch 23 | batch 3120/4266 | loss 0.4383 | acc 0.9779 | lr 4.34e-05 | 218s
2026-09-18 23:21:37 | INFO    | epoch 23 | batch 3140/4266 | loss 0.4383 | acc 0.9780 | lr 4.34e-05 | 219s
2026-09-18 23:21:39 | INFO    | epoch 23 | batch 3160/4266 | loss 0.4384 | acc 0.9779 | lr 4.34e-05 | 221s
2026-09-18 23:21:40 | INFO    | epoch 23 | batch 3180/4266 | loss 0.4385 | acc 0.9779 | lr 4.34e-05 | 222s
2026-09-18 23:21:42 | INFO    | epoch 23 | batch 3200/4266 | loss 0.4384 | acc 0.9779 | lr 4.34e-05 | 223s
2026-09-18 23:21:43 | INFO    | epoch 23 | batch 3220/4266 | loss 0.4384 | acc 0.9779 | lr 4.33e-05 | 225s
2026-09-18 23:21:44 | INFO    | epoch 23 | batch 3240/4266 | loss 0.4384 | acc 0.9779 | lr 4.33e-05 | 226s
2026-09-18 23:21:46 | INFO    | epoch 23 | batch 3260/4266 | loss 0.4383 | acc 0.9779 | lr 4.33e-05 | 228s
2026-09-18 23:21:47 | INFO    | epoch 23 | batch 3280/4266 | loss 0.4384 | acc 0.9778 | lr 4.33e-05 | 229s
2026-09-18 23:21:49 | INFO    | epoch 23 | batch 3300/4266 | loss 0.4384 | acc 0.9778 | lr 4.33e-05 | 230s
2026-09-18 23:21:50 | INFO    | epoch 23 | batch 3320/4266 | loss 0.4384 | acc 0.9779 | lr 4.32e-05 | 232s
2026-09-18 23:21:51 | INFO    | epoch 23 | batch 3340/4266 | loss 0.4383 | acc 0.9779 | lr 4.32e-05 | 233s
2026-09-18 23:21:53 | INFO    | epoch 23 | batch 3360/4266 | loss 0.4382 | acc 0.9780 | lr 4.32e-05 | 235s
2026-09-18 23:21:54 | INFO    | epoch 23 | batch 3380/4266 | loss 0.4382 | acc 0.9780 | lr 4.32e-05 | 236s
2026-09-18 23:21:56 | INFO    | epoch 23 | batch 3400/4266 | loss 0.4381 | acc 0.9780 | lr 4.32e-05 | 237s
2026-09-18 23:21:57 | INFO    | epoch 23 | batch 3420/4266 | loss 0.4381 | acc 0.9780 | lr 4.32e-05 | 239s
2026-09-18 23:21:58 | INFO    | epoch 23 | batch 3440/4266 | loss 0.4381 | acc 0.9780 | lr 4.31e-05 | 240s
2026-09-18 23:22:00 | INFO    | epoch 23 | batch 3460/4266 | loss 0.4382 | acc 0.9779 | lr 4.31e-05 | 241s
2026-09-18 23:22:01 | INFO    | epoch 23 | batch 3480/4266 | loss 0.4382 | acc 0.9779 | lr 4.31e-05 | 243s
2026-09-18 23:22:02 | INFO    | epoch 23 | batch 3500/4266 | loss 0.4382 | acc 0.9779 | lr 4.31e-05 | 244s
2026-09-18 23:22:04 | INFO    | epoch 23 | batch 3520/4266 | loss 0.4381 | acc 0.9780 | lr 4.31e-05 | 246s
2026-09-18 23:22:05 | INFO    | epoch 23 | batch 3540/4266 | loss 0.4382 | acc 0.9779 | lr 4.30e-05 | 247s
2026-09-18 23:22:06 | INFO    | epoch 23 | batch 3560/4266 | loss 0.4382 | acc 0.9780 | lr 4.30e-05 | 248s
2026-09-18 23:22:08 | INFO    | epoch 23 | batch 3580/4266 | loss 0.4381 | acc 0.9780 | lr 4.30e-05 | 250s
2026-09-18 23:22:09 | INFO    | epoch 23 | batch 3600/4266 | loss 0.4380 | acc 0.9780 | lr 4.30e-05 | 251s
2026-09-18 23:22:11 | INFO    | epoch 23 | batch 3620/4266 | loss 0.4380 | acc 0.9780 | lr 4.30e-05 | 252s
2026-09-18 23:22:12 | INFO    | epoch 23 | batch 3640/4266 | loss 0.4380 | acc 0.9781 | lr 4.29e-05 | 254s
2026-09-18 23:22:13 | INFO    | epoch 23 | batch 3660/4266 | loss 0.4380 | acc 0.9781 | lr 4.29e-05 | 255s
2026-09-18 23:22:15 | INFO    | epoch 23 | batch 3680/4266 | loss 0.4380 | acc 0.9781 | lr 4.29e-05 | 256s
2026-09-18 23:22:16 | INFO    | epoch 23 | batch 3700/4266 | loss 0.4380 | acc 0.9781 | lr 4.29e-05 | 258s
2026-09-18 23:22:17 | INFO    | epoch 23 | batch 3720/4266 | loss 0.4381 | acc 0.9780 | lr 4.29e-05 | 259s
2026-09-18 23:22:19 | INFO    | epoch 23 | batch 3740/4266 | loss 0.4380 | acc 0.9781 | lr 4.29e-05 | 261s
2026-09-18 23:22:20 | INFO    | epoch 23 | batch 3760/4266 | loss 0.4380 | acc 0.9781 | lr 4.28e-05 | 262s
2026-09-18 23:22:21 | INFO    | epoch 23 | batch 3780/4266 | loss 0.4380 | acc 0.9780 | lr 4.28e-05 | 263s
2026-09-18 23:22:23 | INFO    | epoch 23 | batch 3800/4266 | loss 0.4380 | acc 0.9780 | lr 4.28e-05 | 265s
2026-09-18 23:22:24 | INFO    | epoch 23 | batch 3820/4266 | loss 0.4381 | acc 0.9780 | lr 4.28e-05 | 266s
2026-09-18 23:22:25 | INFO    | epoch 23 | batch 3840/4266 | loss 0.4381 | acc 0.9780 | lr 4.28e-05 | 267s
2026-09-18 23:22:27 | INFO    | epoch 23 | batch 3860/4266 | loss 0.4381 | acc 0.9780 | lr 4.27e-05 | 269s
2026-09-18 23:22:28 | INFO    | epoch 23 | batch 3880/4266 | loss 0.4381 | acc 0.9780 | lr 4.27e-05 | 270s
2026-09-18 23:22:30 | INFO    | epoch 23 | batch 3900/4266 | loss 0.4382 | acc 0.9780 | lr 4.27e-05 | 271s
2026-09-18 23:22:31 | INFO    | epoch 23 | batch 3920/4266 | loss 0.4383 | acc 0.9780 | lr 4.27e-05 | 273s
2026-09-18 23:22:32 | INFO    | epoch 23 | batch 3940/4266 | loss 0.4384 | acc 0.9780 | lr 4.27e-05 | 274s
2026-09-18 23:22:34 | INFO    | epoch 23 | batch 3960/4266 | loss 0.4383 | acc 0.9780 | lr 4.26e-05 | 275s
2026-09-18 23:22:35 | INFO    | epoch 23 | batch 3980/4266 | loss 0.4384 | acc 0.9780 | lr 4.26e-05 | 277s
2026-09-18 23:22:36 | INFO    | epoch 23 | batch 4000/4266 | loss 0.4384 | acc 0.9780 | lr 4.26e-05 | 278s
2026-09-18 23:22:38 | INFO    | epoch 23 | batch 4020/4266 | loss 0.4384 | acc 0.9780 | lr 4.26e-05 | 280s
2026-09-18 23:22:39 | INFO    | epoch 23 | batch 4040/4266 | loss 0.4386 | acc 0.9779 | lr 4.26e-05 | 281s
2026-09-18 23:22:41 | INFO    | epoch 23 | batch 4060/4266 | loss 0.4387 | acc 0.9778 | lr 4.25e-05 | 282s
2026-09-18 23:22:42 | INFO    | epoch 23 | batch 4080/4266 | loss 0.4387 | acc 0.9778 | lr 4.25e-05 | 284s
2026-09-18 23:22:43 | INFO    | epoch 23 | batch 4100/4266 | loss 0.4386 | acc 0.9779 | lr 4.25e-05 | 285s
2026-09-18 23:22:45 | INFO    | epoch 23 | batch 4120/4266 | loss 0.4386 | acc 0.9779 | lr 4.25e-05 | 287s
2026-09-18 23:22:46 | INFO    | epoch 23 | batch 4140/4266 | loss 0.4386 | acc 0.9779 | lr 4.25e-05 | 288s
2026-09-18 23:22:48 | INFO    | epoch 23 | batch 4160/4266 | loss 0.4386 | acc 0.9779 | lr 4.25e-05 | 289s
2026-09-18 23:22:49 | INFO    | epoch 23 | batch 4180/4266 | loss 0.4386 | acc 0.9779 | lr 4.24e-05 | 291s
2026-09-18 23:22:50 | INFO    | epoch 23 | batch 4200/4266 | loss 0.4386 | acc 0.9778 | lr 4.24e-05 | 292s
2026-09-18 23:22:52 | INFO    | epoch 23 | batch 4220/4266 | loss 0.4386 | acc 0.9779 | lr 4.24e-05 | 294s
2026-09-18 23:22:53 | INFO    | epoch 23 | batch 4240/4266 | loss 0.4386 | acc 0.9778 | lr 4.24e-05 | 295s
2026-09-18 23:22:55 | INFO    | epoch 23 | batch 4260/4266 | loss 0.4387 | acc 0.9778 | lr 4.24e-05 | 297s
2026-09-18 23:22:55 | INFO    | epoch 23 | batch 4266/4266 | loss 0.4387 | acc 0.9778 | lr 4.24e-05 | 297s
2026-09-18 23:23:05 | INFO    | epoch 23/40 done in 307s | train loss 0.4387 | train running patch (aug): accuracy=0.9778 precision=0.9774 recall=0.9771 f1=0.9773
2026-09-18 23:23:05 | INFO    | epoch 23 train (eval, no aug) | loss 0.4081 | patch[7280]: accuracy=0.9919 precision=0.9915 recall=0.9921 f1=0.9918 | image[455]: accuracy=1.0000 precision=1.0000 recall=1.0000 f1=1.0000
2026-09-18 23:23:05 | INFO    | epoch 23 val | loss 1.1795 | patch[8448]: accuracy=0.6939 precision=0.6733 recall=0.6708 f1=0.6717 | image[96]: accuracy=0.7604 precision=0.7399 recall=0.7361 f1=0.7371
2026-09-18 23:23:05 | INFO    | val_patch_f1 = 0.6717 (best 0.6759 @ epoch 22)
2026-09-18 23:23:06 | INFO    | epoch 24 | batch 20/4266 | loss 0.4201 | acc 0.9859 | lr 4.23e-05 | 1s
2026-09-18 23:23:08 | INFO    | epoch 24 | batch 40/4266 | loss 0.4259 | acc 0.9820 | lr 4.23e-05 | 3s
2026-09-18 23:23:09 | INFO    | epoch 24 | batch 60/4266 | loss 0.4253 | acc 0.9828 | lr 4.23e-05 | 4s
2026-09-18 23:23:11 | INFO    | epoch 24 | batch 80/4266 | loss 0.4270 | acc 0.9824 | lr 4.23e-05 | 6s
2026-09-18 23:23:12 | INFO    | epoch 24 | batch 100/4266 | loss 0.4324 | acc 0.9803 | lr 4.23e-05 | 7s
2026-09-18 23:23:13 | INFO    | epoch 24 | batch 120/4266 | loss 0.4330 | acc 0.9807 | lr 4.22e-05 | 8s
2026-09-18 23:23:15 | INFO    | epoch 24 | batch 140/4266 | loss 0.4356 | acc 0.9797 | lr 4.22e-05 | 10s
2026-09-18 23:23:16 | INFO    | epoch 24 | batch 160/4266 | loss 0.4354 | acc 0.9795 | lr 4.22e-05 | 11s
2026-09-18 23:23:18 | INFO    | epoch 24 | batch 180/4266 | loss 0.4348 | acc 0.9800 | lr 4.22e-05 | 13s
2026-09-18 23:23:19 | INFO    | epoch 24 | batch 200/4266 | loss 0.4350 | acc 0.9797 | lr 4.22e-05 | 14s
2026-09-18 23:23:20 | INFO    | epoch 24 | batch 220/4266 | loss 0.4343 | acc 0.9800 | lr 4.21e-05 | 15s
2026-09-18 23:23:22 | INFO    | epoch 24 | batch 240/4266 | loss 0.4348 | acc 0.9797 | lr 4.21e-05 | 17s
2026-09-18 23:23:23 | INFO    | epoch 24 | batch 260/4266 | loss 0.4340 | acc 0.9800 | lr 4.21e-05 | 18s
2026-09-18 23:23:25 | INFO    | epoch 24 | batch 280/4266 | loss 0.4345 | acc 0.9797 | lr 4.21e-05 | 20s
2026-09-18 23:23:26 | INFO    | epoch 24 | batch 300/4266 | loss 0.4349 | acc 0.9797 | lr 4.21e-05 | 21s
2026-09-18 23:23:27 | INFO    | epoch 24 | batch 320/4266 | loss 0.4356 | acc 0.9791 | lr 4.20e-05 | 22s
2026-09-18 23:23:29 | INFO    | epoch 24 | batch 340/4266 | loss 0.4360 | acc 0.9787 | lr 4.20e-05 | 24s
2026-09-18 23:23:30 | INFO    | epoch 24 | batch 360/4266 | loss 0.4362 | acc 0.9787 | lr 4.20e-05 | 25s
2026-09-18 23:23:32 | INFO    | epoch 24 | batch 380/4266 | loss 0.4357 | acc 0.9791 | lr 4.20e-05 | 27s
2026-09-18 23:23:33 | INFO    | epoch 24 | batch 400/4266 | loss 0.4350 | acc 0.9793 | lr 4.20e-05 | 28s
2026-09-18 23:23:35 | INFO    | epoch 24 | batch 420/4266 | loss 0.4347 | acc 0.9793 | lr 4.20e-05 | 30s
2026-09-18 23:23:36 | INFO    | epoch 24 | batch 440/4266 | loss 0.4347 | acc 0.9793 | lr 4.19e-05 | 31s
2026-09-18 23:23:37 | INFO    | epoch 24 | batch 460/4266 | loss 0.4352 | acc 0.9791 | lr 4.19e-05 | 32s
2026-09-18 23:23:39 | INFO    | epoch 24 | batch 480/4266 | loss 0.4358 | acc 0.9787 | lr 4.19e-05 | 34s
2026-09-18 23:23:40 | INFO    | epoch 24 | batch 500/4266 | loss 0.4365 | acc 0.9782 | lr 4.19e-05 | 35s
2026-09-18 23:23:42 | INFO    | epoch 24 | batch 520/4266 | loss 0.4363 | acc 0.9784 | lr 4.19e-05 | 37s
2026-09-18 23:23:43 | INFO    | epoch 24 | batch 540/4266 | loss 0.4364 | acc 0.9782 | lr 4.18e-05 | 38s
2026-09-18 23:23:45 | INFO    | epoch 24 | batch 560/4266 | loss 0.4359 | acc 0.9786 | lr 4.18e-05 | 40s
2026-09-18 23:23:46 | INFO    | epoch 24 | batch 580/4266 | loss 0.4356 | acc 0.9788 | lr 4.18e-05 | 41s
2026-09-18 23:23:47 | INFO    | epoch 24 | batch 600/4266 | loss 0.4359 | acc 0.9786 | lr 4.18e-05 | 42s
2026-09-18 23:23:49 | INFO    | epoch 24 | batch 620/4266 | loss 0.4355 | acc 0.9788 | lr 4.18e-05 | 44s
2026-09-18 23:23:50 | INFO    | epoch 24 | batch 640/4266 | loss 0.4359 | acc 0.9785 | lr 4.17e-05 | 45s
2026-09-18 23:23:52 | INFO    | epoch 24 | batch 660/4266 | loss 0.4353 | acc 0.9789 | lr 4.17e-05 | 47s
2026-09-18 23:23:53 | INFO    | epoch 24 | batch 680/4266 | loss 0.4358 | acc 0.9788 | lr 4.17e-05 | 48s
2026-09-18 23:23:54 | INFO    | epoch 24 | batch 700/4266 | loss 0.4357 | acc 0.9789 | lr 4.17e-05 | 50s
2026-09-18 23:23:56 | INFO    | epoch 24 | batch 720/4266 | loss 0.4359 | acc 0.9788 | lr 4.17e-05 | 51s
2026-09-18 23:23:57 | INFO    | epoch 24 | batch 740/4266 | loss 0.4363 | acc 0.9786 | lr 4.17e-05 | 52s
2026-09-18 23:23:59 | INFO    | epoch 24 | batch 760/4266 | loss 0.4363 | acc 0.9786 | lr 4.16e-05 | 54s
2026-09-18 23:24:00 | INFO    | epoch 24 | batch 780/4266 | loss 0.4363 | acc 0.9787 | lr 4.16e-05 | 55s
2026-09-18 23:24:01 | INFO    | epoch 24 | batch 800/4266 | loss 0.4362 | acc 0.9786 | lr 4.16e-05 | 56s
2026-09-18 23:24:03 | INFO    | epoch 24 | batch 820/4266 | loss 0.4361 | acc 0.9788 | lr 4.16e-05 | 58s
2026-09-18 23:24:04 | INFO    | epoch 24 | batch 840/4266 | loss 0.4358 | acc 0.9791 | lr 4.16e-05 | 59s
2026-09-18 23:24:05 | INFO    | epoch 24 | batch 860/4266 | loss 0.4356 | acc 0.9792 | lr 4.15e-05 | 61s
2026-09-18 23:24:07 | INFO    | epoch 24 | batch 880/4266 | loss 0.4354 | acc 0.9792 | lr 4.15e-05 | 62s
2026-09-18 23:24:08 | INFO    | epoch 24 | batch 900/4266 | loss 0.4352 | acc 0.9792 | lr 4.15e-05 | 63s
2026-09-18 23:24:10 | INFO    | epoch 24 | batch 920/4266 | loss 0.4350 | acc 0.9793 | lr 4.15e-05 | 65s
2026-09-18 23:24:11 | INFO    | epoch 24 | batch 940/4266 | loss 0.4346 | acc 0.9794 | lr 4.15e-05 | 66s
2026-09-18 23:24:12 | INFO    | epoch 24 | batch 960/4266 | loss 0.4343 | acc 0.9795 | lr 4.14e-05 | 67s
2026-09-18 23:24:14 | INFO    | epoch 24 | batch 980/4266 | loss 0.4346 | acc 0.9794 | lr 4.14e-05 | 69s
2026-09-18 23:24:15 | INFO    | epoch 24 | batch 1000/4266 | loss 0.4348 | acc 0.9793 | lr 4.14e-05 | 70s
2026-09-18 23:24:16 | INFO    | epoch 24 | batch 1020/4266 | loss 0.4348 | acc 0.9794 | lr 4.14e-05 | 71s
2026-09-18 23:24:18 | INFO    | epoch 24 | batch 1040/4266 | loss 0.4351 | acc 0.9793 | lr 4.14e-05 | 73s
2026-09-18 23:24:19 | INFO    | epoch 24 | batch 1060/4266 | loss 0.4353 | acc 0.9792 | lr 4.14e-05 | 74s
2026-09-18 23:24:20 | INFO    | epoch 24 | batch 1080/4266 | loss 0.4358 | acc 0.9790 | lr 4.13e-05 | 76s
2026-09-18 23:24:22 | INFO    | epoch 24 | batch 1100/4266 | loss 0.4357 | acc 0.9791 | lr 4.13e-05 | 77s
2026-09-18 23:24:23 | INFO    | epoch 24 | batch 1120/4266 | loss 0.4356 | acc 0.9792 | lr 4.13e-05 | 78s
2026-09-18 23:24:25 | INFO    | epoch 24 | batch 1140/4266 | loss 0.4358 | acc 0.9790 | lr 4.13e-05 | 80s
2026-09-18 23:24:26 | INFO    | epoch 24 | batch 1160/4266 | loss 0.4356 | acc 0.9791 | lr 4.13e-05 | 81s
2026-09-18 23:24:27 | INFO    | epoch 24 | batch 1180/4266 | loss 0.4356 | acc 0.9791 | lr 4.12e-05 | 82s
2026-09-18 23:24:29 | INFO    | epoch 24 | batch 1200/4266 | loss 0.4356 | acc 0.9792 | lr 4.12e-05 | 84s
2026-09-18 23:24:30 | INFO    | epoch 24 | batch 1220/4266 | loss 0.4356 | acc 0.9792 | lr 4.12e-05 | 85s
2026-09-18 23:24:31 | INFO    | epoch 24 | batch 1240/4266 | loss 0.4356 | acc 0.9792 | lr 4.12e-05 | 86s
2026-09-18 23:24:33 | INFO    | epoch 24 | batch 1260/4266 | loss 0.4355 | acc 0.9792 | lr 4.12e-05 | 88s
2026-09-18 23:24:34 | INFO    | epoch 24 | batch 1280/4266 | loss 0.4352 | acc 0.9794 | lr 4.11e-05 | 89s
2026-09-18 23:24:35 | INFO    | epoch 24 | batch 1300/4266 | loss 0.4349 | acc 0.9796 | lr 4.11e-05 | 90s
2026-09-18 23:24:37 | INFO    | epoch 24 | batch 1320/4266 | loss 0.4351 | acc 0.9795 | lr 4.11e-05 | 92s
2026-09-18 23:24:38 | INFO    | epoch 24 | batch 1340/4266 | loss 0.4355 | acc 0.9793 | lr 4.11e-05 | 93s
2026-09-18 23:24:40 | INFO    | epoch 24 | batch 1360/4266 | loss 0.4354 | acc 0.9793 | lr 4.11e-05 | 95s
2026-09-18 23:24:41 | INFO    | epoch 24 | batch 1380/4266 | loss 0.4354 | acc 0.9794 | lr 4.10e-05 | 96s
2026-09-18 23:24:42 | INFO    | epoch 24 | batch 1400/4266 | loss 0.4352 | acc 0.9795 | lr 4.10e-05 | 97s
2026-09-18 23:24:44 | INFO    | epoch 24 | batch 1420/4266 | loss 0.4353 | acc 0.9794 | lr 4.10e-05 | 99s
2026-09-18 23:24:45 | INFO    | epoch 24 | batch 1440/4266 | loss 0.4352 | acc 0.9795 | lr 4.10e-05 | 100s
2026-09-18 23:24:47 | INFO    | epoch 24 | batch 1460/4266 | loss 0.4353 | acc 0.9795 | lr 4.10e-05 | 102s
2026-09-18 23:24:48 | INFO    | epoch 24 | batch 1480/4266 | loss 0.4353 | acc 0.9795 | lr 4.10e-05 | 103s
2026-09-18 23:24:49 | INFO    | epoch 24 | batch 1500/4266 | loss 0.4351 | acc 0.9796 | lr 4.09e-05 | 104s
2026-09-18 23:24:51 | INFO    | epoch 24 | batch 1520/4266 | loss 0.4353 | acc 0.9795 | lr 4.09e-05 | 106s
2026-09-18 23:24:52 | INFO    | epoch 24 | batch 1540/4266 | loss 0.4355 | acc 0.9794 | lr 4.09e-05 | 107s
2026-09-18 23:24:54 | INFO    | epoch 24 | batch 1560/4266 | loss 0.4355 | acc 0.9794 | lr 4.09e-05 | 109s
2026-09-18 23:24:55 | INFO    | epoch 24 | batch 1580/4266 | loss 0.4355 | acc 0.9794 | lr 4.09e-05 | 110s
2026-09-18 23:24:56 | INFO    | epoch 24 | batch 1600/4266 | loss 0.4354 | acc 0.9794 | lr 4.08e-05 | 111s
2026-09-18 23:24:58 | INFO    | epoch 24 | batch 1620/4266 | loss 0.4358 | acc 0.9792 | lr 4.08e-05 | 113s
2026-09-18 23:24:59 | INFO    | epoch 24 | batch 1640/4266 | loss 0.4359 | acc 0.9792 | lr 4.08e-05 | 114s
2026-09-18 23:25:00 | INFO    | epoch 24 | batch 1660/4266 | loss 0.4356 | acc 0.9793 | lr 4.08e-05 | 115s
2026-09-18 23:25:02 | INFO    | epoch 24 | batch 1680/4266 | loss 0.4357 | acc 0.9793 | lr 4.08e-05 | 117s
2026-09-18 23:25:03 | INFO    | epoch 24 | batch 1700/4266 | loss 0.4357 | acc 0.9793 | lr 4.07e-05 | 118s
2026-09-18 23:25:04 | INFO    | epoch 24 | batch 1720/4266 | loss 0.4354 | acc 0.9795 | lr 4.07e-05 | 119s
2026-09-18 23:25:06 | INFO    | epoch 24 | batch 1740/4266 | loss 0.4355 | acc 0.9794 | lr 4.07e-05 | 121s
2026-09-18 23:25:07 | INFO    | epoch 24 | batch 1760/4266 | loss 0.4354 | acc 0.9794 | lr 4.07e-05 | 122s
2026-09-18 23:25:08 | INFO    | epoch 24 | batch 1780/4266 | loss 0.4356 | acc 0.9794 | lr 4.07e-05 | 123s
2026-09-18 23:25:10 | INFO    | epoch 24 | batch 1800/4266 | loss 0.4357 | acc 0.9794 | lr 4.07e-05 | 125s
2026-09-18 23:25:11 | INFO    | epoch 24 | batch 1820/4266 | loss 0.4355 | acc 0.9794 | lr 4.06e-05 | 126s
2026-09-18 23:25:12 | INFO    | epoch 24 | batch 1840/4266 | loss 0.4355 | acc 0.9795 | lr 4.06e-05 | 127s
2026-09-18 23:25:14 | INFO    | epoch 24 | batch 1860/4266 | loss 0.4353 | acc 0.9795 | lr 4.06e-05 | 129s
2026-09-18 23:25:15 | INFO    | epoch 24 | batch 1880/4266 | loss 0.4353 | acc 0.9795 | lr 4.06e-05 | 130s
2026-09-18 23:25:16 | INFO    | epoch 24 | batch 1900/4266 | loss 0.4354 | acc 0.9794 | lr 4.06e-05 | 131s
2026-09-18 23:25:18 | INFO    | epoch 24 | batch 1920/4266 | loss 0.4354 | acc 0.9795 | lr 4.05e-05 | 133s
2026-09-18 23:25:19 | INFO    | epoch 24 | batch 1940/4266 | loss 0.4353 | acc 0.9796 | lr 4.05e-05 | 134s
2026-09-18 23:25:20 | INFO    | epoch 24 | batch 1960/4266 | loss 0.4352 | acc 0.9796 | lr 4.05e-05 | 135s
2026-09-18 23:25:22 | INFO    | epoch 24 | batch 1980/4266 | loss 0.4353 | acc 0.9796 | lr 4.05e-05 | 137s
2026-09-18 23:25:23 | INFO    | epoch 24 | batch 2000/4266 | loss 0.4353 | acc 0.9796 | lr 4.05e-05 | 138s
2026-09-18 23:25:24 | INFO    | epoch 24 | batch 2020/4266 | loss 0.4353 | acc 0.9796 | lr 4.04e-05 | 139s
2026-09-18 23:25:26 | INFO    | epoch 24 | batch 2040/4266 | loss 0.4355 | acc 0.9795 | lr 4.04e-05 | 141s
2026-09-18 23:25:27 | INFO    | epoch 24 | batch 2060/4266 | loss 0.4354 | acc 0.9795 | lr 4.04e-05 | 142s
2026-09-18 23:25:28 | INFO    | epoch 24 | batch 2080/4266 | loss 0.4355 | acc 0.9794 | lr 4.04e-05 | 143s
2026-09-18 23:25:30 | INFO    | epoch 24 | batch 2100/4266 | loss 0.4355 | acc 0.9794 | lr 4.04e-05 | 145s
2026-09-18 23:25:31 | INFO    | epoch 24 | batch 2120/4266 | loss 0.4357 | acc 0.9794 | lr 4.04e-05 | 146s
2026-09-18 23:25:32 | INFO    | epoch 24 | batch 2140/4266 | loss 0.4357 | acc 0.9794 | lr 4.03e-05 | 147s
2026-09-18 23:25:34 | INFO    | epoch 24 | batch 2160/4266 | loss 0.4356 | acc 0.9794 | lr 4.03e-05 | 149s
2026-09-18 23:25:35 | INFO    | epoch 24 | batch 2180/4266 | loss 0.4356 | acc 0.9794 | lr 4.03e-05 | 150s
2026-09-18 23:25:36 | INFO    | epoch 24 | batch 2200/4266 | loss 0.4357 | acc 0.9794 | lr 4.03e-05 | 151s
2026-09-18 23:25:38 | INFO    | epoch 24 | batch 2220/4266 | loss 0.4356 | acc 0.9795 | lr 4.03e-05 | 153s
2026-09-18 23:25:39 | INFO    | epoch 24 | batch 2240/4266 | loss 0.4354 | acc 0.9796 | lr 4.02e-05 | 154s
2026-09-18 23:25:41 | INFO    | epoch 24 | batch 2260/4266 | loss 0.4352 | acc 0.9796 | lr 4.02e-05 | 156s
2026-09-18 23:25:42 | INFO    | epoch 24 | batch 2280/4266 | loss 0.4353 | acc 0.9796 | lr 4.02e-05 | 157s
2026-09-18 23:25:43 | INFO    | epoch 24 | batch 2300/4266 | loss 0.4353 | acc 0.9796 | lr 4.02e-05 | 158s
2026-09-18 23:25:45 | INFO    | epoch 24 | batch 2320/4266 | loss 0.4354 | acc 0.9795 | lr 4.02e-05 | 160s
2026-09-18 23:25:46 | INFO    | epoch 24 | batch 2340/4266 | loss 0.4353 | acc 0.9796 | lr 4.01e-05 | 161s
2026-09-18 23:25:48 | INFO    | epoch 24 | batch 2360/4266 | loss 0.4354 | acc 0.9796 | lr 4.01e-05 | 163s
2026-09-18 23:25:49 | INFO    | epoch 24 | batch 2380/4266 | loss 0.4353 | acc 0.9795 | lr 4.01e-05 | 164s
2026-09-18 23:25:50 | INFO    | epoch 24 | batch 2400/4266 | loss 0.4356 | acc 0.9794 | lr 4.01e-05 | 165s
2026-09-18 23:25:52 | INFO    | epoch 24 | batch 2420/4266 | loss 0.4356 | acc 0.9794 | lr 4.01e-05 | 167s
2026-09-18 23:25:53 | INFO    | epoch 24 | batch 2440/4266 | loss 0.4355 | acc 0.9794 | lr 4.01e-05 | 168s
2026-09-18 23:25:54 | INFO    | epoch 24 | batch 2460/4266 | loss 0.4356 | acc 0.9794 | lr 4.00e-05 | 170s
2026-09-18 23:25:56 | INFO    | epoch 24 | batch 2480/4266 | loss 0.4355 | acc 0.9795 | lr 4.00e-05 | 171s
2026-09-18 23:25:57 | INFO    | epoch 24 | batch 2500/4266 | loss 0.4354 | acc 0.9795 | lr 4.00e-05 | 172s
2026-09-18 23:25:59 | INFO    | epoch 24 | batch 2520/4266 | loss 0.4355 | acc 0.9795 | lr 4.00e-05 | 174s
2026-09-18 23:26:00 | INFO    | epoch 24 | batch 2540/4266 | loss 0.4355 | acc 0.9795 | lr 4.00e-05 | 175s
2026-09-18 23:26:01 | INFO    | epoch 24 | batch 2560/4266 | loss 0.4355 | acc 0.9795 | lr 3.99e-05 | 176s
2026-09-18 23:26:03 | INFO    | epoch 24 | batch 2580/4266 | loss 0.4357 | acc 0.9794 | lr 3.99e-05 | 178s
2026-09-18 23:26:04 | INFO    | epoch 24 | batch 2600/4266 | loss 0.4357 | acc 0.9794 | lr 3.99e-05 | 179s
2026-09-18 23:26:05 | INFO    | epoch 24 | batch 2620/4266 | loss 0.4357 | acc 0.9794 | lr 3.99e-05 | 180s
2026-09-18 23:26:07 | INFO    | epoch 24 | batch 2640/4266 | loss 0.4357 | acc 0.9794 | lr 3.99e-05 | 182s
2026-09-18 23:26:08 | INFO    | epoch 24 | batch 2660/4266 | loss 0.4356 | acc 0.9794 | lr 3.98e-05 | 183s
2026-09-18 23:26:09 | INFO    | epoch 24 | batch 2680/4266 | loss 0.4356 | acc 0.9794 | lr 3.98e-05 | 184s
2026-09-18 23:26:11 | INFO    | epoch 24 | batch 2700/4266 | loss 0.4355 | acc 0.9794 | lr 3.98e-05 | 186s
2026-09-18 23:26:12 | INFO    | epoch 24 | batch 2720/4266 | loss 0.4356 | acc 0.9794 | lr 3.98e-05 | 187s
2026-09-18 23:26:13 | INFO    | epoch 24 | batch 2740/4266 | loss 0.4356 | acc 0.9794 | lr 3.98e-05 | 189s
2026-09-18 23:26:15 | INFO    | epoch 24 | batch 2760/4266 | loss 0.4354 | acc 0.9795 | lr 3.98e-05 | 190s
2026-09-18 23:26:16 | INFO    | epoch 24 | batch 2780/4266 | loss 0.4354 | acc 0.9795 | lr 3.97e-05 | 191s
2026-09-18 23:26:18 | INFO    | epoch 24 | batch 2800/4266 | loss 0.4354 | acc 0.9795 | lr 3.97e-05 | 193s
2026-09-18 23:26:19 | INFO    | epoch 24 | batch 2820/4266 | loss 0.4354 | acc 0.9796 | lr 3.97e-05 | 194s
2026-09-18 23:26:20 | INFO    | epoch 24 | batch 2840/4266 | loss 0.4353 | acc 0.9796 | lr 3.97e-05 | 195s
2026-09-18 23:26:22 | INFO    | epoch 24 | batch 2860/4266 | loss 0.4353 | acc 0.9796 | lr 3.97e-05 | 197s
2026-09-18 23:26:23 | INFO    | epoch 24 | batch 2880/4266 | loss 0.4352 | acc 0.9796 | lr 3.96e-05 | 198s
2026-09-18 23:26:24 | INFO    | epoch 24 | batch 2900/4266 | loss 0.4352 | acc 0.9796 | lr 3.96e-05 | 199s
2026-09-18 23:26:26 | INFO    | epoch 24 | batch 2920/4266 | loss 0.4352 | acc 0.9796 | lr 3.96e-05 | 201s
2026-09-18 23:26:27 | INFO    | epoch 24 | batch 2940/4266 | loss 0.4351 | acc 0.9797 | lr 3.96e-05 | 202s
2026-09-18 23:26:28 | INFO    | epoch 24 | batch 2960/4266 | loss 0.4350 | acc 0.9797 | lr 3.96e-05 | 203s
2026-09-18 23:26:30 | INFO    | epoch 24 | batch 2980/4266 | loss 0.4350 | acc 0.9798 | lr 3.95e-05 | 205s
2026-09-18 23:26:31 | INFO    | epoch 24 | batch 3000/4266 | loss 0.4349 | acc 0.9798 | lr 3.95e-05 | 206s
2026-09-18 23:26:33 | INFO    | epoch 24 | batch 3020/4266 | loss 0.4349 | acc 0.9798 | lr 3.95e-05 | 208s
2026-09-18 23:26:34 | INFO    | epoch 24 | batch 3040/4266 | loss 0.4348 | acc 0.9798 | lr 3.95e-05 | 209s
2026-09-18 23:26:35 | INFO    | epoch 24 | batch 3060/4266 | loss 0.4349 | acc 0.9798 | lr 3.95e-05 | 210s
2026-09-18 23:26:37 | INFO    | epoch 24 | batch 3080/4266 | loss 0.4349 | acc 0.9798 | lr 3.95e-05 | 212s
2026-09-18 23:26:38 | INFO    | epoch 24 | batch 3100/4266 | loss 0.4349 | acc 0.9798 | lr 3.94e-05 | 213s
2026-09-18 23:26:40 | INFO    | epoch 24 | batch 3120/4266 | loss 0.4350 | acc 0.9798 | lr 3.94e-05 | 215s
2026-09-18 23:26:41 | INFO    | epoch 24 | batch 3140/4266 | loss 0.4349 | acc 0.9798 | lr 3.94e-05 | 216s
2026-09-18 23:26:42 | INFO    | epoch 24 | batch 3160/4266 | loss 0.4348 | acc 0.9798 | lr 3.94e-05 | 217s
2026-09-18 23:26:44 | INFO    | epoch 24 | batch 3180/4266 | loss 0.4348 | acc 0.9798 | lr 3.94e-05 | 219s
2026-09-18 23:26:45 | INFO    | epoch 24 | batch 3200/4266 | loss 0.4348 | acc 0.9798 | lr 3.93e-05 | 220s
2026-09-18 23:26:47 | INFO    | epoch 24 | batch 3220/4266 | loss 0.4349 | acc 0.9797 | lr 3.93e-05 | 222s
2026-09-18 23:26:48 | INFO    | epoch 24 | batch 3240/4266 | loss 0.4349 | acc 0.9797 | lr 3.93e-05 | 223s
2026-09-18 23:26:49 | INFO    | epoch 24 | batch 3260/4266 | loss 0.4348 | acc 0.9798 | lr 3.93e-05 | 224s
2026-09-18 23:26:51 | INFO    | epoch 24 | batch 3280/4266 | loss 0.4347 | acc 0.9798 | lr 3.93e-05 | 226s
2026-09-18 23:26:52 | INFO    | epoch 24 | batch 3300/4266 | loss 0.4347 | acc 0.9798 | lr 3.92e-05 | 227s
2026-09-18 23:26:54 | INFO    | epoch 24 | batch 3320/4266 | loss 0.4347 | acc 0.9798 | lr 3.92e-05 | 229s
2026-09-18 23:26:55 | INFO    | epoch 24 | batch 3340/4266 | loss 0.4347 | acc 0.9798 | lr 3.92e-05 | 230s
2026-09-18 23:26:57 | INFO    | epoch 24 | batch 3360/4266 | loss 0.4347 | acc 0.9798 | lr 3.92e-05 | 232s
2026-09-18 23:26:58 | INFO    | epoch 24 | batch 3380/4266 | loss 0.4347 | acc 0.9798 | lr 3.92e-05 | 233s
2026-09-18 23:26:59 | INFO    | epoch 24 | batch 3400/4266 | loss 0.4347 | acc 0.9797 | lr 3.92e-05 | 234s
2026-09-18 23:27:01 | INFO    | epoch 24 | batch 3420/4266 | loss 0.4347 | acc 0.9797 | lr 3.91e-05 | 236s
2026-09-18 23:27:02 | INFO    | epoch 24 | batch 3440/4266 | loss 0.4347 | acc 0.9798 | lr 3.91e-05 | 237s
2026-09-18 23:27:04 | INFO    | epoch 24 | batch 3460/4266 | loss 0.4347 | acc 0.9798 | lr 3.91e-05 | 239s
2026-09-18 23:27:05 | INFO    | epoch 24 | batch 3480/4266 | loss 0.4347 | acc 0.9798 | lr 3.91e-05 | 240s
2026-09-18 23:27:06 | INFO    | epoch 24 | batch 3500/4266 | loss 0.4347 | acc 0.9798 | lr 3.91e-05 | 241s
2026-09-18 23:27:08 | INFO    | epoch 24 | batch 3520/4266 | loss 0.4349 | acc 0.9797 | lr 3.90e-05 | 243s
2026-09-18 23:27:09 | INFO    | epoch 24 | batch 3540/4266 | loss 0.4348 | acc 0.9797 | lr 3.90e-05 | 244s
2026-09-18 23:27:11 | INFO    | epoch 24 | batch 3560/4266 | loss 0.4348 | acc 0.9797 | lr 3.90e-05 | 246s
2026-09-18 23:27:12 | INFO    | epoch 24 | batch 3580/4266 | loss 0.4348 | acc 0.9797 | lr 3.90e-05 | 247s
2026-09-18 23:27:13 | INFO    | epoch 24 | batch 3600/4266 | loss 0.4348 | acc 0.9797 | lr 3.90e-05 | 248s
2026-09-18 23:27:15 | INFO    | epoch 24 | batch 3620/4266 | loss 0.4348 | acc 0.9797 | lr 3.90e-05 | 250s
2026-09-18 23:27:16 | INFO    | epoch 24 | batch 3640/4266 | loss 0.4348 | acc 0.9797 | lr 3.89e-05 | 251s
2026-09-18 23:27:18 | INFO    | epoch 24 | batch 3660/4266 | loss 0.4347 | acc 0.9797 | lr 3.89e-05 | 253s
2026-09-18 23:27:19 | INFO    | epoch 24 | batch 3680/4266 | loss 0.4348 | acc 0.9797 | lr 3.89e-05 | 254s
2026-09-18 23:27:20 | INFO    | epoch 24 | batch 3700/4266 | loss 0.4348 | acc 0.9797 | lr 3.89e-05 | 255s
2026-09-18 23:27:22 | INFO    | epoch 24 | batch 3720/4266 | loss 0.4348 | acc 0.9797 | lr 3.89e-05 | 257s
2026-09-18 23:27:23 | INFO    | epoch 24 | batch 3740/4266 | loss 0.4349 | acc 0.9797 | lr 3.88e-05 | 258s
2026-09-18 23:27:24 | INFO    | epoch 24 | batch 3760/4266 | loss 0.4349 | acc 0.9796 | lr 3.88e-05 | 259s
2026-09-18 23:27:26 | INFO    | epoch 24 | batch 3780/4266 | loss 0.4349 | acc 0.9796 | lr 3.88e-05 | 261s
2026-09-18 23:27:27 | INFO    | epoch 24 | batch 3800/4266 | loss 0.4349 | acc 0.9796 | lr 3.88e-05 | 262s
2026-09-18 23:27:29 | INFO    | epoch 24 | batch 3820/4266 | loss 0.4349 | acc 0.9796 | lr 3.88e-05 | 264s
2026-09-18 23:27:30 | INFO    | epoch 24 | batch 3840/4266 | loss 0.4349 | acc 0.9796 | lr 3.87e-05 | 265s
2026-09-18 23:27:32 | INFO    | epoch 24 | batch 3860/4266 | loss 0.4349 | acc 0.9796 | lr 3.87e-05 | 267s
2026-09-18 23:27:33 | INFO    | epoch 24 | batch 3880/4266 | loss 0.4349 | acc 0.9796 | lr 3.87e-05 | 268s
2026-09-18 23:27:34 | INFO    | epoch 24 | batch 3900/4266 | loss 0.4349 | acc 0.9796 | lr 3.87e-05 | 269s
2026-09-18 23:27:36 | INFO    | epoch 24 | batch 3920/4266 | loss 0.4349 | acc 0.9796 | lr 3.87e-05 | 271s
2026-09-18 23:27:37 | INFO    | epoch 24 | batch 3940/4266 | loss 0.4349 | acc 0.9796 | lr 3.87e-05 | 272s
2026-09-18 23:27:39 | INFO    | epoch 24 | batch 3960/4266 | loss 0.4349 | acc 0.9796 | lr 3.86e-05 | 274s
2026-09-18 23:27:40 | INFO    | epoch 24 | batch 3980/4266 | loss 0.4349 | acc 0.9796 | lr 3.86e-05 | 275s
2026-09-18 23:27:41 | INFO    | epoch 24 | batch 4000/4266 | loss 0.4350 | acc 0.9796 | lr 3.86e-05 | 277s
2026-09-18 23:27:43 | INFO    | epoch 24 | batch 4020/4266 | loss 0.4349 | acc 0.9796 | lr 3.86e-05 | 278s
2026-09-18 23:27:44 | INFO    | epoch 24 | batch 4040/4266 | loss 0.4349 | acc 0.9796 | lr 3.86e-05 | 279s
2026-09-18 23:27:46 | INFO    | epoch 24 | batch 4060/4266 | loss 0.4349 | acc 0.9796 | lr 3.85e-05 | 281s
2026-09-18 23:27:47 | INFO    | epoch 24 | batch 4080/4266 | loss 0.4349 | acc 0.9796 | lr 3.85e-05 | 282s
2026-09-18 23:27:49 | INFO    | epoch 24 | batch 4100/4266 | loss 0.4349 | acc 0.9796 | lr 3.85e-05 | 284s
2026-09-18 23:27:50 | INFO    | epoch 24 | batch 4120/4266 | loss 0.4349 | acc 0.9796 | lr 3.85e-05 | 285s
2026-09-18 23:27:51 | INFO    | epoch 24 | batch 4140/4266 | loss 0.4350 | acc 0.9795 | lr 3.85e-05 | 286s
2026-09-18 23:27:53 | INFO    | epoch 24 | batch 4160/4266 | loss 0.4350 | acc 0.9795 | lr 3.84e-05 | 288s
2026-09-18 23:27:54 | INFO    | epoch 24 | batch 4180/4266 | loss 0.4350 | acc 0.9795 | lr 3.84e-05 | 289s
2026-09-18 23:27:56 | INFO    | epoch 24 | batch 4200/4266 | loss 0.4351 | acc 0.9795 | lr 3.84e-05 | 291s
2026-09-18 23:27:57 | INFO    | epoch 24 | batch 4220/4266 | loss 0.4351 | acc 0.9795 | lr 3.84e-05 | 292s
2026-09-18 23:27:58 | INFO    | epoch 24 | batch 4240/4266 | loss 0.4351 | acc 0.9794 | lr 3.84e-05 | 293s
2026-09-18 23:28:00 | INFO    | epoch 24 | batch 4260/4266 | loss 0.4351 | acc 0.9794 | lr 3.84e-05 | 295s
2026-09-18 23:28:00 | INFO    | epoch 24 | batch 4266/4266 | loss 0.4351 | acc 0.9795 | lr 3.83e-05 | 295s
2026-09-18 23:28:10 | INFO    | epoch 24/40 done in 305s | train loss 0.4351 | train running patch (aug): accuracy=0.9795 precision=0.9792 recall=0.9788 f1=0.9790
2026-09-18 23:28:10 | INFO    | epoch 24 train (eval, no aug) | loss 0.4015 | patch[7280]: accuracy=0.9946 precision=0.9943 recall=0.9947 f1=0.9945 | image[455]: accuracy=1.0000 precision=1.0000 recall=1.0000 f1=1.0000
2026-09-18 23:28:10 | INFO    | epoch 24 val | loss 1.2126 | patch[8448]: accuracy=0.6813 precision=0.6619 recall=0.6606 f1=0.6608 | image[96]: accuracy=0.7500 precision=0.7236 recall=0.7209 f1=0.7218
2026-09-18 23:28:10 | INFO    | val_patch_f1 = 0.6608 (best 0.6759 @ epoch 22)
2026-09-18 23:28:12 | INFO    | epoch 25 | batch 20/4266 | loss 0.4307 | acc 0.9844 | lr 3.83e-05 | 1s
2026-09-18 23:28:13 | INFO    | epoch 25 | batch 40/4266 | loss 0.4303 | acc 0.9820 | lr 3.83e-05 | 3s
2026-09-18 23:28:14 | INFO    | epoch 25 | batch 60/4266 | loss 0.4315 | acc 0.9802 | lr 3.83e-05 | 4s
2026-09-18 23:28:16 | INFO    | epoch 25 | batch 80/4266 | loss 0.4298 | acc 0.9809 | lr 3.83e-05 | 6s
2026-09-18 23:28:17 | INFO    | epoch 25 | batch 100/4266 | loss 0.4295 | acc 0.9809 | lr 3.83e-05 | 7s
2026-09-18 23:28:18 | INFO    | epoch 25 | batch 120/4266 | loss 0.4274 | acc 0.9826 | lr 3.82e-05 | 8s
2026-09-18 23:28:20 | INFO    | epoch 25 | batch 140/4266 | loss 0.4275 | acc 0.9826 | lr 3.82e-05 | 10s
2026-09-18 23:28:21 | INFO    | epoch 25 | batch 160/4266 | loss 0.4281 | acc 0.9818 | lr 3.82e-05 | 11s
2026-09-18 23:28:22 | INFO    | epoch 25 | batch 180/4266 | loss 0.4307 | acc 0.9804 | lr 3.82e-05 | 12s
2026-09-18 23:28:24 | INFO    | epoch 25 | batch 200/4266 | loss 0.4312 | acc 0.9800 | lr 3.82e-05 | 14s
2026-09-18 23:28:25 | INFO    | epoch 25 | batch 220/4266 | loss 0.4318 | acc 0.9798 | lr 3.81e-05 | 15s
2026-09-18 23:28:27 | INFO    | epoch 25 | batch 240/4266 | loss 0.4313 | acc 0.9805 | lr 3.81e-05 | 17s
2026-09-18 23:28:28 | INFO    | epoch 25 | batch 260/4266 | loss 0.4316 | acc 0.9805 | lr 3.81e-05 | 18s
2026-09-18 23:28:29 | INFO    | epoch 25 | batch 280/4266 | loss 0.4332 | acc 0.9798 | lr 3.81e-05 | 19s
2026-09-18 23:28:31 | INFO    | epoch 25 | batch 300/4266 | loss 0.4334 | acc 0.9797 | lr 3.81e-05 | 21s
2026-09-18 23:28:32 | INFO    | epoch 25 | batch 320/4266 | loss 0.4337 | acc 0.9797 | lr 3.81e-05 | 22s
2026-09-18 23:28:33 | INFO    | epoch 25 | batch 340/4266 | loss 0.4333 | acc 0.9797 | lr 3.80e-05 | 23s
2026-09-18 23:28:35 | INFO    | epoch 25 | batch 360/4266 | loss 0.4337 | acc 0.9795 | lr 3.80e-05 | 25s
2026-09-18 23:28:36 | INFO    | epoch 25 | batch 380/4266 | loss 0.4338 | acc 0.9791 | lr 3.80e-05 | 26s
2026-09-18 23:28:38 | INFO    | epoch 25 | batch 400/4266 | loss 0.4329 | acc 0.9795 | lr 3.80e-05 | 28s
2026-09-18 23:28:39 | INFO    | epoch 25 | batch 420/4266 | loss 0.4325 | acc 0.9797 | lr 3.80e-05 | 29s
2026-09-18 23:28:40 | INFO    | epoch 25 | batch 440/4266 | loss 0.4328 | acc 0.9795 | lr 3.79e-05 | 30s
2026-09-18 23:28:42 | INFO    | epoch 25 | batch 460/4266 | loss 0.4329 | acc 0.9793 | lr 3.79e-05 | 32s
2026-09-18 23:28:43 | INFO    | epoch 25 | batch 480/4266 | loss 0.4329 | acc 0.9795 | lr 3.79e-05 | 33s
2026-09-18 23:28:45 | INFO    | epoch 25 | batch 500/4266 | loss 0.4330 | acc 0.9796 | lr 3.79e-05 | 35s
2026-09-18 23:28:46 | INFO    | epoch 25 | batch 520/4266 | loss 0.4327 | acc 0.9797 | lr 3.79e-05 | 36s
2026-09-18 23:28:47 | INFO    | epoch 25 | batch 540/4266 | loss 0.4325 | acc 0.9798 | lr 3.78e-05 | 37s
2026-09-18 23:28:49 | INFO    | epoch 25 | batch 560/4266 | loss 0.4323 | acc 0.9799 | lr 3.78e-05 | 39s
2026-09-18 23:28:50 | INFO    | epoch 25 | batch 580/4266 | loss 0.4328 | acc 0.9798 | lr 3.78e-05 | 40s
2026-09-18 23:28:52 | INFO    | epoch 25 | batch 600/4266 | loss 0.4326 | acc 0.9798 | lr 3.78e-05 | 42s
2026-09-18 23:28:53 | INFO    | epoch 25 | batch 620/4266 | loss 0.4323 | acc 0.9799 | lr 3.78e-05 | 43s
2026-09-18 23:28:54 | INFO    | epoch 25 | batch 640/4266 | loss 0.4323 | acc 0.9801 | lr 3.78e-05 | 44s
2026-09-18 23:28:56 | INFO    | epoch 25 | batch 660/4266 | loss 0.4321 | acc 0.9802 | lr 3.77e-05 | 46s
2026-09-18 23:28:57 | INFO    | epoch 25 | batch 680/4266 | loss 0.4328 | acc 0.9799 | lr 3.77e-05 | 47s
2026-09-18 23:28:59 | INFO    | epoch 25 | batch 700/4266 | loss 0.4334 | acc 0.9796 | lr 3.77e-05 | 49s
2026-09-18 23:29:00 | INFO    | epoch 25 | batch 720/4266 | loss 0.4335 | acc 0.9795 | lr 3.77e-05 | 50s
2026-09-18 23:29:01 | INFO    | epoch 25 | batch 740/4266 | loss 0.4336 | acc 0.9795 | lr 3.77e-05 | 51s
2026-09-18 23:29:03 | INFO    | epoch 25 | batch 760/4266 | loss 0.4338 | acc 0.9793 | lr 3.76e-05 | 53s
2026-09-18 23:29:04 | INFO    | epoch 25 | batch 780/4266 | loss 0.4335 | acc 0.9795 | lr 3.76e-05 | 54s
2026-09-18 23:29:05 | INFO    | epoch 25 | batch 800/4266 | loss 0.4334 | acc 0.9796 | lr 3.76e-05 | 55s
2026-09-18 23:29:07 | INFO    | epoch 25 | batch 820/4266 | loss 0.4330 | acc 0.9798 | lr 3.76e-05 | 57s
2026-09-18 23:29:08 | INFO    | epoch 25 | batch 840/4266 | loss 0.4328 | acc 0.9798 | lr 3.76e-05 | 58s
2026-09-18 23:29:10 | INFO    | epoch 25 | batch 860/4266 | loss 0.4326 | acc 0.9799 | lr 3.76e-05 | 60s
2026-09-18 23:29:11 | INFO    | epoch 25 | batch 880/4266 | loss 0.4326 | acc 0.9799 | lr 3.75e-05 | 61s
2026-09-18 23:29:12 | INFO    | epoch 25 | batch 900/4266 | loss 0.4326 | acc 0.9800 | lr 3.75e-05 | 62s
2026-09-18 23:29:14 | INFO    | epoch 25 | batch 920/4266 | loss 0.4324 | acc 0.9801 | lr 3.75e-05 | 64s
2026-09-18 23:29:15 | INFO    | epoch 25 | batch 940/4266 | loss 0.4326 | acc 0.9801 | lr 3.75e-05 | 65s
2026-09-18 23:29:17 | INFO    | epoch 25 | batch 960/4266 | loss 0.4326 | acc 0.9801 | lr 3.75e-05 | 67s
2026-09-18 23:29:18 | INFO    | epoch 25 | batch 980/4266 | loss 0.4328 | acc 0.9800 | lr 3.74e-05 | 68s
2026-09-18 23:29:19 | INFO    | epoch 25 | batch 1000/4266 | loss 0.4325 | acc 0.9802 | lr 3.74e-05 | 69s
2026-09-18 23:29:21 | INFO    | epoch 25 | batch 1020/4266 | loss 0.4324 | acc 0.9802 | lr 3.74e-05 | 71s
2026-09-18 23:29:22 | INFO    | epoch 25 | batch 1040/4266 | loss 0.4322 | acc 0.9804 | lr 3.74e-05 | 72s
2026-09-18 23:29:23 | INFO    | epoch 25 | batch 1060/4266 | loss 0.4322 | acc 0.9804 | lr 3.74e-05 | 73s
2026-09-18 23:29:25 | INFO    | epoch 25 | batch 1080/4266 | loss 0.4321 | acc 0.9804 | lr 3.73e-05 | 75s
2026-09-18 23:29:26 | INFO    | epoch 25 | batch 1100/4266 | loss 0.4321 | acc 0.9803 | lr 3.73e-05 | 76s
2026-09-18 23:29:27 | INFO    | epoch 25 | batch 1120/4266 | loss 0.4320 | acc 0.9804 | lr 3.73e-05 | 77s
2026-09-18 23:29:29 | INFO    | epoch 25 | batch 1140/4266 | loss 0.4320 | acc 0.9804 | lr 3.73e-05 | 79s
2026-09-18 23:29:30 | INFO    | epoch 25 | batch 1160/4266 | loss 0.4320 | acc 0.9804 | lr 3.73e-05 | 80s
2026-09-18 23:29:32 | INFO    | epoch 25 | batch 1180/4266 | loss 0.4321 | acc 0.9804 | lr 3.73e-05 | 81s
2026-09-18 23:29:33 | INFO    | epoch 25 | batch 1200/4266 | loss 0.4321 | acc 0.9803 | lr 3.72e-05 | 83s
2026-09-18 23:29:34 | INFO    | epoch 25 | batch 1220/4266 | loss 0.4320 | acc 0.9803 | lr 3.72e-05 | 84s
2026-09-18 23:29:36 | INFO    | epoch 25 | batch 1240/4266 | loss 0.4320 | acc 0.9804 | lr 3.72e-05 | 86s
2026-09-18 23:29:37 | INFO    | epoch 25 | batch 1260/4266 | loss 0.4320 | acc 0.9803 | lr 3.72e-05 | 87s
2026-09-18 23:29:38 | INFO    | epoch 25 | batch 1280/4266 | loss 0.4318 | acc 0.9804 | lr 3.72e-05 | 88s
2026-09-18 23:29:40 | INFO    | epoch 25 | batch 1300/4266 | loss 0.4321 | acc 0.9802 | lr 3.71e-05 | 90s
2026-09-18 23:29:41 | INFO    | epoch 25 | batch 1320/4266 | loss 0.4320 | acc 0.9803 | lr 3.71e-05 | 91s
2026-09-18 23:29:42 | INFO    | epoch 25 | batch 1340/4266 | loss 0.4320 | acc 0.9803 | lr 3.71e-05 | 92s
2026-09-18 23:29:44 | INFO    | epoch 25 | batch 1360/4266 | loss 0.4319 | acc 0.9803 | lr 3.71e-05 | 94s
2026-09-18 23:29:45 | INFO    | epoch 25 | batch 1380/4266 | loss 0.4318 | acc 0.9804 | lr 3.71e-05 | 95s
2026-09-18 23:29:46 | INFO    | epoch 25 | batch 1400/4266 | loss 0.4317 | acc 0.9803 | lr 3.71e-05 | 96s
2026-09-18 23:29:48 | INFO    | epoch 25 | batch 1420/4266 | loss 0.4317 | acc 0.9804 | lr 3.70e-05 | 98s
2026-09-18 23:29:49 | INFO    | epoch 25 | batch 1440/4266 | loss 0.4317 | acc 0.9804 | lr 3.70e-05 | 99s
2026-09-18 23:29:51 | INFO    | epoch 25 | batch 1460/4266 | loss 0.4317 | acc 0.9805 | lr 3.70e-05 | 100s
2026-09-18 23:29:52 | INFO    | epoch 25 | batch 1480/4266 | loss 0.4319 | acc 0.9804 | lr 3.70e-05 | 102s
2026-09-18 23:29:53 | INFO    | epoch 25 | batch 1500/4266 | loss 0.4319 | acc 0.9804 | lr 3.70e-05 | 103s
2026-09-18 23:29:55 | INFO    | epoch 25 | batch 1520/4266 | loss 0.4318 | acc 0.9804 | lr 3.69e-05 | 105s
2026-09-18 23:29:56 | INFO    | epoch 25 | batch 1540/4266 | loss 0.4315 | acc 0.9806 | lr 3.69e-05 | 106s
2026-09-18 23:29:58 | INFO    | epoch 25 | batch 1560/4266 | loss 0.4314 | acc 0.9807 | lr 3.69e-05 | 108s
2026-09-18 23:29:59 | INFO    | epoch 25 | batch 1580/4266 | loss 0.4314 | acc 0.9807 | lr 3.69e-05 | 109s
2026-09-18 23:30:00 | INFO    | epoch 25 | batch 1600/4266 | loss 0.4313 | acc 0.9808 | lr 3.69e-05 | 110s
2026-09-18 23:30:02 | INFO    | epoch 25 | batch 1620/4266 | loss 0.4314 | acc 0.9806 | lr 3.68e-05 | 112s
2026-09-18 23:30:03 | INFO    | epoch 25 | batch 1640/4266 | loss 0.4314 | acc 0.9806 | lr 3.68e-05 | 113s
2026-09-18 23:30:05 | INFO    | epoch 25 | batch 1660/4266 | loss 0.4316 | acc 0.9805 | lr 3.68e-05 | 115s
2026-09-18 23:30:06 | INFO    | epoch 25 | batch 1680/4266 | loss 0.4314 | acc 0.9807 | lr 3.68e-05 | 116s
2026-09-18 23:30:07 | INFO    | epoch 25 | batch 1700/4266 | loss 0.4313 | acc 0.9808 | lr 3.68e-05 | 117s
2026-09-18 23:30:09 | INFO    | epoch 25 | batch 1720/4266 | loss 0.4311 | acc 0.9808 | lr 3.68e-05 | 119s
2026-09-18 23:30:10 | INFO    | epoch 25 | batch 1740/4266 | loss 0.4312 | acc 0.9809 | lr 3.67e-05 | 120s
2026-09-18 23:30:11 | INFO    | epoch 25 | batch 1760/4266 | loss 0.4311 | acc 0.9809 | lr 3.67e-05 | 121s
2026-09-18 23:30:13 | INFO    | epoch 25 | batch 1780/4266 | loss 0.4311 | acc 0.9809 | lr 3.67e-05 | 123s
2026-09-18 23:30:14 | INFO    | epoch 25 | batch 1800/4266 | loss 0.4311 | acc 0.9809 | lr 3.67e-05 | 124s
2026-09-18 23:30:15 | INFO    | epoch 25 | batch 1820/4266 | loss 0.4313 | acc 0.9808 | lr 3.67e-05 | 125s
2026-09-18 23:30:17 | INFO    | epoch 25 | batch 1840/4266 | loss 0.4313 | acc 0.9809 | lr 3.66e-05 | 127s
2026-09-18 23:30:18 | INFO    | epoch 25 | batch 1860/4266 | loss 0.4312 | acc 0.9809 | lr 3.66e-05 | 128s
2026-09-18 23:30:19 | INFO    | epoch 25 | batch 1880/4266 | loss 0.4311 | acc 0.9810 | lr 3.66e-05 | 129s
2026-09-18 23:30:21 | INFO    | epoch 25 | batch 1900/4266 | loss 0.4311 | acc 0.9810 | lr 3.66e-05 | 131s
2026-09-18 23:30:22 | INFO    | epoch 25 | batch 1920/4266 | loss 0.4310 | acc 0.9810 | lr 3.66e-05 | 132s
2026-09-18 23:30:23 | INFO    | epoch 25 | batch 1940/4266 | loss 0.4309 | acc 0.9811 | lr 3.66e-05 | 133s
2026-09-18 23:30:25 | INFO    | epoch 25 | batch 1960/4266 | loss 0.4308 | acc 0.9811 | lr 3.65e-05 | 135s
2026-09-18 23:30:26 | INFO    | epoch 25 | batch 1980/4266 | loss 0.4308 | acc 0.9811 | lr 3.65e-05 | 136s
2026-09-18 23:30:27 | INFO    | epoch 25 | batch 2000/4266 | loss 0.4311 | acc 0.9811 | lr 3.65e-05 | 137s
2026-09-18 23:30:29 | INFO    | epoch 25 | batch 2020/4266 | loss 0.4310 | acc 0.9810 | lr 3.65e-05 | 139s
2026-09-18 23:30:30 | INFO    | epoch 25 | batch 2040/4266 | loss 0.4311 | acc 0.9810 | lr 3.65e-05 | 140s
2026-09-18 23:30:32 | INFO    | epoch 25 | batch 2060/4266 | loss 0.4312 | acc 0.9809 | lr 3.64e-05 | 142s
2026-09-18 23:30:33 | INFO    | epoch 25 | batch 2080/4266 | loss 0.4311 | acc 0.9810 | lr 3.64e-05 | 143s
2026-09-18 23:30:34 | INFO    | epoch 25 | batch 2100/4266 | loss 0.4312 | acc 0.9809 | lr 3.64e-05 | 144s
2026-09-18 23:30:36 | INFO    | epoch 25 | batch 2120/4266 | loss 0.4313 | acc 0.9809 | lr 3.64e-05 | 146s
2026-09-18 23:30:37 | INFO    | epoch 25 | batch 2140/4266 | loss 0.4315 | acc 0.9808 | lr 3.64e-05 | 147s
2026-09-18 23:30:39 | INFO    | epoch 25 | batch 2160/4266 | loss 0.4315 | acc 0.9808 | lr 3.64e-05 | 148s
2026-09-18 23:30:40 | INFO    | epoch 25 | batch 2180/4266 | loss 0.4317 | acc 0.9807 | lr 3.63e-05 | 150s
2026-09-18 23:30:41 | INFO    | epoch 25 | batch 2200/4266 | loss 0.4317 | acc 0.9807 | lr 3.63e-05 | 151s
2026-09-18 23:30:43 | INFO    | epoch 25 | batch 2220/4266 | loss 0.4319 | acc 0.9806 | lr 3.63e-05 | 153s
2026-09-18 23:30:44 | INFO    | epoch 25 | batch 2240/4266 | loss 0.4318 | acc 0.9806 | lr 3.63e-05 | 154s
2026-09-18 23:30:45 | INFO    | epoch 25 | batch 2260/4266 | loss 0.4318 | acc 0.9806 | lr 3.63e-05 | 155s
2026-09-18 23:30:47 | INFO    | epoch 25 | batch 2280/4266 | loss 0.4319 | acc 0.9806 | lr 3.62e-05 | 157s
2026-09-18 23:30:48 | INFO    | epoch 25 | batch 2300/4266 | loss 0.4320 | acc 0.9805 | lr 3.62e-05 | 158s
2026-09-18 23:30:50 | INFO    | epoch 25 | batch 2320/4266 | loss 0.4320 | acc 0.9805 | lr 3.62e-05 | 160s
2026-09-18 23:30:51 | INFO    | epoch 25 | batch 2340/4266 | loss 0.4319 | acc 0.9806 | lr 3.62e-05 | 161s
2026-09-18 23:30:52 | INFO    | epoch 25 | batch 2360/4266 | loss 0.4318 | acc 0.9806 | lr 3.62e-05 | 162s
2026-09-18 23:30:54 | INFO    | epoch 25 | batch 2380/4266 | loss 0.4318 | acc 0.9806 | lr 3.61e-05 | 164s
2026-09-18 23:30:55 | INFO    | epoch 25 | batch 2400/4266 | loss 0.4318 | acc 0.9806 | lr 3.61e-05 | 165s
2026-09-18 23:30:57 | INFO    | epoch 25 | batch 2420/4266 | loss 0.4318 | acc 0.9806 | lr 3.61e-05 | 167s
2026-09-18 23:30:58 | INFO    | epoch 25 | batch 2440/4266 | loss 0.4317 | acc 0.9807 | lr 3.61e-05 | 168s
2026-09-18 23:30:59 | INFO    | epoch 25 | batch 2460/4266 | loss 0.4318 | acc 0.9806 | lr 3.61e-05 | 169s
2026-09-18 23:31:01 | INFO    | epoch 25 | batch 2480/4266 | loss 0.4318 | acc 0.9806 | lr 3.61e-05 | 171s
2026-09-18 23:31:02 | INFO    | epoch 25 | batch 2500/4266 | loss 0.4319 | acc 0.9806 | lr 3.60e-05 | 172s
2026-09-18 23:31:03 | INFO    | epoch 25 | batch 2520/4266 | loss 0.4320 | acc 0.9805 | lr 3.60e-05 | 173s
2026-09-18 23:31:05 | INFO    | epoch 25 | batch 2540/4266 | loss 0.4321 | acc 0.9805 | lr 3.60e-05 | 175s
2026-09-18 23:31:06 | INFO    | epoch 25 | batch 2560/4266 | loss 0.4321 | acc 0.9805 | lr 3.60e-05 | 176s
2026-09-18 23:31:08 | INFO    | epoch 25 | batch 2580/4266 | loss 0.4320 | acc 0.9805 | lr 3.60e-05 | 178s
2026-09-18 23:31:09 | INFO    | epoch 25 | batch 2600/4266 | loss 0.4321 | acc 0.9805 | lr 3.59e-05 | 179s
2026-09-18 23:31:10 | INFO    | epoch 25 | batch 2620/4266 | loss 0.4321 | acc 0.9805 | lr 3.59e-05 | 180s
2026-09-18 23:31:12 | INFO    | epoch 25 | batch 2640/4266 | loss 0.4321 | acc 0.9805 | lr 3.59e-05 | 182s
2026-09-18 23:31:13 | INFO    | epoch 25 | batch 2660/4266 | loss 0.4321 | acc 0.9805 | lr 3.59e-05 | 183s
2026-09-18 23:31:14 | INFO    | epoch 25 | batch 2680/4266 | loss 0.4320 | acc 0.9805 | lr 3.59e-05 | 184s
2026-09-18 23:31:16 | INFO    | epoch 25 | batch 2700/4266 | loss 0.4319 | acc 0.9805 | lr 3.59e-05 | 186s
2026-09-18 23:31:17 | INFO    | epoch 25 | batch 2720/4266 | loss 0.4320 | acc 0.9804 | lr 3.58e-05 | 187s
2026-09-18 23:31:19 | INFO    | epoch 25 | batch 2740/4266 | loss 0.4321 | acc 0.9805 | lr 3.58e-05 | 189s
2026-09-18 23:31:20 | INFO    | epoch 25 | batch 2760/4266 | loss 0.4321 | acc 0.9804 | lr 3.58e-05 | 190s
2026-09-18 23:31:21 | INFO    | epoch 25 | batch 2780/4266 | loss 0.4321 | acc 0.9805 | lr 3.58e-05 | 191s
2026-09-18 23:31:23 | INFO    | epoch 25 | batch 2800/4266 | loss 0.4320 | acc 0.9805 | lr 3.58e-05 | 193s
2026-09-18 23:31:24 | INFO    | epoch 25 | batch 2820/4266 | loss 0.4320 | acc 0.9805 | lr 3.57e-05 | 194s
2026-09-18 23:31:26 | INFO    | epoch 25 | batch 2840/4266 | loss 0.4319 | acc 0.9805 | lr 3.57e-05 | 196s
2026-09-18 23:31:27 | INFO    | epoch 25 | batch 2860/4266 | loss 0.4318 | acc 0.9805 | lr 3.57e-05 | 197s
2026-09-18 23:31:28 | INFO    | epoch 25 | batch 2880/4266 | loss 0.4318 | acc 0.9805 | lr 3.57e-05 | 198s
2026-09-18 23:31:30 | INFO    | epoch 25 | batch 2900/4266 | loss 0.4318 | acc 0.9805 | lr 3.57e-05 | 200s
2026-09-18 23:31:31 | INFO    | epoch 25 | batch 2920/4266 | loss 0.4317 | acc 0.9806 | lr 3.57e-05 | 201s
2026-09-18 23:31:33 | INFO    | epoch 25 | batch 2940/4266 | loss 0.4318 | acc 0.9806 | lr 3.56e-05 | 203s
2026-09-18 23:31:34 | INFO    | epoch 25 | batch 2960/4266 | loss 0.4317 | acc 0.9806 | lr 3.56e-05 | 204s
2026-09-18 23:31:36 | INFO    | epoch 25 | batch 2980/4266 | loss 0.4317 | acc 0.9806 | lr 3.56e-05 | 206s
2026-09-18 23:31:37 | INFO    | epoch 25 | batch 3000/4266 | loss 0.4317 | acc 0.9806 | lr 3.56e-05 | 207s
2026-09-18 23:31:38 | INFO    | epoch 25 | batch 3020/4266 | loss 0.4317 | acc 0.9806 | lr 3.56e-05 | 208s
2026-09-18 23:31:40 | INFO    | epoch 25 | batch 3040/4266 | loss 0.4317 | acc 0.9807 | lr 3.55e-05 | 210s
2026-09-18 23:31:41 | INFO    | epoch 25 | batch 3060/4266 | loss 0.4316 | acc 0.9807 | lr 3.55e-05 | 211s
2026-09-18 23:31:43 | INFO    | epoch 25 | batch 3080/4266 | loss 0.4316 | acc 0.9807 | lr 3.55e-05 | 213s
2026-09-18 23:31:44 | INFO    | epoch 25 | batch 3100/4266 | loss 0.4316 | acc 0.9807 | lr 3.55e-05 | 214s
2026-09-18 23:31:46 | INFO    | epoch 25 | batch 3120/4266 | loss 0.4316 | acc 0.9807 | lr 3.55e-05 | 216s
2026-09-18 23:31:47 | INFO    | epoch 25 | batch 3140/4266 | loss 0.4316 | acc 0.9807 | lr 3.55e-05 | 217s
2026-09-18 23:31:48 | INFO    | epoch 25 | batch 3160/4266 | loss 0.4317 | acc 0.9806 | lr 3.54e-05 | 218s
2026-09-18 23:31:50 | INFO    | epoch 25 | batch 3180/4266 | loss 0.4317 | acc 0.9806 | lr 3.54e-05 | 220s
2026-09-18 23:31:51 | INFO    | epoch 25 | batch 3200/4266 | loss 0.4317 | acc 0.9806 | lr 3.54e-05 | 221s
2026-09-18 23:31:53 | INFO    | epoch 25 | batch 3220/4266 | loss 0.4317 | acc 0.9806 | lr 3.54e-05 | 223s
2026-09-18 23:31:54 | INFO    | epoch 25 | batch 3240/4266 | loss 0.4316 | acc 0.9807 | lr 3.54e-05 | 224s
2026-09-18 23:31:56 | INFO    | epoch 25 | batch 3260/4266 | loss 0.4316 | acc 0.9807 | lr 3.53e-05 | 226s
2026-09-18 23:31:57 | INFO    | epoch 25 | batch 3280/4266 | loss 0.4316 | acc 0.9807 | lr 3.53e-05 | 227s
2026-09-18 23:31:59 | INFO    | epoch 25 | batch 3300/4266 | loss 0.4316 | acc 0.9807 | lr 3.53e-05 | 228s
2026-09-18 23:32:00 | INFO    | epoch 25 | batch 3320/4266 | loss 0.4316 | acc 0.9807 | lr 3.53e-05 | 230s
2026-09-18 23:32:01 | INFO    | epoch 25 | batch 3340/4266 | loss 0.4315 | acc 0.9807 | lr 3.53e-05 | 231s
2026-09-18 23:32:03 | INFO    | epoch 25 | batch 3360/4266 | loss 0.4315 | acc 0.9807 | lr 3.53e-05 | 233s
2026-09-18 23:32:04 | INFO    | epoch 25 | batch 3380/4266 | loss 0.4316 | acc 0.9807 | lr 3.52e-05 | 234s
2026-09-18 23:32:06 | INFO    | epoch 25 | batch 3400/4266 | loss 0.4315 | acc 0.9807 | lr 3.52e-05 | 236s
2026-09-18 23:32:07 | INFO    | epoch 25 | batch 3420/4266 | loss 0.4314 | acc 0.9807 | lr 3.52e-05 | 237s
2026-09-18 23:32:09 | INFO    | epoch 25 | batch 3440/4266 | loss 0.4315 | acc 0.9808 | lr 3.52e-05 | 238s
2026-09-18 23:32:10 | INFO    | epoch 25 | batch 3460/4266 | loss 0.4315 | acc 0.9807 | lr 3.52e-05 | 240s
2026-09-18 23:32:11 | INFO    | epoch 25 | batch 3480/4266 | loss 0.4315 | acc 0.9808 | lr 3.51e-05 | 241s
2026-09-18 23:32:13 | INFO    | epoch 25 | batch 3500/4266 | loss 0.4316 | acc 0.9807 | lr 3.51e-05 | 243s
2026-09-18 23:32:14 | INFO    | epoch 25 | batch 3520/4266 | loss 0.4315 | acc 0.9808 | lr 3.51e-05 | 244s
2026-09-18 23:32:16 | INFO    | epoch 25 | batch 3540/4266 | loss 0.4315 | acc 0.9808 | lr 3.51e-05 | 246s
2026-09-18 23:32:17 | INFO    | epoch 25 | batch 3560/4266 | loss 0.4316 | acc 0.9808 | lr 3.51e-05 | 247s
2026-09-18 23:32:18 | INFO    | epoch 25 | batch 3580/4266 | loss 0.4315 | acc 0.9808 | lr 3.51e-05 | 248s
2026-09-18 23:32:20 | INFO    | epoch 25 | batch 3600/4266 | loss 0.4315 | acc 0.9808 | lr 3.50e-05 | 250s
2026-09-18 23:32:21 | INFO    | epoch 25 | batch 3620/4266 | loss 0.4316 | acc 0.9808 | lr 3.50e-05 | 251s
2026-09-18 23:32:23 | INFO    | epoch 25 | batch 3640/4266 | loss 0.4315 | acc 0.9808 | lr 3.50e-05 | 253s
2026-09-18 23:32:24 | INFO    | epoch 25 | batch 3660/4266 | loss 0.4316 | acc 0.9808 | lr 3.50e-05 | 254s
2026-09-18 23:32:25 | INFO    | epoch 25 | batch 3680/4266 | loss 0.4316 | acc 0.9808 | lr 3.50e-05 | 255s
2026-09-18 23:32:27 | INFO    | epoch 25 | batch 3700/4266 | loss 0.4315 | acc 0.9808 | lr 3.49e-05 | 257s
2026-09-18 23:32:28 | INFO    | epoch 25 | batch 3720/4266 | loss 0.4315 | acc 0.9808 | lr 3.49e-05 | 258s
2026-09-18 23:32:29 | INFO    | epoch 25 | batch 3740/4266 | loss 0.4315 | acc 0.9808 | lr 3.49e-05 | 259s
2026-09-18 23:32:31 | INFO    | epoch 25 | batch 3760/4266 | loss 0.4316 | acc 0.9808 | lr 3.49e-05 | 261s
2026-09-18 23:32:32 | INFO    | epoch 25 | batch 3780/4266 | loss 0.4316 | acc 0.9807 | lr 3.49e-05 | 262s
2026-09-18 23:32:34 | INFO    | epoch 25 | batch 3800/4266 | loss 0.4316 | acc 0.9807 | lr 3.49e-05 | 264s
2026-09-18 23:32:35 | INFO    | epoch 25 | batch 3820/4266 | loss 0.4316 | acc 0.9807 | lr 3.48e-05 | 265s
2026-09-18 23:32:36 | INFO    | epoch 25 | batch 3840/4266 | loss 0.4315 | acc 0.9808 | lr 3.48e-05 | 266s
2026-09-18 23:32:38 | INFO    | epoch 25 | batch 3860/4266 | loss 0.4315 | acc 0.9808 | lr 3.48e-05 | 268s
2026-09-18 23:32:39 | INFO    | epoch 25 | batch 3880/4266 | loss 0.4315 | acc 0.9808 | lr 3.48e-05 | 269s
2026-09-18 23:32:41 | INFO    | epoch 25 | batch 3900/4266 | loss 0.4315 | acc 0.9808 | lr 3.48e-05 | 271s
2026-09-18 23:32:42 | INFO    | epoch 25 | batch 3920/4266 | loss 0.4315 | acc 0.9808 | lr 3.47e-05 | 272s
2026-09-18 23:32:44 | INFO    | epoch 25 | batch 3940/4266 | loss 0.4315 | acc 0.9808 | lr 3.47e-05 | 274s
2026-09-18 23:32:45 | INFO    | epoch 25 | batch 3960/4266 | loss 0.4314 | acc 0.9808 | lr 3.47e-05 | 275s
2026-09-18 23:32:46 | INFO    | epoch 25 | batch 3980/4266 | loss 0.4314 | acc 0.9808 | lr 3.47e-05 | 276s
2026-09-18 23:32:48 | INFO    | epoch 25 | batch 4000/4266 | loss 0.4314 | acc 0.9809 | lr 3.47e-05 | 278s
2026-09-18 23:32:49 | INFO    | epoch 25 | batch 4020/4266 | loss 0.4313 | acc 0.9809 | lr 3.47e-05 | 279s
2026-09-18 23:32:51 | INFO    | epoch 25 | batch 4040/4266 | loss 0.4313 | acc 0.9809 | lr 3.46e-05 | 281s
2026-09-18 23:32:52 | INFO    | epoch 25 | batch 4060/4266 | loss 0.4313 | acc 0.9809 | lr 3.46e-05 | 282s
2026-09-18 23:32:54 | INFO    | epoch 25 | batch 4080/4266 | loss 0.4313 | acc 0.9809 | lr 3.46e-05 | 283s
2026-09-18 23:32:55 | INFO    | epoch 25 | batch 4100/4266 | loss 0.4313 | acc 0.9809 | lr 3.46e-05 | 285s
2026-09-18 23:32:56 | INFO    | epoch 25 | batch 4120/4266 | loss 0.4314 | acc 0.9808 | lr 3.46e-05 | 286s
2026-09-18 23:32:58 | INFO    | epoch 25 | batch 4140/4266 | loss 0.4314 | acc 0.9808 | lr 3.45e-05 | 288s
2026-09-18 23:32:59 | INFO    | epoch 25 | batch 4160/4266 | loss 0.4314 | acc 0.9808 | lr 3.45e-05 | 289s
2026-09-18 23:33:00 | INFO    | epoch 25 | batch 4180/4266 | loss 0.4313 | acc 0.9809 | lr 3.45e-05 | 290s
2026-09-18 23:33:02 | INFO    | epoch 25 | batch 4200/4266 | loss 0.4313 | acc 0.9809 | lr 3.45e-05 | 292s
2026-09-18 23:33:03 | INFO    | epoch 25 | batch 4220/4266 | loss 0.4313 | acc 0.9809 | lr 3.45e-05 | 293s
2026-09-18 23:33:05 | INFO    | epoch 25 | batch 4240/4266 | loss 0.4313 | acc 0.9809 | lr 3.45e-05 | 295s
2026-09-18 23:33:06 | INFO    | epoch 25 | batch 4260/4266 | loss 0.4314 | acc 0.9809 | lr 3.44e-05 | 296s
2026-09-18 23:33:06 | INFO    | epoch 25 | batch 4266/4266 | loss 0.4313 | acc 0.9809 | lr 3.44e-05 | 296s
2026-09-18 23:33:16 | INFO    | epoch 25/40 done in 306s | train loss 0.4313 | train running patch (aug): accuracy=0.9809 precision=0.9804 recall=0.9803 f1=0.9804
2026-09-18 23:33:16 | INFO    | epoch 25 train (eval, no aug) | loss 0.4026 | patch[7280]: accuracy=0.9951 precision=0.9951 recall=0.9953 f1=0.9952 | image[455]: accuracy=1.0000 precision=1.0000 recall=1.0000 f1=1.0000
2026-09-18 23:33:16 | INFO    | epoch 25 val | loss 1.2379 | patch[8448]: accuracy=0.6799 precision=0.6580 recall=0.6570 f1=0.6573 | image[96]: accuracy=0.7292 precision=0.7060 recall=0.7027 f1=0.7039
2026-09-18 23:33:16 | INFO    | val_patch_f1 = 0.6573 (best 0.6759 @ epoch 22)
2026-09-18 23:33:18 | INFO    | epoch 26 | batch 20/4266 | loss 0.4275 | acc 0.9812 | lr 3.44e-05 | 1s
2026-09-18 23:33:19 | INFO    | epoch 26 | batch 40/4266 | loss 0.4308 | acc 0.9773 | lr 3.44e-05 | 3s
2026-09-18 23:33:20 | INFO    | epoch 26 | batch 60/4266 | loss 0.4255 | acc 0.9807 | lr 3.44e-05 | 4s
2026-09-18 23:33:22 | INFO    | epoch 26 | batch 80/4266 | loss 0.4281 | acc 0.9793 | lr 3.44e-05 | 6s
2026-09-18 23:33:23 | INFO    | epoch 26 | batch 100/4266 | loss 0.4266 | acc 0.9812 | lr 3.43e-05 | 7s
2026-09-18 23:33:24 | INFO    | epoch 26 | batch 120/4266 | loss 0.4283 | acc 0.9805 | lr 3.43e-05 | 8s
2026-09-18 23:33:26 | INFO    | epoch 26 | batch 140/4266 | loss 0.4273 | acc 0.9810 | lr 3.43e-05 | 10s
2026-09-18 23:33:27 | INFO    | epoch 26 | batch 160/4266 | loss 0.4284 | acc 0.9809 | lr 3.43e-05 | 11s
2026-09-18 23:33:28 | INFO    | epoch 26 | batch 180/4266 | loss 0.4274 | acc 0.9812 | lr 3.43e-05 | 12s
2026-09-18 23:33:30 | INFO    | epoch 26 | batch 200/4266 | loss 0.4264 | acc 0.9820 | lr 3.42e-05 | 14s
2026-09-18 23:33:31 | INFO    | epoch 26 | batch 220/4266 | loss 0.4262 | acc 0.9820 | lr 3.42e-05 | 15s
2026-09-18 23:33:33 | INFO    | epoch 26 | batch 240/4266 | loss 0.4268 | acc 0.9816 | lr 3.42e-05 | 16s
2026-09-18 23:33:34 | INFO    | epoch 26 | batch 260/4266 | loss 0.4258 | acc 0.9822 | lr 3.42e-05 | 18s
2026-09-18 23:33:35 | INFO    | epoch 26 | batch 280/4266 | loss 0.4264 | acc 0.9819 | lr 3.42e-05 | 19s
2026-09-18 23:33:37 | INFO    | epoch 26 | batch 300/4266 | loss 0.4271 | acc 0.9818 | lr 3.42e-05 | 21s
2026-09-18 23:33:38 | INFO    | epoch 26 | batch 320/4266 | loss 0.4272 | acc 0.9816 | lr 3.41e-05 | 22s
2026-09-18 23:33:40 | INFO    | epoch 26 | batch 340/4266 | loss 0.4269 | acc 0.9818 | lr 3.41e-05 | 23s
2026-09-18 23:33:41 | INFO    | epoch 26 | batch 360/4266 | loss 0.4271 | acc 0.9816 | lr 3.41e-05 | 25s
2026-09-18 23:33:42 | INFO    | epoch 26 | batch 380/4266 | loss 0.4269 | acc 0.9819 | lr 3.41e-05 | 26s
2026-09-18 23:33:44 | INFO    | epoch 26 | batch 400/4266 | loss 0.4264 | acc 0.9823 | lr 3.41e-05 | 28s
2026-09-18 23:33:45 | INFO    | epoch 26 | batch 420/4266 | loss 0.4269 | acc 0.9823 | lr 3.40e-05 | 29s
2026-09-18 23:33:46 | INFO    | epoch 26 | batch 440/4266 | loss 0.4274 | acc 0.9821 | lr 3.40e-05 | 30s
2026-09-18 23:33:48 | INFO    | epoch 26 | batch 460/4266 | loss 0.4276 | acc 0.9821 | lr 3.40e-05 | 32s
2026-09-18 23:33:49 | INFO    | epoch 26 | batch 480/4266 | loss 0.4275 | acc 0.9821 | lr 3.40e-05 | 33s
2026-09-18 23:33:51 | INFO    | epoch 26 | batch 500/4266 | loss 0.4277 | acc 0.9820 | lr 3.40e-05 | 35s
2026-09-18 23:33:52 | INFO    | epoch 26 | batch 520/4266 | loss 0.4289 | acc 0.9817 | lr 3.40e-05 | 36s
2026-09-18 23:33:54 | INFO    | epoch 26 | batch 540/4266 | loss 0.4300 | acc 0.9811 | lr 3.39e-05 | 37s
2026-09-18 23:33:55 | INFO    | epoch 26 | batch 560/4266 | loss 0.4306 | acc 0.9810 | lr 3.39e-05 | 39s
2026-09-18 23:33:56 | INFO    | epoch 26 | batch 580/4266 | loss 0.4308 | acc 0.9809 | lr 3.39e-05 | 40s
2026-09-18 23:33:58 | INFO    | epoch 26 | batch 600/4266 | loss 0.4303 | acc 0.9811 | lr 3.39e-05 | 42s
2026-09-18 23:33:59 | INFO    | epoch 26 | batch 620/4266 | loss 0.4302 | acc 0.9812 | lr 3.39e-05 | 43s
2026-09-18 23:34:00 | INFO    | epoch 26 | batch 640/4266 | loss 0.4306 | acc 0.9809 | lr 3.38e-05 | 44s
2026-09-18 23:34:02 | INFO    | epoch 26 | batch 660/4266 | loss 0.4307 | acc 0.9809 | lr 3.38e-05 | 46s
2026-09-18 23:34:03 | INFO    | epoch 26 | batch 680/4266 | loss 0.4308 | acc 0.9807 | lr 3.38e-05 | 47s
2026-09-18 23:34:05 | INFO    | epoch 26 | batch 700/4266 | loss 0.4308 | acc 0.9808 | lr 3.38e-05 | 48s
2026-09-18 23:34:06 | INFO    | epoch 26 | batch 720/4266 | loss 0.4308 | acc 0.9809 | lr 3.38e-05 | 50s
2026-09-18 23:34:07 | INFO    | epoch 26 | batch 740/4266 | loss 0.4308 | acc 0.9810 | lr 3.38e-05 | 51s
2026-09-18 23:34:09 | INFO    | epoch 26 | batch 760/4266 | loss 0.4305 | acc 0.9811 | lr 3.37e-05 | 53s
2026-09-18 23:34:10 | INFO    | epoch 26 | batch 780/4266 | loss 0.4305 | acc 0.9811 | lr 3.37e-05 | 54s
2026-09-18 23:34:11 | INFO    | epoch 26 | batch 800/4266 | loss 0.4304 | acc 0.9811 | lr 3.37e-05 | 55s
2026-09-18 23:34:13 | INFO    | epoch 26 | batch 820/4266 | loss 0.4302 | acc 0.9813 | lr 3.37e-05 | 57s
2026-09-18 23:34:14 | INFO    | epoch 26 | batch 840/4266 | loss 0.4304 | acc 0.9810 | lr 3.37e-05 | 58s
2026-09-18 23:34:15 | INFO    | epoch 26 | batch 860/4266 | loss 0.4306 | acc 0.9809 | lr 3.36e-05 | 59s
2026-09-18 23:34:17 | INFO    | epoch 26 | batch 880/4266 | loss 0.4308 | acc 0.9809 | lr 3.36e-05 | 61s
2026-09-18 23:34:18 | INFO    | epoch 26 | batch 900/4266 | loss 0.4308 | acc 0.9809 | lr 3.36e-05 | 62s
2026-09-18 23:34:20 | INFO    | epoch 26 | batch 920/4266 | loss 0.4304 | acc 0.9810 | lr 3.36e-05 | 63s
2026-09-18 23:34:21 | INFO    | epoch 26 | batch 940/4266 | loss 0.4304 | acc 0.9812 | lr 3.36e-05 | 65s
2026-09-18 23:34:22 | INFO    | epoch 26 | batch 960/4266 | loss 0.4303 | acc 0.9812 | lr 3.36e-05 | 66s
2026-09-18 23:34:24 | INFO    | epoch 26 | batch 980/4266 | loss 0.4303 | acc 0.9812 | lr 3.35e-05 | 68s
2026-09-18 23:34:25 | INFO    | epoch 26 | batch 1000/4266 | loss 0.4303 | acc 0.9813 | lr 3.35e-05 | 69s
2026-09-18 23:34:27 | INFO    | epoch 26 | batch 1020/4266 | loss 0.4305 | acc 0.9812 | lr 3.35e-05 | 70s
2026-09-18 23:34:28 | INFO    | epoch 26 | batch 1040/4266 | loss 0.4306 | acc 0.9812 | lr 3.35e-05 | 72s
2026-09-18 23:34:29 | INFO    | epoch 26 | batch 1060/4266 | loss 0.4307 | acc 0.9812 | lr 3.35e-05 | 73s
2026-09-18 23:34:31 | INFO    | epoch 26 | batch 1080/4266 | loss 0.4308 | acc 0.9811 | lr 3.35e-05 | 75s
2026-09-18 23:34:32 | INFO    | epoch 26 | batch 1100/4266 | loss 0.4307 | acc 0.9811 | lr 3.34e-05 | 76s
2026-09-18 23:34:34 | INFO    | epoch 26 | batch 1120/4266 | loss 0.4305 | acc 0.9812 | lr 3.34e-05 | 78s
2026-09-18 23:34:35 | INFO    | epoch 26 | batch 1140/4266 | loss 0.4308 | acc 0.9810 | lr 3.34e-05 | 79s
2026-09-18 23:34:37 | INFO    | epoch 26 | batch 1160/4266 | loss 0.4306 | acc 0.9810 | lr 3.34e-05 | 80s
2026-09-18 23:34:38 | INFO    | epoch 26 | batch 1180/4266 | loss 0.4306 | acc 0.9810 | lr 3.34e-05 | 82s
2026-09-18 23:34:39 | INFO    | epoch 26 | batch 1200/4266 | loss 0.4306 | acc 0.9810 | lr 3.33e-05 | 83s
2026-09-18 23:34:41 | INFO    | epoch 26 | batch 1220/4266 | loss 0.4306 | acc 0.9811 | lr 3.33e-05 | 85s
2026-09-18 23:34:42 | INFO    | epoch 26 | batch 1240/4266 | loss 0.4308 | acc 0.9810 | lr 3.33e-05 | 86s
2026-09-18 23:34:44 | INFO    | epoch 26 | batch 1260/4266 | loss 0.4309 | acc 0.9811 | lr 3.33e-05 | 88s
2026-09-18 23:34:45 | INFO    | epoch 26 | batch 1280/4266 | loss 0.4309 | acc 0.9811 | lr 3.33e-05 | 89s
2026-09-18 23:34:47 | INFO    | epoch 26 | batch 1300/4266 | loss 0.4307 | acc 0.9812 | lr 3.33e-05 | 91s
2026-09-18 23:34:48 | INFO    | epoch 26 | batch 1320/4266 | loss 0.4306 | acc 0.9812 | lr 3.32e-05 | 92s
2026-09-18 23:34:50 | INFO    | epoch 26 | batch 1340/4266 | loss 0.4305 | acc 0.9813 | lr 3.32e-05 | 94s
2026-09-18 23:34:51 | INFO    | epoch 26 | batch 1360/4266 | loss 0.4307 | acc 0.9813 | lr 3.32e-05 | 95s
2026-09-18 23:34:53 | INFO    | epoch 26 | batch 1380/4266 | loss 0.4306 | acc 0.9813 | lr 3.32e-05 | 97s
2026-09-18 23:34:54 | INFO    | epoch 26 | batch 1400/4266 | loss 0.4307 | acc 0.9814 | lr 3.32e-05 | 98s
2026-09-18 23:34:56 | INFO    | epoch 26 | batch 1420/4266 | loss 0.4306 | acc 0.9814 | lr 3.31e-05 | 100s
2026-09-18 23:34:57 | INFO    | epoch 26 | batch 1440/4266 | loss 0.4306 | acc 0.9814 | lr 3.31e-05 | 101s
2026-09-18 23:34:59 | INFO    | epoch 26 | batch 1460/4266 | loss 0.4305 | acc 0.9814 | lr 3.31e-05 | 102s
2026-09-18 23:35:00 | INFO    | epoch 26 | batch 1480/4266 | loss 0.4304 | acc 0.9815 | lr 3.31e-05 | 104s
2026-09-18 23:35:01 | INFO    | epoch 26 | batch 1500/4266 | loss 0.4305 | acc 0.9815 | lr 3.31e-05 | 105s
2026-09-18 23:35:03 | INFO    | epoch 26 | batch 1520/4266 | loss 0.4306 | acc 0.9814 | lr 3.31e-05 | 107s
2026-09-18 23:35:04 | INFO    | epoch 26 | batch 1540/4266 | loss 0.4304 | acc 0.9816 | lr 3.30e-05 | 108s
2026-09-18 23:35:06 | INFO    | epoch 26 | batch 1560/4266 | loss 0.4307 | acc 0.9815 | lr 3.30e-05 | 110s
2026-09-18 23:35:07 | INFO    | epoch 26 | batch 1580/4266 | loss 0.4306 | acc 0.9815 | lr 3.30e-05 | 111s
2026-09-18 23:35:09 | INFO    | epoch 26 | batch 1600/4266 | loss 0.4305 | acc 0.9816 | lr 3.30e-05 | 112s
2026-09-18 23:35:10 | INFO    | epoch 26 | batch 1620/4266 | loss 0.4306 | acc 0.9814 | lr 3.30e-05 | 114s
2026-09-18 23:35:11 | INFO    | epoch 26 | batch 1640/4266 | loss 0.4306 | acc 0.9815 | lr 3.29e-05 | 115s
2026-09-18 23:35:13 | INFO    | epoch 26 | batch 1660/4266 | loss 0.4304 | acc 0.9816 | lr 3.29e-05 | 117s
2026-09-18 23:35:14 | INFO    | epoch 26 | batch 1680/4266 | loss 0.4303 | acc 0.9817 | lr 3.29e-05 | 118s
2026-09-18 23:35:16 | INFO    | epoch 26 | batch 1700/4266 | loss 0.4302 | acc 0.9817 | lr 3.29e-05 | 120s
2026-09-18 23:35:17 | INFO    | epoch 26 | batch 1720/4266 | loss 0.4301 | acc 0.9818 | lr 3.29e-05 | 121s
2026-09-18 23:35:19 | INFO    | epoch 26 | batch 1740/4266 | loss 0.4300 | acc 0.9818 | lr 3.29e-05 | 122s
2026-09-18 23:35:20 | INFO    | epoch 26 | batch 1760/4266 | loss 0.4300 | acc 0.9818 | lr 3.28e-05 | 124s
2026-09-18 23:35:21 | INFO    | epoch 26 | batch 1780/4266 | loss 0.4300 | acc 0.9819 | lr 3.28e-05 | 125s
2026-09-18 23:35:23 | INFO    | epoch 26 | batch 1800/4266 | loss 0.4301 | acc 0.9819 | lr 3.28e-05 | 127s
2026-09-18 23:35:24 | INFO    | epoch 26 | batch 1820/4266 | loss 0.4301 | acc 0.9819 | lr 3.28e-05 | 128s
2026-09-18 23:35:26 | INFO    | epoch 26 | batch 1840/4266 | loss 0.4302 | acc 0.9819 | lr 3.28e-05 | 130s
2026-09-18 23:35:27 | INFO    | epoch 26 | batch 1860/4266 | loss 0.4302 | acc 0.9818 | lr 3.28e-05 | 131s
2026-09-18 23:35:29 | INFO    | epoch 26 | batch 1880/4266 | loss 0.4301 | acc 0.9819 | lr 3.27e-05 | 133s
2026-09-18 23:35:30 | INFO    | epoch 26 | batch 1900/4266 | loss 0.4300 | acc 0.9819 | lr 3.27e-05 | 134s
2026-09-18 23:35:32 | INFO    | epoch 26 | batch 1920/4266 | loss 0.4300 | acc 0.9819 | lr 3.27e-05 | 135s
2026-09-18 23:35:33 | INFO    | epoch 26 | batch 1940/4266 | loss 0.4299 | acc 0.9819 | lr 3.27e-05 | 137s
2026-09-18 23:35:34 | INFO    | epoch 26 | batch 1960/4266 | loss 0.4301 | acc 0.9819 | lr 3.27e-05 | 138s
2026-09-18 23:35:36 | INFO    | epoch 26 | batch 1980/4266 | loss 0.4300 | acc 0.9819 | lr 3.26e-05 | 140s
2026-09-18 23:35:37 | INFO    | epoch 26 | batch 2000/4266 | loss 0.4301 | acc 0.9819 | lr 3.26e-05 | 141s
2026-09-18 23:35:39 | INFO    | epoch 26 | batch 2020/4266 | loss 0.4300 | acc 0.9819 | lr 3.26e-05 | 143s
2026-09-18 23:35:40 | INFO    | epoch 26 | batch 2040/4266 | loss 0.4300 | acc 0.9819 | lr 3.26e-05 | 144s
2026-09-18 23:35:42 | INFO    | epoch 26 | batch 2060/4266 | loss 0.4300 | acc 0.9819 | lr 3.26e-05 | 145s
2026-09-18 23:35:43 | INFO    | epoch 26 | batch 2080/4266 | loss 0.4298 | acc 0.9820 | lr 3.26e-05 | 147s
2026-09-18 23:35:44 | INFO    | epoch 26 | batch 2100/4266 | loss 0.4298 | acc 0.9820 | lr 3.25e-05 | 148s
2026-09-18 23:35:46 | INFO    | epoch 26 | batch 2120/4266 | loss 0.4297 | acc 0.9820 | lr 3.25e-05 | 150s
2026-09-18 23:35:47 | INFO    | epoch 26 | batch 2140/4266 | loss 0.4297 | acc 0.9820 | lr 3.25e-05 | 151s
2026-09-18 23:35:49 | INFO    | epoch 26 | batch 2160/4266 | loss 0.4296 | acc 0.9821 | lr 3.25e-05 | 153s
2026-09-18 23:35:50 | INFO    | epoch 26 | batch 2180/4266 | loss 0.4295 | acc 0.9821 | lr 3.25e-05 | 154s
2026-09-18 23:35:51 | INFO    | epoch 26 | batch 2200/4266 | loss 0.4293 | acc 0.9822 | lr 3.24e-05 | 155s
2026-09-18 23:35:53 | INFO    | epoch 26 | batch 2220/4266 | loss 0.4292 | acc 0.9822 | lr 3.24e-05 | 157s
2026-09-18 23:35:54 | INFO    | epoch 26 | batch 2240/4266 | loss 0.4291 | acc 0.9823 | lr 3.24e-05 | 158s
2026-09-18 23:35:56 | INFO    | epoch 26 | batch 2260/4266 | loss 0.4292 | acc 0.9822 | lr 3.24e-05 | 160s
2026-09-18 23:35:57 | INFO    | epoch 26 | batch 2280/4266 | loss 0.4292 | acc 0.9822 | lr 3.24e-05 | 161s
2026-09-18 23:35:59 | INFO    | epoch 26 | batch 2300/4266 | loss 0.4293 | acc 0.9822 | lr 3.24e-05 | 162s
2026-09-18 23:36:00 | INFO    | epoch 26 | batch 2320/4266 | loss 0.4293 | acc 0.9822 | lr 3.23e-05 | 164s
2026-09-18 23:36:01 | INFO    | epoch 26 | batch 2340/4266 | loss 0.4293 | acc 0.9821 | lr 3.23e-05 | 165s
2026-09-18 23:36:03 | INFO    | epoch 26 | batch 2360/4266 | loss 0.4292 | acc 0.9822 | lr 3.23e-05 | 167s
2026-09-18 23:36:04 | INFO    | epoch 26 | batch 2380/4266 | loss 0.4291 | acc 0.9823 | lr 3.23e-05 | 168s
2026-09-18 23:36:06 | INFO    | epoch 26 | batch 2400/4266 | loss 0.4291 | acc 0.9822 | lr 3.23e-05 | 170s
2026-09-18 23:36:07 | INFO    | epoch 26 | batch 2420/4266 | loss 0.4290 | acc 0.9823 | lr 3.23e-05 | 171s
2026-09-18 23:36:09 | INFO    | epoch 26 | batch 2440/4266 | loss 0.4290 | acc 0.9823 | lr 3.22e-05 | 172s
2026-09-18 23:36:10 | INFO    | epoch 26 | batch 2460/4266 | loss 0.4289 | acc 0.9824 | lr 3.22e-05 | 174s
2026-09-18 23:36:11 | INFO    | epoch 26 | batch 2480/4266 | loss 0.4290 | acc 0.9824 | lr 3.22e-05 | 175s
2026-09-18 23:36:13 | INFO    | epoch 26 | batch 2500/4266 | loss 0.4290 | acc 0.9824 | lr 3.22e-05 | 177s
2026-09-18 23:36:14 | INFO    | epoch 26 | batch 2520/4266 | loss 0.4289 | acc 0.9824 | lr 3.22e-05 | 178s
2026-09-18 23:36:16 | INFO    | epoch 26 | batch 2540/4266 | loss 0.4289 | acc 0.9824 | lr 3.21e-05 | 180s
2026-09-18 23:36:17 | INFO    | epoch 26 | batch 2560/4266 | loss 0.4290 | acc 0.9823 | lr 3.21e-05 | 181s
2026-09-18 23:36:18 | INFO    | epoch 26 | batch 2580/4266 | loss 0.4291 | acc 0.9823 | lr 3.21e-05 | 182s
2026-09-18 23:36:20 | INFO    | epoch 26 | batch 2600/4266 | loss 0.4292 | acc 0.9823 | lr 3.21e-05 | 184s
2026-09-18 23:36:21 | INFO    | epoch 26 | batch 2620/4266 | loss 0.4292 | acc 0.9823 | lr 3.21e-05 | 185s
2026-09-18 23:36:22 | INFO    | epoch 26 | batch 2640/4266 | loss 0.4291 | acc 0.9823 | lr 3.21e-05 | 186s
2026-09-18 23:36:24 | INFO    | epoch 26 | batch 2660/4266 | loss 0.4290 | acc 0.9823 | lr 3.20e-05 | 188s
2026-09-18 23:36:25 | INFO    | epoch 26 | batch 2680/4266 | loss 0.4291 | acc 0.9823 | lr 3.20e-05 | 189s
2026-09-18 23:36:27 | INFO    | epoch 26 | batch 2700/4266 | loss 0.4292 | acc 0.9823 | lr 3.20e-05 | 190s
2026-09-18 23:36:28 | INFO    | epoch 26 | batch 2720/4266 | loss 0.4291 | acc 0.9823 | lr 3.20e-05 | 192s
2026-09-18 23:36:29 | INFO    | epoch 26 | batch 2740/4266 | loss 0.4292 | acc 0.9823 | lr 3.20e-05 | 193s
2026-09-18 23:36:31 | INFO    | epoch 26 | batch 2760/4266 | loss 0.4292 | acc 0.9823 | lr 3.19e-05 | 195s
2026-09-18 23:36:32 | INFO    | epoch 26 | batch 2780/4266 | loss 0.4292 | acc 0.9822 | lr 3.19e-05 | 196s
2026-09-18 23:36:34 | INFO    | epoch 26 | batch 2800/4266 | loss 0.4292 | acc 0.9822 | lr 3.19e-05 | 198s
2026-09-18 23:36:35 | INFO    | epoch 26 | batch 2820/4266 | loss 0.4292 | acc 0.9822 | lr 3.19e-05 | 199s
2026-09-18 23:36:37 | INFO    | epoch 26 | batch 2840/4266 | loss 0.4292 | acc 0.9822 | lr 3.19e-05 | 200s
2026-09-18 23:36:38 | INFO    | epoch 26 | batch 2860/4266 | loss 0.4292 | acc 0.9822 | lr 3.19e-05 | 202s
2026-09-18 23:36:40 | INFO    | epoch 26 | batch 2880/4266 | loss 0.4292 | acc 0.9822 | lr 3.18e-05 | 203s
2026-09-18 23:36:41 | INFO    | epoch 26 | batch 2900/4266 | loss 0.4292 | acc 0.9822 | lr 3.18e-05 | 205s
2026-09-18 23:36:42 | INFO    | epoch 26 | batch 2920/4266 | loss 0.4292 | acc 0.9822 | lr 3.18e-05 | 206s
2026-09-18 23:36:44 | INFO    | epoch 26 | batch 2940/4266 | loss 0.4293 | acc 0.9822 | lr 3.18e-05 | 208s
2026-09-18 23:36:45 | INFO    | epoch 26 | batch 2960/4266 | loss 0.4292 | acc 0.9822 | lr 3.18e-05 | 209s
2026-09-18 23:36:47 | INFO    | epoch 26 | batch 2980/4266 | loss 0.4292 | acc 0.9822 | lr 3.18e-05 | 211s
2026-09-18 23:36:48 | INFO    | epoch 26 | batch 3000/4266 | loss 0.4291 | acc 0.9823 | lr 3.17e-05 | 212s
2026-09-18 23:36:50 | INFO    | epoch 26 | batch 3020/4266 | loss 0.4291 | acc 0.9822 | lr 3.17e-05 | 214s
2026-09-18 23:36:51 | INFO    | epoch 26 | batch 3040/4266 | loss 0.4293 | acc 0.9822 | lr 3.17e-05 | 215s
2026-09-18 23:36:53 | INFO    | epoch 26 | batch 3060/4266 | loss 0.4292 | acc 0.9822 | lr 3.17e-05 | 216s
2026-09-18 23:36:54 | INFO    | epoch 26 | batch 3080/4266 | loss 0.4293 | acc 0.9822 | lr 3.17e-05 | 218s
2026-09-18 23:36:55 | INFO    | epoch 26 | batch 3100/4266 | loss 0.4292 | acc 0.9822 | lr 3.16e-05 | 219s
2026-09-18 23:36:57 | INFO    | epoch 26 | batch 3120/4266 | loss 0.4292 | acc 0.9823 | lr 3.16e-05 | 221s
2026-09-18 23:36:58 | INFO    | epoch 26 | batch 3140/4266 | loss 0.4293 | acc 0.9822 | lr 3.16e-05 | 222s
2026-09-18 23:37:00 | INFO    | epoch 26 | batch 3160/4266 | loss 0.4293 | acc 0.9822 | lr 3.16e-05 | 223s
2026-09-18 23:37:01 | INFO    | epoch 26 | batch 3180/4266 | loss 0.4294 | acc 0.9822 | lr 3.16e-05 | 225s
2026-09-18 23:37:02 | INFO    | epoch 26 | batch 3200/4266 | loss 0.4295 | acc 0.9821 | lr 3.16e-05 | 226s
2026-09-18 23:37:04 | INFO    | epoch 26 | batch 3220/4266 | loss 0.4294 | acc 0.9822 | lr 3.15e-05 | 228s
2026-09-18 23:37:05 | INFO    | epoch 26 | batch 3240/4266 | loss 0.4294 | acc 0.9821 | lr 3.15e-05 | 229s
2026-09-18 23:37:06 | INFO    | epoch 26 | batch 3260/4266 | loss 0.4294 | acc 0.9821 | lr 3.15e-05 | 230s
2026-09-18 23:37:08 | INFO    | epoch 26 | batch 3280/4266 | loss 0.4293 | acc 0.9822 | lr 3.15e-05 | 232s
2026-09-18 23:37:09 | INFO    | epoch 26 | batch 3300/4266 | loss 0.4293 | acc 0.9822 | lr 3.15e-05 | 233s
2026-09-18 23:37:11 | INFO    | epoch 26 | batch 3320/4266 | loss 0.4292 | acc 0.9822 | lr 3.15e-05 | 234s
2026-09-18 23:37:12 | INFO    | epoch 26 | batch 3340/4266 | loss 0.4293 | acc 0.9821 | lr 3.14e-05 | 236s
2026-09-18 23:37:13 | INFO    | epoch 26 | batch 3360/4266 | loss 0.4294 | acc 0.9821 | lr 3.14e-05 | 237s
2026-09-18 23:37:15 | INFO    | epoch 26 | batch 3380/4266 | loss 0.4294 | acc 0.9821 | lr 3.14e-05 | 238s
2026-09-18 23:37:16 | INFO    | epoch 26 | batch 3400/4266 | loss 0.4294 | acc 0.9821 | lr 3.14e-05 | 240s
2026-09-18 23:37:17 | INFO    | epoch 26 | batch 3420/4266 | loss 0.4294 | acc 0.9820 | lr 3.14e-05 | 241s
2026-09-18 23:37:19 | INFO    | epoch 26 | batch 3440/4266 | loss 0.4294 | acc 0.9820 | lr 3.13e-05 | 243s
2026-09-18 23:37:20 | INFO    | epoch 26 | batch 3460/4266 | loss 0.4293 | acc 0.9821 | lr 3.13e-05 | 244s
2026-09-18 23:37:21 | INFO    | epoch 26 | batch 3480/4266 | loss 0.4292 | acc 0.9821 | lr 3.13e-05 | 245s
2026-09-18 23:37:23 | INFO    | epoch 26 | batch 3500/4266 | loss 0.4292 | acc 0.9821 | lr 3.13e-05 | 247s
2026-09-18 23:37:24 | INFO    | epoch 26 | batch 3520/4266 | loss 0.4291 | acc 0.9821 | lr 3.13e-05 | 248s
2026-09-18 23:37:25 | INFO    | epoch 26 | batch 3540/4266 | loss 0.4291 | acc 0.9821 | lr 3.13e-05 | 249s
2026-09-18 23:37:27 | INFO    | epoch 26 | batch 3560/4266 | loss 0.4290 | acc 0.9821 | lr 3.12e-05 | 251s
2026-09-18 23:37:28 | INFO    | epoch 26 | batch 3580/4266 | loss 0.4290 | acc 0.9822 | lr 3.12e-05 | 252s
2026-09-18 23:37:30 | INFO    | epoch 26 | batch 3600/4266 | loss 0.4291 | acc 0.9821 | lr 3.12e-05 | 254s
2026-09-18 23:37:31 | INFO    | epoch 26 | batch 3620/4266 | loss 0.4291 | acc 0.9821 | lr 3.12e-05 | 255s
2026-09-18 23:37:32 | INFO    | epoch 26 | batch 3640/4266 | loss 0.4292 | acc 0.9821 | lr 3.12e-05 | 256s
2026-09-18 23:37:34 | INFO    | epoch 26 | batch 3660/4266 | loss 0.4291 | acc 0.9821 | lr 3.11e-05 | 258s
2026-09-18 23:37:35 | INFO    | epoch 26 | batch 3680/4266 | loss 0.4291 | acc 0.9821 | lr 3.11e-05 | 259s
2026-09-18 23:37:37 | INFO    | epoch 26 | batch 3700/4266 | loss 0.4291 | acc 0.9821 | lr 3.11e-05 | 260s
2026-09-18 23:37:38 | INFO    | epoch 26 | batch 3720/4266 | loss 0.4292 | acc 0.9821 | lr 3.11e-05 | 262s
2026-09-18 23:37:39 | INFO    | epoch 26 | batch 3740/4266 | loss 0.4292 | acc 0.9821 | lr 3.11e-05 | 263s
2026-09-18 23:37:41 | INFO    | epoch 26 | batch 3760/4266 | loss 0.4291 | acc 0.9821 | lr 3.11e-05 | 265s
2026-09-18 23:37:42 | INFO    | epoch 26 | batch 3780/4266 | loss 0.4291 | acc 0.9821 | lr 3.10e-05 | 266s
2026-09-18 23:37:44 | INFO    | epoch 26 | batch 3800/4266 | loss 0.4290 | acc 0.9822 | lr 3.10e-05 | 267s
2026-09-18 23:37:45 | INFO    | epoch 26 | batch 3820/4266 | loss 0.4290 | acc 0.9822 | lr 3.10e-05 | 269s
2026-09-18 23:37:46 | INFO    | epoch 26 | batch 3840/4266 | loss 0.4290 | acc 0.9822 | lr 3.10e-05 | 270s
2026-09-18 23:37:48 | INFO    | epoch 26 | batch 3860/4266 | loss 0.4289 | acc 0.9822 | lr 3.10e-05 | 272s
2026-09-18 23:37:49 | INFO    | epoch 26 | batch 3880/4266 | loss 0.4288 | acc 0.9822 | lr 3.10e-05 | 273s
2026-09-18 23:37:50 | INFO    | epoch 26 | batch 3900/4266 | loss 0.4289 | acc 0.9822 | lr 3.09e-05 | 274s
2026-09-18 23:37:52 | INFO    | epoch 26 | batch 3920/4266 | loss 0.4288 | acc 0.9822 | lr 3.09e-05 | 276s
2026-09-18 23:37:53 | INFO    | epoch 26 | batch 3940/4266 | loss 0.4288 | acc 0.9822 | lr 3.09e-05 | 277s
2026-09-18 23:37:55 | INFO    | epoch 26 | batch 3960/4266 | loss 0.4287 | acc 0.9822 | lr 3.09e-05 | 278s
2026-09-18 23:37:56 | INFO    | epoch 26 | batch 3980/4266 | loss 0.4287 | acc 0.9822 | lr 3.09e-05 | 280s
2026-09-18 23:37:57 | INFO    | epoch 26 | batch 4000/4266 | loss 0.4287 | acc 0.9823 | lr 3.09e-05 | 281s
2026-09-18 23:37:59 | INFO    | epoch 26 | batch 4020/4266 | loss 0.4286 | acc 0.9823 | lr 3.08e-05 | 283s
2026-09-18 23:38:00 | INFO    | epoch 26 | batch 4040/4266 | loss 0.4286 | acc 0.9823 | lr 3.08e-05 | 284s
2026-09-18 23:38:01 | INFO    | epoch 26 | batch 4060/4266 | loss 0.4285 | acc 0.9823 | lr 3.08e-05 | 285s
2026-09-18 23:38:03 | INFO    | epoch 26 | batch 4080/4266 | loss 0.4284 | acc 0.9824 | lr 3.08e-05 | 287s
2026-09-18 23:38:04 | INFO    | epoch 26 | batch 4100/4266 | loss 0.4284 | acc 0.9824 | lr 3.08e-05 | 288s
2026-09-18 23:38:05 | INFO    | epoch 26 | batch 4120/4266 | loss 0.4284 | acc 0.9824 | lr 3.07e-05 | 289s
2026-09-18 23:38:07 | INFO    | epoch 26 | batch 4140/4266 | loss 0.4285 | acc 0.9823 | lr 3.07e-05 | 291s
2026-09-18 23:38:08 | INFO    | epoch 26 | batch 4160/4266 | loss 0.4284 | acc 0.9824 | lr 3.07e-05 | 292s
2026-09-18 23:38:10 | INFO    | epoch 26 | batch 4180/4266 | loss 0.4284 | acc 0.9824 | lr 3.07e-05 | 294s
2026-09-18 23:38:11 | INFO    | epoch 26 | batch 4200/4266 | loss 0.4283 | acc 0.9824 | lr 3.07e-05 | 295s
2026-09-18 23:38:13 | INFO    | epoch 26 | batch 4220/4266 | loss 0.4283 | acc 0.9824 | lr 3.07e-05 | 296s
2026-09-18 23:38:14 | INFO    | epoch 26 | batch 4240/4266 | loss 0.4283 | acc 0.9824 | lr 3.06e-05 | 298s
2026-09-18 23:38:15 | INFO    | epoch 26 | batch 4260/4266 | loss 0.4283 | acc 0.9824 | lr 3.06e-05 | 299s
2026-09-18 23:38:16 | INFO    | epoch 26 | batch 4266/4266 | loss 0.4283 | acc 0.9824 | lr 3.06e-05 | 300s
2026-09-18 23:38:26 | INFO    | epoch 26/40 done in 309s | train loss 0.4283 | train running patch (aug): accuracy=0.9824 precision=0.9821 recall=0.9819 f1=0.9820
2026-09-18 23:38:26 | INFO    | epoch 26 train (eval, no aug) | loss 0.3991 | patch[7280]: accuracy=0.9960 precision=0.9959 recall=0.9959 f1=0.9959 | image[455]: accuracy=1.0000 precision=1.0000 recall=1.0000 f1=1.0000
2026-09-18 23:38:26 | INFO    | epoch 26 val | loss 1.2322 | patch[8448]: accuracy=0.6808 precision=0.6565 recall=0.6573 f1=0.6567 | image[96]: accuracy=0.7083 precision=0.6830 recall=0.6769 f1=0.6787
2026-09-18 23:38:26 | INFO    | val_patch_f1 = 0.6567 (best 0.6759 @ epoch 22)
2026-09-18 23:38:27 | INFO    | epoch 27 | batch 20/4266 | loss 0.4229 | acc 0.9828 | lr 3.06e-05 | 1s
2026-09-18 23:38:29 | INFO    | epoch 27 | batch 40/4266 | loss 0.4216 | acc 0.9836 | lr 3.06e-05 | 3s
2026-09-18 23:38:30 | INFO    | epoch 27 | batch 60/4266 | loss 0.4185 | acc 0.9854 | lr 3.06e-05 | 4s
2026-09-18 23:38:31 | INFO    | epoch 27 | batch 80/4266 | loss 0.4209 | acc 0.9836 | lr 3.05e-05 | 6s
2026-09-18 23:38:33 | INFO    | epoch 27 | batch 100/4266 | loss 0.4194 | acc 0.9847 | lr 3.05e-05 | 7s
2026-09-18 23:38:34 | INFO    | epoch 27 | batch 120/4266 | loss 0.4203 | acc 0.9846 | lr 3.05e-05 | 9s
2026-09-18 23:38:36 | INFO    | epoch 27 | batch 140/4266 | loss 0.4207 | acc 0.9853 | lr 3.05e-05 | 10s
2026-09-18 23:38:37 | INFO    | epoch 27 | batch 160/4266 | loss 0.4212 | acc 0.9848 | lr 3.05e-05 | 11s
2026-09-18 23:38:38 | INFO    | epoch 27 | batch 180/4266 | loss 0.4230 | acc 0.9839 | lr 3.05e-05 | 13s
2026-09-18 23:38:40 | INFO    | epoch 27 | batch 200/4266 | loss 0.4243 | acc 0.9833 | lr 3.04e-05 | 14s
2026-09-18 23:38:41 | INFO    | epoch 27 | batch 220/4266 | loss 0.4265 | acc 0.9824 | lr 3.04e-05 | 15s
2026-09-18 23:38:42 | INFO    | epoch 27 | batch 240/4266 | loss 0.4277 | acc 0.9818 | lr 3.04e-05 | 17s
2026-09-18 23:38:44 | INFO    | epoch 27 | batch 260/4266 | loss 0.4292 | acc 0.9811 | lr 3.04e-05 | 18s
2026-09-18 23:38:45 | INFO    | epoch 27 | batch 280/4266 | loss 0.4285 | acc 0.9815 | lr 3.04e-05 | 20s
2026-09-18 23:38:47 | INFO    | epoch 27 | batch 300/4266 | loss 0.4288 | acc 0.9812 | lr 3.04e-05 | 21s
2026-09-18 23:38:48 | INFO    | epoch 27 | batch 320/4266 | loss 0.4278 | acc 0.9817 | lr 3.03e-05 | 22s
2026-09-18 23:38:50 | INFO    | epoch 27 | batch 340/4266 | loss 0.4285 | acc 0.9813 | lr 3.03e-05 | 24s
2026-09-18 23:38:51 | INFO    | epoch 27 | batch 360/4266 | loss 0.4283 | acc 0.9816 | lr 3.03e-05 | 25s
2026-09-18 23:38:52 | INFO    | epoch 27 | batch 380/4266 | loss 0.4284 | acc 0.9817 | lr 3.03e-05 | 27s
2026-09-18 23:38:54 | INFO    | epoch 27 | batch 400/4266 | loss 0.4282 | acc 0.9818 | lr 3.03e-05 | 28s
2026-09-18 23:38:55 | INFO    | epoch 27 | batch 420/4266 | loss 0.4276 | acc 0.9823 | lr 3.02e-05 | 30s
2026-09-18 23:38:57 | INFO    | epoch 27 | batch 440/4266 | loss 0.4285 | acc 0.9818 | lr 3.02e-05 | 31s
2026-09-18 23:38:58 | INFO    | epoch 27 | batch 460/4266 | loss 0.4276 | acc 0.9823 | lr 3.02e-05 | 32s
2026-09-18 23:38:59 | INFO    | epoch 27 | batch 480/4266 | loss 0.4273 | acc 0.9822 | lr 3.02e-05 | 34s
2026-09-18 23:39:01 | INFO    | epoch 27 | batch 500/4266 | loss 0.4277 | acc 0.9821 | lr 3.02e-05 | 35s
2026-09-18 23:39:02 | INFO    | epoch 27 | batch 520/4266 | loss 0.4269 | acc 0.9825 | lr 3.02e-05 | 36s
2026-09-18 23:39:03 | INFO    | epoch 27 | batch 540/4266 | loss 0.4273 | acc 0.9825 | lr 3.01e-05 | 38s
2026-09-18 23:39:05 | INFO    | epoch 27 | batch 560/4266 | loss 0.4266 | acc 0.9829 | lr 3.01e-05 | 39s
2026-09-18 23:39:06 | INFO    | epoch 27 | batch 580/4266 | loss 0.4265 | acc 0.9830 | lr 3.01e-05 | 41s
2026-09-18 23:39:07 | INFO    | epoch 27 | batch 600/4266 | loss 0.4267 | acc 0.9828 | lr 3.01e-05 | 42s
2026-09-18 23:39:09 | INFO    | epoch 27 | batch 620/4266 | loss 0.4271 | acc 0.9826 | lr 3.01e-05 | 43s
2026-09-18 23:39:10 | INFO    | epoch 27 | batch 640/4266 | loss 0.4269 | acc 0.9827 | lr 3.01e-05 | 45s
2026-09-18 23:39:11 | INFO    | epoch 27 | batch 660/4266 | loss 0.4264 | acc 0.9829 | lr 3.00e-05 | 46s
2026-09-18 23:39:13 | INFO    | epoch 27 | batch 680/4266 | loss 0.4258 | acc 0.9833 | lr 3.00e-05 | 47s
2026-09-18 23:39:14 | INFO    | epoch 27 | batch 700/4266 | loss 0.4258 | acc 0.9833 | lr 3.00e-05 | 49s
2026-09-18 23:39:15 | INFO    | epoch 27 | batch 720/4266 | loss 0.4253 | acc 0.9835 | lr 3.00e-05 | 50s
2026-09-18 23:39:17 | INFO    | epoch 27 | batch 740/4266 | loss 0.4252 | acc 0.9836 | lr 3.00e-05 | 51s
2026-09-18 23:39:18 | INFO    | epoch 27 | batch 760/4266 | loss 0.4248 | acc 0.9838 | lr 3.00e-05 | 53s
2026-09-18 23:39:19 | INFO    | epoch 27 | batch 780/4266 | loss 0.4250 | acc 0.9837 | lr 2.99e-05 | 54s
2026-09-18 23:39:21 | INFO    | epoch 27 | batch 800/4266 | loss 0.4249 | acc 0.9837 | lr 2.99e-05 | 55s
2026-09-18 23:39:22 | INFO    | epoch 27 | batch 820/4266 | loss 0.4254 | acc 0.9835 | lr 2.99e-05 | 56s
2026-09-18 23:39:23 | INFO    | epoch 27 | batch 840/4266 | loss 0.4254 | acc 0.9834 | lr 2.99e-05 | 58s
2026-09-18 23:39:25 | INFO    | epoch 27 | batch 860/4266 | loss 0.4251 | acc 0.9836 | lr 2.99e-05 | 59s
2026-09-18 23:39:26 | INFO    | epoch 27 | batch 880/4266 | loss 0.4250 | acc 0.9836 | lr 2.98e-05 | 60s
2026-09-18 23:39:27 | INFO    | epoch 27 | batch 900/4266 | loss 0.4253 | acc 0.9834 | lr 2.98e-05 | 62s
2026-09-18 23:39:29 | INFO    | epoch 27 | batch 920/4266 | loss 0.4254 | acc 0.9834 | lr 2.98e-05 | 63s
2026-09-18 23:39:30 | INFO    | epoch 27 | batch 940/4266 | loss 0.4258 | acc 0.9832 | lr 2.98e-05 | 64s
2026-09-18 23:39:31 | INFO    | epoch 27 | batch 960/4266 | loss 0.4261 | acc 0.9831 | lr 2.98e-05 | 66s
2026-09-18 23:39:33 | INFO    | epoch 27 | batch 980/4266 | loss 0.4259 | acc 0.9832 | lr 2.98e-05 | 67s
2026-09-18 23:39:34 | INFO    | epoch 27 | batch 1000/4266 | loss 0.4260 | acc 0.9831 | lr 2.97e-05 | 69s
2026-09-18 23:39:36 | INFO    | epoch 27 | batch 1020/4266 | loss 0.4260 | acc 0.9831 | lr 2.97e-05 | 70s
2026-09-18 23:39:37 | INFO    | epoch 27 | batch 1040/4266 | loss 0.4261 | acc 0.9831 | lr 2.97e-05 | 71s
2026-09-18 23:39:38 | INFO    | epoch 27 | batch 1060/4266 | loss 0.4260 | acc 0.9832 | lr 2.97e-05 | 73s
2026-09-18 23:39:40 | INFO    | epoch 27 | batch 1080/4266 | loss 0.4261 | acc 0.9832 | lr 2.97e-05 | 74s
2026-09-18 23:39:41 | INFO    | epoch 27 | batch 1100/4266 | loss 0.4260 | acc 0.9833 | lr 2.97e-05 | 75s
2026-09-18 23:39:42 | INFO    | epoch 27 | batch 1120/4266 | loss 0.4262 | acc 0.9832 | lr 2.96e-05 | 77s
2026-09-18 23:39:44 | INFO    | epoch 27 | batch 1140/4266 | loss 0.4262 | acc 0.9831 | lr 2.96e-05 | 78s
2026-09-18 23:39:45 | INFO    | epoch 27 | batch 1160/4266 | loss 0.4261 | acc 0.9832 | lr 2.96e-05 | 79s
2026-09-18 23:39:46 | INFO    | epoch 27 | batch 1180/4266 | loss 0.4265 | acc 0.9831 | lr 2.96e-05 | 81s
2026-09-18 23:39:48 | INFO    | epoch 27 | batch 1200/4266 | loss 0.4264 | acc 0.9832 | lr 2.96e-05 | 82s
2026-09-18 23:39:49 | INFO    | epoch 27 | batch 1220/4266 | loss 0.4260 | acc 0.9834 | lr 2.95e-05 | 84s
2026-09-18 23:39:51 | INFO    | epoch 27 | batch 1240/4266 | loss 0.4261 | acc 0.9833 | lr 2.95e-05 | 85s
2026-09-18 23:39:52 | INFO    | epoch 27 | batch 1260/4266 | loss 0.4260 | acc 0.9834 | lr 2.95e-05 | 86s
2026-09-18 23:39:53 | INFO    | epoch 27 | batch 1280/4266 | loss 0.4257 | acc 0.9835 | lr 2.95e-05 | 88s
2026-09-18 23:39:55 | INFO    | epoch 27 | batch 1300/4266 | loss 0.4256 | acc 0.9836 | lr 2.95e-05 | 89s
2026-09-18 23:39:56 | INFO    | epoch 27 | batch 1320/4266 | loss 0.4258 | acc 0.9834 | lr 2.95e-05 | 91s
2026-09-18 23:39:58 | INFO    | epoch 27 | batch 1340/4266 | loss 0.4261 | acc 0.9833 | lr 2.94e-05 | 92s
2026-09-18 23:39:59 | INFO    | epoch 27 | batch 1360/4266 | loss 0.4262 | acc 0.9833 | lr 2.94e-05 | 93s
2026-09-18 23:40:00 | INFO    | epoch 27 | batch 1380/4266 | loss 0.4262 | acc 0.9833 | lr 2.94e-05 | 95s
2026-09-18 23:40:02 | INFO    | epoch 27 | batch 1400/4266 | loss 0.4260 | acc 0.9834 | lr 2.94e-05 | 96s
2026-09-18 23:40:03 | INFO    | epoch 27 | batch 1420/4266 | loss 0.4260 | acc 0.9834 | lr 2.94e-05 | 98s
2026-09-18 23:40:05 | INFO    | epoch 27 | batch 1440/4266 | loss 0.4261 | acc 0.9833 | lr 2.94e-05 | 99s
2026-09-18 23:40:06 | INFO    | epoch 27 | batch 1460/4266 | loss 0.4262 | acc 0.9833 | lr 2.93e-05 | 100s
2026-09-18 23:40:07 | INFO    | epoch 27 | batch 1480/4266 | loss 0.4262 | acc 0.9832 | lr 2.93e-05 | 102s
2026-09-18 23:40:09 | INFO    | epoch 27 | batch 1500/4266 | loss 0.4261 | acc 0.9834 | lr 2.93e-05 | 103s
2026-09-18 23:40:10 | INFO    | epoch 27 | batch 1520/4266 | loss 0.4261 | acc 0.9834 | lr 2.93e-05 | 104s
2026-09-18 23:40:11 | INFO    | epoch 27 | batch 1540/4266 | loss 0.4260 | acc 0.9834 | lr 2.93e-05 | 106s
2026-09-18 23:40:13 | INFO    | epoch 27 | batch 1560/4266 | loss 0.4261 | acc 0.9834 | lr 2.93e-05 | 107s
2026-09-18 23:40:14 | INFO    | epoch 27 | batch 1580/4266 | loss 0.4261 | acc 0.9834 | lr 2.92e-05 | 109s
2026-09-18 23:40:15 | INFO    | epoch 27 | batch 1600/4266 | loss 0.4260 | acc 0.9834 | lr 2.92e-05 | 110s
2026-09-18 23:40:17 | INFO    | epoch 27 | batch 1620/4266 | loss 0.4260 | acc 0.9834 | lr 2.92e-05 | 111s
2026-09-18 23:40:18 | INFO    | epoch 27 | batch 1640/4266 | loss 0.4259 | acc 0.9835 | lr 2.92e-05 | 113s
2026-09-18 23:40:20 | INFO    | epoch 27 | batch 1660/4266 | loss 0.4258 | acc 0.9836 | lr 2.92e-05 | 114s
2026-09-18 23:40:21 | INFO    | epoch 27 | batch 1680/4266 | loss 0.4257 | acc 0.9836 | lr 2.92e-05 | 115s
2026-09-18 23:40:22 | INFO    | epoch 27 | batch 1700/4266 | loss 0.4257 | acc 0.9836 | lr 2.91e-05 | 117s
2026-09-18 23:40:24 | INFO    | epoch 27 | batch 1720/4266 | loss 0.4257 | acc 0.9836 | lr 2.91e-05 | 118s
2026-09-18 23:40:25 | INFO    | epoch 27 | batch 1740/4266 | loss 0.4256 | acc 0.9837 | lr 2.91e-05 | 119s
2026-09-18 23:40:26 | INFO    | epoch 27 | batch 1760/4266 | loss 0.4257 | acc 0.9837 | lr 2.91e-05 | 121s
2026-09-18 23:40:28 | INFO    | epoch 27 | batch 1780/4266 | loss 0.4257 | acc 0.9836 | lr 2.91e-05 | 122s
2026-09-18 23:40:29 | INFO    | epoch 27 | batch 1800/4266 | loss 0.4257 | acc 0.9837 | lr 2.90e-05 | 123s
2026-09-18 23:40:30 | INFO    | epoch 27 | batch 1820/4266 | loss 0.4256 | acc 0.9837 | lr 2.90e-05 | 125s
2026-09-18 23:40:32 | INFO    | epoch 27 | batch 1840/4266 | loss 0.4259 | acc 0.9836 | lr 2.90e-05 | 126s
2026-09-18 23:40:33 | INFO    | epoch 27 | batch 1860/4266 | loss 0.4260 | acc 0.9836 | lr 2.90e-05 | 128s
2026-09-18 23:40:35 | INFO    | epoch 27 | batch 1880/4266 | loss 0.4259 | acc 0.9836 | lr 2.90e-05 | 129s
2026-09-18 23:40:36 | INFO    | epoch 27 | batch 1900/4266 | loss 0.4260 | acc 0.9836 | lr 2.90e-05 | 130s
2026-09-18 23:40:37 | INFO    | epoch 27 | batch 1920/4266 | loss 0.4259 | acc 0.9836 | lr 2.89e-05 | 132s
2026-09-18 23:40:39 | INFO    | epoch 27 | batch 1940/4266 | loss 0.4259 | acc 0.9836 | lr 2.89e-05 | 133s
2026-09-18 23:40:40 | INFO    | epoch 27 | batch 1960/4266 | loss 0.4257 | acc 0.9837 | lr 2.89e-05 | 134s
2026-09-18 23:40:41 | INFO    | epoch 27 | batch 1980/4266 | loss 0.4257 | acc 0.9837 | lr 2.89e-05 | 136s
2026-09-18 23:40:43 | INFO    | epoch 27 | batch 2000/4266 | loss 0.4256 | acc 0.9837 | lr 2.89e-05 | 137s
2026-09-18 23:40:44 | INFO    | epoch 27 | batch 2020/4266 | loss 0.4256 | acc 0.9838 | lr 2.89e-05 | 139s
2026-09-18 23:40:46 | INFO    | epoch 27 | batch 2040/4266 | loss 0.4256 | acc 0.9837 | lr 2.88e-05 | 140s
2026-09-18 23:40:47 | INFO    | epoch 27 | batch 2060/4266 | loss 0.4256 | acc 0.9837 | lr 2.88e-05 | 141s
2026-09-18 23:40:48 | INFO    | epoch 27 | batch 2080/4266 | loss 0.4255 | acc 0.9837 | lr 2.88e-05 | 143s
2026-09-18 23:40:50 | INFO    | epoch 27 | batch 2100/4266 | loss 0.4256 | acc 0.9837 | lr 2.88e-05 | 144s
2026-09-18 23:40:51 | INFO    | epoch 27 | batch 2120/4266 | loss 0.4256 | acc 0.9837 | lr 2.88e-05 | 146s
2026-09-18 23:40:53 | INFO    | epoch 27 | batch 2140/4266 | loss 0.4255 | acc 0.9837 | lr 2.88e-05 | 147s
2026-09-18 23:40:54 | INFO    | epoch 27 | batch 2160/4266 | loss 0.4255 | acc 0.9838 | lr 2.87e-05 | 148s
2026-09-18 23:40:55 | INFO    | epoch 27 | batch 2180/4266 | loss 0.4254 | acc 0.9838 | lr 2.87e-05 | 150s
2026-09-18 23:40:57 | INFO    | epoch 27 | batch 2200/4266 | loss 0.4253 | acc 0.9838 | lr 2.87e-05 | 151s
2026-09-18 23:40:58 | INFO    | epoch 27 | batch 2220/4266 | loss 0.4253 | acc 0.9839 | lr 2.87e-05 | 152s
2026-09-18 23:40:59 | INFO    | epoch 27 | batch 2240/4266 | loss 0.4251 | acc 0.9840 | lr 2.87e-05 | 154s
2026-09-18 23:41:01 | INFO    | epoch 27 | batch 2260/4266 | loss 0.4251 | acc 0.9840 | lr 2.87e-05 | 155s
2026-09-18 23:41:02 | INFO    | epoch 27 | batch 2280/4266 | loss 0.4250 | acc 0.9840 | lr 2.86e-05 | 156s
2026-09-18 23:41:03 | INFO    | epoch 27 | batch 2300/4266 | loss 0.4251 | acc 0.9840 | lr 2.86e-05 | 158s
2026-09-18 23:41:05 | INFO    | epoch 27 | batch 2320/4266 | loss 0.4250 | acc 0.9841 | lr 2.86e-05 | 159s
2026-09-18 23:41:06 | INFO    | epoch 27 | batch 2340/4266 | loss 0.4250 | acc 0.9841 | lr 2.86e-05 | 161s
2026-09-18 23:41:08 | INFO    | epoch 27 | batch 2360/4266 | loss 0.4251 | acc 0.9841 | lr 2.86e-05 | 162s
2026-09-18 23:41:09 | INFO    | epoch 27 | batch 2380/4266 | loss 0.4250 | acc 0.9841 | lr 2.85e-05 | 163s
2026-09-18 23:41:10 | INFO    | epoch 27 | batch 2400/4266 | loss 0.4251 | acc 0.9840 | lr 2.85e-05 | 165s
2026-09-18 23:41:12 | INFO    | epoch 27 | batch 2420/4266 | loss 0.4252 | acc 0.9840 | lr 2.85e-05 | 166s
2026-09-18 23:41:13 | INFO    | epoch 27 | batch 2440/4266 | loss 0.4252 | acc 0.9840 | lr 2.85e-05 | 167s
2026-09-18 23:41:14 | INFO    | epoch 27 | batch 2460/4266 | loss 0.4251 | acc 0.9841 | lr 2.85e-05 | 169s
2026-09-18 23:41:16 | INFO    | epoch 27 | batch 2480/4266 | loss 0.4250 | acc 0.9841 | lr 2.85e-05 | 170s
2026-09-18 23:41:17 | INFO    | epoch 27 | batch 2500/4266 | loss 0.4250 | acc 0.9841 | lr 2.84e-05 | 172s
2026-09-18 23:41:18 | INFO    | epoch 27 | batch 2520/4266 | loss 0.4251 | acc 0.9840 | lr 2.84e-05 | 173s
2026-09-18 23:41:20 | INFO    | epoch 27 | batch 2540/4266 | loss 0.4251 | acc 0.9840 | lr 2.84e-05 | 174s
2026-09-18 23:41:21 | INFO    | epoch 27 | batch 2560/4266 | loss 0.4253 | acc 0.9839 | lr 2.84e-05 | 176s
2026-09-18 23:41:23 | INFO    | epoch 27 | batch 2580/4266 | loss 0.4252 | acc 0.9840 | lr 2.84e-05 | 177s
2026-09-18 23:41:24 | INFO    | epoch 27 | batch 2600/4266 | loss 0.4252 | acc 0.9839 | lr 2.84e-05 | 178s
2026-09-18 23:41:25 | INFO    | epoch 27 | batch 2620/4266 | loss 0.4252 | acc 0.9840 | lr 2.83e-05 | 180s
2026-09-18 23:41:27 | INFO    | epoch 27 | batch 2640/4266 | loss 0.4252 | acc 0.9839 | lr 2.83e-05 | 181s
2026-09-18 23:41:28 | INFO    | epoch 27 | batch 2660/4266 | loss 0.4252 | acc 0.9839 | lr 2.83e-05 | 182s
2026-09-18 23:41:29 | INFO    | epoch 27 | batch 2680/4266 | loss 0.4251 | acc 0.9839 | lr 2.83e-05 | 184s
2026-09-18 23:41:31 | INFO    | epoch 27 | batch 2700/4266 | loss 0.4251 | acc 0.9839 | lr 2.83e-05 | 185s
2026-09-18 23:41:32 | INFO    | epoch 27 | batch 2720/4266 | loss 0.4252 | acc 0.9839 | lr 2.83e-05 | 187s
2026-09-18 23:41:34 | INFO    | epoch 27 | batch 2740/4266 | loss 0.4252 | acc 0.9839 | lr 2.82e-05 | 188s
2026-09-18 23:41:35 | INFO    | epoch 27 | batch 2760/4266 | loss 0.4251 | acc 0.9839 | lr 2.82e-05 | 189s
2026-09-18 23:41:37 | INFO    | epoch 27 | batch 2780/4266 | loss 0.4252 | acc 0.9839 | lr 2.82e-05 | 191s
2026-09-18 23:41:38 | INFO    | epoch 27 | batch 2800/4266 | loss 0.4252 | acc 0.9840 | lr 2.82e-05 | 192s
2026-09-18 23:41:39 | INFO    | epoch 27 | batch 2820/4266 | loss 0.4251 | acc 0.9840 | lr 2.82e-05 | 194s
2026-09-18 23:41:41 | INFO    | epoch 27 | batch 2840/4266 | loss 0.4251 | acc 0.9840 | lr 2.82e-05 | 195s
2026-09-18 23:41:42 | INFO    | epoch 27 | batch 2860/4266 | loss 0.4251 | acc 0.9841 | lr 2.81e-05 | 197s
2026-09-18 23:41:44 | INFO    | epoch 27 | batch 2880/4266 | loss 0.4251 | acc 0.9841 | lr 2.81e-05 | 198s
2026-09-18 23:41:45 | INFO    | epoch 27 | batch 2900/4266 | loss 0.4251 | acc 0.9840 | lr 2.81e-05 | 199s
2026-09-18 23:41:46 | INFO    | epoch 27 | batch 2920/4266 | loss 0.4250 | acc 0.9841 | lr 2.81e-05 | 201s
2026-09-18 23:41:48 | INFO    | epoch 27 | batch 2940/4266 | loss 0.4251 | acc 0.9841 | lr 2.81e-05 | 202s
2026-09-18 23:41:49 | INFO    | epoch 27 | batch 2960/4266 | loss 0.4251 | acc 0.9841 | lr 2.80e-05 | 204s
2026-09-18 23:41:51 | INFO    | epoch 27 | batch 2980/4266 | loss 0.4250 | acc 0.9841 | lr 2.80e-05 | 205s
2026-09-18 23:41:52 | INFO    | epoch 27 | batch 3000/4266 | loss 0.4252 | acc 0.9841 | lr 2.80e-05 | 206s
2026-09-18 23:41:53 | INFO    | epoch 27 | batch 3020/4266 | loss 0.4251 | acc 0.9841 | lr 2.80e-05 | 208s
2026-09-18 23:41:55 | INFO    | epoch 27 | batch 3040/4266 | loss 0.4250 | acc 0.9841 | lr 2.80e-05 | 209s
2026-09-18 23:41:56 | INFO    | epoch 27 | batch 3060/4266 | loss 0.4250 | acc 0.9842 | lr 2.80e-05 | 211s
2026-09-18 23:41:58 | INFO    | epoch 27 | batch 3080/4266 | loss 0.4251 | acc 0.9841 | lr 2.79e-05 | 212s
2026-09-18 23:41:59 | INFO    | epoch 27 | batch 3100/4266 | loss 0.4250 | acc 0.9841 | lr 2.79e-05 | 213s
2026-09-18 23:42:00 | INFO    | epoch 27 | batch 3120/4266 | loss 0.4249 | acc 0.9842 | lr 2.79e-05 | 215s
2026-09-18 23:42:02 | INFO    | epoch 27 | batch 3140/4266 | loss 0.4250 | acc 0.9842 | lr 2.79e-05 | 216s
2026-09-18 23:42:03 | INFO    | epoch 27 | batch 3160/4266 | loss 0.4250 | acc 0.9842 | lr 2.79e-05 | 217s
2026-09-18 23:42:04 | INFO    | epoch 27 | batch 3180/4266 | loss 0.4250 | acc 0.9842 | lr 2.79e-05 | 219s
2026-09-18 23:42:06 | INFO    | epoch 27 | batch 3200/4266 | loss 0.4249 | acc 0.9842 | lr 2.78e-05 | 220s
2026-09-18 23:42:07 | INFO    | epoch 27 | batch 3220/4266 | loss 0.4249 | acc 0.9843 | lr 2.78e-05 | 221s
2026-09-18 23:42:08 | INFO    | epoch 27 | batch 3240/4266 | loss 0.4249 | acc 0.9843 | lr 2.78e-05 | 223s
2026-09-18 23:42:10 | INFO    | epoch 27 | batch 3260/4266 | loss 0.4248 | acc 0.9843 | lr 2.78e-05 | 224s
2026-09-18 23:42:11 | INFO    | epoch 27 | batch 3280/4266 | loss 0.4249 | acc 0.9842 | lr 2.78e-05 | 225s
2026-09-18 23:42:12 | INFO    | epoch 27 | batch 3300/4266 | loss 0.4249 | acc 0.9843 | lr 2.78e-05 | 227s
2026-09-18 23:42:14 | INFO    | epoch 27 | batch 3320/4266 | loss 0.4248 | acc 0.9843 | lr 2.77e-05 | 228s
2026-09-18 23:42:15 | INFO    | epoch 27 | batch 3340/4266 | loss 0.4249 | acc 0.9843 | lr 2.77e-05 | 229s
2026-09-18 23:42:16 | INFO    | epoch 27 | batch 3360/4266 | loss 0.4249 | acc 0.9843 | lr 2.77e-05 | 231s
2026-09-18 23:42:18 | INFO    | epoch 27 | batch 3380/4266 | loss 0.4249 | acc 0.9843 | lr 2.77e-05 | 232s
2026-09-18 23:42:19 | INFO    | epoch 27 | batch 3400/4266 | loss 0.4249 | acc 0.9843 | lr 2.77e-05 | 234s
2026-09-18 23:42:21 | INFO    | epoch 27 | batch 3420/4266 | loss 0.4249 | acc 0.9843 | lr 2.77e-05 | 235s
2026-09-18 23:42:22 | INFO    | epoch 27 | batch 3440/4266 | loss 0.4249 | acc 0.9843 | lr 2.76e-05 | 236s
2026-09-18 23:42:23 | INFO    | epoch 27 | batch 3460/4266 | loss 0.4248 | acc 0.9843 | lr 2.76e-05 | 238s
2026-09-18 23:42:25 | INFO    | epoch 27 | batch 3480/4266 | loss 0.4247 | acc 0.9843 | lr 2.76e-05 | 239s
2026-09-18 23:42:26 | INFO    | epoch 27 | batch 3500/4266 | loss 0.4247 | acc 0.9844 | lr 2.76e-05 | 241s
2026-09-18 23:42:27 | INFO    | epoch 27 | batch 3520/4266 | loss 0.4248 | acc 0.9843 | lr 2.76e-05 | 242s
2026-09-18 23:42:29 | INFO    | epoch 27 | batch 3540/4266 | loss 0.4249 | acc 0.9843 | lr 2.76e-05 | 243s
2026-09-18 23:42:30 | INFO    | epoch 27 | batch 3560/4266 | loss 0.4249 | acc 0.9842 | lr 2.75e-05 | 245s
2026-09-18 23:42:32 | INFO    | epoch 27 | batch 3580/4266 | loss 0.4249 | acc 0.9842 | lr 2.75e-05 | 246s
2026-09-18 23:42:33 | INFO    | epoch 27 | batch 3600/4266 | loss 0.4248 | acc 0.9843 | lr 2.75e-05 | 247s
2026-09-18 23:42:34 | INFO    | epoch 27 | batch 3620/4266 | loss 0.4248 | acc 0.9843 | lr 2.75e-05 | 249s
2026-09-18 23:42:36 | INFO    | epoch 27 | batch 3640/4266 | loss 0.4247 | acc 0.9843 | lr 2.75e-05 | 250s
2026-09-18 23:42:37 | INFO    | epoch 27 | batch 3660/4266 | loss 0.4247 | acc 0.9843 | lr 2.75e-05 | 252s
2026-09-18 23:42:39 | INFO    | epoch 27 | batch 3680/4266 | loss 0.4247 | acc 0.9843 | lr 2.74e-05 | 253s
2026-09-18 23:42:40 | INFO    | epoch 27 | batch 3700/4266 | loss 0.4248 | acc 0.9843 | lr 2.74e-05 | 254s
2026-09-18 23:42:41 | INFO    | epoch 27 | batch 3720/4266 | loss 0.4248 | acc 0.9843 | lr 2.74e-05 | 256s
2026-09-18 23:42:43 | INFO    | epoch 27 | batch 3740/4266 | loss 0.4247 | acc 0.9843 | lr 2.74e-05 | 257s
2026-09-18 23:42:44 | INFO    | epoch 27 | batch 3760/4266 | loss 0.4248 | acc 0.9843 | lr 2.74e-05 | 259s
2026-09-18 23:42:46 | INFO    | epoch 27 | batch 3780/4266 | loss 0.4248 | acc 0.9843 | lr 2.74e-05 | 260s
2026-09-18 23:42:47 | INFO    | epoch 27 | batch 3800/4266 | loss 0.4247 | acc 0.9843 | lr 2.73e-05 | 261s
2026-09-18 23:42:48 | INFO    | epoch 27 | batch 3820/4266 | loss 0.4247 | acc 0.9843 | lr 2.73e-05 | 263s
2026-09-18 23:42:50 | INFO    | epoch 27 | batch 3840/4266 | loss 0.4248 | acc 0.9843 | lr 2.73e-05 | 264s
2026-09-18 23:42:51 | INFO    | epoch 27 | batch 3860/4266 | loss 0.4248 | acc 0.9843 | lr 2.73e-05 | 265s
2026-09-18 23:42:52 | INFO    | epoch 27 | batch 3880/4266 | loss 0.4248 | acc 0.9843 | lr 2.73e-05 | 267s
2026-09-18 23:42:54 | INFO    | epoch 27 | batch 3900/4266 | loss 0.4248 | acc 0.9843 | lr 2.72e-05 | 268s
2026-09-18 23:42:55 | INFO    | epoch 27 | batch 3920/4266 | loss 0.4248 | acc 0.9843 | lr 2.72e-05 | 270s
2026-09-18 23:42:57 | INFO    | epoch 27 | batch 3940/4266 | loss 0.4249 | acc 0.9843 | lr 2.72e-05 | 271s
2026-09-18 23:42:58 | INFO    | epoch 27 | batch 3960/4266 | loss 0.4248 | acc 0.9843 | lr 2.72e-05 | 272s
2026-09-18 23:42:59 | INFO    | epoch 27 | batch 3980/4266 | loss 0.4248 | acc 0.9843 | lr 2.72e-05 | 274s
2026-09-18 23:43:01 | INFO    | epoch 27 | batch 4000/4266 | loss 0.4248 | acc 0.9843 | lr 2.72e-05 | 275s
2026-09-18 23:43:02 | INFO    | epoch 27 | batch 4020/4266 | loss 0.4248 | acc 0.9843 | lr 2.71e-05 | 277s
2026-09-18 23:43:04 | INFO    | epoch 27 | batch 4040/4266 | loss 0.4247 | acc 0.9843 | lr 2.71e-05 | 278s
2026-09-18 23:43:05 | INFO    | epoch 27 | batch 4060/4266 | loss 0.4247 | acc 0.9843 | lr 2.71e-05 | 280s
2026-09-18 23:43:07 | INFO    | epoch 27 | batch 4080/4266 | loss 0.4248 | acc 0.9843 | lr 2.71e-05 | 281s
2026-09-18 23:43:08 | INFO    | epoch 27 | batch 4100/4266 | loss 0.4248 | acc 0.9843 | lr 2.71e-05 | 283s
2026-09-18 23:43:10 | INFO    | epoch 27 | batch 4120/4266 | loss 0.4248 | acc 0.9843 | lr 2.71e-05 | 284s
2026-09-18 23:43:11 | INFO    | epoch 27 | batch 4140/4266 | loss 0.4248 | acc 0.9843 | lr 2.70e-05 | 285s
2026-09-18 23:43:12 | INFO    | epoch 27 | batch 4160/4266 | loss 0.4247 | acc 0.9843 | lr 2.70e-05 | 287s
2026-09-18 23:43:14 | INFO    | epoch 27 | batch 4180/4266 | loss 0.4247 | acc 0.9843 | lr 2.70e-05 | 288s
2026-09-18 23:43:15 | INFO    | epoch 27 | batch 4200/4266 | loss 0.4247 | acc 0.9843 | lr 2.70e-05 | 289s
2026-09-18 23:43:16 | INFO    | epoch 27 | batch 4220/4266 | loss 0.4248 | acc 0.9843 | lr 2.70e-05 | 291s
2026-09-18 23:43:18 | INFO    | epoch 27 | batch 4240/4266 | loss 0.4247 | acc 0.9843 | lr 2.70e-05 | 292s
2026-09-18 23:43:19 | INFO    | epoch 27 | batch 4260/4266 | loss 0.4247 | acc 0.9843 | lr 2.69e-05 | 293s
2026-09-18 23:43:19 | INFO    | epoch 27 | batch 4266/4266 | loss 0.4247 | acc 0.9843 | lr 2.69e-05 | 294s
2026-09-18 23:43:29 | INFO    | epoch 27/40 done in 303s | train loss 0.4247 | train running patch (aug): accuracy=0.9843 precision=0.9841 recall=0.9838 f1=0.9840
2026-09-18 23:43:29 | INFO    | epoch 27 train (eval, no aug) | loss 0.3970 | patch[7280]: accuracy=0.9968 precision=0.9964 recall=0.9970 f1=0.9967 | image[455]: accuracy=1.0000 precision=1.0000 recall=1.0000 f1=1.0000
2026-09-18 23:43:29 | INFO    | epoch 27 val | loss 1.2045 | patch[8448]: accuracy=0.6882 precision=0.6671 recall=0.6663 f1=0.6666 | image[96]: accuracy=0.7604 precision=0.7247 recall=0.7243 f1=0.7237
2026-09-18 23:43:29 | INFO    | val_patch_f1 = 0.6666 (best 0.6759 @ epoch 22)
2026-09-18 23:43:31 | INFO    | epoch 28 | batch 20/4266 | loss 0.4126 | acc 0.9891 | lr 2.69e-05 | 1s
2026-09-18 23:43:32 | INFO    | epoch 28 | batch 40/4266 | loss 0.4175 | acc 0.9875 | lr 2.69e-05 | 3s
2026-09-18 23:43:33 | INFO    | epoch 28 | batch 60/4266 | loss 0.4173 | acc 0.9880 | lr 2.69e-05 | 4s
2026-09-18 23:43:35 | INFO    | epoch 28 | batch 80/4266 | loss 0.4204 | acc 0.9867 | lr 2.69e-05 | 6s
2026-09-18 23:43:36 | INFO    | epoch 28 | batch 100/4266 | loss 0.4190 | acc 0.9872 | lr 2.69e-05 | 7s
2026-09-18 23:43:37 | INFO    | epoch 28 | batch 120/4266 | loss 0.4185 | acc 0.9875 | lr 2.68e-05 | 8s
2026-09-18 23:43:39 | INFO    | epoch 28 | batch 140/4266 | loss 0.4204 | acc 0.9866 | lr 2.68e-05 | 10s
2026-09-18 23:43:40 | INFO    | epoch 28 | batch 160/4266 | loss 0.4217 | acc 0.9855 | lr 2.68e-05 | 11s
2026-09-18 23:43:42 | INFO    | epoch 28 | batch 180/4266 | loss 0.4206 | acc 0.9861 | lr 2.68e-05 | 13s
2026-09-18 23:43:43 | INFO    | epoch 28 | batch 200/4266 | loss 0.4212 | acc 0.9859 | lr 2.68e-05 | 14s
2026-09-18 23:43:44 | INFO    | epoch 28 | batch 220/4266 | loss 0.4206 | acc 0.9861 | lr 2.68e-05 | 15s
2026-09-18 23:43:46 | INFO    | epoch 28 | batch 240/4266 | loss 0.4208 | acc 0.9857 | lr 2.67e-05 | 17s
2026-09-18 23:43:47 | INFO    | epoch 28 | batch 260/4266 | loss 0.4223 | acc 0.9851 | lr 2.67e-05 | 18s
2026-09-18 23:43:48 | INFO    | epoch 28 | batch 280/4266 | loss 0.4223 | acc 0.9853 | lr 2.67e-05 | 19s
2026-09-18 23:43:50 | INFO    | epoch 28 | batch 300/4266 | loss 0.4220 | acc 0.9854 | lr 2.67e-05 | 21s
2026-09-18 23:43:51 | INFO    | epoch 28 | batch 320/4266 | loss 0.4221 | acc 0.9855 | lr 2.67e-05 | 22s
2026-09-18 23:43:52 | INFO    | epoch 28 | batch 340/4266 | loss 0.4216 | acc 0.9858 | lr 2.67e-05 | 23s
2026-09-18 23:43:54 | INFO    | epoch 28 | batch 360/4266 | loss 0.4205 | acc 0.9864 | lr 2.66e-05 | 25s
2026-09-18 23:43:55 | INFO    | epoch 28 | batch 380/4266 | loss 0.4202 | acc 0.9866 | lr 2.66e-05 | 26s
2026-09-18 23:43:57 | INFO    | epoch 28 | batch 400/4266 | loss 0.4197 | acc 0.9868 | lr 2.66e-05 | 28s
2026-09-18 23:43:58 | INFO    | epoch 28 | batch 420/4266 | loss 0.4199 | acc 0.9866 | lr 2.66e-05 | 29s
2026-09-18 23:43:59 | INFO    | epoch 28 | batch 440/4266 | loss 0.4196 | acc 0.9866 | lr 2.66e-05 | 30s
2026-09-18 23:44:01 | INFO    | epoch 28 | batch 460/4266 | loss 0.4205 | acc 0.9862 | lr 2.66e-05 | 32s
2026-09-18 23:44:02 | INFO    | epoch 28 | batch 480/4266 | loss 0.4204 | acc 0.9864 | lr 2.65e-05 | 33s
2026-09-18 23:44:04 | INFO    | epoch 28 | batch 500/4266 | loss 0.4204 | acc 0.9863 | lr 2.65e-05 | 34s
2026-09-18 23:44:05 | INFO    | epoch 28 | batch 520/4266 | loss 0.4197 | acc 0.9867 | lr 2.65e-05 | 36s
2026-09-18 23:44:06 | INFO    | epoch 28 | batch 540/4266 | loss 0.4198 | acc 0.9866 | lr 2.65e-05 | 37s
2026-09-18 23:44:08 | INFO    | epoch 28 | batch 560/4266 | loss 0.4193 | acc 0.9869 | lr 2.65e-05 | 39s
2026-09-18 23:44:09 | INFO    | epoch 28 | batch 580/4266 | loss 0.4196 | acc 0.9867 | lr 2.65e-05 | 40s
2026-09-18 23:44:10 | INFO    | epoch 28 | batch 600/4266 | loss 0.4201 | acc 0.9867 | lr 2.64e-05 | 41s
2026-09-18 23:44:12 | INFO    | epoch 28 | batch 620/4266 | loss 0.4204 | acc 0.9867 | lr 2.64e-05 | 43s
2026-09-18 23:44:13 | INFO    | epoch 28 | batch 640/4266 | loss 0.4205 | acc 0.9867 | lr 2.64e-05 | 44s
2026-09-18 23:44:15 | INFO    | epoch 28 | batch 660/4266 | loss 0.4204 | acc 0.9867 | lr 2.64e-05 | 45s
2026-09-18 23:44:16 | INFO    | epoch 28 | batch 680/4266 | loss 0.4206 | acc 0.9866 | lr 2.64e-05 | 47s
2026-09-18 23:44:17 | INFO    | epoch 28 | batch 700/4266 | loss 0.4205 | acc 0.9866 | lr 2.64e-05 | 48s
2026-09-18 23:44:19 | INFO    | epoch 28 | batch 720/4266 | loss 0.4206 | acc 0.9863 | lr 2.63e-05 | 49s
2026-09-18 23:44:20 | INFO    | epoch 28 | batch 740/4266 | loss 0.4206 | acc 0.9864 | lr 2.63e-05 | 51s
2026-09-18 23:44:21 | INFO    | epoch 28 | batch 760/4266 | loss 0.4209 | acc 0.9862 | lr 2.63e-05 | 52s
2026-09-18 23:44:23 | INFO    | epoch 28 | batch 780/4266 | loss 0.4205 | acc 0.9864 | lr 2.63e-05 | 54s
2026-09-18 23:44:24 | INFO    | epoch 28 | batch 800/4266 | loss 0.4214 | acc 0.9860 | lr 2.63e-05 | 55s
2026-09-18 23:44:26 | INFO    | epoch 28 | batch 820/4266 | loss 0.4215 | acc 0.9859 | lr 2.63e-05 | 56s
2026-09-18 23:44:27 | INFO    | epoch 28 | batch 840/4266 | loss 0.4214 | acc 0.9859 | lr 2.62e-05 | 58s
2026-09-18 23:44:28 | INFO    | epoch 28 | batch 860/4266 | loss 0.4215 | acc 0.9859 | lr 2.62e-05 | 59s
2026-09-18 23:44:30 | INFO    | epoch 28 | batch 880/4266 | loss 0.4214 | acc 0.9859 | lr 2.62e-05 | 61s
2026-09-18 23:44:31 | INFO    | epoch 28 | batch 900/4266 | loss 0.4213 | acc 0.9860 | lr 2.62e-05 | 62s
2026-09-18 23:44:33 | INFO    | epoch 28 | batch 920/4266 | loss 0.4212 | acc 0.9860 | lr 2.62e-05 | 63s
2026-09-18 23:44:34 | INFO    | epoch 28 | batch 940/4266 | loss 0.4210 | acc 0.9862 | lr 2.62e-05 | 65s
2026-09-18 23:44:35 | INFO    | epoch 28 | batch 960/4266 | loss 0.4210 | acc 0.9861 | lr 2.61e-05 | 66s
2026-09-18 23:44:37 | INFO    | epoch 28 | batch 980/4266 | loss 0.4209 | acc 0.9862 | lr 2.61e-05 | 68s
2026-09-18 23:44:38 | INFO    | epoch 28 | batch 1000/4266 | loss 0.4210 | acc 0.9861 | lr 2.61e-05 | 69s
2026-09-18 23:44:39 | INFO    | epoch 28 | batch 1020/4266 | loss 0.4210 | acc 0.9861 | lr 2.61e-05 | 70s
2026-09-18 23:44:41 | INFO    | epoch 28 | batch 1040/4266 | loss 0.4211 | acc 0.9861 | lr 2.61e-05 | 72s
2026-09-18 23:44:42 | INFO    | epoch 28 | batch 1060/4266 | loss 0.4211 | acc 0.9861 | lr 2.61e-05 | 73s
2026-09-18 23:44:44 | INFO    | epoch 28 | batch 1080/4266 | loss 0.4209 | acc 0.9862 | lr 2.60e-05 | 74s
2026-09-18 23:44:45 | INFO    | epoch 28 | batch 1100/4266 | loss 0.4213 | acc 0.9860 | lr 2.60e-05 | 76s
2026-09-18 23:44:46 | INFO    | epoch 28 | batch 1120/4266 | loss 0.4214 | acc 0.9860 | lr 2.60e-05 | 77s
2026-09-18 23:44:48 | INFO    | epoch 28 | batch 1140/4266 | loss 0.4213 | acc 0.9861 | lr 2.60e-05 | 79s
2026-09-18 23:44:49 | INFO    | epoch 28 | batch 1160/4266 | loss 0.4212 | acc 0.9862 | lr 2.60e-05 | 80s
2026-09-18 23:44:51 | INFO    | epoch 28 | batch 1180/4266 | loss 0.4213 | acc 0.9861 | lr 2.60e-05 | 81s
2026-09-18 23:44:52 | INFO    | epoch 28 | batch 1200/4266 | loss 0.4213 | acc 0.9861 | lr 2.59e-05 | 83s
2026-09-18 23:44:53 | INFO    | epoch 28 | batch 1220/4266 | loss 0.4212 | acc 0.9862 | lr 2.59e-05 | 84s
2026-09-18 23:44:55 | INFO    | epoch 28 | batch 1240/4266 | loss 0.4212 | acc 0.9861 | lr 2.59e-05 | 86s
2026-09-18 23:44:56 | INFO    | epoch 28 | batch 1260/4266 | loss 0.4211 | acc 0.9862 | lr 2.59e-05 | 87s
2026-09-18 23:44:58 | INFO    | epoch 28 | batch 1280/4266 | loss 0.4211 | acc 0.9862 | lr 2.59e-05 | 88s
2026-09-18 23:44:59 | INFO    | epoch 28 | batch 1300/4266 | loss 0.4211 | acc 0.9862 | lr 2.59e-05 | 90s
2026-09-18 23:45:00 | INFO    | epoch 28 | batch 1320/4266 | loss 0.4211 | acc 0.9862 | lr 2.58e-05 | 91s
2026-09-18 23:45:02 | INFO    | epoch 28 | batch 1340/4266 | loss 0.4210 | acc 0.9861 | lr 2.58e-05 | 92s
2026-09-18 23:45:03 | INFO    | epoch 28 | batch 1360/4266 | loss 0.4212 | acc 0.9861 | lr 2.58e-05 | 94s
2026-09-18 23:45:04 | INFO    | epoch 28 | batch 1380/4266 | loss 0.4215 | acc 0.9860 | lr 2.58e-05 | 95s
2026-09-18 23:45:05 | INFO    | epoch 28 | batch 1400/4266 | loss 0.4215 | acc 0.9860 | lr 2.58e-05 | 96s
2026-09-18 23:45:07 | INFO    | epoch 28 | batch 1420/4266 | loss 0.4216 | acc 0.9860 | lr 2.58e-05 | 98s
2026-09-18 23:45:08 | INFO    | epoch 28 | batch 1440/4266 | loss 0.4217 | acc 0.9859 | lr 2.57e-05 | 99s
2026-09-18 23:45:09 | INFO    | epoch 28 | batch 1460/4266 | loss 0.4220 | acc 0.9858 | lr 2.57e-05 | 100s
2026-09-18 23:45:11 | INFO    | epoch 28 | batch 1480/4266 | loss 0.4217 | acc 0.9859 | lr 2.57e-05 | 102s
2026-09-18 23:45:12 | INFO    | epoch 28 | batch 1500/4266 | loss 0.4217 | acc 0.9859 | lr 2.57e-05 | 103s
2026-09-18 23:45:14 | INFO    | epoch 28 | batch 1520/4266 | loss 0.4217 | acc 0.9859 | lr 2.57e-05 | 104s
2026-09-18 23:45:15 | INFO    | epoch 28 | batch 1540/4266 | loss 0.4218 | acc 0.9858 | lr 2.57e-05 | 106s
2026-09-18 23:45:16 | INFO    | epoch 28 | batch 1560/4266 | loss 0.4218 | acc 0.9858 | lr 2.56e-05 | 107s
2026-09-18 23:45:18 | INFO    | epoch 28 | batch 1580/4266 | loss 0.4217 | acc 0.9858 | lr 2.56e-05 | 109s
2026-09-18 23:45:19 | INFO    | epoch 28 | batch 1600/4266 | loss 0.4216 | acc 0.9859 | lr 2.56e-05 | 110s
2026-09-18 23:45:20 | INFO    | epoch 28 | batch 1620/4266 | loss 0.4216 | acc 0.9858 | lr 2.56e-05 | 111s
2026-09-18 23:45:22 | INFO    | epoch 28 | batch 1640/4266 | loss 0.4216 | acc 0.9858 | lr 2.56e-05 | 113s
2026-09-18 23:45:23 | INFO    | epoch 28 | batch 1660/4266 | loss 0.4216 | acc 0.9858 | lr 2.56e-05 | 114s
2026-09-18 23:45:24 | INFO    | epoch 28 | batch 1680/4266 | loss 0.4216 | acc 0.9858 | lr 2.55e-05 | 115s
2026-09-18 23:45:26 | INFO    | epoch 28 | batch 1700/4266 | loss 0.4217 | acc 0.9857 | lr 2.55e-05 | 117s
2026-09-18 23:45:27 | INFO    | epoch 28 | batch 1720/4266 | loss 0.4216 | acc 0.9858 | lr 2.55e-05 | 118s
2026-09-18 23:45:29 | INFO    | epoch 28 | batch 1740/4266 | loss 0.4217 | acc 0.9857 | lr 2.55e-05 | 120s
2026-09-18 23:45:30 | INFO    | epoch 28 | batch 1760/4266 | loss 0.4216 | acc 0.9857 | lr 2.55e-05 | 121s
2026-09-18 23:45:32 | INFO    | epoch 28 | batch 1780/4266 | loss 0.4215 | acc 0.9858 | lr 2.55e-05 | 122s
2026-09-18 23:45:33 | INFO    | epoch 28 | batch 1800/4266 | loss 0.4215 | acc 0.9858 | lr 2.54e-05 | 124s
2026-09-18 23:45:34 | INFO    | epoch 28 | batch 1820/4266 | loss 0.4215 | acc 0.9858 | lr 2.54e-05 | 125s
2026-09-18 23:45:36 | INFO    | epoch 28 | batch 1840/4266 | loss 0.4213 | acc 0.9858 | lr 2.54e-05 | 127s
2026-09-18 23:45:37 | INFO    | epoch 28 | batch 1860/4266 | loss 0.4214 | acc 0.9858 | lr 2.54e-05 | 128s
2026-09-18 23:45:39 | INFO    | epoch 28 | batch 1880/4266 | loss 0.4214 | acc 0.9858 | lr 2.54e-05 | 130s
2026-09-18 23:45:40 | INFO    | epoch 28 | batch 1900/4266 | loss 0.4214 | acc 0.9858 | lr 2.54e-05 | 131s
2026-09-18 23:45:42 | INFO    | epoch 28 | batch 1920/4266 | loss 0.4213 | acc 0.9858 | lr 2.53e-05 | 132s
2026-09-18 23:45:43 | INFO    | epoch 28 | batch 1940/4266 | loss 0.4214 | acc 0.9858 | lr 2.53e-05 | 134s
2026-09-18 23:45:44 | INFO    | epoch 28 | batch 1960/4266 | loss 0.4214 | acc 0.9858 | lr 2.53e-05 | 135s
2026-09-18 23:45:46 | INFO    | epoch 28 | batch 1980/4266 | loss 0.4212 | acc 0.9858 | lr 2.53e-05 | 137s
2026-09-18 23:45:47 | INFO    | epoch 28 | batch 2000/4266 | loss 0.4213 | acc 0.9858 | lr 2.53e-05 | 138s
2026-09-18 23:45:49 | INFO    | epoch 28 | batch 2020/4266 | loss 0.4213 | acc 0.9858 | lr 2.53e-05 | 140s
2026-09-18 23:45:50 | INFO    | epoch 28 | batch 2040/4266 | loss 0.4215 | acc 0.9858 | lr 2.52e-05 | 141s
2026-09-18 23:45:52 | INFO    | epoch 28 | batch 2060/4266 | loss 0.4215 | acc 0.9858 | lr 2.52e-05 | 142s
2026-09-18 23:45:53 | INFO    | epoch 28 | batch 2080/4266 | loss 0.4214 | acc 0.9858 | lr 2.52e-05 | 144s
2026-09-18 23:45:54 | INFO    | epoch 28 | batch 2100/4266 | loss 0.4215 | acc 0.9858 | lr 2.52e-05 | 145s
2026-09-18 23:45:56 | INFO    | epoch 28 | batch 2120/4266 | loss 0.4216 | acc 0.9857 | lr 2.52e-05 | 147s
2026-09-18 23:45:57 | INFO    | epoch 28 | batch 2140/4266 | loss 0.4215 | acc 0.9857 | lr 2.52e-05 | 148s
2026-09-18 23:45:59 | INFO    | epoch 28 | batch 2160/4266 | loss 0.4216 | acc 0.9857 | lr 2.51e-05 | 150s
2026-09-18 23:46:00 | INFO    | epoch 28 | batch 2180/4266 | loss 0.4216 | acc 0.9858 | lr 2.51e-05 | 151s
2026-09-18 23:46:01 | INFO    | epoch 28 | batch 2200/4266 | loss 0.4215 | acc 0.9858 | lr 2.51e-05 | 152s
2026-09-18 23:46:03 | INFO    | epoch 28 | batch 2220/4266 | loss 0.4214 | acc 0.9859 | lr 2.51e-05 | 154s
2026-09-18 23:46:04 | INFO    | epoch 28 | batch 2240/4266 | loss 0.4214 | acc 0.9859 | lr 2.51e-05 | 155s
2026-09-18 23:46:06 | INFO    | epoch 28 | batch 2260/4266 | loss 0.4215 | acc 0.9858 | lr 2.51e-05 | 156s
2026-09-18 23:46:07 | INFO    | epoch 28 | batch 2280/4266 | loss 0.4214 | acc 0.9859 | lr 2.50e-05 | 158s
2026-09-18 23:46:08 | INFO    | epoch 28 | batch 2300/4266 | loss 0.4215 | acc 0.9858 | lr 2.50e-05 | 159s
2026-09-18 23:46:10 | INFO    | epoch 28 | batch 2320/4266 | loss 0.4215 | acc 0.9858 | lr 2.50e-05 | 161s
2026-09-18 23:46:11 | INFO    | epoch 28 | batch 2340/4266 | loss 0.4215 | acc 0.9858 | lr 2.50e-05 | 162s
2026-09-18 23:46:13 | INFO    | epoch 28 | batch 2360/4266 | loss 0.4215 | acc 0.9859 | lr 2.50e-05 | 164s
2026-09-18 23:46:14 | INFO    | epoch 28 | batch 2380/4266 | loss 0.4214 | acc 0.9859 | lr 2.50e-05 | 165s
2026-09-18 23:46:16 | INFO    | epoch 28 | batch 2400/4266 | loss 0.4214 | acc 0.9859 | lr 2.49e-05 | 167s
2026-09-18 23:46:17 | INFO    | epoch 28 | batch 2420/4266 | loss 0.4214 | acc 0.9859 | lr 2.49e-05 | 168s
2026-09-18 23:46:18 | INFO    | epoch 28 | batch 2440/4266 | loss 0.4214 | acc 0.9859 | lr 2.49e-05 | 169s
2026-09-18 23:46:20 | INFO    | epoch 28 | batch 2460/4266 | loss 0.4214 | acc 0.9859 | lr 2.49e-05 | 171s
2026-09-18 23:46:21 | INFO    | epoch 28 | batch 2480/4266 | loss 0.4214 | acc 0.9859 | lr 2.49e-05 | 172s
2026-09-18 23:46:23 | INFO    | epoch 28 | batch 2500/4266 | loss 0.4215 | acc 0.9858 | lr 2.49e-05 | 173s
2026-09-18 23:46:24 | INFO    | epoch 28 | batch 2520/4266 | loss 0.4215 | acc 0.9859 | lr 2.48e-05 | 175s
2026-09-18 23:46:25 | INFO    | epoch 28 | batch 2540/4266 | loss 0.4214 | acc 0.9859 | lr 2.48e-05 | 176s
2026-09-18 23:46:27 | INFO    | epoch 28 | batch 2560/4266 | loss 0.4214 | acc 0.9858 | lr 2.48e-05 | 177s
2026-09-18 23:46:28 | INFO    | epoch 28 | batch 2580/4266 | loss 0.4214 | acc 0.9859 | lr 2.48e-05 | 179s
2026-09-18 23:46:29 | INFO    | epoch 28 | batch 2600/4266 | loss 0.4214 | acc 0.9859 | lr 2.48e-05 | 180s
2026-09-18 23:46:31 | INFO    | epoch 28 | batch 2620/4266 | loss 0.4214 | acc 0.9859 | lr 2.48e-05 | 182s
2026-09-18 23:46:32 | INFO    | epoch 28 | batch 2640/4266 | loss 0.4213 | acc 0.9859 | lr 2.47e-05 | 183s
2026-09-18 23:46:33 | INFO    | epoch 28 | batch 2660/4266 | loss 0.4214 | acc 0.9858 | lr 2.47e-05 | 184s
2026-09-18 23:46:35 | INFO    | epoch 28 | batch 2680/4266 | loss 0.4214 | acc 0.9858 | lr 2.47e-05 | 186s
2026-09-18 23:46:36 | INFO    | epoch 28 | batch 2700/4266 | loss 0.4214 | acc 0.9858 | lr 2.47e-05 | 187s
2026-09-18 23:46:37 | INFO    | epoch 28 | batch 2720/4266 | loss 0.4214 | acc 0.9858 | lr 2.47e-05 | 188s
2026-09-18 23:46:39 | INFO    | epoch 28 | batch 2740/4266 | loss 0.4213 | acc 0.9859 | lr 2.47e-05 | 190s
2026-09-18 23:46:40 | INFO    | epoch 28 | batch 2760/4266 | loss 0.4213 | acc 0.9859 | lr 2.46e-05 | 191s
2026-09-18 23:46:42 | INFO    | epoch 28 | batch 2780/4266 | loss 0.4213 | acc 0.9859 | lr 2.46e-05 | 193s
2026-09-18 23:46:43 | INFO    | epoch 28 | batch 2800/4266 | loss 0.4213 | acc 0.9859 | lr 2.46e-05 | 194s
2026-09-18 23:46:44 | INFO    | epoch 28 | batch 2820/4266 | loss 0.4212 | acc 0.9859 | lr 2.46e-05 | 195s
2026-09-18 23:46:46 | INFO    | epoch 28 | batch 2840/4266 | loss 0.4212 | acc 0.9860 | lr 2.46e-05 | 197s
2026-09-18 23:46:47 | INFO    | epoch 28 | batch 2860/4266 | loss 0.4211 | acc 0.9860 | lr 2.46e-05 | 198s
2026-09-18 23:46:49 | INFO    | epoch 28 | batch 2880/4266 | loss 0.4211 | acc 0.9860 | lr 2.45e-05 | 200s
2026-09-18 23:46:50 | INFO    | epoch 28 | batch 2900/4266 | loss 0.4212 | acc 0.9860 | lr 2.45e-05 | 201s
2026-09-18 23:46:52 | INFO    | epoch 28 | batch 2920/4266 | loss 0.4211 | acc 0.9860 | lr 2.45e-05 | 202s
2026-09-18 23:46:53 | INFO    | epoch 28 | batch 2940/4266 | loss 0.4212 | acc 0.9860 | lr 2.45e-05 | 204s
2026-09-18 23:46:54 | INFO    | epoch 28 | batch 2960/4266 | loss 0.4212 | acc 0.9860 | lr 2.45e-05 | 205s
2026-09-18 23:46:56 | INFO    | epoch 28 | batch 2980/4266 | loss 0.4213 | acc 0.9859 | lr 2.45e-05 | 207s
2026-09-18 23:46:57 | INFO    | epoch 28 | batch 3000/4266 | loss 0.4213 | acc 0.9860 | lr 2.45e-05 | 208s
2026-09-18 23:46:59 | INFO    | epoch 28 | batch 3020/4266 | loss 0.4214 | acc 0.9859 | lr 2.44e-05 | 209s
2026-09-18 23:47:00 | INFO    | epoch 28 | batch 3040/4266 | loss 0.4214 | acc 0.9859 | lr 2.44e-05 | 211s
2026-09-18 23:47:01 | INFO    | epoch 28 | batch 3060/4266 | loss 0.4214 | acc 0.9859 | lr 2.44e-05 | 212s
2026-09-18 23:47:03 | INFO    | epoch 28 | batch 3080/4266 | loss 0.4214 | acc 0.9859 | lr 2.44e-05 | 214s
2026-09-18 23:47:04 | INFO    | epoch 28 | batch 3100/4266 | loss 0.4214 | acc 0.9859 | lr 2.44e-05 | 215s
2026-09-18 23:47:06 | INFO    | epoch 28 | batch 3120/4266 | loss 0.4214 | acc 0.9860 | lr 2.44e-05 | 216s
2026-09-18 23:47:07 | INFO    | epoch 28 | batch 3140/4266 | loss 0.4215 | acc 0.9859 | lr 2.43e-05 | 218s
2026-09-18 23:47:08 | INFO    | epoch 28 | batch 3160/4266 | loss 0.4215 | acc 0.9859 | lr 2.43e-05 | 219s
2026-09-18 23:47:10 | INFO    | epoch 28 | batch 3180/4266 | loss 0.4214 | acc 0.9859 | lr 2.43e-05 | 221s
2026-09-18 23:47:11 | INFO    | epoch 28 | batch 3200/4266 | loss 0.4214 | acc 0.9860 | lr 2.43e-05 | 222s
2026-09-18 23:47:12 | INFO    | epoch 28 | batch 3220/4266 | loss 0.4214 | acc 0.9859 | lr 2.43e-05 | 223s
2026-09-18 23:47:14 | INFO    | epoch 28 | batch 3240/4266 | loss 0.4214 | acc 0.9859 | lr 2.43e-05 | 225s
2026-09-18 23:47:15 | INFO    | epoch 28 | batch 3260/4266 | loss 0.4215 | acc 0.9859 | lr 2.42e-05 | 226s
2026-09-18 23:47:16 | INFO    | epoch 28 | batch 3280/4266 | loss 0.4215 | acc 0.9859 | lr 2.42e-05 | 227s
2026-09-18 23:47:18 | INFO    | epoch 28 | batch 3300/4266 | loss 0.4215 | acc 0.9859 | lr 2.42e-05 | 229s
2026-09-18 23:47:19 | INFO    | epoch 28 | batch 3320/4266 | loss 0.4215 | acc 0.9859 | lr 2.42e-05 | 230s
2026-09-18 23:47:21 | INFO    | epoch 28 | batch 3340/4266 | loss 0.4216 | acc 0.9858 | lr 2.42e-05 | 231s
2026-09-18 23:47:22 | INFO    | epoch 28 | batch 3360/4266 | loss 0.4217 | acc 0.9858 | lr 2.42e-05 | 233s
2026-09-18 23:47:23 | INFO    | epoch 28 | batch 3380/4266 | loss 0.4218 | acc 0.9857 | lr 2.41e-05 | 234s
2026-09-18 23:47:25 | INFO    | epoch 28 | batch 3400/4266 | loss 0.4217 | acc 0.9858 | lr 2.41e-05 | 235s
2026-09-18 23:47:26 | INFO    | epoch 28 | batch 3420/4266 | loss 0.4217 | acc 0.9858 | lr 2.41e-05 | 237s
2026-09-18 23:47:27 | INFO    | epoch 28 | batch 3440/4266 | loss 0.4217 | acc 0.9858 | lr 2.41e-05 | 238s
2026-09-18 23:47:29 | INFO    | epoch 28 | batch 3460/4266 | loss 0.4217 | acc 0.9858 | lr 2.41e-05 | 240s
2026-09-18 23:47:30 | INFO    | epoch 28 | batch 3480/4266 | loss 0.4217 | acc 0.9858 | lr 2.41e-05 | 241s
2026-09-18 23:47:31 | INFO    | epoch 28 | batch 3500/4266 | loss 0.4218 | acc 0.9857 | lr 2.40e-05 | 242s
2026-09-18 23:47:33 | INFO    | epoch 28 | batch 3520/4266 | loss 0.4218 | acc 0.9857 | lr 2.40e-05 | 244s
2026-09-18 23:47:34 | INFO    | epoch 28 | batch 3540/4266 | loss 0.4218 | acc 0.9857 | lr 2.40e-05 | 245s
2026-09-18 23:47:36 | INFO    | epoch 28 | batch 3560/4266 | loss 0.4217 | acc 0.9858 | lr 2.40e-05 | 247s
2026-09-18 23:47:37 | INFO    | epoch 28 | batch 3580/4266 | loss 0.4218 | acc 0.9858 | lr 2.40e-05 | 248s
2026-09-18 23:47:39 | INFO    | epoch 28 | batch 3600/4266 | loss 0.4218 | acc 0.9858 | lr 2.40e-05 | 249s
2026-09-18 23:47:40 | INFO    | epoch 28 | batch 3620/4266 | loss 0.4216 | acc 0.9858 | lr 2.39e-05 | 251s
2026-09-18 23:47:41 | INFO    | epoch 28 | batch 3640/4266 | loss 0.4217 | acc 0.9858 | lr 2.39e-05 | 252s
2026-09-18 23:47:43 | INFO    | epoch 28 | batch 3660/4266 | loss 0.4217 | acc 0.9858 | lr 2.39e-05 | 254s
2026-09-18 23:47:44 | INFO    | epoch 28 | batch 3680/4266 | loss 0.4216 | acc 0.9859 | lr 2.39e-05 | 255s
2026-09-18 23:47:46 | INFO    | epoch 28 | batch 3700/4266 | loss 0.4216 | acc 0.9858 | lr 2.39e-05 | 256s
2026-09-18 23:47:47 | INFO    | epoch 28 | batch 3720/4266 | loss 0.4216 | acc 0.9858 | lr 2.39e-05 | 258s
2026-09-18 23:47:48 | INFO    | epoch 28 | batch 3740/4266 | loss 0.4215 | acc 0.9858 | lr 2.38e-05 | 259s
2026-09-18 23:47:50 | INFO    | epoch 28 | batch 3760/4266 | loss 0.4215 | acc 0.9858 | lr 2.38e-05 | 261s
2026-09-18 23:47:51 | INFO    | epoch 28 | batch 3780/4266 | loss 0.4216 | acc 0.9858 | lr 2.38e-05 | 262s
2026-09-18 23:47:53 | INFO    | epoch 28 | batch 3800/4266 | loss 0.4216 | acc 0.9858 | lr 2.38e-05 | 264s
2026-09-18 23:47:54 | INFO    | epoch 28 | batch 3820/4266 | loss 0.4216 | acc 0.9858 | lr 2.38e-05 | 265s
2026-09-18 23:47:56 | INFO    | epoch 28 | batch 3840/4266 | loss 0.4216 | acc 0.9858 | lr 2.38e-05 | 267s
2026-09-18 23:47:57 | INFO    | epoch 28 | batch 3860/4266 | loss 0.4217 | acc 0.9858 | lr 2.38e-05 | 268s
2026-09-18 23:47:59 | INFO    | epoch 28 | batch 3880/4266 | loss 0.4217 | acc 0.9857 | lr 2.37e-05 | 269s
2026-09-18 23:48:00 | INFO    | epoch 28 | batch 3900/4266 | loss 0.4217 | acc 0.9857 | lr 2.37e-05 | 271s
2026-09-18 23:48:01 | INFO    | epoch 28 | batch 3920/4266 | loss 0.4217 | acc 0.9857 | lr 2.37e-05 | 272s
2026-09-18 23:48:03 | INFO    | epoch 28 | batch 3940/4266 | loss 0.4216 | acc 0.9858 | lr 2.37e-05 | 274s
2026-09-18 23:48:04 | INFO    | epoch 28 | batch 3960/4266 | loss 0.4216 | acc 0.9858 | lr 2.37e-05 | 275s
2026-09-18 23:48:05 | INFO    | epoch 28 | batch 3980/4266 | loss 0.4216 | acc 0.9857 | lr 2.37e-05 | 276s
2026-09-18 23:48:07 | INFO    | epoch 28 | batch 4000/4266 | loss 0.4216 | acc 0.9858 | lr 2.36e-05 | 278s
2026-09-18 23:48:08 | INFO    | epoch 28 | batch 4020/4266 | loss 0.4216 | acc 0.9858 | lr 2.36e-05 | 279s
2026-09-18 23:48:09 | INFO    | epoch 28 | batch 4040/4266 | loss 0.4215 | acc 0.9858 | lr 2.36e-05 | 280s
2026-09-18 23:48:11 | INFO    | epoch 28 | batch 4060/4266 | loss 0.4215 | acc 0.9858 | lr 2.36e-05 | 282s
2026-09-18 23:48:12 | INFO    | epoch 28 | batch 4080/4266 | loss 0.4215 | acc 0.9858 | lr 2.36e-05 | 283s
2026-09-18 23:48:14 | INFO    | epoch 28 | batch 4100/4266 | loss 0.4215 | acc 0.9858 | lr 2.36e-05 | 284s
2026-09-18 23:48:15 | INFO    | epoch 28 | batch 4120/4266 | loss 0.4215 | acc 0.9858 | lr 2.35e-05 | 286s
2026-09-18 23:48:16 | INFO    | epoch 28 | batch 4140/4266 | loss 0.4215 | acc 0.9858 | lr 2.35e-05 | 287s
2026-09-18 23:48:18 | INFO    | epoch 28 | batch 4160/4266 | loss 0.4215 | acc 0.9858 | lr 2.35e-05 | 289s
2026-09-18 23:48:19 | INFO    | epoch 28 | batch 4180/4266 | loss 0.4215 | acc 0.9858 | lr 2.35e-05 | 290s
2026-09-18 23:48:21 | INFO    | epoch 28 | batch 4200/4266 | loss 0.4215 | acc 0.9858 | lr 2.35e-05 | 292s
2026-09-18 23:48:22 | INFO    | epoch 28 | batch 4220/4266 | loss 0.4214 | acc 0.9858 | lr 2.35e-05 | 293s
2026-09-18 23:48:23 | INFO    | epoch 28 | batch 4240/4266 | loss 0.4214 | acc 0.9859 | lr 2.34e-05 | 294s
2026-09-18 23:48:25 | INFO    | epoch 28 | batch 4260/4266 | loss 0.4214 | acc 0.9859 | lr 2.34e-05 | 296s
2026-09-18 23:48:25 | INFO    | epoch 28 | batch 4266/4266 | loss 0.4214 | acc 0.9859 | lr 2.34e-05 | 296s
2026-09-18 23:48:35 | INFO    | epoch 28/40 done in 306s | train loss 0.4214 | train running patch (aug): accuracy=0.9859 precision=0.9856 recall=0.9854 f1=0.9855
2026-09-18 23:48:35 | INFO    | epoch 28 train (eval, no aug) | loss 0.3963 | patch[7280]: accuracy=0.9975 precision=0.9972 recall=0.9975 f1=0.9973 | image[455]: accuracy=1.0000 precision=1.0000 recall=1.0000 f1=1.0000
2026-09-18 23:48:35 | INFO    | epoch 28 val | loss 1.1859 | patch[8448]: accuracy=0.7002 precision=0.6795 recall=0.6786 f1=0.6789 | image[96]: accuracy=0.7708 precision=0.7487 recall=0.7481 f1=0.7479
2026-09-18 23:48:35 | INFO    | val_patch_f1 = 0.6789 (best 0.6789 @ epoch 28) *
2026-09-18 23:48:37 | INFO    | epoch 29 | batch 20/4266 | loss 0.4158 | acc 0.9875 | lr 2.34e-05 | 1s
2026-09-18 23:48:38 | INFO    | epoch 29 | batch 40/4266 | loss 0.4129 | acc 0.9898 | lr 2.34e-05 | 3s
2026-09-18 23:48:40 | INFO    | epoch 29 | batch 60/4266 | loss 0.4134 | acc 0.9891 | lr 2.34e-05 | 4s
2026-09-18 23:48:41 | INFO    | epoch 29 | batch 80/4266 | loss 0.4133 | acc 0.9887 | lr 2.34e-05 | 6s
2026-09-18 23:48:42 | INFO    | epoch 29 | batch 100/4266 | loss 0.4135 | acc 0.9891 | lr 2.33e-05 | 7s
2026-09-18 23:48:44 | INFO    | epoch 29 | batch 120/4266 | loss 0.4129 | acc 0.9896 | lr 2.33e-05 | 9s
2026-09-18 23:48:45 | INFO    | epoch 29 | batch 140/4266 | loss 0.4119 | acc 0.9902 | lr 2.33e-05 | 10s
2026-09-18 23:48:47 | INFO    | epoch 29 | batch 160/4266 | loss 0.4127 | acc 0.9898 | lr 2.33e-05 | 11s
2026-09-18 23:48:48 | INFO    | epoch 29 | batch 180/4266 | loss 0.4135 | acc 0.9892 | lr 2.33e-05 | 13s
2026-09-18 23:48:49 | INFO    | epoch 29 | batch 200/4266 | loss 0.4136 | acc 0.9892 | lr 2.33e-05 | 14s
2026-09-18 23:48:51 | INFO    | epoch 29 | batch 220/4266 | loss 0.4138 | acc 0.9892 | lr 2.32e-05 | 16s
2026-09-18 23:48:52 | INFO    | epoch 29 | batch 240/4266 | loss 0.4144 | acc 0.9885 | lr 2.32e-05 | 17s
2026-09-18 23:48:53 | INFO    | epoch 29 | batch 260/4266 | loss 0.4154 | acc 0.9881 | lr 2.32e-05 | 18s
2026-09-18 23:48:55 | INFO    | epoch 29 | batch 280/4266 | loss 0.4152 | acc 0.9881 | lr 2.32e-05 | 20s
2026-09-18 23:48:56 | INFO    | epoch 29 | batch 300/4266 | loss 0.4156 | acc 0.9880 | lr 2.32e-05 | 21s
2026-09-18 23:48:58 | INFO    | epoch 29 | batch 320/4266 | loss 0.4164 | acc 0.9877 | lr 2.32e-05 | 22s
2026-09-18 23:48:59 | INFO    | epoch 29 | batch 340/4266 | loss 0.4165 | acc 0.9876 | lr 2.32e-05 | 24s
2026-09-18 23:49:00 | INFO    | epoch 29 | batch 360/4266 | loss 0.4166 | acc 0.9878 | lr 2.31e-05 | 25s
2026-09-18 23:49:02 | INFO    | epoch 29 | batch 380/4266 | loss 0.4170 | acc 0.9876 | lr 2.31e-05 | 27s
2026-09-18 23:49:03 | INFO    | epoch 29 | batch 400/4266 | loss 0.4171 | acc 0.9875 | lr 2.31e-05 | 28s
2026-09-18 23:49:05 | INFO    | epoch 29 | batch 420/4266 | loss 0.4169 | acc 0.9877 | lr 2.31e-05 | 30s
2026-09-18 23:49:06 | INFO    | epoch 29 | batch 440/4266 | loss 0.4173 | acc 0.9874 | lr 2.31e-05 | 31s
2026-09-18 23:49:08 | INFO    | epoch 29 | batch 460/4266 | loss 0.4176 | acc 0.9873 | lr 2.31e-05 | 32s
2026-09-18 23:49:09 | INFO    | epoch 29 | batch 480/4266 | loss 0.4179 | acc 0.9872 | lr 2.30e-05 | 34s
2026-09-18 23:49:10 | INFO    | epoch 29 | batch 500/4266 | loss 0.4178 | acc 0.9872 | lr 2.30e-05 | 35s
2026-09-18 23:49:12 | INFO    | epoch 29 | batch 520/4266 | loss 0.4182 | acc 0.9868 | lr 2.30e-05 | 37s
2026-09-18 23:49:13 | INFO    | epoch 29 | batch 540/4266 | loss 0.4182 | acc 0.9867 | lr 2.30e-05 | 38s
2026-09-18 23:49:14 | INFO    | epoch 29 | batch 560/4266 | loss 0.4179 | acc 0.9869 | lr 2.30e-05 | 39s
2026-09-18 23:49:16 | INFO    | epoch 29 | batch 580/4266 | loss 0.4178 | acc 0.9871 | lr 2.30e-05 | 41s
2026-09-18 23:49:17 | INFO    | epoch 29 | batch 600/4266 | loss 0.4178 | acc 0.9872 | lr 2.29e-05 | 42s
2026-09-18 23:49:19 | INFO    | epoch 29 | batch 620/4266 | loss 0.4174 | acc 0.9875 | lr 2.29e-05 | 43s
2026-09-18 23:49:20 | INFO    | epoch 29 | batch 640/4266 | loss 0.4175 | acc 0.9875 | lr 2.29e-05 | 45s
2026-09-18 23:49:21 | INFO    | epoch 29 | batch 660/4266 | loss 0.4179 | acc 0.9874 | lr 2.29e-05 | 46s
2026-09-18 23:49:23 | INFO    | epoch 29 | batch 680/4266 | loss 0.4179 | acc 0.9874 | lr 2.29e-05 | 48s
2026-09-18 23:49:24 | INFO    | epoch 29 | batch 700/4266 | loss 0.4178 | acc 0.9875 | lr 2.29e-05 | 49s
2026-09-18 23:49:25 | INFO    | epoch 29 | batch 720/4266 | loss 0.4179 | acc 0.9874 | lr 2.29e-05 | 50s
2026-09-18 23:49:27 | INFO    | epoch 29 | batch 740/4266 | loss 0.4180 | acc 0.9874 | lr 2.28e-05 | 52s
2026-09-18 23:49:28 | INFO    | epoch 29 | batch 760/4266 | loss 0.4178 | acc 0.9875 | lr 2.28e-05 | 53s
2026-09-18 23:49:30 | INFO    | epoch 29 | batch 780/4266 | loss 0.4178 | acc 0.9875 | lr 2.28e-05 | 55s
2026-09-18 23:49:31 | INFO    | epoch 29 | batch 800/4266 | loss 0.4179 | acc 0.9874 | lr 2.28e-05 | 56s
2026-09-18 23:49:32 | INFO    | epoch 29 | batch 820/4266 | loss 0.4178 | acc 0.9875 | lr 2.28e-05 | 57s
2026-09-18 23:49:34 | INFO    | epoch 29 | batch 840/4266 | loss 0.4176 | acc 0.9876 | lr 2.28e-05 | 59s
2026-09-18 23:49:35 | INFO    | epoch 29 | batch 860/4266 | loss 0.4177 | acc 0.9875 | lr 2.27e-05 | 60s
2026-09-18 23:49:37 | INFO    | epoch 29 | batch 880/4266 | loss 0.4181 | acc 0.9874 | lr 2.27e-05 | 62s
2026-09-18 23:49:38 | INFO    | epoch 29 | batch 900/4266 | loss 0.4180 | acc 0.9875 | lr 2.27e-05 | 63s
2026-09-18 23:49:39 | INFO    | epoch 29 | batch 920/4266 | loss 0.4180 | acc 0.9875 | lr 2.27e-05 | 64s
2026-09-18 23:49:41 | INFO    | epoch 29 | batch 940/4266 | loss 0.4183 | acc 0.9873 | lr 2.27e-05 | 66s
2026-09-18 23:49:42 | INFO    | epoch 29 | batch 960/4266 | loss 0.4181 | acc 0.9874 | lr 2.27e-05 | 67s
2026-09-18 23:49:44 | INFO    | epoch 29 | batch 980/4266 | loss 0.4186 | acc 0.9871 | lr 2.26e-05 | 69s
2026-09-18 23:49:45 | INFO    | epoch 29 | batch 1000/4266 | loss 0.4186 | acc 0.9870 | lr 2.26e-05 | 70s
2026-09-18 23:49:46 | INFO    | epoch 29 | batch 1020/4266 | loss 0.4187 | acc 0.9869 | lr 2.26e-05 | 71s
2026-09-18 23:49:48 | INFO    | epoch 29 | batch 1040/4266 | loss 0.4185 | acc 0.9870 | lr 2.26e-05 | 73s
2026-09-18 23:49:49 | INFO    | epoch 29 | batch 1060/4266 | loss 0.4186 | acc 0.9871 | lr 2.26e-05 | 74s
2026-09-18 23:49:51 | INFO    | epoch 29 | batch 1080/4266 | loss 0.4185 | acc 0.9870 | lr 2.26e-05 | 76s
2026-09-18 23:49:52 | INFO    | epoch 29 | batch 1100/4266 | loss 0.4186 | acc 0.9870 | lr 2.25e-05 | 77s
2026-09-18 23:49:54 | INFO    | epoch 29 | batch 1120/4266 | loss 0.4190 | acc 0.9868 | lr 2.25e-05 | 79s
2026-09-18 23:49:55 | INFO    | epoch 29 | batch 1140/4266 | loss 0.4189 | acc 0.9868 | lr 2.25e-05 | 80s
2026-09-18 23:49:56 | INFO    | epoch 29 | batch 1160/4266 | loss 0.4187 | acc 0.9869 | lr 2.25e-05 | 81s
2026-09-18 23:49:58 | INFO    | epoch 29 | batch 1180/4266 | loss 0.4184 | acc 0.9871 | lr 2.25e-05 | 83s
2026-09-18 23:49:59 | INFO    | epoch 29 | batch 1200/4266 | loss 0.4183 | acc 0.9871 | lr 2.25e-05 | 84s
2026-09-18 23:50:01 | INFO    | epoch 29 | batch 1220/4266 | loss 0.4186 | acc 0.9870 | lr 2.25e-05 | 85s
2026-09-18 23:50:02 | INFO    | epoch 29 | batch 1240/4266 | loss 0.4185 | acc 0.9870 | lr 2.24e-05 | 87s
2026-09-18 23:50:03 | INFO    | epoch 29 | batch 1260/4266 | loss 0.4186 | acc 0.9870 | lr 2.24e-05 | 88s
2026-09-18 23:50:05 | INFO    | epoch 29 | batch 1280/4266 | loss 0.4186 | acc 0.9870 | lr 2.24e-05 | 90s
2026-09-18 23:50:06 | INFO    | epoch 29 | batch 1300/4266 | loss 0.4186 | acc 0.9870 | lr 2.24e-05 | 91s
2026-09-18 23:50:08 | INFO    | epoch 29 | batch 1320/4266 | loss 0.4185 | acc 0.9870 | lr 2.24e-05 | 92s
2026-09-18 23:50:09 | INFO    | epoch 29 | batch 1340/4266 | loss 0.4185 | acc 0.9870 | lr 2.24e-05 | 94s
2026-09-18 23:50:10 | INFO    | epoch 29 | batch 1360/4266 | loss 0.4184 | acc 0.9870 | lr 2.23e-05 | 95s
2026-09-18 23:50:12 | INFO    | epoch 29 | batch 1380/4266 | loss 0.4183 | acc 0.9870 | lr 2.23e-05 | 97s
2026-09-18 23:50:13 | INFO    | epoch 29 | batch 1400/4266 | loss 0.4183 | acc 0.9871 | lr 2.23e-05 | 98s
2026-09-18 23:50:14 | INFO    | epoch 29 | batch 1420/4266 | loss 0.4184 | acc 0.9870 | lr 2.23e-05 | 99s
2026-09-18 23:50:16 | INFO    | epoch 29 | batch 1440/4266 | loss 0.4184 | acc 0.9870 | lr 2.23e-05 | 101s
2026-09-18 23:50:17 | INFO    | epoch 29 | batch 1460/4266 | loss 0.4184 | acc 0.9871 | lr 2.23e-05 | 102s
2026-09-18 23:50:19 | INFO    | epoch 29 | batch 1480/4266 | loss 0.4184 | acc 0.9871 | lr 2.22e-05 | 103s
2026-09-18 23:50:20 | INFO    | epoch 29 | batch 1500/4266 | loss 0.4183 | acc 0.9872 | lr 2.22e-05 | 105s
2026-09-18 23:50:21 | INFO    | epoch 29 | batch 1520/4266 | loss 0.4182 | acc 0.9872 | lr 2.22e-05 | 106s
2026-09-18 23:50:23 | INFO    | epoch 29 | batch 1540/4266 | loss 0.4184 | acc 0.9871 | lr 2.22e-05 | 108s
2026-09-18 23:50:24 | INFO    | epoch 29 | batch 1560/4266 | loss 0.4185 | acc 0.9871 | lr 2.22e-05 | 109s
2026-09-18 23:50:26 | INFO    | epoch 29 | batch 1580/4266 | loss 0.4184 | acc 0.9871 | lr 2.22e-05 | 110s
2026-09-18 23:50:27 | INFO    | epoch 29 | batch 1600/4266 | loss 0.4183 | acc 0.9872 | lr 2.22e-05 | 112s
2026-09-18 23:50:28 | INFO    | epoch 29 | batch 1620/4266 | loss 0.4186 | acc 0.9872 | lr 2.21e-05 | 113s
2026-09-18 23:50:30 | INFO    | epoch 29 | batch 1640/4266 | loss 0.4186 | acc 0.9872 | lr 2.21e-05 | 115s
2026-09-18 23:50:31 | INFO    | epoch 29 | batch 1660/4266 | loss 0.4187 | acc 0.9872 | lr 2.21e-05 | 116s
2026-09-18 23:50:33 | INFO    | epoch 29 | batch 1680/4266 | loss 0.4187 | acc 0.9871 | lr 2.21e-05 | 117s
2026-09-18 23:50:34 | INFO    | epoch 29 | batch 1700/4266 | loss 0.4186 | acc 0.9872 | lr 2.21e-05 | 119s
2026-09-18 23:50:35 | INFO    | epoch 29 | batch 1720/4266 | loss 0.4186 | acc 0.9872 | lr 2.21e-05 | 120s
2026-09-18 23:50:37 | INFO    | epoch 29 | batch 1740/4266 | loss 0.4185 | acc 0.9873 | lr 2.20e-05 | 122s
2026-09-18 23:50:38 | INFO    | epoch 29 | batch 1760/4266 | loss 0.4186 | acc 0.9872 | lr 2.20e-05 | 123s
2026-09-18 23:50:40 | INFO    | epoch 29 | batch 1780/4266 | loss 0.4188 | acc 0.9871 | lr 2.20e-05 | 124s
2026-09-18 23:50:41 | INFO    | epoch 29 | batch 1800/4266 | loss 0.4187 | acc 0.9872 | lr 2.20e-05 | 126s
2026-09-18 23:50:42 | INFO    | epoch 29 | batch 1820/4266 | loss 0.4189 | acc 0.9872 | lr 2.20e-05 | 127s
2026-09-18 23:50:44 | INFO    | epoch 29 | batch 1840/4266 | loss 0.4189 | acc 0.9871 | lr 2.20e-05 | 129s
2026-09-18 23:50:45 | INFO    | epoch 29 | batch 1860/4266 | loss 0.4188 | acc 0.9872 | lr 2.20e-05 | 130s
2026-09-18 23:50:46 | INFO    | epoch 29 | batch 1880/4266 | loss 0.4186 | acc 0.9872 | lr 2.19e-05 | 131s
2026-09-18 23:50:48 | INFO    | epoch 29 | batch 1900/4266 | loss 0.4186 | acc 0.9873 | lr 2.19e-05 | 133s
2026-09-18 23:50:49 | INFO    | epoch 29 | batch 1920/4266 | loss 0.4186 | acc 0.9873 | lr 2.19e-05 | 134s
2026-09-18 23:50:51 | INFO    | epoch 29 | batch 1940/4266 | loss 0.4186 | acc 0.9873 | lr 2.19e-05 | 136s
2026-09-18 23:50:52 | INFO    | epoch 29 | batch 1960/4266 | loss 0.4187 | acc 0.9872 | lr 2.19e-05 | 137s
2026-09-18 23:50:54 | INFO    | epoch 29 | batch 1980/4266 | loss 0.4186 | acc 0.9872 | lr 2.19e-05 | 138s
2026-09-18 23:50:55 | INFO    | epoch 29 | batch 2000/4266 | loss 0.4186 | acc 0.9872 | lr 2.18e-05 | 140s
2026-09-18 23:50:56 | INFO    | epoch 29 | batch 2020/4266 | loss 0.4188 | acc 0.9871 | lr 2.18e-05 | 141s
2026-09-18 23:50:58 | INFO    | epoch 29 | batch 2040/4266 | loss 0.4188 | acc 0.9871 | lr 2.18e-05 | 143s
2026-09-18 23:50:59 | INFO    | epoch 29 | batch 2060/4266 | loss 0.4188 | acc 0.9871 | lr 2.18e-05 | 144s
2026-09-18 23:51:00 | INFO    | epoch 29 | batch 2080/4266 | loss 0.4188 | acc 0.9871 | lr 2.18e-05 | 145s
2026-09-18 23:51:02 | INFO    | epoch 29 | batch 2100/4266 | loss 0.4188 | acc 0.9871 | lr 2.18e-05 | 147s
2026-09-18 23:51:03 | INFO    | epoch 29 | batch 2120/4266 | loss 0.4187 | acc 0.9872 | lr 2.17e-05 | 148s
2026-09-18 23:51:04 | INFO    | epoch 29 | batch 2140/4266 | loss 0.4187 | acc 0.9872 | lr 2.17e-05 | 149s
2026-09-18 23:51:06 | INFO    | epoch 29 | batch 2160/4266 | loss 0.4185 | acc 0.9873 | lr 2.17e-05 | 151s
2026-09-18 23:51:07 | INFO    | epoch 29 | batch 2180/4266 | loss 0.4186 | acc 0.9872 | lr 2.17e-05 | 152s
2026-09-18 23:51:08 | INFO    | epoch 29 | batch 2200/4266 | loss 0.4187 | acc 0.9871 | lr 2.17e-05 | 153s
2026-09-18 23:51:10 | INFO    | epoch 29 | batch 2220/4266 | loss 0.4185 | acc 0.9872 | lr 2.17e-05 | 155s
2026-09-18 23:51:11 | INFO    | epoch 29 | batch 2240/4266 | loss 0.4186 | acc 0.9872 | lr 2.17e-05 | 156s
2026-09-18 23:51:12 | INFO    | epoch 29 | batch 2260/4266 | loss 0.4185 | acc 0.9872 | lr 2.16e-05 | 157s
2026-09-18 23:51:14 | INFO    | epoch 29 | batch 2280/4266 | loss 0.4184 | acc 0.9873 | lr 2.16e-05 | 159s
2026-09-18 23:51:15 | INFO    | epoch 29 | batch 2300/4266 | loss 0.4184 | acc 0.9873 | lr 2.16e-05 | 160s
2026-09-18 23:51:16 | INFO    | epoch 29 | batch 2320/4266 | loss 0.4185 | acc 0.9872 | lr 2.16e-05 | 161s
2026-09-18 23:51:18 | INFO    | epoch 29 | batch 2340/4266 | loss 0.4185 | acc 0.9872 | lr 2.16e-05 | 163s
2026-09-18 23:51:19 | INFO    | epoch 29 | batch 2360/4266 | loss 0.4186 | acc 0.9872 | lr 2.16e-05 | 164s
2026-09-18 23:51:20 | INFO    | epoch 29 | batch 2380/4266 | loss 0.4185 | acc 0.9872 | lr 2.15e-05 | 165s
2026-09-18 23:51:22 | INFO    | epoch 29 | batch 2400/4266 | loss 0.4184 | acc 0.9873 | lr 2.15e-05 | 167s
2026-09-18 23:51:23 | INFO    | epoch 29 | batch 2420/4266 | loss 0.4184 | acc 0.9873 | lr 2.15e-05 | 168s
2026-09-18 23:51:24 | INFO    | epoch 29 | batch 2440/4266 | loss 0.4184 | acc 0.9873 | lr 2.15e-05 | 169s
2026-09-18 23:51:26 | INFO    | epoch 29 | batch 2460/4266 | loss 0.4184 | acc 0.9872 | lr 2.15e-05 | 171s
2026-09-18 23:51:27 | INFO    | epoch 29 | batch 2480/4266 | loss 0.4184 | acc 0.9872 | lr 2.15e-05 | 172s
2026-09-18 23:51:29 | INFO    | epoch 29 | batch 2500/4266 | loss 0.4184 | acc 0.9872 | lr 2.15e-05 | 173s
2026-09-18 23:51:30 | INFO    | epoch 29 | batch 2520/4266 | loss 0.4184 | acc 0.9873 | lr 2.14e-05 | 175s
2026-09-18 23:51:31 | INFO    | epoch 29 | batch 2540/4266 | loss 0.4183 | acc 0.9873 | lr 2.14e-05 | 176s
2026-09-18 23:51:33 | INFO    | epoch 29 | batch 2560/4266 | loss 0.4183 | acc 0.9873 | lr 2.14e-05 | 178s
2026-09-18 23:51:34 | INFO    | epoch 29 | batch 2580/4266 | loss 0.4183 | acc 0.9873 | lr 2.14e-05 | 179s
2026-09-18 23:51:36 | INFO    | epoch 29 | batch 2600/4266 | loss 0.4183 | acc 0.9873 | lr 2.14e-05 | 180s
2026-09-18 23:51:37 | INFO    | epoch 29 | batch 2620/4266 | loss 0.4183 | acc 0.9873 | lr 2.14e-05 | 182s
2026-09-18 23:51:38 | INFO    | epoch 29 | batch 2640/4266 | loss 0.4182 | acc 0.9873 | lr 2.13e-05 | 183s
2026-09-18 23:51:40 | INFO    | epoch 29 | batch 2660/4266 | loss 0.4182 | acc 0.9873 | lr 2.13e-05 | 185s
2026-09-18 23:51:41 | INFO    | epoch 29 | batch 2680/4266 | loss 0.4182 | acc 0.9873 | lr 2.13e-05 | 186s
2026-09-18 23:51:42 | INFO    | epoch 29 | batch 2700/4266 | loss 0.4182 | acc 0.9873 | lr 2.13e-05 | 187s
2026-09-18 23:51:44 | INFO    | epoch 29 | batch 2720/4266 | loss 0.4182 | acc 0.9873 | lr 2.13e-05 | 189s
2026-09-18 23:51:45 | INFO    | epoch 29 | batch 2740/4266 | loss 0.4182 | acc 0.9873 | lr 2.13e-05 | 190s
2026-09-18 23:51:47 | INFO    | epoch 29 | batch 2760/4266 | loss 0.4182 | acc 0.9872 | lr 2.12e-05 | 191s
2026-09-18 23:51:48 | INFO    | epoch 29 | batch 2780/4266 | loss 0.4182 | acc 0.9872 | lr 2.12e-05 | 193s
2026-09-18 23:51:49 | INFO    | epoch 29 | batch 2800/4266 | loss 0.4183 | acc 0.9872 | lr 2.12e-05 | 194s
2026-09-18 23:51:51 | INFO    | epoch 29 | batch 2820/4266 | loss 0.4182 | acc 0.9872 | lr 2.12e-05 | 196s
2026-09-18 23:51:52 | INFO    | epoch 29 | batch 2840/4266 | loss 0.4183 | acc 0.9873 | lr 2.12e-05 | 197s
2026-09-18 23:51:54 | INFO    | epoch 29 | batch 2860/4266 | loss 0.4183 | acc 0.9872 | lr 2.12e-05 | 198s
2026-09-18 23:51:55 | INFO    | epoch 29 | batch 2880/4266 | loss 0.4184 | acc 0.9872 | lr 2.12e-05 | 200s
2026-09-18 23:51:56 | INFO    | epoch 29 | batch 2900/4266 | loss 0.4183 | acc 0.9873 | lr 2.11e-05 | 201s
2026-09-18 23:51:58 | INFO    | epoch 29 | batch 2920/4266 | loss 0.4182 | acc 0.9873 | lr 2.11e-05 | 202s
2026-09-18 23:51:59 | INFO    | epoch 29 | batch 2940/4266 | loss 0.4181 | acc 0.9873 | lr 2.11e-05 | 204s
2026-09-18 23:52:00 | INFO    | epoch 29 | batch 2960/4266 | loss 0.4181 | acc 0.9874 | lr 2.11e-05 | 205s
2026-09-18 23:52:02 | INFO    | epoch 29 | batch 2980/4266 | loss 0.4181 | acc 0.9874 | lr 2.11e-05 | 207s
2026-09-18 23:52:03 | INFO    | epoch 29 | batch 3000/4266 | loss 0.4181 | acc 0.9874 | lr 2.11e-05 | 208s
2026-09-18 23:52:04 | INFO    | epoch 29 | batch 3020/4266 | loss 0.4180 | acc 0.9874 | lr 2.10e-05 | 209s
2026-09-18 23:52:06 | INFO    | epoch 29 | batch 3040/4266 | loss 0.4180 | acc 0.9874 | lr 2.10e-05 | 211s
2026-09-18 23:52:07 | INFO    | epoch 29 | batch 3060/4266 | loss 0.4180 | acc 0.9874 | lr 2.10e-05 | 212s
2026-09-18 23:52:09 | INFO    | epoch 29 | batch 3080/4266 | loss 0.4180 | acc 0.9874 | lr 2.10e-05 | 213s
2026-09-18 23:52:10 | INFO    | epoch 29 | batch 3100/4266 | loss 0.4179 | acc 0.9874 | lr 2.10e-05 | 215s
2026-09-18 23:52:11 | INFO    | epoch 29 | batch 3120/4266 | loss 0.4179 | acc 0.9875 | lr 2.10e-05 | 216s
2026-09-18 23:52:13 | INFO    | epoch 29 | batch 3140/4266 | loss 0.4178 | acc 0.9875 | lr 2.10e-05 | 218s
2026-09-18 23:52:14 | INFO    | epoch 29 | batch 3160/4266 | loss 0.4180 | acc 0.9874 | lr 2.09e-05 | 219s
2026-09-18 23:52:16 | INFO    | epoch 29 | batch 3180/4266 | loss 0.4180 | acc 0.9874 | lr 2.09e-05 | 220s
2026-09-18 23:52:17 | INFO    | epoch 29 | batch 3200/4266 | loss 0.4180 | acc 0.9874 | lr 2.09e-05 | 222s
2026-09-18 23:52:18 | INFO    | epoch 29 | batch 3220/4266 | loss 0.4180 | acc 0.9874 | lr 2.09e-05 | 223s
2026-09-18 23:52:20 | INFO    | epoch 29 | batch 3240/4266 | loss 0.4180 | acc 0.9874 | lr 2.09e-05 | 225s
2026-09-18 23:52:21 | INFO    | epoch 29 | batch 3260/4266 | loss 0.4182 | acc 0.9873 | lr 2.09e-05 | 226s
2026-09-18 23:52:23 | INFO    | epoch 29 | batch 3280/4266 | loss 0.4182 | acc 0.9873 | lr 2.08e-05 | 227s
2026-09-18 23:52:24 | INFO    | epoch 29 | batch 3300/4266 | loss 0.4182 | acc 0.9873 | lr 2.08e-05 | 229s
2026-09-18 23:52:25 | INFO    | epoch 29 | batch 3320/4266 | loss 0.4182 | acc 0.9873 | lr 2.08e-05 | 230s
2026-09-18 23:52:27 | INFO    | epoch 29 | batch 3340/4266 | loss 0.4182 | acc 0.9873 | lr 2.08e-05 | 232s
2026-09-18 23:52:28 | INFO    | epoch 29 | batch 3360/4266 | loss 0.4182 | acc 0.9872 | lr 2.08e-05 | 233s
2026-09-18 23:52:30 | INFO    | epoch 29 | batch 3380/4266 | loss 0.4182 | acc 0.9873 | lr 2.08e-05 | 234s
2026-09-18 23:52:31 | INFO    | epoch 29 | batch 3400/4266 | loss 0.4182 | acc 0.9873 | lr 2.08e-05 | 236s
2026-09-18 23:52:32 | INFO    | epoch 29 | batch 3420/4266 | loss 0.4183 | acc 0.9872 | lr 2.07e-05 | 237s
2026-09-18 23:52:34 | INFO    | epoch 29 | batch 3440/4266 | loss 0.4183 | acc 0.9872 | lr 2.07e-05 | 239s
2026-09-18 23:52:35 | INFO    | epoch 29 | batch 3460/4266 | loss 0.4184 | acc 0.9872 | lr 2.07e-05 | 240s
2026-09-18 23:52:37 | INFO    | epoch 29 | batch 3480/4266 | loss 0.4185 | acc 0.9872 | lr 2.07e-05 | 242s
2026-09-18 23:52:38 | INFO    | epoch 29 | batch 3500/4266 | loss 0.4186 | acc 0.9872 | lr 2.07e-05 | 243s
2026-09-18 23:52:40 | INFO    | epoch 29 | batch 3520/4266 | loss 0.4186 | acc 0.9871 | lr 2.07e-05 | 244s
2026-09-18 23:52:41 | INFO    | epoch 29 | batch 3540/4266 | loss 0.4185 | acc 0.9872 | lr 2.06e-05 | 246s
2026-09-18 23:52:42 | INFO    | epoch 29 | batch 3560/4266 | loss 0.4187 | acc 0.9871 | lr 2.06e-05 | 247s
2026-09-18 23:52:44 | INFO    | epoch 29 | batch 3580/4266 | loss 0.4187 | acc 0.9871 | lr 2.06e-05 | 248s
2026-09-18 23:52:45 | INFO    | epoch 29 | batch 3600/4266 | loss 0.4188 | acc 0.9870 | lr 2.06e-05 | 250s
2026-09-18 23:52:46 | INFO    | epoch 29 | batch 3620/4266 | loss 0.4187 | acc 0.9871 | lr 2.06e-05 | 251s
2026-09-18 23:52:48 | INFO    | epoch 29 | batch 3640/4266 | loss 0.4187 | acc 0.9871 | lr 2.06e-05 | 253s
2026-09-18 23:52:49 | INFO    | epoch 29 | batch 3660/4266 | loss 0.4187 | acc 0.9870 | lr 2.06e-05 | 254s
2026-09-18 23:52:51 | INFO    | epoch 29 | batch 3680/4266 | loss 0.4188 | acc 0.9870 | lr 2.05e-05 | 255s
2026-09-18 23:52:52 | INFO    | epoch 29 | batch 3700/4266 | loss 0.4187 | acc 0.9871 | lr 2.05e-05 | 257s
2026-09-18 23:52:53 | INFO    | epoch 29 | batch 3720/4266 | loss 0.4186 | acc 0.9871 | lr 2.05e-05 | 258s
2026-09-18 23:52:55 | INFO    | epoch 29 | batch 3740/4266 | loss 0.4186 | acc 0.9871 | lr 2.05e-05 | 259s
2026-09-18 23:52:56 | INFO    | epoch 29 | batch 3760/4266 | loss 0.4186 | acc 0.9871 | lr 2.05e-05 | 261s
2026-09-18 23:52:57 | INFO    | epoch 29 | batch 3780/4266 | loss 0.4186 | acc 0.9871 | lr 2.05e-05 | 262s
2026-09-18 23:52:59 | INFO    | epoch 29 | batch 3800/4266 | loss 0.4185 | acc 0.9872 | lr 2.05e-05 | 264s
2026-09-18 23:53:00 | INFO    | epoch 29 | batch 3820/4266 | loss 0.4185 | acc 0.9872 | lr 2.04e-05 | 265s
2026-09-18 23:53:02 | INFO    | epoch 29 | batch 3840/4266 | loss 0.4185 | acc 0.9872 | lr 2.04e-05 | 267s
2026-09-18 23:53:03 | INFO    | epoch 29 | batch 3860/4266 | loss 0.4185 | acc 0.9872 | lr 2.04e-05 | 268s
2026-09-18 23:53:05 | INFO    | epoch 29 | batch 3880/4266 | loss 0.4186 | acc 0.9872 | lr 2.04e-05 | 269s
2026-09-18 23:53:06 | INFO    | epoch 29 | batch 3900/4266 | loss 0.4185 | acc 0.9872 | lr 2.04e-05 | 271s
2026-09-18 23:53:07 | INFO    | epoch 29 | batch 3920/4266 | loss 0.4185 | acc 0.9872 | lr 2.04e-05 | 272s
2026-09-18 23:53:09 | INFO    | epoch 29 | batch 3940/4266 | loss 0.4185 | acc 0.9872 | lr 2.03e-05 | 274s
2026-09-18 23:53:10 | INFO    | epoch 29 | batch 3960/4266 | loss 0.4185 | acc 0.9872 | lr 2.03e-05 | 275s
2026-09-18 23:53:11 | INFO    | epoch 29 | batch 3980/4266 | loss 0.4186 | acc 0.9872 | lr 2.03e-05 | 276s
2026-09-18 23:53:13 | INFO    | epoch 29 | batch 4000/4266 | loss 0.4186 | acc 0.9871 | lr 2.03e-05 | 278s
2026-09-18 23:53:14 | INFO    | epoch 29 | batch 4020/4266 | loss 0.4186 | acc 0.9871 | lr 2.03e-05 | 279s
2026-09-18 23:53:16 | INFO    | epoch 29 | batch 4040/4266 | loss 0.4186 | acc 0.9872 | lr 2.03e-05 | 281s
2026-09-18 23:53:17 | INFO    | epoch 29 | batch 4060/4266 | loss 0.4186 | acc 0.9872 | lr 2.03e-05 | 282s
2026-09-18 23:53:18 | INFO    | epoch 29 | batch 4080/4266 | loss 0.4186 | acc 0.9872 | lr 2.02e-05 | 283s
2026-09-18 23:53:20 | INFO    | epoch 29 | batch 4100/4266 | loss 0.4185 | acc 0.9872 | lr 2.02e-05 | 285s
2026-09-18 23:53:21 | INFO    | epoch 29 | batch 4120/4266 | loss 0.4185 | acc 0.9872 | lr 2.02e-05 | 286s
2026-09-18 23:53:23 | INFO    | epoch 29 | batch 4140/4266 | loss 0.4185 | acc 0.9872 | lr 2.02e-05 | 288s
2026-09-18 23:53:24 | INFO    | epoch 29 | batch 4160/4266 | loss 0.4185 | acc 0.9872 | lr 2.02e-05 | 289s
2026-09-18 23:53:25 | INFO    | epoch 29 | batch 4180/4266 | loss 0.4185 | acc 0.9872 | lr 2.02e-05 | 290s
2026-09-18 23:53:27 | INFO    | epoch 29 | batch 4200/4266 | loss 0.4185 | acc 0.9872 | lr 2.01e-05 | 292s
2026-09-18 23:53:28 | INFO    | epoch 29 | batch 4220/4266 | loss 0.4184 | acc 0.9872 | lr 2.01e-05 | 293s
2026-09-18 23:53:30 | INFO    | epoch 29 | batch 4240/4266 | loss 0.4184 | acc 0.9872 | lr 2.01e-05 | 294s
2026-09-18 23:53:31 | INFO    | epoch 29 | batch 4260/4266 | loss 0.4184 | acc 0.9872 | lr 2.01e-05 | 296s
2026-09-18 23:53:31 | INFO    | epoch 29 | batch 4266/4266 | loss 0.4184 | acc 0.9873 | lr 2.01e-05 | 296s
2026-09-18 23:53:41 | INFO    | epoch 29/40 done in 306s | train loss 0.4184 | train running patch (aug): accuracy=0.9873 precision=0.9871 recall=0.9869 f1=0.9870
2026-09-18 23:53:41 | INFO    | epoch 29 train (eval, no aug) | loss 0.3946 | patch[7280]: accuracy=0.9985 precision=0.9984 recall=0.9987 f1=0.9985 | image[455]: accuracy=1.0000 precision=1.0000 recall=1.0000 f1=1.0000
2026-09-18 23:53:41 | INFO    | epoch 29 val | loss 1.2090 | patch[8448]: accuracy=0.6964 precision=0.6730 recall=0.6723 f1=0.6725 | image[96]: accuracy=0.7396 precision=0.7063 recall=0.7042 f1=0.7037
2026-09-18 23:53:41 | INFO    | val_patch_f1 = 0.6725 (best 0.6789 @ epoch 28)
2026-09-18 23:53:43 | INFO    | epoch 30 | batch 20/4266 | loss 0.4132 | acc 0.9906 | lr 2.01e-05 | 1s
2026-09-18 23:53:44 | INFO    | epoch 30 | batch 40/4266 | loss 0.4167 | acc 0.9875 | lr 2.01e-05 | 3s
2026-09-18 23:53:46 | INFO    | epoch 30 | batch 60/4266 | loss 0.4183 | acc 0.9880 | lr 2.01e-05 | 4s
2026-09-18 23:53:47 | INFO    | epoch 30 | batch 80/4266 | loss 0.4143 | acc 0.9898 | lr 2.00e-05 | 6s
2026-09-18 23:53:48 | INFO    | epoch 30 | batch 100/4266 | loss 0.4120 | acc 0.9912 | lr 2.00e-05 | 7s
2026-09-18 23:53:50 | INFO    | epoch 30 | batch 120/4266 | loss 0.4114 | acc 0.9917 | lr 2.00e-05 | 8s
2026-09-18 23:53:51 | INFO    | epoch 30 | batch 140/4266 | loss 0.4114 | acc 0.9917 | lr 2.00e-05 | 10s
2026-09-18 23:53:53 | INFO    | epoch 30 | batch 160/4266 | loss 0.4120 | acc 0.9914 | lr 2.00e-05 | 11s
2026-09-18 23:53:54 | INFO    | epoch 30 | batch 180/4266 | loss 0.4118 | acc 0.9915 | lr 2.00e-05 | 13s
2026-09-18 23:53:55 | INFO    | epoch 30 | batch 200/4266 | loss 0.4133 | acc 0.9902 | lr 1.99e-05 | 14s
2026-09-18 23:53:57 | INFO    | epoch 30 | batch 220/4266 | loss 0.4139 | acc 0.9899 | lr 1.99e-05 | 16s
2026-09-18 23:53:58 | INFO    | epoch 30 | batch 240/4266 | loss 0.4141 | acc 0.9897 | lr 1.99e-05 | 17s
2026-09-18 23:54:00 | INFO    | epoch 30 | batch 260/4266 | loss 0.4150 | acc 0.9892 | lr 1.99e-05 | 19s
2026-09-18 23:54:01 | INFO    | epoch 30 | batch 280/4266 | loss 0.4146 | acc 0.9895 | lr 1.99e-05 | 20s
2026-09-18 23:54:03 | INFO    | epoch 30 | batch 300/4266 | loss 0.4152 | acc 0.9895 | lr 1.99e-05 | 21s
2026-09-18 23:54:04 | INFO    | epoch 30 | batch 320/4266 | loss 0.4159 | acc 0.9891 | lr 1.99e-05 | 23s
2026-09-18 23:54:05 | INFO    | epoch 30 | batch 340/4266 | loss 0.4165 | acc 0.9887 | lr 1.98e-05 | 24s
2026-09-18 23:54:07 | INFO    | epoch 30 | batch 360/4266 | loss 0.4164 | acc 0.9887 | lr 1.98e-05 | 25s
2026-09-18 23:54:08 | INFO    | epoch 30 | batch 380/4266 | loss 0.4167 | acc 0.9886 | lr 1.98e-05 | 27s
2026-09-18 23:54:09 | INFO    | epoch 30 | batch 400/4266 | loss 0.4164 | acc 0.9886 | lr 1.98e-05 | 28s
2026-09-18 23:54:11 | INFO    | epoch 30 | batch 420/4266 | loss 0.4166 | acc 0.9883 | lr 1.98e-05 | 29s
2026-09-18 23:54:12 | INFO    | epoch 30 | batch 440/4266 | loss 0.4167 | acc 0.9881 | lr 1.98e-05 | 31s
2026-09-18 23:54:13 | INFO    | epoch 30 | batch 460/4266 | loss 0.4166 | acc 0.9881 | lr 1.97e-05 | 32s
2026-09-18 23:54:15 | INFO    | epoch 30 | batch 480/4266 | loss 0.4166 | acc 0.9882 | lr 1.97e-05 | 33s
2026-09-18 23:54:16 | INFO    | epoch 30 | batch 500/4266 | loss 0.4171 | acc 0.9881 | lr 1.97e-05 | 35s
2026-09-18 23:54:17 | INFO    | epoch 30 | batch 520/4266 | loss 0.4178 | acc 0.9876 | lr 1.97e-05 | 36s
2026-09-18 23:54:19 | INFO    | epoch 30 | batch 540/4266 | loss 0.4180 | acc 0.9875 | lr 1.97e-05 | 38s
2026-09-18 23:54:20 | INFO    | epoch 30 | batch 560/4266 | loss 0.4183 | acc 0.9874 | lr 1.97e-05 | 39s
2026-09-18 23:54:22 | INFO    | epoch 30 | batch 580/4266 | loss 0.4193 | acc 0.9870 | lr 1.97e-05 | 41s
2026-09-18 23:54:23 | INFO    | epoch 30 | batch 600/4266 | loss 0.4191 | acc 0.9871 | lr 1.96e-05 | 42s
2026-09-18 23:54:25 | INFO    | epoch 30 | batch 620/4266 | loss 0.4188 | acc 0.9872 | lr 1.96e-05 | 43s
2026-09-18 23:54:26 | INFO    | epoch 30 | batch 640/4266 | loss 0.4194 | acc 0.9871 | lr 1.96e-05 | 45s
2026-09-18 23:54:27 | INFO    | epoch 30 | batch 660/4266 | loss 0.4196 | acc 0.9871 | lr 1.96e-05 | 46s
2026-09-18 23:54:29 | INFO    | epoch 30 | batch 680/4266 | loss 0.4198 | acc 0.9870 | lr 1.96e-05 | 48s
2026-09-18 23:54:30 | INFO    | epoch 30 | batch 700/4266 | loss 0.4196 | acc 0.9871 | lr 1.96e-05 | 49s
2026-09-18 23:54:32 | INFO    | epoch 30 | batch 720/4266 | loss 0.4194 | acc 0.9872 | lr 1.96e-05 | 50s
2026-09-18 23:54:33 | INFO    | epoch 30 | batch 740/4266 | loss 0.4193 | acc 0.9872 | lr 1.95e-05 | 52s
2026-09-18 23:54:35 | INFO    | epoch 30 | batch 760/4266 | loss 0.4194 | acc 0.9872 | lr 1.95e-05 | 53s
2026-09-18 23:54:36 | INFO    | epoch 30 | batch 780/4266 | loss 0.4193 | acc 0.9871 | lr 1.95e-05 | 55s
2026-09-18 23:54:37 | INFO    | epoch 30 | batch 800/4266 | loss 0.4192 | acc 0.9872 | lr 1.95e-05 | 56s
2026-09-18 23:54:39 | INFO    | epoch 30 | batch 820/4266 | loss 0.4192 | acc 0.9872 | lr 1.95e-05 | 57s
2026-09-18 23:54:40 | INFO    | epoch 30 | batch 840/4266 | loss 0.4193 | acc 0.9872 | lr 1.95e-05 | 59s
2026-09-18 23:54:41 | INFO    | epoch 30 | batch 860/4266 | loss 0.4196 | acc 0.9871 | lr 1.94e-05 | 60s
2026-09-18 23:54:43 | INFO    | epoch 30 | batch 880/4266 | loss 0.4192 | acc 0.9873 | lr 1.94e-05 | 62s
2026-09-18 23:54:44 | INFO    | epoch 30 | batch 900/4266 | loss 0.4193 | acc 0.9872 | lr 1.94e-05 | 63s
2026-09-18 23:54:46 | INFO    | epoch 30 | batch 920/4266 | loss 0.4193 | acc 0.9872 | lr 1.94e-05 | 64s
2026-09-18 23:54:47 | INFO    | epoch 30 | batch 940/4266 | loss 0.4191 | acc 0.9872 | lr 1.94e-05 | 66s
2026-09-18 23:54:48 | INFO    | epoch 30 | batch 960/4266 | loss 0.4189 | acc 0.9873 | lr 1.94e-05 | 67s
2026-09-18 23:54:50 | INFO    | epoch 30 | batch 980/4266 | loss 0.4188 | acc 0.9873 | lr 1.94e-05 | 69s
2026-09-18 23:54:51 | INFO    | epoch 30 | batch 1000/4266 | loss 0.4186 | acc 0.9874 | lr 1.93e-05 | 70s
2026-09-18 23:54:53 | INFO    | epoch 30 | batch 1020/4266 | loss 0.4188 | acc 0.9873 | lr 1.93e-05 | 71s
2026-09-18 23:54:54 | INFO    | epoch 30 | batch 1040/4266 | loss 0.4190 | acc 0.9873 | lr 1.93e-05 | 73s
2026-09-18 23:54:55 | INFO    | epoch 30 | batch 1060/4266 | loss 0.4190 | acc 0.9873 | lr 1.93e-05 | 74s
2026-09-18 23:54:57 | INFO    | epoch 30 | batch 1080/4266 | loss 0.4190 | acc 0.9872 | lr 1.93e-05 | 76s
2026-09-18 23:54:58 | INFO    | epoch 30 | batch 1100/4266 | loss 0.4191 | acc 0.9872 | lr 1.93e-05 | 77s
2026-09-18 23:55:00 | INFO    | epoch 30 | batch 1120/4266 | loss 0.4190 | acc 0.9872 | lr 1.93e-05 | 78s
2026-09-18 23:55:01 | INFO    | epoch 30 | batch 1140/4266 | loss 0.4191 | acc 0.9871 | lr 1.92e-05 | 80s
2026-09-18 23:55:02 | INFO    | epoch 30 | batch 1160/4266 | loss 0.4189 | acc 0.9872 | lr 1.92e-05 | 81s
2026-09-18 23:55:04 | INFO    | epoch 30 | batch 1180/4266 | loss 0.4188 | acc 0.9872 | lr 1.92e-05 | 83s
2026-09-18 23:55:05 | INFO    | epoch 30 | batch 1200/4266 | loss 0.4187 | acc 0.9873 | lr 1.92e-05 | 84s
2026-09-18 23:55:06 | INFO    | epoch 30 | batch 1220/4266 | loss 0.4186 | acc 0.9874 | lr 1.92e-05 | 85s
2026-09-18 23:55:08 | INFO    | epoch 30 | batch 1240/4266 | loss 0.4186 | acc 0.9873 | lr 1.92e-05 | 87s
2026-09-18 23:55:09 | INFO    | epoch 30 | batch 1260/4266 | loss 0.4185 | acc 0.9874 | lr 1.92e-05 | 88s
2026-09-18 23:55:11 | INFO    | epoch 30 | batch 1280/4266 | loss 0.4186 | acc 0.9873 | lr 1.91e-05 | 89s
2026-09-18 23:55:12 | INFO    | epoch 30 | batch 1300/4266 | loss 0.4185 | acc 0.9873 | lr 1.91e-05 | 91s
2026-09-18 23:55:13 | INFO    | epoch 30 | batch 1320/4266 | loss 0.4184 | acc 0.9874 | lr 1.91e-05 | 92s
2026-09-18 23:55:15 | INFO    | epoch 30 | batch 1340/4266 | loss 0.4183 | acc 0.9875 | lr 1.91e-05 | 94s
2026-09-18 23:55:16 | INFO    | epoch 30 | batch 1360/4266 | loss 0.4184 | acc 0.9874 | lr 1.91e-05 | 95s
2026-09-18 23:55:18 | INFO    | epoch 30 | batch 1380/4266 | loss 0.4183 | acc 0.9875 | lr 1.91e-05 | 96s
2026-09-18 23:55:19 | INFO    | epoch 30 | batch 1400/4266 | loss 0.4184 | acc 0.9874 | lr 1.90e-05 | 98s
2026-09-18 23:55:20 | INFO    | epoch 30 | batch 1420/4266 | loss 0.4185 | acc 0.9874 | lr 1.90e-05 | 99s
2026-09-18 23:55:22 | INFO    | epoch 30 | batch 1440/4266 | loss 0.4186 | acc 0.9873 | lr 1.90e-05 | 101s
2026-09-18 23:55:23 | INFO    | epoch 30 | batch 1460/4266 | loss 0.4186 | acc 0.9873 | lr 1.90e-05 | 102s
2026-09-18 23:55:25 | INFO    | epoch 30 | batch 1480/4266 | loss 0.4185 | acc 0.9874 | lr 1.90e-05 | 103s
2026-09-18 23:55:26 | INFO    | epoch 30 | batch 1500/4266 | loss 0.4185 | acc 0.9873 | lr 1.90e-05 | 105s
2026-09-18 23:55:27 | INFO    | epoch 30 | batch 1520/4266 | loss 0.4186 | acc 0.9873 | lr 1.90e-05 | 106s
2026-09-18 23:55:29 | INFO    | epoch 30 | batch 1540/4266 | loss 0.4184 | acc 0.9874 | lr 1.89e-05 | 107s
2026-09-18 23:55:30 | INFO    | epoch 30 | batch 1560/4266 | loss 0.4183 | acc 0.9874 | lr 1.89e-05 | 109s
2026-09-18 23:55:31 | INFO    | epoch 30 | batch 1580/4266 | loss 0.4184 | acc 0.9874 | lr 1.89e-05 | 110s
2026-09-18 23:55:33 | INFO    | epoch 30 | batch 1600/4266 | loss 0.4184 | acc 0.9873 | lr 1.89e-05 | 112s
2026-09-18 23:55:34 | INFO    | epoch 30 | batch 1620/4266 | loss 0.4184 | acc 0.9873 | lr 1.89e-05 | 113s
2026-09-18 23:55:36 | INFO    | epoch 30 | batch 1640/4266 | loss 0.4184 | acc 0.9873 | lr 1.89e-05 | 114s
2026-09-18 23:55:37 | INFO    | epoch 30 | batch 1660/4266 | loss 0.4185 | acc 0.9872 | lr 1.89e-05 | 116s
2026-09-18 23:55:38 | INFO    | epoch 30 | batch 1680/4266 | loss 0.4183 | acc 0.9873 | lr 1.88e-05 | 117s
2026-09-18 23:55:40 | INFO    | epoch 30 | batch 1700/4266 | loss 0.4182 | acc 0.9874 | lr 1.88e-05 | 118s
2026-09-18 23:55:41 | INFO    | epoch 30 | batch 1720/4266 | loss 0.4182 | acc 0.9874 | lr 1.88e-05 | 120s
2026-09-18 23:55:42 | INFO    | epoch 30 | batch 1740/4266 | loss 0.4183 | acc 0.9874 | lr 1.88e-05 | 121s
2026-09-18 23:55:44 | INFO    | epoch 30 | batch 1760/4266 | loss 0.4183 | acc 0.9874 | lr 1.88e-05 | 122s
2026-09-18 23:55:45 | INFO    | epoch 30 | batch 1780/4266 | loss 0.4184 | acc 0.9873 | lr 1.88e-05 | 124s
2026-09-18 23:55:47 | INFO    | epoch 30 | batch 1800/4266 | loss 0.4184 | acc 0.9873 | lr 1.88e-05 | 125s
2026-09-18 23:55:48 | INFO    | epoch 30 | batch 1820/4266 | loss 0.4182 | acc 0.9874 | lr 1.87e-05 | 127s
2026-09-18 23:55:49 | INFO    | epoch 30 | batch 1840/4266 | loss 0.4182 | acc 0.9874 | lr 1.87e-05 | 128s
2026-09-18 23:55:51 | INFO    | epoch 30 | batch 1860/4266 | loss 0.4181 | acc 0.9875 | lr 1.87e-05 | 129s
2026-09-18 23:55:52 | INFO    | epoch 30 | batch 1880/4266 | loss 0.4180 | acc 0.9876 | lr 1.87e-05 | 131s
2026-09-18 23:55:53 | INFO    | epoch 30 | batch 1900/4266 | loss 0.4180 | acc 0.9876 | lr 1.87e-05 | 132s
2026-09-18 23:55:55 | INFO    | epoch 30 | batch 1920/4266 | loss 0.4179 | acc 0.9877 | lr 1.87e-05 | 134s
2026-09-18 23:55:56 | INFO    | epoch 30 | batch 1940/4266 | loss 0.4178 | acc 0.9877 | lr 1.86e-05 | 135s
2026-09-18 23:55:58 | INFO    | epoch 30 | batch 1960/4266 | loss 0.4178 | acc 0.9878 | lr 1.86e-05 | 136s
2026-09-18 23:55:59 | INFO    | epoch 30 | batch 1980/4266 | loss 0.4177 | acc 0.9878 | lr 1.86e-05 | 138s
2026-09-18 23:56:00 | INFO    | epoch 30 | batch 2000/4266 | loss 0.4176 | acc 0.9879 | lr 1.86e-05 | 139s
2026-09-18 23:56:02 | INFO    | epoch 30 | batch 2020/4266 | loss 0.4177 | acc 0.9878 | lr 1.86e-05 | 140s
2026-09-18 23:56:03 | INFO    | epoch 30 | batch 2040/4266 | loss 0.4177 | acc 0.9879 | lr 1.86e-05 | 142s
2026-09-18 23:56:04 | INFO    | epoch 30 | batch 2060/4266 | loss 0.4176 | acc 0.9879 | lr 1.86e-05 | 143s
2026-09-18 23:56:06 | INFO    | epoch 30 | batch 2080/4266 | loss 0.4175 | acc 0.9879 | lr 1.85e-05 | 144s
2026-09-18 23:56:07 | INFO    | epoch 30 | batch 2100/4266 | loss 0.4176 | acc 0.9879 | lr 1.85e-05 | 146s
2026-09-18 23:56:08 | INFO    | epoch 30 | batch 2120/4266 | loss 0.4177 | acc 0.9879 | lr 1.85e-05 | 147s
2026-09-18 23:56:10 | INFO    | epoch 30 | batch 2140/4266 | loss 0.4176 | acc 0.9879 | lr 1.85e-05 | 149s
2026-09-18 23:56:11 | INFO    | epoch 30 | batch 2160/4266 | loss 0.4175 | acc 0.9880 | lr 1.85e-05 | 150s
2026-09-18 23:56:12 | INFO    | epoch 30 | batch 2180/4266 | loss 0.4174 | acc 0.9880 | lr 1.85e-05 | 151s
2026-09-18 23:56:14 | INFO    | epoch 30 | batch 2200/4266 | loss 0.4174 | acc 0.9880 | lr 1.85e-05 | 153s
2026-09-18 23:56:15 | INFO    | epoch 30 | batch 2220/4266 | loss 0.4174 | acc 0.9880 | lr 1.84e-05 | 154s
2026-09-18 23:56:17 | INFO    | epoch 30 | batch 2240/4266 | loss 0.4174 | acc 0.9881 | lr 1.84e-05 | 155s
2026-09-18 23:56:18 | INFO    | epoch 30 | batch 2260/4266 | loss 0.4175 | acc 0.9880 | lr 1.84e-05 | 157s
2026-09-18 23:56:19 | INFO    | epoch 30 | batch 2280/4266 | loss 0.4174 | acc 0.9880 | lr 1.84e-05 | 158s
2026-09-18 23:56:21 | INFO    | epoch 30 | batch 2300/4266 | loss 0.4173 | acc 0.9881 | lr 1.84e-05 | 159s
2026-09-18 23:56:22 | INFO    | epoch 30 | batch 2320/4266 | loss 0.4172 | acc 0.9881 | lr 1.84e-05 | 161s
2026-09-18 23:56:23 | INFO    | epoch 30 | batch 2340/4266 | loss 0.4172 | acc 0.9881 | lr 1.84e-05 | 162s
2026-09-18 23:56:25 | INFO    | epoch 30 | batch 2360/4266 | loss 0.4171 | acc 0.9882 | lr 1.83e-05 | 163s
2026-09-18 23:56:26 | INFO    | epoch 30 | batch 2380/4266 | loss 0.4170 | acc 0.9882 | lr 1.83e-05 | 165s
2026-09-18 23:56:28 | INFO    | epoch 30 | batch 2400/4266 | loss 0.4171 | acc 0.9882 | lr 1.83e-05 | 166s
2026-09-18 23:56:29 | INFO    | epoch 30 | batch 2420/4266 | loss 0.4171 | acc 0.9881 | lr 1.83e-05 | 168s
2026-09-18 23:56:30 | INFO    | epoch 30 | batch 2440/4266 | loss 0.4171 | acc 0.9881 | lr 1.83e-05 | 169s
2026-09-18 23:56:32 | INFO    | epoch 30 | batch 2460/4266 | loss 0.4171 | acc 0.9881 | lr 1.83e-05 | 170s
2026-09-18 23:56:33 | INFO    | epoch 30 | batch 2480/4266 | loss 0.4172 | acc 0.9881 | lr 1.83e-05 | 172s
2026-09-18 23:56:34 | INFO    | epoch 30 | batch 2500/4266 | loss 0.4172 | acc 0.9881 | lr 1.82e-05 | 173s
2026-09-18 23:56:36 | INFO    | epoch 30 | batch 2520/4266 | loss 0.4172 | acc 0.9881 | lr 1.82e-05 | 175s
2026-09-18 23:56:37 | INFO    | epoch 30 | batch 2540/4266 | loss 0.4172 | acc 0.9881 | lr 1.82e-05 | 176s
2026-09-18 23:56:39 | INFO    | epoch 30 | batch 2560/4266 | loss 0.4172 | acc 0.9881 | lr 1.82e-05 | 177s
2026-09-18 23:56:40 | INFO    | epoch 30 | batch 2580/4266 | loss 0.4171 | acc 0.9881 | lr 1.82e-05 | 179s
2026-09-18 23:56:41 | INFO    | epoch 30 | batch 2600/4266 | loss 0.4173 | acc 0.9880 | lr 1.82e-05 | 180s
2026-09-18 23:56:43 | INFO    | epoch 30 | batch 2620/4266 | loss 0.4173 | acc 0.9880 | lr 1.82e-05 | 181s
2026-09-18 23:56:44 | INFO    | epoch 30 | batch 2640/4266 | loss 0.4173 | acc 0.9881 | lr 1.81e-05 | 183s
2026-09-18 23:56:45 | INFO    | epoch 30 | batch 2660/4266 | loss 0.4171 | acc 0.9881 | lr 1.81e-05 | 184s
2026-09-18 23:56:47 | INFO    | epoch 30 | batch 2680/4266 | loss 0.4171 | acc 0.9881 | lr 1.81e-05 | 186s
2026-09-18 23:56:48 | INFO    | epoch 30 | batch 2700/4266 | loss 0.4172 | acc 0.9881 | lr 1.81e-05 | 187s
2026-09-18 23:56:49 | INFO    | epoch 30 | batch 2720/4266 | loss 0.4172 | acc 0.9881 | lr 1.81e-05 | 188s
2026-09-18 23:56:51 | INFO    | epoch 30 | batch 2740/4266 | loss 0.4172 | acc 0.9881 | lr 1.81e-05 | 190s
2026-09-18 23:56:52 | INFO    | epoch 30 | batch 2760/4266 | loss 0.4172 | acc 0.9881 | lr 1.81e-05 | 191s
2026-09-18 23:56:54 | INFO    | epoch 30 | batch 2780/4266 | loss 0.4172 | acc 0.9881 | lr 1.80e-05 | 193s
2026-09-18 23:56:55 | INFO    | epoch 30 | batch 2800/4266 | loss 0.4173 | acc 0.9881 | lr 1.80e-05 | 194s
2026-09-18 23:56:57 | INFO    | epoch 30 | batch 2820/4266 | loss 0.4172 | acc 0.9881 | lr 1.80e-05 | 195s
2026-09-18 23:56:58 | INFO    | epoch 30 | batch 2840/4266 | loss 0.4172 | acc 0.9882 | lr 1.80e-05 | 197s
2026-09-18 23:56:59 | INFO    | epoch 30 | batch 2860/4266 | loss 0.4172 | acc 0.9882 | lr 1.80e-05 | 198s
2026-09-18 23:57:01 | INFO    | epoch 30 | batch 2880/4266 | loss 0.4171 | acc 0.9882 | lr 1.80e-05 | 200s
2026-09-18 23:57:02 | INFO    | epoch 30 | batch 2900/4266 | loss 0.4172 | acc 0.9882 | lr 1.80e-05 | 201s
2026-09-18 23:57:03 | INFO    | epoch 30 | batch 2920/4266 | loss 0.4171 | acc 0.9882 | lr 1.79e-05 | 202s
2026-09-18 23:57:05 | INFO    | epoch 30 | batch 2940/4266 | loss 0.4172 | acc 0.9881 | lr 1.79e-05 | 204s
2026-09-18 23:57:06 | INFO    | epoch 30 | batch 2960/4266 | loss 0.4173 | acc 0.9881 | lr 1.79e-05 | 205s
2026-09-18 23:57:08 | INFO    | epoch 30 | batch 2980/4266 | loss 0.4173 | acc 0.9881 | lr 1.79e-05 | 206s
2026-09-18 23:57:09 | INFO    | epoch 30 | batch 3000/4266 | loss 0.4174 | acc 0.9881 | lr 1.79e-05 | 208s
2026-09-18 23:57:10 | INFO    | epoch 30 | batch 3020/4266 | loss 0.4174 | acc 0.9881 | lr 1.79e-05 | 209s
2026-09-18 23:57:12 | INFO    | epoch 30 | batch 3040/4266 | loss 0.4174 | acc 0.9881 | lr 1.78e-05 | 210s
2026-09-18 23:57:13 | INFO    | epoch 30 | batch 3060/4266 | loss 0.4174 | acc 0.9881 | lr 1.78e-05 | 212s
2026-09-18 23:57:14 | INFO    | epoch 30 | batch 3080/4266 | loss 0.4173 | acc 0.9881 | lr 1.78e-05 | 213s
2026-09-18 23:57:16 | INFO    | epoch 30 | batch 3100/4266 | loss 0.4173 | acc 0.9881 | lr 1.78e-05 | 214s
2026-09-18 23:57:17 | INFO    | epoch 30 | batch 3120/4266 | loss 0.4172 | acc 0.9882 | lr 1.78e-05 | 216s
2026-09-18 23:57:18 | INFO    | epoch 30 | batch 3140/4266 | loss 0.4171 | acc 0.9882 | lr 1.78e-05 | 217s
2026-09-18 23:57:20 | INFO    | epoch 30 | batch 3160/4266 | loss 0.4171 | acc 0.9882 | lr 1.78e-05 | 219s
2026-09-18 23:57:21 | INFO    | epoch 30 | batch 3180/4266 | loss 0.4172 | acc 0.9882 | lr 1.77e-05 | 220s
2026-09-18 23:57:23 | INFO    | epoch 30 | batch 3200/4266 | loss 0.4171 | acc 0.9882 | lr 1.77e-05 | 221s
2026-09-18 23:57:24 | INFO    | epoch 30 | batch 3220/4266 | loss 0.4171 | acc 0.9882 | lr 1.77e-05 | 223s
2026-09-18 23:57:26 | INFO    | epoch 30 | batch 3240/4266 | loss 0.4172 | acc 0.9882 | lr 1.77e-05 | 224s
2026-09-18 23:57:27 | INFO    | epoch 30 | batch 3260/4266 | loss 0.4172 | acc 0.9881 | lr 1.77e-05 | 226s
2026-09-18 23:57:28 | INFO    | epoch 30 | batch 3280/4266 | loss 0.4172 | acc 0.9881 | lr 1.77e-05 | 227s
2026-09-18 23:57:30 | INFO    | epoch 30 | batch 3300/4266 | loss 0.4172 | acc 0.9881 | lr 1.77e-05 | 229s
2026-09-18 23:57:31 | INFO    | epoch 30 | batch 3320/4266 | loss 0.4171 | acc 0.9881 | lr 1.76e-05 | 230s
2026-09-18 23:57:33 | INFO    | epoch 30 | batch 3340/4266 | loss 0.4172 | acc 0.9881 | lr 1.76e-05 | 231s
2026-09-18 23:57:34 | INFO    | epoch 30 | batch 3360/4266 | loss 0.4172 | acc 0.9881 | lr 1.76e-05 | 233s
2026-09-18 23:57:35 | INFO    | epoch 30 | batch 3380/4266 | loss 0.4172 | acc 0.9881 | lr 1.76e-05 | 234s
2026-09-18 23:57:37 | INFO    | epoch 30 | batch 3400/4266 | loss 0.4172 | acc 0.9881 | lr 1.76e-05 | 236s
2026-09-18 23:57:38 | INFO    | epoch 30 | batch 3420/4266 | loss 0.4171 | acc 0.9882 | lr 1.76e-05 | 237s
2026-09-18 23:57:40 | INFO    | epoch 30 | batch 3440/4266 | loss 0.4171 | acc 0.9881 | lr 1.76e-05 | 238s
2026-09-18 23:57:41 | INFO    | epoch 30 | batch 3460/4266 | loss 0.4170 | acc 0.9882 | lr 1.75e-05 | 240s
2026-09-18 23:57:42 | INFO    | epoch 30 | batch 3480/4266 | loss 0.4170 | acc 0.9882 | lr 1.75e-05 | 241s
2026-09-18 23:57:44 | INFO    | epoch 30 | batch 3500/4266 | loss 0.4171 | acc 0.9882 | lr 1.75e-05 | 243s
2026-09-18 23:57:45 | INFO    | epoch 30 | batch 3520/4266 | loss 0.4171 | acc 0.9881 | lr 1.75e-05 | 244s
2026-09-18 23:57:47 | INFO    | epoch 30 | batch 3540/4266 | loss 0.4171 | acc 0.9881 | lr 1.75e-05 | 246s
2026-09-18 23:57:48 | INFO    | epoch 30 | batch 3560/4266 | loss 0.4171 | acc 0.9881 | lr 1.75e-05 | 247s
2026-09-18 23:57:50 | INFO    | epoch 30 | batch 3580/4266 | loss 0.4171 | acc 0.9881 | lr 1.75e-05 | 248s
2026-09-18 23:57:51 | INFO    | epoch 30 | batch 3600/4266 | loss 0.4171 | acc 0.9882 | lr 1.74e-05 | 250s
2026-09-18 23:57:52 | INFO    | epoch 30 | batch 3620/4266 | loss 0.4171 | acc 0.9882 | lr 1.74e-05 | 251s
2026-09-18 23:57:54 | INFO    | epoch 30 | batch 3640/4266 | loss 0.4171 | acc 0.9882 | lr 1.74e-05 | 253s
2026-09-18 23:57:55 | INFO    | epoch 30 | batch 3660/4266 | loss 0.4171 | acc 0.9882 | lr 1.74e-05 | 254s
2026-09-18 23:57:57 | INFO    | epoch 30 | batch 3680/4266 | loss 0.4171 | acc 0.9882 | lr 1.74e-05 | 255s
2026-09-18 23:57:58 | INFO    | epoch 30 | batch 3700/4266 | loss 0.4171 | acc 0.9882 | lr 1.74e-05 | 257s
2026-09-18 23:57:59 | INFO    | epoch 30 | batch 3720/4266 | loss 0.4172 | acc 0.9881 | lr 1.74e-05 | 258s
2026-09-18 23:58:01 | INFO    | epoch 30 | batch 3740/4266 | loss 0.4172 | acc 0.9881 | lr 1.73e-05 | 259s
2026-09-18 23:58:02 | INFO    | epoch 30 | batch 3760/4266 | loss 0.4172 | acc 0.9881 | lr 1.73e-05 | 261s
2026-09-18 23:58:03 | INFO    | epoch 30 | batch 3780/4266 | loss 0.4172 | acc 0.9881 | lr 1.73e-05 | 262s
2026-09-18 23:58:05 | INFO    | epoch 30 | batch 3800/4266 | loss 0.4172 | acc 0.9881 | lr 1.73e-05 | 264s
2026-09-18 23:58:06 | INFO    | epoch 30 | batch 3820/4266 | loss 0.4172 | acc 0.9881 | lr 1.73e-05 | 265s
2026-09-18 23:58:08 | INFO    | epoch 30 | batch 3840/4266 | loss 0.4172 | acc 0.9881 | lr 1.73e-05 | 266s
2026-09-18 23:58:09 | INFO    | epoch 30 | batch 3860/4266 | loss 0.4172 | acc 0.9881 | lr 1.73e-05 | 268s
2026-09-18 23:58:10 | INFO    | epoch 30 | batch 3880/4266 | loss 0.4172 | acc 0.9881 | lr 1.72e-05 | 269s
2026-09-18 23:58:12 | INFO    | epoch 30 | batch 3900/4266 | loss 0.4172 | acc 0.9881 | lr 1.72e-05 | 270s
2026-09-18 23:58:13 | INFO    | epoch 30 | batch 3920/4266 | loss 0.4173 | acc 0.9881 | lr 1.72e-05 | 272s
2026-09-18 23:58:14 | INFO    | epoch 30 | batch 3940/4266 | loss 0.4173 | acc 0.9881 | lr 1.72e-05 | 273s
2026-09-18 23:58:16 | INFO    | epoch 30 | batch 3960/4266 | loss 0.4173 | acc 0.9881 | lr 1.72e-05 | 275s
2026-09-18 23:58:17 | INFO    | epoch 30 | batch 3980/4266 | loss 0.4173 | acc 0.9881 | lr 1.72e-05 | 276s
2026-09-18 23:58:19 | INFO    | epoch 30 | batch 4000/4266 | loss 0.4173 | acc 0.9881 | lr 1.72e-05 | 277s
2026-09-18 23:58:20 | INFO    | epoch 30 | batch 4020/4266 | loss 0.4173 | acc 0.9881 | lr 1.71e-05 | 279s
2026-09-18 23:58:21 | INFO    | epoch 30 | batch 4040/4266 | loss 0.4172 | acc 0.9882 | lr 1.71e-05 | 280s
2026-09-18 23:58:23 | INFO    | epoch 30 | batch 4060/4266 | loss 0.4172 | acc 0.9882 | lr 1.71e-05 | 281s
2026-09-18 23:58:24 | INFO    | epoch 30 | batch 4080/4266 | loss 0.4171 | acc 0.9882 | lr 1.71e-05 | 283s
2026-09-18 23:58:25 | INFO    | epoch 30 | batch 4100/4266 | loss 0.4171 | acc 0.9882 | lr 1.71e-05 | 284s
2026-09-18 23:58:27 | INFO    | epoch 30 | batch 4120/4266 | loss 0.4171 | acc 0.9882 | lr 1.71e-05 | 285s
2026-09-18 23:58:28 | INFO    | epoch 30 | batch 4140/4266 | loss 0.4170 | acc 0.9882 | lr 1.71e-05 | 287s
2026-09-18 23:58:29 | INFO    | epoch 30 | batch 4160/4266 | loss 0.4170 | acc 0.9883 | lr 1.70e-05 | 288s
2026-09-18 23:58:31 | INFO    | epoch 30 | batch 4180/4266 | loss 0.4170 | acc 0.9883 | lr 1.70e-05 | 289s
2026-09-18 23:58:32 | INFO    | epoch 30 | batch 4200/4266 | loss 0.4169 | acc 0.9883 | lr 1.70e-05 | 291s
2026-09-18 23:58:33 | INFO    | epoch 30 | batch 4220/4266 | loss 0.4169 | acc 0.9883 | lr 1.70e-05 | 292s
2026-09-18 23:58:35 | INFO    | epoch 30 | batch 4240/4266 | loss 0.4170 | acc 0.9883 | lr 1.70e-05 | 293s
2026-09-18 23:58:36 | INFO    | epoch 30 | batch 4260/4266 | loss 0.4170 | acc 0.9883 | lr 1.70e-05 | 295s
2026-09-18 23:58:36 | INFO    | epoch 30 | batch 4266/4266 | loss 0.4170 | acc 0.9882 | lr 1.70e-05 | 295s
2026-09-18 23:58:46 | INFO    | epoch 30/40 done in 305s | train loss 0.4170 | train running patch (aug): accuracy=0.9882 precision=0.9882 recall=0.9878 f1=0.9880
2026-09-18 23:58:46 | INFO    | epoch 30 train (eval, no aug) | loss 0.3952 | patch[7280]: accuracy=0.9975 precision=0.9974 recall=0.9973 f1=0.9974 | image[455]: accuracy=1.0000 precision=1.0000 recall=1.0000 f1=1.0000
2026-09-18 23:58:46 | INFO    | epoch 30 val | loss 1.2156 | patch[8448]: accuracy=0.6922 precision=0.6695 recall=0.6685 f1=0.6689 | image[96]: accuracy=0.7500 precision=0.7168 recall=0.7133 f1=0.7129
2026-09-18 23:58:46 | INFO    | val_patch_f1 = 0.6689 (best 0.6789 @ epoch 28)
2026-09-18 23:58:48 | INFO    | epoch 31 | batch 20/4266 | loss 0.4196 | acc 0.9859 | lr 1.70e-05 | 1s
2026-09-18 23:58:49 | INFO    | epoch 31 | batch 40/4266 | loss 0.4170 | acc 0.9875 | lr 1.69e-05 | 3s
2026-09-18 23:58:50 | INFO    | epoch 31 | batch 60/4266 | loss 0.4147 | acc 0.9896 | lr 1.69e-05 | 4s
2026-09-18 23:58:52 | INFO    | epoch 31 | batch 80/4266 | loss 0.4115 | acc 0.9910 | lr 1.69e-05 | 6s
2026-09-18 23:58:53 | INFO    | epoch 31 | batch 100/4266 | loss 0.4107 | acc 0.9912 | lr 1.69e-05 | 7s
2026-09-18 23:58:54 | INFO    | epoch 31 | batch 120/4266 | loss 0.4114 | acc 0.9909 | lr 1.69e-05 | 8s
2026-09-18 23:58:56 | INFO    | epoch 31 | batch 140/4266 | loss 0.4138 | acc 0.9895 | lr 1.69e-05 | 10s
2026-09-18 23:58:57 | INFO    | epoch 31 | batch 160/4266 | loss 0.4149 | acc 0.9891 | lr 1.69e-05 | 11s
2026-09-18 23:58:59 | INFO    | epoch 31 | batch 180/4266 | loss 0.4154 | acc 0.9887 | lr 1.68e-05 | 12s
2026-09-18 23:59:00 | INFO    | epoch 31 | batch 200/4266 | loss 0.4149 | acc 0.9886 | lr 1.68e-05 | 14s
2026-09-18 23:59:01 | INFO    | epoch 31 | batch 220/4266 | loss 0.4138 | acc 0.9892 | lr 1.68e-05 | 15s
2026-09-18 23:59:03 | INFO    | epoch 31 | batch 240/4266 | loss 0.4136 | acc 0.9891 | lr 1.68e-05 | 16s
2026-09-18 23:59:04 | INFO    | epoch 31 | batch 260/4266 | loss 0.4145 | acc 0.9886 | lr 1.68e-05 | 18s
2026-09-18 23:59:05 | INFO    | epoch 31 | batch 280/4266 | loss 0.4157 | acc 0.9881 | lr 1.68e-05 | 19s
2026-09-18 23:59:07 | INFO    | epoch 31 | batch 300/4266 | loss 0.4146 | acc 0.9886 | lr 1.68e-05 | 20s
2026-09-18 23:59:08 | INFO    | epoch 31 | batch 320/4266 | loss 0.4156 | acc 0.9883 | lr 1.67e-05 | 22s
2026-09-18 23:59:09 | INFO    | epoch 31 | batch 340/4266 | loss 0.4165 | acc 0.9879 | lr 1.67e-05 | 23s
2026-09-18 23:59:11 | INFO    | epoch 31 | batch 360/4266 | loss 0.4164 | acc 0.9878 | lr 1.67e-05 | 25s
2026-09-18 23:59:12 | INFO    | epoch 31 | batch 380/4266 | loss 0.4165 | acc 0.9877 | lr 1.67e-05 | 26s
2026-09-18 23:59:13 | INFO    | epoch 31 | batch 400/4266 | loss 0.4166 | acc 0.9877 | lr 1.67e-05 | 27s
2026-09-18 23:59:15 | INFO    | epoch 31 | batch 420/4266 | loss 0.4165 | acc 0.9877 | lr 1.67e-05 | 29s
2026-09-18 23:59:16 | INFO    | epoch 31 | batch 440/4266 | loss 0.4163 | acc 0.9878 | lr 1.67e-05 | 30s
2026-09-18 23:59:17 | INFO    | epoch 31 | batch 460/4266 | loss 0.4158 | acc 0.9881 | lr 1.67e-05 | 31s
2026-09-18 23:59:19 | INFO    | epoch 31 | batch 480/4266 | loss 0.4155 | acc 0.9884 | lr 1.66e-05 | 33s
2026-09-18 23:59:20 | INFO    | epoch 31 | batch 500/4266 | loss 0.4162 | acc 0.9881 | lr 1.66e-05 | 34s
2026-09-18 23:59:21 | INFO    | epoch 31 | batch 520/4266 | loss 0.4166 | acc 0.9877 | lr 1.66e-05 | 35s
2026-09-18 23:59:23 | INFO    | epoch 31 | batch 540/4266 | loss 0.4161 | acc 0.9880 | lr 1.66e-05 | 37s
2026-09-18 23:59:24 | INFO    | epoch 31 | batch 560/4266 | loss 0.4165 | acc 0.9878 | lr 1.66e-05 | 38s
2026-09-18 23:59:25 | INFO    | epoch 31 | batch 580/4266 | loss 0.4165 | acc 0.9878 | lr 1.66e-05 | 39s
2026-09-18 23:59:27 | INFO    | epoch 31 | batch 600/4266 | loss 0.4163 | acc 0.9879 | lr 1.66e-05 | 41s
2026-09-18 23:59:28 | INFO    | epoch 31 | batch 620/4266 | loss 0.4164 | acc 0.9879 | lr 1.65e-05 | 42s
2026-09-18 23:59:30 | INFO    | epoch 31 | batch 640/4266 | loss 0.4162 | acc 0.9880 | lr 1.65e-05 | 43s
2026-09-18 23:59:31 | INFO    | epoch 31 | batch 660/4266 | loss 0.4161 | acc 0.9879 | lr 1.65e-05 | 45s
2026-09-18 23:59:32 | INFO    | epoch 31 | batch 680/4266 | loss 0.4167 | acc 0.9876 | lr 1.65e-05 | 46s
2026-09-18 23:59:34 | INFO    | epoch 31 | batch 700/4266 | loss 0.4168 | acc 0.9876 | lr 1.65e-05 | 47s
2026-09-18 23:59:35 | INFO    | epoch 31 | batch 720/4266 | loss 0.4166 | acc 0.9878 | lr 1.65e-05 | 49s
2026-09-18 23:59:36 | INFO    | epoch 31 | batch 740/4266 | loss 0.4167 | acc 0.9877 | lr 1.65e-05 | 50s
2026-09-18 23:59:38 | INFO    | epoch 31 | batch 760/4266 | loss 0.4167 | acc 0.9877 | lr 1.64e-05 | 52s
2026-09-18 23:59:39 | INFO    | epoch 31 | batch 780/4266 | loss 0.4167 | acc 0.9877 | lr 1.64e-05 | 53s
2026-09-18 23:59:40 | INFO    | epoch 31 | batch 800/4266 | loss 0.4166 | acc 0.9877 | lr 1.64e-05 | 54s
2026-09-18 23:59:42 | INFO    | epoch 31 | batch 820/4266 | loss 0.4164 | acc 0.9878 | lr 1.64e-05 | 56s
2026-09-18 23:59:43 | INFO    | epoch 31 | batch 840/4266 | loss 0.4167 | acc 0.9877 | lr 1.64e-05 | 57s
2026-09-18 23:59:45 | INFO    | epoch 31 | batch 860/4266 | loss 0.4167 | acc 0.9877 | lr 1.64e-05 | 58s
2026-09-18 23:59:46 | INFO    | epoch 31 | batch 880/4266 | loss 0.4172 | acc 0.9875 | lr 1.64e-05 | 60s
2026-09-18 23:59:47 | INFO    | epoch 31 | batch 900/4266 | loss 0.4171 | acc 0.9875 | lr 1.63e-05 | 61s
2026-09-18 23:59:49 | INFO    | epoch 31 | batch 920/4266 | loss 0.4171 | acc 0.9875 | lr 1.63e-05 | 63s
2026-09-18 23:59:50 | INFO    | epoch 31 | batch 940/4266 | loss 0.4173 | acc 0.9875 | lr 1.63e-05 | 64s
2026-09-18 23:59:52 | INFO    | epoch 31 | batch 960/4266 | loss 0.4172 | acc 0.9875 | lr 1.63e-05 | 65s
2026-09-18 23:59:53 | INFO    | epoch 31 | batch 980/4266 | loss 0.4173 | acc 0.9875 | lr 1.63e-05 | 67s
2026-09-18 23:59:54 | INFO    | epoch 31 | batch 1000/4266 | loss 0.4173 | acc 0.9875 | lr 1.63e-05 | 68s
2026-09-18 23:59:56 | INFO    | epoch 31 | batch 1020/4266 | loss 0.4172 | acc 0.9876 | lr 1.63e-05 | 69s
2026-09-18 23:59:57 | INFO    | epoch 31 | batch 1040/4266 | loss 0.4173 | acc 0.9876 | lr 1.62e-05 | 71s
2026-09-18 23:59:58 | INFO    | epoch 31 | batch 1060/4266 | loss 0.4175 | acc 0.9876 | lr 1.62e-05 | 72s
2026-09-19 00:00:00 | INFO    | epoch 31 | batch 1080/4266 | loss 0.4175 | acc 0.9875 | lr 1.62e-05 | 73s
2026-09-19 00:00:01 | INFO    | epoch 31 | batch 1100/4266 | loss 0.4179 | acc 0.9873 | lr 1.62e-05 | 75s
2026-09-19 00:00:02 | INFO    | epoch 31 | batch 1120/4266 | loss 0.4178 | acc 0.9873 | lr 1.62e-05 | 76s
2026-09-19 00:00:04 | INFO    | epoch 31 | batch 1140/4266 | loss 0.4179 | acc 0.9873 | lr 1.62e-05 | 78s
2026-09-19 00:00:05 | INFO    | epoch 31 | batch 1160/4266 | loss 0.4179 | acc 0.9873 | lr 1.62e-05 | 79s
2026-09-19 00:00:06 | INFO    | epoch 31 | batch 1180/4266 | loss 0.4177 | acc 0.9874 | lr 1.62e-05 | 80s
2026-09-19 00:00:08 | INFO    | epoch 31 | batch 1200/4266 | loss 0.4179 | acc 0.9873 | lr 1.61e-05 | 82s
2026-09-19 00:00:09 | INFO    | epoch 31 | batch 1220/4266 | loss 0.4179 | acc 0.9873 | lr 1.61e-05 | 83s
2026-09-19 00:00:10 | INFO    | epoch 31 | batch 1240/4266 | loss 0.4178 | acc 0.9873 | lr 1.61e-05 | 84s
2026-09-19 00:00:12 | INFO    | epoch 31 | batch 1260/4266 | loss 0.4177 | acc 0.9874 | lr 1.61e-05 | 86s
2026-09-19 00:00:13 | INFO    | epoch 31 | batch 1280/4266 | loss 0.4175 | acc 0.9875 | lr 1.61e-05 | 87s
2026-09-19 00:00:15 | INFO    | epoch 31 | batch 1300/4266 | loss 0.4174 | acc 0.9875 | lr 1.61e-05 | 88s
2026-09-19 00:00:16 | INFO    | epoch 31 | batch 1320/4266 | loss 0.4172 | acc 0.9876 | lr 1.61e-05 | 90s
2026-09-19 00:00:17 | INFO    | epoch 31 | batch 1340/4266 | loss 0.4173 | acc 0.9876 | lr 1.60e-05 | 91s
2026-09-19 00:00:19 | INFO    | epoch 31 | batch 1360/4266 | loss 0.4173 | acc 0.9876 | lr 1.60e-05 | 92s
2026-09-19 00:00:20 | INFO    | epoch 31 | batch 1380/4266 | loss 0.4172 | acc 0.9876 | lr 1.60e-05 | 94s
2026-09-19 00:00:21 | INFO    | epoch 31 | batch 1400/4266 | loss 0.4173 | acc 0.9876 | lr 1.60e-05 | 95s
2026-09-19 00:00:23 | INFO    | epoch 31 | batch 1420/4266 | loss 0.4171 | acc 0.9877 | lr 1.60e-05 | 97s
2026-09-19 00:00:24 | INFO    | epoch 31 | batch 1440/4266 | loss 0.4170 | acc 0.9877 | lr 1.60e-05 | 98s
2026-09-19 00:00:25 | INFO    | epoch 31 | batch 1460/4266 | loss 0.4168 | acc 0.9878 | lr 1.60e-05 | 99s
2026-09-19 00:00:27 | INFO    | epoch 31 | batch 1480/4266 | loss 0.4167 | acc 0.9878 | lr 1.59e-05 | 101s
2026-09-19 00:00:28 | INFO    | epoch 31 | batch 1500/4266 | loss 0.4166 | acc 0.9878 | lr 1.59e-05 | 102s
2026-09-19 00:00:29 | INFO    | epoch 31 | batch 1520/4266 | loss 0.4167 | acc 0.9878 | lr 1.59e-05 | 103s
2026-09-19 00:00:31 | INFO    | epoch 31 | batch 1540/4266 | loss 0.4168 | acc 0.9878 | lr 1.59e-05 | 105s
2026-09-19 00:00:32 | INFO    | epoch 31 | batch 1560/4266 | loss 0.4166 | acc 0.9878 | lr 1.59e-05 | 106s
2026-09-19 00:00:34 | INFO    | epoch 31 | batch 1580/4266 | loss 0.4167 | acc 0.9878 | lr 1.59e-05 | 108s
2026-09-19 00:00:35 | INFO    | epoch 31 | batch 1600/4266 | loss 0.4169 | acc 0.9877 | lr 1.59e-05 | 109s
2026-09-19 00:00:37 | INFO    | epoch 31 | batch 1620/4266 | loss 0.4169 | acc 0.9878 | lr 1.58e-05 | 110s
2026-09-19 00:00:38 | INFO    | epoch 31 | batch 1640/4266 | loss 0.4169 | acc 0.9877 | lr 1.58e-05 | 112s
2026-09-19 00:00:39 | INFO    | epoch 31 | batch 1660/4266 | loss 0.4168 | acc 0.9878 | lr 1.58e-05 | 113s
2026-09-19 00:00:41 | INFO    | epoch 31 | batch 1680/4266 | loss 0.4168 | acc 0.9878 | lr 1.58e-05 | 115s
2026-09-19 00:00:42 | INFO    | epoch 31 | batch 1700/4266 | loss 0.4169 | acc 0.9878 | lr 1.58e-05 | 116s
2026-09-19 00:00:44 | INFO    | epoch 31 | batch 1720/4266 | loss 0.4169 | acc 0.9879 | lr 1.58e-05 | 117s
2026-09-19 00:00:45 | INFO    | epoch 31 | batch 1740/4266 | loss 0.4168 | acc 0.9879 | lr 1.58e-05 | 119s
2026-09-19 00:00:46 | INFO    | epoch 31 | batch 1760/4266 | loss 0.4167 | acc 0.9879 | lr 1.58e-05 | 120s
2026-09-19 00:00:48 | INFO    | epoch 31 | batch 1780/4266 | loss 0.4168 | acc 0.9879 | lr 1.57e-05 | 122s
2026-09-19 00:00:49 | INFO    | epoch 31 | batch 1800/4266 | loss 0.4170 | acc 0.9877 | lr 1.57e-05 | 123s
2026-09-19 00:00:51 | INFO    | epoch 31 | batch 1820/4266 | loss 0.4169 | acc 0.9878 | lr 1.57e-05 | 125s
2026-09-19 00:00:52 | INFO    | epoch 31 | batch 1840/4266 | loss 0.4169 | acc 0.9878 | lr 1.57e-05 | 126s
2026-09-19 00:00:54 | INFO    | epoch 31 | batch 1860/4266 | loss 0.4168 | acc 0.9878 | lr 1.57e-05 | 127s
2026-09-19 00:00:55 | INFO    | epoch 31 | batch 1880/4266 | loss 0.4168 | acc 0.9878 | lr 1.57e-05 | 129s
2026-09-19 00:00:56 | INFO    | epoch 31 | batch 1900/4266 | loss 0.4167 | acc 0.9878 | lr 1.57e-05 | 130s
2026-09-19 00:00:58 | INFO    | epoch 31 | batch 1920/4266 | loss 0.4166 | acc 0.9878 | lr 1.56e-05 | 132s
2026-09-19 00:00:59 | INFO    | epoch 31 | batch 1940/4266 | loss 0.4165 | acc 0.9880 | lr 1.56e-05 | 133s
2026-09-19 00:01:01 | INFO    | epoch 31 | batch 1960/4266 | loss 0.4165 | acc 0.9880 | lr 1.56e-05 | 134s
2026-09-19 00:01:02 | INFO    | epoch 31 | batch 1980/4266 | loss 0.4165 | acc 0.9880 | lr 1.56e-05 | 136s
2026-09-19 00:01:03 | INFO    | epoch 31 | batch 2000/4266 | loss 0.4165 | acc 0.9880 | lr 1.56e-05 | 137s
2026-09-19 00:01:05 | INFO    | epoch 31 | batch 2020/4266 | loss 0.4164 | acc 0.9880 | lr 1.56e-05 | 139s
2026-09-19 00:01:06 | INFO    | epoch 31 | batch 2040/4266 | loss 0.4164 | acc 0.9880 | lr 1.56e-05 | 140s
2026-09-19 00:01:08 | INFO    | epoch 31 | batch 2060/4266 | loss 0.4164 | acc 0.9880 | lr 1.55e-05 | 141s
2026-09-19 00:01:09 | INFO    | epoch 31 | batch 2080/4266 | loss 0.4162 | acc 0.9881 | lr 1.55e-05 | 143s
2026-09-19 00:01:10 | INFO    | epoch 31 | batch 2100/4266 | loss 0.4161 | acc 0.9881 | lr 1.55e-05 | 144s
2026-09-19 00:01:12 | INFO    | epoch 31 | batch 2120/4266 | loss 0.4161 | acc 0.9882 | lr 1.55e-05 | 146s
2026-09-19 00:01:13 | INFO    | epoch 31 | batch 2140/4266 | loss 0.4160 | acc 0.9882 | lr 1.55e-05 | 147s
2026-09-19 00:01:14 | INFO    | epoch 31 | batch 2160/4266 | loss 0.4160 | acc 0.9882 | lr 1.55e-05 | 148s
2026-09-19 00:01:16 | INFO    | epoch 31 | batch 2180/4266 | loss 0.4160 | acc 0.9882 | lr 1.55e-05 | 150s
2026-09-19 00:01:17 | INFO    | epoch 31 | batch 2200/4266 | loss 0.4159 | acc 0.9883 | lr 1.55e-05 | 151s
2026-09-19 00:01:19 | INFO    | epoch 31 | batch 2220/4266 | loss 0.4160 | acc 0.9883 | lr 1.54e-05 | 152s
2026-09-19 00:01:20 | INFO    | epoch 31 | batch 2240/4266 | loss 0.4160 | acc 0.9883 | lr 1.54e-05 | 154s
2026-09-19 00:01:21 | INFO    | epoch 31 | batch 2260/4266 | loss 0.4160 | acc 0.9883 | lr 1.54e-05 | 155s
2026-09-19 00:01:23 | INFO    | epoch 31 | batch 2280/4266 | loss 0.4161 | acc 0.9883 | lr 1.54e-05 | 156s
2026-09-19 00:01:24 | INFO    | epoch 31 | batch 2300/4266 | loss 0.4161 | acc 0.9883 | lr 1.54e-05 | 158s
2026-09-19 00:01:25 | INFO    | epoch 31 | batch 2320/4266 | loss 0.4160 | acc 0.9883 | lr 1.54e-05 | 159s
2026-09-19 00:01:27 | INFO    | epoch 31 | batch 2340/4266 | loss 0.4160 | acc 0.9883 | lr 1.54e-05 | 161s
2026-09-19 00:01:28 | INFO    | epoch 31 | batch 2360/4266 | loss 0.4161 | acc 0.9883 | lr 1.53e-05 | 162s
2026-09-19 00:01:29 | INFO    | epoch 31 | batch 2380/4266 | loss 0.4161 | acc 0.9883 | lr 1.53e-05 | 163s
2026-09-19 00:01:31 | INFO    | epoch 31 | batch 2400/4266 | loss 0.4161 | acc 0.9883 | lr 1.53e-05 | 165s
2026-09-19 00:01:32 | INFO    | epoch 31 | batch 2420/4266 | loss 0.4161 | acc 0.9883 | lr 1.53e-05 | 166s
2026-09-19 00:01:34 | INFO    | epoch 31 | batch 2440/4266 | loss 0.4160 | acc 0.9884 | lr 1.53e-05 | 167s
2026-09-19 00:01:35 | INFO    | epoch 31 | batch 2460/4266 | loss 0.4160 | acc 0.9884 | lr 1.53e-05 | 169s
2026-09-19 00:01:36 | INFO    | epoch 31 | batch 2480/4266 | loss 0.4159 | acc 0.9884 | lr 1.53e-05 | 170s
2026-09-19 00:01:38 | INFO    | epoch 31 | batch 2500/4266 | loss 0.4159 | acc 0.9884 | lr 1.53e-05 | 172s
2026-09-19 00:01:39 | INFO    | epoch 31 | batch 2520/4266 | loss 0.4159 | acc 0.9884 | lr 1.52e-05 | 173s
2026-09-19 00:01:40 | INFO    | epoch 31 | batch 2540/4266 | loss 0.4158 | acc 0.9884 | lr 1.52e-05 | 174s
2026-09-19 00:01:42 | INFO    | epoch 31 | batch 2560/4266 | loss 0.4158 | acc 0.9884 | lr 1.52e-05 | 176s
2026-09-19 00:01:43 | INFO    | epoch 31 | batch 2580/4266 | loss 0.4158 | acc 0.9884 | lr 1.52e-05 | 177s
2026-09-19 00:01:44 | INFO    | epoch 31 | batch 2600/4266 | loss 0.4157 | acc 0.9885 | lr 1.52e-05 | 178s
2026-09-19 00:01:46 | INFO    | epoch 31 | batch 2620/4266 | loss 0.4156 | acc 0.9885 | lr 1.52e-05 | 180s
2026-09-19 00:01:47 | INFO    | epoch 31 | batch 2640/4266 | loss 0.4157 | acc 0.9885 | lr 1.52e-05 | 181s
2026-09-19 00:01:49 | INFO    | epoch 31 | batch 2660/4266 | loss 0.4158 | acc 0.9884 | lr 1.51e-05 | 182s
2026-09-19 00:01:50 | INFO    | epoch 31 | batch 2680/4266 | loss 0.4158 | acc 0.9884 | lr 1.51e-05 | 184s
2026-09-19 00:01:51 | INFO    | epoch 31 | batch 2700/4266 | loss 0.4159 | acc 0.9884 | lr 1.51e-05 | 185s
2026-09-19 00:01:53 | INFO    | epoch 31 | batch 2720/4266 | loss 0.4158 | acc 0.9884 | lr 1.51e-05 | 187s
2026-09-19 00:01:54 | INFO    | epoch 31 | batch 2740/4266 | loss 0.4159 | acc 0.9884 | lr 1.51e-05 | 188s
2026-09-19 00:01:56 | INFO    | epoch 31 | batch 2760/4266 | loss 0.4158 | acc 0.9884 | lr 1.51e-05 | 189s
2026-09-19 00:01:57 | INFO    | epoch 31 | batch 2780/4266 | loss 0.4158 | acc 0.9884 | lr 1.51e-05 | 191s
2026-09-19 00:01:58 | INFO    | epoch 31 | batch 2800/4266 | loss 0.4158 | acc 0.9884 | lr 1.50e-05 | 192s
2026-09-19 00:02:00 | INFO    | epoch 31 | batch 2820/4266 | loss 0.4158 | acc 0.9884 | lr 1.50e-05 | 193s
2026-09-19 00:02:01 | INFO    | epoch 31 | batch 2840/4266 | loss 0.4158 | acc 0.9884 | lr 1.50e-05 | 195s
2026-09-19 00:02:02 | INFO    | epoch 31 | batch 2860/4266 | loss 0.4159 | acc 0.9884 | lr 1.50e-05 | 196s
2026-09-19 00:02:04 | INFO    | epoch 31 | batch 2880/4266 | loss 0.4159 | acc 0.9883 | lr 1.50e-05 | 198s
2026-09-19 00:02:05 | INFO    | epoch 31 | batch 2900/4266 | loss 0.4159 | acc 0.9883 | lr 1.50e-05 | 199s
2026-09-19 00:02:06 | INFO    | epoch 31 | batch 2920/4266 | loss 0.4159 | acc 0.9883 | lr 1.50e-05 | 200s
2026-09-19 00:02:08 | INFO    | epoch 31 | batch 2940/4266 | loss 0.4160 | acc 0.9883 | lr 1.50e-05 | 202s
2026-09-19 00:02:09 | INFO    | epoch 31 | batch 2960/4266 | loss 0.4159 | acc 0.9883 | lr 1.49e-05 | 203s
2026-09-19 00:02:11 | INFO    | epoch 31 | batch 2980/4266 | loss 0.4159 | acc 0.9883 | lr 1.49e-05 | 204s
2026-09-19 00:02:12 | INFO    | epoch 31 | batch 3000/4266 | loss 0.4159 | acc 0.9883 | lr 1.49e-05 | 206s
2026-09-19 00:02:13 | INFO    | epoch 31 | batch 3020/4266 | loss 0.4159 | acc 0.9884 | lr 1.49e-05 | 207s
2026-09-19 00:02:15 | INFO    | epoch 31 | batch 3040/4266 | loss 0.4160 | acc 0.9883 | lr 1.49e-05 | 208s
2026-09-19 00:02:16 | INFO    | epoch 31 | batch 3060/4266 | loss 0.4160 | acc 0.9883 | lr 1.49e-05 | 210s
2026-09-19 00:02:17 | INFO    | epoch 31 | batch 3080/4266 | loss 0.4160 | acc 0.9883 | lr 1.49e-05 | 211s
2026-09-19 00:02:19 | INFO    | epoch 31 | batch 3100/4266 | loss 0.4160 | acc 0.9883 | lr 1.48e-05 | 212s
2026-09-19 00:02:20 | INFO    | epoch 31 | batch 3120/4266 | loss 0.4161 | acc 0.9883 | lr 1.48e-05 | 214s
2026-09-19 00:02:21 | INFO    | epoch 31 | batch 3140/4266 | loss 0.4161 | acc 0.9883 | lr 1.48e-05 | 215s
2026-09-19 00:02:23 | INFO    | epoch 31 | batch 3160/4266 | loss 0.4160 | acc 0.9883 | lr 1.48e-05 | 216s
2026-09-19 00:02:24 | INFO    | epoch 31 | batch 3180/4266 | loss 0.4160 | acc 0.9883 | lr 1.48e-05 | 218s
2026-09-19 00:02:25 | INFO    | epoch 31 | batch 3200/4266 | loss 0.4161 | acc 0.9883 | lr 1.48e-05 | 219s
2026-09-19 00:02:27 | INFO    | epoch 31 | batch 3220/4266 | loss 0.4160 | acc 0.9884 | lr 1.48e-05 | 220s
2026-09-19 00:02:28 | INFO    | epoch 31 | batch 3240/4266 | loss 0.4160 | acc 0.9884 | lr 1.48e-05 | 222s
2026-09-19 00:02:29 | INFO    | epoch 31 | batch 3260/4266 | loss 0.4160 | acc 0.9884 | lr 1.47e-05 | 223s
2026-09-19 00:02:31 | INFO    | epoch 31 | batch 3280/4266 | loss 0.4159 | acc 0.9884 | lr 1.47e-05 | 225s
2026-09-19 00:02:32 | INFO    | epoch 31 | batch 3300/4266 | loss 0.4159 | acc 0.9884 | lr 1.47e-05 | 226s
2026-09-19 00:02:33 | INFO    | epoch 31 | batch 3320/4266 | loss 0.4159 | acc 0.9884 | lr 1.47e-05 | 227s
2026-09-19 00:02:35 | INFO    | epoch 31 | batch 3340/4266 | loss 0.4159 | acc 0.9884 | lr 1.47e-05 | 229s
2026-09-19 00:02:36 | INFO    | epoch 31 | batch 3360/4266 | loss 0.4159 | acc 0.9884 | lr 1.47e-05 | 230s
2026-09-19 00:02:38 | INFO    | epoch 31 | batch 3380/4266 | loss 0.4159 | acc 0.9884 | lr 1.47e-05 | 232s
2026-09-19 00:02:39 | INFO    | epoch 31 | batch 3400/4266 | loss 0.4160 | acc 0.9884 | lr 1.46e-05 | 233s
2026-09-19 00:02:41 | INFO    | epoch 31 | batch 3420/4266 | loss 0.4160 | acc 0.9884 | lr 1.46e-05 | 234s
2026-09-19 00:02:42 | INFO    | epoch 31 | batch 3440/4266 | loss 0.4159 | acc 0.9884 | lr 1.46e-05 | 236s
2026-09-19 00:02:43 | INFO    | epoch 31 | batch 3460/4266 | loss 0.4159 | acc 0.9884 | lr 1.46e-05 | 237s
2026-09-19 00:02:45 | INFO    | epoch 31 | batch 3480/4266 | loss 0.4159 | acc 0.9884 | lr 1.46e-05 | 239s
2026-09-19 00:02:46 | INFO    | epoch 31 | batch 3500/4266 | loss 0.4159 | acc 0.9884 | lr 1.46e-05 | 240s
2026-09-19 00:02:47 | INFO    | epoch 31 | batch 3520/4266 | loss 0.4158 | acc 0.9884 | lr 1.46e-05 | 241s
2026-09-19 00:02:49 | INFO    | epoch 31 | batch 3540/4266 | loss 0.4159 | acc 0.9884 | lr 1.46e-05 | 243s
2026-09-19 00:02:50 | INFO    | epoch 31 | batch 3560/4266 | loss 0.4159 | acc 0.9884 | lr 1.45e-05 | 244s
2026-09-19 00:02:52 | INFO    | epoch 31 | batch 3580/4266 | loss 0.4159 | acc 0.9884 | lr 1.45e-05 | 245s
2026-09-19 00:02:53 | INFO    | epoch 31 | batch 3600/4266 | loss 0.4160 | acc 0.9884 | lr 1.45e-05 | 247s
2026-09-19 00:02:54 | INFO    | epoch 31 | batch 3620/4266 | loss 0.4159 | acc 0.9884 | lr 1.45e-05 | 248s
2026-09-19 00:02:56 | INFO    | epoch 31 | batch 3640/4266 | loss 0.4159 | acc 0.9883 | lr 1.45e-05 | 250s
2026-09-19 00:02:57 | INFO    | epoch 31 | batch 3660/4266 | loss 0.4159 | acc 0.9884 | lr 1.45e-05 | 251s
2026-09-19 00:02:58 | INFO    | epoch 31 | batch 3680/4266 | loss 0.4159 | acc 0.9884 | lr 1.45e-05 | 252s
2026-09-19 00:03:00 | INFO    | epoch 31 | batch 3700/4266 | loss 0.4159 | acc 0.9883 | lr 1.45e-05 | 254s
2026-09-19 00:03:01 | INFO    | epoch 31 | batch 3720/4266 | loss 0.4159 | acc 0.9883 | lr 1.44e-05 | 255s
2026-09-19 00:03:03 | INFO    | epoch 31 | batch 3740/4266 | loss 0.4158 | acc 0.9884 | lr 1.44e-05 | 256s
2026-09-19 00:03:04 | INFO    | epoch 31 | batch 3760/4266 | loss 0.4159 | acc 0.9884 | lr 1.44e-05 | 258s
2026-09-19 00:03:05 | INFO    | epoch 31 | batch 3780/4266 | loss 0.4159 | acc 0.9883 | lr 1.44e-05 | 259s
2026-09-19 00:03:07 | INFO    | epoch 31 | batch 3800/4266 | loss 0.4159 | acc 0.9884 | lr 1.44e-05 | 261s
2026-09-19 00:03:08 | INFO    | epoch 31 | batch 3820/4266 | loss 0.4158 | acc 0.9884 | lr 1.44e-05 | 262s
2026-09-19 00:03:10 | INFO    | epoch 31 | batch 3840/4266 | loss 0.4159 | acc 0.9884 | lr 1.44e-05 | 264s
2026-09-19 00:03:11 | INFO    | epoch 31 | batch 3860/4266 | loss 0.4159 | acc 0.9883 | lr 1.43e-05 | 265s
2026-09-19 00:03:13 | INFO    | epoch 31 | batch 3880/4266 | loss 0.4160 | acc 0.9883 | lr 1.43e-05 | 266s
2026-09-19 00:03:14 | INFO    | epoch 31 | batch 3900/4266 | loss 0.4159 | acc 0.9883 | lr 1.43e-05 | 268s
2026-09-19 00:03:15 | INFO    | epoch 31 | batch 3920/4266 | loss 0.4160 | acc 0.9883 | lr 1.43e-05 | 269s
2026-09-19 00:03:17 | INFO    | epoch 31 | batch 3940/4266 | loss 0.4159 | acc 0.9883 | lr 1.43e-05 | 271s
2026-09-19 00:03:18 | INFO    | epoch 31 | batch 3960/4266 | loss 0.4159 | acc 0.9883 | lr 1.43e-05 | 272s
2026-09-19 00:03:20 | INFO    | epoch 31 | batch 3980/4266 | loss 0.4159 | acc 0.9883 | lr 1.43e-05 | 273s
2026-09-19 00:03:21 | INFO    | epoch 31 | batch 4000/4266 | loss 0.4159 | acc 0.9883 | lr 1.43e-05 | 275s
2026-09-19 00:03:22 | INFO    | epoch 31 | batch 4020/4266 | loss 0.4159 | acc 0.9884 | lr 1.42e-05 | 276s
2026-09-19 00:03:24 | INFO    | epoch 31 | batch 4040/4266 | loss 0.4159 | acc 0.9884 | lr 1.42e-05 | 278s
2026-09-19 00:03:25 | INFO    | epoch 31 | batch 4060/4266 | loss 0.4159 | acc 0.9884 | lr 1.42e-05 | 279s
2026-09-19 00:03:27 | INFO    | epoch 31 | batch 4080/4266 | loss 0.4158 | acc 0.9884 | lr 1.42e-05 | 281s
2026-09-19 00:03:28 | INFO    | epoch 31 | batch 4100/4266 | loss 0.4158 | acc 0.9884 | lr 1.42e-05 | 282s
2026-09-19 00:03:29 | INFO    | epoch 31 | batch 4120/4266 | loss 0.4158 | acc 0.9884 | lr 1.42e-05 | 283s
2026-09-19 00:03:31 | INFO    | epoch 31 | batch 4140/4266 | loss 0.4159 | acc 0.9884 | lr 1.42e-05 | 285s
2026-09-19 00:03:32 | INFO    | epoch 31 | batch 4160/4266 | loss 0.4159 | acc 0.9884 | lr 1.42e-05 | 286s
2026-09-19 00:03:34 | INFO    | epoch 31 | batch 4180/4266 | loss 0.4158 | acc 0.9884 | lr 1.41e-05 | 287s
2026-09-19 00:03:35 | INFO    | epoch 31 | batch 4200/4266 | loss 0.4158 | acc 0.9884 | lr 1.41e-05 | 289s
2026-09-19 00:03:36 | INFO    | epoch 31 | batch 4220/4266 | loss 0.4158 | acc 0.9884 | lr 1.41e-05 | 290s
2026-09-19 00:03:38 | INFO    | epoch 31 | batch 4240/4266 | loss 0.4158 | acc 0.9884 | lr 1.41e-05 | 292s
2026-09-19 00:03:39 | INFO    | epoch 31 | batch 4260/4266 | loss 0.4158 | acc 0.9884 | lr 1.41e-05 | 293s
2026-09-19 00:03:40 | INFO    | epoch 31 | batch 4266/4266 | loss 0.4158 | acc 0.9884 | lr 1.41e-05 | 293s
2026-09-19 00:03:49 | INFO    | epoch 31/40 done in 303s | train loss 0.4158 | train running patch (aug): accuracy=0.9884 precision=0.9883 recall=0.9881 f1=0.9882
2026-09-19 00:03:49 | INFO    | epoch 31 train (eval, no aug) | loss 0.3935 | patch[7280]: accuracy=0.9984 precision=0.9979 recall=0.9985 f1=0.9982 | image[455]: accuracy=1.0000 precision=1.0000 recall=1.0000 f1=1.0000
2026-09-19 00:03:49 | INFO    | epoch 31 val | loss 1.2246 | patch[8448]: accuracy=0.6921 precision=0.6705 recall=0.6711 f1=0.6702 | image[96]: accuracy=0.7396 precision=0.7160 recall=0.7132 f1=0.7129
2026-09-19 00:03:49 | INFO    | val_patch_f1 = 0.6702 (best 0.6789 @ epoch 28)
2026-09-19 00:03:51 | INFO    | epoch 32 | batch 20/4266 | loss 0.4025 | acc 0.9906 | lr 1.41e-05 | 1s
2026-09-19 00:03:52 | INFO    | epoch 32 | batch 40/4266 | loss 0.4042 | acc 0.9930 | lr 1.41e-05 | 3s
2026-09-19 00:03:54 | INFO    | epoch 32 | batch 60/4266 | loss 0.4047 | acc 0.9932 | lr 1.40e-05 | 4s
2026-09-19 00:03:55 | INFO    | epoch 32 | batch 80/4266 | loss 0.4077 | acc 0.9918 | lr 1.40e-05 | 6s
2026-09-19 00:03:57 | INFO    | epoch 32 | batch 100/4266 | loss 0.4103 | acc 0.9909 | lr 1.40e-05 | 7s
2026-09-19 00:03:58 | INFO    | epoch 32 | batch 120/4266 | loss 0.4136 | acc 0.9893 | lr 1.40e-05 | 8s
2026-09-19 00:03:59 | INFO    | epoch 32 | batch 140/4266 | loss 0.4132 | acc 0.9893 | lr 1.40e-05 | 10s
2026-09-19 00:04:01 | INFO    | epoch 32 | batch 160/4266 | loss 0.4126 | acc 0.9895 | lr 1.40e-05 | 11s
2026-09-19 00:04:02 | INFO    | epoch 32 | batch 180/4266 | loss 0.4124 | acc 0.9896 | lr 1.40e-05 | 12s
2026-09-19 00:04:03 | INFO    | epoch 32 | batch 200/4266 | loss 0.4123 | acc 0.9895 | lr 1.40e-05 | 14s
2026-09-19 00:04:05 | INFO    | epoch 32 | batch 220/4266 | loss 0.4117 | acc 0.9899 | lr 1.39e-05 | 15s
2026-09-19 00:04:06 | INFO    | epoch 32 | batch 240/4266 | loss 0.4118 | acc 0.9901 | lr 1.39e-05 | 16s
2026-09-19 00:04:07 | INFO    | epoch 32 | batch 260/4266 | loss 0.4114 | acc 0.9903 | lr 1.39e-05 | 18s
2026-09-19 00:04:09 | INFO    | epoch 32 | batch 280/4266 | loss 0.4120 | acc 0.9900 | lr 1.39e-05 | 19s
2026-09-19 00:04:10 | INFO    | epoch 32 | batch 300/4266 | loss 0.4130 | acc 0.9897 | lr 1.39e-05 | 21s
2026-09-19 00:04:11 | INFO    | epoch 32 | batch 320/4266 | loss 0.4126 | acc 0.9899 | lr 1.39e-05 | 22s
2026-09-19 00:04:13 | INFO    | epoch 32 | batch 340/4266 | loss 0.4121 | acc 0.9903 | lr 1.39e-05 | 23s
2026-09-19 00:04:14 | INFO    | epoch 32 | batch 360/4266 | loss 0.4120 | acc 0.9905 | lr 1.38e-05 | 25s
2026-09-19 00:04:15 | INFO    | epoch 32 | batch 380/4266 | loss 0.4122 | acc 0.9902 | lr 1.38e-05 | 26s
2026-09-19 00:04:17 | INFO    | epoch 32 | batch 400/4266 | loss 0.4124 | acc 0.9900 | lr 1.38e-05 | 27s
2026-09-19 00:04:18 | INFO    | epoch 32 | batch 420/4266 | loss 0.4120 | acc 0.9900 | lr 1.38e-05 | 29s
2026-09-19 00:04:19 | INFO    | epoch 32 | batch 440/4266 | loss 0.4129 | acc 0.9898 | lr 1.38e-05 | 30s
2026-09-19 00:04:21 | INFO    | epoch 32 | batch 460/4266 | loss 0.4126 | acc 0.9900 | lr 1.38e-05 | 31s
2026-09-19 00:04:22 | INFO    | epoch 32 | batch 480/4266 | loss 0.4130 | acc 0.9898 | lr 1.38e-05 | 33s
2026-09-19 00:04:23 | INFO    | epoch 32 | batch 500/4266 | loss 0.4132 | acc 0.9899 | lr 1.38e-05 | 34s
2026-09-19 00:04:25 | INFO    | epoch 32 | batch 520/4266 | loss 0.4136 | acc 0.9898 | lr 1.37e-05 | 35s
2026-09-19 00:04:26 | INFO    | epoch 32 | batch 540/4266 | loss 0.4138 | acc 0.9896 | lr 1.37e-05 | 37s
2026-09-19 00:04:27 | INFO    | epoch 32 | batch 560/4266 | loss 0.4133 | acc 0.9898 | lr 1.37e-05 | 38s
2026-09-19 00:04:29 | INFO    | epoch 32 | batch 580/4266 | loss 0.4134 | acc 0.9899 | lr 1.37e-05 | 39s
2026-09-19 00:04:30 | INFO    | epoch 32 | batch 600/4266 | loss 0.4135 | acc 0.9898 | lr 1.37e-05 | 41s
2026-09-19 00:04:32 | INFO    | epoch 32 | batch 620/4266 | loss 0.4132 | acc 0.9900 | lr 1.37e-05 | 42s
2026-09-19 00:04:33 | INFO    | epoch 32 | batch 640/4266 | loss 0.4129 | acc 0.9901 | lr 1.37e-05 | 43s
2026-09-19 00:04:34 | INFO    | epoch 32 | batch 660/4266 | loss 0.4130 | acc 0.9901 | lr 1.37e-05 | 45s
2026-09-19 00:04:36 | INFO    | epoch 32 | batch 680/4266 | loss 0.4128 | acc 0.9902 | lr 1.36e-05 | 46s
2026-09-19 00:04:37 | INFO    | epoch 32 | batch 700/4266 | loss 0.4133 | acc 0.9900 | lr 1.36e-05 | 48s
2026-09-19 00:04:39 | INFO    | epoch 32 | batch 720/4266 | loss 0.4132 | acc 0.9900 | lr 1.36e-05 | 49s
2026-09-19 00:04:40 | INFO    | epoch 32 | batch 740/4266 | loss 0.4130 | acc 0.9901 | lr 1.36e-05 | 50s
2026-09-19 00:04:41 | INFO    | epoch 32 | batch 760/4266 | loss 0.4130 | acc 0.9900 | lr 1.36e-05 | 52s
2026-09-19 00:04:43 | INFO    | epoch 32 | batch 780/4266 | loss 0.4133 | acc 0.9899 | lr 1.36e-05 | 53s
2026-09-19 00:04:44 | INFO    | epoch 32 | batch 800/4266 | loss 0.4135 | acc 0.9898 | lr 1.36e-05 | 55s
2026-09-19 00:04:45 | INFO    | epoch 32 | batch 820/4266 | loss 0.4133 | acc 0.9899 | lr 1.36e-05 | 56s
2026-09-19 00:04:47 | INFO    | epoch 32 | batch 840/4266 | loss 0.4137 | acc 0.9898 | lr 1.35e-05 | 57s
2026-09-19 00:04:48 | INFO    | epoch 32 | batch 860/4266 | loss 0.4136 | acc 0.9898 | lr 1.35e-05 | 59s
2026-09-19 00:04:50 | INFO    | epoch 32 | batch 880/4266 | loss 0.4138 | acc 0.9896 | lr 1.35e-05 | 60s
2026-09-19 00:04:51 | INFO    | epoch 32 | batch 900/4266 | loss 0.4137 | acc 0.9897 | lr 1.35e-05 | 61s
2026-09-19 00:04:52 | INFO    | epoch 32 | batch 920/4266 | loss 0.4137 | acc 0.9897 | lr 1.35e-05 | 63s
2026-09-19 00:04:54 | INFO    | epoch 32 | batch 940/4266 | loss 0.4138 | acc 0.9897 | lr 1.35e-05 | 64s
2026-09-19 00:04:55 | INFO    | epoch 32 | batch 960/4266 | loss 0.4139 | acc 0.9896 | lr 1.35e-05 | 66s
2026-09-19 00:04:57 | INFO    | epoch 32 | batch 980/4266 | loss 0.4140 | acc 0.9896 | lr 1.35e-05 | 67s
2026-09-19 00:04:58 | INFO    | epoch 32 | batch 1000/4266 | loss 0.4142 | acc 0.9896 | lr 1.34e-05 | 69s
2026-09-19 00:04:59 | INFO    | epoch 32 | batch 1020/4266 | loss 0.4140 | acc 0.9896 | lr 1.34e-05 | 70s
2026-09-19 00:05:01 | INFO    | epoch 32 | batch 1040/4266 | loss 0.4140 | acc 0.9896 | lr 1.34e-05 | 71s
2026-09-19 00:05:02 | INFO    | epoch 32 | batch 1060/4266 | loss 0.4139 | acc 0.9897 | lr 1.34e-05 | 73s
2026-09-19 00:05:04 | INFO    | epoch 32 | batch 1080/4266 | loss 0.4138 | acc 0.9897 | lr 1.34e-05 | 74s
2026-09-19 00:05:05 | INFO    | epoch 32 | batch 1100/4266 | loss 0.4138 | acc 0.9897 | lr 1.34e-05 | 75s
2026-09-19 00:05:06 | INFO    | epoch 32 | batch 1120/4266 | loss 0.4137 | acc 0.9897 | lr 1.34e-05 | 77s
2026-09-19 00:05:08 | INFO    | epoch 32 | batch 1140/4266 | loss 0.4138 | acc 0.9897 | lr 1.33e-05 | 78s
2026-09-19 00:05:09 | INFO    | epoch 32 | batch 1160/4266 | loss 0.4138 | acc 0.9897 | lr 1.33e-05 | 80s
2026-09-19 00:05:10 | INFO    | epoch 32 | batch 1180/4266 | loss 0.4136 | acc 0.9898 | lr 1.33e-05 | 81s
2026-09-19 00:05:12 | INFO    | epoch 32 | batch 1200/4266 | loss 0.4136 | acc 0.9898 | lr 1.33e-05 | 82s
2026-09-19 00:05:13 | INFO    | epoch 32 | batch 1220/4266 | loss 0.4137 | acc 0.9897 | lr 1.33e-05 | 84s
2026-09-19 00:05:15 | INFO    | epoch 32 | batch 1240/4266 | loss 0.4137 | acc 0.9897 | lr 1.33e-05 | 85s
2026-09-19 00:05:16 | INFO    | epoch 32 | batch 1260/4266 | loss 0.4136 | acc 0.9897 | lr 1.33e-05 | 86s
2026-09-19 00:05:17 | INFO    | epoch 32 | batch 1280/4266 | loss 0.4136 | acc 0.9897 | lr 1.33e-05 | 88s
2026-09-19 00:05:19 | INFO    | epoch 32 | batch 1300/4266 | loss 0.4135 | acc 0.9897 | lr 1.32e-05 | 89s
2026-09-19 00:05:20 | INFO    | epoch 32 | batch 1320/4266 | loss 0.4137 | acc 0.9896 | lr 1.32e-05 | 90s
2026-09-19 00:05:21 | INFO    | epoch 32 | batch 1340/4266 | loss 0.4136 | acc 0.9897 | lr 1.32e-05 | 92s
2026-09-19 00:05:23 | INFO    | epoch 32 | batch 1360/4266 | loss 0.4136 | acc 0.9897 | lr 1.32e-05 | 93s
2026-09-19 00:05:24 | INFO    | epoch 32 | batch 1380/4266 | loss 0.4137 | acc 0.9897 | lr 1.32e-05 | 95s
2026-09-19 00:05:25 | INFO    | epoch 32 | batch 1400/4266 | loss 0.4137 | acc 0.9897 | lr 1.32e-05 | 96s
2026-09-19 00:05:27 | INFO    | epoch 32 | batch 1420/4266 | loss 0.4137 | acc 0.9897 | lr 1.32e-05 | 97s
2026-09-19 00:05:28 | INFO    | epoch 32 | batch 1440/4266 | loss 0.4138 | acc 0.9897 | lr 1.32e-05 | 99s
2026-09-19 00:05:29 | INFO    | epoch 32 | batch 1460/4266 | loss 0.4138 | acc 0.9897 | lr 1.31e-05 | 100s
2026-09-19 00:05:31 | INFO    | epoch 32 | batch 1480/4266 | loss 0.4137 | acc 0.9897 | lr 1.31e-05 | 101s
2026-09-19 00:05:32 | INFO    | epoch 32 | batch 1500/4266 | loss 0.4136 | acc 0.9897 | lr 1.31e-05 | 103s
2026-09-19 00:05:34 | INFO    | epoch 32 | batch 1520/4266 | loss 0.4137 | acc 0.9897 | lr 1.31e-05 | 104s
2026-09-19 00:05:35 | INFO    | epoch 32 | batch 1540/4266 | loss 0.4137 | acc 0.9897 | lr 1.31e-05 | 105s
2026-09-19 00:05:36 | INFO    | epoch 32 | batch 1560/4266 | loss 0.4140 | acc 0.9895 | lr 1.31e-05 | 107s
2026-09-19 00:05:38 | INFO    | epoch 32 | batch 1580/4266 | loss 0.4139 | acc 0.9895 | lr 1.31e-05 | 108s
2026-09-19 00:05:39 | INFO    | epoch 32 | batch 1600/4266 | loss 0.4138 | acc 0.9896 | lr 1.31e-05 | 110s
2026-09-19 00:05:40 | INFO    | epoch 32 | batch 1620/4266 | loss 0.4136 | acc 0.9896 | lr 1.30e-05 | 111s
2026-09-19 00:05:42 | INFO    | epoch 32 | batch 1640/4266 | loss 0.4136 | acc 0.9897 | lr 1.30e-05 | 112s
2026-09-19 00:05:43 | INFO    | epoch 32 | batch 1660/4266 | loss 0.4136 | acc 0.9896 | lr 1.30e-05 | 114s
2026-09-19 00:05:45 | INFO    | epoch 32 | batch 1680/4266 | loss 0.4134 | acc 0.9897 | lr 1.30e-05 | 115s
2026-09-19 00:05:46 | INFO    | epoch 32 | batch 1700/4266 | loss 0.4135 | acc 0.9897 | lr 1.30e-05 | 117s
2026-09-19 00:05:47 | INFO    | epoch 32 | batch 1720/4266 | loss 0.4135 | acc 0.9897 | lr 1.30e-05 | 118s
2026-09-19 00:05:49 | INFO    | epoch 32 | batch 1740/4266 | loss 0.4135 | acc 0.9897 | lr 1.30e-05 | 119s
2026-09-19 00:05:50 | INFO    | epoch 32 | batch 1760/4266 | loss 0.4133 | acc 0.9898 | lr 1.30e-05 | 121s
2026-09-19 00:05:52 | INFO    | epoch 32 | batch 1780/4266 | loss 0.4132 | acc 0.9898 | lr 1.29e-05 | 122s
2026-09-19 00:05:53 | INFO    | epoch 32 | batch 1800/4266 | loss 0.4132 | acc 0.9898 | lr 1.29e-05 | 123s
2026-09-19 00:05:54 | INFO    | epoch 32 | batch 1820/4266 | loss 0.4134 | acc 0.9898 | lr 1.29e-05 | 125s
2026-09-19 00:05:56 | INFO    | epoch 32 | batch 1840/4266 | loss 0.4134 | acc 0.9897 | lr 1.29e-05 | 126s
2026-09-19 00:05:57 | INFO    | epoch 32 | batch 1860/4266 | loss 0.4134 | acc 0.9897 | lr 1.29e-05 | 127s
2026-09-19 00:05:58 | INFO    | epoch 32 | batch 1880/4266 | loss 0.4133 | acc 0.9898 | lr 1.29e-05 | 129s
2026-09-19 00:06:00 | INFO    | epoch 32 | batch 1900/4266 | loss 0.4135 | acc 0.9897 | lr 1.29e-05 | 130s
2026-09-19 00:06:01 | INFO    | epoch 32 | batch 1920/4266 | loss 0.4135 | acc 0.9896 | lr 1.29e-05 | 132s
2026-09-19 00:06:03 | INFO    | epoch 32 | batch 1940/4266 | loss 0.4135 | acc 0.9896 | lr 1.28e-05 | 133s
2026-09-19 00:06:04 | INFO    | epoch 32 | batch 1960/4266 | loss 0.4137 | acc 0.9896 | lr 1.28e-05 | 134s
2026-09-19 00:06:05 | INFO    | epoch 32 | batch 1980/4266 | loss 0.4136 | acc 0.9896 | lr 1.28e-05 | 136s
2026-09-19 00:06:07 | INFO    | epoch 32 | batch 2000/4266 | loss 0.4136 | acc 0.9896 | lr 1.28e-05 | 137s
2026-09-19 00:06:08 | INFO    | epoch 32 | batch 2020/4266 | loss 0.4135 | acc 0.9896 | lr 1.28e-05 | 139s
2026-09-19 00:06:09 | INFO    | epoch 32 | batch 2040/4266 | loss 0.4135 | acc 0.9896 | lr 1.28e-05 | 140s
2026-09-19 00:06:11 | INFO    | epoch 32 | batch 2060/4266 | loss 0.4136 | acc 0.9895 | lr 1.28e-05 | 141s
2026-09-19 00:06:12 | INFO    | epoch 32 | batch 2080/4266 | loss 0.4137 | acc 0.9895 | lr 1.28e-05 | 143s
2026-09-19 00:06:14 | INFO    | epoch 32 | batch 2100/4266 | loss 0.4138 | acc 0.9894 | lr 1.27e-05 | 144s
2026-09-19 00:06:15 | INFO    | epoch 32 | batch 2120/4266 | loss 0.4137 | acc 0.9895 | lr 1.27e-05 | 145s
2026-09-19 00:06:16 | INFO    | epoch 32 | batch 2140/4266 | loss 0.4137 | acc 0.9895 | lr 1.27e-05 | 147s
2026-09-19 00:06:18 | INFO    | epoch 32 | batch 2160/4266 | loss 0.4137 | acc 0.9895 | lr 1.27e-05 | 148s
2026-09-19 00:06:19 | INFO    | epoch 32 | batch 2180/4266 | loss 0.4137 | acc 0.9895 | lr 1.27e-05 | 150s
2026-09-19 00:06:21 | INFO    | epoch 32 | batch 2200/4266 | loss 0.4137 | acc 0.9895 | lr 1.27e-05 | 151s
2026-09-19 00:06:22 | INFO    | epoch 32 | batch 2220/4266 | loss 0.4136 | acc 0.9895 | lr 1.27e-05 | 153s
2026-09-19 00:06:23 | INFO    | epoch 32 | batch 2240/4266 | loss 0.4136 | acc 0.9895 | lr 1.27e-05 | 154s
2026-09-19 00:06:25 | INFO    | epoch 32 | batch 2260/4266 | loss 0.4137 | acc 0.9895 | lr 1.26e-05 | 155s
2026-09-19 00:06:26 | INFO    | epoch 32 | batch 2280/4266 | loss 0.4136 | acc 0.9896 | lr 1.26e-05 | 157s
2026-09-19 00:06:28 | INFO    | epoch 32 | batch 2300/4266 | loss 0.4135 | acc 0.9896 | lr 1.26e-05 | 158s
2026-09-19 00:06:29 | INFO    | epoch 32 | batch 2320/4266 | loss 0.4135 | acc 0.9895 | lr 1.26e-05 | 160s
2026-09-19 00:06:30 | INFO    | epoch 32 | batch 2340/4266 | loss 0.4136 | acc 0.9896 | lr 1.26e-05 | 161s
2026-09-19 00:06:32 | INFO    | epoch 32 | batch 2360/4266 | loss 0.4136 | acc 0.9895 | lr 1.26e-05 | 162s
2026-09-19 00:06:33 | INFO    | epoch 32 | batch 2380/4266 | loss 0.4137 | acc 0.9895 | lr 1.26e-05 | 164s
2026-09-19 00:06:35 | INFO    | epoch 32 | batch 2400/4266 | loss 0.4136 | acc 0.9895 | lr 1.26e-05 | 165s
2026-09-19 00:06:36 | INFO    | epoch 32 | batch 2420/4266 | loss 0.4136 | acc 0.9895 | lr 1.25e-05 | 166s
2026-09-19 00:06:37 | INFO    | epoch 32 | batch 2440/4266 | loss 0.4136 | acc 0.9895 | lr 1.25e-05 | 168s
2026-09-19 00:06:39 | INFO    | epoch 32 | batch 2460/4266 | loss 0.4136 | acc 0.9895 | lr 1.25e-05 | 169s
2026-09-19 00:06:40 | INFO    | epoch 32 | batch 2480/4266 | loss 0.4136 | acc 0.9896 | lr 1.25e-05 | 171s
2026-09-19 00:06:41 | INFO    | epoch 32 | batch 2500/4266 | loss 0.4137 | acc 0.9896 | lr 1.25e-05 | 172s
2026-09-19 00:06:43 | INFO    | epoch 32 | batch 2520/4266 | loss 0.4138 | acc 0.9895 | lr 1.25e-05 | 173s
2026-09-19 00:06:44 | INFO    | epoch 32 | batch 2540/4266 | loss 0.4137 | acc 0.9895 | lr 1.25e-05 | 175s
2026-09-19 00:06:46 | INFO    | epoch 32 | batch 2560/4266 | loss 0.4136 | acc 0.9895 | lr 1.25e-05 | 176s
2026-09-19 00:06:47 | INFO    | epoch 32 | batch 2580/4266 | loss 0.4136 | acc 0.9896 | lr 1.25e-05 | 177s
2026-09-19 00:06:48 | INFO    | epoch 32 | batch 2600/4266 | loss 0.4136 | acc 0.9895 | lr 1.24e-05 | 179s
2026-09-19 00:06:50 | INFO    | epoch 32 | batch 2620/4266 | loss 0.4136 | acc 0.9895 | lr 1.24e-05 | 180s
2026-09-19 00:06:51 | INFO    | epoch 32 | batch 2640/4266 | loss 0.4137 | acc 0.9895 | lr 1.24e-05 | 181s
2026-09-19 00:06:52 | INFO    | epoch 32 | batch 2660/4266 | loss 0.4137 | acc 0.9895 | lr 1.24e-05 | 183s
2026-09-19 00:06:54 | INFO    | epoch 32 | batch 2680/4266 | loss 0.4137 | acc 0.9895 | lr 1.24e-05 | 184s
2026-09-19 00:06:55 | INFO    | epoch 32 | batch 2700/4266 | loss 0.4136 | acc 0.9895 | lr 1.24e-05 | 186s
2026-09-19 00:06:57 | INFO    | epoch 32 | batch 2720/4266 | loss 0.4137 | acc 0.9895 | lr 1.24e-05 | 187s
2026-09-19 00:06:58 | INFO    | epoch 32 | batch 2740/4266 | loss 0.4136 | acc 0.9896 | lr 1.24e-05 | 188s
2026-09-19 00:06:59 | INFO    | epoch 32 | batch 2760/4266 | loss 0.4136 | acc 0.9896 | lr 1.23e-05 | 190s
2026-09-19 00:07:01 | INFO    | epoch 32 | batch 2780/4266 | loss 0.4136 | acc 0.9896 | lr 1.23e-05 | 191s
2026-09-19 00:07:02 | INFO    | epoch 32 | batch 2800/4266 | loss 0.4136 | acc 0.9896 | lr 1.23e-05 | 193s
2026-09-19 00:07:03 | INFO    | epoch 32 | batch 2820/4266 | loss 0.4136 | acc 0.9896 | lr 1.23e-05 | 194s
2026-09-19 00:07:05 | INFO    | epoch 32 | batch 2840/4266 | loss 0.4136 | acc 0.9896 | lr 1.23e-05 | 195s
2026-09-19 00:07:06 | INFO    | epoch 32 | batch 2860/4266 | loss 0.4136 | acc 0.9896 | lr 1.23e-05 | 197s
2026-09-19 00:07:07 | INFO    | epoch 32 | batch 2880/4266 | loss 0.4137 | acc 0.9896 | lr 1.23e-05 | 198s
2026-09-19 00:07:09 | INFO    | epoch 32 | batch 2900/4266 | loss 0.4137 | acc 0.9896 | lr 1.23e-05 | 199s
2026-09-19 00:07:10 | INFO    | epoch 32 | batch 2920/4266 | loss 0.4137 | acc 0.9896 | lr 1.22e-05 | 201s
2026-09-19 00:07:12 | INFO    | epoch 32 | batch 2940/4266 | loss 0.4137 | acc 0.9896 | lr 1.22e-05 | 202s
2026-09-19 00:07:13 | INFO    | epoch 32 | batch 2960/4266 | loss 0.4137 | acc 0.9896 | lr 1.22e-05 | 203s
2026-09-19 00:07:14 | INFO    | epoch 32 | batch 2980/4266 | loss 0.4137 | acc 0.9896 | lr 1.22e-05 | 205s
2026-09-19 00:07:16 | INFO    | epoch 32 | batch 3000/4266 | loss 0.4137 | acc 0.9896 | lr 1.22e-05 | 206s
2026-09-19 00:07:17 | INFO    | epoch 32 | batch 3020/4266 | loss 0.4136 | acc 0.9896 | lr 1.22e-05 | 208s
2026-09-19 00:07:19 | INFO    | epoch 32 | batch 3040/4266 | loss 0.4136 | acc 0.9896 | lr 1.22e-05 | 209s
2026-09-19 00:07:20 | INFO    | epoch 32 | batch 3060/4266 | loss 0.4136 | acc 0.9897 | lr 1.22e-05 | 210s
2026-09-19 00:07:21 | INFO    | epoch 32 | batch 3080/4266 | loss 0.4136 | acc 0.9897 | lr 1.21e-05 | 212s
2026-09-19 00:07:23 | INFO    | epoch 32 | batch 3100/4266 | loss 0.4135 | acc 0.9897 | lr 1.21e-05 | 213s
2026-09-19 00:07:24 | INFO    | epoch 32 | batch 3120/4266 | loss 0.4136 | acc 0.9897 | lr 1.21e-05 | 214s
2026-09-19 00:07:25 | INFO    | epoch 32 | batch 3140/4266 | loss 0.4136 | acc 0.9897 | lr 1.21e-05 | 216s
2026-09-19 00:07:27 | INFO    | epoch 32 | batch 3160/4266 | loss 0.4136 | acc 0.9897 | lr 1.21e-05 | 217s
2026-09-19 00:07:28 | INFO    | epoch 32 | batch 3180/4266 | loss 0.4136 | acc 0.9897 | lr 1.21e-05 | 218s
2026-09-19 00:07:29 | INFO    | epoch 32 | batch 3200/4266 | loss 0.4136 | acc 0.9897 | lr 1.21e-05 | 220s
2026-09-19 00:07:31 | INFO    | epoch 32 | batch 3220/4266 | loss 0.4136 | acc 0.9897 | lr 1.21e-05 | 221s
2026-09-19 00:07:32 | INFO    | epoch 32 | batch 3240/4266 | loss 0.4135 | acc 0.9898 | lr 1.20e-05 | 223s
2026-09-19 00:07:34 | INFO    | epoch 32 | batch 3260/4266 | loss 0.4135 | acc 0.9898 | lr 1.20e-05 | 224s
2026-09-19 00:07:35 | INFO    | epoch 32 | batch 3280/4266 | loss 0.4135 | acc 0.9897 | lr 1.20e-05 | 225s
2026-09-19 00:07:36 | INFO    | epoch 32 | batch 3300/4266 | loss 0.4136 | acc 0.9897 | lr 1.20e-05 | 227s
2026-09-19 00:07:38 | INFO    | epoch 32 | batch 3320/4266 | loss 0.4136 | acc 0.9897 | lr 1.20e-05 | 228s
2026-09-19 00:07:39 | INFO    | epoch 32 | batch 3340/4266 | loss 0.4136 | acc 0.9897 | lr 1.20e-05 | 230s
2026-09-19 00:07:41 | INFO    | epoch 32 | batch 3360/4266 | loss 0.4136 | acc 0.9898 | lr 1.20e-05 | 231s
2026-09-19 00:07:42 | INFO    | epoch 32 | batch 3380/4266 | loss 0.4136 | acc 0.9898 | lr 1.20e-05 | 233s
2026-09-19 00:07:43 | INFO    | epoch 32 | batch 3400/4266 | loss 0.4136 | acc 0.9897 | lr 1.20e-05 | 234s
2026-09-19 00:07:45 | INFO    | epoch 32 | batch 3420/4266 | loss 0.4136 | acc 0.9897 | lr 1.19e-05 | 235s
2026-09-19 00:07:46 | INFO    | epoch 32 | batch 3440/4266 | loss 0.4136 | acc 0.9898 | lr 1.19e-05 | 237s
2026-09-19 00:07:48 | INFO    | epoch 32 | batch 3460/4266 | loss 0.4136 | acc 0.9898 | lr 1.19e-05 | 238s
2026-09-19 00:07:49 | INFO    | epoch 32 | batch 3480/4266 | loss 0.4135 | acc 0.9898 | lr 1.19e-05 | 240s
2026-09-19 00:07:51 | INFO    | epoch 32 | batch 3500/4266 | loss 0.4134 | acc 0.9898 | lr 1.19e-05 | 241s
2026-09-19 00:07:52 | INFO    | epoch 32 | batch 3520/4266 | loss 0.4135 | acc 0.9898 | lr 1.19e-05 | 242s
2026-09-19 00:07:53 | INFO    | epoch 32 | batch 3540/4266 | loss 0.4135 | acc 0.9898 | lr 1.19e-05 | 244s
2026-09-19 00:07:55 | INFO    | epoch 32 | batch 3560/4266 | loss 0.4135 | acc 0.9898 | lr 1.19e-05 | 245s
2026-09-19 00:07:56 | INFO    | epoch 32 | batch 3580/4266 | loss 0.4135 | acc 0.9898 | lr 1.18e-05 | 247s
2026-09-19 00:07:58 | INFO    | epoch 32 | batch 3600/4266 | loss 0.4135 | acc 0.9898 | lr 1.18e-05 | 248s
2026-09-19 00:07:59 | INFO    | epoch 32 | batch 3620/4266 | loss 0.4135 | acc 0.9898 | lr 1.18e-05 | 249s
2026-09-19 00:08:00 | INFO    | epoch 32 | batch 3640/4266 | loss 0.4135 | acc 0.9898 | lr 1.18e-05 | 251s
2026-09-19 00:08:02 | INFO    | epoch 32 | batch 3660/4266 | loss 0.4135 | acc 0.9898 | lr 1.18e-05 | 252s
2026-09-19 00:08:03 | INFO    | epoch 32 | batch 3680/4266 | loss 0.4135 | acc 0.9898 | lr 1.18e-05 | 254s
2026-09-19 00:08:05 | INFO    | epoch 32 | batch 3700/4266 | loss 0.4134 | acc 0.9898 | lr 1.18e-05 | 255s
2026-09-19 00:08:06 | INFO    | epoch 32 | batch 3720/4266 | loss 0.4135 | acc 0.9898 | lr 1.18e-05 | 256s
2026-09-19 00:08:07 | INFO    | epoch 32 | batch 3740/4266 | loss 0.4134 | acc 0.9898 | lr 1.17e-05 | 258s
2026-09-19 00:08:09 | INFO    | epoch 32 | batch 3760/4266 | loss 0.4134 | acc 0.9898 | lr 1.17e-05 | 259s
2026-09-19 00:08:10 | INFO    | epoch 32 | batch 3780/4266 | loss 0.4134 | acc 0.9898 | lr 1.17e-05 | 260s
2026-09-19 00:08:11 | INFO    | epoch 32 | batch 3800/4266 | loss 0.4134 | acc 0.9898 | lr 1.17e-05 | 262s
2026-09-19 00:08:13 | INFO    | epoch 32 | batch 3820/4266 | loss 0.4134 | acc 0.9898 | lr 1.17e-05 | 263s
2026-09-19 00:08:14 | INFO    | epoch 32 | batch 3840/4266 | loss 0.4134 | acc 0.9898 | lr 1.17e-05 | 265s
2026-09-19 00:08:15 | INFO    | epoch 32 | batch 3860/4266 | loss 0.4134 | acc 0.9899 | lr 1.17e-05 | 266s
2026-09-19 00:08:17 | INFO    | epoch 32 | batch 3880/4266 | loss 0.4133 | acc 0.9899 | lr 1.17e-05 | 267s
2026-09-19 00:08:18 | INFO    | epoch 32 | batch 3900/4266 | loss 0.4134 | acc 0.9899 | lr 1.17e-05 | 269s
2026-09-19 00:08:20 | INFO    | epoch 32 | batch 3920/4266 | loss 0.4134 | acc 0.9899 | lr 1.16e-05 | 270s
2026-09-19 00:08:21 | INFO    | epoch 32 | batch 3940/4266 | loss 0.4134 | acc 0.9899 | lr 1.16e-05 | 271s
2026-09-19 00:08:22 | INFO    | epoch 32 | batch 3960/4266 | loss 0.4134 | acc 0.9899 | lr 1.16e-05 | 273s
2026-09-19 00:08:24 | INFO    | epoch 32 | batch 3980/4266 | loss 0.4134 | acc 0.9899 | lr 1.16e-05 | 274s
2026-09-19 00:08:25 | INFO    | epoch 32 | batch 4000/4266 | loss 0.4134 | acc 0.9898 | lr 1.16e-05 | 276s
2026-09-19 00:08:27 | INFO    | epoch 32 | batch 4020/4266 | loss 0.4134 | acc 0.9898 | lr 1.16e-05 | 277s
2026-09-19 00:08:28 | INFO    | epoch 32 | batch 4040/4266 | loss 0.4134 | acc 0.9898 | lr 1.16e-05 | 278s
2026-09-19 00:08:29 | INFO    | epoch 32 | batch 4060/4266 | loss 0.4134 | acc 0.9898 | lr 1.16e-05 | 280s
2026-09-19 00:08:31 | INFO    | epoch 32 | batch 4080/4266 | loss 0.4134 | acc 0.9899 | lr 1.15e-05 | 281s
2026-09-19 00:08:32 | INFO    | epoch 32 | batch 4100/4266 | loss 0.4134 | acc 0.9898 | lr 1.15e-05 | 283s
2026-09-19 00:08:34 | INFO    | epoch 32 | batch 4120/4266 | loss 0.4134 | acc 0.9899 | lr 1.15e-05 | 284s
2026-09-19 00:08:35 | INFO    | epoch 32 | batch 4140/4266 | loss 0.4134 | acc 0.9899 | lr 1.15e-05 | 285s
2026-09-19 00:08:36 | INFO    | epoch 32 | batch 4160/4266 | loss 0.4134 | acc 0.9899 | lr 1.15e-05 | 287s
2026-09-19 00:08:38 | INFO    | epoch 32 | batch 4180/4266 | loss 0.4135 | acc 0.9898 | lr 1.15e-05 | 288s
2026-09-19 00:08:39 | INFO    | epoch 32 | batch 4200/4266 | loss 0.4135 | acc 0.9898 | lr 1.15e-05 | 290s
2026-09-19 00:08:40 | INFO    | epoch 32 | batch 4220/4266 | loss 0.4135 | acc 0.9898 | lr 1.15e-05 | 291s
2026-09-19 00:08:42 | INFO    | epoch 32 | batch 4240/4266 | loss 0.4134 | acc 0.9899 | lr 1.15e-05 | 292s
2026-09-19 00:08:43 | INFO    | epoch 32 | batch 4260/4266 | loss 0.4135 | acc 0.9898 | lr 1.14e-05 | 294s
2026-09-19 00:08:44 | INFO    | epoch 32 | batch 4266/4266 | loss 0.4135 | acc 0.9898 | lr 1.14e-05 | 294s
2026-09-19 00:08:53 | INFO    | epoch 32/40 done in 304s | train loss 0.4135 | train running patch (aug): accuracy=0.9898 precision=0.9896 recall=0.9896 f1=0.9896
2026-09-19 00:08:53 | INFO    | epoch 32 train (eval, no aug) | loss 0.3932 | patch[7280]: accuracy=0.9989 precision=0.9989 recall=0.9988 f1=0.9988 | image[455]: accuracy=1.0000 precision=1.0000 recall=1.0000 f1=1.0000
2026-09-19 00:08:53 | INFO    | epoch 32 val | loss 1.2192 | patch[8448]: accuracy=0.6921 precision=0.6667 recall=0.6663 f1=0.6662 | image[96]: accuracy=0.7500 precision=0.7156 recall=0.7147 f1=0.7125
2026-09-19 00:08:53 | INFO    | val_patch_f1 = 0.6662 (best 0.6789 @ epoch 28)
2026-09-19 00:08:55 | INFO    | epoch 33 | batch 20/4266 | loss 0.4035 | acc 0.9953 | lr 1.14e-05 | 1s
2026-09-19 00:08:56 | INFO    | epoch 33 | batch 40/4266 | loss 0.4084 | acc 0.9930 | lr 1.14e-05 | 3s
2026-09-19 00:08:58 | INFO    | epoch 33 | batch 60/4266 | loss 0.4086 | acc 0.9927 | lr 1.14e-05 | 4s
2026-09-19 00:08:59 | INFO    | epoch 33 | batch 80/4266 | loss 0.4099 | acc 0.9918 | lr 1.14e-05 | 6s
2026-09-19 00:09:00 | INFO    | epoch 33 | batch 100/4266 | loss 0.4116 | acc 0.9912 | lr 1.14e-05 | 7s
2026-09-19 00:09:02 | INFO    | epoch 33 | batch 120/4266 | loss 0.4103 | acc 0.9917 | lr 1.14e-05 | 8s
2026-09-19 00:09:03 | INFO    | epoch 33 | batch 140/4266 | loss 0.4114 | acc 0.9913 | lr 1.14e-05 | 10s
2026-09-19 00:09:05 | INFO    | epoch 33 | batch 160/4266 | loss 0.4109 | acc 0.9914 | lr 1.13e-05 | 11s
2026-09-19 00:09:06 | INFO    | epoch 33 | batch 180/4266 | loss 0.4110 | acc 0.9913 | lr 1.13e-05 | 13s
2026-09-19 00:09:08 | INFO    | epoch 33 | batch 200/4266 | loss 0.4114 | acc 0.9911 | lr 1.13e-05 | 14s
2026-09-19 00:09:09 | INFO    | epoch 33 | batch 220/4266 | loss 0.4110 | acc 0.9913 | lr 1.13e-05 | 16s
2026-09-19 00:09:10 | INFO    | epoch 33 | batch 240/4266 | loss 0.4111 | acc 0.9913 | lr 1.13e-05 | 17s
2026-09-19 00:09:12 | INFO    | epoch 33 | batch 260/4266 | loss 0.4112 | acc 0.9909 | lr 1.13e-05 | 18s
2026-09-19 00:09:13 | INFO    | epoch 33 | batch 280/4266 | loss 0.4115 | acc 0.9907 | lr 1.13e-05 | 20s
2026-09-19 00:09:15 | INFO    | epoch 33 | batch 300/4266 | loss 0.4110 | acc 0.9910 | lr 1.13e-05 | 21s
2026-09-19 00:09:16 | INFO    | epoch 33 | batch 320/4266 | loss 0.4110 | acc 0.9907 | lr 1.12e-05 | 23s
2026-09-19 00:09:17 | INFO    | epoch 33 | batch 340/4266 | loss 0.4106 | acc 0.9908 | lr 1.12e-05 | 24s
2026-09-19 00:09:19 | INFO    | epoch 33 | batch 360/4266 | loss 0.4110 | acc 0.9906 | lr 1.12e-05 | 25s
2026-09-19 00:09:20 | INFO    | epoch 33 | batch 380/4266 | loss 0.4113 | acc 0.9904 | lr 1.12e-05 | 27s
2026-09-19 00:09:22 | INFO    | epoch 33 | batch 400/4266 | loss 0.4112 | acc 0.9902 | lr 1.12e-05 | 28s
2026-09-19 00:09:23 | INFO    | epoch 33 | batch 420/4266 | loss 0.4114 | acc 0.9903 | lr 1.12e-05 | 30s
2026-09-19 00:09:24 | INFO    | epoch 33 | batch 440/4266 | loss 0.4118 | acc 0.9902 | lr 1.12e-05 | 31s
2026-09-19 00:09:26 | INFO    | epoch 33 | batch 460/4266 | loss 0.4117 | acc 0.9903 | lr 1.12e-05 | 32s
2026-09-19 00:09:27 | INFO    | epoch 33 | batch 480/4266 | loss 0.4116 | acc 0.9904 | lr 1.12e-05 | 34s
2026-09-19 00:09:29 | INFO    | epoch 33 | batch 500/4266 | loss 0.4117 | acc 0.9902 | lr 1.11e-05 | 35s
2026-09-19 00:09:30 | INFO    | epoch 33 | batch 520/4266 | loss 0.4119 | acc 0.9902 | lr 1.11e-05 | 36s
2026-09-19 00:09:31 | INFO    | epoch 33 | batch 540/4266 | loss 0.4119 | acc 0.9901 | lr 1.11e-05 | 38s
2026-09-19 00:09:33 | INFO    | epoch 33 | batch 560/4266 | loss 0.4118 | acc 0.9902 | lr 1.11e-05 | 39s
2026-09-19 00:09:34 | INFO    | epoch 33 | batch 580/4266 | loss 0.4123 | acc 0.9901 | lr 1.11e-05 | 41s
2026-09-19 00:09:35 | INFO    | epoch 33 | batch 600/4266 | loss 0.4125 | acc 0.9900 | lr 1.11e-05 | 42s
2026-09-19 00:09:37 | INFO    | epoch 33 | batch 620/4266 | loss 0.4125 | acc 0.9899 | lr 1.11e-05 | 43s
2026-09-19 00:09:38 | INFO    | epoch 33 | batch 640/4266 | loss 0.4124 | acc 0.9900 | lr 1.11e-05 | 45s
2026-09-19 00:09:40 | INFO    | epoch 33 | batch 660/4266 | loss 0.4125 | acc 0.9901 | lr 1.11e-05 | 46s
2026-09-19 00:09:41 | INFO    | epoch 33 | batch 680/4266 | loss 0.4128 | acc 0.9898 | lr 1.10e-05 | 48s
2026-09-19 00:09:42 | INFO    | epoch 33 | batch 700/4266 | loss 0.4127 | acc 0.9899 | lr 1.10e-05 | 49s
2026-09-19 00:09:44 | INFO    | epoch 33 | batch 720/4266 | loss 0.4126 | acc 0.9899 | lr 1.10e-05 | 50s
2026-09-19 00:09:45 | INFO    | epoch 33 | batch 740/4266 | loss 0.4126 | acc 0.9899 | lr 1.10e-05 | 52s
2026-09-19 00:09:46 | INFO    | epoch 33 | batch 760/4266 | loss 0.4123 | acc 0.9900 | lr 1.10e-05 | 53s
2026-09-19 00:09:48 | INFO    | epoch 33 | batch 780/4266 | loss 0.4122 | acc 0.9901 | lr 1.10e-05 | 54s
2026-09-19 00:09:49 | INFO    | epoch 33 | batch 800/4266 | loss 0.4124 | acc 0.9898 | lr 1.10e-05 | 56s
2026-09-19 00:09:51 | INFO    | epoch 33 | batch 820/4266 | loss 0.4124 | acc 0.9898 | lr 1.10e-05 | 57s
2026-09-19 00:09:52 | INFO    | epoch 33 | batch 840/4266 | loss 0.4122 | acc 0.9899 | lr 1.09e-05 | 59s
2026-09-19 00:09:53 | INFO    | epoch 33 | batch 860/4266 | loss 0.4120 | acc 0.9900 | lr 1.09e-05 | 60s
2026-09-19 00:09:55 | INFO    | epoch 33 | batch 880/4266 | loss 0.4119 | acc 0.9901 | lr 1.09e-05 | 61s
2026-09-19 00:09:56 | INFO    | epoch 33 | batch 900/4266 | loss 0.4117 | acc 0.9902 | lr 1.09e-05 | 63s
2026-09-19 00:09:58 | INFO    | epoch 33 | batch 920/4266 | loss 0.4115 | acc 0.9903 | lr 1.09e-05 | 64s
2026-09-19 00:09:59 | INFO    | epoch 33 | batch 940/4266 | loss 0.4115 | acc 0.9903 | lr 1.09e-05 | 65s
2026-09-19 00:10:00 | INFO    | epoch 33 | batch 960/4266 | loss 0.4117 | acc 0.9902 | lr 1.09e-05 | 67s
2026-09-19 00:10:02 | INFO    | epoch 33 | batch 980/4266 | loss 0.4119 | acc 0.9901 | lr 1.09e-05 | 68s
2026-09-19 00:10:03 | INFO    | epoch 33 | batch 1000/4266 | loss 0.4118 | acc 0.9901 | lr 1.09e-05 | 70s
2026-09-19 00:10:04 | INFO    | epoch 33 | batch 1020/4266 | loss 0.4116 | acc 0.9902 | lr 1.08e-05 | 71s
2026-09-19 00:10:06 | INFO    | epoch 33 | batch 1040/4266 | loss 0.4116 | acc 0.9902 | lr 1.08e-05 | 72s
2026-09-19 00:10:07 | INFO    | epoch 33 | batch 1060/4266 | loss 0.4115 | acc 0.9903 | lr 1.08e-05 | 74s
2026-09-19 00:10:09 | INFO    | epoch 33 | batch 1080/4266 | loss 0.4113 | acc 0.9904 | lr 1.08e-05 | 75s
2026-09-19 00:10:10 | INFO    | epoch 33 | batch 1100/4266 | loss 0.4112 | acc 0.9905 | lr 1.08e-05 | 76s
2026-09-19 00:10:11 | INFO    | epoch 33 | batch 1120/4266 | loss 0.4111 | acc 0.9905 | lr 1.08e-05 | 78s
2026-09-19 00:10:13 | INFO    | epoch 33 | batch 1140/4266 | loss 0.4111 | acc 0.9905 | lr 1.08e-05 | 79s
2026-09-19 00:10:14 | INFO    | epoch 33 | batch 1160/4266 | loss 0.4111 | acc 0.9905 | lr 1.08e-05 | 81s
2026-09-19 00:10:15 | INFO    | epoch 33 | batch 1180/4266 | loss 0.4111 | acc 0.9905 | lr 1.08e-05 | 82s
2026-09-19 00:10:17 | INFO    | epoch 33 | batch 1200/4266 | loss 0.4114 | acc 0.9904 | lr 1.07e-05 | 83s
2026-09-19 00:10:18 | INFO    | epoch 33 | batch 1220/4266 | loss 0.4114 | acc 0.9904 | lr 1.07e-05 | 85s
2026-09-19 00:10:19 | INFO    | epoch 33 | batch 1240/4266 | loss 0.4116 | acc 0.9903 | lr 1.07e-05 | 86s
2026-09-19 00:10:21 | INFO    | epoch 33 | batch 1260/4266 | loss 0.4115 | acc 0.9903 | lr 1.07e-05 | 87s
2026-09-19 00:10:22 | INFO    | epoch 33 | batch 1280/4266 | loss 0.4116 | acc 0.9902 | lr 1.07e-05 | 89s
2026-09-19 00:10:24 | INFO    | epoch 33 | batch 1300/4266 | loss 0.4115 | acc 0.9903 | lr 1.07e-05 | 90s
2026-09-19 00:10:25 | INFO    | epoch 33 | batch 1320/4266 | loss 0.4115 | acc 0.9903 | lr 1.07e-05 | 92s
2026-09-19 00:10:26 | INFO    | epoch 33 | batch 1340/4266 | loss 0.4114 | acc 0.9903 | lr 1.07e-05 | 93s
2026-09-19 00:10:28 | INFO    | epoch 33 | batch 1360/4266 | loss 0.4115 | acc 0.9903 | lr 1.06e-05 | 94s
2026-09-19 00:10:29 | INFO    | epoch 33 | batch 1380/4266 | loss 0.4114 | acc 0.9903 | lr 1.06e-05 | 96s
2026-09-19 00:10:30 | INFO    | epoch 33 | batch 1400/4266 | loss 0.4114 | acc 0.9903 | lr 1.06e-05 | 97s
2026-09-19 00:10:32 | INFO    | epoch 33 | batch 1420/4266 | loss 0.4114 | acc 0.9903 | lr 1.06e-05 | 98s
2026-09-19 00:10:33 | INFO    | epoch 33 | batch 1440/4266 | loss 0.4114 | acc 0.9903 | lr 1.06e-05 | 100s
2026-09-19 00:10:35 | INFO    | epoch 33 | batch 1460/4266 | loss 0.4114 | acc 0.9903 | lr 1.06e-05 | 101s
2026-09-19 00:10:36 | INFO    | epoch 33 | batch 1480/4266 | loss 0.4113 | acc 0.9904 | lr 1.06e-05 | 102s
2026-09-19 00:10:37 | INFO    | epoch 33 | batch 1500/4266 | loss 0.4112 | acc 0.9905 | lr 1.06e-05 | 104s
2026-09-19 00:10:39 | INFO    | epoch 33 | batch 1520/4266 | loss 0.4110 | acc 0.9906 | lr 1.06e-05 | 105s
2026-09-19 00:10:40 | INFO    | epoch 33 | batch 1540/4266 | loss 0.4110 | acc 0.9906 | lr 1.05e-05 | 107s
2026-09-19 00:10:41 | INFO    | epoch 33 | batch 1560/4266 | loss 0.4109 | acc 0.9907 | lr 1.05e-05 | 108s
2026-09-19 00:10:43 | INFO    | epoch 33 | batch 1580/4266 | loss 0.4110 | acc 0.9906 | lr 1.05e-05 | 109s
2026-09-19 00:10:44 | INFO    | epoch 33 | batch 1600/4266 | loss 0.4112 | acc 0.9905 | lr 1.05e-05 | 111s
2026-09-19 00:10:46 | INFO    | epoch 33 | batch 1620/4266 | loss 0.4112 | acc 0.9904 | lr 1.05e-05 | 112s
2026-09-19 00:10:47 | INFO    | epoch 33 | batch 1640/4266 | loss 0.4112 | acc 0.9904 | lr 1.05e-05 | 114s
2026-09-19 00:10:48 | INFO    | epoch 33 | batch 1660/4266 | loss 0.4112 | acc 0.9904 | lr 1.05e-05 | 115s
2026-09-19 00:10:50 | INFO    | epoch 33 | batch 1680/4266 | loss 0.4113 | acc 0.9904 | lr 1.05e-05 | 116s
2026-09-19 00:10:51 | INFO    | epoch 33 | batch 1700/4266 | loss 0.4114 | acc 0.9903 | lr 1.05e-05 | 118s
2026-09-19 00:10:53 | INFO    | epoch 33 | batch 1720/4266 | loss 0.4114 | acc 0.9903 | lr 1.04e-05 | 119s
2026-09-19 00:10:54 | INFO    | epoch 33 | batch 1740/4266 | loss 0.4112 | acc 0.9904 | lr 1.04e-05 | 121s
2026-09-19 00:10:55 | INFO    | epoch 33 | batch 1760/4266 | loss 0.4113 | acc 0.9904 | lr 1.04e-05 | 122s
2026-09-19 00:10:57 | INFO    | epoch 33 | batch 1780/4266 | loss 0.4111 | acc 0.9904 | lr 1.04e-05 | 123s
2026-09-19 00:10:58 | INFO    | epoch 33 | batch 1800/4266 | loss 0.4112 | acc 0.9904 | lr 1.04e-05 | 125s
2026-09-19 00:10:59 | INFO    | epoch 33 | batch 1820/4266 | loss 0.4112 | acc 0.9904 | lr 1.04e-05 | 126s
2026-09-19 00:11:01 | INFO    | epoch 33 | batch 1840/4266 | loss 0.4112 | acc 0.9904 | lr 1.04e-05 | 127s
2026-09-19 00:11:02 | INFO    | epoch 33 | batch 1860/4266 | loss 0.4111 | acc 0.9905 | lr 1.04e-05 | 129s
2026-09-19 00:11:04 | INFO    | epoch 33 | batch 1880/4266 | loss 0.4113 | acc 0.9904 | lr 1.04e-05 | 130s
2026-09-19 00:11:05 | INFO    | epoch 33 | batch 1900/4266 | loss 0.4112 | acc 0.9904 | lr 1.03e-05 | 132s
2026-09-19 00:11:06 | INFO    | epoch 33 | batch 1920/4266 | loss 0.4112 | acc 0.9904 | lr 1.03e-05 | 133s
2026-09-19 00:11:08 | INFO    | epoch 33 | batch 1940/4266 | loss 0.4112 | acc 0.9904 | lr 1.03e-05 | 134s
2026-09-19 00:11:09 | INFO    | epoch 33 | batch 1960/4266 | loss 0.4112 | acc 0.9904 | lr 1.03e-05 | 135s
2026-09-19 00:11:10 | INFO    | epoch 33 | batch 1980/4266 | loss 0.4111 | acc 0.9904 | lr 1.03e-05 | 137s
2026-09-19 00:11:11 | INFO    | epoch 33 | batch 2000/4266 | loss 0.4113 | acc 0.9903 | lr 1.03e-05 | 138s
2026-09-19 00:11:13 | INFO    | epoch 33 | batch 2020/4266 | loss 0.4113 | acc 0.9904 | lr 1.03e-05 | 139s
2026-09-19 00:11:14 | INFO    | epoch 33 | batch 2040/4266 | loss 0.4113 | acc 0.9904 | lr 1.03e-05 | 141s
2026-09-19 00:11:16 | INFO    | epoch 33 | batch 2060/4266 | loss 0.4113 | acc 0.9904 | lr 1.03e-05 | 142s
2026-09-19 00:11:17 | INFO    | epoch 33 | batch 2080/4266 | loss 0.4114 | acc 0.9903 | lr 1.02e-05 | 143s
2026-09-19 00:11:18 | INFO    | epoch 33 | batch 2100/4266 | loss 0.4114 | acc 0.9903 | lr 1.02e-05 | 145s
2026-09-19 00:11:20 | INFO    | epoch 33 | batch 2120/4266 | loss 0.4114 | acc 0.9903 | lr 1.02e-05 | 146s
2026-09-19 00:11:21 | INFO    | epoch 33 | batch 2140/4266 | loss 0.4113 | acc 0.9903 | lr 1.02e-05 | 147s
2026-09-19 00:11:22 | INFO    | epoch 33 | batch 2160/4266 | loss 0.4113 | acc 0.9904 | lr 1.02e-05 | 149s
2026-09-19 00:11:24 | INFO    | epoch 33 | batch 2180/4266 | loss 0.4113 | acc 0.9904 | lr 1.02e-05 | 150s
2026-09-19 00:11:25 | INFO    | epoch 33 | batch 2200/4266 | loss 0.4112 | acc 0.9904 | lr 1.02e-05 | 151s
2026-09-19 00:11:26 | INFO    | epoch 33 | batch 2220/4266 | loss 0.4112 | acc 0.9904 | lr 1.02e-05 | 153s
2026-09-19 00:11:28 | INFO    | epoch 33 | batch 2240/4266 | loss 0.4113 | acc 0.9904 | lr 1.02e-05 | 154s
2026-09-19 00:11:29 | INFO    | epoch 33 | batch 2260/4266 | loss 0.4113 | acc 0.9904 | lr 1.01e-05 | 156s
2026-09-19 00:11:30 | INFO    | epoch 33 | batch 2280/4266 | loss 0.4113 | acc 0.9904 | lr 1.01e-05 | 157s
2026-09-19 00:11:32 | INFO    | epoch 33 | batch 2300/4266 | loss 0.4113 | acc 0.9904 | lr 1.01e-05 | 158s
2026-09-19 00:11:33 | INFO    | epoch 33 | batch 2320/4266 | loss 0.4113 | acc 0.9904 | lr 1.01e-05 | 160s
2026-09-19 00:11:35 | INFO    | epoch 33 | batch 2340/4266 | loss 0.4113 | acc 0.9904 | lr 1.01e-05 | 161s
2026-09-19 00:11:36 | INFO    | epoch 33 | batch 2360/4266 | loss 0.4114 | acc 0.9904 | lr 1.01e-05 | 163s
2026-09-19 00:11:37 | INFO    | epoch 33 | batch 2380/4266 | loss 0.4114 | acc 0.9904 | lr 1.01e-05 | 164s
2026-09-19 00:11:39 | INFO    | epoch 33 | batch 2400/4266 | loss 0.4113 | acc 0.9904 | lr 1.01e-05 | 165s
2026-09-19 00:11:40 | INFO    | epoch 33 | batch 2420/4266 | loss 0.4112 | acc 0.9905 | lr 1.01e-05 | 167s
2026-09-19 00:11:41 | INFO    | epoch 33 | batch 2440/4266 | loss 0.4113 | acc 0.9904 | lr 1.00e-05 | 168s
2026-09-19 00:11:43 | INFO    | epoch 33 | batch 2460/4266 | loss 0.4113 | acc 0.9904 | lr 1.00e-05 | 169s
2026-09-19 00:11:44 | INFO    | epoch 33 | batch 2480/4266 | loss 0.4114 | acc 0.9903 | lr 1.00e-05 | 171s
2026-09-19 00:11:46 | INFO    | epoch 33 | batch 2500/4266 | loss 0.4114 | acc 0.9904 | lr 1.00e-05 | 172s
2026-09-19 00:11:47 | INFO    | epoch 33 | batch 2520/4266 | loss 0.4114 | acc 0.9904 | lr 1.00e-05 | 174s
2026-09-19 00:11:48 | INFO    | epoch 33 | batch 2540/4266 | loss 0.4114 | acc 0.9904 | lr 9.99e-06 | 175s
2026-09-19 00:11:50 | INFO    | epoch 33 | batch 2560/4266 | loss 0.4116 | acc 0.9903 | lr 9.98e-06 | 176s
2026-09-19 00:11:51 | INFO    | epoch 33 | batch 2580/4266 | loss 0.4116 | acc 0.9903 | lr 9.97e-06 | 178s
2026-09-19 00:11:53 | INFO    | epoch 33 | batch 2600/4266 | loss 0.4116 | acc 0.9903 | lr 9.96e-06 | 179s
2026-09-19 00:11:54 | INFO    | epoch 33 | batch 2620/4266 | loss 0.4115 | acc 0.9904 | lr 9.94e-06 | 181s
2026-09-19 00:11:55 | INFO    | epoch 33 | batch 2640/4266 | loss 0.4115 | acc 0.9904 | lr 9.93e-06 | 182s
2026-09-19 00:11:57 | INFO    | epoch 33 | batch 2660/4266 | loss 0.4116 | acc 0.9904 | lr 9.92e-06 | 183s
2026-09-19 00:11:58 | INFO    | epoch 33 | batch 2680/4266 | loss 0.4115 | acc 0.9904 | lr 9.91e-06 | 185s
2026-09-19 00:11:59 | INFO    | epoch 33 | batch 2700/4266 | loss 0.4115 | acc 0.9904 | lr 9.90e-06 | 186s
2026-09-19 00:12:01 | INFO    | epoch 33 | batch 2720/4266 | loss 0.4115 | acc 0.9904 | lr 9.89e-06 | 187s
2026-09-19 00:12:02 | INFO    | epoch 33 | batch 2740/4266 | loss 0.4115 | acc 0.9905 | lr 9.88e-06 | 189s
2026-09-19 00:12:04 | INFO    | epoch 33 | batch 2760/4266 | loss 0.4115 | acc 0.9904 | lr 9.87e-06 | 190s
2026-09-19 00:12:05 | INFO    | epoch 33 | batch 2780/4266 | loss 0.4115 | acc 0.9904 | lr 9.86e-06 | 191s
2026-09-19 00:12:06 | INFO    | epoch 33 | batch 2800/4266 | loss 0.4116 | acc 0.9904 | lr 9.85e-06 | 193s
2026-09-19 00:12:08 | INFO    | epoch 33 | batch 2820/4266 | loss 0.4115 | acc 0.9904 | lr 9.84e-06 | 194s
2026-09-19 00:12:09 | INFO    | epoch 33 | batch 2840/4266 | loss 0.4115 | acc 0.9904 | lr 9.82e-06 | 195s
2026-09-19 00:12:10 | INFO    | epoch 33 | batch 2860/4266 | loss 0.4115 | acc 0.9905 | lr 9.81e-06 | 197s
2026-09-19 00:12:12 | INFO    | epoch 33 | batch 2880/4266 | loss 0.4114 | acc 0.9905 | lr 9.80e-06 | 198s
2026-09-19 00:12:13 | INFO    | epoch 33 | batch 2900/4266 | loss 0.4114 | acc 0.9905 | lr 9.79e-06 | 200s
2026-09-19 00:12:14 | INFO    | epoch 33 | batch 2920/4266 | loss 0.4116 | acc 0.9904 | lr 9.78e-06 | 201s
2026-09-19 00:12:16 | INFO    | epoch 33 | batch 2940/4266 | loss 0.4116 | acc 0.9904 | lr 9.77e-06 | 202s
2026-09-19 00:12:17 | INFO    | epoch 33 | batch 2960/4266 | loss 0.4116 | acc 0.9904 | lr 9.76e-06 | 204s
2026-09-19 00:12:18 | INFO    | epoch 33 | batch 2980/4266 | loss 0.4116 | acc 0.9904 | lr 9.75e-06 | 205s
2026-09-19 00:12:20 | INFO    | epoch 33 | batch 3000/4266 | loss 0.4116 | acc 0.9904 | lr 9.74e-06 | 206s
2026-09-19 00:12:21 | INFO    | epoch 33 | batch 3020/4266 | loss 0.4116 | acc 0.9904 | lr 9.73e-06 | 208s
2026-09-19 00:12:22 | INFO    | epoch 33 | batch 3040/4266 | loss 0.4116 | acc 0.9903 | lr 9.72e-06 | 209s
2026-09-19 00:12:24 | INFO    | epoch 33 | batch 3060/4266 | loss 0.4117 | acc 0.9903 | lr 9.70e-06 | 210s
2026-09-19 00:12:25 | INFO    | epoch 33 | batch 3080/4266 | loss 0.4118 | acc 0.9903 | lr 9.69e-06 | 212s
2026-09-19 00:12:27 | INFO    | epoch 33 | batch 3100/4266 | loss 0.4117 | acc 0.9903 | lr 9.68e-06 | 213s
2026-09-19 00:12:28 | INFO    | epoch 33 | batch 3120/4266 | loss 0.4118 | acc 0.9902 | lr 9.67e-06 | 214s
2026-09-19 00:12:29 | INFO    | epoch 33 | batch 3140/4266 | loss 0.4117 | acc 0.9903 | lr 9.66e-06 | 216s
2026-09-19 00:12:31 | INFO    | epoch 33 | batch 3160/4266 | loss 0.4117 | acc 0.9903 | lr 9.65e-06 | 217s
2026-09-19 00:12:32 | INFO    | epoch 33 | batch 3180/4266 | loss 0.4116 | acc 0.9903 | lr 9.64e-06 | 219s
2026-09-19 00:12:33 | INFO    | epoch 33 | batch 3200/4266 | loss 0.4117 | acc 0.9903 | lr 9.63e-06 | 220s
2026-09-19 00:12:35 | INFO    | epoch 33 | batch 3220/4266 | loss 0.4117 | acc 0.9903 | lr 9.62e-06 | 221s
2026-09-19 00:12:36 | INFO    | epoch 33 | batch 3240/4266 | loss 0.4117 | acc 0.9903 | lr 9.61e-06 | 223s
2026-09-19 00:12:38 | INFO    | epoch 33 | batch 3260/4266 | loss 0.4116 | acc 0.9903 | lr 9.60e-06 | 224s
2026-09-19 00:12:39 | INFO    | epoch 33 | batch 3280/4266 | loss 0.4116 | acc 0.9903 | lr 9.59e-06 | 226s
2026-09-19 00:12:40 | INFO    | epoch 33 | batch 3300/4266 | loss 0.4116 | acc 0.9904 | lr 9.57e-06 | 227s
2026-09-19 00:12:42 | INFO    | epoch 33 | batch 3320/4266 | loss 0.4115 | acc 0.9904 | lr 9.56e-06 | 228s
2026-09-19 00:12:43 | INFO    | epoch 33 | batch 3340/4266 | loss 0.4115 | acc 0.9904 | lr 9.55e-06 | 230s
2026-09-19 00:12:44 | INFO    | epoch 33 | batch 3360/4266 | loss 0.4115 | acc 0.9904 | lr 9.54e-06 | 231s
2026-09-19 00:12:46 | INFO    | epoch 33 | batch 3380/4266 | loss 0.4114 | acc 0.9904 | lr 9.53e-06 | 232s
2026-09-19 00:12:47 | INFO    | epoch 33 | batch 3400/4266 | loss 0.4114 | acc 0.9905 | lr 9.52e-06 | 234s
2026-09-19 00:12:48 | INFO    | epoch 33 | batch 3420/4266 | loss 0.4115 | acc 0.9904 | lr 9.51e-06 | 235s
2026-09-19 00:12:50 | INFO    | epoch 33 | batch 3440/4266 | loss 0.4115 | acc 0.9904 | lr 9.50e-06 | 236s
2026-09-19 00:12:51 | INFO    | epoch 33 | batch 3460/4266 | loss 0.4115 | acc 0.9904 | lr 9.49e-06 | 238s
2026-09-19 00:12:52 | INFO    | epoch 33 | batch 3480/4266 | loss 0.4115 | acc 0.9904 | lr 9.48e-06 | 239s
2026-09-19 00:12:54 | INFO    | epoch 33 | batch 3500/4266 | loss 0.4115 | acc 0.9904 | lr 9.47e-06 | 240s
2026-09-19 00:12:55 | INFO    | epoch 33 | batch 3520/4266 | loss 0.4115 | acc 0.9904 | lr 9.46e-06 | 242s
2026-09-19 00:12:57 | INFO    | epoch 33 | batch 3540/4266 | loss 0.4115 | acc 0.9904 | lr 9.45e-06 | 243s
2026-09-19 00:12:58 | INFO    | epoch 33 | batch 3560/4266 | loss 0.4115 | acc 0.9904 | lr 9.43e-06 | 245s
2026-09-19 00:12:59 | INFO    | epoch 33 | batch 3580/4266 | loss 0.4115 | acc 0.9905 | lr 9.42e-06 | 246s
2026-09-19 00:13:01 | INFO    | epoch 33 | batch 3600/4266 | loss 0.4114 | acc 0.9905 | lr 9.41e-06 | 247s
2026-09-19 00:13:02 | INFO    | epoch 33 | batch 3620/4266 | loss 0.4113 | acc 0.9905 | lr 9.40e-06 | 249s
2026-09-19 00:13:03 | INFO    | epoch 33 | batch 3640/4266 | loss 0.4114 | acc 0.9905 | lr 9.39e-06 | 250s
2026-09-19 00:13:05 | INFO    | epoch 33 | batch 3660/4266 | loss 0.4113 | acc 0.9905 | lr 9.38e-06 | 251s
2026-09-19 00:13:06 | INFO    | epoch 33 | batch 3680/4266 | loss 0.4114 | acc 0.9905 | lr 9.37e-06 | 253s
2026-09-19 00:13:07 | INFO    | epoch 33 | batch 3700/4266 | loss 0.4113 | acc 0.9905 | lr 9.36e-06 | 254s
2026-09-19 00:13:09 | INFO    | epoch 33 | batch 3720/4266 | loss 0.4114 | acc 0.9905 | lr 9.35e-06 | 255s
2026-09-19 00:13:10 | INFO    | epoch 33 | batch 3740/4266 | loss 0.4113 | acc 0.9905 | lr 9.34e-06 | 257s
2026-09-19 00:13:12 | INFO    | epoch 33 | batch 3760/4266 | loss 0.4113 | acc 0.9906 | lr 9.33e-06 | 258s
2026-09-19 00:13:13 | INFO    | epoch 33 | batch 3780/4266 | loss 0.4113 | acc 0.9905 | lr 9.32e-06 | 260s
2026-09-19 00:13:14 | INFO    | epoch 33 | batch 3800/4266 | loss 0.4113 | acc 0.9906 | lr 9.31e-06 | 261s
2026-09-19 00:13:16 | INFO    | epoch 33 | batch 3820/4266 | loss 0.4113 | acc 0.9905 | lr 9.30e-06 | 262s
2026-09-19 00:13:17 | INFO    | epoch 33 | batch 3840/4266 | loss 0.4113 | acc 0.9905 | lr 9.29e-06 | 264s
2026-09-19 00:13:18 | INFO    | epoch 33 | batch 3860/4266 | loss 0.4113 | acc 0.9905 | lr 9.27e-06 | 265s
2026-09-19 00:13:20 | INFO    | epoch 33 | batch 3880/4266 | loss 0.4114 | acc 0.9905 | lr 9.26e-06 | 266s
2026-09-19 00:13:21 | INFO    | epoch 33 | batch 3900/4266 | loss 0.4113 | acc 0.9905 | lr 9.25e-06 | 268s
2026-09-19 00:13:22 | INFO    | epoch 33 | batch 3920/4266 | loss 0.4112 | acc 0.9906 | lr 9.24e-06 | 269s
2026-09-19 00:13:24 | INFO    | epoch 33 | batch 3940/4266 | loss 0.4112 | acc 0.9906 | lr 9.23e-06 | 270s
2026-09-19 00:13:25 | INFO    | epoch 33 | batch 3960/4266 | loss 0.4112 | acc 0.9906 | lr 9.22e-06 | 272s
2026-09-19 00:13:26 | INFO    | epoch 33 | batch 3980/4266 | loss 0.4112 | acc 0.9906 | lr 9.21e-06 | 273s
2026-09-19 00:13:28 | INFO    | epoch 33 | batch 4000/4266 | loss 0.4112 | acc 0.9906 | lr 9.20e-06 | 274s
2026-09-19 00:13:29 | INFO    | epoch 33 | batch 4020/4266 | loss 0.4112 | acc 0.9906 | lr 9.19e-06 | 276s
2026-09-19 00:13:31 | INFO    | epoch 33 | batch 4040/4266 | loss 0.4112 | acc 0.9906 | lr 9.18e-06 | 277s
2026-09-19 00:13:32 | INFO    | epoch 33 | batch 4060/4266 | loss 0.4112 | acc 0.9906 | lr 9.17e-06 | 279s
2026-09-19 00:13:33 | INFO    | epoch 33 | batch 4080/4266 | loss 0.4112 | acc 0.9906 | lr 9.16e-06 | 280s
2026-09-19 00:13:35 | INFO    | epoch 33 | batch 4100/4266 | loss 0.4112 | acc 0.9906 | lr 9.15e-06 | 281s
2026-09-19 00:13:36 | INFO    | epoch 33 | batch 4120/4266 | loss 0.4112 | acc 0.9906 | lr 9.14e-06 | 283s
2026-09-19 00:13:38 | INFO    | epoch 33 | batch 4140/4266 | loss 0.4111 | acc 0.9906 | lr 9.13e-06 | 284s
2026-09-19 00:13:39 | INFO    | epoch 33 | batch 4160/4266 | loss 0.4112 | acc 0.9906 | lr 9.12e-06 | 286s
2026-09-19 00:13:40 | INFO    | epoch 33 | batch 4180/4266 | loss 0.4112 | acc 0.9906 | lr 9.11e-06 | 287s
2026-09-19 00:13:42 | INFO    | epoch 33 | batch 4200/4266 | loss 0.4112 | acc 0.9906 | lr 9.09e-06 | 288s
2026-09-19 00:13:43 | INFO    | epoch 33 | batch 4220/4266 | loss 0.4112 | acc 0.9906 | lr 9.08e-06 | 290s
2026-09-19 00:13:45 | INFO    | epoch 33 | batch 4240/4266 | loss 0.4111 | acc 0.9906 | lr 9.07e-06 | 291s
2026-09-19 00:13:46 | INFO    | epoch 33 | batch 4260/4266 | loss 0.4111 | acc 0.9906 | lr 9.06e-06 | 293s
2026-09-19 00:13:46 | INFO    | epoch 33 | batch 4266/4266 | loss 0.4111 | acc 0.9906 | lr 9.06e-06 | 293s
2026-09-19 00:13:56 | INFO    | epoch 33/40 done in 303s | train loss 0.4111 | train running patch (aug): accuracy=0.9906 precision=0.9905 recall=0.9903 f1=0.9904
2026-09-19 00:13:56 | INFO    | epoch 33 train (eval, no aug) | loss 0.3931 | patch[7280]: accuracy=0.9989 precision=0.9988 recall=0.9988 f1=0.9988 | image[455]: accuracy=1.0000 precision=1.0000 recall=1.0000 f1=1.0000
2026-09-19 00:13:56 | INFO    | epoch 33 val | loss 1.2134 | patch[8448]: accuracy=0.6938 precision=0.6684 recall=0.6677 f1=0.6679 | image[96]: accuracy=0.7188 precision=0.6904 recall=0.6860 f1=0.6866
2026-09-19 00:13:56 | INFO    | val_patch_f1 = 0.6679 (best 0.6789 @ epoch 28)
2026-09-19 00:13:58 | INFO    | epoch 34 | batch 20/4266 | loss 0.4244 | acc 0.9859 | lr 9.05e-06 | 1s
2026-09-19 00:13:59 | INFO    | epoch 34 | batch 40/4266 | loss 0.4140 | acc 0.9906 | lr 9.04e-06 | 3s
2026-09-19 00:14:00 | INFO    | epoch 34 | batch 60/4266 | loss 0.4141 | acc 0.9901 | lr 9.03e-06 | 4s
2026-09-19 00:14:02 | INFO    | epoch 34 | batch 80/4266 | loss 0.4140 | acc 0.9898 | lr 9.02e-06 | 6s
2026-09-19 00:14:03 | INFO    | epoch 34 | batch 100/4266 | loss 0.4121 | acc 0.9912 | lr 9.01e-06 | 7s
2026-09-19 00:14:05 | INFO    | epoch 34 | batch 120/4266 | loss 0.4112 | acc 0.9917 | lr 9.00e-06 | 8s
2026-09-19 00:14:06 | INFO    | epoch 34 | batch 140/4266 | loss 0.4103 | acc 0.9917 | lr 8.99e-06 | 10s
2026-09-19 00:14:07 | INFO    | epoch 34 | batch 160/4266 | loss 0.4103 | acc 0.9918 | lr 8.98e-06 | 11s
2026-09-19 00:14:09 | INFO    | epoch 34 | batch 180/4266 | loss 0.4103 | acc 0.9913 | lr 8.97e-06 | 13s
2026-09-19 00:14:10 | INFO    | epoch 34 | batch 200/4266 | loss 0.4108 | acc 0.9911 | lr 8.96e-06 | 14s
2026-09-19 00:14:12 | INFO    | epoch 34 | batch 220/4266 | loss 0.4110 | acc 0.9909 | lr 8.95e-06 | 15s
2026-09-19 00:14:13 | INFO    | epoch 34 | batch 240/4266 | loss 0.4122 | acc 0.9905 | lr 8.93e-06 | 17s
2026-09-19 00:14:14 | INFO    | epoch 34 | batch 260/4266 | loss 0.4121 | acc 0.9905 | lr 8.92e-06 | 18s
2026-09-19 00:14:16 | INFO    | epoch 34 | batch 280/4266 | loss 0.4117 | acc 0.9908 | lr 8.91e-06 | 19s
2026-09-19 00:14:17 | INFO    | epoch 34 | batch 300/4266 | loss 0.4117 | acc 0.9908 | lr 8.90e-06 | 21s
2026-09-19 00:14:18 | INFO    | epoch 34 | batch 320/4266 | loss 0.4121 | acc 0.9905 | lr 8.89e-06 | 22s
2026-09-19 00:14:20 | INFO    | epoch 34 | batch 340/4266 | loss 0.4115 | acc 0.9908 | lr 8.88e-06 | 24s
2026-09-19 00:14:21 | INFO    | epoch 34 | batch 360/4266 | loss 0.4110 | acc 0.9911 | lr 8.87e-06 | 25s
2026-09-19 00:14:23 | INFO    | epoch 34 | batch 380/4266 | loss 0.4115 | acc 0.9910 | lr 8.86e-06 | 26s
2026-09-19 00:14:24 | INFO    | epoch 34 | batch 400/4266 | loss 0.4107 | acc 0.9915 | lr 8.85e-06 | 28s
2026-09-19 00:14:25 | INFO    | epoch 34 | batch 420/4266 | loss 0.4110 | acc 0.9914 | lr 8.84e-06 | 29s
2026-09-19 00:14:27 | INFO    | epoch 34 | batch 440/4266 | loss 0.4108 | acc 0.9915 | lr 8.83e-06 | 31s
2026-09-19 00:14:28 | INFO    | epoch 34 | batch 460/4266 | loss 0.4113 | acc 0.9913 | lr 8.82e-06 | 32s
2026-09-19 00:14:29 | INFO    | epoch 34 | batch 480/4266 | loss 0.4118 | acc 0.9908 | lr 8.81e-06 | 33s
2026-09-19 00:14:31 | INFO    | epoch 34 | batch 500/4266 | loss 0.4117 | acc 0.9909 | lr 8.80e-06 | 35s
2026-09-19 00:14:32 | INFO    | epoch 34 | batch 520/4266 | loss 0.4120 | acc 0.9906 | lr 8.79e-06 | 36s
2026-09-19 00:14:34 | INFO    | epoch 34 | batch 540/4266 | loss 0.4118 | acc 0.9906 | lr 8.78e-06 | 37s
2026-09-19 00:14:35 | INFO    | epoch 34 | batch 560/4266 | loss 0.4116 | acc 0.9908 | lr 8.77e-06 | 39s
2026-09-19 00:14:36 | INFO    | epoch 34 | batch 580/4266 | loss 0.4120 | acc 0.9906 | lr 8.76e-06 | 40s
2026-09-19 00:14:38 | INFO    | epoch 34 | batch 600/4266 | loss 0.4117 | acc 0.9907 | lr 8.75e-06 | 42s
2026-09-19 00:14:39 | INFO    | epoch 34 | batch 620/4266 | loss 0.4113 | acc 0.9909 | lr 8.74e-06 | 43s
2026-09-19 00:14:41 | INFO    | epoch 34 | batch 640/4266 | loss 0.4113 | acc 0.9909 | lr 8.73e-06 | 44s
2026-09-19 00:14:42 | INFO    | epoch 34 | batch 660/4266 | loss 0.4112 | acc 0.9910 | lr 8.72e-06 | 46s
2026-09-19 00:14:43 | INFO    | epoch 34 | batch 680/4266 | loss 0.4109 | acc 0.9910 | lr 8.71e-06 | 47s
2026-09-19 00:14:45 | INFO    | epoch 34 | batch 700/4266 | loss 0.4106 | acc 0.9912 | lr 8.70e-06 | 49s
2026-09-19 00:14:46 | INFO    | epoch 34 | batch 720/4266 | loss 0.4109 | acc 0.9911 | lr 8.69e-06 | 50s
2026-09-19 00:14:47 | INFO    | epoch 34 | batch 740/4266 | loss 0.4110 | acc 0.9911 | lr 8.68e-06 | 51s
2026-09-19 00:14:49 | INFO    | epoch 34 | batch 760/4266 | loss 0.4114 | acc 0.9908 | lr 8.67e-06 | 53s
2026-09-19 00:14:50 | INFO    | epoch 34 | batch 780/4266 | loss 0.4114 | acc 0.9908 | lr 8.66e-06 | 54s
2026-09-19 00:14:52 | INFO    | epoch 34 | batch 800/4266 | loss 0.4114 | acc 0.9909 | lr 8.65e-06 | 55s
2026-09-19 00:14:53 | INFO    | epoch 34 | batch 820/4266 | loss 0.4116 | acc 0.9908 | lr 8.64e-06 | 57s
2026-09-19 00:14:55 | INFO    | epoch 34 | batch 840/4266 | loss 0.4119 | acc 0.9906 | lr 8.63e-06 | 58s
2026-09-19 00:14:56 | INFO    | epoch 34 | batch 860/4266 | loss 0.4121 | acc 0.9906 | lr 8.61e-06 | 60s
2026-09-19 00:14:57 | INFO    | epoch 34 | batch 880/4266 | loss 0.4121 | acc 0.9906 | lr 8.60e-06 | 61s
2026-09-19 00:14:59 | INFO    | epoch 34 | batch 900/4266 | loss 0.4120 | acc 0.9906 | lr 8.59e-06 | 62s
2026-09-19 00:15:00 | INFO    | epoch 34 | batch 920/4266 | loss 0.4120 | acc 0.9907 | lr 8.58e-06 | 64s
2026-09-19 00:15:01 | INFO    | epoch 34 | batch 940/4266 | loss 0.4120 | acc 0.9907 | lr 8.57e-06 | 65s
2026-09-19 00:15:03 | INFO    | epoch 34 | batch 960/4266 | loss 0.4119 | acc 0.9907 | lr 8.56e-06 | 66s
2026-09-19 00:15:04 | INFO    | epoch 34 | batch 980/4266 | loss 0.4117 | acc 0.9908 | lr 8.55e-06 | 68s
2026-09-19 00:15:05 | INFO    | epoch 34 | batch 1000/4266 | loss 0.4117 | acc 0.9907 | lr 8.54e-06 | 69s
2026-09-19 00:15:07 | INFO    | epoch 34 | batch 1020/4266 | loss 0.4120 | acc 0.9906 | lr 8.53e-06 | 71s
2026-09-19 00:15:08 | INFO    | epoch 34 | batch 1040/4266 | loss 0.4120 | acc 0.9906 | lr 8.52e-06 | 72s
2026-09-19 00:15:09 | INFO    | epoch 34 | batch 1060/4266 | loss 0.4118 | acc 0.9907 | lr 8.51e-06 | 73s
2026-09-19 00:15:11 | INFO    | epoch 34 | batch 1080/4266 | loss 0.4120 | acc 0.9905 | lr 8.50e-06 | 75s
2026-09-19 00:15:12 | INFO    | epoch 34 | batch 1100/4266 | loss 0.4120 | acc 0.9905 | lr 8.49e-06 | 76s
2026-09-19 00:15:13 | INFO    | epoch 34 | batch 1120/4266 | loss 0.4120 | acc 0.9905 | lr 8.48e-06 | 77s
2026-09-19 00:15:15 | INFO    | epoch 34 | batch 1140/4266 | loss 0.4120 | acc 0.9905 | lr 8.47e-06 | 78s
2026-09-19 00:15:16 | INFO    | epoch 34 | batch 1160/4266 | loss 0.4118 | acc 0.9906 | lr 8.46e-06 | 80s
2026-09-19 00:15:17 | INFO    | epoch 34 | batch 1180/4266 | loss 0.4117 | acc 0.9907 | lr 8.45e-06 | 81s
2026-09-19 00:15:19 | INFO    | epoch 34 | batch 1200/4266 | loss 0.4116 | acc 0.9907 | lr 8.44e-06 | 82s
2026-09-19 00:15:20 | INFO    | epoch 34 | batch 1220/4266 | loss 0.4119 | acc 0.9905 | lr 8.43e-06 | 84s
2026-09-19 00:15:21 | INFO    | epoch 34 | batch 1240/4266 | loss 0.4119 | acc 0.9905 | lr 8.42e-06 | 85s
2026-09-19 00:15:22 | INFO    | epoch 34 | batch 1260/4266 | loss 0.4122 | acc 0.9904 | lr 8.41e-06 | 86s
2026-09-19 00:15:24 | INFO    | epoch 34 | batch 1280/4266 | loss 0.4122 | acc 0.9904 | lr 8.40e-06 | 88s
2026-09-19 00:15:25 | INFO    | epoch 34 | batch 1300/4266 | loss 0.4121 | acc 0.9904 | lr 8.39e-06 | 89s
2026-09-19 00:15:26 | INFO    | epoch 34 | batch 1320/4266 | loss 0.4120 | acc 0.9905 | lr 8.38e-06 | 90s
2026-09-19 00:15:28 | INFO    | epoch 34 | batch 1340/4266 | loss 0.4121 | acc 0.9904 | lr 8.37e-06 | 92s
2026-09-19 00:15:29 | INFO    | epoch 34 | batch 1360/4266 | loss 0.4119 | acc 0.9905 | lr 8.36e-06 | 93s
2026-09-19 00:15:30 | INFO    | epoch 34 | batch 1380/4266 | loss 0.4121 | acc 0.9904 | lr 8.35e-06 | 94s
2026-09-19 00:15:32 | INFO    | epoch 34 | batch 1400/4266 | loss 0.4122 | acc 0.9904 | lr 8.34e-06 | 96s
2026-09-19 00:15:33 | INFO    | epoch 34 | batch 1420/4266 | loss 0.4122 | acc 0.9904 | lr 8.33e-06 | 97s
2026-09-19 00:15:35 | INFO    | epoch 34 | batch 1440/4266 | loss 0.4124 | acc 0.9904 | lr 8.32e-06 | 98s
2026-09-19 00:15:36 | INFO    | epoch 34 | batch 1460/4266 | loss 0.4123 | acc 0.9904 | lr 8.31e-06 | 100s
2026-09-19 00:15:37 | INFO    | epoch 34 | batch 1480/4266 | loss 0.4121 | acc 0.9905 | lr 8.30e-06 | 101s
2026-09-19 00:15:39 | INFO    | epoch 34 | batch 1500/4266 | loss 0.4121 | acc 0.9904 | lr 8.29e-06 | 103s
2026-09-19 00:15:40 | INFO    | epoch 34 | batch 1520/4266 | loss 0.4121 | acc 0.9904 | lr 8.28e-06 | 104s
2026-09-19 00:15:41 | INFO    | epoch 34 | batch 1540/4266 | loss 0.4121 | acc 0.9904 | lr 8.27e-06 | 105s
2026-09-19 00:15:43 | INFO    | epoch 34 | batch 1560/4266 | loss 0.4120 | acc 0.9905 | lr 8.26e-06 | 107s
2026-09-19 00:15:44 | INFO    | epoch 34 | batch 1580/4266 | loss 0.4119 | acc 0.9905 | lr 8.25e-06 | 108s
2026-09-19 00:15:46 | INFO    | epoch 34 | batch 1600/4266 | loss 0.4119 | acc 0.9905 | lr 8.24e-06 | 109s
2026-09-19 00:15:47 | INFO    | epoch 34 | batch 1620/4266 | loss 0.4117 | acc 0.9906 | lr 8.23e-06 | 111s
2026-09-19 00:15:48 | INFO    | epoch 34 | batch 1640/4266 | loss 0.4117 | acc 0.9906 | lr 8.22e-06 | 112s
2026-09-19 00:15:50 | INFO    | epoch 34 | batch 1660/4266 | loss 0.4117 | acc 0.9906 | lr 8.21e-06 | 113s
2026-09-19 00:15:51 | INFO    | epoch 34 | batch 1680/4266 | loss 0.4118 | acc 0.9905 | lr 8.20e-06 | 115s
2026-09-19 00:15:52 | INFO    | epoch 34 | batch 1700/4266 | loss 0.4119 | acc 0.9905 | lr 8.19e-06 | 116s
2026-09-19 00:15:54 | INFO    | epoch 34 | batch 1720/4266 | loss 0.4119 | acc 0.9904 | lr 8.18e-06 | 118s
2026-09-19 00:15:55 | INFO    | epoch 34 | batch 1740/4266 | loss 0.4118 | acc 0.9905 | lr 8.17e-06 | 119s
2026-09-19 00:15:57 | INFO    | epoch 34 | batch 1760/4266 | loss 0.4117 | acc 0.9905 | lr 8.16e-06 | 120s
2026-09-19 00:15:58 | INFO    | epoch 34 | batch 1780/4266 | loss 0.4117 | acc 0.9905 | lr 8.15e-06 | 122s
2026-09-19 00:15:59 | INFO    | epoch 34 | batch 1800/4266 | loss 0.4116 | acc 0.9906 | lr 8.14e-06 | 123s
2026-09-19 00:16:01 | INFO    | epoch 34 | batch 1820/4266 | loss 0.4116 | acc 0.9906 | lr 8.13e-06 | 125s
2026-09-19 00:16:02 | INFO    | epoch 34 | batch 1840/4266 | loss 0.4115 | acc 0.9907 | lr 8.12e-06 | 126s
2026-09-19 00:16:04 | INFO    | epoch 34 | batch 1860/4266 | loss 0.4116 | acc 0.9907 | lr 8.11e-06 | 127s
2026-09-19 00:16:05 | INFO    | epoch 34 | batch 1880/4266 | loss 0.4115 | acc 0.9907 | lr 8.10e-06 | 129s
2026-09-19 00:16:06 | INFO    | epoch 34 | batch 1900/4266 | loss 0.4115 | acc 0.9907 | lr 8.09e-06 | 130s
2026-09-19 00:16:08 | INFO    | epoch 34 | batch 1920/4266 | loss 0.4114 | acc 0.9907 | lr 8.08e-06 | 131s
2026-09-19 00:16:09 | INFO    | epoch 34 | batch 1940/4266 | loss 0.4114 | acc 0.9908 | lr 8.07e-06 | 133s
2026-09-19 00:16:10 | INFO    | epoch 34 | batch 1960/4266 | loss 0.4112 | acc 0.9908 | lr 8.06e-06 | 134s
2026-09-19 00:16:12 | INFO    | epoch 34 | batch 1980/4266 | loss 0.4112 | acc 0.9908 | lr 8.05e-06 | 135s
2026-09-19 00:16:13 | INFO    | epoch 34 | batch 2000/4266 | loss 0.4111 | acc 0.9909 | lr 8.04e-06 | 137s
2026-09-19 00:16:14 | INFO    | epoch 34 | batch 2020/4266 | loss 0.4111 | acc 0.9908 | lr 8.03e-06 | 138s
2026-09-19 00:16:16 | INFO    | epoch 34 | batch 2040/4266 | loss 0.4112 | acc 0.9908 | lr 8.02e-06 | 139s
2026-09-19 00:16:17 | INFO    | epoch 34 | batch 2060/4266 | loss 0.4111 | acc 0.9908 | lr 8.01e-06 | 141s
2026-09-19 00:16:18 | INFO    | epoch 34 | batch 2080/4266 | loss 0.4112 | acc 0.9908 | lr 8.00e-06 | 142s
2026-09-19 00:16:20 | INFO    | epoch 34 | batch 2100/4266 | loss 0.4113 | acc 0.9908 | lr 7.99e-06 | 143s
2026-09-19 00:16:21 | INFO    | epoch 34 | batch 2120/4266 | loss 0.4113 | acc 0.9908 | lr 7.98e-06 | 145s
2026-09-19 00:16:22 | INFO    | epoch 34 | batch 2140/4266 | loss 0.4113 | acc 0.9907 | lr 7.97e-06 | 146s
2026-09-19 00:16:24 | INFO    | epoch 34 | batch 2160/4266 | loss 0.4113 | acc 0.9908 | lr 7.96e-06 | 147s
2026-09-19 00:16:25 | INFO    | epoch 34 | batch 2180/4266 | loss 0.4112 | acc 0.9908 | lr 7.95e-06 | 149s
2026-09-19 00:16:26 | INFO    | epoch 34 | batch 2200/4266 | loss 0.4112 | acc 0.9908 | lr 7.94e-06 | 150s
2026-09-19 00:16:28 | INFO    | epoch 34 | batch 2220/4266 | loss 0.4112 | acc 0.9908 | lr 7.93e-06 | 152s
2026-09-19 00:16:29 | INFO    | epoch 34 | batch 2240/4266 | loss 0.4112 | acc 0.9908 | lr 7.92e-06 | 153s
2026-09-19 00:16:31 | INFO    | epoch 34 | batch 2260/4266 | loss 0.4112 | acc 0.9908 | lr 7.91e-06 | 154s
2026-09-19 00:16:32 | INFO    | epoch 34 | batch 2280/4266 | loss 0.4111 | acc 0.9908 | lr 7.90e-06 | 156s
2026-09-19 00:16:33 | INFO    | epoch 34 | batch 2300/4266 | loss 0.4111 | acc 0.9909 | lr 7.90e-06 | 157s
2026-09-19 00:16:35 | INFO    | epoch 34 | batch 2320/4266 | loss 0.4111 | acc 0.9908 | lr 7.89e-06 | 158s
2026-09-19 00:16:36 | INFO    | epoch 34 | batch 2340/4266 | loss 0.4110 | acc 0.9909 | lr 7.88e-06 | 160s
2026-09-19 00:16:38 | INFO    | epoch 34 | batch 2360/4266 | loss 0.4110 | acc 0.9909 | lr 7.87e-06 | 161s
2026-09-19 00:16:39 | INFO    | epoch 34 | batch 2380/4266 | loss 0.4109 | acc 0.9909 | lr 7.86e-06 | 163s
2026-09-19 00:16:40 | INFO    | epoch 34 | batch 2400/4266 | loss 0.4109 | acc 0.9909 | lr 7.85e-06 | 164s
2026-09-19 00:16:42 | INFO    | epoch 34 | batch 2420/4266 | loss 0.4109 | acc 0.9908 | lr 7.84e-06 | 165s
2026-09-19 00:16:43 | INFO    | epoch 34 | batch 2440/4266 | loss 0.4110 | acc 0.9908 | lr 7.83e-06 | 167s
2026-09-19 00:16:44 | INFO    | epoch 34 | batch 2460/4266 | loss 0.4110 | acc 0.9908 | lr 7.82e-06 | 168s
2026-09-19 00:16:46 | INFO    | epoch 34 | batch 2480/4266 | loss 0.4110 | acc 0.9908 | lr 7.81e-06 | 170s
2026-09-19 00:16:47 | INFO    | epoch 34 | batch 2500/4266 | loss 0.4111 | acc 0.9908 | lr 7.80e-06 | 171s
2026-09-19 00:16:48 | INFO    | epoch 34 | batch 2520/4266 | loss 0.4111 | acc 0.9908 | lr 7.79e-06 | 172s
2026-09-19 00:16:50 | INFO    | epoch 34 | batch 2540/4266 | loss 0.4110 | acc 0.9908 | lr 7.78e-06 | 174s
2026-09-19 00:16:51 | INFO    | epoch 34 | batch 2560/4266 | loss 0.4110 | acc 0.9909 | lr 7.77e-06 | 175s
2026-09-19 00:16:53 | INFO    | epoch 34 | batch 2580/4266 | loss 0.4109 | acc 0.9909 | lr 7.76e-06 | 176s
2026-09-19 00:16:54 | INFO    | epoch 34 | batch 2600/4266 | loss 0.4109 | acc 0.9909 | lr 7.75e-06 | 178s
2026-09-19 00:16:55 | INFO    | epoch 34 | batch 2620/4266 | loss 0.4109 | acc 0.9910 | lr 7.74e-06 | 179s
2026-09-19 00:16:57 | INFO    | epoch 34 | batch 2640/4266 | loss 0.4109 | acc 0.9909 | lr 7.73e-06 | 181s
2026-09-19 00:16:58 | INFO    | epoch 34 | batch 2660/4266 | loss 0.4109 | acc 0.9909 | lr 7.72e-06 | 182s
2026-09-19 00:17:00 | INFO    | epoch 34 | batch 2680/4266 | loss 0.4109 | acc 0.9909 | lr 7.71e-06 | 183s
2026-09-19 00:17:01 | INFO    | epoch 34 | batch 2700/4266 | loss 0.4109 | acc 0.9909 | lr 7.70e-06 | 185s
2026-09-19 00:17:02 | INFO    | epoch 34 | batch 2720/4266 | loss 0.4108 | acc 0.9910 | lr 7.69e-06 | 186s
2026-09-19 00:17:04 | INFO    | epoch 34 | batch 2740/4266 | loss 0.4109 | acc 0.9909 | lr 7.68e-06 | 187s
2026-09-19 00:17:05 | INFO    | epoch 34 | batch 2760/4266 | loss 0.4109 | acc 0.9909 | lr 7.67e-06 | 189s
2026-09-19 00:17:06 | INFO    | epoch 34 | batch 2780/4266 | loss 0.4110 | acc 0.9909 | lr 7.66e-06 | 190s
2026-09-19 00:17:08 | INFO    | epoch 34 | batch 2800/4266 | loss 0.4110 | acc 0.9909 | lr 7.65e-06 | 192s
2026-09-19 00:17:09 | INFO    | epoch 34 | batch 2820/4266 | loss 0.4109 | acc 0.9909 | lr 7.64e-06 | 193s
2026-09-19 00:17:11 | INFO    | epoch 34 | batch 2840/4266 | loss 0.4109 | acc 0.9909 | lr 7.63e-06 | 194s
2026-09-19 00:17:12 | INFO    | epoch 34 | batch 2860/4266 | loss 0.4108 | acc 0.9909 | lr 7.62e-06 | 196s
2026-09-19 00:17:13 | INFO    | epoch 34 | batch 2880/4266 | loss 0.4107 | acc 0.9910 | lr 7.61e-06 | 197s
2026-09-19 00:17:15 | INFO    | epoch 34 | batch 2900/4266 | loss 0.4108 | acc 0.9909 | lr 7.60e-06 | 198s
2026-09-19 00:17:16 | INFO    | epoch 34 | batch 2920/4266 | loss 0.4108 | acc 0.9909 | lr 7.60e-06 | 200s
2026-09-19 00:17:17 | INFO    | epoch 34 | batch 2940/4266 | loss 0.4108 | acc 0.9909 | lr 7.59e-06 | 201s
2026-09-19 00:17:19 | INFO    | epoch 34 | batch 2960/4266 | loss 0.4108 | acc 0.9909 | lr 7.58e-06 | 203s
2026-09-19 00:17:20 | INFO    | epoch 34 | batch 2980/4266 | loss 0.4108 | acc 0.9909 | lr 7.57e-06 | 204s
2026-09-19 00:17:22 | INFO    | epoch 34 | batch 3000/4266 | loss 0.4109 | acc 0.9909 | lr 7.56e-06 | 205s
2026-09-19 00:17:23 | INFO    | epoch 34 | batch 3020/4266 | loss 0.4110 | acc 0.9908 | lr 7.55e-06 | 207s
2026-09-19 00:17:24 | INFO    | epoch 34 | batch 3040/4266 | loss 0.4110 | acc 0.9908 | lr 7.54e-06 | 208s
2026-09-19 00:17:26 | INFO    | epoch 34 | batch 3060/4266 | loss 0.4110 | acc 0.9908 | lr 7.53e-06 | 210s
2026-09-19 00:17:27 | INFO    | epoch 34 | batch 3080/4266 | loss 0.4110 | acc 0.9908 | lr 7.52e-06 | 211s
2026-09-19 00:17:29 | INFO    | epoch 34 | batch 3100/4266 | loss 0.4110 | acc 0.9908 | lr 7.51e-06 | 212s
2026-09-19 00:17:30 | INFO    | epoch 34 | batch 3120/4266 | loss 0.4110 | acc 0.9908 | lr 7.50e-06 | 214s
2026-09-19 00:17:31 | INFO    | epoch 34 | batch 3140/4266 | loss 0.4110 | acc 0.9908 | lr 7.49e-06 | 215s
2026-09-19 00:17:33 | INFO    | epoch 34 | batch 3160/4266 | loss 0.4110 | acc 0.9908 | lr 7.48e-06 | 216s
2026-09-19 00:17:34 | INFO    | epoch 34 | batch 3180/4266 | loss 0.4111 | acc 0.9908 | lr 7.47e-06 | 218s
2026-09-19 00:17:35 | INFO    | epoch 34 | batch 3200/4266 | loss 0.4111 | acc 0.9908 | lr 7.46e-06 | 219s
2026-09-19 00:17:37 | INFO    | epoch 34 | batch 3220/4266 | loss 0.4110 | acc 0.9909 | lr 7.45e-06 | 221s
2026-09-19 00:17:38 | INFO    | epoch 34 | batch 3240/4266 | loss 0.4110 | acc 0.9909 | lr 7.44e-06 | 222s
2026-09-19 00:17:40 | INFO    | epoch 34 | batch 3260/4266 | loss 0.4109 | acc 0.9909 | lr 7.43e-06 | 224s
2026-09-19 00:17:41 | INFO    | epoch 34 | batch 3280/4266 | loss 0.4109 | acc 0.9909 | lr 7.42e-06 | 225s
2026-09-19 00:17:43 | INFO    | epoch 34 | batch 3300/4266 | loss 0.4109 | acc 0.9909 | lr 7.41e-06 | 226s
2026-09-19 00:17:44 | INFO    | epoch 34 | batch 3320/4266 | loss 0.4109 | acc 0.9909 | lr 7.41e-06 | 228s
2026-09-19 00:17:46 | INFO    | epoch 34 | batch 3340/4266 | loss 0.4109 | acc 0.9909 | lr 7.40e-06 | 229s
2026-09-19 00:17:47 | INFO    | epoch 34 | batch 3360/4266 | loss 0.4109 | acc 0.9909 | lr 7.39e-06 | 231s
2026-09-19 00:17:48 | INFO    | epoch 34 | batch 3380/4266 | loss 0.4109 | acc 0.9909 | lr 7.38e-06 | 232s
2026-09-19 00:17:50 | INFO    | epoch 34 | batch 3400/4266 | loss 0.4108 | acc 0.9910 | lr 7.37e-06 | 233s
2026-09-19 00:17:51 | INFO    | epoch 34 | batch 3420/4266 | loss 0.4108 | acc 0.9910 | lr 7.36e-06 | 235s
2026-09-19 00:17:53 | INFO    | epoch 34 | batch 3440/4266 | loss 0.4108 | acc 0.9910 | lr 7.35e-06 | 236s
2026-09-19 00:17:54 | INFO    | epoch 34 | batch 3460/4266 | loss 0.4107 | acc 0.9910 | lr 7.34e-06 | 238s
2026-09-19 00:17:55 | INFO    | epoch 34 | batch 3480/4266 | loss 0.4107 | acc 0.9910 | lr 7.33e-06 | 239s
2026-09-19 00:17:57 | INFO    | epoch 34 | batch 3500/4266 | loss 0.4107 | acc 0.9911 | lr 7.32e-06 | 240s
2026-09-19 00:17:58 | INFO    | epoch 34 | batch 3520/4266 | loss 0.4107 | acc 0.9910 | lr 7.31e-06 | 242s
2026-09-19 00:17:59 | INFO    | epoch 34 | batch 3540/4266 | loss 0.4108 | acc 0.9910 | lr 7.30e-06 | 243s
2026-09-19 00:18:01 | INFO    | epoch 34 | batch 3560/4266 | loss 0.4107 | acc 0.9911 | lr 7.29e-06 | 244s
2026-09-19 00:18:02 | INFO    | epoch 34 | batch 3580/4266 | loss 0.4107 | acc 0.9911 | lr 7.28e-06 | 246s
2026-09-19 00:18:03 | INFO    | epoch 34 | batch 3600/4266 | loss 0.4107 | acc 0.9911 | lr 7.27e-06 | 247s
2026-09-19 00:18:05 | INFO    | epoch 34 | batch 3620/4266 | loss 0.4108 | acc 0.9910 | lr 7.26e-06 | 249s
2026-09-19 00:18:06 | INFO    | epoch 34 | batch 3640/4266 | loss 0.4108 | acc 0.9910 | lr 7.26e-06 | 250s
2026-09-19 00:18:08 | INFO    | epoch 34 | batch 3660/4266 | loss 0.4108 | acc 0.9910 | lr 7.25e-06 | 251s
2026-09-19 00:18:09 | INFO    | epoch 34 | batch 3680/4266 | loss 0.4108 | acc 0.9910 | lr 7.24e-06 | 253s
2026-09-19 00:18:10 | INFO    | epoch 34 | batch 3700/4266 | loss 0.4108 | acc 0.9910 | lr 7.23e-06 | 254s
2026-09-19 00:18:12 | INFO    | epoch 34 | batch 3720/4266 | loss 0.4107 | acc 0.9910 | lr 7.22e-06 | 255s
2026-09-19 00:18:13 | INFO    | epoch 34 | batch 3740/4266 | loss 0.4107 | acc 0.9910 | lr 7.21e-06 | 257s
2026-09-19 00:18:14 | INFO    | epoch 34 | batch 3760/4266 | loss 0.4107 | acc 0.9911 | lr 7.20e-06 | 258s
2026-09-19 00:18:16 | INFO    | epoch 34 | batch 3780/4266 | loss 0.4107 | acc 0.9910 | lr 7.19e-06 | 260s
2026-09-19 00:18:17 | INFO    | epoch 34 | batch 3800/4266 | loss 0.4106 | acc 0.9911 | lr 7.18e-06 | 261s
2026-09-19 00:18:19 | INFO    | epoch 34 | batch 3820/4266 | loss 0.4107 | acc 0.9910 | lr 7.17e-06 | 262s
2026-09-19 00:18:20 | INFO    | epoch 34 | batch 3840/4266 | loss 0.4106 | acc 0.9911 | lr 7.16e-06 | 264s
2026-09-19 00:18:21 | INFO    | epoch 34 | batch 3860/4266 | loss 0.4106 | acc 0.9911 | lr 7.15e-06 | 265s
2026-09-19 00:18:23 | INFO    | epoch 34 | batch 3880/4266 | loss 0.4106 | acc 0.9911 | lr 7.14e-06 | 267s
2026-09-19 00:18:24 | INFO    | epoch 34 | batch 3900/4266 | loss 0.4106 | acc 0.9911 | lr 7.13e-06 | 268s
2026-09-19 00:18:26 | INFO    | epoch 34 | batch 3920/4266 | loss 0.4106 | acc 0.9911 | lr 7.13e-06 | 269s
2026-09-19 00:18:27 | INFO    | epoch 34 | batch 3940/4266 | loss 0.4106 | acc 0.9911 | lr 7.12e-06 | 271s
2026-09-19 00:18:28 | INFO    | epoch 34 | batch 3960/4266 | loss 0.4105 | acc 0.9911 | lr 7.11e-06 | 272s
2026-09-19 00:18:30 | INFO    | epoch 34 | batch 3980/4266 | loss 0.4106 | acc 0.9911 | lr 7.10e-06 | 274s
2026-09-19 00:18:31 | INFO    | epoch 34 | batch 4000/4266 | loss 0.4106 | acc 0.9911 | lr 7.09e-06 | 275s
2026-09-19 00:18:33 | INFO    | epoch 34 | batch 4020/4266 | loss 0.4106 | acc 0.9911 | lr 7.08e-06 | 276s
2026-09-19 00:18:34 | INFO    | epoch 34 | batch 4040/4266 | loss 0.4105 | acc 0.9911 | lr 7.07e-06 | 278s
2026-09-19 00:18:35 | INFO    | epoch 34 | batch 4060/4266 | loss 0.4105 | acc 0.9911 | lr 7.06e-06 | 279s
2026-09-19 00:18:37 | INFO    | epoch 34 | batch 4080/4266 | loss 0.4105 | acc 0.9911 | lr 7.05e-06 | 281s
2026-09-19 00:18:38 | INFO    | epoch 34 | batch 4100/4266 | loss 0.4105 | acc 0.9911 | lr 7.04e-06 | 282s
2026-09-19 00:18:40 | INFO    | epoch 34 | batch 4120/4266 | loss 0.4105 | acc 0.9911 | lr 7.03e-06 | 283s
2026-09-19 00:18:41 | INFO    | epoch 34 | batch 4140/4266 | loss 0.4105 | acc 0.9911 | lr 7.02e-06 | 285s
2026-09-19 00:18:42 | INFO    | epoch 34 | batch 4160/4266 | loss 0.4105 | acc 0.9911 | lr 7.01e-06 | 286s
2026-09-19 00:18:44 | INFO    | epoch 34 | batch 4180/4266 | loss 0.4106 | acc 0.9911 | lr 7.01e-06 | 287s
2026-09-19 00:18:45 | INFO    | epoch 34 | batch 4200/4266 | loss 0.4105 | acc 0.9911 | lr 7.00e-06 | 289s
2026-09-19 00:18:46 | INFO    | epoch 34 | batch 4220/4266 | loss 0.4105 | acc 0.9911 | lr 6.99e-06 | 290s
2026-09-19 00:18:48 | INFO    | epoch 34 | batch 4240/4266 | loss 0.4104 | acc 0.9911 | lr 6.98e-06 | 292s
2026-09-19 00:18:49 | INFO    | epoch 34 | batch 4260/4266 | loss 0.4104 | acc 0.9911 | lr 6.97e-06 | 293s
2026-09-19 00:18:50 | INFO    | epoch 34 | batch 4266/4266 | loss 0.4104 | acc 0.9911 | lr 6.97e-06 | 293s
2026-09-19 00:19:00 | INFO    | epoch 34/40 done in 303s | train loss 0.4104 | train running patch (aug): accuracy=0.9911 precision=0.9910 recall=0.9908 f1=0.9909
2026-09-19 00:19:00 | INFO    | epoch 34 train (eval, no aug) | loss 0.3920 | patch[7280]: accuracy=0.9993 precision=0.9992 recall=0.9994 f1=0.9993 | image[455]: accuracy=1.0000 precision=1.0000 recall=1.0000 f1=1.0000
2026-09-19 00:19:00 | INFO    | epoch 34 val | loss 1.2027 | patch[8448]: accuracy=0.7019 precision=0.6799 recall=0.6785 f1=0.6791 | image[96]: accuracy=0.7396 precision=0.7195 recall=0.7104 f1=0.7125
2026-09-19 00:19:00 | INFO    | val_patch_f1 = 0.6791 (best 0.6791 @ epoch 34) *
2026-09-19 00:19:01 | INFO    | epoch 35 | batch 20/4266 | loss 0.4106 | acc 0.9922 | lr 6.96e-06 | 1s
2026-09-19 00:19:02 | INFO    | epoch 35 | batch 40/4266 | loss 0.4141 | acc 0.9898 | lr 6.95e-06 | 3s
2026-09-19 00:19:04 | INFO    | epoch 35 | batch 60/4266 | loss 0.4111 | acc 0.9917 | lr 6.94e-06 | 4s
2026-09-19 00:19:05 | INFO    | epoch 35 | batch 80/4266 | loss 0.4111 | acc 0.9910 | lr 6.93e-06 | 5s
2026-09-19 00:19:06 | INFO    | epoch 35 | batch 100/4266 | loss 0.4096 | acc 0.9919 | lr 6.92e-06 | 7s
2026-09-19 00:19:08 | INFO    | epoch 35 | batch 120/4266 | loss 0.4083 | acc 0.9927 | lr 6.91e-06 | 8s
2026-09-19 00:19:09 | INFO    | epoch 35 | batch 140/4266 | loss 0.4076 | acc 0.9929 | lr 6.90e-06 | 10s
2026-09-19 00:19:11 | INFO    | epoch 35 | batch 160/4266 | loss 0.4067 | acc 0.9934 | lr 6.89e-06 | 11s
2026-09-19 00:19:12 | INFO    | epoch 35 | batch 180/4266 | loss 0.4059 | acc 0.9938 | lr 6.88e-06 | 12s
2026-09-19 00:19:13 | INFO    | epoch 35 | batch 200/4266 | loss 0.4067 | acc 0.9934 | lr 6.88e-06 | 14s
2026-09-19 00:19:15 | INFO    | epoch 35 | batch 220/4266 | loss 0.4066 | acc 0.9935 | lr 6.87e-06 | 15s
2026-09-19 00:19:16 | INFO    | epoch 35 | batch 240/4266 | loss 0.4059 | acc 0.9936 | lr 6.86e-06 | 17s
2026-09-19 00:19:18 | INFO    | epoch 35 | batch 260/4266 | loss 0.4062 | acc 0.9934 | lr 6.85e-06 | 18s
2026-09-19 00:19:19 | INFO    | epoch 35 | batch 280/4266 | loss 0.4071 | acc 0.9930 | lr 6.84e-06 | 20s
2026-09-19 00:19:21 | INFO    | epoch 35 | batch 300/4266 | loss 0.4080 | acc 0.9927 | lr 6.83e-06 | 21s
2026-09-19 00:19:22 | INFO    | epoch 35 | batch 320/4266 | loss 0.4076 | acc 0.9928 | lr 6.82e-06 | 22s
2026-09-19 00:19:23 | INFO    | epoch 35 | batch 340/4266 | loss 0.4075 | acc 0.9928 | lr 6.81e-06 | 24s
2026-09-19 00:19:25 | INFO    | epoch 35 | batch 360/4266 | loss 0.4078 | acc 0.9926 | lr 6.80e-06 | 25s
2026-09-19 00:19:26 | INFO    | epoch 35 | batch 380/4266 | loss 0.4077 | acc 0.9926 | lr 6.79e-06 | 27s
2026-09-19 00:19:28 | INFO    | epoch 35 | batch 400/4266 | loss 0.4081 | acc 0.9923 | lr 6.78e-06 | 28s
2026-09-19 00:19:29 | INFO    | epoch 35 | batch 420/4266 | loss 0.4076 | acc 0.9926 | lr 6.78e-06 | 29s
2026-09-19 00:19:30 | INFO    | epoch 35 | batch 440/4266 | loss 0.4075 | acc 0.9927 | lr 6.77e-06 | 31s
2026-09-19 00:19:32 | INFO    | epoch 35 | batch 460/4266 | loss 0.4079 | acc 0.9924 | lr 6.76e-06 | 32s
2026-09-19 00:19:33 | INFO    | epoch 35 | batch 480/4266 | loss 0.4077 | acc 0.9925 | lr 6.75e-06 | 34s
2026-09-19 00:19:35 | INFO    | epoch 35 | batch 500/4266 | loss 0.4078 | acc 0.9924 | lr 6.74e-06 | 35s
2026-09-19 00:19:36 | INFO    | epoch 35 | batch 520/4266 | loss 0.4086 | acc 0.9920 | lr 6.73e-06 | 37s
2026-09-19 00:19:38 | INFO    | epoch 35 | batch 540/4266 | loss 0.4084 | acc 0.9921 | lr 6.72e-06 | 38s
2026-09-19 00:19:39 | INFO    | epoch 35 | batch 560/4266 | loss 0.4084 | acc 0.9921 | lr 6.71e-06 | 39s
2026-09-19 00:19:40 | INFO    | epoch 35 | batch 580/4266 | loss 0.4083 | acc 0.9922 | lr 6.70e-06 | 41s
2026-09-19 00:19:42 | INFO    | epoch 35 | batch 600/4266 | loss 0.4088 | acc 0.9920 | lr 6.70e-06 | 42s
2026-09-19 00:19:43 | INFO    | epoch 35 | batch 620/4266 | loss 0.4086 | acc 0.9921 | lr 6.69e-06 | 44s
2026-09-19 00:19:45 | INFO    | epoch 35 | batch 640/4266 | loss 0.4085 | acc 0.9921 | lr 6.68e-06 | 45s
2026-09-19 00:19:46 | INFO    | epoch 35 | batch 660/4266 | loss 0.4087 | acc 0.9919 | lr 6.67e-06 | 47s
2026-09-19 00:19:48 | INFO    | epoch 35 | batch 680/4266 | loss 0.4086 | acc 0.9919 | lr 6.66e-06 | 48s
2026-09-19 00:19:49 | INFO    | epoch 35 | batch 700/4266 | loss 0.4086 | acc 0.9918 | lr 6.65e-06 | 49s
2026-09-19 00:19:50 | INFO    | epoch 35 | batch 720/4266 | loss 0.4088 | acc 0.9917 | lr 6.64e-06 | 51s
2026-09-19 00:19:52 | INFO    | epoch 35 | batch 740/4266 | loss 0.4087 | acc 0.9918 | lr 6.63e-06 | 52s
2026-09-19 00:19:53 | INFO    | epoch 35 | batch 760/4266 | loss 0.4088 | acc 0.9918 | lr 6.62e-06 | 54s
2026-09-19 00:19:55 | INFO    | epoch 35 | batch 780/4266 | loss 0.4088 | acc 0.9917 | lr 6.61e-06 | 55s
2026-09-19 00:19:56 | INFO    | epoch 35 | batch 800/4266 | loss 0.4088 | acc 0.9917 | lr 6.61e-06 | 56s
2026-09-19 00:19:57 | INFO    | epoch 35 | batch 820/4266 | loss 0.4090 | acc 0.9917 | lr 6.60e-06 | 58s
2026-09-19 00:19:59 | INFO    | epoch 35 | batch 840/4266 | loss 0.4088 | acc 0.9916 | lr 6.59e-06 | 59s
2026-09-19 00:20:00 | INFO    | epoch 35 | batch 860/4266 | loss 0.4091 | acc 0.9915 | lr 6.58e-06 | 61s
2026-09-19 00:20:02 | INFO    | epoch 35 | batch 880/4266 | loss 0.4092 | acc 0.9914 | lr 6.57e-06 | 62s
2026-09-19 00:20:03 | INFO    | epoch 35 | batch 900/4266 | loss 0.4096 | acc 0.9912 | lr 6.56e-06 | 63s
2026-09-19 00:20:04 | INFO    | epoch 35 | batch 920/4266 | loss 0.4093 | acc 0.9914 | lr 6.55e-06 | 65s
2026-09-19 00:20:06 | INFO    | epoch 35 | batch 940/4266 | loss 0.4094 | acc 0.9914 | lr 6.54e-06 | 66s
2026-09-19 00:20:07 | INFO    | epoch 35 | batch 960/4266 | loss 0.4096 | acc 0.9913 | lr 6.54e-06 | 68s
2026-09-19 00:20:08 | INFO    | epoch 35 | batch 980/4266 | loss 0.4095 | acc 0.9914 | lr 6.53e-06 | 69s
2026-09-19 00:20:10 | INFO    | epoch 35 | batch 1000/4266 | loss 0.4093 | acc 0.9914 | lr 6.52e-06 | 70s
2026-09-19 00:20:11 | INFO    | epoch 35 | batch 1020/4266 | loss 0.4095 | acc 0.9913 | lr 6.51e-06 | 72s
2026-09-19 00:20:13 | INFO    | epoch 35 | batch 1040/4266 | loss 0.4094 | acc 0.9914 | lr 6.50e-06 | 73s
2026-09-19 00:20:14 | INFO    | epoch 35 | batch 1060/4266 | loss 0.4092 | acc 0.9915 | lr 6.49e-06 | 74s
2026-09-19 00:20:15 | INFO    | epoch 35 | batch 1080/4266 | loss 0.4092 | acc 0.9915 | lr 6.48e-06 | 76s
2026-09-19 00:20:17 | INFO    | epoch 35 | batch 1100/4266 | loss 0.4092 | acc 0.9915 | lr 6.47e-06 | 77s
2026-09-19 00:20:18 | INFO    | epoch 35 | batch 1120/4266 | loss 0.4092 | acc 0.9915 | lr 6.46e-06 | 79s
2026-09-19 00:20:19 | INFO    | epoch 35 | batch 1140/4266 | loss 0.4092 | acc 0.9916 | lr 6.46e-06 | 80s
2026-09-19 00:20:21 | INFO    | epoch 35 | batch 1160/4266 | loss 0.4091 | acc 0.9916 | lr 6.45e-06 | 81s
2026-09-19 00:20:22 | INFO    | epoch 35 | batch 1180/4266 | loss 0.4092 | acc 0.9916 | lr 6.44e-06 | 83s
2026-09-19 00:20:23 | INFO    | epoch 35 | batch 1200/4266 | loss 0.4091 | acc 0.9916 | lr 6.43e-06 | 84s
2026-09-19 00:20:25 | INFO    | epoch 35 | batch 1220/4266 | loss 0.4093 | acc 0.9915 | lr 6.42e-06 | 85s
2026-09-19 00:20:26 | INFO    | epoch 35 | batch 1240/4266 | loss 0.4092 | acc 0.9916 | lr 6.41e-06 | 87s
2026-09-19 00:20:28 | INFO    | epoch 35 | batch 1260/4266 | loss 0.4093 | acc 0.9915 | lr 6.40e-06 | 88s
2026-09-19 00:20:29 | INFO    | epoch 35 | batch 1280/4266 | loss 0.4094 | acc 0.9915 | lr 6.40e-06 | 89s
2026-09-19 00:20:30 | INFO    | epoch 35 | batch 1300/4266 | loss 0.4094 | acc 0.9914 | lr 6.39e-06 | 91s
2026-09-19 00:20:32 | INFO    | epoch 35 | batch 1320/4266 | loss 0.4093 | acc 0.9915 | lr 6.38e-06 | 92s
2026-09-19 00:20:33 | INFO    | epoch 35 | batch 1340/4266 | loss 0.4093 | acc 0.9915 | lr 6.37e-06 | 94s
2026-09-19 00:20:34 | INFO    | epoch 35 | batch 1360/4266 | loss 0.4093 | acc 0.9914 | lr 6.36e-06 | 95s
2026-09-19 00:20:36 | INFO    | epoch 35 | batch 1380/4266 | loss 0.4094 | acc 0.9914 | lr 6.35e-06 | 96s
2026-09-19 00:20:37 | INFO    | epoch 35 | batch 1400/4266 | loss 0.4094 | acc 0.9913 | lr 6.34e-06 | 97s
2026-09-19 00:20:38 | INFO    | epoch 35 | batch 1420/4266 | loss 0.4095 | acc 0.9913 | lr 6.33e-06 | 99s
2026-09-19 00:20:40 | INFO    | epoch 35 | batch 1440/4266 | loss 0.4093 | acc 0.9914 | lr 6.33e-06 | 100s
2026-09-19 00:20:41 | INFO    | epoch 35 | batch 1460/4266 | loss 0.4095 | acc 0.9914 | lr 6.32e-06 | 102s
2026-09-19 00:20:43 | INFO    | epoch 35 | batch 1480/4266 | loss 0.4096 | acc 0.9914 | lr 6.31e-06 | 103s
2026-09-19 00:20:44 | INFO    | epoch 35 | batch 1500/4266 | loss 0.4095 | acc 0.9914 | lr 6.30e-06 | 104s
2026-09-19 00:20:45 | INFO    | epoch 35 | batch 1520/4266 | loss 0.4096 | acc 0.9914 | lr 6.29e-06 | 106s
2026-09-19 00:20:47 | INFO    | epoch 35 | batch 1540/4266 | loss 0.4096 | acc 0.9913 | lr 6.28e-06 | 107s
2026-09-19 00:20:48 | INFO    | epoch 35 | batch 1560/4266 | loss 0.4097 | acc 0.9913 | lr 6.27e-06 | 109s
2026-09-19 00:20:50 | INFO    | epoch 35 | batch 1580/4266 | loss 0.4097 | acc 0.9913 | lr 6.27e-06 | 110s
2026-09-19 00:20:51 | INFO    | epoch 35 | batch 1600/4266 | loss 0.4097 | acc 0.9913 | lr 6.26e-06 | 111s
2026-09-19 00:20:52 | INFO    | epoch 35 | batch 1620/4266 | loss 0.4097 | acc 0.9913 | lr 6.25e-06 | 113s
2026-09-19 00:20:54 | INFO    | epoch 35 | batch 1640/4266 | loss 0.4098 | acc 0.9913 | lr 6.24e-06 | 114s
2026-09-19 00:20:55 | INFO    | epoch 35 | batch 1660/4266 | loss 0.4097 | acc 0.9913 | lr 6.23e-06 | 116s
2026-09-19 00:20:57 | INFO    | epoch 35 | batch 1680/4266 | loss 0.4097 | acc 0.9913 | lr 6.22e-06 | 117s
2026-09-19 00:20:58 | INFO    | epoch 35 | batch 1700/4266 | loss 0.4097 | acc 0.9913 | lr 6.21e-06 | 118s
2026-09-19 00:20:59 | INFO    | epoch 35 | batch 1720/4266 | loss 0.4096 | acc 0.9914 | lr 6.21e-06 | 120s
2026-09-19 00:21:01 | INFO    | epoch 35 | batch 1740/4266 | loss 0.4096 | acc 0.9914 | lr 6.20e-06 | 121s
2026-09-19 00:21:02 | INFO    | epoch 35 | batch 1760/4266 | loss 0.4095 | acc 0.9914 | lr 6.19e-06 | 123s
2026-09-19 00:21:04 | INFO    | epoch 35 | batch 1780/4266 | loss 0.4095 | acc 0.9914 | lr 6.18e-06 | 124s
2026-09-19 00:21:05 | INFO    | epoch 35 | batch 1800/4266 | loss 0.4096 | acc 0.9914 | lr 6.17e-06 | 125s
2026-09-19 00:21:06 | INFO    | epoch 35 | batch 1820/4266 | loss 0.4095 | acc 0.9914 | lr 6.16e-06 | 127s
2026-09-19 00:21:08 | INFO    | epoch 35 | batch 1840/4266 | loss 0.4095 | acc 0.9914 | lr 6.15e-06 | 128s
2026-09-19 00:21:09 | INFO    | epoch 35 | batch 1860/4266 | loss 0.4096 | acc 0.9914 | lr 6.15e-06 | 129s
2026-09-19 00:21:10 | INFO    | epoch 35 | batch 1880/4266 | loss 0.4095 | acc 0.9914 | lr 6.14e-06 | 131s
2026-09-19 00:21:12 | INFO    | epoch 35 | batch 1900/4266 | loss 0.4096 | acc 0.9913 | lr 6.13e-06 | 132s
2026-09-19 00:21:13 | INFO    | epoch 35 | batch 1920/4266 | loss 0.4097 | acc 0.9913 | lr 6.12e-06 | 134s
2026-09-19 00:21:15 | INFO    | epoch 35 | batch 1940/4266 | loss 0.4098 | acc 0.9912 | lr 6.11e-06 | 135s
2026-09-19 00:21:16 | INFO    | epoch 35 | batch 1960/4266 | loss 0.4099 | acc 0.9912 | lr 6.10e-06 | 136s
2026-09-19 00:21:17 | INFO    | epoch 35 | batch 1980/4266 | loss 0.4099 | acc 0.9912 | lr 6.09e-06 | 138s
2026-09-19 00:21:19 | INFO    | epoch 35 | batch 2000/4266 | loss 0.4098 | acc 0.9912 | lr 6.09e-06 | 139s
2026-09-19 00:21:20 | INFO    | epoch 35 | batch 2020/4266 | loss 0.4098 | acc 0.9912 | lr 6.08e-06 | 140s
2026-09-19 00:21:21 | INFO    | epoch 35 | batch 2040/4266 | loss 0.4097 | acc 0.9912 | lr 6.07e-06 | 142s
2026-09-19 00:21:23 | INFO    | epoch 35 | batch 2060/4266 | loss 0.4096 | acc 0.9913 | lr 6.06e-06 | 143s
2026-09-19 00:21:24 | INFO    | epoch 35 | batch 2080/4266 | loss 0.4096 | acc 0.9913 | lr 6.05e-06 | 144s
2026-09-19 00:21:25 | INFO    | epoch 35 | batch 2100/4266 | loss 0.4096 | acc 0.9913 | lr 6.04e-06 | 146s
2026-09-19 00:21:27 | INFO    | epoch 35 | batch 2120/4266 | loss 0.4096 | acc 0.9913 | lr 6.04e-06 | 147s
2026-09-19 00:21:28 | INFO    | epoch 35 | batch 2140/4266 | loss 0.4096 | acc 0.9913 | lr 6.03e-06 | 149s
2026-09-19 00:21:30 | INFO    | epoch 35 | batch 2160/4266 | loss 0.4096 | acc 0.9913 | lr 6.02e-06 | 150s
2026-09-19 00:21:31 | INFO    | epoch 35 | batch 2180/4266 | loss 0.4097 | acc 0.9913 | lr 6.01e-06 | 151s
2026-09-19 00:21:32 | INFO    | epoch 35 | batch 2200/4266 | loss 0.4098 | acc 0.9912 | lr 6.00e-06 | 153s
2026-09-19 00:21:34 | INFO    | epoch 35 | batch 2220/4266 | loss 0.4097 | acc 0.9913 | lr 5.99e-06 | 154s
2026-09-19 00:21:35 | INFO    | epoch 35 | batch 2240/4266 | loss 0.4097 | acc 0.9913 | lr 5.98e-06 | 155s
2026-09-19 00:21:37 | INFO    | epoch 35 | batch 2260/4266 | loss 0.4097 | acc 0.9913 | lr 5.98e-06 | 157s
2026-09-19 00:21:38 | INFO    | epoch 35 | batch 2280/4266 | loss 0.4098 | acc 0.9913 | lr 5.97e-06 | 158s
2026-09-19 00:21:39 | INFO    | epoch 35 | batch 2300/4266 | loss 0.4097 | acc 0.9913 | lr 5.96e-06 | 160s
2026-09-19 00:21:41 | INFO    | epoch 35 | batch 2320/4266 | loss 0.4097 | acc 0.9914 | lr 5.95e-06 | 161s
2026-09-19 00:21:42 | INFO    | epoch 35 | batch 2340/4266 | loss 0.4097 | acc 0.9913 | lr 5.94e-06 | 162s
2026-09-19 00:21:44 | INFO    | epoch 35 | batch 2360/4266 | loss 0.4098 | acc 0.9913 | lr 5.93e-06 | 164s
2026-09-19 00:21:45 | INFO    | epoch 35 | batch 2380/4266 | loss 0.4098 | acc 0.9913 | lr 5.93e-06 | 165s
2026-09-19 00:21:46 | INFO    | epoch 35 | batch 2400/4266 | loss 0.4098 | acc 0.9913 | lr 5.92e-06 | 167s
2026-09-19 00:21:48 | INFO    | epoch 35 | batch 2420/4266 | loss 0.4097 | acc 0.9913 | lr 5.91e-06 | 168s
2026-09-19 00:21:49 | INFO    | epoch 35 | batch 2440/4266 | loss 0.4098 | acc 0.9913 | lr 5.90e-06 | 169s
2026-09-19 00:21:50 | INFO    | epoch 35 | batch 2460/4266 | loss 0.4098 | acc 0.9913 | lr 5.89e-06 | 171s
2026-09-19 00:21:52 | INFO    | epoch 35 | batch 2480/4266 | loss 0.4097 | acc 0.9913 | lr 5.88e-06 | 172s
2026-09-19 00:21:53 | INFO    | epoch 35 | batch 2500/4266 | loss 0.4097 | acc 0.9913 | lr 5.88e-06 | 174s
2026-09-19 00:21:55 | INFO    | epoch 35 | batch 2520/4266 | loss 0.4097 | acc 0.9913 | lr 5.87e-06 | 175s
2026-09-19 00:21:56 | INFO    | epoch 35 | batch 2540/4266 | loss 0.4097 | acc 0.9913 | lr 5.86e-06 | 176s
2026-09-19 00:21:57 | INFO    | epoch 35 | batch 2560/4266 | loss 0.4097 | acc 0.9913 | lr 5.85e-06 | 178s
2026-09-19 00:21:59 | INFO    | epoch 35 | batch 2580/4266 | loss 0.4097 | acc 0.9914 | lr 5.84e-06 | 179s
2026-09-19 00:22:00 | INFO    | epoch 35 | batch 2600/4266 | loss 0.4097 | acc 0.9913 | lr 5.83e-06 | 180s
2026-09-19 00:22:01 | INFO    | epoch 35 | batch 2620/4266 | loss 0.4097 | acc 0.9913 | lr 5.83e-06 | 182s
2026-09-19 00:22:03 | INFO    | epoch 35 | batch 2640/4266 | loss 0.4098 | acc 0.9913 | lr 5.82e-06 | 183s
2026-09-19 00:22:04 | INFO    | epoch 35 | batch 2660/4266 | loss 0.4098 | acc 0.9914 | lr 5.81e-06 | 184s
2026-09-19 00:22:05 | INFO    | epoch 35 | batch 2680/4266 | loss 0.4097 | acc 0.9914 | lr 5.80e-06 | 186s
2026-09-19 00:22:07 | INFO    | epoch 35 | batch 2700/4266 | loss 0.4098 | acc 0.9914 | lr 5.79e-06 | 187s
2026-09-19 00:22:08 | INFO    | epoch 35 | batch 2720/4266 | loss 0.4098 | acc 0.9913 | lr 5.79e-06 | 188s
2026-09-19 00:22:09 | INFO    | epoch 35 | batch 2740/4266 | loss 0.4098 | acc 0.9913 | lr 5.78e-06 | 190s
2026-09-19 00:22:11 | INFO    | epoch 35 | batch 2760/4266 | loss 0.4098 | acc 0.9913 | lr 5.77e-06 | 191s
2026-09-19 00:22:12 | INFO    | epoch 35 | batch 2780/4266 | loss 0.4099 | acc 0.9913 | lr 5.76e-06 | 192s
2026-09-19 00:22:13 | INFO    | epoch 35 | batch 2800/4266 | loss 0.4099 | acc 0.9913 | lr 5.75e-06 | 194s
2026-09-19 00:22:15 | INFO    | epoch 35 | batch 2820/4266 | loss 0.4100 | acc 0.9912 | lr 5.74e-06 | 195s
2026-09-19 00:22:16 | INFO    | epoch 35 | batch 2840/4266 | loss 0.4100 | acc 0.9912 | lr 5.74e-06 | 197s
2026-09-19 00:22:18 | INFO    | epoch 35 | batch 2860/4266 | loss 0.4099 | acc 0.9912 | lr 5.73e-06 | 198s
2026-09-19 00:22:19 | INFO    | epoch 35 | batch 2880/4266 | loss 0.4099 | acc 0.9912 | lr 5.72e-06 | 199s
2026-09-19 00:22:20 | INFO    | epoch 35 | batch 2900/4266 | loss 0.4099 | acc 0.9913 | lr 5.71e-06 | 201s
2026-09-19 00:22:22 | INFO    | epoch 35 | batch 2920/4266 | loss 0.4099 | acc 0.9912 | lr 5.70e-06 | 202s
2026-09-19 00:22:23 | INFO    | epoch 35 | batch 2940/4266 | loss 0.4099 | acc 0.9912 | lr 5.70e-06 | 203s
2026-09-19 00:22:24 | INFO    | epoch 35 | batch 2960/4266 | loss 0.4100 | acc 0.9912 | lr 5.69e-06 | 205s
2026-09-19 00:22:26 | INFO    | epoch 35 | batch 2980/4266 | loss 0.4101 | acc 0.9912 | lr 5.68e-06 | 206s
2026-09-19 00:22:27 | INFO    | epoch 35 | batch 3000/4266 | loss 0.4100 | acc 0.9912 | lr 5.67e-06 | 207s
2026-09-19 00:22:28 | INFO    | epoch 35 | batch 3020/4266 | loss 0.4100 | acc 0.9912 | lr 5.66e-06 | 209s
2026-09-19 00:22:30 | INFO    | epoch 35 | batch 3040/4266 | loss 0.4099 | acc 0.9912 | lr 5.65e-06 | 210s
2026-09-19 00:22:31 | INFO    | epoch 35 | batch 3060/4266 | loss 0.4099 | acc 0.9912 | lr 5.65e-06 | 212s
2026-09-19 00:22:33 | INFO    | epoch 35 | batch 3080/4266 | loss 0.4098 | acc 0.9912 | lr 5.64e-06 | 213s
2026-09-19 00:22:34 | INFO    | epoch 35 | batch 3100/4266 | loss 0.4098 | acc 0.9913 | lr 5.63e-06 | 214s
2026-09-19 00:22:35 | INFO    | epoch 35 | batch 3120/4266 | loss 0.4097 | acc 0.9913 | lr 5.62e-06 | 216s
2026-09-19 00:22:37 | INFO    | epoch 35 | batch 3140/4266 | loss 0.4097 | acc 0.9913 | lr 5.61e-06 | 217s
2026-09-19 00:22:38 | INFO    | epoch 35 | batch 3160/4266 | loss 0.4098 | acc 0.9912 | lr 5.61e-06 | 219s
2026-09-19 00:22:40 | INFO    | epoch 35 | batch 3180/4266 | loss 0.4097 | acc 0.9913 | lr 5.60e-06 | 220s
2026-09-19 00:22:41 | INFO    | epoch 35 | batch 3200/4266 | loss 0.4097 | acc 0.9913 | lr 5.59e-06 | 222s
2026-09-19 00:22:43 | INFO    | epoch 35 | batch 3220/4266 | loss 0.4096 | acc 0.9913 | lr 5.58e-06 | 223s
2026-09-19 00:22:44 | INFO    | epoch 35 | batch 3240/4266 | loss 0.4096 | acc 0.9913 | lr 5.57e-06 | 224s
2026-09-19 00:22:45 | INFO    | epoch 35 | batch 3260/4266 | loss 0.4096 | acc 0.9914 | lr 5.57e-06 | 226s
2026-09-19 00:22:47 | INFO    | epoch 35 | batch 3280/4266 | loss 0.4095 | acc 0.9914 | lr 5.56e-06 | 227s
2026-09-19 00:22:48 | INFO    | epoch 35 | batch 3300/4266 | loss 0.4095 | acc 0.9914 | lr 5.55e-06 | 228s
2026-09-19 00:22:49 | INFO    | epoch 35 | batch 3320/4266 | loss 0.4095 | acc 0.9914 | lr 5.54e-06 | 230s
2026-09-19 00:22:51 | INFO    | epoch 35 | batch 3340/4266 | loss 0.4095 | acc 0.9914 | lr 5.53e-06 | 231s
2026-09-19 00:22:52 | INFO    | epoch 35 | batch 3360/4266 | loss 0.4095 | acc 0.9914 | lr 5.53e-06 | 233s
2026-09-19 00:22:54 | INFO    | epoch 35 | batch 3380/4266 | loss 0.4095 | acc 0.9914 | lr 5.52e-06 | 234s
2026-09-19 00:22:55 | INFO    | epoch 35 | batch 3400/4266 | loss 0.4095 | acc 0.9914 | lr 5.51e-06 | 235s
2026-09-19 00:22:56 | INFO    | epoch 35 | batch 3420/4266 | loss 0.4095 | acc 0.9914 | lr 5.50e-06 | 237s
2026-09-19 00:22:58 | INFO    | epoch 35 | batch 3440/4266 | loss 0.4095 | acc 0.9914 | lr 5.49e-06 | 238s
2026-09-19 00:22:59 | INFO    | epoch 35 | batch 3460/4266 | loss 0.4095 | acc 0.9914 | lr 5.49e-06 | 240s
2026-09-19 00:23:01 | INFO    | epoch 35 | batch 3480/4266 | loss 0.4095 | acc 0.9914 | lr 5.48e-06 | 241s
2026-09-19 00:23:02 | INFO    | epoch 35 | batch 3500/4266 | loss 0.4094 | acc 0.9914 | lr 5.47e-06 | 242s
2026-09-19 00:23:03 | INFO    | epoch 35 | batch 3520/4266 | loss 0.4094 | acc 0.9914 | lr 5.46e-06 | 244s
2026-09-19 00:23:05 | INFO    | epoch 35 | batch 3540/4266 | loss 0.4093 | acc 0.9914 | lr 5.45e-06 | 245s
2026-09-19 00:23:06 | INFO    | epoch 35 | batch 3560/4266 | loss 0.4093 | acc 0.9914 | lr 5.45e-06 | 247s
2026-09-19 00:23:08 | INFO    | epoch 35 | batch 3580/4266 | loss 0.4093 | acc 0.9914 | lr 5.44e-06 | 248s
2026-09-19 00:23:09 | INFO    | epoch 35 | batch 3600/4266 | loss 0.4094 | acc 0.9914 | lr 5.43e-06 | 250s
2026-09-19 00:23:10 | INFO    | epoch 35 | batch 3620/4266 | loss 0.4093 | acc 0.9914 | lr 5.42e-06 | 251s
2026-09-19 00:23:12 | INFO    | epoch 35 | batch 3640/4266 | loss 0.4093 | acc 0.9914 | lr 5.41e-06 | 252s
2026-09-19 00:23:13 | INFO    | epoch 35 | batch 3660/4266 | loss 0.4093 | acc 0.9914 | lr 5.41e-06 | 254s
2026-09-19 00:23:15 | INFO    | epoch 35 | batch 3680/4266 | loss 0.4092 | acc 0.9915 | lr 5.40e-06 | 255s
2026-09-19 00:23:16 | INFO    | epoch 35 | batch 3700/4266 | loss 0.4092 | acc 0.9915 | lr 5.39e-06 | 256s
2026-09-19 00:23:17 | INFO    | epoch 35 | batch 3720/4266 | loss 0.4092 | acc 0.9915 | lr 5.38e-06 | 258s
2026-09-19 00:23:19 | INFO    | epoch 35 | batch 3740/4266 | loss 0.4091 | acc 0.9915 | lr 5.37e-06 | 259s
2026-09-19 00:23:20 | INFO    | epoch 35 | batch 3760/4266 | loss 0.4091 | acc 0.9915 | lr 5.37e-06 | 260s
2026-09-19 00:23:21 | INFO    | epoch 35 | batch 3780/4266 | loss 0.4091 | acc 0.9915 | lr 5.36e-06 | 262s
2026-09-19 00:23:23 | INFO    | epoch 35 | batch 3800/4266 | loss 0.4091 | acc 0.9915 | lr 5.35e-06 | 263s
2026-09-19 00:23:24 | INFO    | epoch 35 | batch 3820/4266 | loss 0.4091 | acc 0.9915 | lr 5.34e-06 | 265s
2026-09-19 00:23:26 | INFO    | epoch 35 | batch 3840/4266 | loss 0.4091 | acc 0.9915 | lr 5.33e-06 | 266s
2026-09-19 00:23:27 | INFO    | epoch 35 | batch 3860/4266 | loss 0.4090 | acc 0.9915 | lr 5.33e-06 | 267s
2026-09-19 00:23:28 | INFO    | epoch 35 | batch 3880/4266 | loss 0.4091 | acc 0.9915 | lr 5.32e-06 | 269s
2026-09-19 00:23:30 | INFO    | epoch 35 | batch 3900/4266 | loss 0.4091 | acc 0.9915 | lr 5.31e-06 | 270s
2026-09-19 00:23:31 | INFO    | epoch 35 | batch 3920/4266 | loss 0.4091 | acc 0.9915 | lr 5.30e-06 | 271s
2026-09-19 00:23:32 | INFO    | epoch 35 | batch 3940/4266 | loss 0.4090 | acc 0.9915 | lr 5.30e-06 | 273s
2026-09-19 00:23:34 | INFO    | epoch 35 | batch 3960/4266 | loss 0.4091 | acc 0.9915 | lr 5.29e-06 | 274s
2026-09-19 00:23:35 | INFO    | epoch 35 | batch 3980/4266 | loss 0.4092 | acc 0.9915 | lr 5.28e-06 | 276s
2026-09-19 00:23:37 | INFO    | epoch 35 | batch 4000/4266 | loss 0.4092 | acc 0.9915 | lr 5.27e-06 | 277s
2026-09-19 00:23:38 | INFO    | epoch 35 | batch 4020/4266 | loss 0.4092 | acc 0.9915 | lr 5.26e-06 | 278s
2026-09-19 00:23:39 | INFO    | epoch 35 | batch 4040/4266 | loss 0.4091 | acc 0.9915 | lr 5.26e-06 | 280s
2026-09-19 00:23:41 | INFO    | epoch 35 | batch 4060/4266 | loss 0.4092 | acc 0.9915 | lr 5.25e-06 | 281s
2026-09-19 00:23:42 | INFO    | epoch 35 | batch 4080/4266 | loss 0.4092 | acc 0.9915 | lr 5.24e-06 | 283s
2026-09-19 00:23:44 | INFO    | epoch 35 | batch 4100/4266 | loss 0.4091 | acc 0.9915 | lr 5.23e-06 | 284s
2026-09-19 00:23:45 | INFO    | epoch 35 | batch 4120/4266 | loss 0.4091 | acc 0.9915 | lr 5.23e-06 | 285s
2026-09-19 00:23:46 | INFO    | epoch 35 | batch 4140/4266 | loss 0.4091 | acc 0.9915 | lr 5.22e-06 | 287s
2026-09-19 00:23:48 | INFO    | epoch 35 | batch 4160/4266 | loss 0.4091 | acc 0.9915 | lr 5.21e-06 | 288s
2026-09-19 00:23:49 | INFO    | epoch 35 | batch 4180/4266 | loss 0.4091 | acc 0.9915 | lr 5.20e-06 | 290s
2026-09-19 00:23:51 | INFO    | epoch 35 | batch 4200/4266 | loss 0.4092 | acc 0.9915 | lr 5.19e-06 | 291s
2026-09-19 00:23:52 | INFO    | epoch 35 | batch 4220/4266 | loss 0.4092 | acc 0.9915 | lr 5.19e-06 | 292s
2026-09-19 00:23:53 | INFO    | epoch 35 | batch 4240/4266 | loss 0.4093 | acc 0.9915 | lr 5.18e-06 | 294s
2026-09-19 00:23:55 | INFO    | epoch 35 | batch 4260/4266 | loss 0.4093 | acc 0.9914 | lr 5.17e-06 | 295s
2026-09-19 00:23:55 | INFO    | epoch 35 | batch 4266/4266 | loss 0.4093 | acc 0.9915 | lr 5.17e-06 | 296s
2026-09-19 00:24:05 | INFO    | epoch 35/40 done in 305s | train loss 0.4093 | train running patch (aug): accuracy=0.9915 precision=0.9914 recall=0.9912 f1=0.9913
2026-09-19 00:24:05 | INFO    | epoch 35 train (eval, no aug) | loss 0.3924 | patch[7280]: accuracy=0.9990 precision=0.9990 recall=0.9990 f1=0.9990 | image[455]: accuracy=1.0000 precision=1.0000 recall=1.0000 f1=1.0000
2026-09-19 00:24:05 | INFO    | epoch 35 val | loss 1.2242 | patch[8448]: accuracy=0.6886 precision=0.6648 recall=0.6630 f1=0.6635 | image[96]: accuracy=0.7500 precision=0.7203 recall=0.7147 f1=0.7142
2026-09-19 00:24:05 | INFO    | val_patch_f1 = 0.6635 (best 0.6791 @ epoch 34)
2026-09-19 00:24:06 | INFO    | epoch 36 | batch 20/4266 | loss 0.4008 | acc 0.9953 | lr 5.16e-06 | 1s
2026-09-19 00:24:08 | INFO    | epoch 36 | batch 40/4266 | loss 0.4073 | acc 0.9914 | lr 5.15e-06 | 3s
2026-09-19 00:24:09 | INFO    | epoch 36 | batch 60/4266 | loss 0.4076 | acc 0.9911 | lr 5.15e-06 | 4s
2026-09-19 00:24:11 | INFO    | epoch 36 | batch 80/4266 | loss 0.4094 | acc 0.9906 | lr 5.14e-06 | 6s
2026-09-19 00:24:12 | INFO    | epoch 36 | batch 100/4266 | loss 0.4115 | acc 0.9897 | lr 5.13e-06 | 7s
2026-09-19 00:24:13 | INFO    | epoch 36 | batch 120/4266 | loss 0.4136 | acc 0.9888 | lr 5.12e-06 | 8s
2026-09-19 00:24:15 | INFO    | epoch 36 | batch 140/4266 | loss 0.4116 | acc 0.9900 | lr 5.12e-06 | 10s
2026-09-19 00:24:16 | INFO    | epoch 36 | batch 160/4266 | loss 0.4105 | acc 0.9904 | lr 5.11e-06 | 11s
2026-09-19 00:24:18 | INFO    | epoch 36 | batch 180/4266 | loss 0.4108 | acc 0.9903 | lr 5.10e-06 | 13s
2026-09-19 00:24:19 | INFO    | epoch 36 | batch 200/4266 | loss 0.4102 | acc 0.9908 | lr 5.09e-06 | 14s
2026-09-19 00:24:20 | INFO    | epoch 36 | batch 220/4266 | loss 0.4095 | acc 0.9911 | lr 5.08e-06 | 15s
2026-09-19 00:24:22 | INFO    | epoch 36 | batch 240/4266 | loss 0.4089 | acc 0.9913 | lr 5.08e-06 | 17s
2026-09-19 00:24:23 | INFO    | epoch 36 | batch 260/4266 | loss 0.4093 | acc 0.9909 | lr 5.07e-06 | 18s
2026-09-19 00:24:24 | INFO    | epoch 36 | batch 280/4266 | loss 0.4095 | acc 0.9907 | lr 5.06e-06 | 19s
2026-09-19 00:24:26 | INFO    | epoch 36 | batch 300/4266 | loss 0.4094 | acc 0.9906 | lr 5.05e-06 | 21s
2026-09-19 00:24:27 | INFO    | epoch 36 | batch 320/4266 | loss 0.4090 | acc 0.9909 | lr 5.05e-06 | 22s
2026-09-19 00:24:28 | INFO    | epoch 36 | batch 340/4266 | loss 0.4094 | acc 0.9909 | lr 5.04e-06 | 23s
2026-09-19 00:24:30 | INFO    | epoch 36 | batch 360/4266 | loss 0.4096 | acc 0.9910 | lr 5.03e-06 | 25s
2026-09-19 00:24:31 | INFO    | epoch 36 | batch 380/4266 | loss 0.4100 | acc 0.9909 | lr 5.02e-06 | 26s
2026-09-19 00:24:33 | INFO    | epoch 36 | batch 400/4266 | loss 0.4097 | acc 0.9910 | lr 5.02e-06 | 28s
2026-09-19 00:24:34 | INFO    | epoch 36 | batch 420/4266 | loss 0.4099 | acc 0.9909 | lr 5.01e-06 | 29s
2026-09-19 00:24:35 | INFO    | epoch 36 | batch 440/4266 | loss 0.4107 | acc 0.9905 | lr 5.00e-06 | 30s
2026-09-19 00:24:37 | INFO    | epoch 36 | batch 460/4266 | loss 0.4102 | acc 0.9908 | lr 4.99e-06 | 32s
2026-09-19 00:24:38 | INFO    | epoch 36 | batch 480/4266 | loss 0.4103 | acc 0.9907 | lr 4.99e-06 | 33s
2026-09-19 00:24:40 | INFO    | epoch 36 | batch 500/4266 | loss 0.4103 | acc 0.9908 | lr 4.98e-06 | 35s
2026-09-19 00:24:41 | INFO    | epoch 36 | batch 520/4266 | loss 0.4104 | acc 0.9907 | lr 4.97e-06 | 36s
2026-09-19 00:24:43 | INFO    | epoch 36 | batch 540/4266 | loss 0.4105 | acc 0.9907 | lr 4.96e-06 | 38s
2026-09-19 00:24:44 | INFO    | epoch 36 | batch 560/4266 | loss 0.4102 | acc 0.9909 | lr 4.96e-06 | 39s
2026-09-19 00:24:45 | INFO    | epoch 36 | batch 580/4266 | loss 0.4101 | acc 0.9909 | lr 4.95e-06 | 40s
2026-09-19 00:24:47 | INFO    | epoch 36 | batch 600/4266 | loss 0.4099 | acc 0.9910 | lr 4.94e-06 | 42s
2026-09-19 00:24:48 | INFO    | epoch 36 | batch 620/4266 | loss 0.4097 | acc 0.9912 | lr 4.93e-06 | 43s
2026-09-19 00:24:50 | INFO    | epoch 36 | batch 640/4266 | loss 0.4099 | acc 0.9912 | lr 4.93e-06 | 45s
2026-09-19 00:24:51 | INFO    | epoch 36 | batch 660/4266 | loss 0.4097 | acc 0.9913 | lr 4.92e-06 | 46s
2026-09-19 00:24:52 | INFO    | epoch 36 | batch 680/4266 | loss 0.4093 | acc 0.9915 | lr 4.91e-06 | 47s
2026-09-19 00:24:54 | INFO    | epoch 36 | batch 700/4266 | loss 0.4093 | acc 0.9914 | lr 4.90e-06 | 49s
2026-09-19 00:24:55 | INFO    | epoch 36 | batch 720/4266 | loss 0.4091 | acc 0.9915 | lr 4.90e-06 | 50s
2026-09-19 00:24:57 | INFO    | epoch 36 | batch 740/4266 | loss 0.4092 | acc 0.9915 | lr 4.89e-06 | 52s
2026-09-19 00:24:58 | INFO    | epoch 36 | batch 760/4266 | loss 0.4089 | acc 0.9917 | lr 4.88e-06 | 53s
2026-09-19 00:24:59 | INFO    | epoch 36 | batch 780/4266 | loss 0.4088 | acc 0.9917 | lr 4.87e-06 | 54s
2026-09-19 00:25:01 | INFO    | epoch 36 | batch 800/4266 | loss 0.4092 | acc 0.9916 | lr 4.87e-06 | 56s
2026-09-19 00:25:02 | INFO    | epoch 36 | batch 820/4266 | loss 0.4090 | acc 0.9917 | lr 4.86e-06 | 57s
2026-09-19 00:25:04 | INFO    | epoch 36 | batch 840/4266 | loss 0.4090 | acc 0.9918 | lr 4.85e-06 | 59s
2026-09-19 00:25:05 | INFO    | epoch 36 | batch 860/4266 | loss 0.4091 | acc 0.9917 | lr 4.84e-06 | 60s
2026-09-19 00:25:06 | INFO    | epoch 36 | batch 880/4266 | loss 0.4091 | acc 0.9918 | lr 4.84e-06 | 61s
2026-09-19 00:25:08 | INFO    | epoch 36 | batch 900/4266 | loss 0.4090 | acc 0.9918 | lr 4.83e-06 | 63s
2026-09-19 00:25:09 | INFO    | epoch 36 | batch 920/4266 | loss 0.4087 | acc 0.9920 | lr 4.82e-06 | 64s
2026-09-19 00:25:10 | INFO    | epoch 36 | batch 940/4266 | loss 0.4089 | acc 0.9918 | lr 4.81e-06 | 65s
2026-09-19 00:25:12 | INFO    | epoch 36 | batch 960/4266 | loss 0.4090 | acc 0.9918 | lr 4.81e-06 | 67s
2026-09-19 00:25:13 | INFO    | epoch 36 | batch 980/4266 | loss 0.4090 | acc 0.9918 | lr 4.80e-06 | 68s
2026-09-19 00:25:14 | INFO    | epoch 36 | batch 1000/4266 | loss 0.4093 | acc 0.9917 | lr 4.79e-06 | 69s
2026-09-19 00:25:16 | INFO    | epoch 36 | batch 1020/4266 | loss 0.4093 | acc 0.9917 | lr 4.79e-06 | 71s
2026-09-19 00:25:17 | INFO    | epoch 36 | batch 1040/4266 | loss 0.4094 | acc 0.9916 | lr 4.78e-06 | 72s
2026-09-19 00:25:18 | INFO    | epoch 36 | batch 1060/4266 | loss 0.4093 | acc 0.9916 | lr 4.77e-06 | 73s
2026-09-19 00:25:20 | INFO    | epoch 36 | batch 1080/4266 | loss 0.4094 | acc 0.9916 | lr 4.76e-06 | 75s
2026-09-19 00:25:21 | INFO    | epoch 36 | batch 1100/4266 | loss 0.4093 | acc 0.9916 | lr 4.76e-06 | 76s
2026-09-19 00:25:22 | INFO    | epoch 36 | batch 1120/4266 | loss 0.4094 | acc 0.9916 | lr 4.75e-06 | 77s
2026-09-19 00:25:24 | INFO    | epoch 36 | batch 1140/4266 | loss 0.4093 | acc 0.9916 | lr 4.74e-06 | 79s
2026-09-19 00:25:25 | INFO    | epoch 36 | batch 1160/4266 | loss 0.4092 | acc 0.9917 | lr 4.73e-06 | 80s
2026-09-19 00:25:26 | INFO    | epoch 36 | batch 1180/4266 | loss 0.4092 | acc 0.9917 | lr 4.73e-06 | 81s
2026-09-19 00:25:28 | INFO    | epoch 36 | batch 1200/4266 | loss 0.4092 | acc 0.9917 | lr 4.72e-06 | 83s
2026-09-19 00:25:29 | INFO    | epoch 36 | batch 1220/4266 | loss 0.4091 | acc 0.9917 | lr 4.71e-06 | 84s
2026-09-19 00:25:30 | INFO    | epoch 36 | batch 1240/4266 | loss 0.4091 | acc 0.9917 | lr 4.70e-06 | 85s
2026-09-19 00:25:32 | INFO    | epoch 36 | batch 1260/4266 | loss 0.4091 | acc 0.9917 | lr 4.70e-06 | 87s
2026-09-19 00:25:33 | INFO    | epoch 36 | batch 1280/4266 | loss 0.4090 | acc 0.9917 | lr 4.69e-06 | 88s
2026-09-19 00:25:35 | INFO    | epoch 36 | batch 1300/4266 | loss 0.4090 | acc 0.9918 | lr 4.68e-06 | 90s
2026-09-19 00:25:36 | INFO    | epoch 36 | batch 1320/4266 | loss 0.4091 | acc 0.9918 | lr 4.68e-06 | 91s
2026-09-19 00:25:37 | INFO    | epoch 36 | batch 1340/4266 | loss 0.4091 | acc 0.9918 | lr 4.67e-06 | 92s
2026-09-19 00:25:39 | INFO    | epoch 36 | batch 1360/4266 | loss 0.4090 | acc 0.9918 | lr 4.66e-06 | 94s
2026-09-19 00:25:40 | INFO    | epoch 36 | batch 1380/4266 | loss 0.4090 | acc 0.9918 | lr 4.65e-06 | 95s
2026-09-19 00:25:41 | INFO    | epoch 36 | batch 1400/4266 | loss 0.4091 | acc 0.9918 | lr 4.65e-06 | 96s
2026-09-19 00:25:43 | INFO    | epoch 36 | batch 1420/4266 | loss 0.4090 | acc 0.9918 | lr 4.64e-06 | 98s
2026-09-19 00:25:44 | INFO    | epoch 36 | batch 1440/4266 | loss 0.4090 | acc 0.9918 | lr 4.63e-06 | 99s
2026-09-19 00:25:46 | INFO    | epoch 36 | batch 1460/4266 | loss 0.4090 | acc 0.9918 | lr 4.62e-06 | 101s
2026-09-19 00:25:47 | INFO    | epoch 36 | batch 1480/4266 | loss 0.4089 | acc 0.9919 | lr 4.62e-06 | 102s
2026-09-19 00:25:48 | INFO    | epoch 36 | batch 1500/4266 | loss 0.4090 | acc 0.9919 | lr 4.61e-06 | 103s
2026-09-19 00:25:50 | INFO    | epoch 36 | batch 1520/4266 | loss 0.4089 | acc 0.9919 | lr 4.60e-06 | 105s
2026-09-19 00:25:51 | INFO    | epoch 36 | batch 1540/4266 | loss 0.4089 | acc 0.9920 | lr 4.60e-06 | 106s
2026-09-19 00:25:52 | INFO    | epoch 36 | batch 1560/4266 | loss 0.4089 | acc 0.9919 | lr 4.59e-06 | 107s
2026-09-19 00:25:54 | INFO    | epoch 36 | batch 1580/4266 | loss 0.4089 | acc 0.9920 | lr 4.58e-06 | 109s
2026-09-19 00:25:55 | INFO    | epoch 36 | batch 1600/4266 | loss 0.4089 | acc 0.9919 | lr 4.57e-06 | 110s
2026-09-19 00:25:57 | INFO    | epoch 36 | batch 1620/4266 | loss 0.4088 | acc 0.9920 | lr 4.57e-06 | 112s
2026-09-19 00:25:58 | INFO    | epoch 36 | batch 1640/4266 | loss 0.4088 | acc 0.9920 | lr 4.56e-06 | 113s
2026-09-19 00:25:59 | INFO    | epoch 36 | batch 1660/4266 | loss 0.4088 | acc 0.9920 | lr 4.55e-06 | 114s
2026-09-19 00:26:01 | INFO    | epoch 36 | batch 1680/4266 | loss 0.4087 | acc 0.9920 | lr 4.55e-06 | 116s
2026-09-19 00:26:02 | INFO    | epoch 36 | batch 1700/4266 | loss 0.4088 | acc 0.9920 | lr 4.54e-06 | 117s
2026-09-19 00:26:03 | INFO    | epoch 36 | batch 1720/4266 | loss 0.4088 | acc 0.9920 | lr 4.53e-06 | 118s
2026-09-19 00:26:05 | INFO    | epoch 36 | batch 1740/4266 | loss 0.4089 | acc 0.9920 | lr 4.52e-06 | 120s
2026-09-19 00:26:06 | INFO    | epoch 36 | batch 1760/4266 | loss 0.4088 | acc 0.9920 | lr 4.52e-06 | 121s
2026-09-19 00:26:07 | INFO    | epoch 36 | batch 1780/4266 | loss 0.4090 | acc 0.9919 | lr 4.51e-06 | 122s
2026-09-19 00:26:09 | INFO    | epoch 36 | batch 1800/4266 | loss 0.4090 | acc 0.9919 | lr 4.50e-06 | 124s
2026-09-19 00:26:10 | INFO    | epoch 36 | batch 1820/4266 | loss 0.4091 | acc 0.9919 | lr 4.50e-06 | 125s
2026-09-19 00:26:11 | INFO    | epoch 36 | batch 1840/4266 | loss 0.4091 | acc 0.9919 | lr 4.49e-06 | 126s
2026-09-19 00:26:13 | INFO    | epoch 36 | batch 1860/4266 | loss 0.4091 | acc 0.9919 | lr 4.48e-06 | 128s
2026-09-19 00:26:14 | INFO    | epoch 36 | batch 1880/4266 | loss 0.4092 | acc 0.9919 | lr 4.48e-06 | 129s
2026-09-19 00:26:16 | INFO    | epoch 36 | batch 1900/4266 | loss 0.4091 | acc 0.9919 | lr 4.47e-06 | 131s
2026-09-19 00:26:17 | INFO    | epoch 36 | batch 1920/4266 | loss 0.4092 | acc 0.9919 | lr 4.46e-06 | 132s
2026-09-19 00:26:18 | INFO    | epoch 36 | batch 1940/4266 | loss 0.4092 | acc 0.9918 | lr 4.45e-06 | 133s
2026-09-19 00:26:20 | INFO    | epoch 36 | batch 1960/4266 | loss 0.4092 | acc 0.9918 | lr 4.45e-06 | 135s
2026-09-19 00:26:21 | INFO    | epoch 36 | batch 1980/4266 | loss 0.4092 | acc 0.9918 | lr 4.44e-06 | 136s
2026-09-19 00:26:23 | INFO    | epoch 36 | batch 2000/4266 | loss 0.4091 | acc 0.9919 | lr 4.43e-06 | 138s
2026-09-19 00:26:24 | INFO    | epoch 36 | batch 2020/4266 | loss 0.4092 | acc 0.9918 | lr 4.43e-06 | 139s
2026-09-19 00:26:25 | INFO    | epoch 36 | batch 2040/4266 | loss 0.4095 | acc 0.9917 | lr 4.42e-06 | 140s
2026-09-19 00:26:27 | INFO    | epoch 36 | batch 2060/4266 | loss 0.4094 | acc 0.9918 | lr 4.41e-06 | 142s
2026-09-19 00:26:28 | INFO    | epoch 36 | batch 2080/4266 | loss 0.4093 | acc 0.9918 | lr 4.40e-06 | 143s
2026-09-19 00:26:30 | INFO    | epoch 36 | batch 2100/4266 | loss 0.4093 | acc 0.9918 | lr 4.40e-06 | 145s
2026-09-19 00:26:31 | INFO    | epoch 36 | batch 2120/4266 | loss 0.4092 | acc 0.9919 | lr 4.39e-06 | 146s
2026-09-19 00:26:33 | INFO    | epoch 36 | batch 2140/4266 | loss 0.4091 | acc 0.9919 | lr 4.38e-06 | 148s
2026-09-19 00:26:34 | INFO    | epoch 36 | batch 2160/4266 | loss 0.4091 | acc 0.9919 | lr 4.38e-06 | 149s
2026-09-19 00:26:35 | INFO    | epoch 36 | batch 2180/4266 | loss 0.4091 | acc 0.9920 | lr 4.37e-06 | 150s
2026-09-19 00:26:37 | INFO    | epoch 36 | batch 2200/4266 | loss 0.4090 | acc 0.9920 | lr 4.36e-06 | 152s
2026-09-19 00:26:38 | INFO    | epoch 36 | batch 2220/4266 | loss 0.4090 | acc 0.9920 | lr 4.36e-06 | 153s
2026-09-19 00:26:40 | INFO    | epoch 36 | batch 2240/4266 | loss 0.4090 | acc 0.9920 | lr 4.35e-06 | 155s
2026-09-19 00:26:41 | INFO    | epoch 36 | batch 2260/4266 | loss 0.4090 | acc 0.9920 | lr 4.34e-06 | 156s
2026-09-19 00:26:42 | INFO    | epoch 36 | batch 2280/4266 | loss 0.4089 | acc 0.9921 | lr 4.34e-06 | 157s
2026-09-19 00:26:44 | INFO    | epoch 36 | batch 2300/4266 | loss 0.4089 | acc 0.9921 | lr 4.33e-06 | 159s
2026-09-19 00:26:45 | INFO    | epoch 36 | batch 2320/4266 | loss 0.4090 | acc 0.9921 | lr 4.32e-06 | 160s
2026-09-19 00:26:46 | INFO    | epoch 36 | batch 2340/4266 | loss 0.4089 | acc 0.9921 | lr 4.31e-06 | 161s
2026-09-19 00:26:48 | INFO    | epoch 36 | batch 2360/4266 | loss 0.4089 | acc 0.9921 | lr 4.31e-06 | 163s
2026-09-19 00:26:49 | INFO    | epoch 36 | batch 2380/4266 | loss 0.4090 | acc 0.9921 | lr 4.30e-06 | 164s
2026-09-19 00:26:51 | INFO    | epoch 36 | batch 2400/4266 | loss 0.4090 | acc 0.9920 | lr 4.29e-06 | 166s
2026-09-19 00:26:52 | INFO    | epoch 36 | batch 2420/4266 | loss 0.4090 | acc 0.9920 | lr 4.29e-06 | 167s
2026-09-19 00:26:53 | INFO    | epoch 36 | batch 2440/4266 | loss 0.4090 | acc 0.9920 | lr 4.28e-06 | 168s
2026-09-19 00:26:55 | INFO    | epoch 36 | batch 2460/4266 | loss 0.4090 | acc 0.9920 | lr 4.27e-06 | 170s
2026-09-19 00:26:56 | INFO    | epoch 36 | batch 2480/4266 | loss 0.4090 | acc 0.9920 | lr 4.27e-06 | 171s
2026-09-19 00:26:58 | INFO    | epoch 36 | batch 2500/4266 | loss 0.4088 | acc 0.9921 | lr 4.26e-06 | 173s
2026-09-19 00:26:59 | INFO    | epoch 36 | batch 2520/4266 | loss 0.4088 | acc 0.9921 | lr 4.25e-06 | 174s
2026-09-19 00:27:00 | INFO    | epoch 36 | batch 2540/4266 | loss 0.4088 | acc 0.9921 | lr 4.25e-06 | 175s
2026-09-19 00:27:02 | INFO    | epoch 36 | batch 2560/4266 | loss 0.4088 | acc 0.9921 | lr 4.24e-06 | 177s
2026-09-19 00:27:03 | INFO    | epoch 36 | batch 2580/4266 | loss 0.4088 | acc 0.9921 | lr 4.23e-06 | 178s
2026-09-19 00:27:04 | INFO    | epoch 36 | batch 2600/4266 | loss 0.4088 | acc 0.9921 | lr 4.23e-06 | 179s
2026-09-19 00:27:06 | INFO    | epoch 36 | batch 2620/4266 | loss 0.4088 | acc 0.9921 | lr 4.22e-06 | 181s
2026-09-19 00:27:07 | INFO    | epoch 36 | batch 2640/4266 | loss 0.4087 | acc 0.9922 | lr 4.21e-06 | 182s
2026-09-19 00:27:08 | INFO    | epoch 36 | batch 2660/4266 | loss 0.4088 | acc 0.9921 | lr 4.20e-06 | 183s
2026-09-19 00:27:10 | INFO    | epoch 36 | batch 2680/4266 | loss 0.4089 | acc 0.9920 | lr 4.20e-06 | 185s
2026-09-19 00:27:11 | INFO    | epoch 36 | batch 2700/4266 | loss 0.4088 | acc 0.9920 | lr 4.19e-06 | 186s
2026-09-19 00:27:12 | INFO    | epoch 36 | batch 2720/4266 | loss 0.4089 | acc 0.9920 | lr 4.18e-06 | 187s
2026-09-19 00:27:14 | INFO    | epoch 36 | batch 2740/4266 | loss 0.4088 | acc 0.9920 | lr 4.18e-06 | 189s
2026-09-19 00:27:15 | INFO    | epoch 36 | batch 2760/4266 | loss 0.4089 | acc 0.9920 | lr 4.17e-06 | 190s
2026-09-19 00:27:17 | INFO    | epoch 36 | batch 2780/4266 | loss 0.4088 | acc 0.9920 | lr 4.16e-06 | 192s
2026-09-19 00:27:18 | INFO    | epoch 36 | batch 2800/4266 | loss 0.4088 | acc 0.9920 | lr 4.16e-06 | 193s
2026-09-19 00:27:19 | INFO    | epoch 36 | batch 2820/4266 | loss 0.4088 | acc 0.9920 | lr 4.15e-06 | 194s
2026-09-19 00:27:21 | INFO    | epoch 36 | batch 2840/4266 | loss 0.4088 | acc 0.9921 | lr 4.14e-06 | 196s
2026-09-19 00:27:22 | INFO    | epoch 36 | batch 2860/4266 | loss 0.4088 | acc 0.9920 | lr 4.14e-06 | 197s
2026-09-19 00:27:23 | INFO    | epoch 36 | batch 2880/4266 | loss 0.4088 | acc 0.9920 | lr 4.13e-06 | 198s
2026-09-19 00:27:25 | INFO    | epoch 36 | batch 2900/4266 | loss 0.4089 | acc 0.9920 | lr 4.12e-06 | 200s
2026-09-19 00:27:26 | INFO    | epoch 36 | batch 2920/4266 | loss 0.4088 | acc 0.9920 | lr 4.12e-06 | 201s
2026-09-19 00:27:28 | INFO    | epoch 36 | batch 2940/4266 | loss 0.4089 | acc 0.9920 | lr 4.11e-06 | 203s
2026-09-19 00:27:29 | INFO    | epoch 36 | batch 2960/4266 | loss 0.4089 | acc 0.9920 | lr 4.10e-06 | 204s
2026-09-19 00:27:30 | INFO    | epoch 36 | batch 2980/4266 | loss 0.4089 | acc 0.9920 | lr 4.10e-06 | 205s
2026-09-19 00:27:32 | INFO    | epoch 36 | batch 3000/4266 | loss 0.4089 | acc 0.9920 | lr 4.09e-06 | 207s
2026-09-19 00:27:33 | INFO    | epoch 36 | batch 3020/4266 | loss 0.4088 | acc 0.9920 | lr 4.08e-06 | 208s
2026-09-19 00:27:34 | INFO    | epoch 36 | batch 3040/4266 | loss 0.4089 | acc 0.9921 | lr 4.08e-06 | 209s
2026-09-19 00:27:36 | INFO    | epoch 36 | batch 3060/4266 | loss 0.4088 | acc 0.9921 | lr 4.07e-06 | 211s
2026-09-19 00:27:37 | INFO    | epoch 36 | batch 3080/4266 | loss 0.4088 | acc 0.9921 | lr 4.06e-06 | 212s
2026-09-19 00:27:39 | INFO    | epoch 36 | batch 3100/4266 | loss 0.4088 | acc 0.9921 | lr 4.06e-06 | 214s
2026-09-19 00:27:40 | INFO    | epoch 36 | batch 3120/4266 | loss 0.4088 | acc 0.9920 | lr 4.05e-06 | 215s
2026-09-19 00:27:41 | INFO    | epoch 36 | batch 3140/4266 | loss 0.4088 | acc 0.9921 | lr 4.04e-06 | 216s
2026-09-19 00:27:43 | INFO    | epoch 36 | batch 3160/4266 | loss 0.4088 | acc 0.9921 | lr 4.04e-06 | 218s
2026-09-19 00:27:44 | INFO    | epoch 36 | batch 3180/4266 | loss 0.4088 | acc 0.9921 | lr 4.03e-06 | 219s
2026-09-19 00:27:46 | INFO    | epoch 36 | batch 3200/4266 | loss 0.4088 | acc 0.9921 | lr 4.02e-06 | 221s
2026-09-19 00:27:47 | INFO    | epoch 36 | batch 3220/4266 | loss 0.4087 | acc 0.9921 | lr 4.02e-06 | 222s
2026-09-19 00:27:48 | INFO    | epoch 36 | batch 3240/4266 | loss 0.4088 | acc 0.9921 | lr 4.01e-06 | 223s
2026-09-19 00:27:50 | INFO    | epoch 36 | batch 3260/4266 | loss 0.4087 | acc 0.9921 | lr 4.00e-06 | 225s
2026-09-19 00:27:51 | INFO    | epoch 36 | batch 3280/4266 | loss 0.4087 | acc 0.9921 | lr 4.00e-06 | 226s
2026-09-19 00:27:52 | INFO    | epoch 36 | batch 3300/4266 | loss 0.4087 | acc 0.9921 | lr 3.99e-06 | 227s
2026-09-19 00:27:54 | INFO    | epoch 36 | batch 3320/4266 | loss 0.4087 | acc 0.9921 | lr 3.98e-06 | 229s
2026-09-19 00:27:55 | INFO    | epoch 36 | batch 3340/4266 | loss 0.4086 | acc 0.9921 | lr 3.98e-06 | 230s
2026-09-19 00:27:57 | INFO    | epoch 36 | batch 3360/4266 | loss 0.4086 | acc 0.9922 | lr 3.97e-06 | 232s
2026-09-19 00:27:58 | INFO    | epoch 36 | batch 3380/4266 | loss 0.4086 | acc 0.9922 | lr 3.96e-06 | 233s
2026-09-19 00:27:59 | INFO    | epoch 36 | batch 3400/4266 | loss 0.4085 | acc 0.9922 | lr 3.96e-06 | 234s
2026-09-19 00:28:01 | INFO    | epoch 36 | batch 3420/4266 | loss 0.4085 | acc 0.9922 | lr 3.95e-06 | 236s
2026-09-19 00:28:02 | INFO    | epoch 36 | batch 3440/4266 | loss 0.4086 | acc 0.9922 | lr 3.95e-06 | 237s
2026-09-19 00:28:04 | INFO    | epoch 36 | batch 3460/4266 | loss 0.4086 | acc 0.9922 | lr 3.94e-06 | 239s
2026-09-19 00:28:05 | INFO    | epoch 36 | batch 3480/4266 | loss 0.4085 | acc 0.9922 | lr 3.93e-06 | 240s
2026-09-19 00:28:06 | INFO    | epoch 36 | batch 3500/4266 | loss 0.4085 | acc 0.9922 | lr 3.93e-06 | 241s
2026-09-19 00:28:08 | INFO    | epoch 36 | batch 3520/4266 | loss 0.4085 | acc 0.9922 | lr 3.92e-06 | 243s
2026-09-19 00:28:09 | INFO    | epoch 36 | batch 3540/4266 | loss 0.4084 | acc 0.9922 | lr 3.91e-06 | 244s
2026-09-19 00:28:11 | INFO    | epoch 36 | batch 3560/4266 | loss 0.4085 | acc 0.9922 | lr 3.91e-06 | 246s
2026-09-19 00:28:12 | INFO    | epoch 36 | batch 3580/4266 | loss 0.4085 | acc 0.9922 | lr 3.90e-06 | 247s
2026-09-19 00:28:13 | INFO    | epoch 36 | batch 3600/4266 | loss 0.4085 | acc 0.9922 | lr 3.89e-06 | 248s
2026-09-19 00:28:15 | INFO    | epoch 36 | batch 3620/4266 | loss 0.4085 | acc 0.9922 | lr 3.89e-06 | 250s
2026-09-19 00:28:16 | INFO    | epoch 36 | batch 3640/4266 | loss 0.4085 | acc 0.9922 | lr 3.88e-06 | 251s
2026-09-19 00:28:17 | INFO    | epoch 36 | batch 3660/4266 | loss 0.4085 | acc 0.9922 | lr 3.87e-06 | 252s
2026-09-19 00:28:19 | INFO    | epoch 36 | batch 3680/4266 | loss 0.4085 | acc 0.9922 | lr 3.87e-06 | 254s
2026-09-19 00:28:20 | INFO    | epoch 36 | batch 3700/4266 | loss 0.4084 | acc 0.9922 | lr 3.86e-06 | 255s
2026-09-19 00:28:21 | INFO    | epoch 36 | batch 3720/4266 | loss 0.4085 | acc 0.9922 | lr 3.85e-06 | 256s
2026-09-19 00:28:23 | INFO    | epoch 36 | batch 3740/4266 | loss 0.4085 | acc 0.9922 | lr 3.85e-06 | 258s
2026-09-19 00:28:24 | INFO    | epoch 36 | batch 3760/4266 | loss 0.4085 | acc 0.9922 | lr 3.84e-06 | 259s
2026-09-19 00:28:25 | INFO    | epoch 36 | batch 3780/4266 | loss 0.4085 | acc 0.9922 | lr 3.84e-06 | 261s
2026-09-19 00:28:27 | INFO    | epoch 36 | batch 3800/4266 | loss 0.4084 | acc 0.9922 | lr 3.83e-06 | 262s
2026-09-19 00:28:28 | INFO    | epoch 36 | batch 3820/4266 | loss 0.4085 | acc 0.9922 | lr 3.82e-06 | 263s
2026-09-19 00:28:30 | INFO    | epoch 36 | batch 3840/4266 | loss 0.4085 | acc 0.9922 | lr 3.82e-06 | 265s
2026-09-19 00:28:31 | INFO    | epoch 36 | batch 3860/4266 | loss 0.4085 | acc 0.9921 | lr 3.81e-06 | 266s
2026-09-19 00:28:33 | INFO    | epoch 36 | batch 3880/4266 | loss 0.4085 | acc 0.9921 | lr 3.80e-06 | 268s
2026-09-19 00:28:34 | INFO    | epoch 36 | batch 3900/4266 | loss 0.4085 | acc 0.9922 | lr 3.80e-06 | 269s
2026-09-19 00:28:35 | INFO    | epoch 36 | batch 3920/4266 | loss 0.4085 | acc 0.9922 | lr 3.79e-06 | 270s
2026-09-19 00:28:37 | INFO    | epoch 36 | batch 3940/4266 | loss 0.4084 | acc 0.9922 | lr 3.78e-06 | 272s
2026-09-19 00:28:38 | INFO    | epoch 36 | batch 3960/4266 | loss 0.4084 | acc 0.9922 | lr 3.78e-06 | 273s
2026-09-19 00:28:40 | INFO    | epoch 36 | batch 3980/4266 | loss 0.4083 | acc 0.9922 | lr 3.77e-06 | 275s
2026-09-19 00:28:41 | INFO    | epoch 36 | batch 4000/4266 | loss 0.4084 | acc 0.9922 | lr 3.77e-06 | 276s
2026-09-19 00:28:43 | INFO    | epoch 36 | batch 4020/4266 | loss 0.4083 | acc 0.9922 | lr 3.76e-06 | 278s
2026-09-19 00:28:44 | INFO    | epoch 36 | batch 4040/4266 | loss 0.4084 | acc 0.9922 | lr 3.75e-06 | 279s
2026-09-19 00:28:46 | INFO    | epoch 36 | batch 4060/4266 | loss 0.4084 | acc 0.9922 | lr 3.75e-06 | 281s
2026-09-19 00:28:47 | INFO    | epoch 36 | batch 4080/4266 | loss 0.4084 | acc 0.9922 | lr 3.74e-06 | 282s
2026-09-19 00:28:48 | INFO    | epoch 36 | batch 4100/4266 | loss 0.4084 | acc 0.9922 | lr 3.73e-06 | 283s
2026-09-19 00:28:50 | INFO    | epoch 36 | batch 4120/4266 | loss 0.4084 | acc 0.9922 | lr 3.73e-06 | 285s
2026-09-19 00:28:51 | INFO    | epoch 36 | batch 4140/4266 | loss 0.4084 | acc 0.9922 | lr 3.72e-06 | 286s
2026-09-19 00:28:53 | INFO    | epoch 36 | batch 4160/4266 | loss 0.4084 | acc 0.9922 | lr 3.72e-06 | 288s
2026-09-19 00:28:54 | INFO    | epoch 36 | batch 4180/4266 | loss 0.4084 | acc 0.9922 | lr 3.71e-06 | 289s
2026-09-19 00:28:55 | INFO    | epoch 36 | batch 4200/4266 | loss 0.4084 | acc 0.9923 | lr 3.70e-06 | 290s
2026-09-19 00:28:57 | INFO    | epoch 36 | batch 4220/4266 | loss 0.4084 | acc 0.9923 | lr 3.70e-06 | 292s
2026-09-19 00:28:58 | INFO    | epoch 36 | batch 4240/4266 | loss 0.4084 | acc 0.9922 | lr 3.69e-06 | 293s
2026-09-19 00:29:00 | INFO    | epoch 36 | batch 4260/4266 | loss 0.4084 | acc 0.9922 | lr 3.68e-06 | 295s
2026-09-19 00:29:00 | INFO    | epoch 36 | batch 4266/4266 | loss 0.4084 | acc 0.9922 | lr 3.68e-06 | 295s
2026-09-19 00:29:10 | INFO    | epoch 36/40 done in 305s | train loss 0.4084 | train running patch (aug): accuracy=0.9922 precision=0.9922 recall=0.9920 f1=0.9921
2026-09-19 00:29:10 | INFO    | epoch 36 train (eval, no aug) | loss 0.3925 | patch[7280]: accuracy=0.9989 precision=0.9988 recall=0.9988 f1=0.9988 | image[455]: accuracy=1.0000 precision=1.0000 recall=1.0000 f1=1.0000
2026-09-19 00:29:10 | INFO    | epoch 36 val | loss 1.2078 | patch[8448]: accuracy=0.6987 precision=0.6780 recall=0.6766 f1=0.6770 | image[96]: accuracy=0.7396 precision=0.7078 recall=0.7042 f1=0.7048
2026-09-19 00:29:10 | INFO    | val_patch_f1 = 0.6770 (best 0.6791 @ epoch 34)
2026-09-19 00:29:11 | INFO    | epoch 37 | batch 20/4266 | loss 0.4128 | acc 0.9891 | lr 3.68e-06 | 1s
2026-09-19 00:29:13 | INFO    | epoch 37 | batch 40/4266 | loss 0.4115 | acc 0.9891 | lr 3.67e-06 | 3s
2026-09-19 00:29:14 | INFO    | epoch 37 | batch 60/4266 | loss 0.4114 | acc 0.9891 | lr 3.66e-06 | 4s
2026-09-19 00:29:16 | INFO    | epoch 37 | batch 80/4266 | loss 0.4127 | acc 0.9887 | lr 3.66e-06 | 6s
2026-09-19 00:29:17 | INFO    | epoch 37 | batch 100/4266 | loss 0.4102 | acc 0.9906 | lr 3.65e-06 | 7s
2026-09-19 00:29:19 | INFO    | epoch 37 | batch 120/4266 | loss 0.4094 | acc 0.9911 | lr 3.64e-06 | 9s
2026-09-19 00:29:20 | INFO    | epoch 37 | batch 140/4266 | loss 0.4094 | acc 0.9913 | lr 3.64e-06 | 10s
2026-09-19 00:29:21 | INFO    | epoch 37 | batch 160/4266 | loss 0.4105 | acc 0.9912 | lr 3.63e-06 | 11s
2026-09-19 00:29:23 | INFO    | epoch 37 | batch 180/4266 | loss 0.4100 | acc 0.9913 | lr 3.63e-06 | 13s
2026-09-19 00:29:24 | INFO    | epoch 37 | batch 200/4266 | loss 0.4103 | acc 0.9914 | lr 3.62e-06 | 14s
2026-09-19 00:29:26 | INFO    | epoch 37 | batch 220/4266 | loss 0.4093 | acc 0.9919 | lr 3.61e-06 | 16s
2026-09-19 00:29:27 | INFO    | epoch 37 | batch 240/4266 | loss 0.4089 | acc 0.9921 | lr 3.61e-06 | 17s
2026-09-19 00:29:28 | INFO    | epoch 37 | batch 260/4266 | loss 0.4100 | acc 0.9916 | lr 3.60e-06 | 18s
2026-09-19 00:29:30 | INFO    | epoch 37 | batch 280/4266 | loss 0.4105 | acc 0.9913 | lr 3.60e-06 | 20s
2026-09-19 00:29:31 | INFO    | epoch 37 | batch 300/4266 | loss 0.4098 | acc 0.9915 | lr 3.59e-06 | 21s
2026-09-19 00:29:33 | INFO    | epoch 37 | batch 320/4266 | loss 0.4092 | acc 0.9918 | lr 3.58e-06 | 23s
2026-09-19 00:29:34 | INFO    | epoch 37 | batch 340/4266 | loss 0.4090 | acc 0.9918 | lr 3.58e-06 | 24s
2026-09-19 00:29:35 | INFO    | epoch 37 | batch 360/4266 | loss 0.4094 | acc 0.9918 | lr 3.57e-06 | 25s
2026-09-19 00:29:37 | INFO    | epoch 37 | batch 380/4266 | loss 0.4090 | acc 0.9919 | lr 3.56e-06 | 27s
2026-09-19 00:29:38 | INFO    | epoch 37 | batch 400/4266 | loss 0.4085 | acc 0.9922 | lr 3.56e-06 | 28s
2026-09-19 00:29:39 | INFO    | epoch 37 | batch 420/4266 | loss 0.4082 | acc 0.9923 | lr 3.55e-06 | 29s
2026-09-19 00:29:41 | INFO    | epoch 37 | batch 440/4266 | loss 0.4084 | acc 0.9922 | lr 3.55e-06 | 31s
2026-09-19 00:29:42 | INFO    | epoch 37 | batch 460/4266 | loss 0.4084 | acc 0.9922 | lr 3.54e-06 | 32s
2026-09-19 00:29:44 | INFO    | epoch 37 | batch 480/4266 | loss 0.4083 | acc 0.9922 | lr 3.53e-06 | 34s
2026-09-19 00:29:45 | INFO    | epoch 37 | batch 500/4266 | loss 0.4088 | acc 0.9921 | lr 3.53e-06 | 35s
2026-09-19 00:29:46 | INFO    | epoch 37 | batch 520/4266 | loss 0.4088 | acc 0.9919 | lr 3.52e-06 | 36s
2026-09-19 00:29:48 | INFO    | epoch 37 | batch 540/4266 | loss 0.4089 | acc 0.9918 | lr 3.52e-06 | 38s
2026-09-19 00:29:49 | INFO    | epoch 37 | batch 560/4266 | loss 0.4088 | acc 0.9919 | lr 3.51e-06 | 39s
2026-09-19 00:29:50 | INFO    | epoch 37 | batch 580/4266 | loss 0.4086 | acc 0.9920 | lr 3.50e-06 | 41s
2026-09-19 00:29:52 | INFO    | epoch 37 | batch 600/4266 | loss 0.4086 | acc 0.9920 | lr 3.50e-06 | 42s
2026-09-19 00:29:53 | INFO    | epoch 37 | batch 620/4266 | loss 0.4088 | acc 0.9919 | lr 3.49e-06 | 43s
2026-09-19 00:29:55 | INFO    | epoch 37 | batch 640/4266 | loss 0.4091 | acc 0.9918 | lr 3.49e-06 | 45s
2026-09-19 00:29:56 | INFO    | epoch 37 | batch 660/4266 | loss 0.4090 | acc 0.9919 | lr 3.48e-06 | 46s
2026-09-19 00:29:58 | INFO    | epoch 37 | batch 680/4266 | loss 0.4089 | acc 0.9920 | lr 3.47e-06 | 48s
2026-09-19 00:29:59 | INFO    | epoch 37 | batch 700/4266 | loss 0.4087 | acc 0.9921 | lr 3.47e-06 | 49s
2026-09-19 00:30:00 | INFO    | epoch 37 | batch 720/4266 | loss 0.4088 | acc 0.9920 | lr 3.46e-06 | 50s
2026-09-19 00:30:02 | INFO    | epoch 37 | batch 740/4266 | loss 0.4088 | acc 0.9920 | lr 3.46e-06 | 52s
2026-09-19 00:30:03 | INFO    | epoch 37 | batch 760/4266 | loss 0.4086 | acc 0.9919 | lr 3.45e-06 | 53s
2026-09-19 00:30:04 | INFO    | epoch 37 | batch 780/4266 | loss 0.4088 | acc 0.9918 | lr 3.44e-06 | 55s
2026-09-19 00:30:06 | INFO    | epoch 37 | batch 800/4266 | loss 0.4089 | acc 0.9917 | lr 3.44e-06 | 56s
2026-09-19 00:30:07 | INFO    | epoch 37 | batch 820/4266 | loss 0.4087 | acc 0.9918 | lr 3.43e-06 | 57s
2026-09-19 00:30:09 | INFO    | epoch 37 | batch 840/4266 | loss 0.4090 | acc 0.9917 | lr 3.43e-06 | 59s
2026-09-19 00:30:10 | INFO    | epoch 37 | batch 860/4266 | loss 0.4093 | acc 0.9915 | lr 3.42e-06 | 60s
2026-09-19 00:30:11 | INFO    | epoch 37 | batch 880/4266 | loss 0.4092 | acc 0.9915 | lr 3.41e-06 | 61s
2026-09-19 00:30:13 | INFO    | epoch 37 | batch 900/4266 | loss 0.4092 | acc 0.9915 | lr 3.41e-06 | 63s
2026-09-19 00:30:14 | INFO    | epoch 37 | batch 920/4266 | loss 0.4089 | acc 0.9916 | lr 3.40e-06 | 64s
2026-09-19 00:30:16 | INFO    | epoch 37 | batch 940/4266 | loss 0.4088 | acc 0.9917 | lr 3.40e-06 | 66s
2026-09-19 00:30:17 | INFO    | epoch 37 | batch 960/4266 | loss 0.4091 | acc 0.9916 | lr 3.39e-06 | 67s
2026-09-19 00:30:18 | INFO    | epoch 37 | batch 980/4266 | loss 0.4091 | acc 0.9916 | lr 3.39e-06 | 68s
2026-09-19 00:30:20 | INFO    | epoch 37 | batch 1000/4266 | loss 0.4091 | acc 0.9917 | lr 3.38e-06 | 70s
2026-09-19 00:30:21 | INFO    | epoch 37 | batch 1020/4266 | loss 0.4092 | acc 0.9917 | lr 3.37e-06 | 71s
2026-09-19 00:30:22 | INFO    | epoch 37 | batch 1040/4266 | loss 0.4092 | acc 0.9917 | lr 3.37e-06 | 72s
2026-09-19 00:30:24 | INFO    | epoch 37 | batch 1060/4266 | loss 0.4093 | acc 0.9917 | lr 3.36e-06 | 74s
2026-09-19 00:30:25 | INFO    | epoch 37 | batch 1080/4266 | loss 0.4094 | acc 0.9916 | lr 3.36e-06 | 75s
2026-09-19 00:30:26 | INFO    | epoch 37 | batch 1100/4266 | loss 0.4097 | acc 0.9914 | lr 3.35e-06 | 77s
2026-09-19 00:30:28 | INFO    | epoch 37 | batch 1120/4266 | loss 0.4096 | acc 0.9914 | lr 3.34e-06 | 78s
2026-09-19 00:30:29 | INFO    | epoch 37 | batch 1140/4266 | loss 0.4097 | acc 0.9913 | lr 3.34e-06 | 79s
2026-09-19 00:30:31 | INFO    | epoch 37 | batch 1160/4266 | loss 0.4099 | acc 0.9913 | lr 3.33e-06 | 81s
2026-09-19 00:30:32 | INFO    | epoch 37 | batch 1180/4266 | loss 0.4099 | acc 0.9913 | lr 3.33e-06 | 82s
2026-09-19 00:30:33 | INFO    | epoch 37 | batch 1200/4266 | loss 0.4097 | acc 0.9914 | lr 3.32e-06 | 83s
2026-09-19 00:30:35 | INFO    | epoch 37 | batch 1220/4266 | loss 0.4098 | acc 0.9914 | lr 3.32e-06 | 85s
2026-09-19 00:30:36 | INFO    | epoch 37 | batch 1240/4266 | loss 0.4099 | acc 0.9913 | lr 3.31e-06 | 86s
2026-09-19 00:30:38 | INFO    | epoch 37 | batch 1260/4266 | loss 0.4097 | acc 0.9914 | lr 3.30e-06 | 88s
2026-09-19 00:30:39 | INFO    | epoch 37 | batch 1280/4266 | loss 0.4095 | acc 0.9915 | lr 3.30e-06 | 89s
2026-09-19 00:30:40 | INFO    | epoch 37 | batch 1300/4266 | loss 0.4095 | acc 0.9915 | lr 3.29e-06 | 90s
2026-09-19 00:30:42 | INFO    | epoch 37 | batch 1320/4266 | loss 0.4095 | acc 0.9916 | lr 3.29e-06 | 92s
2026-09-19 00:30:43 | INFO    | epoch 37 | batch 1340/4266 | loss 0.4094 | acc 0.9916 | lr 3.28e-06 | 93s
2026-09-19 00:30:45 | INFO    | epoch 37 | batch 1360/4266 | loss 0.4093 | acc 0.9917 | lr 3.27e-06 | 95s
2026-09-19 00:30:46 | INFO    | epoch 37 | batch 1380/4266 | loss 0.4094 | acc 0.9916 | lr 3.27e-06 | 96s
2026-09-19 00:30:47 | INFO    | epoch 37 | batch 1400/4266 | loss 0.4093 | acc 0.9917 | lr 3.26e-06 | 97s
2026-09-19 00:30:49 | INFO    | epoch 37 | batch 1420/4266 | loss 0.4093 | acc 0.9917 | lr 3.26e-06 | 99s
2026-09-19 00:30:50 | INFO    | epoch 37 | batch 1440/4266 | loss 0.4093 | acc 0.9917 | lr 3.25e-06 | 100s
2026-09-19 00:30:52 | INFO    | epoch 37 | batch 1460/4266 | loss 0.4093 | acc 0.9917 | lr 3.25e-06 | 102s
2026-09-19 00:30:53 | INFO    | epoch 37 | batch 1480/4266 | loss 0.4093 | acc 0.9918 | lr 3.24e-06 | 103s
2026-09-19 00:30:54 | INFO    | epoch 37 | batch 1500/4266 | loss 0.4095 | acc 0.9917 | lr 3.23e-06 | 104s
2026-09-19 00:30:56 | INFO    | epoch 37 | batch 1520/4266 | loss 0.4098 | acc 0.9916 | lr 3.23e-06 | 106s
2026-09-19 00:30:57 | INFO    | epoch 37 | batch 1540/4266 | loss 0.4097 | acc 0.9916 | lr 3.22e-06 | 107s
2026-09-19 00:30:59 | INFO    | epoch 37 | batch 1560/4266 | loss 0.4096 | acc 0.9916 | lr 3.22e-06 | 109s
2026-09-19 00:31:00 | INFO    | epoch 37 | batch 1580/4266 | loss 0.4096 | acc 0.9917 | lr 3.21e-06 | 110s
2026-09-19 00:31:01 | INFO    | epoch 37 | batch 1600/4266 | loss 0.4097 | acc 0.9916 | lr 3.21e-06 | 111s
2026-09-19 00:31:03 | INFO    | epoch 37 | batch 1620/4266 | loss 0.4098 | acc 0.9916 | lr 3.20e-06 | 113s
2026-09-19 00:31:04 | INFO    | epoch 37 | batch 1640/4266 | loss 0.4099 | acc 0.9915 | lr 3.19e-06 | 114s
2026-09-19 00:31:06 | INFO    | epoch 37 | batch 1660/4266 | loss 0.4098 | acc 0.9915 | lr 3.19e-06 | 116s
2026-09-19 00:31:07 | INFO    | epoch 37 | batch 1680/4266 | loss 0.4097 | acc 0.9916 | lr 3.18e-06 | 117s
2026-09-19 00:31:09 | INFO    | epoch 37 | batch 1700/4266 | loss 0.4097 | acc 0.9916 | lr 3.18e-06 | 119s
2026-09-19 00:31:10 | INFO    | epoch 37 | batch 1720/4266 | loss 0.4097 | acc 0.9915 | lr 3.17e-06 | 120s
2026-09-19 00:31:11 | INFO    | epoch 37 | batch 1740/4266 | loss 0.4097 | acc 0.9915 | lr 3.17e-06 | 121s
2026-09-19 00:31:13 | INFO    | epoch 37 | batch 1760/4266 | loss 0.4098 | acc 0.9915 | lr 3.16e-06 | 123s
2026-09-19 00:31:14 | INFO    | epoch 37 | batch 1780/4266 | loss 0.4097 | acc 0.9915 | lr 3.16e-06 | 124s
2026-09-19 00:31:16 | INFO    | epoch 37 | batch 1800/4266 | loss 0.4096 | acc 0.9916 | lr 3.15e-06 | 126s
2026-09-19 00:31:17 | INFO    | epoch 37 | batch 1820/4266 | loss 0.4096 | acc 0.9916 | lr 3.14e-06 | 127s
2026-09-19 00:31:18 | INFO    | epoch 37 | batch 1840/4266 | loss 0.4096 | acc 0.9916 | lr 3.14e-06 | 129s
2026-09-19 00:31:20 | INFO    | epoch 37 | batch 1860/4266 | loss 0.4096 | acc 0.9916 | lr 3.13e-06 | 130s
2026-09-19 00:31:21 | INFO    | epoch 37 | batch 1880/4266 | loss 0.4095 | acc 0.9916 | lr 3.13e-06 | 131s
2026-09-19 00:31:23 | INFO    | epoch 37 | batch 1900/4266 | loss 0.4095 | acc 0.9916 | lr 3.12e-06 | 133s
2026-09-19 00:31:24 | INFO    | epoch 37 | batch 1920/4266 | loss 0.4095 | acc 0.9916 | lr 3.12e-06 | 134s
2026-09-19 00:31:26 | INFO    | epoch 37 | batch 1940/4266 | loss 0.4094 | acc 0.9917 | lr 3.11e-06 | 136s
2026-09-19 00:31:27 | INFO    | epoch 37 | batch 1960/4266 | loss 0.4094 | acc 0.9916 | lr 3.11e-06 | 137s
2026-09-19 00:31:28 | INFO    | epoch 37 | batch 1980/4266 | loss 0.4093 | acc 0.9917 | lr 3.10e-06 | 138s
2026-09-19 00:31:30 | INFO    | epoch 37 | batch 2000/4266 | loss 0.4092 | acc 0.9918 | lr 3.09e-06 | 140s
2026-09-19 00:31:31 | INFO    | epoch 37 | batch 2020/4266 | loss 0.4093 | acc 0.9917 | lr 3.09e-06 | 141s
2026-09-19 00:31:32 | INFO    | epoch 37 | batch 2040/4266 | loss 0.4093 | acc 0.9917 | lr 3.08e-06 | 142s
2026-09-19 00:31:34 | INFO    | epoch 37 | batch 2060/4266 | loss 0.4093 | acc 0.9917 | lr 3.08e-06 | 144s
2026-09-19 00:31:35 | INFO    | epoch 37 | batch 2080/4266 | loss 0.4093 | acc 0.9917 | lr 3.07e-06 | 145s
2026-09-19 00:31:37 | INFO    | epoch 37 | batch 2100/4266 | loss 0.4092 | acc 0.9917 | lr 3.07e-06 | 147s
2026-09-19 00:31:38 | INFO    | epoch 37 | batch 2120/4266 | loss 0.4092 | acc 0.9917 | lr 3.06e-06 | 148s
2026-09-19 00:31:39 | INFO    | epoch 37 | batch 2140/4266 | loss 0.4091 | acc 0.9918 | lr 3.06e-06 | 149s
2026-09-19 00:31:41 | INFO    | epoch 37 | batch 2160/4266 | loss 0.4091 | acc 0.9918 | lr 3.05e-06 | 151s
2026-09-19 00:31:42 | INFO    | epoch 37 | batch 2180/4266 | loss 0.4091 | acc 0.9918 | lr 3.04e-06 | 152s
2026-09-19 00:31:44 | INFO    | epoch 37 | batch 2200/4266 | loss 0.4090 | acc 0.9919 | lr 3.04e-06 | 154s
2026-09-19 00:31:45 | INFO    | epoch 37 | batch 2220/4266 | loss 0.4090 | acc 0.9919 | lr 3.03e-06 | 155s
2026-09-19 00:31:46 | INFO    | epoch 37 | batch 2240/4266 | loss 0.4090 | acc 0.9919 | lr 3.03e-06 | 157s
2026-09-19 00:31:48 | INFO    | epoch 37 | batch 2260/4266 | loss 0.4089 | acc 0.9919 | lr 3.02e-06 | 158s
2026-09-19 00:31:49 | INFO    | epoch 37 | batch 2280/4266 | loss 0.4089 | acc 0.9919 | lr 3.02e-06 | 159s
2026-09-19 00:31:51 | INFO    | epoch 37 | batch 2300/4266 | loss 0.4089 | acc 0.9919 | lr 3.01e-06 | 161s
2026-09-19 00:31:52 | INFO    | epoch 37 | batch 2320/4266 | loss 0.4089 | acc 0.9920 | lr 3.01e-06 | 162s
2026-09-19 00:31:53 | INFO    | epoch 37 | batch 2340/4266 | loss 0.4088 | acc 0.9920 | lr 3.00e-06 | 164s
2026-09-19 00:31:55 | INFO    | epoch 37 | batch 2360/4266 | loss 0.4088 | acc 0.9920 | lr 3.00e-06 | 165s
2026-09-19 00:31:56 | INFO    | epoch 37 | batch 2380/4266 | loss 0.4088 | acc 0.9920 | lr 2.99e-06 | 166s
2026-09-19 00:31:58 | INFO    | epoch 37 | batch 2400/4266 | loss 0.4088 | acc 0.9920 | lr 2.99e-06 | 168s
2026-09-19 00:31:59 | INFO    | epoch 37 | batch 2420/4266 | loss 0.4087 | acc 0.9920 | lr 2.98e-06 | 169s
2026-09-19 00:32:01 | INFO    | epoch 37 | batch 2440/4266 | loss 0.4087 | acc 0.9921 | lr 2.97e-06 | 171s
2026-09-19 00:32:02 | INFO    | epoch 37 | batch 2460/4266 | loss 0.4086 | acc 0.9921 | lr 2.97e-06 | 172s
2026-09-19 00:32:03 | INFO    | epoch 37 | batch 2480/4266 | loss 0.4086 | acc 0.9921 | lr 2.96e-06 | 173s
2026-09-19 00:32:05 | INFO    | epoch 37 | batch 2500/4266 | loss 0.4085 | acc 0.9921 | lr 2.96e-06 | 175s
2026-09-19 00:32:06 | INFO    | epoch 37 | batch 2520/4266 | loss 0.4085 | acc 0.9921 | lr 2.95e-06 | 176s
2026-09-19 00:32:07 | INFO    | epoch 37 | batch 2540/4266 | loss 0.4085 | acc 0.9921 | lr 2.95e-06 | 177s
2026-09-19 00:32:09 | INFO    | epoch 37 | batch 2560/4266 | loss 0.4084 | acc 0.9922 | lr 2.94e-06 | 179s
2026-09-19 00:32:10 | INFO    | epoch 37 | batch 2580/4266 | loss 0.4083 | acc 0.9922 | lr 2.94e-06 | 180s
2026-09-19 00:32:11 | INFO    | epoch 37 | batch 2600/4266 | loss 0.4082 | acc 0.9922 | lr 2.93e-06 | 181s
2026-09-19 00:32:13 | INFO    | epoch 37 | batch 2620/4266 | loss 0.4082 | acc 0.9923 | lr 2.93e-06 | 183s
2026-09-19 00:32:14 | INFO    | epoch 37 | batch 2640/4266 | loss 0.4081 | acc 0.9923 | lr 2.92e-06 | 184s
2026-09-19 00:32:15 | INFO    | epoch 37 | batch 2660/4266 | loss 0.4081 | acc 0.9923 | lr 2.92e-06 | 185s
2026-09-19 00:32:17 | INFO    | epoch 37 | batch 2680/4266 | loss 0.4081 | acc 0.9923 | lr 2.91e-06 | 187s
2026-09-19 00:32:18 | INFO    | epoch 37 | batch 2700/4266 | loss 0.4081 | acc 0.9924 | lr 2.91e-06 | 188s
2026-09-19 00:32:19 | INFO    | epoch 37 | batch 2720/4266 | loss 0.4081 | acc 0.9923 | lr 2.90e-06 | 189s
2026-09-19 00:32:21 | INFO    | epoch 37 | batch 2740/4266 | loss 0.4082 | acc 0.9923 | lr 2.89e-06 | 191s
2026-09-19 00:32:22 | INFO    | epoch 37 | batch 2760/4266 | loss 0.4082 | acc 0.9923 | lr 2.89e-06 | 192s
2026-09-19 00:32:24 | INFO    | epoch 37 | batch 2780/4266 | loss 0.4082 | acc 0.9923 | lr 2.88e-06 | 194s
2026-09-19 00:32:25 | INFO    | epoch 37 | batch 2800/4266 | loss 0.4084 | acc 0.9922 | lr 2.88e-06 | 195s
2026-09-19 00:32:26 | INFO    | epoch 37 | batch 2820/4266 | loss 0.4085 | acc 0.9922 | lr 2.87e-06 | 196s
2026-09-19 00:32:28 | INFO    | epoch 37 | batch 2840/4266 | loss 0.4084 | acc 0.9922 | lr 2.87e-06 | 198s
2026-09-19 00:32:29 | INFO    | epoch 37 | batch 2860/4266 | loss 0.4084 | acc 0.9922 | lr 2.86e-06 | 199s
2026-09-19 00:32:30 | INFO    | epoch 37 | batch 2880/4266 | loss 0.4086 | acc 0.9921 | lr 2.86e-06 | 200s
2026-09-19 00:32:32 | INFO    | epoch 37 | batch 2900/4266 | loss 0.4086 | acc 0.9921 | lr 2.85e-06 | 202s
2026-09-19 00:32:33 | INFO    | epoch 37 | batch 2920/4266 | loss 0.4085 | acc 0.9921 | lr 2.85e-06 | 203s
2026-09-19 00:32:35 | INFO    | epoch 37 | batch 2940/4266 | loss 0.4086 | acc 0.9921 | lr 2.84e-06 | 205s
2026-09-19 00:32:36 | INFO    | epoch 37 | batch 2960/4266 | loss 0.4086 | acc 0.9921 | lr 2.84e-06 | 206s
2026-09-19 00:32:37 | INFO    | epoch 37 | batch 2980/4266 | loss 0.4086 | acc 0.9921 | lr 2.83e-06 | 207s
2026-09-19 00:32:39 | INFO    | epoch 37 | batch 3000/4266 | loss 0.4086 | acc 0.9921 | lr 2.83e-06 | 209s
2026-09-19 00:32:40 | INFO    | epoch 37 | batch 3020/4266 | loss 0.4087 | acc 0.9920 | lr 2.82e-06 | 210s
2026-09-19 00:32:42 | INFO    | epoch 37 | batch 3040/4266 | loss 0.4086 | acc 0.9921 | lr 2.82e-06 | 212s
2026-09-19 00:32:43 | INFO    | epoch 37 | batch 3060/4266 | loss 0.4086 | acc 0.9920 | lr 2.81e-06 | 213s
2026-09-19 00:32:44 | INFO    | epoch 37 | batch 3080/4266 | loss 0.4086 | acc 0.9920 | lr 2.81e-06 | 214s
2026-09-19 00:32:46 | INFO    | epoch 37 | batch 3100/4266 | loss 0.4086 | acc 0.9920 | lr 2.80e-06 | 216s
2026-09-19 00:32:47 | INFO    | epoch 37 | batch 3120/4266 | loss 0.4086 | acc 0.9920 | lr 2.80e-06 | 217s
2026-09-19 00:32:48 | INFO    | epoch 37 | batch 3140/4266 | loss 0.4086 | acc 0.9920 | lr 2.79e-06 | 218s
2026-09-19 00:32:50 | INFO    | epoch 37 | batch 3160/4266 | loss 0.4085 | acc 0.9921 | lr 2.79e-06 | 220s
2026-09-19 00:32:51 | INFO    | epoch 37 | batch 3180/4266 | loss 0.4085 | acc 0.9921 | lr 2.78e-06 | 221s
2026-09-19 00:32:53 | INFO    | epoch 37 | batch 3200/4266 | loss 0.4085 | acc 0.9921 | lr 2.78e-06 | 223s
2026-09-19 00:32:54 | INFO    | epoch 37 | batch 3220/4266 | loss 0.4087 | acc 0.9920 | lr 2.77e-06 | 224s
2026-09-19 00:32:56 | INFO    | epoch 37 | batch 3240/4266 | loss 0.4087 | acc 0.9920 | lr 2.77e-06 | 226s
2026-09-19 00:32:57 | INFO    | epoch 37 | batch 3260/4266 | loss 0.4086 | acc 0.9920 | lr 2.76e-06 | 227s
2026-09-19 00:32:58 | INFO    | epoch 37 | batch 3280/4266 | loss 0.4087 | acc 0.9920 | lr 2.76e-06 | 228s
2026-09-19 00:33:00 | INFO    | epoch 37 | batch 3300/4266 | loss 0.4088 | acc 0.9920 | lr 2.75e-06 | 230s
2026-09-19 00:33:01 | INFO    | epoch 37 | batch 3320/4266 | loss 0.4088 | acc 0.9920 | lr 2.75e-06 | 231s
2026-09-19 00:33:02 | INFO    | epoch 37 | batch 3340/4266 | loss 0.4089 | acc 0.9919 | lr 2.74e-06 | 232s
2026-09-19 00:33:04 | INFO    | epoch 37 | batch 3360/4266 | loss 0.4089 | acc 0.9919 | lr 2.74e-06 | 234s
2026-09-19 00:33:05 | INFO    | epoch 37 | batch 3380/4266 | loss 0.4089 | acc 0.9919 | lr 2.73e-06 | 235s
2026-09-19 00:33:06 | INFO    | epoch 37 | batch 3400/4266 | loss 0.4089 | acc 0.9918 | lr 2.73e-06 | 237s
2026-09-19 00:33:08 | INFO    | epoch 37 | batch 3420/4266 | loss 0.4089 | acc 0.9919 | lr 2.72e-06 | 238s
2026-09-19 00:33:09 | INFO    | epoch 37 | batch 3440/4266 | loss 0.4089 | acc 0.9919 | lr 2.72e-06 | 239s
2026-09-19 00:33:11 | INFO    | epoch 37 | batch 3460/4266 | loss 0.4089 | acc 0.9919 | lr 2.71e-06 | 241s
2026-09-19 00:33:12 | INFO    | epoch 37 | batch 3480/4266 | loss 0.4089 | acc 0.9919 | lr 2.71e-06 | 242s
2026-09-19 00:33:13 | INFO    | epoch 37 | batch 3500/4266 | loss 0.4088 | acc 0.9919 | lr 2.70e-06 | 243s
2026-09-19 00:33:15 | INFO    | epoch 37 | batch 3520/4266 | loss 0.4088 | acc 0.9919 | lr 2.70e-06 | 245s
2026-09-19 00:33:16 | INFO    | epoch 37 | batch 3540/4266 | loss 0.4088 | acc 0.9919 | lr 2.69e-06 | 246s
2026-09-19 00:33:17 | INFO    | epoch 37 | batch 3560/4266 | loss 0.4088 | acc 0.9920 | lr 2.69e-06 | 248s
2026-09-19 00:33:19 | INFO    | epoch 37 | batch 3580/4266 | loss 0.4088 | acc 0.9919 | lr 2.68e-06 | 249s
2026-09-19 00:33:20 | INFO    | epoch 37 | batch 3600/4266 | loss 0.4088 | acc 0.9919 | lr 2.68e-06 | 250s
2026-09-19 00:33:22 | INFO    | epoch 37 | batch 3620/4266 | loss 0.4089 | acc 0.9919 | lr 2.67e-06 | 252s
2026-09-19 00:33:23 | INFO    | epoch 37 | batch 3640/4266 | loss 0.4088 | acc 0.9919 | lr 2.67e-06 | 253s
2026-09-19 00:33:24 | INFO    | epoch 37 | batch 3660/4266 | loss 0.4088 | acc 0.9919 | lr 2.66e-06 | 254s
2026-09-19 00:33:26 | INFO    | epoch 37 | batch 3680/4266 | loss 0.4088 | acc 0.9919 | lr 2.66e-06 | 256s
2026-09-19 00:33:27 | INFO    | epoch 37 | batch 3700/4266 | loss 0.4088 | acc 0.9919 | lr 2.65e-06 | 257s
2026-09-19 00:33:28 | INFO    | epoch 37 | batch 3720/4266 | loss 0.4088 | acc 0.9919 | lr 2.65e-06 | 259s
2026-09-19 00:33:30 | INFO    | epoch 37 | batch 3740/4266 | loss 0.4088 | acc 0.9919 | lr 2.64e-06 | 260s
2026-09-19 00:33:31 | INFO    | epoch 37 | batch 3760/4266 | loss 0.4088 | acc 0.9920 | lr 2.64e-06 | 261s
2026-09-19 00:33:32 | INFO    | epoch 37 | batch 3780/4266 | loss 0.4088 | acc 0.9920 | lr 2.63e-06 | 263s
2026-09-19 00:33:34 | INFO    | epoch 37 | batch 3800/4266 | loss 0.4087 | acc 0.9920 | lr 2.63e-06 | 264s
2026-09-19 00:33:35 | INFO    | epoch 37 | batch 3820/4266 | loss 0.4088 | acc 0.9920 | lr 2.62e-06 | 265s
2026-09-19 00:33:37 | INFO    | epoch 37 | batch 3840/4266 | loss 0.4088 | acc 0.9919 | lr 2.62e-06 | 267s
2026-09-19 00:33:38 | INFO    | epoch 37 | batch 3860/4266 | loss 0.4088 | acc 0.9919 | lr 2.61e-06 | 268s
2026-09-19 00:33:39 | INFO    | epoch 37 | batch 3880/4266 | loss 0.4088 | acc 0.9919 | lr 2.61e-06 | 269s
2026-09-19 00:33:41 | INFO    | epoch 37 | batch 3900/4266 | loss 0.4089 | acc 0.9919 | lr 2.60e-06 | 271s
2026-09-19 00:33:42 | INFO    | epoch 37 | batch 3920/4266 | loss 0.4088 | acc 0.9919 | lr 2.60e-06 | 272s
2026-09-19 00:33:43 | INFO    | epoch 37 | batch 3940/4266 | loss 0.4088 | acc 0.9919 | lr 2.59e-06 | 273s
2026-09-19 00:33:45 | INFO    | epoch 37 | batch 3960/4266 | loss 0.4088 | acc 0.9919 | lr 2.59e-06 | 275s
2026-09-19 00:33:46 | INFO    | epoch 37 | batch 3980/4266 | loss 0.4088 | acc 0.9919 | lr 2.58e-06 | 276s
2026-09-19 00:33:48 | INFO    | epoch 37 | batch 4000/4266 | loss 0.4088 | acc 0.9919 | lr 2.58e-06 | 278s
2026-09-19 00:33:49 | INFO    | epoch 37 | batch 4020/4266 | loss 0.4088 | acc 0.9919 | lr 2.57e-06 | 279s
2026-09-19 00:33:50 | INFO    | epoch 37 | batch 4040/4266 | loss 0.4088 | acc 0.9919 | lr 2.57e-06 | 280s
2026-09-19 00:33:52 | INFO    | epoch 37 | batch 4060/4266 | loss 0.4088 | acc 0.9919 | lr 2.56e-06 | 282s
2026-09-19 00:33:53 | INFO    | epoch 37 | batch 4080/4266 | loss 0.4087 | acc 0.9920 | lr 2.56e-06 | 283s
2026-09-19 00:33:55 | INFO    | epoch 37 | batch 4100/4266 | loss 0.4087 | acc 0.9920 | lr 2.55e-06 | 285s
2026-09-19 00:33:56 | INFO    | epoch 37 | batch 4120/4266 | loss 0.4087 | acc 0.9920 | lr 2.55e-06 | 286s
2026-09-19 00:33:57 | INFO    | epoch 37 | batch 4140/4266 | loss 0.4087 | acc 0.9920 | lr 2.54e-06 | 287s
2026-09-19 00:33:59 | INFO    | epoch 37 | batch 4160/4266 | loss 0.4087 | acc 0.9920 | lr 2.54e-06 | 289s
2026-09-19 00:34:00 | INFO    | epoch 37 | batch 4180/4266 | loss 0.4087 | acc 0.9920 | lr 2.54e-06 | 290s
2026-09-19 00:34:02 | INFO    | epoch 37 | batch 4200/4266 | loss 0.4087 | acc 0.9919 | lr 2.53e-06 | 292s
2026-09-19 00:34:03 | INFO    | epoch 37 | batch 4220/4266 | loss 0.4087 | acc 0.9920 | lr 2.53e-06 | 293s
2026-09-19 00:34:04 | INFO    | epoch 37 | batch 4240/4266 | loss 0.4087 | acc 0.9920 | lr 2.52e-06 | 294s
2026-09-19 00:34:06 | INFO    | epoch 37 | batch 4260/4266 | loss 0.4087 | acc 0.9920 | lr 2.52e-06 | 296s
2026-09-19 00:34:06 | INFO    | epoch 37 | batch 4266/4266 | loss 0.4087 | acc 0.9920 | lr 2.51e-06 | 296s
2026-09-19 00:34:16 | INFO    | epoch 37/40 done in 306s | train loss 0.4087 | train running patch (aug): accuracy=0.9920 precision=0.9919 recall=0.9917 f1=0.9918
2026-09-19 00:34:16 | INFO    | epoch 37 train (eval, no aug) | loss 0.3919 | patch[7280]: accuracy=0.9995 precision=0.9995 recall=0.9993 f1=0.9994 | image[455]: accuracy=1.0000 precision=1.0000 recall=1.0000 f1=1.0000
2026-09-19 00:34:16 | INFO    | epoch 37 val | loss 1.2162 | patch[8448]: accuracy=0.6911 precision=0.6681 recall=0.6675 f1=0.6677 | image[96]: accuracy=0.7396 precision=0.7084 recall=0.7042 f1=0.7046
2026-09-19 00:34:16 | INFO    | val_patch_f1 = 0.6677 (best 0.6791 @ epoch 34)
2026-09-19 00:34:18 | INFO    | epoch 38 | batch 20/4266 | loss 0.4142 | acc 0.9922 | lr 2.51e-06 | 1s
2026-09-19 00:34:19 | INFO    | epoch 38 | batch 40/4266 | loss 0.4061 | acc 0.9945 | lr 2.51e-06 | 3s
2026-09-19 00:34:20 | INFO    | epoch 38 | batch 60/4266 | loss 0.4071 | acc 0.9938 | lr 2.50e-06 | 4s
2026-09-19 00:34:22 | INFO    | epoch 38 | batch 80/4266 | loss 0.4058 | acc 0.9941 | lr 2.50e-06 | 6s
2026-09-19 00:34:23 | INFO    | epoch 38 | batch 100/4266 | loss 0.4094 | acc 0.9925 | lr 2.49e-06 | 7s
2026-09-19 00:34:25 | INFO    | epoch 38 | batch 120/4266 | loss 0.4082 | acc 0.9927 | lr 2.49e-06 | 9s
2026-09-19 00:34:26 | INFO    | epoch 38 | batch 140/4266 | loss 0.4088 | acc 0.9926 | lr 2.48e-06 | 10s
2026-09-19 00:34:27 | INFO    | epoch 38 | batch 160/4266 | loss 0.4091 | acc 0.9922 | lr 2.48e-06 | 11s
2026-09-19 00:34:29 | INFO    | epoch 38 | batch 180/4266 | loss 0.4092 | acc 0.9920 | lr 2.47e-06 | 13s
2026-09-19 00:34:30 | INFO    | epoch 38 | batch 200/4266 | loss 0.4097 | acc 0.9917 | lr 2.47e-06 | 14s
2026-09-19 00:34:32 | INFO    | epoch 38 | batch 220/4266 | loss 0.4086 | acc 0.9919 | lr 2.46e-06 | 16s
2026-09-19 00:34:33 | INFO    | epoch 38 | batch 240/4266 | loss 0.4092 | acc 0.9915 | lr 2.46e-06 | 17s
2026-09-19 00:34:34 | INFO    | epoch 38 | batch 260/4266 | loss 0.4088 | acc 0.9919 | lr 2.45e-06 | 18s
2026-09-19 00:34:36 | INFO    | epoch 38 | batch 280/4266 | loss 0.4082 | acc 0.9922 | lr 2.45e-06 | 20s
2026-09-19 00:34:37 | INFO    | epoch 38 | batch 300/4266 | loss 0.4084 | acc 0.9919 | lr 2.44e-06 | 21s
2026-09-19 00:34:39 | INFO    | epoch 38 | batch 320/4266 | loss 0.4081 | acc 0.9921 | lr 2.44e-06 | 23s
2026-09-19 00:34:40 | INFO    | epoch 38 | batch 340/4266 | loss 0.4085 | acc 0.9919 | lr 2.44e-06 | 24s
2026-09-19 00:34:41 | INFO    | epoch 38 | batch 360/4266 | loss 0.4079 | acc 0.9922 | lr 2.43e-06 | 25s
2026-09-19 00:34:43 | INFO    | epoch 38 | batch 380/4266 | loss 0.4078 | acc 0.9923 | lr 2.43e-06 | 27s
2026-09-19 00:34:44 | INFO    | epoch 38 | batch 400/4266 | loss 0.4082 | acc 0.9922 | lr 2.42e-06 | 28s
2026-09-19 00:34:46 | INFO    | epoch 38 | batch 420/4266 | loss 0.4078 | acc 0.9924 | lr 2.42e-06 | 30s
2026-09-19 00:34:47 | INFO    | epoch 38 | batch 440/4266 | loss 0.4075 | acc 0.9925 | lr 2.41e-06 | 31s
2026-09-19 00:34:48 | INFO    | epoch 38 | batch 460/4266 | loss 0.4072 | acc 0.9927 | lr 2.41e-06 | 32s
2026-09-19 00:34:50 | INFO    | epoch 38 | batch 480/4266 | loss 0.4072 | acc 0.9928 | lr 2.40e-06 | 34s
2026-09-19 00:34:51 | INFO    | epoch 38 | batch 500/4266 | loss 0.4069 | acc 0.9929 | lr 2.40e-06 | 35s
2026-09-19 00:34:53 | INFO    | epoch 38 | batch 520/4266 | loss 0.4067 | acc 0.9930 | lr 2.39e-06 | 37s
2026-09-19 00:34:54 | INFO    | epoch 38 | batch 540/4266 | loss 0.4069 | acc 0.9929 | lr 2.39e-06 | 38s
2026-09-19 00:34:55 | INFO    | epoch 38 | batch 560/4266 | loss 0.4066 | acc 0.9931 | lr 2.39e-06 | 39s
2026-09-19 00:34:57 | INFO    | epoch 38 | batch 580/4266 | loss 0.4068 | acc 0.9930 | lr 2.38e-06 | 41s
2026-09-19 00:34:58 | INFO    | epoch 38 | batch 600/4266 | loss 0.4066 | acc 0.9931 | lr 2.38e-06 | 42s
2026-09-19 00:35:00 | INFO    | epoch 38 | batch 620/4266 | loss 0.4067 | acc 0.9931 | lr 2.37e-06 | 44s
2026-09-19 00:35:01 | INFO    | epoch 38 | batch 640/4266 | loss 0.4066 | acc 0.9931 | lr 2.37e-06 | 45s
2026-09-19 00:35:02 | INFO    | epoch 38 | batch 660/4266 | loss 0.4070 | acc 0.9930 | lr 2.36e-06 | 46s
2026-09-19 00:35:04 | INFO    | epoch 38 | batch 680/4266 | loss 0.4067 | acc 0.9932 | lr 2.36e-06 | 48s
2026-09-19 00:35:05 | INFO    | epoch 38 | batch 700/4266 | loss 0.4068 | acc 0.9931 | lr 2.35e-06 | 49s
2026-09-19 00:35:06 | INFO    | epoch 38 | batch 720/4266 | loss 0.4069 | acc 0.9930 | lr 2.35e-06 | 50s
2026-09-19 00:35:08 | INFO    | epoch 38 | batch 740/4266 | loss 0.4069 | acc 0.9929 | lr 2.35e-06 | 52s
2026-09-19 00:35:09 | INFO    | epoch 38 | batch 760/4266 | loss 0.4068 | acc 0.9930 | lr 2.34e-06 | 53s
2026-09-19 00:35:11 | INFO    | epoch 38 | batch 780/4266 | loss 0.4072 | acc 0.9929 | lr 2.34e-06 | 55s
2026-09-19 00:35:12 | INFO    | epoch 38 | batch 800/4266 | loss 0.4075 | acc 0.9928 | lr 2.33e-06 | 56s
2026-09-19 00:35:13 | INFO    | epoch 38 | batch 820/4266 | loss 0.4074 | acc 0.9928 | lr 2.33e-06 | 57s
2026-09-19 00:35:15 | INFO    | epoch 38 | batch 840/4266 | loss 0.4076 | acc 0.9927 | lr 2.32e-06 | 59s
2026-09-19 00:35:16 | INFO    | epoch 38 | batch 860/4266 | loss 0.4075 | acc 0.9927 | lr 2.32e-06 | 60s
2026-09-19 00:35:17 | INFO    | epoch 38 | batch 880/4266 | loss 0.4078 | acc 0.9925 | lr 2.31e-06 | 61s
2026-09-19 00:35:19 | INFO    | epoch 38 | batch 900/4266 | loss 0.4076 | acc 0.9926 | lr 2.31e-06 | 63s
2026-09-19 00:35:20 | INFO    | epoch 38 | batch 920/4266 | loss 0.4074 | acc 0.9928 | lr 2.31e-06 | 64s
2026-09-19 00:35:21 | INFO    | epoch 38 | batch 940/4266 | loss 0.4072 | acc 0.9929 | lr 2.30e-06 | 65s
2026-09-19 00:35:23 | INFO    | epoch 38 | batch 960/4266 | loss 0.4071 | acc 0.9929 | lr 2.30e-06 | 67s
2026-09-19 00:35:24 | INFO    | epoch 38 | batch 980/4266 | loss 0.4072 | acc 0.9928 | lr 2.29e-06 | 68s
2026-09-19 00:35:26 | INFO    | epoch 38 | batch 1000/4266 | loss 0.4071 | acc 0.9929 | lr 2.29e-06 | 69s
2026-09-19 00:35:27 | INFO    | epoch 38 | batch 1020/4266 | loss 0.4070 | acc 0.9930 | lr 2.28e-06 | 71s
2026-09-19 00:35:28 | INFO    | epoch 38 | batch 1040/4266 | loss 0.4068 | acc 0.9931 | lr 2.28e-06 | 72s
2026-09-19 00:35:30 | INFO    | epoch 38 | batch 1060/4266 | loss 0.4067 | acc 0.9932 | lr 2.28e-06 | 74s
2026-09-19 00:35:31 | INFO    | epoch 38 | batch 1080/4266 | loss 0.4065 | acc 0.9933 | lr 2.27e-06 | 75s
2026-09-19 00:35:32 | INFO    | epoch 38 | batch 1100/4266 | loss 0.4065 | acc 0.9933 | lr 2.27e-06 | 76s
2026-09-19 00:35:34 | INFO    | epoch 38 | batch 1120/4266 | loss 0.4067 | acc 0.9932 | lr 2.26e-06 | 78s
2026-09-19 00:35:35 | INFO    | epoch 38 | batch 1140/4266 | loss 0.4069 | acc 0.9931 | lr 2.26e-06 | 79s
2026-09-19 00:35:36 | INFO    | epoch 38 | batch 1160/4266 | loss 0.4069 | acc 0.9931 | lr 2.25e-06 | 80s
2026-09-19 00:35:38 | INFO    | epoch 38 | batch 1180/4266 | loss 0.4067 | acc 0.9932 | lr 2.25e-06 | 82s
2026-09-19 00:35:39 | INFO    | epoch 38 | batch 1200/4266 | loss 0.4067 | acc 0.9932 | lr 2.25e-06 | 83s
2026-09-19 00:35:41 | INFO    | epoch 38 | batch 1220/4266 | loss 0.4067 | acc 0.9932 | lr 2.24e-06 | 85s
2026-09-19 00:35:42 | INFO    | epoch 38 | batch 1240/4266 | loss 0.4066 | acc 0.9932 | lr 2.24e-06 | 86s
2026-09-19 00:35:43 | INFO    | epoch 38 | batch 1260/4266 | loss 0.4065 | acc 0.9933 | lr 2.23e-06 | 87s
2026-09-19 00:35:45 | INFO    | epoch 38 | batch 1280/4266 | loss 0.4064 | acc 0.9933 | lr 2.23e-06 | 89s
2026-09-19 00:35:46 | INFO    | epoch 38 | batch 1300/4266 | loss 0.4064 | acc 0.9933 | lr 2.22e-06 | 90s
2026-09-19 00:35:48 | INFO    | epoch 38 | batch 1320/4266 | loss 0.4064 | acc 0.9933 | lr 2.22e-06 | 91s
2026-09-19 00:35:49 | INFO    | epoch 38 | batch 1340/4266 | loss 0.4065 | acc 0.9932 | lr 2.22e-06 | 93s
2026-09-19 00:35:50 | INFO    | epoch 38 | batch 1360/4266 | loss 0.4069 | acc 0.9931 | lr 2.21e-06 | 94s
2026-09-19 00:35:52 | INFO    | epoch 38 | batch 1380/4266 | loss 0.4068 | acc 0.9931 | lr 2.21e-06 | 96s
2026-09-19 00:35:53 | INFO    | epoch 38 | batch 1400/4266 | loss 0.4068 | acc 0.9931 | lr 2.20e-06 | 97s
2026-09-19 00:35:55 | INFO    | epoch 38 | batch 1420/4266 | loss 0.4069 | acc 0.9930 | lr 2.20e-06 | 98s
2026-09-19 00:35:56 | INFO    | epoch 38 | batch 1440/4266 | loss 0.4068 | acc 0.9931 | lr 2.19e-06 | 100s
2026-09-19 00:35:57 | INFO    | epoch 38 | batch 1460/4266 | loss 0.4068 | acc 0.9931 | lr 2.19e-06 | 101s
2026-09-19 00:35:59 | INFO    | epoch 38 | batch 1480/4266 | loss 0.4068 | acc 0.9931 | lr 2.19e-06 | 103s
2026-09-19 00:36:00 | INFO    | epoch 38 | batch 1500/4266 | loss 0.4068 | acc 0.9931 | lr 2.18e-06 | 104s
2026-09-19 00:36:01 | INFO    | epoch 38 | batch 1520/4266 | loss 0.4068 | acc 0.9932 | lr 2.18e-06 | 105s
2026-09-19 00:36:03 | INFO    | epoch 38 | batch 1540/4266 | loss 0.4067 | acc 0.9932 | lr 2.17e-06 | 107s
2026-09-19 00:36:04 | INFO    | epoch 38 | batch 1560/4266 | loss 0.4068 | acc 0.9931 | lr 2.17e-06 | 108s
2026-09-19 00:36:06 | INFO    | epoch 38 | batch 1580/4266 | loss 0.4068 | acc 0.9931 | lr 2.17e-06 | 110s
2026-09-19 00:36:07 | INFO    | epoch 38 | batch 1600/4266 | loss 0.4067 | acc 0.9932 | lr 2.16e-06 | 111s
2026-09-19 00:36:09 | INFO    | epoch 38 | batch 1620/4266 | loss 0.4067 | acc 0.9932 | lr 2.16e-06 | 112s
2026-09-19 00:36:10 | INFO    | epoch 38 | batch 1640/4266 | loss 0.4068 | acc 0.9931 | lr 2.15e-06 | 114s
2026-09-19 00:36:11 | INFO    | epoch 38 | batch 1660/4266 | loss 0.4067 | acc 0.9932 | lr 2.15e-06 | 115s
2026-09-19 00:36:13 | INFO    | epoch 38 | batch 1680/4266 | loss 0.4067 | acc 0.9932 | lr 2.14e-06 | 117s
2026-09-19 00:36:14 | INFO    | epoch 38 | batch 1700/4266 | loss 0.4069 | acc 0.9931 | lr 2.14e-06 | 118s
2026-09-19 00:36:15 | INFO    | epoch 38 | batch 1720/4266 | loss 0.4069 | acc 0.9931 | lr 2.14e-06 | 119s
2026-09-19 00:36:17 | INFO    | epoch 38 | batch 1740/4266 | loss 0.4068 | acc 0.9931 | lr 2.13e-06 | 121s
2026-09-19 00:36:18 | INFO    | epoch 38 | batch 1760/4266 | loss 0.4069 | acc 0.9931 | lr 2.13e-06 | 122s
2026-09-19 00:36:19 | INFO    | epoch 38 | batch 1780/4266 | loss 0.4069 | acc 0.9931 | lr 2.12e-06 | 123s
2026-09-19 00:36:21 | INFO    | epoch 38 | batch 1800/4266 | loss 0.4068 | acc 0.9931 | lr 2.12e-06 | 125s
2026-09-19 00:36:22 | INFO    | epoch 38 | batch 1820/4266 | loss 0.4068 | acc 0.9931 | lr 2.12e-06 | 126s
2026-09-19 00:36:23 | INFO    | epoch 38 | batch 1840/4266 | loss 0.4070 | acc 0.9930 | lr 2.11e-06 | 127s
2026-09-19 00:36:25 | INFO    | epoch 38 | batch 1860/4266 | loss 0.4070 | acc 0.9930 | lr 2.11e-06 | 129s
2026-09-19 00:36:26 | INFO    | epoch 38 | batch 1880/4266 | loss 0.4069 | acc 0.9931 | lr 2.10e-06 | 130s
2026-09-19 00:36:27 | INFO    | epoch 38 | batch 1900/4266 | loss 0.4070 | acc 0.9930 | lr 2.10e-06 | 131s
2026-09-19 00:36:29 | INFO    | epoch 38 | batch 1920/4266 | loss 0.4069 | acc 0.9931 | lr 2.10e-06 | 133s
2026-09-19 00:36:30 | INFO    | epoch 38 | batch 1940/4266 | loss 0.4069 | acc 0.9931 | lr 2.09e-06 | 134s
2026-09-19 00:36:32 | INFO    | epoch 38 | batch 1960/4266 | loss 0.4069 | acc 0.9931 | lr 2.09e-06 | 136s
2026-09-19 00:36:33 | INFO    | epoch 38 | batch 1980/4266 | loss 0.4069 | acc 0.9931 | lr 2.08e-06 | 137s
2026-09-19 00:36:34 | INFO    | epoch 38 | batch 2000/4266 | loss 0.4069 | acc 0.9931 | lr 2.08e-06 | 138s
2026-09-19 00:36:36 | INFO    | epoch 38 | batch 2020/4266 | loss 0.4069 | acc 0.9931 | lr 2.08e-06 | 140s
2026-09-19 00:36:37 | INFO    | epoch 38 | batch 2040/4266 | loss 0.4070 | acc 0.9930 | lr 2.07e-06 | 141s
2026-09-19 00:36:38 | INFO    | epoch 38 | batch 2060/4266 | loss 0.4069 | acc 0.9930 | lr 2.07e-06 | 142s
2026-09-19 00:36:40 | INFO    | epoch 38 | batch 2080/4266 | loss 0.4069 | acc 0.9931 | lr 2.06e-06 | 144s
2026-09-19 00:36:41 | INFO    | epoch 38 | batch 2100/4266 | loss 0.4069 | acc 0.9930 | lr 2.06e-06 | 145s
2026-09-19 00:36:43 | INFO    | epoch 38 | batch 2120/4266 | loss 0.4068 | acc 0.9931 | lr 2.06e-06 | 147s
2026-09-19 00:36:44 | INFO    | epoch 38 | batch 2140/4266 | loss 0.4069 | acc 0.9930 | lr 2.05e-06 | 148s
2026-09-19 00:36:45 | INFO    | epoch 38 | batch 2160/4266 | loss 0.4069 | acc 0.9930 | lr 2.05e-06 | 149s
2026-09-19 00:36:47 | INFO    | epoch 38 | batch 2180/4266 | loss 0.4068 | acc 0.9930 | lr 2.04e-06 | 151s
2026-09-19 00:36:48 | INFO    | epoch 38 | batch 2200/4266 | loss 0.4069 | acc 0.9930 | lr 2.04e-06 | 152s
2026-09-19 00:36:49 | INFO    | epoch 38 | batch 2220/4266 | loss 0.4068 | acc 0.9930 | lr 2.04e-06 | 153s
2026-09-19 00:36:51 | INFO    | epoch 38 | batch 2240/4266 | loss 0.4068 | acc 0.9930 | lr 2.03e-06 | 155s
2026-09-19 00:36:52 | INFO    | epoch 38 | batch 2260/4266 | loss 0.4068 | acc 0.9930 | lr 2.03e-06 | 156s
2026-09-19 00:36:54 | INFO    | epoch 38 | batch 2280/4266 | loss 0.4068 | acc 0.9930 | lr 2.02e-06 | 158s
2026-09-19 00:36:55 | INFO    | epoch 38 | batch 2300/4266 | loss 0.4068 | acc 0.9930 | lr 2.02e-06 | 159s
2026-09-19 00:36:56 | INFO    | epoch 38 | batch 2320/4266 | loss 0.4068 | acc 0.9930 | lr 2.02e-06 | 160s
2026-09-19 00:36:58 | INFO    | epoch 38 | batch 2340/4266 | loss 0.4069 | acc 0.9930 | lr 2.01e-06 | 162s
2026-09-19 00:36:59 | INFO    | epoch 38 | batch 2360/4266 | loss 0.4069 | acc 0.9930 | lr 2.01e-06 | 163s
2026-09-19 00:37:01 | INFO    | epoch 38 | batch 2380/4266 | loss 0.4068 | acc 0.9930 | lr 2.01e-06 | 165s
2026-09-19 00:37:02 | INFO    | epoch 38 | batch 2400/4266 | loss 0.4069 | acc 0.9929 | lr 2.00e-06 | 166s
2026-09-19 00:37:03 | INFO    | epoch 38 | batch 2420/4266 | loss 0.4070 | acc 0.9929 | lr 2.00e-06 | 167s
2026-09-19 00:37:05 | INFO    | epoch 38 | batch 2440/4266 | loss 0.4069 | acc 0.9929 | lr 1.99e-06 | 169s
2026-09-19 00:37:06 | INFO    | epoch 38 | batch 2460/4266 | loss 0.4070 | acc 0.9929 | lr 1.99e-06 | 170s
2026-09-19 00:37:07 | INFO    | epoch 38 | batch 2480/4266 | loss 0.4070 | acc 0.9929 | lr 1.99e-06 | 171s
2026-09-19 00:37:09 | INFO    | epoch 38 | batch 2500/4266 | loss 0.4071 | acc 0.9929 | lr 1.98e-06 | 173s
2026-09-19 00:37:10 | INFO    | epoch 38 | batch 2520/4266 | loss 0.4071 | acc 0.9929 | lr 1.98e-06 | 174s
2026-09-19 00:37:12 | INFO    | epoch 38 | batch 2540/4266 | loss 0.4071 | acc 0.9929 | lr 1.97e-06 | 176s
2026-09-19 00:37:13 | INFO    | epoch 38 | batch 2560/4266 | loss 0.4071 | acc 0.9929 | lr 1.97e-06 | 177s
2026-09-19 00:37:14 | INFO    | epoch 38 | batch 2580/4266 | loss 0.4071 | acc 0.9929 | lr 1.97e-06 | 178s
2026-09-19 00:37:16 | INFO    | epoch 38 | batch 2600/4266 | loss 0.4071 | acc 0.9929 | lr 1.96e-06 | 180s
2026-09-19 00:37:17 | INFO    | epoch 38 | batch 2620/4266 | loss 0.4071 | acc 0.9929 | lr 1.96e-06 | 181s
2026-09-19 00:37:19 | INFO    | epoch 38 | batch 2640/4266 | loss 0.4072 | acc 0.9929 | lr 1.96e-06 | 182s
2026-09-19 00:37:20 | INFO    | epoch 38 | batch 2660/4266 | loss 0.4072 | acc 0.9928 | lr 1.95e-06 | 184s
2026-09-19 00:37:21 | INFO    | epoch 38 | batch 2680/4266 | loss 0.4072 | acc 0.9929 | lr 1.95e-06 | 185s
2026-09-19 00:37:23 | INFO    | epoch 38 | batch 2700/4266 | loss 0.4072 | acc 0.9929 | lr 1.94e-06 | 187s
2026-09-19 00:37:24 | INFO    | epoch 38 | batch 2720/4266 | loss 0.4071 | acc 0.9929 | lr 1.94e-06 | 188s
2026-09-19 00:37:25 | INFO    | epoch 38 | batch 2740/4266 | loss 0.4072 | acc 0.9928 | lr 1.94e-06 | 189s
2026-09-19 00:37:27 | INFO    | epoch 38 | batch 2760/4266 | loss 0.4073 | acc 0.9928 | lr 1.93e-06 | 191s
2026-09-19 00:37:28 | INFO    | epoch 38 | batch 2780/4266 | loss 0.4072 | acc 0.9929 | lr 1.93e-06 | 192s
2026-09-19 00:37:30 | INFO    | epoch 38 | batch 2800/4266 | loss 0.4072 | acc 0.9928 | lr 1.93e-06 | 194s
2026-09-19 00:37:31 | INFO    | epoch 38 | batch 2820/4266 | loss 0.4072 | acc 0.9928 | lr 1.92e-06 | 195s
2026-09-19 00:37:32 | INFO    | epoch 38 | batch 2840/4266 | loss 0.4072 | acc 0.9928 | lr 1.92e-06 | 196s
2026-09-19 00:37:34 | INFO    | epoch 38 | batch 2860/4266 | loss 0.4072 | acc 0.9928 | lr 1.92e-06 | 198s
2026-09-19 00:37:35 | INFO    | epoch 38 | batch 2880/4266 | loss 0.4073 | acc 0.9928 | lr 1.91e-06 | 199s
2026-09-19 00:37:36 | INFO    | epoch 38 | batch 2900/4266 | loss 0.4073 | acc 0.9929 | lr 1.91e-06 | 200s
2026-09-19 00:37:38 | INFO    | epoch 38 | batch 2920/4266 | loss 0.4072 | acc 0.9929 | lr 1.90e-06 | 202s
2026-09-19 00:37:39 | INFO    | epoch 38 | batch 2940/4266 | loss 0.4072 | acc 0.9929 | lr 1.90e-06 | 203s
2026-09-19 00:37:41 | INFO    | epoch 38 | batch 2960/4266 | loss 0.4072 | acc 0.9929 | lr 1.90e-06 | 204s
2026-09-19 00:37:42 | INFO    | epoch 38 | batch 2980/4266 | loss 0.4072 | acc 0.9929 | lr 1.89e-06 | 206s
2026-09-19 00:37:44 | INFO    | epoch 38 | batch 3000/4266 | loss 0.4072 | acc 0.9929 | lr 1.89e-06 | 207s
2026-09-19 00:37:45 | INFO    | epoch 38 | batch 3020/4266 | loss 0.4071 | acc 0.9929 | lr 1.89e-06 | 209s
2026-09-19 00:37:46 | INFO    | epoch 38 | batch 3040/4266 | loss 0.4071 | acc 0.9929 | lr 1.88e-06 | 210s
2026-09-19 00:37:48 | INFO    | epoch 38 | batch 3060/4266 | loss 0.4071 | acc 0.9929 | lr 1.88e-06 | 212s
2026-09-19 00:37:49 | INFO    | epoch 38 | batch 3080/4266 | loss 0.4071 | acc 0.9929 | lr 1.88e-06 | 213s
2026-09-19 00:37:50 | INFO    | epoch 38 | batch 3100/4266 | loss 0.4071 | acc 0.9929 | lr 1.87e-06 | 214s
2026-09-19 00:37:52 | INFO    | epoch 38 | batch 3120/4266 | loss 0.4070 | acc 0.9929 | lr 1.87e-06 | 216s
2026-09-19 00:37:53 | INFO    | epoch 38 | batch 3140/4266 | loss 0.4071 | acc 0.9929 | lr 1.86e-06 | 217s
2026-09-19 00:37:55 | INFO    | epoch 38 | batch 3160/4266 | loss 0.4070 | acc 0.9929 | lr 1.86e-06 | 219s
2026-09-19 00:37:56 | INFO    | epoch 38 | batch 3180/4266 | loss 0.4070 | acc 0.9930 | lr 1.86e-06 | 220s
2026-09-19 00:37:57 | INFO    | epoch 38 | batch 3200/4266 | loss 0.4070 | acc 0.9929 | lr 1.85e-06 | 221s
2026-09-19 00:37:59 | INFO    | epoch 38 | batch 3220/4266 | loss 0.4070 | acc 0.9930 | lr 1.85e-06 | 223s
2026-09-19 00:38:00 | INFO    | epoch 38 | batch 3240/4266 | loss 0.4070 | acc 0.9930 | lr 1.85e-06 | 224s
2026-09-19 00:38:02 | INFO    | epoch 38 | batch 3260/4266 | loss 0.4070 | acc 0.9930 | lr 1.84e-06 | 226s
2026-09-19 00:38:03 | INFO    | epoch 38 | batch 3280/4266 | loss 0.4069 | acc 0.9930 | lr 1.84e-06 | 227s
2026-09-19 00:38:04 | INFO    | epoch 38 | batch 3300/4266 | loss 0.4070 | acc 0.9930 | lr 1.84e-06 | 228s
2026-09-19 00:38:06 | INFO    | epoch 38 | batch 3320/4266 | loss 0.4070 | acc 0.9929 | lr 1.83e-06 | 230s
2026-09-19 00:38:07 | INFO    | epoch 38 | batch 3340/4266 | loss 0.4070 | acc 0.9929 | lr 1.83e-06 | 231s
2026-09-19 00:38:09 | INFO    | epoch 38 | batch 3360/4266 | loss 0.4070 | acc 0.9930 | lr 1.83e-06 | 233s
2026-09-19 00:38:10 | INFO    | epoch 38 | batch 3380/4266 | loss 0.4070 | acc 0.9930 | lr 1.82e-06 | 234s
2026-09-19 00:38:11 | INFO    | epoch 38 | batch 3400/4266 | loss 0.4070 | acc 0.9929 | lr 1.82e-06 | 235s
2026-09-19 00:38:13 | INFO    | epoch 38 | batch 3420/4266 | loss 0.4071 | acc 0.9929 | lr 1.82e-06 | 237s
2026-09-19 00:38:14 | INFO    | epoch 38 | batch 3440/4266 | loss 0.4070 | acc 0.9929 | lr 1.81e-06 | 238s
2026-09-19 00:38:15 | INFO    | epoch 38 | batch 3460/4266 | loss 0.4070 | acc 0.9929 | lr 1.81e-06 | 239s
2026-09-19 00:38:17 | INFO    | epoch 38 | batch 3480/4266 | loss 0.4070 | acc 0.9929 | lr 1.80e-06 | 241s
2026-09-19 00:38:18 | INFO    | epoch 38 | batch 3500/4266 | loss 0.4070 | acc 0.9929 | lr 1.80e-06 | 242s
2026-09-19 00:38:20 | INFO    | epoch 38 | batch 3520/4266 | loss 0.4070 | acc 0.9929 | lr 1.80e-06 | 244s
2026-09-19 00:38:21 | INFO    | epoch 38 | batch 3540/4266 | loss 0.4070 | acc 0.9929 | lr 1.79e-06 | 245s
2026-09-19 00:38:23 | INFO    | epoch 38 | batch 3560/4266 | loss 0.4069 | acc 0.9929 | lr 1.79e-06 | 247s
2026-09-19 00:38:24 | INFO    | epoch 38 | batch 3580/4266 | loss 0.4069 | acc 0.9930 | lr 1.79e-06 | 248s
2026-09-19 00:38:25 | INFO    | epoch 38 | batch 3600/4266 | loss 0.4068 | acc 0.9930 | lr 1.78e-06 | 249s
2026-09-19 00:38:27 | INFO    | epoch 38 | batch 3620/4266 | loss 0.4068 | acc 0.9930 | lr 1.78e-06 | 251s
2026-09-19 00:38:28 | INFO    | epoch 38 | batch 3640/4266 | loss 0.4068 | acc 0.9930 | lr 1.78e-06 | 252s
2026-09-19 00:38:30 | INFO    | epoch 38 | batch 3660/4266 | loss 0.4068 | acc 0.9930 | lr 1.77e-06 | 254s
2026-09-19 00:38:31 | INFO    | epoch 38 | batch 3680/4266 | loss 0.4068 | acc 0.9930 | lr 1.77e-06 | 255s
2026-09-19 00:38:32 | INFO    | epoch 38 | batch 3700/4266 | loss 0.4069 | acc 0.9929 | lr 1.77e-06 | 256s
2026-09-19 00:38:34 | INFO    | epoch 38 | batch 3720/4266 | loss 0.4069 | acc 0.9929 | lr 1.76e-06 | 258s
2026-09-19 00:38:35 | INFO    | epoch 38 | batch 3740/4266 | loss 0.4068 | acc 0.9929 | lr 1.76e-06 | 259s
2026-09-19 00:38:37 | INFO    | epoch 38 | batch 3760/4266 | loss 0.4069 | acc 0.9929 | lr 1.76e-06 | 261s
2026-09-19 00:38:38 | INFO    | epoch 38 | batch 3780/4266 | loss 0.4069 | acc 0.9929 | lr 1.75e-06 | 262s
2026-09-19 00:38:39 | INFO    | epoch 38 | batch 3800/4266 | loss 0.4069 | acc 0.9929 | lr 1.75e-06 | 263s
2026-09-19 00:38:41 | INFO    | epoch 38 | batch 3820/4266 | loss 0.4069 | acc 0.9929 | lr 1.75e-06 | 265s
2026-09-19 00:38:42 | INFO    | epoch 38 | batch 3840/4266 | loss 0.4070 | acc 0.9928 | lr 1.74e-06 | 266s
2026-09-19 00:38:43 | INFO    | epoch 38 | batch 3860/4266 | loss 0.4070 | acc 0.9928 | lr 1.74e-06 | 267s
2026-09-19 00:38:45 | INFO    | epoch 38 | batch 3880/4266 | loss 0.4070 | acc 0.9928 | lr 1.74e-06 | 269s
2026-09-19 00:38:46 | INFO    | epoch 38 | batch 3900/4266 | loss 0.4070 | acc 0.9928 | lr 1.73e-06 | 270s
2026-09-19 00:38:48 | INFO    | epoch 38 | batch 3920/4266 | loss 0.4070 | acc 0.9928 | lr 1.73e-06 | 272s
2026-09-19 00:38:49 | INFO    | epoch 38 | batch 3940/4266 | loss 0.4070 | acc 0.9928 | lr 1.73e-06 | 273s
2026-09-19 00:38:50 | INFO    | epoch 38 | batch 3960/4266 | loss 0.4071 | acc 0.9928 | lr 1.72e-06 | 274s
2026-09-19 00:38:52 | INFO    | epoch 38 | batch 3980/4266 | loss 0.4071 | acc 0.9928 | lr 1.72e-06 | 276s
2026-09-19 00:38:53 | INFO    | epoch 38 | batch 4000/4266 | loss 0.4070 | acc 0.9928 | lr 1.72e-06 | 277s
2026-09-19 00:38:55 | INFO    | epoch 38 | batch 4020/4266 | loss 0.4070 | acc 0.9928 | lr 1.71e-06 | 279s
2026-09-19 00:38:56 | INFO    | epoch 38 | batch 4040/4266 | loss 0.4070 | acc 0.9929 | lr 1.71e-06 | 280s
2026-09-19 00:38:58 | INFO    | epoch 38 | batch 4060/4266 | loss 0.4070 | acc 0.9929 | lr 1.71e-06 | 282s
2026-09-19 00:38:59 | INFO    | epoch 38 | batch 4080/4266 | loss 0.4070 | acc 0.9928 | lr 1.70e-06 | 283s
2026-09-19 00:39:00 | INFO    | epoch 38 | batch 4100/4266 | loss 0.4071 | acc 0.9928 | lr 1.70e-06 | 284s
2026-09-19 00:39:02 | INFO    | epoch 38 | batch 4120/4266 | loss 0.4070 | acc 0.9928 | lr 1.70e-06 | 286s
2026-09-19 00:39:03 | INFO    | epoch 38 | batch 4140/4266 | loss 0.4070 | acc 0.9928 | lr 1.70e-06 | 287s
2026-09-19 00:39:05 | INFO    | epoch 38 | batch 4160/4266 | loss 0.4070 | acc 0.9929 | lr 1.69e-06 | 289s
2026-09-19 00:39:06 | INFO    | epoch 38 | batch 4180/4266 | loss 0.4070 | acc 0.9929 | lr 1.69e-06 | 290s
2026-09-19 00:39:07 | INFO    | epoch 38 | batch 4200/4266 | loss 0.4070 | acc 0.9929 | lr 1.69e-06 | 291s
2026-09-19 00:39:09 | INFO    | epoch 38 | batch 4220/4266 | loss 0.4070 | acc 0.9929 | lr 1.68e-06 | 293s
2026-09-19 00:39:10 | INFO    | epoch 38 | batch 4240/4266 | loss 0.4070 | acc 0.9929 | lr 1.68e-06 | 294s
2026-09-19 00:39:12 | INFO    | epoch 38 | batch 4260/4266 | loss 0.4070 | acc 0.9929 | lr 1.68e-06 | 295s
2026-09-19 00:39:12 | INFO    | epoch 38 | batch 4266/4266 | loss 0.4070 | acc 0.9929 | lr 1.68e-06 | 296s
2026-09-19 00:39:22 | INFO    | epoch 38/40 done in 306s | train loss 0.4070 | train running patch (aug): accuracy=0.9929 precision=0.9928 recall=0.9926 f1=0.9927
2026-09-19 00:39:22 | INFO    | epoch 38 train (eval, no aug) | loss 0.3915 | patch[7280]: accuracy=0.9996 precision=0.9995 recall=0.9996 f1=0.9996 | image[455]: accuracy=1.0000 precision=1.0000 recall=1.0000 f1=1.0000
2026-09-19 00:39:22 | INFO    | epoch 38 val | loss 1.2112 | patch[8448]: accuracy=0.6960 precision=0.6749 recall=0.6733 f1=0.6738 | image[96]: accuracy=0.7396 precision=0.7084 recall=0.7042 f1=0.7046
2026-09-19 00:39:22 | INFO    | val_patch_f1 = 0.6738 (best 0.6791 @ epoch 34)
2026-09-19 00:39:23 | INFO    | epoch 39 | batch 20/4266 | loss 0.4036 | acc 0.9953 | lr 1.67e-06 | 1s
2026-09-19 00:39:25 | INFO    | epoch 39 | batch 40/4266 | loss 0.4052 | acc 0.9945 | lr 1.67e-06 | 3s
2026-09-19 00:39:26 | INFO    | epoch 39 | batch 60/4266 | loss 0.4047 | acc 0.9948 | lr 1.67e-06 | 4s
2026-09-19 00:39:27 | INFO    | epoch 39 | batch 80/4266 | loss 0.4063 | acc 0.9938 | lr 1.66e-06 | 6s
2026-09-19 00:39:29 | INFO    | epoch 39 | batch 100/4266 | loss 0.4066 | acc 0.9934 | lr 1.66e-06 | 7s
2026-09-19 00:39:30 | INFO    | epoch 39 | batch 120/4266 | loss 0.4059 | acc 0.9935 | lr 1.66e-06 | 8s
2026-09-19 00:39:31 | INFO    | epoch 39 | batch 140/4266 | loss 0.4059 | acc 0.9933 | lr 1.65e-06 | 10s
2026-09-19 00:39:33 | INFO    | epoch 39 | batch 160/4266 | loss 0.4056 | acc 0.9934 | lr 1.65e-06 | 11s
2026-09-19 00:39:34 | INFO    | epoch 39 | batch 180/4266 | loss 0.4056 | acc 0.9934 | lr 1.65e-06 | 12s
2026-09-19 00:39:36 | INFO    | epoch 39 | batch 200/4266 | loss 0.4071 | acc 0.9927 | lr 1.64e-06 | 14s
2026-09-19 00:39:37 | INFO    | epoch 39 | batch 220/4266 | loss 0.4068 | acc 0.9929 | lr 1.64e-06 | 15s
2026-09-19 00:39:38 | INFO    | epoch 39 | batch 240/4266 | loss 0.4061 | acc 0.9934 | lr 1.64e-06 | 17s
2026-09-19 00:39:40 | INFO    | epoch 39 | batch 260/4266 | loss 0.4059 | acc 0.9934 | lr 1.63e-06 | 18s
2026-09-19 00:39:41 | INFO    | epoch 39 | batch 280/4266 | loss 0.4065 | acc 0.9930 | lr 1.63e-06 | 19s
2026-09-19 00:39:42 | INFO    | epoch 39 | batch 300/4266 | loss 0.4065 | acc 0.9930 | lr 1.63e-06 | 21s
2026-09-19 00:39:44 | INFO    | epoch 39 | batch 320/4266 | loss 0.4062 | acc 0.9932 | lr 1.63e-06 | 22s
2026-09-19 00:39:45 | INFO    | epoch 39 | batch 340/4266 | loss 0.4063 | acc 0.9932 | lr 1.62e-06 | 23s
2026-09-19 00:39:47 | INFO    | epoch 39 | batch 360/4266 | loss 0.4063 | acc 0.9933 | lr 1.62e-06 | 25s
2026-09-19 00:39:48 | INFO    | epoch 39 | batch 380/4266 | loss 0.4065 | acc 0.9932 | lr 1.62e-06 | 26s
2026-09-19 00:39:49 | INFO    | epoch 39 | batch 400/4266 | loss 0.4063 | acc 0.9934 | lr 1.61e-06 | 28s
2026-09-19 00:39:51 | INFO    | epoch 39 | batch 420/4266 | loss 0.4063 | acc 0.9933 | lr 1.61e-06 | 29s
2026-09-19 00:39:52 | INFO    | epoch 39 | batch 440/4266 | loss 0.4064 | acc 0.9931 | lr 1.61e-06 | 30s
2026-09-19 00:39:54 | INFO    | epoch 39 | batch 460/4266 | loss 0.4066 | acc 0.9929 | lr 1.60e-06 | 32s
2026-09-19 00:39:55 | INFO    | epoch 39 | batch 480/4266 | loss 0.4065 | acc 0.9930 | lr 1.60e-06 | 33s
2026-09-19 00:39:56 | INFO    | epoch 39 | batch 500/4266 | loss 0.4063 | acc 0.9930 | lr 1.60e-06 | 35s
2026-09-19 00:39:58 | INFO    | epoch 39 | batch 520/4266 | loss 0.4066 | acc 0.9929 | lr 1.60e-06 | 36s
2026-09-19 00:39:59 | INFO    | epoch 39 | batch 540/4266 | loss 0.4065 | acc 0.9929 | lr 1.59e-06 | 37s
2026-09-19 00:40:00 | INFO    | epoch 39 | batch 560/4266 | loss 0.4062 | acc 0.9930 | lr 1.59e-06 | 39s
2026-09-19 00:40:02 | INFO    | epoch 39 | batch 580/4266 | loss 0.4059 | acc 0.9933 | lr 1.59e-06 | 40s
2026-09-19 00:40:03 | INFO    | epoch 39 | batch 600/4266 | loss 0.4057 | acc 0.9934 | lr 1.58e-06 | 41s
2026-09-19 00:40:05 | INFO    | epoch 39 | batch 620/4266 | loss 0.4056 | acc 0.9934 | lr 1.58e-06 | 43s
2026-09-19 00:40:06 | INFO    | epoch 39 | batch 640/4266 | loss 0.4055 | acc 0.9935 | lr 1.58e-06 | 44s
2026-09-19 00:40:07 | INFO    | epoch 39 | batch 660/4266 | loss 0.4057 | acc 0.9935 | lr 1.57e-06 | 46s
2026-09-19 00:40:09 | INFO    | epoch 39 | batch 680/4266 | loss 0.4055 | acc 0.9936 | lr 1.57e-06 | 47s
2026-09-19 00:40:10 | INFO    | epoch 39 | batch 700/4266 | loss 0.4056 | acc 0.9936 | lr 1.57e-06 | 48s
2026-09-19 00:40:12 | INFO    | epoch 39 | batch 720/4266 | loss 0.4054 | acc 0.9937 | lr 1.57e-06 | 50s
2026-09-19 00:40:13 | INFO    | epoch 39 | batch 740/4266 | loss 0.4054 | acc 0.9938 | lr 1.56e-06 | 51s
2026-09-19 00:40:14 | INFO    | epoch 39 | batch 760/4266 | loss 0.4056 | acc 0.9937 | lr 1.56e-06 | 53s
2026-09-19 00:40:16 | INFO    | epoch 39 | batch 780/4266 | loss 0.4056 | acc 0.9937 | lr 1.56e-06 | 54s
2026-09-19 00:40:17 | INFO    | epoch 39 | batch 800/4266 | loss 0.4054 | acc 0.9938 | lr 1.55e-06 | 55s
2026-09-19 00:40:19 | INFO    | epoch 39 | batch 820/4266 | loss 0.4054 | acc 0.9938 | lr 1.55e-06 | 57s
2026-09-19 00:40:20 | INFO    | epoch 39 | batch 840/4266 | loss 0.4054 | acc 0.9938 | lr 1.55e-06 | 58s
2026-09-19 00:40:21 | INFO    | epoch 39 | batch 860/4266 | loss 0.4056 | acc 0.9937 | lr 1.55e-06 | 60s
2026-09-19 00:40:23 | INFO    | epoch 39 | batch 880/4266 | loss 0.4057 | acc 0.9937 | lr 1.54e-06 | 61s
2026-09-19 00:40:24 | INFO    | epoch 39 | batch 900/4266 | loss 0.4056 | acc 0.9937 | lr 1.54e-06 | 62s
2026-09-19 00:40:26 | INFO    | epoch 39 | batch 920/4266 | loss 0.4057 | acc 0.9937 | lr 1.54e-06 | 64s
2026-09-19 00:40:27 | INFO    | epoch 39 | batch 940/4266 | loss 0.4058 | acc 0.9936 | lr 1.53e-06 | 65s
2026-09-19 00:40:28 | INFO    | epoch 39 | batch 960/4266 | loss 0.4059 | acc 0.9936 | lr 1.53e-06 | 67s
2026-09-19 00:40:30 | INFO    | epoch 39 | batch 980/4266 | loss 0.4059 | acc 0.9935 | lr 1.53e-06 | 68s
2026-09-19 00:40:31 | INFO    | epoch 39 | batch 1000/4266 | loss 0.4059 | acc 0.9935 | lr 1.53e-06 | 69s
2026-09-19 00:40:33 | INFO    | epoch 39 | batch 1020/4266 | loss 0.4060 | acc 0.9935 | lr 1.52e-06 | 71s
2026-09-19 00:40:34 | INFO    | epoch 39 | batch 1040/4266 | loss 0.4059 | acc 0.9935 | lr 1.52e-06 | 72s
2026-09-19 00:40:35 | INFO    | epoch 39 | batch 1060/4266 | loss 0.4059 | acc 0.9936 | lr 1.52e-06 | 74s
2026-09-19 00:40:37 | INFO    | epoch 39 | batch 1080/4266 | loss 0.4058 | acc 0.9936 | lr 1.52e-06 | 75s
2026-09-19 00:40:38 | INFO    | epoch 39 | batch 1100/4266 | loss 0.4060 | acc 0.9936 | lr 1.51e-06 | 76s
2026-09-19 00:40:40 | INFO    | epoch 39 | batch 1120/4266 | loss 0.4059 | acc 0.9935 | lr 1.51e-06 | 78s
2026-09-19 00:40:41 | INFO    | epoch 39 | batch 1140/4266 | loss 0.4060 | acc 0.9935 | lr 1.51e-06 | 79s
2026-09-19 00:40:42 | INFO    | epoch 39 | batch 1160/4266 | loss 0.4060 | acc 0.9935 | lr 1.50e-06 | 81s
2026-09-19 00:40:44 | INFO    | epoch 39 | batch 1180/4266 | loss 0.4058 | acc 0.9935 | lr 1.50e-06 | 82s
2026-09-19 00:40:45 | INFO    | epoch 39 | batch 1200/4266 | loss 0.4059 | acc 0.9935 | lr 1.50e-06 | 83s
2026-09-19 00:40:47 | INFO    | epoch 39 | batch 1220/4266 | loss 0.4058 | acc 0.9935 | lr 1.50e-06 | 85s
2026-09-19 00:40:48 | INFO    | epoch 39 | batch 1240/4266 | loss 0.4058 | acc 0.9935 | lr 1.49e-06 | 86s
2026-09-19 00:40:49 | INFO    | epoch 39 | batch 1260/4266 | loss 0.4058 | acc 0.9936 | lr 1.49e-06 | 88s
2026-09-19 00:40:51 | INFO    | epoch 39 | batch 1280/4266 | loss 0.4058 | acc 0.9936 | lr 1.49e-06 | 89s
2026-09-19 00:40:52 | INFO    | epoch 39 | batch 1300/4266 | loss 0.4057 | acc 0.9937 | lr 1.49e-06 | 91s
2026-09-19 00:40:54 | INFO    | epoch 39 | batch 1320/4266 | loss 0.4057 | acc 0.9937 | lr 1.48e-06 | 92s
2026-09-19 00:40:55 | INFO    | epoch 39 | batch 1340/4266 | loss 0.4057 | acc 0.9937 | lr 1.48e-06 | 93s
2026-09-19 00:40:56 | INFO    | epoch 39 | batch 1360/4266 | loss 0.4057 | acc 0.9936 | lr 1.48e-06 | 95s
2026-09-19 00:40:58 | INFO    | epoch 39 | batch 1380/4266 | loss 0.4056 | acc 0.9937 | lr 1.47e-06 | 96s
2026-09-19 00:40:59 | INFO    | epoch 39 | batch 1400/4266 | loss 0.4055 | acc 0.9937 | lr 1.47e-06 | 98s
2026-09-19 00:41:01 | INFO    | epoch 39 | batch 1420/4266 | loss 0.4055 | acc 0.9937 | lr 1.47e-06 | 99s
2026-09-19 00:41:02 | INFO    | epoch 39 | batch 1440/4266 | loss 0.4056 | acc 0.9937 | lr 1.47e-06 | 100s
2026-09-19 00:41:03 | INFO    | epoch 39 | batch 1460/4266 | loss 0.4056 | acc 0.9937 | lr 1.46e-06 | 102s
2026-09-19 00:41:05 | INFO    | epoch 39 | batch 1480/4266 | loss 0.4057 | acc 0.9936 | lr 1.46e-06 | 103s
2026-09-19 00:41:06 | INFO    | epoch 39 | batch 1500/4266 | loss 0.4057 | acc 0.9936 | lr 1.46e-06 | 104s
2026-09-19 00:41:07 | INFO    | epoch 39 | batch 1520/4266 | loss 0.4057 | acc 0.9936 | lr 1.46e-06 | 106s
2026-09-19 00:41:09 | INFO    | epoch 39 | batch 1540/4266 | loss 0.4056 | acc 0.9936 | lr 1.45e-06 | 107s
2026-09-19 00:41:10 | INFO    | epoch 39 | batch 1560/4266 | loss 0.4057 | acc 0.9936 | lr 1.45e-06 | 108s
2026-09-19 00:41:12 | INFO    | epoch 39 | batch 1580/4266 | loss 0.4058 | acc 0.9935 | lr 1.45e-06 | 110s
2026-09-19 00:41:13 | INFO    | epoch 39 | batch 1600/4266 | loss 0.4059 | acc 0.9935 | lr 1.45e-06 | 111s
2026-09-19 00:41:14 | INFO    | epoch 39 | batch 1620/4266 | loss 0.4058 | acc 0.9935 | lr 1.44e-06 | 112s
2026-09-19 00:41:16 | INFO    | epoch 39 | batch 1640/4266 | loss 0.4058 | acc 0.9935 | lr 1.44e-06 | 114s
2026-09-19 00:41:17 | INFO    | epoch 39 | batch 1660/4266 | loss 0.4058 | acc 0.9935 | lr 1.44e-06 | 115s
2026-09-19 00:41:18 | INFO    | epoch 39 | batch 1680/4266 | loss 0.4057 | acc 0.9936 | lr 1.44e-06 | 117s
2026-09-19 00:41:20 | INFO    | epoch 39 | batch 1700/4266 | loss 0.4057 | acc 0.9936 | lr 1.43e-06 | 118s
2026-09-19 00:41:21 | INFO    | epoch 39 | batch 1720/4266 | loss 0.4058 | acc 0.9935 | lr 1.43e-06 | 119s
2026-09-19 00:41:23 | INFO    | epoch 39 | batch 1740/4266 | loss 0.4057 | acc 0.9936 | lr 1.43e-06 | 121s
2026-09-19 00:41:24 | INFO    | epoch 39 | batch 1760/4266 | loss 0.4057 | acc 0.9936 | lr 1.43e-06 | 122s
2026-09-19 00:41:25 | INFO    | epoch 39 | batch 1780/4266 | loss 0.4057 | acc 0.9936 | lr 1.42e-06 | 124s
2026-09-19 00:41:27 | INFO    | epoch 39 | batch 1800/4266 | loss 0.4056 | acc 0.9936 | lr 1.42e-06 | 125s
2026-09-19 00:41:28 | INFO    | epoch 39 | batch 1820/4266 | loss 0.4057 | acc 0.9936 | lr 1.42e-06 | 126s
2026-09-19 00:41:30 | INFO    | epoch 39 | batch 1840/4266 | loss 0.4059 | acc 0.9935 | lr 1.42e-06 | 128s
2026-09-19 00:41:31 | INFO    | epoch 39 | batch 1860/4266 | loss 0.4061 | acc 0.9934 | lr 1.41e-06 | 129s
2026-09-19 00:41:32 | INFO    | epoch 39 | batch 1880/4266 | loss 0.4061 | acc 0.9934 | lr 1.41e-06 | 131s
2026-09-19 00:41:34 | INFO    | epoch 39 | batch 1900/4266 | loss 0.4060 | acc 0.9934 | lr 1.41e-06 | 132s
2026-09-19 00:41:35 | INFO    | epoch 39 | batch 1920/4266 | loss 0.4060 | acc 0.9934 | lr 1.41e-06 | 133s
2026-09-19 00:41:36 | INFO    | epoch 39 | batch 1940/4266 | loss 0.4061 | acc 0.9933 | lr 1.40e-06 | 135s
2026-09-19 00:41:38 | INFO    | epoch 39 | batch 1960/4266 | loss 0.4061 | acc 0.9933 | lr 1.40e-06 | 136s
2026-09-19 00:41:39 | INFO    | epoch 39 | batch 1980/4266 | loss 0.4062 | acc 0.9933 | lr 1.40e-06 | 137s
2026-09-19 00:41:40 | INFO    | epoch 39 | batch 2000/4266 | loss 0.4062 | acc 0.9933 | lr 1.40e-06 | 139s
2026-09-19 00:41:42 | INFO    | epoch 39 | batch 2020/4266 | loss 0.4062 | acc 0.9933 | lr 1.39e-06 | 140s
2026-09-19 00:41:43 | INFO    | epoch 39 | batch 2040/4266 | loss 0.4063 | acc 0.9933 | lr 1.39e-06 | 141s
2026-09-19 00:41:45 | INFO    | epoch 39 | batch 2060/4266 | loss 0.4064 | acc 0.9932 | lr 1.39e-06 | 143s
2026-09-19 00:41:46 | INFO    | epoch 39 | batch 2080/4266 | loss 0.4063 | acc 0.9932 | lr 1.39e-06 | 144s
2026-09-19 00:41:47 | INFO    | epoch 39 | batch 2100/4266 | loss 0.4062 | acc 0.9933 | lr 1.38e-06 | 146s
2026-09-19 00:41:49 | INFO    | epoch 39 | batch 2120/4266 | loss 0.4063 | acc 0.9932 | lr 1.38e-06 | 147s
2026-09-19 00:41:50 | INFO    | epoch 39 | batch 2140/4266 | loss 0.4063 | acc 0.9932 | lr 1.38e-06 | 148s
2026-09-19 00:41:51 | INFO    | epoch 39 | batch 2160/4266 | loss 0.4062 | acc 0.9932 | lr 1.38e-06 | 150s
2026-09-19 00:41:53 | INFO    | epoch 39 | batch 2180/4266 | loss 0.4063 | acc 0.9932 | lr 1.37e-06 | 151s
2026-09-19 00:41:54 | INFO    | epoch 39 | batch 2200/4266 | loss 0.4065 | acc 0.9931 | lr 1.37e-06 | 153s
2026-09-19 00:41:56 | INFO    | epoch 39 | batch 2220/4266 | loss 0.4065 | acc 0.9931 | lr 1.37e-06 | 154s
2026-09-19 00:41:57 | INFO    | epoch 39 | batch 2240/4266 | loss 0.4065 | acc 0.9931 | lr 1.37e-06 | 155s
2026-09-19 00:41:58 | INFO    | epoch 39 | batch 2260/4266 | loss 0.4064 | acc 0.9932 | lr 1.37e-06 | 157s
2026-09-19 00:42:00 | INFO    | epoch 39 | batch 2280/4266 | loss 0.4064 | acc 0.9932 | lr 1.36e-06 | 158s
2026-09-19 00:42:01 | INFO    | epoch 39 | batch 2300/4266 | loss 0.4064 | acc 0.9931 | lr 1.36e-06 | 159s
2026-09-19 00:42:03 | INFO    | epoch 39 | batch 2320/4266 | loss 0.4064 | acc 0.9932 | lr 1.36e-06 | 161s
2026-09-19 00:42:04 | INFO    | epoch 39 | batch 2340/4266 | loss 0.4064 | acc 0.9931 | lr 1.36e-06 | 162s
2026-09-19 00:42:05 | INFO    | epoch 39 | batch 2360/4266 | loss 0.4065 | acc 0.9931 | lr 1.35e-06 | 164s
2026-09-19 00:42:07 | INFO    | epoch 39 | batch 2380/4266 | loss 0.4065 | acc 0.9931 | lr 1.35e-06 | 165s
2026-09-19 00:42:08 | INFO    | epoch 39 | batch 2400/4266 | loss 0.4066 | acc 0.9930 | lr 1.35e-06 | 166s
2026-09-19 00:42:09 | INFO    | epoch 39 | batch 2420/4266 | loss 0.4065 | acc 0.9931 | lr 1.35e-06 | 167s
2026-09-19 00:42:11 | INFO    | epoch 39 | batch 2440/4266 | loss 0.4066 | acc 0.9930 | lr 1.34e-06 | 169s
2026-09-19 00:42:12 | INFO    | epoch 39 | batch 2460/4266 | loss 0.4066 | acc 0.9931 | lr 1.34e-06 | 170s
2026-09-19 00:42:13 | INFO    | epoch 39 | batch 2480/4266 | loss 0.4066 | acc 0.9930 | lr 1.34e-06 | 172s
2026-09-19 00:42:15 | INFO    | epoch 39 | batch 2500/4266 | loss 0.4066 | acc 0.9931 | lr 1.34e-06 | 173s
2026-09-19 00:42:16 | INFO    | epoch 39 | batch 2520/4266 | loss 0.4066 | acc 0.9930 | lr 1.34e-06 | 174s
2026-09-19 00:42:17 | INFO    | epoch 39 | batch 2540/4266 | loss 0.4065 | acc 0.9930 | lr 1.33e-06 | 176s
2026-09-19 00:42:19 | INFO    | epoch 39 | batch 2560/4266 | loss 0.4066 | acc 0.9930 | lr 1.33e-06 | 177s
2026-09-19 00:42:20 | INFO    | epoch 39 | batch 2580/4266 | loss 0.4065 | acc 0.9930 | lr 1.33e-06 | 178s
2026-09-19 00:42:21 | INFO    | epoch 39 | batch 2600/4266 | loss 0.4066 | acc 0.9931 | lr 1.33e-06 | 180s
2026-09-19 00:42:23 | INFO    | epoch 39 | batch 2620/4266 | loss 0.4065 | acc 0.9931 | lr 1.32e-06 | 181s
2026-09-19 00:42:24 | INFO    | epoch 39 | batch 2640/4266 | loss 0.4065 | acc 0.9931 | lr 1.32e-06 | 182s
2026-09-19 00:42:26 | INFO    | epoch 39 | batch 2660/4266 | loss 0.4065 | acc 0.9931 | lr 1.32e-06 | 184s
2026-09-19 00:42:27 | INFO    | epoch 39 | batch 2680/4266 | loss 0.4066 | acc 0.9931 | lr 1.32e-06 | 185s
2026-09-19 00:42:28 | INFO    | epoch 39 | batch 2700/4266 | loss 0.4066 | acc 0.9931 | lr 1.32e-06 | 187s
2026-09-19 00:42:30 | INFO    | epoch 39 | batch 2720/4266 | loss 0.4065 | acc 0.9931 | lr 1.31e-06 | 188s
2026-09-19 00:42:31 | INFO    | epoch 39 | batch 2740/4266 | loss 0.4065 | acc 0.9931 | lr 1.31e-06 | 189s
2026-09-19 00:42:32 | INFO    | epoch 39 | batch 2760/4266 | loss 0.4066 | acc 0.9931 | lr 1.31e-06 | 191s
2026-09-19 00:42:34 | INFO    | epoch 39 | batch 2780/4266 | loss 0.4066 | acc 0.9931 | lr 1.31e-06 | 192s
2026-09-19 00:42:35 | INFO    | epoch 39 | batch 2800/4266 | loss 0.4065 | acc 0.9931 | lr 1.31e-06 | 193s
2026-09-19 00:42:36 | INFO    | epoch 39 | batch 2820/4266 | loss 0.4065 | acc 0.9931 | lr 1.30e-06 | 195s
2026-09-19 00:42:38 | INFO    | epoch 39 | batch 2840/4266 | loss 0.4065 | acc 0.9931 | lr 1.30e-06 | 196s
2026-09-19 00:42:39 | INFO    | epoch 39 | batch 2860/4266 | loss 0.4066 | acc 0.9931 | lr 1.30e-06 | 197s
2026-09-19 00:42:41 | INFO    | epoch 39 | batch 2880/4266 | loss 0.4066 | acc 0.9931 | lr 1.30e-06 | 199s
2026-09-19 00:42:42 | INFO    | epoch 39 | batch 2900/4266 | loss 0.4065 | acc 0.9931 | lr 1.29e-06 | 200s
2026-09-19 00:42:43 | INFO    | epoch 39 | batch 2920/4266 | loss 0.4065 | acc 0.9931 | lr 1.29e-06 | 202s
2026-09-19 00:42:45 | INFO    | epoch 39 | batch 2940/4266 | loss 0.4065 | acc 0.9931 | lr 1.29e-06 | 203s
2026-09-19 00:42:46 | INFO    | epoch 39 | batch 2960/4266 | loss 0.4065 | acc 0.9931 | lr 1.29e-06 | 205s
2026-09-19 00:42:48 | INFO    | epoch 39 | batch 2980/4266 | loss 0.4065 | acc 0.9931 | lr 1.29e-06 | 206s
2026-09-19 00:42:49 | INFO    | epoch 39 | batch 3000/4266 | loss 0.4065 | acc 0.9931 | lr 1.28e-06 | 207s
2026-09-19 00:42:50 | INFO    | epoch 39 | batch 3020/4266 | loss 0.4065 | acc 0.9931 | lr 1.28e-06 | 209s
2026-09-19 00:42:52 | INFO    | epoch 39 | batch 3040/4266 | loss 0.4064 | acc 0.9931 | lr 1.28e-06 | 210s
2026-09-19 00:42:53 | INFO    | epoch 39 | batch 3060/4266 | loss 0.4065 | acc 0.9931 | lr 1.28e-06 | 211s
2026-09-19 00:42:55 | INFO    | epoch 39 | batch 3080/4266 | loss 0.4064 | acc 0.9931 | lr 1.28e-06 | 213s
2026-09-19 00:42:56 | INFO    | epoch 39 | batch 3100/4266 | loss 0.4064 | acc 0.9931 | lr 1.27e-06 | 214s
2026-09-19 00:42:57 | INFO    | epoch 39 | batch 3120/4266 | loss 0.4064 | acc 0.9931 | lr 1.27e-06 | 216s
2026-09-19 00:42:59 | INFO    | epoch 39 | batch 3140/4266 | loss 0.4064 | acc 0.9931 | lr 1.27e-06 | 217s
2026-09-19 00:43:00 | INFO    | epoch 39 | batch 3160/4266 | loss 0.4065 | acc 0.9930 | lr 1.27e-06 | 218s
2026-09-19 00:43:01 | INFO    | epoch 39 | batch 3180/4266 | loss 0.4065 | acc 0.9930 | lr 1.27e-06 | 220s
2026-09-19 00:43:03 | INFO    | epoch 39 | batch 3200/4266 | loss 0.4065 | acc 0.9930 | lr 1.26e-06 | 221s
2026-09-19 00:43:04 | INFO    | epoch 39 | batch 3220/4266 | loss 0.4065 | acc 0.9930 | lr 1.26e-06 | 222s
2026-09-19 00:43:05 | INFO    | epoch 39 | batch 3240/4266 | loss 0.4065 | acc 0.9930 | lr 1.26e-06 | 224s
2026-09-19 00:43:07 | INFO    | epoch 39 | batch 3260/4266 | loss 0.4065 | acc 0.9930 | lr 1.26e-06 | 225s
2026-09-19 00:43:08 | INFO    | epoch 39 | batch 3280/4266 | loss 0.4064 | acc 0.9930 | lr 1.26e-06 | 226s
2026-09-19 00:43:10 | INFO    | epoch 39 | batch 3300/4266 | loss 0.4064 | acc 0.9931 | lr 1.25e-06 | 228s
2026-09-19 00:43:11 | INFO    | epoch 39 | batch 3320/4266 | loss 0.4064 | acc 0.9931 | lr 1.25e-06 | 229s
2026-09-19 00:43:12 | INFO    | epoch 39 | batch 3340/4266 | loss 0.4064 | acc 0.9930 | lr 1.25e-06 | 230s
2026-09-19 00:43:14 | INFO    | epoch 39 | batch 3360/4266 | loss 0.4064 | acc 0.9931 | lr 1.25e-06 | 232s
2026-09-19 00:43:15 | INFO    | epoch 39 | batch 3380/4266 | loss 0.4063 | acc 0.9931 | lr 1.25e-06 | 233s
2026-09-19 00:43:16 | INFO    | epoch 39 | batch 3400/4266 | loss 0.4063 | acc 0.9931 | lr 1.24e-06 | 235s
2026-09-19 00:43:18 | INFO    | epoch 39 | batch 3420/4266 | loss 0.4063 | acc 0.9931 | lr 1.24e-06 | 236s
2026-09-19 00:43:19 | INFO    | epoch 39 | batch 3440/4266 | loss 0.4063 | acc 0.9931 | lr 1.24e-06 | 237s
2026-09-19 00:43:20 | INFO    | epoch 39 | batch 3460/4266 | loss 0.4064 | acc 0.9931 | lr 1.24e-06 | 239s
2026-09-19 00:43:22 | INFO    | epoch 39 | batch 3480/4266 | loss 0.4064 | acc 0.9931 | lr 1.24e-06 | 240s
2026-09-19 00:43:23 | INFO    | epoch 39 | batch 3500/4266 | loss 0.4064 | acc 0.9931 | lr 1.24e-06 | 241s
2026-09-19 00:43:24 | INFO    | epoch 39 | batch 3520/4266 | loss 0.4063 | acc 0.9931 | lr 1.23e-06 | 243s
2026-09-19 00:43:26 | INFO    | epoch 39 | batch 3540/4266 | loss 0.4063 | acc 0.9931 | lr 1.23e-06 | 244s
2026-09-19 00:43:27 | INFO    | epoch 39 | batch 3560/4266 | loss 0.4063 | acc 0.9931 | lr 1.23e-06 | 245s
2026-09-19 00:43:28 | INFO    | epoch 39 | batch 3580/4266 | loss 0.4064 | acc 0.9931 | lr 1.23e-06 | 247s
2026-09-19 00:43:30 | INFO    | epoch 39 | batch 3600/4266 | loss 0.4064 | acc 0.9931 | lr 1.23e-06 | 248s
2026-09-19 00:43:31 | INFO    | epoch 39 | batch 3620/4266 | loss 0.4064 | acc 0.9931 | lr 1.22e-06 | 249s
2026-09-19 00:43:33 | INFO    | epoch 39 | batch 3640/4266 | loss 0.4064 | acc 0.9931 | lr 1.22e-06 | 251s
2026-09-19 00:43:34 | INFO    | epoch 39 | batch 3660/4266 | loss 0.4064 | acc 0.9931 | lr 1.22e-06 | 252s
2026-09-19 00:43:35 | INFO    | epoch 39 | batch 3680/4266 | loss 0.4065 | acc 0.9930 | lr 1.22e-06 | 253s
2026-09-19 00:43:37 | INFO    | epoch 39 | batch 3700/4266 | loss 0.4065 | acc 0.9930 | lr 1.22e-06 | 255s
2026-09-19 00:43:38 | INFO    | epoch 39 | batch 3720/4266 | loss 0.4065 | acc 0.9930 | lr 1.22e-06 | 256s
2026-09-19 00:43:39 | INFO    | epoch 39 | batch 3740/4266 | loss 0.4065 | acc 0.9930 | lr 1.21e-06 | 258s
2026-09-19 00:43:41 | INFO    | epoch 39 | batch 3760/4266 | loss 0.4065 | acc 0.9930 | lr 1.21e-06 | 259s
2026-09-19 00:43:42 | INFO    | epoch 39 | batch 3780/4266 | loss 0.4066 | acc 0.9930 | lr 1.21e-06 | 260s
2026-09-19 00:43:44 | INFO    | epoch 39 | batch 3800/4266 | loss 0.4067 | acc 0.9929 | lr 1.21e-06 | 262s
2026-09-19 00:43:45 | INFO    | epoch 39 | batch 3820/4266 | loss 0.4067 | acc 0.9929 | lr 1.21e-06 | 263s
2026-09-19 00:43:46 | INFO    | epoch 39 | batch 3840/4266 | loss 0.4067 | acc 0.9929 | lr 1.20e-06 | 265s
2026-09-19 00:43:48 | INFO    | epoch 39 | batch 3860/4266 | loss 0.4066 | acc 0.9929 | lr 1.20e-06 | 266s
2026-09-19 00:43:49 | INFO    | epoch 39 | batch 3880/4266 | loss 0.4066 | acc 0.9930 | lr 1.20e-06 | 268s
2026-09-19 00:43:51 | INFO    | epoch 39 | batch 3900/4266 | loss 0.4066 | acc 0.9930 | lr 1.20e-06 | 269s
2026-09-19 00:43:52 | INFO    | epoch 39 | batch 3920/4266 | loss 0.4066 | acc 0.9930 | lr 1.20e-06 | 270s
2026-09-19 00:43:53 | INFO    | epoch 39 | batch 3940/4266 | loss 0.4066 | acc 0.9930 | lr 1.20e-06 | 272s
2026-09-19 00:43:55 | INFO    | epoch 39 | batch 3960/4266 | loss 0.4066 | acc 0.9930 | lr 1.19e-06 | 273s
2026-09-19 00:43:56 | INFO    | epoch 39 | batch 3980/4266 | loss 0.4066 | acc 0.9930 | lr 1.19e-06 | 275s
2026-09-19 00:43:58 | INFO    | epoch 39 | batch 4000/4266 | loss 0.4066 | acc 0.9930 | lr 1.19e-06 | 276s
2026-09-19 00:43:59 | INFO    | epoch 39 | batch 4020/4266 | loss 0.4066 | acc 0.9930 | lr 1.19e-06 | 277s
2026-09-19 00:44:01 | INFO    | epoch 39 | batch 4040/4266 | loss 0.4066 | acc 0.9930 | lr 1.19e-06 | 279s
2026-09-19 00:44:02 | INFO    | epoch 39 | batch 4060/4266 | loss 0.4067 | acc 0.9929 | lr 1.19e-06 | 280s
2026-09-19 00:44:03 | INFO    | epoch 39 | batch 4080/4266 | loss 0.4067 | acc 0.9929 | lr 1.18e-06 | 282s
2026-09-19 00:44:05 | INFO    | epoch 39 | batch 4100/4266 | loss 0.4067 | acc 0.9929 | lr 1.18e-06 | 283s
2026-09-19 00:44:06 | INFO    | epoch 39 | batch 4120/4266 | loss 0.4067 | acc 0.9930 | lr 1.18e-06 | 284s
2026-09-19 00:44:07 | INFO    | epoch 39 | batch 4140/4266 | loss 0.4067 | acc 0.9930 | lr 1.18e-06 | 286s
2026-09-19 00:44:09 | INFO    | epoch 39 | batch 4160/4266 | loss 0.4067 | acc 0.9930 | lr 1.18e-06 | 287s
2026-09-19 00:44:10 | INFO    | epoch 39 | batch 4180/4266 | loss 0.4067 | acc 0.9930 | lr 1.18e-06 | 288s
2026-09-19 00:44:12 | INFO    | epoch 39 | batch 4200/4266 | loss 0.4067 | acc 0.9930 | lr 1.17e-06 | 290s
2026-09-19 00:44:13 | INFO    | epoch 39 | batch 4220/4266 | loss 0.4067 | acc 0.9930 | lr 1.17e-06 | 291s
2026-09-19 00:44:14 | INFO    | epoch 39 | batch 4240/4266 | loss 0.4067 | acc 0.9930 | lr 1.17e-06 | 293s
2026-09-19 00:44:16 | INFO    | epoch 39 | batch 4260/4266 | loss 0.4067 | acc 0.9930 | lr 1.17e-06 | 294s
2026-09-19 00:44:16 | INFO    | epoch 39 | batch 4266/4266 | loss 0.4067 | acc 0.9930 | lr 1.17e-06 | 294s
2026-09-19 00:44:26 | INFO    | epoch 39/40 done in 304s | train loss 0.4067 | train running patch (aug): accuracy=0.9930 precision=0.9929 recall=0.9928 f1=0.9929
2026-09-19 00:44:26 | INFO    | epoch 39 train (eval, no aug) | loss 0.3921 | patch[7280]: accuracy=0.9992 precision=0.9992 recall=0.9991 f1=0.9991 | image[455]: accuracy=1.0000 precision=1.0000 recall=1.0000 f1=1.0000
2026-09-19 00:44:26 | INFO    | epoch 39 val | loss 1.2147 | patch[8448]: accuracy=0.6944 precision=0.6731 recall=0.6713 f1=0.6719 | image[96]: accuracy=0.7500 precision=0.7157 recall=0.7147 f1=0.7143
2026-09-19 00:44:26 | INFO    | val_patch_f1 = 0.6719 (best 0.6791 @ epoch 34)
2026-09-19 00:44:27 | INFO    | epoch 40 | batch 20/4266 | loss 0.4107 | acc 0.9922 | lr 1.17e-06 | 1s
2026-09-19 00:44:29 | INFO    | epoch 40 | batch 40/4266 | loss 0.4083 | acc 0.9922 | lr 1.17e-06 | 3s
2026-09-19 00:44:30 | INFO    | epoch 40 | batch 60/4266 | loss 0.4042 | acc 0.9938 | lr 1.16e-06 | 4s
2026-09-19 00:44:32 | INFO    | epoch 40 | batch 80/4266 | loss 0.4064 | acc 0.9918 | lr 1.16e-06 | 6s
2026-09-19 00:44:33 | INFO    | epoch 40 | batch 100/4266 | loss 0.4082 | acc 0.9909 | lr 1.16e-06 | 7s
2026-09-19 00:44:34 | INFO    | epoch 40 | batch 120/4266 | loss 0.4086 | acc 0.9911 | lr 1.16e-06 | 8s
2026-09-19 00:44:36 | INFO    | epoch 40 | batch 140/4266 | loss 0.4086 | acc 0.9908 | lr 1.16e-06 | 10s
2026-09-19 00:44:37 | INFO    | epoch 40 | batch 160/4266 | loss 0.4079 | acc 0.9914 | lr 1.16e-06 | 11s
2026-09-19 00:44:38 | INFO    | epoch 40 | batch 180/4266 | loss 0.4088 | acc 0.9911 | lr 1.16e-06 | 12s
2026-09-19 00:44:40 | INFO    | epoch 40 | batch 200/4266 | loss 0.4088 | acc 0.9914 | lr 1.15e-06 | 14s
2026-09-19 00:44:41 | INFO    | epoch 40 | batch 220/4266 | loss 0.4083 | acc 0.9916 | lr 1.15e-06 | 15s
2026-09-19 00:44:43 | INFO    | epoch 40 | batch 240/4266 | loss 0.4082 | acc 0.9917 | lr 1.15e-06 | 17s
2026-09-19 00:44:44 | INFO    | epoch 40 | batch 260/4266 | loss 0.4081 | acc 0.9921 | lr 1.15e-06 | 18s
2026-09-19 00:44:46 | INFO    | epoch 40 | batch 280/4266 | loss 0.4077 | acc 0.9923 | lr 1.15e-06 | 20s
2026-09-19 00:44:47 | INFO    | epoch 40 | batch 300/4266 | loss 0.4076 | acc 0.9924 | lr 1.15e-06 | 21s
2026-09-19 00:44:48 | INFO    | epoch 40 | batch 320/4266 | loss 0.4074 | acc 0.9925 | lr 1.14e-06 | 22s
2026-09-19 00:44:50 | INFO    | epoch 40 | batch 340/4266 | loss 0.4067 | acc 0.9928 | lr 1.14e-06 | 24s
2026-09-19 00:44:51 | INFO    | epoch 40 | batch 360/4266 | loss 0.4070 | acc 0.9925 | lr 1.14e-06 | 25s
2026-09-19 00:44:53 | INFO    | epoch 40 | batch 380/4266 | loss 0.4068 | acc 0.9926 | lr 1.14e-06 | 27s
2026-09-19 00:44:54 | INFO    | epoch 40 | batch 400/4266 | loss 0.4074 | acc 0.9926 | lr 1.14e-06 | 28s
2026-09-19 00:44:55 | INFO    | epoch 40 | batch 420/4266 | loss 0.4068 | acc 0.9929 | lr 1.14e-06 | 29s
2026-09-19 00:44:57 | INFO    | epoch 40 | batch 440/4266 | loss 0.4069 | acc 0.9928 | lr 1.14e-06 | 31s
2026-09-19 00:44:58 | INFO    | epoch 40 | batch 460/4266 | loss 0.4073 | acc 0.9927 | lr 1.13e-06 | 32s
2026-09-19 00:45:00 | INFO    | epoch 40 | batch 480/4266 | loss 0.4071 | acc 0.9928 | lr 1.13e-06 | 34s
2026-09-19 00:45:01 | INFO    | epoch 40 | batch 500/4266 | loss 0.4069 | acc 0.9929 | lr 1.13e-06 | 35s
2026-09-19 00:45:02 | INFO    | epoch 40 | batch 520/4266 | loss 0.4070 | acc 0.9929 | lr 1.13e-06 | 36s
2026-09-19 00:45:04 | INFO    | epoch 40 | batch 540/4266 | loss 0.4070 | acc 0.9928 | lr 1.13e-06 | 38s
2026-09-19 00:45:05 | INFO    | epoch 40 | batch 560/4266 | loss 0.4068 | acc 0.9930 | lr 1.13e-06 | 39s
2026-09-19 00:45:07 | INFO    | epoch 40 | batch 580/4266 | loss 0.4071 | acc 0.9928 | lr 1.13e-06 | 41s
2026-09-19 00:45:08 | INFO    | epoch 40 | batch 600/4266 | loss 0.4070 | acc 0.9928 | lr 1.12e-06 | 42s
2026-09-19 00:45:10 | INFO    | epoch 40 | batch 620/4266 | loss 0.4071 | acc 0.9927 | lr 1.12e-06 | 44s
2026-09-19 00:45:11 | INFO    | epoch 40 | batch 640/4266 | loss 0.4070 | acc 0.9928 | lr 1.12e-06 | 45s
2026-09-19 00:45:12 | INFO    | epoch 40 | batch 660/4266 | loss 0.4069 | acc 0.9929 | lr 1.12e-06 | 46s
2026-09-19 00:45:14 | INFO    | epoch 40 | batch 680/4266 | loss 0.4067 | acc 0.9930 | lr 1.12e-06 | 48s
2026-09-19 00:45:15 | INFO    | epoch 40 | batch 700/4266 | loss 0.4065 | acc 0.9930 | lr 1.12e-06 | 49s
2026-09-19 00:45:17 | INFO    | epoch 40 | batch 720/4266 | loss 0.4065 | acc 0.9931 | lr 1.12e-06 | 51s
2026-09-19 00:45:18 | INFO    | epoch 40 | batch 740/4266 | loss 0.4064 | acc 0.9930 | lr 1.12e-06 | 52s
2026-09-19 00:45:19 | INFO    | epoch 40 | batch 760/4266 | loss 0.4062 | acc 0.9931 | lr 1.11e-06 | 53s
2026-09-19 00:45:21 | INFO    | epoch 40 | batch 780/4266 | loss 0.4062 | acc 0.9931 | lr 1.11e-06 | 55s
2026-09-19 00:45:22 | INFO    | epoch 40 | batch 800/4266 | loss 0.4062 | acc 0.9931 | lr 1.11e-06 | 56s
2026-09-19 00:45:24 | INFO    | epoch 40 | batch 820/4266 | loss 0.4060 | acc 0.9932 | lr 1.11e-06 | 58s
2026-09-19 00:45:25 | INFO    | epoch 40 | batch 840/4266 | loss 0.4059 | acc 0.9932 | lr 1.11e-06 | 59s
2026-09-19 00:45:26 | INFO    | epoch 40 | batch 860/4266 | loss 0.4059 | acc 0.9932 | lr 1.11e-06 | 60s
2026-09-19 00:45:28 | INFO    | epoch 40 | batch 880/4266 | loss 0.4059 | acc 0.9932 | lr 1.11e-06 | 62s
2026-09-19 00:45:29 | INFO    | epoch 40 | batch 900/4266 | loss 0.4060 | acc 0.9931 | lr 1.11e-06 | 63s
2026-09-19 00:45:30 | INFO    | epoch 40 | batch 920/4266 | loss 0.4062 | acc 0.9931 | lr 1.10e-06 | 64s
2026-09-19 00:45:32 | INFO    | epoch 40 | batch 940/4266 | loss 0.4063 | acc 0.9931 | lr 1.10e-06 | 66s
2026-09-19 00:45:33 | INFO    | epoch 40 | batch 960/4266 | loss 0.4064 | acc 0.9930 | lr 1.10e-06 | 67s
2026-09-19 00:45:35 | INFO    | epoch 40 | batch 980/4266 | loss 0.4065 | acc 0.9930 | lr 1.10e-06 | 69s
2026-09-19 00:45:36 | INFO    | epoch 40 | batch 1000/4266 | loss 0.4064 | acc 0.9931 | lr 1.10e-06 | 70s
2026-09-19 00:45:37 | INFO    | epoch 40 | batch 1020/4266 | loss 0.4065 | acc 0.9930 | lr 1.10e-06 | 71s
2026-09-19 00:45:39 | INFO    | epoch 40 | batch 1040/4266 | loss 0.4066 | acc 0.9929 | lr 1.10e-06 | 73s
2026-09-19 00:45:40 | INFO    | epoch 40 | batch 1060/4266 | loss 0.4064 | acc 0.9930 | lr 1.10e-06 | 74s
2026-09-19 00:45:41 | INFO    | epoch 40 | batch 1080/4266 | loss 0.4063 | acc 0.9931 | lr 1.09e-06 | 75s
2026-09-19 00:45:43 | INFO    | epoch 40 | batch 1100/4266 | loss 0.4063 | acc 0.9930 | lr 1.09e-06 | 77s
2026-09-19 00:45:44 | INFO    | epoch 40 | batch 1120/4266 | loss 0.4063 | acc 0.9930 | lr 1.09e-06 | 78s
2026-09-19 00:45:46 | INFO    | epoch 40 | batch 1140/4266 | loss 0.4062 | acc 0.9930 | lr 1.09e-06 | 80s
2026-09-19 00:45:47 | INFO    | epoch 40 | batch 1160/4266 | loss 0.4064 | acc 0.9929 | lr 1.09e-06 | 81s
2026-09-19 00:45:48 | INFO    | epoch 40 | batch 1180/4266 | loss 0.4063 | acc 0.9929 | lr 1.09e-06 | 82s
2026-09-19 00:45:50 | INFO    | epoch 40 | batch 1200/4266 | loss 0.4062 | acc 0.9930 | lr 1.09e-06 | 84s
2026-09-19 00:45:51 | INFO    | epoch 40 | batch 1220/4266 | loss 0.4062 | acc 0.9930 | lr 1.09e-06 | 85s
2026-09-19 00:45:53 | INFO    | epoch 40 | batch 1240/4266 | loss 0.4061 | acc 0.9930 | lr 1.09e-06 | 87s
2026-09-19 00:45:54 | INFO    | epoch 40 | batch 1260/4266 | loss 0.4060 | acc 0.9931 | lr 1.08e-06 | 88s
2026-09-19 00:45:55 | INFO    | epoch 40 | batch 1280/4266 | loss 0.4060 | acc 0.9931 | lr 1.08e-06 | 89s
2026-09-19 00:45:57 | INFO    | epoch 40 | batch 1300/4266 | loss 0.4061 | acc 0.9930 | lr 1.08e-06 | 91s
2026-09-19 00:45:58 | INFO    | epoch 40 | batch 1320/4266 | loss 0.4061 | acc 0.9930 | lr 1.08e-06 | 92s
2026-09-19 00:46:00 | INFO    | epoch 40 | batch 1340/4266 | loss 0.4062 | acc 0.9929 | lr 1.08e-06 | 94s
2026-09-19 00:46:01 | INFO    | epoch 40 | batch 1360/4266 | loss 0.4061 | acc 0.9930 | lr 1.08e-06 | 95s
2026-09-19 00:46:02 | INFO    | epoch 40 | batch 1380/4266 | loss 0.4061 | acc 0.9930 | lr 1.08e-06 | 96s
2026-09-19 00:46:04 | INFO    | epoch 40 | batch 1400/4266 | loss 0.4062 | acc 0.9930 | lr 1.08e-06 | 98s
2026-09-19 00:46:05 | INFO    | epoch 40 | batch 1420/4266 | loss 0.4064 | acc 0.9929 | lr 1.08e-06 | 99s
2026-09-19 00:46:07 | INFO    | epoch 40 | batch 1440/4266 | loss 0.4064 | acc 0.9929 | lr 1.07e-06 | 101s
2026-09-19 00:46:08 | INFO    | epoch 40 | batch 1460/4266 | loss 0.4063 | acc 0.9929 | lr 1.07e-06 | 102s
2026-09-19 00:46:09 | INFO    | epoch 40 | batch 1480/4266 | loss 0.4063 | acc 0.9929 | lr 1.07e-06 | 103s
2026-09-19 00:46:11 | INFO    | epoch 40 | batch 1500/4266 | loss 0.4064 | acc 0.9929 | lr 1.07e-06 | 105s
2026-09-19 00:46:12 | INFO    | epoch 40 | batch 1520/4266 | loss 0.4063 | acc 0.9930 | lr 1.07e-06 | 106s
2026-09-19 00:46:14 | INFO    | epoch 40 | batch 1540/4266 | loss 0.4063 | acc 0.9929 | lr 1.07e-06 | 107s
2026-09-19 00:46:15 | INFO    | epoch 40 | batch 1560/4266 | loss 0.4063 | acc 0.9929 | lr 1.07e-06 | 109s
2026-09-19 00:46:16 | INFO    | epoch 40 | batch 1580/4266 | loss 0.4063 | acc 0.9930 | lr 1.07e-06 | 110s
2026-09-19 00:46:18 | INFO    | epoch 40 | batch 1600/4266 | loss 0.4063 | acc 0.9930 | lr 1.07e-06 | 112s
2026-09-19 00:46:19 | INFO    | epoch 40 | batch 1620/4266 | loss 0.4062 | acc 0.9930 | lr 1.07e-06 | 113s
2026-09-19 00:46:20 | INFO    | epoch 40 | batch 1640/4266 | loss 0.4064 | acc 0.9929 | lr 1.06e-06 | 114s
2026-09-19 00:46:22 | INFO    | epoch 40 | batch 1660/4266 | loss 0.4064 | acc 0.9929 | lr 1.06e-06 | 116s
2026-09-19 00:46:23 | INFO    | epoch 40 | batch 1680/4266 | loss 0.4065 | acc 0.9928 | lr 1.06e-06 | 117s
2026-09-19 00:46:24 | INFO    | epoch 40 | batch 1700/4266 | loss 0.4066 | acc 0.9928 | lr 1.06e-06 | 118s
2026-09-19 00:46:26 | INFO    | epoch 40 | batch 1720/4266 | loss 0.4064 | acc 0.9929 | lr 1.06e-06 | 120s
2026-09-19 00:46:27 | INFO    | epoch 40 | batch 1740/4266 | loss 0.4066 | acc 0.9929 | lr 1.06e-06 | 121s
2026-09-19 00:46:28 | INFO    | epoch 40 | batch 1760/4266 | loss 0.4066 | acc 0.9928 | lr 1.06e-06 | 122s
2026-09-19 00:46:30 | INFO    | epoch 40 | batch 1780/4266 | loss 0.4066 | acc 0.9929 | lr 1.06e-06 | 124s
2026-09-19 00:46:31 | INFO    | epoch 40 | batch 1800/4266 | loss 0.4066 | acc 0.9928 | lr 1.06e-06 | 125s
2026-09-19 00:46:33 | INFO    | epoch 40 | batch 1820/4266 | loss 0.4065 | acc 0.9929 | lr 1.06e-06 | 127s
2026-09-19 00:46:34 | INFO    | epoch 40 | batch 1840/4266 | loss 0.4065 | acc 0.9929 | lr 1.05e-06 | 128s
2026-09-19 00:46:35 | INFO    | epoch 40 | batch 1860/4266 | loss 0.4066 | acc 0.9929 | lr 1.05e-06 | 129s
2026-09-19 00:46:37 | INFO    | epoch 40 | batch 1880/4266 | loss 0.4066 | acc 0.9929 | lr 1.05e-06 | 131s
2026-09-19 00:46:38 | INFO    | epoch 40 | batch 1900/4266 | loss 0.4067 | acc 0.9929 | lr 1.05e-06 | 132s
2026-09-19 00:46:39 | INFO    | epoch 40 | batch 1920/4266 | loss 0.4067 | acc 0.9929 | lr 1.05e-06 | 133s
2026-09-19 00:46:41 | INFO    | epoch 40 | batch 1940/4266 | loss 0.4067 | acc 0.9928 | lr 1.05e-06 | 135s
2026-09-19 00:46:42 | INFO    | epoch 40 | batch 1960/4266 | loss 0.4067 | acc 0.9928 | lr 1.05e-06 | 136s
2026-09-19 00:46:44 | INFO    | epoch 40 | batch 1980/4266 | loss 0.4067 | acc 0.9928 | lr 1.05e-06 | 138s
2026-09-19 00:46:45 | INFO    | epoch 40 | batch 2000/4266 | loss 0.4067 | acc 0.9929 | lr 1.05e-06 | 139s
2026-09-19 00:46:46 | INFO    | epoch 40 | batch 2020/4266 | loss 0.4066 | acc 0.9929 | lr 1.05e-06 | 140s
2026-09-19 00:46:48 | INFO    | epoch 40 | batch 2040/4266 | loss 0.4066 | acc 0.9929 | lr 1.05e-06 | 142s
2026-09-19 00:46:49 | INFO    | epoch 40 | batch 2060/4266 | loss 0.4065 | acc 0.9929 | lr 1.05e-06 | 143s
2026-09-19 00:46:51 | INFO    | epoch 40 | batch 2080/4266 | loss 0.4066 | acc 0.9929 | lr 1.04e-06 | 145s
2026-09-19 00:46:52 | INFO    | epoch 40 | batch 2100/4266 | loss 0.4066 | acc 0.9929 | lr 1.04e-06 | 146s
2026-09-19 00:46:53 | INFO    | epoch 40 | batch 2120/4266 | loss 0.4066 | acc 0.9929 | lr 1.04e-06 | 147s
2026-09-19 00:46:55 | INFO    | epoch 40 | batch 2140/4266 | loss 0.4066 | acc 0.9929 | lr 1.04e-06 | 149s
2026-09-19 00:46:56 | INFO    | epoch 40 | batch 2160/4266 | loss 0.4066 | acc 0.9930 | lr 1.04e-06 | 150s
2026-09-19 00:46:58 | INFO    | epoch 40 | batch 2180/4266 | loss 0.4066 | acc 0.9930 | lr 1.04e-06 | 152s
2026-09-19 00:46:59 | INFO    | epoch 40 | batch 2200/4266 | loss 0.4066 | acc 0.9929 | lr 1.04e-06 | 153s
2026-09-19 00:47:00 | INFO    | epoch 40 | batch 2220/4266 | loss 0.4065 | acc 0.9930 | lr 1.04e-06 | 154s
2026-09-19 00:47:02 | INFO    | epoch 40 | batch 2240/4266 | loss 0.4066 | acc 0.9929 | lr 1.04e-06 | 156s
2026-09-19 00:47:03 | INFO    | epoch 40 | batch 2260/4266 | loss 0.4066 | acc 0.9929 | lr 1.04e-06 | 157s
2026-09-19 00:47:05 | INFO    | epoch 40 | batch 2280/4266 | loss 0.4067 | acc 0.9929 | lr 1.04e-06 | 159s
2026-09-19 00:47:06 | INFO    | epoch 40 | batch 2300/4266 | loss 0.4066 | acc 0.9929 | lr 1.04e-06 | 160s
2026-09-19 00:47:07 | INFO    | epoch 40 | batch 2320/4266 | loss 0.4067 | acc 0.9929 | lr 1.04e-06 | 161s
2026-09-19 00:47:09 | INFO    | epoch 40 | batch 2340/4266 | loss 0.4066 | acc 0.9930 | lr 1.03e-06 | 163s
2026-09-19 00:47:10 | INFO    | epoch 40 | batch 2360/4266 | loss 0.4066 | acc 0.9930 | lr 1.03e-06 | 164s
2026-09-19 00:47:12 | INFO    | epoch 40 | batch 2380/4266 | loss 0.4065 | acc 0.9930 | lr 1.03e-06 | 166s
2026-09-19 00:47:13 | INFO    | epoch 40 | batch 2400/4266 | loss 0.4066 | acc 0.9930 | lr 1.03e-06 | 167s
2026-09-19 00:47:14 | INFO    | epoch 40 | batch 2420/4266 | loss 0.4066 | acc 0.9929 | lr 1.03e-06 | 168s
2026-09-19 00:47:16 | INFO    | epoch 40 | batch 2440/4266 | loss 0.4066 | acc 0.9930 | lr 1.03e-06 | 170s
2026-09-19 00:47:17 | INFO    | epoch 40 | batch 2460/4266 | loss 0.4066 | acc 0.9929 | lr 1.03e-06 | 171s
2026-09-19 00:47:19 | INFO    | epoch 40 | batch 2480/4266 | loss 0.4067 | acc 0.9929 | lr 1.03e-06 | 173s
2026-09-19 00:47:20 | INFO    | epoch 40 | batch 2500/4266 | loss 0.4067 | acc 0.9929 | lr 1.03e-06 | 174s
2026-09-19 00:47:22 | INFO    | epoch 40 | batch 2520/4266 | loss 0.4068 | acc 0.9928 | lr 1.03e-06 | 176s
2026-09-19 00:47:23 | INFO    | epoch 40 | batch 2540/4266 | loss 0.4069 | acc 0.9928 | lr 1.03e-06 | 177s
2026-09-19 00:47:24 | INFO    | epoch 40 | batch 2560/4266 | loss 0.4069 | acc 0.9927 | lr 1.03e-06 | 178s
2026-09-19 00:47:26 | INFO    | epoch 40 | batch 2580/4266 | loss 0.4069 | acc 0.9927 | lr 1.03e-06 | 180s
2026-09-19 00:47:27 | INFO    | epoch 40 | batch 2600/4266 | loss 0.4069 | acc 0.9927 | lr 1.03e-06 | 181s
2026-09-19 00:47:29 | INFO    | epoch 40 | batch 2620/4266 | loss 0.4068 | acc 0.9927 | lr 1.03e-06 | 183s
2026-09-19 00:47:30 | INFO    | epoch 40 | batch 2640/4266 | loss 0.4068 | acc 0.9928 | lr 1.02e-06 | 184s
2026-09-19 00:47:31 | INFO    | epoch 40 | batch 2660/4266 | loss 0.4068 | acc 0.9928 | lr 1.02e-06 | 185s
2026-09-19 00:47:33 | INFO    | epoch 40 | batch 2680/4266 | loss 0.4068 | acc 0.9928 | lr 1.02e-06 | 187s
2026-09-19 00:47:34 | INFO    | epoch 40 | batch 2700/4266 | loss 0.4067 | acc 0.9928 | lr 1.02e-06 | 188s
2026-09-19 00:47:36 | INFO    | epoch 40 | batch 2720/4266 | loss 0.4067 | acc 0.9928 | lr 1.02e-06 | 190s
2026-09-19 00:47:37 | INFO    | epoch 40 | batch 2740/4266 | loss 0.4066 | acc 0.9928 | lr 1.02e-06 | 191s
2026-09-19 00:47:38 | INFO    | epoch 40 | batch 2760/4266 | loss 0.4066 | acc 0.9928 | lr 1.02e-06 | 192s
2026-09-19 00:47:40 | INFO    | epoch 40 | batch 2780/4266 | loss 0.4067 | acc 0.9928 | lr 1.02e-06 | 194s
2026-09-19 00:47:41 | INFO    | epoch 40 | batch 2800/4266 | loss 0.4067 | acc 0.9928 | lr 1.02e-06 | 195s
2026-09-19 00:47:42 | INFO    | epoch 40 | batch 2820/4266 | loss 0.4067 | acc 0.9928 | lr 1.02e-06 | 196s
2026-09-19 00:47:44 | INFO    | epoch 40 | batch 2840/4266 | loss 0.4066 | acc 0.9928 | lr 1.02e-06 | 198s
2026-09-19 00:47:45 | INFO    | epoch 40 | batch 2860/4266 | loss 0.4066 | acc 0.9928 | lr 1.02e-06 | 199s
2026-09-19 00:47:47 | INFO    | epoch 40 | batch 2880/4266 | loss 0.4067 | acc 0.9928 | lr 1.02e-06 | 200s
2026-09-19 00:47:48 | INFO    | epoch 40 | batch 2900/4266 | loss 0.4067 | acc 0.9928 | lr 1.02e-06 | 202s
2026-09-19 00:47:49 | INFO    | epoch 40 | batch 2920/4266 | loss 0.4067 | acc 0.9928 | lr 1.02e-06 | 203s
2026-09-19 00:47:51 | INFO    | epoch 40 | batch 2940/4266 | loss 0.4066 | acc 0.9928 | lr 1.02e-06 | 205s
2026-09-19 00:47:52 | INFO    | epoch 40 | batch 2960/4266 | loss 0.4067 | acc 0.9928 | lr 1.02e-06 | 206s
2026-09-19 00:47:54 | INFO    | epoch 40 | batch 2980/4266 | loss 0.4066 | acc 0.9928 | lr 1.02e-06 | 208s
2026-09-19 00:47:55 | INFO    | epoch 40 | batch 3000/4266 | loss 0.4066 | acc 0.9928 | lr 1.01e-06 | 209s
2026-09-19 00:47:57 | INFO    | epoch 40 | batch 3020/4266 | loss 0.4066 | acc 0.9928 | lr 1.01e-06 | 210s
2026-09-19 00:47:58 | INFO    | epoch 40 | batch 3040/4266 | loss 0.4066 | acc 0.9928 | lr 1.01e-06 | 212s
2026-09-19 00:47:59 | INFO    | epoch 40 | batch 3060/4266 | loss 0.4066 | acc 0.9928 | lr 1.01e-06 | 213s
2026-09-19 00:48:01 | INFO    | epoch 40 | batch 3080/4266 | loss 0.4067 | acc 0.9928 | lr 1.01e-06 | 215s
2026-09-19 00:48:02 | INFO    | epoch 40 | batch 3100/4266 | loss 0.4067 | acc 0.9928 | lr 1.01e-06 | 216s
2026-09-19 00:48:04 | INFO    | epoch 40 | batch 3120/4266 | loss 0.4067 | acc 0.9928 | lr 1.01e-06 | 218s
2026-09-19 00:48:05 | INFO    | epoch 40 | batch 3140/4266 | loss 0.4066 | acc 0.9928 | lr 1.01e-06 | 219s
2026-09-19 00:48:06 | INFO    | epoch 40 | batch 3160/4266 | loss 0.4066 | acc 0.9928 | lr 1.01e-06 | 220s
2026-09-19 00:48:08 | INFO    | epoch 40 | batch 3180/4266 | loss 0.4066 | acc 0.9929 | lr 1.01e-06 | 222s
2026-09-19 00:48:09 | INFO    | epoch 40 | batch 3200/4266 | loss 0.4066 | acc 0.9929 | lr 1.01e-06 | 223s
2026-09-19 00:48:11 | INFO    | epoch 40 | batch 3220/4266 | loss 0.4066 | acc 0.9929 | lr 1.01e-06 | 225s
2026-09-19 00:48:12 | INFO    | epoch 40 | batch 3240/4266 | loss 0.4066 | acc 0.9928 | lr 1.01e-06 | 226s
2026-09-19 00:48:13 | INFO    | epoch 40 | batch 3260/4266 | loss 0.4066 | acc 0.9928 | lr 1.01e-06 | 227s
2026-09-19 00:48:15 | INFO    | epoch 40 | batch 3280/4266 | loss 0.4066 | acc 0.9929 | lr 1.01e-06 | 229s
2026-09-19 00:48:16 | INFO    | epoch 40 | batch 3300/4266 | loss 0.4066 | acc 0.9928 | lr 1.01e-06 | 230s
2026-09-19 00:48:17 | INFO    | epoch 40 | batch 3320/4266 | loss 0.4066 | acc 0.9928 | lr 1.01e-06 | 231s
2026-09-19 00:48:19 | INFO    | epoch 40 | batch 3340/4266 | loss 0.4067 | acc 0.9928 | lr 1.01e-06 | 233s
2026-09-19 00:48:20 | INFO    | epoch 40 | batch 3360/4266 | loss 0.4066 | acc 0.9928 | lr 1.01e-06 | 234s
2026-09-19 00:48:21 | INFO    | epoch 40 | batch 3380/4266 | loss 0.4066 | acc 0.9928 | lr 1.01e-06 | 235s
2026-09-19 00:48:23 | INFO    | epoch 40 | batch 3400/4266 | loss 0.4066 | acc 0.9928 | lr 1.01e-06 | 237s
2026-09-19 00:48:24 | INFO    | epoch 40 | batch 3420/4266 | loss 0.4066 | acc 0.9928 | lr 1.01e-06 | 238s
2026-09-19 00:48:25 | INFO    | epoch 40 | batch 3440/4266 | loss 0.4066 | acc 0.9928 | lr 1.01e-06 | 239s
2026-09-19 00:48:27 | INFO    | epoch 40 | batch 3460/4266 | loss 0.4067 | acc 0.9928 | lr 1.01e-06 | 241s
2026-09-19 00:48:28 | INFO    | epoch 40 | batch 3480/4266 | loss 0.4066 | acc 0.9928 | lr 1.01e-06 | 242s
2026-09-19 00:48:30 | INFO    | epoch 40 | batch 3500/4266 | loss 0.4066 | acc 0.9929 | lr 1.01e-06 | 244s
2026-09-19 00:48:31 | INFO    | epoch 40 | batch 3520/4266 | loss 0.4066 | acc 0.9929 | lr 1.01e-06 | 245s
2026-09-19 00:48:32 | INFO    | epoch 40 | batch 3540/4266 | loss 0.4066 | acc 0.9928 | lr 1.00e-06 | 246s
2026-09-19 00:48:34 | INFO    | epoch 40 | batch 3560/4266 | loss 0.4065 | acc 0.9929 | lr 1.00e-06 | 248s
2026-09-19 00:48:35 | INFO    | epoch 40 | batch 3580/4266 | loss 0.4065 | acc 0.9929 | lr 1.00e-06 | 249s
2026-09-19 00:48:37 | INFO    | epoch 40 | batch 3600/4266 | loss 0.4066 | acc 0.9928 | lr 1.00e-06 | 251s
2026-09-19 00:48:38 | INFO    | epoch 40 | batch 3620/4266 | loss 0.4066 | acc 0.9929 | lr 1.00e-06 | 252s
2026-09-19 00:48:39 | INFO    | epoch 40 | batch 3640/4266 | loss 0.4066 | acc 0.9929 | lr 1.00e-06 | 253s
2026-09-19 00:48:41 | INFO    | epoch 40 | batch 3660/4266 | loss 0.4066 | acc 0.9929 | lr 1.00e-06 | 255s
2026-09-19 00:48:42 | INFO    | epoch 40 | batch 3680/4266 | loss 0.4066 | acc 0.9929 | lr 1.00e-06 | 256s
2026-09-19 00:48:43 | INFO    | epoch 40 | batch 3700/4266 | loss 0.4066 | acc 0.9929 | lr 1.00e-06 | 257s
2026-09-19 00:48:45 | INFO    | epoch 40 | batch 3720/4266 | loss 0.4067 | acc 0.9928 | lr 1.00e-06 | 259s
2026-09-19 00:48:46 | INFO    | epoch 40 | batch 3740/4266 | loss 0.4067 | acc 0.9928 | lr 1.00e-06 | 260s
2026-09-19 00:48:47 | INFO    | epoch 40 | batch 3760/4266 | loss 0.4066 | acc 0.9928 | lr 1.00e-06 | 261s
2026-09-19 00:48:49 | INFO    | epoch 40 | batch 3780/4266 | loss 0.4066 | acc 0.9928 | lr 1.00e-06 | 263s
2026-09-19 00:48:50 | INFO    | epoch 40 | batch 3800/4266 | loss 0.4066 | acc 0.9928 | lr 1.00e-06 | 264s
2026-09-19 00:48:52 | INFO    | epoch 40 | batch 3820/4266 | loss 0.4066 | acc 0.9929 | lr 1.00e-06 | 266s
2026-09-19 00:48:53 | INFO    | epoch 40 | batch 3840/4266 | loss 0.4066 | acc 0.9928 | lr 1.00e-06 | 267s
2026-09-19 00:48:54 | INFO    | epoch 40 | batch 3860/4266 | loss 0.4066 | acc 0.9928 | lr 1.00e-06 | 268s
2026-09-19 00:48:56 | INFO    | epoch 40 | batch 3880/4266 | loss 0.4066 | acc 0.9929 | lr 1.00e-06 | 270s
2026-09-19 00:48:57 | INFO    | epoch 40 | batch 3900/4266 | loss 0.4066 | acc 0.9929 | lr 1.00e-06 | 271s
2026-09-19 00:48:59 | INFO    | epoch 40 | batch 3920/4266 | loss 0.4065 | acc 0.9929 | lr 1.00e-06 | 273s
2026-09-19 00:49:00 | INFO    | epoch 40 | batch 3940/4266 | loss 0.4066 | acc 0.9928 | lr 1.00e-06 | 274s
2026-09-19 00:49:01 | INFO    | epoch 40 | batch 3960/4266 | loss 0.4066 | acc 0.9929 | lr 1.00e-06 | 275s
2026-09-19 00:49:03 | INFO    | epoch 40 | batch 3980/4266 | loss 0.4066 | acc 0.9928 | lr 1.00e-06 | 277s
2026-09-19 00:49:04 | INFO    | epoch 40 | batch 4000/4266 | loss 0.4067 | acc 0.9928 | lr 1.00e-06 | 278s
2026-09-19 00:49:05 | INFO    | epoch 40 | batch 4020/4266 | loss 0.4066 | acc 0.9928 | lr 1.00e-06 | 279s
2026-09-19 00:49:07 | INFO    | epoch 40 | batch 4040/4266 | loss 0.4066 | acc 0.9928 | lr 1.00e-06 | 281s
2026-09-19 00:49:08 | INFO    | epoch 40 | batch 4060/4266 | loss 0.4066 | acc 0.9929 | lr 1.00e-06 | 282s
2026-09-19 00:49:09 | INFO    | epoch 40 | batch 4080/4266 | loss 0.4066 | acc 0.9929 | lr 1.00e-06 | 283s
2026-09-19 00:49:11 | INFO    | epoch 40 | batch 4100/4266 | loss 0.4066 | acc 0.9929 | lr 1.00e-06 | 285s
2026-09-19 00:49:12 | INFO    | epoch 40 | batch 4120/4266 | loss 0.4066 | acc 0.9929 | lr 1.00e-06 | 286s
2026-09-19 00:49:13 | INFO    | epoch 40 | batch 4140/4266 | loss 0.4065 | acc 0.9929 | lr 1.00e-06 | 287s
2026-09-19 00:49:15 | INFO    | epoch 40 | batch 4160/4266 | loss 0.4065 | acc 0.9929 | lr 1.00e-06 | 289s
2026-09-19 00:49:16 | INFO    | epoch 40 | batch 4180/4266 | loss 0.4065 | acc 0.9929 | lr 1.00e-06 | 290s
2026-09-19 00:49:18 | INFO    | epoch 40 | batch 4200/4266 | loss 0.4066 | acc 0.9929 | lr 1.00e-06 | 292s
2026-09-19 00:49:19 | INFO    | epoch 40 | batch 4220/4266 | loss 0.4066 | acc 0.9929 | lr 1.00e-06 | 293s
2026-09-19 00:49:20 | INFO    | epoch 40 | batch 4240/4266 | loss 0.4066 | acc 0.9929 | lr 1.00e-06 | 294s
2026-09-19 00:49:22 | INFO    | epoch 40 | batch 4260/4266 | loss 0.4066 | acc 0.9929 | lr 1.00e-06 | 296s
2026-09-19 00:49:22 | INFO    | epoch 40 | batch 4266/4266 | loss 0.4066 | acc 0.9929 | lr 1.00e-06 | 296s
2026-09-19 00:49:32 | INFO    | epoch 40/40 done in 306s | train loss 0.4066 | train running patch (aug): accuracy=0.9929 precision=0.9928 recall=0.9926 f1=0.9927
2026-09-19 00:49:32 | INFO    | epoch 40 train (eval, no aug) | loss 0.3916 | patch[7280]: accuracy=0.9995 precision=0.9994 recall=0.9995 f1=0.9995 | image[455]: accuracy=1.0000 precision=1.0000 recall=1.0000 f1=1.0000
2026-09-19 00:49:32 | INFO    | epoch 40 val | loss 1.2108 | patch[8448]: accuracy=0.6964 precision=0.6747 recall=0.6725 f1=0.6734 | image[96]: accuracy=0.7292 precision=0.7004 recall=0.6937 f1=0.6949
2026-09-19 00:49:32 | INFO    | val_patch_f1 = 0.6734 (best 0.6791 @ epoch 34)
2026-09-19 00:49:32 | INFO    | Training finished: best val_patch_f1=0.6791 at epoch 34
2026-09-19 00:49:32 | INFO    | Loaded model_best.pt (epoch 34) for final evaluation
2026-09-19 00:49:37 | INFO    | FINAL train | loss 0.3920 | patch[7280]: accuracy=0.9993 precision=0.9992 recall=0.9994 f1=0.9993 | image[455]: accuracy=1.0000 precision=1.0000 recall=1.0000 f1=1.0000
2026-09-19 00:49:37 | INFO    | FINAL train patch-level per class:
     class    prec     rec      f1      n
         G  1.0000  0.9994  0.9997   1648
        GP  0.9994  0.9982  0.9988   1696
         M  1.0000  1.0000  1.0000   1408
         T  0.9987  0.9994  0.9991   1584
     clear  0.9979  1.0000  0.9989    944
rows = true, cols = predicted
           G    GP     M     T clear
     G  1647     0     0     0     1
    GP     0  1693     0     2     1
     M     0     0  1408     0     0
     T     0     1     0  1583     0
 clear     0     0     0     0   944
2026-09-19 00:49:37 | INFO    | FINAL train image-level per class:
     class    prec     rec      f1      n
         G  1.0000  1.0000  1.0000    103
        GP  1.0000  1.0000  1.0000    106
         M  1.0000  1.0000  1.0000     88
         T  1.0000  1.0000  1.0000     99
     clear  1.0000  1.0000  1.0000     59
rows = true, cols = predicted
           G    GP     M     T clear
     G   103     0     0     0     0
    GP     0   106     0     0     0
     M     0     0    88     0     0
     T     0     0     0    99     0
 clear     0     0     0     0    59
2026-09-19 00:49:42 | INFO    | FINAL val | loss 1.2027 | patch[8448]: accuracy=0.7019 precision=0.6799 recall=0.6785 f1=0.6791 | image[96]: accuracy=0.7396 precision=0.7195 recall=0.7104 f1=0.7125
2026-09-19 00:49:42 | INFO    | FINAL val patch-level per class:
     class    prec     rec      f1      n
         G  0.6750  0.6854  0.6802   1936
        GP  0.7696  0.7918  0.7805   1936
         M  0.7626  0.7261  0.7439   1672
         T  0.7726  0.7576  0.7650   1848
     clear  0.4199  0.4318  0.4258   1056
rows = true, cols = predicted
           G    GP     M     T clear
     G  1327    60   148    48   353
    GP    18  1533    25   199   161
     M   203    29  1214   110   116
     T    91   279    78  1400     0
 clear   327    91   127    55   456
2026-09-19 00:49:42 | INFO    | FINAL val image-level per class:
     class    prec     rec      f1      n
         G  0.7083  0.7727  0.7391     22
        GP  0.7600  0.8636  0.8085     22
         M  0.8235  0.7368  0.7778     19
         T  0.8889  0.7619  0.8205     21
     clear  0.4167  0.4167  0.4167     12
rows = true, cols = predicted
           G    GP     M     T clear
     G    17     1     1     0     3
    GP     0    19     0     1     2
     M     2     0    14     1     2
     T     1     3     1    16     0
 clear     4     2     1     0     5
2026-09-19 00:49:50 | INFO    | FINAL test | loss 1.2107 | patch[9064]: accuracy=0.6859 precision=0.6913 recall=0.6768 f1=0.6761 | image[103]: accuracy=0.7864 precision=0.7881 recall=0.7717 f1=0.7727
2026-09-19 00:49:50 | INFO    | FINAL test patch-level per class:
     class    prec     rec      f1      n
         G  0.6367  0.7110  0.6718   2024
        GP  0.8716  0.6330  0.7334   2112
         M  0.7940  0.6591  0.7203   1760
         T  0.7359  0.8233  0.7772   1936
     clear  0.4181  0.5576  0.4779   1232
rows = true, cols = predicted
           G    GP     M     T clear
     G  1439     2    75    78   430
    GP    33  1337    42   376   324
     M   345    30  1160   114   111
     T    10   162    79  1594    91
 clear   433     3   105     4   687
2026-09-19 00:49:50 | INFO    | FINAL test image-level per class:
     class    prec     rec      f1      n
         G  0.7407  0.8696  0.8000     23
        GP  0.9444  0.7083  0.8095     24
         M  0.9412  0.8000  0.8649     20
         T  0.8696  0.9091  0.8889     22
     clear  0.4444  0.5714  0.5000     14
rows = true, cols = predicted
           G    GP     M     T clear
     G    20     0     0     0     3
    GP     0    17     0     3     4
     M     2     0    16     0     2
     T     0     1     0    20     1
 clear     5     0     1     0     8
2026-09-19 00:49:50 | INFO    | Total time: 12254s | results in logs/abl_p2_rot90_20260918_212536
