2026-09-17 16:25:58 | INFO    | Run directory: logs/abl_no_blur_20260917_162558
2026-09-17 16:25:58 | INFO    | Device: cuda | torch 2.8.0+cu128 | threads 10
2026-09-17 16:25:58 | INFO    | Seed: 42
2026-09-17 16:25:58 | INFO    | Classes (5): ['G', 'GP', 'M', 'T', 'clear']
2026-09-17 16:25:58 | INFO    | Split: regroup=False group_by=none counts={'train': {'images': 455, 'groups': None}, 'val': {'images': 96, 'groups': None}, 'test': {'images': 103, 'groups': None}}
2026-09-17 16:25:58 | INFO    | Patches: size 224 | train overlap 0.00 | eval overlap 0.00 | train patches/image/epoch None
2026-09-17 16:25:58 | INFO    | Train transform: RandomRotateAndCenterCrop -> RandomRotate90 -> RandomHorizontalFlip -> RandomVerticalFlip -> AddGaussianNoise -> Normalize
2026-09-17 16:25:58 | INFO    | Eval transform:  Normalize
2026-09-17 16:25:58 | INFO    | train      455 images, 40040 patches | images per class {'G': 103, 'GP': 106, 'M': 88, 'T': 99, 'clear': 59} | patches per class {'G': 9064, 'GP': 9328, 'M': 7744, 'T': 8712, 'clear': 5192}
2026-09-17 16:25:58 | INFO    | val        96 images, 8448 patches | images per class {'G': 22, 'GP': 22, 'M': 19, 'T': 21, 'clear': 12} | patches per class {'G': 1936, 'GP': 1936, 'M': 1672, 'T': 1848, 'clear': 1056}
2026-09-17 16:25:58 | INFO    | test       103 images, 9064 patches | images per class {'G': 23, 'GP': 24, 'M': 20, 'T': 22, 'clear': 14} | patches per class {'G': 2024, 'GP': 2112, 'M': 1760, 'T': 1936, 'clear': 1232}
2026-09-17 16:25:58 | INFO    | Datasets built in 0.1s
2026-09-17 16:25:58 | INFO    | Train patches per epoch: 40040 (1252 batches of 32)
2026-09-17 16:25:58 | INFO    | Train eval (no aug): every 1 epoch(s) on 7280 patches (16 per image)
2026-09-17 16:25:59 | INFO    | Model: fastvit_t8 | pretrained=True | params 3.26M (trainable 3.26M)
2026-09-17 16:25:59 | INFO    | Training 40 epochs | selection metric val_patch_f1 | patience 10 | amp True
2026-09-17 16:26:12 | INFO    | epoch 1 | batch 20/1252 | loss 1.6913 | acc 0.2000 | lr 1.00e-06 | 13s
2026-09-17 16:26:14 | INFO    | epoch 1 | batch 40/1252 | loss 1.6836 | acc 0.1852 | lr 1.64e-06 | 15s
2026-09-17 16:26:16 | INFO    | epoch 1 | batch 60/1252 | loss 1.6870 | acc 0.1891 | lr 2.44e-06 | 17s
2026-09-17 16:26:18 | INFO    | epoch 1 | batch 80/1252 | loss 1.6808 | acc 0.1926 | lr 3.23e-06 | 19s
2026-09-17 16:26:19 | INFO    | epoch 1 | batch 100/1252 | loss 1.6811 | acc 0.1884 | lr 4.03e-06 | 20s
2026-09-17 16:26:21 | INFO    | epoch 1 | batch 120/1252 | loss 1.6758 | acc 0.1940 | lr 4.83e-06 | 21s
2026-09-17 16:26:22 | INFO    | epoch 1 | batch 140/1252 | loss 1.6699 | acc 0.1969 | lr 5.63e-06 | 23s
2026-09-17 16:26:24 | INFO    | epoch 1 | batch 160/1252 | loss 1.6648 | acc 0.1980 | lr 6.43e-06 | 25s
2026-09-17 16:26:25 | INFO    | epoch 1 | batch 180/1252 | loss 1.6609 | acc 0.2000 | lr 7.23e-06 | 26s
2026-09-17 16:26:27 | INFO    | epoch 1 | batch 200/1252 | loss 1.6573 | acc 0.2027 | lr 8.03e-06 | 28s
2026-09-17 16:26:28 | INFO    | epoch 1 | batch 220/1252 | loss 1.6545 | acc 0.2031 | lr 8.83e-06 | 29s
2026-09-17 16:26:30 | INFO    | epoch 1 | batch 240/1252 | loss 1.6513 | acc 0.2043 | lr 9.62e-06 | 30s
2026-09-17 16:26:31 | INFO    | epoch 1 | batch 260/1252 | loss 1.6491 | acc 0.2048 | lr 1.04e-05 | 32s
2026-09-17 16:26:33 | INFO    | epoch 1 | batch 280/1252 | loss 1.6463 | acc 0.2070 | lr 1.12e-05 | 33s
2026-09-17 16:26:34 | INFO    | epoch 1 | batch 300/1252 | loss 1.6443 | acc 0.2101 | lr 1.20e-05 | 35s
2026-09-17 16:26:36 | INFO    | epoch 1 | batch 320/1252 | loss 1.6425 | acc 0.2118 | lr 1.28e-05 | 36s
2026-09-17 16:26:37 | INFO    | epoch 1 | batch 340/1252 | loss 1.6411 | acc 0.2131 | lr 1.36e-05 | 38s
2026-09-17 16:26:38 | INFO    | epoch 1 | batch 360/1252 | loss 1.6391 | acc 0.2155 | lr 1.44e-05 | 39s
2026-09-17 16:26:40 | INFO    | epoch 1 | batch 380/1252 | loss 1.6375 | acc 0.2167 | lr 1.52e-05 | 41s
2026-09-17 16:26:41 | INFO    | epoch 1 | batch 400/1252 | loss 1.6353 | acc 0.2190 | lr 1.60e-05 | 42s
2026-09-17 16:26:43 | INFO    | epoch 1 | batch 420/1252 | loss 1.6336 | acc 0.2209 | lr 1.68e-05 | 44s
2026-09-17 16:26:44 | INFO    | epoch 1 | batch 440/1252 | loss 1.6313 | acc 0.2241 | lr 1.76e-05 | 45s
2026-09-17 16:26:46 | INFO    | epoch 1 | batch 460/1252 | loss 1.6297 | acc 0.2268 | lr 1.84e-05 | 47s
2026-09-17 16:26:47 | INFO    | epoch 1 | batch 480/1252 | loss 1.6272 | acc 0.2307 | lr 1.92e-05 | 48s
2026-09-17 16:26:49 | INFO    | epoch 1 | batch 500/1252 | loss 1.6246 | acc 0.2334 | lr 2.00e-05 | 49s
2026-09-17 16:26:50 | INFO    | epoch 1 | batch 520/1252 | loss 1.6217 | acc 0.2359 | lr 2.08e-05 | 51s
2026-09-17 16:26:51 | INFO    | epoch 1 | batch 540/1252 | loss 1.6185 | acc 0.2391 | lr 2.16e-05 | 52s
2026-09-17 16:26:53 | INFO    | epoch 1 | batch 560/1252 | loss 1.6148 | acc 0.2424 | lr 2.24e-05 | 54s
2026-09-17 16:26:54 | INFO    | epoch 1 | batch 580/1252 | loss 1.6106 | acc 0.2458 | lr 2.32e-05 | 55s
2026-09-17 16:26:56 | INFO    | epoch 1 | batch 600/1252 | loss 1.6062 | acc 0.2490 | lr 2.40e-05 | 57s
2026-09-17 16:26:57 | INFO    | epoch 1 | batch 620/1252 | loss 1.6016 | acc 0.2520 | lr 2.48e-05 | 58s
2026-09-17 16:26:59 | INFO    | epoch 1 | batch 640/1252 | loss 1.5971 | acc 0.2555 | lr 2.56e-05 | 60s
2026-09-17 16:27:00 | INFO    | epoch 1 | batch 660/1252 | loss 1.5927 | acc 0.2581 | lr 2.64e-05 | 61s
2026-09-17 16:27:02 | INFO    | epoch 1 | batch 680/1252 | loss 1.5878 | acc 0.2611 | lr 2.72e-05 | 63s
2026-09-17 16:27:03 | INFO    | epoch 1 | batch 700/1252 | loss 1.5831 | acc 0.2644 | lr 2.80e-05 | 64s
2026-09-17 16:27:05 | INFO    | epoch 1 | batch 720/1252 | loss 1.5787 | acc 0.2682 | lr 2.88e-05 | 66s
2026-09-17 16:27:06 | INFO    | epoch 1 | batch 740/1252 | loss 1.5739 | acc 0.2730 | lr 2.96e-05 | 67s
2026-09-17 16:27:08 | INFO    | epoch 1 | batch 760/1252 | loss 1.5707 | acc 0.2753 | lr 3.04e-05 | 69s
2026-09-17 16:27:09 | INFO    | epoch 1 | batch 780/1252 | loss 1.5671 | acc 0.2773 | lr 3.12e-05 | 70s
2026-09-17 16:27:11 | INFO    | epoch 1 | batch 800/1252 | loss 1.5631 | acc 0.2802 | lr 3.20e-05 | 71s
2026-09-17 16:27:12 | INFO    | epoch 1 | batch 820/1252 | loss 1.5595 | acc 0.2822 | lr 3.28e-05 | 73s
2026-09-17 16:27:14 | INFO    | epoch 1 | batch 840/1252 | loss 1.5561 | acc 0.2839 | lr 3.36e-05 | 74s
2026-09-17 16:27:15 | INFO    | epoch 1 | batch 860/1252 | loss 1.5520 | acc 0.2865 | lr 3.44e-05 | 76s
2026-09-17 16:27:16 | INFO    | epoch 1 | batch 880/1252 | loss 1.5481 | acc 0.2888 | lr 3.52e-05 | 77s
2026-09-17 16:27:18 | INFO    | epoch 1 | batch 900/1252 | loss 1.5443 | acc 0.2918 | lr 3.60e-05 | 79s
2026-09-17 16:27:19 | INFO    | epoch 1 | batch 920/1252 | loss 1.5408 | acc 0.2940 | lr 3.68e-05 | 80s
2026-09-17 16:27:21 | INFO    | epoch 1 | batch 940/1252 | loss 1.5378 | acc 0.2967 | lr 3.76e-05 | 82s
2026-09-17 16:27:22 | INFO    | epoch 1 | batch 960/1252 | loss 1.5343 | acc 0.2995 | lr 3.84e-05 | 83s
2026-09-17 16:27:24 | INFO    | epoch 1 | batch 980/1252 | loss 1.5314 | acc 0.3015 | lr 3.92e-05 | 85s
2026-09-17 16:27:25 | INFO    | epoch 1 | batch 1000/1252 | loss 1.5286 | acc 0.3037 | lr 4.00e-05 | 86s
2026-09-17 16:27:27 | INFO    | epoch 1 | batch 1020/1252 | loss 1.5257 | acc 0.3056 | lr 4.08e-05 | 88s
2026-09-17 16:27:28 | INFO    | epoch 1 | batch 1040/1252 | loss 1.5227 | acc 0.3084 | lr 4.16e-05 | 89s
2026-09-17 16:27:30 | INFO    | epoch 1 | batch 1060/1252 | loss 1.5199 | acc 0.3108 | lr 4.24e-05 | 90s
2026-09-17 16:27:31 | INFO    | epoch 1 | batch 1080/1252 | loss 1.5162 | acc 0.3131 | lr 4.32e-05 | 92s
2026-09-17 16:27:33 | INFO    | epoch 1 | batch 1100/1252 | loss 1.5134 | acc 0.3153 | lr 4.40e-05 | 93s
2026-09-17 16:27:34 | INFO    | epoch 1 | batch 1120/1252 | loss 1.5112 | acc 0.3167 | lr 4.48e-05 | 95s
2026-09-17 16:27:36 | INFO    | epoch 1 | batch 1140/1252 | loss 1.5082 | acc 0.3191 | lr 4.56e-05 | 96s
2026-09-17 16:27:37 | INFO    | epoch 1 | batch 1160/1252 | loss 1.5058 | acc 0.3209 | lr 4.64e-05 | 98s
2026-09-17 16:27:39 | INFO    | epoch 1 | batch 1180/1252 | loss 1.5026 | acc 0.3233 | lr 4.72e-05 | 99s
2026-09-17 16:27:40 | INFO    | epoch 1 | batch 1200/1252 | loss 1.4997 | acc 0.3252 | lr 4.80e-05 | 101s
2026-09-17 16:27:41 | INFO    | epoch 1 | batch 1220/1252 | loss 1.4970 | acc 0.3272 | lr 4.88e-05 | 102s
2026-09-17 16:27:43 | INFO    | epoch 1 | batch 1240/1252 | loss 1.4936 | acc 0.3301 | lr 4.96e-05 | 104s
2026-09-17 16:27:52 | INFO    | epoch 1 | batch 1252/1252 | loss 1.4922 | acc 0.3309 | lr 5.00e-05 | 113s
2026-09-17 16:28:08 | INFO    | epoch 1/40 done in 128s | train loss 1.4922 | train running patch (aug): accuracy=0.3309 precision=0.3027 recall=0.3036 f1=0.2908
2026-09-17 16:28:08 | INFO    | epoch 1 train (eval, no aug) | loss 1.9009 | patch[7280]: accuracy=0.3012 precision=0.3628 recall=0.2688 f1=0.1905 | image[455]: accuracy=0.3077 precision=0.4565 recall=0.2746 f1=0.1943
2026-09-17 16:28:08 | INFO    | epoch 1 val | loss 2.0053 | patch[8448]: accuracy=0.3084 precision=0.2908 recall=0.2756 f1=0.1908 | image[96]: accuracy=0.3021 precision=0.3290 recall=0.2701 f1=0.1879
2026-09-17 16:28:08 | INFO    | val_patch_f1 = 0.1908 (best 0.1908 @ epoch 1) *
2026-09-17 16:28:09 | INFO    | epoch 2 | batch 20/1252 | loss 1.3414 | acc 0.4313 | lr 5.08e-05 | 2s
2026-09-17 16:28:11 | INFO    | epoch 2 | batch 40/1252 | loss 1.3402 | acc 0.4305 | lr 5.16e-05 | 3s
2026-09-17 16:28:12 | INFO    | epoch 2 | batch 60/1252 | loss 1.3365 | acc 0.4385 | lr 5.24e-05 | 5s
2026-09-17 16:28:14 | INFO    | epoch 2 | batch 80/1252 | loss 1.3298 | acc 0.4457 | lr 5.32e-05 | 6s
2026-09-17 16:28:15 | INFO    | epoch 2 | batch 100/1252 | loss 1.3239 | acc 0.4544 | lr 5.40e-05 | 8s
2026-09-17 16:28:17 | INFO    | epoch 2 | batch 120/1252 | loss 1.3201 | acc 0.4555 | lr 5.48e-05 | 9s
2026-09-17 16:28:18 | INFO    | epoch 2 | batch 140/1252 | loss 1.3177 | acc 0.4525 | lr 5.56e-05 | 10s
2026-09-17 16:28:20 | INFO    | epoch 2 | batch 160/1252 | loss 1.3152 | acc 0.4557 | lr 5.64e-05 | 12s
2026-09-17 16:28:21 | INFO    | epoch 2 | batch 180/1252 | loss 1.3105 | acc 0.4578 | lr 5.72e-05 | 14s
2026-09-17 16:28:23 | INFO    | epoch 2 | batch 200/1252 | loss 1.3094 | acc 0.4569 | lr 5.80e-05 | 15s
2026-09-17 16:28:24 | INFO    | epoch 2 | batch 220/1252 | loss 1.3073 | acc 0.4589 | lr 5.88e-05 | 17s
2026-09-17 16:28:26 | INFO    | epoch 2 | batch 240/1252 | loss 1.3101 | acc 0.4572 | lr 5.96e-05 | 18s
2026-09-17 16:28:27 | INFO    | epoch 2 | batch 260/1252 | loss 1.3103 | acc 0.4578 | lr 6.04e-05 | 19s
2026-09-17 16:28:28 | INFO    | epoch 2 | batch 280/1252 | loss 1.3081 | acc 0.4593 | lr 6.12e-05 | 21s
2026-09-17 16:28:30 | INFO    | epoch 2 | batch 300/1252 | loss 1.3071 | acc 0.4618 | lr 6.20e-05 | 22s
2026-09-17 16:28:31 | INFO    | epoch 2 | batch 320/1252 | loss 1.3079 | acc 0.4615 | lr 6.28e-05 | 24s
2026-09-17 16:28:33 | INFO    | epoch 2 | batch 340/1252 | loss 1.3052 | acc 0.4640 | lr 6.36e-05 | 25s
2026-09-17 16:28:34 | INFO    | epoch 2 | batch 360/1252 | loss 1.3043 | acc 0.4649 | lr 6.44e-05 | 27s
2026-09-17 16:28:36 | INFO    | epoch 2 | batch 380/1252 | loss 1.3045 | acc 0.4646 | lr 6.52e-05 | 28s
2026-09-17 16:28:37 | INFO    | epoch 2 | batch 400/1252 | loss 1.3032 | acc 0.4639 | lr 6.60e-05 | 29s
2026-09-17 16:28:39 | INFO    | epoch 2 | batch 420/1252 | loss 1.3026 | acc 0.4643 | lr 6.68e-05 | 31s
2026-09-17 16:28:40 | INFO    | epoch 2 | batch 440/1252 | loss 1.3005 | acc 0.4654 | lr 6.76e-05 | 32s
2026-09-17 16:28:41 | INFO    | epoch 2 | batch 460/1252 | loss 1.3001 | acc 0.4657 | lr 6.84e-05 | 34s
2026-09-17 16:28:43 | INFO    | epoch 2 | batch 480/1252 | loss 1.2985 | acc 0.4674 | lr 6.92e-05 | 35s
2026-09-17 16:28:44 | INFO    | epoch 2 | batch 500/1252 | loss 1.2987 | acc 0.4665 | lr 7.00e-05 | 37s
2026-09-17 16:28:46 | INFO    | epoch 2 | batch 520/1252 | loss 1.2976 | acc 0.4670 | lr 7.08e-05 | 38s
2026-09-17 16:28:47 | INFO    | epoch 2 | batch 540/1252 | loss 1.2956 | acc 0.4679 | lr 7.16e-05 | 40s
2026-09-17 16:28:49 | INFO    | epoch 2 | batch 560/1252 | loss 1.2933 | acc 0.4696 | lr 7.24e-05 | 41s
2026-09-17 16:28:50 | INFO    | epoch 2 | batch 580/1252 | loss 1.2915 | acc 0.4710 | lr 7.32e-05 | 43s
2026-09-17 16:28:52 | INFO    | epoch 2 | batch 600/1252 | loss 1.2905 | acc 0.4721 | lr 7.40e-05 | 44s
2026-09-17 16:28:53 | INFO    | epoch 2 | batch 620/1252 | loss 1.2909 | acc 0.4722 | lr 7.48e-05 | 45s
2026-09-17 16:28:54 | INFO    | epoch 2 | batch 640/1252 | loss 1.2907 | acc 0.4728 | lr 7.56e-05 | 47s
2026-09-17 16:28:56 | INFO    | epoch 2 | batch 660/1252 | loss 1.2902 | acc 0.4728 | lr 7.64e-05 | 48s
2026-09-17 16:28:57 | INFO    | epoch 2 | batch 680/1252 | loss 1.2892 | acc 0.4730 | lr 7.72e-05 | 50s
2026-09-17 16:28:59 | INFO    | epoch 2 | batch 700/1252 | loss 1.2880 | acc 0.4738 | lr 7.80e-05 | 51s
2026-09-17 16:29:00 | INFO    | epoch 2 | batch 720/1252 | loss 1.2854 | acc 0.4755 | lr 7.88e-05 | 53s
2026-09-17 16:29:02 | INFO    | epoch 2 | batch 740/1252 | loss 1.2838 | acc 0.4763 | lr 7.96e-05 | 54s
2026-09-17 16:29:03 | INFO    | epoch 2 | batch 760/1252 | loss 1.2840 | acc 0.4755 | lr 8.04e-05 | 56s
2026-09-17 16:29:05 | INFO    | epoch 2 | batch 780/1252 | loss 1.2823 | acc 0.4767 | lr 8.12e-05 | 57s
2026-09-17 16:29:06 | INFO    | epoch 2 | batch 800/1252 | loss 1.2816 | acc 0.4768 | lr 8.20e-05 | 59s
2026-09-17 16:29:08 | INFO    | epoch 2 | batch 820/1252 | loss 1.2792 | acc 0.4782 | lr 8.28e-05 | 60s
2026-09-17 16:29:09 | INFO    | epoch 2 | batch 840/1252 | loss 1.2773 | acc 0.4792 | lr 8.36e-05 | 61s
2026-09-17 16:29:10 | INFO    | epoch 2 | batch 860/1252 | loss 1.2758 | acc 0.4804 | lr 8.44e-05 | 63s
2026-09-17 16:29:12 | INFO    | epoch 2 | batch 880/1252 | loss 1.2732 | acc 0.4821 | lr 8.52e-05 | 64s
2026-09-17 16:29:13 | INFO    | epoch 2 | batch 900/1252 | loss 1.2722 | acc 0.4826 | lr 8.60e-05 | 66s
2026-09-17 16:29:15 | INFO    | epoch 2 | batch 920/1252 | loss 1.2712 | acc 0.4838 | lr 8.68e-05 | 67s
2026-09-17 16:29:16 | INFO    | epoch 2 | batch 940/1252 | loss 1.2703 | acc 0.4847 | lr 8.76e-05 | 69s
2026-09-17 16:29:18 | INFO    | epoch 2 | batch 960/1252 | loss 1.2705 | acc 0.4848 | lr 8.84e-05 | 70s
2026-09-17 16:29:19 | INFO    | epoch 2 | batch 980/1252 | loss 1.2699 | acc 0.4851 | lr 8.92e-05 | 72s
2026-09-17 16:29:21 | INFO    | epoch 2 | batch 1000/1252 | loss 1.2690 | acc 0.4853 | lr 9.00e-05 | 73s
2026-09-17 16:29:22 | INFO    | epoch 2 | batch 1020/1252 | loss 1.2677 | acc 0.4858 | lr 9.08e-05 | 74s
2026-09-17 16:29:23 | INFO    | epoch 2 | batch 1040/1252 | loss 1.2667 | acc 0.4868 | lr 9.16e-05 | 76s
2026-09-17 16:29:25 | INFO    | epoch 2 | batch 1060/1252 | loss 1.2658 | acc 0.4873 | lr 9.24e-05 | 77s
2026-09-17 16:29:26 | INFO    | epoch 2 | batch 1080/1252 | loss 1.2645 | acc 0.4878 | lr 9.32e-05 | 79s
2026-09-17 16:29:28 | INFO    | epoch 2 | batch 1100/1252 | loss 1.2632 | acc 0.4887 | lr 9.40e-05 | 80s
2026-09-17 16:29:29 | INFO    | epoch 2 | batch 1120/1252 | loss 1.2625 | acc 0.4890 | lr 9.48e-05 | 82s
2026-09-17 16:29:31 | INFO    | epoch 2 | batch 1140/1252 | loss 1.2614 | acc 0.4898 | lr 9.56e-05 | 83s
2026-09-17 16:29:32 | INFO    | epoch 2 | batch 1160/1252 | loss 1.2604 | acc 0.4907 | lr 9.64e-05 | 85s
2026-09-17 16:29:34 | INFO    | epoch 2 | batch 1180/1252 | loss 1.2589 | acc 0.4916 | lr 9.72e-05 | 86s
2026-09-17 16:29:35 | INFO    | epoch 2 | batch 1200/1252 | loss 1.2571 | acc 0.4929 | lr 9.80e-05 | 88s
2026-09-17 16:29:37 | INFO    | epoch 2 | batch 1220/1252 | loss 1.2565 | acc 0.4932 | lr 9.88e-05 | 89s
2026-09-17 16:29:38 | INFO    | epoch 2 | batch 1240/1252 | loss 1.2555 | acc 0.4939 | lr 9.96e-05 | 91s
2026-09-17 16:29:39 | INFO    | epoch 2 | batch 1252/1252 | loss 1.2557 | acc 0.4941 | lr 1.00e-04 | 92s
2026-09-17 16:29:49 | INFO    | epoch 2/40 done in 101s | train loss 1.2557 | train running patch (aug): accuracy=0.4941 precision=0.4716 recall=0.4604 f1=0.4535
2026-09-17 16:29:49 | INFO    | epoch 2 train (eval, no aug) | loss 1.9876 | patch[7280]: accuracy=0.2919 precision=0.4706 recall=0.2595 f1=0.1868 | image[455]: accuracy=0.3055 precision=0.5079 recall=0.2689 f1=0.1856
2026-09-17 16:29:49 | INFO    | epoch 2 val | loss 2.1151 | patch[8448]: accuracy=0.2976 precision=0.2239 recall=0.2632 f1=0.1618 | image[96]: accuracy=0.3125 precision=0.1307 recall=0.2762 f1=0.1663
2026-09-17 16:29:49 | INFO    | val_patch_f1 = 0.1618 (best 0.1908 @ epoch 1)
2026-09-17 16:29:50 | INFO    | epoch 3 | batch 20/1252 | loss 1.1979 | acc 0.5469 | lr 1.00e-04 | 2s
2026-09-17 16:29:52 | INFO    | epoch 3 | batch 40/1252 | loss 1.1991 | acc 0.5453 | lr 1.00e-04 | 3s
2026-09-17 16:29:53 | INFO    | epoch 3 | batch 60/1252 | loss 1.2049 | acc 0.5406 | lr 1.00e-04 | 4s
2026-09-17 16:29:55 | INFO    | epoch 3 | batch 80/1252 | loss 1.2112 | acc 0.5344 | lr 1.00e-04 | 6s
2026-09-17 16:29:56 | INFO    | epoch 3 | batch 100/1252 | loss 1.2116 | acc 0.5334 | lr 1.00e-04 | 7s
2026-09-17 16:29:58 | INFO    | epoch 3 | batch 120/1252 | loss 1.2070 | acc 0.5352 | lr 1.00e-04 | 9s
2026-09-17 16:29:59 | INFO    | epoch 3 | batch 140/1252 | loss 1.2056 | acc 0.5321 | lr 1.00e-04 | 10s
2026-09-17 16:30:00 | INFO    | epoch 3 | batch 160/1252 | loss 1.1919 | acc 0.5396 | lr 1.00e-04 | 12s
2026-09-17 16:30:02 | INFO    | epoch 3 | batch 180/1252 | loss 1.1845 | acc 0.5455 | lr 1.00e-04 | 13s
2026-09-17 16:30:03 | INFO    | epoch 3 | batch 200/1252 | loss 1.1876 | acc 0.5428 | lr 1.00e-04 | 14s
2026-09-17 16:30:05 | INFO    | epoch 3 | batch 220/1252 | loss 1.1907 | acc 0.5364 | lr 1.00e-04 | 16s
2026-09-17 16:30:06 | INFO    | epoch 3 | batch 240/1252 | loss 1.1905 | acc 0.5357 | lr 1.00e-04 | 17s
2026-09-17 16:30:08 | INFO    | epoch 3 | batch 260/1252 | loss 1.1904 | acc 0.5345 | lr 1.00e-04 | 19s
2026-09-17 16:30:09 | INFO    | epoch 3 | batch 280/1252 | loss 1.1884 | acc 0.5350 | lr 1.00e-04 | 20s
2026-09-17 16:30:10 | INFO    | epoch 3 | batch 300/1252 | loss 1.1869 | acc 0.5373 | lr 1.00e-04 | 22s
2026-09-17 16:30:12 | INFO    | epoch 3 | batch 320/1252 | loss 1.1856 | acc 0.5396 | lr 1.00e-04 | 23s
2026-09-17 16:30:13 | INFO    | epoch 3 | batch 340/1252 | loss 1.1825 | acc 0.5409 | lr 1.00e-04 | 24s
2026-09-17 16:30:15 | INFO    | epoch 3 | batch 360/1252 | loss 1.1808 | acc 0.5425 | lr 1.00e-04 | 26s
2026-09-17 16:30:16 | INFO    | epoch 3 | batch 380/1252 | loss 1.1784 | acc 0.5444 | lr 1.00e-04 | 27s
2026-09-17 16:30:18 | INFO    | epoch 3 | batch 400/1252 | loss 1.1767 | acc 0.5459 | lr 1.00e-04 | 29s
2026-09-17 16:30:19 | INFO    | epoch 3 | batch 420/1252 | loss 1.1741 | acc 0.5474 | lr 1.00e-04 | 30s
2026-09-17 16:30:21 | INFO    | epoch 3 | batch 440/1252 | loss 1.1720 | acc 0.5496 | lr 1.00e-04 | 32s
2026-09-17 16:30:22 | INFO    | epoch 3 | batch 460/1252 | loss 1.1725 | acc 0.5495 | lr 1.00e-04 | 33s
2026-09-17 16:30:23 | INFO    | epoch 3 | batch 480/1252 | loss 1.1719 | acc 0.5488 | lr 1.00e-04 | 35s
2026-09-17 16:30:25 | INFO    | epoch 3 | batch 500/1252 | loss 1.1722 | acc 0.5490 | lr 1.00e-04 | 36s
2026-09-17 16:30:26 | INFO    | epoch 3 | batch 520/1252 | loss 1.1720 | acc 0.5495 | lr 1.00e-04 | 37s
2026-09-17 16:30:28 | INFO    | epoch 3 | batch 540/1252 | loss 1.1700 | acc 0.5508 | lr 1.00e-04 | 39s
2026-09-17 16:30:29 | INFO    | epoch 3 | batch 560/1252 | loss 1.1703 | acc 0.5509 | lr 1.00e-04 | 40s
2026-09-17 16:30:31 | INFO    | epoch 3 | batch 580/1252 | loss 1.1695 | acc 0.5519 | lr 1.00e-04 | 42s
2026-09-17 16:30:32 | INFO    | epoch 3 | batch 600/1252 | loss 1.1680 | acc 0.5526 | lr 1.00e-04 | 43s
2026-09-17 16:30:34 | INFO    | epoch 3 | batch 620/1252 | loss 1.1674 | acc 0.5525 | lr 1.00e-04 | 45s
2026-09-17 16:30:35 | INFO    | epoch 3 | batch 640/1252 | loss 1.1674 | acc 0.5523 | lr 1.00e-04 | 46s
2026-09-17 16:30:36 | INFO    | epoch 3 | batch 660/1252 | loss 1.1665 | acc 0.5525 | lr 1.00e-04 | 48s
2026-09-17 16:30:38 | INFO    | epoch 3 | batch 680/1252 | loss 1.1655 | acc 0.5527 | lr 1.00e-04 | 49s
2026-09-17 16:30:39 | INFO    | epoch 3 | batch 700/1252 | loss 1.1638 | acc 0.5534 | lr 9.99e-05 | 50s
2026-09-17 16:30:41 | INFO    | epoch 3 | batch 720/1252 | loss 1.1637 | acc 0.5539 | lr 9.99e-05 | 52s
2026-09-17 16:30:42 | INFO    | epoch 3 | batch 740/1252 | loss 1.1637 | acc 0.5542 | lr 9.99e-05 | 53s
2026-09-17 16:30:44 | INFO    | epoch 3 | batch 760/1252 | loss 1.1619 | acc 0.5552 | lr 9.99e-05 | 55s
2026-09-17 16:30:45 | INFO    | epoch 3 | batch 780/1252 | loss 1.1620 | acc 0.5552 | lr 9.99e-05 | 56s
2026-09-17 16:30:47 | INFO    | epoch 3 | batch 800/1252 | loss 1.1620 | acc 0.5548 | lr 9.99e-05 | 58s
2026-09-17 16:30:48 | INFO    | epoch 3 | batch 820/1252 | loss 1.1620 | acc 0.5550 | lr 9.99e-05 | 59s
2026-09-17 16:30:49 | INFO    | epoch 3 | batch 840/1252 | loss 1.1606 | acc 0.5555 | lr 9.99e-05 | 61s
2026-09-17 16:30:51 | INFO    | epoch 3 | batch 860/1252 | loss 1.1595 | acc 0.5558 | lr 9.99e-05 | 62s
2026-09-17 16:30:52 | INFO    | epoch 3 | batch 880/1252 | loss 1.1587 | acc 0.5561 | lr 9.99e-05 | 64s
2026-09-17 16:30:54 | INFO    | epoch 3 | batch 900/1252 | loss 1.1579 | acc 0.5568 | lr 9.99e-05 | 65s
2026-09-17 16:30:55 | INFO    | epoch 3 | batch 920/1252 | loss 1.1568 | acc 0.5575 | lr 9.99e-05 | 66s
2026-09-17 16:30:57 | INFO    | epoch 3 | batch 940/1252 | loss 1.1561 | acc 0.5584 | lr 9.99e-05 | 68s
2026-09-17 16:30:58 | INFO    | epoch 3 | batch 960/1252 | loss 1.1553 | acc 0.5591 | lr 9.99e-05 | 69s
2026-09-17 16:31:00 | INFO    | epoch 3 | batch 980/1252 | loss 1.1551 | acc 0.5595 | lr 9.99e-05 | 71s
2026-09-17 16:31:01 | INFO    | epoch 3 | batch 1000/1252 | loss 1.1547 | acc 0.5599 | lr 9.99e-05 | 72s
2026-09-17 16:31:02 | INFO    | epoch 3 | batch 1020/1252 | loss 1.1538 | acc 0.5609 | lr 9.99e-05 | 74s
2026-09-17 16:31:04 | INFO    | epoch 3 | batch 1040/1252 | loss 1.1543 | acc 0.5605 | lr 9.99e-05 | 75s
2026-09-17 16:31:05 | INFO    | epoch 3 | batch 1060/1252 | loss 1.1534 | acc 0.5610 | lr 9.99e-05 | 76s
2026-09-17 16:31:07 | INFO    | epoch 3 | batch 1080/1252 | loss 1.1525 | acc 0.5614 | lr 9.99e-05 | 78s
2026-09-17 16:31:08 | INFO    | epoch 3 | batch 1100/1252 | loss 1.1521 | acc 0.5610 | lr 9.99e-05 | 79s
2026-09-17 16:31:10 | INFO    | epoch 3 | batch 1120/1252 | loss 1.1520 | acc 0.5610 | lr 9.99e-05 | 81s
2026-09-17 16:31:11 | INFO    | epoch 3 | batch 1140/1252 | loss 1.1514 | acc 0.5618 | lr 9.99e-05 | 82s
2026-09-17 16:31:13 | INFO    | epoch 3 | batch 1160/1252 | loss 1.1508 | acc 0.5620 | lr 9.99e-05 | 84s
2026-09-17 16:31:14 | INFO    | epoch 3 | batch 1180/1252 | loss 1.1499 | acc 0.5627 | lr 9.98e-05 | 85s
2026-09-17 16:31:15 | INFO    | epoch 3 | batch 1200/1252 | loss 1.1490 | acc 0.5630 | lr 9.98e-05 | 87s
2026-09-17 16:31:17 | INFO    | epoch 3 | batch 1220/1252 | loss 1.1486 | acc 0.5632 | lr 9.98e-05 | 88s
2026-09-17 16:31:18 | INFO    | epoch 3 | batch 1240/1252 | loss 1.1485 | acc 0.5633 | lr 9.98e-05 | 90s
2026-09-17 16:31:19 | INFO    | epoch 3 | batch 1252/1252 | loss 1.1479 | acc 0.5637 | lr 9.98e-05 | 90s
2026-09-17 16:31:29 | INFO    | epoch 3/40 done in 100s | train loss 1.1479 | train running patch (aug): accuracy=0.5637 precision=0.5483 recall=0.5345 f1=0.5339
2026-09-17 16:31:29 | INFO    | epoch 3 train (eval, no aug) | loss 1.1494 | patch[7280]: accuracy=0.5799 precision=0.5583 recall=0.5513 f1=0.5501 | image[455]: accuracy=0.6220 precision=0.6069 recall=0.5901 f1=0.5890
2026-09-17 16:31:29 | INFO    | epoch 3 val | loss 1.1847 | patch[8448]: accuracy=0.5430 precision=0.5070 recall=0.5075 f1=0.5029 | image[96]: accuracy=0.6042 precision=0.5727 recall=0.5695 f1=0.5661
2026-09-17 16:31:29 | INFO    | val_patch_f1 = 0.5029 (best 0.5029 @ epoch 3) *
2026-09-17 16:31:31 | INFO    | epoch 4 | batch 20/1252 | loss 1.1387 | acc 0.5875 | lr 9.98e-05 | 2s
2026-09-17 16:31:32 | INFO    | epoch 4 | batch 40/1252 | loss 1.1254 | acc 0.5977 | lr 9.98e-05 | 3s
2026-09-17 16:31:34 | INFO    | epoch 4 | batch 60/1252 | loss 1.1108 | acc 0.5927 | lr 9.98e-05 | 4s
2026-09-17 16:31:35 | INFO    | epoch 4 | batch 80/1252 | loss 1.1149 | acc 0.5910 | lr 9.98e-05 | 6s
2026-09-17 16:31:36 | INFO    | epoch 4 | batch 100/1252 | loss 1.1141 | acc 0.5934 | lr 9.98e-05 | 7s
2026-09-17 16:31:38 | INFO    | epoch 4 | batch 120/1252 | loss 1.1097 | acc 0.5945 | lr 9.98e-05 | 9s
2026-09-17 16:31:39 | INFO    | epoch 4 | batch 140/1252 | loss 1.1099 | acc 0.5942 | lr 9.98e-05 | 10s
2026-09-17 16:31:41 | INFO    | epoch 4 | batch 160/1252 | loss 1.1051 | acc 0.5971 | lr 9.98e-05 | 12s
2026-09-17 16:31:42 | INFO    | epoch 4 | batch 180/1252 | loss 1.1025 | acc 0.5983 | lr 9.98e-05 | 13s
2026-09-17 16:31:44 | INFO    | epoch 4 | batch 200/1252 | loss 1.1044 | acc 0.5984 | lr 9.98e-05 | 15s
2026-09-17 16:31:45 | INFO    | epoch 4 | batch 220/1252 | loss 1.1001 | acc 0.5984 | lr 9.98e-05 | 16s
2026-09-17 16:31:46 | INFO    | epoch 4 | batch 240/1252 | loss 1.1001 | acc 0.5986 | lr 9.98e-05 | 17s
2026-09-17 16:31:48 | INFO    | epoch 4 | batch 260/1252 | loss 1.0999 | acc 0.5988 | lr 9.98e-05 | 19s
2026-09-17 16:31:49 | INFO    | epoch 4 | batch 280/1252 | loss 1.0974 | acc 0.6003 | lr 9.97e-05 | 20s
2026-09-17 16:31:51 | INFO    | epoch 4 | batch 300/1252 | loss 1.0967 | acc 0.6008 | lr 9.97e-05 | 22s
2026-09-17 16:31:52 | INFO    | epoch 4 | batch 320/1252 | loss 1.0963 | acc 0.6015 | lr 9.97e-05 | 23s
2026-09-17 16:31:54 | INFO    | epoch 4 | batch 340/1252 | loss 1.0968 | acc 0.6009 | lr 9.97e-05 | 25s
2026-09-17 16:31:55 | INFO    | epoch 4 | batch 360/1252 | loss 1.0959 | acc 0.6007 | lr 9.97e-05 | 26s
2026-09-17 16:31:57 | INFO    | epoch 4 | batch 380/1252 | loss 1.0972 | acc 0.5998 | lr 9.97e-05 | 28s
2026-09-17 16:31:58 | INFO    | epoch 4 | batch 400/1252 | loss 1.0971 | acc 0.6008 | lr 9.97e-05 | 29s
2026-09-17 16:31:59 | INFO    | epoch 4 | batch 420/1252 | loss 1.0952 | acc 0.6027 | lr 9.97e-05 | 30s
2026-09-17 16:32:01 | INFO    | epoch 4 | batch 440/1252 | loss 1.0944 | acc 0.6036 | lr 9.97e-05 | 32s
2026-09-17 16:32:02 | INFO    | epoch 4 | batch 460/1252 | loss 1.0938 | acc 0.6040 | lr 9.97e-05 | 33s
2026-09-17 16:32:04 | INFO    | epoch 4 | batch 480/1252 | loss 1.0925 | acc 0.6050 | lr 9.97e-05 | 35s
2026-09-17 16:32:05 | INFO    | epoch 4 | batch 500/1252 | loss 1.0924 | acc 0.6051 | lr 9.97e-05 | 36s
2026-09-17 16:32:07 | INFO    | epoch 4 | batch 520/1252 | loss 1.0914 | acc 0.6055 | lr 9.97e-05 | 38s
2026-09-17 16:32:08 | INFO    | epoch 4 | batch 540/1252 | loss 1.0918 | acc 0.6058 | lr 9.97e-05 | 39s
2026-09-17 16:32:10 | INFO    | epoch 4 | batch 560/1252 | loss 1.0917 | acc 0.6049 | lr 9.96e-05 | 40s
2026-09-17 16:32:11 | INFO    | epoch 4 | batch 580/1252 | loss 1.0899 | acc 0.6059 | lr 9.96e-05 | 42s
2026-09-17 16:32:12 | INFO    | epoch 4 | batch 600/1252 | loss 1.0902 | acc 0.6063 | lr 9.96e-05 | 43s
2026-09-17 16:32:14 | INFO    | epoch 4 | batch 620/1252 | loss 1.0887 | acc 0.6070 | lr 9.96e-05 | 45s
2026-09-17 16:32:15 | INFO    | epoch 4 | batch 640/1252 | loss 1.0894 | acc 0.6059 | lr 9.96e-05 | 46s
2026-09-17 16:32:17 | INFO    | epoch 4 | batch 660/1252 | loss 1.0882 | acc 0.6067 | lr 9.96e-05 | 48s
2026-09-17 16:32:18 | INFO    | epoch 4 | batch 680/1252 | loss 1.0875 | acc 0.6069 | lr 9.96e-05 | 49s
2026-09-17 16:32:20 | INFO    | epoch 4 | batch 700/1252 | loss 1.0867 | acc 0.6070 | lr 9.96e-05 | 51s
2026-09-17 16:32:21 | INFO    | epoch 4 | batch 720/1252 | loss 1.0866 | acc 0.6066 | lr 9.96e-05 | 52s
2026-09-17 16:32:23 | INFO    | epoch 4 | batch 740/1252 | loss 1.0858 | acc 0.6066 | lr 9.96e-05 | 53s
2026-09-17 16:32:24 | INFO    | epoch 4 | batch 760/1252 | loss 1.0865 | acc 0.6061 | lr 9.96e-05 | 55s
2026-09-17 16:32:25 | INFO    | epoch 4 | batch 780/1252 | loss 1.0845 | acc 0.6075 | lr 9.96e-05 | 56s
2026-09-17 16:32:27 | INFO    | epoch 4 | batch 800/1252 | loss 1.0857 | acc 0.6067 | lr 9.95e-05 | 58s
2026-09-17 16:32:28 | INFO    | epoch 4 | batch 820/1252 | loss 1.0837 | acc 0.6079 | lr 9.95e-05 | 59s
2026-09-17 16:32:30 | INFO    | epoch 4 | batch 840/1252 | loss 1.0825 | acc 0.6083 | lr 9.95e-05 | 61s
2026-09-17 16:32:31 | INFO    | epoch 4 | batch 860/1252 | loss 1.0816 | acc 0.6089 | lr 9.95e-05 | 62s
2026-09-17 16:32:33 | INFO    | epoch 4 | batch 880/1252 | loss 1.0812 | acc 0.6093 | lr 9.95e-05 | 64s
2026-09-17 16:32:34 | INFO    | epoch 4 | batch 900/1252 | loss 1.0810 | acc 0.6091 | lr 9.95e-05 | 65s
2026-09-17 16:32:36 | INFO    | epoch 4 | batch 920/1252 | loss 1.0806 | acc 0.6093 | lr 9.95e-05 | 66s
2026-09-17 16:32:37 | INFO    | epoch 4 | batch 940/1252 | loss 1.0794 | acc 0.6098 | lr 9.95e-05 | 68s
2026-09-17 16:32:38 | INFO    | epoch 4 | batch 960/1252 | loss 1.0786 | acc 0.6104 | lr 9.95e-05 | 69s
2026-09-17 16:32:40 | INFO    | epoch 4 | batch 980/1252 | loss 1.0784 | acc 0.6107 | lr 9.95e-05 | 71s
2026-09-17 16:32:41 | INFO    | epoch 4 | batch 1000/1252 | loss 1.0784 | acc 0.6105 | lr 9.95e-05 | 72s
2026-09-17 16:32:43 | INFO    | epoch 4 | batch 1020/1252 | loss 1.0783 | acc 0.6106 | lr 9.94e-05 | 74s
2026-09-17 16:32:44 | INFO    | epoch 4 | batch 1040/1252 | loss 1.0781 | acc 0.6107 | lr 9.94e-05 | 75s
2026-09-17 16:32:46 | INFO    | epoch 4 | batch 1060/1252 | loss 1.0783 | acc 0.6106 | lr 9.94e-05 | 77s
2026-09-17 16:32:47 | INFO    | epoch 4 | batch 1080/1252 | loss 1.0774 | acc 0.6111 | lr 9.94e-05 | 78s
2026-09-17 16:32:48 | INFO    | epoch 4 | batch 1100/1252 | loss 1.0764 | acc 0.6118 | lr 9.94e-05 | 79s
2026-09-17 16:32:50 | INFO    | epoch 4 | batch 1120/1252 | loss 1.0763 | acc 0.6122 | lr 9.94e-05 | 81s
2026-09-17 16:32:51 | INFO    | epoch 4 | batch 1140/1252 | loss 1.0755 | acc 0.6129 | lr 9.94e-05 | 82s
2026-09-17 16:32:53 | INFO    | epoch 4 | batch 1160/1252 | loss 1.0746 | acc 0.6135 | lr 9.94e-05 | 84s
2026-09-17 16:32:54 | INFO    | epoch 4 | batch 1180/1252 | loss 1.0736 | acc 0.6142 | lr 9.94e-05 | 85s
2026-09-17 16:32:56 | INFO    | epoch 4 | batch 1200/1252 | loss 1.0731 | acc 0.6145 | lr 9.94e-05 | 87s
2026-09-17 16:32:57 | INFO    | epoch 4 | batch 1220/1252 | loss 1.0729 | acc 0.6146 | lr 9.93e-05 | 88s
2026-09-17 16:32:59 | INFO    | epoch 4 | batch 1240/1252 | loss 1.0720 | acc 0.6154 | lr 9.93e-05 | 90s
2026-09-17 16:32:59 | INFO    | epoch 4 | batch 1252/1252 | loss 1.0721 | acc 0.6152 | lr 9.93e-05 | 90s
2026-09-17 16:33:09 | INFO    | epoch 4/40 done in 100s | train loss 1.0721 | train running patch (aug): accuracy=0.6152 precision=0.6043 recall=0.5903 f1=0.5923
2026-09-17 16:33:09 | INFO    | epoch 4 train (eval, no aug) | loss 1.7961 | patch[7280]: accuracy=0.3507 precision=0.3085 recall=0.3192 f1=0.2737 | image[455]: accuracy=0.3495 precision=0.3026 recall=0.3143 f1=0.2583
2026-09-17 16:33:09 | INFO    | epoch 4 val | loss 1.9082 | patch[8448]: accuracy=0.3060 precision=0.2522 recall=0.2911 f1=0.2297 | image[96]: accuracy=0.3021 precision=0.2422 recall=0.2805 f1=0.2195
2026-09-17 16:33:09 | INFO    | val_patch_f1 = 0.2297 (best 0.5029 @ epoch 3)
2026-09-17 16:33:11 | INFO    | epoch 5 | batch 20/1252 | loss 1.0153 | acc 0.6484 | lr 9.93e-05 | 2s
2026-09-17 16:33:12 | INFO    | epoch 5 | batch 40/1252 | loss 1.0225 | acc 0.6523 | lr 9.93e-05 | 3s
2026-09-17 16:33:14 | INFO    | epoch 5 | batch 60/1252 | loss 1.0276 | acc 0.6516 | lr 9.93e-05 | 5s
2026-09-17 16:33:15 | INFO    | epoch 5 | batch 80/1252 | loss 1.0347 | acc 0.6457 | lr 9.93e-05 | 6s
2026-09-17 16:33:17 | INFO    | epoch 5 | batch 100/1252 | loss 1.0353 | acc 0.6456 | lr 9.93e-05 | 7s
2026-09-17 16:33:18 | INFO    | epoch 5 | batch 120/1252 | loss 1.0364 | acc 0.6435 | lr 9.93e-05 | 9s
2026-09-17 16:33:20 | INFO    | epoch 5 | batch 140/1252 | loss 1.0381 | acc 0.6415 | lr 9.92e-05 | 10s
2026-09-17 16:33:21 | INFO    | epoch 5 | batch 160/1252 | loss 1.0348 | acc 0.6445 | lr 9.92e-05 | 12s
2026-09-17 16:33:22 | INFO    | epoch 5 | batch 180/1252 | loss 1.0341 | acc 0.6458 | lr 9.92e-05 | 13s
2026-09-17 16:33:24 | INFO    | epoch 5 | batch 200/1252 | loss 1.0322 | acc 0.6458 | lr 9.92e-05 | 15s
2026-09-17 16:33:25 | INFO    | epoch 5 | batch 220/1252 | loss 1.0338 | acc 0.6439 | lr 9.92e-05 | 16s
2026-09-17 16:33:27 | INFO    | epoch 5 | batch 240/1252 | loss 1.0358 | acc 0.6432 | lr 9.92e-05 | 18s
2026-09-17 16:33:28 | INFO    | epoch 5 | batch 260/1252 | loss 1.0333 | acc 0.6448 | lr 9.92e-05 | 19s
2026-09-17 16:33:30 | INFO    | epoch 5 | batch 280/1252 | loss 1.0333 | acc 0.6441 | lr 9.92e-05 | 20s
2026-09-17 16:33:31 | INFO    | epoch 5 | batch 300/1252 | loss 1.0307 | acc 0.6447 | lr 9.92e-05 | 22s
2026-09-17 16:33:33 | INFO    | epoch 5 | batch 320/1252 | loss 1.0288 | acc 0.6445 | lr 9.91e-05 | 23s
2026-09-17 16:33:34 | INFO    | epoch 5 | batch 340/1252 | loss 1.0266 | acc 0.6469 | lr 9.91e-05 | 25s
2026-09-17 16:33:35 | INFO    | epoch 5 | batch 360/1252 | loss 1.0298 | acc 0.6441 | lr 9.91e-05 | 26s
2026-09-17 16:33:37 | INFO    | epoch 5 | batch 380/1252 | loss 1.0298 | acc 0.6443 | lr 9.91e-05 | 28s
2026-09-17 16:33:38 | INFO    | epoch 5 | batch 400/1252 | loss 1.0286 | acc 0.6454 | lr 9.91e-05 | 29s
2026-09-17 16:33:40 | INFO    | epoch 5 | batch 420/1252 | loss 1.0274 | acc 0.6458 | lr 9.91e-05 | 31s
2026-09-17 16:33:41 | INFO    | epoch 5 | batch 440/1252 | loss 1.0268 | acc 0.6464 | lr 9.91e-05 | 32s
2026-09-17 16:33:43 | INFO    | epoch 5 | batch 460/1252 | loss 1.0253 | acc 0.6473 | lr 9.91e-05 | 33s
2026-09-17 16:33:44 | INFO    | epoch 5 | batch 480/1252 | loss 1.0273 | acc 0.6453 | lr 9.90e-05 | 35s
2026-09-17 16:33:45 | INFO    | epoch 5 | batch 500/1252 | loss 1.0266 | acc 0.6456 | lr 9.90e-05 | 36s
2026-09-17 16:33:47 | INFO    | epoch 5 | batch 520/1252 | loss 1.0269 | acc 0.6451 | lr 9.90e-05 | 38s
2026-09-17 16:33:48 | INFO    | epoch 5 | batch 540/1252 | loss 1.0259 | acc 0.6458 | lr 9.90e-05 | 39s
2026-09-17 16:33:50 | INFO    | epoch 5 | batch 560/1252 | loss 1.0259 | acc 0.6459 | lr 9.90e-05 | 41s
2026-09-17 16:33:51 | INFO    | epoch 5 | batch 580/1252 | loss 1.0266 | acc 0.6456 | lr 9.90e-05 | 42s
2026-09-17 16:33:53 | INFO    | epoch 5 | batch 600/1252 | loss 1.0250 | acc 0.6466 | lr 9.90e-05 | 43s
2026-09-17 16:33:54 | INFO    | epoch 5 | batch 620/1252 | loss 1.0232 | acc 0.6476 | lr 9.90e-05 | 45s
2026-09-17 16:33:56 | INFO    | epoch 5 | batch 640/1252 | loss 1.0230 | acc 0.6479 | lr 9.89e-05 | 46s
2026-09-17 16:33:57 | INFO    | epoch 5 | batch 660/1252 | loss 1.0230 | acc 0.6475 | lr 9.89e-05 | 48s
2026-09-17 16:33:58 | INFO    | epoch 5 | batch 680/1252 | loss 1.0229 | acc 0.6473 | lr 9.89e-05 | 49s
2026-09-17 16:34:00 | INFO    | epoch 5 | batch 700/1252 | loss 1.0216 | acc 0.6482 | lr 9.89e-05 | 51s
2026-09-17 16:34:01 | INFO    | epoch 5 | batch 720/1252 | loss 1.0217 | acc 0.6484 | lr 9.89e-05 | 52s
2026-09-17 16:34:03 | INFO    | epoch 5 | batch 740/1252 | loss 1.0216 | acc 0.6479 | lr 9.89e-05 | 54s
2026-09-17 16:34:04 | INFO    | epoch 5 | batch 760/1252 | loss 1.0210 | acc 0.6488 | lr 9.89e-05 | 55s
2026-09-17 16:34:06 | INFO    | epoch 5 | batch 780/1252 | loss 1.0212 | acc 0.6489 | lr 9.88e-05 | 57s
2026-09-17 16:34:07 | INFO    | epoch 5 | batch 800/1252 | loss 1.0205 | acc 0.6490 | lr 9.88e-05 | 58s
2026-09-17 16:34:09 | INFO    | epoch 5 | batch 820/1252 | loss 1.0214 | acc 0.6484 | lr 9.88e-05 | 59s
2026-09-17 16:34:10 | INFO    | epoch 5 | batch 840/1252 | loss 1.0208 | acc 0.6487 | lr 9.88e-05 | 61s
2026-09-17 16:34:11 | INFO    | epoch 5 | batch 860/1252 | loss 1.0211 | acc 0.6484 | lr 9.88e-05 | 62s
2026-09-17 16:34:13 | INFO    | epoch 5 | batch 880/1252 | loss 1.0211 | acc 0.6480 | lr 9.88e-05 | 64s
2026-09-17 16:34:14 | INFO    | epoch 5 | batch 900/1252 | loss 1.0208 | acc 0.6484 | lr 9.88e-05 | 65s
2026-09-17 16:34:16 | INFO    | epoch 5 | batch 920/1252 | loss 1.0213 | acc 0.6481 | lr 9.87e-05 | 67s
2026-09-17 16:34:17 | INFO    | epoch 5 | batch 940/1252 | loss 1.0209 | acc 0.6479 | lr 9.87e-05 | 68s
2026-09-17 16:34:19 | INFO    | epoch 5 | batch 960/1252 | loss 1.0211 | acc 0.6475 | lr 9.87e-05 | 69s
2026-09-17 16:34:20 | INFO    | epoch 5 | batch 980/1252 | loss 1.0204 | acc 0.6478 | lr 9.87e-05 | 71s
2026-09-17 16:34:22 | INFO    | epoch 5 | batch 1000/1252 | loss 1.0200 | acc 0.6481 | lr 9.87e-05 | 72s
2026-09-17 16:34:23 | INFO    | epoch 5 | batch 1020/1252 | loss 1.0196 | acc 0.6484 | lr 9.87e-05 | 74s
2026-09-17 16:34:25 | INFO    | epoch 5 | batch 1040/1252 | loss 1.0200 | acc 0.6482 | lr 9.87e-05 | 75s
2026-09-17 16:34:26 | INFO    | epoch 5 | batch 1060/1252 | loss 1.0190 | acc 0.6489 | lr 9.86e-05 | 77s
2026-09-17 16:34:27 | INFO    | epoch 5 | batch 1080/1252 | loss 1.0170 | acc 0.6503 | lr 9.86e-05 | 78s
2026-09-17 16:34:29 | INFO    | epoch 5 | batch 1100/1252 | loss 1.0168 | acc 0.6503 | lr 9.86e-05 | 79s
2026-09-17 16:34:30 | INFO    | epoch 5 | batch 1120/1252 | loss 1.0160 | acc 0.6511 | lr 9.86e-05 | 81s
2026-09-17 16:34:32 | INFO    | epoch 5 | batch 1140/1252 | loss 1.0145 | acc 0.6518 | lr 9.86e-05 | 82s
2026-09-17 16:34:33 | INFO    | epoch 5 | batch 1160/1252 | loss 1.0136 | acc 0.6524 | lr 9.86e-05 | 84s
2026-09-17 16:34:34 | INFO    | epoch 5 | batch 1180/1252 | loss 1.0123 | acc 0.6532 | lr 9.85e-05 | 85s
2026-09-17 16:34:36 | INFO    | epoch 5 | batch 1200/1252 | loss 1.0121 | acc 0.6532 | lr 9.85e-05 | 87s
2026-09-17 16:34:37 | INFO    | epoch 5 | batch 1220/1252 | loss 1.0113 | acc 0.6539 | lr 9.85e-05 | 88s
2026-09-17 16:34:39 | INFO    | epoch 5 | batch 1240/1252 | loss 1.0110 | acc 0.6542 | lr 9.85e-05 | 90s
2026-09-17 16:34:40 | INFO    | epoch 5 | batch 1252/1252 | loss 1.0108 | acc 0.6543 | lr 9.85e-05 | 90s
2026-09-17 16:34:49 | INFO    | epoch 5/40 done in 100s | train loss 1.0108 | train running patch (aug): accuracy=0.6543 precision=0.6453 recall=0.6325 f1=0.6356
2026-09-17 16:34:49 | INFO    | epoch 5 train (eval, no aug) | loss 1.1375 | patch[7280]: accuracy=0.5820 precision=0.5748 recall=0.5592 f1=0.5617 | image[455]: accuracy=0.6220 precision=0.6244 recall=0.5939 f1=0.5970
2026-09-17 16:34:49 | INFO    | epoch 5 val | loss 1.2555 | patch[8448]: accuracy=0.5444 precision=0.5076 recall=0.5062 f1=0.4997 | image[96]: accuracy=0.5625 precision=0.5254 recall=0.5232 f1=0.5169
2026-09-17 16:34:49 | INFO    | val_patch_f1 = 0.4997 (best 0.5029 @ epoch 3)
2026-09-17 16:34:51 | INFO    | epoch 6 | batch 20/1252 | loss 0.9536 | acc 0.6844 | lr 9.85e-05 | 2s
2026-09-17 16:34:52 | INFO    | epoch 6 | batch 40/1252 | loss 0.9732 | acc 0.6766 | lr 9.85e-05 | 3s
2026-09-17 16:34:54 | INFO    | epoch 6 | batch 60/1252 | loss 0.9911 | acc 0.6589 | lr 9.84e-05 | 4s
2026-09-17 16:34:55 | INFO    | epoch 6 | batch 80/1252 | loss 0.9840 | acc 0.6660 | lr 9.84e-05 | 6s
2026-09-17 16:34:56 | INFO    | epoch 6 | batch 100/1252 | loss 0.9763 | acc 0.6700 | lr 9.84e-05 | 7s
2026-09-17 16:34:58 | INFO    | epoch 6 | batch 120/1252 | loss 0.9798 | acc 0.6680 | lr 9.84e-05 | 8s
2026-09-17 16:34:59 | INFO    | epoch 6 | batch 140/1252 | loss 0.9803 | acc 0.6694 | lr 9.84e-05 | 10s
2026-09-17 16:35:01 | INFO    | epoch 6 | batch 160/1252 | loss 0.9773 | acc 0.6699 | lr 9.84e-05 | 11s
2026-09-17 16:35:02 | INFO    | epoch 6 | batch 180/1252 | loss 0.9738 | acc 0.6731 | lr 9.83e-05 | 13s
2026-09-17 16:35:04 | INFO    | epoch 6 | batch 200/1252 | loss 0.9751 | acc 0.6728 | lr 9.83e-05 | 14s
2026-09-17 16:35:05 | INFO    | epoch 6 | batch 220/1252 | loss 0.9737 | acc 0.6743 | lr 9.83e-05 | 16s
2026-09-17 16:35:06 | INFO    | epoch 6 | batch 240/1252 | loss 0.9745 | acc 0.6753 | lr 9.83e-05 | 17s
2026-09-17 16:35:08 | INFO    | epoch 6 | batch 260/1252 | loss 0.9758 | acc 0.6731 | lr 9.83e-05 | 18s
2026-09-17 16:35:09 | INFO    | epoch 6 | batch 280/1252 | loss 0.9729 | acc 0.6747 | lr 9.83e-05 | 20s
2026-09-17 16:35:11 | INFO    | epoch 6 | batch 300/1252 | loss 0.9738 | acc 0.6754 | lr 9.82e-05 | 21s
2026-09-17 16:35:12 | INFO    | epoch 6 | batch 320/1252 | loss 0.9707 | acc 0.6769 | lr 9.82e-05 | 23s
2026-09-17 16:35:13 | INFO    | epoch 6 | batch 340/1252 | loss 0.9705 | acc 0.6777 | lr 9.82e-05 | 24s
2026-09-17 16:35:15 | INFO    | epoch 6 | batch 360/1252 | loss 0.9676 | acc 0.6791 | lr 9.82e-05 | 25s
2026-09-17 16:35:16 | INFO    | epoch 6 | batch 380/1252 | loss 0.9687 | acc 0.6788 | lr 9.82e-05 | 27s
2026-09-17 16:35:18 | INFO    | epoch 6 | batch 400/1252 | loss 0.9693 | acc 0.6777 | lr 9.81e-05 | 28s
2026-09-17 16:35:19 | INFO    | epoch 6 | batch 420/1252 | loss 0.9685 | acc 0.6786 | lr 9.81e-05 | 30s
2026-09-17 16:35:21 | INFO    | epoch 6 | batch 440/1252 | loss 0.9676 | acc 0.6789 | lr 9.81e-05 | 31s
2026-09-17 16:35:22 | INFO    | epoch 6 | batch 460/1252 | loss 0.9671 | acc 0.6798 | lr 9.81e-05 | 33s
2026-09-17 16:35:24 | INFO    | epoch 6 | batch 480/1252 | loss 0.9655 | acc 0.6813 | lr 9.81e-05 | 34s
2026-09-17 16:35:25 | INFO    | epoch 6 | batch 500/1252 | loss 0.9644 | acc 0.6824 | lr 9.81e-05 | 36s
2026-09-17 16:35:26 | INFO    | epoch 6 | batch 520/1252 | loss 0.9647 | acc 0.6822 | lr 9.80e-05 | 37s
2026-09-17 16:35:28 | INFO    | epoch 6 | batch 540/1252 | loss 0.9642 | acc 0.6818 | lr 9.80e-05 | 38s
2026-09-17 16:35:29 | INFO    | epoch 6 | batch 560/1252 | loss 0.9653 | acc 0.6811 | lr 9.80e-05 | 40s
2026-09-17 16:35:30 | INFO    | epoch 6 | batch 580/1252 | loss 0.9639 | acc 0.6818 | lr 9.80e-05 | 41s
2026-09-17 16:35:32 | INFO    | epoch 6 | batch 600/1252 | loss 0.9638 | acc 0.6825 | lr 9.80e-05 | 42s
2026-09-17 16:35:33 | INFO    | epoch 6 | batch 620/1252 | loss 0.9637 | acc 0.6816 | lr 9.79e-05 | 44s
2026-09-17 16:35:35 | INFO    | epoch 6 | batch 640/1252 | loss 0.9640 | acc 0.6821 | lr 9.79e-05 | 45s
2026-09-17 16:35:36 | INFO    | epoch 6 | batch 660/1252 | loss 0.9637 | acc 0.6825 | lr 9.79e-05 | 47s
2026-09-17 16:35:37 | INFO    | epoch 6 | batch 680/1252 | loss 0.9651 | acc 0.6816 | lr 9.79e-05 | 48s
2026-09-17 16:35:39 | INFO    | epoch 6 | batch 700/1252 | loss 0.9646 | acc 0.6821 | lr 9.79e-05 | 49s
2026-09-17 16:35:40 | INFO    | epoch 6 | batch 720/1252 | loss 0.9642 | acc 0.6826 | lr 9.79e-05 | 51s
2026-09-17 16:35:42 | INFO    | epoch 6 | batch 740/1252 | loss 0.9642 | acc 0.6824 | lr 9.78e-05 | 52s
2026-09-17 16:35:43 | INFO    | epoch 6 | batch 760/1252 | loss 0.9647 | acc 0.6819 | lr 9.78e-05 | 54s
2026-09-17 16:35:44 | INFO    | epoch 6 | batch 780/1252 | loss 0.9648 | acc 0.6822 | lr 9.78e-05 | 55s
2026-09-17 16:35:46 | INFO    | epoch 6 | batch 800/1252 | loss 0.9641 | acc 0.6821 | lr 9.78e-05 | 56s
2026-09-17 16:35:47 | INFO    | epoch 6 | batch 820/1252 | loss 0.9639 | acc 0.6824 | lr 9.78e-05 | 58s
2026-09-17 16:35:49 | INFO    | epoch 6 | batch 840/1252 | loss 0.9636 | acc 0.6831 | lr 9.77e-05 | 59s
2026-09-17 16:35:50 | INFO    | epoch 6 | batch 860/1252 | loss 0.9630 | acc 0.6836 | lr 9.77e-05 | 61s
2026-09-17 16:35:52 | INFO    | epoch 6 | batch 880/1252 | loss 0.9622 | acc 0.6845 | lr 9.77e-05 | 62s
2026-09-17 16:35:53 | INFO    | epoch 6 | batch 900/1252 | loss 0.9617 | acc 0.6850 | lr 9.77e-05 | 64s
2026-09-17 16:35:54 | INFO    | epoch 6 | batch 920/1252 | loss 0.9612 | acc 0.6853 | lr 9.77e-05 | 65s
2026-09-17 16:35:56 | INFO    | epoch 6 | batch 940/1252 | loss 0.9608 | acc 0.6858 | lr 9.76e-05 | 66s
2026-09-17 16:35:57 | INFO    | epoch 6 | batch 960/1252 | loss 0.9608 | acc 0.6857 | lr 9.76e-05 | 68s
2026-09-17 16:35:58 | INFO    | epoch 6 | batch 980/1252 | loss 0.9603 | acc 0.6862 | lr 9.76e-05 | 69s
2026-09-17 16:36:00 | INFO    | epoch 6 | batch 1000/1252 | loss 0.9595 | acc 0.6866 | lr 9.76e-05 | 70s
2026-09-17 16:36:01 | INFO    | epoch 6 | batch 1020/1252 | loss 0.9594 | acc 0.6870 | lr 9.76e-05 | 72s
2026-09-17 16:36:03 | INFO    | epoch 6 | batch 1040/1252 | loss 0.9591 | acc 0.6871 | lr 9.75e-05 | 73s
2026-09-17 16:36:04 | INFO    | epoch 6 | batch 1060/1252 | loss 0.9591 | acc 0.6869 | lr 9.75e-05 | 75s
2026-09-17 16:36:05 | INFO    | epoch 6 | batch 1080/1252 | loss 0.9584 | acc 0.6875 | lr 9.75e-05 | 76s
2026-09-17 16:36:07 | INFO    | epoch 6 | batch 1100/1252 | loss 0.9584 | acc 0.6873 | lr 9.75e-05 | 77s
2026-09-17 16:36:08 | INFO    | epoch 6 | batch 1120/1252 | loss 0.9573 | acc 0.6882 | lr 9.75e-05 | 79s
2026-09-17 16:36:10 | INFO    | epoch 6 | batch 1140/1252 | loss 0.9568 | acc 0.6885 | lr 9.74e-05 | 80s
2026-09-17 16:36:11 | INFO    | epoch 6 | batch 1160/1252 | loss 0.9572 | acc 0.6886 | lr 9.74e-05 | 82s
2026-09-17 16:36:13 | INFO    | epoch 6 | batch 1180/1252 | loss 0.9568 | acc 0.6891 | lr 9.74e-05 | 83s
2026-09-17 16:36:14 | INFO    | epoch 6 | batch 1200/1252 | loss 0.9569 | acc 0.6890 | lr 9.74e-05 | 85s
2026-09-17 16:36:15 | INFO    | epoch 6 | batch 1220/1252 | loss 0.9574 | acc 0.6888 | lr 9.74e-05 | 86s
2026-09-17 16:36:17 | INFO    | epoch 6 | batch 1240/1252 | loss 0.9580 | acc 0.6884 | lr 9.73e-05 | 88s
2026-09-17 16:36:18 | INFO    | epoch 6 | batch 1252/1252 | loss 0.9578 | acc 0.6886 | lr 9.73e-05 | 88s
2026-09-17 16:36:28 | INFO    | epoch 6/40 done in 98s | train loss 0.9578 | train running patch (aug): accuracy=0.6886 precision=0.6806 recall=0.6714 f1=0.6744
2026-09-17 16:36:28 | INFO    | epoch 6 train (eval, no aug) | loss 1.1827 | patch[7280]: accuracy=0.5545 precision=0.5746 recall=0.5299 f1=0.5298 | image[455]: accuracy=0.5934 precision=0.6220 recall=0.5613 f1=0.5567
2026-09-17 16:36:28 | INFO    | epoch 6 val | loss 1.2431 | patch[8448]: accuracy=0.5277 precision=0.5103 recall=0.4907 f1=0.4840 | image[96]: accuracy=0.5625 precision=0.5419 recall=0.5192 f1=0.5078
2026-09-17 16:36:28 | INFO    | val_patch_f1 = 0.4840 (best 0.5029 @ epoch 3)
2026-09-17 16:36:29 | INFO    | epoch 7 | batch 20/1252 | loss 0.9461 | acc 0.6953 | lr 9.73e-05 | 2s
2026-09-17 16:36:31 | INFO    | epoch 7 | batch 40/1252 | loss 0.9212 | acc 0.7148 | lr 9.73e-05 | 3s
2026-09-17 16:36:32 | INFO    | epoch 7 | batch 60/1252 | loss 0.9273 | acc 0.7068 | lr 9.73e-05 | 4s
2026-09-17 16:36:34 | INFO    | epoch 7 | batch 80/1252 | loss 0.9386 | acc 0.6980 | lr 9.72e-05 | 6s
2026-09-17 16:36:35 | INFO    | epoch 7 | batch 100/1252 | loss 0.9330 | acc 0.7041 | lr 9.72e-05 | 7s
2026-09-17 16:36:36 | INFO    | epoch 7 | batch 120/1252 | loss 0.9295 | acc 0.7063 | lr 9.72e-05 | 9s
2026-09-17 16:36:38 | INFO    | epoch 7 | batch 140/1252 | loss 0.9273 | acc 0.7071 | lr 9.72e-05 | 10s
2026-09-17 16:36:39 | INFO    | epoch 7 | batch 160/1252 | loss 0.9312 | acc 0.7061 | lr 9.71e-05 | 12s
2026-09-17 16:36:41 | INFO    | epoch 7 | batch 180/1252 | loss 0.9270 | acc 0.7075 | lr 9.71e-05 | 13s
2026-09-17 16:36:42 | INFO    | epoch 7 | batch 200/1252 | loss 0.9247 | acc 0.7083 | lr 9.71e-05 | 15s
2026-09-17 16:36:44 | INFO    | epoch 7 | batch 220/1252 | loss 0.9244 | acc 0.7084 | lr 9.71e-05 | 16s
2026-09-17 16:36:45 | INFO    | epoch 7 | batch 240/1252 | loss 0.9242 | acc 0.7096 | lr 9.71e-05 | 18s
2026-09-17 16:36:47 | INFO    | epoch 7 | batch 260/1252 | loss 0.9254 | acc 0.7101 | lr 9.70e-05 | 19s
2026-09-17 16:36:48 | INFO    | epoch 7 | batch 280/1252 | loss 0.9293 | acc 0.7069 | lr 9.70e-05 | 20s
2026-09-17 16:36:49 | INFO    | epoch 7 | batch 300/1252 | loss 0.9279 | acc 0.7083 | lr 9.70e-05 | 22s
2026-09-17 16:36:51 | INFO    | epoch 7 | batch 320/1252 | loss 0.9258 | acc 0.7096 | lr 9.70e-05 | 23s
2026-09-17 16:36:52 | INFO    | epoch 7 | batch 340/1252 | loss 0.9253 | acc 0.7111 | lr 9.69e-05 | 25s
2026-09-17 16:36:54 | INFO    | epoch 7 | batch 360/1252 | loss 0.9276 | acc 0.7093 | lr 9.69e-05 | 26s
2026-09-17 16:36:55 | INFO    | epoch 7 | batch 380/1252 | loss 0.9253 | acc 0.7098 | lr 9.69e-05 | 28s
2026-09-17 16:36:57 | INFO    | epoch 7 | batch 400/1252 | loss 0.9239 | acc 0.7105 | lr 9.69e-05 | 29s
2026-09-17 16:36:58 | INFO    | epoch 7 | batch 420/1252 | loss 0.9232 | acc 0.7115 | lr 9.69e-05 | 30s
2026-09-17 16:36:59 | INFO    | epoch 7 | batch 440/1252 | loss 0.9236 | acc 0.7111 | lr 9.68e-05 | 32s
2026-09-17 16:37:01 | INFO    | epoch 7 | batch 460/1252 | loss 0.9236 | acc 0.7117 | lr 9.68e-05 | 33s
2026-09-17 16:37:02 | INFO    | epoch 7 | batch 480/1252 | loss 0.9242 | acc 0.7116 | lr 9.68e-05 | 35s
2026-09-17 16:37:04 | INFO    | epoch 7 | batch 500/1252 | loss 0.9237 | acc 0.7120 | lr 9.68e-05 | 36s
2026-09-17 16:37:05 | INFO    | epoch 7 | batch 520/1252 | loss 0.9238 | acc 0.7113 | lr 9.67e-05 | 37s
2026-09-17 16:37:06 | INFO    | epoch 7 | batch 540/1252 | loss 0.9236 | acc 0.7113 | lr 9.67e-05 | 39s
2026-09-17 16:37:08 | INFO    | epoch 7 | batch 560/1252 | loss 0.9242 | acc 0.7108 | lr 9.67e-05 | 40s
2026-09-17 16:37:09 | INFO    | epoch 7 | batch 580/1252 | loss 0.9246 | acc 0.7109 | lr 9.67e-05 | 42s
2026-09-17 16:37:11 | INFO    | epoch 7 | batch 600/1252 | loss 0.9244 | acc 0.7111 | lr 9.66e-05 | 43s
2026-09-17 16:37:12 | INFO    | epoch 7 | batch 620/1252 | loss 0.9238 | acc 0.7118 | lr 9.66e-05 | 45s
2026-09-17 16:37:14 | INFO    | epoch 7 | batch 640/1252 | loss 0.9228 | acc 0.7114 | lr 9.66e-05 | 46s
2026-09-17 16:37:15 | INFO    | epoch 7 | batch 660/1252 | loss 0.9215 | acc 0.7122 | lr 9.66e-05 | 47s
2026-09-17 16:37:16 | INFO    | epoch 7 | batch 680/1252 | loss 0.9214 | acc 0.7119 | lr 9.65e-05 | 49s
2026-09-17 16:37:18 | INFO    | epoch 7 | batch 700/1252 | loss 0.9209 | acc 0.7122 | lr 9.65e-05 | 50s
2026-09-17 16:37:19 | INFO    | epoch 7 | batch 720/1252 | loss 0.9197 | acc 0.7132 | lr 9.65e-05 | 52s
2026-09-17 16:37:21 | INFO    | epoch 7 | batch 740/1252 | loss 0.9196 | acc 0.7130 | lr 9.65e-05 | 53s
2026-09-17 16:37:22 | INFO    | epoch 7 | batch 760/1252 | loss 0.9189 | acc 0.7134 | lr 9.65e-05 | 55s
2026-09-17 16:37:24 | INFO    | epoch 7 | batch 780/1252 | loss 0.9189 | acc 0.7137 | lr 9.64e-05 | 56s
2026-09-17 16:37:25 | INFO    | epoch 7 | batch 800/1252 | loss 0.9181 | acc 0.7137 | lr 9.64e-05 | 58s
2026-09-17 16:37:27 | INFO    | epoch 7 | batch 820/1252 | loss 0.9182 | acc 0.7135 | lr 9.64e-05 | 59s
2026-09-17 16:37:28 | INFO    | epoch 7 | batch 840/1252 | loss 0.9185 | acc 0.7135 | lr 9.64e-05 | 61s
2026-09-17 16:37:30 | INFO    | epoch 7 | batch 860/1252 | loss 0.9180 | acc 0.7137 | lr 9.63e-05 | 62s
2026-09-17 16:37:31 | INFO    | epoch 7 | batch 880/1252 | loss 0.9180 | acc 0.7134 | lr 9.63e-05 | 64s
2026-09-17 16:37:33 | INFO    | epoch 7 | batch 900/1252 | loss 0.9183 | acc 0.7132 | lr 9.63e-05 | 65s
2026-09-17 16:37:34 | INFO    | epoch 7 | batch 920/1252 | loss 0.9180 | acc 0.7135 | lr 9.63e-05 | 67s
2026-09-17 16:37:36 | INFO    | epoch 7 | batch 940/1252 | loss 0.9184 | acc 0.7132 | lr 9.62e-05 | 68s
2026-09-17 16:37:37 | INFO    | epoch 7 | batch 960/1252 | loss 0.9172 | acc 0.7136 | lr 9.62e-05 | 70s
2026-09-17 16:37:39 | INFO    | epoch 7 | batch 980/1252 | loss 0.9177 | acc 0.7129 | lr 9.62e-05 | 71s
2026-09-17 16:37:40 | INFO    | epoch 7 | batch 1000/1252 | loss 0.9174 | acc 0.7132 | lr 9.62e-05 | 73s
2026-09-17 16:37:42 | INFO    | epoch 7 | batch 1020/1252 | loss 0.9176 | acc 0.7127 | lr 9.61e-05 | 74s
2026-09-17 16:37:43 | INFO    | epoch 7 | batch 1040/1252 | loss 0.9164 | acc 0.7129 | lr 9.61e-05 | 75s
2026-09-17 16:37:44 | INFO    | epoch 7 | batch 1060/1252 | loss 0.9168 | acc 0.7124 | lr 9.61e-05 | 77s
2026-09-17 16:37:46 | INFO    | epoch 7 | batch 1080/1252 | loss 0.9169 | acc 0.7125 | lr 9.61e-05 | 78s
2026-09-17 16:37:47 | INFO    | epoch 7 | batch 1100/1252 | loss 0.9170 | acc 0.7126 | lr 9.60e-05 | 80s
2026-09-17 16:37:49 | INFO    | epoch 7 | batch 1120/1252 | loss 0.9168 | acc 0.7125 | lr 9.60e-05 | 81s
2026-09-17 16:37:50 | INFO    | epoch 7 | batch 1140/1252 | loss 0.9171 | acc 0.7125 | lr 9.60e-05 | 83s
2026-09-17 16:37:52 | INFO    | epoch 7 | batch 1160/1252 | loss 0.9168 | acc 0.7125 | lr 9.60e-05 | 84s
2026-09-17 16:37:53 | INFO    | epoch 7 | batch 1180/1252 | loss 0.9172 | acc 0.7122 | lr 9.59e-05 | 86s
2026-09-17 16:37:55 | INFO    | epoch 7 | batch 1200/1252 | loss 0.9168 | acc 0.7123 | lr 9.59e-05 | 87s
2026-09-17 16:37:56 | INFO    | epoch 7 | batch 1220/1252 | loss 0.9161 | acc 0.7126 | lr 9.59e-05 | 89s
2026-09-17 16:37:58 | INFO    | epoch 7 | batch 1240/1252 | loss 0.9165 | acc 0.7124 | lr 9.58e-05 | 90s
2026-09-17 16:37:58 | INFO    | epoch 7 | batch 1252/1252 | loss 0.9170 | acc 0.7123 | lr 9.58e-05 | 91s
2026-09-17 16:38:08 | INFO    | epoch 7/40 done in 100s | train loss 0.9170 | train running patch (aug): accuracy=0.7123 precision=0.7064 recall=0.6976 f1=0.7007
2026-09-17 16:38:08 | INFO    | epoch 7 train (eval, no aug) | loss 1.0352 | patch[7280]: accuracy=0.6397 precision=0.6495 recall=0.6195 f1=0.6241 | image[455]: accuracy=0.6967 precision=0.7306 recall=0.6776 f1=0.6861
2026-09-17 16:38:08 | INFO    | epoch 7 val | loss 1.2109 | patch[8448]: accuracy=0.5312 precision=0.5062 recall=0.4935 f1=0.4876 | image[96]: accuracy=0.5312 precision=0.4883 recall=0.4873 f1=0.4752
2026-09-17 16:38:08 | INFO    | val_patch_f1 = 0.4876 (best 0.5029 @ epoch 3)
2026-09-17 16:38:10 | INFO    | epoch 8 | batch 20/1252 | loss 0.8887 | acc 0.7328 | lr 9.58e-05 | 2s
2026-09-17 16:38:11 | INFO    | epoch 8 | batch 40/1252 | loss 0.8771 | acc 0.7469 | lr 9.58e-05 | 3s
2026-09-17 16:38:13 | INFO    | epoch 8 | batch 60/1252 | loss 0.8946 | acc 0.7292 | lr 9.58e-05 | 5s
2026-09-17 16:38:14 | INFO    | epoch 8 | batch 80/1252 | loss 0.8909 | acc 0.7332 | lr 9.57e-05 | 6s
2026-09-17 16:38:16 | INFO    | epoch 8 | batch 100/1252 | loss 0.8931 | acc 0.7303 | lr 9.57e-05 | 8s
2026-09-17 16:38:17 | INFO    | epoch 8 | batch 120/1252 | loss 0.8911 | acc 0.7281 | lr 9.57e-05 | 9s
2026-09-17 16:38:19 | INFO    | epoch 8 | batch 140/1252 | loss 0.8958 | acc 0.7252 | lr 9.56e-05 | 11s
2026-09-17 16:38:20 | INFO    | epoch 8 | batch 160/1252 | loss 0.8991 | acc 0.7238 | lr 9.56e-05 | 12s
2026-09-17 16:38:22 | INFO    | epoch 8 | batch 180/1252 | loss 0.8977 | acc 0.7241 | lr 9.56e-05 | 13s
2026-09-17 16:38:23 | INFO    | epoch 8 | batch 200/1252 | loss 0.8976 | acc 0.7241 | lr 9.56e-05 | 15s
2026-09-17 16:38:24 | INFO    | epoch 8 | batch 220/1252 | loss 0.8968 | acc 0.7246 | lr 9.55e-05 | 16s
2026-09-17 16:38:26 | INFO    | epoch 8 | batch 240/1252 | loss 0.8958 | acc 0.7266 | lr 9.55e-05 | 18s
2026-09-17 16:38:27 | INFO    | epoch 8 | batch 260/1252 | loss 0.8984 | acc 0.7232 | lr 9.55e-05 | 19s
2026-09-17 16:38:29 | INFO    | epoch 8 | batch 280/1252 | loss 0.8995 | acc 0.7238 | lr 9.55e-05 | 21s
2026-09-17 16:38:30 | INFO    | epoch 8 | batch 300/1252 | loss 0.9035 | acc 0.7218 | lr 9.54e-05 | 22s
2026-09-17 16:38:32 | INFO    | epoch 8 | batch 320/1252 | loss 0.9036 | acc 0.7222 | lr 9.54e-05 | 24s
2026-09-17 16:38:33 | INFO    | epoch 8 | batch 340/1252 | loss 0.9009 | acc 0.7239 | lr 9.54e-05 | 25s
2026-09-17 16:38:35 | INFO    | epoch 8 | batch 360/1252 | loss 0.8990 | acc 0.7250 | lr 9.53e-05 | 27s
2026-09-17 16:38:36 | INFO    | epoch 8 | batch 380/1252 | loss 0.8974 | acc 0.7262 | lr 9.53e-05 | 28s
2026-09-17 16:38:38 | INFO    | epoch 8 | batch 400/1252 | loss 0.8963 | acc 0.7269 | lr 9.53e-05 | 30s
2026-09-17 16:38:39 | INFO    | epoch 8 | batch 420/1252 | loss 0.8960 | acc 0.7267 | lr 9.53e-05 | 31s
2026-09-17 16:38:41 | INFO    | epoch 8 | batch 440/1252 | loss 0.8943 | acc 0.7274 | lr 9.52e-05 | 32s
2026-09-17 16:38:42 | INFO    | epoch 8 | batch 460/1252 | loss 0.8936 | acc 0.7283 | lr 9.52e-05 | 34s
2026-09-17 16:38:44 | INFO    | epoch 8 | batch 480/1252 | loss 0.8944 | acc 0.7277 | lr 9.52e-05 | 35s
2026-09-17 16:38:45 | INFO    | epoch 8 | batch 500/1252 | loss 0.8939 | acc 0.7274 | lr 9.51e-05 | 37s
2026-09-17 16:38:46 | INFO    | epoch 8 | batch 520/1252 | loss 0.8929 | acc 0.7280 | lr 9.51e-05 | 38s
2026-09-17 16:38:48 | INFO    | epoch 8 | batch 540/1252 | loss 0.8938 | acc 0.7280 | lr 9.51e-05 | 40s
2026-09-17 16:38:49 | INFO    | epoch 8 | batch 560/1252 | loss 0.8932 | acc 0.7287 | lr 9.51e-05 | 41s
2026-09-17 16:38:51 | INFO    | epoch 8 | batch 580/1252 | loss 0.8924 | acc 0.7295 | lr 9.50e-05 | 42s
2026-09-17 16:38:52 | INFO    | epoch 8 | batch 600/1252 | loss 0.8927 | acc 0.7289 | lr 9.50e-05 | 44s
2026-09-17 16:38:53 | INFO    | epoch 8 | batch 620/1252 | loss 0.8933 | acc 0.7287 | lr 9.50e-05 | 45s
2026-09-17 16:38:55 | INFO    | epoch 8 | batch 640/1252 | loss 0.8925 | acc 0.7292 | lr 9.50e-05 | 47s
2026-09-17 16:38:56 | INFO    | epoch 8 | batch 660/1252 | loss 0.8919 | acc 0.7301 | lr 9.49e-05 | 48s
2026-09-17 16:38:58 | INFO    | epoch 8 | batch 680/1252 | loss 0.8906 | acc 0.7308 | lr 9.49e-05 | 50s
2026-09-17 16:38:59 | INFO    | epoch 8 | batch 700/1252 | loss 0.8902 | acc 0.7313 | lr 9.49e-05 | 51s
2026-09-17 16:39:01 | INFO    | epoch 8 | batch 720/1252 | loss 0.8893 | acc 0.7316 | lr 9.48e-05 | 53s
2026-09-17 16:39:02 | INFO    | epoch 8 | batch 740/1252 | loss 0.8896 | acc 0.7314 | lr 9.48e-05 | 54s
2026-09-17 16:39:04 | INFO    | epoch 8 | batch 760/1252 | loss 0.8899 | acc 0.7311 | lr 9.48e-05 | 55s
2026-09-17 16:39:05 | INFO    | epoch 8 | batch 780/1252 | loss 0.8900 | acc 0.7311 | lr 9.47e-05 | 57s
2026-09-17 16:39:06 | INFO    | epoch 8 | batch 800/1252 | loss 0.8883 | acc 0.7323 | lr 9.47e-05 | 58s
2026-09-17 16:39:08 | INFO    | epoch 8 | batch 820/1252 | loss 0.8876 | acc 0.7327 | lr 9.47e-05 | 60s
2026-09-17 16:39:09 | INFO    | epoch 8 | batch 840/1252 | loss 0.8877 | acc 0.7326 | lr 9.47e-05 | 61s
2026-09-17 16:39:11 | INFO    | epoch 8 | batch 860/1252 | loss 0.8866 | acc 0.7332 | lr 9.46e-05 | 63s
2026-09-17 16:39:12 | INFO    | epoch 8 | batch 880/1252 | loss 0.8855 | acc 0.7333 | lr 9.46e-05 | 64s
2026-09-17 16:39:14 | INFO    | epoch 8 | batch 900/1252 | loss 0.8854 | acc 0.7334 | lr 9.46e-05 | 65s
2026-09-17 16:39:15 | INFO    | epoch 8 | batch 920/1252 | loss 0.8837 | acc 0.7345 | lr 9.45e-05 | 67s
2026-09-17 16:39:17 | INFO    | epoch 8 | batch 940/1252 | loss 0.8831 | acc 0.7350 | lr 9.45e-05 | 68s
2026-09-17 16:39:18 | INFO    | epoch 8 | batch 960/1252 | loss 0.8826 | acc 0.7354 | lr 9.45e-05 | 70s
2026-09-17 16:39:19 | INFO    | epoch 8 | batch 980/1252 | loss 0.8822 | acc 0.7355 | lr 9.45e-05 | 71s
2026-09-17 16:39:21 | INFO    | epoch 8 | batch 1000/1252 | loss 0.8819 | acc 0.7359 | lr 9.44e-05 | 72s
2026-09-17 16:39:22 | INFO    | epoch 8 | batch 1020/1252 | loss 0.8812 | acc 0.7366 | lr 9.44e-05 | 74s
2026-09-17 16:39:24 | INFO    | epoch 8 | batch 1040/1252 | loss 0.8814 | acc 0.7364 | lr 9.44e-05 | 75s
2026-09-17 16:39:25 | INFO    | epoch 8 | batch 1060/1252 | loss 0.8809 | acc 0.7364 | lr 9.43e-05 | 77s
2026-09-17 16:39:26 | INFO    | epoch 8 | batch 1080/1252 | loss 0.8806 | acc 0.7366 | lr 9.43e-05 | 78s
2026-09-17 16:39:28 | INFO    | epoch 8 | batch 1100/1252 | loss 0.8801 | acc 0.7368 | lr 9.43e-05 | 80s
2026-09-17 16:39:29 | INFO    | epoch 8 | batch 1120/1252 | loss 0.8803 | acc 0.7368 | lr 9.42e-05 | 81s
2026-09-17 16:39:31 | INFO    | epoch 8 | batch 1140/1252 | loss 0.8795 | acc 0.7375 | lr 9.42e-05 | 83s
2026-09-17 16:39:32 | INFO    | epoch 8 | batch 1160/1252 | loss 0.8798 | acc 0.7373 | lr 9.42e-05 | 84s
2026-09-17 16:39:34 | INFO    | epoch 8 | batch 1180/1252 | loss 0.8795 | acc 0.7375 | lr 9.41e-05 | 86s
2026-09-17 16:39:35 | INFO    | epoch 8 | batch 1200/1252 | loss 0.8794 | acc 0.7376 | lr 9.41e-05 | 87s
2026-09-17 16:39:37 | INFO    | epoch 8 | batch 1220/1252 | loss 0.8782 | acc 0.7382 | lr 9.41e-05 | 88s
2026-09-17 16:39:38 | INFO    | epoch 8 | batch 1240/1252 | loss 0.8780 | acc 0.7383 | lr 9.41e-05 | 90s
2026-09-17 16:39:39 | INFO    | epoch 8 | batch 1252/1252 | loss 0.8777 | acc 0.7382 | lr 9.40e-05 | 91s
2026-09-17 16:39:49 | INFO    | epoch 8/40 done in 100s | train loss 0.8777 | train running patch (aug): accuracy=0.7382 precision=0.7335 recall=0.7253 f1=0.7284
2026-09-17 16:39:49 | INFO    | epoch 8 train (eval, no aug) | loss 1.1284 | patch[7280]: accuracy=0.6008 precision=0.6284 recall=0.5836 f1=0.5833 | image[455]: accuracy=0.6176 precision=0.6685 recall=0.6007 f1=0.6002
2026-09-17 16:39:49 | INFO    | epoch 8 val | loss 1.3240 | patch[8448]: accuracy=0.5298 precision=0.5176 recall=0.4946 f1=0.4879 | image[96]: accuracy=0.5417 precision=0.5451 recall=0.4996 f1=0.4863
2026-09-17 16:39:49 | INFO    | val_patch_f1 = 0.4879 (best 0.5029 @ epoch 3)
2026-09-17 16:39:50 | INFO    | epoch 9 | batch 20/1252 | loss 0.8742 | acc 0.7281 | lr 9.40e-05 | 1s
2026-09-17 16:39:52 | INFO    | epoch 9 | batch 40/1252 | loss 0.8661 | acc 0.7359 | lr 9.40e-05 | 3s
2026-09-17 16:39:53 | INFO    | epoch 9 | batch 60/1252 | loss 0.8594 | acc 0.7443 | lr 9.39e-05 | 4s
2026-09-17 16:39:54 | INFO    | epoch 9 | batch 80/1252 | loss 0.8572 | acc 0.7434 | lr 9.39e-05 | 5s
2026-09-17 16:39:55 | INFO    | epoch 9 | batch 100/1252 | loss 0.8577 | acc 0.7428 | lr 9.39e-05 | 7s
2026-09-17 16:39:57 | INFO    | epoch 9 | batch 120/1252 | loss 0.8509 | acc 0.7456 | lr 9.38e-05 | 8s
2026-09-17 16:39:58 | INFO    | epoch 9 | batch 140/1252 | loss 0.8515 | acc 0.7455 | lr 9.38e-05 | 9s
2026-09-17 16:40:00 | INFO    | epoch 9 | batch 160/1252 | loss 0.8506 | acc 0.7471 | lr 9.38e-05 | 11s
2026-09-17 16:40:01 | INFO    | epoch 9 | batch 180/1252 | loss 0.8517 | acc 0.7477 | lr 9.38e-05 | 12s
2026-09-17 16:40:02 | INFO    | epoch 9 | batch 200/1252 | loss 0.8551 | acc 0.7452 | lr 9.37e-05 | 14s
2026-09-17 16:40:04 | INFO    | epoch 9 | batch 220/1252 | loss 0.8540 | acc 0.7445 | lr 9.37e-05 | 15s
2026-09-17 16:40:05 | INFO    | epoch 9 | batch 240/1252 | loss 0.8538 | acc 0.7445 | lr 9.37e-05 | 17s
2026-09-17 16:40:07 | INFO    | epoch 9 | batch 260/1252 | loss 0.8553 | acc 0.7448 | lr 9.36e-05 | 18s
2026-09-17 16:40:08 | INFO    | epoch 9 | batch 280/1252 | loss 0.8560 | acc 0.7464 | lr 9.36e-05 | 19s
2026-09-17 16:40:10 | INFO    | epoch 9 | batch 300/1252 | loss 0.8561 | acc 0.7472 | lr 9.36e-05 | 21s
2026-09-17 16:40:11 | INFO    | epoch 9 | batch 320/1252 | loss 0.8558 | acc 0.7469 | lr 9.35e-05 | 22s
2026-09-17 16:40:12 | INFO    | epoch 9 | batch 340/1252 | loss 0.8549 | acc 0.7477 | lr 9.35e-05 | 24s
2026-09-17 16:40:14 | INFO    | epoch 9 | batch 360/1252 | loss 0.8530 | acc 0.7480 | lr 9.35e-05 | 25s
2026-09-17 16:40:15 | INFO    | epoch 9 | batch 380/1252 | loss 0.8511 | acc 0.7498 | lr 9.34e-05 | 27s
2026-09-17 16:40:17 | INFO    | epoch 9 | batch 400/1252 | loss 0.8525 | acc 0.7490 | lr 9.34e-05 | 28s
2026-09-17 16:40:18 | INFO    | epoch 9 | batch 420/1252 | loss 0.8533 | acc 0.7484 | lr 9.34e-05 | 29s
2026-09-17 16:40:20 | INFO    | epoch 9 | batch 440/1252 | loss 0.8541 | acc 0.7482 | lr 9.33e-05 | 31s
2026-09-17 16:40:21 | INFO    | epoch 9 | batch 460/1252 | loss 0.8542 | acc 0.7484 | lr 9.33e-05 | 32s
2026-09-17 16:40:23 | INFO    | epoch 9 | batch 480/1252 | loss 0.8544 | acc 0.7482 | lr 9.33e-05 | 34s
2026-09-17 16:40:24 | INFO    | epoch 9 | batch 500/1252 | loss 0.8547 | acc 0.7484 | lr 9.32e-05 | 35s
2026-09-17 16:40:25 | INFO    | epoch 9 | batch 520/1252 | loss 0.8536 | acc 0.7492 | lr 9.32e-05 | 37s
2026-09-17 16:40:27 | INFO    | epoch 9 | batch 540/1252 | loss 0.8545 | acc 0.7495 | lr 9.32e-05 | 38s
2026-09-17 16:40:28 | INFO    | epoch 9 | batch 560/1252 | loss 0.8544 | acc 0.7498 | lr 9.31e-05 | 40s
2026-09-17 16:40:30 | INFO    | epoch 9 | batch 580/1252 | loss 0.8551 | acc 0.7495 | lr 9.31e-05 | 41s
2026-09-17 16:40:31 | INFO    | epoch 9 | batch 600/1252 | loss 0.8560 | acc 0.7492 | lr 9.31e-05 | 43s
2026-09-17 16:40:33 | INFO    | epoch 9 | batch 620/1252 | loss 0.8566 | acc 0.7489 | lr 9.30e-05 | 44s
2026-09-17 16:40:34 | INFO    | epoch 9 | batch 640/1252 | loss 0.8558 | acc 0.7499 | lr 9.30e-05 | 45s
2026-09-17 16:40:36 | INFO    | epoch 9 | batch 660/1252 | loss 0.8562 | acc 0.7499 | lr 9.30e-05 | 47s
2026-09-17 16:40:37 | INFO    | epoch 9 | batch 680/1252 | loss 0.8555 | acc 0.7501 | lr 9.29e-05 | 48s
2026-09-17 16:40:39 | INFO    | epoch 9 | batch 700/1252 | loss 0.8544 | acc 0.7508 | lr 9.29e-05 | 50s
2026-09-17 16:40:40 | INFO    | epoch 9 | batch 720/1252 | loss 0.8553 | acc 0.7505 | lr 9.29e-05 | 51s
2026-09-17 16:40:41 | INFO    | epoch 9 | batch 740/1252 | loss 0.8555 | acc 0.7503 | lr 9.28e-05 | 53s
2026-09-17 16:40:43 | INFO    | epoch 9 | batch 760/1252 | loss 0.8552 | acc 0.7504 | lr 9.28e-05 | 54s
2026-09-17 16:40:44 | INFO    | epoch 9 | batch 780/1252 | loss 0.8549 | acc 0.7511 | lr 9.28e-05 | 56s
2026-09-17 16:40:46 | INFO    | epoch 9 | batch 800/1252 | loss 0.8541 | acc 0.7520 | lr 9.27e-05 | 57s
2026-09-17 16:40:47 | INFO    | epoch 9 | batch 820/1252 | loss 0.8545 | acc 0.7518 | lr 9.27e-05 | 59s
2026-09-17 16:40:49 | INFO    | epoch 9 | batch 840/1252 | loss 0.8538 | acc 0.7523 | lr 9.27e-05 | 60s
2026-09-17 16:40:50 | INFO    | epoch 9 | batch 860/1252 | loss 0.8536 | acc 0.7523 | lr 9.26e-05 | 61s
2026-09-17 16:40:52 | INFO    | epoch 9 | batch 880/1252 | loss 0.8547 | acc 0.7515 | lr 9.26e-05 | 63s
2026-09-17 16:40:53 | INFO    | epoch 9 | batch 900/1252 | loss 0.8551 | acc 0.7514 | lr 9.26e-05 | 64s
2026-09-17 16:40:55 | INFO    | epoch 9 | batch 920/1252 | loss 0.8551 | acc 0.7516 | lr 9.25e-05 | 66s
2026-09-17 16:40:56 | INFO    | epoch 9 | batch 940/1252 | loss 0.8546 | acc 0.7523 | lr 9.25e-05 | 67s
2026-09-17 16:40:57 | INFO    | epoch 9 | batch 960/1252 | loss 0.8550 | acc 0.7520 | lr 9.25e-05 | 69s
2026-09-17 16:40:59 | INFO    | epoch 9 | batch 980/1252 | loss 0.8551 | acc 0.7521 | lr 9.24e-05 | 70s
2026-09-17 16:41:00 | INFO    | epoch 9 | batch 1000/1252 | loss 0.8547 | acc 0.7525 | lr 9.24e-05 | 72s
2026-09-17 16:41:02 | INFO    | epoch 9 | batch 1020/1252 | loss 0.8549 | acc 0.7523 | lr 9.23e-05 | 73s
2026-09-17 16:41:03 | INFO    | epoch 9 | batch 1040/1252 | loss 0.8538 | acc 0.7530 | lr 9.23e-05 | 74s
2026-09-17 16:41:05 | INFO    | epoch 9 | batch 1060/1252 | loss 0.8533 | acc 0.7534 | lr 9.23e-05 | 76s
2026-09-17 16:41:06 | INFO    | epoch 9 | batch 1080/1252 | loss 0.8523 | acc 0.7538 | lr 9.22e-05 | 77s
2026-09-17 16:41:08 | INFO    | epoch 9 | batch 1100/1252 | loss 0.8519 | acc 0.7538 | lr 9.22e-05 | 79s
2026-09-17 16:41:09 | INFO    | epoch 9 | batch 1120/1252 | loss 0.8517 | acc 0.7541 | lr 9.22e-05 | 80s
2026-09-17 16:41:10 | INFO    | epoch 9 | batch 1140/1252 | loss 0.8520 | acc 0.7542 | lr 9.21e-05 | 82s
2026-09-17 16:41:12 | INFO    | epoch 9 | batch 1160/1252 | loss 0.8516 | acc 0.7544 | lr 9.21e-05 | 83s
2026-09-17 16:41:13 | INFO    | epoch 9 | batch 1180/1252 | loss 0.8513 | acc 0.7546 | lr 9.21e-05 | 85s
2026-09-17 16:41:15 | INFO    | epoch 9 | batch 1200/1252 | loss 0.8517 | acc 0.7544 | lr 9.20e-05 | 86s
2026-09-17 16:41:16 | INFO    | epoch 9 | batch 1220/1252 | loss 0.8513 | acc 0.7544 | lr 9.20e-05 | 88s
2026-09-17 16:41:18 | INFO    | epoch 9 | batch 1240/1252 | loss 0.8510 | acc 0.7546 | lr 9.20e-05 | 89s
2026-09-17 16:41:19 | INFO    | epoch 9 | batch 1252/1252 | loss 0.8506 | acc 0.7548 | lr 9.19e-05 | 90s
2026-09-17 16:41:28 | INFO    | epoch 9/40 done in 100s | train loss 0.8506 | train running patch (aug): accuracy=0.7548 precision=0.7510 recall=0.7422 f1=0.7456
2026-09-17 16:41:28 | INFO    | epoch 9 train (eval, no aug) | loss 1.1571 | patch[7280]: accuracy=0.5977 precision=0.5932 recall=0.5753 f1=0.5778 | image[455]: accuracy=0.6440 precision=0.6410 recall=0.6160 f1=0.6185
2026-09-17 16:41:28 | INFO    | epoch 9 val | loss 1.2928 | patch[8448]: accuracy=0.5339 precision=0.4979 recall=0.5000 f1=0.4959 | image[96]: accuracy=0.5417 precision=0.4899 recall=0.5032 f1=0.4936
2026-09-17 16:41:28 | INFO    | val_patch_f1 = 0.4959 (best 0.5029 @ epoch 3)
2026-09-17 16:41:30 | INFO    | epoch 10 | batch 20/1252 | loss 0.8046 | acc 0.7875 | lr 9.19e-05 | 2s
2026-09-17 16:41:32 | INFO    | epoch 10 | batch 40/1252 | loss 0.7946 | acc 0.7844 | lr 9.19e-05 | 3s
2026-09-17 16:41:33 | INFO    | epoch 10 | batch 60/1252 | loss 0.7981 | acc 0.7839 | lr 9.18e-05 | 5s
2026-09-17 16:41:34 | INFO    | epoch 10 | batch 80/1252 | loss 0.8027 | acc 0.7836 | lr 9.18e-05 | 6s
2026-09-17 16:41:36 | INFO    | epoch 10 | batch 100/1252 | loss 0.8044 | acc 0.7841 | lr 9.18e-05 | 8s
2026-09-17 16:41:37 | INFO    | epoch 10 | batch 120/1252 | loss 0.8079 | acc 0.7831 | lr 9.17e-05 | 9s
2026-09-17 16:41:39 | INFO    | epoch 10 | batch 140/1252 | loss 0.8082 | acc 0.7835 | lr 9.17e-05 | 10s
2026-09-17 16:41:40 | INFO    | epoch 10 | batch 160/1252 | loss 0.8144 | acc 0.7779 | lr 9.17e-05 | 12s
2026-09-17 16:41:42 | INFO    | epoch 10 | batch 180/1252 | loss 0.8154 | acc 0.7762 | lr 9.16e-05 | 13s
2026-09-17 16:41:43 | INFO    | epoch 10 | batch 200/1252 | loss 0.8184 | acc 0.7731 | lr 9.16e-05 | 15s
2026-09-17 16:41:45 | INFO    | epoch 10 | batch 220/1252 | loss 0.8207 | acc 0.7722 | lr 9.15e-05 | 16s
2026-09-17 16:41:46 | INFO    | epoch 10 | batch 240/1252 | loss 0.8188 | acc 0.7733 | lr 9.15e-05 | 18s
2026-09-17 16:41:48 | INFO    | epoch 10 | batch 260/1252 | loss 0.8191 | acc 0.7740 | lr 9.15e-05 | 19s
2026-09-17 16:41:49 | INFO    | epoch 10 | batch 280/1252 | loss 0.8190 | acc 0.7742 | lr 9.14e-05 | 21s
2026-09-17 16:41:51 | INFO    | epoch 10 | batch 300/1252 | loss 0.8217 | acc 0.7725 | lr 9.14e-05 | 22s
2026-09-17 16:41:52 | INFO    | epoch 10 | batch 320/1252 | loss 0.8215 | acc 0.7729 | lr 9.14e-05 | 24s
2026-09-17 16:41:54 | INFO    | epoch 10 | batch 340/1252 | loss 0.8232 | acc 0.7725 | lr 9.13e-05 | 25s
2026-09-17 16:41:55 | INFO    | epoch 10 | batch 360/1252 | loss 0.8246 | acc 0.7720 | lr 9.13e-05 | 27s
2026-09-17 16:41:57 | INFO    | epoch 10 | batch 380/1252 | loss 0.8244 | acc 0.7723 | lr 9.12e-05 | 28s
2026-09-17 16:41:58 | INFO    | epoch 10 | batch 400/1252 | loss 0.8263 | acc 0.7712 | lr 9.12e-05 | 30s
2026-09-17 16:42:00 | INFO    | epoch 10 | batch 420/1252 | loss 0.8252 | acc 0.7726 | lr 9.12e-05 | 31s
2026-09-17 16:42:01 | INFO    | epoch 10 | batch 440/1252 | loss 0.8251 | acc 0.7727 | lr 9.11e-05 | 33s
2026-09-17 16:42:03 | INFO    | epoch 10 | batch 460/1252 | loss 0.8253 | acc 0.7728 | lr 9.11e-05 | 34s
2026-09-17 16:42:04 | INFO    | epoch 10 | batch 480/1252 | loss 0.8236 | acc 0.7733 | lr 9.11e-05 | 36s
2026-09-17 16:42:06 | INFO    | epoch 10 | batch 500/1252 | loss 0.8230 | acc 0.7738 | lr 9.10e-05 | 37s
2026-09-17 16:42:07 | INFO    | epoch 10 | batch 520/1252 | loss 0.8233 | acc 0.7737 | lr 9.10e-05 | 39s
2026-09-17 16:42:09 | INFO    | epoch 10 | batch 540/1252 | loss 0.8229 | acc 0.7740 | lr 9.09e-05 | 40s
2026-09-17 16:42:10 | INFO    | epoch 10 | batch 560/1252 | loss 0.8239 | acc 0.7733 | lr 9.09e-05 | 42s
2026-09-17 16:42:12 | INFO    | epoch 10 | batch 580/1252 | loss 0.8240 | acc 0.7732 | lr 9.09e-05 | 43s
2026-09-17 16:42:13 | INFO    | epoch 10 | batch 600/1252 | loss 0.8222 | acc 0.7743 | lr 9.08e-05 | 45s
2026-09-17 16:42:15 | INFO    | epoch 10 | batch 620/1252 | loss 0.8227 | acc 0.7741 | lr 9.08e-05 | 46s
2026-09-17 16:42:16 | INFO    | epoch 10 | batch 640/1252 | loss 0.8237 | acc 0.7735 | lr 9.08e-05 | 48s
2026-09-17 16:42:18 | INFO    | epoch 10 | batch 660/1252 | loss 0.8229 | acc 0.7741 | lr 9.07e-05 | 49s
2026-09-17 16:42:19 | INFO    | epoch 10 | batch 680/1252 | loss 0.8221 | acc 0.7742 | lr 9.07e-05 | 51s
2026-09-17 16:42:21 | INFO    | epoch 10 | batch 700/1252 | loss 0.8220 | acc 0.7746 | lr 9.06e-05 | 52s
2026-09-17 16:42:22 | INFO    | epoch 10 | batch 720/1252 | loss 0.8220 | acc 0.7744 | lr 9.06e-05 | 54s
2026-09-17 16:42:24 | INFO    | epoch 10 | batch 740/1252 | loss 0.8217 | acc 0.7748 | lr 9.06e-05 | 55s
2026-09-17 16:42:25 | INFO    | epoch 10 | batch 760/1252 | loss 0.8219 | acc 0.7744 | lr 9.05e-05 | 57s
2026-09-17 16:42:27 | INFO    | epoch 10 | batch 780/1252 | loss 0.8216 | acc 0.7744 | lr 9.05e-05 | 58s
2026-09-17 16:42:28 | INFO    | epoch 10 | batch 800/1252 | loss 0.8207 | acc 0.7747 | lr 9.05e-05 | 60s
2026-09-17 16:42:30 | INFO    | epoch 10 | batch 820/1252 | loss 0.8223 | acc 0.7740 | lr 9.04e-05 | 61s
2026-09-17 16:42:31 | INFO    | epoch 10 | batch 840/1252 | loss 0.8225 | acc 0.7739 | lr 9.04e-05 | 63s
2026-09-17 16:42:33 | INFO    | epoch 10 | batch 860/1252 | loss 0.8226 | acc 0.7735 | lr 9.03e-05 | 64s
2026-09-17 16:42:34 | INFO    | epoch 10 | batch 880/1252 | loss 0.8230 | acc 0.7733 | lr 9.03e-05 | 66s
2026-09-17 16:42:35 | INFO    | epoch 10 | batch 900/1252 | loss 0.8218 | acc 0.7741 | lr 9.03e-05 | 67s
2026-09-17 16:42:37 | INFO    | epoch 10 | batch 920/1252 | loss 0.8222 | acc 0.7736 | lr 9.02e-05 | 69s
2026-09-17 16:42:38 | INFO    | epoch 10 | batch 940/1252 | loss 0.8226 | acc 0.7732 | lr 9.02e-05 | 70s
2026-09-17 16:42:40 | INFO    | epoch 10 | batch 960/1252 | loss 0.8221 | acc 0.7735 | lr 9.01e-05 | 72s
2026-09-17 16:42:41 | INFO    | epoch 10 | batch 980/1252 | loss 0.8219 | acc 0.7735 | lr 9.01e-05 | 73s
2026-09-17 16:42:43 | INFO    | epoch 10 | batch 1000/1252 | loss 0.8218 | acc 0.7734 | lr 9.01e-05 | 74s
2026-09-17 16:42:44 | INFO    | epoch 10 | batch 1020/1252 | loss 0.8222 | acc 0.7730 | lr 9.00e-05 | 76s
2026-09-17 16:42:46 | INFO    | epoch 10 | batch 1040/1252 | loss 0.8227 | acc 0.7727 | lr 9.00e-05 | 77s
2026-09-17 16:42:47 | INFO    | epoch 10 | batch 1060/1252 | loss 0.8218 | acc 0.7730 | lr 8.99e-05 | 79s
2026-09-17 16:42:49 | INFO    | epoch 10 | batch 1080/1252 | loss 0.8222 | acc 0.7729 | lr 8.99e-05 | 80s
2026-09-17 16:42:50 | INFO    | epoch 10 | batch 1100/1252 | loss 0.8219 | acc 0.7733 | lr 8.99e-05 | 82s
2026-09-17 16:42:52 | INFO    | epoch 10 | batch 1120/1252 | loss 0.8225 | acc 0.7726 | lr 8.98e-05 | 83s
2026-09-17 16:42:53 | INFO    | epoch 10 | batch 1140/1252 | loss 0.8215 | acc 0.7731 | lr 8.98e-05 | 85s
2026-09-17 16:42:54 | INFO    | epoch 10 | batch 1160/1252 | loss 0.8214 | acc 0.7732 | lr 8.97e-05 | 86s
2026-09-17 16:42:56 | INFO    | epoch 10 | batch 1180/1252 | loss 0.8212 | acc 0.7732 | lr 8.97e-05 | 87s
2026-09-17 16:42:57 | INFO    | epoch 10 | batch 1200/1252 | loss 0.8203 | acc 0.7736 | lr 8.97e-05 | 89s
2026-09-17 16:42:59 | INFO    | epoch 10 | batch 1220/1252 | loss 0.8202 | acc 0.7736 | lr 8.96e-05 | 90s
2026-09-17 16:43:00 | INFO    | epoch 10 | batch 1240/1252 | loss 0.8206 | acc 0.7732 | lr 8.96e-05 | 92s
2026-09-17 16:43:01 | INFO    | epoch 10 | batch 1252/1252 | loss 0.8203 | acc 0.7733 | lr 8.96e-05 | 93s
2026-09-17 16:43:11 | INFO    | epoch 10/40 done in 102s | train loss 0.8203 | train running patch (aug): accuracy=0.7733 precision=0.7700 recall=0.7624 f1=0.7655
2026-09-17 16:43:11 | INFO    | epoch 10 train (eval, no aug) | loss 1.0642 | patch[7280]: accuracy=0.6350 precision=0.6222 recall=0.6107 f1=0.6124 | image[455]: accuracy=0.7143 precision=0.6968 recall=0.6832 f1=0.6842
2026-09-17 16:43:11 | INFO    | epoch 10 val | loss 1.3092 | patch[8448]: accuracy=0.5336 precision=0.5046 recall=0.5052 f1=0.5020 | image[96]: accuracy=0.5312 precision=0.4919 recall=0.4926 f1=0.4900
2026-09-17 16:43:11 | INFO    | val_patch_f1 = 0.5020 (best 0.5029 @ epoch 3)
2026-09-17 16:43:12 | INFO    | epoch 11 | batch 20/1252 | loss 0.8296 | acc 0.7781 | lr 8.95e-05 | 2s
2026-09-17 16:43:14 | INFO    | epoch 11 | batch 40/1252 | loss 0.8219 | acc 0.7789 | lr 8.95e-05 | 3s
2026-09-17 16:43:15 | INFO    | epoch 11 | batch 60/1252 | loss 0.8107 | acc 0.7844 | lr 8.94e-05 | 5s
2026-09-17 16:43:17 | INFO    | epoch 11 | batch 80/1252 | loss 0.8132 | acc 0.7785 | lr 8.94e-05 | 6s
2026-09-17 16:43:18 | INFO    | epoch 11 | batch 100/1252 | loss 0.8085 | acc 0.7831 | lr 8.94e-05 | 7s
2026-09-17 16:43:20 | INFO    | epoch 11 | batch 120/1252 | loss 0.8062 | acc 0.7836 | lr 8.93e-05 | 9s
2026-09-17 16:43:21 | INFO    | epoch 11 | batch 140/1252 | loss 0.8054 | acc 0.7844 | lr 8.93e-05 | 10s
2026-09-17 16:43:23 | INFO    | epoch 11 | batch 160/1252 | loss 0.8069 | acc 0.7832 | lr 8.92e-05 | 12s
2026-09-17 16:43:24 | INFO    | epoch 11 | batch 180/1252 | loss 0.8086 | acc 0.7814 | lr 8.92e-05 | 13s
2026-09-17 16:43:26 | INFO    | epoch 11 | batch 200/1252 | loss 0.8062 | acc 0.7831 | lr 8.92e-05 | 15s
2026-09-17 16:43:27 | INFO    | epoch 11 | batch 220/1252 | loss 0.8096 | acc 0.7825 | lr 8.91e-05 | 16s
2026-09-17 16:43:29 | INFO    | epoch 11 | batch 240/1252 | loss 0.8095 | acc 0.7814 | lr 8.91e-05 | 18s
2026-09-17 16:43:30 | INFO    | epoch 11 | batch 260/1252 | loss 0.8101 | acc 0.7809 | lr 8.90e-05 | 19s
2026-09-17 16:43:32 | INFO    | epoch 11 | batch 280/1252 | loss 0.8109 | acc 0.7802 | lr 8.90e-05 | 21s
2026-09-17 16:43:33 | INFO    | epoch 11 | batch 300/1252 | loss 0.8078 | acc 0.7819 | lr 8.90e-05 | 22s
2026-09-17 16:43:34 | INFO    | epoch 11 | batch 320/1252 | loss 0.8066 | acc 0.7819 | lr 8.89e-05 | 24s
2026-09-17 16:43:36 | INFO    | epoch 11 | batch 340/1252 | loss 0.8085 | acc 0.7811 | lr 8.89e-05 | 25s
2026-09-17 16:43:37 | INFO    | epoch 11 | batch 360/1252 | loss 0.8080 | acc 0.7818 | lr 8.88e-05 | 27s
2026-09-17 16:43:39 | INFO    | epoch 11 | batch 380/1252 | loss 0.8083 | acc 0.7814 | lr 8.88e-05 | 28s
2026-09-17 16:43:40 | INFO    | epoch 11 | batch 400/1252 | loss 0.8084 | acc 0.7808 | lr 8.87e-05 | 30s
2026-09-17 16:43:42 | INFO    | epoch 11 | batch 420/1252 | loss 0.8079 | acc 0.7811 | lr 8.87e-05 | 31s
2026-09-17 16:43:43 | INFO    | epoch 11 | batch 440/1252 | loss 0.8101 | acc 0.7794 | lr 8.87e-05 | 32s
2026-09-17 16:43:45 | INFO    | epoch 11 | batch 460/1252 | loss 0.8100 | acc 0.7794 | lr 8.86e-05 | 34s
2026-09-17 16:43:46 | INFO    | epoch 11 | batch 480/1252 | loss 0.8102 | acc 0.7791 | lr 8.86e-05 | 35s
2026-09-17 16:43:48 | INFO    | epoch 11 | batch 500/1252 | loss 0.8114 | acc 0.7780 | lr 8.85e-05 | 37s
2026-09-17 16:43:49 | INFO    | epoch 11 | batch 520/1252 | loss 0.8115 | acc 0.7784 | lr 8.85e-05 | 38s
2026-09-17 16:43:51 | INFO    | epoch 11 | batch 540/1252 | loss 0.8104 | acc 0.7783 | lr 8.85e-05 | 40s
2026-09-17 16:43:52 | INFO    | epoch 11 | batch 560/1252 | loss 0.8094 | acc 0.7788 | lr 8.84e-05 | 41s
2026-09-17 16:43:53 | INFO    | epoch 11 | batch 580/1252 | loss 0.8093 | acc 0.7786 | lr 8.84e-05 | 42s
2026-09-17 16:43:55 | INFO    | epoch 11 | batch 600/1252 | loss 0.8093 | acc 0.7783 | lr 8.83e-05 | 44s
2026-09-17 16:43:56 | INFO    | epoch 11 | batch 620/1252 | loss 0.8092 | acc 0.7782 | lr 8.83e-05 | 45s
2026-09-17 16:43:58 | INFO    | epoch 11 | batch 640/1252 | loss 0.8074 | acc 0.7791 | lr 8.82e-05 | 47s
2026-09-17 16:43:59 | INFO    | epoch 11 | batch 660/1252 | loss 0.8052 | acc 0.7804 | lr 8.82e-05 | 48s
2026-09-17 16:44:01 | INFO    | epoch 11 | batch 680/1252 | loss 0.8047 | acc 0.7807 | lr 8.82e-05 | 50s
2026-09-17 16:44:02 | INFO    | epoch 11 | batch 700/1252 | loss 0.8044 | acc 0.7814 | lr 8.81e-05 | 51s
2026-09-17 16:44:04 | INFO    | epoch 11 | batch 720/1252 | loss 0.8037 | acc 0.7816 | lr 8.81e-05 | 53s
2026-09-17 16:44:05 | INFO    | epoch 11 | batch 740/1252 | loss 0.8035 | acc 0.7814 | lr 8.80e-05 | 54s
2026-09-17 16:44:07 | INFO    | epoch 11 | batch 760/1252 | loss 0.8024 | acc 0.7822 | lr 8.80e-05 | 56s
2026-09-17 16:44:08 | INFO    | epoch 11 | batch 780/1252 | loss 0.8016 | acc 0.7829 | lr 8.79e-05 | 57s
2026-09-17 16:44:09 | INFO    | epoch 11 | batch 800/1252 | loss 0.8013 | acc 0.7831 | lr 8.79e-05 | 58s
2026-09-17 16:44:11 | INFO    | epoch 11 | batch 820/1252 | loss 0.8020 | acc 0.7827 | lr 8.79e-05 | 60s
2026-09-17 16:44:12 | INFO    | epoch 11 | batch 840/1252 | loss 0.8007 | acc 0.7835 | lr 8.78e-05 | 61s
2026-09-17 16:44:14 | INFO    | epoch 11 | batch 860/1252 | loss 0.8010 | acc 0.7834 | lr 8.78e-05 | 63s
2026-09-17 16:44:15 | INFO    | epoch 11 | batch 880/1252 | loss 0.8013 | acc 0.7833 | lr 8.77e-05 | 64s
2026-09-17 16:44:17 | INFO    | epoch 11 | batch 900/1252 | loss 0.8016 | acc 0.7831 | lr 8.77e-05 | 66s
2026-09-17 16:44:18 | INFO    | epoch 11 | batch 920/1252 | loss 0.8012 | acc 0.7832 | lr 8.76e-05 | 67s
2026-09-17 16:44:20 | INFO    | epoch 11 | batch 940/1252 | loss 0.8012 | acc 0.7829 | lr 8.76e-05 | 69s
2026-09-17 16:44:21 | INFO    | epoch 11 | batch 960/1252 | loss 0.8007 | acc 0.7834 | lr 8.76e-05 | 70s
2026-09-17 16:44:23 | INFO    | epoch 11 | batch 980/1252 | loss 0.8013 | acc 0.7829 | lr 8.75e-05 | 72s
2026-09-17 16:44:24 | INFO    | epoch 11 | batch 1000/1252 | loss 0.8007 | acc 0.7833 | lr 8.75e-05 | 73s
2026-09-17 16:44:26 | INFO    | epoch 11 | batch 1020/1252 | loss 0.8008 | acc 0.7831 | lr 8.74e-05 | 75s
2026-09-17 16:44:27 | INFO    | epoch 11 | batch 1040/1252 | loss 0.8006 | acc 0.7831 | lr 8.74e-05 | 76s
2026-09-17 16:44:29 | INFO    | epoch 11 | batch 1060/1252 | loss 0.8004 | acc 0.7832 | lr 8.73e-05 | 78s
2026-09-17 16:44:30 | INFO    | epoch 11 | batch 1080/1252 | loss 0.8002 | acc 0.7831 | lr 8.73e-05 | 79s
2026-09-17 16:44:32 | INFO    | epoch 11 | batch 1100/1252 | loss 0.8002 | acc 0.7831 | lr 8.73e-05 | 81s
2026-09-17 16:44:33 | INFO    | epoch 11 | batch 1120/1252 | loss 0.7996 | acc 0.7832 | lr 8.72e-05 | 82s
2026-09-17 16:44:35 | INFO    | epoch 11 | batch 1140/1252 | loss 0.7993 | acc 0.7838 | lr 8.72e-05 | 84s
2026-09-17 16:44:36 | INFO    | epoch 11 | batch 1160/1252 | loss 0.7983 | acc 0.7843 | lr 8.71e-05 | 85s
2026-09-17 16:44:37 | INFO    | epoch 11 | batch 1180/1252 | loss 0.7980 | acc 0.7845 | lr 8.71e-05 | 87s
2026-09-17 16:44:39 | INFO    | epoch 11 | batch 1200/1252 | loss 0.7981 | acc 0.7847 | lr 8.70e-05 | 88s
2026-09-17 16:44:40 | INFO    | epoch 11 | batch 1220/1252 | loss 0.7974 | acc 0.7852 | lr 8.70e-05 | 90s
2026-09-17 16:44:42 | INFO    | epoch 11 | batch 1240/1252 | loss 0.7971 | acc 0.7853 | lr 8.69e-05 | 91s
2026-09-17 16:44:43 | INFO    | epoch 11 | batch 1252/1252 | loss 0.7972 | acc 0.7853 | lr 8.69e-05 | 92s
2026-09-17 16:44:53 | INFO    | epoch 11/40 done in 102s | train loss 0.7972 | train running patch (aug): accuracy=0.7853 precision=0.7825 recall=0.7751 f1=0.7781
2026-09-17 16:44:53 | INFO    | epoch 11 train (eval, no aug) | loss 1.1126 | patch[7280]: accuracy=0.6359 precision=0.6651 recall=0.6142 f1=0.6164 | image[455]: accuracy=0.6681 precision=0.7245 recall=0.6444 f1=0.6510
2026-09-17 16:44:53 | INFO    | epoch 11 val | loss 1.4708 | patch[8448]: accuracy=0.4969 precision=0.4958 recall=0.4638 f1=0.4607 | image[96]: accuracy=0.4583 precision=0.4333 recall=0.4204 f1=0.4060
2026-09-17 16:44:53 | INFO    | val_patch_f1 = 0.4607 (best 0.5029 @ epoch 3)
2026-09-17 16:44:54 | INFO    | epoch 12 | batch 20/1252 | loss 0.7847 | acc 0.7984 | lr 8.69e-05 | 2s
2026-09-17 16:44:56 | INFO    | epoch 12 | batch 40/1252 | loss 0.7824 | acc 0.7969 | lr 8.68e-05 | 3s
2026-09-17 16:44:57 | INFO    | epoch 12 | batch 60/1252 | loss 0.7741 | acc 0.8016 | lr 8.68e-05 | 5s
2026-09-17 16:44:59 | INFO    | epoch 12 | batch 80/1252 | loss 0.7783 | acc 0.7957 | lr 8.67e-05 | 6s
2026-09-17 16:45:00 | INFO    | epoch 12 | batch 100/1252 | loss 0.7835 | acc 0.7928 | lr 8.67e-05 | 7s
2026-09-17 16:45:01 | INFO    | epoch 12 | batch 120/1252 | loss 0.7783 | acc 0.7951 | lr 8.67e-05 | 9s
2026-09-17 16:45:03 | INFO    | epoch 12 | batch 140/1252 | loss 0.7771 | acc 0.7958 | lr 8.66e-05 | 10s
2026-09-17 16:45:04 | INFO    | epoch 12 | batch 160/1252 | loss 0.7789 | acc 0.7961 | lr 8.66e-05 | 12s
2026-09-17 16:45:06 | INFO    | epoch 12 | batch 180/1252 | loss 0.7801 | acc 0.7948 | lr 8.65e-05 | 13s
2026-09-17 16:45:07 | INFO    | epoch 12 | batch 200/1252 | loss 0.7789 | acc 0.7945 | lr 8.65e-05 | 15s
2026-09-17 16:45:09 | INFO    | epoch 12 | batch 220/1252 | loss 0.7796 | acc 0.7942 | lr 8.64e-05 | 16s
2026-09-17 16:45:10 | INFO    | epoch 12 | batch 240/1252 | loss 0.7817 | acc 0.7926 | lr 8.64e-05 | 17s
2026-09-17 16:45:11 | INFO    | epoch 12 | batch 260/1252 | loss 0.7805 | acc 0.7927 | lr 8.63e-05 | 19s
2026-09-17 16:45:13 | INFO    | epoch 12 | batch 280/1252 | loss 0.7821 | acc 0.7907 | lr 8.63e-05 | 20s
2026-09-17 16:45:14 | INFO    | epoch 12 | batch 300/1252 | loss 0.7839 | acc 0.7890 | lr 8.62e-05 | 22s
2026-09-17 16:45:16 | INFO    | epoch 12 | batch 320/1252 | loss 0.7809 | acc 0.7911 | lr 8.62e-05 | 23s
2026-09-17 16:45:17 | INFO    | epoch 12 | batch 340/1252 | loss 0.7808 | acc 0.7917 | lr 8.62e-05 | 25s
2026-09-17 16:45:19 | INFO    | epoch 12 | batch 360/1252 | loss 0.7795 | acc 0.7940 | lr 8.61e-05 | 26s
2026-09-17 16:45:20 | INFO    | epoch 12 | batch 380/1252 | loss 0.7780 | acc 0.7950 | lr 8.61e-05 | 28s
2026-09-17 16:45:22 | INFO    | epoch 12 | batch 400/1252 | loss 0.7767 | acc 0.7959 | lr 8.60e-05 | 29s
2026-09-17 16:45:23 | INFO    | epoch 12 | batch 420/1252 | loss 0.7744 | acc 0.7975 | lr 8.60e-05 | 31s
2026-09-17 16:45:25 | INFO    | epoch 12 | batch 440/1252 | loss 0.7765 | acc 0.7960 | lr 8.59e-05 | 32s
2026-09-17 16:45:26 | INFO    | epoch 12 | batch 460/1252 | loss 0.7760 | acc 0.7961 | lr 8.59e-05 | 34s
2026-09-17 16:45:28 | INFO    | epoch 12 | batch 480/1252 | loss 0.7757 | acc 0.7962 | lr 8.58e-05 | 35s
2026-09-17 16:45:29 | INFO    | epoch 12 | batch 500/1252 | loss 0.7760 | acc 0.7962 | lr 8.58e-05 | 36s
2026-09-17 16:45:31 | INFO    | epoch 12 | batch 520/1252 | loss 0.7744 | acc 0.7968 | lr 8.57e-05 | 38s
2026-09-17 16:45:32 | INFO    | epoch 12 | batch 540/1252 | loss 0.7739 | acc 0.7975 | lr 8.57e-05 | 39s
2026-09-17 16:45:34 | INFO    | epoch 12 | batch 560/1252 | loss 0.7737 | acc 0.7980 | lr 8.57e-05 | 41s
2026-09-17 16:45:35 | INFO    | epoch 12 | batch 580/1252 | loss 0.7735 | acc 0.7980 | lr 8.56e-05 | 42s
2026-09-17 16:45:36 | INFO    | epoch 12 | batch 600/1252 | loss 0.7729 | acc 0.7982 | lr 8.56e-05 | 44s
2026-09-17 16:45:38 | INFO    | epoch 12 | batch 620/1252 | loss 0.7725 | acc 0.7985 | lr 8.55e-05 | 45s
2026-09-17 16:45:39 | INFO    | epoch 12 | batch 640/1252 | loss 0.7735 | acc 0.7982 | lr 8.55e-05 | 47s
2026-09-17 16:45:41 | INFO    | epoch 12 | batch 660/1252 | loss 0.7760 | acc 0.7971 | lr 8.54e-05 | 48s
2026-09-17 16:45:42 | INFO    | epoch 12 | batch 680/1252 | loss 0.7757 | acc 0.7967 | lr 8.54e-05 | 50s
2026-09-17 16:45:44 | INFO    | epoch 12 | batch 700/1252 | loss 0.7754 | acc 0.7967 | lr 8.53e-05 | 51s
2026-09-17 16:45:45 | INFO    | epoch 12 | batch 720/1252 | loss 0.7761 | acc 0.7966 | lr 8.53e-05 | 53s
2026-09-17 16:45:47 | INFO    | epoch 12 | batch 740/1252 | loss 0.7754 | acc 0.7971 | lr 8.52e-05 | 54s
2026-09-17 16:45:48 | INFO    | epoch 12 | batch 760/1252 | loss 0.7743 | acc 0.7976 | lr 8.52e-05 | 55s
2026-09-17 16:45:49 | INFO    | epoch 12 | batch 780/1252 | loss 0.7736 | acc 0.7978 | lr 8.51e-05 | 57s
2026-09-17 16:45:51 | INFO    | epoch 12 | batch 800/1252 | loss 0.7739 | acc 0.7973 | lr 8.51e-05 | 58s
2026-09-17 16:45:52 | INFO    | epoch 12 | batch 820/1252 | loss 0.7738 | acc 0.7974 | lr 8.51e-05 | 60s
2026-09-17 16:45:54 | INFO    | epoch 12 | batch 840/1252 | loss 0.7737 | acc 0.7974 | lr 8.50e-05 | 61s
2026-09-17 16:45:55 | INFO    | epoch 12 | batch 860/1252 | loss 0.7735 | acc 0.7977 | lr 8.50e-05 | 63s
2026-09-17 16:45:57 | INFO    | epoch 12 | batch 880/1252 | loss 0.7734 | acc 0.7979 | lr 8.49e-05 | 64s
2026-09-17 16:45:58 | INFO    | epoch 12 | batch 900/1252 | loss 0.7732 | acc 0.7982 | lr 8.49e-05 | 65s
2026-09-17 16:45:59 | INFO    | epoch 12 | batch 920/1252 | loss 0.7734 | acc 0.7984 | lr 8.48e-05 | 67s
2026-09-17 16:46:01 | INFO    | epoch 12 | batch 940/1252 | loss 0.7733 | acc 0.7987 | lr 8.48e-05 | 68s
2026-09-17 16:46:02 | INFO    | epoch 12 | batch 960/1252 | loss 0.7733 | acc 0.7985 | lr 8.47e-05 | 70s
2026-09-17 16:46:04 | INFO    | epoch 12 | batch 980/1252 | loss 0.7733 | acc 0.7985 | lr 8.47e-05 | 71s
2026-09-17 16:46:05 | INFO    | epoch 12 | batch 1000/1252 | loss 0.7730 | acc 0.7986 | lr 8.46e-05 | 73s
2026-09-17 16:46:07 | INFO    | epoch 12 | batch 1020/1252 | loss 0.7734 | acc 0.7984 | lr 8.46e-05 | 74s
2026-09-17 16:46:08 | INFO    | epoch 12 | batch 1040/1252 | loss 0.7735 | acc 0.7983 | lr 8.45e-05 | 75s
2026-09-17 16:46:09 | INFO    | epoch 12 | batch 1060/1252 | loss 0.7732 | acc 0.7985 | lr 8.45e-05 | 77s
2026-09-17 16:46:11 | INFO    | epoch 12 | batch 1080/1252 | loss 0.7733 | acc 0.7984 | lr 8.44e-05 | 78s
2026-09-17 16:46:12 | INFO    | epoch 12 | batch 1100/1252 | loss 0.7733 | acc 0.7985 | lr 8.44e-05 | 80s
2026-09-17 16:46:14 | INFO    | epoch 12 | batch 1120/1252 | loss 0.7738 | acc 0.7985 | lr 8.43e-05 | 81s
2026-09-17 16:46:15 | INFO    | epoch 12 | batch 1140/1252 | loss 0.7735 | acc 0.7985 | lr 8.43e-05 | 83s
2026-09-17 16:46:17 | INFO    | epoch 12 | batch 1160/1252 | loss 0.7725 | acc 0.7989 | lr 8.42e-05 | 84s
2026-09-17 16:46:18 | INFO    | epoch 12 | batch 1180/1252 | loss 0.7726 | acc 0.7990 | lr 8.42e-05 | 86s
2026-09-17 16:46:20 | INFO    | epoch 12 | batch 1200/1252 | loss 0.7730 | acc 0.7988 | lr 8.42e-05 | 87s
2026-09-17 16:46:21 | INFO    | epoch 12 | batch 1220/1252 | loss 0.7724 | acc 0.7993 | lr 8.41e-05 | 88s
2026-09-17 16:46:22 | INFO    | epoch 12 | batch 1240/1252 | loss 0.7723 | acc 0.7990 | lr 8.41e-05 | 90s
2026-09-17 16:46:23 | INFO    | epoch 12 | batch 1252/1252 | loss 0.7715 | acc 0.7996 | lr 8.40e-05 | 91s
2026-09-17 16:46:33 | INFO    | epoch 12/40 done in 100s | train loss 0.7715 | train running patch (aug): accuracy=0.7996 precision=0.7968 recall=0.7908 f1=0.7933
2026-09-17 16:46:33 | INFO    | epoch 12 train (eval, no aug) | loss 1.0214 | patch[7280]: accuracy=0.6692 precision=0.6753 recall=0.6475 f1=0.6530 | image[455]: accuracy=0.7319 precision=0.7533 recall=0.7064 f1=0.7151
2026-09-17 16:46:33 | INFO    | epoch 12 val | loss 1.2910 | patch[8448]: accuracy=0.5445 precision=0.5257 recall=0.5105 f1=0.5080 | image[96]: accuracy=0.5208 precision=0.5204 recall=0.4911 f1=0.4917
2026-09-17 16:46:33 | INFO    | val_patch_f1 = 0.5080 (best 0.5080 @ epoch 12) *
2026-09-17 16:46:35 | INFO    | epoch 13 | batch 20/1252 | loss 0.7465 | acc 0.8063 | lr 8.40e-05 | 2s
2026-09-17 16:46:36 | INFO    | epoch 13 | batch 40/1252 | loss 0.7478 | acc 0.8086 | lr 8.39e-05 | 3s
2026-09-17 16:46:38 | INFO    | epoch 13 | batch 60/1252 | loss 0.7480 | acc 0.8104 | lr 8.39e-05 | 4s
2026-09-17 16:46:39 | INFO    | epoch 13 | batch 80/1252 | loss 0.7380 | acc 0.8168 | lr 8.38e-05 | 6s
2026-09-17 16:46:40 | INFO    | epoch 13 | batch 100/1252 | loss 0.7445 | acc 0.8128 | lr 8.38e-05 | 7s
2026-09-17 16:46:42 | INFO    | epoch 13 | batch 120/1252 | loss 0.7462 | acc 0.8146 | lr 8.37e-05 | 9s
2026-09-17 16:46:43 | INFO    | epoch 13 | batch 140/1252 | loss 0.7507 | acc 0.8100 | lr 8.37e-05 | 10s
2026-09-17 16:46:45 | INFO    | epoch 13 | batch 160/1252 | loss 0.7506 | acc 0.8104 | lr 8.36e-05 | 12s
2026-09-17 16:46:46 | INFO    | epoch 13 | batch 180/1252 | loss 0.7546 | acc 0.8094 | lr 8.36e-05 | 13s
2026-09-17 16:46:48 | INFO    | epoch 13 | batch 200/1252 | loss 0.7575 | acc 0.8073 | lr 8.35e-05 | 14s
2026-09-17 16:46:49 | INFO    | epoch 13 | batch 220/1252 | loss 0.7571 | acc 0.8091 | lr 8.35e-05 | 16s
2026-09-17 16:46:50 | INFO    | epoch 13 | batch 240/1252 | loss 0.7581 | acc 0.8083 | lr 8.34e-05 | 17s
2026-09-17 16:46:52 | INFO    | epoch 13 | batch 260/1252 | loss 0.7591 | acc 0.8076 | lr 8.34e-05 | 19s
2026-09-17 16:46:53 | INFO    | epoch 13 | batch 280/1252 | loss 0.7550 | acc 0.8104 | lr 8.33e-05 | 20s
2026-09-17 16:46:55 | INFO    | epoch 13 | batch 300/1252 | loss 0.7564 | acc 0.8086 | lr 8.33e-05 | 22s
2026-09-17 16:46:56 | INFO    | epoch 13 | batch 320/1252 | loss 0.7573 | acc 0.8073 | lr 8.32e-05 | 23s
2026-09-17 16:46:57 | INFO    | epoch 13 | batch 340/1252 | loss 0.7581 | acc 0.8075 | lr 8.32e-05 | 24s
2026-09-17 16:46:59 | INFO    | epoch 13 | batch 360/1252 | loss 0.7578 | acc 0.8082 | lr 8.32e-05 | 26s
2026-09-17 16:47:00 | INFO    | epoch 13 | batch 380/1252 | loss 0.7578 | acc 0.8082 | lr 8.31e-05 | 27s
2026-09-17 16:47:02 | INFO    | epoch 13 | batch 400/1252 | loss 0.7601 | acc 0.8066 | lr 8.31e-05 | 29s
2026-09-17 16:47:03 | INFO    | epoch 13 | batch 420/1252 | loss 0.7622 | acc 0.8054 | lr 8.30e-05 | 30s
2026-09-17 16:47:05 | INFO    | epoch 13 | batch 440/1252 | loss 0.7602 | acc 0.8068 | lr 8.30e-05 | 32s
2026-09-17 16:47:06 | INFO    | epoch 13 | batch 460/1252 | loss 0.7609 | acc 0.8067 | lr 8.29e-05 | 33s
2026-09-17 16:47:08 | INFO    | epoch 13 | batch 480/1252 | loss 0.7598 | acc 0.8068 | lr 8.29e-05 | 35s
2026-09-17 16:47:09 | INFO    | epoch 13 | batch 500/1252 | loss 0.7602 | acc 0.8064 | lr 8.28e-05 | 36s
2026-09-17 16:47:11 | INFO    | epoch 13 | batch 520/1252 | loss 0.7597 | acc 0.8064 | lr 8.28e-05 | 38s
2026-09-17 16:47:12 | INFO    | epoch 13 | batch 540/1252 | loss 0.7596 | acc 0.8064 | lr 8.27e-05 | 39s
2026-09-17 16:47:14 | INFO    | epoch 13 | batch 560/1252 | loss 0.7595 | acc 0.8065 | lr 8.27e-05 | 41s
2026-09-17 16:47:15 | INFO    | epoch 13 | batch 580/1252 | loss 0.7599 | acc 0.8067 | lr 8.26e-05 | 42s
2026-09-17 16:47:17 | INFO    | epoch 13 | batch 600/1252 | loss 0.7589 | acc 0.8073 | lr 8.26e-05 | 44s
2026-09-17 16:47:18 | INFO    | epoch 13 | batch 620/1252 | loss 0.7582 | acc 0.8077 | lr 8.25e-05 | 45s
2026-09-17 16:47:20 | INFO    | epoch 13 | batch 640/1252 | loss 0.7585 | acc 0.8073 | lr 8.25e-05 | 46s
2026-09-17 16:47:21 | INFO    | epoch 13 | batch 660/1252 | loss 0.7593 | acc 0.8067 | lr 8.24e-05 | 48s
2026-09-17 16:47:22 | INFO    | epoch 13 | batch 680/1252 | loss 0.7607 | acc 0.8063 | lr 8.24e-05 | 49s
2026-09-17 16:47:24 | INFO    | epoch 13 | batch 700/1252 | loss 0.7605 | acc 0.8066 | lr 8.23e-05 | 51s
2026-09-17 16:47:25 | INFO    | epoch 13 | batch 720/1252 | loss 0.7615 | acc 0.8057 | lr 8.23e-05 | 52s
2026-09-17 16:47:27 | INFO    | epoch 13 | batch 740/1252 | loss 0.7611 | acc 0.8060 | lr 8.22e-05 | 54s
2026-09-17 16:47:28 | INFO    | epoch 13 | batch 760/1252 | loss 0.7605 | acc 0.8065 | lr 8.22e-05 | 55s
2026-09-17 16:47:30 | INFO    | epoch 13 | batch 780/1252 | loss 0.7615 | acc 0.8057 | lr 8.21e-05 | 57s
2026-09-17 16:47:31 | INFO    | epoch 13 | batch 800/1252 | loss 0.7616 | acc 0.8056 | lr 8.21e-05 | 58s
2026-09-17 16:47:33 | INFO    | epoch 13 | batch 820/1252 | loss 0.7611 | acc 0.8054 | lr 8.20e-05 | 60s
2026-09-17 16:47:34 | INFO    | epoch 13 | batch 840/1252 | loss 0.7604 | acc 0.8057 | lr 8.20e-05 | 61s
2026-09-17 16:47:36 | INFO    | epoch 13 | batch 860/1252 | loss 0.7604 | acc 0.8055 | lr 8.19e-05 | 63s
2026-09-17 16:47:37 | INFO    | epoch 13 | batch 880/1252 | loss 0.7602 | acc 0.8058 | lr 8.19e-05 | 64s
2026-09-17 16:47:39 | INFO    | epoch 13 | batch 900/1252 | loss 0.7603 | acc 0.8055 | lr 8.18e-05 | 66s
2026-09-17 16:47:40 | INFO    | epoch 13 | batch 920/1252 | loss 0.7598 | acc 0.8056 | lr 8.18e-05 | 67s
2026-09-17 16:47:42 | INFO    | epoch 13 | batch 940/1252 | loss 0.7588 | acc 0.8063 | lr 8.17e-05 | 69s
2026-09-17 16:47:43 | INFO    | epoch 13 | batch 960/1252 | loss 0.7593 | acc 0.8060 | lr 8.17e-05 | 70s
2026-09-17 16:47:45 | INFO    | epoch 13 | batch 980/1252 | loss 0.7588 | acc 0.8061 | lr 8.16e-05 | 72s
2026-09-17 16:47:46 | INFO    | epoch 13 | batch 1000/1252 | loss 0.7587 | acc 0.8059 | lr 8.15e-05 | 73s
2026-09-17 16:47:48 | INFO    | epoch 13 | batch 1020/1252 | loss 0.7580 | acc 0.8062 | lr 8.15e-05 | 75s
2026-09-17 16:47:49 | INFO    | epoch 13 | batch 1040/1252 | loss 0.7576 | acc 0.8062 | lr 8.14e-05 | 76s
2026-09-17 16:47:51 | INFO    | epoch 13 | batch 1060/1252 | loss 0.7576 | acc 0.8063 | lr 8.14e-05 | 78s
2026-09-17 16:47:52 | INFO    | epoch 13 | batch 1080/1252 | loss 0.7574 | acc 0.8063 | lr 8.13e-05 | 79s
2026-09-17 16:47:54 | INFO    | epoch 13 | batch 1100/1252 | loss 0.7570 | acc 0.8064 | lr 8.13e-05 | 81s
2026-09-17 16:47:55 | INFO    | epoch 13 | batch 1120/1252 | loss 0.7568 | acc 0.8067 | lr 8.12e-05 | 82s
2026-09-17 16:47:57 | INFO    | epoch 13 | batch 1140/1252 | loss 0.7565 | acc 0.8070 | lr 8.12e-05 | 84s
2026-09-17 16:47:58 | INFO    | epoch 13 | batch 1160/1252 | loss 0.7563 | acc 0.8072 | lr 8.11e-05 | 85s
2026-09-17 16:48:00 | INFO    | epoch 13 | batch 1180/1252 | loss 0.7555 | acc 0.8076 | lr 8.11e-05 | 86s
2026-09-17 16:48:01 | INFO    | epoch 13 | batch 1200/1252 | loss 0.7552 | acc 0.8078 | lr 8.10e-05 | 88s
2026-09-17 16:48:02 | INFO    | epoch 13 | batch 1220/1252 | loss 0.7561 | acc 0.8076 | lr 8.10e-05 | 89s
2026-09-17 16:48:04 | INFO    | epoch 13 | batch 1240/1252 | loss 0.7558 | acc 0.8076 | lr 8.09e-05 | 91s
2026-09-17 16:48:05 | INFO    | epoch 13 | batch 1252/1252 | loss 0.7555 | acc 0.8077 | lr 8.09e-05 | 92s
2026-09-17 16:48:15 | INFO    | epoch 13/40 done in 101s | train loss 0.7555 | train running patch (aug): accuracy=0.8077 precision=0.8054 recall=0.7993 f1=0.8018
2026-09-17 16:48:15 | INFO    | epoch 13 train (eval, no aug) | loss 0.9529 | patch[7280]: accuracy=0.6924 precision=0.6922 recall=0.6774 f1=0.6821 | image[455]: accuracy=0.7824 precision=0.7787 recall=0.7662 f1=0.7703
2026-09-17 16:48:15 | INFO    | epoch 13 val | loss 1.2237 | patch[8448]: accuracy=0.5690 precision=0.5418 recall=0.5395 f1=0.5367 | image[96]: accuracy=0.5938 precision=0.5536 recall=0.5572 f1=0.5467
2026-09-17 16:48:15 | INFO    | val_patch_f1 = 0.5367 (best 0.5367 @ epoch 13) *
2026-09-17 16:48:16 | INFO    | epoch 14 | batch 20/1252 | loss 0.7108 | acc 0.8344 | lr 8.09e-05 | 2s
2026-09-17 16:48:18 | INFO    | epoch 14 | batch 40/1252 | loss 0.7209 | acc 0.8297 | lr 8.08e-05 | 3s
2026-09-17 16:48:19 | INFO    | epoch 14 | batch 60/1252 | loss 0.7296 | acc 0.8286 | lr 8.07e-05 | 5s
2026-09-17 16:48:21 | INFO    | epoch 14 | batch 80/1252 | loss 0.7333 | acc 0.8262 | lr 8.07e-05 | 6s
2026-09-17 16:48:22 | INFO    | epoch 14 | batch 100/1252 | loss 0.7390 | acc 0.8237 | lr 8.06e-05 | 8s
2026-09-17 16:48:24 | INFO    | epoch 14 | batch 120/1252 | loss 0.7423 | acc 0.8201 | lr 8.06e-05 | 9s
2026-09-17 16:48:25 | INFO    | epoch 14 | batch 140/1252 | loss 0.7414 | acc 0.8183 | lr 8.05e-05 | 10s
2026-09-17 16:48:27 | INFO    | epoch 14 | batch 160/1252 | loss 0.7411 | acc 0.8184 | lr 8.05e-05 | 12s
2026-09-17 16:48:28 | INFO    | epoch 14 | batch 180/1252 | loss 0.7429 | acc 0.8158 | lr 8.04e-05 | 13s
2026-09-17 16:48:30 | INFO    | epoch 14 | batch 200/1252 | loss 0.7426 | acc 0.8147 | lr 8.04e-05 | 15s
2026-09-17 16:48:31 | INFO    | epoch 14 | batch 220/1252 | loss 0.7414 | acc 0.8155 | lr 8.03e-05 | 16s
2026-09-17 16:48:33 | INFO    | epoch 14 | batch 240/1252 | loss 0.7395 | acc 0.8169 | lr 8.03e-05 | 18s
2026-09-17 16:48:34 | INFO    | epoch 14 | batch 260/1252 | loss 0.7423 | acc 0.8163 | lr 8.02e-05 | 19s
2026-09-17 16:48:36 | INFO    | epoch 14 | batch 280/1252 | loss 0.7430 | acc 0.8162 | lr 8.02e-05 | 21s
2026-09-17 16:48:37 | INFO    | epoch 14 | batch 300/1252 | loss 0.7408 | acc 0.8164 | lr 8.01e-05 | 22s
2026-09-17 16:48:38 | INFO    | epoch 14 | batch 320/1252 | loss 0.7411 | acc 0.8150 | lr 8.01e-05 | 24s
2026-09-17 16:48:40 | INFO    | epoch 14 | batch 340/1252 | loss 0.7415 | acc 0.8148 | lr 8.00e-05 | 25s
2026-09-17 16:48:41 | INFO    | epoch 14 | batch 360/1252 | loss 0.7408 | acc 0.8151 | lr 8.00e-05 | 27s
2026-09-17 16:48:43 | INFO    | epoch 14 | batch 380/1252 | loss 0.7420 | acc 0.8145 | lr 7.99e-05 | 28s
2026-09-17 16:48:44 | INFO    | epoch 14 | batch 400/1252 | loss 0.7434 | acc 0.8138 | lr 7.99e-05 | 30s
2026-09-17 16:48:46 | INFO    | epoch 14 | batch 420/1252 | loss 0.7435 | acc 0.8137 | lr 7.98e-05 | 31s
2026-09-17 16:48:47 | INFO    | epoch 14 | batch 440/1252 | loss 0.7435 | acc 0.8145 | lr 7.98e-05 | 33s
2026-09-17 16:48:49 | INFO    | epoch 14 | batch 460/1252 | loss 0.7440 | acc 0.8141 | lr 7.97e-05 | 34s
2026-09-17 16:48:50 | INFO    | epoch 14 | batch 480/1252 | loss 0.7441 | acc 0.8142 | lr 7.97e-05 | 36s
2026-09-17 16:48:52 | INFO    | epoch 14 | batch 500/1252 | loss 0.7447 | acc 0.8132 | lr 7.96e-05 | 37s
2026-09-17 16:48:53 | INFO    | epoch 14 | batch 520/1252 | loss 0.7431 | acc 0.8145 | lr 7.95e-05 | 38s
2026-09-17 16:48:55 | INFO    | epoch 14 | batch 540/1252 | loss 0.7428 | acc 0.8142 | lr 7.95e-05 | 40s
2026-09-17 16:48:56 | INFO    | epoch 14 | batch 560/1252 | loss 0.7421 | acc 0.8146 | lr 7.94e-05 | 41s
2026-09-17 16:48:57 | INFO    | epoch 14 | batch 580/1252 | loss 0.7412 | acc 0.8154 | lr 7.94e-05 | 43s
2026-09-17 16:48:59 | INFO    | epoch 14 | batch 600/1252 | loss 0.7403 | acc 0.8165 | lr 7.93e-05 | 44s
2026-09-17 16:49:00 | INFO    | epoch 14 | batch 620/1252 | loss 0.7416 | acc 0.8156 | lr 7.93e-05 | 46s
2026-09-17 16:49:02 | INFO    | epoch 14 | batch 640/1252 | loss 0.7422 | acc 0.8150 | lr 7.92e-05 | 47s
2026-09-17 16:49:03 | INFO    | epoch 14 | batch 660/1252 | loss 0.7427 | acc 0.8147 | lr 7.92e-05 | 49s
2026-09-17 16:49:05 | INFO    | epoch 14 | batch 680/1252 | loss 0.7418 | acc 0.8155 | lr 7.91e-05 | 50s
2026-09-17 16:49:06 | INFO    | epoch 14 | batch 700/1252 | loss 0.7423 | acc 0.8150 | lr 7.91e-05 | 51s
2026-09-17 16:49:08 | INFO    | epoch 14 | batch 720/1252 | loss 0.7425 | acc 0.8154 | lr 7.90e-05 | 53s
2026-09-17 16:49:09 | INFO    | epoch 14 | batch 740/1252 | loss 0.7427 | acc 0.8151 | lr 7.90e-05 | 54s
2026-09-17 16:49:11 | INFO    | epoch 14 | batch 760/1252 | loss 0.7421 | acc 0.8154 | lr 7.89e-05 | 56s
2026-09-17 16:49:12 | INFO    | epoch 14 | batch 780/1252 | loss 0.7410 | acc 0.8163 | lr 7.89e-05 | 57s
2026-09-17 16:49:14 | INFO    | epoch 14 | batch 800/1252 | loss 0.7402 | acc 0.8168 | lr 7.88e-05 | 59s
2026-09-17 16:49:15 | INFO    | epoch 14 | batch 820/1252 | loss 0.7403 | acc 0.8167 | lr 7.87e-05 | 60s
2026-09-17 16:49:16 | INFO    | epoch 14 | batch 840/1252 | loss 0.7397 | acc 0.8171 | lr 7.87e-05 | 62s
2026-09-17 16:49:18 | INFO    | epoch 14 | batch 860/1252 | loss 0.7400 | acc 0.8170 | lr 7.86e-05 | 63s
2026-09-17 16:49:19 | INFO    | epoch 14 | batch 880/1252 | loss 0.7404 | acc 0.8170 | lr 7.86e-05 | 65s
2026-09-17 16:49:21 | INFO    | epoch 14 | batch 900/1252 | loss 0.7404 | acc 0.8169 | lr 7.85e-05 | 66s
2026-09-17 16:49:22 | INFO    | epoch 14 | batch 920/1252 | loss 0.7398 | acc 0.8173 | lr 7.85e-05 | 68s
2026-09-17 16:49:24 | INFO    | epoch 14 | batch 940/1252 | loss 0.7400 | acc 0.8170 | lr 7.84e-05 | 69s
2026-09-17 16:49:25 | INFO    | epoch 14 | batch 960/1252 | loss 0.7404 | acc 0.8165 | lr 7.84e-05 | 71s
2026-09-17 16:49:27 | INFO    | epoch 14 | batch 980/1252 | loss 0.7409 | acc 0.8165 | lr 7.83e-05 | 72s
2026-09-17 16:49:28 | INFO    | epoch 14 | batch 1000/1252 | loss 0.7407 | acc 0.8170 | lr 7.83e-05 | 74s
2026-09-17 16:49:30 | INFO    | epoch 14 | batch 1020/1252 | loss 0.7403 | acc 0.8175 | lr 7.82e-05 | 75s
2026-09-17 16:49:31 | INFO    | epoch 14 | batch 1040/1252 | loss 0.7394 | acc 0.8183 | lr 7.82e-05 | 77s
2026-09-17 16:49:33 | INFO    | epoch 14 | batch 1060/1252 | loss 0.7395 | acc 0.8182 | lr 7.81e-05 | 78s
2026-09-17 16:49:34 | INFO    | epoch 14 | batch 1080/1252 | loss 0.7394 | acc 0.8183 | lr 7.80e-05 | 79s
2026-09-17 16:49:36 | INFO    | epoch 14 | batch 1100/1252 | loss 0.7396 | acc 0.8179 | lr 7.80e-05 | 81s
2026-09-17 16:49:37 | INFO    | epoch 14 | batch 1120/1252 | loss 0.7396 | acc 0.8181 | lr 7.79e-05 | 82s
2026-09-17 16:49:39 | INFO    | epoch 14 | batch 1140/1252 | loss 0.7390 | acc 0.8185 | lr 7.79e-05 | 84s
2026-09-17 16:49:40 | INFO    | epoch 14 | batch 1160/1252 | loss 0.7387 | acc 0.8187 | lr 7.78e-05 | 85s
2026-09-17 16:49:41 | INFO    | epoch 14 | batch 1180/1252 | loss 0.7388 | acc 0.8187 | lr 7.78e-05 | 87s
2026-09-17 16:49:43 | INFO    | epoch 14 | batch 1200/1252 | loss 0.7387 | acc 0.8188 | lr 7.77e-05 | 88s
2026-09-17 16:49:44 | INFO    | epoch 14 | batch 1220/1252 | loss 0.7381 | acc 0.8194 | lr 7.77e-05 | 90s
2026-09-17 16:49:46 | INFO    | epoch 14 | batch 1240/1252 | loss 0.7375 | acc 0.8195 | lr 7.76e-05 | 91s
2026-09-17 16:49:47 | INFO    | epoch 14 | batch 1252/1252 | loss 0.7370 | acc 0.8197 | lr 7.76e-05 | 92s
2026-09-17 16:49:56 | INFO    | epoch 14/40 done in 101s | train loss 0.7370 | train running patch (aug): accuracy=0.8197 precision=0.8170 recall=0.8111 f1=0.8136
2026-09-17 16:49:56 | INFO    | epoch 14 train (eval, no aug) | loss 0.8820 | patch[7280]: accuracy=0.7343 precision=0.7346 recall=0.7276 f1=0.7293 | image[455]: accuracy=0.8176 precision=0.8202 recall=0.8089 f1=0.8124
2026-09-17 16:49:56 | INFO    | epoch 14 val | loss 1.1949 | patch[8448]: accuracy=0.5733 precision=0.5622 recall=0.5514 f1=0.5533 | image[96]: accuracy=0.6354 precision=0.6271 recall=0.6134 f1=0.6154
2026-09-17 16:49:56 | INFO    | val_patch_f1 = 0.5533 (best 0.5533 @ epoch 14) *
2026-09-17 16:49:58 | INFO    | epoch 15 | batch 20/1252 | loss 0.7248 | acc 0.8172 | lr 7.75e-05 | 2s
2026-09-17 16:49:59 | INFO    | epoch 15 | batch 40/1252 | loss 0.7314 | acc 0.8180 | lr 7.75e-05 | 3s
2026-09-17 16:50:01 | INFO    | epoch 15 | batch 60/1252 | loss 0.7315 | acc 0.8156 | lr 7.74e-05 | 5s
2026-09-17 16:50:02 | INFO    | epoch 15 | batch 80/1252 | loss 0.7221 | acc 0.8195 | lr 7.74e-05 | 6s
2026-09-17 16:50:04 | INFO    | epoch 15 | batch 100/1252 | loss 0.7197 | acc 0.8203 | lr 7.73e-05 | 7s
2026-09-17 16:50:05 | INFO    | epoch 15 | batch 120/1252 | loss 0.7139 | acc 0.8242 | lr 7.72e-05 | 9s
2026-09-17 16:50:07 | INFO    | epoch 15 | batch 140/1252 | loss 0.7147 | acc 0.8250 | lr 7.72e-05 | 10s
2026-09-17 16:50:08 | INFO    | epoch 15 | batch 160/1252 | loss 0.7158 | acc 0.8256 | lr 7.71e-05 | 12s
2026-09-17 16:50:10 | INFO    | epoch 15 | batch 180/1252 | loss 0.7209 | acc 0.8243 | lr 7.71e-05 | 13s
2026-09-17 16:50:11 | INFO    | epoch 15 | batch 200/1252 | loss 0.7219 | acc 0.8247 | lr 7.70e-05 | 15s
2026-09-17 16:50:12 | INFO    | epoch 15 | batch 220/1252 | loss 0.7243 | acc 0.8243 | lr 7.70e-05 | 16s
2026-09-17 16:50:14 | INFO    | epoch 15 | batch 240/1252 | loss 0.7238 | acc 0.8242 | lr 7.69e-05 | 18s
2026-09-17 16:50:15 | INFO    | epoch 15 | batch 260/1252 | loss 0.7221 | acc 0.8260 | lr 7.69e-05 | 19s
2026-09-17 16:50:17 | INFO    | epoch 15 | batch 280/1252 | loss 0.7225 | acc 0.8262 | lr 7.68e-05 | 20s
2026-09-17 16:50:18 | INFO    | epoch 15 | batch 300/1252 | loss 0.7213 | acc 0.8260 | lr 7.67e-05 | 22s
2026-09-17 16:50:20 | INFO    | epoch 15 | batch 320/1252 | loss 0.7230 | acc 0.8253 | lr 7.67e-05 | 23s
2026-09-17 16:50:21 | INFO    | epoch 15 | batch 340/1252 | loss 0.7247 | acc 0.8247 | lr 7.66e-05 | 25s
2026-09-17 16:50:23 | INFO    | epoch 15 | batch 360/1252 | loss 0.7249 | acc 0.8247 | lr 7.66e-05 | 26s
2026-09-17 16:50:24 | INFO    | epoch 15 | batch 380/1252 | loss 0.7259 | acc 0.8242 | lr 7.65e-05 | 28s
2026-09-17 16:50:25 | INFO    | epoch 15 | batch 400/1252 | loss 0.7259 | acc 0.8240 | lr 7.65e-05 | 29s
2026-09-17 16:50:27 | INFO    | epoch 15 | batch 420/1252 | loss 0.7262 | acc 0.8240 | lr 7.64e-05 | 30s
2026-09-17 16:50:28 | INFO    | epoch 15 | batch 440/1252 | loss 0.7270 | acc 0.8237 | lr 7.64e-05 | 32s
2026-09-17 16:50:29 | INFO    | epoch 15 | batch 460/1252 | loss 0.7265 | acc 0.8238 | lr 7.63e-05 | 33s
2026-09-17 16:50:31 | INFO    | epoch 15 | batch 480/1252 | loss 0.7256 | acc 0.8243 | lr 7.62e-05 | 34s
2026-09-17 16:50:32 | INFO    | epoch 15 | batch 500/1252 | loss 0.7266 | acc 0.8239 | lr 7.62e-05 | 36s
2026-09-17 16:50:34 | INFO    | epoch 15 | batch 520/1252 | loss 0.7252 | acc 0.8248 | lr 7.61e-05 | 37s
2026-09-17 16:50:35 | INFO    | epoch 15 | batch 540/1252 | loss 0.7235 | acc 0.8255 | lr 7.61e-05 | 39s
2026-09-17 16:50:37 | INFO    | epoch 15 | batch 560/1252 | loss 0.7241 | acc 0.8254 | lr 7.60e-05 | 40s
2026-09-17 16:50:38 | INFO    | epoch 15 | batch 580/1252 | loss 0.7245 | acc 0.8253 | lr 7.60e-05 | 42s
2026-09-17 16:50:39 | INFO    | epoch 15 | batch 600/1252 | loss 0.7235 | acc 0.8258 | lr 7.59e-05 | 43s
2026-09-17 16:50:41 | INFO    | epoch 15 | batch 620/1252 | loss 0.7221 | acc 0.8269 | lr 7.59e-05 | 44s
2026-09-17 16:50:42 | INFO    | epoch 15 | batch 640/1252 | loss 0.7221 | acc 0.8269 | lr 7.58e-05 | 46s
2026-09-17 16:50:43 | INFO    | epoch 15 | batch 660/1252 | loss 0.7222 | acc 0.8269 | lr 7.57e-05 | 47s
2026-09-17 16:50:45 | INFO    | epoch 15 | batch 680/1252 | loss 0.7224 | acc 0.8269 | lr 7.57e-05 | 48s
2026-09-17 16:50:46 | INFO    | epoch 15 | batch 700/1252 | loss 0.7217 | acc 0.8273 | lr 7.56e-05 | 50s
2026-09-17 16:50:48 | INFO    | epoch 15 | batch 720/1252 | loss 0.7215 | acc 0.8275 | lr 7.56e-05 | 51s
2026-09-17 16:50:49 | INFO    | epoch 15 | batch 740/1252 | loss 0.7217 | acc 0.8275 | lr 7.55e-05 | 53s
2026-09-17 16:50:50 | INFO    | epoch 15 | batch 760/1252 | loss 0.7209 | acc 0.8278 | lr 7.55e-05 | 54s
2026-09-17 16:50:52 | INFO    | epoch 15 | batch 780/1252 | loss 0.7208 | acc 0.8277 | lr 7.54e-05 | 55s
2026-09-17 16:50:53 | INFO    | epoch 15 | batch 800/1252 | loss 0.7203 | acc 0.8280 | lr 7.53e-05 | 57s
2026-09-17 16:50:55 | INFO    | epoch 15 | batch 820/1252 | loss 0.7208 | acc 0.8277 | lr 7.53e-05 | 58s
2026-09-17 16:50:56 | INFO    | epoch 15 | batch 840/1252 | loss 0.7211 | acc 0.8281 | lr 7.52e-05 | 60s
2026-09-17 16:50:58 | INFO    | epoch 15 | batch 860/1252 | loss 0.7219 | acc 0.8277 | lr 7.52e-05 | 61s
2026-09-17 16:50:59 | INFO    | epoch 15 | batch 880/1252 | loss 0.7216 | acc 0.8275 | lr 7.51e-05 | 63s
2026-09-17 16:51:00 | INFO    | epoch 15 | batch 900/1252 | loss 0.7215 | acc 0.8274 | lr 7.51e-05 | 64s
2026-09-17 16:51:02 | INFO    | epoch 15 | batch 920/1252 | loss 0.7212 | acc 0.8275 | lr 7.50e-05 | 65s
2026-09-17 16:51:03 | INFO    | epoch 15 | batch 940/1252 | loss 0.7214 | acc 0.8276 | lr 7.50e-05 | 67s
2026-09-17 16:51:05 | INFO    | epoch 15 | batch 960/1252 | loss 0.7215 | acc 0.8276 | lr 7.49e-05 | 68s
2026-09-17 16:51:06 | INFO    | epoch 15 | batch 980/1252 | loss 0.7213 | acc 0.8276 | lr 7.48e-05 | 70s
2026-09-17 16:51:07 | INFO    | epoch 15 | batch 1000/1252 | loss 0.7210 | acc 0.8276 | lr 7.48e-05 | 71s
2026-09-17 16:51:09 | INFO    | epoch 15 | batch 1020/1252 | loss 0.7203 | acc 0.8281 | lr 7.47e-05 | 72s
2026-09-17 16:51:10 | INFO    | epoch 15 | batch 1040/1252 | loss 0.7205 | acc 0.8282 | lr 7.47e-05 | 74s
2026-09-17 16:51:12 | INFO    | epoch 15 | batch 1060/1252 | loss 0.7203 | acc 0.8284 | lr 7.46e-05 | 75s
2026-09-17 16:51:13 | INFO    | epoch 15 | batch 1080/1252 | loss 0.7202 | acc 0.8285 | lr 7.46e-05 | 77s
2026-09-17 16:51:15 | INFO    | epoch 15 | batch 1100/1252 | loss 0.7209 | acc 0.8284 | lr 7.45e-05 | 78s
2026-09-17 16:51:16 | INFO    | epoch 15 | batch 1120/1252 | loss 0.7211 | acc 0.8284 | lr 7.44e-05 | 80s
2026-09-17 16:51:17 | INFO    | epoch 15 | batch 1140/1252 | loss 0.7209 | acc 0.8285 | lr 7.44e-05 | 81s
2026-09-17 16:51:19 | INFO    | epoch 15 | batch 1160/1252 | loss 0.7210 | acc 0.8281 | lr 7.43e-05 | 82s
2026-09-17 16:51:20 | INFO    | epoch 15 | batch 1180/1252 | loss 0.7212 | acc 0.8279 | lr 7.43e-05 | 84s
2026-09-17 16:51:21 | INFO    | epoch 15 | batch 1200/1252 | loss 0.7205 | acc 0.8283 | lr 7.42e-05 | 85s
2026-09-17 16:51:23 | INFO    | epoch 15 | batch 1220/1252 | loss 0.7201 | acc 0.8280 | lr 7.42e-05 | 86s
2026-09-17 16:51:24 | INFO    | epoch 15 | batch 1240/1252 | loss 0.7205 | acc 0.8281 | lr 7.41e-05 | 87s
2026-09-17 16:51:25 | INFO    | epoch 15 | batch 1252/1252 | loss 0.7212 | acc 0.8279 | lr 7.41e-05 | 88s
2026-09-17 16:51:34 | INFO    | epoch 15/40 done in 98s | train loss 0.7212 | train running patch (aug): accuracy=0.8279 precision=0.8262 recall=0.8203 f1=0.8229
2026-09-17 16:51:34 | INFO    | epoch 15 train (eval, no aug) | loss 0.8914 | patch[7280]: accuracy=0.7332 precision=0.7306 recall=0.7288 f1=0.7295 | image[455]: accuracy=0.8198 precision=0.8212 recall=0.8169 f1=0.8182
2026-09-17 16:51:34 | INFO    | epoch 15 val | loss 1.2136 | patch[8448]: accuracy=0.5780 precision=0.5490 recall=0.5500 f1=0.5486 | image[96]: accuracy=0.6042 precision=0.5580 recall=0.5663 f1=0.5579
2026-09-17 16:51:34 | INFO    | val_patch_f1 = 0.5486 (best 0.5533 @ epoch 14)
2026-09-17 16:51:36 | INFO    | epoch 16 | batch 20/1252 | loss 0.7252 | acc 0.8219 | lr 7.40e-05 | 2s
2026-09-17 16:51:38 | INFO    | epoch 16 | batch 40/1252 | loss 0.7247 | acc 0.8227 | lr 7.39e-05 | 3s
2026-09-17 16:51:39 | INFO    | epoch 16 | batch 60/1252 | loss 0.7057 | acc 0.8375 | lr 7.39e-05 | 4s
2026-09-17 16:51:40 | INFO    | epoch 16 | batch 80/1252 | loss 0.7052 | acc 0.8410 | lr 7.38e-05 | 6s
2026-09-17 16:51:42 | INFO    | epoch 16 | batch 100/1252 | loss 0.7056 | acc 0.8384 | lr 7.38e-05 | 7s
2026-09-17 16:51:43 | INFO    | epoch 16 | batch 120/1252 | loss 0.7017 | acc 0.8396 | lr 7.37e-05 | 9s
2026-09-17 16:51:45 | INFO    | epoch 16 | batch 140/1252 | loss 0.7025 | acc 0.8388 | lr 7.37e-05 | 10s
2026-09-17 16:51:46 | INFO    | epoch 16 | batch 160/1252 | loss 0.7034 | acc 0.8357 | lr 7.36e-05 | 12s
2026-09-17 16:51:48 | INFO    | epoch 16 | batch 180/1252 | loss 0.7010 | acc 0.8356 | lr 7.35e-05 | 13s
2026-09-17 16:51:49 | INFO    | epoch 16 | batch 200/1252 | loss 0.6993 | acc 0.8367 | lr 7.35e-05 | 15s
2026-09-17 16:51:50 | INFO    | epoch 16 | batch 220/1252 | loss 0.6949 | acc 0.8396 | lr 7.34e-05 | 16s
2026-09-17 16:51:52 | INFO    | epoch 16 | batch 240/1252 | loss 0.6948 | acc 0.8388 | lr 7.34e-05 | 17s
2026-09-17 16:51:53 | INFO    | epoch 16 | batch 260/1252 | loss 0.6966 | acc 0.8376 | lr 7.33e-05 | 19s
2026-09-17 16:51:55 | INFO    | epoch 16 | batch 280/1252 | loss 0.6952 | acc 0.8390 | lr 7.33e-05 | 20s
2026-09-17 16:51:56 | INFO    | epoch 16 | batch 300/1252 | loss 0.6983 | acc 0.8373 | lr 7.32e-05 | 22s
2026-09-17 16:51:58 | INFO    | epoch 16 | batch 320/1252 | loss 0.6991 | acc 0.8375 | lr 7.31e-05 | 23s
2026-09-17 16:51:59 | INFO    | epoch 16 | batch 340/1252 | loss 0.7009 | acc 0.8369 | lr 7.31e-05 | 25s
2026-09-17 16:52:01 | INFO    | epoch 16 | batch 360/1252 | loss 0.7039 | acc 0.8363 | lr 7.30e-05 | 26s
2026-09-17 16:52:02 | INFO    | epoch 16 | batch 380/1252 | loss 0.7030 | acc 0.8372 | lr 7.30e-05 | 27s
2026-09-17 16:52:03 | INFO    | epoch 16 | batch 400/1252 | loss 0.7039 | acc 0.8367 | lr 7.29e-05 | 29s
2026-09-17 16:52:05 | INFO    | epoch 16 | batch 420/1252 | loss 0.7046 | acc 0.8366 | lr 7.28e-05 | 30s
2026-09-17 16:52:06 | INFO    | epoch 16 | batch 440/1252 | loss 0.7036 | acc 0.8378 | lr 7.28e-05 | 32s
2026-09-17 16:52:08 | INFO    | epoch 16 | batch 460/1252 | loss 0.7037 | acc 0.8382 | lr 7.27e-05 | 33s
2026-09-17 16:52:09 | INFO    | epoch 16 | batch 480/1252 | loss 0.7033 | acc 0.8385 | lr 7.27e-05 | 35s
2026-09-17 16:52:11 | INFO    | epoch 16 | batch 500/1252 | loss 0.7024 | acc 0.8392 | lr 7.26e-05 | 36s
2026-09-17 16:52:12 | INFO    | epoch 16 | batch 520/1252 | loss 0.7024 | acc 0.8389 | lr 7.26e-05 | 38s
2026-09-17 16:52:14 | INFO    | epoch 16 | batch 540/1252 | loss 0.7017 | acc 0.8392 | lr 7.25e-05 | 39s
2026-09-17 16:52:15 | INFO    | epoch 16 | batch 560/1252 | loss 0.7003 | acc 0.8398 | lr 7.24e-05 | 41s
2026-09-17 16:52:17 | INFO    | epoch 16 | batch 580/1252 | loss 0.7000 | acc 0.8402 | lr 7.24e-05 | 42s
2026-09-17 16:52:18 | INFO    | epoch 16 | batch 600/1252 | loss 0.7003 | acc 0.8399 | lr 7.23e-05 | 44s
2026-09-17 16:52:20 | INFO    | epoch 16 | batch 620/1252 | loss 0.6996 | acc 0.8400 | lr 7.23e-05 | 45s
2026-09-17 16:52:21 | INFO    | epoch 16 | batch 640/1252 | loss 0.6999 | acc 0.8403 | lr 7.22e-05 | 47s
2026-09-17 16:52:23 | INFO    | epoch 16 | batch 660/1252 | loss 0.7008 | acc 0.8398 | lr 7.21e-05 | 48s
2026-09-17 16:52:24 | INFO    | epoch 16 | batch 680/1252 | loss 0.7008 | acc 0.8397 | lr 7.21e-05 | 50s
2026-09-17 16:52:26 | INFO    | epoch 16 | batch 700/1252 | loss 0.7002 | acc 0.8399 | lr 7.20e-05 | 51s
2026-09-17 16:52:27 | INFO    | epoch 16 | batch 720/1252 | loss 0.6994 | acc 0.8402 | lr 7.20e-05 | 53s
2026-09-17 16:52:29 | INFO    | epoch 16 | batch 740/1252 | loss 0.6996 | acc 0.8400 | lr 7.19e-05 | 54s
2026-09-17 16:52:30 | INFO    | epoch 16 | batch 760/1252 | loss 0.6992 | acc 0.8403 | lr 7.18e-05 | 56s
2026-09-17 16:52:32 | INFO    | epoch 16 | batch 780/1252 | loss 0.6988 | acc 0.8405 | lr 7.18e-05 | 57s
2026-09-17 16:52:33 | INFO    | epoch 16 | batch 800/1252 | loss 0.6980 | acc 0.8409 | lr 7.17e-05 | 59s
2026-09-17 16:52:34 | INFO    | epoch 16 | batch 820/1252 | loss 0.6982 | acc 0.8411 | lr 7.17e-05 | 60s
2026-09-17 16:52:36 | INFO    | epoch 16 | batch 840/1252 | loss 0.6983 | acc 0.8413 | lr 7.16e-05 | 62s
2026-09-17 16:52:37 | INFO    | epoch 16 | batch 860/1252 | loss 0.6979 | acc 0.8415 | lr 7.16e-05 | 63s
2026-09-17 16:52:39 | INFO    | epoch 16 | batch 880/1252 | loss 0.6989 | acc 0.8410 | lr 7.15e-05 | 65s
2026-09-17 16:52:40 | INFO    | epoch 16 | batch 900/1252 | loss 0.6992 | acc 0.8408 | lr 7.14e-05 | 66s
2026-09-17 16:52:42 | INFO    | epoch 16 | batch 920/1252 | loss 0.6992 | acc 0.8409 | lr 7.14e-05 | 67s
2026-09-17 16:52:43 | INFO    | epoch 16 | batch 940/1252 | loss 0.6995 | acc 0.8407 | lr 7.13e-05 | 69s
2026-09-17 16:52:45 | INFO    | epoch 16 | batch 960/1252 | loss 0.6991 | acc 0.8408 | lr 7.13e-05 | 70s
2026-09-17 16:52:46 | INFO    | epoch 16 | batch 980/1252 | loss 0.6991 | acc 0.8408 | lr 7.12e-05 | 72s
2026-09-17 16:52:48 | INFO    | epoch 16 | batch 1000/1252 | loss 0.6991 | acc 0.8408 | lr 7.11e-05 | 73s
2026-09-17 16:52:49 | INFO    | epoch 16 | batch 1020/1252 | loss 0.6993 | acc 0.8410 | lr 7.11e-05 | 75s
2026-09-17 16:52:51 | INFO    | epoch 16 | batch 1040/1252 | loss 0.6989 | acc 0.8413 | lr 7.10e-05 | 76s
2026-09-17 16:52:52 | INFO    | epoch 16 | batch 1060/1252 | loss 0.6992 | acc 0.8415 | lr 7.10e-05 | 78s
2026-09-17 16:52:54 | INFO    | epoch 16 | batch 1080/1252 | loss 0.6988 | acc 0.8417 | lr 7.09e-05 | 79s
2026-09-17 16:52:55 | INFO    | epoch 16 | batch 1100/1252 | loss 0.6997 | acc 0.8412 | lr 7.08e-05 | 81s
2026-09-17 16:52:56 | INFO    | epoch 16 | batch 1120/1252 | loss 0.7000 | acc 0.8408 | lr 7.08e-05 | 82s
2026-09-17 16:52:58 | INFO    | epoch 16 | batch 1140/1252 | loss 0.6999 | acc 0.8410 | lr 7.07e-05 | 83s
2026-09-17 16:52:59 | INFO    | epoch 16 | batch 1160/1252 | loss 0.7002 | acc 0.8408 | lr 7.07e-05 | 85s
2026-09-17 16:53:01 | INFO    | epoch 16 | batch 1180/1252 | loss 0.7003 | acc 0.8407 | lr 7.06e-05 | 86s
2026-09-17 16:53:02 | INFO    | epoch 16 | batch 1200/1252 | loss 0.7005 | acc 0.8406 | lr 7.05e-05 | 88s
2026-09-17 16:53:04 | INFO    | epoch 16 | batch 1220/1252 | loss 0.6999 | acc 0.8413 | lr 7.05e-05 | 89s
2026-09-17 16:53:05 | INFO    | epoch 16 | batch 1240/1252 | loss 0.7005 | acc 0.8407 | lr 7.04e-05 | 91s
2026-09-17 16:53:06 | INFO    | epoch 16 | batch 1252/1252 | loss 0.7005 | acc 0.8407 | lr 7.04e-05 | 92s
2026-09-17 16:53:16 | INFO    | epoch 16/40 done in 101s | train loss 0.7005 | train running patch (aug): accuracy=0.8407 precision=0.8390 recall=0.8338 f1=0.8361
2026-09-17 16:53:16 | INFO    | epoch 16 train (eval, no aug) | loss 0.9013 | patch[7280]: accuracy=0.7271 precision=0.7330 recall=0.7189 f1=0.7228 | image[455]: accuracy=0.7934 precision=0.8053 recall=0.7875 f1=0.7923
2026-09-17 16:53:16 | INFO    | epoch 16 val | loss 1.1942 | patch[8448]: accuracy=0.5928 precision=0.5698 recall=0.5615 f1=0.5598 | image[96]: accuracy=0.6458 precision=0.6373 recall=0.6215 f1=0.6243
2026-09-17 16:53:16 | INFO    | val_patch_f1 = 0.5598 (best 0.5598 @ epoch 16) *
2026-09-17 16:53:18 | INFO    | epoch 17 | batch 20/1252 | loss 0.6725 | acc 0.8422 | lr 7.03e-05 | 2s
2026-09-17 16:53:19 | INFO    | epoch 17 | batch 40/1252 | loss 0.6794 | acc 0.8477 | lr 7.03e-05 | 3s
2026-09-17 16:53:21 | INFO    | epoch 17 | batch 60/1252 | loss 0.6793 | acc 0.8510 | lr 7.02e-05 | 5s
2026-09-17 16:53:22 | INFO    | epoch 17 | batch 80/1252 | loss 0.6790 | acc 0.8492 | lr 7.01e-05 | 6s
2026-09-17 16:53:23 | INFO    | epoch 17 | batch 100/1252 | loss 0.6884 | acc 0.8431 | lr 7.01e-05 | 8s
2026-09-17 16:53:25 | INFO    | epoch 17 | batch 120/1252 | loss 0.6823 | acc 0.8464 | lr 7.00e-05 | 9s
2026-09-17 16:53:26 | INFO    | epoch 17 | batch 140/1252 | loss 0.6840 | acc 0.8451 | lr 7.00e-05 | 10s
2026-09-17 16:53:28 | INFO    | epoch 17 | batch 160/1252 | loss 0.6826 | acc 0.8480 | lr 6.99e-05 | 12s
2026-09-17 16:53:29 | INFO    | epoch 17 | batch 180/1252 | loss 0.6861 | acc 0.8465 | lr 6.98e-05 | 13s
2026-09-17 16:53:31 | INFO    | epoch 17 | batch 200/1252 | loss 0.6857 | acc 0.8472 | lr 6.98e-05 | 15s
2026-09-17 16:53:32 | INFO    | epoch 17 | batch 220/1252 | loss 0.6867 | acc 0.8479 | lr 6.97e-05 | 16s
2026-09-17 16:53:34 | INFO    | epoch 17 | batch 240/1252 | loss 0.6841 | acc 0.8492 | lr 6.97e-05 | 18s
2026-09-17 16:53:35 | INFO    | epoch 17 | batch 260/1252 | loss 0.6823 | acc 0.8506 | lr 6.96e-05 | 19s
2026-09-17 16:53:37 | INFO    | epoch 17 | batch 280/1252 | loss 0.6831 | acc 0.8508 | lr 6.95e-05 | 21s
2026-09-17 16:53:38 | INFO    | epoch 17 | batch 300/1252 | loss 0.6823 | acc 0.8510 | lr 6.95e-05 | 22s
2026-09-17 16:53:40 | INFO    | epoch 17 | batch 320/1252 | loss 0.6817 | acc 0.8515 | lr 6.94e-05 | 24s
2026-09-17 16:53:41 | INFO    | epoch 17 | batch 340/1252 | loss 0.6818 | acc 0.8513 | lr 6.94e-05 | 25s
2026-09-17 16:53:43 | INFO    | epoch 17 | batch 360/1252 | loss 0.6812 | acc 0.8517 | lr 6.93e-05 | 27s
2026-09-17 16:53:44 | INFO    | epoch 17 | batch 380/1252 | loss 0.6825 | acc 0.8505 | lr 6.92e-05 | 28s
2026-09-17 16:53:45 | INFO    | epoch 17 | batch 400/1252 | loss 0.6849 | acc 0.8485 | lr 6.92e-05 | 29s
2026-09-17 16:53:47 | INFO    | epoch 17 | batch 420/1252 | loss 0.6856 | acc 0.8481 | lr 6.91e-05 | 31s
2026-09-17 16:53:48 | INFO    | epoch 17 | batch 440/1252 | loss 0.6875 | acc 0.8468 | lr 6.91e-05 | 32s
2026-09-17 16:53:50 | INFO    | epoch 17 | batch 460/1252 | loss 0.6884 | acc 0.8469 | lr 6.90e-05 | 34s
2026-09-17 16:53:51 | INFO    | epoch 17 | batch 480/1252 | loss 0.6911 | acc 0.8454 | lr 6.89e-05 | 35s
2026-09-17 16:53:53 | INFO    | epoch 17 | batch 500/1252 | loss 0.6904 | acc 0.8461 | lr 6.89e-05 | 37s
2026-09-17 16:53:54 | INFO    | epoch 17 | batch 520/1252 | loss 0.6893 | acc 0.8470 | lr 6.88e-05 | 38s
2026-09-17 16:53:55 | INFO    | epoch 17 | batch 540/1252 | loss 0.6902 | acc 0.8468 | lr 6.88e-05 | 39s
2026-09-17 16:53:57 | INFO    | epoch 17 | batch 560/1252 | loss 0.6904 | acc 0.8467 | lr 6.87e-05 | 41s
2026-09-17 16:53:58 | INFO    | epoch 17 | batch 580/1252 | loss 0.6907 | acc 0.8464 | lr 6.86e-05 | 42s
2026-09-17 16:54:00 | INFO    | epoch 17 | batch 600/1252 | loss 0.6905 | acc 0.8464 | lr 6.86e-05 | 44s
2026-09-17 16:54:01 | INFO    | epoch 17 | batch 620/1252 | loss 0.6905 | acc 0.8462 | lr 6.85e-05 | 45s
2026-09-17 16:54:03 | INFO    | epoch 17 | batch 640/1252 | loss 0.6902 | acc 0.8466 | lr 6.85e-05 | 47s
2026-09-17 16:54:04 | INFO    | epoch 17 | batch 660/1252 | loss 0.6902 | acc 0.8462 | lr 6.84e-05 | 48s
2026-09-17 16:54:05 | INFO    | epoch 17 | batch 680/1252 | loss 0.6900 | acc 0.8465 | lr 6.83e-05 | 49s
2026-09-17 16:54:07 | INFO    | epoch 17 | batch 700/1252 | loss 0.6895 | acc 0.8466 | lr 6.83e-05 | 51s
2026-09-17 16:54:08 | INFO    | epoch 17 | batch 720/1252 | loss 0.6907 | acc 0.8459 | lr 6.82e-05 | 52s
2026-09-17 16:54:10 | INFO    | epoch 17 | batch 740/1252 | loss 0.6909 | acc 0.8454 | lr 6.81e-05 | 54s
2026-09-17 16:54:11 | INFO    | epoch 17 | batch 760/1252 | loss 0.6907 | acc 0.8455 | lr 6.81e-05 | 55s
2026-09-17 16:54:13 | INFO    | epoch 17 | batch 780/1252 | loss 0.6902 | acc 0.8460 | lr 6.80e-05 | 57s
2026-09-17 16:54:14 | INFO    | epoch 17 | batch 800/1252 | loss 0.6902 | acc 0.8462 | lr 6.80e-05 | 58s
2026-09-17 16:54:15 | INFO    | epoch 17 | batch 820/1252 | loss 0.6900 | acc 0.8462 | lr 6.79e-05 | 60s
2026-09-17 16:54:17 | INFO    | epoch 17 | batch 840/1252 | loss 0.6897 | acc 0.8466 | lr 6.78e-05 | 61s
2026-09-17 16:54:18 | INFO    | epoch 17 | batch 860/1252 | loss 0.6894 | acc 0.8468 | lr 6.78e-05 | 62s
2026-09-17 16:54:20 | INFO    | epoch 17 | batch 880/1252 | loss 0.6892 | acc 0.8469 | lr 6.77e-05 | 64s
2026-09-17 16:54:22 | INFO    | epoch 17 | batch 900/1252 | loss 0.6889 | acc 0.8473 | lr 6.77e-05 | 66s
2026-09-17 16:54:23 | INFO    | epoch 17 | batch 920/1252 | loss 0.6883 | acc 0.8473 | lr 6.76e-05 | 67s
2026-09-17 16:54:24 | INFO    | epoch 17 | batch 940/1252 | loss 0.6876 | acc 0.8477 | lr 6.75e-05 | 69s
2026-09-17 16:54:26 | INFO    | epoch 17 | batch 960/1252 | loss 0.6876 | acc 0.8476 | lr 6.75e-05 | 70s
2026-09-17 16:54:27 | INFO    | epoch 17 | batch 980/1252 | loss 0.6874 | acc 0.8477 | lr 6.74e-05 | 71s
2026-09-17 16:54:29 | INFO    | epoch 17 | batch 1000/1252 | loss 0.6875 | acc 0.8478 | lr 6.73e-05 | 73s
2026-09-17 16:54:30 | INFO    | epoch 17 | batch 1020/1252 | loss 0.6872 | acc 0.8477 | lr 6.73e-05 | 74s
2026-09-17 16:54:32 | INFO    | epoch 17 | batch 1040/1252 | loss 0.6863 | acc 0.8481 | lr 6.72e-05 | 76s
2026-09-17 16:54:33 | INFO    | epoch 17 | batch 1060/1252 | loss 0.6863 | acc 0.8481 | lr 6.72e-05 | 77s
2026-09-17 16:54:35 | INFO    | epoch 17 | batch 1080/1252 | loss 0.6866 | acc 0.8477 | lr 6.71e-05 | 79s
2026-09-17 16:54:36 | INFO    | epoch 17 | batch 1100/1252 | loss 0.6870 | acc 0.8475 | lr 6.70e-05 | 80s
2026-09-17 16:54:37 | INFO    | epoch 17 | batch 1120/1252 | loss 0.6874 | acc 0.8474 | lr 6.70e-05 | 82s
2026-09-17 16:54:39 | INFO    | epoch 17 | batch 1140/1252 | loss 0.6867 | acc 0.8476 | lr 6.69e-05 | 83s
2026-09-17 16:54:40 | INFO    | epoch 17 | batch 1160/1252 | loss 0.6864 | acc 0.8478 | lr 6.69e-05 | 84s
2026-09-17 16:54:42 | INFO    | epoch 17 | batch 1180/1252 | loss 0.6859 | acc 0.8483 | lr 6.68e-05 | 86s
2026-09-17 16:54:43 | INFO    | epoch 17 | batch 1200/1252 | loss 0.6859 | acc 0.8484 | lr 6.67e-05 | 87s
2026-09-17 16:54:45 | INFO    | epoch 17 | batch 1220/1252 | loss 0.6865 | acc 0.8481 | lr 6.67e-05 | 89s
2026-09-17 16:54:46 | INFO    | epoch 17 | batch 1240/1252 | loss 0.6865 | acc 0.8480 | lr 6.66e-05 | 90s
2026-09-17 16:54:47 | INFO    | epoch 17 | batch 1252/1252 | loss 0.6866 | acc 0.8479 | lr 6.66e-05 | 91s
2026-09-17 16:54:56 | INFO    | epoch 17/40 done in 100s | train loss 0.6866 | train running patch (aug): accuracy=0.8479 precision=0.8469 recall=0.8420 f1=0.8442
2026-09-17 16:54:56 | INFO    | epoch 17 train (eval, no aug) | loss 0.8930 | patch[7280]: accuracy=0.7433 precision=0.7518 recall=0.7316 f1=0.7359 | image[455]: accuracy=0.8242 precision=0.8407 recall=0.8149 f1=0.8205
2026-09-17 16:54:56 | INFO    | epoch 17 val | loss 1.2742 | patch[8448]: accuracy=0.5720 precision=0.5601 recall=0.5365 f1=0.5334 | image[96]: accuracy=0.6042 precision=0.5677 recall=0.5544 f1=0.5410
2026-09-17 16:54:56 | INFO    | val_patch_f1 = 0.5334 (best 0.5598 @ epoch 16)
2026-09-17 16:54:58 | INFO    | epoch 18 | batch 20/1252 | loss 0.6512 | acc 0.8719 | lr 6.65e-05 | 2s
2026-09-17 16:54:59 | INFO    | epoch 18 | batch 40/1252 | loss 0.6565 | acc 0.8727 | lr 6.64e-05 | 3s
2026-09-17 16:55:01 | INFO    | epoch 18 | batch 60/1252 | loss 0.6686 | acc 0.8625 | lr 6.64e-05 | 4s
2026-09-17 16:55:02 | INFO    | epoch 18 | batch 80/1252 | loss 0.6758 | acc 0.8562 | lr 6.63e-05 | 6s
2026-09-17 16:55:04 | INFO    | epoch 18 | batch 100/1252 | loss 0.6733 | acc 0.8566 | lr 6.63e-05 | 7s
2026-09-17 16:55:05 | INFO    | epoch 18 | batch 120/1252 | loss 0.6751 | acc 0.8555 | lr 6.62e-05 | 9s
2026-09-17 16:55:07 | INFO    | epoch 18 | batch 140/1252 | loss 0.6784 | acc 0.8542 | lr 6.61e-05 | 10s
2026-09-17 16:55:08 | INFO    | epoch 18 | batch 160/1252 | loss 0.6787 | acc 0.8533 | lr 6.61e-05 | 12s
2026-09-17 16:55:09 | INFO    | epoch 18 | batch 180/1252 | loss 0.6786 | acc 0.8550 | lr 6.60e-05 | 13s
2026-09-17 16:55:11 | INFO    | epoch 18 | batch 200/1252 | loss 0.6761 | acc 0.8562 | lr 6.60e-05 | 14s
2026-09-17 16:55:12 | INFO    | epoch 18 | batch 220/1252 | loss 0.6786 | acc 0.8550 | lr 6.59e-05 | 16s
2026-09-17 16:55:14 | INFO    | epoch 18 | batch 240/1252 | loss 0.6811 | acc 0.8526 | lr 6.58e-05 | 17s
2026-09-17 16:55:15 | INFO    | epoch 18 | batch 260/1252 | loss 0.6802 | acc 0.8526 | lr 6.58e-05 | 19s
2026-09-17 16:55:17 | INFO    | epoch 18 | batch 280/1252 | loss 0.6764 | acc 0.8546 | lr 6.57e-05 | 20s
2026-09-17 16:55:18 | INFO    | epoch 18 | batch 300/1252 | loss 0.6774 | acc 0.8536 | lr 6.56e-05 | 22s
2026-09-17 16:55:20 | INFO    | epoch 18 | batch 320/1252 | loss 0.6775 | acc 0.8535 | lr 6.56e-05 | 23s
2026-09-17 16:55:21 | INFO    | epoch 18 | batch 340/1252 | loss 0.6763 | acc 0.8539 | lr 6.55e-05 | 24s
2026-09-17 16:55:22 | INFO    | epoch 18 | batch 360/1252 | loss 0.6755 | acc 0.8544 | lr 6.55e-05 | 26s
2026-09-17 16:55:24 | INFO    | epoch 18 | batch 380/1252 | loss 0.6764 | acc 0.8548 | lr 6.54e-05 | 27s
2026-09-17 16:55:25 | INFO    | epoch 18 | batch 400/1252 | loss 0.6748 | acc 0.8561 | lr 6.53e-05 | 29s
2026-09-17 16:55:27 | INFO    | epoch 18 | batch 420/1252 | loss 0.6765 | acc 0.8550 | lr 6.53e-05 | 30s
2026-09-17 16:55:28 | INFO    | epoch 18 | batch 440/1252 | loss 0.6771 | acc 0.8547 | lr 6.52e-05 | 32s
2026-09-17 16:55:30 | INFO    | epoch 18 | batch 460/1252 | loss 0.6755 | acc 0.8558 | lr 6.51e-05 | 33s
2026-09-17 16:55:31 | INFO    | epoch 18 | batch 480/1252 | loss 0.6755 | acc 0.8562 | lr 6.51e-05 | 35s
2026-09-17 16:55:32 | INFO    | epoch 18 | batch 500/1252 | loss 0.6750 | acc 0.8565 | lr 6.50e-05 | 36s
2026-09-17 16:55:34 | INFO    | epoch 18 | batch 520/1252 | loss 0.6740 | acc 0.8564 | lr 6.50e-05 | 37s
2026-09-17 16:55:35 | INFO    | epoch 18 | batch 540/1252 | loss 0.6731 | acc 0.8568 | lr 6.49e-05 | 39s
2026-09-17 16:55:37 | INFO    | epoch 18 | batch 560/1252 | loss 0.6722 | acc 0.8569 | lr 6.48e-05 | 40s
2026-09-17 16:55:38 | INFO    | epoch 18 | batch 580/1252 | loss 0.6715 | acc 0.8571 | lr 6.48e-05 | 42s
2026-09-17 16:55:40 | INFO    | epoch 18 | batch 600/1252 | loss 0.6703 | acc 0.8577 | lr 6.47e-05 | 43s
2026-09-17 16:55:41 | INFO    | epoch 18 | batch 620/1252 | loss 0.6709 | acc 0.8569 | lr 6.46e-05 | 45s
2026-09-17 16:55:42 | INFO    | epoch 18 | batch 640/1252 | loss 0.6701 | acc 0.8573 | lr 6.46e-05 | 46s
2026-09-17 16:55:44 | INFO    | epoch 18 | batch 660/1252 | loss 0.6687 | acc 0.8579 | lr 6.45e-05 | 47s
2026-09-17 16:55:45 | INFO    | epoch 18 | batch 680/1252 | loss 0.6679 | acc 0.8583 | lr 6.45e-05 | 49s
2026-09-17 16:55:47 | INFO    | epoch 18 | batch 700/1252 | loss 0.6698 | acc 0.8573 | lr 6.44e-05 | 50s
2026-09-17 16:55:48 | INFO    | epoch 18 | batch 720/1252 | loss 0.6694 | acc 0.8575 | lr 6.43e-05 | 52s
2026-09-17 16:55:50 | INFO    | epoch 18 | batch 740/1252 | loss 0.6693 | acc 0.8571 | lr 6.43e-05 | 53s
2026-09-17 16:55:51 | INFO    | epoch 18 | batch 760/1252 | loss 0.6706 | acc 0.8565 | lr 6.42e-05 | 55s
2026-09-17 16:55:52 | INFO    | epoch 18 | batch 780/1252 | loss 0.6703 | acc 0.8567 | lr 6.41e-05 | 56s
2026-09-17 16:55:54 | INFO    | epoch 18 | batch 800/1252 | loss 0.6709 | acc 0.8562 | lr 6.41e-05 | 57s
2026-09-17 16:55:55 | INFO    | epoch 18 | batch 820/1252 | loss 0.6712 | acc 0.8559 | lr 6.40e-05 | 59s
2026-09-17 16:55:57 | INFO    | epoch 18 | batch 840/1252 | loss 0.6720 | acc 0.8553 | lr 6.40e-05 | 60s
2026-09-17 16:55:58 | INFO    | epoch 18 | batch 860/1252 | loss 0.6714 | acc 0.8557 | lr 6.39e-05 | 62s
2026-09-17 16:56:00 | INFO    | epoch 18 | batch 880/1252 | loss 0.6719 | acc 0.8553 | lr 6.38e-05 | 63s
2026-09-17 16:56:01 | INFO    | epoch 18 | batch 900/1252 | loss 0.6723 | acc 0.8551 | lr 6.38e-05 | 65s
2026-09-17 16:56:02 | INFO    | epoch 18 | batch 920/1252 | loss 0.6726 | acc 0.8548 | lr 6.37e-05 | 66s
2026-09-17 16:56:04 | INFO    | epoch 18 | batch 940/1252 | loss 0.6724 | acc 0.8551 | lr 6.36e-05 | 67s
2026-09-17 16:56:05 | INFO    | epoch 18 | batch 960/1252 | loss 0.6723 | acc 0.8550 | lr 6.36e-05 | 69s
2026-09-17 16:56:07 | INFO    | epoch 18 | batch 980/1252 | loss 0.6723 | acc 0.8551 | lr 6.35e-05 | 70s
2026-09-17 16:56:08 | INFO    | epoch 18 | batch 1000/1252 | loss 0.6727 | acc 0.8551 | lr 6.34e-05 | 72s
2026-09-17 16:56:10 | INFO    | epoch 18 | batch 1020/1252 | loss 0.6727 | acc 0.8551 | lr 6.34e-05 | 73s
2026-09-17 16:56:11 | INFO    | epoch 18 | batch 1040/1252 | loss 0.6727 | acc 0.8552 | lr 6.33e-05 | 75s
2026-09-17 16:56:12 | INFO    | epoch 18 | batch 1060/1252 | loss 0.6722 | acc 0.8554 | lr 6.33e-05 | 76s
2026-09-17 16:56:14 | INFO    | epoch 18 | batch 1080/1252 | loss 0.6713 | acc 0.8560 | lr 6.32e-05 | 77s
2026-09-17 16:56:15 | INFO    | epoch 18 | batch 1100/1252 | loss 0.6715 | acc 0.8559 | lr 6.31e-05 | 79s
2026-09-17 16:56:17 | INFO    | epoch 18 | batch 1120/1252 | loss 0.6716 | acc 0.8559 | lr 6.31e-05 | 80s
2026-09-17 16:56:18 | INFO    | epoch 18 | batch 1140/1252 | loss 0.6724 | acc 0.8555 | lr 6.30e-05 | 82s
2026-09-17 16:56:20 | INFO    | epoch 18 | batch 1160/1252 | loss 0.6720 | acc 0.8558 | lr 6.29e-05 | 83s
2026-09-17 16:56:21 | INFO    | epoch 18 | batch 1180/1252 | loss 0.6722 | acc 0.8556 | lr 6.29e-05 | 85s
2026-09-17 16:56:23 | INFO    | epoch 18 | batch 1200/1252 | loss 0.6729 | acc 0.8550 | lr 6.28e-05 | 86s
2026-09-17 16:56:24 | INFO    | epoch 18 | batch 1220/1252 | loss 0.6725 | acc 0.8553 | lr 6.28e-05 | 88s
2026-09-17 16:56:25 | INFO    | epoch 18 | batch 1240/1252 | loss 0.6721 | acc 0.8556 | lr 6.27e-05 | 89s
2026-09-17 16:56:26 | INFO    | epoch 18 | batch 1252/1252 | loss 0.6724 | acc 0.8555 | lr 6.27e-05 | 90s
2026-09-17 16:56:36 | INFO    | epoch 18/40 done in 99s | train loss 0.6724 | train running patch (aug): accuracy=0.8555 precision=0.8535 recall=0.8496 f1=0.8514
2026-09-17 16:56:36 | INFO    | epoch 18 train (eval, no aug) | loss 0.7997 | patch[7280]: accuracy=0.7835 precision=0.7873 recall=0.7771 f1=0.7788 | image[455]: accuracy=0.8791 precision=0.8912 recall=0.8756 f1=0.8782
2026-09-17 16:56:36 | INFO    | epoch 18 val | loss 1.2206 | patch[8448]: accuracy=0.5701 precision=0.5485 recall=0.5369 f1=0.5340 | image[96]: accuracy=0.5938 precision=0.5587 recall=0.5559 f1=0.5474
2026-09-17 16:56:36 | INFO    | val_patch_f1 = 0.5340 (best 0.5598 @ epoch 16)
2026-09-17 16:56:38 | INFO    | epoch 19 | batch 20/1252 | loss 0.6642 | acc 0.8547 | lr 6.26e-05 | 2s
2026-09-17 16:56:39 | INFO    | epoch 19 | batch 40/1252 | loss 0.6658 | acc 0.8578 | lr 6.25e-05 | 3s
2026-09-17 16:56:40 | INFO    | epoch 19 | batch 60/1252 | loss 0.6701 | acc 0.8542 | lr 6.25e-05 | 4s
2026-09-17 16:56:42 | INFO    | epoch 19 | batch 80/1252 | loss 0.6657 | acc 0.8566 | lr 6.24e-05 | 6s
2026-09-17 16:56:43 | INFO    | epoch 19 | batch 100/1252 | loss 0.6737 | acc 0.8528 | lr 6.23e-05 | 7s
2026-09-17 16:56:45 | INFO    | epoch 19 | batch 120/1252 | loss 0.6714 | acc 0.8547 | lr 6.23e-05 | 9s
2026-09-17 16:56:46 | INFO    | epoch 19 | batch 140/1252 | loss 0.6704 | acc 0.8556 | lr 6.22e-05 | 10s
2026-09-17 16:56:47 | INFO    | epoch 19 | batch 160/1252 | loss 0.6707 | acc 0.8553 | lr 6.21e-05 | 11s
2026-09-17 16:56:49 | INFO    | epoch 19 | batch 180/1252 | loss 0.6734 | acc 0.8550 | lr 6.21e-05 | 13s
2026-09-17 16:56:50 | INFO    | epoch 19 | batch 200/1252 | loss 0.6709 | acc 0.8562 | lr 6.20e-05 | 14s
2026-09-17 16:56:52 | INFO    | epoch 19 | batch 220/1252 | loss 0.6714 | acc 0.8564 | lr 6.20e-05 | 16s
2026-09-17 16:56:53 | INFO    | epoch 19 | batch 240/1252 | loss 0.6716 | acc 0.8562 | lr 6.19e-05 | 17s
2026-09-17 16:56:54 | INFO    | epoch 19 | batch 260/1252 | loss 0.6701 | acc 0.8564 | lr 6.18e-05 | 18s
2026-09-17 16:56:56 | INFO    | epoch 19 | batch 280/1252 | loss 0.6704 | acc 0.8555 | lr 6.18e-05 | 20s
2026-09-17 16:56:57 | INFO    | epoch 19 | batch 300/1252 | loss 0.6694 | acc 0.8556 | lr 6.17e-05 | 21s
2026-09-17 16:56:59 | INFO    | epoch 19 | batch 320/1252 | loss 0.6694 | acc 0.8557 | lr 6.16e-05 | 23s
2026-09-17 16:57:00 | INFO    | epoch 19 | batch 340/1252 | loss 0.6684 | acc 0.8560 | lr 6.16e-05 | 24s
2026-09-17 16:57:01 | INFO    | epoch 19 | batch 360/1252 | loss 0.6667 | acc 0.8573 | lr 6.15e-05 | 26s
2026-09-17 16:57:03 | INFO    | epoch 19 | batch 380/1252 | loss 0.6651 | acc 0.8583 | lr 6.14e-05 | 27s
2026-09-17 16:57:04 | INFO    | epoch 19 | batch 400/1252 | loss 0.6653 | acc 0.8580 | lr 6.14e-05 | 28s
2026-09-17 16:57:06 | INFO    | epoch 19 | batch 420/1252 | loss 0.6655 | acc 0.8578 | lr 6.13e-05 | 30s
2026-09-17 16:57:07 | INFO    | epoch 19 | batch 440/1252 | loss 0.6689 | acc 0.8560 | lr 6.13e-05 | 31s
2026-09-17 16:57:09 | INFO    | epoch 19 | batch 460/1252 | loss 0.6688 | acc 0.8565 | lr 6.12e-05 | 33s
2026-09-17 16:57:10 | INFO    | epoch 19 | batch 480/1252 | loss 0.6688 | acc 0.8566 | lr 6.11e-05 | 34s
2026-09-17 16:57:12 | INFO    | epoch 19 | batch 500/1252 | loss 0.6681 | acc 0.8569 | lr 6.11e-05 | 36s
2026-09-17 16:57:13 | INFO    | epoch 19 | batch 520/1252 | loss 0.6668 | acc 0.8578 | lr 6.10e-05 | 37s
2026-09-17 16:57:15 | INFO    | epoch 19 | batch 540/1252 | loss 0.6671 | acc 0.8576 | lr 6.09e-05 | 39s
2026-09-17 16:57:16 | INFO    | epoch 19 | batch 560/1252 | loss 0.6667 | acc 0.8580 | lr 6.09e-05 | 40s
2026-09-17 16:57:17 | INFO    | epoch 19 | batch 580/1252 | loss 0.6665 | acc 0.8578 | lr 6.08e-05 | 42s
2026-09-17 16:57:19 | INFO    | epoch 19 | batch 600/1252 | loss 0.6668 | acc 0.8574 | lr 6.07e-05 | 43s
2026-09-17 16:57:20 | INFO    | epoch 19 | batch 620/1252 | loss 0.6668 | acc 0.8575 | lr 6.07e-05 | 44s
2026-09-17 16:57:22 | INFO    | epoch 19 | batch 640/1252 | loss 0.6662 | acc 0.8578 | lr 6.06e-05 | 46s
2026-09-17 16:57:23 | INFO    | epoch 19 | batch 660/1252 | loss 0.6647 | acc 0.8589 | lr 6.05e-05 | 47s
2026-09-17 16:57:25 | INFO    | epoch 19 | batch 680/1252 | loss 0.6644 | acc 0.8588 | lr 6.05e-05 | 49s
2026-09-17 16:57:26 | INFO    | epoch 19 | batch 700/1252 | loss 0.6653 | acc 0.8585 | lr 6.04e-05 | 50s
2026-09-17 16:57:28 | INFO    | epoch 19 | batch 720/1252 | loss 0.6663 | acc 0.8581 | lr 6.04e-05 | 52s
2026-09-17 16:57:29 | INFO    | epoch 19 | batch 740/1252 | loss 0.6659 | acc 0.8585 | lr 6.03e-05 | 53s
2026-09-17 16:57:30 | INFO    | epoch 19 | batch 760/1252 | loss 0.6655 | acc 0.8589 | lr 6.02e-05 | 55s
2026-09-17 16:57:32 | INFO    | epoch 19 | batch 780/1252 | loss 0.6658 | acc 0.8586 | lr 6.02e-05 | 56s
2026-09-17 16:57:33 | INFO    | epoch 19 | batch 800/1252 | loss 0.6664 | acc 0.8584 | lr 6.01e-05 | 57s
2026-09-17 16:57:35 | INFO    | epoch 19 | batch 820/1252 | loss 0.6661 | acc 0.8583 | lr 6.00e-05 | 59s
2026-09-17 16:57:36 | INFO    | epoch 19 | batch 840/1252 | loss 0.6665 | acc 0.8581 | lr 6.00e-05 | 60s
2026-09-17 16:57:38 | INFO    | epoch 19 | batch 860/1252 | loss 0.6667 | acc 0.8582 | lr 5.99e-05 | 62s
2026-09-17 16:57:39 | INFO    | epoch 19 | batch 880/1252 | loss 0.6674 | acc 0.8578 | lr 5.98e-05 | 63s
2026-09-17 16:57:41 | INFO    | epoch 19 | batch 900/1252 | loss 0.6667 | acc 0.8582 | lr 5.98e-05 | 65s
2026-09-17 16:57:42 | INFO    | epoch 19 | batch 920/1252 | loss 0.6663 | acc 0.8584 | lr 5.97e-05 | 66s
2026-09-17 16:57:44 | INFO    | epoch 19 | batch 940/1252 | loss 0.6668 | acc 0.8584 | lr 5.97e-05 | 68s
2026-09-17 16:57:45 | INFO    | epoch 19 | batch 960/1252 | loss 0.6674 | acc 0.8582 | lr 5.96e-05 | 69s
2026-09-17 16:57:47 | INFO    | epoch 19 | batch 980/1252 | loss 0.6670 | acc 0.8583 | lr 5.95e-05 | 71s
2026-09-17 16:57:48 | INFO    | epoch 19 | batch 1000/1252 | loss 0.6663 | acc 0.8588 | lr 5.95e-05 | 72s
2026-09-17 16:57:49 | INFO    | epoch 19 | batch 1020/1252 | loss 0.6661 | acc 0.8588 | lr 5.94e-05 | 74s
2026-09-17 16:57:51 | INFO    | epoch 19 | batch 1040/1252 | loss 0.6660 | acc 0.8590 | lr 5.93e-05 | 75s
2026-09-17 16:57:52 | INFO    | epoch 19 | batch 1060/1252 | loss 0.6659 | acc 0.8590 | lr 5.93e-05 | 76s
2026-09-17 16:57:54 | INFO    | epoch 19 | batch 1080/1252 | loss 0.6659 | acc 0.8591 | lr 5.92e-05 | 78s
2026-09-17 16:57:55 | INFO    | epoch 19 | batch 1100/1252 | loss 0.6655 | acc 0.8593 | lr 5.91e-05 | 79s
2026-09-17 16:57:57 | INFO    | epoch 19 | batch 1120/1252 | loss 0.6658 | acc 0.8592 | lr 5.91e-05 | 81s
2026-09-17 16:57:58 | INFO    | epoch 19 | batch 1140/1252 | loss 0.6656 | acc 0.8591 | lr 5.90e-05 | 82s
2026-09-17 16:57:59 | INFO    | epoch 19 | batch 1160/1252 | loss 0.6658 | acc 0.8588 | lr 5.89e-05 | 84s
2026-09-17 16:58:01 | INFO    | epoch 19 | batch 1180/1252 | loss 0.6662 | acc 0.8585 | lr 5.89e-05 | 85s
2026-09-17 16:58:02 | INFO    | epoch 19 | batch 1200/1252 | loss 0.6662 | acc 0.8585 | lr 5.88e-05 | 86s
2026-09-17 16:58:03 | INFO    | epoch 19 | batch 1220/1252 | loss 0.6662 | acc 0.8587 | lr 5.88e-05 | 87s
2026-09-17 16:58:05 | INFO    | epoch 19 | batch 1240/1252 | loss 0.6653 | acc 0.8591 | lr 5.87e-05 | 89s
2026-09-17 16:58:05 | INFO    | epoch 19 | batch 1252/1252 | loss 0.6648 | acc 0.8595 | lr 5.86e-05 | 89s
2026-09-17 16:58:15 | INFO    | epoch 19/40 done in 99s | train loss 0.6648 | train running patch (aug): accuracy=0.8595 precision=0.8586 recall=0.8534 f1=0.8557
2026-09-17 16:58:15 | INFO    | epoch 19 train (eval, no aug) | loss 0.7499 | patch[7280]: accuracy=0.8093 precision=0.8119 recall=0.8033 f1=0.8037 | image[455]: accuracy=0.9121 precision=0.9213 recall=0.9083 f1=0.9116
2026-09-17 16:58:15 | INFO    | epoch 19 val | loss 1.1575 | patch[8448]: accuracy=0.6235 precision=0.5946 recall=0.5927 f1=0.5882 | image[96]: accuracy=0.6458 precision=0.5772 recall=0.5979 f1=0.5818
2026-09-17 16:58:15 | INFO    | val_patch_f1 = 0.5882 (best 0.5882 @ epoch 19) *
2026-09-17 16:58:17 | INFO    | epoch 20 | batch 20/1252 | loss 0.6315 | acc 0.8797 | lr 5.86e-05 | 2s
2026-09-17 16:58:18 | INFO    | epoch 20 | batch 40/1252 | loss 0.6411 | acc 0.8719 | lr 5.85e-05 | 3s
2026-09-17 16:58:20 | INFO    | epoch 20 | batch 60/1252 | loss 0.6412 | acc 0.8719 | lr 5.85e-05 | 5s
2026-09-17 16:58:21 | INFO    | epoch 20 | batch 80/1252 | loss 0.6447 | acc 0.8703 | lr 5.84e-05 | 6s
2026-09-17 16:58:23 | INFO    | epoch 20 | batch 100/1252 | loss 0.6501 | acc 0.8650 | lr 5.83e-05 | 7s
2026-09-17 16:58:24 | INFO    | epoch 20 | batch 120/1252 | loss 0.6537 | acc 0.8641 | lr 5.83e-05 | 9s
2026-09-17 16:58:26 | INFO    | epoch 20 | batch 140/1252 | loss 0.6546 | acc 0.8629 | lr 5.82e-05 | 10s
2026-09-17 16:58:27 | INFO    | epoch 20 | batch 160/1252 | loss 0.6564 | acc 0.8635 | lr 5.81e-05 | 12s
2026-09-17 16:58:28 | INFO    | epoch 20 | batch 180/1252 | loss 0.6596 | acc 0.8606 | lr 5.81e-05 | 13s
2026-09-17 16:58:30 | INFO    | epoch 20 | batch 200/1252 | loss 0.6559 | acc 0.8636 | lr 5.80e-05 | 15s
2026-09-17 16:58:31 | INFO    | epoch 20 | batch 220/1252 | loss 0.6542 | acc 0.8645 | lr 5.79e-05 | 16s
2026-09-17 16:58:33 | INFO    | epoch 20 | batch 240/1252 | loss 0.6536 | acc 0.8641 | lr 5.79e-05 | 18s
2026-09-17 16:58:34 | INFO    | epoch 20 | batch 260/1252 | loss 0.6543 | acc 0.8629 | lr 5.78e-05 | 19s
2026-09-17 16:58:36 | INFO    | epoch 20 | batch 280/1252 | loss 0.6545 | acc 0.8617 | lr 5.77e-05 | 20s
2026-09-17 16:58:37 | INFO    | epoch 20 | batch 300/1252 | loss 0.6523 | acc 0.8636 | lr 5.77e-05 | 22s
2026-09-17 16:58:39 | INFO    | epoch 20 | batch 320/1252 | loss 0.6526 | acc 0.8637 | lr 5.76e-05 | 23s
2026-09-17 16:58:40 | INFO    | epoch 20 | batch 340/1252 | loss 0.6512 | acc 0.8648 | lr 5.75e-05 | 25s
2026-09-17 16:58:41 | INFO    | epoch 20 | batch 360/1252 | loss 0.6517 | acc 0.8655 | lr 5.75e-05 | 26s
2026-09-17 16:58:43 | INFO    | epoch 20 | batch 380/1252 | loss 0.6513 | acc 0.8654 | lr 5.74e-05 | 28s
2026-09-17 16:58:44 | INFO    | epoch 20 | batch 400/1252 | loss 0.6512 | acc 0.8652 | lr 5.74e-05 | 29s
2026-09-17 16:58:46 | INFO    | epoch 20 | batch 420/1252 | loss 0.6507 | acc 0.8650 | lr 5.73e-05 | 30s
2026-09-17 16:58:47 | INFO    | epoch 20 | batch 440/1252 | loss 0.6512 | acc 0.8651 | lr 5.72e-05 | 32s
2026-09-17 16:58:49 | INFO    | epoch 20 | batch 460/1252 | loss 0.6507 | acc 0.8654 | lr 5.72e-05 | 33s
2026-09-17 16:58:50 | INFO    | epoch 20 | batch 480/1252 | loss 0.6500 | acc 0.8661 | lr 5.71e-05 | 35s
2026-09-17 16:58:51 | INFO    | epoch 20 | batch 500/1252 | loss 0.6495 | acc 0.8665 | lr 5.70e-05 | 36s
2026-09-17 16:58:53 | INFO    | epoch 20 | batch 520/1252 | loss 0.6503 | acc 0.8660 | lr 5.70e-05 | 38s
2026-09-17 16:58:54 | INFO    | epoch 20 | batch 540/1252 | loss 0.6520 | acc 0.8650 | lr 5.69e-05 | 39s
2026-09-17 16:58:56 | INFO    | epoch 20 | batch 560/1252 | loss 0.6512 | acc 0.8657 | lr 5.68e-05 | 40s
2026-09-17 16:58:57 | INFO    | epoch 20 | batch 580/1252 | loss 0.6521 | acc 0.8654 | lr 5.68e-05 | 42s
2026-09-17 16:58:59 | INFO    | epoch 20 | batch 600/1252 | loss 0.6516 | acc 0.8654 | lr 5.67e-05 | 43s
2026-09-17 16:59:00 | INFO    | epoch 20 | batch 620/1252 | loss 0.6518 | acc 0.8652 | lr 5.66e-05 | 45s
2026-09-17 16:59:01 | INFO    | epoch 20 | batch 640/1252 | loss 0.6521 | acc 0.8656 | lr 5.66e-05 | 46s
2026-09-17 16:59:03 | INFO    | epoch 20 | batch 660/1252 | loss 0.6521 | acc 0.8658 | lr 5.65e-05 | 48s
2026-09-17 16:59:04 | INFO    | epoch 20 | batch 680/1252 | loss 0.6520 | acc 0.8656 | lr 5.64e-05 | 49s
2026-09-17 16:59:06 | INFO    | epoch 20 | batch 700/1252 | loss 0.6515 | acc 0.8658 | lr 5.64e-05 | 50s
2026-09-17 16:59:07 | INFO    | epoch 20 | batch 720/1252 | loss 0.6522 | acc 0.8651 | lr 5.63e-05 | 52s
2026-09-17 16:59:09 | INFO    | epoch 20 | batch 740/1252 | loss 0.6525 | acc 0.8648 | lr 5.63e-05 | 53s
2026-09-17 16:59:10 | INFO    | epoch 20 | batch 760/1252 | loss 0.6521 | acc 0.8650 | lr 5.62e-05 | 55s
2026-09-17 16:59:12 | INFO    | epoch 20 | batch 780/1252 | loss 0.6530 | acc 0.8645 | lr 5.61e-05 | 56s
2026-09-17 16:59:13 | INFO    | epoch 20 | batch 800/1252 | loss 0.6522 | acc 0.8650 | lr 5.61e-05 | 58s
2026-09-17 16:59:14 | INFO    | epoch 20 | batch 820/1252 | loss 0.6522 | acc 0.8649 | lr 5.60e-05 | 59s
2026-09-17 16:59:16 | INFO    | epoch 20 | batch 840/1252 | loss 0.6513 | acc 0.8654 | lr 5.59e-05 | 61s
2026-09-17 16:59:17 | INFO    | epoch 20 | batch 860/1252 | loss 0.6514 | acc 0.8654 | lr 5.59e-05 | 62s
2026-09-17 16:59:19 | INFO    | epoch 20 | batch 880/1252 | loss 0.6513 | acc 0.8656 | lr 5.58e-05 | 64s
2026-09-17 16:59:20 | INFO    | epoch 20 | batch 900/1252 | loss 0.6513 | acc 0.8656 | lr 5.57e-05 | 65s
2026-09-17 16:59:22 | INFO    | epoch 20 | batch 920/1252 | loss 0.6514 | acc 0.8655 | lr 5.57e-05 | 66s
2026-09-17 16:59:23 | INFO    | epoch 20 | batch 940/1252 | loss 0.6511 | acc 0.8659 | lr 5.56e-05 | 68s
2026-09-17 16:59:25 | INFO    | epoch 20 | batch 960/1252 | loss 0.6507 | acc 0.8659 | lr 5.55e-05 | 69s
2026-09-17 16:59:26 | INFO    | epoch 20 | batch 980/1252 | loss 0.6521 | acc 0.8650 | lr 5.55e-05 | 71s
2026-09-17 16:59:28 | INFO    | epoch 20 | batch 1000/1252 | loss 0.6524 | acc 0.8648 | lr 5.54e-05 | 72s
2026-09-17 16:59:29 | INFO    | epoch 20 | batch 1020/1252 | loss 0.6524 | acc 0.8648 | lr 5.53e-05 | 74s
2026-09-17 16:59:31 | INFO    | epoch 20 | batch 1040/1252 | loss 0.6523 | acc 0.8651 | lr 5.53e-05 | 75s
2026-09-17 16:59:32 | INFO    | epoch 20 | batch 1060/1252 | loss 0.6520 | acc 0.8651 | lr 5.52e-05 | 77s
2026-09-17 16:59:33 | INFO    | epoch 20 | batch 1080/1252 | loss 0.6522 | acc 0.8649 | lr 5.51e-05 | 78s
2026-09-17 16:59:35 | INFO    | epoch 20 | batch 1100/1252 | loss 0.6523 | acc 0.8650 | lr 5.51e-05 | 80s
2026-09-17 16:59:36 | INFO    | epoch 20 | batch 1120/1252 | loss 0.6524 | acc 0.8649 | lr 5.50e-05 | 81s
2026-09-17 16:59:38 | INFO    | epoch 20 | batch 1140/1252 | loss 0.6521 | acc 0.8650 | lr 5.50e-05 | 82s
2026-09-17 16:59:39 | INFO    | epoch 20 | batch 1160/1252 | loss 0.6522 | acc 0.8651 | lr 5.49e-05 | 84s
2026-09-17 16:59:41 | INFO    | epoch 20 | batch 1180/1252 | loss 0.6528 | acc 0.8650 | lr 5.48e-05 | 85s
2026-09-17 16:59:42 | INFO    | epoch 20 | batch 1200/1252 | loss 0.6527 | acc 0.8651 | lr 5.48e-05 | 87s
2026-09-17 16:59:43 | INFO    | epoch 20 | batch 1220/1252 | loss 0.6527 | acc 0.8649 | lr 5.47e-05 | 88s
2026-09-17 16:59:45 | INFO    | epoch 20 | batch 1240/1252 | loss 0.6527 | acc 0.8649 | lr 5.46e-05 | 90s
2026-09-17 16:59:46 | INFO    | epoch 20 | batch 1252/1252 | loss 0.6522 | acc 0.8651 | lr 5.46e-05 | 90s
2026-09-17 16:59:55 | INFO    | epoch 20/40 done in 100s | train loss 0.6522 | train running patch (aug): accuracy=0.8651 precision=0.8635 recall=0.8594 f1=0.8613
2026-09-17 16:59:55 | INFO    | epoch 20 train (eval, no aug) | loss 0.7814 | patch[7280]: accuracy=0.7931 precision=0.8041 recall=0.7716 f1=0.7792 | image[455]: accuracy=0.8747 precision=0.8938 recall=0.8517 f1=0.8609
2026-09-17 16:59:55 | INFO    | epoch 20 val | loss 1.1719 | patch[8448]: accuracy=0.6055 precision=0.5870 recall=0.5663 f1=0.5633 | image[96]: accuracy=0.6875 precision=0.6982 recall=0.6370 f1=0.6286
2026-09-17 16:59:55 | INFO    | val_patch_f1 = 0.5633 (best 0.5882 @ epoch 19)
2026-09-17 16:59:57 | INFO    | epoch 21 | batch 20/1252 | loss 0.6370 | acc 0.8781 | lr 5.45e-05 | 2s
2026-09-17 16:59:58 | INFO    | epoch 21 | batch 40/1252 | loss 0.6335 | acc 0.8812 | lr 5.45e-05 | 3s
2026-09-17 17:00:00 | INFO    | epoch 21 | batch 60/1252 | loss 0.6368 | acc 0.8755 | lr 5.44e-05 | 4s
2026-09-17 17:00:01 | INFO    | epoch 21 | batch 80/1252 | loss 0.6487 | acc 0.8727 | lr 5.43e-05 | 6s
2026-09-17 17:00:02 | INFO    | epoch 21 | batch 100/1252 | loss 0.6458 | acc 0.8712 | lr 5.43e-05 | 7s
2026-09-17 17:00:04 | INFO    | epoch 21 | batch 120/1252 | loss 0.6434 | acc 0.8732 | lr 5.42e-05 | 8s
2026-09-17 17:00:05 | INFO    | epoch 21 | batch 140/1252 | loss 0.6426 | acc 0.8743 | lr 5.41e-05 | 10s
2026-09-17 17:00:07 | INFO    | epoch 21 | batch 160/1252 | loss 0.6497 | acc 0.8691 | lr 5.41e-05 | 11s
2026-09-17 17:00:08 | INFO    | epoch 21 | batch 180/1252 | loss 0.6430 | acc 0.8724 | lr 5.40e-05 | 13s
2026-09-17 17:00:09 | INFO    | epoch 21 | batch 200/1252 | loss 0.6458 | acc 0.8708 | lr 5.39e-05 | 14s
2026-09-17 17:00:11 | INFO    | epoch 21 | batch 220/1252 | loss 0.6486 | acc 0.8696 | lr 5.39e-05 | 16s
2026-09-17 17:00:12 | INFO    | epoch 21 | batch 240/1252 | loss 0.6491 | acc 0.8693 | lr 5.38e-05 | 17s
2026-09-17 17:00:14 | INFO    | epoch 21 | batch 260/1252 | loss 0.6472 | acc 0.8706 | lr 5.37e-05 | 18s
2026-09-17 17:00:15 | INFO    | epoch 21 | batch 280/1252 | loss 0.6472 | acc 0.8709 | lr 5.37e-05 | 20s
2026-09-17 17:00:17 | INFO    | epoch 21 | batch 300/1252 | loss 0.6457 | acc 0.8716 | lr 5.36e-05 | 21s
2026-09-17 17:00:18 | INFO    | epoch 21 | batch 320/1252 | loss 0.6448 | acc 0.8725 | lr 5.35e-05 | 23s
2026-09-17 17:00:20 | INFO    | epoch 21 | batch 340/1252 | loss 0.6472 | acc 0.8709 | lr 5.35e-05 | 24s
2026-09-17 17:00:21 | INFO    | epoch 21 | batch 360/1252 | loss 0.6461 | acc 0.8710 | lr 5.34e-05 | 26s
2026-09-17 17:00:23 | INFO    | epoch 21 | batch 380/1252 | loss 0.6440 | acc 0.8727 | lr 5.33e-05 | 27s
2026-09-17 17:00:24 | INFO    | epoch 21 | batch 400/1252 | loss 0.6422 | acc 0.8735 | lr 5.33e-05 | 29s
2026-09-17 17:00:25 | INFO    | epoch 21 | batch 420/1252 | loss 0.6412 | acc 0.8737 | lr 5.32e-05 | 30s
2026-09-17 17:00:27 | INFO    | epoch 21 | batch 440/1252 | loss 0.6412 | acc 0.8739 | lr 5.32e-05 | 32s
2026-09-17 17:00:28 | INFO    | epoch 21 | batch 460/1252 | loss 0.6428 | acc 0.8726 | lr 5.31e-05 | 33s
2026-09-17 17:00:30 | INFO    | epoch 21 | batch 480/1252 | loss 0.6427 | acc 0.8728 | lr 5.30e-05 | 34s
2026-09-17 17:00:31 | INFO    | epoch 21 | batch 500/1252 | loss 0.6418 | acc 0.8732 | lr 5.30e-05 | 36s
2026-09-17 17:00:32 | INFO    | epoch 21 | batch 520/1252 | loss 0.6416 | acc 0.8732 | lr 5.29e-05 | 37s
2026-09-17 17:00:34 | INFO    | epoch 21 | batch 540/1252 | loss 0.6407 | acc 0.8735 | lr 5.28e-05 | 39s
2026-09-17 17:00:35 | INFO    | epoch 21 | batch 560/1252 | loss 0.6408 | acc 0.8731 | lr 5.28e-05 | 40s
2026-09-17 17:00:37 | INFO    | epoch 21 | batch 580/1252 | loss 0.6405 | acc 0.8735 | lr 5.27e-05 | 41s
2026-09-17 17:00:38 | INFO    | epoch 21 | batch 600/1252 | loss 0.6413 | acc 0.8725 | lr 5.26e-05 | 43s
2026-09-17 17:00:40 | INFO    | epoch 21 | batch 620/1252 | loss 0.6418 | acc 0.8724 | lr 5.26e-05 | 44s
2026-09-17 17:00:41 | INFO    | epoch 21 | batch 640/1252 | loss 0.6416 | acc 0.8725 | lr 5.25e-05 | 46s
2026-09-17 17:00:43 | INFO    | epoch 21 | batch 660/1252 | loss 0.6420 | acc 0.8721 | lr 5.24e-05 | 47s
2026-09-17 17:00:44 | INFO    | epoch 21 | batch 680/1252 | loss 0.6416 | acc 0.8724 | lr 5.24e-05 | 49s
2026-09-17 17:00:45 | INFO    | epoch 21 | batch 700/1252 | loss 0.6414 | acc 0.8724 | lr 5.23e-05 | 50s
2026-09-17 17:00:47 | INFO    | epoch 21 | batch 720/1252 | loss 0.6424 | acc 0.8720 | lr 5.22e-05 | 51s
2026-09-17 17:00:48 | INFO    | epoch 21 | batch 740/1252 | loss 0.6431 | acc 0.8716 | lr 5.22e-05 | 53s
2026-09-17 17:00:50 | INFO    | epoch 21 | batch 760/1252 | loss 0.6440 | acc 0.8713 | lr 5.21e-05 | 54s
2026-09-17 17:00:51 | INFO    | epoch 21 | batch 780/1252 | loss 0.6449 | acc 0.8704 | lr 5.20e-05 | 56s
2026-09-17 17:00:53 | INFO    | epoch 21 | batch 800/1252 | loss 0.6448 | acc 0.8705 | lr 5.20e-05 | 57s
2026-09-17 17:00:54 | INFO    | epoch 21 | batch 820/1252 | loss 0.6444 | acc 0.8710 | lr 5.19e-05 | 59s
2026-09-17 17:00:55 | INFO    | epoch 21 | batch 840/1252 | loss 0.6445 | acc 0.8711 | lr 5.18e-05 | 60s
2026-09-17 17:00:57 | INFO    | epoch 21 | batch 860/1252 | loss 0.6444 | acc 0.8709 | lr 5.18e-05 | 61s
2026-09-17 17:00:58 | INFO    | epoch 21 | batch 880/1252 | loss 0.6442 | acc 0.8708 | lr 5.17e-05 | 63s
2026-09-17 17:01:00 | INFO    | epoch 21 | batch 900/1252 | loss 0.6442 | acc 0.8710 | lr 5.17e-05 | 64s
2026-09-17 17:01:01 | INFO    | epoch 21 | batch 920/1252 | loss 0.6440 | acc 0.8710 | lr 5.16e-05 | 66s
2026-09-17 17:01:03 | INFO    | epoch 21 | batch 940/1252 | loss 0.6436 | acc 0.8714 | lr 5.15e-05 | 67s
2026-09-17 17:01:04 | INFO    | epoch 21 | batch 960/1252 | loss 0.6431 | acc 0.8715 | lr 5.15e-05 | 69s
2026-09-17 17:01:05 | INFO    | epoch 21 | batch 980/1252 | loss 0.6425 | acc 0.8718 | lr 5.14e-05 | 70s
2026-09-17 17:01:07 | INFO    | epoch 21 | batch 1000/1252 | loss 0.6433 | acc 0.8713 | lr 5.13e-05 | 72s
2026-09-17 17:01:08 | INFO    | epoch 21 | batch 1020/1252 | loss 0.6432 | acc 0.8711 | lr 5.13e-05 | 73s
2026-09-17 17:01:10 | INFO    | epoch 21 | batch 1040/1252 | loss 0.6432 | acc 0.8710 | lr 5.12e-05 | 74s
2026-09-17 17:01:11 | INFO    | epoch 21 | batch 1060/1252 | loss 0.6430 | acc 0.8712 | lr 5.11e-05 | 76s
2026-09-17 17:01:13 | INFO    | epoch 21 | batch 1080/1252 | loss 0.6428 | acc 0.8714 | lr 5.11e-05 | 77s
2026-09-17 17:01:14 | INFO    | epoch 21 | batch 1100/1252 | loss 0.6423 | acc 0.8715 | lr 5.10e-05 | 79s
2026-09-17 17:01:16 | INFO    | epoch 21 | batch 1120/1252 | loss 0.6424 | acc 0.8717 | lr 5.09e-05 | 80s
2026-09-17 17:01:17 | INFO    | epoch 21 | batch 1140/1252 | loss 0.6419 | acc 0.8719 | lr 5.09e-05 | 82s
2026-09-17 17:01:18 | INFO    | epoch 21 | batch 1160/1252 | loss 0.6412 | acc 0.8723 | lr 5.08e-05 | 83s
2026-09-17 17:01:20 | INFO    | epoch 21 | batch 1180/1252 | loss 0.6406 | acc 0.8729 | lr 5.07e-05 | 84s
2026-09-17 17:01:21 | INFO    | epoch 21 | batch 1200/1252 | loss 0.6399 | acc 0.8734 | lr 5.07e-05 | 86s
2026-09-17 17:01:23 | INFO    | epoch 21 | batch 1220/1252 | loss 0.6397 | acc 0.8736 | lr 5.06e-05 | 87s
2026-09-17 17:01:24 | INFO    | epoch 21 | batch 1240/1252 | loss 0.6397 | acc 0.8736 | lr 5.05e-05 | 89s
2026-09-17 17:01:25 | INFO    | epoch 21 | batch 1252/1252 | loss 0.6397 | acc 0.8736 | lr 5.05e-05 | 90s
2026-09-17 17:01:35 | INFO    | epoch 21/40 done in 99s | train loss 0.6397 | train running patch (aug): accuracy=0.8736 precision=0.8725 recall=0.8685 f1=0.8703
2026-09-17 17:01:35 | INFO    | epoch 21 train (eval, no aug) | loss 0.7690 | patch[7280]: accuracy=0.8076 precision=0.8064 recall=0.8015 f1=0.8036 | image[455]: accuracy=0.8923 precision=0.8950 recall=0.8863 f1=0.8890
2026-09-17 17:01:35 | INFO    | epoch 21 val | loss 1.2092 | patch[8448]: accuracy=0.6108 precision=0.5815 recall=0.5816 f1=0.5802 | image[96]: accuracy=0.6771 precision=0.6445 recall=0.6488 f1=0.6446
2026-09-17 17:01:35 | INFO    | val_patch_f1 = 0.5802 (best 0.5882 @ epoch 19)
2026-09-17 17:01:36 | INFO    | epoch 22 | batch 20/1252 | loss 0.6323 | acc 0.8922 | lr 5.04e-05 | 2s
2026-09-17 17:01:38 | INFO    | epoch 22 | batch 40/1252 | loss 0.6275 | acc 0.8766 | lr 5.04e-05 | 3s
2026-09-17 17:01:39 | INFO    | epoch 22 | batch 60/1252 | loss 0.6293 | acc 0.8792 | lr 5.03e-05 | 5s
2026-09-17 17:01:41 | INFO    | epoch 22 | batch 80/1252 | loss 0.6305 | acc 0.8762 | lr 5.02e-05 | 6s
2026-09-17 17:01:42 | INFO    | epoch 22 | batch 100/1252 | loss 0.6266 | acc 0.8778 | lr 5.02e-05 | 7s
2026-09-17 17:01:44 | INFO    | epoch 22 | batch 120/1252 | loss 0.6273 | acc 0.8786 | lr 5.01e-05 | 9s
2026-09-17 17:01:45 | INFO    | epoch 22 | batch 140/1252 | loss 0.6235 | acc 0.8804 | lr 5.00e-05 | 10s
2026-09-17 17:01:47 | INFO    | epoch 22 | batch 160/1252 | loss 0.6240 | acc 0.8809 | lr 5.00e-05 | 12s
2026-09-17 17:01:48 | INFO    | epoch 22 | batch 180/1252 | loss 0.6265 | acc 0.8804 | lr 4.99e-05 | 13s
2026-09-17 17:01:49 | INFO    | epoch 22 | batch 200/1252 | loss 0.6275 | acc 0.8792 | lr 4.98e-05 | 15s
2026-09-17 17:01:51 | INFO    | epoch 22 | batch 220/1252 | loss 0.6285 | acc 0.8783 | lr 4.98e-05 | 16s
2026-09-17 17:01:52 | INFO    | epoch 22 | batch 240/1252 | loss 0.6323 | acc 0.8764 | lr 4.97e-05 | 18s
2026-09-17 17:01:54 | INFO    | epoch 22 | batch 260/1252 | loss 0.6313 | acc 0.8768 | lr 4.97e-05 | 19s
2026-09-17 17:01:55 | INFO    | epoch 22 | batch 280/1252 | loss 0.6329 | acc 0.8763 | lr 4.96e-05 | 20s
2026-09-17 17:01:57 | INFO    | epoch 22 | batch 300/1252 | loss 0.6331 | acc 0.8757 | lr 4.95e-05 | 22s
2026-09-17 17:01:58 | INFO    | epoch 22 | batch 320/1252 | loss 0.6312 | acc 0.8771 | lr 4.95e-05 | 23s
2026-09-17 17:01:59 | INFO    | epoch 22 | batch 340/1252 | loss 0.6317 | acc 0.8767 | lr 4.94e-05 | 25s
2026-09-17 17:02:01 | INFO    | epoch 22 | batch 360/1252 | loss 0.6318 | acc 0.8766 | lr 4.93e-05 | 26s
2026-09-17 17:02:02 | INFO    | epoch 22 | batch 380/1252 | loss 0.6319 | acc 0.8765 | lr 4.93e-05 | 27s
2026-09-17 17:02:04 | INFO    | epoch 22 | batch 400/1252 | loss 0.6314 | acc 0.8766 | lr 4.92e-05 | 29s
2026-09-17 17:02:05 | INFO    | epoch 22 | batch 420/1252 | loss 0.6301 | acc 0.8777 | lr 4.91e-05 | 30s
2026-09-17 17:02:06 | INFO    | epoch 22 | batch 440/1252 | loss 0.6293 | acc 0.8778 | lr 4.91e-05 | 32s
2026-09-17 17:02:08 | INFO    | epoch 22 | batch 460/1252 | loss 0.6290 | acc 0.8784 | lr 4.90e-05 | 33s
2026-09-17 17:02:09 | INFO    | epoch 22 | batch 480/1252 | loss 0.6289 | acc 0.8788 | lr 4.89e-05 | 35s
2026-09-17 17:02:11 | INFO    | epoch 22 | batch 500/1252 | loss 0.6287 | acc 0.8788 | lr 4.89e-05 | 36s
2026-09-17 17:02:12 | INFO    | epoch 22 | batch 520/1252 | loss 0.6286 | acc 0.8793 | lr 4.88e-05 | 37s
2026-09-17 17:02:14 | INFO    | epoch 22 | batch 540/1252 | loss 0.6278 | acc 0.8797 | lr 4.87e-05 | 39s
2026-09-17 17:02:15 | INFO    | epoch 22 | batch 560/1252 | loss 0.6289 | acc 0.8796 | lr 4.87e-05 | 40s
2026-09-17 17:02:17 | INFO    | epoch 22 | batch 580/1252 | loss 0.6271 | acc 0.8803 | lr 4.86e-05 | 42s
2026-09-17 17:02:18 | INFO    | epoch 22 | batch 600/1252 | loss 0.6276 | acc 0.8802 | lr 4.85e-05 | 43s
2026-09-17 17:02:20 | INFO    | epoch 22 | batch 620/1252 | loss 0.6280 | acc 0.8798 | lr 4.85e-05 | 45s
2026-09-17 17:02:21 | INFO    | epoch 22 | batch 640/1252 | loss 0.6275 | acc 0.8797 | lr 4.84e-05 | 46s
2026-09-17 17:02:22 | INFO    | epoch 22 | batch 660/1252 | loss 0.6266 | acc 0.8804 | lr 4.83e-05 | 48s
2026-09-17 17:02:24 | INFO    | epoch 22 | batch 680/1252 | loss 0.6261 | acc 0.8804 | lr 4.83e-05 | 49s
2026-09-17 17:02:25 | INFO    | epoch 22 | batch 700/1252 | loss 0.6263 | acc 0.8801 | lr 4.82e-05 | 51s
2026-09-17 17:02:27 | INFO    | epoch 22 | batch 720/1252 | loss 0.6256 | acc 0.8807 | lr 4.81e-05 | 52s
2026-09-17 17:02:28 | INFO    | epoch 22 | batch 740/1252 | loss 0.6256 | acc 0.8809 | lr 4.81e-05 | 53s
2026-09-17 17:02:30 | INFO    | epoch 22 | batch 760/1252 | loss 0.6262 | acc 0.8808 | lr 4.80e-05 | 55s
2026-09-17 17:02:31 | INFO    | epoch 22 | batch 780/1252 | loss 0.6273 | acc 0.8800 | lr 4.80e-05 | 56s
2026-09-17 17:02:33 | INFO    | epoch 22 | batch 800/1252 | loss 0.6284 | acc 0.8796 | lr 4.79e-05 | 58s
2026-09-17 17:02:34 | INFO    | epoch 22 | batch 820/1252 | loss 0.6276 | acc 0.8800 | lr 4.78e-05 | 60s
2026-09-17 17:02:36 | INFO    | epoch 22 | batch 840/1252 | loss 0.6277 | acc 0.8800 | lr 4.78e-05 | 61s
2026-09-17 17:02:37 | INFO    | epoch 22 | batch 860/1252 | loss 0.6286 | acc 0.8795 | lr 4.77e-05 | 63s
2026-09-17 17:02:39 | INFO    | epoch 22 | batch 880/1252 | loss 0.6284 | acc 0.8796 | lr 4.76e-05 | 64s
2026-09-17 17:02:40 | INFO    | epoch 22 | batch 900/1252 | loss 0.6289 | acc 0.8797 | lr 4.76e-05 | 65s
2026-09-17 17:02:42 | INFO    | epoch 22 | batch 920/1252 | loss 0.6284 | acc 0.8802 | lr 4.75e-05 | 67s
2026-09-17 17:02:43 | INFO    | epoch 22 | batch 940/1252 | loss 0.6292 | acc 0.8795 | lr 4.74e-05 | 68s
2026-09-17 17:02:45 | INFO    | epoch 22 | batch 960/1252 | loss 0.6295 | acc 0.8793 | lr 4.74e-05 | 70s
2026-09-17 17:02:46 | INFO    | epoch 22 | batch 980/1252 | loss 0.6290 | acc 0.8797 | lr 4.73e-05 | 71s
2026-09-17 17:02:48 | INFO    | epoch 22 | batch 1000/1252 | loss 0.6291 | acc 0.8798 | lr 4.72e-05 | 73s
2026-09-17 17:02:49 | INFO    | epoch 22 | batch 1020/1252 | loss 0.6290 | acc 0.8798 | lr 4.72e-05 | 74s
2026-09-17 17:02:51 | INFO    | epoch 22 | batch 1040/1252 | loss 0.6288 | acc 0.8801 | lr 4.71e-05 | 76s
2026-09-17 17:02:52 | INFO    | epoch 22 | batch 1060/1252 | loss 0.6286 | acc 0.8802 | lr 4.70e-05 | 77s
2026-09-17 17:02:53 | INFO    | epoch 22 | batch 1080/1252 | loss 0.6283 | acc 0.8804 | lr 4.70e-05 | 79s
2026-09-17 17:02:55 | INFO    | epoch 22 | batch 1100/1252 | loss 0.6283 | acc 0.8802 | lr 4.69e-05 | 80s
2026-09-17 17:02:56 | INFO    | epoch 22 | batch 1120/1252 | loss 0.6285 | acc 0.8802 | lr 4.68e-05 | 82s
2026-09-17 17:02:58 | INFO    | epoch 22 | batch 1140/1252 | loss 0.6288 | acc 0.8802 | lr 4.68e-05 | 83s
2026-09-17 17:02:59 | INFO    | epoch 22 | batch 1160/1252 | loss 0.6284 | acc 0.8803 | lr 4.67e-05 | 84s
2026-09-17 17:03:01 | INFO    | epoch 22 | batch 1180/1252 | loss 0.6285 | acc 0.8803 | lr 4.66e-05 | 86s
2026-09-17 17:03:02 | INFO    | epoch 22 | batch 1200/1252 | loss 0.6286 | acc 0.8802 | lr 4.66e-05 | 87s
2026-09-17 17:03:04 | INFO    | epoch 22 | batch 1220/1252 | loss 0.6288 | acc 0.8800 | lr 4.65e-05 | 89s
2026-09-17 17:03:05 | INFO    | epoch 22 | batch 1240/1252 | loss 0.6289 | acc 0.8800 | lr 4.65e-05 | 90s
2026-09-17 17:03:06 | INFO    | epoch 22 | batch 1252/1252 | loss 0.6288 | acc 0.8799 | lr 4.64e-05 | 91s
2026-09-17 17:03:16 | INFO    | epoch 22/40 done in 101s | train loss 0.6288 | train running patch (aug): accuracy=0.8799 precision=0.8783 recall=0.8747 f1=0.8763
2026-09-17 17:03:16 | INFO    | epoch 22 train (eval, no aug) | loss 0.7339 | patch[7280]: accuracy=0.8224 precision=0.8229 recall=0.8165 f1=0.8188 | image[455]: accuracy=0.9187 precision=0.9238 recall=0.9141 f1=0.9179
2026-09-17 17:03:16 | INFO    | epoch 22 val | loss 1.1673 | patch[8448]: accuracy=0.6244 precision=0.5914 recall=0.5934 f1=0.5898 | image[96]: accuracy=0.6875 precision=0.6329 recall=0.6446 f1=0.6326
2026-09-17 17:03:16 | INFO    | val_patch_f1 = 0.5898 (best 0.5898 @ epoch 22) *
2026-09-17 17:03:17 | INFO    | epoch 23 | batch 20/1252 | loss 0.6362 | acc 0.8766 | lr 4.63e-05 | 2s
2026-09-17 17:03:19 | INFO    | epoch 23 | batch 40/1252 | loss 0.6369 | acc 0.8781 | lr 4.63e-05 | 3s
2026-09-17 17:03:20 | INFO    | epoch 23 | batch 60/1252 | loss 0.6263 | acc 0.8839 | lr 4.62e-05 | 5s
2026-09-17 17:03:22 | INFO    | epoch 23 | batch 80/1252 | loss 0.6237 | acc 0.8879 | lr 4.62e-05 | 6s
2026-09-17 17:03:23 | INFO    | epoch 23 | batch 100/1252 | loss 0.6193 | acc 0.8888 | lr 4.61e-05 | 7s
2026-09-17 17:03:25 | INFO    | epoch 23 | batch 120/1252 | loss 0.6191 | acc 0.8875 | lr 4.60e-05 | 9s
2026-09-17 17:03:26 | INFO    | epoch 23 | batch 140/1252 | loss 0.6188 | acc 0.8904 | lr 4.60e-05 | 10s
2026-09-17 17:03:28 | INFO    | epoch 23 | batch 160/1252 | loss 0.6207 | acc 0.8869 | lr 4.59e-05 | 12s
2026-09-17 17:03:29 | INFO    | epoch 23 | batch 180/1252 | loss 0.6230 | acc 0.8847 | lr 4.58e-05 | 13s
2026-09-17 17:03:30 | INFO    | epoch 23 | batch 200/1252 | loss 0.6230 | acc 0.8852 | lr 4.58e-05 | 15s
2026-09-17 17:03:32 | INFO    | epoch 23 | batch 220/1252 | loss 0.6228 | acc 0.8864 | lr 4.57e-05 | 16s
2026-09-17 17:03:33 | INFO    | epoch 23 | batch 240/1252 | loss 0.6198 | acc 0.8871 | lr 4.56e-05 | 18s
2026-09-17 17:03:35 | INFO    | epoch 23 | batch 260/1252 | loss 0.6197 | acc 0.8868 | lr 4.56e-05 | 19s
2026-09-17 17:03:36 | INFO    | epoch 23 | batch 280/1252 | loss 0.6190 | acc 0.8871 | lr 4.55e-05 | 21s
2026-09-17 17:03:38 | INFO    | epoch 23 | batch 300/1252 | loss 0.6177 | acc 0.8881 | lr 4.54e-05 | 22s
2026-09-17 17:03:39 | INFO    | epoch 23 | batch 320/1252 | loss 0.6201 | acc 0.8867 | lr 4.54e-05 | 24s
2026-09-17 17:03:41 | INFO    | epoch 23 | batch 340/1252 | loss 0.6190 | acc 0.8870 | lr 4.53e-05 | 25s
2026-09-17 17:03:42 | INFO    | epoch 23 | batch 360/1252 | loss 0.6199 | acc 0.8862 | lr 4.52e-05 | 26s
2026-09-17 17:03:44 | INFO    | epoch 23 | batch 380/1252 | loss 0.6216 | acc 0.8850 | lr 4.52e-05 | 28s
2026-09-17 17:03:45 | INFO    | epoch 23 | batch 400/1252 | loss 0.6224 | acc 0.8845 | lr 4.51e-05 | 29s
2026-09-17 17:03:46 | INFO    | epoch 23 | batch 420/1252 | loss 0.6236 | acc 0.8834 | lr 4.50e-05 | 31s
2026-09-17 17:03:48 | INFO    | epoch 23 | batch 440/1252 | loss 0.6245 | acc 0.8825 | lr 4.50e-05 | 32s
2026-09-17 17:03:49 | INFO    | epoch 23 | batch 460/1252 | loss 0.6241 | acc 0.8829 | lr 4.49e-05 | 33s
2026-09-17 17:03:51 | INFO    | epoch 23 | batch 480/1252 | loss 0.6238 | acc 0.8832 | lr 4.49e-05 | 35s
2026-09-17 17:03:52 | INFO    | epoch 23 | batch 500/1252 | loss 0.6226 | acc 0.8836 | lr 4.48e-05 | 36s
2026-09-17 17:03:53 | INFO    | epoch 23 | batch 520/1252 | loss 0.6229 | acc 0.8836 | lr 4.47e-05 | 38s
2026-09-17 17:03:55 | INFO    | epoch 23 | batch 540/1252 | loss 0.6231 | acc 0.8834 | lr 4.47e-05 | 39s
2026-09-17 17:03:56 | INFO    | epoch 23 | batch 560/1252 | loss 0.6225 | acc 0.8835 | lr 4.46e-05 | 40s
2026-09-17 17:03:58 | INFO    | epoch 23 | batch 580/1252 | loss 0.6220 | acc 0.8837 | lr 4.45e-05 | 42s
2026-09-17 17:03:59 | INFO    | epoch 23 | batch 600/1252 | loss 0.6219 | acc 0.8838 | lr 4.45e-05 | 43s
2026-09-17 17:04:00 | INFO    | epoch 23 | batch 620/1252 | loss 0.6231 | acc 0.8830 | lr 4.44e-05 | 45s
2026-09-17 17:04:02 | INFO    | epoch 23 | batch 640/1252 | loss 0.6230 | acc 0.8833 | lr 4.43e-05 | 46s
2026-09-17 17:04:03 | INFO    | epoch 23 | batch 660/1252 | loss 0.6229 | acc 0.8834 | lr 4.43e-05 | 48s
2026-09-17 17:04:05 | INFO    | epoch 23 | batch 680/1252 | loss 0.6228 | acc 0.8834 | lr 4.42e-05 | 49s
2026-09-17 17:04:06 | INFO    | epoch 23 | batch 700/1252 | loss 0.6226 | acc 0.8834 | lr 4.41e-05 | 50s
2026-09-17 17:04:07 | INFO    | epoch 23 | batch 720/1252 | loss 0.6221 | acc 0.8836 | lr 4.41e-05 | 52s
2026-09-17 17:04:09 | INFO    | epoch 23 | batch 740/1252 | loss 0.6211 | acc 0.8845 | lr 4.40e-05 | 53s
2026-09-17 17:04:10 | INFO    | epoch 23 | batch 760/1252 | loss 0.6214 | acc 0.8844 | lr 4.39e-05 | 55s
2026-09-17 17:04:12 | INFO    | epoch 23 | batch 780/1252 | loss 0.6210 | acc 0.8849 | lr 4.39e-05 | 56s
2026-09-17 17:04:13 | INFO    | epoch 23 | batch 800/1252 | loss 0.6215 | acc 0.8847 | lr 4.38e-05 | 57s
2026-09-17 17:04:15 | INFO    | epoch 23 | batch 820/1252 | loss 0.6208 | acc 0.8848 | lr 4.37e-05 | 59s
2026-09-17 17:04:16 | INFO    | epoch 23 | batch 840/1252 | loss 0.6208 | acc 0.8848 | lr 4.37e-05 | 60s
2026-09-17 17:04:17 | INFO    | epoch 23 | batch 860/1252 | loss 0.6206 | acc 0.8851 | lr 4.36e-05 | 62s
2026-09-17 17:04:19 | INFO    | epoch 23 | batch 880/1252 | loss 0.6204 | acc 0.8852 | lr 4.36e-05 | 63s
2026-09-17 17:04:20 | INFO    | epoch 23 | batch 900/1252 | loss 0.6199 | acc 0.8858 | lr 4.35e-05 | 65s
2026-09-17 17:04:22 | INFO    | epoch 23 | batch 920/1252 | loss 0.6199 | acc 0.8859 | lr 4.34e-05 | 66s
2026-09-17 17:04:23 | INFO    | epoch 23 | batch 940/1252 | loss 0.6201 | acc 0.8856 | lr 4.34e-05 | 67s
2026-09-17 17:04:25 | INFO    | epoch 23 | batch 960/1252 | loss 0.6200 | acc 0.8853 | lr 4.33e-05 | 69s
2026-09-17 17:04:26 | INFO    | epoch 23 | batch 980/1252 | loss 0.6199 | acc 0.8854 | lr 4.32e-05 | 70s
2026-09-17 17:04:27 | INFO    | epoch 23 | batch 1000/1252 | loss 0.6198 | acc 0.8854 | lr 4.32e-05 | 72s
2026-09-17 17:04:29 | INFO    | epoch 23 | batch 1020/1252 | loss 0.6196 | acc 0.8855 | lr 4.31e-05 | 73s
2026-09-17 17:04:30 | INFO    | epoch 23 | batch 1040/1252 | loss 0.6195 | acc 0.8857 | lr 4.30e-05 | 75s
2026-09-17 17:04:32 | INFO    | epoch 23 | batch 1060/1252 | loss 0.6191 | acc 0.8858 | lr 4.30e-05 | 76s
2026-09-17 17:04:33 | INFO    | epoch 23 | batch 1080/1252 | loss 0.6194 | acc 0.8856 | lr 4.29e-05 | 78s
2026-09-17 17:04:35 | INFO    | epoch 23 | batch 1100/1252 | loss 0.6191 | acc 0.8858 | lr 4.28e-05 | 79s
2026-09-17 17:04:36 | INFO    | epoch 23 | batch 1120/1252 | loss 0.6191 | acc 0.8858 | lr 4.28e-05 | 81s
2026-09-17 17:04:38 | INFO    | epoch 23 | batch 1140/1252 | loss 0.6191 | acc 0.8856 | lr 4.27e-05 | 82s
2026-09-17 17:04:39 | INFO    | epoch 23 | batch 1160/1252 | loss 0.6193 | acc 0.8856 | lr 4.26e-05 | 83s
2026-09-17 17:04:41 | INFO    | epoch 23 | batch 1180/1252 | loss 0.6195 | acc 0.8853 | lr 4.26e-05 | 85s
2026-09-17 17:04:42 | INFO    | epoch 23 | batch 1200/1252 | loss 0.6189 | acc 0.8855 | lr 4.25e-05 | 86s
2026-09-17 17:04:43 | INFO    | epoch 23 | batch 1220/1252 | loss 0.6188 | acc 0.8855 | lr 4.25e-05 | 88s
2026-09-17 17:04:45 | INFO    | epoch 23 | batch 1240/1252 | loss 0.6189 | acc 0.8856 | lr 4.24e-05 | 89s
2026-09-17 17:04:46 | INFO    | epoch 23 | batch 1252/1252 | loss 0.6191 | acc 0.8855 | lr 4.24e-05 | 90s
2026-09-17 17:04:55 | INFO    | epoch 23/40 done in 100s | train loss 0.6191 | train running patch (aug): accuracy=0.8855 precision=0.8843 recall=0.8810 f1=0.8825
2026-09-17 17:04:55 | INFO    | epoch 23 train (eval, no aug) | loss 0.7764 | patch[7280]: accuracy=0.7962 precision=0.7992 recall=0.7925 f1=0.7919 | image[455]: accuracy=0.8835 precision=0.8939 recall=0.8830 f1=0.8829
2026-09-17 17:04:55 | INFO    | epoch 23 val | loss 1.1812 | patch[8448]: accuracy=0.6100 precision=0.5882 recall=0.5856 f1=0.5799 | image[96]: accuracy=0.6667 precision=0.6319 recall=0.6341 f1=0.6219
2026-09-17 17:04:55 | INFO    | val_patch_f1 = 0.5799 (best 0.5898 @ epoch 22)
2026-09-17 17:04:57 | INFO    | epoch 24 | batch 20/1252 | loss 0.5706 | acc 0.9109 | lr 4.23e-05 | 1s
2026-09-17 17:04:58 | INFO    | epoch 24 | batch 40/1252 | loss 0.5812 | acc 0.9039 | lr 4.22e-05 | 3s
2026-09-17 17:04:59 | INFO    | epoch 24 | batch 60/1252 | loss 0.5954 | acc 0.8927 | lr 4.22e-05 | 4s
2026-09-17 17:05:01 | INFO    | epoch 24 | batch 80/1252 | loss 0.5923 | acc 0.8961 | lr 4.21e-05 | 5s
2026-09-17 17:05:02 | INFO    | epoch 24 | batch 100/1252 | loss 0.5956 | acc 0.8959 | lr 4.20e-05 | 7s
2026-09-17 17:05:04 | INFO    | epoch 24 | batch 120/1252 | loss 0.5987 | acc 0.8924 | lr 4.20e-05 | 8s
2026-09-17 17:05:05 | INFO    | epoch 24 | batch 140/1252 | loss 0.5972 | acc 0.8938 | lr 4.19e-05 | 10s
2026-09-17 17:05:06 | INFO    | epoch 24 | batch 160/1252 | loss 0.5948 | acc 0.8963 | lr 4.18e-05 | 11s
2026-09-17 17:05:08 | INFO    | epoch 24 | batch 180/1252 | loss 0.5951 | acc 0.8962 | lr 4.18e-05 | 12s
2026-09-17 17:05:09 | INFO    | epoch 24 | batch 200/1252 | loss 0.5946 | acc 0.8962 | lr 4.17e-05 | 14s
2026-09-17 17:05:11 | INFO    | epoch 24 | batch 220/1252 | loss 0.5955 | acc 0.8952 | lr 4.16e-05 | 15s
2026-09-17 17:05:12 | INFO    | epoch 24 | batch 240/1252 | loss 0.5954 | acc 0.8952 | lr 4.16e-05 | 17s
2026-09-17 17:05:14 | INFO    | epoch 24 | batch 260/1252 | loss 0.5969 | acc 0.8954 | lr 4.15e-05 | 18s
2026-09-17 17:05:15 | INFO    | epoch 24 | batch 280/1252 | loss 0.5979 | acc 0.8955 | lr 4.15e-05 | 20s
2026-09-17 17:05:17 | INFO    | epoch 24 | batch 300/1252 | loss 0.5988 | acc 0.8947 | lr 4.14e-05 | 21s
2026-09-17 17:05:18 | INFO    | epoch 24 | batch 320/1252 | loss 0.6014 | acc 0.8934 | lr 4.13e-05 | 23s
2026-09-17 17:05:20 | INFO    | epoch 24 | batch 340/1252 | loss 0.6023 | acc 0.8925 | lr 4.13e-05 | 24s
2026-09-17 17:05:21 | INFO    | epoch 24 | batch 360/1252 | loss 0.6033 | acc 0.8918 | lr 4.12e-05 | 26s
2026-09-17 17:05:22 | INFO    | epoch 24 | batch 380/1252 | loss 0.6029 | acc 0.8921 | lr 4.11e-05 | 27s
2026-09-17 17:05:24 | INFO    | epoch 24 | batch 400/1252 | loss 0.6032 | acc 0.8916 | lr 4.11e-05 | 28s
2026-09-17 17:05:25 | INFO    | epoch 24 | batch 420/1252 | loss 0.6043 | acc 0.8914 | lr 4.10e-05 | 30s
2026-09-17 17:05:26 | INFO    | epoch 24 | batch 440/1252 | loss 0.6040 | acc 0.8914 | lr 4.09e-05 | 31s
2026-09-17 17:05:28 | INFO    | epoch 24 | batch 460/1252 | loss 0.6041 | acc 0.8911 | lr 4.09e-05 | 33s
2026-09-17 17:05:29 | INFO    | epoch 24 | batch 480/1252 | loss 0.6032 | acc 0.8917 | lr 4.08e-05 | 34s
2026-09-17 17:05:31 | INFO    | epoch 24 | batch 500/1252 | loss 0.6029 | acc 0.8918 | lr 4.07e-05 | 35s
2026-09-17 17:05:32 | INFO    | epoch 24 | batch 520/1252 | loss 0.6031 | acc 0.8922 | lr 4.07e-05 | 37s
2026-09-17 17:05:34 | INFO    | epoch 24 | batch 540/1252 | loss 0.6040 | acc 0.8920 | lr 4.06e-05 | 38s
2026-09-17 17:05:35 | INFO    | epoch 24 | batch 560/1252 | loss 0.6060 | acc 0.8911 | lr 4.06e-05 | 40s
2026-09-17 17:05:36 | INFO    | epoch 24 | batch 580/1252 | loss 0.6064 | acc 0.8911 | lr 4.05e-05 | 41s
2026-09-17 17:05:38 | INFO    | epoch 24 | batch 600/1252 | loss 0.6060 | acc 0.8910 | lr 4.04e-05 | 43s
2026-09-17 17:05:39 | INFO    | epoch 24 | batch 620/1252 | loss 0.6056 | acc 0.8912 | lr 4.04e-05 | 44s
2026-09-17 17:05:41 | INFO    | epoch 24 | batch 640/1252 | loss 0.6060 | acc 0.8908 | lr 4.03e-05 | 45s
2026-09-17 17:05:42 | INFO    | epoch 24 | batch 660/1252 | loss 0.6060 | acc 0.8907 | lr 4.02e-05 | 47s
2026-09-17 17:05:44 | INFO    | epoch 24 | batch 680/1252 | loss 0.6062 | acc 0.8909 | lr 4.02e-05 | 48s
2026-09-17 17:05:45 | INFO    | epoch 24 | batch 700/1252 | loss 0.6054 | acc 0.8912 | lr 4.01e-05 | 50s
2026-09-17 17:05:47 | INFO    | epoch 24 | batch 720/1252 | loss 0.6046 | acc 0.8916 | lr 4.00e-05 | 51s
2026-09-17 17:05:48 | INFO    | epoch 24 | batch 740/1252 | loss 0.6052 | acc 0.8914 | lr 4.00e-05 | 53s
2026-09-17 17:05:49 | INFO    | epoch 24 | batch 760/1252 | loss 0.6057 | acc 0.8911 | lr 3.99e-05 | 54s
2026-09-17 17:05:51 | INFO    | epoch 24 | batch 780/1252 | loss 0.6057 | acc 0.8909 | lr 3.98e-05 | 55s
2026-09-17 17:05:52 | INFO    | epoch 24 | batch 800/1252 | loss 0.6063 | acc 0.8907 | lr 3.98e-05 | 57s
2026-09-17 17:05:54 | INFO    | epoch 24 | batch 820/1252 | loss 0.6069 | acc 0.8902 | lr 3.97e-05 | 58s
2026-09-17 17:05:55 | INFO    | epoch 24 | batch 840/1252 | loss 0.6072 | acc 0.8900 | lr 3.97e-05 | 60s
2026-09-17 17:05:57 | INFO    | epoch 24 | batch 860/1252 | loss 0.6074 | acc 0.8900 | lr 3.96e-05 | 61s
2026-09-17 17:05:58 | INFO    | epoch 24 | batch 880/1252 | loss 0.6070 | acc 0.8904 | lr 3.95e-05 | 63s
2026-09-17 17:06:00 | INFO    | epoch 24 | batch 900/1252 | loss 0.6067 | acc 0.8907 | lr 3.95e-05 | 64s
2026-09-17 17:06:01 | INFO    | epoch 24 | batch 920/1252 | loss 0.6065 | acc 0.8908 | lr 3.94e-05 | 66s
2026-09-17 17:06:03 | INFO    | epoch 24 | batch 940/1252 | loss 0.6059 | acc 0.8914 | lr 3.93e-05 | 68s
2026-09-17 17:06:05 | INFO    | epoch 24 | batch 960/1252 | loss 0.6070 | acc 0.8909 | lr 3.93e-05 | 69s
2026-09-17 17:06:06 | INFO    | epoch 24 | batch 980/1252 | loss 0.6075 | acc 0.8904 | lr 3.92e-05 | 71s
2026-09-17 17:06:08 | INFO    | epoch 24 | batch 1000/1252 | loss 0.6072 | acc 0.8905 | lr 3.91e-05 | 72s
2026-09-17 17:06:09 | INFO    | epoch 24 | batch 1020/1252 | loss 0.6068 | acc 0.8908 | lr 3.91e-05 | 74s
2026-09-17 17:06:11 | INFO    | epoch 24 | batch 1040/1252 | loss 0.6064 | acc 0.8909 | lr 3.90e-05 | 76s
2026-09-17 17:06:12 | INFO    | epoch 24 | batch 1060/1252 | loss 0.6074 | acc 0.8902 | lr 3.90e-05 | 77s
2026-09-17 17:06:14 | INFO    | epoch 24 | batch 1080/1252 | loss 0.6072 | acc 0.8902 | lr 3.89e-05 | 78s
2026-09-17 17:06:15 | INFO    | epoch 24 | batch 1100/1252 | loss 0.6071 | acc 0.8905 | lr 3.88e-05 | 80s
2026-09-17 17:06:17 | INFO    | epoch 24 | batch 1120/1252 | loss 0.6073 | acc 0.8903 | lr 3.88e-05 | 81s
2026-09-17 17:06:18 | INFO    | epoch 24 | batch 1140/1252 | loss 0.6078 | acc 0.8901 | lr 3.87e-05 | 83s
2026-09-17 17:06:20 | INFO    | epoch 24 | batch 1160/1252 | loss 0.6079 | acc 0.8901 | lr 3.86e-05 | 84s
2026-09-17 17:06:21 | INFO    | epoch 24 | batch 1180/1252 | loss 0.6078 | acc 0.8902 | lr 3.86e-05 | 86s
2026-09-17 17:06:23 | INFO    | epoch 24 | batch 1200/1252 | loss 0.6080 | acc 0.8902 | lr 3.85e-05 | 87s
2026-09-17 17:06:24 | INFO    | epoch 24 | batch 1220/1252 | loss 0.6083 | acc 0.8900 | lr 3.84e-05 | 89s
2026-09-17 17:06:25 | INFO    | epoch 24 | batch 1240/1252 | loss 0.6087 | acc 0.8899 | lr 3.84e-05 | 90s
2026-09-17 17:06:26 | INFO    | epoch 24 | batch 1252/1252 | loss 0.6085 | acc 0.8900 | lr 3.83e-05 | 91s
2026-09-17 17:06:36 | INFO    | epoch 24/40 done in 100s | train loss 0.6085 | train running patch (aug): accuracy=0.8900 precision=0.8893 recall=0.8858 f1=0.8874
2026-09-17 17:06:36 | INFO    | epoch 24 train (eval, no aug) | loss 0.6958 | patch[7280]: accuracy=0.8434 precision=0.8447 recall=0.8430 f1=0.8427 | image[455]: accuracy=0.9495 precision=0.9558 recall=0.9489 f1=0.9513
2026-09-17 17:06:36 | INFO    | epoch 24 val | loss 1.1677 | patch[8448]: accuracy=0.6123 precision=0.5858 recall=0.5865 f1=0.5843 | image[96]: accuracy=0.6771 precision=0.6384 recall=0.6398 f1=0.6351
2026-09-17 17:06:36 | INFO    | val_patch_f1 = 0.5843 (best 0.5898 @ epoch 22)
2026-09-17 17:06:37 | INFO    | epoch 25 | batch 20/1252 | loss 0.5759 | acc 0.9125 | lr 3.83e-05 | 2s
2026-09-17 17:06:39 | INFO    | epoch 25 | batch 40/1252 | loss 0.5941 | acc 0.9062 | lr 3.82e-05 | 3s
2026-09-17 17:06:40 | INFO    | epoch 25 | batch 60/1252 | loss 0.6005 | acc 0.8995 | lr 3.82e-05 | 5s
2026-09-17 17:06:42 | INFO    | epoch 25 | batch 80/1252 | loss 0.6000 | acc 0.8996 | lr 3.81e-05 | 6s
2026-09-17 17:06:43 | INFO    | epoch 25 | batch 100/1252 | loss 0.6015 | acc 0.8966 | lr 3.80e-05 | 7s
2026-09-17 17:06:45 | INFO    | epoch 25 | batch 120/1252 | loss 0.6032 | acc 0.8974 | lr 3.80e-05 | 9s
2026-09-17 17:06:46 | INFO    | epoch 25 | batch 140/1252 | loss 0.6001 | acc 0.8975 | lr 3.79e-05 | 10s
2026-09-17 17:06:47 | INFO    | epoch 25 | batch 160/1252 | loss 0.6014 | acc 0.8967 | lr 3.78e-05 | 12s
2026-09-17 17:06:49 | INFO    | epoch 25 | batch 180/1252 | loss 0.6015 | acc 0.8953 | lr 3.78e-05 | 13s
2026-09-17 17:06:50 | INFO    | epoch 25 | batch 200/1252 | loss 0.6022 | acc 0.8961 | lr 3.77e-05 | 14s
2026-09-17 17:06:52 | INFO    | epoch 25 | batch 220/1252 | loss 0.6034 | acc 0.8949 | lr 3.77e-05 | 16s
2026-09-17 17:06:53 | INFO    | epoch 25 | batch 240/1252 | loss 0.6039 | acc 0.8944 | lr 3.76e-05 | 17s
2026-09-17 17:06:54 | INFO    | epoch 25 | batch 260/1252 | loss 0.6032 | acc 0.8954 | lr 3.75e-05 | 19s
2026-09-17 17:06:56 | INFO    | epoch 25 | batch 280/1252 | loss 0.6031 | acc 0.8952 | lr 3.75e-05 | 20s
2026-09-17 17:06:57 | INFO    | epoch 25 | batch 300/1252 | loss 0.6039 | acc 0.8949 | lr 3.74e-05 | 21s
2026-09-17 17:06:59 | INFO    | epoch 25 | batch 320/1252 | loss 0.6049 | acc 0.8938 | lr 3.73e-05 | 23s
2026-09-17 17:07:00 | INFO    | epoch 25 | batch 340/1252 | loss 0.6044 | acc 0.8941 | lr 3.73e-05 | 24s
2026-09-17 17:07:02 | INFO    | epoch 25 | batch 360/1252 | loss 0.6036 | acc 0.8938 | lr 3.72e-05 | 26s
2026-09-17 17:07:03 | INFO    | epoch 25 | batch 380/1252 | loss 0.6026 | acc 0.8940 | lr 3.71e-05 | 27s
2026-09-17 17:07:04 | INFO    | epoch 25 | batch 400/1252 | loss 0.6013 | acc 0.8944 | lr 3.71e-05 | 28s
2026-09-17 17:07:06 | INFO    | epoch 25 | batch 420/1252 | loss 0.6026 | acc 0.8938 | lr 3.70e-05 | 30s
2026-09-17 17:07:07 | INFO    | epoch 25 | batch 440/1252 | loss 0.6020 | acc 0.8944 | lr 3.70e-05 | 31s
2026-09-17 17:07:09 | INFO    | epoch 25 | batch 460/1252 | loss 0.6018 | acc 0.8944 | lr 3.69e-05 | 33s
2026-09-17 17:07:10 | INFO    | epoch 25 | batch 480/1252 | loss 0.6021 | acc 0.8947 | lr 3.68e-05 | 34s
2026-09-17 17:07:11 | INFO    | epoch 25 | batch 500/1252 | loss 0.6027 | acc 0.8939 | lr 3.68e-05 | 36s
2026-09-17 17:07:13 | INFO    | epoch 25 | batch 520/1252 | loss 0.6028 | acc 0.8938 | lr 3.67e-05 | 37s
2026-09-17 17:07:14 | INFO    | epoch 25 | batch 540/1252 | loss 0.6018 | acc 0.8942 | lr 3.66e-05 | 38s
2026-09-17 17:07:16 | INFO    | epoch 25 | batch 560/1252 | loss 0.6014 | acc 0.8946 | lr 3.66e-05 | 40s
2026-09-17 17:07:17 | INFO    | epoch 25 | batch 580/1252 | loss 0.6005 | acc 0.8953 | lr 3.65e-05 | 41s
2026-09-17 17:07:19 | INFO    | epoch 25 | batch 600/1252 | loss 0.6001 | acc 0.8956 | lr 3.65e-05 | 43s
2026-09-17 17:07:20 | INFO    | epoch 25 | batch 620/1252 | loss 0.6006 | acc 0.8955 | lr 3.64e-05 | 44s
2026-09-17 17:07:22 | INFO    | epoch 25 | batch 640/1252 | loss 0.5998 | acc 0.8958 | lr 3.63e-05 | 46s
2026-09-17 17:07:23 | INFO    | epoch 25 | batch 660/1252 | loss 0.5999 | acc 0.8957 | lr 3.63e-05 | 47s
2026-09-17 17:07:24 | INFO    | epoch 25 | batch 680/1252 | loss 0.5988 | acc 0.8966 | lr 3.62e-05 | 49s
2026-09-17 17:07:26 | INFO    | epoch 25 | batch 700/1252 | loss 0.5990 | acc 0.8963 | lr 3.61e-05 | 50s
2026-09-17 17:07:27 | INFO    | epoch 25 | batch 720/1252 | loss 0.5979 | acc 0.8971 | lr 3.61e-05 | 52s
2026-09-17 17:07:29 | INFO    | epoch 25 | batch 740/1252 | loss 0.5984 | acc 0.8970 | lr 3.60e-05 | 53s
2026-09-17 17:07:30 | INFO    | epoch 25 | batch 760/1252 | loss 0.5982 | acc 0.8970 | lr 3.60e-05 | 55s
2026-09-17 17:07:32 | INFO    | epoch 25 | batch 780/1252 | loss 0.5981 | acc 0.8973 | lr 3.59e-05 | 56s
2026-09-17 17:07:33 | INFO    | epoch 25 | batch 800/1252 | loss 0.5984 | acc 0.8971 | lr 3.58e-05 | 57s
2026-09-17 17:07:35 | INFO    | epoch 25 | batch 820/1252 | loss 0.5991 | acc 0.8968 | lr 3.58e-05 | 59s
2026-09-17 17:07:36 | INFO    | epoch 25 | batch 840/1252 | loss 0.5998 | acc 0.8964 | lr 3.57e-05 | 60s
2026-09-17 17:07:38 | INFO    | epoch 25 | batch 860/1252 | loss 0.6002 | acc 0.8963 | lr 3.56e-05 | 62s
2026-09-17 17:07:39 | INFO    | epoch 25 | batch 880/1252 | loss 0.6000 | acc 0.8963 | lr 3.56e-05 | 63s
2026-09-17 17:07:40 | INFO    | epoch 25 | batch 900/1252 | loss 0.6004 | acc 0.8960 | lr 3.55e-05 | 65s
2026-09-17 17:07:42 | INFO    | epoch 25 | batch 920/1252 | loss 0.6008 | acc 0.8955 | lr 3.55e-05 | 66s
2026-09-17 17:07:43 | INFO    | epoch 25 | batch 940/1252 | loss 0.6006 | acc 0.8957 | lr 3.54e-05 | 67s
2026-09-17 17:07:45 | INFO    | epoch 25 | batch 960/1252 | loss 0.6008 | acc 0.8956 | lr 3.53e-05 | 69s
2026-09-17 17:07:46 | INFO    | epoch 25 | batch 980/1252 | loss 0.6002 | acc 0.8960 | lr 3.53e-05 | 70s
2026-09-17 17:07:47 | INFO    | epoch 25 | batch 1000/1252 | loss 0.5999 | acc 0.8960 | lr 3.52e-05 | 72s
2026-09-17 17:07:49 | INFO    | epoch 25 | batch 1020/1252 | loss 0.6000 | acc 0.8958 | lr 3.51e-05 | 73s
2026-09-17 17:07:50 | INFO    | epoch 25 | batch 1040/1252 | loss 0.6002 | acc 0.8958 | lr 3.51e-05 | 74s
2026-09-17 17:07:52 | INFO    | epoch 25 | batch 1060/1252 | loss 0.6004 | acc 0.8959 | lr 3.50e-05 | 76s
2026-09-17 17:07:53 | INFO    | epoch 25 | batch 1080/1252 | loss 0.6006 | acc 0.8958 | lr 3.50e-05 | 77s
2026-09-17 17:07:54 | INFO    | epoch 25 | batch 1100/1252 | loss 0.6001 | acc 0.8959 | lr 3.49e-05 | 79s
2026-09-17 17:07:56 | INFO    | epoch 25 | batch 1120/1252 | loss 0.5997 | acc 0.8961 | lr 3.48e-05 | 80s
2026-09-17 17:07:57 | INFO    | epoch 25 | batch 1140/1252 | loss 0.5999 | acc 0.8961 | lr 3.48e-05 | 82s
2026-09-17 17:07:59 | INFO    | epoch 25 | batch 1160/1252 | loss 0.5997 | acc 0.8962 | lr 3.47e-05 | 83s
2026-09-17 17:08:00 | INFO    | epoch 25 | batch 1180/1252 | loss 0.5993 | acc 0.8963 | lr 3.47e-05 | 84s
2026-09-17 17:08:02 | INFO    | epoch 25 | batch 1200/1252 | loss 0.5988 | acc 0.8966 | lr 3.46e-05 | 86s
2026-09-17 17:08:03 | INFO    | epoch 25 | batch 1220/1252 | loss 0.5986 | acc 0.8966 | lr 3.45e-05 | 88s
2026-09-17 17:08:05 | INFO    | epoch 25 | batch 1240/1252 | loss 0.5986 | acc 0.8966 | lr 3.45e-05 | 89s
2026-09-17 17:08:06 | INFO    | epoch 25 | batch 1252/1252 | loss 0.5985 | acc 0.8966 | lr 3.44e-05 | 90s
2026-09-17 17:08:16 | INFO    | epoch 25/40 done in 100s | train loss 0.5985 | train running patch (aug): accuracy=0.8966 precision=0.8953 recall=0.8926 f1=0.8939
2026-09-17 17:08:16 | INFO    | epoch 25 train (eval, no aug) | loss 0.7033 | patch[7280]: accuracy=0.8360 precision=0.8353 recall=0.8343 f1=0.8338 | image[455]: accuracy=0.9407 precision=0.9468 recall=0.9381 f1=0.9414
2026-09-17 17:08:16 | INFO    | epoch 25 val | loss 1.1432 | patch[8448]: accuracy=0.6329 precision=0.6049 recall=0.6058 f1=0.6040 | image[96]: accuracy=0.6667 precision=0.6269 recall=0.6330 f1=0.6281
2026-09-17 17:08:16 | INFO    | val_patch_f1 = 0.6040 (best 0.6040 @ epoch 25) *
2026-09-17 17:08:17 | INFO    | epoch 26 | batch 20/1252 | loss 0.5721 | acc 0.9156 | lr 3.44e-05 | 2s
2026-09-17 17:08:19 | INFO    | epoch 26 | batch 40/1252 | loss 0.5663 | acc 0.9102 | lr 3.43e-05 | 3s
2026-09-17 17:08:20 | INFO    | epoch 26 | batch 60/1252 | loss 0.5765 | acc 0.9021 | lr 3.42e-05 | 5s
2026-09-17 17:08:22 | INFO    | epoch 26 | batch 80/1252 | loss 0.5885 | acc 0.8957 | lr 3.42e-05 | 6s
2026-09-17 17:08:23 | INFO    | epoch 26 | batch 100/1252 | loss 0.5900 | acc 0.8953 | lr 3.41e-05 | 7s
2026-09-17 17:08:25 | INFO    | epoch 26 | batch 120/1252 | loss 0.5874 | acc 0.8982 | lr 3.41e-05 | 9s
2026-09-17 17:08:26 | INFO    | epoch 26 | batch 140/1252 | loss 0.5864 | acc 0.8991 | lr 3.40e-05 | 10s
2026-09-17 17:08:28 | INFO    | epoch 26 | batch 160/1252 | loss 0.5861 | acc 0.9010 | lr 3.39e-05 | 12s
2026-09-17 17:08:29 | INFO    | epoch 26 | batch 180/1252 | loss 0.5837 | acc 0.9016 | lr 3.39e-05 | 13s
2026-09-17 17:08:30 | INFO    | epoch 26 | batch 200/1252 | loss 0.5841 | acc 0.9009 | lr 3.38e-05 | 15s
2026-09-17 17:08:32 | INFO    | epoch 26 | batch 220/1252 | loss 0.5823 | acc 0.9024 | lr 3.37e-05 | 16s
2026-09-17 17:08:33 | INFO    | epoch 26 | batch 240/1252 | loss 0.5844 | acc 0.9013 | lr 3.37e-05 | 18s
2026-09-17 17:08:35 | INFO    | epoch 26 | batch 260/1252 | loss 0.5857 | acc 0.8999 | lr 3.36e-05 | 19s
2026-09-17 17:08:36 | INFO    | epoch 26 | batch 280/1252 | loss 0.5870 | acc 0.9007 | lr 3.36e-05 | 21s
2026-09-17 17:08:38 | INFO    | epoch 26 | batch 300/1252 | loss 0.5888 | acc 0.8994 | lr 3.35e-05 | 22s
2026-09-17 17:08:39 | INFO    | epoch 26 | batch 320/1252 | loss 0.5893 | acc 0.8989 | lr 3.34e-05 | 23s
2026-09-17 17:08:40 | INFO    | epoch 26 | batch 340/1252 | loss 0.5875 | acc 0.9001 | lr 3.34e-05 | 25s
2026-09-17 17:08:42 | INFO    | epoch 26 | batch 360/1252 | loss 0.5893 | acc 0.8992 | lr 3.33e-05 | 26s
2026-09-17 17:08:43 | INFO    | epoch 26 | batch 380/1252 | loss 0.5902 | acc 0.8993 | lr 3.33e-05 | 28s
2026-09-17 17:08:45 | INFO    | epoch 26 | batch 400/1252 | loss 0.5910 | acc 0.8990 | lr 3.32e-05 | 29s
2026-09-17 17:08:46 | INFO    | epoch 26 | batch 420/1252 | loss 0.5904 | acc 0.8994 | lr 3.31e-05 | 31s
2026-09-17 17:08:48 | INFO    | epoch 26 | batch 440/1252 | loss 0.5902 | acc 0.8999 | lr 3.31e-05 | 32s
2026-09-17 17:08:49 | INFO    | epoch 26 | batch 460/1252 | loss 0.5913 | acc 0.8995 | lr 3.30e-05 | 33s
2026-09-17 17:08:50 | INFO    | epoch 26 | batch 480/1252 | loss 0.5908 | acc 0.8992 | lr 3.30e-05 | 35s
2026-09-17 17:08:52 | INFO    | epoch 26 | batch 500/1252 | loss 0.5912 | acc 0.8992 | lr 3.29e-05 | 36s
2026-09-17 17:08:53 | INFO    | epoch 26 | batch 520/1252 | loss 0.5914 | acc 0.8989 | lr 3.28e-05 | 38s
2026-09-17 17:08:55 | INFO    | epoch 26 | batch 540/1252 | loss 0.5927 | acc 0.8981 | lr 3.28e-05 | 39s
2026-09-17 17:08:56 | INFO    | epoch 26 | batch 560/1252 | loss 0.5919 | acc 0.8990 | lr 3.27e-05 | 40s
2026-09-17 17:08:57 | INFO    | epoch 26 | batch 580/1252 | loss 0.5925 | acc 0.8991 | lr 3.26e-05 | 42s
2026-09-17 17:08:59 | INFO    | epoch 26 | batch 600/1252 | loss 0.5919 | acc 0.8996 | lr 3.26e-05 | 43s
2026-09-17 17:09:00 | INFO    | epoch 26 | batch 620/1252 | loss 0.5930 | acc 0.8992 | lr 3.25e-05 | 44s
2026-09-17 17:09:02 | INFO    | epoch 26 | batch 640/1252 | loss 0.5919 | acc 0.8996 | lr 3.25e-05 | 46s
2026-09-17 17:09:03 | INFO    | epoch 26 | batch 660/1252 | loss 0.5923 | acc 0.8998 | lr 3.24e-05 | 47s
2026-09-17 17:09:05 | INFO    | epoch 26 | batch 680/1252 | loss 0.5920 | acc 0.9000 | lr 3.23e-05 | 49s
2026-09-17 17:09:06 | INFO    | epoch 26 | batch 700/1252 | loss 0.5915 | acc 0.9004 | lr 3.23e-05 | 50s
2026-09-17 17:09:07 | INFO    | epoch 26 | batch 720/1252 | loss 0.5922 | acc 0.8998 | lr 3.22e-05 | 52s
2026-09-17 17:09:09 | INFO    | epoch 26 | batch 740/1252 | loss 0.5923 | acc 0.8997 | lr 3.22e-05 | 53s
2026-09-17 17:09:10 | INFO    | epoch 26 | batch 760/1252 | loss 0.5922 | acc 0.8998 | lr 3.21e-05 | 55s
2026-09-17 17:09:12 | INFO    | epoch 26 | batch 780/1252 | loss 0.5925 | acc 0.8997 | lr 3.20e-05 | 56s
2026-09-17 17:09:13 | INFO    | epoch 26 | batch 800/1252 | loss 0.5915 | acc 0.9001 | lr 3.20e-05 | 57s
2026-09-17 17:09:15 | INFO    | epoch 26 | batch 820/1252 | loss 0.5922 | acc 0.8997 | lr 3.19e-05 | 59s
2026-09-17 17:09:16 | INFO    | epoch 26 | batch 840/1252 | loss 0.5916 | acc 0.8999 | lr 3.19e-05 | 60s
2026-09-17 17:09:17 | INFO    | epoch 26 | batch 860/1252 | loss 0.5918 | acc 0.8997 | lr 3.18e-05 | 62s
2026-09-17 17:09:19 | INFO    | epoch 26 | batch 880/1252 | loss 0.5921 | acc 0.8995 | lr 3.17e-05 | 63s
2026-09-17 17:09:20 | INFO    | epoch 26 | batch 900/1252 | loss 0.5932 | acc 0.8988 | lr 3.17e-05 | 65s
2026-09-17 17:09:22 | INFO    | epoch 26 | batch 920/1252 | loss 0.5933 | acc 0.8989 | lr 3.16e-05 | 66s
2026-09-17 17:09:23 | INFO    | epoch 26 | batch 940/1252 | loss 0.5928 | acc 0.8992 | lr 3.16e-05 | 67s
2026-09-17 17:09:25 | INFO    | epoch 26 | batch 960/1252 | loss 0.5923 | acc 0.8993 | lr 3.15e-05 | 69s
2026-09-17 17:09:26 | INFO    | epoch 26 | batch 980/1252 | loss 0.5925 | acc 0.8992 | lr 3.14e-05 | 70s
2026-09-17 17:09:27 | INFO    | epoch 26 | batch 1000/1252 | loss 0.5931 | acc 0.8991 | lr 3.14e-05 | 72s
2026-09-17 17:09:29 | INFO    | epoch 26 | batch 1020/1252 | loss 0.5927 | acc 0.8994 | lr 3.13e-05 | 73s
2026-09-17 17:09:30 | INFO    | epoch 26 | batch 1040/1252 | loss 0.5930 | acc 0.8991 | lr 3.13e-05 | 75s
2026-09-17 17:09:32 | INFO    | epoch 26 | batch 1060/1252 | loss 0.5927 | acc 0.8993 | lr 3.12e-05 | 76s
2026-09-17 17:09:33 | INFO    | epoch 26 | batch 1080/1252 | loss 0.5929 | acc 0.8992 | lr 3.11e-05 | 78s
2026-09-17 17:09:35 | INFO    | epoch 26 | batch 1100/1252 | loss 0.5933 | acc 0.8988 | lr 3.11e-05 | 79s
2026-09-17 17:09:36 | INFO    | epoch 26 | batch 1120/1252 | loss 0.5929 | acc 0.8990 | lr 3.10e-05 | 81s
2026-09-17 17:09:38 | INFO    | epoch 26 | batch 1140/1252 | loss 0.5925 | acc 0.8992 | lr 3.10e-05 | 82s
2026-09-17 17:09:39 | INFO    | epoch 26 | batch 1160/1252 | loss 0.5924 | acc 0.8991 | lr 3.09e-05 | 84s
2026-09-17 17:09:41 | INFO    | epoch 26 | batch 1180/1252 | loss 0.5921 | acc 0.8994 | lr 3.08e-05 | 85s
2026-09-17 17:09:42 | INFO    | epoch 26 | batch 1200/1252 | loss 0.5923 | acc 0.8992 | lr 3.08e-05 | 87s
2026-09-17 17:09:44 | INFO    | epoch 26 | batch 1220/1252 | loss 0.5925 | acc 0.8992 | lr 3.07e-05 | 88s
2026-09-17 17:09:45 | INFO    | epoch 26 | batch 1240/1252 | loss 0.5923 | acc 0.8993 | lr 3.07e-05 | 89s
2026-09-17 17:09:46 | INFO    | epoch 26 | batch 1252/1252 | loss 0.5923 | acc 0.8994 | lr 3.06e-05 | 90s
2026-09-17 17:09:56 | INFO    | epoch 26/40 done in 100s | train loss 0.5923 | train running patch (aug): accuracy=0.8994 precision=0.8986 recall=0.8956 f1=0.8970
2026-09-17 17:09:56 | INFO    | epoch 26 train (eval, no aug) | loss 0.7214 | patch[7280]: accuracy=0.8273 precision=0.8283 recall=0.8249 f1=0.8236 | image[455]: accuracy=0.9055 precision=0.9075 recall=0.9047 f1=0.9041
2026-09-17 17:09:56 | INFO    | epoch 26 val | loss 1.1518 | patch[8448]: accuracy=0.6239 precision=0.6081 recall=0.6018 f1=0.5997 | image[96]: accuracy=0.6771 precision=0.6621 recall=0.6489 f1=0.6440
2026-09-17 17:09:56 | INFO    | val_patch_f1 = 0.5997 (best 0.6040 @ epoch 25)
2026-09-17 17:09:57 | INFO    | epoch 27 | batch 20/1252 | loss 0.5408 | acc 0.9328 | lr 3.06e-05 | 2s
2026-09-17 17:09:59 | INFO    | epoch 27 | batch 40/1252 | loss 0.5833 | acc 0.9023 | lr 3.05e-05 | 3s
2026-09-17 17:10:00 | INFO    | epoch 27 | batch 60/1252 | loss 0.5805 | acc 0.9073 | lr 3.04e-05 | 5s
2026-09-17 17:10:02 | INFO    | epoch 27 | batch 80/1252 | loss 0.5796 | acc 0.9094 | lr 3.04e-05 | 6s
2026-09-17 17:10:04 | INFO    | epoch 27 | batch 100/1252 | loss 0.5861 | acc 0.9047 | lr 3.03e-05 | 8s
2026-09-17 17:10:05 | INFO    | epoch 27 | batch 120/1252 | loss 0.5879 | acc 0.9021 | lr 3.03e-05 | 9s
2026-09-17 17:10:06 | INFO    | epoch 27 | batch 140/1252 | loss 0.5872 | acc 0.9011 | lr 3.02e-05 | 11s
2026-09-17 17:10:08 | INFO    | epoch 27 | batch 160/1252 | loss 0.5899 | acc 0.9004 | lr 3.01e-05 | 12s
2026-09-17 17:10:09 | INFO    | epoch 27 | batch 180/1252 | loss 0.5870 | acc 0.9033 | lr 3.01e-05 | 14s
2026-09-17 17:10:10 | INFO    | epoch 27 | batch 200/1252 | loss 0.5881 | acc 0.9033 | lr 3.00e-05 | 15s
2026-09-17 17:10:12 | INFO    | epoch 27 | batch 220/1252 | loss 0.5872 | acc 0.9023 | lr 3.00e-05 | 16s
2026-09-17 17:10:13 | INFO    | epoch 27 | batch 240/1252 | loss 0.5863 | acc 0.9026 | lr 2.99e-05 | 18s
2026-09-17 17:10:15 | INFO    | epoch 27 | batch 260/1252 | loss 0.5890 | acc 0.9007 | lr 2.98e-05 | 19s
2026-09-17 17:10:16 | INFO    | epoch 27 | batch 280/1252 | loss 0.5883 | acc 0.9012 | lr 2.98e-05 | 20s
2026-09-17 17:10:18 | INFO    | epoch 27 | batch 300/1252 | loss 0.5882 | acc 0.9009 | lr 2.97e-05 | 22s
2026-09-17 17:10:19 | INFO    | epoch 27 | batch 320/1252 | loss 0.5890 | acc 0.9007 | lr 2.97e-05 | 23s
2026-09-17 17:10:20 | INFO    | epoch 27 | batch 340/1252 | loss 0.5897 | acc 0.9000 | lr 2.96e-05 | 25s
2026-09-17 17:10:21 | INFO    | epoch 27 | batch 360/1252 | loss 0.5903 | acc 0.8997 | lr 2.95e-05 | 26s
2026-09-17 17:10:23 | INFO    | epoch 27 | batch 380/1252 | loss 0.5884 | acc 0.9016 | lr 2.95e-05 | 27s
2026-09-17 17:10:24 | INFO    | epoch 27 | batch 400/1252 | loss 0.5894 | acc 0.9013 | lr 2.94e-05 | 29s
2026-09-17 17:10:26 | INFO    | epoch 27 | batch 420/1252 | loss 0.5888 | acc 0.9017 | lr 2.94e-05 | 30s
2026-09-17 17:10:27 | INFO    | epoch 27 | batch 440/1252 | loss 0.5892 | acc 0.9015 | lr 2.93e-05 | 31s
2026-09-17 17:10:29 | INFO    | epoch 27 | batch 460/1252 | loss 0.5895 | acc 0.9010 | lr 2.92e-05 | 33s
2026-09-17 17:10:30 | INFO    | epoch 27 | batch 480/1252 | loss 0.5893 | acc 0.9012 | lr 2.92e-05 | 34s
2026-09-17 17:10:31 | INFO    | epoch 27 | batch 500/1252 | loss 0.5895 | acc 0.9009 | lr 2.91e-05 | 36s
2026-09-17 17:10:33 | INFO    | epoch 27 | batch 520/1252 | loss 0.5885 | acc 0.9014 | lr 2.91e-05 | 37s
2026-09-17 17:10:34 | INFO    | epoch 27 | batch 540/1252 | loss 0.5876 | acc 0.9019 | lr 2.90e-05 | 39s
2026-09-17 17:10:36 | INFO    | epoch 27 | batch 560/1252 | loss 0.5871 | acc 0.9022 | lr 2.90e-05 | 40s
2026-09-17 17:10:37 | INFO    | epoch 27 | batch 580/1252 | loss 0.5876 | acc 0.9022 | lr 2.89e-05 | 42s
2026-09-17 17:10:39 | INFO    | epoch 27 | batch 600/1252 | loss 0.5885 | acc 0.9017 | lr 2.88e-05 | 43s
2026-09-17 17:10:40 | INFO    | epoch 27 | batch 620/1252 | loss 0.5886 | acc 0.9016 | lr 2.88e-05 | 44s
2026-09-17 17:10:42 | INFO    | epoch 27 | batch 640/1252 | loss 0.5898 | acc 0.9009 | lr 2.87e-05 | 46s
2026-09-17 17:10:43 | INFO    | epoch 27 | batch 660/1252 | loss 0.5896 | acc 0.9009 | lr 2.87e-05 | 48s
2026-09-17 17:10:45 | INFO    | epoch 27 | batch 680/1252 | loss 0.5893 | acc 0.9009 | lr 2.86e-05 | 49s
2026-09-17 17:10:46 | INFO    | epoch 27 | batch 700/1252 | loss 0.5886 | acc 0.9011 | lr 2.85e-05 | 51s
2026-09-17 17:10:48 | INFO    | epoch 27 | batch 720/1252 | loss 0.5883 | acc 0.9010 | lr 2.85e-05 | 52s
2026-09-17 17:10:49 | INFO    | epoch 27 | batch 740/1252 | loss 0.5885 | acc 0.9012 | lr 2.84e-05 | 54s
2026-09-17 17:10:51 | INFO    | epoch 27 | batch 760/1252 | loss 0.5878 | acc 0.9016 | lr 2.84e-05 | 55s
2026-09-17 17:10:52 | INFO    | epoch 27 | batch 780/1252 | loss 0.5873 | acc 0.9017 | lr 2.83e-05 | 56s
2026-09-17 17:10:54 | INFO    | epoch 27 | batch 800/1252 | loss 0.5867 | acc 0.9019 | lr 2.83e-05 | 58s
2026-09-17 17:10:55 | INFO    | epoch 27 | batch 820/1252 | loss 0.5860 | acc 0.9024 | lr 2.82e-05 | 59s
2026-09-17 17:10:56 | INFO    | epoch 27 | batch 840/1252 | loss 0.5853 | acc 0.9029 | lr 2.81e-05 | 61s
2026-09-17 17:10:58 | INFO    | epoch 27 | batch 860/1252 | loss 0.5853 | acc 0.9028 | lr 2.81e-05 | 62s
2026-09-17 17:10:59 | INFO    | epoch 27 | batch 880/1252 | loss 0.5860 | acc 0.9023 | lr 2.80e-05 | 64s
2026-09-17 17:11:01 | INFO    | epoch 27 | batch 900/1252 | loss 0.5858 | acc 0.9024 | lr 2.80e-05 | 65s
2026-09-17 17:11:02 | INFO    | epoch 27 | batch 920/1252 | loss 0.5859 | acc 0.9023 | lr 2.79e-05 | 66s
2026-09-17 17:11:03 | INFO    | epoch 27 | batch 940/1252 | loss 0.5865 | acc 0.9021 | lr 2.78e-05 | 68s
2026-09-17 17:11:05 | INFO    | epoch 27 | batch 960/1252 | loss 0.5865 | acc 0.9021 | lr 2.78e-05 | 69s
2026-09-17 17:11:06 | INFO    | epoch 27 | batch 980/1252 | loss 0.5866 | acc 0.9019 | lr 2.77e-05 | 71s
2026-09-17 17:11:08 | INFO    | epoch 27 | batch 1000/1252 | loss 0.5868 | acc 0.9018 | lr 2.77e-05 | 72s
2026-09-17 17:11:09 | INFO    | epoch 27 | batch 1020/1252 | loss 0.5867 | acc 0.9019 | lr 2.76e-05 | 73s
2026-09-17 17:11:11 | INFO    | epoch 27 | batch 1040/1252 | loss 0.5869 | acc 0.9017 | lr 2.76e-05 | 75s
2026-09-17 17:11:12 | INFO    | epoch 27 | batch 1060/1252 | loss 0.5869 | acc 0.9017 | lr 2.75e-05 | 76s
2026-09-17 17:11:13 | INFO    | epoch 27 | batch 1080/1252 | loss 0.5863 | acc 0.9021 | lr 2.74e-05 | 78s
2026-09-17 17:11:15 | INFO    | epoch 27 | batch 1100/1252 | loss 0.5863 | acc 0.9022 | lr 2.74e-05 | 79s
2026-09-17 17:11:16 | INFO    | epoch 27 | batch 1120/1252 | loss 0.5863 | acc 0.9022 | lr 2.73e-05 | 80s
2026-09-17 17:11:17 | INFO    | epoch 27 | batch 1140/1252 | loss 0.5864 | acc 0.9021 | lr 2.73e-05 | 82s
2026-09-17 17:11:19 | INFO    | epoch 27 | batch 1160/1252 | loss 0.5860 | acc 0.9025 | lr 2.72e-05 | 83s
2026-09-17 17:11:20 | INFO    | epoch 27 | batch 1180/1252 | loss 0.5856 | acc 0.9026 | lr 2.71e-05 | 85s
2026-09-17 17:11:22 | INFO    | epoch 27 | batch 1200/1252 | loss 0.5856 | acc 0.9027 | lr 2.71e-05 | 86s
2026-09-17 17:11:23 | INFO    | epoch 27 | batch 1220/1252 | loss 0.5856 | acc 0.9026 | lr 2.70e-05 | 88s
2026-09-17 17:11:25 | INFO    | epoch 27 | batch 1240/1252 | loss 0.5860 | acc 0.9025 | lr 2.70e-05 | 89s
2026-09-17 17:11:25 | INFO    | epoch 27 | batch 1252/1252 | loss 0.5857 | acc 0.9027 | lr 2.69e-05 | 90s
2026-09-17 17:11:35 | INFO    | epoch 27/40 done in 99s | train loss 0.5857 | train running patch (aug): accuracy=0.9027 precision=0.9017 recall=0.8989 f1=0.9002
2026-09-17 17:11:35 | INFO    | epoch 27 train (eval, no aug) | loss 0.6852 | patch[7280]: accuracy=0.8474 precision=0.8434 recall=0.8475 f1=0.8442 | image[455]: accuracy=0.9407 precision=0.9412 recall=0.9398 f1=0.9399
2026-09-17 17:11:35 | INFO    | epoch 27 val | loss 1.1318 | patch[8448]: accuracy=0.6407 precision=0.6276 recall=0.6212 f1=0.6218 | image[96]: accuracy=0.7083 precision=0.6905 recall=0.6894 f1=0.6872
2026-09-17 17:11:35 | INFO    | val_patch_f1 = 0.6218 (best 0.6218 @ epoch 27) *
2026-09-17 17:11:37 | INFO    | epoch 28 | batch 20/1252 | loss 0.5772 | acc 0.8953 | lr 2.69e-05 | 2s
2026-09-17 17:11:38 | INFO    | epoch 28 | batch 40/1252 | loss 0.5776 | acc 0.9000 | lr 2.68e-05 | 3s
2026-09-17 17:11:40 | INFO    | epoch 28 | batch 60/1252 | loss 0.5747 | acc 0.9042 | lr 2.68e-05 | 4s
2026-09-17 17:11:41 | INFO    | epoch 28 | batch 80/1252 | loss 0.5818 | acc 0.9012 | lr 2.67e-05 | 6s
2026-09-17 17:11:42 | INFO    | epoch 28 | batch 100/1252 | loss 0.5828 | acc 0.9006 | lr 2.67e-05 | 7s
2026-09-17 17:11:44 | INFO    | epoch 28 | batch 120/1252 | loss 0.5843 | acc 0.8997 | lr 2.66e-05 | 9s
2026-09-17 17:11:45 | INFO    | epoch 28 | batch 140/1252 | loss 0.5837 | acc 0.9025 | lr 2.65e-05 | 10s
2026-09-17 17:11:47 | INFO    | epoch 28 | batch 160/1252 | loss 0.5873 | acc 0.9004 | lr 2.65e-05 | 11s
2026-09-17 17:11:48 | INFO    | epoch 28 | batch 180/1252 | loss 0.5900 | acc 0.8983 | lr 2.64e-05 | 13s
2026-09-17 17:11:50 | INFO    | epoch 28 | batch 200/1252 | loss 0.5905 | acc 0.8980 | lr 2.64e-05 | 14s
2026-09-17 17:11:51 | INFO    | epoch 28 | batch 220/1252 | loss 0.5904 | acc 0.8993 | lr 2.63e-05 | 16s
2026-09-17 17:11:52 | INFO    | epoch 28 | batch 240/1252 | loss 0.5905 | acc 0.8993 | lr 2.63e-05 | 17s
2026-09-17 17:11:54 | INFO    | epoch 28 | batch 260/1252 | loss 0.5893 | acc 0.8994 | lr 2.62e-05 | 19s
2026-09-17 17:11:55 | INFO    | epoch 28 | batch 280/1252 | loss 0.5887 | acc 0.9003 | lr 2.61e-05 | 20s
2026-09-17 17:11:57 | INFO    | epoch 28 | batch 300/1252 | loss 0.5868 | acc 0.9016 | lr 2.61e-05 | 22s
2026-09-17 17:11:58 | INFO    | epoch 28 | batch 320/1252 | loss 0.5884 | acc 0.9003 | lr 2.60e-05 | 23s
2026-09-17 17:12:00 | INFO    | epoch 28 | batch 340/1252 | loss 0.5875 | acc 0.9016 | lr 2.60e-05 | 24s
2026-09-17 17:12:01 | INFO    | epoch 28 | batch 360/1252 | loss 0.5874 | acc 0.9016 | lr 2.59e-05 | 26s
2026-09-17 17:12:03 | INFO    | epoch 28 | batch 380/1252 | loss 0.5858 | acc 0.9026 | lr 2.59e-05 | 27s
2026-09-17 17:12:04 | INFO    | epoch 28 | batch 400/1252 | loss 0.5852 | acc 0.9034 | lr 2.58e-05 | 29s
2026-09-17 17:12:05 | INFO    | epoch 28 | batch 420/1252 | loss 0.5835 | acc 0.9046 | lr 2.57e-05 | 30s
2026-09-17 17:12:07 | INFO    | epoch 28 | batch 440/1252 | loss 0.5819 | acc 0.9055 | lr 2.57e-05 | 32s
2026-09-17 17:12:08 | INFO    | epoch 28 | batch 460/1252 | loss 0.5803 | acc 0.9063 | lr 2.56e-05 | 33s
2026-09-17 17:12:10 | INFO    | epoch 28 | batch 480/1252 | loss 0.5800 | acc 0.9065 | lr 2.56e-05 | 34s
2026-09-17 17:12:11 | INFO    | epoch 28 | batch 500/1252 | loss 0.5809 | acc 0.9060 | lr 2.55e-05 | 36s
2026-09-17 17:12:13 | INFO    | epoch 28 | batch 520/1252 | loss 0.5810 | acc 0.9060 | lr 2.55e-05 | 37s
2026-09-17 17:12:14 | INFO    | epoch 28 | batch 540/1252 | loss 0.5812 | acc 0.9059 | lr 2.54e-05 | 39s
2026-09-17 17:12:15 | INFO    | epoch 28 | batch 560/1252 | loss 0.5815 | acc 0.9055 | lr 2.53e-05 | 40s
2026-09-17 17:12:17 | INFO    | epoch 28 | batch 580/1252 | loss 0.5815 | acc 0.9057 | lr 2.53e-05 | 42s
2026-09-17 17:12:18 | INFO    | epoch 28 | batch 600/1252 | loss 0.5815 | acc 0.9056 | lr 2.52e-05 | 43s
2026-09-17 17:12:20 | INFO    | epoch 28 | batch 620/1252 | loss 0.5810 | acc 0.9058 | lr 2.52e-05 | 45s
2026-09-17 17:12:21 | INFO    | epoch 28 | batch 640/1252 | loss 0.5812 | acc 0.9056 | lr 2.51e-05 | 46s
2026-09-17 17:12:23 | INFO    | epoch 28 | batch 660/1252 | loss 0.5808 | acc 0.9056 | lr 2.51e-05 | 48s
2026-09-17 17:12:24 | INFO    | epoch 28 | batch 680/1252 | loss 0.5814 | acc 0.9054 | lr 2.50e-05 | 49s
2026-09-17 17:12:26 | INFO    | epoch 28 | batch 700/1252 | loss 0.5807 | acc 0.9059 | lr 2.50e-05 | 51s
2026-09-17 17:12:27 | INFO    | epoch 28 | batch 720/1252 | loss 0.5803 | acc 0.9062 | lr 2.49e-05 | 52s
2026-09-17 17:12:29 | INFO    | epoch 28 | batch 740/1252 | loss 0.5809 | acc 0.9057 | lr 2.48e-05 | 53s
2026-09-17 17:12:30 | INFO    | epoch 28 | batch 760/1252 | loss 0.5797 | acc 0.9064 | lr 2.48e-05 | 55s
2026-09-17 17:12:32 | INFO    | epoch 28 | batch 780/1252 | loss 0.5796 | acc 0.9064 | lr 2.47e-05 | 56s
2026-09-17 17:12:33 | INFO    | epoch 28 | batch 800/1252 | loss 0.5797 | acc 0.9066 | lr 2.47e-05 | 58s
2026-09-17 17:12:35 | INFO    | epoch 28 | batch 820/1252 | loss 0.5792 | acc 0.9066 | lr 2.46e-05 | 59s
2026-09-17 17:12:36 | INFO    | epoch 28 | batch 840/1252 | loss 0.5791 | acc 0.9064 | lr 2.46e-05 | 61s
2026-09-17 17:12:38 | INFO    | epoch 28 | batch 860/1252 | loss 0.5791 | acc 0.9064 | lr 2.45e-05 | 62s
2026-09-17 17:12:39 | INFO    | epoch 28 | batch 880/1252 | loss 0.5793 | acc 0.9061 | lr 2.45e-05 | 64s
2026-09-17 17:12:41 | INFO    | epoch 28 | batch 900/1252 | loss 0.5795 | acc 0.9056 | lr 2.44e-05 | 65s
2026-09-17 17:12:42 | INFO    | epoch 28 | batch 920/1252 | loss 0.5793 | acc 0.9060 | lr 2.43e-05 | 67s
2026-09-17 17:12:44 | INFO    | epoch 28 | batch 940/1252 | loss 0.5794 | acc 0.9057 | lr 2.43e-05 | 68s
2026-09-17 17:12:45 | INFO    | epoch 28 | batch 960/1252 | loss 0.5792 | acc 0.9058 | lr 2.42e-05 | 70s
2026-09-17 17:12:46 | INFO    | epoch 28 | batch 980/1252 | loss 0.5788 | acc 0.9061 | lr 2.42e-05 | 71s
2026-09-17 17:12:48 | INFO    | epoch 28 | batch 1000/1252 | loss 0.5792 | acc 0.9059 | lr 2.41e-05 | 73s
2026-09-17 17:12:49 | INFO    | epoch 28 | batch 1020/1252 | loss 0.5791 | acc 0.9058 | lr 2.41e-05 | 74s
2026-09-17 17:12:51 | INFO    | epoch 28 | batch 1040/1252 | loss 0.5790 | acc 0.9059 | lr 2.40e-05 | 76s
2026-09-17 17:12:52 | INFO    | epoch 28 | batch 1060/1252 | loss 0.5789 | acc 0.9060 | lr 2.40e-05 | 77s
2026-09-17 17:12:54 | INFO    | epoch 28 | batch 1080/1252 | loss 0.5787 | acc 0.9061 | lr 2.39e-05 | 79s
2026-09-17 17:12:55 | INFO    | epoch 28 | batch 1100/1252 | loss 0.5786 | acc 0.9063 | lr 2.38e-05 | 80s
2026-09-17 17:12:57 | INFO    | epoch 28 | batch 1120/1252 | loss 0.5784 | acc 0.9066 | lr 2.38e-05 | 82s
2026-09-17 17:12:58 | INFO    | epoch 28 | batch 1140/1252 | loss 0.5783 | acc 0.9068 | lr 2.37e-05 | 83s
2026-09-17 17:13:00 | INFO    | epoch 28 | batch 1160/1252 | loss 0.5778 | acc 0.9070 | lr 2.37e-05 | 85s
2026-09-17 17:13:01 | INFO    | epoch 28 | batch 1180/1252 | loss 0.5780 | acc 0.9069 | lr 2.36e-05 | 86s
2026-09-17 17:13:03 | INFO    | epoch 28 | batch 1200/1252 | loss 0.5777 | acc 0.9072 | lr 2.36e-05 | 88s
2026-09-17 17:13:04 | INFO    | epoch 28 | batch 1220/1252 | loss 0.5780 | acc 0.9071 | lr 2.35e-05 | 89s
2026-09-17 17:13:06 | INFO    | epoch 28 | batch 1240/1252 | loss 0.5784 | acc 0.9068 | lr 2.35e-05 | 90s
2026-09-17 17:13:07 | INFO    | epoch 28 | batch 1252/1252 | loss 0.5779 | acc 0.9071 | lr 2.34e-05 | 91s
2026-09-17 17:13:16 | INFO    | epoch 28/40 done in 101s | train loss 0.5779 | train running patch (aug): accuracy=0.9071 precision=0.9063 recall=0.9037 f1=0.9049
2026-09-17 17:13:16 | INFO    | epoch 28 train (eval, no aug) | loss 0.6478 | patch[7280]: accuracy=0.8687 precision=0.8697 recall=0.8656 f1=0.8671 | image[455]: accuracy=0.9538 precision=0.9574 recall=0.9510 f1=0.9538
2026-09-17 17:13:16 | INFO    | epoch 28 val | loss 1.1305 | patch[8448]: accuracy=0.6409 precision=0.6237 recall=0.6177 f1=0.6190 | image[96]: accuracy=0.7292 precision=0.7196 recall=0.7156 f1=0.7151
2026-09-17 17:13:16 | INFO    | val_patch_f1 = 0.6190 (best 0.6218 @ epoch 27)
2026-09-17 17:13:18 | INFO    | epoch 29 | batch 20/1252 | loss 0.5687 | acc 0.9062 | lr 2.34e-05 | 2s
2026-09-17 17:13:19 | INFO    | epoch 29 | batch 40/1252 | loss 0.5789 | acc 0.9000 | lr 2.33e-05 | 3s
2026-09-17 17:13:21 | INFO    | epoch 29 | batch 60/1252 | loss 0.5658 | acc 0.9104 | lr 2.33e-05 | 4s
2026-09-17 17:13:22 | INFO    | epoch 29 | batch 80/1252 | loss 0.5678 | acc 0.9105 | lr 2.32e-05 | 6s
2026-09-17 17:13:24 | INFO    | epoch 29 | batch 100/1252 | loss 0.5631 | acc 0.9156 | lr 2.32e-05 | 7s
2026-09-17 17:13:25 | INFO    | epoch 29 | batch 120/1252 | loss 0.5599 | acc 0.9169 | lr 2.31e-05 | 9s
2026-09-17 17:13:27 | INFO    | epoch 29 | batch 140/1252 | loss 0.5595 | acc 0.9170 | lr 2.30e-05 | 10s
2026-09-17 17:13:28 | INFO    | epoch 29 | batch 160/1252 | loss 0.5588 | acc 0.9170 | lr 2.30e-05 | 12s
2026-09-17 17:13:30 | INFO    | epoch 29 | batch 180/1252 | loss 0.5626 | acc 0.9151 | lr 2.29e-05 | 13s
2026-09-17 17:13:31 | INFO    | epoch 29 | batch 200/1252 | loss 0.5643 | acc 0.9142 | lr 2.29e-05 | 15s
2026-09-17 17:13:33 | INFO    | epoch 29 | batch 220/1252 | loss 0.5651 | acc 0.9135 | lr 2.28e-05 | 16s
2026-09-17 17:13:34 | INFO    | epoch 29 | batch 240/1252 | loss 0.5642 | acc 0.9139 | lr 2.28e-05 | 18s
2026-09-17 17:13:36 | INFO    | epoch 29 | batch 260/1252 | loss 0.5616 | acc 0.9161 | lr 2.27e-05 | 19s
2026-09-17 17:13:37 | INFO    | epoch 29 | batch 280/1252 | loss 0.5613 | acc 0.9160 | lr 2.27e-05 | 21s
2026-09-17 17:13:39 | INFO    | epoch 29 | batch 300/1252 | loss 0.5638 | acc 0.9142 | lr 2.26e-05 | 22s
2026-09-17 17:13:40 | INFO    | epoch 29 | batch 320/1252 | loss 0.5646 | acc 0.9136 | lr 2.26e-05 | 24s
2026-09-17 17:13:42 | INFO    | epoch 29 | batch 340/1252 | loss 0.5660 | acc 0.9131 | lr 2.25e-05 | 25s
2026-09-17 17:13:43 | INFO    | epoch 29 | batch 360/1252 | loss 0.5687 | acc 0.9122 | lr 2.24e-05 | 27s
2026-09-17 17:13:45 | INFO    | epoch 29 | batch 380/1252 | loss 0.5678 | acc 0.9127 | lr 2.24e-05 | 28s
2026-09-17 17:13:46 | INFO    | epoch 29 | batch 400/1252 | loss 0.5678 | acc 0.9127 | lr 2.23e-05 | 30s
2026-09-17 17:13:48 | INFO    | epoch 29 | batch 420/1252 | loss 0.5688 | acc 0.9115 | lr 2.23e-05 | 31s
2026-09-17 17:13:49 | INFO    | epoch 29 | batch 440/1252 | loss 0.5689 | acc 0.9112 | lr 2.22e-05 | 33s
2026-09-17 17:13:51 | INFO    | epoch 29 | batch 460/1252 | loss 0.5694 | acc 0.9109 | lr 2.22e-05 | 34s
2026-09-17 17:13:52 | INFO    | epoch 29 | batch 480/1252 | loss 0.5695 | acc 0.9111 | lr 2.21e-05 | 36s
2026-09-17 17:13:53 | INFO    | epoch 29 | batch 500/1252 | loss 0.5696 | acc 0.9109 | lr 2.21e-05 | 37s
2026-09-17 17:13:55 | INFO    | epoch 29 | batch 520/1252 | loss 0.5690 | acc 0.9115 | lr 2.20e-05 | 39s
2026-09-17 17:13:56 | INFO    | epoch 29 | batch 540/1252 | loss 0.5694 | acc 0.9113 | lr 2.20e-05 | 40s
2026-09-17 17:13:58 | INFO    | epoch 29 | batch 560/1252 | loss 0.5690 | acc 0.9117 | lr 2.19e-05 | 42s
2026-09-17 17:13:59 | INFO    | epoch 29 | batch 580/1252 | loss 0.5705 | acc 0.9109 | lr 2.19e-05 | 43s
2026-09-17 17:14:01 | INFO    | epoch 29 | batch 600/1252 | loss 0.5700 | acc 0.9111 | lr 2.18e-05 | 45s
2026-09-17 17:14:02 | INFO    | epoch 29 | batch 620/1252 | loss 0.5700 | acc 0.9115 | lr 2.18e-05 | 46s
2026-09-17 17:14:04 | INFO    | epoch 29 | batch 640/1252 | loss 0.5706 | acc 0.9111 | lr 2.17e-05 | 48s
2026-09-17 17:14:05 | INFO    | epoch 29 | batch 660/1252 | loss 0.5703 | acc 0.9115 | lr 2.16e-05 | 49s
2026-09-17 17:14:07 | INFO    | epoch 29 | batch 680/1252 | loss 0.5700 | acc 0.9115 | lr 2.16e-05 | 50s
2026-09-17 17:14:08 | INFO    | epoch 29 | batch 700/1252 | loss 0.5698 | acc 0.9117 | lr 2.15e-05 | 52s
2026-09-17 17:14:10 | INFO    | epoch 29 | batch 720/1252 | loss 0.5692 | acc 0.9121 | lr 2.15e-05 | 53s
2026-09-17 17:14:11 | INFO    | epoch 29 | batch 740/1252 | loss 0.5694 | acc 0.9122 | lr 2.14e-05 | 55s
2026-09-17 17:14:12 | INFO    | epoch 29 | batch 760/1252 | loss 0.5692 | acc 0.9123 | lr 2.14e-05 | 56s
2026-09-17 17:14:14 | INFO    | epoch 29 | batch 780/1252 | loss 0.5696 | acc 0.9119 | lr 2.13e-05 | 58s
2026-09-17 17:14:15 | INFO    | epoch 29 | batch 800/1252 | loss 0.5698 | acc 0.9118 | lr 2.13e-05 | 59s
2026-09-17 17:14:17 | INFO    | epoch 29 | batch 820/1252 | loss 0.5701 | acc 0.9115 | lr 2.12e-05 | 60s
2026-09-17 17:14:18 | INFO    | epoch 29 | batch 840/1252 | loss 0.5700 | acc 0.9117 | lr 2.12e-05 | 62s
2026-09-17 17:14:20 | INFO    | epoch 29 | batch 860/1252 | loss 0.5697 | acc 0.9120 | lr 2.11e-05 | 63s
2026-09-17 17:14:21 | INFO    | epoch 29 | batch 880/1252 | loss 0.5700 | acc 0.9116 | lr 2.11e-05 | 65s
2026-09-17 17:14:23 | INFO    | epoch 29 | batch 900/1252 | loss 0.5699 | acc 0.9117 | lr 2.10e-05 | 66s
2026-09-17 17:14:24 | INFO    | epoch 29 | batch 920/1252 | loss 0.5696 | acc 0.9118 | lr 2.10e-05 | 68s
2026-09-17 17:14:25 | INFO    | epoch 29 | batch 940/1252 | loss 0.5697 | acc 0.9118 | lr 2.09e-05 | 69s
2026-09-17 17:14:27 | INFO    | epoch 29 | batch 960/1252 | loss 0.5694 | acc 0.9118 | lr 2.09e-05 | 70s
2026-09-17 17:14:28 | INFO    | epoch 29 | batch 980/1252 | loss 0.5696 | acc 0.9118 | lr 2.08e-05 | 72s
2026-09-17 17:14:30 | INFO    | epoch 29 | batch 1000/1252 | loss 0.5698 | acc 0.9116 | lr 2.08e-05 | 73s
2026-09-17 17:14:31 | INFO    | epoch 29 | batch 1020/1252 | loss 0.5699 | acc 0.9115 | lr 2.07e-05 | 75s
2026-09-17 17:14:33 | INFO    | epoch 29 | batch 1040/1252 | loss 0.5698 | acc 0.9115 | lr 2.06e-05 | 76s
2026-09-17 17:14:34 | INFO    | epoch 29 | batch 1060/1252 | loss 0.5695 | acc 0.9116 | lr 2.06e-05 | 78s
2026-09-17 17:14:36 | INFO    | epoch 29 | batch 1080/1252 | loss 0.5696 | acc 0.9116 | lr 2.05e-05 | 79s
2026-09-17 17:14:37 | INFO    | epoch 29 | batch 1100/1252 | loss 0.5698 | acc 0.9115 | lr 2.05e-05 | 81s
2026-09-17 17:14:39 | INFO    | epoch 29 | batch 1120/1252 | loss 0.5700 | acc 0.9113 | lr 2.04e-05 | 82s
2026-09-17 17:14:40 | INFO    | epoch 29 | batch 1140/1252 | loss 0.5700 | acc 0.9114 | lr 2.04e-05 | 84s
2026-09-17 17:14:42 | INFO    | epoch 29 | batch 1160/1252 | loss 0.5699 | acc 0.9114 | lr 2.03e-05 | 85s
2026-09-17 17:14:43 | INFO    | epoch 29 | batch 1180/1252 | loss 0.5698 | acc 0.9114 | lr 2.03e-05 | 87s
2026-09-17 17:14:45 | INFO    | epoch 29 | batch 1200/1252 | loss 0.5697 | acc 0.9115 | lr 2.02e-05 | 88s
2026-09-17 17:14:46 | INFO    | epoch 29 | batch 1220/1252 | loss 0.5700 | acc 0.9112 | lr 2.02e-05 | 90s
2026-09-17 17:14:47 | INFO    | epoch 29 | batch 1240/1252 | loss 0.5705 | acc 0.9110 | lr 2.01e-05 | 91s
2026-09-17 17:14:48 | INFO    | epoch 29 | batch 1252/1252 | loss 0.5705 | acc 0.9111 | lr 2.01e-05 | 92s
2026-09-17 17:14:58 | INFO    | epoch 29/40 done in 102s | train loss 0.5705 | train running patch (aug): accuracy=0.9111 precision=0.9104 recall=0.9076 f1=0.9089
2026-09-17 17:14:58 | INFO    | epoch 29 train (eval, no aug) | loss 0.6257 | patch[7280]: accuracy=0.8805 precision=0.8802 recall=0.8783 f1=0.8790 | image[455]: accuracy=0.9648 precision=0.9693 recall=0.9632 f1=0.9658
2026-09-17 17:14:58 | INFO    | epoch 29 val | loss 1.1279 | patch[8448]: accuracy=0.6433 precision=0.6192 recall=0.6147 f1=0.6151 | image[96]: accuracy=0.7292 precision=0.6980 recall=0.6953 f1=0.6919
2026-09-17 17:14:58 | INFO    | val_patch_f1 = 0.6151 (best 0.6218 @ epoch 27)
2026-09-17 17:15:00 | INFO    | epoch 30 | batch 20/1252 | loss 0.6009 | acc 0.8844 | lr 2.00e-05 | 2s
2026-09-17 17:15:01 | INFO    | epoch 30 | batch 40/1252 | loss 0.5809 | acc 0.9031 | lr 2.00e-05 | 3s
2026-09-17 17:15:02 | INFO    | epoch 30 | batch 60/1252 | loss 0.5727 | acc 0.9094 | lr 1.99e-05 | 4s
2026-09-17 17:15:04 | INFO    | epoch 30 | batch 80/1252 | loss 0.5720 | acc 0.9078 | lr 1.99e-05 | 6s
2026-09-17 17:15:05 | INFO    | epoch 30 | batch 100/1252 | loss 0.5713 | acc 0.9094 | lr 1.98e-05 | 7s
2026-09-17 17:15:07 | INFO    | epoch 30 | batch 120/1252 | loss 0.5715 | acc 0.9096 | lr 1.98e-05 | 9s
2026-09-17 17:15:08 | INFO    | epoch 30 | batch 140/1252 | loss 0.5674 | acc 0.9129 | lr 1.97e-05 | 10s
2026-09-17 17:15:10 | INFO    | epoch 30 | batch 160/1252 | loss 0.5677 | acc 0.9133 | lr 1.97e-05 | 12s
2026-09-17 17:15:11 | INFO    | epoch 30 | batch 180/1252 | loss 0.5649 | acc 0.9153 | lr 1.96e-05 | 13s
2026-09-17 17:15:13 | INFO    | epoch 30 | batch 200/1252 | loss 0.5636 | acc 0.9152 | lr 1.96e-05 | 15s
2026-09-17 17:15:14 | INFO    | epoch 30 | batch 220/1252 | loss 0.5631 | acc 0.9155 | lr 1.95e-05 | 16s
2026-09-17 17:15:16 | INFO    | epoch 30 | batch 240/1252 | loss 0.5624 | acc 0.9159 | lr 1.95e-05 | 18s
2026-09-17 17:15:17 | INFO    | epoch 30 | batch 260/1252 | loss 0.5631 | acc 0.9154 | lr 1.94e-05 | 19s
2026-09-17 17:15:19 | INFO    | epoch 30 | batch 280/1252 | loss 0.5658 | acc 0.9134 | lr 1.94e-05 | 21s
2026-09-17 17:15:20 | INFO    | epoch 30 | batch 300/1252 | loss 0.5650 | acc 0.9137 | lr 1.93e-05 | 22s
2026-09-17 17:15:22 | INFO    | epoch 30 | batch 320/1252 | loss 0.5658 | acc 0.9135 | lr 1.93e-05 | 24s
2026-09-17 17:15:23 | INFO    | epoch 30 | batch 340/1252 | loss 0.5663 | acc 0.9134 | lr 1.92e-05 | 25s
2026-09-17 17:15:25 | INFO    | epoch 30 | batch 360/1252 | loss 0.5677 | acc 0.9123 | lr 1.92e-05 | 27s
2026-09-17 17:15:26 | INFO    | epoch 30 | batch 380/1252 | loss 0.5672 | acc 0.9126 | lr 1.91e-05 | 28s
2026-09-17 17:15:28 | INFO    | epoch 30 | batch 400/1252 | loss 0.5666 | acc 0.9127 | lr 1.91e-05 | 30s
2026-09-17 17:15:29 | INFO    | epoch 30 | batch 420/1252 | loss 0.5657 | acc 0.9134 | lr 1.90e-05 | 31s
2026-09-17 17:15:31 | INFO    | epoch 30 | batch 440/1252 | loss 0.5662 | acc 0.9131 | lr 1.90e-05 | 33s
2026-09-17 17:15:32 | INFO    | epoch 30 | batch 460/1252 | loss 0.5667 | acc 0.9130 | lr 1.89e-05 | 34s
2026-09-17 17:15:34 | INFO    | epoch 30 | batch 480/1252 | loss 0.5666 | acc 0.9133 | lr 1.89e-05 | 35s
2026-09-17 17:15:35 | INFO    | epoch 30 | batch 500/1252 | loss 0.5651 | acc 0.9144 | lr 1.88e-05 | 37s
2026-09-17 17:15:37 | INFO    | epoch 30 | batch 520/1252 | loss 0.5648 | acc 0.9143 | lr 1.88e-05 | 38s
2026-09-17 17:15:38 | INFO    | epoch 30 | batch 540/1252 | loss 0.5658 | acc 0.9141 | lr 1.87e-05 | 40s
2026-09-17 17:15:39 | INFO    | epoch 30 | batch 560/1252 | loss 0.5657 | acc 0.9143 | lr 1.87e-05 | 41s
2026-09-17 17:15:41 | INFO    | epoch 30 | batch 580/1252 | loss 0.5650 | acc 0.9150 | lr 1.86e-05 | 43s
2026-09-17 17:15:42 | INFO    | epoch 30 | batch 600/1252 | loss 0.5654 | acc 0.9142 | lr 1.86e-05 | 44s
2026-09-17 17:15:44 | INFO    | epoch 30 | batch 620/1252 | loss 0.5658 | acc 0.9139 | lr 1.85e-05 | 46s
2026-09-17 17:15:45 | INFO    | epoch 30 | batch 640/1252 | loss 0.5659 | acc 0.9137 | lr 1.85e-05 | 47s
2026-09-17 17:15:47 | INFO    | epoch 30 | batch 660/1252 | loss 0.5657 | acc 0.9136 | lr 1.84e-05 | 49s
2026-09-17 17:15:48 | INFO    | epoch 30 | batch 680/1252 | loss 0.5657 | acc 0.9135 | lr 1.84e-05 | 50s
2026-09-17 17:15:49 | INFO    | epoch 30 | batch 700/1252 | loss 0.5656 | acc 0.9135 | lr 1.83e-05 | 51s
2026-09-17 17:15:51 | INFO    | epoch 30 | batch 720/1252 | loss 0.5666 | acc 0.9130 | lr 1.83e-05 | 53s
2026-09-17 17:15:52 | INFO    | epoch 30 | batch 740/1252 | loss 0.5663 | acc 0.9132 | lr 1.82e-05 | 54s
2026-09-17 17:15:54 | INFO    | epoch 30 | batch 760/1252 | loss 0.5664 | acc 0.9133 | lr 1.82e-05 | 56s
2026-09-17 17:15:55 | INFO    | epoch 30 | batch 780/1252 | loss 0.5665 | acc 0.9132 | lr 1.81e-05 | 57s
2026-09-17 17:15:57 | INFO    | epoch 30 | batch 800/1252 | loss 0.5662 | acc 0.9134 | lr 1.81e-05 | 59s
2026-09-17 17:15:58 | INFO    | epoch 30 | batch 820/1252 | loss 0.5658 | acc 0.9137 | lr 1.80e-05 | 60s
2026-09-17 17:15:59 | INFO    | epoch 30 | batch 840/1252 | loss 0.5663 | acc 0.9134 | lr 1.80e-05 | 61s
2026-09-17 17:16:01 | INFO    | epoch 30 | batch 860/1252 | loss 0.5656 | acc 0.9137 | lr 1.79e-05 | 63s
2026-09-17 17:16:02 | INFO    | epoch 30 | batch 880/1252 | loss 0.5658 | acc 0.9138 | lr 1.79e-05 | 64s
2026-09-17 17:16:04 | INFO    | epoch 30 | batch 900/1252 | loss 0.5661 | acc 0.9139 | lr 1.78e-05 | 66s
2026-09-17 17:16:05 | INFO    | epoch 30 | batch 920/1252 | loss 0.5667 | acc 0.9135 | lr 1.78e-05 | 67s
2026-09-17 17:16:06 | INFO    | epoch 30 | batch 940/1252 | loss 0.5673 | acc 0.9130 | lr 1.77e-05 | 68s
2026-09-17 17:16:08 | INFO    | epoch 30 | batch 960/1252 | loss 0.5669 | acc 0.9132 | lr 1.77e-05 | 70s
2026-09-17 17:16:09 | INFO    | epoch 30 | batch 980/1252 | loss 0.5671 | acc 0.9132 | lr 1.76e-05 | 71s
2026-09-17 17:16:11 | INFO    | epoch 30 | batch 1000/1252 | loss 0.5674 | acc 0.9130 | lr 1.76e-05 | 73s
2026-09-17 17:16:12 | INFO    | epoch 30 | batch 1020/1252 | loss 0.5673 | acc 0.9131 | lr 1.75e-05 | 74s
2026-09-17 17:16:14 | INFO    | epoch 30 | batch 1040/1252 | loss 0.5669 | acc 0.9133 | lr 1.75e-05 | 76s
2026-09-17 17:16:15 | INFO    | epoch 30 | batch 1060/1252 | loss 0.5667 | acc 0.9136 | lr 1.74e-05 | 77s
2026-09-17 17:16:16 | INFO    | epoch 30 | batch 1080/1252 | loss 0.5670 | acc 0.9137 | lr 1.74e-05 | 78s
2026-09-17 17:16:18 | INFO    | epoch 30 | batch 1100/1252 | loss 0.5672 | acc 0.9137 | lr 1.73e-05 | 80s
2026-09-17 17:16:19 | INFO    | epoch 30 | batch 1120/1252 | loss 0.5672 | acc 0.9135 | lr 1.73e-05 | 81s
2026-09-17 17:16:21 | INFO    | epoch 30 | batch 1140/1252 | loss 0.5678 | acc 0.9134 | lr 1.72e-05 | 83s
2026-09-17 17:16:22 | INFO    | epoch 30 | batch 1160/1252 | loss 0.5679 | acc 0.9134 | lr 1.72e-05 | 84s
2026-09-17 17:16:24 | INFO    | epoch 30 | batch 1180/1252 | loss 0.5679 | acc 0.9133 | lr 1.71e-05 | 86s
2026-09-17 17:16:25 | INFO    | epoch 30 | batch 1200/1252 | loss 0.5680 | acc 0.9133 | lr 1.71e-05 | 87s
2026-09-17 17:16:27 | INFO    | epoch 30 | batch 1220/1252 | loss 0.5681 | acc 0.9133 | lr 1.71e-05 | 88s
2026-09-17 17:16:28 | INFO    | epoch 30 | batch 1240/1252 | loss 0.5683 | acc 0.9131 | lr 1.70e-05 | 90s
2026-09-17 17:16:29 | INFO    | epoch 30 | batch 1252/1252 | loss 0.5682 | acc 0.9132 | lr 1.70e-05 | 91s
2026-09-17 17:16:39 | INFO    | epoch 30/40 done in 100s | train loss 0.5682 | train running patch (aug): accuracy=0.9132 precision=0.9125 recall=0.9098 f1=0.9111
2026-09-17 17:16:39 | INFO    | epoch 30 train (eval, no aug) | loss 0.6267 | patch[7280]: accuracy=0.8793 precision=0.8779 recall=0.8764 f1=0.8770 | image[455]: accuracy=0.9692 precision=0.9725 recall=0.9675 f1=0.9697
2026-09-17 17:16:39 | INFO    | epoch 30 val | loss 1.1243 | patch[8448]: accuracy=0.6436 precision=0.6217 recall=0.6187 f1=0.6186 | image[96]: accuracy=0.6875 precision=0.6617 recall=0.6575 f1=0.6546
2026-09-17 17:16:39 | INFO    | val_patch_f1 = 0.6186 (best 0.6218 @ epoch 27)
2026-09-17 17:16:40 | INFO    | epoch 31 | batch 20/1252 | loss 0.5363 | acc 0.9266 | lr 1.69e-05 | 2s
2026-09-17 17:16:42 | INFO    | epoch 31 | batch 40/1252 | loss 0.5414 | acc 0.9242 | lr 1.69e-05 | 3s
2026-09-17 17:16:43 | INFO    | epoch 31 | batch 60/1252 | loss 0.5644 | acc 0.9099 | lr 1.68e-05 | 4s
2026-09-17 17:16:44 | INFO    | epoch 31 | batch 80/1252 | loss 0.5625 | acc 0.9148 | lr 1.68e-05 | 6s
2026-09-17 17:16:46 | INFO    | epoch 31 | batch 100/1252 | loss 0.5641 | acc 0.9144 | lr 1.67e-05 | 7s
2026-09-17 17:16:47 | INFO    | epoch 31 | batch 120/1252 | loss 0.5654 | acc 0.9125 | lr 1.67e-05 | 9s
2026-09-17 17:16:49 | INFO    | epoch 31 | batch 140/1252 | loss 0.5679 | acc 0.9094 | lr 1.66e-05 | 10s
2026-09-17 17:16:50 | INFO    | epoch 31 | batch 160/1252 | loss 0.5669 | acc 0.9102 | lr 1.66e-05 | 12s
2026-09-17 17:16:52 | INFO    | epoch 31 | batch 180/1252 | loss 0.5663 | acc 0.9111 | lr 1.65e-05 | 13s
2026-09-17 17:16:53 | INFO    | epoch 31 | batch 200/1252 | loss 0.5634 | acc 0.9136 | lr 1.65e-05 | 14s
2026-09-17 17:16:54 | INFO    | epoch 31 | batch 220/1252 | loss 0.5619 | acc 0.9138 | lr 1.64e-05 | 16s
2026-09-17 17:16:56 | INFO    | epoch 31 | batch 240/1252 | loss 0.5616 | acc 0.9146 | lr 1.64e-05 | 17s
2026-09-17 17:16:57 | INFO    | epoch 31 | batch 260/1252 | loss 0.5616 | acc 0.9153 | lr 1.64e-05 | 19s
2026-09-17 17:16:59 | INFO    | epoch 31 | batch 280/1252 | loss 0.5616 | acc 0.9156 | lr 1.63e-05 | 20s
2026-09-17 17:17:00 | INFO    | epoch 31 | batch 300/1252 | loss 0.5628 | acc 0.9155 | lr 1.63e-05 | 22s
2026-09-17 17:17:02 | INFO    | epoch 31 | batch 320/1252 | loss 0.5651 | acc 0.9136 | lr 1.62e-05 | 23s
2026-09-17 17:17:03 | INFO    | epoch 31 | batch 340/1252 | loss 0.5648 | acc 0.9140 | lr 1.62e-05 | 24s
2026-09-17 17:17:05 | INFO    | epoch 31 | batch 360/1252 | loss 0.5650 | acc 0.9139 | lr 1.61e-05 | 26s
2026-09-17 17:17:06 | INFO    | epoch 31 | batch 380/1252 | loss 0.5658 | acc 0.9137 | lr 1.61e-05 | 27s
2026-09-17 17:17:07 | INFO    | epoch 31 | batch 400/1252 | loss 0.5653 | acc 0.9141 | lr 1.60e-05 | 29s
2026-09-17 17:17:09 | INFO    | epoch 31 | batch 420/1252 | loss 0.5660 | acc 0.9139 | lr 1.60e-05 | 30s
2026-09-17 17:17:10 | INFO    | epoch 31 | batch 440/1252 | loss 0.5649 | acc 0.9146 | lr 1.59e-05 | 32s
2026-09-17 17:17:12 | INFO    | epoch 31 | batch 460/1252 | loss 0.5639 | acc 0.9153 | lr 1.59e-05 | 33s
2026-09-17 17:17:13 | INFO    | epoch 31 | batch 480/1252 | loss 0.5632 | acc 0.9156 | lr 1.58e-05 | 35s
2026-09-17 17:17:15 | INFO    | epoch 31 | batch 500/1252 | loss 0.5624 | acc 0.9159 | lr 1.58e-05 | 36s
2026-09-17 17:17:16 | INFO    | epoch 31 | batch 520/1252 | loss 0.5629 | acc 0.9154 | lr 1.57e-05 | 37s
2026-09-17 17:17:17 | INFO    | epoch 31 | batch 540/1252 | loss 0.5625 | acc 0.9156 | lr 1.57e-05 | 39s
2026-09-17 17:17:19 | INFO    | epoch 31 | batch 560/1252 | loss 0.5631 | acc 0.9155 | lr 1.57e-05 | 40s
2026-09-17 17:17:20 | INFO    | epoch 31 | batch 580/1252 | loss 0.5630 | acc 0.9156 | lr 1.56e-05 | 42s
2026-09-17 17:17:22 | INFO    | epoch 31 | batch 600/1252 | loss 0.5625 | acc 0.9160 | lr 1.56e-05 | 43s
2026-09-17 17:17:23 | INFO    | epoch 31 | batch 620/1252 | loss 0.5637 | acc 0.9155 | lr 1.55e-05 | 44s
2026-09-17 17:17:25 | INFO    | epoch 31 | batch 640/1252 | loss 0.5641 | acc 0.9154 | lr 1.55e-05 | 46s
2026-09-17 17:17:26 | INFO    | epoch 31 | batch 660/1252 | loss 0.5638 | acc 0.9154 | lr 1.54e-05 | 47s
2026-09-17 17:17:27 | INFO    | epoch 31 | batch 680/1252 | loss 0.5639 | acc 0.9152 | lr 1.54e-05 | 49s
2026-09-17 17:17:29 | INFO    | epoch 31 | batch 700/1252 | loss 0.5631 | acc 0.9155 | lr 1.53e-05 | 50s
2026-09-17 17:17:30 | INFO    | epoch 31 | batch 720/1252 | loss 0.5625 | acc 0.9155 | lr 1.53e-05 | 52s
2026-09-17 17:17:32 | INFO    | epoch 31 | batch 740/1252 | loss 0.5631 | acc 0.9150 | lr 1.52e-05 | 53s
2026-09-17 17:17:33 | INFO    | epoch 31 | batch 760/1252 | loss 0.5633 | acc 0.9150 | lr 1.52e-05 | 55s
2026-09-17 17:17:35 | INFO    | epoch 31 | batch 780/1252 | loss 0.5629 | acc 0.9153 | lr 1.51e-05 | 56s
2026-09-17 17:17:36 | INFO    | epoch 31 | batch 800/1252 | loss 0.5633 | acc 0.9150 | lr 1.51e-05 | 57s
2026-09-17 17:17:38 | INFO    | epoch 31 | batch 820/1252 | loss 0.5637 | acc 0.9146 | lr 1.51e-05 | 59s
2026-09-17 17:17:39 | INFO    | epoch 31 | batch 840/1252 | loss 0.5636 | acc 0.9148 | lr 1.50e-05 | 60s
2026-09-17 17:17:40 | INFO    | epoch 31 | batch 860/1252 | loss 0.5638 | acc 0.9147 | lr 1.50e-05 | 62s
2026-09-17 17:17:42 | INFO    | epoch 31 | batch 880/1252 | loss 0.5641 | acc 0.9148 | lr 1.49e-05 | 63s
2026-09-17 17:17:43 | INFO    | epoch 31 | batch 900/1252 | loss 0.5642 | acc 0.9148 | lr 1.49e-05 | 65s
2026-09-17 17:17:45 | INFO    | epoch 31 | batch 920/1252 | loss 0.5646 | acc 0.9145 | lr 1.48e-05 | 66s
2026-09-17 17:17:46 | INFO    | epoch 31 | batch 940/1252 | loss 0.5646 | acc 0.9143 | lr 1.48e-05 | 67s
2026-09-17 17:17:47 | INFO    | epoch 31 | batch 960/1252 | loss 0.5642 | acc 0.9143 | lr 1.47e-05 | 69s
2026-09-17 17:17:49 | INFO    | epoch 31 | batch 980/1252 | loss 0.5641 | acc 0.9145 | lr 1.47e-05 | 70s
2026-09-17 17:17:50 | INFO    | epoch 31 | batch 1000/1252 | loss 0.5637 | acc 0.9148 | lr 1.46e-05 | 72s
2026-09-17 17:17:52 | INFO    | epoch 31 | batch 1020/1252 | loss 0.5639 | acc 0.9149 | lr 1.46e-05 | 73s
2026-09-17 17:17:53 | INFO    | epoch 31 | batch 1040/1252 | loss 0.5641 | acc 0.9146 | lr 1.46e-05 | 75s
2026-09-17 17:17:55 | INFO    | epoch 31 | batch 1060/1252 | loss 0.5642 | acc 0.9144 | lr 1.45e-05 | 76s
2026-09-17 17:17:56 | INFO    | epoch 31 | batch 1080/1252 | loss 0.5642 | acc 0.9145 | lr 1.45e-05 | 77s
2026-09-17 17:17:57 | INFO    | epoch 31 | batch 1100/1252 | loss 0.5640 | acc 0.9145 | lr 1.44e-05 | 79s
2026-09-17 17:17:59 | INFO    | epoch 31 | batch 1120/1252 | loss 0.5643 | acc 0.9142 | lr 1.44e-05 | 80s
2026-09-17 17:18:00 | INFO    | epoch 31 | batch 1140/1252 | loss 0.5640 | acc 0.9146 | lr 1.43e-05 | 82s
2026-09-17 17:18:02 | INFO    | epoch 31 | batch 1160/1252 | loss 0.5640 | acc 0.9147 | lr 1.43e-05 | 83s
2026-09-17 17:18:03 | INFO    | epoch 31 | batch 1180/1252 | loss 0.5637 | acc 0.9149 | lr 1.42e-05 | 85s
2026-09-17 17:18:05 | INFO    | epoch 31 | batch 1200/1252 | loss 0.5633 | acc 0.9151 | lr 1.42e-05 | 86s
2026-09-17 17:18:06 | INFO    | epoch 31 | batch 1220/1252 | loss 0.5632 | acc 0.9151 | lr 1.42e-05 | 87s
2026-09-17 17:18:07 | INFO    | epoch 31 | batch 1240/1252 | loss 0.5632 | acc 0.9152 | lr 1.41e-05 | 89s
2026-09-17 17:18:08 | INFO    | epoch 31 | batch 1252/1252 | loss 0.5635 | acc 0.9152 | lr 1.41e-05 | 90s
2026-09-17 17:18:18 | INFO    | epoch 31/40 done in 99s | train loss 0.5635 | train running patch (aug): accuracy=0.9152 precision=0.9146 recall=0.9118 f1=0.9131
2026-09-17 17:18:18 | INFO    | epoch 31 train (eval, no aug) | loss 0.6369 | patch[7280]: accuracy=0.8705 precision=0.8719 recall=0.8641 f1=0.8668 | image[455]: accuracy=0.9582 precision=0.9632 recall=0.9565 f1=0.9593
2026-09-17 17:18:18 | INFO    | epoch 31 val | loss 1.1005 | patch[8448]: accuracy=0.6544 precision=0.6397 recall=0.6324 f1=0.6326 | image[96]: accuracy=0.7292 precision=0.7167 recall=0.7094 f1=0.7095
2026-09-17 17:18:18 | INFO    | val_patch_f1 = 0.6326 (best 0.6326 @ epoch 31) *
2026-09-17 17:18:20 | INFO    | epoch 32 | batch 20/1252 | loss 0.5481 | acc 0.9187 | lr 1.40e-05 | 2s
2026-09-17 17:18:21 | INFO    | epoch 32 | batch 40/1252 | loss 0.5497 | acc 0.9180 | lr 1.40e-05 | 3s
2026-09-17 17:18:23 | INFO    | epoch 32 | batch 60/1252 | loss 0.5472 | acc 0.9229 | lr 1.39e-05 | 4s
2026-09-17 17:18:24 | INFO    | epoch 32 | batch 80/1252 | loss 0.5428 | acc 0.9262 | lr 1.39e-05 | 6s
2026-09-17 17:18:25 | INFO    | epoch 32 | batch 100/1252 | loss 0.5489 | acc 0.9247 | lr 1.39e-05 | 7s
2026-09-17 17:18:27 | INFO    | epoch 32 | batch 120/1252 | loss 0.5447 | acc 0.9281 | lr 1.38e-05 | 9s
2026-09-17 17:18:28 | INFO    | epoch 32 | batch 140/1252 | loss 0.5450 | acc 0.9283 | lr 1.38e-05 | 10s
2026-09-17 17:18:30 | INFO    | epoch 32 | batch 160/1252 | loss 0.5445 | acc 0.9283 | lr 1.37e-05 | 12s
2026-09-17 17:18:31 | INFO    | epoch 32 | batch 180/1252 | loss 0.5444 | acc 0.9283 | lr 1.37e-05 | 13s
2026-09-17 17:18:33 | INFO    | epoch 32 | batch 200/1252 | loss 0.5463 | acc 0.9261 | lr 1.36e-05 | 14s
2026-09-17 17:18:34 | INFO    | epoch 32 | batch 220/1252 | loss 0.5486 | acc 0.9243 | lr 1.36e-05 | 16s
2026-09-17 17:18:35 | INFO    | epoch 32 | batch 240/1252 | loss 0.5489 | acc 0.9242 | lr 1.36e-05 | 17s
2026-09-17 17:18:37 | INFO    | epoch 32 | batch 260/1252 | loss 0.5493 | acc 0.9238 | lr 1.35e-05 | 19s
2026-09-17 17:18:38 | INFO    | epoch 32 | batch 280/1252 | loss 0.5511 | acc 0.9232 | lr 1.35e-05 | 20s
2026-09-17 17:18:40 | INFO    | epoch 32 | batch 300/1252 | loss 0.5505 | acc 0.9231 | lr 1.34e-05 | 22s
2026-09-17 17:18:41 | INFO    | epoch 32 | batch 320/1252 | loss 0.5516 | acc 0.9220 | lr 1.34e-05 | 23s
2026-09-17 17:18:43 | INFO    | epoch 32 | batch 340/1252 | loss 0.5537 | acc 0.9213 | lr 1.33e-05 | 24s
2026-09-17 17:18:44 | INFO    | epoch 32 | batch 360/1252 | loss 0.5535 | acc 0.9211 | lr 1.33e-05 | 26s
2026-09-17 17:18:45 | INFO    | epoch 32 | batch 380/1252 | loss 0.5536 | acc 0.9211 | lr 1.33e-05 | 27s
2026-09-17 17:18:47 | INFO    | epoch 32 | batch 400/1252 | loss 0.5552 | acc 0.9205 | lr 1.32e-05 | 29s
2026-09-17 17:18:48 | INFO    | epoch 32 | batch 420/1252 | loss 0.5569 | acc 0.9199 | lr 1.32e-05 | 30s
2026-09-17 17:18:50 | INFO    | epoch 32 | batch 440/1252 | loss 0.5577 | acc 0.9197 | lr 1.31e-05 | 31s
2026-09-17 17:18:51 | INFO    | epoch 32 | batch 460/1252 | loss 0.5581 | acc 0.9196 | lr 1.31e-05 | 33s
2026-09-17 17:18:52 | INFO    | epoch 32 | batch 480/1252 | loss 0.5569 | acc 0.9202 | lr 1.30e-05 | 34s
2026-09-17 17:18:54 | INFO    | epoch 32 | batch 500/1252 | loss 0.5566 | acc 0.9203 | lr 1.30e-05 | 36s
2026-09-17 17:18:55 | INFO    | epoch 32 | batch 520/1252 | loss 0.5566 | acc 0.9200 | lr 1.30e-05 | 37s
2026-09-17 17:18:57 | INFO    | epoch 32 | batch 540/1252 | loss 0.5549 | acc 0.9210 | lr 1.29e-05 | 38s
2026-09-17 17:18:58 | INFO    | epoch 32 | batch 560/1252 | loss 0.5549 | acc 0.9210 | lr 1.29e-05 | 40s
2026-09-17 17:18:59 | INFO    | epoch 32 | batch 580/1252 | loss 0.5557 | acc 0.9204 | lr 1.28e-05 | 41s
2026-09-17 17:19:01 | INFO    | epoch 32 | batch 600/1252 | loss 0.5555 | acc 0.9203 | lr 1.28e-05 | 43s
2026-09-17 17:19:02 | INFO    | epoch 32 | batch 620/1252 | loss 0.5550 | acc 0.9205 | lr 1.27e-05 | 44s
2026-09-17 17:19:04 | INFO    | epoch 32 | batch 640/1252 | loss 0.5547 | acc 0.9208 | lr 1.27e-05 | 45s
2026-09-17 17:19:05 | INFO    | epoch 32 | batch 660/1252 | loss 0.5553 | acc 0.9202 | lr 1.27e-05 | 47s
2026-09-17 17:19:06 | INFO    | epoch 32 | batch 680/1252 | loss 0.5550 | acc 0.9202 | lr 1.26e-05 | 48s
2026-09-17 17:19:08 | INFO    | epoch 32 | batch 700/1252 | loss 0.5551 | acc 0.9202 | lr 1.26e-05 | 50s
2026-09-17 17:19:09 | INFO    | epoch 32 | batch 720/1252 | loss 0.5560 | acc 0.9197 | lr 1.25e-05 | 51s
2026-09-17 17:19:11 | INFO    | epoch 32 | batch 740/1252 | loss 0.5557 | acc 0.9199 | lr 1.25e-05 | 52s
2026-09-17 17:19:12 | INFO    | epoch 32 | batch 760/1252 | loss 0.5555 | acc 0.9199 | lr 1.24e-05 | 54s
2026-09-17 17:19:14 | INFO    | epoch 32 | batch 780/1252 | loss 0.5552 | acc 0.9200 | lr 1.24e-05 | 55s
2026-09-17 17:19:15 | INFO    | epoch 32 | batch 800/1252 | loss 0.5556 | acc 0.9197 | lr 1.24e-05 | 57s
2026-09-17 17:19:16 | INFO    | epoch 32 | batch 820/1252 | loss 0.5557 | acc 0.9196 | lr 1.23e-05 | 58s
2026-09-17 17:19:18 | INFO    | epoch 32 | batch 840/1252 | loss 0.5559 | acc 0.9196 | lr 1.23e-05 | 60s
2026-09-17 17:19:19 | INFO    | epoch 32 | batch 860/1252 | loss 0.5563 | acc 0.9194 | lr 1.22e-05 | 61s
2026-09-17 17:19:21 | INFO    | epoch 32 | batch 880/1252 | loss 0.5568 | acc 0.9192 | lr 1.22e-05 | 63s
2026-09-17 17:19:22 | INFO    | epoch 32 | batch 900/1252 | loss 0.5572 | acc 0.9189 | lr 1.22e-05 | 64s
2026-09-17 17:19:24 | INFO    | epoch 32 | batch 920/1252 | loss 0.5568 | acc 0.9191 | lr 1.21e-05 | 65s
2026-09-17 17:19:25 | INFO    | epoch 32 | batch 940/1252 | loss 0.5570 | acc 0.9192 | lr 1.21e-05 | 67s
2026-09-17 17:19:27 | INFO    | epoch 32 | batch 960/1252 | loss 0.5568 | acc 0.9194 | lr 1.20e-05 | 68s
2026-09-17 17:19:28 | INFO    | epoch 32 | batch 980/1252 | loss 0.5570 | acc 0.9192 | lr 1.20e-05 | 70s
2026-09-17 17:19:29 | INFO    | epoch 32 | batch 1000/1252 | loss 0.5565 | acc 0.9194 | lr 1.19e-05 | 71s
2026-09-17 17:19:31 | INFO    | epoch 32 | batch 1020/1252 | loss 0.5565 | acc 0.9195 | lr 1.19e-05 | 72s
2026-09-17 17:19:32 | INFO    | epoch 32 | batch 1040/1252 | loss 0.5569 | acc 0.9191 | lr 1.19e-05 | 74s
2026-09-17 17:19:33 | INFO    | epoch 32 | batch 1060/1252 | loss 0.5566 | acc 0.9192 | lr 1.18e-05 | 75s
2026-09-17 17:19:35 | INFO    | epoch 32 | batch 1080/1252 | loss 0.5567 | acc 0.9190 | lr 1.18e-05 | 77s
2026-09-17 17:19:36 | INFO    | epoch 32 | batch 1100/1252 | loss 0.5570 | acc 0.9187 | lr 1.17e-05 | 78s
2026-09-17 17:19:38 | INFO    | epoch 32 | batch 1120/1252 | loss 0.5571 | acc 0.9186 | lr 1.17e-05 | 80s
2026-09-17 17:19:39 | INFO    | epoch 32 | batch 1140/1252 | loss 0.5568 | acc 0.9189 | lr 1.17e-05 | 81s
2026-09-17 17:19:41 | INFO    | epoch 32 | batch 1160/1252 | loss 0.5567 | acc 0.9191 | lr 1.16e-05 | 83s
2026-09-17 17:19:42 | INFO    | epoch 32 | batch 1180/1252 | loss 0.5567 | acc 0.9191 | lr 1.16e-05 | 84s
2026-09-17 17:19:44 | INFO    | epoch 32 | batch 1200/1252 | loss 0.5566 | acc 0.9192 | lr 1.15e-05 | 85s
2026-09-17 17:19:45 | INFO    | epoch 32 | batch 1220/1252 | loss 0.5563 | acc 0.9193 | lr 1.15e-05 | 87s
2026-09-17 17:19:46 | INFO    | epoch 32 | batch 1240/1252 | loss 0.5564 | acc 0.9193 | lr 1.15e-05 | 88s
2026-09-17 17:19:47 | INFO    | epoch 32 | batch 1252/1252 | loss 0.5564 | acc 0.9193 | lr 1.14e-05 | 89s
2026-09-17 17:19:57 | INFO    | epoch 32/40 done in 99s | train loss 0.5564 | train running patch (aug): accuracy=0.9193 precision=0.9191 recall=0.9158 f1=0.9173
2026-09-17 17:19:57 | INFO    | epoch 32 train (eval, no aug) | loss 0.6162 | patch[7280]: accuracy=0.8843 precision=0.8845 recall=0.8814 f1=0.8826 | image[455]: accuracy=0.9670 precision=0.9705 recall=0.9631 f1=0.9663
2026-09-17 17:19:57 | INFO    | epoch 32 val | loss 1.1076 | patch[8448]: accuracy=0.6558 precision=0.6303 recall=0.6283 f1=0.6279 | image[96]: accuracy=0.6979 precision=0.6673 recall=0.6670 f1=0.6648
2026-09-17 17:19:57 | INFO    | val_patch_f1 = 0.6279 (best 0.6326 @ epoch 31)
2026-09-17 17:19:59 | INFO    | epoch 33 | batch 20/1252 | loss 0.5646 | acc 0.9031 | lr 1.14e-05 | 2s
2026-09-17 17:20:00 | INFO    | epoch 33 | batch 40/1252 | loss 0.5455 | acc 0.9203 | lr 1.14e-05 | 3s
2026-09-17 17:20:01 | INFO    | epoch 33 | batch 60/1252 | loss 0.5449 | acc 0.9224 | lr 1.13e-05 | 4s
2026-09-17 17:20:03 | INFO    | epoch 33 | batch 80/1252 | loss 0.5516 | acc 0.9191 | lr 1.13e-05 | 6s
2026-09-17 17:20:04 | INFO    | epoch 33 | batch 100/1252 | loss 0.5518 | acc 0.9184 | lr 1.12e-05 | 7s
2026-09-17 17:20:05 | INFO    | epoch 33 | batch 120/1252 | loss 0.5485 | acc 0.9211 | lr 1.12e-05 | 8s
2026-09-17 17:20:07 | INFO    | epoch 33 | batch 140/1252 | loss 0.5532 | acc 0.9179 | lr 1.12e-05 | 10s
2026-09-17 17:20:08 | INFO    | epoch 33 | batch 160/1252 | loss 0.5528 | acc 0.9180 | lr 1.11e-05 | 11s
2026-09-17 17:20:10 | INFO    | epoch 33 | batch 180/1252 | loss 0.5544 | acc 0.9175 | lr 1.11e-05 | 12s
2026-09-17 17:20:11 | INFO    | epoch 33 | batch 200/1252 | loss 0.5527 | acc 0.9197 | lr 1.10e-05 | 14s
2026-09-17 17:20:12 | INFO    | epoch 33 | batch 220/1252 | loss 0.5538 | acc 0.9193 | lr 1.10e-05 | 15s
2026-09-17 17:20:14 | INFO    | epoch 33 | batch 240/1252 | loss 0.5561 | acc 0.9177 | lr 1.10e-05 | 17s
2026-09-17 17:20:15 | INFO    | epoch 33 | batch 260/1252 | loss 0.5558 | acc 0.9178 | lr 1.09e-05 | 18s
2026-09-17 17:20:17 | INFO    | epoch 33 | batch 280/1252 | loss 0.5553 | acc 0.9186 | lr 1.09e-05 | 20s
2026-09-17 17:20:18 | INFO    | epoch 33 | batch 300/1252 | loss 0.5544 | acc 0.9194 | lr 1.08e-05 | 21s
2026-09-17 17:20:20 | INFO    | epoch 33 | batch 320/1252 | loss 0.5536 | acc 0.9201 | lr 1.08e-05 | 23s
2026-09-17 17:20:21 | INFO    | epoch 33 | batch 340/1252 | loss 0.5528 | acc 0.9207 | lr 1.08e-05 | 24s
2026-09-17 17:20:23 | INFO    | epoch 33 | batch 360/1252 | loss 0.5546 | acc 0.9202 | lr 1.07e-05 | 26s
2026-09-17 17:20:24 | INFO    | epoch 33 | batch 380/1252 | loss 0.5547 | acc 0.9201 | lr 1.07e-05 | 27s
2026-09-17 17:20:25 | INFO    | epoch 33 | batch 400/1252 | loss 0.5548 | acc 0.9202 | lr 1.06e-05 | 28s
2026-09-17 17:20:27 | INFO    | epoch 33 | batch 420/1252 | loss 0.5541 | acc 0.9204 | lr 1.06e-05 | 30s
2026-09-17 17:20:28 | INFO    | epoch 33 | batch 440/1252 | loss 0.5542 | acc 0.9207 | lr 1.06e-05 | 31s
2026-09-17 17:20:30 | INFO    | epoch 33 | batch 460/1252 | loss 0.5530 | acc 0.9218 | lr 1.05e-05 | 33s
2026-09-17 17:20:31 | INFO    | epoch 33 | batch 480/1252 | loss 0.5525 | acc 0.9224 | lr 1.05e-05 | 34s
2026-09-17 17:20:33 | INFO    | epoch 33 | batch 500/1252 | loss 0.5528 | acc 0.9223 | lr 1.05e-05 | 36s
2026-09-17 17:20:34 | INFO    | epoch 33 | batch 520/1252 | loss 0.5517 | acc 0.9230 | lr 1.04e-05 | 37s
2026-09-17 17:20:36 | INFO    | epoch 33 | batch 540/1252 | loss 0.5527 | acc 0.9226 | lr 1.04e-05 | 39s
2026-09-17 17:20:37 | INFO    | epoch 33 | batch 560/1252 | loss 0.5522 | acc 0.9228 | lr 1.03e-05 | 40s
2026-09-17 17:20:38 | INFO    | epoch 33 | batch 580/1252 | loss 0.5522 | acc 0.9225 | lr 1.03e-05 | 41s
2026-09-17 17:20:40 | INFO    | epoch 33 | batch 600/1252 | loss 0.5521 | acc 0.9226 | lr 1.03e-05 | 43s
2026-09-17 17:20:41 | INFO    | epoch 33 | batch 620/1252 | loss 0.5516 | acc 0.9229 | lr 1.02e-05 | 44s
2026-09-17 17:20:43 | INFO    | epoch 33 | batch 640/1252 | loss 0.5518 | acc 0.9229 | lr 1.02e-05 | 46s
2026-09-17 17:20:44 | INFO    | epoch 33 | batch 660/1252 | loss 0.5524 | acc 0.9225 | lr 1.02e-05 | 47s
2026-09-17 17:20:46 | INFO    | epoch 33 | batch 680/1252 | loss 0.5523 | acc 0.9226 | lr 1.01e-05 | 49s
2026-09-17 17:20:47 | INFO    | epoch 33 | batch 700/1252 | loss 0.5526 | acc 0.9222 | lr 1.01e-05 | 50s
2026-09-17 17:20:48 | INFO    | epoch 33 | batch 720/1252 | loss 0.5525 | acc 0.9222 | lr 1.00e-05 | 51s
2026-09-17 17:20:50 | INFO    | epoch 33 | batch 740/1252 | loss 0.5521 | acc 0.9223 | lr 1.00e-05 | 53s
2026-09-17 17:20:51 | INFO    | epoch 33 | batch 760/1252 | loss 0.5522 | acc 0.9223 | lr 9.96e-06 | 54s
2026-09-17 17:20:53 | INFO    | epoch 33 | batch 780/1252 | loss 0.5515 | acc 0.9226 | lr 9.92e-06 | 56s
2026-09-17 17:20:54 | INFO    | epoch 33 | batch 800/1252 | loss 0.5509 | acc 0.9230 | lr 9.89e-06 | 57s
2026-09-17 17:20:56 | INFO    | epoch 33 | batch 820/1252 | loss 0.5514 | acc 0.9228 | lr 9.85e-06 | 58s
2026-09-17 17:20:57 | INFO    | epoch 33 | batch 840/1252 | loss 0.5519 | acc 0.9225 | lr 9.81e-06 | 60s
2026-09-17 17:20:58 | INFO    | epoch 33 | batch 860/1252 | loss 0.5519 | acc 0.9226 | lr 9.77e-06 | 61s
2026-09-17 17:21:00 | INFO    | epoch 33 | batch 880/1252 | loss 0.5522 | acc 0.9223 | lr 9.74e-06 | 63s
2026-09-17 17:21:01 | INFO    | epoch 33 | batch 900/1252 | loss 0.5525 | acc 0.9223 | lr 9.70e-06 | 64s
2026-09-17 17:21:03 | INFO    | epoch 33 | batch 920/1252 | loss 0.5523 | acc 0.9222 | lr 9.66e-06 | 66s
2026-09-17 17:21:04 | INFO    | epoch 33 | batch 940/1252 | loss 0.5527 | acc 0.9217 | lr 9.63e-06 | 67s
2026-09-17 17:21:05 | INFO    | epoch 33 | batch 960/1252 | loss 0.5533 | acc 0.9214 | lr 9.59e-06 | 68s
2026-09-17 17:21:07 | INFO    | epoch 33 | batch 980/1252 | loss 0.5538 | acc 0.9212 | lr 9.55e-06 | 70s
2026-09-17 17:21:08 | INFO    | epoch 33 | batch 1000/1252 | loss 0.5535 | acc 0.9214 | lr 9.52e-06 | 71s
2026-09-17 17:21:10 | INFO    | epoch 33 | batch 1020/1252 | loss 0.5532 | acc 0.9215 | lr 9.48e-06 | 73s
2026-09-17 17:21:11 | INFO    | epoch 33 | batch 1040/1252 | loss 0.5526 | acc 0.9218 | lr 9.44e-06 | 74s
2026-09-17 17:21:13 | INFO    | epoch 33 | batch 1060/1252 | loss 0.5534 | acc 0.9213 | lr 9.41e-06 | 76s
2026-09-17 17:21:14 | INFO    | epoch 33 | batch 1080/1252 | loss 0.5534 | acc 0.9213 | lr 9.37e-06 | 77s
2026-09-17 17:21:16 | INFO    | epoch 33 | batch 1100/1252 | loss 0.5531 | acc 0.9214 | lr 9.33e-06 | 79s
2026-09-17 17:21:17 | INFO    | epoch 33 | batch 1120/1252 | loss 0.5533 | acc 0.9212 | lr 9.30e-06 | 80s
2026-09-17 17:21:18 | INFO    | epoch 33 | batch 1140/1252 | loss 0.5530 | acc 0.9212 | lr 9.26e-06 | 81s
2026-09-17 17:21:20 | INFO    | epoch 33 | batch 1160/1252 | loss 0.5528 | acc 0.9215 | lr 9.23e-06 | 83s
2026-09-17 17:21:21 | INFO    | epoch 33 | batch 1180/1252 | loss 0.5524 | acc 0.9216 | lr 9.19e-06 | 84s
2026-09-17 17:21:23 | INFO    | epoch 33 | batch 1200/1252 | loss 0.5526 | acc 0.9215 | lr 9.15e-06 | 86s
2026-09-17 17:21:24 | INFO    | epoch 33 | batch 1220/1252 | loss 0.5523 | acc 0.9216 | lr 9.12e-06 | 87s
2026-09-17 17:21:26 | INFO    | epoch 33 | batch 1240/1252 | loss 0.5526 | acc 0.9217 | lr 9.08e-06 | 89s
2026-09-17 17:21:27 | INFO    | epoch 33 | batch 1252/1252 | loss 0.5528 | acc 0.9216 | lr 9.06e-06 | 89s
2026-09-17 17:21:36 | INFO    | epoch 33/40 done in 99s | train loss 0.5528 | train running patch (aug): accuracy=0.9216 precision=0.9208 recall=0.9184 f1=0.9195
2026-09-17 17:21:36 | INFO    | epoch 33 train (eval, no aug) | loss 0.6106 | patch[7280]: accuracy=0.8843 precision=0.8843 recall=0.8817 f1=0.8824 | image[455]: accuracy=0.9670 precision=0.9709 recall=0.9682 f1=0.9691
2026-09-17 17:21:36 | INFO    | epoch 33 val | loss 1.1151 | patch[8448]: accuracy=0.6567 precision=0.6388 recall=0.6325 f1=0.6326 | image[96]: accuracy=0.7292 precision=0.7128 recall=0.7094 f1=0.7083
2026-09-17 17:21:36 | INFO    | val_patch_f1 = 0.6326 (best 0.6326 @ epoch 33) *
2026-09-17 17:21:38 | INFO    | epoch 34 | batch 20/1252 | loss 0.5503 | acc 0.9250 | lr 9.02e-06 | 2s
2026-09-17 17:21:39 | INFO    | epoch 34 | batch 40/1252 | loss 0.5534 | acc 0.9258 | lr 8.99e-06 | 3s
2026-09-17 17:21:41 | INFO    | epoch 34 | batch 60/1252 | loss 0.5551 | acc 0.9224 | lr 8.95e-06 | 4s
2026-09-17 17:21:42 | INFO    | epoch 34 | batch 80/1252 | loss 0.5593 | acc 0.9195 | lr 8.92e-06 | 6s
2026-09-17 17:21:44 | INFO    | epoch 34 | batch 100/1252 | loss 0.5592 | acc 0.9181 | lr 8.88e-06 | 7s
2026-09-17 17:21:45 | INFO    | epoch 34 | batch 120/1252 | loss 0.5543 | acc 0.9203 | lr 8.85e-06 | 9s
2026-09-17 17:21:47 | INFO    | epoch 34 | batch 140/1252 | loss 0.5520 | acc 0.9219 | lr 8.81e-06 | 10s
2026-09-17 17:21:48 | INFO    | epoch 34 | batch 160/1252 | loss 0.5493 | acc 0.9236 | lr 8.78e-06 | 12s
2026-09-17 17:21:50 | INFO    | epoch 34 | batch 180/1252 | loss 0.5491 | acc 0.9241 | lr 8.74e-06 | 13s
2026-09-17 17:21:51 | INFO    | epoch 34 | batch 200/1252 | loss 0.5505 | acc 0.9236 | lr 8.71e-06 | 15s
2026-09-17 17:21:52 | INFO    | epoch 34 | batch 220/1252 | loss 0.5515 | acc 0.9237 | lr 8.67e-06 | 16s
2026-09-17 17:21:54 | INFO    | epoch 34 | batch 240/1252 | loss 0.5517 | acc 0.9234 | lr 8.64e-06 | 17s
2026-09-17 17:21:55 | INFO    | epoch 34 | batch 260/1252 | loss 0.5496 | acc 0.9243 | lr 8.60e-06 | 19s
2026-09-17 17:21:57 | INFO    | epoch 34 | batch 280/1252 | loss 0.5479 | acc 0.9256 | lr 8.57e-06 | 20s
2026-09-17 17:21:58 | INFO    | epoch 34 | batch 300/1252 | loss 0.5500 | acc 0.9243 | lr 8.53e-06 | 22s
2026-09-17 17:22:00 | INFO    | epoch 34 | batch 320/1252 | loss 0.5512 | acc 0.9231 | lr 8.50e-06 | 23s
2026-09-17 17:22:01 | INFO    | epoch 34 | batch 340/1252 | loss 0.5518 | acc 0.9223 | lr 8.46e-06 | 25s
2026-09-17 17:22:02 | INFO    | epoch 34 | batch 360/1252 | loss 0.5524 | acc 0.9220 | lr 8.43e-06 | 26s
2026-09-17 17:22:04 | INFO    | epoch 34 | batch 380/1252 | loss 0.5517 | acc 0.9220 | lr 8.39e-06 | 27s
2026-09-17 17:22:05 | INFO    | epoch 34 | batch 400/1252 | loss 0.5507 | acc 0.9220 | lr 8.36e-06 | 29s
2026-09-17 17:22:07 | INFO    | epoch 34 | batch 420/1252 | loss 0.5494 | acc 0.9227 | lr 8.33e-06 | 30s
2026-09-17 17:22:08 | INFO    | epoch 34 | batch 440/1252 | loss 0.5491 | acc 0.9226 | lr 8.29e-06 | 32s
2026-09-17 17:22:10 | INFO    | epoch 34 | batch 460/1252 | loss 0.5493 | acc 0.9224 | lr 8.26e-06 | 33s
2026-09-17 17:22:11 | INFO    | epoch 34 | batch 480/1252 | loss 0.5482 | acc 0.9232 | lr 8.22e-06 | 35s
2026-09-17 17:22:12 | INFO    | epoch 34 | batch 500/1252 | loss 0.5473 | acc 0.9238 | lr 8.19e-06 | 36s
2026-09-17 17:22:14 | INFO    | epoch 34 | batch 520/1252 | loss 0.5466 | acc 0.9243 | lr 8.16e-06 | 38s
2026-09-17 17:22:15 | INFO    | epoch 34 | batch 540/1252 | loss 0.5468 | acc 0.9238 | lr 8.12e-06 | 39s
2026-09-17 17:22:17 | INFO    | epoch 34 | batch 560/1252 | loss 0.5474 | acc 0.9237 | lr 8.09e-06 | 41s
2026-09-17 17:22:18 | INFO    | epoch 34 | batch 580/1252 | loss 0.5454 | acc 0.9249 | lr 8.05e-06 | 42s
2026-09-17 17:22:20 | INFO    | epoch 34 | batch 600/1252 | loss 0.5459 | acc 0.9246 | lr 8.02e-06 | 44s
2026-09-17 17:22:21 | INFO    | epoch 34 | batch 620/1252 | loss 0.5461 | acc 0.9243 | lr 7.99e-06 | 45s
2026-09-17 17:22:23 | INFO    | epoch 34 | batch 640/1252 | loss 0.5456 | acc 0.9246 | lr 7.95e-06 | 47s
2026-09-17 17:22:24 | INFO    | epoch 34 | batch 660/1252 | loss 0.5461 | acc 0.9244 | lr 7.92e-06 | 48s
2026-09-17 17:22:26 | INFO    | epoch 34 | batch 680/1252 | loss 0.5457 | acc 0.9246 | lr 7.89e-06 | 49s
2026-09-17 17:22:27 | INFO    | epoch 34 | batch 700/1252 | loss 0.5463 | acc 0.9241 | lr 7.85e-06 | 51s
2026-09-17 17:22:29 | INFO    | epoch 34 | batch 720/1252 | loss 0.5456 | acc 0.9246 | lr 7.82e-06 | 52s
2026-09-17 17:22:30 | INFO    | epoch 34 | batch 740/1252 | loss 0.5460 | acc 0.9244 | lr 7.79e-06 | 54s
2026-09-17 17:22:32 | INFO    | epoch 34 | batch 760/1252 | loss 0.5460 | acc 0.9243 | lr 7.75e-06 | 55s
2026-09-17 17:22:33 | INFO    | epoch 34 | batch 780/1252 | loss 0.5455 | acc 0.9246 | lr 7.72e-06 | 57s
2026-09-17 17:22:35 | INFO    | epoch 34 | batch 800/1252 | loss 0.5453 | acc 0.9248 | lr 7.69e-06 | 58s
2026-09-17 17:22:36 | INFO    | epoch 34 | batch 820/1252 | loss 0.5447 | acc 0.9251 | lr 7.66e-06 | 60s
2026-09-17 17:22:38 | INFO    | epoch 34 | batch 840/1252 | loss 0.5448 | acc 0.9251 | lr 7.62e-06 | 61s
2026-09-17 17:22:39 | INFO    | epoch 34 | batch 860/1252 | loss 0.5449 | acc 0.9251 | lr 7.59e-06 | 63s
2026-09-17 17:22:40 | INFO    | epoch 34 | batch 880/1252 | loss 0.5453 | acc 0.9247 | lr 7.56e-06 | 64s
2026-09-17 17:22:42 | INFO    | epoch 34 | batch 900/1252 | loss 0.5453 | acc 0.9248 | lr 7.53e-06 | 65s
2026-09-17 17:22:43 | INFO    | epoch 34 | batch 920/1252 | loss 0.5456 | acc 0.9246 | lr 7.49e-06 | 67s
2026-09-17 17:22:45 | INFO    | epoch 34 | batch 940/1252 | loss 0.5459 | acc 0.9245 | lr 7.46e-06 | 68s
2026-09-17 17:22:46 | INFO    | epoch 34 | batch 960/1252 | loss 0.5463 | acc 0.9242 | lr 7.43e-06 | 70s
2026-09-17 17:22:48 | INFO    | epoch 34 | batch 980/1252 | loss 0.5465 | acc 0.9240 | lr 7.40e-06 | 71s
2026-09-17 17:22:49 | INFO    | epoch 34 | batch 1000/1252 | loss 0.5464 | acc 0.9239 | lr 7.36e-06 | 73s
2026-09-17 17:22:50 | INFO    | epoch 34 | batch 1020/1252 | loss 0.5469 | acc 0.9235 | lr 7.33e-06 | 74s
2026-09-17 17:22:52 | INFO    | epoch 34 | batch 1040/1252 | loss 0.5469 | acc 0.9237 | lr 7.30e-06 | 75s
2026-09-17 17:22:53 | INFO    | epoch 34 | batch 1060/1252 | loss 0.5472 | acc 0.9236 | lr 7.27e-06 | 77s
2026-09-17 17:22:55 | INFO    | epoch 34 | batch 1080/1252 | loss 0.5469 | acc 0.9239 | lr 7.24e-06 | 78s
2026-09-17 17:22:56 | INFO    | epoch 34 | batch 1100/1252 | loss 0.5468 | acc 0.9239 | lr 7.20e-06 | 80s
2026-09-17 17:22:58 | INFO    | epoch 34 | batch 1120/1252 | loss 0.5465 | acc 0.9241 | lr 7.17e-06 | 81s
2026-09-17 17:22:59 | INFO    | epoch 34 | batch 1140/1252 | loss 0.5468 | acc 0.9240 | lr 7.14e-06 | 83s
2026-09-17 17:23:00 | INFO    | epoch 34 | batch 1160/1252 | loss 0.5468 | acc 0.9239 | lr 7.11e-06 | 84s
2026-09-17 17:23:02 | INFO    | epoch 34 | batch 1180/1252 | loss 0.5467 | acc 0.9239 | lr 7.08e-06 | 86s
2026-09-17 17:23:03 | INFO    | epoch 34 | batch 1200/1252 | loss 0.5471 | acc 0.9236 | lr 7.05e-06 | 87s
2026-09-17 17:23:05 | INFO    | epoch 34 | batch 1220/1252 | loss 0.5474 | acc 0.9236 | lr 7.02e-06 | 89s
2026-09-17 17:23:06 | INFO    | epoch 34 | batch 1240/1252 | loss 0.5476 | acc 0.9236 | lr 6.98e-06 | 90s
2026-09-17 17:23:07 | INFO    | epoch 34 | batch 1252/1252 | loss 0.5475 | acc 0.9237 | lr 6.97e-06 | 91s
2026-09-17 17:23:17 | INFO    | epoch 34/40 done in 101s | train loss 0.5475 | train running patch (aug): accuracy=0.9237 precision=0.9230 recall=0.9207 f1=0.9218
2026-09-17 17:23:17 | INFO    | epoch 34 train (eval, no aug) | loss 0.6106 | patch[7280]: accuracy=0.8872 precision=0.8865 recall=0.8843 f1=0.8849 | image[455]: accuracy=0.9692 precision=0.9726 recall=0.9688 f1=0.9704
2026-09-17 17:23:17 | INFO    | epoch 34 val | loss 1.1193 | patch[8448]: accuracy=0.6512 precision=0.6323 recall=0.6249 f1=0.6256 | image[96]: accuracy=0.7188 precision=0.6890 recall=0.6866 f1=0.6842
2026-09-17 17:23:17 | INFO    | val_patch_f1 = 0.6256 (best 0.6326 @ epoch 33)
2026-09-17 17:23:19 | INFO    | epoch 35 | batch 20/1252 | loss 0.5050 | acc 0.9500 | lr 6.93e-06 | 2s
2026-09-17 17:23:20 | INFO    | epoch 35 | batch 40/1252 | loss 0.5177 | acc 0.9445 | lr 6.90e-06 | 3s
2026-09-17 17:23:22 | INFO    | epoch 35 | batch 60/1252 | loss 0.5279 | acc 0.9365 | lr 6.87e-06 | 5s
2026-09-17 17:23:23 | INFO    | epoch 35 | batch 80/1252 | loss 0.5400 | acc 0.9313 | lr 6.84e-06 | 6s
2026-09-17 17:23:25 | INFO    | epoch 35 | batch 100/1252 | loss 0.5379 | acc 0.9322 | lr 6.81e-06 | 8s
2026-09-17 17:23:26 | INFO    | epoch 35 | batch 120/1252 | loss 0.5468 | acc 0.9263 | lr 6.78e-06 | 9s
2026-09-17 17:23:27 | INFO    | epoch 35 | batch 140/1252 | loss 0.5439 | acc 0.9288 | lr 6.75e-06 | 10s
2026-09-17 17:23:29 | INFO    | epoch 35 | batch 160/1252 | loss 0.5474 | acc 0.9271 | lr 6.72e-06 | 12s
2026-09-17 17:23:30 | INFO    | epoch 35 | batch 180/1252 | loss 0.5455 | acc 0.9281 | lr 6.69e-06 | 13s
2026-09-17 17:23:32 | INFO    | epoch 35 | batch 200/1252 | loss 0.5459 | acc 0.9281 | lr 6.66e-06 | 15s
2026-09-17 17:23:33 | INFO    | epoch 35 | batch 220/1252 | loss 0.5446 | acc 0.9288 | lr 6.63e-06 | 16s
2026-09-17 17:23:35 | INFO    | epoch 35 | batch 240/1252 | loss 0.5461 | acc 0.9279 | lr 6.60e-06 | 18s
2026-09-17 17:23:36 | INFO    | epoch 35 | batch 260/1252 | loss 0.5472 | acc 0.9269 | lr 6.57e-06 | 19s
2026-09-17 17:23:38 | INFO    | epoch 35 | batch 280/1252 | loss 0.5492 | acc 0.9259 | lr 6.54e-06 | 21s
2026-09-17 17:23:39 | INFO    | epoch 35 | batch 300/1252 | loss 0.5479 | acc 0.9271 | lr 6.51e-06 | 22s
2026-09-17 17:23:40 | INFO    | epoch 35 | batch 320/1252 | loss 0.5465 | acc 0.9279 | lr 6.48e-06 | 23s
2026-09-17 17:23:42 | INFO    | epoch 35 | batch 340/1252 | loss 0.5479 | acc 0.9270 | lr 6.45e-06 | 25s
2026-09-17 17:23:43 | INFO    | epoch 35 | batch 360/1252 | loss 0.5482 | acc 0.9266 | lr 6.42e-06 | 26s
2026-09-17 17:23:45 | INFO    | epoch 35 | batch 380/1252 | loss 0.5476 | acc 0.9267 | lr 6.39e-06 | 28s
2026-09-17 17:23:46 | INFO    | epoch 35 | batch 400/1252 | loss 0.5474 | acc 0.9265 | lr 6.36e-06 | 29s
2026-09-17 17:23:48 | INFO    | epoch 35 | batch 420/1252 | loss 0.5486 | acc 0.9257 | lr 6.33e-06 | 31s
2026-09-17 17:23:49 | INFO    | epoch 35 | batch 440/1252 | loss 0.5487 | acc 0.9248 | lr 6.30e-06 | 32s
2026-09-17 17:23:50 | INFO    | epoch 35 | batch 460/1252 | loss 0.5480 | acc 0.9254 | lr 6.27e-06 | 33s
2026-09-17 17:23:52 | INFO    | epoch 35 | batch 480/1252 | loss 0.5489 | acc 0.9249 | lr 6.24e-06 | 35s
2026-09-17 17:23:53 | INFO    | epoch 35 | batch 500/1252 | loss 0.5479 | acc 0.9256 | lr 6.21e-06 | 36s
2026-09-17 17:23:55 | INFO    | epoch 35 | batch 520/1252 | loss 0.5478 | acc 0.9255 | lr 6.18e-06 | 38s
2026-09-17 17:23:56 | INFO    | epoch 35 | batch 540/1252 | loss 0.5486 | acc 0.9251 | lr 6.15e-06 | 39s
2026-09-17 17:23:58 | INFO    | epoch 35 | batch 560/1252 | loss 0.5476 | acc 0.9260 | lr 6.12e-06 | 41s
2026-09-17 17:23:59 | INFO    | epoch 35 | batch 580/1252 | loss 0.5477 | acc 0.9259 | lr 6.10e-06 | 42s
2026-09-17 17:24:01 | INFO    | epoch 35 | batch 600/1252 | loss 0.5475 | acc 0.9256 | lr 6.07e-06 | 44s
2026-09-17 17:24:02 | INFO    | epoch 35 | batch 620/1252 | loss 0.5481 | acc 0.9258 | lr 6.04e-06 | 45s
2026-09-17 17:24:04 | INFO    | epoch 35 | batch 640/1252 | loss 0.5478 | acc 0.9258 | lr 6.01e-06 | 47s
2026-09-17 17:24:05 | INFO    | epoch 35 | batch 660/1252 | loss 0.5481 | acc 0.9255 | lr 5.98e-06 | 48s
2026-09-17 17:24:06 | INFO    | epoch 35 | batch 680/1252 | loss 0.5481 | acc 0.9256 | lr 5.95e-06 | 49s
2026-09-17 17:24:08 | INFO    | epoch 35 | batch 700/1252 | loss 0.5480 | acc 0.9254 | lr 5.92e-06 | 51s
2026-09-17 17:24:09 | INFO    | epoch 35 | batch 720/1252 | loss 0.5478 | acc 0.9256 | lr 5.90e-06 | 52s
2026-09-17 17:24:11 | INFO    | epoch 35 | batch 740/1252 | loss 0.5479 | acc 0.9257 | lr 5.87e-06 | 54s
2026-09-17 17:24:12 | INFO    | epoch 35 | batch 760/1252 | loss 0.5485 | acc 0.9253 | lr 5.84e-06 | 55s
2026-09-17 17:24:14 | INFO    | epoch 35 | batch 780/1252 | loss 0.5488 | acc 0.9251 | lr 5.81e-06 | 57s
2026-09-17 17:24:15 | INFO    | epoch 35 | batch 800/1252 | loss 0.5481 | acc 0.9256 | lr 5.78e-06 | 58s
2026-09-17 17:24:17 | INFO    | epoch 35 | batch 820/1252 | loss 0.5481 | acc 0.9257 | lr 5.75e-06 | 60s
2026-09-17 17:24:18 | INFO    | epoch 35 | batch 840/1252 | loss 0.5478 | acc 0.9257 | lr 5.73e-06 | 61s
2026-09-17 17:24:19 | INFO    | epoch 35 | batch 860/1252 | loss 0.5473 | acc 0.9260 | lr 5.70e-06 | 62s
2026-09-17 17:24:21 | INFO    | epoch 35 | batch 880/1252 | loss 0.5475 | acc 0.9258 | lr 5.67e-06 | 64s
2026-09-17 17:24:22 | INFO    | epoch 35 | batch 900/1252 | loss 0.5477 | acc 0.9257 | lr 5.64e-06 | 65s
2026-09-17 17:24:24 | INFO    | epoch 35 | batch 920/1252 | loss 0.5479 | acc 0.9257 | lr 5.62e-06 | 67s
2026-09-17 17:24:25 | INFO    | epoch 35 | batch 940/1252 | loss 0.5474 | acc 0.9260 | lr 5.59e-06 | 68s
2026-09-17 17:24:27 | INFO    | epoch 35 | batch 960/1252 | loss 0.5470 | acc 0.9263 | lr 5.56e-06 | 70s
2026-09-17 17:24:28 | INFO    | epoch 35 | batch 980/1252 | loss 0.5471 | acc 0.9261 | lr 5.53e-06 | 71s
2026-09-17 17:24:30 | INFO    | epoch 35 | batch 1000/1252 | loss 0.5472 | acc 0.9259 | lr 5.51e-06 | 73s
2026-09-17 17:24:31 | INFO    | epoch 35 | batch 1020/1252 | loss 0.5470 | acc 0.9258 | lr 5.48e-06 | 74s
2026-09-17 17:24:33 | INFO    | epoch 35 | batch 1040/1252 | loss 0.5464 | acc 0.9260 | lr 5.45e-06 | 76s
2026-09-17 17:24:34 | INFO    | epoch 35 | batch 1060/1252 | loss 0.5463 | acc 0.9259 | lr 5.42e-06 | 77s
2026-09-17 17:24:36 | INFO    | epoch 35 | batch 1080/1252 | loss 0.5462 | acc 0.9259 | lr 5.40e-06 | 79s
2026-09-17 17:24:37 | INFO    | epoch 35 | batch 1100/1252 | loss 0.5463 | acc 0.9258 | lr 5.37e-06 | 80s
2026-09-17 17:24:38 | INFO    | epoch 35 | batch 1120/1252 | loss 0.5464 | acc 0.9256 | lr 5.34e-06 | 81s
2026-09-17 17:24:40 | INFO    | epoch 35 | batch 1140/1252 | loss 0.5468 | acc 0.9255 | lr 5.32e-06 | 83s
2026-09-17 17:24:41 | INFO    | epoch 35 | batch 1160/1252 | loss 0.5469 | acc 0.9255 | lr 5.29e-06 | 84s
2026-09-17 17:24:43 | INFO    | epoch 35 | batch 1180/1252 | loss 0.5471 | acc 0.9255 | lr 5.26e-06 | 86s
2026-09-17 17:24:44 | INFO    | epoch 35 | batch 1200/1252 | loss 0.5468 | acc 0.9257 | lr 5.24e-06 | 87s
2026-09-17 17:24:46 | INFO    | epoch 35 | batch 1220/1252 | loss 0.5463 | acc 0.9260 | lr 5.21e-06 | 89s
2026-09-17 17:24:47 | INFO    | epoch 35 | batch 1240/1252 | loss 0.5462 | acc 0.9260 | lr 5.18e-06 | 90s
2026-09-17 17:24:48 | INFO    | epoch 35 | batch 1252/1252 | loss 0.5465 | acc 0.9257 | lr 5.17e-06 | 91s
2026-09-17 17:24:58 | INFO    | epoch 35/40 done in 101s | train loss 0.5465 | train running patch (aug): accuracy=0.9257 precision=0.9252 recall=0.9231 f1=0.9241
2026-09-17 17:24:58 | INFO    | epoch 35 train (eval, no aug) | loss 0.6138 | patch[7280]: accuracy=0.8828 precision=0.8837 recall=0.8804 f1=0.8809 | image[455]: accuracy=0.9670 precision=0.9708 recall=0.9657 f1=0.9678
2026-09-17 17:24:58 | INFO    | epoch 35 val | loss 1.1307 | patch[8448]: accuracy=0.6503 precision=0.6334 recall=0.6260 f1=0.6252 | image[96]: accuracy=0.7188 precision=0.7083 recall=0.6923 f1=0.6923
2026-09-17 17:24:58 | INFO    | val_patch_f1 = 0.6252 (best 0.6326 @ epoch 33)
2026-09-17 17:24:59 | INFO    | epoch 36 | batch 20/1252 | loss 0.5427 | acc 0.9266 | lr 5.14e-06 | 2s
2026-09-17 17:25:01 | INFO    | epoch 36 | batch 40/1252 | loss 0.5564 | acc 0.9195 | lr 5.12e-06 | 3s
2026-09-17 17:25:02 | INFO    | epoch 36 | batch 60/1252 | loss 0.5475 | acc 0.9271 | lr 5.09e-06 | 4s
2026-09-17 17:25:04 | INFO    | epoch 36 | batch 80/1252 | loss 0.5487 | acc 0.9230 | lr 5.06e-06 | 6s
2026-09-17 17:25:05 | INFO    | epoch 36 | batch 100/1252 | loss 0.5493 | acc 0.9216 | lr 5.04e-06 | 7s
2026-09-17 17:25:07 | INFO    | epoch 36 | batch 120/1252 | loss 0.5477 | acc 0.9206 | lr 5.01e-06 | 9s
2026-09-17 17:25:08 | INFO    | epoch 36 | batch 140/1252 | loss 0.5490 | acc 0.9203 | lr 4.99e-06 | 10s
2026-09-17 17:25:09 | INFO    | epoch 36 | batch 160/1252 | loss 0.5494 | acc 0.9197 | lr 4.96e-06 | 12s
2026-09-17 17:25:11 | INFO    | epoch 36 | batch 180/1252 | loss 0.5483 | acc 0.9205 | lr 4.94e-06 | 13s
2026-09-17 17:25:12 | INFO    | epoch 36 | batch 200/1252 | loss 0.5493 | acc 0.9209 | lr 4.91e-06 | 15s
2026-09-17 17:25:14 | INFO    | epoch 36 | batch 220/1252 | loss 0.5505 | acc 0.9209 | lr 4.89e-06 | 16s
2026-09-17 17:25:15 | INFO    | epoch 36 | batch 240/1252 | loss 0.5520 | acc 0.9207 | lr 4.86e-06 | 17s
2026-09-17 17:25:17 | INFO    | epoch 36 | batch 260/1252 | loss 0.5544 | acc 0.9196 | lr 4.83e-06 | 19s
2026-09-17 17:25:18 | INFO    | epoch 36 | batch 280/1252 | loss 0.5542 | acc 0.9194 | lr 4.81e-06 | 20s
2026-09-17 17:25:19 | INFO    | epoch 36 | batch 300/1252 | loss 0.5529 | acc 0.9200 | lr 4.78e-06 | 22s
2026-09-17 17:25:21 | INFO    | epoch 36 | batch 320/1252 | loss 0.5512 | acc 0.9207 | lr 4.76e-06 | 23s
2026-09-17 17:25:22 | INFO    | epoch 36 | batch 340/1252 | loss 0.5514 | acc 0.9204 | lr 4.73e-06 | 25s
2026-09-17 17:25:24 | INFO    | epoch 36 | batch 360/1252 | loss 0.5513 | acc 0.9198 | lr 4.71e-06 | 26s
2026-09-17 17:25:25 | INFO    | epoch 36 | batch 380/1252 | loss 0.5514 | acc 0.9198 | lr 4.68e-06 | 28s
2026-09-17 17:25:27 | INFO    | epoch 36 | batch 400/1252 | loss 0.5502 | acc 0.9207 | lr 4.66e-06 | 29s
2026-09-17 17:25:28 | INFO    | epoch 36 | batch 420/1252 | loss 0.5509 | acc 0.9203 | lr 4.64e-06 | 30s
2026-09-17 17:25:30 | INFO    | epoch 36 | batch 440/1252 | loss 0.5508 | acc 0.9210 | lr 4.61e-06 | 32s
2026-09-17 17:25:31 | INFO    | epoch 36 | batch 460/1252 | loss 0.5514 | acc 0.9204 | lr 4.59e-06 | 33s
2026-09-17 17:25:33 | INFO    | epoch 36 | batch 480/1252 | loss 0.5522 | acc 0.9199 | lr 4.56e-06 | 35s
2026-09-17 17:25:34 | INFO    | epoch 36 | batch 500/1252 | loss 0.5512 | acc 0.9201 | lr 4.54e-06 | 36s
2026-09-17 17:25:35 | INFO    | epoch 36 | batch 520/1252 | loss 0.5510 | acc 0.9197 | lr 4.51e-06 | 38s
2026-09-17 17:25:37 | INFO    | epoch 36 | batch 540/1252 | loss 0.5512 | acc 0.9196 | lr 4.49e-06 | 39s
2026-09-17 17:25:38 | INFO    | epoch 36 | batch 560/1252 | loss 0.5503 | acc 0.9203 | lr 4.47e-06 | 41s
2026-09-17 17:25:40 | INFO    | epoch 36 | batch 580/1252 | loss 0.5505 | acc 0.9203 | lr 4.44e-06 | 42s
2026-09-17 17:25:41 | INFO    | epoch 36 | batch 600/1252 | loss 0.5503 | acc 0.9206 | lr 4.42e-06 | 43s
2026-09-17 17:25:43 | INFO    | epoch 36 | batch 620/1252 | loss 0.5501 | acc 0.9208 | lr 4.39e-06 | 45s
2026-09-17 17:25:44 | INFO    | epoch 36 | batch 640/1252 | loss 0.5503 | acc 0.9204 | lr 4.37e-06 | 46s
2026-09-17 17:25:46 | INFO    | epoch 36 | batch 660/1252 | loss 0.5499 | acc 0.9207 | lr 4.35e-06 | 48s
2026-09-17 17:25:47 | INFO    | epoch 36 | batch 680/1252 | loss 0.5494 | acc 0.9210 | lr 4.32e-06 | 49s
2026-09-17 17:25:48 | INFO    | epoch 36 | batch 700/1252 | loss 0.5486 | acc 0.9213 | lr 4.30e-06 | 51s
2026-09-17 17:25:50 | INFO    | epoch 36 | batch 720/1252 | loss 0.5485 | acc 0.9214 | lr 4.28e-06 | 52s
2026-09-17 17:25:51 | INFO    | epoch 36 | batch 740/1252 | loss 0.5483 | acc 0.9216 | lr 4.25e-06 | 54s
2026-09-17 17:25:53 | INFO    | epoch 36 | batch 760/1252 | loss 0.5490 | acc 0.9216 | lr 4.23e-06 | 55s
2026-09-17 17:25:54 | INFO    | epoch 36 | batch 780/1252 | loss 0.5479 | acc 0.9223 | lr 4.21e-06 | 57s
2026-09-17 17:25:56 | INFO    | epoch 36 | batch 800/1252 | loss 0.5479 | acc 0.9223 | lr 4.18e-06 | 58s
2026-09-17 17:25:57 | INFO    | epoch 36 | batch 820/1252 | loss 0.5476 | acc 0.9223 | lr 4.16e-06 | 59s
2026-09-17 17:25:59 | INFO    | epoch 36 | batch 840/1252 | loss 0.5473 | acc 0.9226 | lr 4.14e-06 | 61s
2026-09-17 17:26:00 | INFO    | epoch 36 | batch 860/1252 | loss 0.5476 | acc 0.9224 | lr 4.11e-06 | 62s
2026-09-17 17:26:01 | INFO    | epoch 36 | batch 880/1252 | loss 0.5471 | acc 0.9226 | lr 4.09e-06 | 64s
2026-09-17 17:26:03 | INFO    | epoch 36 | batch 900/1252 | loss 0.5470 | acc 0.9227 | lr 4.07e-06 | 65s
2026-09-17 17:26:04 | INFO    | epoch 36 | batch 920/1252 | loss 0.5469 | acc 0.9227 | lr 4.05e-06 | 66s
2026-09-17 17:26:05 | INFO    | epoch 36 | batch 940/1252 | loss 0.5468 | acc 0.9227 | lr 4.02e-06 | 68s
2026-09-17 17:26:07 | INFO    | epoch 36 | batch 960/1252 | loss 0.5467 | acc 0.9228 | lr 4.00e-06 | 69s
2026-09-17 17:26:08 | INFO    | epoch 36 | batch 980/1252 | loss 0.5462 | acc 0.9233 | lr 3.98e-06 | 70s
2026-09-17 17:26:10 | INFO    | epoch 36 | batch 1000/1252 | loss 0.5460 | acc 0.9234 | lr 3.96e-06 | 72s
2026-09-17 17:26:11 | INFO    | epoch 36 | batch 1020/1252 | loss 0.5456 | acc 0.9237 | lr 3.93e-06 | 73s
2026-09-17 17:26:12 | INFO    | epoch 36 | batch 1040/1252 | loss 0.5454 | acc 0.9239 | lr 3.91e-06 | 75s
2026-09-17 17:26:14 | INFO    | epoch 36 | batch 1060/1252 | loss 0.5456 | acc 0.9239 | lr 3.89e-06 | 76s
2026-09-17 17:26:15 | INFO    | epoch 36 | batch 1080/1252 | loss 0.5456 | acc 0.9239 | lr 3.87e-06 | 77s
2026-09-17 17:26:17 | INFO    | epoch 36 | batch 1100/1252 | loss 0.5455 | acc 0.9239 | lr 3.85e-06 | 79s
2026-09-17 17:26:18 | INFO    | epoch 36 | batch 1120/1252 | loss 0.5454 | acc 0.9239 | lr 3.82e-06 | 80s
2026-09-17 17:26:20 | INFO    | epoch 36 | batch 1140/1252 | loss 0.5451 | acc 0.9238 | lr 3.80e-06 | 82s
2026-09-17 17:26:21 | INFO    | epoch 36 | batch 1160/1252 | loss 0.5455 | acc 0.9237 | lr 3.78e-06 | 83s
2026-09-17 17:26:22 | INFO    | epoch 36 | batch 1180/1252 | loss 0.5457 | acc 0.9236 | lr 3.76e-06 | 85s
2026-09-17 17:26:24 | INFO    | epoch 36 | batch 1200/1252 | loss 0.5457 | acc 0.9235 | lr 3.74e-06 | 86s
2026-09-17 17:26:25 | INFO    | epoch 36 | batch 1220/1252 | loss 0.5458 | acc 0.9234 | lr 3.72e-06 | 87s
2026-09-17 17:26:27 | INFO    | epoch 36 | batch 1240/1252 | loss 0.5459 | acc 0.9233 | lr 3.69e-06 | 89s
2026-09-17 17:26:27 | INFO    | epoch 36 | batch 1252/1252 | loss 0.5458 | acc 0.9233 | lr 3.68e-06 | 90s
2026-09-17 17:26:37 | INFO    | epoch 36/40 done in 99s | train loss 0.5458 | train running patch (aug): accuracy=0.9233 precision=0.9229 recall=0.9207 f1=0.9217
2026-09-17 17:26:37 | INFO    | epoch 36 train (eval, no aug) | loss 0.6132 | patch[7280]: accuracy=0.8846 precision=0.8854 recall=0.8824 f1=0.8827 | image[455]: accuracy=0.9670 precision=0.9713 recall=0.9652 f1=0.9676
2026-09-17 17:26:37 | INFO    | epoch 36 val | loss 1.1372 | patch[8448]: accuracy=0.6458 precision=0.6279 recall=0.6206 f1=0.6200 | image[96]: accuracy=0.7083 precision=0.6861 recall=0.6742 f1=0.6718
2026-09-17 17:26:37 | INFO    | val_patch_f1 = 0.6200 (best 0.6326 @ epoch 33)
2026-09-17 17:26:39 | INFO    | epoch 37 | batch 20/1252 | loss 0.5339 | acc 0.9328 | lr 3.66e-06 | 2s
2026-09-17 17:26:40 | INFO    | epoch 37 | batch 40/1252 | loss 0.5477 | acc 0.9320 | lr 3.64e-06 | 3s
2026-09-17 17:26:42 | INFO    | epoch 37 | batch 60/1252 | loss 0.5442 | acc 0.9286 | lr 3.62e-06 | 5s
2026-09-17 17:26:43 | INFO    | epoch 37 | batch 80/1252 | loss 0.5439 | acc 0.9262 | lr 3.60e-06 | 6s
2026-09-17 17:26:45 | INFO    | epoch 37 | batch 100/1252 | loss 0.5464 | acc 0.9247 | lr 3.58e-06 | 7s
2026-09-17 17:26:46 | INFO    | epoch 37 | batch 120/1252 | loss 0.5512 | acc 0.9208 | lr 3.56e-06 | 9s
2026-09-17 17:26:48 | INFO    | epoch 37 | batch 140/1252 | loss 0.5492 | acc 0.9221 | lr 3.54e-06 | 10s
2026-09-17 17:26:49 | INFO    | epoch 37 | batch 160/1252 | loss 0.5464 | acc 0.9234 | lr 3.51e-06 | 12s
2026-09-17 17:26:51 | INFO    | epoch 37 | batch 180/1252 | loss 0.5437 | acc 0.9255 | lr 3.49e-06 | 13s
2026-09-17 17:26:52 | INFO    | epoch 37 | batch 200/1252 | loss 0.5461 | acc 0.9239 | lr 3.47e-06 | 15s
2026-09-17 17:26:54 | INFO    | epoch 37 | batch 220/1252 | loss 0.5455 | acc 0.9239 | lr 3.45e-06 | 16s
2026-09-17 17:26:55 | INFO    | epoch 37 | batch 240/1252 | loss 0.5470 | acc 0.9237 | lr 3.43e-06 | 18s
2026-09-17 17:26:56 | INFO    | epoch 37 | batch 260/1252 | loss 0.5486 | acc 0.9225 | lr 3.41e-06 | 19s
2026-09-17 17:26:58 | INFO    | epoch 37 | batch 280/1252 | loss 0.5505 | acc 0.9208 | lr 3.39e-06 | 21s
2026-09-17 17:26:59 | INFO    | epoch 37 | batch 300/1252 | loss 0.5509 | acc 0.9206 | lr 3.37e-06 | 22s
2026-09-17 17:27:01 | INFO    | epoch 37 | batch 320/1252 | loss 0.5503 | acc 0.9216 | lr 3.35e-06 | 23s
2026-09-17 17:27:02 | INFO    | epoch 37 | batch 340/1252 | loss 0.5496 | acc 0.9210 | lr 3.33e-06 | 25s
2026-09-17 17:27:04 | INFO    | epoch 37 | batch 360/1252 | loss 0.5498 | acc 0.9210 | lr 3.31e-06 | 26s
2026-09-17 17:27:05 | INFO    | epoch 37 | batch 380/1252 | loss 0.5483 | acc 0.9220 | lr 3.29e-06 | 28s
2026-09-17 17:27:06 | INFO    | epoch 37 | batch 400/1252 | loss 0.5484 | acc 0.9223 | lr 3.27e-06 | 29s
2026-09-17 17:27:08 | INFO    | epoch 37 | batch 420/1252 | loss 0.5492 | acc 0.9217 | lr 3.25e-06 | 31s
2026-09-17 17:27:09 | INFO    | epoch 37 | batch 440/1252 | loss 0.5485 | acc 0.9227 | lr 3.23e-06 | 32s
2026-09-17 17:27:11 | INFO    | epoch 37 | batch 460/1252 | loss 0.5486 | acc 0.9225 | lr 3.22e-06 | 34s
2026-09-17 17:27:12 | INFO    | epoch 37 | batch 480/1252 | loss 0.5479 | acc 0.9229 | lr 3.20e-06 | 35s
2026-09-17 17:27:14 | INFO    | epoch 37 | batch 500/1252 | loss 0.5465 | acc 0.9236 | lr 3.18e-06 | 37s
2026-09-17 17:27:15 | INFO    | epoch 37 | batch 520/1252 | loss 0.5465 | acc 0.9233 | lr 3.16e-06 | 38s
2026-09-17 17:27:17 | INFO    | epoch 37 | batch 540/1252 | loss 0.5457 | acc 0.9238 | lr 3.14e-06 | 40s
2026-09-17 17:27:18 | INFO    | epoch 37 | batch 560/1252 | loss 0.5459 | acc 0.9240 | lr 3.12e-06 | 41s
2026-09-17 17:27:20 | INFO    | epoch 37 | batch 580/1252 | loss 0.5454 | acc 0.9242 | lr 3.10e-06 | 43s
2026-09-17 17:27:21 | INFO    | epoch 37 | batch 600/1252 | loss 0.5447 | acc 0.9247 | lr 3.08e-06 | 44s
2026-09-17 17:27:23 | INFO    | epoch 37 | batch 620/1252 | loss 0.5448 | acc 0.9245 | lr 3.06e-06 | 46s
2026-09-17 17:27:24 | INFO    | epoch 37 | batch 640/1252 | loss 0.5443 | acc 0.9252 | lr 3.04e-06 | 47s
2026-09-17 17:27:26 | INFO    | epoch 37 | batch 660/1252 | loss 0.5443 | acc 0.9252 | lr 3.03e-06 | 48s
2026-09-17 17:27:27 | INFO    | epoch 37 | batch 680/1252 | loss 0.5443 | acc 0.9251 | lr 3.01e-06 | 50s
2026-09-17 17:27:29 | INFO    | epoch 37 | batch 700/1252 | loss 0.5435 | acc 0.9254 | lr 2.99e-06 | 51s
2026-09-17 17:27:30 | INFO    | epoch 37 | batch 720/1252 | loss 0.5436 | acc 0.9254 | lr 2.97e-06 | 53s
2026-09-17 17:27:31 | INFO    | epoch 37 | batch 740/1252 | loss 0.5437 | acc 0.9256 | lr 2.95e-06 | 54s
2026-09-17 17:27:33 | INFO    | epoch 37 | batch 760/1252 | loss 0.5443 | acc 0.9253 | lr 2.93e-06 | 56s
2026-09-17 17:27:34 | INFO    | epoch 37 | batch 780/1252 | loss 0.5443 | acc 0.9253 | lr 2.92e-06 | 57s
2026-09-17 17:27:36 | INFO    | epoch 37 | batch 800/1252 | loss 0.5437 | acc 0.9257 | lr 2.90e-06 | 59s
2026-09-17 17:27:37 | INFO    | epoch 37 | batch 820/1252 | loss 0.5431 | acc 0.9262 | lr 2.88e-06 | 60s
2026-09-17 17:27:39 | INFO    | epoch 37 | batch 840/1252 | loss 0.5424 | acc 0.9267 | lr 2.86e-06 | 61s
2026-09-17 17:27:40 | INFO    | epoch 37 | batch 860/1252 | loss 0.5417 | acc 0.9273 | lr 2.85e-06 | 63s
2026-09-17 17:27:42 | INFO    | epoch 37 | batch 880/1252 | loss 0.5421 | acc 0.9268 | lr 2.83e-06 | 64s
2026-09-17 17:27:43 | INFO    | epoch 37 | batch 900/1252 | loss 0.5428 | acc 0.9266 | lr 2.81e-06 | 66s
2026-09-17 17:27:44 | INFO    | epoch 37 | batch 920/1252 | loss 0.5432 | acc 0.9262 | lr 2.79e-06 | 67s
2026-09-17 17:27:46 | INFO    | epoch 37 | batch 940/1252 | loss 0.5427 | acc 0.9265 | lr 2.78e-06 | 69s
2026-09-17 17:27:47 | INFO    | epoch 37 | batch 960/1252 | loss 0.5426 | acc 0.9265 | lr 2.76e-06 | 70s
2026-09-17 17:27:49 | INFO    | epoch 37 | batch 980/1252 | loss 0.5425 | acc 0.9266 | lr 2.74e-06 | 72s
2026-09-17 17:27:50 | INFO    | epoch 37 | batch 1000/1252 | loss 0.5425 | acc 0.9266 | lr 2.72e-06 | 73s
2026-09-17 17:27:52 | INFO    | epoch 37 | batch 1020/1252 | loss 0.5430 | acc 0.9263 | lr 2.71e-06 | 75s
2026-09-17 17:27:53 | INFO    | epoch 37 | batch 1040/1252 | loss 0.5433 | acc 0.9261 | lr 2.69e-06 | 76s
2026-09-17 17:27:55 | INFO    | epoch 37 | batch 1060/1252 | loss 0.5433 | acc 0.9260 | lr 2.67e-06 | 78s
2026-09-17 17:27:56 | INFO    | epoch 37 | batch 1080/1252 | loss 0.5434 | acc 0.9258 | lr 2.66e-06 | 79s
2026-09-17 17:27:58 | INFO    | epoch 37 | batch 1100/1252 | loss 0.5438 | acc 0.9256 | lr 2.64e-06 | 81s
2026-09-17 17:27:59 | INFO    | epoch 37 | batch 1120/1252 | loss 0.5433 | acc 0.9259 | lr 2.62e-06 | 82s
2026-09-17 17:28:01 | INFO    | epoch 37 | batch 1140/1252 | loss 0.5431 | acc 0.9262 | lr 2.61e-06 | 83s
2026-09-17 17:28:02 | INFO    | epoch 37 | batch 1160/1252 | loss 0.5429 | acc 0.9262 | lr 2.59e-06 | 85s
2026-09-17 17:28:04 | INFO    | epoch 37 | batch 1180/1252 | loss 0.5429 | acc 0.9262 | lr 2.57e-06 | 86s
2026-09-17 17:28:05 | INFO    | epoch 37 | batch 1200/1252 | loss 0.5434 | acc 0.9259 | lr 2.56e-06 | 88s
2026-09-17 17:28:06 | INFO    | epoch 37 | batch 1220/1252 | loss 0.5431 | acc 0.9259 | lr 2.54e-06 | 89s
2026-09-17 17:28:08 | INFO    | epoch 37 | batch 1240/1252 | loss 0.5432 | acc 0.9259 | lr 2.52e-06 | 91s
2026-09-17 17:28:09 | INFO    | epoch 37 | batch 1252/1252 | loss 0.5435 | acc 0.9258 | lr 2.51e-06 | 92s
2026-09-17 17:28:19 | INFO    | epoch 37/40 done in 101s | train loss 0.5435 | train running patch (aug): accuracy=0.9258 precision=0.9250 recall=0.9230 f1=0.9239
2026-09-17 17:28:19 | INFO    | epoch 37 train (eval, no aug) | loss 0.5995 | patch[7280]: accuracy=0.8900 precision=0.8911 recall=0.8861 f1=0.8882 | image[455]: accuracy=0.9736 precision=0.9768 recall=0.9717 f1=0.9739
2026-09-17 17:28:19 | INFO    | epoch 37 val | loss 1.1133 | patch[8448]: accuracy=0.6538 precision=0.6316 recall=0.6266 f1=0.6264 | image[96]: accuracy=0.7083 precision=0.6811 recall=0.6771 f1=0.6740
2026-09-17 17:28:19 | INFO    | val_patch_f1 = 0.6264 (best 0.6326 @ epoch 33)
2026-09-17 17:28:20 | INFO    | epoch 38 | batch 20/1252 | loss 0.5614 | acc 0.9125 | lr 2.50e-06 | 2s
2026-09-17 17:28:22 | INFO    | epoch 38 | batch 40/1252 | loss 0.5637 | acc 0.9187 | lr 2.48e-06 | 3s
2026-09-17 17:28:23 | INFO    | epoch 38 | batch 60/1252 | loss 0.5519 | acc 0.9250 | lr 2.47e-06 | 4s
2026-09-17 17:28:24 | INFO    | epoch 38 | batch 80/1252 | loss 0.5474 | acc 0.9270 | lr 2.45e-06 | 6s
2026-09-17 17:28:26 | INFO    | epoch 38 | batch 100/1252 | loss 0.5441 | acc 0.9291 | lr 2.44e-06 | 7s
2026-09-17 17:28:27 | INFO    | epoch 38 | batch 120/1252 | loss 0.5448 | acc 0.9289 | lr 2.42e-06 | 9s
2026-09-17 17:28:29 | INFO    | epoch 38 | batch 140/1252 | loss 0.5427 | acc 0.9283 | lr 2.40e-06 | 10s
2026-09-17 17:28:30 | INFO    | epoch 38 | batch 160/1252 | loss 0.5441 | acc 0.9270 | lr 2.39e-06 | 12s
2026-09-17 17:28:31 | INFO    | epoch 38 | batch 180/1252 | loss 0.5415 | acc 0.9283 | lr 2.37e-06 | 13s
2026-09-17 17:28:33 | INFO    | epoch 38 | batch 200/1252 | loss 0.5403 | acc 0.9294 | lr 2.36e-06 | 14s
2026-09-17 17:28:34 | INFO    | epoch 38 | batch 220/1252 | loss 0.5392 | acc 0.9311 | lr 2.34e-06 | 16s
2026-09-17 17:28:36 | INFO    | epoch 38 | batch 240/1252 | loss 0.5406 | acc 0.9305 | lr 2.33e-06 | 17s
2026-09-17 17:28:37 | INFO    | epoch 38 | batch 260/1252 | loss 0.5400 | acc 0.9305 | lr 2.31e-06 | 19s
2026-09-17 17:28:39 | INFO    | epoch 38 | batch 280/1252 | loss 0.5405 | acc 0.9298 | lr 2.30e-06 | 20s
2026-09-17 17:28:40 | INFO    | epoch 38 | batch 300/1252 | loss 0.5382 | acc 0.9305 | lr 2.28e-06 | 21s
2026-09-17 17:28:41 | INFO    | epoch 38 | batch 320/1252 | loss 0.5379 | acc 0.9306 | lr 2.27e-06 | 23s
2026-09-17 17:28:43 | INFO    | epoch 38 | batch 340/1252 | loss 0.5382 | acc 0.9305 | lr 2.25e-06 | 24s
2026-09-17 17:28:44 | INFO    | epoch 38 | batch 360/1252 | loss 0.5366 | acc 0.9318 | lr 2.24e-06 | 26s
2026-09-17 17:28:45 | INFO    | epoch 38 | batch 380/1252 | loss 0.5376 | acc 0.9312 | lr 2.22e-06 | 27s
2026-09-17 17:28:47 | INFO    | epoch 38 | batch 400/1252 | loss 0.5368 | acc 0.9320 | lr 2.21e-06 | 28s
2026-09-17 17:28:48 | INFO    | epoch 38 | batch 420/1252 | loss 0.5370 | acc 0.9321 | lr 2.20e-06 | 30s
2026-09-17 17:28:50 | INFO    | epoch 38 | batch 440/1252 | loss 0.5372 | acc 0.9319 | lr 2.18e-06 | 31s
2026-09-17 17:28:51 | INFO    | epoch 38 | batch 460/1252 | loss 0.5375 | acc 0.9316 | lr 2.17e-06 | 33s
2026-09-17 17:28:53 | INFO    | epoch 38 | batch 480/1252 | loss 0.5386 | acc 0.9310 | lr 2.15e-06 | 34s
2026-09-17 17:28:54 | INFO    | epoch 38 | batch 500/1252 | loss 0.5389 | acc 0.9303 | lr 2.14e-06 | 36s
2026-09-17 17:28:56 | INFO    | epoch 38 | batch 520/1252 | loss 0.5398 | acc 0.9296 | lr 2.13e-06 | 37s
2026-09-17 17:28:57 | INFO    | epoch 38 | batch 540/1252 | loss 0.5405 | acc 0.9294 | lr 2.11e-06 | 38s
2026-09-17 17:28:58 | INFO    | epoch 38 | batch 560/1252 | loss 0.5403 | acc 0.9294 | lr 2.10e-06 | 40s
2026-09-17 17:29:00 | INFO    | epoch 38 | batch 580/1252 | loss 0.5416 | acc 0.9284 | lr 2.08e-06 | 41s
2026-09-17 17:29:01 | INFO    | epoch 38 | batch 600/1252 | loss 0.5419 | acc 0.9281 | lr 2.07e-06 | 43s
2026-09-17 17:29:03 | INFO    | epoch 38 | batch 620/1252 | loss 0.5422 | acc 0.9278 | lr 2.06e-06 | 44s
2026-09-17 17:29:04 | INFO    | epoch 38 | batch 640/1252 | loss 0.5422 | acc 0.9278 | lr 2.04e-06 | 45s
2026-09-17 17:29:05 | INFO    | epoch 38 | batch 660/1252 | loss 0.5424 | acc 0.9277 | lr 2.03e-06 | 47s
2026-09-17 17:29:07 | INFO    | epoch 38 | batch 680/1252 | loss 0.5414 | acc 0.9284 | lr 2.02e-06 | 48s
2026-09-17 17:29:08 | INFO    | epoch 38 | batch 700/1252 | loss 0.5414 | acc 0.9284 | lr 2.00e-06 | 50s
2026-09-17 17:29:10 | INFO    | epoch 38 | batch 720/1252 | loss 0.5420 | acc 0.9280 | lr 1.99e-06 | 51s
2026-09-17 17:29:11 | INFO    | epoch 38 | batch 740/1252 | loss 0.5422 | acc 0.9279 | lr 1.98e-06 | 53s
2026-09-17 17:29:13 | INFO    | epoch 38 | batch 760/1252 | loss 0.5420 | acc 0.9278 | lr 1.97e-06 | 54s
2026-09-17 17:29:14 | INFO    | epoch 38 | batch 780/1252 | loss 0.5418 | acc 0.9279 | lr 1.95e-06 | 55s
2026-09-17 17:29:15 | INFO    | epoch 38 | batch 800/1252 | loss 0.5421 | acc 0.9276 | lr 1.94e-06 | 57s
2026-09-17 17:29:17 | INFO    | epoch 38 | batch 820/1252 | loss 0.5416 | acc 0.9280 | lr 1.93e-06 | 58s
2026-09-17 17:29:18 | INFO    | epoch 38 | batch 840/1252 | loss 0.5410 | acc 0.9282 | lr 1.91e-06 | 60s
2026-09-17 17:29:20 | INFO    | epoch 38 | batch 860/1252 | loss 0.5413 | acc 0.9281 | lr 1.90e-06 | 61s
2026-09-17 17:29:21 | INFO    | epoch 38 | batch 880/1252 | loss 0.5422 | acc 0.9275 | lr 1.89e-06 | 63s
2026-09-17 17:29:23 | INFO    | epoch 38 | batch 900/1252 | loss 0.5420 | acc 0.9276 | lr 1.88e-06 | 64s
2026-09-17 17:29:24 | INFO    | epoch 38 | batch 920/1252 | loss 0.5416 | acc 0.9276 | lr 1.87e-06 | 65s
2026-09-17 17:29:25 | INFO    | epoch 38 | batch 940/1252 | loss 0.5418 | acc 0.9276 | lr 1.85e-06 | 67s
2026-09-17 17:29:27 | INFO    | epoch 38 | batch 960/1252 | loss 0.5423 | acc 0.9273 | lr 1.84e-06 | 68s
2026-09-17 17:29:28 | INFO    | epoch 38 | batch 980/1252 | loss 0.5418 | acc 0.9276 | lr 1.83e-06 | 70s
2026-09-17 17:29:30 | INFO    | epoch 38 | batch 1000/1252 | loss 0.5421 | acc 0.9272 | lr 1.82e-06 | 71s
2026-09-17 17:29:31 | INFO    | epoch 38 | batch 1020/1252 | loss 0.5421 | acc 0.9271 | lr 1.81e-06 | 72s
2026-09-17 17:29:32 | INFO    | epoch 38 | batch 1040/1252 | loss 0.5422 | acc 0.9271 | lr 1.79e-06 | 74s
2026-09-17 17:29:34 | INFO    | epoch 38 | batch 1060/1252 | loss 0.5420 | acc 0.9274 | lr 1.78e-06 | 75s
2026-09-17 17:29:35 | INFO    | epoch 38 | batch 1080/1252 | loss 0.5423 | acc 0.9273 | lr 1.77e-06 | 77s
2026-09-17 17:29:37 | INFO    | epoch 38 | batch 1100/1252 | loss 0.5420 | acc 0.9274 | lr 1.76e-06 | 78s
2026-09-17 17:29:38 | INFO    | epoch 38 | batch 1120/1252 | loss 0.5421 | acc 0.9273 | lr 1.75e-06 | 80s
2026-09-17 17:29:40 | INFO    | epoch 38 | batch 1140/1252 | loss 0.5422 | acc 0.9272 | lr 1.74e-06 | 81s
2026-09-17 17:29:41 | INFO    | epoch 38 | batch 1160/1252 | loss 0.5422 | acc 0.9271 | lr 1.73e-06 | 83s
2026-09-17 17:29:43 | INFO    | epoch 38 | batch 1180/1252 | loss 0.5424 | acc 0.9270 | lr 1.71e-06 | 84s
2026-09-17 17:29:44 | INFO    | epoch 38 | batch 1200/1252 | loss 0.5423 | acc 0.9271 | lr 1.70e-06 | 85s
2026-09-17 17:29:45 | INFO    | epoch 38 | batch 1220/1252 | loss 0.5424 | acc 0.9270 | lr 1.69e-06 | 87s
2026-09-17 17:29:47 | INFO    | epoch 38 | batch 1240/1252 | loss 0.5421 | acc 0.9272 | lr 1.68e-06 | 88s
2026-09-17 17:29:48 | INFO    | epoch 38 | batch 1252/1252 | loss 0.5425 | acc 0.9271 | lr 1.68e-06 | 89s
2026-09-17 17:29:57 | INFO    | epoch 38/40 done in 99s | train loss 0.5425 | train running patch (aug): accuracy=0.9271 precision=0.9266 recall=0.9241 f1=0.9253
2026-09-17 17:29:57 | INFO    | epoch 38 train (eval, no aug) | loss 0.6034 | patch[7280]: accuracy=0.8897 precision=0.8902 recall=0.8856 f1=0.8872 | image[455]: accuracy=0.9758 precision=0.9791 recall=0.9739 f1=0.9761
2026-09-17 17:29:57 | INFO    | epoch 38 val | loss 1.1260 | patch[8448]: accuracy=0.6515 precision=0.6313 recall=0.6239 f1=0.6241 | image[96]: accuracy=0.7396 precision=0.7191 recall=0.7048 f1=0.7034
2026-09-17 17:29:57 | INFO    | val_patch_f1 = 0.6241 (best 0.6326 @ epoch 33)
2026-09-17 17:29:59 | INFO    | epoch 39 | batch 20/1252 | loss 0.5500 | acc 0.9328 | lr 1.66e-06 | 2s
2026-09-17 17:30:00 | INFO    | epoch 39 | batch 40/1252 | loss 0.5447 | acc 0.9281 | lr 1.65e-06 | 3s
2026-09-17 17:30:02 | INFO    | epoch 39 | batch 60/1252 | loss 0.5397 | acc 0.9271 | lr 1.64e-06 | 4s
2026-09-17 17:30:03 | INFO    | epoch 39 | batch 80/1252 | loss 0.5363 | acc 0.9297 | lr 1.63e-06 | 6s
2026-09-17 17:30:05 | INFO    | epoch 39 | batch 100/1252 | loss 0.5350 | acc 0.9319 | lr 1.62e-06 | 7s
2026-09-17 17:30:06 | INFO    | epoch 39 | batch 120/1252 | loss 0.5434 | acc 0.9286 | lr 1.61e-06 | 9s
2026-09-17 17:30:07 | INFO    | epoch 39 | batch 140/1252 | loss 0.5432 | acc 0.9295 | lr 1.60e-06 | 10s
2026-09-17 17:30:09 | INFO    | epoch 39 | batch 160/1252 | loss 0.5413 | acc 0.9293 | lr 1.59e-06 | 11s
2026-09-17 17:30:10 | INFO    | epoch 39 | batch 180/1252 | loss 0.5464 | acc 0.9262 | lr 1.58e-06 | 13s
2026-09-17 17:30:12 | INFO    | epoch 39 | batch 200/1252 | loss 0.5460 | acc 0.9270 | lr 1.57e-06 | 14s
2026-09-17 17:30:13 | INFO    | epoch 39 | batch 220/1252 | loss 0.5430 | acc 0.9288 | lr 1.56e-06 | 16s
2026-09-17 17:30:15 | INFO    | epoch 39 | batch 240/1252 | loss 0.5437 | acc 0.9283 | lr 1.55e-06 | 17s
2026-09-17 17:30:16 | INFO    | epoch 39 | batch 260/1252 | loss 0.5430 | acc 0.9282 | lr 1.54e-06 | 19s
2026-09-17 17:30:17 | INFO    | epoch 39 | batch 280/1252 | loss 0.5430 | acc 0.9280 | lr 1.53e-06 | 20s
2026-09-17 17:30:19 | INFO    | epoch 39 | batch 300/1252 | loss 0.5432 | acc 0.9274 | lr 1.52e-06 | 21s
2026-09-17 17:30:20 | INFO    | epoch 39 | batch 320/1252 | loss 0.5431 | acc 0.9278 | lr 1.51e-06 | 23s
2026-09-17 17:30:22 | INFO    | epoch 39 | batch 340/1252 | loss 0.5424 | acc 0.9282 | lr 1.50e-06 | 24s
2026-09-17 17:30:23 | INFO    | epoch 39 | batch 360/1252 | loss 0.5426 | acc 0.9286 | lr 1.50e-06 | 26s
2026-09-17 17:30:25 | INFO    | epoch 39 | batch 380/1252 | loss 0.5416 | acc 0.9285 | lr 1.49e-06 | 27s
2026-09-17 17:30:26 | INFO    | epoch 39 | batch 400/1252 | loss 0.5405 | acc 0.9291 | lr 1.48e-06 | 29s
2026-09-17 17:30:27 | INFO    | epoch 39 | batch 420/1252 | loss 0.5407 | acc 0.9289 | lr 1.47e-06 | 30s
2026-09-17 17:30:29 | INFO    | epoch 39 | batch 440/1252 | loss 0.5398 | acc 0.9294 | lr 1.46e-06 | 31s
2026-09-17 17:30:30 | INFO    | epoch 39 | batch 460/1252 | loss 0.5387 | acc 0.9298 | lr 1.45e-06 | 33s
2026-09-17 17:30:32 | INFO    | epoch 39 | batch 480/1252 | loss 0.5381 | acc 0.9306 | lr 1.44e-06 | 34s
2026-09-17 17:30:33 | INFO    | epoch 39 | batch 500/1252 | loss 0.5395 | acc 0.9298 | lr 1.43e-06 | 36s
2026-09-17 17:30:35 | INFO    | epoch 39 | batch 520/1252 | loss 0.5401 | acc 0.9296 | lr 1.42e-06 | 37s
2026-09-17 17:30:36 | INFO    | epoch 39 | batch 540/1252 | loss 0.5404 | acc 0.9292 | lr 1.42e-06 | 39s
2026-09-17 17:30:38 | INFO    | epoch 39 | batch 560/1252 | loss 0.5396 | acc 0.9298 | lr 1.41e-06 | 40s
2026-09-17 17:30:39 | INFO    | epoch 39 | batch 580/1252 | loss 0.5392 | acc 0.9301 | lr 1.40e-06 | 42s
2026-09-17 17:30:41 | INFO    | epoch 39 | batch 600/1252 | loss 0.5387 | acc 0.9302 | lr 1.39e-06 | 43s
2026-09-17 17:30:42 | INFO    | epoch 39 | batch 620/1252 | loss 0.5388 | acc 0.9302 | lr 1.38e-06 | 45s
2026-09-17 17:30:43 | INFO    | epoch 39 | batch 640/1252 | loss 0.5396 | acc 0.9298 | lr 1.37e-06 | 46s
2026-09-17 17:30:45 | INFO    | epoch 39 | batch 660/1252 | loss 0.5400 | acc 0.9295 | lr 1.37e-06 | 47s
2026-09-17 17:30:46 | INFO    | epoch 39 | batch 680/1252 | loss 0.5394 | acc 0.9297 | lr 1.36e-06 | 49s
2026-09-17 17:30:48 | INFO    | epoch 39 | batch 700/1252 | loss 0.5393 | acc 0.9297 | lr 1.35e-06 | 50s
2026-09-17 17:30:49 | INFO    | epoch 39 | batch 720/1252 | loss 0.5390 | acc 0.9300 | lr 1.34e-06 | 52s
2026-09-17 17:30:51 | INFO    | epoch 39 | batch 740/1252 | loss 0.5388 | acc 0.9303 | lr 1.34e-06 | 53s
2026-09-17 17:30:52 | INFO    | epoch 39 | batch 760/1252 | loss 0.5388 | acc 0.9302 | lr 1.33e-06 | 55s
2026-09-17 17:30:53 | INFO    | epoch 39 | batch 780/1252 | loss 0.5387 | acc 0.9303 | lr 1.32e-06 | 56s
2026-09-17 17:30:55 | INFO    | epoch 39 | batch 800/1252 | loss 0.5394 | acc 0.9300 | lr 1.31e-06 | 57s
2026-09-17 17:30:56 | INFO    | epoch 39 | batch 820/1252 | loss 0.5387 | acc 0.9304 | lr 1.31e-06 | 59s
2026-09-17 17:30:58 | INFO    | epoch 39 | batch 840/1252 | loss 0.5393 | acc 0.9297 | lr 1.30e-06 | 60s
2026-09-17 17:30:59 | INFO    | epoch 39 | batch 860/1252 | loss 0.5391 | acc 0.9298 | lr 1.29e-06 | 62s
2026-09-17 17:31:01 | INFO    | epoch 39 | batch 880/1252 | loss 0.5393 | acc 0.9299 | lr 1.28e-06 | 63s
2026-09-17 17:31:02 | INFO    | epoch 39 | batch 900/1252 | loss 0.5396 | acc 0.9299 | lr 1.28e-06 | 65s
2026-09-17 17:31:03 | INFO    | epoch 39 | batch 920/1252 | loss 0.5396 | acc 0.9299 | lr 1.27e-06 | 66s
2026-09-17 17:31:05 | INFO    | epoch 39 | batch 940/1252 | loss 0.5398 | acc 0.9299 | lr 1.26e-06 | 67s
2026-09-17 17:31:06 | INFO    | epoch 39 | batch 960/1252 | loss 0.5395 | acc 0.9300 | lr 1.26e-06 | 69s
2026-09-17 17:31:08 | INFO    | epoch 39 | batch 980/1252 | loss 0.5400 | acc 0.9297 | lr 1.25e-06 | 70s
2026-09-17 17:31:09 | INFO    | epoch 39 | batch 1000/1252 | loss 0.5398 | acc 0.9298 | lr 1.24e-06 | 72s
2026-09-17 17:31:11 | INFO    | epoch 39 | batch 1020/1252 | loss 0.5397 | acc 0.9297 | lr 1.24e-06 | 73s
2026-09-17 17:31:12 | INFO    | epoch 39 | batch 1040/1252 | loss 0.5395 | acc 0.9297 | lr 1.23e-06 | 75s
2026-09-17 17:31:13 | INFO    | epoch 39 | batch 1060/1252 | loss 0.5393 | acc 0.9299 | lr 1.22e-06 | 76s
2026-09-17 17:31:15 | INFO    | epoch 39 | batch 1080/1252 | loss 0.5391 | acc 0.9301 | lr 1.22e-06 | 78s
2026-09-17 17:31:16 | INFO    | epoch 39 | batch 1100/1252 | loss 0.5395 | acc 0.9299 | lr 1.21e-06 | 79s
2026-09-17 17:31:18 | INFO    | epoch 39 | batch 1120/1252 | loss 0.5396 | acc 0.9299 | lr 1.21e-06 | 80s
2026-09-17 17:31:19 | INFO    | epoch 39 | batch 1140/1252 | loss 0.5395 | acc 0.9300 | lr 1.20e-06 | 82s
2026-09-17 17:31:21 | INFO    | epoch 39 | batch 1160/1252 | loss 0.5393 | acc 0.9300 | lr 1.19e-06 | 83s
2026-09-17 17:31:22 | INFO    | epoch 39 | batch 1180/1252 | loss 0.5394 | acc 0.9300 | lr 1.19e-06 | 85s
2026-09-17 17:31:24 | INFO    | epoch 39 | batch 1200/1252 | loss 0.5395 | acc 0.9298 | lr 1.18e-06 | 86s
2026-09-17 17:31:25 | INFO    | epoch 39 | batch 1220/1252 | loss 0.5392 | acc 0.9299 | lr 1.18e-06 | 88s
2026-09-17 17:31:26 | INFO    | epoch 39 | batch 1240/1252 | loss 0.5390 | acc 0.9301 | lr 1.17e-06 | 89s
2026-09-17 17:31:27 | INFO    | epoch 39 | batch 1252/1252 | loss 0.5389 | acc 0.9301 | lr 1.17e-06 | 90s
2026-09-17 17:31:37 | INFO    | epoch 39/40 done in 99s | train loss 0.5389 | train running patch (aug): accuracy=0.9301 precision=0.9299 recall=0.9277 f1=0.9287
2026-09-17 17:31:37 | INFO    | epoch 39 train (eval, no aug) | loss 0.5990 | patch[7280]: accuracy=0.8927 precision=0.8914 recall=0.8902 f1=0.8906 | image[455]: accuracy=0.9736 precision=0.9767 recall=0.9717 f1=0.9739
2026-09-17 17:31:37 | INFO    | epoch 39 val | loss 1.1224 | patch[8448]: accuracy=0.6557 precision=0.6357 recall=0.6314 f1=0.6316 | image[96]: accuracy=0.7500 precision=0.7347 recall=0.7290 f1=0.7292
2026-09-17 17:31:37 | INFO    | val_patch_f1 = 0.6316 (best 0.6326 @ epoch 33)
2026-09-17 17:31:39 | INFO    | epoch 40 | batch 20/1252 | loss 0.5302 | acc 0.9328 | lr 1.16e-06 | 2s
2026-09-17 17:31:40 | INFO    | epoch 40 | batch 40/1252 | loss 0.5489 | acc 0.9203 | lr 1.16e-06 | 3s
2026-09-17 17:31:42 | INFO    | epoch 40 | batch 60/1252 | loss 0.5450 | acc 0.9219 | lr 1.15e-06 | 5s
2026-09-17 17:31:43 | INFO    | epoch 40 | batch 80/1252 | loss 0.5419 | acc 0.9246 | lr 1.15e-06 | 6s
2026-09-17 17:31:45 | INFO    | epoch 40 | batch 100/1252 | loss 0.5436 | acc 0.9225 | lr 1.14e-06 | 7s
2026-09-17 17:31:46 | INFO    | epoch 40 | batch 120/1252 | loss 0.5444 | acc 0.9221 | lr 1.14e-06 | 9s
2026-09-17 17:31:47 | INFO    | epoch 40 | batch 140/1252 | loss 0.5434 | acc 0.9241 | lr 1.13e-06 | 10s
2026-09-17 17:31:49 | INFO    | epoch 40 | batch 160/1252 | loss 0.5436 | acc 0.9248 | lr 1.13e-06 | 12s
2026-09-17 17:31:50 | INFO    | epoch 40 | batch 180/1252 | loss 0.5412 | acc 0.9259 | lr 1.12e-06 | 13s
2026-09-17 17:31:52 | INFO    | epoch 40 | batch 200/1252 | loss 0.5392 | acc 0.9263 | lr 1.12e-06 | 15s
2026-09-17 17:31:53 | INFO    | epoch 40 | batch 220/1252 | loss 0.5383 | acc 0.9271 | lr 1.11e-06 | 16s
2026-09-17 17:31:55 | INFO    | epoch 40 | batch 240/1252 | loss 0.5379 | acc 0.9275 | lr 1.11e-06 | 18s
2026-09-17 17:31:56 | INFO    | epoch 40 | batch 260/1252 | loss 0.5391 | acc 0.9278 | lr 1.11e-06 | 19s
2026-09-17 17:31:58 | INFO    | epoch 40 | batch 280/1252 | loss 0.5382 | acc 0.9281 | lr 1.10e-06 | 21s
2026-09-17 17:31:59 | INFO    | epoch 40 | batch 300/1252 | loss 0.5381 | acc 0.9281 | lr 1.10e-06 | 22s
2026-09-17 17:32:00 | INFO    | epoch 40 | batch 320/1252 | loss 0.5384 | acc 0.9282 | lr 1.09e-06 | 23s
2026-09-17 17:32:01 | INFO    | epoch 40 | batch 340/1252 | loss 0.5381 | acc 0.9283 | lr 1.09e-06 | 24s
2026-09-17 17:32:03 | INFO    | epoch 40 | batch 360/1252 | loss 0.5376 | acc 0.9286 | lr 1.09e-06 | 26s
2026-09-17 17:32:04 | INFO    | epoch 40 | batch 380/1252 | loss 0.5385 | acc 0.9283 | lr 1.08e-06 | 27s
2026-09-17 17:32:06 | INFO    | epoch 40 | batch 400/1252 | loss 0.5400 | acc 0.9277 | lr 1.08e-06 | 28s
2026-09-17 17:32:07 | INFO    | epoch 40 | batch 420/1252 | loss 0.5393 | acc 0.9282 | lr 1.07e-06 | 30s
2026-09-17 17:32:08 | INFO    | epoch 40 | batch 440/1252 | loss 0.5384 | acc 0.9288 | lr 1.07e-06 | 31s
2026-09-17 17:32:10 | INFO    | epoch 40 | batch 460/1252 | loss 0.5392 | acc 0.9283 | lr 1.07e-06 | 33s
2026-09-17 17:32:11 | INFO    | epoch 40 | batch 480/1252 | loss 0.5391 | acc 0.9281 | lr 1.06e-06 | 34s
2026-09-17 17:32:13 | INFO    | epoch 40 | batch 500/1252 | loss 0.5397 | acc 0.9274 | lr 1.06e-06 | 36s
2026-09-17 17:32:14 | INFO    | epoch 40 | batch 520/1252 | loss 0.5398 | acc 0.9274 | lr 1.06e-06 | 37s
2026-09-17 17:32:16 | INFO    | epoch 40 | batch 540/1252 | loss 0.5392 | acc 0.9277 | lr 1.05e-06 | 39s
2026-09-17 17:32:17 | INFO    | epoch 40 | batch 560/1252 | loss 0.5393 | acc 0.9276 | lr 1.05e-06 | 40s
2026-09-17 17:32:18 | INFO    | epoch 40 | batch 580/1252 | loss 0.5388 | acc 0.9278 | lr 1.05e-06 | 41s
2026-09-17 17:32:20 | INFO    | epoch 40 | batch 600/1252 | loss 0.5386 | acc 0.9281 | lr 1.05e-06 | 43s
2026-09-17 17:32:21 | INFO    | epoch 40 | batch 620/1252 | loss 0.5384 | acc 0.9284 | lr 1.04e-06 | 44s
2026-09-17 17:32:22 | INFO    | epoch 40 | batch 640/1252 | loss 0.5383 | acc 0.9285 | lr 1.04e-06 | 45s
2026-09-17 17:32:24 | INFO    | epoch 40 | batch 660/1252 | loss 0.5379 | acc 0.9288 | lr 1.04e-06 | 47s
2026-09-17 17:32:25 | INFO    | epoch 40 | batch 680/1252 | loss 0.5381 | acc 0.9287 | lr 1.04e-06 | 48s
2026-09-17 17:32:26 | INFO    | epoch 40 | batch 700/1252 | loss 0.5381 | acc 0.9286 | lr 1.03e-06 | 49s
2026-09-17 17:32:28 | INFO    | epoch 40 | batch 720/1252 | loss 0.5382 | acc 0.9283 | lr 1.03e-06 | 51s
2026-09-17 17:32:29 | INFO    | epoch 40 | batch 740/1252 | loss 0.5381 | acc 0.9283 | lr 1.03e-06 | 52s
2026-09-17 17:32:31 | INFO    | epoch 40 | batch 760/1252 | loss 0.5386 | acc 0.9280 | lr 1.03e-06 | 53s
2026-09-17 17:32:32 | INFO    | epoch 40 | batch 780/1252 | loss 0.5383 | acc 0.9281 | lr 1.02e-06 | 55s
2026-09-17 17:32:33 | INFO    | epoch 40 | batch 800/1252 | loss 0.5380 | acc 0.9281 | lr 1.02e-06 | 56s
2026-09-17 17:32:35 | INFO    | epoch 40 | batch 820/1252 | loss 0.5373 | acc 0.9286 | lr 1.02e-06 | 58s
2026-09-17 17:32:36 | INFO    | epoch 40 | batch 840/1252 | loss 0.5379 | acc 0.9282 | lr 1.02e-06 | 59s
2026-09-17 17:32:38 | INFO    | epoch 40 | batch 860/1252 | loss 0.5383 | acc 0.9281 | lr 1.02e-06 | 61s
2026-09-17 17:32:39 | INFO    | epoch 40 | batch 880/1252 | loss 0.5381 | acc 0.9284 | lr 1.01e-06 | 62s
2026-09-17 17:32:41 | INFO    | epoch 40 | batch 900/1252 | loss 0.5380 | acc 0.9286 | lr 1.01e-06 | 63s
2026-09-17 17:32:42 | INFO    | epoch 40 | batch 920/1252 | loss 0.5376 | acc 0.9287 | lr 1.01e-06 | 65s
2026-09-17 17:32:43 | INFO    | epoch 40 | batch 940/1252 | loss 0.5374 | acc 0.9286 | lr 1.01e-06 | 66s
2026-09-17 17:32:45 | INFO    | epoch 40 | batch 960/1252 | loss 0.5379 | acc 0.9284 | lr 1.01e-06 | 68s
2026-09-17 17:32:46 | INFO    | epoch 40 | batch 980/1252 | loss 0.5374 | acc 0.9286 | lr 1.01e-06 | 69s
2026-09-17 17:32:48 | INFO    | epoch 40 | batch 1000/1252 | loss 0.5370 | acc 0.9291 | lr 1.01e-06 | 71s
2026-09-17 17:32:49 | INFO    | epoch 40 | batch 1020/1252 | loss 0.5367 | acc 0.9293 | lr 1.01e-06 | 72s
2026-09-17 17:32:51 | INFO    | epoch 40 | batch 1040/1252 | loss 0.5374 | acc 0.9289 | lr 1.00e-06 | 73s
2026-09-17 17:32:52 | INFO    | epoch 40 | batch 1060/1252 | loss 0.5375 | acc 0.9289 | lr 1.00e-06 | 75s
2026-09-17 17:32:53 | INFO    | epoch 40 | batch 1080/1252 | loss 0.5371 | acc 0.9291 | lr 1.00e-06 | 76s
2026-09-17 17:32:55 | INFO    | epoch 40 | batch 1100/1252 | loss 0.5378 | acc 0.9287 | lr 1.00e-06 | 78s
2026-09-17 17:32:56 | INFO    | epoch 40 | batch 1120/1252 | loss 0.5383 | acc 0.9285 | lr 1.00e-06 | 79s
2026-09-17 17:32:57 | INFO    | epoch 40 | batch 1140/1252 | loss 0.5383 | acc 0.9284 | lr 1.00e-06 | 80s
2026-09-17 17:32:59 | INFO    | epoch 40 | batch 1160/1252 | loss 0.5386 | acc 0.9282 | lr 1.00e-06 | 82s
2026-09-17 17:33:00 | INFO    | epoch 40 | batch 1180/1252 | loss 0.5383 | acc 0.9283 | lr 1.00e-06 | 83s
2026-09-17 17:33:02 | INFO    | epoch 40 | batch 1200/1252 | loss 0.5387 | acc 0.9280 | lr 1.00e-06 | 84s
2026-09-17 17:33:03 | INFO    | epoch 40 | batch 1220/1252 | loss 0.5390 | acc 0.9277 | lr 1.00e-06 | 86s
2026-09-17 17:33:04 | INFO    | epoch 40 | batch 1240/1252 | loss 0.5389 | acc 0.9277 | lr 1.00e-06 | 87s
2026-09-17 17:33:05 | INFO    | epoch 40 | batch 1252/1252 | loss 0.5390 | acc 0.9277 | lr 1.00e-06 | 88s
2026-09-17 17:33:15 | INFO    | epoch 40/40 done in 98s | train loss 0.5390 | train running patch (aug): accuracy=0.9277 precision=0.9275 recall=0.9252 f1=0.9263
2026-09-17 17:33:15 | INFO    | epoch 40 train (eval, no aug) | loss 0.6001 | patch[7280]: accuracy=0.8915 precision=0.8903 recall=0.8888 f1=0.8891 | image[455]: accuracy=0.9714 precision=0.9749 recall=0.9697 f1=0.9719
2026-09-17 17:33:15 | INFO    | epoch 40 val | loss 1.1352 | patch[8448]: accuracy=0.6494 precision=0.6305 recall=0.6240 f1=0.6241 | image[96]: accuracy=0.7292 precision=0.7153 recall=0.7028 f1=0.7017
2026-09-17 17:33:15 | INFO    | val_patch_f1 = 0.6241 (best 0.6326 @ epoch 33)
2026-09-17 17:33:15 | INFO    | Training finished: best val_patch_f1=0.6326 at epoch 33
2026-09-17 17:33:15 | INFO    | Loaded model_best.pt (epoch 33) for final evaluation
2026-09-17 17:33:20 | INFO    | FINAL train | loss 0.6106 | patch[7280]: accuracy=0.8843 precision=0.8843 recall=0.8817 f1=0.8824 | image[455]: accuracy=0.9670 precision=0.9709 recall=0.9682 f1=0.9691
2026-09-17 17:33:20 | INFO    | FINAL train patch-level per class:
     class    prec     rec      f1      n
         G  0.8817  0.9047  0.8931   1648
        GP  0.8602  0.9180  0.8882   1696
         M  0.9041  0.8977  0.9009   1408
         T  0.9121  0.8321  0.8703   1584
     clear  0.8632  0.8559  0.8596    944
rows = true, cols = predicted
           G    GP     M     T clear
     G  1491    10    79     8    60
    GP     8  1557    20    85    26
     M    77    24  1264    30    13
     T    19   201    17  1318    29
 clear    96    18    18     4   808
2026-09-17 17:33:20 | INFO    | FINAL train image-level per class:
     class    prec     rec      f1      n
         G  0.9804  0.9709  0.9756    103
        GP  0.9292  0.9906  0.9589    106
         M  0.9663  0.9773  0.9718     88
         T  0.9785  0.9192  0.9479     99
     clear  1.0000  0.9831  0.9915     59
rows = true, cols = predicted
           G    GP     M     T clear
     G   100     0     3     0     0
    GP     0   105     0     1     0
     M     1     0    86     1     0
     T     0     8     0    91     0
 clear     1     0     0     0    58
2026-09-17 17:33:25 | INFO    | FINAL val | loss 1.1151 | patch[8448]: accuracy=0.6567 precision=0.6388 recall=0.6325 f1=0.6326 | image[96]: accuracy=0.7292 precision=0.7128 recall=0.7094 f1=0.7083
2026-09-17 17:33:25 | INFO    | FINAL val patch-level per class:
     class    prec     rec      f1      n
         G  0.6283  0.6601  0.6438   1936
        GP  0.6852  0.8208  0.7469   1936
         M  0.7204  0.6812  0.7003   1672
         T  0.7619  0.6131  0.6795   1848
     clear  0.3982  0.3873  0.3927   1056
rows = true, cols = predicted
           G    GP     M     T clear
     G  1278    40   236    56   326
    GP    12  1589    24   148   163
     M   265    64  1139   100   104
     T   107   492    91  1133    25
 clear   372   134    91    50   409
2026-09-17 17:33:25 | INFO    | FINAL val image-level per class:
     class    prec     rec      f1      n
         G  0.6818  0.6818  0.6818     22
        GP  0.7692  0.9091  0.8333     22
         M  0.7895  0.7895  0.7895     19
         T  0.8235  0.6667  0.7368     21
     clear  0.5000  0.5000  0.5000     12
rows = true, cols = predicted
           G    GP     M     T clear
     G    15     0     2     0     5
    GP     0    20     0     1     1
     M     2     1    15     1     0
     T     1     4     2    14     0
 clear     4     1     0     1     6
2026-09-17 17:33:33 | INFO    | FINAL test | loss 1.0919 | patch[9064]: accuracy=0.6603 precision=0.6571 recall=0.6511 f1=0.6503 | image[103]: accuracy=0.7864 precision=0.7992 recall=0.7692 f1=0.7747
2026-09-17 17:33:33 | INFO    | FINAL test patch-level per class:
     class    prec     rec      f1      n
         G  0.6238  0.7742  0.6909   2024
        GP  0.7575  0.6241  0.6843   2112
         M  0.7220  0.6347  0.6755   1760
         T  0.6940  0.6772  0.6855   1936
     clear  0.4884  0.5455  0.5153   1232
rows = true, cols = predicted
           G    GP     M     T clear
     G  1567     3   161    98   195
    GP    75  1318    31   359   329
     M   398    39  1117   113    93
     T    52   377   109  1311    87
 clear   420     3   129     8   672
2026-09-17 17:33:33 | INFO    | FINAL test image-level per class:
     class    prec     rec      f1      n
         G  0.6471  0.9565  0.7719     23
        GP  0.9000  0.7500  0.8182     24
         M  0.8824  0.7500  0.8108     20
         T  0.9000  0.8182  0.8571     22
     clear  0.6667  0.5714  0.6154     14
rows = true, cols = predicted
           G    GP     M     T clear
     G    22     0     1     0     0
    GP     1    18     0     2     3
     M     5     0    15     0     0
     T     0     2     1    18     1
 clear     6     0     0     0     8
2026-09-17 17:33:33 | INFO    | Total time: 4055s | results in logs/abl_no_blur_20260917_162558
